#File written by RizomUV 2022.1.57.gfabcfb8. Compilation :Sep 28 2022,23:52:22
mtllib Boton de parado.mtl
#begin vertices
v 0.069649 1.823255 -0.07582
v 0.068652 1.82125 -0.085835
v 0.081844 1.817191 -0.074541
v 0.057454 1.82932 -0.074541
v 0.055406 1.827838 -0.084378
v 0.045728 1.835152 -0.070753
v 0.042671 1.834172 -0.080063
v 0.034922 1.840526 -0.064602
v 0.030933 1.840009 -0.073056
v 0.026288 1.844638 -0.058389
v 0.020645 1.845126 -0.063626
v 0.020882 1.847508 -0.048909
v 0.012201 1.849325 -0.052136
v 0.015462 1.850204 -0.036867
v 0.005928 1.852445 -0.039027
v 0.012124 1.851863 -0.02372
v 0.002064 1.854366 -0.024802
v 0.010997 1.852424 -0.01001
v 0.00076 1.855016 -0.01001
v 0.012124 1.851863 0.003701
v 0.002064 1.854366 0.004783
v 0.015462 1.850204 0.016848
v 0.005928 1.852445 0.019007
v 0.020882 1.847508 0.02889
v 0.012201 1.849325 0.032116
v 0.026288 1.844638 0.03837
v 0.020645 1.845126 0.043607
v 0.034922 1.840526 0.044582
v 0.030933 1.840009 0.053036
v 0.045728 1.835152 0.050734
v 0.042671 1.834172 0.060043
v 0.057454 1.82932 0.054522
v 0.055406 1.827838 0.064358
v 0.069649 1.823255 0.055801
v 0.068652 1.82125 0.065815
v 0.081844 1.817191 0.054522
v 0.081897 1.814664 0.064358
v 0.09357 1.811359 0.050734
v 0.094634 1.80833 0.060043
v 0.104376 1.805984 0.044582
v 0.106371 1.802492 0.053036
v 0.112865 1.801581 0.03837
v 0.116659 1.797375 0.043607
v 0.118416 1.799002 0.02889
v 0.125102 1.793176 0.032116
v 0.123836 1.796307 0.016848
v 0.131376 1.790056 0.019007
v 0.127174 1.794646 0.003701
v 0.13524 1.788135 0.004783
v 0.128301 1.794086 -0.01001
v 0.136545 1.787486 -0.01001
v 0.127174 1.794646 -0.02372
v 0.13524 1.788135 -0.024802
v 0.123836 1.796307 -0.036867
v 0.131376 1.790056 -0.039027
v 0.118416 1.799002 -0.048909
v 0.125102 1.793176 -0.052136
v 0.112865 1.801581 -0.058389
v 0.116659 1.797375 -0.063626
v 0.104376 1.805984 -0.064602
v 0.106371 1.802492 -0.073056
v 0.093569 1.811358 -0.070753
v 0.094634 1.80833 -0.080063
v 0.094996 1.802068 -0.087579
v 0.081897 1.814664 -0.084378
v 0.080893 1.809082 -0.092357
v 0.078215 1.801314 -0.097688
v 0.066227 1.816376 -0.09397
v 0.062599 1.80908 -0.099406
v 0.051561 1.823669 -0.092357
v 0.046983 1.816846 -0.097688
v 0.037459 1.830683 -0.087579
v 0.031969 1.824314 -0.092601
v 0.024461 1.837147 -0.07982
v 0.01813 1.831196 -0.08434
v 0.01307 1.842813 -0.069378
v 0.006001 1.837228 -0.073222
v 0.003721 1.847462 -0.056656
v -0.003954 1.842179 -0.059675
v -0.003226 1.850917 -0.04214
v -0.011351 1.845858 -0.04422
v -0.007504 1.853044 -0.026389
v -0.015906 1.848123 -0.02745
v -0.008949 1.853763 -0.01001
v -0.017445 1.848888 -0.01001
v -0.007504 1.853044 0.00637
v -0.015906 1.848123 0.007431
v -0.003226 1.850917 0.02212
v -0.011351 1.845858 0.024201
v 0.003721 1.847462 0.036636
v -0.003954 1.842179 0.039656
v 0.01307 1.842813 0.049359
v 0.006001 1.837228 0.053203
v 0.024461 1.837147 0.059801
v 0.01813 1.831196 0.06432
v 0.037459 1.830683 0.067559
v 0.031969 1.824314 0.072581
v 0.051561 1.823669 0.072337
v 0.046983 1.816846 0.077668
v 0.066227 1.816376 0.07395
v 0.062599 1.80908 0.079386
v 0.080893 1.809082 0.072337
v 0.078215 1.801314 0.077668
v 0.094996 1.802068 0.067559
v 0.09323 1.793847 0.072581
v 0.107993 1.795605 0.059801
v 0.107069 1.786964 0.06432
v 0.119385 1.78994 0.049359
v 0.119199 1.780931 0.053203
v 0.128735 1.785289 0.036636
v 0.129153 1.775982 0.039656
v 0.135681 1.781835 0.02212
v 0.13655 1.772302 0.024201
v 0.13996 1.779707 0.00637
v 0.141105 1.770037 0.007431
v 0.141404 1.778988 -0.01001
v 0.142643 1.769272 -0.01001
v 0.13996 1.779707 -0.026389
v 0.141105 1.770037 -0.02745
v 0.135681 1.781835 -0.04214
v 0.13655 1.772302 -0.04422
v 0.128735 1.785289 -0.056656
v 0.129153 1.775982 -0.059675
v 0.119385 1.78994 -0.069378
v 0.119199 1.780931 -0.073222
v 0.107993 1.795605 -0.07982
v 0.107069 1.786964 -0.08434
v 0.09323 1.793847 -0.092601
v 0.060239 1.725306 -0.094967
v 0.074474 1.718227 -0.08647
v 0.044793 1.732988 -0.1002
v 0.02873 1.740977 -0.101967
v 0.012667 1.748966 -0.1002
v -0.00278 1.756647 -0.094967
v -0.017014 1.763727 -0.08647
v -0.029491 1.769932 -0.075033
v -0.039731 1.775024 -0.061099
v -0.04734 1.778809 -0.0452
v -0.052025 1.781139 -0.02795
v -0.053608 1.781926 -0.01001
v -0.052025 1.781139 0.00793
v -0.04734 1.778809 0.025181
v -0.039731 1.775024 0.041079
v -0.029491 1.769932 0.055014
v -0.017014 1.763727 0.06645
v -0.00278 1.756647 0.074948
v 0.012667 1.748966 0.080181
v 0.02873 1.740978 0.081948
v 0.044793 1.732988 0.080181
v 0.060239 1.725306 0.074948
v 0.074474 1.718227 0.06645
v 0.086951 1.712022 0.055014
v 0.09719 1.70693 0.041079
v 0.104799 1.703146 0.025181
v 0.109485 1.700816 0.00793
v 0.111067 1.700029 -0.01001
v 0.109485 1.700816 -0.02795
v 0.104799 1.703146 -0.0452
v 0.09719 1.70693 -0.061099
v 0.086951 1.712022 -0.075033
v 0.108286 1.804404 -0.053656
v 0.096308 1.810362 -0.058941
v 0.083311 1.816825 -0.062195
v 0.069795 1.823548 -0.063294
v 0.056278 1.83027 -0.062195
v 0.043281 1.836733 -0.058941
v 0.031303 1.84269 -0.053656
v 0.112564 1.802278 -0.040435
v 0.099255 1.808897 -0.044354
v 0.084813 1.816079 -0.046767
v 0.069795 1.823548 -0.047582
v 0.054776 1.831017 -0.046767
v 0.040334 1.838199 -0.044354
v 0.027025 1.844818 -0.040435
v 0.115198 1.800967 -0.025629
v 0.101069 1.807994 -0.02771
v 0.085738 1.815619 -0.028991
v 0.069795 1.823548 -0.029424
v 0.053851 1.831477 -0.028991
v 0.038519 1.839101 -0.02771
v 0.02439 1.846128 -0.025629
v 0.116088 1.800525 -0.01001
v 0.101682 1.807689 -0.01001
v 0.08605 1.815463 -0.01001
v 0.069795 1.823548 -0.01001
v 0.053538 1.831632 -0.01001
v 0.037907 1.839407 -0.01001
v 0.023501 1.846571 -0.01001
v 0.115198 1.800967 0.005609
v 0.101069 1.807994 0.00769
v 0.085738 1.815619 0.008972
v 0.069795 1.823548 0.009405
v 0.053851 1.831477 0.008972
v 0.038519 1.839101 0.00769
v 0.02439 1.846128 0.005609
v 0.112564 1.802278 0.020415
v 0.099255 1.808897 0.024334
v 0.084813 1.816079 0.026747
v 0.069795 1.823548 0.027562
v 0.054776 1.831017 0.026747
v 0.040334 1.838199 0.024334
v 0.027025 1.844818 0.020415
v 0.108286 1.804404 0.033636
v 0.096308 1.810362 0.038921
v 0.083311 1.816825 0.042175
v 0.069795 1.823548 0.043274
v 0.056278 1.83027 0.042175
v 0.043281 1.836733 0.038921
v 0.031303 1.84269 0.033636
v 0.061997 1.82456 -0.085469
v 0.056805 1.828783 -0.079711
v 0.063522 1.826302 -0.0755
v 0.069306 1.822566 -0.081078
v 0.075307 1.817941 -0.085469
v 0.075776 1.820208 -0.0755
v 0.081808 1.816348 -0.079711
v 0.048944 1.831051 -0.082569
v 0.044783 1.834762 -0.075661
v 0.051503 1.832279 -0.072954
v 0.036648 1.837168 -0.076881
v 0.033705 1.840271 -0.069085
v 0.040183 1.837909 -0.06796
v 0.025582 1.842671 -0.068623
v 0.024104 1.845022 -0.060488
v 0.030044 1.84292 -0.060958
v 0.01617 1.847351 -0.058112
v 0.016425 1.848864 -0.049785
v 0.024082 1.845886 -0.054296
v 0.008776 1.851028 -0.045753
v 0.010548 1.851787 -0.037416
v 0.017923 1.848979 -0.043058
v 0.003683 1.853562 -0.03202
v 0.006929 1.853587 -0.023983
v 0.013523 1.851168 -0.030399
v 0.001087 1.854852 -0.017442
v 0.005707 1.854195 -0.01001
v 0.01128 1.852283 -0.016901
v 0.001087 1.854852 -0.002578
v 0.006929 1.853587 0.003964
v 0.01128 1.852283 -0.003119
v 0.003683 1.853562 0.012001
v 0.010548 1.851787 0.017396
v 0.013523 1.851168 0.010379
v 0.008776 1.851028 0.025734
v 0.016425 1.848864 0.029766
v 0.017923 1.848979 0.023039
v 0.01617 1.847351 0.038093
v 0.024104 1.845022 0.040468
v 0.024082 1.845886 0.034277
v 0.025582 1.842671 0.048604
v 0.033705 1.840271 0.049065
v 0.030044 1.84292 0.040938
v 0.036648 1.837168 0.056862
v 0.044783 1.834762 0.055642
v 0.040183 1.837909 0.04794
v 0.048944 1.831051 0.06255
v 0.056805 1.828783 0.059691
v 0.051503 1.832279 0.052934
v 0.061997 1.82456 0.06545
v 0.069306 1.822566 0.061059
v 0.063522 1.826302 0.05548
v 0.075307 1.817941 0.06545
v 0.081808 1.816348 0.059691
v 0.075776 1.820208 0.05548
v 0.08836 1.811449 0.06255
v 0.093828 1.81037 0.055642
v 0.087794 1.814231 0.052934
v 0.100656 1.805334 0.056862
v 0.104907 1.80486 0.049065
v 0.099115 1.808601 0.04794
v 0.111723 1.799831 0.048604
v 0.114489 1.800072 0.040468
v 0.109229 1.80354 0.040938
v 0.121133 1.79515 0.038093
v 0.122187 1.796266 0.029766
v 0.115192 1.800574 0.034277
v 0.128527 1.791473 0.025734
v 0.128064 1.793343 0.017396
v 0.121375 1.79753 0.023039
v 0.133621 1.78894 0.012001
v 0.131683 1.791543 0.003964
v 0.125775 1.795342 0.010379
v 0.136217 1.787648 -0.002578
v 0.132905 1.790936 -0.01001
v 0.128018 1.794227 -0.003119
v 0.136217 1.787648 -0.017442
v 0.131683 1.791543 -0.023983
v 0.128018 1.794227 -0.016901
v 0.133621 1.78894 -0.03202
v 0.128064 1.793343 -0.037416
v 0.125775 1.795342 -0.030399
v 0.128527 1.791473 -0.045753
v 0.122187 1.796266 -0.049785
v 0.121375 1.79753 -0.043058
v 0.121133 1.79515 -0.058112
v 0.114489 1.800072 -0.060488
v 0.115192 1.800574 -0.054296
v 0.111723 1.799831 -0.068623
v 0.104907 1.80486 -0.069085
v 0.109229 1.80354 -0.060958
v 0.100656 1.805334 -0.076881
v 0.093828 1.81037 -0.075661
v 0.099115 1.808601 -0.06796
v 0.08836 1.811449 -0.082569
v 0.087794 1.814231 -0.072954
v 0.101666 1.798752 -0.084056
v 0.095085 1.805511 -0.084067
v 0.107493 1.79934 -0.07666
v 0.08805 1.805523 -0.090354
v 0.081621 1.812208 -0.088629
v 0.073597 1.812711 -0.093565
v 0.067618 1.819171 -0.090169
v 0.085834 1.797525 -0.095556
v 0.079743 1.805402 -0.095414
v 0.094369 1.798128 -0.090459
v 0.070445 1.805178 -0.098975
v 0.064532 1.812967 -0.097087
v 0.054754 1.812982 -0.098975
v 0.049322 1.820532 -0.095414
v 0.058859 1.82004 -0.093565
v 0.053616 1.826135 -0.088629
v 0.039364 1.820635 -0.095556
v 0.034696 1.827806 -0.090459
v 0.044405 1.827229 -0.090354
v 0.040152 1.832831 -0.084067
v 0.024867 1.827846 -0.088849
v 0.021216 1.83451 -0.082412
v 0.03079 1.834 -0.084056
v 0.027742 1.839003 -0.07666
v 0.01182 1.834334 -0.079113
v 0.009401 1.840386 -0.071583
v 0.018537 1.840094 -0.074911
v 0.016867 1.844411 -0.066691
v 0.000726 1.839852 -0.066722
v -0.000295 1.845207 -0.058387
v 0.008116 1.845276 -0.063273
v 0.007941 1.848851 -0.054544
v -0.007993 1.844187 -0.05215
v -0.007501 1.848791 -0.043333
v -7.2e-05 1.849348 -0.049588
v 0.001308 1.852149 -0.040685
v -0.013997 1.847174 -0.03596
v -0.011937 1.850997 -0.026998
v -0.005711 1.852153 -0.034382
v -0.002776 1.85418 -0.025648
v -0.017058 1.848696 -0.018772
v -0.013435 1.851743 -0.01001
v -0.008586 1.853583 -0.018239
v -0.004156 1.854866 -0.01001
v -0.017058 1.848696 -0.001247
v -0.011937 1.850997 0.006978
v -0.008586 1.853583 -0.00178
v -0.002776 1.85418 0.005629
v -0.013997 1.847174 0.01594
v -0.007501 1.848791 0.023313
v -0.005711 1.852153 0.014362
v 0.001308 1.852149 0.020666
v -0.007993 1.844187 0.032131
v -0.000295 1.845207 0.038368
v -7.2e-05 1.849348 0.029569
v 0.007941 1.848851 0.034524
v 0.000726 1.839852 0.046702
v 0.009401 1.840386 0.051563
v 0.008116 1.845276 0.043254
v 0.016867 1.844411 0.046672
v 0.01182 1.834334 0.059094
v 0.021216 1.83451 0.062392
v 0.018537 1.840094 0.054892
v 0.027742 1.839003 0.05664
v 0.024867 1.827846 0.06883
v 0.034696 1.827806 0.070439
v 0.03079 1.834 0.064036
v 0.040152 1.832831 0.064048
v 0.039364 1.820635 0.075536
v 0.049322 1.820532 0.075394
v 0.044405 1.827229 0.070335
v 0.053616 1.826135 0.068609
v 0.054754 1.812982 0.078955
v 0.064532 1.812967 0.077067
v 0.058859 1.82004 0.073546
v 0.067618 1.819171 0.07015
v 0.070445 1.805178 0.078955
v 0.079743 1.805402 0.075394
v 0.073597 1.812711 0.073546
v 0.081621 1.812208 0.068609
v 0.085834 1.797525 0.075536
v 0.094369 1.798128 0.070439
v 0.08805 1.805523 0.070335
v 0.095085 1.805511 0.064048
v 0.100332 1.790315 0.06883
v 0.107849 1.791424 0.062392
v 0.101666 1.798752 0.064036
v 0.107493 1.79934 0.05664
v 0.113378 1.783826 0.059094
v 0.119664 1.785549 0.051563
v 0.113919 1.792658 0.054892
v 0.118369 1.793931 0.046672
v 0.124473 1.778309 0.046702
v 0.12936 1.780727 0.038368
v 0.124339 1.787475 0.043254
v 0.127295 1.789492 0.034524
v 0.133191 1.773973 0.032131
v 0.136565 1.777143 0.023313
v 0.132527 1.783403 0.029569
v 0.133928 1.786194 0.020666
v 0.139196 1.770987 0.01594
v 0.141002 1.774937 0.006978
v 0.138167 1.780598 0.014362
v 0.138012 1.784162 0.005629
v 0.142257 1.769464 -0.001247
v 0.142499 1.774192 -0.01001
v 0.141042 1.779169 -0.00178
v 0.139391 1.783477 -0.01001
v 0.142257 1.769464 -0.018772
v 0.141002 1.774937 -0.026998
v 0.141042 1.779169 -0.018239
v 0.138012 1.784162 -0.025648
v 0.139196 1.770987 -0.03596
v 0.136565 1.777143 -0.043333
v 0.138167 1.780598 -0.034382
v 0.133928 1.786194 -0.040685
v 0.133191 1.773973 -0.05215
v 0.12936 1.780727 -0.058387
v 0.132527 1.783403 -0.049588
v 0.127295 1.789492 -0.054544
v 0.124473 1.778309 -0.066722
v 0.119664 1.785549 -0.071583
v 0.124339 1.787475 -0.063273
v 0.118369 1.793931 -0.066691
v 0.113378 1.783826 -0.079113
v 0.107849 1.791424 -0.082412
v 0.113919 1.792658 -0.074911
v 0.100332 1.790315 -0.088849
v 0.105176 1.781327 -0.085559
v 0.117504 1.775195 -0.074259
v 0.091109 1.788322 -0.093955
v 0.075848 1.795913 -0.099126
v 0.052631 1.72909 -0.098007
v 0.067543 1.721674 -0.091109
v 0.036801 1.736963 -0.101524
v 0.020659 1.744991 -0.101524
v 0.004829 1.752864 -0.098007
v -0.010084 1.760279 -0.091109
v -0.023504 1.766954 -0.081093
v -0.034917 1.772631 -0.068347
v -0.043884 1.777091 -0.053358
v -0.050061 1.780162 -0.036703
v -0.05321 1.781729 -0.019023
v -0.05321 1.781729 -0.000996
v -0.050061 1.780162 0.016684
v -0.043884 1.777091 0.033339
v -0.034917 1.772631 0.048327
v -0.023504 1.766954 0.061074
v -0.010084 1.760279 0.071089
v 0.004829 1.752864 0.077988
v 0.020659 1.744991 0.081504
v 0.036801 1.736963 0.081504
v 0.052631 1.72909 0.077988
v 0.067543 1.721674 0.071089
v 0.080964 1.715 0.061074
v 0.092377 1.709324 0.048327
v 0.101344 1.704864 0.033339
v 0.107521 1.701792 0.016684
v 0.11067 1.700226 -0.000996
v 0.11067 1.700226 -0.019023
v 0.107521 1.701792 -0.036703
v 0.101344 1.704864 -0.053358
v 0.092377 1.709324 -0.068347
v 0.080964 1.715 -0.081093
v 0.127621 1.770164 -0.06049
v 0.13514 1.766425 -0.044781
v 0.139769 1.764123 -0.027736
v 0.141333 1.763345 -0.01001
v 0.139769 1.764123 0.007717
v 0.13514 1.766425 0.024762
v 0.127621 1.770164 0.04047
v 0.117504 1.775195 0.054239
v 0.105176 1.781327 0.065539
v 0.091109 1.788322 0.073936
v 0.075848 1.795913 0.079106
v 0.059976 1.803805 0.080852
v 0.044104 1.811699 0.079106
v 0.028842 1.819289 0.073936
v 0.014777 1.826284 0.065539
v 0.002449 1.832416 0.054239
v -0.007669 1.837447 0.04047
v -0.015187 1.841186 0.024762
v -0.019816 1.843489 0.007717
v -0.02138 1.844266 -0.01001
v -0.019816 1.843489 -0.027736
v -0.015187 1.841186 -0.044781
v -0.007669 1.837447 -0.06049
v 0.002449 1.832416 -0.074259
v 0.014777 1.826284 -0.085559
v 0.028842 1.819289 -0.093955
v 0.044104 1.811699 -0.099126
v 0.059976 1.803805 -0.100872
v 0.105811 1.805591 -0.059451
v 0.1137 1.801667 -0.050608
v 0.110621 1.803243 -0.047289
v 0.118582 1.799238 -0.038169
v 0.114094 1.801517 -0.033183
v 0.121589 1.797743 -0.024423
v 0.115865 1.800636 -0.01787
v 0.122604 1.797238 -0.01001
v 0.115865 1.800636 -0.002149
v 0.121589 1.797743 0.004404
v 0.114094 1.801517 0.013163
v 0.118582 1.799238 0.018149
v 0.110621 1.803243 0.02727
v 0.1137 1.801667 0.030589
v 0.105811 1.805591 0.039431
v 0.094597 1.811167 -0.065199
v 0.102454 1.807305 -0.056541
v 0.097917 1.809562 -0.051963
v 0.106084 1.8055 -0.042574
v 0.100309 1.808373 -0.036228
v 0.10832 1.804389 -0.026765
v 0.101528 1.807766 -0.018926
v 0.109074 1.804013 -0.01001
v 0.101528 1.807766 -0.001093
v 0.10832 1.804389 0.006745
v 0.100309 1.808373 0.016209
v 0.106084 1.8055 0.022555
v 0.097917 1.809562 0.031943
v 0.102454 1.807305 0.036521
v 0.094597 1.811167 0.04518
v 0.08243 1.817218 -0.068739
v 0.089906 1.813545 -0.060831
v 0.084131 1.816418 -0.054841
v 0.092141 1.812434 -0.045756
v 0.085351 1.815811 -0.038103
v 0.093518 1.811749 -0.028454
v 0.085972 1.815503 -0.019577
v 0.093983 1.811519 -0.01001
v 0.085972 1.815503 -0.000443
v 0.093518 1.811749 0.008435
v 0.085351 1.815811 0.018084
v 0.092141 1.812434 0.025736
v 0.084131 1.816418 0.034822
v 0.089906 1.813545 0.040812
v 0.08243 1.817218 0.04872
v 0.069776 1.823512 -0.069935
v 0.076585 1.82017 -0.063018
v 0.069795 1.823548 -0.055813
v 0.07734 1.819796 -0.047377
v 0.069795 1.823548 -0.038736
v 0.077805 1.819564 -0.029315
v 0.069795 1.823548 -0.019796
v 0.077962 1.819486 -0.01001
v 0.069795 1.823548 -0.000223
v 0.077804 1.819564 0.009296
v 0.069795 1.823548 0.018717
v 0.07734 1.819796 0.027358
v 0.069795 1.823548 0.035793
v 0.076585 1.82017 0.042999
v 0.069776 1.823512 0.049915
v 0.057123 1.829805 -0.068739
v 0.063004 1.826926 -0.063018
v 0.055458 1.830678 -0.054841
v 0.062249 1.8273 -0.047377
v 0.054239 1.831285 -0.038103
v 0.061784 1.827531 -0.029315
v 0.053616 1.831593 -0.019577
v 0.061627 1.82761 -0.01001
v 0.053616 1.831593 -0.000443
v 0.061784 1.827531 0.009296
v 0.054239 1.831285 0.018084
v 0.062249 1.8273 0.027358
v 0.055458 1.830678 0.034822
v 0.063004 1.826926 0.042999
v 0.057123 1.829805 0.04872
v 0.044955 1.835855 -0.065199
v 0.049683 1.833549 -0.060831
v 0.041672 1.837534 -0.051963
v 0.047448 1.834661 -0.045756
v 0.039281 1.838723 -0.036228
v 0.046071 1.835347 -0.028454
v 0.03806 1.83933 -0.018926
v 0.045606 1.835577 -0.01001
v 0.03806 1.83933 -0.001093
v 0.046071 1.835347 0.008435
v 0.039281 1.838723 0.016209
v 0.047448 1.834661 0.025736
v 0.041672 1.837534 0.031943
v 0.049683 1.833549 0.040812
v 0.044955 1.835855 0.04518
v 0.033742 1.841432 -0.059451
v 0.037135 1.83979 -0.056541
v 0.028967 1.843852 -0.047289
v 0.033505 1.841596 -0.042574
v 0.025495 1.845579 -0.033183
v 0.03127 1.842707 -0.026765
v 0.023724 1.84646 -0.01787
v 0.030515 1.843083 -0.01001
v 0.023724 1.84646 -0.002149
v 0.03127 1.842707 0.006745
v 0.025495 1.845579 0.013163
v 0.033505 1.841596 0.022555
v 0.028967 1.843852 0.02727
v 0.037135 1.83979 0.036521
v 0.033742 1.841432 0.039431
v 0.025852 1.845356 -0.050608
v 0.020969 1.847784 -0.038169
v 0.017964 1.849279 -0.024423
v 0.016948 1.849784 -0.01001
v 0.017964 1.849279 0.004404
v 0.020969 1.847784 0.018149
v 0.025852 1.845356 0.030589
v 0.063025 1.82569 -0.080735
v 0.075587 1.819442 -0.080735
v 0.050704 1.831817 -0.078014
v 0.039098 1.837588 -0.072675
v 0.028665 1.842771 -0.064973
v 0.020098 1.847031 -0.055405
v 0.013217 1.850461 -0.043764
v 0.008446 1.852832 -0.0308
v 0.006013 1.854043 -0.017031
v 0.006013 1.854043 -0.002989
v 0.008446 1.852832 0.010781
v 0.013217 1.850461 0.023745
v 0.020098 1.847031 0.035385
v 0.028665 1.842771 0.044953
v 0.039098 1.837588 0.052656
v 0.050704 1.831817 0.057994
v 0.063025 1.82569 0.060716
v 0.075587 1.819442 0.060716
v 0.087907 1.813315 0.057994
v 0.099514 1.807543 0.052656
v 0.109942 1.80235 0.044953
v 0.118508 1.79809 0.035385
v 0.125395 1.794671 0.023745
v 0.130166 1.792298 0.010781
v 0.132598 1.791089 -0.002989
v 0.132598 1.791089 -0.017031
v 0.130166 1.792298 -0.0308
v 0.125395 1.794671 -0.043764
v 0.118508 1.79809 -0.055405
v 0.109942 1.80235 -0.064973
v 0.099514 1.807543 -0.072675
v 0.087907 1.813315 -0.078014
v 0.101451 1.802344 -0.080704
v 0.088452 1.80881 -0.086717
v 0.074653 1.815672 -0.089783
v 0.087165 1.801711 -0.093337
v 0.072174 1.809167 -0.096667
v 0.05689 1.816768 -0.096667
v 0.060583 1.82267 -0.089783
v 0.0419 1.824223 -0.093337
v 0.046783 1.829533 -0.086717
v 0.027779 1.831245 -0.086805
v 0.033784 1.835997 -0.080704
v 0.015071 1.837566 -0.077321
v 0.022085 1.841816 -0.071973
v 0.004263 1.842941 -0.065251
v 0.012137 1.846764 -0.060862
v -0.004229 1.847164 -0.051057
v 0.00432 1.850651 -0.047796
v -0.010078 1.850073 -0.035287
v -0.001065 1.853328 -0.033279
v -0.01306 1.851556 -0.018545
v -0.00381 1.854694 -0.017867
v -0.01306 1.851556 -0.001475
v -0.00381 1.854694 -0.002153
v -0.010078 1.850073 0.015267
v -0.001065 1.853328 0.013259
v -0.004229 1.847164 0.031038
v 0.00432 1.850651 0.027777
v 0.004263 1.842941 0.045231
v 0.012137 1.846764 0.040843
v 0.015071 1.837566 0.057302
v 0.022085 1.841816 0.051954
v 0.027779 1.831245 0.066785
v 0.033784 1.835997 0.060684
v 0.0419 1.824223 0.073318
v 0.046783 1.829533 0.066698
v 0.05689 1.816768 0.076648
v 0.060583 1.82267 0.069763
v 0.072174 1.809167 0.076648
v 0.074653 1.815672 0.069763
v 0.087165 1.801711 0.073318
v 0.088452 1.80881 0.066698
v 0.101286 1.794689 0.066785
v 0.101451 1.802344 0.060684
v 0.113994 1.788368 0.057302
v 0.11315 1.796528 0.051954
v 0.124802 1.782994 0.045231
v 0.123099 1.791579 0.040843
v 0.133294 1.77877 0.031038
v 0.130916 1.787691 0.027777
v 0.139143 1.775862 0.015267
v 0.1363 1.785013 0.013259
v 0.142125 1.774379 -0.001475
v 0.139045 1.783649 -0.002153
v 0.142125 1.774379 -0.018545
v 0.139045 1.783649 -0.017867
v 0.139143 1.775862 -0.035287
v 0.1363 1.785013 -0.033279
v 0.133294 1.77877 -0.051057
v 0.130916 1.787691 -0.047796
v 0.124802 1.782994 -0.065251
v 0.123099 1.791579 -0.060862
v 0.113994 1.788368 -0.077321
v 0.11315 1.796528 -0.071973
v 0.101286 1.794689 -0.086805
v 0.111587 1.778138 -0.080247
v 0.098327 1.784732 -0.090142
v 0.083593 1.79206 -0.096959
v 0.122866 1.772529 -0.067652
v 0.131726 1.768123 -0.052842
v 0.137828 1.765087 -0.036385
v 0.14094 1.76354 -0.018916
v 0.14094 1.76354 -0.001104
v 0.137828 1.765087 0.016366
v 0.131726 1.768123 0.032822
v 0.122866 1.772529 0.047632
v 0.111587 1.778138 0.060227
v 0.098327 1.784732 0.070123
v 0.083593 1.79206 0.076939
v 0.067951 1.79984 0.080414
v 0.052002 1.807772 0.080414
v 0.03636 1.815551 0.076939
v 0.021625 1.822879 0.070123
v 0.008364 1.829473 0.060227
v -0.002913 1.835082 0.047632
v -0.011773 1.839488 0.032822
v -0.017877 1.842524 0.016366
v -0.020988 1.844071 -0.001104
v -0.020988 1.844071 -0.018916
v -0.017877 1.842524 -0.036385
v -0.011773 1.839488 -0.052842
v -0.002913 1.835082 -0.067652
v 0.008364 1.829473 -0.080247
v 0.021625 1.822879 -0.090142
v 0.03636 1.815551 -0.096959
v 0.052002 1.807772 -0.100434
v 0.067951 1.79984 -0.100434
v 0.110869 1.803031 -0.056131
v 0.116366 1.80034 -0.04459
v 0.120329 1.79837 -0.031421
v 0.122349 1.797365 -0.017259
v 0.122349 1.797365 -0.002761
v 0.120329 1.79837 0.011401
v 0.116366 1.80034 0.02457
v 0.110869 1.803031 0.036111
v 0.100351 1.808306 -0.062589
v 0.104436 1.80632 -0.049841
v 0.107382 1.804854 -0.034845
v 0.108885 1.804108 -0.018447
v 0.108885 1.804108 -0.001573
v 0.107382 1.804854 0.014826
v 0.104436 1.80632 0.029821
v 0.100351 1.808306 0.04257
v 0.088604 1.814148 -0.067256
v 0.091127 1.812939 -0.053635
v 0.092941 1.812036 -0.037317
v 0.093866 1.811577 -0.019304
v 0.093866 1.811577 -0.000715
v 0.092941 1.812036 0.017298
v 0.091127 1.812939 0.033615
v 0.088604 1.814148 0.047236
v 0.076134 1.820349 -0.069635
v 0.076998 1.819965 -0.055569
v 0.07761 1.819661 -0.038578
v 0.077923 1.819506 -0.019741
v 0.077923 1.819506 -0.000278
v 0.07761 1.819661 0.018558
v 0.076998 1.819965 0.03555
v 0.076134 1.820349 0.049616
v 0.063419 1.826673 -0.069635
v 0.062592 1.827131 -0.055569
v 0.061979 1.827435 -0.038578
v 0.061666 1.82759 -0.019741
v 0.061666 1.82759 -0.000278
v 0.061979 1.827435 0.018558
v 0.062592 1.827131 0.03555
v 0.063419 1.826673 0.049616
v 0.050948 1.832874 -0.067256
v 0.048463 1.834157 -0.053635
v 0.046648 1.835059 -0.037317
v 0.045723 1.835519 -0.019304
v 0.045723 1.835519 -0.000715
v 0.046648 1.835059 0.017298
v 0.048463 1.834157 0.033615
v 0.050948 1.832874 0.047236
v 0.039201 1.838717 -0.062589
v 0.035153 1.840776 -0.049841
v 0.032206 1.842242 -0.034845
v 0.030704 1.842988 -0.018447
v 0.030704 1.842988 -0.001573
v 0.032206 1.842242 0.014826
v 0.035153 1.840776 0.029821
v 0.039201 1.838717 0.04257
v 0.028648 1.843921 -0.056131
v 0.023186 1.846682 -0.04459
v 0.019224 1.848652 -0.031421
v 0.017203 1.849657 -0.017259
v 0.017203 1.849657 -0.002761
v 0.019224 1.848652 0.011401
v 0.023186 1.846682 0.02457
v 0.028648 1.843921 0.036111
v -0.01263 1.657813 -0.117176
v 0.037323 1.758255 -0.116968
v -0.022035 1.66249 -0.116659
v -0.003225 1.653134 -0.116659
v 0.04671 1.753587 -0.116453
v 0.006089 1.648502 -0.115116
v 0.056007 1.748964 -0.114913
v 0.015224 1.64396 -0.112561
v 0.065123 1.74443 -0.112362
v 0.02409 1.63955 -0.109018
v 0.073972 1.740029 -0.108827
v 0.032602 1.635317 -0.104521
v 0.082468 1.735804 -0.104338
v 0.040679 1.6313 -0.099115
v 0.090529 1.731795 -0.098943
v 0.048242 1.627539 -0.09285
v 0.098078 1.728041 -0.09269
v 0.05522 1.624068 -0.085787
v 0.105042 1.724578 -0.085641
v 0.061544 1.620924 -0.077995
v 0.111353 1.721439 -0.077863
v 0.067153 1.618134 -0.069548
v 0.116951 1.718654 -0.069433
v 0.071993 1.615727 -0.060527
v 0.121783 1.716251 -0.060429
v 0.07602 1.613724 -0.05102
v 0.125801 1.714252 -0.050941
v 0.079192 1.612146 -0.041118
v 0.128967 1.712678 -0.041058
v 0.08148 1.611008 -0.030917
v 0.131252 1.711542 -0.030876
v 0.082861 1.610322 -0.020514
v 0.132631 1.710857 -0.020493
v 0.083324 1.610092 -0.01001
v 0.133091 1.710627 -0.01001
v 0.082861 1.610322 0.000494
v 0.132631 1.710857 0.000474
v 0.08148 1.611008 0.010897
v 0.131252 1.711542 0.010857
v 0.079192 1.612146 0.021099
v 0.128967 1.712678 0.021039
v 0.07602 1.613724 0.031001
v 0.125801 1.714252 0.030922
v 0.071993 1.615727 0.040508
v 0.121783 1.716252 0.04041
v 0.067153 1.618134 0.049528
v 0.116951 1.718654 0.049413
v 0.061544 1.620924 0.057975
v 0.111353 1.721439 0.057844
v 0.05522 1.624068 0.065768
v 0.105042 1.724578 0.065621
v 0.048242 1.627539 0.07283
v 0.098078 1.728041 0.07267
v 0.040679 1.6313 0.079095
v 0.090529 1.731795 0.078923
v 0.032602 1.635317 0.084502
v 0.082468 1.735804 0.084319
v 0.02409 1.63955 0.088999
v 0.073972 1.740029 0.088807
v 0.015224 1.64396 0.092541
v 0.065123 1.74443 0.092343
v 0.006089 1.648502 0.095097
v 0.056007 1.748964 0.094894
v -0.003225 1.653134 0.09664
v 0.04671 1.753587 0.096434
v -0.01263 1.657813 0.097156
v 0.037323 1.758255 0.096949
v -0.022035 1.66249 0.09664
v 0.027936 1.762924 0.096434
v -0.03135 1.667122 0.095097
v 0.01864 1.767547 0.094894
v -0.040484 1.671664 0.092541
v 0.009523 1.772081 0.092343
v -0.04935 1.676075 0.088999
v 0.000674 1.776482 0.088807
v -0.057863 1.680307 0.084502
v -0.007822 1.780708 0.084319
v -0.06594 1.684325 0.079095
v -0.015883 1.784717 0.078923
v -0.073503 1.688086 0.07283
v -0.023432 1.788471 0.07267
v -0.08048 1.691556 0.065768
v -0.030396 1.791934 0.065621
v -0.086804 1.6947 0.057975
v -0.036707 1.795072 0.057844
v -0.092413 1.69749 0.049528
v -0.042306 1.797858 0.049413
v -0.097254 1.699898 0.040508
v -0.047137 1.80026 0.04041
v -0.10128 1.701901 0.031001
v -0.051156 1.802258 0.030922
v -0.104453 1.703478 0.021099
v -0.054322 1.803832 0.021039
v -0.106741 1.704616 0.010897
v -0.056606 1.804969 0.010857
v -0.108122 1.705303 0.000494
v -0.057984 1.805654 0.000474
v -0.108585 1.705533 -0.01001
v -0.058447 1.805884 -0.01001
v -0.108122 1.705303 -0.020514
v -0.057984 1.805654 -0.020493
v -0.106741 1.704616 -0.030917
v -0.056606 1.804969 -0.030876
v -0.104453 1.703478 -0.041118
v -0.054322 1.803833 -0.041058
v -0.10128 1.701901 -0.05102
v -0.051156 1.802258 -0.050941
v -0.097254 1.699898 -0.060527
v -0.047137 1.80026 -0.060429
v -0.092413 1.69749 -0.069548
v -0.042306 1.797858 -0.069433
v -0.086804 1.6947 -0.077995
v -0.036707 1.795072 -0.077863
v -0.08048 1.691556 -0.085787
v -0.030396 1.791934 -0.085641
v -0.073503 1.688086 -0.09285
v -0.023432 1.788471 -0.09269
v -0.06594 1.684325 -0.099115
v -0.015883 1.784717 -0.098943
v -0.057863 1.680307 -0.104521
v -0.007822 1.780708 -0.104338
v -0.04935 1.676075 -0.109018
v 0.000674 1.776482 -0.108827
v -0.040484 1.671664 -0.112561
v 0.009523 1.772081 -0.112362
v -0.03135 1.667122 -0.115116
v 0.01864 1.767547 -0.114913
v 0.020334 1.770651 -0.114232
v 0.027936 1.762924 -0.116453
v 0.029571 1.766058 -0.115762
v 0.029999 1.766621 -0.114407
v 0.038896 1.76142 -0.116274
v 0.039206 1.762043 -0.114913
v 0.048222 1.756781 -0.115762
v 0.057459 1.752188 -0.114232
v 0.048412 1.757463 -0.114407
v 0.057531 1.752928 -0.112897
v 0.047475 1.75793 -0.103776
v 0.047283 1.757722 -0.102968
v 0.039206 1.762043 -0.10423
v 0.055665 1.753857 -0.102419
v 0.055401 1.753683 -0.101623
v 0.063695 1.749863 -0.100173
v 0.063363 1.749724 -0.099395
v 0.066472 1.748482 -0.110395
v 0.071491 1.745986 -0.097058
v 0.075151 1.744166 -0.106928
v 0.071091 1.74588 -0.096307
v 0.078975 1.742264 -0.093104
v 0.083483 1.740022 -0.102526
v 0.086076 1.738732 -0.088351
v 0.07851 1.74219 -0.092388
v 0.08555 1.73869 -0.087676
v 0.077667 1.741524 -0.091531
v 0.084634 1.738059 -0.086868
v 0.076873 1.740435 -0.091109
v 0.070325 1.745175 -0.09541
v 0.069568 1.744067 -0.094967
v 0.062677 1.748978 -0.098466
v 0.061961 1.747851 -0.098007
v 0.054799 1.752897 -0.10067
v 0.054123 1.751749 -0.1002
v 0.046764 1.756893 -0.102001
v 0.038651 1.760926 -0.102447
v 0.04613 1.755724 -0.101524
v 0.03806 1.759737 -0.101967
v 0.029989 1.763751 -0.101524
v 0.03054 1.764962 -0.102001
v 0.021997 1.767726 -0.1002
v 0.022505 1.768958 -0.10067
v 0.014158 1.771624 -0.098007
v 0.014626 1.772876 -0.098466
v 0.006551 1.775408 -0.094967
v 0.006979 1.776679 -0.09541
v -0.000754 1.77904 -0.091109
v -0.000364 1.78033 -0.091531
v -0.007684 1.782487 -0.086469
v -0.007331 1.783795 -0.086868
v -0.014174 1.785714 -0.081093
v -0.020161 1.788693 -0.075033
v -0.013855 1.787039 -0.081464
v -0.013973 1.788185 -0.082215
v -0.019873 1.790033 -0.075372
v -0.020055 1.79121 -0.076059
v -0.025327 1.792745 -0.068651
v -0.030166 1.795152 -0.061365
v -0.025587 1.791391 -0.068347
v -0.025566 1.79395 -0.069267
v -0.030456 1.796383 -0.061904
v -0.026008 1.794474 -0.069782
v -0.030939 1.796927 -0.062356
v -0.033401 1.798152 -0.076559
v -0.020448 1.79171 -0.076633
v -0.027212 1.795074 -0.084187
v -0.014312 1.788658 -0.082843
v -0.020382 1.791676 -0.0911
v -0.007664 1.785352 -0.088351
v -0.007381 1.784907 -0.087676
v -0.012978 1.787995 -0.097233
v -0.000562 1.78182 -0.093104
v 0.006921 1.778098 -0.097058
v -0.005071 1.784062 -0.102526
v -0.000341 1.781405 -0.092388
v 0.007078 1.777716 -0.096307
v 0.014806 1.773873 -0.099395
v 0.022768 1.769913 -0.101623
v 0.014717 1.774221 -0.100173
v 0.01194 1.775602 -0.110395
v 0.022747 1.770227 -0.102419
v 0.030937 1.766155 -0.103776
v 0.020882 1.771155 -0.112897
v 0.030887 1.765875 -0.102968
v 0.039085 1.761798 -0.103418
v 0.003262 1.779918 -0.106928
v 0.011277 1.775155 -0.111698
v 0.002485 1.779528 -0.108185
v -0.005955 1.783725 -0.103726
v -0.013964 1.787709 -0.098365
v -0.021465 1.791439 -0.092153
v -0.028383 1.794879 -0.08515
v -0.034653 1.797998 -0.077423
v -0.040216 1.800764 -0.069047
v -0.045016 1.803151 -0.060102
v -0.038893 1.800882 -0.068291
v -0.043631 1.803239 -0.05946
v -0.035195 1.799044 -0.054425
v -0.047572 1.805199 -0.050154
v -0.050677 1.806744 -0.040461
v -0.049008 1.805137 -0.050675
v -0.038735 1.800804 -0.046066
v -0.038185 1.800226 -0.045755
v -0.041525 1.802191 -0.03736
v -0.04095 1.801602 -0.037125
v -0.043537 1.803192 -0.028391
v -0.042944 1.802593 -0.028233
v -0.052917 1.807858 -0.030475
v -0.04475 1.803797 -0.019245
v -0.044148 1.803192 -0.019165
v -0.054269 1.80853 -0.020292
v -0.045157 1.803998 -0.01001
v -0.054722 1.808755 -0.01001
v -0.044551 1.803393 -0.01001
v -0.04475 1.803797 -0.000775
v -0.054269 1.80853 0.000273
v -0.043537 1.803192 0.008372
v -0.044148 1.803192 -0.000854
v -0.043716 1.80189 -0.000949
v -0.042944 1.802593 0.008213
v -0.042524 1.801298 0.008024
v -0.04095 1.801602 0.017105
v -0.038185 1.800226 0.025736
v -0.041525 1.802191 0.017341
v -0.040551 1.800317 0.016823
v -0.037814 1.798955 0.025364
v -0.040732 1.798923 0.016684
v -0.03801 1.797569 0.025181
v -0.042695 1.799899 0.00793
v -0.04388 1.800488 -0.000996
v -0.044277 1.800685 -0.01001
v -0.044115 1.802089 -0.01001
v -0.04388 1.800488 -0.019023
v -0.042695 1.799899 -0.02795
v -0.043716 1.80189 -0.01907
v -0.042524 1.801298 -0.028043
v -0.040551 1.800317 -0.036843
v -0.037814 1.798955 -0.045384
v -0.040732 1.798923 -0.036703
v -0.03801 1.797569 -0.0452
v -0.034555 1.795851 -0.053358
v -0.030401 1.793785 -0.061098
v -0.034342 1.797228 -0.053584
v -0.034676 1.798481 -0.054042
v -0.034555 1.795851 0.033339
v -0.034342 1.797228 0.033565
v -0.030401 1.793785 0.041079
v -0.030166 1.795152 0.041345
v -0.025587 1.791391 0.048327
v -0.025327 1.792745 0.048631
v -0.020161 1.788693 0.055014
v -0.019873 1.790033 0.055353
v -0.014174 1.785714 0.061074
v -0.013855 1.787039 0.061445
v -0.007684 1.782487 0.06645
v -0.007331 1.783795 0.066849
v -0.000753 1.77904 0.071089
v -0.000364 1.78033 0.071512
v 0.006551 1.775408 0.074948
v 0.006979 1.776679 0.075391
v 0.014158 1.771624 0.077988
v 0.021997 1.767726 0.080181
v 0.014626 1.772876 0.078447
v 0.014806 1.773873 0.079376
v 0.022505 1.768958 0.080651
v 0.030539 1.764962 0.081982
v 0.022768 1.769913 0.081603
v 0.030887 1.765875 0.082948
v 0.022747 1.770227 0.0824
v 0.020882 1.771155 0.092878
v 0.030937 1.766155 0.083756
v 0.014717 1.774221 0.080153
v 0.01194 1.775602 0.090376
v 0.006921 1.778098 0.077038
v 0.003262 1.779918 0.086908
v 0.007078 1.777716 0.076288
v -0.000562 1.78182 0.073085
v -0.005071 1.784063 0.082506
v -0.007664 1.785352 0.068332
v -0.000341 1.781405 0.072369
v -0.007381 1.784907 0.067656
v -0.013973 1.788185 0.062195
v -0.020055 1.79121 0.05604
v -0.014312 1.788658 0.062823
v -0.020448 1.79171 0.056614
v -0.020382 1.791676 0.071081
v -0.027212 1.795074 0.064168
v -0.021465 1.791439 0.072133
v -0.012978 1.787995 0.077214
v -0.013964 1.787709 0.078346
v -0.005955 1.783725 0.083707
v 0.002485 1.779528 0.088166
v 0.011277 1.775155 0.091678
v 0.020334 1.770651 0.094213
v 0.029571 1.766058 0.095743
v 0.038896 1.76142 0.096255
v 0.029999 1.766621 0.094388
v 0.039206 1.762043 0.094893
v 0.048412 1.757463 0.094388
v 0.039206 1.762043 0.084211
v 0.039085 1.761798 0.083398
v 0.047475 1.75793 0.083756
v 0.055665 1.753857 0.0824
v 0.047282 1.757722 0.082948
v 0.046764 1.756893 0.081982
v 0.055401 1.753683 0.081603
v 0.054799 1.752897 0.080651
v 0.063363 1.749724 0.079376
v 0.071091 1.74588 0.076288
v 0.063695 1.749863 0.080153
v 0.062677 1.748978 0.078447
v 0.070325 1.745175 0.075391
v 0.061961 1.747851 0.077988
v 0.069569 1.744067 0.074948
v 0.054123 1.751749 0.080181
v 0.04613 1.755724 0.081505
v 0.03806 1.759737 0.081948
v 0.038651 1.760926 0.082427
v 0.029989 1.763751 0.081505
v 0.076873 1.740435 0.071089
v 0.077667 1.741524 0.071512
v 0.083803 1.736988 0.06645
v 0.084634 1.738059 0.066849
v 0.090294 1.733761 0.061074
v 0.091158 1.734815 0.061445
v 0.096281 1.730782 0.055014
v 0.097176 1.731821 0.055353
v 0.101707 1.728084 0.048327
v 0.102631 1.729108 0.048631
v 0.106521 1.72569 0.041079
v 0.107469 1.726703 0.041345
v 0.110674 1.723624 0.033339
v 0.111644 1.724626 0.033565
v 0.11413 1.721906 0.025181
v 0.115118 1.722898 0.025364
v 0.116851 1.720552 0.016684
v 0.118814 1.719576 0.00793
v 0.117854 1.721537 0.016823
v 0.119119 1.721995 0.017105
v 0.119827 1.720556 0.008024
v 0.121018 1.719964 -0.000949
v 0.121113 1.721002 0.008213
v 0.122318 1.720405 -0.000854
v 0.121949 1.720892 0.008372
v 0.131329 1.716226 0.010456
v 0.123163 1.720288 -0.000775
v 0.119936 1.721893 0.017341
v 0.129089 1.717341 0.020442
v 0.117147 1.723279 0.026047
v 0.125984 1.718884 0.030135
v 0.116355 1.72337 0.025736
v 0.113608 1.725041 0.034405
v 0.122044 1.720845 0.039441
v 0.109351 1.727157 0.042336
v 0.112844 1.725115 0.034022
v 0.108626 1.727214 0.041885
v 0.103736 1.729645 0.049248
v 0.098224 1.732387 0.05604
v 0.104419 1.72961 0.049763
v 0.098859 1.732375 0.056614
v 0.111813 1.725932 0.05654
v 0.105623 1.729011 0.064168
v 0.112446 1.724841 0.057403
v 0.117305 1.723201 0.048271
v 0.118009 1.722075 0.049028
v 0.122808 1.719688 0.040083
v 0.126801 1.717702 0.030656
v 0.129946 1.716138 0.020837
v 0.132216 1.71501 0.010721
v 0.133585 1.714329 0.000406
v 0.134044 1.7141 -0.01001
v 0.132682 1.715554 0.000273
v 0.133134 1.715329 -0.01001
v 0.132682 1.715554 -0.020292
v 0.123569 1.720086 -0.01001
v 0.122721 1.720204 -0.01001
v 0.123163 1.720288 -0.019245
v 0.121949 1.720892 -0.028391
v 0.122318 1.720405 -0.019165
v 0.121018 1.719964 -0.01907
v 0.121113 1.721002 -0.028233
v 0.119827 1.720556 -0.028043
v 0.119119 1.721995 -0.037125
v 0.116355 1.72337 -0.045755
v 0.119936 1.721893 -0.03736
v 0.117854 1.721537 -0.036843
v 0.115118 1.722898 -0.045384
v 0.116851 1.720552 -0.036703
v 0.11413 1.721906 -0.0452
v 0.118814 1.719576 -0.02795
v 0.12 1.718986 -0.019023
v 0.120397 1.718789 -0.01001
v 0.121418 1.719766 -0.01001
v 0.12 1.718986 -0.000996
v 0.110674 1.723624 -0.053358
v 0.111644 1.724626 -0.053584
v 0.106521 1.72569 -0.061098
v 0.107469 1.726703 -0.061365
v 0.101707 1.728084 -0.068347
v 0.102631 1.729108 -0.068651
v 0.096281 1.730782 -0.075033
v 0.097176 1.731821 -0.075372
v 0.090294 1.733761 -0.081093
v 0.091158 1.734815 -0.081464
v 0.083803 1.736988 -0.086469
v 0.092143 1.735411 -0.082215
v 0.098224 1.732387 -0.076059
v 0.092726 1.735426 -0.082843
v 0.098859 1.732375 -0.076633
v 0.098793 1.732408 -0.0911
v 0.105623 1.729011 -0.084187
v 0.099258 1.7314 -0.092153
v 0.09139 1.73609 -0.097233
v 0.091757 1.73513 -0.098365
v 0.083748 1.739114 -0.103726
v 0.075308 1.743312 -0.108185
v 0.066516 1.747684 -0.111698
v 0.106176 1.72796 -0.08515
v 0.112446 1.724841 -0.077423
v 0.118009 1.722075 -0.069047
v 0.111813 1.725932 -0.076559
v 0.117305 1.723201 -0.068291
v 0.104419 1.72961 -0.069782
v 0.103736 1.729645 -0.069267
v 0.109351 1.727157 -0.062356
v 0.113608 1.725041 -0.054425
v 0.108626 1.727214 -0.061904
v 0.112844 1.725115 -0.054042
v 0.117147 1.723279 -0.046066
v 0.122043 1.720845 -0.05946
v 0.125984 1.718884 -0.050154
v 0.122808 1.719688 -0.060102
v 0.126801 1.717702 -0.050675
v 0.129946 1.716138 -0.040856
v 0.132216 1.71501 -0.030741
v 0.129089 1.717341 -0.040461
v 0.131329 1.716226 -0.030475
v 0.133585 1.714329 -0.020425
v 0.106176 1.72796 0.065131
v 0.099258 1.731401 0.072133
v 0.091757 1.73513 0.078346
v 0.098793 1.732408 0.071081
v 0.09139 1.73609 0.077214
v 0.092726 1.735426 0.062823
v 0.092143 1.735411 0.062195
v 0.086076 1.738732 0.068332
v 0.078975 1.742264 0.073085
v 0.08555 1.73869 0.067656
v 0.07851 1.74219 0.072369
v 0.071491 1.745986 0.077038
v 0.083483 1.740022 0.082506
v 0.075151 1.744166 0.086908
v 0.083748 1.739114 0.083707
v 0.075308 1.743312 0.088166
v 0.066516 1.747684 0.091678
v 0.057459 1.752188 0.094213
v 0.066472 1.748482 0.090376
v 0.057531 1.752928 0.092878
v 0.048222 1.756781 0.095743
v -0.028383 1.794879 0.065131
v -0.034653 1.797998 0.057403
v -0.040216 1.800764 0.049028
v -0.033401 1.798152 0.05654
v -0.038893 1.800882 0.048271
v -0.026008 1.794474 0.049763
v -0.025566 1.79395 0.049248
v -0.030939 1.796927 0.042336
v -0.035195 1.799044 0.034405
v -0.030456 1.796383 0.041885
v -0.034676 1.798481 0.034022
v -0.038735 1.800804 0.026047
v -0.043631 1.803239 0.039441
v -0.047572 1.805199 0.030135
v -0.045016 1.803151 0.040083
v -0.049008 1.805137 0.030656
v -0.052153 1.806701 0.020837
v -0.054423 1.807829 0.010721
v -0.050677 1.806744 0.020442
v -0.052917 1.807858 0.010456
v -0.055792 1.808511 0.000406
v -0.056251 1.808739 -0.01001
v -0.055792 1.808511 -0.020425
v -0.054423 1.807829 -0.030741
v -0.052153 1.806701 -0.040856
v -0.071082 -0.002839 0.150221
v -0.12174 -0.002839 0.099256
v -0.090749 1.831096 0.078033
v -0.054951 1.814441 0.113942
v 0.192971 -0.002839 0.099256
v 0.161603 1.71369 0.078033
v -0.071086 1.115869 0.150221
v -0.071086 0.483917 0.150221
v -0.12174 0.483886 0.099256
v -0.12174 1.115925 0.099256
v 0.192544 1.115454 0.099256
v 0.192544 0.484198 0.099256
v -0.12174 0.591075 0.099256
v -0.12174 1.009588 0.099256
v -0.07199 0.591044 0.150221
v -0.07199 1.009619 0.150221
v 0.126266 1.009899 0.099256
v 0.126266 0.590763 0.099256
v -0.070999 1.821232 0.150037
v -0.121583 1.844727 0.099149
v 0.192813 1.698697 0.099149
v -0.06534 1.819956 0.137616
v -0.110835 1.841123 0.091883
v 0.182211 1.704785 0.091883
v -0.059912 1.830776 0.136896
v -0.105113 1.851805 0.091462
v 0.186696 1.716042 0.091462
v -0.052425 1.827409 0.120351
v -0.090849 1.845284 0.081783
v 0.172521 1.722753 0.081783
v -0.07542 1.766303 0.110419
v -0.109775 1.782286 0.075973
v 0.136523 1.667697 0.075973
v -0.071196 1.764337 0.097822
v -0.099287 1.777407 0.073196
v 0.126035 1.672577 0.073196
v 0.119103 0.48404 0.162224
v 0.057251 0.59092 0.162224
v 0.119407 -0.002839 0.162224
v 0.11935 1.732819 0.162022
v 0.119103 1.115648 0.162224
v 0.057251 1.009742 0.162224
v 0.115578 1.735785 0.14836
v 0.107988 1.738634 0.122319
v 0.084845 1.69174 0.118444
v 0.120459 1.74686 0.147568
v 0.115382 1.749338 0.129369
v 0.081937 1.693093 0.1047
v -0.071082 -0.002839 -0.16449
v -0.12174 -0.002839 -0.113526
v -0.090749 1.831096 -0.092303
v -0.054951 1.814441 -0.128211
v 0.192971 -0.002839 -0.113526
v 0.161603 1.71369 -0.092303
v -0.071086 1.115869 -0.16449
v -0.071086 0.483917 -0.16449
v -0.12174 0.483886 -0.113526
v -0.12174 1.115925 -0.113526
v 0.192544 1.115454 -0.113526
v 0.192544 0.484198 -0.113526
v -0.12174 0.591075 -0.113526
v -0.12174 1.009588 -0.113526
v -0.07199 0.591044 -0.16449
v -0.07199 1.009619 -0.16449
v 0.126266 1.009899 -0.113526
v 0.126266 0.590763 -0.113526
v -0.070999 1.821232 -0.164307
v -0.121583 1.844727 -0.113418
v 0.192813 1.698698 -0.113418
v -0.065339 1.819956 -0.151886
v -0.110835 1.841123 -0.106152
v 0.182211 1.704785 -0.106152
v -0.059912 1.830776 -0.151166
v -0.105113 1.851805 -0.105731
v 0.186696 1.716042 -0.105731
v -0.052425 1.827409 -0.134621
v -0.090849 1.845284 -0.096053
v 0.172521 1.722753 -0.096053
v -0.07542 1.766303 -0.124689
v -0.109775 1.782286 -0.090243
v 0.136523 1.667697 -0.090243
v -0.071196 1.764337 -0.112091
v -0.099287 1.777407 -0.087466
v 0.126035 1.672577 -0.087466
v 0.204974 -0.002839 -0.076451
v 0.204514 1.115394 -0.076451
v -0.133744 0.483868 -0.076451
v -0.133744 0.591093 -0.076451
v 0.138304 1.009953 -0.076451
v -0.07014 1.763846 -0.082488
v -0.133744 -0.002839 -0.076451
v -0.133568 1.850294 -0.076385
v 0.204798 1.693131 -0.076385
v 0.204514 0.484251 -0.076451
v -0.133744 1.115949 -0.076451
v -0.133744 1.00957 -0.076451
v 0.138304 0.590709 -0.076451
v -0.121578 1.846122 -0.071961
v 0.192955 1.699787 -0.071961
v -0.099126 1.834993 -0.063528
v 0.169981 1.709793 -0.063528
v -0.1178 1.78602 -0.062274
v 0.144548 1.663964 -0.062274
v -0.115784 1.85677 -0.071705
v 0.197367 1.711077 -0.071705
v -0.099867 1.84948 -0.065811
v 0.181538 1.718557 -0.065811
v -0.101939 1.77864 -0.063808
v 0.128687 1.671343 -0.063808
v 0.119103 0.484041 -0.176494
v 0.057251 0.59092 -0.176494
v 0.119407 -0.002839 -0.176494
v 0.11935 1.732819 -0.176292
v 0.119103 1.115648 -0.176494
v 0.057251 1.009742 -0.176494
v 0.115578 1.735785 -0.16263
v 0.107988 1.738634 -0.136588
v 0.084845 1.69174 -0.132714
v 0.120459 1.74686 -0.161838
v 0.115382 1.749338 -0.143639
v 0.081937 1.693093 -0.11897
v 0.081211 1.693431 -0.087367
v -0.097403 -0.002839 0.125844
v -0.097282 1.83344 0.125698
v 0.181912 1.703761 0.111714
v 0.154693 1.716403 0.139129
v 0.154793 -0.002839 0.139296
v 0.182054 -0.002839 0.11184
v 0.204787 -0.002839 0.072715
v 0.203474 -0.002839 0.081194
v 0.19991 -0.002839 0.089436
v -0.040067 -0.002839 0.162037
v -0.052026 -0.002839 0.160724
v -0.061339 -0.002839 0.15716
v -0.040015 1.806841 0.161835
v -0.051966 1.812391 0.160524
v -0.061268 1.816712 0.156966
v 0.204333 1.115404 0.072715
v 0.203028 1.115417 0.081194
v 0.199473 1.115434 0.089436
v -0.0401 1.11582 0.162037
v -0.052043 1.115838 0.160724
v -0.061346 1.115854 0.15716
v 0.122213 0.484055 0.162037
v 0.126567 0.484073 0.160724
v 0.132943 0.484093 0.15716
v -0.133557 0.483871 0.072715
v -0.132244 0.483875 0.081194
v -0.12868 0.48388 0.089436
v 0.154407 0.484137 0.139296
v 0.181639 0.484179 0.11184
v 0.181639 1.115478 0.11184
v 0.154407 1.115533 0.139296
v -0.097403 1.115899 0.125844
v -0.097403 0.4839 0.125844
v -0.071084 1.118602 0.150221
v -0.071084 0.480955 0.150221
v -0.12174 1.118724 0.099256
v 0.192791 1.117913 0.099256
v -0.133557 0.591089 0.072715
v -0.132244 0.591085 0.081194
v -0.12868 0.591081 0.089436
v 0.13811 1.009943 0.072715
v 0.136789 1.00993 0.081194
v 0.133216 1.009916 0.089436
v 0.11535 1.00988 0.11184
v 0.088408 1.009839 0.139296
v 0.088408 0.590823 0.139296
v 0.11535 0.590782 0.11184
v -0.097516 0.591061 0.125844
v -0.097516 1.009601 0.125844
v 0.059376 0.590906 0.162037
v 0.062708 0.590888 0.160724
v 0.068144 0.590867 0.15716
v -0.047565 1.009652 0.162037
v -0.055871 1.00964 0.160724
v -0.063209 1.009629 0.15716
v -0.089032 1.830979 0.115784
v 0.172438 1.709332 0.103214
v 0.14798 1.720711 0.127837
v -0.036459 1.806519 0.148192
v -0.047785 1.811789 0.147017
v -0.056455 1.815823 0.143828
v -0.073709 1.823168 0.096887
v 0.153978 1.717238 0.087012
v 0.134786 1.726167 0.106312
v -0.030079 1.80287 0.122188
v -0.040215 1.807585 0.121272
v -0.04768 1.811058 0.118785
v -0.093443 1.774688 0.094076
v 0.129217 1.671096 0.084602
v 0.110808 1.679661 0.10311
v -0.051145 1.755008 0.118319
v -0.061104 1.759642 0.117441
v -0.068389 1.763031 0.115059
v -0.110277 1.786401 0.077325
v -0.111101 1.784053 0.077175
v -0.110887 1.782947 0.076767
v -0.074975 1.769977 0.11273
v -0.075904 1.767678 0.112473
v -0.075976 1.766705 0.111777
v 0.139994 1.669964 0.077325
v 0.138728 1.667821 0.077175
v 0.137744 1.667273 0.076767
v -0.083455 1.841729 0.115209
v 0.176988 1.720559 0.102721
v 0.152691 1.731863 0.127182
v -0.031153 1.817396 0.147401
v -0.042443 1.822649 0.146234
v -0.051076 1.826665 0.143066
v -0.072519 1.836757 0.102003
v 0.164314 1.726571 0.091399
v 0.143696 1.736164 0.11214
v -0.026468 1.815333 0.129228
v -0.036926 1.820198 0.128242
v -0.044717 1.823823 0.125564
v -0.086999 1.77169 0.084416
v 0.121115 1.674866 0.077701
v 0.105645 1.682063 0.091632
v -0.048511 1.753783 0.104593
v -0.057998 1.758196 0.10384
v -0.064805 1.761364 0.101798
v -0.070157 1.763854 0.079503
v -0.070272 1.763907 0.087551
v -0.070586 1.764054 0.093333
v -0.12868 -0.002839 0.089436
v -0.132244 -0.002839 0.081194
v -0.133557 -0.002839 0.072715
v -0.128512 1.847945 0.089342
v -0.13207 1.849598 0.08111
v -0.133381 1.850207 0.072639
v 0.199742 1.695479 0.089342
v 0.2033 1.693827 0.08111
v 0.204611 1.693218 0.072639
v 0.199473 0.484214 0.089436
v 0.203028 0.484229 0.081194
v 0.204333 0.484241 0.072715
v -0.12868 1.115934 0.089436
v -0.132244 1.115941 0.081194
v -0.133557 1.115946 0.072715
v -0.12868 1.009582 0.089436
v -0.132244 1.009577 0.081194
v -0.133557 1.009573 0.072715
v 0.133216 0.590747 0.089436
v 0.136789 0.590732 0.081194
v 0.13811 0.59072 0.072715
v -0.117046 1.844013 0.082978
v -0.120235 1.845497 0.075413
v -0.12141 1.846044 0.067536
v 0.188423 1.701895 0.082978
v 0.191612 1.700412 0.075413
v 0.192787 1.699865 0.067536
v -0.095592 1.833349 0.070847
v -0.098079 1.834506 0.064554
v -0.098995 1.834932 0.057807
v 0.166446 1.711437 0.070847
v 0.168933 1.71028 0.064554
v 0.16985 1.709854 0.057807
v -0.114415 1.784445 0.069042
v -0.116797 1.785553 0.062938
v -0.117675 1.785962 0.05636
v 0.141162 1.665539 0.069042
v 0.143545 1.66443 0.062938
v 0.144423 1.664022 0.05636
v -0.111282 1.854675 0.082609
v -0.11445 1.856149 0.075083
v -0.115618 1.856692 0.06724
v 0.192865 1.713172 0.082609
v 0.196034 1.711698 0.075083
v 0.197201 1.711155 0.06724
v -0.096062 1.84771 0.074131
v -0.098739 1.848955 0.067494
v -0.099726 1.849414 0.060441
v 0.177734 1.720328 0.074131
v 0.180411 1.719082 0.067494
v 0.181398 1.718623 0.060441
v -0.100515 1.777978 0.06953
v -0.10149 1.778431 0.064448
v -0.101883 1.778614 0.058071
v 0.127263 1.672005 0.06953
v 0.128237 1.671552 0.064448
v 0.12863 1.671369 0.058071
v -0.061346 0.483927 0.15716
v -0.052043 0.483938 0.160724
v -0.0401 0.48395 0.162037
v -0.063209 0.591034 0.15716
v -0.055871 0.591023 0.160724
v -0.047565 0.591011 0.162037
v 0.111277 0.484025 0.162224
v 0.052088 0.590936 0.162224
v 0.133295 -0.002839 0.15716
v 0.126901 -0.002839 0.160724
v 0.122531 -0.002839 0.162037
v 0.133225 1.726375 0.156966
v 0.126838 1.729341 0.160524
v 0.122472 1.731369 0.161835
v 0.132943 1.115588 0.15716
v 0.126567 1.115612 0.160724
v 0.122213 1.115633 0.162037
v 0.068144 1.009795 0.15716
v 0.062708 1.009774 0.160724
v 0.059376 1.009756 0.162037
v 0.128524 1.729762 0.143828
v 0.122636 1.732502 0.147017
v 0.118545 1.734405 0.148192
v 0.119164 1.733435 0.118785
v 0.114226 1.735732 0.121272
v 0.110662 1.737391 0.122188
v 0.095757 1.686663 0.115059
v 0.09096 1.688895 0.117441
v 0.087474 1.690516 0.118319
v 0.133351 1.740861 0.143066
v 0.127492 1.743587 0.146234
v 0.123418 1.745483 0.147401
v 0.127036 1.743915 0.125564
v 0.121841 1.746333 0.128242
v 0.118135 1.748057 0.129228
v 0.092147 1.688343 0.101798
v 0.087728 1.690399 0.10384
v 0.084451 1.691923 0.104593
v 0.119279 1.118138 0.162224
v 0.081517 1.693288 0.099873
v 0.081302 1.693389 0.093692
v 0.081222 1.693426 0.085114
v 0.087045 1.694598 0.120986
v 0.08592 1.69239 0.120704
v 0.08532 1.691663 0.119937
v -0.090391 1.83034 0.077636
v -0.090681 1.828932 0.077432
v -0.091821 1.826193 0.077357
v -0.054871 1.813815 0.113263
v -0.055305 1.812473 0.112914
v -0.056497 1.809759 0.112785
v 0.160795 1.713477 0.077636
v 0.159904 1.712348 0.077432
v 0.158544 1.709712 0.077357
v 0.107553 1.738248 0.121572
v 0.106855 1.737029 0.121188
v 0.105565 1.734361 0.121047
v 0.167286 1.712748 0.081458
v 0.166901 1.71221 0.081383
v 0.166481 1.71209 0.081179
v 0.109908 1.738408 0.128234
v 0.110137 1.738617 0.128617
v 0.11045 1.739188 0.128759
v 0.172215 1.722794 0.081601
v 0.171957 1.722597 0.081508
v 0.171633 1.722031 0.081474
v 0.114785 1.748483 0.128788
v 0.115077 1.749063 0.128853
v 0.115247 1.749299 0.129028
v -0.052325 1.827261 0.120041
v -0.052374 1.826968 0.119882
v -0.052621 1.826366 0.119823
v -0.090829 1.84414 0.081474
v -0.090605 1.844753 0.081508
v -0.090621 1.845077 0.081601
v -0.057115 1.816115 0.119319
v -0.057151 1.816448 0.119668
v -0.056935 1.817064 0.119796
v -0.095115 1.833796 0.081179
v -0.095294 1.834195 0.081383
v -0.09513 1.834836 0.081458
v 0.115811 1.749203 0.130805
v 0.115558 1.749299 0.129936
v 0.120342 1.747024 0.147001
v 0.120119 1.747185 0.146132
v -0.05264 1.827552 0.120866
v -0.052987 1.827736 0.121657
v -0.059261 1.83064 0.135591
v -0.059638 1.830759 0.136381
v 0.17298 1.722583 0.082084
v 0.173668 1.722285 0.082547
v 0.185638 1.716702 0.090698
v 0.186295 1.716339 0.09116
v -0.091945 1.845861 0.082547
v -0.091275 1.845526 0.082084
v -0.104627 1.85169 0.09116
v -0.103926 1.851421 0.090698
v 0.182198 1.704995 0.091821
v 0.182311 1.70536 0.091789
v 0.18259 1.706005 0.091777
v 0.186862 1.715344 0.091736
v 0.186885 1.715751 0.091643
v -0.110145 1.842198 0.091777
v -0.110459 1.84157 0.091789
v -0.110666 1.841248 0.091821
v -0.065214 1.820101 0.13751
v -0.06503 1.820433 0.137456
v -0.064725 1.821065 0.137436
v -0.105457 1.851762 0.091643
v -0.105753 1.851482 0.091736
v -0.06036 1.830364 0.137366
v -0.060129 1.830674 0.137206
v 0.116055 1.736957 0.148161
v 0.115765 1.736317 0.148183
v 0.115623 1.735967 0.148243
v 0.120478 1.746648 0.147909
v 0.120368 1.746282 0.148084
v 0.115696 1.735563 0.149007
v 0.115596 1.735666 0.148573
v 0.11929 1.733437 0.161809
v 0.119168 1.733797 0.161376
v 0.118944 1.734013 0.160579
v -0.065469 1.819906 0.13781
v -0.065668 1.819942 0.138204
v -0.070409 1.822106 0.148725
v -0.070735 1.82213 0.149449
v -0.070912 1.821866 0.149843
v 0.182336 1.704617 0.091996
v 0.182652 1.704412 0.092227
v 0.191685 1.700171 0.098381
v 0.192307 1.699776 0.098805
v 0.192646 1.699332 0.099035
v -0.111404 1.84122 0.092227
v -0.111044 1.84111 0.091996
v -0.121416 1.845346 0.099035
v -0.121077 1.845546 0.098805
v -0.120455 1.845389 0.098381
v -0.071047 1.818387 0.150143
v -0.121674 1.841806 0.099211
v 0.192904 1.696286 0.099211
v 0.119383 1.730296 0.162139
v -0.12174 0.480942 0.099256
v 0.192791 0.481073 0.099256
v 0.119279 0.481007 0.162224
v -0.12174 1.007087 0.099256
v -0.071992 1.0071 0.150221
v -0.12174 0.593576 0.099256
v -0.071992 0.593562 0.150221
v 0.12602 0.593444 0.099256
v 0.12602 1.007218 0.099256
v 0.057075 0.59351 0.162224
v 0.057075 1.007152 0.162224
v 0.11727 1.111982 0.162224
v 0.118675 1.11454 0.162224
v 0.05768 1.011254 0.162224
v 0.059084 1.014018 0.162224
v -0.071964 1.013678 0.150221
v -0.071984 1.011022 0.150221
v -0.071091 1.114812 0.150221
v -0.071111 1.112334 0.150221
v 0.191997 1.114229 0.099256
v 0.1904 1.111546 0.099256
v 0.12841 1.01445 0.099256
v 0.126814 1.011548 0.099256
v -0.12174 1.112423 0.099256
v -0.12174 1.114881 0.099256
v -0.12174 1.010964 0.099256
v -0.12174 1.013593 0.099256
v -0.12174 0.58707 0.099256
v -0.12174 0.589699 0.099256
v -0.071091 0.48548 0.150221
v -0.071111 0.488218 0.150221
v -0.12174 0.488133 0.099256
v -0.12174 0.485422 0.099256
v -0.071964 0.586984 0.150221
v -0.071984 0.589641 0.150221
v 0.12841 0.586212 0.099256
v 0.126814 0.589114 0.099256
v 0.05768 0.589409 0.162224
v 0.059084 0.586645 0.162224
v 0.191997 0.486007 0.099256
v 0.1904 0.48899 0.099256
v 0.11727 0.488558 0.162224
v 0.118675 0.485712 0.162224
v 0.111559 -0.002839 0.162224
v 0.111508 1.736462 0.162022
v 0.111277 1.115668 0.162224
v 0.052088 1.009727 0.162224
v 0.108096 1.739266 0.14836
v 0.101192 1.741796 0.122319
v 0.078151 1.694854 0.118444
v 0.112998 1.750331 0.147568
v 0.1084 1.752586 0.129369
v 0.075516 1.69608 0.1047
v -0.097403 -0.002839 -0.140114
v -0.097282 1.83344 -0.139968
v 0.181912 1.703761 -0.125984
v 0.154693 1.716403 -0.153399
v 0.154793 -0.002839 -0.153566
v 0.182054 -0.002839 -0.126109
v 0.204787 -0.002839 -0.086985
v 0.203474 -0.002839 -0.095464
v 0.19991 -0.002839 -0.103706
v -0.040067 -0.002839 -0.176307
v -0.052026 -0.002839 -0.174994
v -0.061339 -0.002839 -0.17143
v -0.040015 1.806841 -0.176105
v -0.051966 1.812391 -0.174794
v -0.061268 1.816712 -0.171236
v 0.204333 1.115404 -0.086985
v 0.203028 1.115417 -0.095464
v 0.199473 1.115434 -0.103706
v -0.0401 1.11582 -0.176307
v -0.052043 1.115838 -0.174994
v -0.061346 1.115854 -0.17143
v 0.122213 0.484055 -0.176307
v 0.126567 0.484073 -0.174994
v 0.132943 0.484094 -0.17143
v -0.133557 0.483871 -0.086985
v -0.132244 0.483875 -0.095464
v -0.12868 0.48388 -0.103706
v 0.154407 0.484137 -0.153566
v 0.181639 0.484179 -0.126109
v 0.181639 1.115478 -0.126109
v 0.154407 1.115533 -0.153566
v -0.097403 1.115899 -0.140114
v -0.097403 0.4839 -0.140114
v -0.071084 1.118602 -0.16449
v -0.071084 0.480955 -0.16449
v -0.12174 1.118724 -0.113526
v 0.192791 1.117913 -0.113526
v -0.133557 0.591089 -0.086985
v -0.132244 0.591085 -0.095464
v -0.12868 0.591081 -0.103706
v 0.13811 1.009943 -0.086985
v 0.136789 1.00993 -0.095464
v 0.133216 1.009916 -0.103706
v 0.11535 1.009881 -0.126109
v 0.088408 1.009839 -0.153566
v 0.088408 0.590823 -0.153566
v 0.11535 0.590782 -0.126109
v -0.097516 0.591061 -0.140114
v -0.097516 1.009601 -0.140114
v 0.059376 0.590906 -0.176307
v 0.062708 0.590888 -0.174994
v 0.068144 0.590867 -0.17143
v -0.047565 1.009652 -0.176307
v -0.055871 1.00964 -0.174994
v -0.063209 1.009629 -0.17143
v -0.089032 1.830979 -0.130054
v 0.172438 1.709332 -0.117484
v 0.14798 1.72071 -0.142106
v -0.036459 1.806519 -0.162462
v -0.047785 1.811789 -0.161287
v -0.056455 1.815823 -0.158097
v -0.073709 1.823168 -0.111157
v 0.153978 1.717237 -0.101282
v 0.134786 1.726167 -0.120582
v -0.030079 1.80287 -0.136458
v -0.040215 1.807585 -0.135541
v -0.04768 1.811058 -0.133054
v -0.093443 1.774688 -0.108346
v 0.129217 1.671096 -0.098872
v 0.110808 1.679661 -0.11738
v -0.051145 1.755008 -0.132589
v -0.061104 1.759642 -0.131711
v -0.068389 1.763031 -0.129328
v -0.110277 1.786401 -0.091594
v -0.111101 1.784053 -0.091444
v -0.110887 1.782947 -0.091037
v -0.074975 1.769977 -0.127
v -0.075904 1.767678 -0.126743
v -0.075976 1.766705 -0.126046
v 0.139994 1.669964 -0.091594
v 0.138728 1.667821 -0.091444
v 0.137744 1.667273 -0.091037
v -0.083455 1.841729 -0.129479
v 0.176988 1.720559 -0.116991
v 0.152691 1.731863 -0.141452
v -0.031153 1.817396 -0.161671
v -0.042443 1.822649 -0.160504
v -0.051076 1.826665 -0.157336
v -0.072519 1.836757 -0.116273
v 0.164314 1.726571 -0.105668
v 0.143696 1.736164 -0.126409
v -0.026468 1.815333 -0.143498
v -0.036926 1.820198 -0.142511
v -0.044717 1.823823 -0.139834
v -0.086999 1.771689 -0.098686
v 0.121115 1.674866 -0.091971
v 0.105645 1.682063 -0.105902
v -0.048511 1.753783 -0.118863
v -0.057998 1.758196 -0.11811
v -0.064805 1.761364 -0.116068
v -0.070157 1.763854 -0.093773
v -0.070272 1.763907 -0.10182
v -0.070586 1.764053 -0.107603
v -0.12868 -0.002839 -0.103706
v -0.132244 -0.002839 -0.095464
v -0.133557 -0.002839 -0.086985
v -0.128512 1.847945 -0.103612
v -0.13207 1.849598 -0.09538
v -0.133381 1.850207 -0.086909
v 0.199742 1.695479 -0.103612
v 0.2033 1.693827 -0.09538
v 0.204611 1.693218 -0.086909
v 0.199473 0.484214 -0.103706
v 0.203028 0.484229 -0.095464
v 0.204333 0.484241 -0.086985
v -0.12868 1.115934 -0.103706
v -0.132244 1.115941 -0.095464
v -0.133557 1.115946 -0.086985
v -0.12868 1.009582 -0.103706
v -0.132244 1.009577 -0.095464
v -0.133557 1.009573 -0.086985
v 0.133216 0.590747 -0.103706
v 0.136789 0.590732 -0.095464
v 0.13811 0.59072 -0.086985
v -0.117046 1.844013 -0.097247
v -0.120235 1.845497 -0.089683
v -0.12141 1.846044 -0.081805
v 0.188423 1.701895 -0.097247
v 0.191612 1.700412 -0.089683
v 0.192787 1.699865 -0.081805
v -0.095592 1.833349 -0.085117
v -0.098079 1.834506 -0.078824
v -0.098995 1.834932 -0.072077
v 0.166446 1.711437 -0.085117
v 0.168933 1.71028 -0.078824
v 0.16985 1.709854 -0.072077
v -0.114415 1.784444 -0.083312
v -0.116797 1.785553 -0.077208
v -0.117675 1.785961 -0.07063
v 0.141162 1.665538 -0.083312
v 0.143545 1.66443 -0.077208
v 0.144423 1.664022 -0.07063
v -0.111282 1.854675 -0.096878
v -0.11445 1.856149 -0.089353
v -0.115618 1.856692 -0.08151
v 0.192865 1.713172 -0.096878
v 0.196034 1.711697 -0.089353
v 0.197201 1.711155 -0.08151
v -0.096062 1.84771 -0.088401
v -0.098739 1.848955 -0.081764
v -0.099726 1.849414 -0.074711
v 0.177734 1.720328 -0.088401
v 0.180411 1.719082 -0.081764
v 0.181398 1.718623 -0.074711
v -0.100515 1.777978 -0.0838
v -0.10149 1.778431 -0.078717
v -0.101883 1.778614 -0.072341
v 0.127263 1.672005 -0.0838
v 0.128237 1.671552 -0.078717
v 0.12863 1.671369 -0.072341
v -0.133744 1.118758 -0.076451
v -0.085997 1.771224 -0.072834
v 0.14825 1.666123 -0.063097
v 0.146959 1.663992 -0.063005
v 0.145905 1.663476 -0.062757
v -0.047852 1.753477 -0.087291
v -0.057221 1.757835 -0.086757
v -0.063909 1.760947 -0.085309
v 0.121144 1.674852 -0.067746
v 0.10443 1.682628 -0.07808
v 0.20478 1.117864 -0.076451
v -0.118533 1.790242 -0.063097
v -0.119331 1.787882 -0.063005
v -0.119047 1.786744 -0.062757
v -0.061346 0.483927 -0.17143
v -0.052043 0.483938 -0.174994
v -0.0401 0.48395 -0.176307
v -0.063209 0.591034 -0.17143
v -0.055871 0.591023 -0.174994
v -0.047565 0.591011 -0.176307
v 0.111277 0.484025 -0.176494
v 0.052088 0.590936 -0.176494
v 0.133295 -0.002839 -0.17143
v 0.126901 -0.002839 -0.174994
v 0.122531 -0.002839 -0.176307
v 0.133225 1.726375 -0.171236
v 0.126838 1.729341 -0.174794
v 0.122472 1.731369 -0.176105
v 0.132943 1.115588 -0.17143
v 0.126567 1.115612 -0.174994
v 0.122213 1.115633 -0.176307
v 0.068144 1.009795 -0.17143
v 0.062708 1.009774 -0.174994
v 0.059376 1.009756 -0.176307
v 0.128524 1.729762 -0.158097
v 0.122636 1.732502 -0.161287
v 0.118545 1.734405 -0.162462
v 0.119164 1.733435 -0.133054
v 0.114226 1.735732 -0.135541
v 0.110662 1.737391 -0.136458
v 0.095757 1.686663 -0.129328
v 0.09096 1.688895 -0.131711
v 0.087474 1.690517 -0.132589
v 0.133351 1.740861 -0.157336
v 0.127492 1.743587 -0.160504
v 0.123418 1.745483 -0.161671
v 0.127036 1.743915 -0.139834
v 0.121841 1.746332 -0.142511
v 0.118135 1.748057 -0.143498
v 0.092147 1.688343 -0.116068
v 0.087728 1.690399 -0.11811
v 0.084451 1.691923 -0.118863
v 0.091245 1.688762 -0.085309
v 0.08692 1.690775 -0.086757
v 0.083695 1.692275 -0.087291
v 0.119279 1.118138 -0.176494
v 0.081517 1.693288 -0.114143
v 0.081301 1.693388 -0.107962
v 0.081222 1.693425 -0.099384
v 0.087045 1.694598 -0.135256
v 0.08592 1.69239 -0.134974
v 0.08532 1.691663 -0.134207
v -0.090391 1.83034 -0.091906
v -0.090681 1.828932 -0.091702
v -0.091821 1.826193 -0.091627
v -0.054871 1.813815 -0.127532
v -0.055305 1.812473 -0.127184
v -0.056497 1.809759 -0.127055
v 0.160795 1.713478 -0.091906
v 0.159904 1.712348 -0.091702
v 0.158544 1.709712 -0.091627
v 0.169104 1.709612 -0.063286
v 0.168179 1.708498 -0.063162
v 0.166805 1.705868 -0.063116
v -0.0987 1.834206 -0.063286
v -0.098956 1.832781 -0.063162
v -0.100083 1.830037 -0.063116
v 0.107553 1.738248 -0.135842
v 0.106855 1.737029 -0.135458
v 0.105565 1.73436 -0.135317
v 0.167286 1.712748 -0.095728
v 0.166901 1.71221 -0.095653
v 0.166481 1.71209 -0.095449
v 0.109908 1.738408 -0.142504
v 0.110137 1.738617 -0.142887
v 0.11045 1.739188 -0.143028
v 0.172215 1.722794 -0.095871
v 0.171957 1.722597 -0.095778
v 0.171633 1.722031 -0.095744
v 0.114785 1.748482 -0.143058
v 0.115077 1.749063 -0.143122
v 0.115247 1.749299 -0.143298
v -0.052325 1.82726 -0.134311
v -0.052374 1.826968 -0.134151
v -0.052621 1.826366 -0.134093
v -0.090829 1.84414 -0.095744
v -0.090605 1.844753 -0.095778
v -0.090621 1.845077 -0.095871
v -0.057115 1.816115 -0.133589
v -0.057151 1.816448 -0.133938
v -0.056935 1.817064 -0.134066
v -0.095115 1.833796 -0.095449
v -0.095294 1.834195 -0.095653
v -0.09513 1.834836 -0.095728
v -0.104029 1.837944 -0.065444
v -0.104243 1.83836 -0.065568
v -0.104092 1.839007 -0.065614
v -0.099795 1.84831 -0.065623
v -0.099577 1.848925 -0.065644
v -0.099608 1.849257 -0.065701
v 0.176249 1.70858 -0.065614
v 0.175851 1.708048 -0.065568
v 0.175396 1.707943 -0.065444
v 0.181202 1.718612 -0.065701
v 0.180928 1.718423 -0.065644
v 0.180597 1.717859 -0.065623
v 0.115811 1.749203 -0.145075
v 0.115558 1.749299 -0.144205
v 0.120342 1.747024 -0.161271
v 0.120119 1.747185 -0.160402
v -0.05264 1.827552 -0.135136
v -0.052987 1.827736 -0.135926
v -0.059261 1.83064 -0.14986
v -0.059638 1.830759 -0.150651
v 0.196179 1.711798 -0.071239
v 0.196916 1.711398 -0.071521
v 0.182816 1.718029 -0.066276
v 0.182049 1.718363 -0.065995
v 0.17298 1.722583 -0.096354
v 0.173668 1.722285 -0.096816
v 0.185638 1.716702 -0.104968
v 0.186295 1.716339 -0.10543
v -0.101094 1.850117 -0.066276
v -0.100344 1.849746 -0.065995
v -0.091945 1.845861 -0.096816
v -0.091275 1.845526 -0.096354
v -0.115248 1.856631 -0.071521
v -0.114468 1.856325 -0.071239
v -0.104627 1.85169 -0.10543
v -0.103926 1.851421 -0.104968
v 0.182198 1.704995 -0.10609
v 0.182311 1.70536 -0.106059
v 0.18259 1.706005 -0.106047
v 0.192931 1.700002 -0.071923
v 0.193039 1.70037 -0.071904
v 0.193316 1.701016 -0.071897
v 0.186862 1.715344 -0.106006
v 0.186885 1.715751 -0.105913
v 0.19758 1.710356 -0.071872
v 0.197587 1.710771 -0.071815
v -0.110145 1.842199 -0.106047
v -0.110459 1.84157 -0.106058
v -0.110666 1.841248 -0.10609
v -0.065214 1.820101 -0.15178
v -0.06503 1.820433 -0.151725
v -0.064725 1.821065 -0.151705
v -0.105457 1.851762 -0.105913
v -0.105753 1.851482 -0.106006
v -0.06036 1.830364 -0.151635
v -0.060129 1.830674 -0.151476
v 0.116055 1.736957 -0.162431
v 0.115765 1.736317 -0.162453
v 0.115623 1.735967 -0.162513
v 0.120478 1.746648 -0.162179
v 0.120368 1.746283 -0.162354
v -0.11616 1.85674 -0.071815
v -0.116472 1.856468 -0.071872
v -0.120871 1.84719 -0.071897
v -0.121186 1.846562 -0.071904
v -0.121399 1.846242 -0.071923
v 0.115696 1.735563 -0.163276
v 0.115596 1.735667 -0.162843
v 0.11929 1.733437 -0.176079
v 0.119168 1.733797 -0.175645
v 0.118944 1.734013 -0.174848
v -0.065469 1.819906 -0.15208
v -0.065668 1.819942 -0.152474
v -0.070409 1.822106 -0.162994
v -0.070735 1.82213 -0.163719
v -0.070912 1.821866 -0.164113
v 0.203539 1.694656 -0.075918
v 0.204234 1.694228 -0.076176
v 0.204612 1.693769 -0.076316
v 0.193455 1.699387 -0.07217
v 0.193099 1.699609 -0.07203
v 0.182336 1.704617 -0.106266
v 0.182652 1.704412 -0.106496
v 0.191685 1.700171 -0.112651
v 0.192307 1.699776 -0.113075
v 0.192646 1.699332 -0.113305
v -0.122206 1.846246 -0.07217
v -0.121807 1.846117 -0.07203
v -0.111404 1.841221 -0.106496
v -0.111044 1.84111 -0.106266
v -0.133382 1.850909 -0.076316
v -0.133004 1.851094 -0.076176
v -0.132309 1.850904 -0.075918
v -0.121416 1.845346 -0.113305
v -0.121077 1.845547 -0.113075
v -0.120455 1.845389 -0.112651
v -0.071047 1.818387 -0.164413
v -0.121674 1.841806 -0.113481
v 0.192904 1.696286 -0.113481
v -0.13367 1.847355 -0.076423
v 0.2049 1.690737 -0.076423
v 0.119383 1.730296 -0.176409
v -0.12174 0.480942 -0.113526
v 0.192791 0.481073 -0.113526
v -0.133744 0.480934 -0.076451
v 0.20478 0.481096 -0.076451
v 0.119279 0.481007 -0.176494
v -0.12174 1.007087 -0.113526
v -0.071992 1.0071 -0.16449
v -0.133744 0.593583 -0.076451
v -0.12174 0.593576 -0.113526
v -0.133744 1.007079 -0.076451
v -0.071992 0.593562 -0.16449
v 0.12602 0.593444 -0.113526
v 0.138038 0.593421 -0.076451
v 0.12602 1.007218 -0.113526
v 0.138038 1.007241 -0.076451
v 0.057075 0.59351 -0.176494
v 0.057075 1.007152 -0.176494
v 0.11727 1.111982 -0.176494
v 0.118675 1.11454 -0.176494
v 0.05768 1.011254 -0.176494
v 0.059084 1.014018 -0.176494
v -0.071964 1.013678 -0.16449
v -0.071984 1.011022 -0.16449
v -0.071091 1.114812 -0.16449
v -0.071111 1.112334 -0.16449
v 0.140509 1.014598 -0.076451
v 0.138882 1.011649 -0.076451
v 0.202309 1.111397 -0.076451
v 0.203936 1.114126 -0.076451
v 0.191997 1.114229 -0.113526
v 0.1904 1.111546 -0.113526
v 0.12841 1.01445 -0.113526
v 0.126814 1.011548 -0.113526
v -0.133744 1.112472 -0.076451
v -0.133744 1.114917 -0.076451
v -0.12174 1.112423 -0.113526
v -0.12174 1.114881 -0.113526
v -0.133744 1.010931 -0.076451
v -0.133744 1.013544 -0.076451
v -0.12174 1.010964 -0.113526
v -0.12174 1.013593 -0.113526
v -0.12174 0.58707 -0.113526
v -0.12174 0.589699 -0.113526
v -0.133744 0.589732 -0.076451
v -0.133744 0.587118 -0.076451
v -0.071091 0.48548 -0.16449
v -0.071111 0.488218 -0.16449
v -0.12174 0.488133 -0.113526
v -0.12174 0.485422 -0.113526
v -0.133744 0.488085 -0.076451
v -0.133744 0.485389 -0.076451
v -0.071964 0.586984 -0.16449
v -0.071984 0.589641 -0.16449
v 0.12841 0.586212 -0.113526
v 0.126814 0.589114 -0.113526
v 0.05768 0.589409 -0.176494
v 0.059084 0.586644 -0.176494
v 0.191997 0.486007 -0.113526
v 0.1904 0.48899 -0.113526
v 0.11727 0.488558 -0.176494
v 0.118675 0.485712 -0.176494
v 0.140509 0.586065 -0.076451
v 0.138882 0.589013 -0.076451
v 0.203936 0.486107 -0.076451
v 0.202309 0.489138 -0.076451
v 0.111559 -0.002839 -0.176494
v 0.111508 1.736462 -0.176292
v 0.111277 1.115668 -0.176494
v 0.052088 1.009727 -0.176494
v 0.108096 1.739266 -0.16263
v 0.101192 1.741796 -0.136588
v 0.078151 1.694854 -0.132714
v 0.112998 1.750331 -0.161838
v 0.1084 1.752586 -0.143639
v 0.075516 1.69608 -0.11897
v 0.074857 1.696387 -0.087367
v -0.118404 1.790182 0.057309
v -0.117501 1.789762 0.063998
v -0.11505 1.788622 0.070226
v -0.119203 1.787822 0.057204
v -0.118302 1.787403 0.063881
v -0.115859 1.786267 0.070095
v -0.11892 1.786684 0.056918
v -0.118027 1.786269 0.063561
v -0.115605 1.785142 0.069737
v -0.040045 1.804045 0.161952
v -0.052001 1.809576 0.16064
v -0.061309 1.813882 0.157078
v -0.097403 0.480947 0.125844
v -0.097352 1.830555 0.125783
v -0.040081 0.480969 0.162037
v -0.052033 0.480964 0.160724
v -0.061342 0.480959 0.15716
v 0.204595 0.481092 0.072715
v 0.203286 0.481086 0.081194
v 0.199726 0.48108 0.089436
v 0.204712 1.690823 0.072683
v 0.2034 1.69143 0.081159
v 0.199839 1.693077 0.089396
v 0.154631 1.118021 0.139296
v 0.181879 1.117944 0.11184
v -0.09348 1.778587 0.095921
v -0.094356 1.776262 0.095716
v -0.094282 1.775221 0.095159
v 0.089703 1.693361 0.120857
v 0.09324 1.691716 0.119954
v 0.098129 1.689441 0.117503
v 0.088576 1.691154 0.120575
v 0.092107 1.689512 0.119675
v 0.096986 1.687241 0.117232
v 0.087966 1.690431 0.11981
v 0.091482 1.688796 0.118917
v 0.096333 1.686539 0.116494
v 0.113555 1.682264 0.105211
v 0.132478 1.67346 0.086183
v 0.11237 1.680084 0.104978
v 0.131236 1.671307 0.086008
v 0.111604 1.679434 0.104344
v 0.130316 1.670729 0.085531
v -0.128609 1.845014 0.089396
v -0.13217 1.846662 0.081159
v -0.133482 1.847268 0.072683
v -0.12868 0.480939 0.089436
v -0.132244 0.480937 0.081194
v -0.133557 0.480935 0.072715
v -0.086286 1.771358 0.080584
v -0.086066 1.771256 0.075469
v -0.086006 1.771228 0.06841
v 0.144767 1.667743 0.070226
v 0.147218 1.666603 0.063998
v 0.148121 1.666183 0.057309
v 0.143486 1.665607 0.070095
v 0.14593 1.664471 0.063881
v 0.14683 1.664052 0.057204
v 0.142462 1.665077 0.069737
v 0.144885 1.66395 0.063561
v 0.145778 1.663535 0.056918
v 0.084014 1.692127 0.099771
v 0.08726 1.690616 0.099056
v 0.091626 1.688585 0.097114
v 0.083789 1.692231 0.093596
v 0.087021 1.690728 0.092924
v 0.091358 1.68871 0.091101
v 0.083707 1.69227 0.085026
v 0.086932 1.690769 0.084413
v 0.091259 1.688756 0.082747
v 0.104926 1.682397 0.087447
v 0.120751 1.675035 0.074179
v 0.104575 1.682561 0.08201
v 0.120987 1.674925 0.069212
v 0.104448 1.68262 0.074434
v 0.121124 1.674861 0.062576
v -0.064287 1.761123 0.097114
v -0.057549 1.757988 0.099056
v -0.04813 1.753606 0.099771
v -0.064021 1.760999 0.091101
v -0.057318 1.757881 0.092924
v -0.047935 1.753515 0.093596
v -0.063923 1.760954 0.082747
v -0.057233 1.757841 0.084413
v -0.047862 1.753481 0.085026
v -0.067787 1.766633 0.117503
v -0.060383 1.763188 0.119954
v -0.050308 1.758501 0.120857
v -0.068733 1.764342 0.117232
v -0.061343 1.760903 0.119675
v -0.051281 1.756222 0.120575
v -0.068852 1.763391 0.116494
v -0.061497 1.759969 0.118917
v -0.05147 1.755304 0.11981
v 0.133265 1.723874 0.157078
v 0.126875 1.72683 0.16064
v 0.122506 1.728851 0.161952
v 0.133147 0.481029 0.15716
v 0.12676 0.48102 0.160724
v 0.122397 0.481013 0.162037
v 0.075135 1.696257 0.099873
v 0.074939 1.696348 0.093692
v 0.074867 1.696382 0.085114
v 0.080284 1.697744 0.120986
v 0.079167 1.695532 0.120704
v 0.078587 1.694795 0.119937
v 0.100776 1.7414 0.121572
v 0.100088 1.740177 0.121188
v 0.098802 1.737507 0.121047
v -0.047646 1.810454 0.118066
v -0.040216 1.806997 0.120533
v -0.030114 1.802297 0.121442
v -0.048104 1.809123 0.117697
v -0.040691 1.805674 0.120154
v -0.030607 1.800982 0.121059
v -0.049305 1.806413 0.117562
v -0.041899 1.802967 0.120014
v -0.031821 1.798278 0.120918
v 0.165598 1.711242 0.070499
v 0.168065 1.710095 0.064243
v 0.168974 1.709672 0.057528
v 0.164688 1.710122 0.07032
v 0.167145 1.708979 0.064083
v 0.16805 1.708559 0.057385
v 0.16332 1.70749 0.070254
v 0.165773 1.706349 0.064024
v 0.166676 1.705928 0.057332
v 0.134189 1.725855 0.105695
v 0.153231 1.716997 0.086548
v 0.133408 1.724675 0.105378
v 0.152373 1.715852 0.086309
v 0.132088 1.722021 0.105261
v 0.151024 1.713211 0.086221
v 0.110218 1.737008 0.121442
v 0.113767 1.735357 0.120533
v 0.118678 1.733072 0.118066
v 0.109515 1.735791 0.121059
v 0.113056 1.734144 0.120154
v 0.117953 1.731866 0.117697
v 0.108224 1.733123 0.120918
v 0.111762 1.731477 0.120014
v 0.116654 1.729202 0.117562
v -0.073487 1.822476 0.096345
v -0.073848 1.8211 0.096067
v -0.075013 1.818373 0.095964
v -0.09857 1.834146 0.057528
v -0.097661 1.833723 0.064243
v -0.095195 1.832575 0.070499
v -0.098827 1.832721 0.057385
v -0.097921 1.8323 0.064083
v -0.095465 1.831157 0.07032
v -0.099954 1.829977 0.057332
v -0.09905 1.829557 0.064024
v -0.096597 1.828415 0.070254
v 0.158368 1.715864 0.090693
v 0.137979 1.725349 0.111201
v 0.158757 1.715999 0.090931
v 0.13829 1.72552 0.111518
v 0.159129 1.716542 0.091019
v 0.138634 1.726077 0.111635
v 0.121486 1.733022 0.124473
v 0.116332 1.73542 0.127119
v 0.112648 1.737133 0.128095
v 0.121741 1.733219 0.124842
v 0.116573 1.735623 0.127499
v 0.112881 1.73734 0.128478
v 0.122064 1.733785 0.124978
v 0.116891 1.736192 0.127638
v 0.113197 1.73791 0.128619
v 0.163474 1.725827 0.091037
v 0.142974 1.735366 0.11166
v 0.163793 1.726396 0.091078
v 0.14328 1.73594 0.111713
v 0.164037 1.726599 0.091187
v 0.143488 1.73616 0.111858
v 0.1264 1.743078 0.125006
v 0.121226 1.745485 0.127667
v 0.117531 1.747205 0.128648
v 0.126696 1.743657 0.125068
v 0.12152 1.746065 0.127731
v 0.117824 1.747785 0.128712
v 0.126878 1.743888 0.125236
v 0.121696 1.746299 0.127904
v 0.117996 1.74802 0.128887
v -0.072605 1.835663 0.101582
v -0.07237 1.83627 0.101629
v -0.072354 1.836578 0.101756
v -0.031332 1.80412 0.128095
v -0.041739 1.808961 0.12712
v -0.049477 1.812562 0.124473
v -0.03131 1.804424 0.128478
v -0.041733 1.809274 0.127499
v -0.04949 1.812883 0.124842
v -0.031072 1.80503 0.128619
v -0.041502 1.809883 0.127638
v -0.049265 1.813495 0.124978
v -0.026753 1.814332 0.128648
v -0.037185 1.819185 0.127667
v -0.044949 1.822797 0.125006
v -0.026495 1.814929 0.128712
v -0.03693 1.819783 0.127731
v -0.044698 1.823397 0.125068
v -0.026419 1.815209 0.128887
v -0.036862 1.820067 0.127904
v -0.044638 1.823684 0.125236
v -0.076993 1.825364 0.10118
v -0.077102 1.825731 0.101458
v -0.076912 1.826359 0.10156
v -0.100269 1.836194 0.073602
v -0.102915 1.837425 0.067021
v -0.10389 1.837879 0.060017
v -0.100468 1.836603 0.073781
v -0.103124 1.837839 0.067181
v -0.104103 1.838295 0.06016
v -0.100311 1.837247 0.073847
v -0.102972 1.838485 0.067239
v -0.103952 1.838941 0.060213
v -0.096012 1.846551 0.07386
v -0.098674 1.847789 0.067252
v -0.099655 1.848245 0.060224
v -0.095792 1.847166 0.073891
v -0.098455 1.848404 0.067279
v -0.099436 1.848861 0.060248
v -0.095817 1.847494 0.073972
v -0.098485 1.848735 0.067352
v -0.099468 1.849192 0.060314
v 0.175256 1.708008 0.060017
v 0.174281 1.708461 0.067021
v 0.171635 1.709692 0.073602
v 0.175712 1.708112 0.06016
v 0.174733 1.708568 0.067181
v 0.172076 1.709803 0.073781
v 0.176109 1.708645 0.060213
v 0.175128 1.7091 0.06724
v 0.172468 1.710338 0.073847
v 0.180457 1.717924 0.060224
v 0.179477 1.718381 0.067252
v 0.176816 1.719619 0.07386
v 0.180788 1.718488 0.060248
v 0.179807 1.718945 0.067279
v 0.177144 1.720184 0.07389
v 0.181061 1.718677 0.060314
v 0.180079 1.719135 0.067352
v 0.177411 1.720376 0.073972
v 0.132913 1.741232 0.141685
v 0.127106 1.743933 0.144814
v 0.123061 1.745816 0.145967
v 0.133195 1.741044 0.142521
v 0.127357 1.74376 0.145674
v 0.123294 1.745651 0.146835
v 0.127251 1.743859 0.126109
v 0.122035 1.746285 0.128802
v 0.118317 1.748015 0.129794
v 0.127563 1.743736 0.126946
v 0.122316 1.746177 0.129661
v 0.11858 1.747915 0.130662
v -0.026596 1.815435 0.129794
v -0.03708 1.820313 0.128802
v -0.044897 1.82395 0.126109
v -0.026809 1.815557 0.130662
v -0.037333 1.820453 0.129661
v -0.045191 1.824108 0.126946
v -0.030723 1.817363 0.145967
v -0.041947 1.822585 0.144814
v -0.050514 1.826571 0.141685
v -0.030966 1.817419 0.146835
v -0.04223 1.82266 0.145674
v -0.050838 1.826665 0.142521
v 0.181908 1.71843 0.060653
v 0.180916 1.718891 0.06773
v 0.178223 1.720144 0.074395
v 0.182673 1.718096 0.060977
v 0.181673 1.718561 0.068093
v 0.178957 1.719825 0.0748
v 0.196014 1.711874 0.066703
v 0.194861 1.712411 0.074484
v 0.191732 1.713867 0.08194
v 0.19675 1.711475 0.067028
v 0.195588 1.712016 0.074847
v 0.192435 1.713483 0.082345
v -0.096518 1.847966 0.074395
v -0.09921 1.849218 0.06773
v -0.100202 1.84968 0.060653
v -0.097234 1.848322 0.0748
v -0.09995 1.849585 0.068093
v -0.100951 1.850051 0.060977
v -0.110021 1.854256 0.08194
v -0.11315 1.855712 0.074484
v -0.114303 1.856248 0.066703
v -0.110767 1.854546 0.082345
v -0.11392 1.856013 0.074847
v -0.115082 1.856554 0.067028
v 0.176048 1.721164 0.101828
v 0.152041 1.732332 0.125995
v 0.176634 1.720834 0.102369
v 0.152452 1.732085 0.126714
v 0.164727 1.726423 0.091751
v 0.143994 1.736069 0.112608
v 0.165343 1.726159 0.092292
v 0.144435 1.735886 0.113327
v -0.072841 1.83695 0.102414
v -0.073353 1.837211 0.103045
v -0.082531 1.841466 0.114167
v -0.083073 1.841662 0.114798
v 0.148 1.720904 0.12774
v 0.172434 1.709537 0.103141
v 0.14813 1.721261 0.127691
v 0.172552 1.7099 0.103104
v 0.148415 1.721903 0.127672
v 0.172833 1.710544 0.10309
v 0.188403 1.702108 0.082923
v 0.191589 1.700626 0.075364
v 0.192763 1.70008 0.067492
v 0.188513 1.702474 0.082895
v 0.191698 1.700993 0.075339
v 0.192871 1.700448 0.06747
v 0.188791 1.70312 0.082885
v 0.191975 1.701639 0.07533
v 0.193148 1.701094 0.067461
v 0.15271 1.731234 0.127609
v 0.177111 1.719881 0.103042
v 0.152783 1.731618 0.127464
v 0.177149 1.720281 0.102934
v 0.193058 1.712461 0.082849
v 0.19624 1.71098 0.075298
v 0.197413 1.710434 0.067433
v 0.193072 1.712872 0.082768
v 0.196249 1.711394 0.075225
v 0.19742 1.710849 0.067367
v -0.088885 1.831114 0.115699
v -0.088689 1.83144 0.115656
v -0.08838 1.832071 0.11564
v -0.056337 1.815971 0.143715
v -0.047672 1.811939 0.146902
v -0.036351 1.806672 0.148076
v -0.056157 1.816304 0.143658
v -0.047494 1.812274 0.146842
v -0.036177 1.807008 0.148016
v -0.055853 1.816937 0.143636
v -0.047192 1.812907 0.14682
v -0.035875 1.807642 0.147994
v -0.084001 1.841362 0.115584
v -0.083736 1.841657 0.115457
v -0.051493 1.826239 0.143562
v -0.042835 1.822211 0.146744
v -0.031521 1.816948 0.147917
v -0.051272 1.826554 0.143394
v -0.042623 1.82253 0.146571
v -0.031317 1.81727 0.147742
v 0.118589 1.734587 0.148076
v 0.122677 1.732685 0.146902
v 0.128561 1.729948 0.143715
v 0.118731 1.734938 0.148016
v 0.122817 1.733037 0.146842
v 0.128699 1.730301 0.143658
v 0.11902 1.735578 0.147994
v 0.123107 1.733677 0.14682
v 0.128988 1.730941 0.143636
v 0.123332 1.744903 0.147917
v 0.127416 1.743003 0.146744
v 0.133294 1.740268 0.143562
v 0.12344 1.74527 0.147742
v 0.127521 1.743371 0.146571
v 0.133393 1.740639 0.143394
v -0.116305 1.85639 0.067433
v -0.115132 1.855845 0.075298
v -0.11195 1.854365 0.082849
v -0.115993 1.856663 0.067367
v -0.114822 1.856118 0.075225
v -0.111644 1.85464 0.082768
v -0.121231 1.846164 0.067492
v -0.120057 1.845618 0.075364
v -0.116871 1.844135 0.082923
v -0.121019 1.846483 0.06747
v -0.119846 1.845937 0.075339
v -0.116661 1.844455 0.082895
v -0.120703 1.847112 0.067461
v -0.11953 1.846565 0.07533
v -0.116346 1.845084 0.082885
v 0.112892 1.749761 0.148084
v 0.113007 1.750124 0.147909
v 0.108143 1.739447 0.148243
v 0.108287 1.739796 0.148183
v 0.108578 1.740435 0.148161
v 0.13272 1.727603 0.155578
v 0.126386 1.73055 0.159097
v 0.122049 1.732568 0.160394
v 0.132999 1.727363 0.156344
v 0.126636 1.730323 0.159885
v 0.122282 1.732348 0.161189
v 0.13315 1.726993 0.156761
v 0.126771 1.729959 0.160313
v 0.122409 1.731987 0.161622
v 0.128556 1.729637 0.144033
v 0.12266 1.73238 0.147228
v 0.118566 1.734285 0.148405
v 0.128686 1.72952 0.144449
v 0.122774 1.73227 0.147656
v 0.118671 1.734179 0.148838
v -0.036555 1.806454 0.148405
v -0.047891 1.811728 0.147228
v -0.056571 1.815767 0.144033
v -0.036687 1.806459 0.148838
v -0.048043 1.811742 0.147656
v -0.056743 1.81579 0.144449
v -0.039647 1.807794 0.160394
v -0.051532 1.813323 0.159097
v -0.060768 1.81762 0.155578
v -0.03985 1.807764 0.161189
v -0.051771 1.813309 0.159885
v -0.061044 1.817622 0.156344
v -0.039961 1.807476 0.161622
v -0.051901 1.813027 0.160313
v -0.061194 1.817348 0.156761
v 0.192931 1.699687 0.067615
v 0.191753 1.700235 0.075502
v 0.188558 1.701722 0.083077
v 0.193286 1.699465 0.067777
v 0.192105 1.700015 0.075683
v 0.188898 1.701507 0.083279
v 0.203354 1.694742 0.0721
v 0.202057 1.695346 0.080508
v 0.198538 1.696983 0.088669
v 0.204048 1.694315 0.072398
v 0.202743 1.694922 0.080841
v 0.199203 1.696569 0.089041
v 0.204425 1.693856 0.07256
v 0.203116 1.694465 0.081021
v 0.199564 1.696116 0.089242
v -0.117266 1.844005 0.083077
v -0.120461 1.845491 0.075502
v -0.121639 1.846039 0.067615
v -0.117649 1.844126 0.083279
v -0.120856 1.845618 0.075683
v -0.122038 1.846168 0.067777
v -0.127308 1.848577 0.088669
v -0.130827 1.850214 0.080508
v -0.132124 1.850817 0.0721
v -0.127972 1.848754 0.089041
v -0.131513 1.850401 0.080841
v -0.132818 1.851008 0.072398
v -0.128334 1.848562 0.089242
v -0.131886 1.850214 0.081021
v -0.133195 1.850822 0.07256
v 0.180904 1.705187 0.110816
v 0.153976 1.717714 0.137936
v 0.181461 1.704821 0.111312
v 0.154372 1.717422 0.138595
v 0.181763 1.704392 0.111581
v 0.154587 1.717027 0.138953
v 0.172545 1.709171 0.103347
v 0.148044 1.72057 0.128013
v 0.172826 1.708984 0.103616
v 0.148238 1.720423 0.128371
v -0.089202 1.830948 0.115939
v -0.089483 1.831022 0.116253
v -0.096418 1.834206 0.12465
v -0.096895 1.834298 0.125229
v -0.097154 1.834066 0.125543
v 0.154751 1.713935 0.139226
v 0.181994 1.701333 0.111787
v -0.040081 1.118521 0.162037
v -0.052033 1.118552 0.160724
v -0.061342 1.118576 0.15716
v -0.097403 1.118666 0.125844
v 0.204595 1.117869 0.072715
v 0.203286 1.117877 0.081194
v 0.199726 1.117891 0.089436
v -0.12868 1.118742 0.089436
v -0.132244 1.118751 0.081194
v -0.133557 1.118756 0.072715
v 0.133147 1.118086 0.15716
v 0.12676 1.118108 0.160724
v 0.122397 1.118125 0.162037
v 0.154631 0.481048 0.139296
v 0.181879 0.481065 0.11184
v -0.097516 1.007093 0.125844
v -0.133557 0.593582 0.072715
v -0.132244 0.59358 0.081194
v -0.12868 0.593578 0.089436
v -0.133557 1.007081 0.072715
v -0.132244 1.007082 0.081194
v -0.12868 1.007084 0.089436
v -0.097516 0.59357 0.125844
v 0.132964 0.593437 0.089436
v 0.136531 0.593431 0.081194
v 0.137848 0.593426 0.072715
v 0.115111 1.00721 0.11184
v 0.088184 1.007193 0.139296
v 0.132964 1.007225 0.089436
v 0.136531 1.007231 0.081194
v 0.137848 1.007237 0.072715
v 0.115111 0.593452 0.11184
v 0.088184 0.593469 0.139296
v 0.059192 0.593504 0.162037
v 0.062515 0.593497 0.160724
v 0.067941 0.593488 0.15716
v 0.059192 1.007158 0.162037
v 0.062515 1.007166 0.160724
v 0.067941 1.007174 0.15716
v -0.063214 1.007104 0.15716
v -0.05588 1.007109 0.160724
v -0.047585 1.007114 0.162037
v -0.063214 0.593558 0.15716
v -0.05588 0.593554 0.160724
v -0.047585 0.593549 0.162037
v 0.051925 1.007146 0.162224
v 0.051925 0.593517 0.162224
v 0.070125 1.014164 0.15716
v 0.064637 1.014107 0.160724
v 0.061254 1.014057 0.162037
v 0.068623 1.011353 0.15716
v 0.063169 1.011314 0.160724
v 0.059819 1.01128 0.162037
v 0.132465 1.114437 0.15716
v 0.126107 1.114477 0.160724
v 0.12177 1.114513 0.162037
v 0.130963 1.111835 0.15716
v 0.124638 1.111893 0.160724
v 0.120335 1.111943 0.162037
v -0.04735 1.013769 0.162037
v -0.055761 1.013736 0.160724
v -0.063156 1.013706 0.15716
v -0.047517 1.011084 0.162037
v -0.055846 1.011062 0.160724
v -0.063198 1.011041 0.15716
v -0.040149 1.114743 0.162037
v -0.052067 1.114769 0.160724
v -0.061358 1.114791 0.15716
v -0.040315 1.112241 0.162037
v -0.052152 1.112275 0.160724
v -0.061399 1.112306 0.15716
v 0.20376 1.114145 0.072715
v 0.202462 1.114169 0.081194
v 0.198916 1.114197 0.089436
v 0.202139 1.111425 0.072715
v 0.200848 1.111459 0.081194
v 0.19731 1.111499 0.089436
v 0.140303 1.01457 0.072715
v 0.138968 1.014536 0.081194
v 0.135379 1.014496 0.089436
v 0.138682 1.01163 0.072715
v 0.137354 1.011607 0.081194
v 0.133773 1.011579 0.089436
v -0.12868 1.114893 0.089436
v -0.132244 1.114903 0.081194
v -0.133557 1.114911 0.072715
v -0.12868 1.112439 0.089436
v -0.132244 1.112452 0.081194
v -0.133557 1.112463 0.072715
v -0.12868 1.013577 0.089436
v -0.132244 1.013564 0.081194
v -0.133557 1.013553 0.072715
v -0.12868 1.010953 0.089436
v -0.132244 1.010944 0.081194
v -0.133557 1.010937 0.072715
v 0.152341 1.111713 0.139296
v 0.179516 1.111598 0.11184
v 0.153896 1.11435 0.139296
v 0.181102 1.114267 0.11184
v 0.088919 1.011435 0.139296
v 0.115888 1.011513 0.11184
v 0.090474 1.014284 0.139296
v 0.117473 1.014399 0.11184
v -0.097513 1.01363 0.125844
v -0.097515 1.010989 0.125844
v -0.097404 1.11485 0.125844
v -0.097406 1.112384 0.125844
v -0.12868 0.589709 0.089436
v -0.132244 0.589718 0.081194
v -0.133557 0.589726 0.072715
v -0.12868 0.587085 0.089436
v -0.132244 0.587098 0.081194
v -0.133557 0.58711 0.072715
v -0.097406 0.488171 0.125844
v -0.097404 0.485448 0.125844
v -0.12868 0.488118 0.089436
v -0.132244 0.488105 0.081194
v -0.133557 0.488093 0.072715
v -0.12868 0.485412 0.089436
v -0.132244 0.485403 0.081194
v -0.133557 0.485395 0.072715
v -0.097515 0.589673 0.125844
v -0.097513 0.587032 0.125844
v -0.040315 0.48831 0.162037
v -0.052152 0.488277 0.160724
v -0.061399 0.488246 0.15716
v -0.040149 0.485543 0.162037
v -0.052067 0.48552 0.160724
v -0.061358 0.485499 0.15716
v -0.047517 0.589578 0.162037
v -0.055846 0.589601 0.160724
v -0.063198 0.589622 0.15716
v -0.04735 0.586893 0.162037
v -0.055761 0.586926 0.160724
v -0.063156 0.586957 0.15716
v 0.090474 0.586378 0.139296
v 0.117473 0.586264 0.11184
v 0.088919 0.589227 0.139296
v 0.115888 0.589149 0.11184
v 0.068623 0.589309 0.15716
v 0.063169 0.589348 0.160724
v 0.059819 0.589382 0.162037
v 0.070125 0.586499 0.15716
v 0.064637 0.586556 0.160724
v 0.061254 0.586606 0.162037
v 0.153896 0.485894 0.139296
v 0.181102 0.485972 0.11184
v 0.152341 0.488825 0.139296
v 0.179516 0.488939 0.11184
v 0.130963 0.488704 0.15716
v 0.124638 0.488647 0.160724
v 0.120335 0.488597 0.162037
v 0.132465 0.485811 0.15716
v 0.126107 0.485773 0.160724
v 0.12177 0.485738 0.162037
v 0.138682 0.589032 0.072715
v 0.137354 0.589056 0.081194
v 0.133773 0.589083 0.089436
v 0.140303 0.586092 0.072715
v 0.138968 0.586127 0.081194
v 0.135379 0.586167 0.089436
v 0.202139 0.48911 0.072715
v 0.200848 0.489076 0.081194
v 0.19731 0.489036 0.089436
v 0.20376 0.486088 0.072715
v 0.202462 0.486065 0.081194
v 0.198916 0.486038 0.089436
v 0.052491 0.589438 0.162224
v 0.053827 0.586687 0.162224
v 0.109537 0.488516 0.162224
v 0.110874 0.485683 0.162224
v 0.053827 1.013976 0.162224
v 0.052491 1.011225 0.162224
v 0.110874 1.11457 0.162224
v 0.109537 1.112025 0.162224
v 0.11144 1.118162 0.162224
v 0.111139 1.737644 0.160579
v 0.111343 1.737437 0.161376
v 0.111453 1.73708 0.161809
v 0.108108 1.73915 0.148573
v 0.108197 1.739052 0.149007
v 0.112695 1.750638 0.146132
v 0.112895 1.750489 0.147001
v 0.108561 1.752554 0.129936
v 0.108791 1.752469 0.130805
v 0.102956 1.741642 0.128234
v 0.103175 1.741856 0.128617
v 0.103485 1.742428 0.128759
v 0.107818 1.751724 0.128788
v 0.108109 1.752305 0.128853
v 0.108274 1.752544 0.129028
v 0.111537 1.733925 0.162139
v 0.11144 0.481 0.162224
v -0.118404 1.790182 -0.071579
v -0.119203 1.787822 -0.071474
v -0.11892 1.786685 -0.071187
v -0.117501 1.789762 -0.078268
v -0.118302 1.787403 -0.07815
v -0.118027 1.786269 -0.077831
v -0.11505 1.788622 -0.084496
v -0.115859 1.786267 -0.084364
v -0.115605 1.785142 -0.084007
v -0.040045 1.804045 -0.176221
v -0.052001 1.809576 -0.174909
v -0.061309 1.813882 -0.171348
v -0.097403 0.480947 -0.140114
v -0.097352 1.830555 -0.140052
v -0.040081 0.480969 -0.176307
v -0.052033 0.480964 -0.174994
v -0.061342 0.480959 -0.17143
v 0.204595 0.481091 -0.086985
v 0.203286 0.481086 -0.095464
v 0.199726 0.48108 -0.103706
v 0.204712 1.690823 -0.086953
v 0.2034 1.69143 -0.095429
v 0.199839 1.693077 -0.103666
v 0.154631 1.118021 -0.153566
v 0.181879 1.117944 -0.126109
v -0.09348 1.778587 -0.11019
v -0.094356 1.776262 -0.109985
v -0.094282 1.775222 -0.109429
v 0.089703 1.693361 -0.135127
v 0.088576 1.691154 -0.134845
v 0.087966 1.690432 -0.134079
v 0.09324 1.691716 -0.134224
v 0.092107 1.689511 -0.133945
v 0.091482 1.688796 -0.133187
v 0.098129 1.689441 -0.131773
v 0.096986 1.687242 -0.131501
v 0.096333 1.686539 -0.130764
v 0.113555 1.682264 -0.119481
v 0.11237 1.680084 -0.119247
v 0.111604 1.679434 -0.118614
v 0.132478 1.67346 -0.100453
v 0.131236 1.671307 -0.100278
v 0.130316 1.670729 -0.099801
v -0.128609 1.845014 -0.103666
v -0.13217 1.846661 -0.095429
v -0.133482 1.847269 -0.086953
v -0.12868 0.480939 -0.103706
v -0.132244 0.480937 -0.095464
v -0.133557 0.480935 -0.086985
v -0.086286 1.771358 -0.094854
v -0.086066 1.771256 -0.089739
v -0.086006 1.771228 -0.082679
v 0.144767 1.667743 -0.084496
v 0.143486 1.665608 -0.084364
v 0.142462 1.665078 -0.084007
v 0.147218 1.666603 -0.078268
v 0.14593 1.664471 -0.07815
v 0.144885 1.66395 -0.077831
v 0.148121 1.666183 -0.071579
v 0.14683 1.664052 -0.071474
v 0.145778 1.663535 -0.071187
v 0.084014 1.692127 -0.114041
v 0.083789 1.692231 -0.107866
v 0.083707 1.69227 -0.099296
v 0.08726 1.690616 -0.113325
v 0.087021 1.690728 -0.107194
v 0.086932 1.690769 -0.098683
v 0.091626 1.688585 -0.111384
v 0.091358 1.68871 -0.105371
v 0.091259 1.688756 -0.097017
v 0.104926 1.682398 -0.101717
v 0.104575 1.682561 -0.09628
v 0.104448 1.68262 -0.088704
v 0.120751 1.675035 -0.088449
v 0.120987 1.674925 -0.083482
v 0.121124 1.674861 -0.076846
v -0.064287 1.761123 -0.111384
v -0.064021 1.760999 -0.105371
v -0.063923 1.760954 -0.097017
v -0.057549 1.757988 -0.113325
v -0.057318 1.757881 -0.107194
v -0.057233 1.757841 -0.098683
v -0.04813 1.753606 -0.114041
v -0.047935 1.753515 -0.107866
v -0.047862 1.753482 -0.099296
v -0.067787 1.766633 -0.131773
v -0.068733 1.764342 -0.131501
v -0.068852 1.763391 -0.130764
v -0.060383 1.763188 -0.134224
v -0.061343 1.760904 -0.133945
v -0.061497 1.759969 -0.133187
v -0.050308 1.758501 -0.135127
v -0.051281 1.756222 -0.134845
v -0.05147 1.755304 -0.134079
v 0.133265 1.723874 -0.171348
v 0.126875 1.72683 -0.174909
v 0.122506 1.728851 -0.176221
v 0.133147 0.481029 -0.17143
v 0.12676 0.48102 -0.174994
v 0.122397 0.481013 -0.176307
v 0.075135 1.696257 -0.114143
v 0.074939 1.696348 -0.107962
v 0.074867 1.696382 -0.099384
v 0.080284 1.697744 -0.135256
v 0.079167 1.695532 -0.134974
v 0.078587 1.694795 -0.134207
v 0.100777 1.741401 -0.135842
v 0.100088 1.740177 -0.135458
v 0.098802 1.737507 -0.135317
v -0.047646 1.810454 -0.132336
v -0.048104 1.809123 -0.131967
v -0.049305 1.806412 -0.131831
v -0.040216 1.806997 -0.134803
v -0.040691 1.805674 -0.134424
v -0.041899 1.802967 -0.134284
v -0.030114 1.802297 -0.135712
v -0.030607 1.800982 -0.135329
v -0.031821 1.798278 -0.135188
v 0.165598 1.711243 -0.084769
v 0.164688 1.710122 -0.08459
v 0.16332 1.70749 -0.084524
v 0.168065 1.710095 -0.078512
v 0.167145 1.708979 -0.078352
v 0.165773 1.706349 -0.078293
v 0.168974 1.709672 -0.071798
v 0.16805 1.708559 -0.071655
v 0.166676 1.705929 -0.071602
v 0.134189 1.725855 -0.119965
v 0.133408 1.724675 -0.119648
v 0.132088 1.722021 -0.119531
v 0.153231 1.716996 -0.100817
v 0.152373 1.715852 -0.100579
v 0.151024 1.713211 -0.100491
v 0.110218 1.737008 -0.135712
v 0.109515 1.735791 -0.135329
v 0.108224 1.733123 -0.135188
v 0.113767 1.735357 -0.134803
v 0.113056 1.734144 -0.134424
v 0.111762 1.731477 -0.134284
v 0.118678 1.733072 -0.132336
v 0.117953 1.731866 -0.131967
v 0.116654 1.729202 -0.131831
v -0.073487 1.822476 -0.110615
v -0.073848 1.8211 -0.110337
v -0.075013 1.818373 -0.110234
v -0.09857 1.834146 -0.071798
v -0.098827 1.832721 -0.071655
v -0.099954 1.829977 -0.071602
v -0.097661 1.833723 -0.078512
v -0.097921 1.8323 -0.078352
v -0.09905 1.829556 -0.078293
v -0.095194 1.832575 -0.084769
v -0.095465 1.831157 -0.08459
v -0.096597 1.828415 -0.084524
v 0.158368 1.715864 -0.104962
v 0.158757 1.715999 -0.105201
v 0.159129 1.716542 -0.105289
v 0.137979 1.725349 -0.125471
v 0.13829 1.72552 -0.125788
v 0.138634 1.726077 -0.125905
v 0.121486 1.733022 -0.138743
v 0.121741 1.733219 -0.139112
v 0.122064 1.733785 -0.139247
v 0.116332 1.73542 -0.141389
v 0.116573 1.735623 -0.141768
v 0.116891 1.736192 -0.141908
v 0.112648 1.737133 -0.142364
v 0.112881 1.73734 -0.142747
v 0.113197 1.73791 -0.142888
v 0.163474 1.725827 -0.105307
v 0.163793 1.726396 -0.105347
v 0.164037 1.726599 -0.105456
v 0.142974 1.735366 -0.125929
v 0.14328 1.73594 -0.125983
v 0.143488 1.73616 -0.126127
v 0.1264 1.743078 -0.139276
v 0.126696 1.743657 -0.139338
v 0.126878 1.743888 -0.139506
v 0.121226 1.745485 -0.141937
v 0.12152 1.746065 -0.142001
v 0.121696 1.746299 -0.142174
v 0.117531 1.747205 -0.142918
v 0.117824 1.747785 -0.142982
v 0.117996 1.74802 -0.143157
v -0.072605 1.835662 -0.115852
v -0.07237 1.83627 -0.115898
v -0.072354 1.836578 -0.116025
v -0.031332 1.80412 -0.142364
v -0.03131 1.804425 -0.142747
v -0.031072 1.80503 -0.142888
v -0.041739 1.808961 -0.141389
v -0.041733 1.809274 -0.141768
v -0.041502 1.809883 -0.141908
v -0.049477 1.812562 -0.138743
v -0.04949 1.812883 -0.139112
v -0.049265 1.813495 -0.139247
v -0.026753 1.814332 -0.142918
v -0.026495 1.814929 -0.142982
v -0.026419 1.815209 -0.143157
v -0.037185 1.819185 -0.141937
v -0.03693 1.819783 -0.142001
v -0.036862 1.820067 -0.142174
v -0.044949 1.822797 -0.139276
v -0.044698 1.823397 -0.139338
v -0.044638 1.823685 -0.139506
v -0.076993 1.825364 -0.115449
v -0.077102 1.825731 -0.115728
v -0.076912 1.826359 -0.11583
v -0.100269 1.836194 -0.087872
v -0.100467 1.836603 -0.088051
v -0.100311 1.837247 -0.088117
v -0.102915 1.837425 -0.08129
v -0.103124 1.837839 -0.08145
v -0.102972 1.838485 -0.081509
v -0.10389 1.837879 -0.074287
v -0.104103 1.838295 -0.07443
v -0.103952 1.838942 -0.074483
v -0.096012 1.846551 -0.08813
v -0.095792 1.847166 -0.08816
v -0.095817 1.847494 -0.088242
v -0.098674 1.847789 -0.081522
v -0.098455 1.848405 -0.081548
v -0.098485 1.848735 -0.081621
v -0.099655 1.848245 -0.074494
v -0.099436 1.848861 -0.074518
v -0.099468 1.849192 -0.074583
v 0.175256 1.708007 -0.074287
v 0.175712 1.708112 -0.07443
v 0.176109 1.708645 -0.074483
v 0.174281 1.708461 -0.08129
v 0.174733 1.708568 -0.08145
v 0.175128 1.7091 -0.081509
v 0.171635 1.709692 -0.087872
v 0.172076 1.709803 -0.088051
v 0.172468 1.710338 -0.088117
v 0.180457 1.717924 -0.074494
v 0.180788 1.718488 -0.074518
v 0.181061 1.718677 -0.074583
v 0.179477 1.718381 -0.081522
v 0.179807 1.718945 -0.081548
v 0.180079 1.719135 -0.081621
v 0.176816 1.719619 -0.08813
v 0.177144 1.720184 -0.08816
v 0.177411 1.720376 -0.088242
v 0.132913 1.741232 -0.155955
v 0.133195 1.741044 -0.156791
v 0.127106 1.743934 -0.159084
v 0.127357 1.74376 -0.159944
v 0.123061 1.745816 -0.160237
v 0.123294 1.745651 -0.161105
v 0.127251 1.743859 -0.140379
v 0.127563 1.743736 -0.141215
v 0.122035 1.746285 -0.143072
v 0.122316 1.746177 -0.143931
v 0.118317 1.748015 -0.144064
v 0.11858 1.747915 -0.144932
v -0.026596 1.815435 -0.144064
v -0.026809 1.815557 -0.144932
v -0.03708 1.820313 -0.143072
v -0.037333 1.820453 -0.143931
v -0.044897 1.82395 -0.140379
v -0.045191 1.824109 -0.141215
v -0.030723 1.817363 -0.160237
v -0.030966 1.81742 -0.161105
v -0.041947 1.822585 -0.159084
v -0.04223 1.82266 -0.159944
v -0.050514 1.826571 -0.155955
v -0.050838 1.826665 -0.156791
v 0.181908 1.718429 -0.074922
v 0.182674 1.718096 -0.075247
v 0.180916 1.718891 -0.082
v 0.181673 1.718561 -0.082363
v 0.178223 1.720144 -0.088665
v 0.178957 1.719825 -0.08907
v 0.196014 1.711874 -0.080973
v 0.19675 1.711475 -0.081298
v 0.194861 1.712411 -0.088754
v 0.195588 1.712016 -0.089116
v 0.191732 1.713867 -0.096209
v 0.192435 1.713482 -0.096614
v -0.096518 1.847966 -0.088665
v -0.097234 1.848321 -0.08907
v -0.09921 1.849218 -0.082
v -0.09995 1.849585 -0.082363
v -0.100202 1.84968 -0.074922
v -0.100951 1.850051 -0.075247
v -0.110021 1.854256 -0.096209
v -0.110767 1.854546 -0.096614
v -0.11315 1.855712 -0.088754
v -0.11392 1.856013 -0.089116
v -0.114303 1.856248 -0.080973
v -0.115082 1.856554 -0.081298
v 0.176048 1.721163 -0.116098
v 0.176634 1.720834 -0.116639
v 0.152042 1.732333 -0.140265
v 0.152452 1.732085 -0.140983
v 0.164727 1.726423 -0.106021
v 0.165343 1.726159 -0.106562
v 0.143994 1.736069 -0.126878
v 0.144435 1.735886 -0.127596
v -0.072841 1.83695 -0.116684
v -0.073353 1.837211 -0.117315
v -0.082531 1.841466 -0.128437
v -0.083073 1.841662 -0.129068
v 0.148 1.720904 -0.14201
v 0.14813 1.721261 -0.14196
v 0.148415 1.721903 -0.141942
v 0.172434 1.709537 -0.117411
v 0.172552 1.7099 -0.117374
v 0.172833 1.710544 -0.11736
v 0.188403 1.702108 -0.097193
v 0.188513 1.702474 -0.097165
v 0.188791 1.70312 -0.097155
v 0.191589 1.700626 -0.089634
v 0.191698 1.700993 -0.089609
v 0.191975 1.701639 -0.0896
v 0.192763 1.70008 -0.081762
v 0.192871 1.700448 -0.081739
v 0.193148 1.701094 -0.081731
v 0.15271 1.731234 -0.141879
v 0.152783 1.731618 -0.141734
v 0.177111 1.719881 -0.117312
v 0.177149 1.720281 -0.117203
v 0.193058 1.712461 -0.097119
v 0.193072 1.712872 -0.097037
v 0.19624 1.71098 -0.089568
v 0.196249 1.711394 -0.089495
v 0.197413 1.710435 -0.081702
v 0.19742 1.710849 -0.081637
v -0.088885 1.831114 -0.129969
v -0.088689 1.831441 -0.129925
v -0.08838 1.832071 -0.129909
v -0.056337 1.815971 -0.157985
v -0.056157 1.816304 -0.157927
v -0.055853 1.816937 -0.157906
v -0.047672 1.811939 -0.161171
v -0.047494 1.812274 -0.161112
v -0.047192 1.812907 -0.16109
v -0.036351 1.806672 -0.162345
v -0.036177 1.807008 -0.162285
v -0.035875 1.807642 -0.162263
v -0.084001 1.841362 -0.129854
v -0.083736 1.841657 -0.129727
v -0.051493 1.826239 -0.157832
v -0.051272 1.826554 -0.157664
v -0.042835 1.822211 -0.161014
v -0.042623 1.82253 -0.160841
v -0.031521 1.816948 -0.162187
v -0.031317 1.81727 -0.162012
v 0.118589 1.734587 -0.162345
v 0.118731 1.734938 -0.162285
v 0.11902 1.735578 -0.162263
v 0.122677 1.732685 -0.161171
v 0.122817 1.733037 -0.161112
v 0.123107 1.733677 -0.16109
v 0.128561 1.729948 -0.157985
v 0.128699 1.730301 -0.157927
v 0.128988 1.730941 -0.157906
v 0.123332 1.744903 -0.162187
v 0.12344 1.74527 -0.162012
v 0.127416 1.743003 -0.161014
v 0.127521 1.743371 -0.160841
v 0.133294 1.740268 -0.157832
v 0.133393 1.740639 -0.157664
v -0.116305 1.85639 -0.081702
v -0.115993 1.856663 -0.081637
v -0.115132 1.855845 -0.089568
v -0.114822 1.856118 -0.089495
v -0.11195 1.854365 -0.097119
v -0.111644 1.85464 -0.097037
v -0.121231 1.846164 -0.081762
v -0.121019 1.846483 -0.081739
v -0.120703 1.847112 -0.081731
v -0.120057 1.845618 -0.089634
v -0.119846 1.845937 -0.089609
v -0.11953 1.846565 -0.0896
v -0.116871 1.844135 -0.097193
v -0.116661 1.844455 -0.097165
v -0.116346 1.845084 -0.097155
v 0.112892 1.749761 -0.162354
v 0.113007 1.750124 -0.162179
v 0.108143 1.739446 -0.162513
v 0.108287 1.739797 -0.162453
v 0.108578 1.740435 -0.162431
v 0.13272 1.727603 -0.169848
v 0.132999 1.727363 -0.170614
v 0.13315 1.726993 -0.171031
v 0.126386 1.73055 -0.173367
v 0.126636 1.730323 -0.174155
v 0.126771 1.729959 -0.174583
v 0.122049 1.732568 -0.174663
v 0.122282 1.732348 -0.175459
v 0.122409 1.731987 -0.175892
v 0.128556 1.729637 -0.158302
v 0.128686 1.72952 -0.158719
v 0.12266 1.73238 -0.161498
v 0.122774 1.73227 -0.161926
v 0.118566 1.734285 -0.162675
v 0.118671 1.734179 -0.163108
v -0.036555 1.806454 -0.162675
v -0.036687 1.806459 -0.163108
v -0.047891 1.811728 -0.161498
v -0.048043 1.811742 -0.161926
v -0.056571 1.815767 -0.158302
v -0.056743 1.81579 -0.158719
v -0.039647 1.807794 -0.174663
v -0.03985 1.807764 -0.175459
v -0.039961 1.807476 -0.175892
v -0.051532 1.813323 -0.173367
v -0.051771 1.813309 -0.174155
v -0.051901 1.813028 -0.174583
v -0.060768 1.81762 -0.169848
v -0.061044 1.817622 -0.170614
v -0.061194 1.817348 -0.171031
v 0.192931 1.699687 -0.081885
v 0.193286 1.699465 -0.082047
v 0.191753 1.700235 -0.089772
v 0.192105 1.700015 -0.089953
v 0.188558 1.701722 -0.097347
v 0.188898 1.701507 -0.097549
v 0.203354 1.694742 -0.08637
v 0.204048 1.694315 -0.086668
v 0.204425 1.693856 -0.08683
v 0.202057 1.695345 -0.094778
v 0.202743 1.694922 -0.09511
v 0.203116 1.694464 -0.095291
v 0.198538 1.696983 -0.102939
v 0.199203 1.696569 -0.10331
v 0.199564 1.696116 -0.103512
v -0.117266 1.844005 -0.097347
v -0.117649 1.844126 -0.097549
v -0.120461 1.845491 -0.089772
v -0.120856 1.845618 -0.089953
v -0.121639 1.846039 -0.081885
v -0.122038 1.846168 -0.082047
v -0.127308 1.848577 -0.102939
v -0.127972 1.848754 -0.10331
v -0.128334 1.848562 -0.103512
v -0.130827 1.850214 -0.094778
v -0.131513 1.850401 -0.09511
v -0.131886 1.850214 -0.095291
v -0.132124 1.850818 -0.08637
v -0.132818 1.851008 -0.086668
v -0.133195 1.850822 -0.08683
v 0.180904 1.705187 -0.125086
v 0.181461 1.704821 -0.125582
v 0.181763 1.704392 -0.125851
v 0.153976 1.717714 -0.152206
v 0.154372 1.717422 -0.152865
v 0.154587 1.717027 -0.153223
v 0.172545 1.709172 -0.117617
v 0.172826 1.708984 -0.117886
v 0.148044 1.72057 -0.142283
v 0.148238 1.720424 -0.142641
v -0.089202 1.830948 -0.130209
v -0.089483 1.831022 -0.130523
v -0.096418 1.834206 -0.13892
v -0.096895 1.834298 -0.139498
v -0.097154 1.834066 -0.139813
v 0.154751 1.713935 -0.153495
v 0.181994 1.701333 -0.126056
v -0.040081 1.118521 -0.176307
v -0.052033 1.118552 -0.174994
v -0.061342 1.118576 -0.17143
v -0.097403 1.118666 -0.140114
v 0.204595 1.117869 -0.086985
v 0.203286 1.117877 -0.095464
v 0.199726 1.117891 -0.103706
v -0.12868 1.118742 -0.103706
v -0.132244 1.118751 -0.095464
v -0.133557 1.118756 -0.086985
v 0.133147 1.118086 -0.17143
v 0.12676 1.118108 -0.174994
v 0.122397 1.118125 -0.176307
v 0.154631 0.481048 -0.153566
v 0.181879 0.481065 -0.126109
v -0.097516 1.007093 -0.140114
v -0.133557 0.593582 -0.086985
v -0.132244 0.59358 -0.095464
v -0.12868 0.593578 -0.103706
v -0.133557 1.007081 -0.086985
v -0.132244 1.007083 -0.095464
v -0.12868 1.007084 -0.103706
v -0.097516 0.59357 -0.140114
v 0.132964 0.593437 -0.103706
v 0.136531 0.593431 -0.095464
v 0.137848 0.593426 -0.086985
v 0.115111 1.00721 -0.126109
v 0.088184 1.007193 -0.153566
v 0.132964 1.007225 -0.103706
v 0.136531 1.007232 -0.095464
v 0.137848 1.007237 -0.086985
v 0.115111 0.593452 -0.126109
v 0.088184 0.593469 -0.153566
v 0.059192 0.593504 -0.176307
v 0.062515 0.593497 -0.174994
v 0.067941 0.593488 -0.17143
v 0.059192 1.007158 -0.176307
v 0.062515 1.007166 -0.174994
v 0.067941 1.007174 -0.17143
v -0.063214 1.007104 -0.17143
v -0.05588 1.007109 -0.174994
v -0.047585 1.007114 -0.176307
v -0.063214 0.593558 -0.17143
v -0.05588 0.593554 -0.174994
v -0.047585 0.593548 -0.176307
v 0.051925 1.007146 -0.176494
v 0.051925 0.593517 -0.176494
v 0.070125 1.014164 -0.17143
v 0.068623 1.011353 -0.17143
v 0.064637 1.014107 -0.174994
v 0.063169 1.011314 -0.174994
v 0.061254 1.014057 -0.176307
v 0.059819 1.01128 -0.176307
v 0.132465 1.114437 -0.17143
v 0.130963 1.111835 -0.17143
v 0.126107 1.114478 -0.174994
v 0.124638 1.111893 -0.174994
v 0.12177 1.114513 -0.176307
v 0.120335 1.111943 -0.176307
v -0.04735 1.01377 -0.176307
v -0.047517 1.011084 -0.176307
v -0.055761 1.013736 -0.174994
v -0.055846 1.011062 -0.174994
v -0.063156 1.013706 -0.17143
v -0.063198 1.011041 -0.17143
v -0.040149 1.114743 -0.176307
v -0.040315 1.112241 -0.176307
v -0.052067 1.114769 -0.174994
v -0.052152 1.112275 -0.174994
v -0.061358 1.114791 -0.17143
v -0.061399 1.112306 -0.17143
v 0.20376 1.114145 -0.086985
v 0.202139 1.111425 -0.086985
v 0.202462 1.114169 -0.095464
v 0.200848 1.111459 -0.095464
v 0.198916 1.114197 -0.103706
v 0.19731 1.111499 -0.103706
v 0.140303 1.01457 -0.086985
v 0.138682 1.01163 -0.086985
v 0.138968 1.014536 -0.095464
v 0.137354 1.011607 -0.095464
v 0.135379 1.014496 -0.103706
v 0.133773 1.01158 -0.103706
v -0.12868 1.114893 -0.103706
v -0.12868 1.112439 -0.103706
v -0.132244 1.114903 -0.095464
v -0.132244 1.112452 -0.095464
v -0.133557 1.114911 -0.086985
v -0.133557 1.112463 -0.086985
v -0.12868 1.013577 -0.103706
v -0.12868 1.010953 -0.103706
v -0.132244 1.013564 -0.095464
v -0.132244 1.010944 -0.095464
v -0.133557 1.013553 -0.086985
v -0.133557 1.010937 -0.086985
v 0.152341 1.111713 -0.153566
v 0.153896 1.11435 -0.153566
v 0.179516 1.111598 -0.126109
v 0.181102 1.114267 -0.126109
v 0.088919 1.011435 -0.153566
v 0.090474 1.014285 -0.153566
v 0.115888 1.011513 -0.126109
v 0.117473 1.014399 -0.126109
v -0.097513 1.01363 -0.140114
v -0.097515 1.010989 -0.140114
v -0.097404 1.11485 -0.140114
v -0.097406 1.112384 -0.140114
v -0.12868 0.589709 -0.103706
v -0.12868 0.587085 -0.103706
v -0.132244 0.589718 -0.095464
v -0.132244 0.587098 -0.095464
v -0.133557 0.589726 -0.086985
v -0.133557 0.587109 -0.086985
v -0.097406 0.488171 -0.140114
v -0.097404 0.485448 -0.140114
v -0.12868 0.488118 -0.103706
v -0.12868 0.485412 -0.103706
v -0.132244 0.488105 -0.095464
v -0.132244 0.485403 -0.095464
v -0.133557 0.488094 -0.086985
v -0.133557 0.485395 -0.086985
v -0.097515 0.589673 -0.140114
v -0.097513 0.587032 -0.140114
v -0.040315 0.48831 -0.176307
v -0.040149 0.485542 -0.176307
v -0.052152 0.488277 -0.174994
v -0.052067 0.48552 -0.174994
v -0.061399 0.488246 -0.17143
v -0.061358 0.485499 -0.17143
v -0.047517 0.589578 -0.176307
v -0.04735 0.586893 -0.176307
v -0.055846 0.589601 -0.174994
v -0.055761 0.586926 -0.174994
v -0.063198 0.589622 -0.17143
v -0.063156 0.586957 -0.17143
v 0.090474 0.586378 -0.153566
v 0.088919 0.589227 -0.153566
v 0.117473 0.586264 -0.126109
v 0.115888 0.589149 -0.126109
v 0.068623 0.589309 -0.17143
v 0.070125 0.586499 -0.17143
v 0.063169 0.589348 -0.174994
v 0.064637 0.586556 -0.174994
v 0.059819 0.589382 -0.176307
v 0.061254 0.586606 -0.176307
v 0.153896 0.485894 -0.153566
v 0.152341 0.488825 -0.153566
v 0.181102 0.485972 -0.126109
v 0.179516 0.488939 -0.126109
v 0.130963 0.488704 -0.17143
v 0.132465 0.485811 -0.17143
v 0.124638 0.488647 -0.174994
v 0.126107 0.485773 -0.174994
v 0.120335 0.488597 -0.176307
v 0.12177 0.485739 -0.176307
v 0.138682 0.589032 -0.086985
v 0.140303 0.586093 -0.086985
v 0.137354 0.589056 -0.095464
v 0.138968 0.586126 -0.095464
v 0.133773 0.589083 -0.103706
v 0.135379 0.586167 -0.103706
v 0.202139 0.48911 -0.086985
v 0.20376 0.486088 -0.086985
v 0.200848 0.489076 -0.095464
v 0.202462 0.486065 -0.095464
v 0.19731 0.489036 -0.103706
v 0.198916 0.486038 -0.103706
v 0.052491 0.589438 -0.176494
v 0.053827 0.586687 -0.176494
v 0.109537 0.488516 -0.176494
v 0.110874 0.485683 -0.176494
v 0.053827 1.013976 -0.176494
v 0.052491 1.011225 -0.176494
v 0.110874 1.11457 -0.176494
v 0.109537 1.112025 -0.176494
v 0.11144 1.118161 -0.176494
v 0.111139 1.737644 -0.174849
v 0.111343 1.737437 -0.175645
v 0.111453 1.73708 -0.176079
v 0.108108 1.73915 -0.162843
v 0.108197 1.739053 -0.163276
v 0.112695 1.750638 -0.160402
v 0.112895 1.750489 -0.161271
v 0.108561 1.752554 -0.144205
v 0.108791 1.752469 -0.145075
v 0.102956 1.741642 -0.142504
v 0.103175 1.741856 -0.142887
v 0.103485 1.742428 -0.143028
v 0.107818 1.751724 -0.143058
v 0.108109 1.752305 -0.143122
v 0.108274 1.752544 -0.143298
v 0.111537 1.733925 -0.176409
v 0.11144 0.481 -0.176494
v 0.204974 -0.002839 0.090202
v 0.204974 -0.002839 -0.104472
v 0.204974 0.485181 0.090202
v 0.204974 0.485181 -0.104472
v 0.137844 0.590057 0.090202
v 0.137844 1.010606 0.090202
v 0.137844 0.590057 -0.104472
v 0.137844 1.010606 -0.104472
v 0.204974 1.115482 -0.104472
v 0.204974 1.115482 0.090202
v 0.204974 1.620447 -0.103472
v 0.204974 1.619447 -0.104472
v 0.204974 1.619447 0.090202
v 0.204974 1.620447 0.089202
v 0.218025 -0.002839 -0.104472
v 0.219042 -0.002839 -0.103472
v 0.219042 -0.002839 0.089202
v 0.218025 -0.002839 0.090202
v 0.218626 0.487001 0.089202
v 0.218086 0.488844 0.089202
v 0.217607 0.487791 0.090202
v 0.218626 0.487001 -0.103472
v 0.217607 0.487791 -0.104472
v 0.218086 0.488844 -0.103472
v 0.152034 0.592035 0.089202
v 0.151495 0.593877 0.089202
v 0.150476 0.592667 0.090202
v 0.151495 1.006786 0.089202
v 0.152034 1.008628 0.089202
v 0.150476 1.007996 0.090202
v 0.152034 0.592035 -0.103472
v 0.150476 0.592667 -0.104472
v 0.151495 0.593877 -0.103472
v 0.150476 1.007996 -0.104472
v 0.152034 1.008628 -0.103472
v 0.151495 1.006786 -0.103472
v 0.217607 1.112872 -0.104472
v 0.218626 1.113661 -0.103472
v 0.218086 1.111819 -0.103472
v 0.218086 1.111819 0.089202
v 0.218626 1.113661 0.089202
v 0.217607 1.112872 0.090202
v 0.218024 1.619447 -0.104472
v 0.218042 1.620447 -0.103472
v 0.219042 1.619447 -0.103472
v 0.218042 1.620447 0.089202
v 0.218024 1.619447 0.090202
v 0.219042 1.619447 0.089202
#end vertices

#begin 3772 textures vertices 
vt 0.8829037 0.9192811 0
vt 0.8863238 0.9267612 0
vt 0.8936273 0.9130808 0
vt 0.8712205 0.9233755 0
vt 0.8737514 0.9311288 0
vt 0.8590262 0.9252008 0
vt 0.8605828 0.9329726 0
vt 0.8467815 0.9246892 0
vt 0.8472928 0.9322136 0
vt 0.8365837 0.9231293 0
vt 0.8343671 0.9289076 0
vt 0.8278853 0.9178327 0
vt 0.8223048 0.9231672 0
vt 0.8182225 0.910335 0
vt 0.8115699 0.915182 0
vt 0.8100184 0.9009847 0
vt 0.802571 0.9052388 0
vt 0.8036325 0.8901559 0
vt 0.7956646 0.893712 0
vt 0.799363 0.8782936 0
vt 0.7911721 0.8810146 0
vt 0.7973942 0.8659088 0
vt 0.7892451 0.8676521 0
vt 0.7978118 0.853531 0
vt 0.7899656 0.8541444 0
vt 0.7993299 0.843276 0
vt 0.793325 0.8410159 0
vt 0.8047829 0.8343583 0
vt 0.799189 0.8287823 0
vt 0.8124193 0.82451 0
vt 0.8073225 0.817931 0
vt 0.8218782 0.8162514 0
vt 0.8174472 0.8089051 0
vt 0.8327892 0.809919 0
vt 0.8291741 0.8020542 0
vt 0.8447013 0.8057652 0
vt 0.8420151 0.7976291 0
vt 0.8571201 0.8039599 0
vt 0.8554514 0.7958035 0
vt 0.8695515 0.8045794 0
vt 0.8689763 0.7967016 0
vt 0.879848 0.8062538 0
vt 0.8820553 0.800218 0
vt 0.8885811 0.8117967 0
vt 0.8941529 0.806249 0
vt 0.8981939 0.8195672 0
vt 0.9048082 0.8145396 0
vt 0.9062632 0.8291484 0
vt 0.9136372 0.824728 0
vt 0.9124514 0.8401255 0
vt 0.9203037 0.8364133 0
vt 0.9165023 0.8520279 0
vt 0.9245512 0.849155 0
vt 0.918265 0.8643479 0
vt 0.9262531 0.862459 0
vt 0.9176806 0.8765686 0
vt 0.9253624 0.8758139 0
vt 0.9160399 0.8866246 0
vt 0.9218742 0.8887118 0
vt 0.9105744 0.8953842 0
vt 0.9159448 0.9006819 0
vt 0.9029713 0.9050162 0
vt 0.9078402 0.9112745 0
vt 0.9134385 0.9164374 0
vt 0.8978344 0.9200599 0
vt 0.9022804 0.9261856 0
vt 0.9065368 0.9320518 0
vt 0.8894682 0.9336504 0
vt 0.8925049 0.940313 0
vt 0.8754792 0.9385211 0
vt 0.8771542 0.9456774 0
vt 0.8608295 0.9405767 0
vt 0.8610565 0.9479481 0
vt 0.8460399 0.9397029 0
vt 0.8448328 0.9468819 0
vt 0.8316637 0.9360225 0
vt 0.8290861 0.9428059 0
vt 0.8182286 0.9296689 0
vt 0.8142766 0.9359777 0
vt 0.8062703 0.9207804 0
vt 0.8011902 0.9261467 0
vt 0.7962498 0.909714 0
vt 0.7901957 0.9140089 0
vt 0.7885275 0.8968871 0
vt 0.7815801 0.8999701 0
vt 0.7835514 0.8827338 0
vt 0.7762487 0.8843656 0
vt 0.7813746 0.8678598 0
vt 0.7738242 0.8680488 0
vt 0.7821831 0.852811 0
vt 0.7746545 0.8515109 0
vt 0.7859515 0.8382056 0
vt 0.778882 0.8355067 0
vt 0.7924609 0.8245812 0
vt 0.7860206 0.8205595 0
vt 0.8014945 0.8124833 0
vt 0.7958367 0.8071973 0
vt 0.8127654 0.8024266 0
vt 0.808246 0.7961687 0
vt 0.8258391 0.7948168 0
vt 0.8226052 0.7878139 0
vt 0.8401488 0.7898905 0
vt 0.8383519 0.7824772 0
vt 0.8551053 0.7878135 0
vt 0.8547686 0.7800607 0
vt 0.8701694 0.7888733 0
vt 0.8713026 0.7814072 0
vt 0.8847486 0.7927725 0
vt 0.8873553 0.7855639 0
vt 0.8982202 0.799488 0
vt 0.9021714 0.7929292 0
vt 0.9100772 0.8087362 0
vt 0.9151252 0.8031839 0
vt 0.9198881 0.8200937 0
vt 0.9258795 0.8156479 0
vt 0.9273133 0.8330919 0
vt 0.9340313 0.8298957 0
vt 0.932039 0.8472709 0
vt 0.9392382 0.8454546 0
vt 0.9339229 0.8620827 0
vt 0.9412291 0.8617087 0
vt 0.9329413 0.8769486 0
vt 0.9403329 0.8780447 0
vt 0.9290551 0.8913025 0
vt 0.9360146 0.8938129 0
vt 0.9224365 0.904624 0
vt 0.928629 0.908382 0
vt 0.9188699 0.9214435 0
vt 0.954713 0.9542775 0
vt 0.9708889 0.9339042 0
vt 0.9354688 0.9717662 0
vt 0.9129948 0.9848146 0
vt 0.8884151 0.9932863 0
vt 0.8626436 0.9968507 0
vt 0.836599 0.9958009 0
vt 0.8113111 0.9893145 0
vt 0.7879514 0.9776797 0
vt 0.7670199 0.9620901 0
vt 0.7494813 0.9426751 0
vt 0.7364613 0.9199807 0
vt 0.7273 0.895403 0
vt 0.7235701 0.8693648 0
vt 0.7250143 0.8430819 0
vt 0.7311625 0.8173927 0
vt 0.7426376 0.7935385 0
vt 0.7589109 0.7726612 0
vt 0.7786632 0.7550641 0
vt 0.8014778 0.7416981 0
vt 0.8264509 0.7330723 0
vt 0.8526847 0.7299682 0
vt 0.8790313 0.7312159 0
vt 0.9043628 0.7384712 0
vt 0.9279151 0.7501456 0
vt 0.9489742 0.7658595 0
vt 0.9662277 0.7856779 0
vt 0.979271 0.8084512 0
vt 0.987619 0.8332897 0
vt 0.9909763 0.8592345 0
vt 0.988792 0.8852486 0
vt 0.9820229 0.9103835 0
vt 0.910358 0.8849939 0
vt 0.901466 0.8946329 0
vt 0.8907225 0.9030263 0
vt 0.8785594 0.9097887 0
vt 0.865509 0.914611 0
vt 0.8521498 0.9172912 0
vt 0.8390506 0.9177589 0
vt 0.9096872 0.8722867 0
vt 0.8991818 0.8814845 0
vt 0.8867206 0.8899801 0
vt 0.8728414 0.8973087 0
vt 0.8582412 0.9030693 0
vt 0.8436779 0.9069939 0
vt 0.8298494 0.9089818 0
vt 0.9067854 0.8587588 0
vt 0.8948676 0.8667132 0
vt 0.8810262 0.8746713 0
vt 0.8659051 0.8821768 0
vt 0.85036 0.8887705 0
vt 0.8352968 0.8941008 0
vt 0.8214797 0.8979775 0
vt 0.9017694 0.8451581 0
vt 0.8887212 0.8512742 0
vt 0.8739631 0.858146 0
vt 0.8582239 0.8654164 0
vt 0.8424535 0.8726373 0
vt 0.8276118 0.879376 0
vt 0.8144444 0.8853109 0
vt 0.8949087 0.8323063 0
vt 0.8811574 0.8363322 0
vt 0.8660866 0.841794 0
vt 0.8504631 0.8484723 0
vt 0.8352163 0.8559923 0
vt 0.821238 0.8638891 0
vt 0.8091944 0.8717202 0
vt 0.8866168 0.8209876 0
vt 0.8727643 0.8230339 0
vt 0.8580924 0.8270404 0
vt 0.8433261 0.8328904 0
vt 0.8292667 0.8402966 0
vt 0.8166562 0.848837 0
vt 0.8060519 0.8580344 0
vt 0.8773864 0.8118517 0
vt 0.8641681 0.8122803 0
vt 0.8506242 0.8149807 0
vt 0.8373614 0.8198785 0
vt 0.8250056 0.8267584 0
vt 0.8141275 0.8352894 0
vt 0.8051741 0.8450569 0
vt 0.8801395 0.9292455 0
vt 0.8727713 0.9273171 0
vt 0.8771544 0.9216037 0
vt 0.8846858 0.923179 0
vt 0.8922357 0.9236804 0
vt 0.8884124 0.9164297 0
vt 0.895596 0.9168291 0
vt 0.8672121 0.9323637 0
vt 0.8602927 0.9290762 0
vt 0.8651581 0.9245782 0
vt 0.853923 0.9329127 0
vt 0.8477101 0.9283832 0
vt 0.8528813 0.9252365 0
vt 0.8407559 0.9308669 0
vt 0.8356921 0.925429 0
vt 0.8409372 0.9237313 0
vt 0.8281981 0.9263302 0
vt 0.8245721 0.9199988 0
vt 0.8329191 0.9208251 0
vt 0.8167469 0.9194359 0
vt 0.8144386 0.9124216 0
vt 0.8228965 0.9143347 0
vt 0.8068286 0.9104345 0
vt 0.8059337 0.9029854 0
vt 0.8139146 0.9058706 0
vt 0.7988378 0.8996465 0
vt 0.7994008 0.892046 0
vt 0.8065786 0.8957286 0
vt 0.793113 0.8874772 0
vt 0.7951317 0.8800087 0
vt 0.8012208 0.8843225 0
vt 0.7898762 0.8743842 0
vt 0.793286 0.8673533 0
vt 0.7980831 0.8721342 0
vt 0.7892738 0.8608835 0
vt 0.7939415 0.8545768 0
vt 0.7973038 0.8596859 0
vt 0.7913209 0.8475008 0
vt 0.7969344 0.8423855 0
vt 0.798747 0.8476559 0
vt 0.7959612 0.834757 0
vt 0.8024813 0.8310987 0
vt 0.8017066 0.8395209 0
vt 0.8029879 0.8231548 0
vt 0.8102 0.8208481 0
vt 0.8083545 0.8292604 0
vt 0.8121593 0.8131653 0
vt 0.8197999 0.8123115 0
vt 0.8169418 0.8201596 0
vt 0.8231412 0.8051933 0
vt 0.8309057 0.8058215 0
vt 0.8271794 0.8128276 0
vt 0.8354891 0.7995311 0
vt 0.8430688 0.8016251 0
vt 0.8386512 0.8075586 0
vt 0.8486916 0.7963761 0
vt 0.8557894 0.7998897 0
vt 0.8508785 0.804561 0
vt 0.8622332 0.7959199 0
vt 0.8685842 0.8007086 0
vt 0.8633657 0.8039688 0
vt 0.8756042 0.7981451 0
vt 0.8807362 0.8038541 0
vt 0.8754609 0.8056097 0
vt 0.8882571 0.802934 0
vt 0.8918907 0.8095449 0
vt 0.8835369 0.8086695 0
vt 0.8996863 0.81013 0
vt 0.9019559 0.8174004 0
vt 0.8935576 0.815432 0
vt 0.9094781 0.8194179 0
vt 0.9103065 0.8270656 0
vt 0.9024449 0.8241564 0
vt 0.9172532 0.8304136 0
vt 0.9166239 0.8381542 0
vt 0.9096091 0.8344915 0
vt 0.9227353 0.8426845 0
vt 0.9206657 0.8502357 0
vt 0.9147546 0.8459932 0
vt 0.9257268 0.8557674 0
vt 0.9223017 0.862837 0
vt 0.9176757 0.8581686 0
vt 0.9261281 0.8691615 0
vt 0.9214805 0.8754671 0
vt 0.9182668 0.8705021 0
vt 0.9239288 0.8823481 0
vt 0.9183667 0.8874481 0
vt 0.9166776 0.88234 0
vt 0.9191917 0.8948368 0
vt 0.9127688 0.8984998 0
vt 0.913659 0.8903217 0
vt 0.9121436 0.9061774 0
vt 0.9050786 0.9085088 0
vt 0.9070093 0.9003733 0
vt 0.9030488 0.9159078 0
vt 0.8984963 0.9092646 0
vt 0.9182021 0.9107446 0
vt 0.9106663 0.913881 0
vt 0.9192192 0.9026691 0
vt 0.9081072 0.9215922 0
vt 0.9000782 0.9231476 0
vt 0.8960392 0.9302044 0
vt 0.8879091 0.930232 0
vt 0.912979 0.927069 0
vt 0.9044434 0.9291605 0
vt 0.9161647 0.9189495 0
vt 0.8996899 0.9364578 0
vt 0.8909935 0.9369957 0
vt 0.8849297 0.94328 0
vt 0.8763199 0.9421139 0
vt 0.8825794 0.9363951 0
vt 0.8746246 0.9348614 0
vt 0.8691461 0.9471034 0
vt 0.8609448 0.9442646 0
vt 0.8682018 0.9398962 0
vt 0.8607083 0.9368032 0
vt 0.8529317 0.9478058 0
vt 0.8454289 0.9433466 0
vt 0.8534194 0.9405006 0
vt 0.8466604 0.9359996 0
vt 0.836836 0.9453152 0
vt 0.8303564 0.9394612 0
vt 0.8387673 0.9382042 0
vt 0.8330052 0.9324954 0
vt 0.8215076 0.9397712 0
vt 0.8162388 0.9328431 0
vt 0.8248018 0.9331541 0
vt 0.8202485 0.9264454 0
vt 0.8075451 0.9313135 0
vt 0.8037073 0.9234829 0
vt 0.8120427 0.9255139 0
vt 0.8088952 0.9180061 0
vt 0.7953271 0.9204199 0
vt 0.7931882 0.9118899 0
vt 0.8009876 0.9155018 0
vt 0.7993813 0.9074987 0
vt 0.7855551 0.907191 0
vt 0.7850335 0.898439 0
vt 0.7920702 0.9034919 0
vt 0.7920633 0.8953148 0
vt 0.7785347 0.8923047 0
vt 0.7798528 0.8835672 0
vt 0.7856827 0.8899442 0
vt 0.7873189 0.8818859 0
vt 0.774545 0.8762782 0
vt 0.7775701 0.8679578 0
vt 0.7820972 0.8753533 0
vt 0.7852716 0.8677562 0
vt 0.7738991 0.8597597 0
vt 0.7783905 0.8521567 0
vt 0.7814099 0.860315 0
vt 0.7860405 0.8534742 0
vt 0.7763597 0.8434116 0
vt 0.7823709 0.8368454 0
vt 0.783716 0.8454227 0
vt 0.7896063 0.8395979 0
vt 0.7820209 0.8278383 0
vt 0.7892199 0.8225573 0
vt 0.7888647 0.8312326 0
vt 0.7957918 0.8266629 0
vt 0.7906069 0.8136361 0
vt 0.7986566 0.8098288 0
vt 0.796685 0.8183077 0
vt 0.804384 0.8151805 0
vt 0.8018393 0.8014616 0
vt 0.8104968 0.7992855 0
vt 0.8068817 0.8071809 0
vt 0.8150882 0.8056375 0
vt 0.8152696 0.7917228 0
vt 0.824211 0.7912908 0
vt 0.8191258 0.7983185 0
vt 0.8274944 0.7984044 0
vt 0.8303789 0.7848294 0
vt 0.8392379 0.7861164 0
vt 0.8328791 0.7920128 0
vt 0.8410763 0.7937215 0
vt 0.8464988 0.7808437 0
vt 0.8549364 0.7839247 0
vt 0.8475779 0.788465 0
vt 0.8552771 0.7917665 0
vt 0.8630637 0.7803415 0
vt 0.8707472 0.785079 0
vt 0.8626586 0.7879934 0
vt 0.8695812 0.7927521 0
vt 0.8794456 0.7830805 0
vt 0.8860711 0.7891195 0
vt 0.8775666 0.7904571 0
vt 0.8834115 0.796465 0
vt 0.8949143 0.7889413 0
vt 0.9002038 0.7961963 0
vt 0.8916526 0.7957957 0
vt 0.8962105 0.8028295 0
vt 0.9088829 0.797752 0
vt 0.9126315 0.8059299 0
vt 0.9043795 0.8038144 0
vt 0.9074641 0.811615 0
vt 0.9208722 0.8091039 0
vt 0.9229403 0.8178299 0
vt 0.9152737 0.8141733 0
vt 0.9167987 0.822384 0
vt 0.9303818 0.8225329 0
vt 0.9307042 0.8314823 0
vt 0.9239358 0.8264025 0
vt 0.9238431 0.8347363 0
vt 0.9370775 0.8375321 0
vt 0.9356767 0.8463564 0
vt 0.930023 0.8400693 0
vt 0.9283313 0.8482073 0
vt 0.9407077 0.8535239 0
vt 0.9376355 0.8618935 0
vt 0.9333487 0.8546313 0
vt 0.9301159 0.8622698 0
vt 0.9411785 0.869904 0
vt 0.9366457 0.877498 0
vt 0.9337968 0.8695476 0
vt 0.9291877 0.8763875 0
vt 0.9384611 0.886013 0
vt 0.9325823 0.892574 0
vt 0.9313471 0.8842223 0
vt 0.9254924 0.890019 0
vt 0.9326875 0.9012704 0
vt 0.9255736 0.906528 0
vt 0.9260684 0.8981156 0
vt 0.9240626 0.915169 0
vt 0.9322451 0.910572 0
vt 0.9402411 0.8953424 0
vt 0.9221783 0.9244865 0
vt 0.9091037 0.9356113 0
vt 0.9455185 0.9634925 0
vt 0.9632978 0.9444864 0
vt 0.9246625 0.9790261 0
vt 0.9009842 0.9898574 0
vt 0.875649 0.9959151 0
vt 0.849598 0.9969586 0
vt 0.8238584 0.9929565 0
vt 0.7993508 0.9840656 0
vt 0.7769709 0.9705733 0
vt 0.7579425 0.9526709 0
vt 0.7424146 0.9316533 0
vt 0.7312754 0.9079233 0
vt 0.7250135 0.8824562 0
vt 0.7234215 0.8561806 0
vt 0.7274557 0.8300922 0
vt 0.736514 0.8052869 0
vt 0.7502571 0.7827004 0
vt 0.768204 0.7632035 0
vt 0.7896276 0.7476212 0
vt 0.8136824 0.7365541 0
vt 0.8394943 0.730868 0
vt 0.8658933 0.7299394 0
vt 0.8918791 0.7342183 0
vt 0.9165278 0.7435255 0
vt 0.9388353 0.7574865 0
vt 0.9579247 0.7754973 0
vt 0.9731188 0.796862 0
vt 0.9838453 0.820745 0
vt 0.989713 0.8462173 0
vt 0.9905206 0.8722998 0
vt 0.9862373 0.8980407 0
vt 0.9770281 0.9224191 0
vt 0.9447515 0.878695 0
vt 0.9455933 0.8614816 0
vt 0.9434327 0.8443934 0
vt 0.9380017 0.8280198 0
vt 0.9294548 0.8129933 0
vt 0.9180602 0.7999526 0
vt 0.9045594 0.7889739 0
vt 0.8889303 0.7811922 0
vt 0.8719833 0.7770149 0
vt 0.8545626 0.775399 0
vt 0.8372543 0.7780091 0
vt 0.8206756 0.7836181 0
vt 0.8055322 0.7924072 0
vt 0.7924114 0.8040056 0
vt 0.7822297 0.8182127 0
vt 0.774724 0.8339264 0
vt 0.7700963 0.8507226 0
vt 0.769311 0.868141 0
vt 0.7719077 0.885331 0
vt 0.7774141 0.9018179 0
vt 0.7866303 0.9165217 0
vt 0.7981199 0.9294055 0
vt 0.8119018 0.9397627 0
vt 0.8275442 0.9468655 0
vt 0.8441231 0.9510747 0
vt 0.8611896 0.9524194 0
vt 0.8781622 0.9499798 0
vt 0.8943365 0.944312 0
vt 0.9100785 0.8907328 0
vt 0.9140813 0.8800971 0
vt 0.9103026 0.8787842 0
vt 0.9141366 0.867757 0
vt 0.9085108 0.8655814 0
vt 0.9119067 0.8550092 0
vt 0.9045281 0.851916 0
vt 0.9074772 0.8424716 0
vt 0.8985464 0.8385873 0
vt 0.9010481 0.8307793 0
vt 0.8909115 0.826411 0
vt 0.8929392 0.820532 0
vt 0.8820866 0.816113 0
vt 0.8835525 0.8122433 0
vt 0.8728055 0.8081558 0
vt 0.9019926 0.9003186 0
vt 0.9061651 0.889942 0
vt 0.9005823 0.8883094 0
vt 0.9047046 0.8769434 0
vt 0.8972707 0.8742483 0
vt 0.9010969 0.8627095 0
vt 0.8920019 0.8590068 0
vt 0.8954927 0.8481047 0
vt 0.8850819 0.8436658 0
vt 0.8882365 0.8341321 0
vt 0.8770242 0.8294132 0
vt 0.8798324 0.8217646 0
vt 0.8684551 0.8172962 0
vt 0.8708539 0.8117839 0
vt 0.8601196 0.807964 0
vt 0.8921329 0.908476 0
vt 0.8963014 0.8990107 0
vt 0.8889446 0.8968341 0
vt 0.8931665 0.88585 0
vt 0.8840709 0.8825526 0
vt 0.8881537 0.8707186 0
vt 0.877636 0.8664799 0
vt 0.8815172 0.854635 0
vt 0.870084 0.8498552 0
vt 0.873745 0.838893 0
vt 0.8620615 0.8341381 0
vt 0.8654883 0.8247953 0
vt 0.8542583 0.8206224 0
vt 0.8573996 0.8133471 0
vt 0.8473102 0.8101192 0
vt 0.8808853 0.9148712 0
vt 0.8847862 0.9066325 0
vt 0.8758732 0.9039246 0
vt 0.8799168 0.8938173 0
vt 0.869501 0.8900213 0
vt 0.8735756 0.8785102 0
vt 0.8621193 0.8739171 0
vt 0.8661603 0.8617582 0
vt 0.8543077 0.8568668 0
vt 0.8582872 0.8450019 0
vt 0.8467774 0.8404247 0
vt 0.8506708 0.829749 0
vt 0.8401717 0.8260071 0
vt 0.8439176 0.8171654 0
vt 0.8349159 0.8145516 0
vt 0.8687126 0.919236 0
vt 0.872109 0.9124575 0
vt 0.8619809 0.9092246 0
vt 0.8655837 0.9004049 0
vt 0.8543445 0.8962173 0
vt 0.8581273 0.8856129 0
vt 0.846367 0.8808586 0
vt 0.8502793 0.8690621 0
vt 0.8387081 0.8642861 0
vt 0.8427332 0.8521559 0
vt 0.8320498 0.8479409 0
vt 0.8361583 0.8364228 0
vt 0.8269088 0.8331981 0
vt 0.831032 0.8230887 0
vt 0.823481 0.8210716 0
vt 0.8561102 0.9213962 0
vt 0.8588321 0.9162259 0
vt 0.847936 0.9125014 0
vt 0.8509095 0.9052711 0
vt 0.8394409 0.9008313 0
vt 0.842715 0.8916093 0
vt 0.831327 0.8869059 0
vt 0.8348635 0.8760902 0
vt 0.824226 0.8716527 0
vt 0.8280201 0.8599229 0
vt 0.8187024 0.8562353 0
vt 0.822741 0.8444541 0
vt 0.8151271 0.8418191 0
vt 0.8193509 0.8308411 0
vt 0.8134982 0.8293988 0
vt 0.8435816 0.9212837 0
vt 0.8455334 0.9178002 0
vt 0.8343768 0.9136762 0
vt 0.8366326 0.9082296 0
vt 0.8255295 0.9037269 0
vt 0.8281943 0.896226 0
vt 0.8177648 0.8918084 0
vt 0.8207838 0.8824585 0
vt 0.8115726 0.8785798 0
vt 0.8149445 0.8678368 0
vt 0.8073468 0.864837 0
vt 0.8110769 0.8533829 0
vt 0.8053257 0.8514106 0
vt 0.8093883 0.8400473 0
vt 0.8053674 0.839164 0
vt 0.8329086 0.9173973 0
vt 0.8235064 0.9094149 0
vt 0.8152873 0.89943 0
vt 0.8086706 0.8879012 0
vt 0.8040174 0.8753922 0
vt 0.8015674 0.8625444 0
vt 0.8014389 0.8500004 0
vt 0.8788255 0.9255351 0
vt 0.8902919 0.9202634 0
vt 0.866573 0.9284984 0
vt 0.8539856 0.9290346 0
vt 0.8415548 0.927157 0
vt 0.8300845 0.9230058 0
vt 0.8193264 0.9164599 0
vt 0.8099598 0.9079154 0
vt 0.8024018 0.8976789 0
vt 0.7969739 0.8861349 0
vt 0.7938977 0.8737275 0
vt 0.7933006 0.8609484 0
vt 0.7951753 0.8483329 0
vt 0.7994111 0.8366936 0
vt 0.8060866 0.8257837 0
vt 0.8147859 0.816343 0
vt 0.8251916 0.808795 0
vt 0.8368865 0.8034272 0
vt 0.8493892 0.8004398 0
vt 0.8622092 0.7999831 0
vt 0.8748193 0.8020246 0
vt 0.8863735 0.806402 0
vt 0.8971147 0.8132232 0
vt 0.9063683 0.8220294 0
vt 0.9137332 0.8324598 0
vt 0.9189367 0.8441013 0
vt 0.9217894 0.8565016 0
vt 0.9221965 0.8691794 0
vt 0.9201765 0.8816117 0
vt 0.9158552 0.8930247 0
vt 0.9091657 0.9036915 0
vt 0.9005391 0.9128984 0
vt 0.9152045 0.9084818 0
vt 0.9055983 0.9187726 0
vt 0.8941604 0.9269778 0
vt 0.9105672 0.9243511 0
vt 0.8978885 0.9333794 0
vt 0.8837663 0.939875 0
vt 0.8813746 0.9328562 0
vt 0.8686832 0.9435642 0
vt 0.8677123 0.936163 0
vt 0.8531772 0.944188 0
vt 0.8536702 0.9367461 0
vt 0.8377976 0.9417837 0
vt 0.839753 0.9345652 0
vt 0.8231391 0.93649 0
vt 0.8264815 0.9297809 0
vt 0.8097601 0.9284592 0
vt 0.8143691 0.9225053 0
vt 0.7981488 0.9179679 0
vt 0.8038895 0.9129853 0
vt 0.788782 0.9053624 0
vt 0.7954204 0.9015907 0
vt 0.7820763 0.8911423 0
vt 0.7893663 0.888722 0
vt 0.778284 0.8758244 0
vt 0.7859534 0.874873 0
vt 0.7775989 0.8600357 0
vt 0.7853123 0.8605983 0
vt 0.7800152 0.8444139 0
vt 0.7874766 0.8464512 0
vt 0.7853958 0.8295109 0
vt 0.7923856 0.8329827 0
vt 0.7936002 0.8159321 0
vt 0.7997984 0.8207023 0
vt 0.8043208 0.8042756 0
vt 0.8094974 0.8101438 0
vt 0.8171793 0.794993 0
vt 0.8211156 0.8017215 0
vt 0.8316078 0.7883763 0
vt 0.8341719 0.7957309 0
vt 0.8470388 0.7846177 0
vt 0.8481314 0.7923956 0
vt 0.8628633 0.7841303 0
vt 0.8624511 0.7919164 0
vt 0.8785099 0.7867535 0
vt 0.8765926 0.7942695 0
vt 0.8933071 0.7923308 0
vt 0.8899702 0.7993314 0
vt 0.9066611 0.800742 0
vt 0.902056 0.8069444 0
vt 0.9180784 0.8116343 0
vt 0.912399 0.8167732 0
vt 0.9271835 0.8244551 0
vt 0.9206223 0.8283923 0
vt 0.9335873 0.8387907 0
vt 0.9264167 0.8413659 0
vt 0.9370339 0.8540782 0
vt 0.9295723 0.8551973 0
vt 0.9375231 0.8697309 0
vt 0.9300011 0.8693559 0
vt 0.9349492 0.8851236 0
vt 0.9276754 0.8832962 0
vt 0.9293977 0.899705 0
vt 0.9226578 0.8964919 0
vt 0.9211567 0.912975 0
vt 0.9366154 0.9031624 0
vt 0.927556 0.9177738 0
vt 0.9159003 0.9303614 0
vt 0.9426993 0.8870812 0
vt 0.9455921 0.8701074 0
vt 0.9451568 0.8528534 0
vt 0.9413343 0.8359996 0
vt 0.9342909 0.8201855 0
vt 0.9242521 0.8060397 0
vt 0.9115875 0.7941363 0
vt 0.8968426 0.7849089 0
vt 0.8805598 0.7786804 0
vt 0.8633219 0.7757557 0
vt 0.8458438 0.7762848 0
vt 0.8288983 0.7806124 0
vt 0.812989 0.7878144 0
vt 0.798826 0.7980445 0
vt 0.7869629 0.8108604 0
vt 0.7778718 0.8257786 0
vt 0.7719835 0.842206 0
vt 0.7695118 0.8594318 0
vt 0.7699722 0.8768303 0
vt 0.7742628 0.8937091 0
vt 0.781671 0.9094017 0
vt 0.7919013 0.9233886 0
vt 0.8048998 0.9347503 0
vt 0.8195526 0.9437085 0
vt 0.8356723 0.9496026 0
vt 0.8526193 0.9521682 0
vt 0.8697087 0.9514089 0
vt 0.8863236 0.9473548 0
vt 0.9018229 0.940139 0
vt 0.9134321 0.8857996 0
vt 0.9143968 0.874014 0
vt 0.9133046 0.8613972 0
vt 0.9099566 0.8486749 0
vt 0.9044943 0.8364813 0
vt 0.8971798 0.8254406 0
vt 0.8883793 0.8161146 0
vt 0.8787775 0.8088766 0
vt 0.9062775 0.8956801 0
vt 0.9057058 0.8836431 0
vt 0.9031634 0.8699315 0
vt 0.8985268 0.8553923 0
vt 0.8920421 0.840976 0
vt 0.8841417 0.8276931 0
vt 0.8753797 0.816438 0
vt 0.8665109 0.8077676 0
vt 0.8972624 0.904599 0
vt 0.8949769 0.8927251 0
vt 0.890884 0.8784749 0
vt 0.8850126 0.8627193 0
vt 0.8777338 0.8466358 0
vt 0.8696346 0.8315668 0
vt 0.8613875 0.818693 0
vt 0.8536968 0.8087498 0
vt 0.8866553 0.9119116 0
vt 0.8825525 0.9005827 0
vt 0.8769112 0.8864215 0
vt 0.8699681 0.8702316 0
vt 0.8622364 0.8532814 0
vt 0.8544053 0.8371038 0
vt 0.8471571 0.8230693 0
vt 0.8410273 0.81206 0
vt 0.8748844 0.9173203 0
vt 0.8689878 0.9068161 0
vt 0.861943 0.8933022 0
vt 0.8542106 0.8774775 0
vt 0.8464231 0.8605548 0
vt 0.839289 0.844056 0
vt 0.8333931 0.8293978 0
vt 0.8290463 0.8175656 0
vt 0.8624338 0.9205989 0
vt 0.8549367 0.9111243 0
vt 0.8468107 0.8987343 0
vt 0.8387048 0.8840128 0
vt 0.8312768 0.868002 0
vt 0.8251593 0.8520214 0
vt 0.820798 0.8373576 0
vt 0.8182808 0.8250309 0
vt 0.8498052 0.9216236 0
vt 0.841059 0.9133504 0
vt 0.8323203 0.9024965 0
vt 0.8243245 0.8895103 0
vt 0.8176385 0.8751911 0
vt 0.812746 0.860526 0
vt 0.8099553 0.8465235 0
vt 0.8091804 0.8341276 0
vt 0.8376568 0.9206153 0
vt 0.8280872 0.9136801 0
vt 0.8192229 0.9046472 0
vt 0.8117544 0.8938257 0
vt 0.8060811 0.88173 0
vt 0.8025074 0.8689695 0
vt 0.8012104 0.8561954 0
vt 0.802013 0.8441738 0
vt 0.8273187 0.1201409 0
vt 0.7551341 0.1247162 0
vt 0.8277551 0.1270148 0
vt 0.8268543 0.11327 0
vt 0.7546908 0.1181485 0
vt 0.8263792 0.1064008 0
vt 0.7542285 0.1115827 0
vt 0.8258743 0.09953305 0
vt 0.7537449 0.1050187 0
vt 0.825322 0.09266837 0
vt 0.7532507 0.09845512 0
vt 0.8247589 0.08580473 0
vt 0.7527034 0.09189535 0
vt 0.8241474 0.07894578 0
vt 0.7521438 0.08533663 0
vt 0.8235253 0.07208756 0
vt 0.7515428 0.07878065 0
vt 0.8228528 0.06523418 0
vt 0.7509251 0.07222427 0
vt 0.8221688 0.05838282 0
vt 0.7502785 0.06566888 0
vt 0.8214345 0.0515379 0
vt 0.7496048 0.05911241 0
vt 0.8206887 0.04469443 0
vt 0.7488526 0.05256102 0
vt 0.8198946 0.03786423 0
vt 0.7480841 0.04600131 0
vt 0.8190739 0.03104605 0
vt 0.7472377 0.03943727 0
vt 0.8182448 0.02423039 0
vt 0.7463252 0.03287233 0
vt 0.8173939 0.01742829 0
vt 0.7453097 0.02630048 0
vt 0.8165273 0.0106669 0
vt 0.7441984 0.01969249 0
vt 0.8156662 0.00390625 0
vt 0.7430037 0.01307028 0
vt 0.8165462 0.4361002 0
vt 0.7442093 0.4270716 0
vt 0.817406 0.4293159 0
vt 0.7453161 0.4204812 0
vt 0.8182644 0.4225303 0
vt 0.7463326 0.4138955 0
vt 0.8191077 0.4157247 0
vt 0.747242 0.4073227 0
vt 0.8199111 0.4088967 0
vt 0.7480906 0.4007663 0
vt 0.8207046 0.4020665 0
vt 0.7488615 0.3942065 0
vt 0.8214499 0.3952229 0
vt 0.7495936 0.3876541 0
vt 0.8221836 0.3883781 0
vt 0.7502875 0.3811001 0
vt 0.8228668 0.3815243 0
vt 0.7509567 0.3745485 0
vt 0.8235387 0.3746693 0
vt 0.7515588 0.3679917 0
vt 0.82416 0.3678094 0
vt 0.7521629 0.3614368 0
vt 0.8247702 0.3609488 0
vt 0.7527061 0.3548764 0
vt 0.8253316 0.3540837 0
vt 0.7532531 0.3483175 0
vt 0.8258626 0.347218 0
vt 0.7537554 0.3417539 0
vt 0.8263827 0.3403511 0
vt 0.7542348 0.3351888 0
vt 0.8268747 0.3334823 0
vt 0.7546703 0.3286209 0
vt 0.8273184 0.3266096 0
vt 0.7551134 0.322055 0
vt 0.8277332 0.3197359 0
vt 0.7555145 0.3154843 0
vt 0.8281373 0.3128614 0
vt 0.7558746 0.3089117 0
vt 0.8284947 0.3059844 0
vt 0.7562226 0.3023386 0
vt 0.8288415 0.2991066 0
vt 0.7565473 0.2957639 0
vt 0.8291401 0.2922263 0
vt 0.7568366 0.2891879 0
vt 0.8294096 0.2853441 0
vt 0.757119 0.2826122 0
vt 0.8296505 0.2784609 0
vt 0.7573525 0.2760339 0
vt 0.8298809 0.2715779 0
vt 0.7575418 0.2694535 0
vt 0.8300615 0.2646944 0
vt 0.7577167 0.2628736 0
vt 0.8302125 0.2578097 0
vt 0.7578802 0.2562935 0
vt 0.8303353 0.2509244 0
vt 0.758015 0.2497122 0
vt 0.8304479 0.2440392 0
vt 0.7581087 0.2431292 0
vt 0.8305125 0.2371538 0
vt 0.7581714 0.2365462 0
vt 0.8305486 0.2302689 0
vt 0.7582123 0.2299632 0
vt 0.8305749 0.2233841 0
vt 0.7582138 0.223381 0
vt 0.8305528 0.2164981 0
vt 0.7582263 0.2167989 0
vt 0.8305017 0.2096126 0
vt 0.7581924 0.2102154 0
vt 0.8304399 0.2027269 0
vt 0.758117 0.2036325 0
vt 0.8303499 0.1958412 0
vt 0.7580131 0.1970511 0
vt 0.8302302 0.1889553 0
vt 0.7578992 0.1904692 0
vt 0.8300608 0.18207 0
vt 0.757753 0.1838889 0
vt 0.8298808 0.1751852 0
vt 0.7575843 0.1773089 0
vt 0.8296717 0.1682995 0
vt 0.7573701 0.1707308 0
vt 0.8294331 0.1614148 0
vt 0.7571263 0.1641542 0
vt 0.8291456 0.1545322 0
vt 0.7568664 0.1575788 0
vt 0.8288471 0.14765 0
vt 0.7565785 0.1510031 0
vt 0.8285002 0.1407703 0
vt 0.756255 0.1444294 0
vt 0.8281426 0.1338921 0
vt 0.7559057 0.1378569 0
vt 0.7535859 0.1379859 0
vt 0.7555284 0.1312867 0
vt 0.753211 0.1314251 0
vt 0.7522279 0.1314844 0
vt 0.7528285 0.1248664 0
vt 0.7518495 0.1249299 0
vt 0.7523554 0.1183106 0
vt 0.7519087 0.1117506 0
vt 0.7513636 0.1183801 0
vt 0.7509258 0.1118215 0
vt 0.7445655 0.1188438 0
vt 0.744013 0.1188814 0
vt 0.7449032 0.125377 0
vt 0.7440686 0.1123186 0
vt 0.7435175 0.1123612 0
vt 0.7435538 0.105797 0
vt 0.7430022 0.1058413 0
vt 0.7504433 0.1052695 0
vt 0.7429959 0.09928152 0
vt 0.7499669 0.09872011 0
vt 0.7424479 0.09932546 0
vt 0.7425128 0.0927612 0
vt 0.7494012 0.09217892 0
vt 0.7419849 0.08624482 0
vt 0.7419613 0.09280533 0
vt 0.7414345 0.08629101 0
vt 0.7410746 0.09287586 0
vt 0.7405507 0.08636355 0
vt 0.7401657 0.09294782 0
vt 0.7415664 0.09939645 0
vt 0.7406582 0.09947015 0
vt 0.7421199 0.1059129 0
vt 0.7412116 0.1059865 0
vt 0.7426341 0.1124287 0
vt 0.7417254 0.1124988 0
vt 0.7431228 0.1189427 0
vt 0.743475 0.1254686 0
vt 0.7422121 0.1190054 0
vt 0.7425668 0.1255269 0
vt 0.7429947 0.1320473 0
vt 0.7439048 0.1319881 0
vt 0.7433993 0.1385626 0
vt 0.7443091 0.1385077 0
vt 0.7437829 0.1450722 0
vt 0.7446946 0.1450241 0
vt 0.7440399 0.1515913 0
vt 0.7449488 0.1515483 0
vt 0.7443875 0.1581065 0
vt 0.7452989 0.1580687 0
vt 0.7446073 0.1646233 0
vt 0.745518 0.1645927 0
vt 0.7448125 0.1711482 0
vt 0.7449876 0.1776793 0
vt 0.7457226 0.1711208 0
vt 0.7466097 0.1710941 0
vt 0.7458983 0.1776518 0
vt 0.7467818 0.1776255 0
vt 0.7461469 0.1841795 0
vt 0.7462474 0.1907093 0
vt 0.7452349 0.1842035 0
vt 0.7470346 0.1841563 0
vt 0.74713 0.1906905 0
vt 0.7475908 0.1841424 0
vt 0.7476793 0.1906779 0
vt 0.754421 0.1839686 0
vt 0.74733 0.1776093 0
vt 0.7542947 0.1774043 0
vt 0.7471619 0.171077 0
vt 0.7540617 0.1708433 0
vt 0.7469584 0.1645443 0
vt 0.746406 0.1645627 0
vt 0.7538206 0.164282 0
vt 0.7467411 0.1580084 0
vt 0.7463782 0.1514822 0
vt 0.7535378 0.157719 0
vt 0.7461878 0.1580316 0
vt 0.7458304 0.151508 0
vt 0.7455827 0.1449783 0
vt 0.7451935 0.1384544 0
vt 0.746137 0.1449487 0
vt 0.7529314 0.1446008 0
vt 0.7457448 0.1384214 0
vt 0.7453413 0.1318961 0
vt 0.7526027 0.1380396 0
vt 0.7447899 0.1319314 0
vt 0.744355 0.1254117 0
vt 0.7533023 0.1511563 0
vt 0.75392 0.1445491 0
vt 0.7542773 0.1511115 0
vt 0.7545319 0.1576773 0
vt 0.7548037 0.1642438 0
vt 0.7550474 0.1708101 0
vt 0.7552733 0.1773759 0
vt 0.7554123 0.1839446 0
vt 0.7555929 0.190516 0
vt 0.7556776 0.1970875 0
vt 0.7546167 0.1905353 0
vt 0.7546854 0.1971032 0
vt 0.7478837 0.1972151 0
vt 0.7548073 0.2036732 0
vt 0.754879 0.2102411 0
vt 0.7557926 0.2036612 0
vt 0.7479369 0.2037563 0
vt 0.7473865 0.2037608 0
vt 0.7479764 0.2102948 0
vt 0.7474241 0.2102965 0
vt 0.7479751 0.2168309 0
vt 0.7474252 0.2168327 0
vt 0.754937 0.2168072 0
vt 0.7480743 0.2233747 0
vt 0.7475176 0.2233747 0
vt 0.7548853 0.2233755 0
vt 0.7480186 0.2299201 0
vt 0.7548931 0.2299494 0
vt 0.747467 0.2299154 0
vt 0.7479465 0.2364631 0
vt 0.7548586 0.2365196 0
vt 0.7478304 0.2430005 0
vt 0.7473932 0.2364566 0
vt 0.7465054 0.2364459 0
vt 0.7472806 0.2429941 0
vt 0.7463962 0.2429843 0
vt 0.7472398 0.2495319 0
vt 0.7471579 0.2560686 0
vt 0.7477925 0.2495378 0
vt 0.7463525 0.2495223 0
vt 0.7462718 0.2560551 0
vt 0.7454398 0.2495131 0
vt 0.7453622 0.2560421 0
vt 0.7454855 0.242974 0
vt 0.745595 0.236435 0
vt 0.7456658 0.2299002 0
vt 0.7465785 0.229908 0
vt 0.7457171 0.2233732 0
vt 0.7456325 0.2168392 0
vt 0.7466296 0.2233739 0
vt 0.7465418 0.2168362 0
vt 0.7465348 0.2102998 0
vt 0.7465002 0.2037671 0
vt 0.7456231 0.2103034 0
vt 0.7455893 0.2037745 0
vt 0.7455279 0.1972537 0
vt 0.7453376 0.1907295 0
vt 0.7464395 0.1972389 0
vt 0.7473292 0.1972244 0
vt 0.7452608 0.2625603 0
vt 0.7461721 0.2625828 0
vt 0.7450369 0.2690743 0
vt 0.7459483 0.2691057 0
vt 0.7447969 0.2755968 0
vt 0.7457063 0.2756328 0
vt 0.7445236 0.282125 0
vt 0.7454341 0.2821606 0
vt 0.7443287 0.2886535 0
vt 0.7452396 0.2886918 0
vt 0.7439943 0.2951729 0
vt 0.7449033 0.2952152 0
vt 0.7437451 0.3016973 0
vt 0.7446562 0.3017443 0
vt 0.743368 0.3082097 0
vt 0.7442774 0.3082647 0
vt 0.7429662 0.314729 0
vt 0.7425336 0.3212548 0
vt 0.7438763 0.3147877 0
vt 0.7447618 0.3148436 0
vt 0.7434437 0.3213122 0
vt 0.7430909 0.3278414 0
vt 0.7443251 0.3213678 0
vt 0.7439767 0.3279005 0
vt 0.7448748 0.3214024 0
vt 0.7518309 0.3218444 0
vt 0.7445313 0.3279374 0
vt 0.745313 0.3148792 0
vt 0.7522068 0.315288 0
vt 0.7457124 0.3083493 0
vt 0.7525713 0.3087299 0
vt 0.745162 0.3083166 0
vt 0.7460989 0.3018187 0
vt 0.7528954 0.3021654 0
vt 0.7463337 0.295281 0
vt 0.7455446 0.3017903 0
vt 0.7457853 0.2952557 0
vt 0.7461292 0.2887294 0
vt 0.7463196 0.2821949 0
vt 0.7466842 0.2887533 0
vt 0.7468675 0.2822159 0
vt 0.7535097 0.289043 0
vt 0.7538293 0.2824843 0
vt 0.7545025 0.2890856 0
vt 0.753265 0.2956076 0
vt 0.7542402 0.2956544 0
vt 0.7538873 0.3022175 0
vt 0.753558 0.3087837 0
vt 0.7531915 0.3153468 0
vt 0.7528053 0.3219064 0
vt 0.7523381 0.3284623 0
vt 0.7519286 0.3350223 0
vt 0.7513473 0.3283945 0
vt 0.7509521 0.3349525 0
vt 0.7504281 0.3415004 0
vt 0.7440214 0.3344581 0
vt 0.7434732 0.3344198 0
vt 0.7436188 0.3409865 0
vt 0.7430497 0.3474999 0
vt 0.743066 0.3409446 0
vt 0.7421764 0.3408782 0
vt 0.7425021 0.3474563 0
vt 0.7416225 0.347387 0
vt 0.7420359 0.3539744 0
vt 0.7414206 0.3604769 0
vt 0.7425904 0.3540207 0
vt 0.741151 0.3539004 0
vt 0.7405412 0.3603992 0
vt 0.7402418 0.3538247 0
vt 0.7396335 0.3603191 0
vt 0.7407149 0.3473151 0
vt 0.7412661 0.3408101 0
vt 0.7416855 0.3342934 0
vt 0.7425918 0.3343573 0
vt 0.7421799 0.3277808 0
vt 0.7391022 0.3668175 0
vt 0.74001 0.3669017 0
vt 0.7384318 0.3732974 0
vt 0.7393381 0.3733859 0
vt 0.7378345 0.3797837 0
vt 0.7387423 0.3798739 0
vt 0.7372186 0.3862454 0
vt 0.7381246 0.3863445 0
vt 0.7364764 0.3926693 0
vt 0.7373803 0.3927811 0
vt 0.7357061 0.3990683 0
vt 0.7366097 0.399191 0
vt 0.7348879 0.4054243 0
vt 0.7357885 0.4055599 0
vt 0.7339999 0.4117187 0
vt 0.7348972 0.4118714 0
vt 0.7330882 0.4179158 0
vt 0.7319193 0.4239345 0
vt 0.7339823 0.4180965 0
vt 0.7348522 0.4182747 0
vt 0.7328046 0.4241558 0
vt 0.7313592 0.4299365 0
vt 0.7336654 0.424377 0
vt 0.7322146 0.4302104 0
vt 0.7342018 0.424517 0
vt 0.740966 0.4263016 0
vt 0.7327482 0.4303905 0
vt 0.735395 0.4183872 0
vt 0.7420813 0.4198279 0
vt 0.7363099 0.4121158 0
vt 0.7431189 0.4133379 0
vt 0.7357696 0.4120219 0
vt 0.73721 0.4057782 0
vt 0.7440008 0.4068298 0
vt 0.7380314 0.3993862 0
vt 0.736664 0.4056939 0
vt 0.7374858 0.399311 0
vt 0.7382588 0.3928897 0
vt 0.7390098 0.3864425 0
vt 0.7388049 0.3929581 0
vt 0.7395601 0.386504 0
vt 0.745597 0.3938008 0
vt 0.7462968 0.3872717 0
vt 0.7465687 0.3939224 0
vt 0.7448295 0.4003204 0
vt 0.7458027 0.4004538 0
vt 0.7449669 0.4069772 0
vt 0.7440754 0.4135067 0
vt 0.7430442 0.4200264 0
vt 0.7419291 0.4265389 0
vt 0.7405491 0.4330619 0
vt 0.7419062 0.02021926 0
vt 0.7395262 0.4327529 0
vt 0.7409337 0.0204531 0
vt 0.7420924 0.02694436 0
vt 0.734247 0.02225044 0
vt 0.7337084 0.02238918 0
vt 0.7353746 0.02838031 0
vt 0.7363128 0.03464678 0
vt 0.734833 0.02849179 0
vt 0.7339645 0.02866916 0
vt 0.7357715 0.03474151 0
vt 0.7349016 0.03489117 0
vt 0.7366999 0.04106473 0
vt 0.7374472 0.04746019 0
vt 0.7372477 0.04098195 0
vt 0.7358193 0.04119609 0
vt 0.7365719 0.04757685 0
vt 0.7349167 0.04132862 0
vt 0.7356698 0.047695 0
vt 0.7340045 0.03504343 0
vt 0.7330705 0.02884803 0
vt 0.7319577 0.0228302 0
vt 0.7328439 0.02260908 0
vt 0.7304814 0.4296785 0
vt 0.7364621 0.0540941 0
vt 0.7373682 0.05398575 0
vt 0.7371138 0.06053768 0
vt 0.7380187 0.06043719 0
vt 0.7378318 0.06699442 0
vt 0.7387386 0.0668961 0
vt 0.738524 0.0734548 0
vt 0.7394312 0.07336685 0
vt 0.7390891 0.07993843 0
vt 0.7399975 0.07985936 0
vt 0.7396418 0.08643805 0
vt 0.7408795 0.07978173 0
vt 0.7403159 0.07328036 0
vt 0.7414298 0.07973322 0
vt 0.7408671 0.07322603 0
vt 0.7482551 0.07909278 0
vt 0.7476176 0.07255455 0
vt 0.7492347 0.07899937 0
vt 0.7488455 0.08563388 0
vt 0.7498249 0.08554632 0
vt 0.7503867 0.0920944 0
vt 0.7509414 0.09864139 0
vt 0.7514267 0.1051949 0
vt 0.7486042 0.07245621 0
vt 0.7479747 0.06591308 0
vt 0.7473148 0.05937432 0
vt 0.7469978 0.06601632 0
vt 0.7463427 0.05948631 0
vt 0.7401653 0.06674156 0
vt 0.7396172 0.06680118 0
vt 0.7394419 0.06027714 0
vt 0.7388028 0.05381198 0
vt 0.7388966 0.06033796 0
vt 0.7382512 0.05387939 0
vt 0.7379892 0.04738804 0
vt 0.7455657 0.05297096 0
vt 0.7448424 0.04644409 0
vt 0.7465466 0.05284839 0
vt 0.7458063 0.04631151 0
vt 0.7449457 0.03978728 0
vt 0.7440698 0.03326406 0
vt 0.7439739 0.03993758 0
vt 0.7431115 0.03343122 0
vt 0.7430488 0.0267489 0
vt 0.7472803 0.3873856 0
vt 0.7479839 0.3808516 0
vt 0.7486568 0.3743163 0
vt 0.7470069 0.3807452 0
vt 0.7476864 0.3742191 0
vt 0.7401739 0.3800177 0
vt 0.7396236 0.3799625 0
vt 0.7407643 0.3735255 0
vt 0.7414495 0.3670361 0
vt 0.7402171 0.3734716 0
vt 0.7408961 0.3669842 0
vt 0.7419662 0.3605253 0
vt 0.7482461 0.3676772 0
vt 0.7488854 0.3611424 0
vt 0.7492341 0.367771 0
vt 0.7498598 0.3612296 0
vt 0.7503788 0.3546787 0
vt 0.7509498 0.3481315 0
vt 0.7493906 0.3545945 0
vt 0.7499751 0.3480535 0
vt 0.7514223 0.3415762 0
vt 0.7548072 0.2825229 0
vt 0.7550271 0.2759557 0
vt 0.7552262 0.2693868 0
vt 0.7540442 0.2759231 0
vt 0.7542401 0.2693581 0
vt 0.7471455 0.2756885 0
vt 0.7465926 0.2756676 0
vt 0.7473832 0.2691551 0
vt 0.7476142 0.2626183 0
vt 0.7468316 0.2691361 0
vt 0.7470606 0.2626043 0
vt 0.7477091 0.2560771 0
vt 0.7543925 0.2627878 0
vt 0.7545724 0.2562188 0
vt 0.7553804 0.2628133 0
vt 0.755557 0.2562408 0
vt 0.7556874 0.2496697 0
vt 0.7557977 0.2430988 0
vt 0.7547004 0.2496517 0
vt 0.7548178 0.2430865 0
vt 0.7558462 0.2365274 0
vt 0.7558822 0.2299535 0
vt 0.7558755 0.2233779 0
vt 0.7559161 0.2168046 0
vt 0.7558685 0.2102334 0
vt 0.04523308 0.009044869 0
vt 0.009842739 0.0102091 0
vt 0.04454228 0.9629822 0
vt 0.0673749 0.9468492 0
vt 0.1889827 0.004903212 0
vt 0.1909034 0.8949147 0
vt 0.05172179 0.5616386 0
vt 0.05701783 0.2515018 0
vt 0.02177212 0.2524841 0
vt 0.0161581 0.5612323 0
vt 0.1891246 0.5703607 0
vt 0.1928946 0.2424118 0
vt 0.02630067 0.3044381 0
vt 0.02263084 0.5089232 0
vt 0.06204903 0.3040733 0
vt 0.05846071 0.5092519 0
vt 0.1786085 0.5119402 0
vt 0.1812368 0.301482 0
vt 0.04426689 0.9116403 0
vt 0.01048159 0.9287842 0
vt 0.1832539 0.8562884 0
vt 0.9840022 0.03635632 0
vt 0.9840022 0.008526342 0
vt 0.9840022 0.1613581 0
vt 0.9785104 0.03635632 0
vt 0.9785104 0.008526342 0
vt 0.9785104 0.1613581 0
vt 0.9702821 0.03635632 0
vt 0.9702821 0.008526342 0
vt 0.9702821 0.1613581 0
vt 0.9597744 0.4954438 0
vt 0.9271156 0.4593014 0
vt 0.9263375 0.7177079 0
vt 0.9477782 0.4998397 0
vt 0.9244413 0.4702971 0
vt 0.9237295 0.7066959 0
vt 0.1483355 0.2454191 0
vt 0.1303557 0.3022372 0
vt 0.1405338 0.006301643 0
vt 0.1366525 0.8696506 0
vt 0.1444803 0.5673971 0
vt 0.1274571 0.5110899 0
vt 0.9840022 0.122632 0
vt 0.1525855 0.9061508 0
vt 0.9669021 0.6636116 0
vt 0.9785104 0.122632 0
vt 0.9702821 0.122632 0
vt 0.9538376 0.6605205 0
vt 0.4406402 0.01112336 0
vt 0.4756894 0.0128576 0
vt 0.4384923 0.9311566 0
vt 0.4129753 0.9189517 0
vt 0.2973559 0.004694121 0
vt 0.2825769 0.8880752 0
vt 0.4248741 0.5635123 0
vt 0.4272945 0.253615 0
vt 0.4625131 0.2549463 0
vt 0.460612 0.5636825 0
vt 0.2873255 0.5712178 0
vt 0.2912205 0.2426923 0
vt 0.4586726 0.3075598 0
vt 0.4575527 0.5118334 0
vt 0.422245 0.3065067 0
vt 0.4206503 0.5114507 0
vt 0.2995566 0.5121538 0
vt 0.3018543 0.3027183 0
vt 0.4229902 0.9055385 0
vt 0.455396 0.9167724 0
vt 0.287074 0.8569993 0
vt 0.9840022 0.3723685 0
vt 0.9840022 0.4001984 0
vt 0.9840022 0.2473667 0
vt 0.9785104 0.3723685 0
vt 0.9785104 0.4001984 0
vt 0.9785104 0.2473667 0
vt 0.9702821 0.3723685 0
vt 0.9702821 0.4001984 0
vt 0.9702821 0.2473667 0
vt 0.7361294 0.4947712 0
vt 0.7690041 0.4588265 0
vt 0.7682263 0.7172306 0
vt 0.7480998 0.4992392 0
vt 0.7716126 0.4698378 0
vt 0.7709009 0.7062348 0
vt 0.2775151 0.00390625 0
vt 0.2694873 0.5713685 0
vt 0.4822467 0.2555976 0
vt 0.479015 0.3080899 0
vt 0.2771725 0.5113016 0
vt 0.776256 0.5004317 0
vt 0.4952864 0.01380752 0
vt 0.472616 0.9213095 0
vt 0.2684116 0.8551293 0
vt 0.2733781 0.2422799 0
vt 0.4806883 0.5642471 0
vt 0.4781182 0.5122279 0
vt 0.2795826 0.3031998 0
vt 0.9840022 0.4157985 0
vt 0.9840022 0.2317666 0
vt 0.4527555 0.9399027 0
vt 0.265903 0.8879266 0
vt 0.7956343 0.4504865 0
vt 0.7948057 0.7257303 0
vt 0.9785104 0.4157985 0
vt 0.9785104 0.2317666 0
vt 0.9702821 0.4157985 0
vt 0.9702821 0.2317666 0
vt 0.7941255 0.4671231 0
vt 0.7933971 0.7090852 0
vt 0.3358507 0.2463933 0
vt 0.3528753 0.3037964 0
vt 0.3457254 0.006921022 0
vt 0.3329377 0.8695058 0
vt 0.3320568 0.5685073 0
vt 0.3509917 0.5122097 0
vt 0.9840022 0.2860928 0
vt 0.3221469 0.8928715 0
vt 0.7279894 0.6628917 0
vt 0.9785104 0.2860928 0
vt 0.9702821 0.2860928 0
vt 0.7410723 0.6598794 0
vt 0.7711368 0.659208 0
vt 0.02760361 0.009641275 0
vt 0.02753856 0.9202785 0
vt 0.1753474 0.8585248 0
vt 0.1568962 0.8635202 0
vt 0.1616512 0.005578289 0
vt 0.1807493 0.005104677 0
vt 0.2036177 0.004571186 0
vt 0.1993705 0.004662204 0
vt 0.1949273 0.004762082 0
vt 0.06188852 0.008429519 0
vt 0.05599189 0.008650309 0
vt 0.05110208 0.008831448 0
vt 0.0600326 0.9044578 0
vt 0.05431712 0.9068421 0
vt 0.04969941 0.9089207 0
vt 0.20223 0.5707554 0
vt 0.1984366 0.5708005 0
vt 0.1944672 0.5706897 0
vt 0.0684163 0.5620834 0
vt 0.06251817 0.5618664 0
vt 0.05761568 0.5617444 0
vt 0.1497589 0.2452937 0
vt 0.1518361 0.2451279 0
vt 0.1551733 0.2449066 0
vt 0.5558897 0.2579206 0
vt 0.5601265 0.2580661 0
vt 0.01583834 0.2526255 0
vt 0.1679637 0.2441633 0
vt 0.1854467 0.2429296 0
vt 0.181672 0.5698321 0
vt 0.1641626 0.5686159 0
vt 0.03399662 0.5613867 0
vt 0.03948576 0.2520085 0
vt 0.05154832 0.5630006 0
vt 0.05686903 0.2500311 0
vt 0.01598081 0.5626311 0
vt 0.1890384 0.5715246 0
vt 0.5535035 0.3100369 0
vt 0.557749 0.3101356 0
vt 0.5621879 0.3102292 0
vt 0.1951374 0.5118993 0
vt 0.1903011 0.5120832 0
vt 0.1852647 0.5120981 0
vt 0.1694764 0.511707 0
vt 0.1485406 0.5114615 0
vt 0.1513522 0.3018827 0
vt 0.1721547 0.3016799 0
vt 0.04425518 0.3042851 0
vt 0.04059861 0.50906 0
vt 0.131484 0.3021816 0
vt 0.1333864 0.3020998 0
vt 0.1368586 0.3020129 0
vt 0.07263375 0.5095135 0
vt 0.06833108 0.5094098 0
vt 0.06416392 0.5093332 0
vt 0.9840022 0.02240537 0
vt 0.9840022 0.1549524 0
vt 0.9840022 0.1400065 0
vt 0.9840022 0.05073275 0
vt 0.9840022 0.04538097 0
vt 0.9840022 0.04114631 0
vt 0.05572675 0.9547723 0
vt 0.1845648 0.8965179 0
vt 0.1699837 0.9005161 0
vt 0.08103772 0.9391874 0
vt 0.07565084 0.9418451 0
vt 0.07160875 0.9441199 0
vt 0.944285 0.4764878 0
vt 0.9345692 0.7100676 0
vt 0.9522333 0.6908064 0
vt 0.9672131 0.5209349 0
vt 0.9664087 0.5104835 0
vt 0.9641656 0.502834 0
vt 0.05918203 0.98317 0
vt 0.05995145 0.9841825 0
vt 0.06036451 0.9846322 0
vt 0.08054945 0.9682053 0
vt 0.08123145 0.9692822 0
vt 0.08151273 0.9698248 0
vt 0.1961542 0.9193937 0
vt 0.1964321 0.9206373 0
vt 0.1965218 0.9212421 0
vt 0.9785104 0.02240537 0
vt 0.9785104 0.1549524 0
vt 0.9785104 0.1400065 0
vt 0.9785104 0.05073275 0
vt 0.9785104 0.04538097 0
vt 0.9785104 0.04114631 0
vt 0.9702821 0.02240537 0
vt 0.9702821 0.1549524 0
vt 0.9702821 0.1400065 0
vt 0.9702821 0.05073275 0
vt 0.9702821 0.04538097 0
vt 0.9702821 0.04114631 0
vt 0.9350757 0.4832212 0
vt 0.9280305 0.701547 0
vt 0.9413314 0.6853566 0
vt 0.9541479 0.5236592 0
vt 0.9534613 0.5137041 0
vt 0.9515402 0.5065561 0
vt 0.9303493 0.5008774 0
vt 0.9380052 0.5007799 0
vt 0.9435062 0.5004666 0
vt 0.00390625 0.01039499 0
vt 0.5727527 0.01708436 0
vt 0.5685196 0.01691547 0
vt 0.004911014 0.9315859 0
vt 0.5437126 0.9412689 0
vt 0.5397531 0.9405691 0
vt 0.1889039 0.8547924 0
vt 0.1931043 0.8541213 0
vt 0.1971009 0.8540588 0
vt 0.1982339 0.2421064 0
vt 0.2021978 0.2420198 0
vt 0.205982 0.2420926 0
vt 0.0102107 0.5612162 0
vt 0.5602723 0.5670069 0
vt 0.5560306 0.5668722 0
vt 0.01667605 0.5088879 0
vt 0.5575243 0.514046 0
vt 0.553273 0.5139592 0
vt 0.1878594 0.3013596 0
vt 0.1928705 0.3014066 0
vt 0.1976766 0.3016299 0
vt 0.9840022 0.4815869 0
vt 0.9840022 0.4781224 0
vt 0.9840022 0.4747669 0
vt 0.9840022 0.1659782 0
vt 0.9840022 0.1694427 0
vt 0.9840022 0.1727982 0
vt 0.5087635 0.9817687 0
vt 0.5063352 0.9791682 0
vt 0.5035228 0.9768582 0
vt 0.1955841 0.8937745 0
vt 0.1992525 0.8930538 0
vt 0.2029857 0.8926208 0
vt 0.9205371 0.4544138 0
vt 0.9147383 0.4518975 0
vt 0.908484 0.4509571 0
vt 0.9197296 0.7225545 0
vt 0.9139157 0.725037 0
vt 0.9076559 0.7259392 0
vt 0.9785104 0.4815869 0
vt 0.9785104 0.4781224 0
vt 0.9785104 0.4747669 0
vt 0.9785104 0.1659782 0
vt 0.9785104 0.1694427 0
vt 0.9785104 0.1727982 0
vt 0.9702821 0.4815869 0
vt 0.9702821 0.4781224 0
vt 0.9702821 0.4747669 0
vt 0.9702821 0.1659782 0
vt 0.9702821 0.1694427 0
vt 0.9702821 0.1727982 0
vt 0.9209579 0.4689984 0
vt 0.9161267 0.4679613 0
vt 0.9100619 0.4675307 0
vt 0.9202384 0.7079739 0
vt 0.915401 0.708981 0
vt 0.9093337 0.709375 0
vt 0.06284386 0.2513223 0
vt 0.06768894 0.2511523 0
vt 0.07352065 0.2508988 0
vt 0.06773044 0.3039949 0
vt 0.07188278 0.303925 0
vt 0.07616973 0.3038299 0
vt 0.1447532 0.245755 0
vt 0.1276365 0.3023451 0
vt 0.1479102 0.006028733 0
vt 0.1443129 0.00616092 0
vt 0.1420711 0.006244335 0
vt 0.143604 0.8670594 0
vt 0.140173 0.868123 0
vt 0.1380608 0.8689555 0
vt 0.1513487 0.5678844 0
vt 0.147999 0.5676713 0
vt 0.1459123 0.5675143 0
vt 0.1339923 0.5113204 0
vt 0.1305012 0.5112294 0
vt 0.1285902 0.511146 0
vt 0.9840022 0.1290108 0
vt 0.9840022 0.1260009 0
vt 0.9840022 0.1240332 0
vt 0.159154 0.9036773 0
vt 0.1560664 0.9046967 0
vt 0.1540193 0.9054729 0
vt 0.9636471 0.67505 0
vt 0.9659282 0.6700242 0
vt 0.9667746 0.6663698 0
vt 0.9785104 0.1290108 0
vt 0.9785104 0.1260009 0
vt 0.9785104 0.1240332 0
vt 0.9702821 0.1290108 0
vt 0.9702821 0.1260009 0
vt 0.9702821 0.1240332 0
vt 0.9510444 0.671224 0
vt 0.9530009 0.6665936 0
vt 0.9537277 0.6631579 0
vt 0.1443562 0.5686113 0
vt 0.9492473 0.6600661 0
vt 0.9433683 0.6598224 0
vt 0.9352088 0.6597139 0
vt 0.1617114 0.9297006 0
vt 0.1621758 0.9308878 0
vt 0.9683264 0.6640568 0
vt 0.04488634 0.9633099 0
vt 0.04537213 0.9638757 0
vt 0.046312 0.9650733 0
vt 0.06758659 0.9472715 0
vt 0.06798215 0.9479022 0
vt 0.06883319 0.9491661 0
vt 0.1909698 0.8953794 0
vt 0.1911327 0.8961008 0
vt 0.191506 0.8975676 0
vt 0.1526942 0.9066233 0
vt 0.1529684 0.9073234 0
vt 0.1535872 0.9087338 0
vt 0.9651388 0.1613581 0
vt 0.9648438 0.1613581 0
vt 0.1904916 0.8918944 0
vt 0.1518211 0.9030837 0
vt 0.1517512 0.9028455 0
vt 0.9651388 0.122632 0
vt 0.9701227 0.1613581 0
vt 0.969973 0.1613581 0
vt 0.9696833 0.1613581 0
vt 0.9696833 0.122632 0
vt 0.969973 0.122632 0
vt 0.9701227 0.122632 0
vt 0.9701227 0.03635632 0
vt 0.969973 0.03635632 0
vt 0.9696833 0.03635632 0
vt 0.9696833 0.008526342 0
vt 0.969973 0.008526342 0
vt 0.9701227 0.008526342 0
vt 0.06604065 0.9441001 0
vt 0.06592734 0.9438824 0
vt 0.9651388 0.03635632 0
vt 0.0422431 0.9609243 0
vt 0.04206355 0.9607551 0
vt 0.9651388 0.008526342 0
vt 0.9709317 0.122632 0
vt 0.9705387 0.122632 0
vt 0.9782505 0.122632 0
vt 0.977857 0.122632 0
vt 0.9705387 0.03635632 0
vt 0.9709317 0.03635632 0
vt 0.977857 0.03635632 0
vt 0.9782505 0.03635632 0
vt 0.9705387 0.1613581 0
vt 0.9709317 0.1613581 0
vt 0.977857 0.1613581 0
vt 0.9782505 0.1613581 0
vt 0.9709317 0.008526342 0
vt 0.9705387 0.008526342 0
vt 0.9782505 0.008526342 0
vt 0.977857 0.008526342 0
vt 0.983905 0.1613581 0
vt 0.983735 0.1613581 0
vt 0.9834235 0.1613581 0
vt 0.9788703 0.1613581 0
vt 0.9786848 0.1613581 0
vt 0.9834235 0.008526342 0
vt 0.983735 0.008526342 0
vt 0.983905 0.008526342 0
vt 0.983905 0.03635632 0
vt 0.983735 0.03635632 0
vt 0.9834235 0.03635632 0
vt 0.9786848 0.008526342 0
vt 0.9788703 0.008526342 0
vt 0.9788703 0.03635632 0
vt 0.9786848 0.03635632 0
vt 0.9834235 0.122632 0
vt 0.983735 0.122632 0
vt 0.983905 0.122632 0
vt 0.9786848 0.122632 0
vt 0.9788703 0.122632 0
vt 0.1383333 0.8761584 0
vt 0.1383789 0.8763755 0
vt 0.136654 0.8699543 0
vt 0.136667 0.8702206 0
vt 0.1367391 0.870613 0
vt 0.04692424 0.9176239 0
vt 0.04684157 0.9174335 0
vt 0.04445995 0.912522 0
vt 0.04434224 0.9121744 0
vt 0.04431034 0.9119442 0
vt 0.184126 0.8633747 0
vt 0.1841055 0.8631548 0
vt 0.1833235 0.8573475 0
vt 0.1832758 0.8569235 0
vt 0.1832603 0.8566216 0
vt 0.01611769 0.9343003 0
vt 0.01631425 0.9344676 0
vt 0.01063038 0.9291051 0
vt 0.01078257 0.9293141 0
vt 0.01109863 0.9296303 0
vt 0.04398256 0.9103718 0
vt 0.009908349 0.9273243 0
vt 0.1832234 0.855081 0
vt 0.136626 0.8684792 0
vt 0.02164515 0.2510478 0
vt 0.1927994 0.2409221 0
vt 0.1481855 0.2439325 0
vt 0.02275983 0.5076996 0
vt 0.05859205 0.508029 0
vt 0.02637857 0.305639 0
vt 0.06213647 0.3052946 0
vt 0.1812926 0.302863 0
vt 0.1786994 0.5105651 0
vt 0.130434 0.3035541 0
vt 0.1275779 0.5097717 0
vt 0.1439671 0.5655401 0
vt 0.1443807 0.5668427 0
vt 0.1275474 0.5118692 0
vt 0.1279949 0.5133384 0
vt 0.05825427 0.5112229 0
vt 0.05838856 0.5099331 0
vt 0.05178884 0.5611122 0
vt 0.05194168 0.5598784 0
vt 0.1890557 0.5697403 0
vt 0.1888003 0.5683174 0
vt 0.1790093 0.5144498 0
vt 0.1786829 0.5128154 0
vt 0.01637848 0.5594825 0
vt 0.01622325 0.5607106 0
vt 0.02255926 0.5095965 0
vt 0.02242154 0.5108835 0
vt 0.02617271 0.3025142 0
vt 0.02625719 0.3037773 0
vt 0.05709579 0.2522777 0
vt 0.05722727 0.2536362 0
vt 0.02195452 0.2545553 0
vt 0.02183749 0.2532333 0
vt 0.06191322 0.3021039 0
vt 0.06200131 0.3033928 0
vt 0.181698 0.2989645 0
vt 0.1813327 0.3006037 0
vt 0.1304691 0.3014596 0
vt 0.1309562 0.2999931 0
vt 0.1928426 0.2433038 0
vt 0.1925735 0.2448687 0
vt 0.1478698 0.2477078 0
vt 0.1482744 0.2462529 0
vt 0.136681 0.006444325 0
vt 0.1329793 0.8714238 0
vt 0.1408787 0.5670909 0
vt 0.1247246 0.5109834 0
vt 0.9840022 0.1190933 0
vt 0.1489524 0.9077858 0
vt 0.9669238 0.6565884 0
vt 0.9785104 0.1190933 0
vt 0.9702821 0.1190933 0
vt 0.9538581 0.653784 0
vt 0.4581115 0.01200532 0
vt 0.4391111 0.9116325 0
vt 0.2948854 0.8591427 0
vt 0.3130727 0.8638201 0
vt 0.3246601 0.005827422 0
vt 0.3055827 0.005035449 0
vt 0.2827287 0.00410594 0
vt 0.2869742 0.004272244 0
vt 0.2914152 0.004450221 0
vt 0.4241123 0.0102214 0
vt 0.4299658 0.01054371 0
vt 0.4348181 0.01080913 0
vt 0.4079312 0.8996371 0
vt 0.4133452 0.9016476 0
vt 0.4177574 0.9033741 0
vt 0.2741914 0.5715424 0
vt 0.277995 0.5716314 0
vt 0.2819712 0.5715348 0
vt 0.4081026 0.5637672 0
vt 0.414028 0.5636052 0
vt 0.4189537 0.5635401 0
vt 0.3344252 0.2462527 0
vt 0.3323438 0.2460642 0
vt 0.3289994 0.2458031 0
vt 0.4770594 0.2554353 0
vt 0.472838 0.2552973 0
vt 0.4684227 0.2551491 0
vt 0.3161823 0.2448797 0
vt 0.2986782 0.2433467 0
vt 0.2947939 0.5707103 0
vt 0.3123323 0.5695665 0
vt 0.4426658 0.5635205 0
vt 0.4448336 0.254297 0
vt 0.4249838 0.5648621 0
vt 0.4274466 0.2521373 0
vt 0.4606931 0.5650555 0
vt 0.2873791 0.5723601 0
vt 0.4736844 0.3079561 0
vt 0.4693367 0.3078464 0
vt 0.4647815 0.3077287 0
vt 0.2830316 0.5117509 0
vt 0.2878485 0.5120638 0
vt 0.2928866 0.5121848 0
vt 0.3087081 0.5120876 0
vt 0.3297427 0.5122275 0
vt 0.3318122 0.3032784 0
vt 0.3109554 0.3029665 0
vt 0.4403408 0.3070346 0
vt 0.4389847 0.5115957 0
vt 0.3517415 0.303728 0
vt 0.3498306 0.3036262 0
vt 0.3463432 0.3035073 0
vt 0.4061664 0.5114624 0
vt 0.4105595 0.5114318 0
vt 0.4148174 0.5114293 0
vt 0.9840022 0.3863194 0
vt 0.9840022 0.2537723 0
vt 0.9840022 0.2687182 0
vt 0.9840022 0.357992 0
vt 0.9840022 0.3633438 0
vt 0.9840022 0.3675785 0
vt 0.4258776 0.92489 0
vt 0.2890594 0.8886384 0
vt 0.3040675 0.8901917 0
vt 0.3981949 0.9136054 0
vt 0.403959 0.9153536 0
vt 0.4083323 0.9169437 0
vt 0.7517322 0.4759091 0
vt 0.7600411 0.709541 0
vt 0.7424938 0.690174 0
vt 0.7285375 0.5202168 0
vt 0.7294047 0.5097705 0
vt 0.7316947 0.5021347 0
vt 0.4264235 0.953201 0
vt 0.4258215 0.9543256 0
vt 0.7682489 0.4575959 0
vt 0.4033904 0.9420598 0
vt 0.4028888 0.9432318 0
vt 0.4026976 0.9438125 0
vt 0.2812718 0.9132826 0
vt 0.2812004 0.9145563 0
vt 0.7674639 0.7184558 0
vt 0.9785104 0.3863194 0
vt 0.9785104 0.2537723 0
vt 0.9785104 0.2687182 0
vt 0.9785104 0.357992 0
vt 0.9785104 0.3633438 0
vt 0.9785104 0.3675785 0
vt 0.9702821 0.3863194 0
vt 0.9702821 0.2537723 0
vt 0.9702821 0.2687182 0
vt 0.9702821 0.357992 0
vt 0.9702821 0.3633438 0
vt 0.9702821 0.3675785 0
vt 0.7609009 0.4826979 0
vt 0.7666312 0.7010601 0
vt 0.7534285 0.6847901 0
vt 0.7415861 0.5230197 0
vt 0.7423326 0.5130689 0
vt 0.7442966 0.5059328 0
vt 0.7655213 0.5003816 0
vt 0.757867 0.5002381 0
vt 0.752367 0.4998921 0
vt 0.4815595 0.01314503 0
vt 0.4859449 0.01335839 0
vt 0.4901368 0.01356089 0
vt 0.460711 0.9181341 0
vt 0.4645586 0.9191136 0
vt 0.4681502 0.9200701 0
vt 0.2814869 0.8555536 0
vt 0.2773292 0.8549162 0
vt 0.2733502 0.854881 0
vt 0.2858715 0.2422867 0
vt 0.2818955 0.2421307 0
vt 0.2780882 0.2421639 0
vt 0.4666205 0.5637945 0
vt 0.4711146 0.5639139 0
vt 0.4754124 0.5640524 0
vt 0.4637312 0.5119326 0
vt 0.4683376 0.5120169 0
vt 0.472732 0.5121075 0
vt 0.2952289 0.3025653 0
vt 0.2902183 0.3025995 0
vt 0.2854243 0.3028364 0
vt 0.9840022 0.4048185 0
vt 0.9840022 0.4082831 0
vt 0.9840022 0.4116386 0
vt 0.9840022 0.2427465 0
vt 0.9840022 0.239282 0
vt 0.9840022 0.2359265 0
vt 0.4427718 0.9333766 0
vt 0.4459948 0.9352226 0
vt 0.4490388 0.9372861 0
vt 0.2778079 0.8876898 0
vt 0.2741075 0.8875453 0
vt 0.2704379 0.887679 0
vt 0.7756117 0.453979 0
vt 0.7814254 0.4514972 0
vt 0.7876852 0.4505946 0
vt 0.7748046 0.7221173 0
vt 0.7806032 0.7246344 0
vt 0.7868575 0.7255747 0
vt 0.9785104 0.4048185 0
vt 0.9785104 0.4082831 0
vt 0.9785104 0.4116386 0
vt 0.9785104 0.2427465 0
vt 0.9785104 0.239282 0
vt 0.9785104 0.2359265 0
vt 0.9702821 0.4048185 0
vt 0.9702821 0.4082831 0
vt 0.9702821 0.4116386 0
vt 0.9702821 0.2427465 0
vt 0.9702821 0.239282 0
vt 0.9702821 0.2359265 0
vt 0.7751037 0.4685601 0
vt 0.779942 0.467552 0
vt 0.7860084 0.4671578 0
vt 0.7743843 0.7075338 0
vt 0.7792164 0.7085702 0
vt 0.7852803 0.7090009 0
vt 0.4807414 0.5656249 0
vt 0.7854893 0.4838226 0
vt 0.2663828 0.9131828 0
vt 0.2664073 0.9144574 0
vt 0.2663186 0.915064 0
vt 0.7716168 0.5238014 0
vt 0.7721544 0.5139737 0
vt 0.7735529 0.5069609 0
vt 0.789675 0.7011602 0
vt 0.7798977 0.6835951 0
vt 0.2694404 0.5725459 0
vt 0.4390216 0.9610482 0
vt 0.438325 0.9621152 0
vt 0.4380791 0.9626762 0
vt 0.4214602 0.2533782 0
vt 0.4166065 0.2531611 0
vt 0.4107627 0.2528486 0
vt 0.416477 0.3063392 0
vt 0.4122666 0.3062096 0
vt 0.4079245 0.3060573 0
vt 0.3394384 0.2467703 0
vt 0.3556095 0.3039355 0
vt 0.3383692 0.006514506 0
vt 0.341957 0.006710717 0
vt 0.3441926 0.006834962 0
vt 0.3261271 0.8670692 0
vt 0.3294861 0.86806 0
vt 0.3315539 0.868846 0
vt 0.3251691 0.5689247 0
vt 0.3285269 0.5687419 0
vt 0.3306201 0.5686071 0
vt 0.3444038 0.5123382 0
vt 0.3479213 0.5123029 0
vt 0.3498484 0.5122486 0
vt 0.9840022 0.2797139 0
vt 0.9840022 0.2827239 0
vt 0.9840022 0.2846915 0
vt 0.3152617 0.8915197 0
vt 0.3184741 0.8920139 0
vt 0.3206211 0.89244 0
vt 0.7311764 0.6743494 0
vt 0.7289247 0.66931 0
vt 0.7281003 0.6656502 0
vt 0.9785104 0.2797139 0
vt 0.9785104 0.2827239 0
vt 0.9785104 0.2846915 0
vt 0.9702821 0.2797139 0
vt 0.9702821 0.2827239 0
vt 0.9702821 0.2846915 0
vt 0.7438009 0.6705994 0
vt 0.7418724 0.6659573 0
vt 0.7411663 0.6625174 0
vt 0.7730628 0.6697414 0
vt 0.771699 0.6651993 0
vt 0.7712013 0.6618144 0
vt 0.332144 0.5697277 0
vt 0.7456653 0.6594526 0
vt 0.7515456 0.6592439 0
vt 0.7597057 0.6591855 0
vt 0.3170508 0.9176188 0
vt 0.31679 0.9188667 0
vt 0.31675 0.9194842 0
vt 0.4382264 0.9315461 0
vt 0.4378698 0.9321981 0
vt 0.4371862 0.9335575 0
vt 0.4128397 0.919404 0
vt 0.412558 0.9200917 0
vt 0.4119341 0.9214779 0
vt 0.2825878 0.8885456 0
vt 0.2825454 0.8892862 0
vt 0.2824179 0.8907988 0
vt 0.2658109 0.8883882 0
vt 0.2657984 0.8891241 0
vt 0.2658751 0.8906234 0
vt 0.4525864 0.9403409 0
vt 0.452203 0.9409695 0
vt 0.4513362 0.9421978 0
vt 0.3221183 0.8933552 0
vt 0.3219641 0.8940913 0
vt 0.3215877 0.8955854 0
vt 0.9651388 0.2473667 0
vt 0.2824855 0.8847776 0
vt 0.2824854 0.8850229 0
vt 0.3223914 0.8897191 0
vt 0.9648438 0.2860928 0
vt 0.9651388 0.2860928 0
vt 0.9701227 0.2473667 0
vt 0.969973 0.2473667 0
vt 0.9696833 0.2473667 0
vt 0.9696833 0.2860928 0
vt 0.969973 0.2860928 0
vt 0.9701227 0.2860928 0
vt 0.9701227 0.3723685 0
vt 0.969973 0.3723685 0
vt 0.9696833 0.3723685 0
vt 0.9696833 0.4001984 0
vt 0.969973 0.4001984 0
vt 0.9701227 0.4001984 0
vt 0.4138145 0.9160092 0
vt 0.4138883 0.9157747 0
vt 0.9651388 0.3723685 0
vt 0.4402473 0.9286595 0
vt 0.4403831 0.9284554 0
vt 0.9651388 0.4001984 0
vt 0.453718 0.93701 0
vt 0.9648438 0.4157985 0
vt 0.9651388 0.4157985 0
vt 0.9696833 0.4157985 0
vt 0.969973 0.4157985 0
vt 0.9701227 0.4157985 0
vt 0.9651388 0.2317666 0
vt 0.2666849 0.8847187 0
vt 0.2666413 0.884961 0
vt 0.9701227 0.2317666 0
vt 0.969973 0.2317666 0
vt 0.9696833 0.2317666 0
vt 0.9709317 0.2860928 0
vt 0.9705387 0.2860928 0
vt 0.9782505 0.2860928 0
vt 0.977857 0.2860928 0
vt 0.9705387 0.3723685 0
vt 0.9709317 0.3723685 0
vt 0.977857 0.3723685 0
vt 0.9782505 0.3723685 0
vt 0.977857 0.2317666 0
vt 0.9782505 0.2317666 0
vt 0.9709317 0.2317666 0
vt 0.9705387 0.2317666 0
vt 0.9705387 0.2473667 0
vt 0.9709317 0.2473667 0
vt 0.977857 0.2473667 0
vt 0.9782505 0.2473667 0
vt 0.9709317 0.4157985 0
vt 0.9705387 0.4157985 0
vt 0.9709317 0.4001984 0
vt 0.9705387 0.4001984 0
vt 0.9782505 0.4157985 0
vt 0.977857 0.4157985 0
vt 0.9782505 0.4001984 0
vt 0.977857 0.4001984 0
vt 0.983905 0.2473667 0
vt 0.983735 0.2473667 0
vt 0.9834235 0.2473667 0
vt 0.983905 0.2317666 0
vt 0.983735 0.2317666 0
vt 0.9834235 0.2317666 0
vt 0.9788703 0.2473667 0
vt 0.9786848 0.2473667 0
vt 0.9788703 0.2317666 0
vt 0.9786848 0.2317666 0
vt 0.9834235 0.4001984 0
vt 0.983735 0.4001984 0
vt 0.983905 0.4001984 0
vt 0.983905 0.3723685 0
vt 0.983735 0.3723685 0
vt 0.9834235 0.3723685 0
vt 0.9786848 0.4001984 0
vt 0.9788703 0.4001984 0
vt 0.9788703 0.3723685 0
vt 0.9786848 0.3723685 0
vt 0.9834235 0.2860928 0
vt 0.983735 0.2860928 0
vt 0.983905 0.2860928 0
vt 0.9786848 0.2860928 0
vt 0.9788703 0.2860928 0
vt 0.9786848 0.4157985 0
vt 0.9788703 0.4157985 0
vt 0.9834235 0.4157985 0
vt 0.983735 0.4157985 0
vt 0.983905 0.4157985 0
vt 0.3315218 0.876144 0
vt 0.3314869 0.8763653 0
vt 0.3329441 0.8698115 0
vt 0.3329389 0.8700803 0
vt 0.3328812 0.8704781 0
vt 0.4216058 0.9116849 0
vt 0.4216458 0.9114918 0
vt 0.4229342 0.9064121 0
vt 0.4229908 0.9060617 0
vt 0.422991 0.905837 0
vt 0.2682702 0.8562013 0
vt 0.2683604 0.8557801 0
vt 0.2684037 0.855473 0
vt 0.2670302 0.861898 0
vt 0.2669771 0.8621134 0
vt 0.2862845 0.8641392 0
vt 0.2863013 0.8639177 0
vt 0.2870155 0.8580652 0
vt 0.2870586 0.8576381 0
vt 0.2870711 0.857334 0
vt 0.4710621 0.9272596 0
vt 0.4710237 0.927459 0
vt 0.4530848 0.9221446 0
vt 0.452996 0.9223139 0
vt 0.4724995 0.9216002 0
vt 0.4724688 0.9218041 0
vt 0.4724132 0.9221512 0
vt 0.4553897 0.9170588 0
vt 0.4553459 0.9172532 0
vt 0.4552102 0.9175573 0
vt 0.4230596 0.9042645 0
vt 0.4553741 0.9154851 0
vt 0.2870954 0.8557835 0
vt 0.4733113 0.9200313 0
vt 0.268345 0.8538892 0
vt 0.3329414 0.8683249 0
vt 0.4626231 0.2534896 0
vt 0.2913373 0.2412344 0
vt 0.4823344 0.2541577 0
vt 0.2733497 0.2407745 0
vt 0.3360248 0.2448962 0
vt 0.4574945 0.5106202 0
vt 0.4205724 0.5102337 0
vt 0.4789571 0.3093043 0
vt 0.4585984 0.3087822 0
vt 0.4780611 0.5110128 0
vt 0.42215 0.3077364 0
vt 0.3017735 0.3041119 0
vt 0.279633 0.3044594 0
vt 0.2995134 0.5107664 0
vt 0.2772528 0.5100491 0
vt 0.3527681 0.3051172 0
vt 0.3509309 0.510889 0
vt 0.3326271 0.5666505 0
vt 0.3321736 0.5679521 0
vt 0.3508653 0.512988 0
vt 0.3503518 0.514451 0
vt 0.4207695 0.5134118 0
vt 0.4206925 0.5121285 0
vt 0.4248314 0.5629906 0
vt 0.4247357 0.5617678 0
vt 0.2770193 0.5136708 0
vt 0.2771144 0.5121245 0
vt 0.2695634 0.569202 0
vt 0.2695032 0.5707081 0
vt 0.2874125 0.5706083 0
vt 0.2877081 0.5692059 0
vt 0.299068 0.5146761 0
vt 0.2994518 0.5130345 0
vt 0.4806071 0.5625419 0
vt 0.4806623 0.5637409 0
vt 0.4605138 0.5619643 0
vt 0.460583 0.5631703 0
vt 0.478151 0.5128918 0
vt 0.4782106 0.5141665 0
vt 0.4575851 0.512501 0
vt 0.4576478 0.5137767 0
vt 0.4587935 0.3056013 0
vt 0.4587138 0.306887 0
vt 0.4790474 0.3074261 0
vt 0.4791095 0.3061512 0
vt 0.4272151 0.2543947 0
vt 0.4270808 0.2557599 0
vt 0.4623549 0.2570474 0
vt 0.4624562 0.2557063 0
vt 0.4821191 0.2576668 0
vt 0.4822005 0.256344 0
vt 0.422392 0.3045234 0
vt 0.4222967 0.3058214 0
vt 0.3014364 0.3001739 0
vt 0.3017738 0.3018311 0
vt 0.3527774 0.3030149 0
vt 0.3523181 0.3015382 0
vt 0.2912607 0.2435689 0
vt 0.2915084 0.2451159 0
vt 0.3362805 0.2487034 0
vt 0.3358986 0.2472337 0
vt 0.2794861 0.3008176 0
vt 0.2795443 0.3023722 0
vt 0.2733846 0.243204 0
vt 0.2734068 0.24484 0
vt 0.3495668 0.007131909 0
vt 0.3365563 0.8711333 0
vt 0.3356707 0.5682416 0
vt 0.3537495 0.5121457 0
vt 0.9840022 0.2896315 0
vt 0.3259998 0.8938822 0
vt 0.7280101 0.6558686 0
vt 0.9785104 0.2896315 0
vt 0.9702821 0.2896315 0
vt 0.7410924 0.653143 0
vt 0.7711569 0.6525418 0
vt 0.488008 0.9963524 0
vt 0.4906294 0.9985027 0
vt 0.4932141 1.000767 0
vt 0.4872144 0.9973495 0
vt 0.4898063 0.9994538 0
vt 0.4923575 1.001724 0
vt 0.4867565 0.9977581 0
vt 0.4893711 0.9998859 0
vt 0.4919222 1.002167 0
vt 0.06010188 0.9030888 0
vt 0.0543734 0.905594 0
vt 0.04963583 0.907711 0
vt 0.03935375 0.2505538 0
vt 0.02711004 0.9189212 0
vt 0.07331566 0.2493899 0
vt 0.0675079 0.2496549 0
vt 0.06267893 0.2498377 0
vt 0.2060365 0.2404884 0
vt 0.2022001 0.2405124 0
vt 0.1981838 0.2406347 0
vt 0.1971714 0.8528231 0
vt 0.1931341 0.8529515 0
vt 0.1889011 0.8536255 0
vt 0.1640614 0.5698507 0
vt 0.1815677 0.5710334 0
vt 0.06984157 0.9755921 0
vt 0.07056678 0.9766383 0
vt 0.07091087 0.9771341 0
vt 0.1630139 0.9291534 0
vt 0.1648012 0.9284421 0
vt 0.1674736 0.9274716 0
vt 0.1634601 0.930335 0
vt 0.1652307 0.929633 0
vt 0.1678813 0.928678 0
vt 0.1636297 0.930929 0
vt 0.1654422 0.9302181 0
vt 0.1681283 0.9292409 0
vt 0.1771955 0.9244479 0
vt 0.1904821 0.9208728 0
vt 0.1775552 0.9256705 0
vt 0.1907854 0.9221076 0
vt 0.1777554 0.9262426 0
vt 0.190894 0.9227031 0
vt 0.004067096 0.9298862 0
vt 0.5445565 0.9397295 0
vt 0.5404385 0.9390948 0
vt 0.01571223 0.2512078 0
vt 0.5601993 0.2566418 0
vt 0.5559632 0.2564876 0
vt 0.9314283 0.4839584 0
vt 0.926562 0.4841745 0
vt 0.919847 0.4842174 0
vt 0.2002631 0.9184053 0
vt 0.2034196 0.9177777 0
vt 0.2065795 0.9172713 0
vt 0.2005125 0.9196484 0
vt 0.2036305 0.9190202 0
vt 0.2067306 0.9185374 0
vt 0.2006175 0.920256 0
vt 0.2037726 0.9196159 0
vt 0.2069037 0.9191258 0
vt 0.9491423 0.6626853 0
vt 0.9484517 0.6660891 0
vt 0.9465905 0.6706641 0
vt 0.9432691 0.6624317 0
vt 0.9426196 0.6658204 0
vt 0.9408717 0.6703655 0
vt 0.9351172 0.6623208 0
vt 0.9345239 0.6657028 0
vt 0.9329254 0.6702377 0
vt 0.9373528 0.6845904 0
vt 0.9246814 0.7011551 0
vt 0.932182 0.6842062 0
vt 0.9199558 0.7013884 0
vt 0.9249758 0.6840511 0
vt 0.9136429 0.7015131 0
vt 0.947083 0.5070862 0
vt 0.9489092 0.5141612 0
vt 0.9495598 0.5240451 0
vt 0.9413624 0.5073483 0
vt 0.9430754 0.5143858 0
vt 0.9436852 0.5242322 0
vt 0.9334155 0.507427 0
vt 0.9349792 0.5144508 0
vt 0.9355328 0.5242844 0
vt 0.08431944 0.9658122 0
vt 0.08787786 0.9637784 0
vt 0.09263513 0.9612682 0
vt 0.08496545 0.9669019 0
vt 0.08849095 0.9648879 0
vt 0.09320967 0.9624062 0
vt 0.08526911 0.9674391 0
vt 0.08882584 0.9654041 0
vt 0.0935567 0.962916 0
vt 0.1437335 0.8658485 0
vt 0.1402711 0.8669833 0
vt 0.1381096 0.867826 0
vt 0.1550709 0.2434442 0
vt 0.1517151 0.2436717 0
vt 0.149622 0.2438259 0
vt 0.9492676 0.6533705 0
vt 0.9433886 0.6531471 0
vt 0.935229 0.6530468 0
vt 0.1583999 0.9311396 0
vt 0.1588813 0.9323194 0
vt 0.1590306 0.9329206 0
vt 0.1490512 0.9082537 0
vt 0.1493117 0.9089441 0
vt 0.1499236 0.910318 0
vt 0.0718479 0.944547 0
vt 0.07592286 0.9422505 0
vt 0.08132513 0.9395697 0
vt 0.07223473 0.9452028 0
vt 0.0762947 0.9429102 0
vt 0.08168358 0.9402185 0
vt 0.07303358 0.946534 0
vt 0.07701737 0.9442782 0
vt 0.08234296 0.941578 0
vt 0.1956704 0.8942532 0
vt 0.1993836 0.8935269 0
vt 0.2031501 0.8930674 0
vt 0.1958281 0.8949945 0
vt 0.1995302 0.8942768 0
vt 0.2032745 0.8937994 0
vt 0.1961582 0.8965055 0
vt 0.1997819 0.8958176 0
vt 0.2034285 0.8953083 0
vt 0.1701447 0.9009495 0
vt 0.184642 0.8969717 0
vt 0.1703606 0.9016521 0
vt 0.1848149 0.8976827 0
vt 0.1707721 0.9030976 0
vt 0.1852039 0.8991253 0
vt 0.1541608 0.9059541 0
vt 0.1562395 0.9051643 0
vt 0.1593558 0.9041185 0
vt 0.1544407 0.9066758 0
vt 0.1565066 0.9058859 0
vt 0.1596038 0.9048327 0
vt 0.1550452 0.9081327 0
vt 0.1570548 0.9073576 0
vt 0.1600659 0.9063075 0
vt 0.05599753 0.9551438 0
vt 0.05643002 0.9557384 0
vt 0.05731251 0.9569574 0
vt 0.5031419 0.9771471 0
vt 0.5059589 0.9794804 0
vt 0.5084191 0.982058 0
vt 0.50264 0.9776982 0
vt 0.5054195 0.980012 0
vt 0.5079115 0.9825288 0
vt 0.501698 0.9788898 0
vt 0.5043789 0.9811463 0
vt 0.5069283 0.9835268 0
vt 0.1841176 0.8935871 0
vt 0.1689009 0.8977305 0
vt 0.1840759 0.8933484 0
vt 0.1688181 0.8975024 0
vt 0.9651388 0.1549524 0
vt 0.9651388 0.1400065 0
vt 0.1578513 0.9008154 0
vt 0.1549465 0.9016401 0
vt 0.1530976 0.9024038 0
vt 0.15775 0.9005881 0
vt 0.1548573 0.9014042 0
vt 0.1530141 0.902167 0
vt 0.9651388 0.1290108 0
vt 0.9651388 0.1260009 0
vt 0.9651388 0.1240332 0
vt 0.9696833 0.1549524 0
vt 0.9696833 0.1400065 0
vt 0.969973 0.1549524 0
vt 0.969973 0.1400065 0
vt 0.9701227 0.1549524 0
vt 0.9701227 0.1400065 0
vt 0.9696833 0.1290108 0
vt 0.9696833 0.1260009 0
vt 0.9696833 0.1240332 0
vt 0.969973 0.1290108 0
vt 0.969973 0.1260009 0
vt 0.969973 0.1240332 0
vt 0.9701227 0.1290108 0
vt 0.9701227 0.1260009 0
vt 0.9701227 0.1240332 0
vt 0.9696833 0.02240537 0
vt 0.969973 0.02240537 0
vt 0.9701227 0.02240537 0
vt 0.07908273 0.9367577 0
vt 0.07389341 0.9392118 0
vt 0.07003394 0.941326 0
vt 0.07893615 0.9365568 0
vt 0.07375985 0.9390006 0
vt 0.06990983 0.9411097 0
vt 0.9651388 0.05073275 0
vt 0.9651388 0.04538097 0
vt 0.9651388 0.04114631 0
vt 0.9696833 0.05073275 0
vt 0.9696833 0.04538097 0
vt 0.9696833 0.04114631 0
vt 0.969973 0.05073275 0
vt 0.969973 0.04538097 0
vt 0.969973 0.04114631 0
vt 0.9701227 0.05073275 0
vt 0.9701227 0.04538097 0
vt 0.9701227 0.04114631 0
vt 0.05398495 0.952388 0
vt 0.05384191 0.9521935 0
vt 0.9651388 0.02240537 0
vt 0.5112307 0.9799323 0
vt 0.5088301 0.977205 0
vt 0.5060753 0.9750938 0
vt 0.5114279 0.9797794 0
vt 0.5090226 0.9770441 0
vt 0.5062708 0.9749404 0
vt 0.9651388 0.00390625 0
vt 0.9651388 0.4781224 0
vt 0.9651388 0.4747669 0
vt 0.9696833 0.00390625 0
vt 0.9696833 0.4781224 0
vt 0.9696833 0.4747669 0
vt 0.969973 0.4815869 0
vt 0.969973 0.4781224 0
vt 0.969973 0.4747669 0
vt 0.9701227 0.4815869 0
vt 0.9701227 0.4781224 0
vt 0.9701227 0.4747669 0
vt 0.2018245 0.8897759 0
vt 0.1984306 0.8900011 0
vt 0.1949825 0.8906365 0
vt 0.2017452 0.889542 0
vt 0.1983742 0.8897574 0
vt 0.1949353 0.8903919 0
vt 0.9651388 0.1727982 0
vt 0.9651388 0.1694427 0
vt 0.9651388 0.1659782 0
vt 0.9696833 0.1727982 0
vt 0.9696833 0.1694427 0
vt 0.9696833 0.1659782 0
vt 0.969973 0.1727982 0
vt 0.969973 0.1694427 0
vt 0.969973 0.1659782 0
vt 0.9701227 0.1727982 0
vt 0.9701227 0.1694427 0
vt 0.9701227 0.1659782 0
vt 0.977857 0.1290108 0
vt 0.977857 0.1260009 0
vt 0.977857 0.1240332 0
vt 0.9782505 0.1290108 0
vt 0.9782505 0.1260009 0
vt 0.9782505 0.1240332 0
vt 0.9705387 0.1290108 0
vt 0.9705387 0.1260009 0
vt 0.9705387 0.1240332 0
vt 0.9709317 0.1290108 0
vt 0.9709317 0.1260009 0
vt 0.9709317 0.1240332 0
vt 0.9705387 0.05073275 0
vt 0.9705387 0.04538097 0
vt 0.9705387 0.04114631 0
vt 0.9709317 0.05073275 0
vt 0.9709317 0.04538097 0
vt 0.9709317 0.04114631 0
vt 0.977857 0.05073275 0
vt 0.977857 0.04538097 0
vt 0.977857 0.04114631 0
vt 0.9782505 0.05073275 0
vt 0.9782505 0.04538097 0
vt 0.9782505 0.04114631 0
vt 0.9705387 0.1727982 0
vt 0.9705387 0.1694427 0
vt 0.9705387 0.1659782 0
vt 0.9709317 0.1727982 0
vt 0.9709317 0.1694427 0
vt 0.9709317 0.1659782 0
vt 0.977857 0.1727982 0
vt 0.977857 0.1694427 0
vt 0.977857 0.1659782 0
vt 0.9782505 0.1727982 0
vt 0.9782505 0.1694427 0
vt 0.9782505 0.1659782 0
vt 0.9705387 0.4815869 0
vt 0.9705387 0.4781224 0
vt 0.9705387 0.4747669 0
vt 0.9709317 0.4815869 0
vt 0.9709317 0.4781224 0
vt 0.9709317 0.4747669 0
vt 0.977857 0.4815869 0
vt 0.977857 0.4781224 0
vt 0.977857 0.4747669 0
vt 0.9782505 0.4815869 0
vt 0.9782505 0.4781224 0
vt 0.9782505 0.4747669 0
vt 0.977857 0.1549524 0
vt 0.977857 0.1400065 0
vt 0.9782505 0.1549524 0
vt 0.9782505 0.1400065 0
vt 0.9705387 0.1549524 0
vt 0.9705387 0.1400065 0
vt 0.9709317 0.1549524 0
vt 0.9709317 0.1400065 0
vt 0.9705387 0.02240537 0
vt 0.9709317 0.02240537 0
vt 0.977857 0.02240537 0
vt 0.9782505 0.02240537 0
vt 0.983905 0.1400065 0
vt 0.983905 0.1549524 0
vt 0.983735 0.1400065 0
vt 0.983735 0.1549524 0
vt 0.9834235 0.1400065 0
vt 0.9834235 0.1549524 0
vt 0.983905 0.1659782 0
vt 0.983905 0.1694427 0
vt 0.983905 0.1727982 0
vt 0.983735 0.1659782 0
vt 0.983735 0.1694427 0
vt 0.983735 0.1727982 0
vt 0.9834235 0.1659782 0
vt 0.9834235 0.1694427 0
vt 0.9834235 0.1727982 0
vt 0.9788703 0.1400065 0
vt 0.9788703 0.1549524 0
vt 0.9786848 0.1400065 0
vt 0.9786848 0.1549524 0
vt 0.9788703 0.1659782 0
vt 0.9788703 0.1694427 0
vt 0.9788703 0.1727982 0
vt 0.9786848 0.1659782 0
vt 0.9786848 0.1694427 0
vt 0.9786848 0.1727982 0
vt 0.983905 0.02240537 0
vt 0.983735 0.02240537 0
vt 0.9834235 0.02240537 0
vt 0.983905 0.04114631 0
vt 0.983905 0.04538097 0
vt 0.983905 0.05073275 0
vt 0.983735 0.04114631 0
vt 0.983735 0.04538097 0
vt 0.983735 0.05073275 0
vt 0.9834235 0.04114631 0
vt 0.9834235 0.04538097 0
vt 0.9834235 0.05073275 0
vt 0.9788703 0.02240537 0
vt 0.9786848 0.02240537 0
vt 0.9788703 0.04114631 0
vt 0.9788703 0.04538097 0
vt 0.9788703 0.05073275 0
vt 0.9786848 0.04114631 0
vt 0.9786848 0.04538097 0
vt 0.9786848 0.05073275 0
vt 0.983905 0.1240332 0
vt 0.983905 0.1260009 0
vt 0.983905 0.1290108 0
vt 0.983735 0.1240332 0
vt 0.983735 0.1260009 0
vt 0.983735 0.1290108 0
vt 0.9834235 0.1240332 0
vt 0.9834235 0.1260009 0
vt 0.9834235 0.1290108 0
vt 0.9788703 0.1240332 0
vt 0.9788703 0.1260009 0
vt 0.9788703 0.1290108 0
vt 0.9786848 0.1240332 0
vt 0.9786848 0.1260009 0
vt 0.9786848 0.1290108 0
vt 0.9788703 0.4747669 0
vt 0.9788703 0.4781224 0
vt 0.9788703 0.4815869 0
vt 0.9786848 0.4747669 0
vt 0.9786848 0.4781224 0
vt 0.9786848 0.4815869 0
vt 0.983905 0.4747669 0
vt 0.983905 0.4781224 0
vt 0.983905 0.4815869 0
vt 0.983735 0.4747669 0
vt 0.983735 0.4781224 0
vt 0.983735 0.4815869 0
vt 0.9834235 0.4747669 0
vt 0.9834235 0.4781224 0
vt 0.9834235 0.4815869 0
vt 0.9788703 0.1190933 0
vt 0.9786848 0.1190933 0
vt 0.983905 0.1190933 0
vt 0.983735 0.1190933 0
vt 0.9834235 0.1190933 0
vt 0.1437945 0.8680251 0
vt 0.140316 0.8690491 0
vt 0.1381631 0.8698871 0
vt 0.1436531 0.8676488 0
vt 0.1402015 0.8686793 0
vt 0.1380769 0.8695102 0
vt 0.1435996 0.8673771 0
vt 0.1401651 0.8684208 0
vt 0.1380556 0.8692508 0
vt 0.1459282 0.8735326 0
vt 0.1422656 0.8747049 0
vt 0.1399321 0.8756024 0
vt 0.1458357 0.8733378 0
vt 0.1421859 0.8744995 0
vt 0.1398692 0.8753851 0
vt 0.06340793 0.9102048 0
vt 0.05726743 0.9125703 0
vt 0.05236177 0.9148028 0
vt 0.06328782 0.9100303 0
vt 0.05715878 0.9123929 0
vt 0.05227322 0.9146179 0
vt 0.06031436 0.9053622 0
vt 0.05452553 0.9076898 0
vt 0.04986116 0.9097608 0
vt 0.0601175 0.9050302 0
vt 0.054368 0.9073664 0
vt 0.04974219 0.9094325 0
vt 0.06004286 0.9047858 0
vt 0.05431876 0.9071401 0
vt 0.0497122 0.9092105 0
vt 0.1985548 0.8611316 0
vt 0.1942658 0.8612765 0
vt 0.1898545 0.8619899 0
vt 0.1984966 0.8609143 0
vt 0.1942221 0.8610504 0
vt 0.1898324 0.8617663 0
vt 0.1972504 0.8551322 0
vt 0.1932087 0.855168 0
vt 0.1889689 0.8558333 0
vt 0.1971539 0.8547094 0
vt 0.1931394 0.8547479 0
vt 0.188923 0.8554145 0
vt 0.1971081 0.8544019 0
vt 0.19311 0.8544485 0
vt 0.1889076 0.8551173 0
vt 0.5425629 0.95067 0
vt 0.538906 0.948446 0
vt 0.5349293 0.9468596 0
vt 0.5427444 0.9504362 0
vt 0.5390755 0.9482273 0
vt 0.5351007 0.9466707 0
vt 0.547155 0.9434953 0
vt 0.5431399 0.9422156 0
vt 0.5391093 0.9413998 0
vt 0.5474208 0.9429458 0
vt 0.5433699 0.9418214 0
vt 0.5393959 0.9410699 0
vt 0.5475942 0.9426309 0
vt 0.5435152 0.9415972 0
vt 0.5395656 0.9408794 0
vt 0.1754258 0.8595823 0
vt 0.1570516 0.8645389 0
vt 0.1753673 0.8591614 0
vt 0.1569363 0.8641417 0
vt 0.1753492 0.8588614 0
vt 0.156894 0.8638538 0
vt 0.1764362 0.8654864 0
vt 0.1589572 0.8701636 0
vt 0.1764033 0.8652697 0
vt 0.1588854 0.8699604 0
vt 0.031588 0.9259774 0
vt 0.03145406 0.9258004 0
vt 0.02793961 0.9211303 0
vt 0.02772557 0.9208043 0
vt 0.02763442 0.9205882 0
vt 0.1569787 0.8622687 0
vt 0.1753433 0.8572883 0
vt 0.06818347 0.5634519 0
vt 0.06231227 0.5632311 0
vt 0.05742716 0.5631052 0
vt 0.03382516 0.5627634 0
vt 0.2022507 0.5720108 0
vt 0.1984219 0.5719694 0
vt 0.1944131 0.5718307 0
vt 0.5647739 0.5685696 0
vt 0.5603438 0.5684215 0
vt 0.5561087 0.56828 0
vt 0.1512701 0.5690709 0
vt 0.1479016 0.5688521 0
vt 0.1457994 0.568707 0
vt 0.1678456 0.2426375 0
vt 0.1853244 0.2414101 0
vt 0.0407256 0.5078375 0
vt 0.5534554 0.311247 0
vt 0.5577032 0.3113417 0
vt 0.02042346 0.3056538 0
vt 0.5532209 0.5127251 0
vt 0.5574722 0.5128066 0
vt 0.01680412 0.5076694 0
vt 0.04433755 0.3054999 0
vt 0.1878976 0.3027942 0
vt 0.1928492 0.302842 0
vt 0.1975854 0.3029907 0
vt 0.1695488 0.5103832 0
vt 0.1486058 0.5101391 0
vt 0.1853403 0.5106693 0
vt 0.1903159 0.5106538 0
vt 0.1950812 0.510543 0
vt 0.1721952 0.3030084 0
vt 0.1513905 0.3032082 0
vt 0.1315621 0.3035259 0
vt 0.1334611 0.3034715 0
vt 0.1369159 0.3033877 0
vt 0.1287108 0.509801 0
vt 0.1306169 0.5098585 0
vt 0.1340894 0.5099468 0
vt 0.0642988 0.5081075 0
vt 0.06846887 0.5081778 0
vt 0.07277454 0.5082656 0
vt 0.06782387 0.3052205 0
vt 0.07198347 0.3051576 0
vt 0.07627939 0.3050766 0
vt 0.1248365 0.5096888 0
vt 0.1277053 0.3036365 0
vt 0.1344912 0.5137075 0
vt 0.1310124 0.5135936 0
vt 0.1291158 0.5134528 0
vt 0.1340804 0.5121523 0
vt 0.130588 0.5120534 0
vt 0.1286777 0.5119483 0
vt 0.1512437 0.567313 0
vt 0.1478907 0.5671164 0
vt 0.1458068 0.5669637 0
vt 0.1508549 0.5659819 0
vt 0.1474709 0.5658318 0
vt 0.1453881 0.5656763 0
vt 0.07249127 0.5115407 0
vt 0.06814475 0.5114082 0
vt 0.0639597 0.5113149 0
vt 0.07257103 0.5102181 0
vt 0.06826096 0.5101029 0
vt 0.06409062 0.5100192 0
vt 0.06848966 0.5615364 0
vt 0.06258994 0.5613294 0
vt 0.05768541 0.5612131 0
vt 0.06863433 0.5602636 0
vt 0.06274247 0.5600787 0
vt 0.05784238 0.5599721 0
vt 0.2022206 0.5700544 0
vt 0.1983968 0.570159 0
vt 0.1944073 0.5700721 0
vt 0.202167 0.5684476 0
vt 0.1982587 0.5687004 0
vt 0.1941925 0.5686622 0
vt 0.1952852 0.5144609 0
vt 0.190526 0.5147451 0
vt 0.1855698 0.5147296 0
vt 0.1951887 0.5127876 0
vt 0.1903528 0.5130098 0
vt 0.1853216 0.5130148 0
vt 0.5646792 0.5666156 0
vt 0.5602471 0.566484 0
vt 0.556008 0.566354 0
vt 0.5646201 0.565371 0
vt 0.5601857 0.5652483 0
vt 0.5559429 0.5651284 0
vt 0.5620487 0.5161332 0
vt 0.557607 0.5160274 0
vt 0.5533551 0.5159309 0
vt 0.5619932 0.5148259 0
vt 0.5575522 0.5147253 0
vt 0.5532999 0.5146348 0
vt 0.1637594 0.5665585 0
vt 0.1813156 0.5677618 0
vt 0.1640776 0.5679959 0
vt 0.1815974 0.5692046 0
vt 0.1486451 0.5122777 0
vt 0.1695755 0.5125395 0
vt 0.1490755 0.513796 0
vt 0.169976 0.5140822 0
vt 0.04039272 0.5110242 0
vt 0.04052799 0.5097367 0
vt 0.0340607 0.5608649 0
vt 0.0342132 0.5596385 0
vt 0.5622131 0.3095685 0
vt 0.5577743 0.3094745 0
vt 0.5535298 0.3093753 0
vt 0.5622615 0.3083046 0
vt 0.5578232 0.308207 0
vt 0.5535809 0.3081054 0
vt 0.03967629 0.2541114 0
vt 0.03955467 0.2527709 0
vt 0.5644588 0.260253 0
vt 0.5600243 0.2601162 0
vt 0.5557863 0.259981 0
vt 0.5645239 0.258951 0
vt 0.5600893 0.2588068 0
vt 0.5558525 0.2586644 0
vt 0.04420944 0.303613 0
vt 0.04412159 0.3023342 0
vt 0.07373806 0.2531119 0
vt 0.06791219 0.2533319 0
vt 0.0630656 0.2534796 0
vt 0.07361392 0.2517063 0
vt 0.06777746 0.2519477 0
vt 0.06292766 0.252108 0
vt 0.07612526 0.3031254 0
vt 0.07183385 0.3032315 0
vt 0.06768031 0.3033088 0
vt 0.07607959 0.3018039 0
vt 0.07175748 0.3019254 0
vt 0.067593 0.302013 0
vt 0.1519314 0.2995436 0
vt 0.1727074 0.2992982 0
vt 0.1514727 0.3010649 0
vt 0.1722728 0.3008448 0
vt 0.1369697 0.3011803 0
vt 0.1334964 0.3012761 0
vt 0.1315948 0.3013801 0
vt 0.1374208 0.2996245 0
vt 0.1339611 0.2997371 0
vt 0.132073 0.2998779 0
vt 0.1679049 0.2450556 0
vt 0.1853964 0.2438325 0
vt 0.1675834 0.246624 0
vt 0.1851058 0.2454143 0
vt 0.154722 0.2472161 0
vt 0.1513559 0.2473884 0
vt 0.1492835 0.2475606 0
vt 0.1550986 0.2457453 0
vt 0.1517625 0.245954 0
vt 0.1496912 0.2461198 0
vt 0.1977504 0.3007383 0
vt 0.1929454 0.3004772 0
vt 0.1879395 0.300439 0
vt 0.197889 0.2990597 0
vt 0.193161 0.2987368 0
vt 0.18823 0.2987194 0
vt 0.2058711 0.2448198 0
vt 0.2019922 0.2445328 0
vt 0.1979476 0.2445451 0
vt 0.205951 0.2430751 0
vt 0.2021517 0.2429329 0
vt 0.1981804 0.242993 0
vt 0.1277528 0.301591 0
vt 0.1282631 0.3001973 0
vt 0.1443146 0.2480726 0
vt 0.1447036 0.2466018 0
vt 0.1252913 0.5131364 0
vt 0.1248186 0.5117393 0
vt 0.1407878 0.5665249 0
vt 0.1403894 0.5651986 0
vt 0.1407285 0.5683505 0
vt 0.1330664 0.8724245 0
vt 0.1329944 0.8720164 0
vt 0.1329815 0.8717401 0
vt 0.1346118 0.8782962 0
vt 0.1345635 0.8780805 0
vt 0.977857 0.1190933 0
vt 0.9782505 0.1190933 0
vt 0.9705387 0.1190933 0
vt 0.9709317 0.1190933 0
vt 0.1484096 0.9047022 0
vt 0.1483539 0.904459 0
vt 0.9651388 0.1190933 0
vt 0.9696833 0.1190933 0
vt 0.969973 0.1190933 0
vt 0.9701227 0.1190933 0
vt 0.1329058 0.8701981 0
vt 0.1445754 0.2442306 0
vt 0.4356358 0.9587224 0
vt 0.4349612 0.9598006 0
vt 0.4347155 0.9603625 0
vt 0.432918 0.9569377 0
vt 0.4322679 0.9580243 0
vt 0.4319875 0.9585707 0
vt 0.4301389 0.9552488 0
vt 0.4295112 0.9563527 0
vt 0.4291903 0.9568793 0
vt 0.4077274 0.8982531 0
vt 0.4131756 0.9004025 0
vt 0.4176758 0.9021717 0
vt 0.4449595 0.2528323 0
vt 0.4391683 0.910273 0
vt 0.4109844 0.2513347 0
vt 0.4167986 0.2516572 0
vt 0.4216323 0.2518869 0
vt 0.2780689 0.2407209 0
vt 0.2819143 0.2407401 0
vt 0.2859408 0.2408867 0
vt 0.2732771 0.8536807 0
vt 0.2772879 0.8537492 0
vt 0.2814823 0.8543835 0
vt 0.3124021 0.5708113 0
vt 0.2948656 0.5719122 0
vt 0.414987 0.9475561 0
vt 0.4144349 0.9487031 0
vt 0.4141734 0.9492463 0
vt 0.3156746 0.9172967 0
vt 0.315431 0.918536 0
vt 0.3153626 0.91915 0
vt 0.3137928 0.9168938 0
vt 0.3135669 0.91814 0
vt 0.3134557 0.9187518 0
vt 0.3109941 0.9163837 0
vt 0.3107924 0.9176408 0
vt 0.3106424 0.9182371 0
vt 0.3008923 0.9150324 0
vt 0.3007398 0.9162976 0
vt 0.7413134 0.6909515 0
vt 0.2871534 0.9137575 0
vt 0.2870584 0.9150266 0
vt 0.28705 0.9156317 0
vt 0.4607745 0.9169861 0
vt 0.464808 0.9180023 0
vt 0.4686406 0.9189016 0
vt 0.4685256 0.2536983 0
vt 0.4729365 0.25385 0
vt 0.4771534 0.2539909 0
vt 0.7645438 0.4834567 0
vt 0.7694087 0.483702 0
vt 0.7761244 0.4837852 0
vt 0.2770115 0.9130296 0
vt 0.2769617 0.9142998 0
vt 0.2769554 0.9149165 0
vt 0.2737482 0.9129687 0
vt 0.2737227 0.914235 0
vt 0.2736698 0.9148472 0
vt 0.2704902 0.9130229 0
vt 0.2704892 0.9142951 0
vt 0.2703983 0.9149016 0
vt 0.7457545 0.6620724 0
vt 0.7516292 0.6618542 0
vt 0.7597816 0.6617924 0
vt 0.7464255 0.6654803 0
vt 0.7522582 0.6652468 0
vt 0.7603545 0.6651779 0
vt 0.7482581 0.6700664 0
vt 0.7539787 0.6698023 0
vt 0.7619256 0.6697223 0
vt 0.7574117 0.6840475 0
vt 0.7625846 0.6836949 0
vt 0.7697916 0.6835834 0
vt 0.7699826 0.7006884 0
vt 0.7747067 0.7009503 0
vt 0.7810187 0.7011132 0
vt 0.7487505 0.5064897 0
vt 0.7544695 0.5067861 0
vt 0.7624158 0.5069126 0
vt 0.7468828 0.5135534 0
vt 0.7527141 0.5138131 0
vt 0.7608099 0.5139268 0
vt 0.7461718 0.5234331 0
vt 0.7520451 0.5236556 0
vt 0.7601971 0.5237563 0
vt 0.3993055 0.9403383 0
vt 0.3988455 0.9415184 0
vt 0.3986335 0.9420975 0
vt 0.3954774 0.9389375 0
vt 0.3950554 0.9401321 0
vt 0.39481 0.9406969 0
vt 0.3903885 0.9372687 0
vt 0.3900105 0.9384861 0
vt 0.3897528 0.9390468 0
vt 0.3259794 0.865844 0
vt 0.3293731 0.866909 0
vt 0.3314894 0.8677061 0
vt 0.3291263 0.2443307 0
vt 0.3324883 0.2445983 0
vt 0.3345854 0.2447755 0
vt 0.7456853 0.6527571 0
vt 0.7515656 0.6525692 0
vt 0.7597257 0.652518 0
vt 0.3205571 0.9184852 0
vt 0.3202783 0.9197286 0
vt 0.320231 0.9203463 0
vt 0.3259801 0.8943592 0
vt 0.3258379 0.895084 0
vt 0.3254625 0.8965405 0
vt 0.4081686 0.9174041 0
vt 0.4078979 0.9181146 0
vt 0.4073335 0.9195584 0
vt 0.4037586 0.9157977 0
vt 0.4035022 0.9165092 0
vt 0.4030176 0.9179762 0
vt 0.3979749 0.9140299 0
vt 0.3977291 0.9147289 0
vt 0.3973043 0.9161781 0
vt 0.2778015 0.8881779 0
vt 0.2777676 0.8889385 0
vt 0.2776888 0.8904906 0
vt 0.2740581 0.8880364 0
vt 0.2740379 0.888806 0
vt 0.274039 0.8903801 0
vt 0.2703554 0.8881523 0
vt 0.2703461 0.8889028 0
vt 0.2704084 0.890441 0
vt 0.3039808 0.8906462 0
vt 0.3038844 0.8913752 0
vt 0.3037181 0.8928698 0
vt 0.2890578 0.8890991 0
vt 0.2890051 0.8898296 0
vt 0.288859 0.8913192 0
vt 0.3205615 0.8929381 0
vt 0.3204053 0.8936964 0
vt 0.320051 0.8952337 0
vt 0.3183813 0.8925035 0
vt 0.3182378 0.8932595 0
vt 0.3179415 0.8948022 0
vt 0.3151363 0.8919881 0
vt 0.3150104 0.8927337 0
vt 0.3147992 0.8942652 0
vt 0.4256804 0.9253026 0
vt 0.4253652 0.9259619 0
vt 0.4247211 0.9273095 0
vt 0.4488564 0.9377292 0
vt 0.4484633 0.9383689 0
vt 0.4475909 0.9396361 0
vt 0.4457743 0.9356636 0
vt 0.4453808 0.9363245 0
vt 0.4445416 0.9376549 0
vt 0.4425159 0.9337922 0
vt 0.4421389 0.9344528 0
vt 0.4413804 0.9358078 0
vt 0.2890155 0.8856716 0
vt 0.2890173 0.885429 0
vt 0.9651388 0.2537723 0
vt 0.3046719 0.8872649 0
vt 0.3047155 0.8870263 0
vt 0.9651388 0.2687182 0
vt 0.3160705 0.888481 0
vt 0.3161325 0.8882401 0
vt 0.9651388 0.2797139 0
vt 0.3190707 0.8888132 0
vt 0.3191192 0.8885661 0
vt 0.9651388 0.2827239 0
vt 0.32102 0.8892604 0
vt 0.3210629 0.8890131 0
vt 0.9651388 0.2846915 0
vt 0.9696833 0.2537723 0
vt 0.969973 0.2537723 0
vt 0.9701227 0.2537723 0
vt 0.9696833 0.2687182 0
vt 0.969973 0.2687182 0
vt 0.9701227 0.2687182 0
vt 0.9696833 0.2797139 0
vt 0.969973 0.2797139 0
vt 0.9701227 0.2797139 0
vt 0.9696833 0.2827239 0
vt 0.969973 0.2827239 0
vt 0.9701227 0.2827239 0
vt 0.9696833 0.2846915 0
vt 0.969973 0.2846915 0
vt 0.9701227 0.2846915 0
vt 0.9696833 0.3863194 0
vt 0.969973 0.3863194 0
vt 0.9701227 0.3863194 0
vt 0.3997187 0.9108863 0
vt 0.3998301 0.9106636 0
vt 0.9651388 0.357992 0
vt 0.4052492 0.9124663 0
vt 0.4053454 0.9122359 0
vt 0.9651388 0.3633438 0
vt 0.4094093 0.9139226 0
vt 0.4094947 0.9136882 0
vt 0.9651388 0.3675785 0
vt 0.9696833 0.357992 0
vt 0.969973 0.357992 0
vt 0.9701227 0.357992 0
vt 0.9696833 0.3633438 0
vt 0.969973 0.3633438 0
vt 0.9701227 0.3633438 0
vt 0.9696833 0.3675785 0
vt 0.969973 0.3675785 0
vt 0.9701227 0.3675785 0
vt 0.4271454 0.922238 0
vt 0.4272497 0.92202 0
vt 0.9651388 0.3863194 0
vt 0.4444319 0.9306396 0
vt 0.4445601 0.9304259 0
vt 0.9651388 0.4048185 0
vt 0.4474392 0.9324062 0
vt 0.4475591 0.9321878 0
vt 0.9651388 0.4082831 0
vt 0.4501884 0.9344229 0
vt 0.4502955 0.934201 0
vt 0.9651388 0.4116386 0
vt 0.9696833 0.4048185 0
vt 0.969973 0.4048185 0
vt 0.9701227 0.4048185 0
vt 0.9696833 0.4082831 0
vt 0.969973 0.4082831 0
vt 0.9701227 0.4082831 0
vt 0.9696833 0.4116386 0
vt 0.969973 0.4116386 0
vt 0.9701227 0.4116386 0
vt 0.2710001 0.8846398 0
vt 0.2710286 0.8843945 0
vt 0.9651388 0.2359265 0
vt 0.274398 0.8843895 0
vt 0.2744139 0.8841403 0
vt 0.9651388 0.239282 0
vt 0.2778811 0.8844887 0
vt 0.2778874 0.8842396 0
vt 0.9651388 0.2427465 0
vt 0.9696833 0.2359265 0
vt 0.969973 0.2359265 0
vt 0.9701227 0.2359265 0
vt 0.9696833 0.239282 0
vt 0.969973 0.239282 0
vt 0.9701227 0.239282 0
vt 0.9696833 0.2427465 0
vt 0.969973 0.2427465 0
vt 0.9701227 0.2427465 0
vt 0.977857 0.2797139 0
vt 0.9782505 0.2797139 0
vt 0.977857 0.2827239 0
vt 0.9782505 0.2827239 0
vt 0.977857 0.2846915 0
vt 0.9782505 0.2846915 0
vt 0.9705387 0.2797139 0
vt 0.9709317 0.2797139 0
vt 0.9705387 0.2827239 0
vt 0.9709317 0.2827239 0
vt 0.9705387 0.2846915 0
vt 0.9709317 0.2846915 0
vt 0.9705387 0.357992 0
vt 0.9709317 0.357992 0
vt 0.9705387 0.3633438 0
vt 0.9709317 0.3633438 0
vt 0.9705387 0.3675785 0
vt 0.9709317 0.3675785 0
vt 0.977857 0.357992 0
vt 0.9782505 0.357992 0
vt 0.977857 0.3633438 0
vt 0.9782505 0.3633438 0
vt 0.977857 0.3675785 0
vt 0.9782505 0.3675785 0
vt 0.9705387 0.2359265 0
vt 0.9709317 0.2359265 0
vt 0.9705387 0.239282 0
vt 0.9709317 0.239282 0
vt 0.9705387 0.2427465 0
vt 0.9709317 0.2427465 0
vt 0.977857 0.2359265 0
vt 0.9782505 0.2359265 0
vt 0.977857 0.239282 0
vt 0.9782505 0.239282 0
vt 0.977857 0.2427465 0
vt 0.9782505 0.2427465 0
vt 0.9705387 0.4048185 0
vt 0.9709317 0.4048185 0
vt 0.9705387 0.4082831 0
vt 0.9709317 0.4082831 0
vt 0.9705387 0.4116386 0
vt 0.9709317 0.4116386 0
vt 0.977857 0.4048185 0
vt 0.9782505 0.4048185 0
vt 0.977857 0.4082831 0
vt 0.9782505 0.4082831 0
vt 0.977857 0.4116386 0
vt 0.9782505 0.4116386 0
vt 0.977857 0.2537723 0
vt 0.9782505 0.2537723 0
vt 0.977857 0.2687182 0
vt 0.9782505 0.2687182 0
vt 0.9705387 0.2537723 0
vt 0.9709317 0.2537723 0
vt 0.9705387 0.2687182 0
vt 0.9709317 0.2687182 0
vt 0.9705387 0.3863194 0
vt 0.9709317 0.3863194 0
vt 0.977857 0.3863194 0
vt 0.9782505 0.3863194 0
vt 0.983905 0.2687182 0
vt 0.983735 0.2687182 0
vt 0.9834235 0.2687182 0
vt 0.983905 0.2537723 0
vt 0.983735 0.2537723 0
vt 0.9834235 0.2537723 0
vt 0.983905 0.2427465 0
vt 0.983735 0.2427465 0
vt 0.9834235 0.2427465 0
vt 0.983905 0.239282 0
vt 0.983735 0.239282 0
vt 0.9834235 0.239282 0
vt 0.983905 0.2359265 0
vt 0.983735 0.2359265 0
vt 0.9834235 0.2359265 0
vt 0.9788703 0.2687182 0
vt 0.9786848 0.2687182 0
vt 0.9788703 0.2537723 0
vt 0.9786848 0.2537723 0
vt 0.9788703 0.2427465 0
vt 0.9786848 0.2427465 0
vt 0.9788703 0.239282 0
vt 0.9786848 0.239282 0
vt 0.9788703 0.2359265 0
vt 0.9786848 0.2359265 0
vt 0.983905 0.3863194 0
vt 0.983735 0.3863194 0
vt 0.9834235 0.3863194 0
vt 0.983905 0.3675785 0
vt 0.983735 0.3675785 0
vt 0.9834235 0.3675785 0
vt 0.983905 0.3633438 0
vt 0.983735 0.3633438 0
vt 0.9834235 0.3633438 0
vt 0.983905 0.357992 0
vt 0.983735 0.357992 0
vt 0.9834235 0.357992 0
vt 0.9788703 0.3863194 0
vt 0.9786848 0.3863194 0
vt 0.9788703 0.3675785 0
vt 0.9786848 0.3675785 0
vt 0.9788703 0.3633438 0
vt 0.9786848 0.3633438 0
vt 0.9788703 0.357992 0
vt 0.9786848 0.357992 0
vt 0.983905 0.2846915 0
vt 0.983735 0.2846915 0
vt 0.9834235 0.2846915 0
vt 0.983905 0.2827239 0
vt 0.983735 0.2827239 0
vt 0.9834235 0.2827239 0
vt 0.983905 0.2797139 0
vt 0.983735 0.2797139 0
vt 0.9834235 0.2797139 0
vt 0.9788703 0.2846915 0
vt 0.9786848 0.2846915 0
vt 0.9788703 0.2827239 0
vt 0.9786848 0.2827239 0
vt 0.9788703 0.2797139 0
vt 0.9786848 0.2797139 0
vt 0.9788703 0.4116386 0
vt 0.9786848 0.4116386 0
vt 0.9788703 0.4082831 0
vt 0.9786848 0.4082831 0
vt 0.9788703 0.4048185 0
vt 0.9786848 0.4048185 0
vt 0.983905 0.4116386 0
vt 0.983735 0.4116386 0
vt 0.9834235 0.4116386 0
vt 0.983905 0.4082831 0
vt 0.983735 0.4082831 0
vt 0.9834235 0.4082831 0
vt 0.983905 0.4048185 0
vt 0.983735 0.4048185 0
vt 0.9834235 0.4048185 0
vt 0.9788703 0.2896315 0
vt 0.9786848 0.2896315 0
vt 0.983905 0.2896315 0
vt 0.983735 0.2896315 0
vt 0.9834235 0.2896315 0
vt 0.3259554 0.8680537 0
vt 0.3260874 0.8676682 0
vt 0.3261358 0.8673913 0
vt 0.3293623 0.869001 0
vt 0.329467 0.8686236 0
vt 0.3294983 0.8683611 0
vt 0.3314739 0.8697909 0
vt 0.3315491 0.8694071 0
vt 0.3315644 0.8691444 0
vt 0.3240313 0.873714 0
vt 0.3241165 0.873513 0
vt 0.3276359 0.8747984 0
vt 0.3277063 0.874587 0
vt 0.3299427 0.8756363 0
vt 0.3299957 0.8754135 0
vt 0.4055132 0.9057137 0
vt 0.4056086 0.9055294 0
vt 0.4113987 0.907627 0
vt 0.4114748 0.9074405 0
vt 0.4161763 0.9094463 0
vt 0.4162266 0.9092557 0
vt 0.4077533 0.9005712 0
vt 0.4079036 0.900221 0
vt 0.4079514 0.8999692 0
vt 0.4132305 0.9025069 0
vt 0.4133435 0.9021731 0
vt 0.4133694 0.9019448 0
vt 0.4176994 0.9042112 0
vt 0.41777 0.9038787 0
vt 0.4177754 0.9036592 0
vt 0.2720139 0.8619572 0
vt 0.2720695 0.8617385 0
vt 0.2762277 0.8620782 0
vt 0.276268 0.8618531 0
vt 0.2806002 0.8627764 0
vt 0.2806192 0.8625522 0
vt 0.2732333 0.8559404 0
vt 0.2733137 0.8555192 0
vt 0.2733495 0.8552156 0
vt 0.2772329 0.8559625 0
vt 0.2772984 0.8555422 0
vt 0.2773261 0.8552424 0
vt 0.2814286 0.8565976 0
vt 0.2814711 0.8561776 0
vt 0.2814851 0.8558793 0
vt 0.4585729 0.9236726 0
vt 0.4586546 0.9235026 0
vt 0.4627617 0.9246816 0
vt 0.4628223 0.9244995 0
vt 0.4665924 0.9258752 0
vt 0.4666366 0.9256828 0
vt 0.4605466 0.9188599 0
vt 0.460658 0.9185687 0
vt 0.4606936 0.918391 0
vt 0.4644201 0.9198423 0
vt 0.4644905 0.9195424 0
vt 0.4645138 0.9193654 0
vt 0.4679961 0.9208406 0
vt 0.4680437 0.920521 0
vt 0.4680655 0.9203345 0
vt 0.294825 0.8602132 0
vt 0.2948761 0.8597867 0
vt 0.294889 0.859483 0
vt 0.3129406 0.8648584 0
vt 0.3130457 0.8644522 0
vt 0.3130813 0.8641588 0
vt 0.2939069 0.866192 0
vt 0.2939357 0.8659721 0
vt 0.3111943 0.8706182 0
vt 0.3112607 0.8704103 0
vt 0.4371496 0.9175901 0
vt 0.4372166 0.917403 0
vt 0.4389744 0.9125021 0
vt 0.4390774 0.9121611 0
vt 0.4391026 0.9119415 0
vt 0.3129683 0.8625515 0
vt 0.2948736 0.8578937 0
vt 0.4082877 0.5651307 0
vt 0.4141815 0.5649605 0
vt 0.4190844 0.5648892 0
vt 0.4427588 0.56488 0
vt 0.2741428 0.5726622 0
vt 0.2779757 0.5727055 0
vt 0.2819924 0.5726208 0
vt 0.4666938 0.5651687 0
vt 0.4711814 0.5652846 0
vt 0.4754725 0.5654223 0
vt 0.3252153 0.570119 0
vt 0.3285907 0.56993 0
vt 0.3306975 0.5698063 0
vt 0.3163277 0.2433434 0
vt 0.2988255 0.2418299 0
vt 0.4389187 0.5103807 0
vt 0.4736231 0.3091726 0
vt 0.4692727 0.3090637 0
vt 0.4647144 0.308947 0
vt 0.4726759 0.5108968 0
vt 0.4682818 0.5108072 0
vt 0.4636743 0.5107202 0
vt 0.4402557 0.3082609 0
vt 0.2951637 0.3040174 0
vt 0.2902086 0.3040549 0
vt 0.2854675 0.3042141 0
vt 0.308679 0.5107556 0
vt 0.3297214 0.5109 0
vt 0.2928576 0.5107392 0
vt 0.287875 0.5106169 0
vt 0.283106 0.5103813 0
vt 0.3108954 0.3043038 0
vt 0.3317543 0.3046105 0
vt 0.3516349 0.3050766 0
vt 0.3497278 0.3050028 0
vt 0.3462586 0.3048877 0
vt 0.3497875 0.5109006 0
vt 0.3478641 0.510928 0
vt 0.3443622 0.5109599 0
vt 0.4147338 0.5102099 0
vt 0.4104696 0.5102058 0
vt 0.4060671 0.5102185 0
vt 0.4163757 0.3075716 0
vt 0.4121597 0.3074478 0
vt 0.407813 0.3073086 0
vt 0.3536997 0.5108493 0
vt 0.3555087 0.3052304 0
vt 0.3438062 0.5147223 0
vt 0.3442814 0.5131705 0
vt 0.3473085 0.5146626 0
vt 0.3477989 0.5131267 0
vt 0.3492205 0.5145499 0
vt 0.3497248 0.5130504 0
vt 0.3252889 0.5683507 0
vt 0.3257146 0.5670149 0
vt 0.3286511 0.568186 0
vt 0.329109 0.5669006 0
vt 0.3307421 0.5680557 0
vt 0.3312 0.5667694 0
vt 0.4062407 0.513482 0
vt 0.4062062 0.5121644 0
vt 0.4106685 0.5134204 0
vt 0.4106031 0.5121216 0
vt 0.4149386 0.5134004 0
vt 0.4148622 0.5121116 0
vt 0.408046 0.5632225 0
vt 0.4079467 0.5619546 0
vt 0.4139766 0.5630723 0
vt 0.4138745 0.5618318 0
vt 0.4189065 0.5630133 0
vt 0.4188029 0.5617834 0
vt 0.274233 0.5709196 0
vt 0.2743462 0.5695023 0
vt 0.2780568 0.5710401 0
vt 0.2782426 0.5696889 0
vt 0.2820503 0.5709455 0
vt 0.2823071 0.569594 0
vt 0.2828026 0.5143306 0
vt 0.2829615 0.5126465 0
vt 0.2875396 0.5147511 0
vt 0.2877693 0.5130002 0
vt 0.2924935 0.514838 0
vt 0.2927993 0.5131106 0
vt 0.4665937 0.5632852 0
vt 0.4665303 0.5620847 0
vt 0.4710891 0.5634078 0
vt 0.4710281 0.5622128 0
vt 0.4753874 0.5635478 0
vt 0.4753274 0.5623539 0
vt 0.4638237 0.5138731 0
vt 0.4637628 0.5125983 0
vt 0.468428 0.5139513 0
vt 0.4683687 0.5126801 0
vt 0.472822 0.5140406 0
vt 0.4727633 0.51277 0
vt 0.3127872 0.5674948 0
vt 0.3124325 0.5689423 0
vt 0.2952076 0.568638 0
vt 0.2948865 0.5700826 0
vt 0.3296103 0.5130442 0
vt 0.3291266 0.5145599 0
vt 0.3085812 0.5129218 0
vt 0.3081276 0.5144649 0
vt 0.4390919 0.5135475 0
vt 0.4390216 0.5122681 0
vt 0.442631 0.563005 0
vt 0.4425484 0.5617934 0
vt 0.4648189 0.307059 0
vt 0.4648913 0.3057782 0
vt 0.4693723 0.3071793 0
vt 0.4694414 0.3059005 0
vt 0.4737184 0.3072909 0
vt 0.4737847 0.3060135 0
vt 0.4446519 0.2564146 0
vt 0.4447678 0.2550646 0
vt 0.4682748 0.2572385 0
vt 0.4683693 0.2559046 0
vt 0.4726961 0.25738 0
vt 0.4727869 0.2560498 0
vt 0.4769232 0.257512 0
vt 0.4770104 0.2561848 0
vt 0.4403879 0.3063562 0
vt 0.4404782 0.3050651 0
vt 0.4105186 0.25507 0
vt 0.410659 0.2536583 0
vt 0.4163664 0.2553495 0
vt 0.4165116 0.2539599 0
vt 0.421228 0.255545 0
vt 0.4213726 0.2541673 0
vt 0.4079704 0.3053497 0
vt 0.4080179 0.3040219 0
vt 0.4123189 0.3055129 0
vt 0.412401 0.3042005 0
vt 0.4165313 0.3056494 0
vt 0.4166259 0.3043465 0
vt 0.3312662 0.3009234 0
vt 0.3317037 0.3024556 0
vt 0.310436 0.3005651 0
vt 0.3108492 0.302125 0
vt 0.3462482 0.3026702 0
vt 0.345826 0.3011043 0
vt 0.3497368 0.3027983 0
vt 0.3493007 0.3012492 0
vt 0.3516466 0.3029225 0
vt 0.3511965 0.3014102 0
vt 0.3162248 0.2457803 0
vt 0.3165192 0.2473674 0
vt 0.2987148 0.2442507 0
vt 0.298981 0.2458402 0
vt 0.3294124 0.2481344 0
vt 0.3290597 0.2466483 0
vt 0.3327878 0.2483452 0
vt 0.3324039 0.246897 0
vt 0.3348645 0.2485404 0
vt 0.3344794 0.2470859 0
vt 0.2853751 0.3019347 0
vt 0.285256 0.3002403 0
vt 0.2901628 0.3016575 0
vt 0.2899775 0.2998937 0
vt 0.2951657 0.3016332 0
vt 0.2949052 0.2998916 0
vt 0.2781874 0.2445983 0
vt 0.2781145 0.2430448 0
vt 0.282079 0.2444669 0
vt 0.2819331 0.2429764 0
vt 0.2861301 0.2446276 0
vt 0.285915 0.243134 0
vt 0.3555089 0.3031774 0
vt 0.3550229 0.3017726 0
vt 0.3398421 0.2491095 0
vt 0.3394755 0.2476237 0
vt 0.3530768 0.5142902 0
vt 0.3536183 0.5129002 0
vt 0.3357814 0.5676749 0
vt 0.3362212 0.5663487 0
vt 0.3357796 0.5695044 0
vt 0.3365192 0.8721474 0
vt 0.3365689 0.8717319 0
vt 0.3365684 0.8714521 0
vt 0.3352497 0.8781466 0
vt 0.3352861 0.8779271 0
vt 0.977857 0.2896315 0
vt 0.9782505 0.2896315 0
vt 0.9705387 0.2896315 0
vt 0.9709317 0.2896315 0
vt 0.3260232 0.8907504 0
vt 0.3260377 0.8905012 0
vt 0.9651388 0.2896315 0
vt 0.9696833 0.2896315 0
vt 0.969973 0.2896315 0
vt 0.9701227 0.2896315 0
vt 0.336581 0.8698967 0
vt 0.3396415 0.2452378 0
vt 0.5816826 0.00390625 0
vt 0.7138032 0.00542943 0
vt 0.5780007 0.2938229 0
vt 0.7073177 0.2966347 0
vt 0.5752534 0.367711 0
vt 0.5743483 0.615635 0
vt 0.7075773 0.3686037 0
vt 0.70677 0.6155043 0
vt 0.7065126 0.6875454 0
vt 0.5763346 0.6897257 0
vt 0.7074761 0.9934179 0
vt 0.7108724 0.9896637 0
vt 0.5820741 0.9914489 0
vt 0.585486 0.9952023 0
vt 0.7060502 0.005198779 0
vt 0.7052015 0.005173875 0
vt 0.5902885 0.003938685 0
vt 0.5894393 0.003934982 0
vt 0.5861905 0.2939981 0
vt 0.586151 0.2950637 0
vt 0.5853472 0.2945063 0
vt 0.6991271 0.2965846 0
vt 0.6999497 0.2971189 0
vt 0.6991188 0.2976462 0
vt 0.5835124 0.3677882 0
vt 0.5835145 0.3690124 0
vt 0.5826596 0.3683424 0
vt 0.5826407 0.6144225 0
vt 0.5826279 0.6156494 0
vt 0.5817807 0.6150844 0
vt 0.6993142 0.368575 0
vt 0.7001531 0.3691351 0
vt 0.6992957 0.3697904 0
vt 0.6993746 0.6149324 0
vt 0.6985358 0.6154882 0
vt 0.6985209 0.6142731 0
vt 0.6991129 0.6869236 0
vt 0.6982842 0.6874481 0
vt 0.6982777 0.6863924 0
vt 0.5845222 0.6883568 0
vt 0.5845549 0.6894187 0
vt 0.5837071 0.6889175 0
vt 0.7039516 0.9875956 0
vt 0.7034985 0.9880762 0
vt 0.7031781 0.9874546 0
vt 0.589401 0.9895518 0
vt 0.5889354 0.9890953 0
vt 0.5897063 0.9889274 0
vt 0.7395472 0.01401697 0
vt 0.743005 0.4336941 0
vt 0.7313448 0.01680804 0
vt 0.8156858 0.4428615 0
vt 0.01660435 0.5095571 0
vt 0.5645612 0.2582141 0
vt 0.7405609 0.01370524 0
vt 0.7327258 0.01634757 0
vt 0.5488679 0.9400517 0
vt 0.7304688 0.01706957 0
vt 0.9453221 0.4755498 0
vt 0.9696833 0.4815869 0
vt 0.04276441 0.9679085 0
vt 0.732196 0.0165304 0
vt 0.9278782 0.4580753 0
vt 0.05561736 0.9858804 0
vt 0.05641097 0.9868821 0
vt 0.9153365 0.4505461 0
vt 0.983905 0.00390625 0
vt 0.9090192 0.4495897 0
vt 0.5478471 0.942184 0
vt 0.05683958 0.9873282 0
vt 0.9212047 0.4531052 0
vt 0.9610725 0.4948037 0
vt 0.9673355 0.6705201 0
vt 0.9709317 0.00390625 0
vt 0.9655371 0.5022922 0
vt 0.9681966 0.6668335 0
vt 0.005289815 0.9321801 0
vt 0.965015 0.6756034 0
vt 0.005654666 0.9325441 0
vt 0.9534091 0.691591 0
vt 0.01003384 0.5626197 0
vt 0.1623179 0.9314901 0
vt 0.9701227 0.00390625 0
vt 0.9354536 0.7111693 0
vt 0.9270925 0.7189376 0
vt 0.969973 0.00390625 0
vt 0.9678194 0.5100165 0
vt 0.794342 0.7271006 0
vt 0.9081828 0.7273105 0
vt 0.5646334 0.2568009 0
vt 0.03857582 0.9640444 0
vt 0.9782505 0.00390625 0
vt 0.04100332 0.9659681 0
vt 0.9786848 0.00390625 0
vt 0.9145057 0.7263921 0
vt 0.9203892 0.7238676 0
vt 0.9788703 0.00390625 0
vt 0.7265625 0.6633284 0
vt 0.9686381 0.5205399 0
vt 0.9834235 0.00390625 0
vt 0.9683482 0.6569924 0
vt 0.9648438 0.00390625 0
vt 0.04135125 0.9662733 0
vt 0.9651388 0.4815869 0
vt 0.04183681 0.9667969 0
vt 0.9702821 0.00390625 0
vt 0.5647066 0.5671439 0
vt 0.9705387 0.00390625 0
vt 0.977857 0.00390625 0
vt 0.9785104 0.00390625 0
vt 0.983735 0.00390625 0
vt 0.01170578 0.9378349 0
vt 0.01136034 0.9375685 0
vt 0.01158463 0.9377425 0
vt 0.005107189 0.931946 0
vt 0.5771851 0.01726038 0
vt 0.5619131 0.5128961 0
vt 0.5621428 0.3114313 0
vt 0.02034671 0.3044705 0
vt 0.561965 0.5141425 0
vt 0.01043184 0.5594719 0
vt 0.01027705 0.5606966 0
vt 0.01646777 0.5108381 0
vt 0.02021989 0.302574 0
vt 0.7507007 0.4749644 0
vt 0.02030306 0.3038195 0
vt 0.01601914 0.2546704 0
vt 0.01590321 0.2533644 0
vt 0.7871588 0.4492232 0
vt 0.7808352 0.4501422 0
vt 0.7749519 0.452666 0
vt 0.7951789 0.4491134 0
vt 0.4254869 0.9548362 0
vt 0.7348361 0.4941233 0
vt 0.7266765 0.6661054 0
vt 0.7275144 0.6697974 0
vt 0.7298042 0.6748946 0
vt 0.3006375 0.9168949 0
vt 0.7591501 0.7106373 0
vt 0.2812118 0.915167 0
vt 0.774137 0.7234257 0
vt 0.780005 0.725986 0
vt 0.7863229 0.7269425 0
vt 0.7303256 0.5015847 0
vt 0.7279969 0.509295 0
vt 0.7271159 0.5198132 0
vt 0.7265833 0.6562641 0
vt 0.9648438 0.1694427 0
vt 0.5388144 0.9485631 0
vt 0.4538111 0.9367824 0
vt 0.9648438 0.3723685 0
vt 0.9648438 0.4116386 0
vt 0.5348374 0.9469629 0
vt 0.9648438 0.4747669 0
vt 0.9840022 0.00390625 0
vt 0.189867 0.8621095 0
vt 0.4529518 0.9224068 0
vt 0.9648438 0.4781224 0
vt 0.9648438 0.2317666 0
vt 0.9648438 0.4815869 0
vt 0.4161477 0.909548 0
vt 0.9648438 0.1260009 0
vt 0.4585312 0.9237648 0
vt 0.01642069 0.9345576 0
vt 0.9648438 0.2359265 0
vt 0.9648438 0.008526342 0
vt 0.1423089 0.874815 0
vt 0.03838593 0.9638818 0
vt 0.9648438 0.1240332 0
vt 0.9648438 0.2797139 0
vt 0.9648438 0.1727982 0
vt 0.9648438 0.4082831 0
vt 0.9648438 0.4048185 0
vt 0.9648438 0.2846915 0
vt 0.4113577 0.9077273 0
vt 0.9648438 0.03635632 0
vt 0.9648438 0.04538097 0
vt 0.4710042 0.927569 0
vt 0.9648438 0.2427465 0
vt 0.4665682 0.92598 0
vt 0.9648438 0.1190933 0
vt 0.4627298 0.92478 0
vt 0.04696899 0.9177268 0
vt 0.05240884 0.9149025 0
vt 0.03166046 0.9260737 0
vt 0.05732392 0.9126665 0
vt 0.06346949 0.9103003 0
vt 0.9648438 0.04114631 0
vt 0.9648438 0.02240537 0
vt 0.9648438 0.1290108 0
vt 0.9648438 0.1400065 0
vt 0.3314657 0.8764833 0
vt 0.1589951 0.8702741 0
vt 0.9648438 0.239282 0
vt 0.9648438 0.2473667 0
vt 0.9648438 0.05073275 0
vt 0.9648438 0.2687182 0
vt 0.3224207 0.8894726 0
vt 0.9648438 0.2896315 0
vt 0.9648438 0.357992 0
vt 0.4371134 0.9176917 0
vt 0.1384056 0.8764912 0
vt 0.1399666 0.8757185 0
vt 0.3275976 0.8749117 0
vt 0.1459767 0.8736379 0
vt 0.134641 0.878411 0
vt 0.9648438 0.122632 0
vt 0.1942882 0.8613983 0
vt 0.421581 0.9117881 0
vt 0.1764553 0.8656042 0
vt 0.184138 0.863493 0
vt 0.3299134 0.8757554 0
vt 0.3352266 0.8782638 0
vt 0.405462 0.9058133 0
vt 0.2805891 0.8628965 0
vt 0.2862739 0.8642587 0
vt 0.2719869 0.8620763 0
vt 0.2762073 0.8621995 0
vt 0.266952 0.862231 0
vt 0.198582 0.8612502 0
vt 0.2938903 0.8663111 0
vt 0.311159 0.8707312 0
vt 0.3239868 0.8738225 0
vt 0.9648438 0.3633438 0
vt 0.9648438 0.3675785 0
vt 0.9648438 0.2537723 0
vt 0.9648438 0.3863194 0
vt 0.9648438 0.4001984 0
vt 0.9648438 0.2827239 0
vt 0.9648438 0.1659782 0
vt 0.190451 0.8916526 0
vt 0.9648438 0.1549524 0
vt 0.5424645 0.9507936 0
#end 3772 textures vertices 

#begin 3204 normals 
vn 0.4104 0.8252 -0.388
vn 0.3764 0.8421 -0.3863
vn 0.4147 0.8823 -0.2225
vn 0.4341 0.8728 -0.223
vn 0.3426 0.8587 -0.3811
vn 0.3951 0.8917 -0.2208
vn 0.4259 0.8993 -0.0994
vn 0.4347 0.8951 -0.0987
vn 0.4431 0.891 -0.0984
vn 0.478 0.7914 -0.381
vn 0.4444 0.8083 -0.3863
vn 0.4534 0.8631 -0.2225
vn 0.4727 0.8531 -0.2208
vn 0.4515 0.8868 -0.0987
vn 0.4601 0.8823 -0.0994
vn 0.3093 0.875 -0.3724
vn 0.3752 0.9009 -0.218
vn 0.2768 0.8909 -0.3602
vn 0.355 0.91 -0.214
vn 0.406 0.9081 -0.1023
vn 0.4165 0.9036 -0.1006
vn 0.2453 0.9061 -0.3447
vn 0.3343 0.919 -0.2087
vn 0.2151 0.9205 -0.3261
vn 0.3132 0.9279 -0.2022
vn 0.3796 0.9189 -0.1078
vn 0.394 0.9131 -0.1048
vn 0.1863 0.9341 -0.3044
vn 0.291 0.9367 -0.1948
vn 0.1596 0.947 -0.2787
vn 0.2684 0.9462 -0.181
vn 0.3339 0.9353 -0.1176
vn 0.3603 0.9261 -0.1121
vn 0.1369 0.9588 -0.249
vn 0.2571 0.9537 -0.1561
vn 0.1178 0.969 -0.2172
vn 0.2519 0.9587 -0.132
vn 0.3467 0.9355 -0.0678
vn 0.3411 0.9358 -0.0889
vn 0.1015 0.9777 -0.1837
vn 0.2474 0.9628 -0.1087
vn 0.0881 0.985 -0.1486
vn 0.2441 0.9659 -0.086
vn 0.3545 0.9343 -0.0388
vn 0.351 0.9349 -0.0519
vn 0.0776 0.9906 -0.1124
vn 0.2417 0.9682 -0.064
vn 0.0701 0.9947 -0.0754
vn 0.24 0.9698 -0.0424
vn 0.3589 0.9332 -0.0178
vn 0.3571 0.9337 -0.0277
vn 0.0656 0.9971 -0.0379
vn 0.2391 0.9708 -0.0211
vn 0.0641 0.9979 -0
vn 0.2388 0.9711 -0
vn 0.3604 0.9328 -0
vn 0.36 0.9329 -0.0087
vn 0.0656 0.9971 0.0379
vn 0.2391 0.9708 0.0211
vn 0.0701 0.9947 0.0754
vn 0.24 0.9698 0.0424
vn 0.3589 0.9332 0.0178
vn 0.36 0.9329 0.0087
vn 0.0776 0.9906 0.1124
vn 0.2417 0.9682 0.064
vn 0.0881 0.985 0.1486
vn 0.2441 0.9659 0.086
vn 0.3545 0.9343 0.0388
vn 0.3571 0.9337 0.0277
vn 0.1015 0.9777 0.1837
vn 0.2474 0.9628 0.1087
vn 0.1178 0.969 0.2172
vn 0.2519 0.9587 0.132
vn 0.3467 0.9355 0.0678
vn 0.351 0.9349 0.0519
vn 0.1369 0.9588 0.249
vn 0.2571 0.9537 0.1561
vn 0.1597 0.947 0.2787
vn 0.2684 0.9462 0.181
vn 0.3339 0.9353 0.1176
vn 0.3411 0.9358 0.0889
vn 0.1863 0.9341 0.3044
vn 0.2911 0.9367 0.1948
vn 0.2151 0.9205 0.3261
vn 0.3132 0.9279 0.2022
vn 0.3796 0.9189 0.1078
vn 0.3603 0.9261 0.1121
vn 0.2453 0.9061 0.3447
vn 0.3343 0.9191 0.2087
vn 0.2768 0.8909 0.3602
vn 0.355 0.91 0.214
vn 0.406 0.9081 0.1023
vn 0.394 0.9131 0.1048
vn 0.3093 0.875 0.3724
vn 0.3752 0.9009 0.218
vn 0.3426 0.8587 0.3811
vn 0.3951 0.8917 0.2208
vn 0.4259 0.8993 0.0994
vn 0.4165 0.9035 0.1006
vn 0.3764 0.8421 0.3863
vn 0.4147 0.8823 0.2225
vn 0.4104 0.8252 0.388
vn 0.4341 0.8728 0.223
vn 0.4431 0.891 0.0984
vn 0.4347 0.8951 0.0987
vn 0.4444 0.8083 0.3863
vn 0.4534 0.8631 0.2225
vn 0.478 0.7914 0.381
vn 0.4727 0.8531 0.2208
vn 0.4601 0.8823 0.0994
vn 0.4515 0.8868 0.0987
vn 0.5111 0.7747 0.3723
vn 0.492 0.8429 0.218
vn 0.5434 0.7583 0.3602
vn 0.5114 0.8322 0.214
vn 0.4792 0.8717 0.1024
vn 0.4692 0.8773 0.1006
vn 0.5745 0.7423 0.3447
vn 0.5311 0.8212 0.2087
vn 0.6043 0.727 0.3261
vn 0.551 0.8097 0.2022
vn 0.5037 0.8571 0.1078
vn 0.4904 0.8652 0.1048
vn 0.6324 0.7123 0.3044
vn 0.5713 0.7973 0.1948
vn 0.6588 0.6987 0.2787
vn 0.5926 0.7849 0.181
vn 0.5444 0.8306 0.1176
vn 0.5211 0.8461 0.1121
vn 0.682 0.6877 0.249
vn 0.6054 0.7805 0.1561
vn 0.7016 0.6787 0.2172
vn 0.6125 0.7794 0.1319
vn 0.5368 0.841 0.0677
vn 0.5404 0.8367 0.0889
vn 0.7184 0.671 0.1836
vn 0.6184 0.7783 0.1087
vn 0.7323 0.6646 0.1486
vn 0.623 0.7775 0.0861
vn 0.5311 0.8464 0.0389
vn 0.5337 0.8441 0.0519
vn 0.7431 0.6596 0.1124
vn 0.6263 0.777 0.064
vn 0.7509 0.6561 0.0754
vn 0.6285 0.7766 0.0424
vn 0.5276 0.8493 0.0178
vn 0.529 0.8481 0.0277
vn 0.7555 0.654 0.0378
vn 0.6298 0.7764 0.0211
vn 0.7571 0.6533 -0
vn 0.6303 0.7764 -0
vn 0.5263 0.8503 -0
vn 0.5266 0.85 0.0087
vn 0.7555 0.654 -0.0378
vn 0.6298 0.7764 -0.0211
vn 0.7509 0.6561 -0.0754
vn 0.6285 0.7766 -0.0424
vn 0.5276 0.8493 -0.0178
vn 0.5266 0.85 -0.0087
vn 0.7431 0.6596 -0.1124
vn 0.6263 0.777 -0.064
vn 0.7323 0.6646 -0.1486
vn 0.623 0.7775 -0.0861
vn 0.5311 0.8464 -0.0389
vn 0.529 0.8481 -0.0277
vn 0.7184 0.671 -0.1836
vn 0.6184 0.7783 -0.1087
vn 0.7016 0.6787 -0.2172
vn 0.6125 0.7794 -0.1319
vn 0.5368 0.841 -0.0677
vn 0.5337 0.8441 -0.0519
vn 0.682 0.6877 -0.2491
vn 0.6054 0.7804 -0.1561
vn 0.6588 0.6987 -0.2787
vn 0.5926 0.7849 -0.181
vn 0.5444 0.8306 -0.1176
vn 0.5404 0.8367 -0.0889
vn 0.6325 0.7123 -0.3044
vn 0.5713 0.7973 -0.1948
vn 0.6043 0.727 -0.3261
vn 0.551 0.8097 -0.2022
vn 0.5037 0.8571 -0.1078
vn 0.5211 0.8461 -0.1121
vn 0.5745 0.7423 -0.3447
vn 0.5311 0.8212 -0.2087
vn 0.5434 0.7583 -0.3602
vn 0.5114 0.8322 -0.214
vn 0.4792 0.8717 -0.1024
vn 0.4904 0.8652 -0.1048
vn 0.5111 0.7747 -0.3723
vn 0.492 0.8429 -0.218
vn 0.4692 0.8773 -0.1006
vn 0.6667 0.4558 -0.5897
vn 0.6133 0.4824 -0.6254
vn 0.6051 0.6257 -0.4924
vn 0.6472 0.6047 -0.4642
vn 0.5569 0.5104 -0.6552
vn 0.5607 0.6477 -0.5158
vn 0.4983 0.5396 -0.6787
vn 0.5146 0.6707 -0.5342
vn 0.4378 0.5696 -0.6956
vn 0.467 0.6944 -0.5475
vn 0.3762 0.6003 -0.7058
vn 0.4184 0.7185 -0.5556
vn 0.3139 0.6313 -0.7092
vn 0.3695 0.7429 -0.5583
vn 0.4793 0.1612 -0.8627
vn 0.402 0.1996 -0.8936
vn 0.463 0.388 -0.7969
vn 0.5318 0.3537 -0.7694
vn 0.3224 0.2392 -0.9159
vn 0.392 0.4233 -0.8168
vn 0.2413 0.2796 -0.9293
vn 0.3196 0.4593 -0.8288
vn 0.1593 0.3204 -0.9338
vn 0.2465 0.4957 -0.8328
vn 0.0774 0.3611 -0.9293
vn 0.1734 0.532 -0.8288
vn -0.0038 0.4015 -0.9159
vn 0.101 0.568 -0.8168
vn 0.1901 0.6929 -0.6955
vn 0.2517 0.6622 -0.7058
vn 0.3205 0.7672 -0.5556
vn 0.2719 0.7914 -0.5475
vn -0.0834 0.441 -0.8936
vn 0.0301 0.6033 -0.7969
vn -0.1607 0.4794 -0.8627
vn -0.0389 0.6376 -0.7694
vn 0.071 0.7521 -0.6552
vn 0.1296 0.723 -0.6786
vn 0.2243 0.815 -0.5342
vn 0.1782 0.838 -0.5158
vn -0.2348 0.5163 -0.8236
vn -0.105 0.6705 -0.7345
vn -0.3052 0.5513 -0.7765
vn -0.1678 0.7017 -0.6924
vn -0.0388 0.8067 -0.5896
vn 0.0146 0.7801 -0.6254
vn 0.1338 0.86 -0.4924
vn 0.0917 0.881 -0.4642
vn -0.3711 0.5841 -0.7218
vn -0.2266 0.7309 -0.6437
vn -0.4319 0.6144 -0.6603
vn -0.2808 0.7579 -0.5889
vn -0.135 0.8546 -0.5015
vn -0.0889 0.8316 -0.5482
vn 0.0523 0.9006 -0.4316
vn 0.016 0.9186 -0.3948
vn -0.487 0.6418 -0.5924
vn -0.33 0.7823 -0.5283
vn -0.5359 0.6661 -0.5188
vn -0.3735 0.804 -0.4627
vn -0.2141 0.8938 -0.394
vn -0.1769 0.8754 -0.4499
vn -0.017 0.935 -0.3542
vn -0.0462 0.9496 -0.3101
vn -0.5781 0.687 -0.4402
vn -0.4111 0.8227 -0.3926
vn -0.6132 0.7045 -0.3574
vn -0.4424 0.8383 -0.3187
vn -0.2727 0.923 -0.2714
vn -0.2461 0.9098 -0.3343
vn -0.0714 0.9621 -0.2631
vn -0.0924 0.9725 -0.2137
vn -0.6408 0.7182 -0.2711
vn -0.4671 0.8505 -0.2417
vn -0.6608 0.7282 -0.1822
vn -0.4848 0.8594 -0.1625
vn -0.3088 0.941 -0.1384
vn -0.2937 0.9335 -0.2059
vn -0.1089 0.9808 -0.1621
vn -0.1208 0.9867 -0.1089
vn -0.6728 0.7341 -0.0915
vn -0.4956 0.8647 -0.0817
vn -0.6768 0.7361 -0
vn -0.4992 0.8665 -0
vn -0.321 0.9471 -0
vn -0.318 0.9455 -0.0695
vn -0.128 0.9903 -0.0547
vn -0.1304 0.9915 -0
vn -0.6728 0.7341 0.0915
vn -0.4956 0.8647 0.0816
vn -0.6607 0.7282 0.1822
vn -0.4848 0.8594 0.1625
vn -0.3088 0.941 0.1384
vn -0.318 0.9455 0.0695
vn -0.128 0.9903 0.0547
vn -0.1208 0.9867 0.1089
vn -0.6408 0.7183 0.2711
vn -0.4671 0.8505 0.2417
vn -0.6132 0.7045 0.3573
vn -0.4424 0.8383 0.3187
vn -0.2727 0.923 0.2714
vn -0.2937 0.9335 0.2059
vn -0.1089 0.9808 0.1621
vn -0.0924 0.9725 0.2137
vn -0.5781 0.687 0.4402
vn -0.4111 0.8227 0.3926
vn -0.5359 0.6661 0.5188
vn -0.3735 0.804 0.4627
vn -0.214 0.8938 0.394
vn -0.2461 0.9098 0.3343
vn -0.0714 0.9621 0.2632
vn -0.0462 0.9496 0.3101
vn -0.487 0.6418 0.5924
vn -0.33 0.7823 0.5283
vn -0.432 0.6144 0.6603
vn -0.2808 0.7579 0.5889
vn -0.1351 0.8546 0.5015
vn -0.177 0.8754 0.4499
vn -0.017 0.935 0.3542
vn 0.016 0.9186 0.3948
vn -0.3711 0.5841 0.7219
vn -0.2266 0.7309 0.6438
vn -0.3052 0.5513 0.7764
vn -0.1678 0.7017 0.6925
vn -0.0388 0.8067 0.5897
vn -0.0889 0.8316 0.5482
vn 0.0523 0.9006 0.4316
vn 0.0917 0.881 0.4642
vn -0.2348 0.5164 0.8235
vn -0.105 0.6705 0.7345
vn -0.1607 0.4794 0.8627
vn -0.0389 0.6376 0.7694
vn 0.0709 0.7521 0.6552
vn 0.0146 0.7801 0.6255
vn 0.1338 0.86 0.4924
vn 0.1781 0.838 0.5158
vn -0.0834 0.441 0.8936
vn 0.03 0.6033 0.797
vn -0.0038 0.4014 0.9159
vn 0.101 0.568 0.8168
vn 0.1901 0.6929 0.6955
vn 0.1296 0.723 0.6786
vn 0.2244 0.815 0.5342
vn 0.2719 0.7914 0.5475
vn 0.0773 0.3611 0.9293
vn 0.1734 0.532 0.8288
vn 0.1593 0.3203 0.9338
vn 0.2465 0.4957 0.8328
vn 0.3139 0.6313 0.7092
vn 0.2517 0.6622 0.7058
vn 0.3204 0.7673 0.5556
vn 0.3695 0.7429 0.5583
vn 0.2413 0.2796 0.9293
vn 0.3196 0.4593 0.8288
vn 0.3224 0.2392 0.9159
vn 0.392 0.4233 0.8168
vn 0.4378 0.5697 0.6956
vn 0.3762 0.6003 0.7058
vn 0.4184 0.7185 0.5556
vn 0.4669 0.6944 0.5475
vn 0.402 0.1996 0.8936
vn 0.463 0.388 0.797
vn 0.4793 0.1612 0.8627
vn 0.5319 0.3537 0.7694
vn 0.557 0.5104 0.6552
vn 0.4983 0.5396 0.6787
vn 0.5145 0.6707 0.5342
vn 0.5607 0.6477 0.5158
vn 0.5535 0.1243 0.8235
vn 0.598 0.3208 0.7345
vn 0.6238 0.0893 0.7764
vn 0.6608 0.2896 0.6925
vn 0.6667 0.4558 0.5897
vn 0.6133 0.4824 0.6255
vn 0.6051 0.6257 0.4924
vn 0.6471 0.6047 0.4642
vn 0.6897 0.0565 0.7219
vn 0.7195 0.2604 0.6438
vn 0.7505 0.0263 0.6603
vn 0.7738 0.2334 0.5889
vn 0.763 0.4079 0.5015
vn 0.7168 0.4309 0.5482
vn 0.6866 0.5851 0.4316
vn 0.7229 0.5671 0.3948
vn 0.8057 -0.0011 0.5924
vn 0.8229 0.209 0.5283
vn 0.8545 -0.0254 0.5188
vn 0.8665 0.1873 0.4627
vn 0.8419 0.3687 0.394
vn 0.8048 0.3871 0.4499
vn 0.7558 0.5507 0.3542
vn 0.7851 0.5362 0.3101
vn 0.8967 -0.0464 0.4402
vn 0.9041 0.1686 0.3926
vn 0.9318 -0.0639 0.3573
vn 0.9354 0.1531 0.3187
vn 0.9006 0.3395 0.2714
vn 0.874 0.3528 0.3343
vn 0.8103 0.5236 0.2632
vn 0.8313 0.5132 0.2137
vn 0.9594 -0.0776 0.2711
vn 0.9601 0.1408 0.2418
vn 0.9794 -0.0876 0.1822
vn 0.9779 0.1319 0.1625
vn 0.9367 0.3216 0.1384
vn 0.9216 0.3291 0.2059
vn 0.8478 0.5049 0.1621
vn 0.8597 0.499 0.1089
vn 0.9914 -0.0935 0.0915
vn 0.9886 0.1266 0.0816
vn 0.9954 -0.0955 -0
vn 0.9922 0.1248 -0
vn 0.9489 0.3155 -0
vn 0.9459 0.317 0.0695
vn 0.8669 0.4955 0.0547
vn 0.8693 0.4943 -0
vn 0.9914 -0.0935 -0.0915
vn 0.9886 0.1266 -0.0816
vn 0.9794 -0.0876 -0.1822
vn 0.9779 0.1319 -0.1625
vn 0.9367 0.3216 -0.1384
vn 0.9459 0.317 -0.0695
vn 0.8669 0.4955 -0.0547
vn 0.8597 0.499 -0.1089
vn 0.9594 -0.0777 -0.2711
vn 0.9601 0.1408 -0.2418
vn 0.9318 -0.0639 -0.3574
vn 0.9354 0.153 -0.3187
vn 0.9006 0.3395 -0.2714
vn 0.9216 0.3291 -0.2059
vn 0.8478 0.505 -0.1621
vn 0.8313 0.5132 -0.2137
vn 0.8967 -0.0464 -0.4402
vn 0.9041 0.1686 -0.3926
vn 0.8545 -0.0254 -0.5188
vn 0.8665 0.1873 -0.4627
vn 0.8419 0.3687 -0.394
vn 0.874 0.3528 -0.3343
vn 0.8103 0.5236 -0.2632
vn 0.7851 0.5362 -0.3102
vn 0.8057 -0.0011 -0.5924
vn 0.8229 0.209 -0.5283
vn 0.7505 0.0263 -0.6603
vn 0.7738 0.2334 -0.5889
vn 0.763 0.408 -0.5015
vn 0.8048 0.3871 -0.4499
vn 0.7558 0.5507 -0.3542
vn 0.7229 0.5671 -0.3947
vn 0.6897 0.0565 -0.7218
vn 0.7196 0.2604 -0.6438
vn 0.6238 0.0893 -0.7764
vn 0.6608 0.2896 -0.6924
vn 0.7168 0.4309 -0.5482
vn 0.6866 0.5851 -0.4316
vn 0.5534 0.1243 -0.8236
vn 0.598 0.3208 -0.7345
vn 0.498 -0.2463 -0.8315
vn 0.5587 -0.1102 -0.822
vn 0.6285 -0.1448 -0.7642
vn 0.5686 -0.2814 -0.773
vn 0.4226 -0.2088 -0.8819
vn 0.4842 -0.0731 -0.8719
vn 0.6928 -0.1768 -0.6991
vn 0.0006 0.0011 -1
vn 0.0669 0.1344 -0.9887
vn 0.1536 0.0913 -0.9839
vn 0.0883 -0.0425 -0.9952
vn 0.4056 -0.034 -0.9134
vn 0.2605 -0.1281 -0.9569
vn 0.3238 0.0067 -0.9461
vn 0.3432 -0.1693 -0.9239
vn 0.2396 0.0486 -0.9697
vn 0.1752 -0.0857 -0.9808
vn -0.1741 0.088 -0.9808
vn -0.1059 0.2203 -0.9697
vn -0.0199 0.1776 -0.9839
vn -0.0872 0.0448 -0.9952
vn -0.3421 0.1715 -0.9239
vn -0.2719 0.3029 -0.9134
vn -0.1901 0.2623 -0.9461
vn -0.2593 0.1304 -0.9569
vn -0.5675 0.2836 -0.773
vn -0.4947 0.4138 -0.7642
vn -0.4249 0.379 -0.8221
vn -0.4969 0.2485 -0.8315
vn -0.4215 0.2111 -0.8819
vn -0.3504 0.342 -0.8719
vn -0.8776 0.4379 -0.1951
vn -0.8013 0.5663 -0.1929
vn -0.7802 0.5558 -0.287
vn -0.8563 0.4273 -0.2903
vn -0.7439 0.3714 0.5556
vn -0.6692 0.5005 0.5493
vn -0.7138 0.5227 0.4661
vn -0.7891 0.3939 0.4714
vn -0.7891 0.3939 -0.4714
vn -0.7138 0.5227 -0.4661
vn -0.6692 0.5005 -0.5493
vn -0.7439 0.3714 -0.5556
vn -0.751 0.5412 -0.3783
vn -0.8267 0.4125 -0.3827
vn -0.8776 0.4379 0.1951
vn -0.8013 0.5663 0.1929
vn -0.8141 0.5726 0.0969
vn -0.8905 0.4443 0.098
vn -0.4969 0.2485 0.8315
vn -0.4249 0.379 0.8221
vn -0.4947 0.4137 0.7642
vn -0.5675 0.2836 0.773
vn -0.8948 0.4464 -0
vn -0.8184 0.5747 -0
vn -0.8141 0.5726 -0.0969
vn -0.8905 0.4443 -0.098
vn -0.8267 0.4125 0.3827
vn -0.751 0.5412 0.3784
vn -0.7803 0.5557 0.287
vn -0.8563 0.4273 0.2903
vn -0.6916 0.3454 0.6344
vn -0.6174 0.4748 0.6272
vn -0.1741 0.088 0.9808
vn -0.1058 0.2204 0.9697
vn -0.1901 0.2623 0.9461
vn -0.2594 0.1304 0.9569
vn 0.498 -0.2463 0.8315
vn 0.5587 -0.1101 0.822
vn 0.4842 -0.0731 0.8719
vn 0.4226 -0.2088 0.8819
vn -0.4215 0.2111 0.8819
vn -0.3504 0.342 0.8719
vn -0.2719 0.3029 0.9134
vn -0.3421 0.1716 0.9239
vn 0.1752 -0.0857 0.9808
vn 0.2396 0.0486 0.9697
vn 0.1536 0.0913 0.9839
vn 0.0883 -0.0425 0.9952
vn 0.745 -0.3691 0.5556
vn 0.8029 -0.2316 0.5493
vn 0.7512 -0.2059 0.6272
vn 0.6927 -0.3431 0.6344
vn 0.0006 0.0011 1
vn 0.0669 0.1344 0.9887
vn -0.0199 0.1776 0.9839
vn -0.0872 0.0448 0.9952
vn 0.3432 -0.1693 0.9239
vn 0.4056 -0.034 0.9134
vn 0.3238 0.0067 0.9461
vn 0.2605 -0.1281 0.9569
vn 0.5686 -0.2813 0.773
vn 0.6284 -0.1449 0.7643
vn 0.8787 -0.4356 0.1951
vn 0.9351 -0.2974 0.1929
vn 0.914 -0.2868 0.287
vn 0.8574 -0.425 0.2903
vn 0.745 -0.3691 -0.5556
vn 0.8029 -0.2316 -0.5493
vn 0.8476 -0.2538 -0.4661
vn 0.7902 -0.3916 -0.4714
vn 0.7902 -0.3916 0.4714
vn 0.8476 -0.2538 0.4661
vn 0.8847 -0.2723 0.3783
vn 0.8278 -0.4103 0.3827
vn 0.8787 -0.4356 -0.1951
vn 0.9351 -0.2974 -0.1929
vn 0.9478 -0.3037 -0.0969
vn 0.8916 -0.442 -0.098
vn 0.8959 -0.4442 -0
vn 0.9521 -0.3058 -0
vn 0.9478 -0.3037 0.0969
vn 0.8916 -0.442 0.098
vn 0.8278 -0.4103 -0.3827
vn 0.8847 -0.2723 -0.3783
vn 0.914 -0.2869 -0.287
vn 0.8574 -0.425 -0.2903
vn 0.6927 -0.3431 -0.6344
vn 0.7512 -0.2058 -0.6272
vn 0.6337 -0.3137 -0.7071
vn -0.6174 0.4748 -0.6272
vn -0.6916 0.3454 -0.6344
vn 0.6928 -0.1769 0.6991
vn 0.6337 -0.3137 0.7071
vn -0.5591 0.4458 0.6991
vn -0.6326 0.316 0.7071
vn -0.5591 0.4458 -0.6991
vn -0.6326 0.316 -0.7071
vn 0.4689 0.8823 -0.0403
vn 0.4898 0.8703 -0.051
vn 0.4518 0.8921 -0.0072
vn 0.4801 0.8768 -0.0259
vn 0.449 0.8935 -0.0018
vn 0.4752 0.8797 -0.0164
vn 0.4485 0.8938 -0.0012
vn 0.4722 0.8814 -0.0113
vn 0.4482 0.8939 -0.0008
vn 0.4701 0.8826 -0.0075
vn 0.448 0.894 -0.0005
vn 0.4688 0.8833 -0.0046
vn 0.4479 0.8941 -0.0002
vn 0.4681 0.8837 -0.0022
vn 0.4479 0.8941 -0
vn 0.4678 0.8838 -0
vn 0.4479 0.8941 0.0002
vn 0.4681 0.8837 0.0022
vn 0.448 0.894 0.0005
vn 0.4688 0.8833 0.0046
vn 0.4482 0.8939 0.0008
vn 0.4701 0.8826 0.0075
vn 0.4485 0.8938 0.0012
vn 0.4722 0.8814 0.0113
vn 0.449 0.8935 0.0018
vn 0.4752 0.8797 0.0164
vn 0.4518 0.8921 0.0072
vn 0.4801 0.8768 0.0259
vn 0.4689 0.8823 0.0403
vn 0.4898 0.8703 0.051
vn 0.4562 0.8893 -0.0323
vn 0.4607 0.8868 -0.0354
vn 0.4465 0.8948 -0.0038
vn 0.447 0.8945 -0.0043
vn 0.4453 0.8954 -0
vn 0.4465 0.8948 0.0038
vn 0.447 0.8945 0.0043
vn 0.4562 0.8893 0.0322
vn 0.4607 0.8868 0.0354
vn 0.4499 0.8926 -0.0289
vn 0.4527 0.8911 -0.0302
vn 0.4458 0.8951 -0.0033
vn 0.4461 0.895 -0.0035
vn 0.4453 0.8954 -0.0001
vn 0.4453 0.8954 0.0001
vn 0.4458 0.8951 0.0033
vn 0.4461 0.895 0.0035
vn 0.4499 0.8926 0.0289
vn 0.4527 0.8912 0.0302
vn 0.4451 0.895 -0.028
vn 0.4474 0.8939 -0.0282
vn 0.4453 0.8954 -0.0032
vn 0.4456 0.8952 -0.0032
vn 0.4453 0.8954 0.0032
vn 0.4456 0.8952 0.0032
vn 0.4451 0.895 0.028
vn 0.4474 0.8939 0.0282
vn 0.4403 0.8974 -0.029
vn 0.4428 0.8962 -0.0283
vn 0.4447 0.8956 -0.0033
vn 0.4451 0.8955 -0.0032
vn 0.4447 0.8956 0.0033
vn 0.4451 0.8955 0.0032
vn 0.4403 0.8974 0.029
vn 0.4428 0.8962 0.0283
vn 0.4339 0.9004 -0.0322
vn 0.4374 0.8987 -0.0302
vn 0.4441 0.896 -0.0038
vn 0.4445 0.8958 -0.0035
vn 0.4441 0.896 0.0038
vn 0.4445 0.8958 0.0035
vn 0.4339 0.9004 0.0322
vn 0.4374 0.8987 0.0302
vn 0.4206 0.9063 -0.0404
vn 0.4292 0.9025 -0.0353
vn 0.4388 0.8986 -0.0073
vn 0.4435 0.8962 -0.0043
vn 0.4416 0.8972 -0.0017
vn 0.4421 0.897 -0.0012
vn 0.4424 0.8968 -0.0007
vn 0.4426 0.8967 -0.0004
vn 0.4427 0.8967 -0.0002
vn 0.4427 0.8967 -0
vn 0.4427 0.8967 0.0002
vn 0.4426 0.8967 0.0004
vn 0.4424 0.8968 0.0007
vn 0.4421 0.897 0.0012
vn 0.4416 0.8972 0.0017
vn 0.4388 0.8986 0.0073
vn 0.4435 0.8962 0.0043
vn 0.4206 0.9063 0.0404
vn 0.4292 0.9025 0.0353
vn 0.3984 0.9158 -0.051
vn 0.4095 0.9119 -0.026
vn 0.4147 0.9098 -0.0164
vn 0.418 0.9084 -0.0113
vn 0.4201 0.9074 -0.0075
vn 0.4215 0.9068 -0.0046
vn 0.4222 0.9065 -0.0022
vn 0.4224 0.9064 -0
vn 0.4222 0.9065 0.0022
vn 0.4215 0.9068 0.0046
vn 0.4201 0.9074 0.0075
vn 0.418 0.9084 0.0113
vn 0.4147 0.9098 0.0164
vn 0.4095 0.9119 0.026
vn 0.3984 0.9158 0.051
vn 0.0221 0.0445 -0.9988
vn 0.1098 0.0008 -0.994
vn 0.0879 -0.0434 -0.9952
vn -0 0.0001 -1
vn -0.0656 0.0881 -0.994
vn -0.0877 0.0438 -0.9952
vn 0.1966 -0.0422 -0.9796
vn 0.1747 -0.0867 -0.9808
vn 0.2817 -0.0846 -0.9558
vn 0.26 -0.1291 -0.9569
vn 0.3644 -0.1257 -0.9227
vn 0.3427 -0.1703 -0.9239
vn 0.4437 -0.1652 -0.8808
vn 0.4222 -0.2097 -0.8819
vn 0.519 -0.2025 -0.8305
vn 0.4975 -0.2472 -0.8315
vn 0.5894 -0.2376 -0.7721
vn 0.5682 -0.2823 -0.773
vn 0.6545 -0.27 -0.7062
vn 0.6332 -0.3148 -0.7071
vn 0.7134 -0.2993 -0.6336
vn 0.6923 -0.344 -0.6344
vn 0.7657 -0.3253 -0.5549
vn 0.7445 -0.3701 -0.5556
vn 0.8108 -0.3477 -0.4708
vn 0.7897 -0.3927 -0.4714
vn 0.8483 -0.3664 -0.3822
vn 0.8273 -0.4112 -0.3827
vn 0.8779 -0.3811 -0.29
vn 0.8569 -0.426 -0.2903
vn 0.8992 -0.3917 -0.1949
vn 0.8782 -0.4366 -0.1951
vn 0.9121 -0.3981 -0.0979
vn 0.8912 -0.4429 -0.098
vn 0.9164 -0.4002 -0
vn 0.8954 -0.4452 -0
vn 0.9121 -0.3981 0.0979
vn 0.8912 -0.4429 0.098
vn 0.8992 -0.3917 0.1949
vn 0.8783 -0.4364 0.1951
vn 0.8779 -0.3811 0.2899
vn 0.8569 -0.4259 0.2903
vn 0.8483 -0.3664 0.3822
vn 0.8272 -0.4114 0.3827
vn 0.8108 -0.3477 0.4708
vn 0.7897 -0.3926 0.4714
vn 0.7657 -0.3253 0.5549
vn 0.7445 -0.3701 0.5556
vn 0.7134 -0.2993 0.6336
vn 0.6922 -0.3441 0.6344
vn 0.6545 -0.27 0.7062
vn 0.6332 -0.3148 0.7071
vn 0.5894 -0.2376 0.7721
vn 0.5681 -0.2824 0.773
vn 0.519 -0.2026 0.8304
vn 0.4976 -0.2472 0.8315
vn 0.4437 -0.1652 0.8808
vn 0.4222 -0.2097 0.8819
vn 0.3643 -0.1257 0.9227
vn 0.3428 -0.1701 0.9239
vn 0.2817 -0.0846 0.9558
vn 0.2601 -0.129 0.9569
vn 0.1966 -0.0422 0.9796
vn 0.1748 -0.0866 0.9808
vn 0.1098 0.0009 0.994
vn 0.0877 -0.0436 0.9952
vn 0.0221 0.0445 0.9988
vn 0.0001 0.0003 1
vn -0.0655 0.0881 0.994
vn -0.0877 0.0439 0.9952
vn -0.1524 0.1313 0.9796
vn -0.1745 0.0872 0.9808
vn -0.2375 0.1736 0.9558
vn -0.2599 0.1294 0.9569
vn -0.3201 0.2147 0.9227
vn -0.3425 0.1707 0.9239
vn -0.3994 0.2541 0.8808
vn -0.422 0.2101 0.8819
vn -0.4747 0.2915 0.8304
vn -0.4974 0.2475 0.8315
vn -0.5452 0.3266 0.7721
vn -0.5679 0.2827 0.773
vn -0.6102 0.359 0.7062
vn -0.633 0.3151 0.7071
vn -0.6692 0.3883 0.6336
vn -0.6921 0.3443 0.6344
vn -0.7214 0.4143 0.5549
vn -0.7444 0.3705 0.5556
vn -0.7666 0.4367 0.4708
vn -0.7895 0.393 0.4714
vn -0.8041 0.4554 0.3822
vn -0.8271 0.4116 0.3827
vn -0.8336 0.4701 0.2899
vn -0.8567 0.4263 0.2903
vn -0.855 0.4807 0.1948
vn -0.8781 0.4369 0.1951
vn -0.8678 0.4871 0.0979
vn -0.8909 0.4434 0.098
vn -0.8722 0.4892 -0
vn -0.8953 0.4455 -0
vn -0.8678 0.4871 -0.0979
vn -0.891 0.4433 -0.098
vn -0.855 0.4806 -0.1948
vn -0.8781 0.4369 -0.1951
vn -0.8336 0.4701 -0.2899
vn -0.8567 0.4264 -0.2903
vn -0.8041 0.4554 -0.3822
vn -0.8271 0.4117 -0.3827
vn -0.7666 0.4367 -0.4708
vn -0.7895 0.393 -0.4714
vn -0.7214 0.4143 -0.5549
vn -0.7444 0.3703 -0.5556
vn -0.6692 0.3883 -0.6336
vn -0.6921 0.3443 -0.6344
vn -0.6102 0.359 -0.7062
vn -0.6331 0.315 -0.7071
vn -0.5452 0.3266 -0.7721
vn -0.5679 0.2827 -0.773
vn -0.4747 0.2915 -0.8305
vn -0.4973 0.2476 -0.8315
vn -0.3994 0.2541 -0.8808
vn -0.422 0.2101 -0.8819
vn -0.3201 0.2147 -0.9227
vn -0.3425 0.1707 -0.9239
vn -0.2374 0.1736 -0.9558
vn -0.2598 0.1295 -0.9569
vn -0.1524 0.1312 -0.9796
vn -0.1746 0.087 -0.9808
vn 0.1897 0.6924 -0.6962
vn 0.1291 0.7225 -0.6792
vn 0.2514 0.6617 -0.7064
vn 0.3137 0.6307 -0.7098
vn 0.4183 0.8856 -0.2017
vn 0.4006 0.8944 -0.1988
vn 0.436 0.8768 -0.2027
vn 0.4538 0.868 -0.2017
vn 0.376 0.5997 -0.7064
vn 0.4377 0.5691 -0.6961
vn 0.4714 0.8592 -0.1988
vn 0.4026 0.8951 0.1915
vn 0.4196 0.8867 0.1943
vn 0.4368 0.8781 0.1952
vn 0.3529 0.8123 0.4643
vn 0.3124 0.8325 0.4576
vn 0.3939 0.7919 0.4666
vn 0.2725 0.8523 0.4465
vn 0.386 0.9034 0.1868
vn 0.4887 0.8506 -0.194
vn 0.2339 0.8714 0.4311
vn 0.3698 0.9114 0.1804
vn 0.5055 0.8422 -0.1873
vn 0.5216 0.8342 -0.1788
vn 0.3543 0.9191 0.1722
vn 0.1969 0.8899 0.4116
vn 0.5368 0.8267 -0.1685
vn 0.3396 0.9265 0.1623
vn 0.1617 0.9073 0.3881
vn -0.136 0.6372 0.7586
vn -0.2008 0.6694 0.7152
vn -0.0677 0.6032 0.7947
vn -0.2814 0.451 0.847
vn -0.3538 0.487 0.7986
vn -0.205 0.4131 0.8873
vn 0.0035 0.5678 0.8232
vn -0.1256 0.3736 0.919
vn 0.0768 0.5314 0.8437
vn -0.0437 0.3329 0.9419
vn 0.1516 0.4942 0.856
vn 0.0398 0.2914 0.9558
vn 0.2271 0.4566 0.8602
vn 0.124 0.2494 0.9604
vn 0.3026 0.419 0.8561
vn 0.2083 0.2076 0.9558
vn 0.3774 0.3819 0.8437
vn 0.2918 0.166 0.942
vn 0.4507 0.3455 0.8231
vn 0.3737 0.1253 0.9191
vn 0.5218 0.31 0.7948
vn 0.4532 0.0858 0.8873
vn 0.5901 0.276 0.7586
vn 0.5294 0.0479 0.847
vn 0.655 0.2438 0.7152
vn 0.6019 0.0119 0.7985
vn 0.7157 0.2136 0.6649
vn 0.6696 -0.0218 0.7424
vn 0.7717 0.1858 0.6083
vn 0.7321 -0.053 0.6791
vn 0.6259 0.6765 0.388
vn 0.6589 0.6601 0.3607
vn 0.6893 0.645 0.3299
vn 0.7168 0.6313 0.296
vn 0.8224 0.1605 0.5457
vn 0.7888 -0.0811 0.6093
vn 0.7412 0.6192 0.2593
vn 0.8675 0.1381 0.4779
vn 0.8391 -0.106 0.5336
vn 0.5604 0.8167 0.1381
vn 0.5719 0.8109 0.1239
vn 0.5821 0.8059 0.1085
vn 0.2958 0.9466 -0.1286
vn 0.2852 0.9518 -0.1126
vn 0.3077 0.9406 -0.1433
vn 0.5476 0.823 0.1509
vn 0.3209 0.9341 -0.1567
vn 0.5339 0.8299 0.1623
vn 0.3352 0.927 -0.1685
vn 0.5908 0.694 0.4115
vn 0.5192 0.8371 0.1722
vn 0.3505 0.9193 -0.1788
vn 0.5537 0.7124 0.4311
vn 0.5036 0.8449 0.1804
vn 0.3666 0.9113 -0.1873
vn 0.5152 0.7316 0.4465
vn 0.4875 0.8529 0.1868
vn 0.4754 0.7514 0.4576
vn 0.4708 0.8612 0.1915
vn 0.3834 0.903 -0.194
vn 0.4348 0.7716 0.4644
vn 0.4539 0.8696 0.1943
vn 0.0705 0.7516 -0.6558
vn 0.0141 0.7797 -0.626
vn -0.0395 0.8063 -0.5902
vn -0.0895 0.8312 -0.5487
vn -0.1357 0.8542 -0.5019
vn -0.1777 0.875 -0.4503
vn -0.2148 0.8935 -0.3943
vn -0.2469 0.9094 -0.3346
vn 0.276 0.9564 -0.0955
vn 0.5909 0.8015 0.092
vn -0.2735 0.9227 -0.2717
vn 0.2683 0.9602 -0.0776
vn 0.5982 0.7978 0.0747
vn 0.2623 0.9632 -0.0588
vn 0.604 0.7949 0.0567
vn -0.2945 0.9332 -0.206
vn 0.7798 0.5999 0.1786
vn 0.7624 0.6086 0.22
vn 0.7937 0.593 0.1355
vn 0.8036 0.5881 0.091
vn 0.6082 0.7929 0.038
vn 0.258 0.9653 -0.0395
vn 0.8097 0.5851 0.0458
vn 0.6107 0.7917 0.0191
vn 0.2554 0.9666 -0.0199
vn 0.8116 0.5842 -0
vn 0.6115 0.7912 -0
vn 0.2546 0.967 -0
vn 0.2554 0.9666 0.0199
vn 0.6107 0.7917 -0.0191
vn 0.8097 0.5851 -0.0457
vn 0.258 0.9653 0.0396
vn 0.6082 0.7929 -0.0381
vn 0.8036 0.5881 -0.091
vn 0.9936 0.0754 -0.0843
vn 0.9973 0.0736 -0
vn 0.9825 0.0809 -0.1678
vn 0.7937 0.5931 -0.1354
vn 0.9641 0.0901 -0.2497
vn 0.604 0.7949 -0.0567
vn 0.7798 0.6 -0.1786
vn 0.5982 0.7979 -0.0747
vn 0.9387 0.1027 -0.3292
vn 0.947 -0.1597 -0.2788
vn 0.9185 -0.1457 -0.3675
vn 0.9675 -0.17 -0.1874
vn 0.9799 -0.1761 -0.0941
vn 0.984 -0.1782 -0
vn 0.9799 -0.1761 0.0941
vn 0.9936 0.0754 0.0843
vn 0.9825 0.0809 0.1678
vn 0.9675 -0.17 0.1874
vn 0.9641 0.0901 0.2497
vn 0.947 -0.1597 0.2788
vn 0.9386 0.1028 0.3292
vn 0.9186 -0.1456 0.3675
vn 0.8825 -0.1277 0.4527
vn 0.9063 0.1188 0.4055
vn 0.9063 0.1189 -0.4055
vn 0.8825 -0.1277 -0.4527
vn 0.8675 0.1381 -0.4779
vn 0.8391 -0.106 -0.5336
vn 0.8225 0.1605 -0.5457
vn 0.7888 -0.081 -0.6093
vn 0.7717 0.1858 -0.6083
vn 0.7322 -0.0529 -0.6791
vn 0.7157 0.2136 -0.665
vn 0.6696 -0.0219 -0.7424
vn 0.655 0.2438 -0.7152
vn 0.6017 0.0118 -0.7986
vn 0.5902 0.276 -0.7586
vn 0.5295 0.0478 -0.847
vn 0.5218 0.31 -0.7947
vn 0.4532 0.0858 -0.8873
vn 0.4506 0.3454 -0.8232
vn 0.3736 0.1253 -0.9191
vn 0.3773 0.3819 -0.8437
vn 0.2917 0.166 -0.942
vn 0.5537 0.7124 -0.4311
vn 0.5152 0.7316 -0.4465
vn 0.4754 0.7514 -0.4576
vn 0.3025 0.419 -0.8561
vn 0.2083 0.2075 -0.9558
vn 0.4349 0.7715 -0.4643
vn 0.4875 0.8529 -0.1868
vn 0.4708 0.8612 -0.1915
vn 0.4539 0.8696 -0.1942
vn 0.3834 0.903 0.194
vn 0.4006 0.8944 0.1988
vn 0.4182 0.8857 0.2017
vn 0.5036 0.8449 -0.1804
vn 0.3666 0.9113 0.1873
vn 0.3505 0.9193 0.1788
vn 0.5192 0.8371 -0.1722
vn 0.5908 0.694 -0.4115
vn 0.3353 0.9269 0.1685
vn 0.5338 0.8299 -0.1623
vn 0.626 0.6765 -0.3879
vn 0.6589 0.6601 -0.3607
vn 0.5476 0.823 -0.1509
vn 0.6893 0.645 -0.33
vn 0.5604 0.8166 -0.1381
vn 0.3209 0.9341 0.1567
vn 0.3077 0.9406 0.1433
vn -0.1357 0.8542 0.5019
vn -0.0895 0.8312 0.5487
vn -0.0394 0.8064 0.5901
vn 0.014 0.7797 0.626
vn 0.0705 0.7516 0.6558
vn 0.1292 0.7225 0.6792
vn 0.1897 0.6924 0.6962
vn 0.2513 0.6617 0.7064
vn 0.3137 0.6307 0.7098
vn 0.436 0.8768 0.2027
vn 0.4368 0.8781 -0.1952
vn 0.4539 0.8679 0.2017
vn 0.4196 0.8867 -0.1943
vn 0.376 0.5997 0.7064
vn 0.3939 0.7919 -0.4666
vn 0.3529 0.8123 -0.4644
vn 0.4715 0.8592 0.1988
vn 0.4026 0.8951 -0.1915
vn 0.3123 0.8325 -0.4576
vn 0.1516 0.4941 -0.8561
vn 0.2271 0.4566 -0.8602
vn 0.0768 0.5313 -0.8437
vn 0.2726 0.8523 -0.4465
vn 0.0035 0.5678 -0.8232
vn 0.386 0.9034 -0.1869
vn 0.234 0.8714 -0.4311
vn 0.3698 0.9114 -0.1804
vn -0.0677 0.6032 -0.7947
vn -0.1255 0.3735 -0.9191
vn -0.205 0.4131 -0.8873
vn -0.0438 0.3329 -0.942
vn 0.0398 0.2914 -0.9558
vn 0.1241 0.2495 -0.9604
vn -0.136 0.6372 -0.7586
vn -0.2814 0.4511 -0.847
vn -0.2008 0.6694 -0.7152
vn -0.3538 0.487 -0.7986
vn -0.2615 0.6996 -0.665
vn -0.4214 0.5208 -0.7424
vn -0.3175 0.7275 -0.6082
vn -0.484 0.5519 -0.6791
vn -0.3683 0.7527 -0.5457
vn -0.5406 0.5801 -0.6093
vn -0.4133 0.7751 -0.4779
vn -0.5909 0.605 -0.5336
vn -0.4522 0.7944 -0.4055
vn -0.6343 0.6266 -0.4527
vn -0.4845 0.8105 -0.3292
vn -0.6704 0.6446 -0.3675
vn -0.5099 0.8232 -0.2497
vn -0.6988 0.6587 -0.2788
vn -0.5283 0.8323 -0.1678
vn -0.7194 0.6689 -0.1874
vn 0.0078 0.9839 -0.1786
vn -0.006 0.9908 -0.1355
vn -0.0159 0.9957 -0.091
vn -0.5394 0.8378 -0.0843
vn -0.7317 0.6751 -0.0941
vn -0.0219 0.9987 -0.0458
vn 0.2694 0.9613 -0.0567
vn 0.2653 0.9634 -0.0381
vn 0.2627 0.9647 -0.0191
vn 0.6097 0.7904 0.0588
vn 0.614 0.7883 0.0395
vn 0.6167 0.7869 0.0199
vn 0.2752 0.9585 -0.0747
vn 0.6037 0.7934 0.0776
vn 0.5961 0.7972 0.0955
vn 0.2825 0.9548 -0.092
vn 0.0254 0.9752 -0.22
vn 0.587 0.8017 0.1126
vn 0.2914 0.9504 -0.1085
vn 0.0465 0.9647 -0.2592
vn 0.0708 0.9526 -0.296
vn 0.3015 0.9454 -0.1239
vn 0.0985 0.9389 -0.3299
vn 0.3132 0.9396 -0.1381
vn 0.5764 0.807 0.1286
vn 0.5644 0.813 0.1433
vn 0.7631 0.4072 0.5019
vn 0.8049 0.3864 0.4503
vn 0.8421 0.3679 0.3943
vn 0.8742 0.352 0.3345
vn 0.9008 0.3387 0.2716
vn 0.9218 0.3283 0.2061
vn 0.937 0.3207 0.1385
vn 0.9462 0.3161 0.0696
vn 0.9492 0.3146 -0
vn 0.6176 0.7865 -0
vn 0.2619 0.9651 -0
vn 0.6167 0.7869 -0.0199
vn 0.2627 0.9647 0.0191
vn 0.9462 0.3161 -0.0696
vn -0.0239 0.9997 -0
vn -0.0219 0.9987 0.0457
vn 0.6141 0.7882 -0.0396
vn 0.2653 0.9634 0.0381
vn -0.0159 0.9957 0.091
vn -0.5394 0.8378 0.0843
vn -0.5431 0.8396 -0
vn -0.5284 0.8323 0.1678
vn -0.006 0.9908 0.1354
vn -0.51 0.8232 0.2497
vn 0.2694 0.9614 0.0566
vn 0.0078 0.9839 0.1786
vn 0.2752 0.9585 0.0747
vn -0.4845 0.8105 0.3292
vn -0.6988 0.6587 0.2788
vn -0.6704 0.6446 0.3675
vn -0.7194 0.6689 0.1874
vn -0.7317 0.6751 0.0941
vn -0.7358 0.6772 -0
vn -0.4522 0.7944 0.4055
vn -0.6343 0.6266 0.4527
vn -0.4133 0.7751 0.4779
vn -0.5909 0.605 0.5336
vn -0.3683 0.7527 0.5457
vn -0.5406 0.58 0.6093
vn -0.3175 0.7275 0.6083
vn -0.484 0.5519 0.6791
vn -0.2615 0.6996 0.665
vn -0.4215 0.5208 0.7424
vn 0.1288 0.9237 0.3607
vn 0.0985 0.9389 0.3299
vn 0.3131 0.9396 0.1381
vn 0.3258 0.9333 0.1509
vn 0.5512 0.8195 -0.1567
vn 0.5644 0.813 -0.1433
vn 0.7631 0.4072 -0.5019
vn 0.7168 0.4302 -0.5487
vn 0.6667 0.4551 -0.5902
vn 0.6133 0.4817 -0.626
vn 0.5569 0.5098 -0.6557
vn 0.4982 0.539 -0.6792
vn 0.5764 0.807 -0.1286
vn 0.805 0.3864 -0.4503
vn 0.8421 0.3679 -0.3943
vn 0.587 0.8017 -0.1126
vn 0.3016 0.9454 0.1239
vn 0.2914 0.9504 0.1085
vn 0.0708 0.9526 0.296
vn 0.0465 0.9647 0.2591
vn 0.0254 0.9752 0.22
vn 0.2825 0.9548 0.092
vn 0.5961 0.7972 -0.0956
vn 0.6037 0.7934 -0.0776
vn 0.8742 0.3519 -0.3345
vn 0.9008 0.3387 -0.2716
vn 0.6097 0.7904 -0.0588
vn 0.9218 0.3283 -0.2061
vn 0.937 0.3207 -0.1385
vn 0.5512 0.8195 0.1567
vn 0.7168 0.4303 0.5487
vn 0.6668 0.4551 0.5902
vn 0.5369 0.8267 0.1685
vn 0.3258 0.9333 -0.1509
vn 0.3396 0.9265 -0.1623
vn 0.1288 0.9238 -0.3607
vn 0.1617 0.9074 -0.388
vn 0.1969 0.8899 -0.4115
vn 0.3543 0.9191 -0.1722
vn 0.5216 0.8342 0.1788
vn 0.5055 0.8422 0.1873
vn 0.6133 0.4817 0.626
vn 0.5569 0.5098 0.6558
vn 0.4887 0.8506 0.194
vn 0.4982 0.539 0.6792
vn 0.4376 0.5691 0.6962
vn 0.2958 0.9466 0.1286
vn -0.1776 0.875 0.4503
vn -0.2149 0.8935 0.3943
vn 0.2852 0.9518 0.1126
vn 0.5719 0.8109 -0.1239
vn 0.5821 0.8059 -0.1085
vn 0.7168 0.6313 -0.296
vn 0.7412 0.6192 -0.2592
vn 0.7623 0.6087 -0.2199
vn 0.5909 0.8015 -0.092
vn 0.276 0.9564 0.0956
vn 0.2683 0.9602 0.0776
vn -0.2469 0.9094 0.3346
vn -0.2735 0.9227 0.2716
vn 0.2624 0.9632 0.0588
vn -0.2945 0.9332 0.206
vn -0.3097 0.9407 0.1385
vn -0.3188 0.9453 0.0696
vn -0.3219 0.9468 -0.0001
vn -0.3188 0.9453 -0.0697
vn -0.3097 0.9407 -0.1385
vn -0.6311 -0 0.7757
vn -0.7787 -0 0.6274
vn 0.6271 0.7485 -0.2156
vn 0.5724 0.7738 -0.2714
vn 0.7871 0.0003 0.6169
vn 0.156 0.9628 -0.2204
vn -0.6312 0.002 0.7756
vn -0.6312 -0.0014 0.7756
vn -0.7787 -0.0001 0.6274
vn -0.7787 0.0001 0.6274
vn 0.7714 -0.2082 0.6014
vn 0.7796 0.1478 0.6085
vn -0.7794 -0.0001 0.6265
vn -0.7794 0.0001 0.6265
vn -0.6561 -0.0016 0.7547
vn -0.6561 0.0016 0.7547
vn 0.7752 -0.1634 0.6102
vn 0.7752 0.1634 0.6102
vn -0.5675 0.1819 0.803
vn -0.7337 0.1759 0.6563
vn 0.8043 0.1747 0.5679
vn -0.0231 0.8523 0.5226
vn -0.1194 0.8951 0.4296
vn 0.7681 0.4826 0.4209
vn 0.2181 0.9382 0.2688
vn 0.1696 0.9601 0.2222
vn 0.6247 0.7506 0.2152
vn 0.5005 0.8559 -0.1301
vn 0.5266 0.8437 -0.1046
vn 0.3027 0.9473 -0.1048
vn 0.4452 0.8947 -0.0368
vn 0.4523 0.8914 -0.0299
vn 0.3901 0.9203 -0.0292
vn 0.4218 0.9067 -0
vn 0.0316 0.0053 0.9995
vn 0.0416 0.0069 0.9991
vn 0.03 -0 0.9995
vn 0.1199 0.1954 0.9734
vn 0.0325 -0.0081 0.9994
vn 0.0416 -0.0069 0.9991
vn 0.3373 0.6844 0.6464
vn 0.3891 0.8552 -0.3422
vn 0.4207 0.9061 -0.0438
vn 0.4056 0.854 0.3258
vn 0.4126 0.8964 -0.1619
vn -0.6311 -0 -0.7757
vn -0.7787 -0 -0.6274
vn 0.6271 0.7485 0.2156
vn 0.5724 0.7737 0.2714
vn 0.7871 0.0003 -0.6169
vn 0.1561 0.9628 0.2204
vn -0.6312 0.002 -0.7756
vn -0.6312 -0.0014 -0.7756
vn -0.7787 0.0001 -0.6274
vn 0.7714 -0.2082 -0.6014
vn 0.7796 0.1478 -0.6085
vn -0.7794 -0.0001 -0.6265
vn -0.7794 0.0001 -0.6265
vn -0.6561 -0.0016 -0.7547
vn -0.656 0.0016 -0.7547
vn 0.7752 -0.1634 -0.6102
vn 0.7752 0.1634 -0.6102
vn -0.5674 0.1819 -0.8031
vn -0.7337 0.1759 -0.6563
vn 0.8044 0.1747 -0.5679
vn -0.023 0.8523 -0.5226
vn -0.1196 0.8951 -0.4295
vn 0.768 0.4827 -0.4209
vn 0.2181 0.9382 -0.2688
vn 0.1695 0.9601 -0.2223
vn 0.6247 0.7507 -0.2152
vn 0.5006 0.8559 0.1301
vn 0.5266 0.8436 0.1046
vn 0.3029 0.9473 0.1048
vn 0.4452 0.8947 0.0368
vn 0.4524 0.8913 0.0299
vn 0.39 0.9203 0.0292
vn 1 0.0004 -0.0082
vn 0.9641 -0.2656 -0.0078
vn -1 -0 -0.0083
vn 0.9773 -0.2119 -0.0083
vn -0.9862 0.1651 -0.0091
vn 0.9866 0.163 -0.0077
vn 0.9814 0.1918 -0.0079
vn 0.9773 0.2119 -0.0083
vn -0.288 0.9576 -0.0058
vn 0.9182 0.3961 -0.0058
vn 0.7126 0.7015 0.003
vn 0.063 0.998 0.0032
vn 0.4622 0.8868 0.0003
vn 0.38 0.925 0.0003
vn 0.0866 0.9962 -0.0027
vn 0.702 0.7122 -0.0027
vn 0.5702 0.8215 0.0015
vn 0.2584 0.966 0.0016
vn 0.0316 0.0053 -0.9995
vn 0.0416 0.0069 -0.9991
vn 0.03 -0 -0.9995
vn 0.1199 0.1954 -0.9734
vn 0.0325 -0.0081 -0.9994
vn 0.0416 -0.0069 -0.9991
vn 0.3372 0.6843 -0.6466
vn 0.3891 0.8553 0.3422
vn 0.4207 0.9061 0.0438
vn 0.4056 0.854 -0.3257
vn 0.4126 0.8964 0.1618
vn -0.7092 -0 0.705
vn -0.6561 0.1758 0.7339
vn 0.7576 0.1738 0.6291
vn 0.7064 0.1734 0.6862
vn 0.6752 0.0002 0.7376
vn 0.733 0.0003 0.6802
vn 0.997 0.0004 0.0773
vn 0.9609 0.0004 0.277
vn 0.872 0.0003 0.4895
vn -0.0553 -0 0.9985
vn -0.2352 -0 0.9719
vn -0.4726 -0 0.8813
vn 0.0288 0.1827 0.9827
vn -0.1524 0.1842 0.971
vn -0.395 0.188 0.8992
vn 0.962 -0.2629 0.074
vn 0.9306 -0.2521 0.2654
vn 0.8505 -0.2303 0.4729
vn -0.0548 0.0011 0.9985
vn -0.2348 0.0028 0.972
vn -0.4726 0.0031 0.8813
vn 0.1813 0.0306 0.9829
vn 0.3943 0.0668 0.9165
vn 0.5666 0.0988 0.8181
vn -0.997 -0 0.0774
vn -0.9608 -0 0.2772
vn -0.8719 -0 0.4896
vn 0.6719 0.1216 0.7306
vn 0.7272 0.1357 0.6728
vn 0.7207 -0.1918 0.6662
vn 0.6673 -0.1727 0.7245
vn -0.7092 0.0007 0.705
vn -0.7092 -0.0005 0.705
vn -0.6311 0.0003 0.7757
vn -0.6311 -0.0002 0.7757
vn 0.787 -0.0394 0.6157
vn 0.9744 -0.2114 0.0763
vn 0.94 -0.2029 0.2741
vn 0.8555 -0.1827 0.4846
vn 0.7258 -0.1504 0.6712
vn 0.6805 -0.1365 0.7199
vn 0.6805 0.1365 0.7199
vn 0.7258 0.1504 0.6712
vn -0.7153 -0.0005 0.6988
vn -0.7153 0.0005 0.6988
vn 0.2218 0.039 0.9743
vn 0.4537 0.0839 0.8872
vn 0.5998 0.1155 0.7918
vn -0.0798 0.0013 0.9968
vn -0.3001 0.003 0.9539
vn -0.5316 0.0029 0.847
vn -0.0804 0.8713 0.4841
vn 0.7346 0.4919 0.4673
vn 0.6968 0.5124 0.5019
vn 0.2959 0.7059 0.6436
vn 0.2117 0.7579 0.6171
vn 0.0838 0.8174 0.5699
vn 0.6048 0.7557 -0.2512
vn 0.1716 0.953 -0.2496
vn 0.1982 0.9424 -0.2694
vn 0.411 0.8465 -0.3384
vn 0.4564 0.8314 -0.3169
vn 0.5187 0.804 -0.2907
vn 0.449 0.8929 -0.0336
vn 0.3925 0.9192 -0.0325
vn 0.3951 0.9179 -0.0354
vn 0.4228 0.9052 -0.0442
vn 0.4284 0.9025 -0.0442
vn 0.4379 0.8981 -0.0414
vn 0.7103 -0.2677 -0.651
vn 0.7979 0.0607 -0.5998
vn 0.6859 0.6637 -0.2982
vn 0.5465 -0.1913 -0.8153
vn 0.6457 0.1341 -0.7518
vn 0.6127 0.698 -0.3706
vn -0.6709 0.3761 -0.6391
vn -0.4661 0.6649 -0.5836
vn 0.0506 0.9535 -0.2973
vn 0.1913 0.9495 0.2488
vn 0.6084 0.7572 0.2378
vn 0.5896 0.766 0.2563
vn 0.385 0.8632 0.3267
vn 0.3379 0.8853 0.3194
vn 0.269 0.9165 0.296
vn 0.5164 0.8477 -0.1212
vn 0.3098 0.9434 -0.1185
vn 0.322 0.9381 -0.1275
vn 0.4232 0.8917 -0.1604
vn 0.4444 0.8831 -0.1502
vn 0.4742 0.8695 -0.1384
vn -0.8368 0.181 0.5167
vn -0.9375 0.182 0.2966
vn -0.9815 0.172 0.0845
vn 0.8766 0.1727 0.4492
vn 0.9524 0.1676 0.2546
vn 0.984 0.1629 0.0719
vn 0.8616 0.1646 0.4801
vn 0.9455 0.1816 0.2703
vn 0.9789 0.1899 0.0753
vn 0.8555 0.1827 0.4846
vn 0.94 0.203 0.2741
vn 0.9744 0.2114 0.0763
vn -0.1662 0.9289 0.3309
vn -0.2219 0.957 0.1868
vn -0.2693 0.9616 0.0532
vn 0.8178 0.4731 0.3277
vn 0.8738 0.4499 0.1844
vn 0.9083 0.415 0.0528
vn 0.6505 0.7428 -0.1585
vn 0.6757 0.7319 -0.0879
vn 0.7001 0.7136 -0.0267
vn 0.1387 0.9764 -0.1656
vn 0.1118 0.9894 -0.0928
vn 0.0805 0.9964 -0.0285
vn 0.4567 0.8893 -0.0228
vn 0.4614 0.8871 -0.0121
vn 0.4631 0.8863 -0.0028
vn 0.3856 0.9224 -0.023
vn 0.3808 0.9246 -0.0122
vn 0.379 0.9254 -0.0028
vn 0.1411 0.9749 0.1725
vn 0.1073 0.9895 0.0964
vn 0.0872 0.9959 0.0255
vn 0.6518 0.7388 0.1713
vn 0.684 0.7231 0.0962
vn 0.7014 0.7123 0.0257
vn 0.5372 0.8399 -0.0774
vn 0.5498 0.8342 -0.0434
vn 0.5632 0.8262 -0.0134
vn 0.2946 0.9524 -0.0788
vn 0.2819 0.9584 -0.0444
vn 0.2669 0.9636 -0.0138
vn -0.4727 -0.0022 0.8812
vn -0.2351 -0.002 0.972
vn -0.055 -0.0008 0.9985
vn -0.5316 -0.0029 0.847
vn -0.3001 -0.003 0.9539
vn -0.0798 -0.0013 0.9968
vn -0.0006 -0 1
vn -0.001 -0.0001 1
vn 0.5656 0.0002 0.8247
vn 0.3898 0.0001 0.9209
vn 0.1751 -0 0.9845
vn 0.6083 0.1783 0.7734
vn 0.452 0.188 0.872
vn 0.256 0.1944 0.9469
vn 0.5651 -0.1417 0.8128
vn 0.3957 -0.0973 0.9132
vn 0.1843 -0.0457 0.9818
vn 0.5998 -0.1155 0.7918
vn 0.4537 -0.0839 0.8872
vn 0.2218 -0.039 0.9743
vn 0.628 0.558 0.5425
vn 0.5283 0.6131 0.5874
vn 0.416 0.6626 0.6229
vn 0.2487 0.9251 -0.2869
vn 0.3049 0.9015 -0.3072
vn 0.3577 0.8757 -0.3242
vn 0.4004 0.9155 -0.0391
vn 0.4086 0.9117 -0.0419
vn 0.4165 0.9081 -0.0443
vn 0.5535 0.7847 0.279
vn 0.4999 0.8119 0.3014
vn 0.4413 0.8378 0.3215
vn 0.345 0.9289 -0.1348
vn 0.3712 0.9173 -0.1438
vn 0.3965 0.9052 -0.1526
vn 0.0306 -0.0011 0.9995
vn 0.0043 0.0617 -0.9981
vn 0.151 0.3747 -0.9148
vn 0.3686 0.815 -0.4471
vn 0.8037 0.273 -0.5287
vn 0.7445 -0.1728 -0.6448
vn 0.6972 -0.2973 -0.6523
vn 0.6735 0.3358 -0.6585
vn 0.5843 -0.0974 -0.8057
vn 0.5339 -0.2212 -0.8161
vn -0.3097 0.7976 -0.5176
vn -0.6199 0.4639 -0.6329
vn -0.6857 0.3461 -0.6403
vn 0.2328 0.5401 -0.8087
vn 0.0476 0.1528 -0.9871
vn -0.0094 0.0316 -0.9995
vn -0.6436 0.4206 -0.6394
vn -0.3445 0.772 -0.5341
vn 0.1355 0.9616 -0.2386
vn 0.3869 0.8502 -0.357
vn 0.2155 0.5118 -0.8316
vn 0.0248 0.1089 -0.9937
vn -0.0581 0.9256 -0.374
vn -0.5165 0.6015 -0.6094
vn -0.6712 0.3686 -0.6431
vn 0.0009 0.0562 -0.9984
vn 0.1182 0.3036 -0.9454
vn 0.3327 0.7457 -0.5773
vn 0.6487 0.6033 -0.4639
vn 0.6364 0.0603 -0.769
vn 0.5484 -0.1987 -0.8123
vn 0.7054 -0.2719 -0.6546
vn 0.7835 -0.0104 -0.6213
vn 0.7388 0.5608 -0.3739
vn 0.5841 0.7563 -0.2947
vn 0.6701 0.2876 -0.6843
vn 0.5689 -0.1465 -0.8093
vn 0.6403 0.7298 -0.2397
vn 0.8041 0.222 -0.5515
vn 0.7264 -0.2203 -0.651
vn 0.4216 0.9067 -0.0107
vn 0.4204 0.9062 -0.0453
vn 0.4214 0.8994 0.1164
vn 0.4222 0.906 0.0302
vn 0.4451 0.8948 -0.0367
vn 0.4274 0.904 -0.0086
vn 0.4048 0.9141 0.0252
vn 0.3547 0.93 0.0961
vn 0.3897 0.9205 -0.0293
vn 0.4143 0.9101 -0.0069
vn 0.4428 0.8964 0.0203
vn 0.5002 0.8624 0.0773
vn 0.4292 0.9032 -0.007
vn 0.4526 0.8912 -0.0297
vn 0.3374 0.938 0.0796
vn 0.4003 0.9162 0.0211
vn 0.7935 0.0235 0.6082
vn 0.7253 -0.2335 0.6477
vn 0.6969 -0.3027 0.6502
vn 0.7639 -0.1178 0.6345
vn 0.7897 0.3914 0.4724
vn -0.6721 0.3342 0.6608
vn -0.6374 0.4006 0.6582
vn -0.4818 0.6216 0.6177
vn -0.3469 0.5593 0.7529
vn -0.4925 0.3334 0.8039
vn -0.5262 0.2663 0.8076
vn -0.2029 0.855 0.4773
vn -0.5701 0.5117 0.6427
vn -0.4262 0.4448 0.7877
vn -0.0962 0.8066 0.5833
vn 0.0314 0.007 0.9995
vn 0.063 0.0755 0.9952
vn 0.1733 0.3169 0.9325
vn 0.3097 0.6233 0.718
vn 0.1169 0.1907 0.9747
vn 0.4227 0.9043 0.059
vn 0.4133 0.8703 0.2678
vn 0.292 0.5844 0.7571
vn 0.4038 0.8514 0.3347
vn 0.4222 0.9042 0.0652
vn 0.2638 0.9398 0.2171
vn 0.39 0.9196 0.0475
vn 0.3766 0.9241 0.0642
vn 0.1395 0.9271 0.348
vn -0.2933 0.6333 0.7162
vn 0.5904 0.7885 0.1723
vn 0.4614 0.8864 0.0376
vn 0.4622 0.8859 0.0398
vn 0.5982 0.7792 0.1872
vn 0.7593 0.5008 0.4156
vn 0.3809 0.9238 0.0385
vn 0.2221 0.9586 0.178
vn -0.461 0.6475 0.6068
vn 0.0597 0.9506 0.3046
vn 0.3637 0.9298 0.056
vn -0.6251 0.0202 0.7803
vn -0.7751 0.0192 0.6316
vn 0.7908 0.0225 0.6117
vn 0.0409 0.0235 0.9989
vn 0.7872 0.0312 0.616
vn 0.0305 0.0009 0.9995
vn -0.7794 -0 0.6265
vn -0.6561 0.0003 0.7547
vn -0.6561 -0.0003 0.7547
vn 0.786 0.0361 0.6172
vn 0.786 -0.0361 0.6172
vn 0.0434 0.0015 0.9991
vn 0.0433 -0.0015 0.9991
vn 0.034 -0.0199 0.9992
vn 0.0313 -0.0153 0.9994
vn 0.0415 -0.0156 0.999
vn 0.0401 -0.0216 0.999
vn -0.6495 0.0053 0.7603
vn -0.6558 0.0038 0.7549
vn -0.6314 0.0043 0.7754
vn -0.6375 0.0054 0.7704
vn 0.7288 -0.3786 0.5705
vn 0.7081 -0.4364 0.5551
vn 0.7126 -0.4234 0.5594
vn 0.7429 -0.3265 0.5843
vn -0.7789 0.0002 0.6272
vn -0.7787 0.0002 0.6274
vn -0.7792 0.0002 0.6267
vn -0.7792 -0.0002 0.6267
vn -0.6314 -0.0035 0.7754
vn -0.6375 -0.0051 0.7704
vn -0.7789 -0.0002 0.6272
vn -0.6495 -0.0053 0.7603
vn -0.6558 -0.0038 0.7549
vn 0.7127 0.4231 0.5594
vn 0.7429 0.3266 0.5843
vn 0.0415 0.0156 0.999
vn 0.0401 0.0216 0.999
vn 0.7488 0.3116 0.585
vn 0.715 0.4186 0.56
vn 0.0344 0.0194 0.9992
vn 0.0319 0.0127 0.9994
vn 0.0881 0.1909 0.9776
vn -0.0006 0.0001 1
vn -0.001 0.0001 1
vn 0.3197 0.688 0.6515
vn 0.3958 0.8503 -0.3469
vn 0.4214 0.9058 -0.0435
vn 0.3987 0.8573 0.3257
vn 0.4162 0.8943 -0.1644
vn -0.7092 -0 -0.705
vn -0.6561 0.1758 -0.7339
vn 0.7576 0.1738 -0.6291
vn 0.7064 0.1734 -0.6862
vn 0.6752 0.0002 -0.7376
vn 0.733 0.0003 -0.6802
vn 0.9963 0.0004 -0.0854
vn 0.9609 0.0004 -0.277
vn 0.872 0.0003 -0.4895
vn -0.0553 -0 -0.9985
vn -0.2352 -0 -0.9719
vn -0.4726 -0 -0.8813
vn 0.0288 0.1827 -0.9827
vn -0.1524 0.1841 -0.971
vn -0.395 0.188 -0.8992
vn 0.9614 -0.2628 -0.0818
vn 0.9306 -0.2521 -0.2654
vn 0.8505 -0.2303 -0.4729
vn -0.0548 0.0011 -0.9985
vn -0.2348 0.0028 -0.972
vn -0.4726 0.0031 -0.8813
vn 0.1813 0.0306 -0.9829
vn 0.3944 0.0668 -0.9165
vn 0.5666 0.0988 -0.8181
vn -0.9963 -0 -0.0856
vn -0.9608 -0 -0.2772
vn -0.8719 -0 -0.4896
vn 0.6719 0.1216 -0.7306
vn 0.7272 0.1357 -0.6728
vn 0.7207 -0.1918 -0.6662
vn 0.6673 -0.1727 -0.7245
vn -0.7092 0.0007 -0.705
vn -0.7092 -0.0005 -0.705
vn -0.6311 0.0003 -0.7757
vn -0.6311 -0.0002 -0.7757
vn 0.787 -0.0394 -0.6157
vn 0.9738 -0.2111 -0.0845
vn 0.94 -0.2029 -0.2741
vn 0.8555 -0.1827 -0.4846
vn 0.7258 -0.1504 -0.6712
vn 0.6805 -0.1365 -0.7199
vn 0.6805 0.1365 -0.7199
vn 0.7258 0.1504 -0.6712
vn -0.7153 -0.0005 -0.6988
vn -0.7153 0.0005 -0.6988
vn 0.2218 0.039 -0.9743
vn 0.4537 0.0839 -0.8872
vn 0.5998 0.1155 -0.7918
vn -0.0798 0.0013 -0.9968
vn -0.3001 0.003 -0.9539
vn -0.5316 0.0029 -0.847
vn -0.0803 0.8713 -0.4841
vn 0.7346 0.4921 -0.4671
vn 0.6967 0.5126 -0.5017
vn 0.2959 0.7057 -0.6437
vn 0.2116 0.758 -0.617
vn 0.0837 0.8175 -0.5698
vn 0.6048 0.7557 0.2512
vn 0.1716 0.953 0.2495
vn 0.1982 0.9424 0.2693
vn 0.411 0.8465 0.3384
vn 0.4564 0.8314 0.3169
vn 0.5187 0.804 0.2907
vn 0.449 0.8929 0.0336
vn 0.3925 0.9192 0.0325
vn 0.3951 0.9179 0.0354
vn 0.4228 0.9052 0.0443
vn 0.4284 0.9025 0.0442
vn 0.4379 0.8981 0.0413
vn 0.7103 -0.2677 0.651
vn 0.7979 0.0608 0.5998
vn 0.686 0.6637 0.2983
vn 0.5465 -0.1913 0.8153
vn 0.6457 0.1341 0.7518
vn 0.6127 0.698 0.3706
vn -0.6709 0.3762 0.6391
vn -0.4662 0.6649 0.5836
vn 0.0504 0.9535 0.2973
vn 0.1911 0.9495 -0.2488
vn 0.6083 0.7572 -0.2379
vn 0.5895 0.766 -0.2563
vn 0.385 0.8631 -0.3268
vn 0.3379 0.8853 -0.3196
vn 0.269 0.9165 -0.296
vn 0.5165 0.8477 0.1213
vn 0.31 0.9433 0.1185
vn 0.3221 0.9381 0.1274
vn 0.4232 0.8917 0.1604
vn 0.4445 0.8831 0.1502
vn 0.4742 0.8695 0.1383
vn -0.8368 0.181 -0.5167
vn -0.9375 0.1821 -0.2966
vn -0.9807 0.1722 -0.093
vn 0.8766 0.1728 -0.4492
vn 0.9524 0.1676 -0.2547
vn 0.9833 0.1637 -0.0792
vn 0.8616 0.1646 -0.4801
vn 0.9455 0.1816 -0.2703
vn 0.9783 0.1899 -0.0832
vn 0.8555 0.1827 -0.4846
vn 0.94 0.203 -0.2741
vn 0.9738 0.2111 -0.0845
vn -0.1664 0.9289 -0.3309
vn -0.2216 0.9571 -0.1868
vn -0.2686 0.9615 -0.0591
vn 0.8179 0.4729 -0.3278
vn 0.8739 0.4497 -0.1845
vn 0.9078 0.4152 -0.0586
vn 0.6505 0.7427 0.1585
vn 0.6757 0.7319 0.0879
vn 0.7004 0.7132 0.0292
vn 0.1387 0.9764 0.1656
vn 0.1118 0.9894 0.0928
vn 0.08 0.9963 0.031
vn 0.4568 0.8893 0.0228
vn 0.4615 0.8871 0.0121
vn 0.4629 0.8864 0.0032
vn 0.3856 0.9224 0.023
vn 0.3809 0.9246 0.0122
vn 0.3794 0.9252 0.0032
vn 0.141 0.9749 -0.1725
vn 0.107 0.9896 -0.0964
vn 0.0888 0.9956 -0.0288
vn 0.6517 0.7389 -0.1712
vn 0.6841 0.7231 -0.0961
vn 0.7001 0.7135 -0.0288
vn 0.5372 0.8399 0.0775
vn 0.5497 0.8342 0.0434
vn 0.5631 0.8262 0.0146
vn 0.2947 0.9523 0.0788
vn 0.282 0.9584 0.0444
vn 0.2667 0.9637 0.015
vn -0.8817 0.4718 0.0079
vn -0.6636 0.748 0.0075
vn -0.0531 0.9986 0.0032
vn 0.9985 -0.0535 -0.0081
vn 0.9285 -0.3713 0.0079
vn 0.9991 -0.042 0.0075
vn 0.7843 0.6204 0.0032
vn -0.4727 -0.0022 -0.8812
vn -0.2351 -0.002 -0.972
vn -0.055 -0.0008 -0.9985
vn -0.5316 -0.0029 -0.847
vn -0.3001 -0.003 -0.9539
vn -0.0798 -0.0013 -0.9968
vn -0.0006 -0 -1
vn -0.001 -0.0001 -1
vn 0.5656 0.0002 -0.8247
vn 0.3898 0.0001 -0.9209
vn 0.1751 -0 -0.9845
vn 0.6083 0.1783 -0.7734
vn 0.452 0.188 -0.872
vn 0.256 0.1944 -0.9469
vn 0.5651 -0.1417 -0.8128
vn 0.3957 -0.0973 -0.9132
vn 0.1843 -0.0457 -0.9818
vn 0.5998 -0.1155 -0.7918
vn 0.4537 -0.084 -0.8872
vn 0.2218 -0.039 -0.9743
vn 0.6278 0.5583 -0.5424
vn 0.5282 0.6133 -0.5873
vn 0.416 0.6625 -0.6229
vn 0.2487 0.9251 0.2868
vn 0.3049 0.9015 0.3071
vn 0.3578 0.8757 0.3242
vn 0.4005 0.9155 0.0391
vn 0.4087 0.9117 0.0419
vn 0.4165 0.9081 0.0443
vn 0.5535 0.7847 -0.279
vn 0.4999 0.8119 -0.3014
vn 0.4413 0.8378 -0.3214
vn 0.345 0.9289 0.1348
vn 0.3713 0.9173 0.1439
vn 0.3966 0.9052 0.1526
vn 0.4219 0.9067 -0
vn 0.0306 -0.0011 -0.9995
vn 0.0043 0.0617 0.9981
vn 0.151 0.3747 0.9148
vn 0.3686 0.815 0.4471
vn 0.8037 0.2731 0.5287
vn 0.7445 -0.1728 0.6449
vn 0.6972 -0.2973 0.6523
vn 0.6735 0.3358 0.6585
vn 0.5843 -0.0974 0.8057
vn 0.5339 -0.2212 0.8161
vn -0.3097 0.7976 0.5176
vn -0.6199 0.4639 0.6329
vn -0.6857 0.3461 0.6403
vn -0.4968 0.8679 0.0061
vn -0.8313 0.5558 0.0075
vn -0.8964 0.4432 0.0078
vn 0.9861 0.1661 0.0062
vn 0.9599 -0.2803 0.0076
vn 0.9163 -0.4003 0.0078
vn 0.2328 0.5401 0.8087
vn 0.0476 0.1528 0.9871
vn -0.0094 0.0316 0.9995
vn -0.6437 0.4206 0.6394
vn -0.3447 0.772 0.5341
vn 0.1354 0.9616 0.2386
vn 0.3869 0.8502 0.3571
vn 0.2155 0.5118 0.8317
vn 0.0249 0.1089 0.9937
vn -0.058 0.9256 0.374
vn -0.5166 0.6015 0.6094
vn -0.6712 0.3686 0.6431
vn 0.0009 0.0562 0.9984
vn 0.1182 0.3036 0.9454
vn 0.3327 0.7456 0.5774
vn 0.6485 0.6034 0.4639
vn 0.6364 0.0603 0.769
vn 0.5484 -0.1987 0.8123
vn 0.7053 -0.2719 0.6546
vn 0.7835 -0.0104 0.6213
vn 0.7388 0.5607 0.3739
vn 0.5841 0.7563 0.2947
vn 0.67 0.2875 0.6844
vn 0.5688 -0.1465 0.8093
vn 0.6403 0.7298 0.2397
vn 0.8041 0.2221 0.5515
vn 0.7264 -0.2203 0.651
vn 0.7219 0.692 0.0026
vn 0.992 0.1264 0.0071
vn 0.9454 -0.3259 0.0082
vn 0.9262 -0.377 0.008
vn 0.9924 -0.123 0.0074
vn 0.8777 0.4791 0.0049
vn -0.8568 0.5155 0.0082
vn -0.528 0.8492 0.0071
vn 0.0491 0.9988 0.0027
vn -0.2055 0.9786 0.005
vn -0.7263 0.6874 0.0073
vn -0.8848 0.4659 0.008
vn 0.4215 0.9068 0.0108
vn 0.4203 0.9062 0.0453
vn 0.4214 0.8994 -0.1164
vn 0.4222 0.906 -0.0301
vn 0.4452 0.8947 0.0367
vn 0.4274 0.904 0.0087
vn 0.4048 0.9141 -0.0251
vn 0.3547 0.93 -0.0961
vn 0.4499 0.8931 -0.0002
vn 0.5285 0.8489 -0.0009
vn 0.4112 0.9115 0.0001
vn 0.3774 0.926 0.0004
vn 0.3896 0.9205 0.0293
vn 0.4142 0.9101 0.0069
vn 0.4428 0.8964 -0.0202
vn 0.5002 0.8625 -0.0773
vn 0.4324 0.9017 0.0001
vn 0.4652 0.8852 0.0004
vn 0.4292 0.9032 0.0069
vn 0.4526 0.8912 0.0297
vn 0.3075 0.9516 -0.0009
vn 0.3929 0.9196 -0.0002
vn 0.3375 0.938 -0.0796
vn 0.4004 0.9161 -0.021
vn 0.7935 0.0235 -0.6081
vn 0.7253 -0.2335 -0.6477
vn 0.6969 -0.3027 -0.6502
vn 0.9963 -0.0861 -0.008
vn 0.9411 -0.338 -0.0086
vn 0.9144 -0.4047 -0.0087
vn 0.7639 -0.1178 -0.6345
vn 0.7897 0.3915 -0.4724
vn 0.9746 -0.2236 -0.0089
vn 0.9518 0.3066 -0.0065
vn -0.6722 0.3342 -0.6607
vn -0.6374 0.4007 -0.6582
vn -0.4819 0.6215 -0.6177
vn -0.3469 0.5593 -0.7529
vn -0.4926 0.3334 -0.8039
vn -0.5263 0.2663 -0.8075
vn -0.203 0.8549 -0.4774
vn -0.5702 0.5117 -0.6427
vn -0.4263 0.4447 -0.7877
vn -0.0963 0.8065 -0.5833
vn 0.0314 0.007 -0.9995
vn 0.063 0.0755 -0.9952
vn 0.1733 0.3169 -0.9325
vn 0.3098 0.6235 -0.7178
vn 0.1169 0.1907 -0.9747
vn -0.3731 0.9278 -0.0065
vn -0.7925 0.6098 -0.0089
vn -0.8986 0.4388 -0.0087
vn -0.8645 0.5026 -0.0086
vn -0.7018 0.7123 -0.0079
vn 0.4227 0.9043 -0.0589
vn 0.4133 0.8703 -0.2679
vn 0.292 0.5843 -0.7572
vn 0.4038 0.8514 -0.3348
vn 0.4222 0.9042 -0.0652
vn 0.2636 0.9398 -0.2173
vn 0.3899 0.9196 -0.0476
vn 0.3766 0.9242 -0.0642
vn 0.1395 0.9271 -0.348
vn -0.2932 0.6334 -0.7162
vn 0.4751 0.8799 -0.0004
vn 0.6538 0.7567 -0.0023
vn 0.8816 0.4719 -0.0056
vn 0.4772 0.8788 -0.0006
vn 0.6579 0.7531 -0.0027
vn 0.5904 0.7885 -0.1724
vn 0.4613 0.8864 -0.0376
vn 0.4621 0.8859 -0.0397
vn 0.5982 0.7792 -0.1872
vn 0.7593 0.5008 -0.4155
vn 0.3635 0.9316 -0.0007
vn 0.1454 0.9894 -0.0028
vn 0.381 0.9238 -0.0384
vn 0.2223 0.9586 -0.1778
vn -0.742 0.6703 -0.0093
vn -0.0896 0.996 -0.0039
vn 0.3415 0.9399 -0.0006
vn -0.4611 0.6474 -0.6069
vn 0.0598 0.9506 -0.3047
vn 0.3639 0.9298 -0.0559
vn -0.6251 0.0202 -0.7803
vn -0.7751 0.0192 -0.6316
vn 0.7908 0.0225 -0.6117
vn -0.9998 0.0175 -0.0084
vn 0.9997 0.0211 -0.0082
vn 0.0409 0.0235 -0.9989
vn 0.7872 0.0312 -0.616
vn 0.9991 0.042 -0.0081
vn 0.0305 0.0009 -0.9995
vn -0.7794 -0 -0.6265
vn -0.6561 0.0003 -0.7547
vn -0.6561 -0.0003 -0.7547
vn 0.786 0.0361 -0.6172
vn 0.9988 0.0487 -0.0084
vn 0.786 -0.0361 -0.6172
vn 0.9988 -0.0487 -0.0084
vn 0.0433 0.0015 -0.9991
vn 0.0434 -0.0015 -0.9991
vn 0.034 -0.0199 -0.9992
vn 0.0313 -0.0154 -0.9994
vn 0.0415 -0.0156 -0.999
vn 0.0401 -0.0216 -0.999
vn -0.6495 0.0053 -0.7603
vn -0.6558 0.0038 -0.7549
vn -0.6314 0.0043 -0.7754
vn -0.6375 0.0054 -0.7704
vn 0.8595 -0.511 -0.0071
vn 0.9143 -0.405 -0.0077
vn 0.851 -0.5251 -0.007
vn 0.8858 -0.4641 -0.0073
vn 0.7288 -0.3786 -0.5705
vn 0.7081 -0.4365 -0.5551
vn 0.7126 -0.4234 -0.5594
vn 0.7429 -0.3265 -0.5843
vn -0.7789 0.0002 -0.6272
vn -0.7787 0.0002 -0.6274
vn -0.7792 0.0002 -0.6267
vn -0.7792 -0.0002 -0.6267
vn -0.6314 -0.0035 -0.7754
vn -0.6375 -0.0051 -0.7704
vn -0.7789 -0.0002 -0.6272
vn -0.7787 -0.0001 -0.6274
vn -0.6495 -0.0053 -0.7603
vn -0.6558 -0.0038 -0.7549
vn 0.7127 0.4231 -0.5594
vn 0.7429 0.3266 -0.5843
vn 0.0415 0.0156 -0.999
vn 0.0401 0.0216 -0.999
vn 0.7488 0.3116 -0.585
vn 0.715 0.4186 -0.56
vn 0.0344 0.0194 -0.9992
vn 0.0319 0.0127 -0.9994
vn 0.8597 0.5108 -0.0072
vn 0.9143 0.405 -0.0077
vn 0.9219 0.3873 -0.0075
vn 0.8627 0.5057 -0.0071
vn 0.0881 0.1909 -0.9777
vn -0.0006 0.0001 -1
vn -0.001 0.0001 -1
vn 0.3197 0.6879 -0.6516
vn 0.3958 0.8503 0.3468
vn 0.4214 0.9058 0.0435
vn 0.3987 0.8573 -0.3257
vn 0.4162 0.8943 0.1643
vn 0.9262 -0.3695 -0.0749
vn 0.8945 -0.3526 -0.2748
vn 0.8085 -0.3121 -0.4989
vn 0.9967 -0.0396 -0.0708
vn 0.9668 -0.0178 -0.2548
vn 0.888 0.0226 -0.4593
vn 0.7889 0.6137 -0.0315
vn 0.7746 0.62 -0.1247
vn 0.7313 0.6423 -0.2295
vn -0.0454 0.0217 0.9987
vn -0.2259 0.0215 0.9739
vn -0.4645 0.0215 0.8853
vn -0.7092 -0.0001 0.705
vn -0.7045 0.0193 0.7094
vn -0.0552 -0.0001 0.9985
vn -0.2352 -0.0003 0.9719
vn -0.4726 -0.0004 0.8813
vn 0.9962 0.0416 0.077
vn 0.9604 0.0395 0.2759
vn 0.8721 0.0352 0.4881
vn 0.9968 0.0211 0.0768
vn 0.9613 0.0218 0.2747
vn 0.8742 0.0224 0.4851
vn 0.6756 -0.0304 0.7366
vn 0.733 -0.0353 0.6793
vn 0.6329 -0.2325 -0.7385
vn 0.7259 0.0918 -0.6816
vn 0.6516 0.6801 -0.336
vn -0.0981 0.1109 -0.989
vn -0.2656 0.19 -0.9452
vn -0.4295 0.2651 -0.8633
vn 0.0567 0.4232 -0.9042
vn -0.0929 0.4983 -0.862
vn -0.2437 0.5635 -0.7894
vn 0.3199 0.8337 -0.4501
vn 0.2413 0.87 -0.4299
vn 0.1596 0.9033 -0.3981
vn -0.5467 0.3175 -0.7748
vn -0.612 0.3476 -0.7103
vn -0.3545 0.6078 -0.7106
vn -0.4149 0.6357 -0.6509
vn 0.1062 0.927 -0.3597
vn 0.0779 0.9407 -0.3301
vn -0.8696 0.0196 0.4934
vn -0.9599 0.0196 0.2798
vn -0.9968 0.0183 0.0783
vn -0.7588 0.419 -0.4987
vn -0.8449 0.4591 -0.2747
vn -0.8785 0.4719 -0.0749
vn -0.543 0.7069 -0.4533
vn -0.621 0.7424 -0.2513
vn -0.658 0.7497 -0.0707
vn 0.0034 0.9722 -0.234
vn -0.0441 0.991 -0.1267
vn -0.06 0.9977 -0.032
vn 0.3912 -0.1172 -0.9128
vn 0.1929 -0.0247 -0.9809
vn 0.0617 0.0351 -0.9975
vn 0.5032 0.2081 -0.8387
vn 0.3236 0.2949 -0.8991
vn 0.2041 0.349 -0.9146
vn 0.5398 0.7306 -0.4181
vn 0.4471 0.7744 -0.4477
vn 0.3912 0.8031 -0.4495
vn 0.572 0.0225 0.82
vn 0.3984 0.0236 0.9169
vn 0.1856 0.024 0.9823
vn 0.5667 0.0192 0.8237
vn 0.3915 0.0126 0.9201
vn 0.177 0.0055 0.9842
vn 0.0246 0.0519 -0.9983
vn 0.1701 0.3648 -0.9154
vn 0.378 0.812 -0.4448
vn 0.2467 0.5293 -0.8118
vn 0.0668 0.1425 -0.9875
vn 0.0107 0.022 -0.9997
vn 0.5503 0.4109 -0.7269
vn 0.3893 0.4835 -0.784
vn 0.279 0.5207 -0.8069
vn 0.4319 -0.0203 -0.9017
vn 0.234 0.0709 -0.9697
vn 0.1033 0.1271 -0.9865
vn 0.378 -0.1478 -0.9139
vn 0.1786 -0.0551 -0.9824
vn 0.0475 0.0052 -0.9989
vn -0.3681 0.8392 -0.4003
vn -0.4376 0.8724 -0.218
vn -0.4831 0.8736 -0.0581
vn -0.7054 0.5084 -0.4939
vn -0.7916 0.5479 -0.2704
vn -0.8272 0.5573 -0.0722
vn -0.7743 0.388 -0.4999
vn -0.861 0.4281 -0.2746
vn -0.8938 0.4424 -0.0741
vn -0.214 0.7485 -0.6277
vn -0.2683 0.7709 -0.5777
vn -0.4988 0.4052 -0.7662
vn -0.563 0.4343 -0.7032
vn -0.5616 0.288 -0.7757
vn -0.6265 0.3182 -0.7115
vn 0.1592 0.5903 -0.7913
vn 0.0266 0.6584 -0.7522
vn -0.1102 0.7148 -0.6906
vn -0.0513 0.204 -0.9776
vn -0.2177 0.2839 -0.9338
vn -0.382 0.3564 -0.8527
vn -0.1119 0.08 -0.9905
vn -0.2806 0.1588 -0.9466
vn -0.445 0.2346 -0.8642
vn 0.7422 0.2943 -0.6021
vn 0.6681 -0.14 -0.7307
vn 0.6202 -0.2619 -0.7395
vn 0.9813 0.1832 -0.0588
vn 0.9508 0.2199 -0.2181
vn 0.8812 0.2516 -0.4003
vn 0.9587 -0.2751 -0.0723
vn 0.9289 -0.2529 -0.2704
vn 0.843 -0.2129 -0.4939
vn 0.9141 -0.3986 -0.0741
vn 0.8822 -0.3824 -0.2746
vn 0.7956 -0.3421 -0.4999
vn 0.1555 0.9517 -0.2647
vn 0.1775 0.9414 -0.2869
vn -0.2998 0.7467 -0.5938
vn -0.2473 0.7222 -0.646
vn -0.5871 0.3922 -0.7081
vn -0.5245 0.3636 -0.7699
vn 0.22 0.9232 -0.315
vn 0.2847 0.8965 -0.3393
vn 0.348 0.8667 -0.3574
vn -0.1499 0.683 -0.7148
vn -0.0134 0.6254 -0.7802
vn 0.1253 0.5562 -0.8215
vn -0.4109 0.3143 -0.8558
vn -0.2497 0.2414 -0.9377
vn -0.0808 0.1608 -0.9837
vn -0.614 0.3412 -0.7117
vn -0.5518 0.3124 -0.7733
vn -0.4658 0.5721 -0.6751
vn -0.4065 0.5461 -0.7325
vn -0.0306 0.9079 -0.418
vn 0.0104 0.8924 -0.4511
vn -0.4391 0.2616 -0.8595
vn -0.2764 0.1874 -0.9426
vn -0.1048 0.107 -0.9887
vn -0.2952 0.5049 -0.8111
vn -0.1376 0.4387 -0.888
vn 0.0236 0.359 -0.933
vn 0.0892 0.8684 -0.4879
vn 0.1855 0.8295 -0.5268
vn 0.2796 0.7832 -0.5554
vn 0.6308 -0.2382 -0.7385
vn 0.7127 0.0177 -0.7013
vn 0.6984 0.5734 -0.4283
vn 0.4058 0.8405 -0.3589
vn 0.4525 0.8179 -0.3553
vn 0.5271 0.783 -0.3303
vn 0.2656 0.4866 -0.8322
vn 0.3766 0.4345 -0.8182
vn 0.5416 0.3539 -0.7625
vn 0.0853 0.0809 -0.9931
vn 0.2204 0.0199 -0.9752
vn 0.4182 -0.0729 -0.9054
vn 0.0603 0.0286 -0.9978
vn 0.1958 -0.0329 -0.9801
vn 0.3963 -0.126 -0.9094
vn 0.1737 0.2787 -0.9446
vn 0.3043 0.2272 -0.9251
vn 0.4952 0.1391 -0.8575
vn 0.3692 0.7313 -0.5735
vn 0.4502 0.7063 -0.5462
vn 0.5613 0.657 -0.5033
vn 0.6142 0.7418 -0.2692
vn 0.741 0.2499 -0.6233
vn 0.6515 -0.1867 -0.7353
vn 0.6748 0.7145 -0.1848
vn 0.7103 0.6966 -0.1012
vn 0.7247 0.6886 -0.0257
vn 0.8852 0.187 -0.426
vn 0.9597 0.1478 -0.2388
vn 0.9897 0.1269 -0.0667
vn 0.8233 -0.2631 -0.5029
vn 0.9103 -0.3045 -0.2805
vn 0.943 -0.3235 -0.0776
vn 0.803 -0.3155 -0.5057
vn 0.8912 -0.3564 -0.2805
vn 0.9241 -0.3745 -0.0762
vn 0.8771 -0.0433 -0.4783
vn 0.9611 -0.0819 -0.2636
vn 0.9911 -0.1124 -0.0707
vn 0.7867 0.5498 -0.2808
vn 0.8337 0.5299 -0.1553
vn 0.8659 0.4982 -0.0446
vn 0.0451 0.9986 -0.0259
vn 0.0618 0.9928 -0.1028
vn 0.1007 0.9769 -0.1885
vn -0.5237 0.8493 -0.0662
vn -0.4883 0.8408 -0.2336
vn -0.4147 0.8085 -0.4176
vn -0.8527 0.5165 -0.0777
vn -0.8165 0.5048 -0.2802
vn -0.7297 0.4641 -0.5022
vn -0.8818 0.4655 -0.0762
vn -0.847 0.4516 -0.2804
vn -0.7588 0.4107 -0.5056
vn -0.719 0.6915 -0.0701
vn -0.6775 0.6868 -0.2632
vn -0.5936 0.6475 -0.478
vn -0.1853 0.9816 -0.0458
vn -0.1415 0.9769 -0.16
vn -0.0935 0.9532 -0.2875
vn 0.4364 0.8994 0.0263
vn 0.4311 0.9019 0.0284
vn 0.4255 0.9044 0.0304
vn 0.4747 0.8745 0.0999
vn 0.455 0.884 0.1075
vn 0.4341 0.8935 0.1148
vn 0.4013 0.9152 -0.0377
vn 0.4086 0.9118 -0.0401
vn 0.4158 0.9085 -0.0427
vn 0.4172 0.9088 -0.0088
vn 0.4188 0.908 -0.0093
vn 0.4205 0.9073 -0.0099
vn 0.4233 0.9049 -0.0449
vn 0.4291 0.9022 -0.0423
vn 0.4376 0.8983 -0.039
vn 0.4223 0.9064 -0.0107
vn 0.4236 0.9058 -0.0098
vn 0.4255 0.9049 -0.009
vn 0.4205 0.9068 0.0304
vn 0.4161 0.9088 0.0303
vn 0.4095 0.9119 0.0281
vn 0.4143 0.9026 0.1168
vn 0.3977 0.9104 0.1141
vn 0.373 0.9218 0.1058
vn 0.3796 0.9251 -0.0038
vn 0.3837 0.9234 -0.0124
vn 0.3873 0.9217 -0.022
vn 0.412 0.9112 -0.001
vn 0.4131 0.9107 -0.0029
vn 0.4138 0.9103 -0.0051
vn 0.4506 0.8927 0.0021
vn 0.449 0.8935 0.009
vn 0.4456 0.8951 0.0164
vn 0.5283 0.849 0.009
vn 0.5214 0.8526 0.0342
vn 0.5097 0.8582 0.0614
vn 0.4556 0.8899 -0.0221
vn 0.4593 0.8882 -0.0124
vn 0.4632 0.8863 -0.0038
vn 0.4297 0.903 -0.0051
vn 0.4304 0.9026 -0.0029
vn 0.4315 0.9021 -0.001
vn 0.3973 0.9176 0.0165
vn 0.3938 0.9191 0.0091
vn 0.3923 0.9198 0.0022
vn 0.3273 0.9429 0.0617
vn 0.3152 0.9484 0.0343
vn 0.3076 0.9515 0.009
vn 0.4412 0.8971 0.0222
vn 0.4396 0.8979 0.0239
vn 0.4945 0.865 0.0856
vn 0.4878 0.8681 0.0921
vn 0.3917 0.9195 -0.0332
vn 0.395 0.918 -0.0357
vn 0.4147 0.9099 -0.0079
vn 0.4156 0.9095 -0.0085
vn 0.4496 0.8926 -0.0343
vn 0.4286 0.9035 -0.0081
vn 0.4024 0.9152 0.0233
vn 0.3451 0.9343 0.0891
vn 0.6896 0.069 0.7209
vn 0.7421 0.0419 0.669
vn 0.6142 -0.1829 0.7677
vn 0.6707 -0.2098 0.7114
vn 0.5853 -0.251 0.771
vn 0.6425 -0.2778 0.7142
vn 0.8756 -0.0032 0.483
vn 0.9614 -0.0412 0.2722
vn 0.9944 -0.0741 0.0747
vn 0.8124 -0.2708 0.5164
vn 0.9037 -0.3127 0.2925
vn 0.9391 -0.3341 0.0809
vn 0.7836 -0.3424 0.5184
vn 0.8749 -0.3847 0.2942
vn 0.9116 -0.4028 0.0818
vn 0.6536 -0.0681 0.7537
vn 0.7101 -0.095 0.6976
vn 0.7087 0.4267 0.5619
vn 0.7508 0.4066 0.5205
vn 0.8487 -0.1552 0.5057
vn 0.9366 -0.1982 0.289
vn 0.9718 -0.2207 0.0824
vn 0.8516 0.364 0.3772
vn 0.9195 0.329 0.2152
vn 0.9497 0.3073 0.0605
vn -0.4207 0.5878 0.691
vn -0.5689 0.3673 0.7358
vn -0.6026 0.3016 0.7389
vn -0.2043 0.5056 0.8382
vn -0.0147 0.4174 0.9086
vn 0.114 0.3463 0.9312
vn -0.3463 0.2689 0.8987
vn -0.1445 0.1753 0.9739
vn -0.0021 0.1063 0.9943
vn -0.3806 0.1993 0.903
vn -0.1785 0.1053 0.9783
vn -0.0346 0.0378 0.9987
vn -0.503 0.4773 0.7206
vn -0.1543 0.83 0.536
vn -0.2831 0.383 0.8793
vn -0.089 0.2911 0.9525
vn 0.0505 0.2217 0.9738
vn 0.0106 0.7618 0.6477
vn 0.1562 0.6953 0.7016
vn 0.2609 0.6451 0.7181
vn 0.2839 0.2771 0.9179
vn 0.4512 0.2024 0.8692
vn 0.5957 0.1256 0.7933
vn 0.1782 0.025 0.9837
vn 0.356 -0.0564 0.9328
vn 0.5117 -0.1316 0.849
vn 0.1465 -0.0459 0.9881
vn 0.3243 -0.1283 0.9372
vn 0.4812 -0.2019 0.8531
vn 0.2302 0.1409 0.9629
vn 0.4018 0.0613 0.9137
vn 0.5522 -0.0151 0.8336
vn 0.3902 0.5866 0.7097
vn 0.5181 0.5298 0.6715
vn 0.6314 0.4693 0.6173
vn -0.7868 0.6117 0.0825
vn -0.7459 0.6008 0.2875
vn -0.6587 0.5595 0.5031
vn -0.3698 0.9272 0.0599
vn -0.3346 0.9184 0.2112
vn -0.2667 0.8892 0.3717
vn -0.6932 0.7169 0.0742
vn -0.6479 0.7115 0.2721
vn -0.563 0.6707 0.483
vn -0.8605 0.5031 0.0809
vn -0.8215 0.4894 0.2925
vn -0.7305 0.447 0.5164
vn -0.8954 0.4377 0.0819
vn -0.8579 0.4212 0.2942
vn -0.7667 0.3788 0.5184
vn 0.0929 0.2008 0.9752
vn 0.2932 0.6311 0.7181
vn 0.1503 0.3243 0.9339
vn 0.0393 0.0858 0.9955
vn 0.0077 0.0179 0.9998
vn 0.4517 0.8905 0.0541
vn 0.4414 0.8953 0.0596
vn 0.4293 0.9008 0.0649
vn 0.5457 0.7967 0.2596
vn 0.4982 0.8164 0.2921
vn 0.4392 0.8374 0.3254
vn 0.6292 0.5194 0.5782
vn 0.521 0.5449 0.657
vn 0.3826 0.5683 0.7285
vn 0.5296 0.8191 0.2204
vn 0.4885 0.84 0.2361
vn 0.4447 0.8597 0.2514
vn 0.4473 0.8931 0.0477
vn 0.4384 0.8973 0.0509
vn 0.4293 0.9015 0.0541
vn 0.3948 0.8796 0.2656
vn 0.3598 0.8991 0.2494
vn 0.3092 0.9226 0.2309
vn 0.4183 0.9064 0.0582
vn 0.4105 0.9103 0.0536
vn 0.3999 0.9152 0.0496
vn 0.4177 0.9058 0.0717
vn 0.4059 0.9109 0.0744
vn 0.3886 0.9187 0.0701
vn 0.3738 0.8525 0.3654
vn 0.3062 0.8731 0.3795
vn 0.2097 0.9053 0.3694
vn 0.215 0.5698 0.7932
vn 0.0636 0.588 0.8064
vn -0.1402 0.6191 0.7727
vn 0.6468 0.7623 0.023
vn 0.6258 0.7764 0.0744
vn 0.6056 0.7849 0.1311
vn 0.473 0.881 0.0054
vn 0.4673 0.8839 0.0161
vn 0.4637 0.8856 0.028
vn 0.4763 0.8793 0.0044
vn 0.4735 0.8806 0.0179
vn 0.4672 0.8836 0.0321
vn 0.6553 0.755 0.0222
vn 0.6434 0.7609 0.0838
vn 0.6187 0.7713 0.1492
vn 0.8805 0.4712 0.052
vn 0.8571 0.4805 0.1858
vn 0.8057 0.4929 0.3285
vn 0.2059 0.9693 0.1345
vn 0.1848 0.9798 0.0768
vn 0.1596 0.9869 0.024
vn 0.3779 0.9254 0.0286
vn 0.3739 0.9273 0.0165
vn 0.3678 0.9299 0.0056
vn 0.3551 0.9338 0.0448
vn 0.3447 0.9384 0.0252
vn 0.3398 0.9405 0.0061
vn 0.0054 0.9697 0.2444
vn -0.0583 0.9884 0.1402
vn -0.0917 0.9951 0.0369
vn -0.5629 0.6708 0.4829
vn -0.6693 0.6871 0.2828
vn -0.7291 0.6792 0.0844
vn 0.4598 0.8869 0.0441
vn 0.4574 0.888 0.0483
vn 0.5869 0.7822 0.2089
vn 0.5741 0.7858 0.2299
vn 0.7301 0.5024 0.4632
vn 0.6968 0.5051 0.5093
vn 0.5786 0.7923 0.1935
vn 0.5618 0.8008 0.2076
vn 0.4591 0.8874 0.0425
vn 0.4551 0.8892 0.0456
vn 0.2375 0.9499 0.2034
vn 0.3841 0.9222 0.0447
vn 0.3701 0.927 0.0607
vn 0.0987 0.9383 0.3313
vn -0.3822 0.6362 0.6702
vn 0.6804 0.0221 0.7325
vn 0.7375 0.0223 0.675
vn -0.0552 0.0002 0.9985
vn -0.2352 0.0004 0.972
vn -0.4726 0.0005 0.8813
vn -0.7092 0.0001 0.705
vn 0.9956 -0.0529 0.0769
vn 0.96 -0.0502 0.2756
vn 0.8719 -0.0447 0.4877
vn -0.8719 0.0001 0.4896
vn -0.9608 0.0001 0.2772
vn -0.997 0.0001 0.0774
vn 0.5669 -0.0236 0.8235
vn 0.3918 -0.0153 0.9199
vn 0.1774 -0.0067 0.9841
vn 0.6756 0.0245 0.7368
vn 0.7331 0.0281 0.6796
vn -0.7154 0.0001 0.6988
vn -0.7154 -0.0001 0.6988
vn 0.8704 0.0408 0.4907
vn 0.9594 0.0459 0.2782
vn 0.9958 0.0483 0.0777
vn 0.7344 -0.0326 0.678
vn 0.6875 -0.0289 0.7256
vn 0.8704 -0.0408 0.4907
vn 0.9594 -0.0459 0.2782
vn 0.9958 -0.0483 0.0777
vn 0.7344 0.0326 0.678
vn 0.6875 0.0289 0.7256
vn 0.2276 0.0081 0.9737
vn 0.4588 0.017 0.8884
vn 0.6057 0.0238 0.7954
vn 0.2276 -0.0081 0.9737
vn 0.4588 -0.017 0.8884
vn 0.6057 -0.0238 0.7954
vn -0.5317 0.0005 0.8469
vn -0.3 0.0005 0.9539
vn -0.0795 0.0002 0.9968
vn -0.5317 -0.0005 0.8469
vn -0.3 -0.0005 0.9539
vn -0.0795 -0.0002 0.9968
vn -0.001 -0 1
vn 0.5611 -0.3246 0.7614
vn 0.4247 -0.2408 0.8727
vn 0.211 -0.1167 0.9705
vn 0.5851 -0.2458 0.7728
vn 0.447 -0.1829 0.8756
vn 0.2206 -0.0865 0.9715
vn 0.5462 -0.2725 0.7921
vn 0.3862 -0.1898 0.9027
vn 0.1789 -0.088 0.9799
vn 0.5431 -0.327 0.7734
vn 0.3949 -0.2345 0.8883
vn 0.1884 -0.111 0.9758
vn -0.0718 0.0038 0.9974
vn -0.2811 0.0089 0.9596
vn -0.5155 0.0091 0.8568
vn -0.0795 0.0031 0.9968
vn -0.2994 0.0069 0.9541
vn -0.531 0.0067 0.8473
vn -0.0552 0.0025 0.9985
vn -0.2356 0.0061 0.9718
vn -0.4732 0.0068 0.881
vn -0.0602 0.0033 0.9982
vn -0.2498 0.0081 0.9683
vn -0.487 0.0088 0.8734
vn 0.8843 -0.4619 0.0684
vn 0.8594 -0.4474 0.2476
vn 0.7943 -0.4132 0.4453
vn 0.8493 -0.5237 0.0659
vn 0.8267 -0.5094 0.239
vn 0.7678 -0.4732 0.4318
vn 0.8574 -0.5104 0.0667
vn 0.8337 -0.4965 0.2418
vn 0.7734 -0.4601 0.4361
vn 0.9116 -0.4048 0.0712
vn 0.8832 -0.3921 0.2572
vn 0.8124 -0.359 0.4596
vn 0.6266 -0.3825 0.6791
vn 0.6686 -0.4113 0.6196
vn 0.6393 -0.3252 0.6968
vn 0.6859 -0.3541 0.6358
vn 0.6589 -0.2834 0.6968
vn 0.6993 -0.3053 0.6463
vn 0.6346 -0.3731 0.6768
vn 0.6732 -0.3991 0.6225
vn -0.7138 0.0018 0.7004
vn -0.7153 0.0013 0.6988
vn -0.7093 0.0014 0.705
vn -0.7108 0.0018 0.7034
vn -0.7108 -0.0017 0.7034
vn -0.7092 -0.0012 0.705
vn -0.7153 -0.0013 0.6988
vn -0.7138 -0.0018 0.7004
vn -0.0601 -0.0032 0.9982
vn -0.2497 -0.0078 0.9683
vn -0.487 -0.0084 0.8734
vn -0.0551 -0.002 0.9985
vn -0.2354 -0.005 0.9719
vn -0.4731 -0.0055 0.881
vn -0.0795 -0.0031 0.9968
vn -0.2994 -0.0069 0.9541
vn -0.531 -0.0067 0.8473
vn -0.0718 -0.0038 0.9974
vn -0.2811 -0.0089 0.9596
vn -0.5155 -0.0091 0.8568
vn 0.6346 0.3729 0.6769
vn 0.6733 0.3989 0.6226
vn 0.6589 0.2834 0.6968
vn 0.6993 0.3054 0.6463
vn 0.5851 0.2459 0.7728
vn 0.447 0.1829 0.8756
vn 0.2206 0.0865 0.9715
vn 0.5612 0.3244 0.7615
vn 0.4247 0.2406 0.8728
vn 0.211 0.1167 0.9705
vn 0.6524 0.2662 0.7096
vn 0.7022 0.2906 0.65
vn 0.6313 0.3664 0.6835
vn 0.6743 0.3942 0.6245
vn 0.5465 0.3133 0.7767
vn 0.397 0.2251 0.8898
vn 0.1899 0.1076 0.9759
vn 0.5551 0.2225 0.8015
vn 0.3909 0.1547 0.9074
vn 0.1816 0.0724 0.9807
vn 0.9116 0.4048 0.0712
vn 0.8832 0.3921 0.2572
vn 0.8124 0.359 0.4596
vn 0.8575 0.5101 0.0667
vn 0.8338 0.4962 0.2419
vn 0.7735 0.4598 0.4362
vn 0.8612 0.5039 0.0667
vn 0.8378 0.4896 0.2418
vn 0.7768 0.4543 0.4361
vn 0.9203 0.3847 0.071
vn 0.8925 0.3714 0.2559
vn 0.8206 0.3415 0.4583
vn -0.001 -0.0002 1
vn -0.0008 -0.0002 1
vn -0.0007 -0.0002 1
vn -0.0006 -0.0001 1
vn -0.0008 0.0003 1
vn -0.001 0.0002 1
vn -0.0007 0.0002 1
vn 0.4208 0.9047 0.0671
vn 0.3957 0.8513 0.3445
vn 0.2691 0.5798 0.769
vn 0.4058 0.8725 0.2722
vn 0.421 0.905 0.0604
vn 0.4216 0.9063 0.0299
vn 0.4189 0.9005 0.1164
vn 0.4214 0.9057 -0.0459
vn 0.4218 0.9066 -0.011
vn 0.3944 0.8473 -0.3556
vn 0.2343 0.5027 -0.8321
vn 0.0462 0.0983 -0.9941
vn 0.0219 0.046 -0.9987
vn 0.1364 0.2921 -0.9466
vn 0.3431 0.7368 -0.5826
vn 0.0099 0.0228 0.9997
vn 0.9257 -0.369 0.0826
vn 0.9963 -0.0381 0.0776
vn 0.7872 0.6157 0.0353
vn 0.8945 -0.3526 0.2748
vn 0.9668 -0.0178 0.2547
vn 0.7747 0.62 0.1247
vn 0.8085 -0.3121 0.4989
vn 0.888 0.0226 0.4593
vn 0.7313 0.6423 0.2295
vn -0.0454 0.0217 -0.9987
vn -0.2259 0.0215 -0.9739
vn -0.4645 0.0215 -0.8853
vn -0.7092 -0.0001 -0.705
vn -0.7045 0.0193 -0.7094
vn -0.0552 -0.0001 -0.9985
vn -0.2352 -0.0003 -0.9719
vn -0.4726 -0.0004 -0.8813
vn 0.9955 0.0415 -0.0851
vn 0.9604 0.0395 -0.2759
vn 0.8721 0.0352 -0.4881
vn 0.9962 0.0212 -0.0849
vn 0.9613 0.0218 -0.2747
vn 0.8742 0.0224 -0.4851
vn 0.6756 -0.0304 -0.7366
vn 0.733 -0.0353 -0.6793
vn 0.6329 -0.2325 0.7385
vn 0.7259 0.0918 0.6816
vn 0.6516 0.6801 0.336
vn -0.0981 0.1109 0.989
vn 0.0568 0.4233 0.9042
vn 0.3199 0.8337 0.4501
vn -0.2656 0.19 0.9452
vn -0.0929 0.4983 0.862
vn 0.2414 0.87 0.4299
vn -0.4295 0.2651 0.8633
vn -0.2437 0.5635 0.7894
vn 0.1597 0.9033 0.3982
vn -0.5467 0.3175 0.7748
vn -0.3545 0.6078 0.7106
vn 0.1062 0.927 0.3597
vn -0.612 0.3476 0.7103
vn -0.4149 0.6357 0.6509
vn 0.0779 0.9407 0.3302
vn -0.8696 0.0196 -0.4934
vn -0.9599 0.0196 -0.2798
vn -0.9961 0.0183 -0.0865
vn -0.7588 0.419 0.4987
vn -0.5431 0.7068 0.4533
vn 0.0034 0.9722 0.2341
vn -0.8449 0.4591 0.2747
vn -0.621 0.7424 0.2514
vn -0.0442 0.991 0.1267
vn -0.8779 0.4717 0.0826
vn -0.6567 0.7501 0.0774
vn -0.0574 0.9977 0.0359
vn 0.3912 -0.1172 0.9128
vn 0.5032 0.2081 0.8388
vn 0.5398 0.7306 0.4181
vn 0.1929 -0.0247 0.9809
vn 0.3236 0.2949 0.8991
vn 0.4471 0.7744 0.4477
vn 0.0617 0.0351 0.9975
vn 0.2041 0.349 0.9146
vn 0.3912 0.803 0.4495
vn 0.572 0.0225 -0.82
vn 0.3984 0.0236 -0.9169
vn 0.1856 0.024 -0.9823
vn 0.5667 0.0192 -0.8237
vn 0.3915 0.0126 -0.9201
vn 0.177 0.0055 -0.9842
vn 0.0246 0.0519 0.9983
vn 0.1701 0.3648 0.9154
vn 0.378 0.812 0.4448
vn 0.2467 0.5293 0.8117
vn 0.0668 0.1425 0.9875
vn 0.0107 0.022 0.9997
vn 0.5503 0.4108 0.7269
vn 0.4319 -0.0203 0.9017
vn 0.378 -0.1477 0.9139
vn 0.3893 0.4835 0.784
vn 0.234 0.0709 0.9697
vn 0.1786 -0.0551 0.9824
vn 0.279 0.5207 0.8068
vn 0.1033 0.1271 0.9865
vn 0.0475 0.0052 0.9989
vn -0.3681 0.8392 0.4003
vn -0.7054 0.5084 0.4939
vn -0.7743 0.388 0.4999
vn -0.4376 0.8724 0.2179
vn -0.7916 0.5479 0.2704
vn -0.861 0.4281 0.2746
vn -0.4824 0.8735 0.0647
vn -0.8264 0.5573 0.0801
vn -0.8932 0.4422 0.0819
vn -0.2139 0.7485 0.6276
vn -0.4988 0.4052 0.7662
vn -0.5616 0.288 0.7757
vn -0.2682 0.7709 0.5777
vn -0.5629 0.4343 0.7032
vn -0.6266 0.3182 0.7115
vn 0.1592 0.5904 0.7913
vn -0.0513 0.204 0.9776
vn -0.1119 0.08 0.9905
vn 0.0266 0.6585 0.7521
vn -0.2177 0.2839 0.9338
vn -0.2806 0.1588 0.9466
vn -0.1102 0.7149 0.6905
vn -0.382 0.3564 0.8527
vn -0.445 0.2346 0.8642
vn 0.7422 0.2944 0.6021
vn 0.6681 -0.14 0.7308
vn 0.6202 -0.2619 0.7395
vn 0.9809 0.1833 0.0654
vn 0.9582 -0.2746 0.0802
vn 0.9136 -0.3983 0.0819
vn 0.9509 0.2198 0.2181
vn 0.9289 -0.2529 0.2704
vn 0.8822 -0.3824 0.2746
vn 0.8812 0.2516 0.4002
vn 0.843 -0.2129 0.4939
vn 0.7956 -0.3421 0.4999
vn 0.1555 0.9517 0.2647
vn -0.2997 0.7467 0.5938
vn -0.5871 0.3922 0.7081
vn 0.1774 0.9414 0.287
vn -0.2474 0.7222 0.646
vn -0.5245 0.3636 0.7699
vn 0.2198 0.9232 0.3151
vn -0.15 0.683 0.7149
vn -0.4108 0.3143 0.8558
vn 0.2846 0.8965 0.3394
vn -0.0135 0.6253 0.7803
vn -0.2497 0.2415 0.9377
vn 0.348 0.8667 0.3575
vn 0.1252 0.5562 0.8216
vn -0.0808 0.1608 0.9837
vn -0.614 0.3411 0.7118
vn -0.4659 0.572 0.6751
vn -0.0305 0.9079 0.418
vn -0.5518 0.3124 0.7733
vn -0.4066 0.546 0.7325
vn 0.0105 0.8924 0.4511
vn -0.4391 0.2616 0.8595
vn -0.2953 0.5049 0.8111
vn 0.0892 0.8684 0.4879
vn -0.2764 0.1874 0.9426
vn -0.1377 0.4386 0.888
vn 0.1855 0.8296 0.5267
vn -0.1048 0.107 0.9887
vn 0.0236 0.3589 0.9331
vn 0.2797 0.7832 0.5553
vn 0.6308 -0.2382 0.7385
vn 0.7127 0.0177 0.7013
vn 0.6984 0.5734 0.4283
vn 0.4058 0.8405 0.359
vn 0.2656 0.4865 0.8324
vn 0.0853 0.0809 0.9931
vn 0.4525 0.8179 0.3554
vn 0.3766 0.4344 0.8182
vn 0.2204 0.0199 0.9752
vn 0.5271 0.783 0.3302
vn 0.5416 0.3538 0.7625
vn 0.4182 -0.0729 0.9054
vn 0.0603 0.0286 0.9978
vn 0.1736 0.2786 0.9446
vn 0.3692 0.7314 0.5734
vn 0.1958 -0.033 0.9801
vn 0.3043 0.2272 0.9251
vn 0.4503 0.7064 0.5462
vn 0.3964 -0.126 0.9094
vn 0.4952 0.1391 0.8576
vn 0.5613 0.657 0.5033
vn 0.6142 0.7418 0.2692
vn 0.7409 0.2499 0.6234
vn 0.6514 -0.1867 0.7354
vn 0.6748 0.7145 0.1848
vn 0.8852 0.187 0.4259
vn 0.8233 -0.2631 0.5029
vn 0.7104 0.6965 0.1012
vn 0.9598 0.1477 0.2388
vn 0.9103 -0.3045 0.2805
vn 0.7231 0.6902 0.0289
vn 0.9889 0.1289 0.0733
vn 0.9426 -0.3229 0.0855
vn 0.803 -0.3155 0.5057
vn 0.8772 -0.0433 0.4783
vn 0.7867 0.5498 0.2808
vn 0.8912 -0.3564 0.2805
vn 0.9612 -0.0818 0.2636
vn 0.8337 0.5299 0.1553
vn 0.9235 -0.3741 0.0843
vn 0.9906 -0.1118 0.0786
vn 0.8659 0.4979 0.0493
vn 0.0475 0.9984 0.0293
vn -0.5219 0.8499 0.0726
vn -0.8521 0.5164 0.0855
vn 0.062 0.9928 0.1028
vn -0.4882 0.8409 0.2336
vn -0.8166 0.5047 0.2802
vn 0.1006 0.9769 0.1885
vn -0.4148 0.8084 0.4176
vn -0.7297 0.464 0.5022
vn -0.8811 0.4654 0.0843
vn -0.7179 0.6917 0.0781
vn -0.1858 0.9813 0.0505
vn -0.847 0.4516 0.2804
vn -0.6776 0.6867 0.2632
vn -0.1416 0.9769 0.16
vn -0.7587 0.4107 0.5056
vn -0.5937 0.6474 0.478
vn -0.0935 0.9532 0.2876
vn 0.4365 0.8993 -0.0263
vn 0.4747 0.8744 -0.0999
vn 0.4312 0.9018 -0.0284
vn 0.4551 0.8839 -0.1076
vn 0.4255 0.9044 -0.0303
vn 0.4341 0.8935 -0.1148
vn 0.4013 0.9152 0.0377
vn 0.4172 0.9088 0.0088
vn 0.4086 0.9118 0.0403
vn 0.4189 0.908 0.0093
vn 0.4157 0.9085 0.0428
vn 0.4204 0.9073 0.0099
vn 0.4233 0.9049 0.045
vn 0.4223 0.9064 0.0108
vn 0.4292 0.9022 0.0424
vn 0.4237 0.9058 0.0099
vn 0.4376 0.8983 0.0391
vn 0.4256 0.9049 0.0091
vn 0.4205 0.9068 -0.0304
vn 0.4143 0.9026 -0.1168
vn 0.4161 0.9088 -0.0303
vn 0.3977 0.9104 -0.1142
vn 0.4094 0.9119 -0.0281
vn 0.3729 0.9218 -0.1058
vn 0.3796 0.9251 0.0042
vn 0.412 0.9112 0.0011
vn 0.3837 0.9234 0.0124
vn 0.4131 0.9107 0.0029
vn 0.3873 0.9217 0.022
vn 0.4138 0.9103 0.0051
vn 0.4503 0.8929 -0.0025
vn 0.5278 0.8493 -0.0101
vn 0.4491 0.8934 -0.009
vn 0.5216 0.8525 -0.0343
vn 0.4457 0.895 -0.0164
vn 0.5097 0.8582 -0.0614
vn 0.4556 0.8899 0.022
vn 0.4297 0.903 0.005
vn 0.4592 0.8882 0.0124
vn 0.4304 0.9027 0.0029
vn 0.4632 0.8863 0.0042
vn 0.4316 0.9021 0.0011
vn 0.3974 0.9175 -0.0165
vn 0.3274 0.9429 -0.0617
vn 0.3939 0.9191 -0.0091
vn 0.3153 0.9484 -0.0343
vn 0.3927 0.9197 -0.0025
vn 0.3086 0.9511 -0.0101
vn 0.4413 0.8971 -0.0222
vn 0.4945 0.865 -0.0855
vn 0.4397 0.8978 -0.024
vn 0.4878 0.8681 -0.092
vn 0.3916 0.9195 0.0332
vn 0.4147 0.9099 0.0079
vn 0.395 0.918 0.0357
vn 0.4156 0.9095 0.0085
vn 0.4497 0.8925 0.0343
vn 0.4286 0.9035 0.0082
vn 0.4025 0.9151 -0.0232
vn 0.3452 0.9343 -0.089
vn 0.6896 0.069 -0.7209
vn 0.6142 -0.1829 -0.7677
vn 0.5853 -0.251 -0.771
vn 0.7421 0.0419 -0.6689
vn 0.6708 -0.2098 -0.7114
vn 0.6425 -0.2778 -0.7142
vn 0.8756 -0.0032 -0.483
vn 0.8124 -0.2708 -0.5164
vn 0.7836 -0.3424 -0.5185
vn 0.9613 -0.0412 -0.2723
vn 0.9037 -0.3127 -0.2925
vn 0.8749 -0.3847 -0.2942
vn 0.9938 -0.0735 -0.0831
vn 0.9384 -0.3336 -0.0897
vn 0.9109 -0.4025 -0.0906
vn 0.6536 -0.0681 -0.7538
vn 0.7086 0.4267 -0.562
vn 0.7101 -0.095 -0.6976
vn 0.7508 0.4066 -0.5205
vn 0.8486 -0.1552 -0.5057
vn 0.8517 0.364 -0.3771
vn 0.9366 -0.1982 -0.2891
vn 0.9195 0.3291 -0.2151
vn 0.9714 -0.2196 -0.0906
vn 0.9485 0.3098 -0.0667
vn -0.4208 0.5877 -0.691
vn -0.569 0.3673 -0.7358
vn -0.6027 0.3015 -0.7389
vn -0.2043 0.5056 -0.8382
vn -0.3463 0.2688 -0.8988
vn -0.3806 0.1992 -0.903
vn -0.0147 0.4175 -0.9086
vn -0.1445 0.1752 -0.9739
vn -0.1785 0.1053 -0.9783
vn 0.114 0.3463 -0.9312
vn -0.0022 0.1062 -0.9943
vn -0.0346 0.0378 -0.9987
vn -0.503 0.4773 -0.7206
vn -0.1545 0.8299 -0.5361
vn -0.2832 0.3829 -0.8793
vn 0.0106 0.7617 -0.6478
vn -0.0891 0.2911 -0.9525
vn 0.1562 0.6952 -0.7017
vn 0.0505 0.2216 -0.9738
vn 0.2609 0.6451 -0.7182
vn 0.2839 0.277 -0.918
vn 0.1782 0.025 -0.9837
vn 0.1465 -0.0459 -0.9881
vn 0.4512 0.2024 -0.8691
vn 0.356 -0.0564 -0.9328
vn 0.3242 -0.1283 -0.9372
vn 0.5956 0.1257 -0.7934
vn 0.5117 -0.1316 -0.849
vn 0.4812 -0.2019 -0.8531
vn 0.2303 0.1408 -0.9629
vn 0.3903 0.5867 -0.7096
vn 0.4018 0.0613 -0.9137
vn 0.5182 0.5298 -0.6714
vn 0.5521 -0.0151 -0.8336
vn 0.6313 0.4693 -0.6174
vn -0.7856 0.612 -0.0906
vn -0.3677 0.9276 -0.0661
vn -0.7457 0.601 -0.2875
vn -0.3347 0.9184 -0.2112
vn -0.6587 0.5595 -0.5031
vn -0.2667 0.8892 -0.3717
vn -0.6918 0.7174 -0.0827
vn -0.8597 0.5028 -0.0896
vn -0.8947 0.4374 -0.0906
vn -0.6477 0.7117 -0.272
vn -0.8216 0.4893 -0.2925
vn -0.858 0.4211 -0.2942
vn -0.5632 0.6705 -0.4829
vn -0.7305 0.447 -0.5164
vn -0.7667 0.3787 -0.5184
vn 0.0929 0.2008 -0.9752
vn 0.2932 0.6312 -0.7181
vn 0.1503 0.3243 -0.9339
vn 0.0393 0.0857 -0.9955
vn 0.0077 0.0179 -0.9998
vn 0.4517 0.8905 -0.0541
vn 0.5457 0.7968 -0.2595
vn 0.6292 0.5194 -0.5782
vn 0.4414 0.8953 -0.0596
vn 0.4982 0.8164 -0.2921
vn 0.521 0.5449 -0.657
vn 0.4294 0.9008 -0.065
vn 0.4392 0.8374 -0.3254
vn 0.3826 0.5682 -0.7285
vn 0.5296 0.8192 -0.2202
vn 0.4474 0.8931 -0.0478
vn 0.4884 0.8401 -0.236
vn 0.4384 0.8973 -0.0508
vn 0.4446 0.8597 -0.2513
vn 0.4293 0.9015 -0.054
vn 0.3948 0.8796 -0.2656
vn 0.4183 0.9065 -0.0581
vn 0.3598 0.8991 -0.2495
vn 0.4105 0.9103 -0.0536
vn 0.309 0.9226 -0.231
vn 0.3999 0.9152 -0.0497
vn 0.4177 0.9058 -0.0717
vn 0.3738 0.8525 -0.3654
vn 0.215 0.5698 -0.7931
vn 0.406 0.9109 -0.0743
vn 0.3063 0.8731 -0.3793
vn 0.0636 0.588 -0.8063
vn 0.3886 0.9187 -0.0701
vn 0.2098 0.9053 -0.3693
vn -0.1402 0.6191 -0.7727
vn 0.647 0.7621 -0.0252
vn 0.4732 0.8809 -0.0059
vn 0.626 0.7763 -0.0743
vn 0.4673 0.8839 -0.0161
vn 0.6056 0.7849 -0.1311
vn 0.4636 0.8856 -0.028
vn 0.4758 0.8795 -0.005
vn 0.654 0.7561 -0.0248
vn 0.8793 0.4728 -0.0573
vn 0.4735 0.8806 -0.018
vn 0.6435 0.7609 -0.0838
vn 0.8571 0.4805 -0.1858
vn 0.4672 0.8836 -0.0321
vn 0.6188 0.7713 -0.1492
vn 0.8057 0.4929 -0.3285
vn 0.2062 0.9692 -0.1343
vn 0.3781 0.9253 -0.0285
vn 0.1849 0.9798 -0.0768
vn 0.374 0.9273 -0.0164
vn 0.1594 0.9869 -0.0263
vn 0.3677 0.9299 -0.006
vn 0.3552 0.9337 -0.0448
vn 0.0055 0.9696 -0.2444
vn -0.563 0.6707 -0.4829
vn 0.3448 0.9383 -0.0252
vn -0.0584 0.9884 -0.1402
vn -0.6694 0.687 -0.2828
vn 0.3406 0.9402 -0.007
vn -0.0885 0.9952 -0.042
vn -0.7273 0.6801 -0.0925
vn 0.4597 0.887 -0.0441
vn 0.5869 0.7822 -0.2088
vn 0.7301 0.5024 -0.4632
vn 0.4574 0.888 -0.0483
vn 0.5741 0.7858 -0.2299
vn 0.6968 0.5051 -0.5093
vn 0.5785 0.7924 -0.1935
vn 0.4591 0.8874 -0.0426
vn 0.5616 0.801 -0.2074
vn 0.4551 0.8893 -0.0456
vn 0.2376 0.9498 -0.2033
vn 0.3841 0.9222 -0.0447
vn 0.3701 0.927 -0.0606
vn 0.0988 0.9383 -0.3313
vn -0.3822 0.6362 -0.6702
vn 0.6804 0.0221 -0.7325
vn 0.7375 0.0223 -0.675
vn -0.0552 0.0002 -0.9985
vn -0.2352 0.0004 -0.972
vn -0.4726 0.0005 -0.8813
vn -0.7092 0.0001 -0.705
vn 0.995 -0.0529 -0.085
vn 0.96 -0.0502 -0.2756
vn 0.8719 -0.0447 -0.4877
vn -0.8719 0.0001 -0.4896
vn -0.9608 0.0001 -0.2772
vn -0.9963 0.0001 -0.0856
vn 0.5669 -0.0236 -0.8235
vn 0.3918 -0.0153 -0.9199
vn 0.1774 -0.0067 -0.9841
vn 0.6756 0.0245 -0.7368
vn 0.7331 0.0281 -0.6796
vn -0.7154 0.0001 -0.6988
vn -0.7154 -0.0001 -0.6988
vn 0.8704 0.0408 -0.4907
vn 0.9594 0.0459 -0.2782
vn 0.9951 0.0482 -0.086
vn 0.7344 -0.0326 -0.678
vn 0.6875 -0.0289 -0.7256
vn 0.8704 -0.0408 -0.4907
vn 0.9594 -0.0459 -0.2782
vn 0.9951 -0.0482 -0.086
vn 0.7344 0.0326 -0.678
vn 0.6875 0.0289 -0.7256
vn 0.2276 0.0081 -0.9737
vn 0.4588 0.017 -0.8884
vn 0.6057 0.0238 -0.7954
vn 0.2276 -0.0081 -0.9737
vn 0.4588 -0.017 -0.8884
vn 0.6057 -0.0238 -0.7954
vn -0.5317 0.0005 -0.8469
vn -0.3 0.0005 -0.9539
vn -0.0795 0.0002 -0.9968
vn -0.5317 -0.0005 -0.8469
vn -0.3 -0.0005 -0.9539
vn -0.0795 -0.0002 -0.9968
vn -0.001 -0 -1
vn 0.5611 -0.3246 -0.7614
vn 0.5851 -0.2459 -0.7728
vn 0.4247 -0.2408 -0.8727
vn 0.447 -0.1829 -0.8756
vn 0.211 -0.1167 -0.9705
vn 0.2206 -0.0865 -0.9715
vn 0.5462 -0.2725 -0.7921
vn 0.5431 -0.327 -0.7734
vn 0.3862 -0.1898 -0.9027
vn 0.3949 -0.2345 -0.8883
vn 0.1789 -0.088 -0.9799
vn 0.1884 -0.111 -0.9758
vn -0.0718 0.0038 -0.9974
vn -0.0795 0.0031 -0.9968
vn -0.2811 0.0089 -0.9596
vn -0.2994 0.0069 -0.9541
vn -0.5155 0.0091 -0.8568
vn -0.531 0.0067 -0.8473
vn -0.0552 0.0025 -0.9985
vn -0.0602 0.0033 -0.9982
vn -0.2356 0.0061 -0.9718
vn -0.2498 0.0081 -0.9683
vn -0.4732 0.0068 -0.881
vn -0.487 0.0088 -0.8734
vn 0.8838 -0.4617 -0.0757
vn 0.8489 -0.5235 -0.0729
vn 0.8594 -0.4474 -0.2476
vn 0.8267 -0.5094 -0.239
vn 0.7943 -0.4132 -0.4453
vn 0.7678 -0.4732 -0.4318
vn 0.857 -0.51 -0.0739
vn 0.9112 -0.4044 -0.0789
vn 0.8337 -0.4965 -0.2418
vn 0.8832 -0.3921 -0.2572
vn 0.7734 -0.4601 -0.4361
vn 0.8124 -0.359 -0.4596
vn 0.6266 -0.3825 -0.6791
vn 0.6393 -0.3252 -0.6968
vn 0.6685 -0.4113 -0.6196
vn 0.6859 -0.3541 -0.6358
vn 0.6589 -0.2834 -0.6968
vn 0.6346 -0.3731 -0.6768
vn 0.6993 -0.3053 -0.6463
vn 0.6732 -0.3991 -0.6225
vn -0.7138 0.0018 -0.7004
vn -0.7153 0.0013 -0.6988
vn -0.7093 0.0014 -0.705
vn -0.7108 0.0018 -0.7034
vn -0.7108 -0.0017 -0.7034
vn -0.7092 -0.0012 -0.705
vn -0.7153 -0.0013 -0.6988
vn -0.7138 -0.0018 -0.7004
vn -0.0601 -0.0032 -0.9982
vn -0.0551 -0.002 -0.9985
vn -0.2497 -0.0078 -0.9683
vn -0.2355 -0.005 -0.9719
vn -0.487 -0.0084 -0.8734
vn -0.4731 -0.0055 -0.881
vn -0.0795 -0.0031 -0.9968
vn -0.0718 -0.0038 -0.9974
vn -0.2994 -0.0069 -0.9541
vn -0.2811 -0.0089 -0.9596
vn -0.531 -0.0067 -0.8473
vn -0.5155 -0.0091 -0.8568
vn 0.6346 0.3729 -0.6769
vn 0.6589 0.2834 -0.6968
vn 0.6733 0.3989 -0.6226
vn 0.6993 0.3053 -0.6463
vn 0.5851 0.2459 -0.7728
vn 0.5612 0.3244 -0.7615
vn 0.447 0.1829 -0.8756
vn 0.4247 0.2406 -0.8728
vn 0.2206 0.0865 -0.9715
vn 0.211 0.1167 -0.9705
vn 0.6524 0.2662 -0.7096
vn 0.6313 0.3664 -0.6835
vn 0.7022 0.2906 -0.65
vn 0.6743 0.3942 -0.6245
vn 0.5465 0.3133 -0.7767
vn 0.5551 0.2225 -0.8015
vn 0.397 0.2251 -0.8898
vn 0.3909 0.1547 -0.9074
vn 0.1899 0.1076 -0.9759
vn 0.1816 0.0724 -0.9807
vn 0.9112 0.4044 -0.0789
vn 0.8571 0.5098 -0.0739
vn 0.8832 0.3921 -0.2572
vn 0.8338 0.4962 -0.2419
vn 0.8124 0.359 -0.4596
vn 0.7735 0.4598 -0.4362
vn 0.8607 0.5037 -0.0738
vn 0.9197 0.3846 -0.0784
vn 0.8378 0.4896 -0.2418
vn 0.8925 0.3714 -0.2559
vn 0.7768 0.4543 -0.4361
vn 0.8206 0.3415 -0.4583
vn -0.001 -0.0002 -1
vn -0.0008 -0.0002 -1
vn -0.0007 -0.0002 -1
vn -0.0006 -0.0001 -1
vn -0.0008 0.0003 -1
vn -0.001 0.0002 -1
vn -0.0007 0.0002 -1
vn 0.4208 0.9047 -0.0671
vn 0.3957 0.8513 -0.3446
vn 0.269 0.5798 -0.7691
vn 0.4058 0.8725 -0.2723
vn 0.421 0.905 -0.0603
vn 0.4216 0.9063 -0.0299
vn 0.4189 0.9005 -0.1164
vn 0.4214 0.9057 0.0459
vn 0.4218 0.9066 0.0111
vn 0.3944 0.8473 0.3557
vn 0.2342 0.5026 0.8322
vn 0.0462 0.0982 0.9941
vn 0.0219 0.046 0.9987
vn 0.1364 0.292 0.9466
vn 0.3431 0.7368 0.5825
vn 0.0099 0.0228 -0.9997
vn 0.7656 0.2244 0.603
vn 0.7656 0.2244 -0.603
vn 0.5801 0.1698 0.7966
vn 0.5802 -0.1698 0.7966
vn 0.5801 0.1698 -0.7966
vn 0.5802 -0.1698 -0.7966
vn 0.7655 -0.2244 -0.603
vn 0.7655 -0.2244 0.603
vn 0.5741 0.5736 -0.5843
vn 0.5741 0.5736 0.5843
vn 0.7007 0.0006 0.7134
vn 0.9596 0.2813 -0
vn 0.6042 0.3867 0.6967
vn 0.7005 -0 0.7136
vn 0.9598 0.2809 -0
vn 0.7005 -0 -0.7136
vn 0.6042 0.3867 -0.6967
vn 0.9597 -0.2809 -0
vn 0.6042 -0.3867 -0.6967
vn 0.9596 -0.2813 -0
vn 0.7007 -0.0006 -0.7134
vn 0.7074 0.7068 -0
vn 0.7007 -0.0006 0.7134
vn 0.6042 -0.3867 0.6967
vn 0.7007 0.0006 -0.7134
vn -0 0.7071 -0.7071
vn -0 0.7071 0.7071
vn -0 -0 -1
vn -0 1 -0
vn -0 -0 1
vn 1 0.0008 -0
vn 0.8422 0.5391 -0
vn 1 -0 -0
vn 0.8422 -0.5391 -0
vn 1 -0.0008 -0
#end 3204 normals 

#begin 3463 faces
o flecha_4_(1):002
usemtl Material:002
s 1
f 2/2/1 210/210/2 610/610/3 213/213/4 
f 210/210/2 5/5/5 211/211/6 610/610/3 
f 610/610/3 211/211/6 4/4/7 212/212/8 
f 213/213/4 610/610/3 212/212/8 1/1/9 
f 65/65/10 214/214/11 611/611/12 216/216/13 
f 214/214/11 2/2/1 213/213/4 611/611/12 
f 611/611/12 213/213/4 1/1/9 215/215/14 
f 216/216/13 611/611/12 215/215/14 3/3/15 
f 5/5/5 217/217/16 612/612/17 211/211/6 
f 217/217/16 7/7/18 218/218/19 612/612/17 
f 612/612/17 218/218/19 6/6/20 219/219/21 
f 211/211/6 612/612/17 219/219/21 4/4/7 
f 7/7/18 220/220/22 613/613/23 218/218/19 
f 220/220/22 9/9/24 221/221/25 613/613/23 
f 613/613/23 221/221/25 8/8/26 222/222/27 
f 218/218/19 613/613/23 222/222/27 6/6/20 
f 9/9/24 223/223/28 614/614/29 221/221/25 
f 223/223/28 11/11/30 224/224/31 614/614/29 
f 614/614/29 224/224/31 10/10/32 225/225/33 
f 221/221/25 614/614/29 225/225/33 8/8/26 
f 11/11/30 226/226/34 615/615/35 224/224/31 
f 226/226/34 13/13/36 227/227/37 615/615/35 
f 615/615/35 227/227/37 12/12/38 228/228/39 
f 224/224/31 615/615/35 228/228/39 10/10/32 
f 13/13/36 229/229/40 616/616/41 227/227/37 
f 229/229/40 15/15/42 230/230/43 616/616/41 
f 616/616/41 230/230/43 14/14/44 231/231/45 
f 227/227/37 616/616/41 231/231/45 12/12/38 
f 15/15/42 232/232/46 617/617/47 230/230/43 
f 232/232/46 17/17/48 233/233/49 617/617/47 
f 617/617/47 233/233/49 16/16/50 234/234/51 
f 230/230/43 617/617/47 234/234/51 14/14/44 
f 17/17/48 235/235/52 618/618/53 233/233/49 
f 235/235/52 19/19/54 236/236/55 618/618/53 
f 618/618/53 236/236/55 18/18/56 237/237/57 
f 233/233/49 618/618/53 237/237/57 16/16/50 
f 19/19/54 238/238/58 619/619/59 236/236/55 
f 238/238/58 21/21/60 239/239/61 619/619/59 
f 619/619/59 239/239/61 20/20/62 240/240/63 
f 236/236/55 619/619/59 240/240/63 18/18/56 
f 21/21/60 241/241/64 620/620/65 239/239/61 
f 241/241/64 23/23/66 242/242/67 620/620/65 
f 620/620/65 242/242/67 22/22/68 243/243/69 
f 239/239/61 620/620/65 243/243/69 20/20/62 
f 23/23/66 244/244/70 621/621/71 242/242/67 
f 244/244/70 25/25/72 245/245/73 621/621/71 
f 621/621/71 245/245/73 24/24/74 246/246/75 
f 242/242/67 621/621/71 246/246/75 22/22/68 
f 25/25/72 247/247/76 622/622/77 245/245/73 
f 247/247/76 27/27/78 248/248/79 622/622/77 
f 622/622/77 248/248/79 26/26/80 249/249/81 
f 245/245/73 622/622/77 249/249/81 24/24/74 
f 27/27/78 250/250/82 623/623/83 248/248/79 
f 250/250/82 29/29/84 251/251/85 623/623/83 
f 623/623/83 251/251/85 28/28/86 252/252/87 
f 248/248/79 623/623/83 252/252/87 26/26/80 
f 29/29/84 253/253/88 624/624/89 251/251/85 
f 253/253/88 31/31/90 254/254/91 624/624/89 
f 624/624/89 254/254/91 30/30/92 255/255/93 
f 251/251/85 624/624/89 255/255/93 28/28/86 
f 31/31/90 256/256/94 625/625/95 254/254/91 
f 256/256/94 33/33/96 257/257/97 625/625/95 
f 625/625/95 257/257/97 32/32/98 258/258/99 
f 254/254/91 625/625/95 258/258/99 30/30/92 
f 33/33/96 259/259/100 626/626/101 257/257/97 
f 259/259/100 35/35/102 260/260/103 626/626/101 
f 626/626/101 260/260/103 34/34/104 261/261/105 
f 257/257/97 626/626/101 261/261/105 32/32/98 
f 35/35/102 262/262/106 627/627/107 260/260/103 
f 262/262/106 37/37/108 263/263/109 627/627/107 
f 627/627/107 263/263/109 36/36/110 264/264/111 
f 260/260/103 627/627/107 264/264/111 34/34/104 
f 37/37/108 265/265/112 628/628/113 263/263/109 
f 265/265/112 39/39/114 266/266/115 628/628/113 
f 628/628/113 266/266/115 38/38/116 267/267/117 
f 263/263/109 628/628/113 267/267/117 36/36/110 
f 39/39/114 268/268/118 629/629/119 266/266/115 
f 268/268/118 41/41/120 269/269/121 629/629/119 
f 629/629/119 269/269/121 40/40/122 270/270/123 
f 266/266/115 629/629/119 270/270/123 38/38/116 
f 41/41/120 271/271/124 630/630/125 269/269/121 
f 271/271/124 43/43/126 272/272/127 630/630/125 
f 630/630/125 272/272/127 42/42/128 273/273/129 
f 269/269/121 630/630/125 273/273/129 40/40/122 
f 43/43/126 274/274/130 631/631/131 272/272/127 
f 274/274/130 45/45/132 275/275/133 631/631/131 
f 631/631/131 275/275/133 44/44/134 276/276/135 
f 272/272/127 631/631/131 276/276/135 42/42/128 
f 45/45/132 277/277/136 632/632/137 275/275/133 
f 277/277/136 47/47/138 278/278/139 632/632/137 
f 632/632/137 278/278/139 46/46/140 279/279/141 
f 275/275/133 632/632/137 279/279/141 44/44/134 
f 47/47/138 280/280/142 633/633/143 278/278/139 
f 280/280/142 49/49/144 281/281/145 633/633/143 
f 633/633/143 281/281/145 48/48/146 282/282/147 
f 278/278/139 633/633/143 282/282/147 46/46/140 
f 49/49/144 283/283/148 634/634/149 281/281/145 
f 283/283/148 51/51/150 284/284/151 634/634/149 
f 634/634/149 284/284/151 50/50/152 285/285/153 
f 281/281/145 634/634/149 285/285/153 48/48/146 
f 51/51/150 286/286/154 635/635/155 284/284/151 
f 286/286/154 53/53/156 287/287/157 635/635/155 
f 635/635/155 287/287/157 52/52/158 288/288/159 
f 284/284/151 635/635/155 288/288/159 50/50/152 
f 53/53/156 289/289/160 636/636/161 287/287/157 
f 289/289/160 55/55/162 290/290/163 636/636/161 
f 636/636/161 290/290/163 54/54/164 291/291/165 
f 287/287/157 636/636/161 291/291/165 52/52/158 
f 55/55/162 292/292/166 637/637/167 290/290/163 
f 292/292/166 57/57/168 293/293/169 637/637/167 
f 637/637/167 293/293/169 56/56/170 294/294/171 
f 290/290/163 637/637/167 294/294/171 54/54/164 
f 57/57/168 295/295/172 638/638/173 293/293/169 
f 295/295/172 59/59/174 296/296/175 638/638/173 
f 638/638/173 296/296/175 58/58/176 297/297/177 
f 293/293/169 638/638/173 297/297/177 56/56/170 
f 59/59/174 298/298/178 639/639/179 296/296/175 
f 298/298/178 61/61/180 299/299/181 639/639/179 
f 639/639/179 299/299/181 60/60/182 300/300/183 
f 296/296/175 639/639/179 300/300/183 58/58/176 
f 61/61/180 301/301/184 640/640/185 299/299/181 
f 301/301/184 63/63/186 302/302/187 640/640/185 
f 640/640/185 302/302/187 62/62/188 303/303/189 
f 299/299/181 640/640/185 303/303/189 60/60/182 
f 63/63/186 304/304/190 641/641/191 302/302/187 
f 304/304/190 65/65/10 216/216/13 641/641/191 
f 641/641/191 216/216/13 3/3/15 305/305/192 
f 302/302/187 641/641/191 305/305/192 62/62/188 
f 126/126/193 306/306/194 642/642/195 308/308/196 
f 306/306/194 64/64/197 307/307/198 642/642/195 
f 642/642/195 307/307/198 63/63/186 301/301/184 
f 308/308/196 642/642/195 301/301/184 61/61/180 
f 64/64/197 309/309/199 643/643/200 307/307/198 
f 309/309/199 66/66/201 310/310/202 643/643/200 
f 643/643/200 310/310/202 65/65/10 304/304/190 
f 307/307/198 643/643/200 304/304/190 63/63/186 
f 66/66/201 311/311/203 644/644/204 310/310/202 
f 311/311/203 68/68/205 312/312/206 644/644/204 
f 644/644/204 312/312/206 2/2/1 214/214/11 
f 310/310/202 644/644/204 214/214/11 65/65/10 
f 128/128/207 313/313/208 645/645/209 315/315/210 
f 313/313/208 67/67/211 314/314/212 645/645/209 
f 645/645/209 314/314/212 66/66/201 309/309/199 
f 315/315/210 645/645/209 309/309/199 64/64/197 
f 67/67/211 316/316/213 646/646/214 314/314/212 
f 316/316/213 69/69/215 317/317/216 646/646/214 
f 646/646/214 317/317/216 68/68/205 311/311/203 
f 314/314/212 646/646/214 311/311/203 66/66/201 
f 69/69/215 318/318/217 647/647/218 317/317/216 
f 318/318/217 71/71/219 319/319/220 647/647/218 
f 647/647/218 319/319/220 70/70/221 320/320/222 
f 317/317/216 647/647/218 320/320/222 68/68/205 
f 68/68/205 320/320/222 648/648/223 312/312/206 
f 320/320/222 70/70/221 321/321/224 648/648/223 
f 648/648/223 321/321/224 5/5/5 210/210/2 
f 312/312/206 648/648/223 210/210/2 2/2/1 
f 71/71/219 322/322/225 649/649/226 319/319/220 
f 322/322/225 73/73/227 323/323/228 649/649/226 
f 649/649/226 323/323/228 72/72/229 324/324/230 
f 319/319/220 649/649/226 324/324/230 70/70/221 
f 70/70/221 324/324/230 650/650/231 321/321/224 
f 324/324/230 72/72/229 325/325/232 650/650/231 
f 650/650/231 325/325/232 7/7/18 217/217/16 
f 321/321/224 650/650/231 217/217/16 5/5/5 
f 73/73/227 326/326/233 651/651/234 323/323/228 
f 326/326/233 75/75/235 327/327/236 651/651/234 
f 651/651/234 327/327/236 74/74/237 328/328/238 
f 323/323/228 651/651/234 328/328/238 72/72/229 
f 72/72/229 328/328/238 652/652/239 325/325/232 
f 328/328/238 74/74/237 329/329/240 652/652/239 
f 652/652/239 329/329/240 9/9/24 220/220/22 
f 325/325/232 652/652/239 220/220/22 7/7/18 
f 75/75/235 330/330/241 653/653/242 327/327/236 
f 330/330/241 77/77/243 331/331/244 653/653/242 
f 653/653/242 331/331/244 76/76/245 332/332/246 
f 327/327/236 653/653/242 332/332/246 74/74/237 
f 74/74/237 332/332/246 654/654/247 329/329/240 
f 332/332/246 76/76/245 333/333/248 654/654/247 
f 654/654/247 333/333/248 11/11/30 223/223/28 
f 329/329/240 654/654/247 223/223/28 9/9/24 
f 77/77/243 334/334/249 655/655/250 331/331/244 
f 334/334/249 79/79/251 335/335/252 655/655/250 
f 655/655/250 335/335/252 78/78/253 336/336/254 
f 331/331/244 655/655/250 336/336/254 76/76/245 
f 76/76/245 336/336/254 656/656/255 333/333/248 
f 336/336/254 78/78/253 337/337/256 656/656/255 
f 656/656/255 337/337/256 13/13/36 226/226/34 
f 333/333/248 656/656/255 226/226/34 11/11/30 
f 79/79/251 338/338/257 657/657/258 335/335/252 
f 338/338/257 81/81/259 339/339/260 657/657/258 
f 657/657/258 339/339/260 80/80/261 340/340/262 
f 335/335/252 657/657/258 340/340/262 78/78/253 
f 78/78/253 340/340/262 658/658/263 337/337/256 
f 340/340/262 80/80/261 341/341/264 658/658/263 
f 658/658/263 341/341/264 15/15/42 229/229/40 
f 337/337/256 658/658/263 229/229/40 13/13/36 
f 81/81/259 342/342/265 659/659/266 339/339/260 
f 342/342/265 83/83/267 343/343/268 659/659/266 
f 659/659/266 343/343/268 82/82/269 344/344/270 
f 339/339/260 659/659/266 344/344/270 80/80/261 
f 80/80/261 344/344/270 660/660/271 341/341/264 
f 344/344/270 82/82/269 345/345/272 660/660/271 
f 660/660/271 345/345/272 17/17/48 232/232/46 
f 341/341/264 660/660/271 232/232/46 15/15/42 
f 83/83/267 346/346/273 661/661/274 343/343/268 
f 346/346/273 85/85/275 347/347/276 661/661/274 
f 661/661/274 347/347/276 84/84/277 348/348/278 
f 343/343/268 661/661/274 348/348/278 82/82/269 
f 82/82/269 348/348/278 662/662/279 345/345/272 
f 348/348/278 84/84/277 349/349/280 662/662/279 
f 662/662/279 349/349/280 19/19/54 235/235/52 
f 345/345/272 662/662/279 235/235/52 17/17/48 
f 85/85/275 350/350/281 663/663/282 347/347/276 
f 350/350/281 87/87/283 351/351/284 663/663/282 
f 663/663/282 351/351/284 86/86/285 352/352/286 
f 347/347/276 663/663/282 352/352/286 84/84/277 
f 84/84/277 352/352/286 664/664/287 349/349/280 
f 352/352/286 86/86/285 353/353/288 664/664/287 
f 664/664/287 353/353/288 21/21/60 238/238/58 
f 349/349/280 664/664/287 238/238/58 19/19/54 
f 87/87/283 354/354/289 665/665/290 351/351/284 
f 354/354/289 89/89/291 355/355/292 665/665/290 
f 665/665/290 355/355/292 88/88/293 356/356/294 
f 351/351/284 665/665/290 356/356/294 86/86/285 
f 86/86/285 356/356/294 666/666/295 353/353/288 
f 356/356/294 88/88/293 357/357/296 666/666/295 
f 666/666/295 357/357/296 23/23/66 241/241/64 
f 353/353/288 666/666/295 241/241/64 21/21/60 
f 89/89/291 358/358/297 667/667/298 355/355/292 
f 358/358/297 91/91/299 359/359/300 667/667/298 
f 667/667/298 359/359/300 90/90/301 360/360/302 
f 355/355/292 667/667/298 360/360/302 88/88/293 
f 88/88/293 360/360/302 668/668/303 357/357/296 
f 360/360/302 90/90/301 361/361/304 668/668/303 
f 668/668/303 361/361/304 25/25/72 244/244/70 
f 357/357/296 668/668/303 244/244/70 23/23/66 
f 91/91/299 362/362/305 669/669/306 359/359/300 
f 362/362/305 93/93/307 363/363/308 669/669/306 
f 669/669/306 363/363/308 92/92/309 364/364/310 
f 359/359/300 669/669/306 364/364/310 90/90/301 
f 90/90/301 364/364/310 670/670/311 361/361/304 
f 364/364/310 92/92/309 365/365/312 670/670/311 
f 670/670/311 365/365/312 27/27/78 247/247/76 
f 361/361/304 670/670/311 247/247/76 25/25/72 
f 93/93/307 366/366/313 671/671/314 363/363/308 
f 366/366/313 95/95/315 367/367/316 671/671/314 
f 671/671/314 367/367/316 94/94/317 368/368/318 
f 363/363/308 671/671/314 368/368/318 92/92/309 
f 92/92/309 368/368/318 672/672/319 365/365/312 
f 368/368/318 94/94/317 369/369/320 672/672/319 
f 672/672/319 369/369/320 29/29/84 250/250/82 
f 365/365/312 672/672/319 250/250/82 27/27/78 
f 95/95/315 370/370/321 673/673/322 367/367/316 
f 370/370/321 97/97/323 371/371/324 673/673/322 
f 673/673/322 371/371/324 96/96/325 372/372/326 
f 367/367/316 673/673/322 372/372/326 94/94/317 
f 94/94/317 372/372/326 674/674/327 369/369/320 
f 372/372/326 96/96/325 373/373/328 674/674/327 
f 674/674/327 373/373/328 31/31/90 253/253/88 
f 369/369/320 674/674/327 253/253/88 29/29/84 
f 97/97/323 374/374/329 675/675/330 371/371/324 
f 374/374/329 99/99/331 375/375/332 675/675/330 
f 675/675/330 375/375/332 98/98/333 376/376/334 
f 371/371/324 675/675/330 376/376/334 96/96/325 
f 96/96/325 376/376/334 676/676/335 373/373/328 
f 376/376/334 98/98/333 377/377/336 676/676/335 
f 676/676/335 377/377/336 33/33/96 256/256/94 
f 373/373/328 676/676/335 256/256/94 31/31/90 
f 99/99/331 378/378/337 677/677/338 375/375/332 
f 378/378/337 101/101/339 379/379/340 677/677/338 
f 677/677/338 379/379/340 100/100/341 380/380/342 
f 375/375/332 677/677/338 380/380/342 98/98/333 
f 98/98/333 380/380/342 678/678/343 377/377/336 
f 380/380/342 100/100/341 381/381/344 678/678/343 
f 678/678/343 381/381/344 35/35/102 259/259/100 
f 377/377/336 678/678/343 259/259/100 33/33/96 
f 101/101/339 382/382/345 679/679/346 379/379/340 
f 382/382/345 103/103/347 383/383/348 679/679/346 
f 679/679/346 383/383/348 102/102/349 384/384/350 
f 379/379/340 679/679/346 384/384/350 100/100/341 
f 100/100/341 384/384/350 680/680/351 381/381/344 
f 384/384/350 102/102/349 385/385/352 680/680/351 
f 680/680/351 385/385/352 37/37/108 262/262/106 
f 381/381/344 680/680/351 262/262/106 35/35/102 
f 103/103/347 386/386/353 681/681/354 383/383/348 
f 386/386/353 105/105/355 387/387/356 681/681/354 
f 681/681/354 387/387/356 104/104/357 388/388/358 
f 383/383/348 681/681/354 388/388/358 102/102/349 
f 102/102/349 388/388/358 682/682/359 385/385/352 
f 388/388/358 104/104/357 389/389/360 682/682/359 
f 682/682/359 389/389/360 39/39/114 265/265/112 
f 385/385/352 682/682/359 265/265/112 37/37/108 
f 105/105/355 390/390/361 683/683/362 387/387/356 
f 390/390/361 107/107/363 391/391/364 683/683/362 
f 683/683/362 391/391/364 106/106/365 392/392/366 
f 387/387/356 683/683/362 392/392/366 104/104/357 
f 104/104/357 392/392/366 684/684/367 389/389/360 
f 392/392/366 106/106/365 393/393/368 684/684/367 
f 684/684/367 393/393/368 41/41/120 268/268/118 
f 389/389/360 684/684/367 268/268/118 39/39/114 
f 107/107/363 394/394/369 685/685/370 391/391/364 
f 394/394/369 109/109/371 395/395/372 685/685/370 
f 685/685/370 395/395/372 108/108/373 396/396/374 
f 391/391/364 685/685/370 396/396/374 106/106/365 
f 106/106/365 396/396/374 686/686/375 393/393/368 
f 396/396/374 108/108/373 397/397/376 686/686/375 
f 686/686/375 397/397/376 43/43/126 271/271/124 
f 393/393/368 686/686/375 271/271/124 41/41/120 
f 109/109/371 398/398/377 687/687/378 395/395/372 
f 398/398/377 111/111/379 399/399/380 687/687/378 
f 687/687/378 399/399/380 110/110/381 400/400/382 
f 395/395/372 687/687/378 400/400/382 108/108/373 
f 108/108/373 400/400/382 688/688/383 397/397/376 
f 400/400/382 110/110/381 401/401/384 688/688/383 
f 688/688/383 401/401/384 45/45/132 274/274/130 
f 397/397/376 688/688/383 274/274/130 43/43/126 
f 111/111/379 402/402/385 689/689/386 399/399/380 
f 402/402/385 113/113/387 403/403/388 689/689/386 
f 689/689/386 403/403/388 112/112/389 404/404/390 
f 399/399/380 689/689/386 404/404/390 110/110/381 
f 110/110/381 404/404/390 690/690/391 401/401/384 
f 404/404/390 112/112/389 405/405/392 690/690/391 
f 690/690/391 405/405/392 47/47/138 277/277/136 
f 401/401/384 690/690/391 277/277/136 45/45/132 
f 113/113/387 406/406/393 691/691/394 403/403/388 
f 406/406/393 115/115/395 407/407/396 691/691/394 
f 691/691/394 407/407/396 114/114/397 408/408/398 
f 403/403/388 691/691/394 408/408/398 112/112/389 
f 112/112/389 408/408/398 692/692/399 405/405/392 
f 408/408/398 114/114/397 409/409/400 692/692/399 
f 692/692/399 409/409/400 49/49/144 280/280/142 
f 405/405/392 692/692/399 280/280/142 47/47/138 
f 115/115/395 410/410/401 693/693/402 407/407/396 
f 410/410/401 117/117/403 411/411/404 693/693/402 
f 693/693/402 411/411/404 116/116/405 412/412/406 
f 407/407/396 693/693/402 412/412/406 114/114/397 
f 114/114/397 412/412/406 694/694/407 409/409/400 
f 412/412/406 116/116/405 413/413/408 694/694/407 
f 694/694/407 413/413/408 51/51/150 283/283/148 
f 409/409/400 694/694/407 283/283/148 49/49/144 
f 117/117/403 414/414/409 695/695/410 411/411/404 
f 414/414/409 119/119/411 415/415/412 695/695/410 
f 695/695/410 415/415/412 118/118/413 416/416/414 
f 411/411/404 695/695/410 416/416/414 116/116/405 
f 116/116/405 416/416/414 696/696/415 413/413/408 
f 416/416/414 118/118/413 417/417/416 696/696/415 
f 696/696/415 417/417/416 53/53/156 286/286/154 
f 413/413/408 696/696/415 286/286/154 51/51/150 
f 119/119/411 418/418/417 697/697/418 415/415/412 
f 418/418/417 121/121/419 419/419/420 697/697/418 
f 697/697/418 419/419/420 120/120/421 420/420/422 
f 415/415/412 697/697/418 420/420/422 118/118/413 
f 118/118/413 420/420/422 698/698/423 417/417/416 
f 420/420/422 120/120/421 421/421/424 698/698/423 
f 698/698/423 421/421/424 55/55/162 289/289/160 
f 417/417/416 698/698/423 289/289/160 53/53/156 
f 121/121/419 422/422/425 699/699/426 419/419/420 
f 422/422/425 123/123/427 423/423/428 699/699/426 
f 699/699/426 423/423/428 122/122/429 424/424/430 
f 419/419/420 699/699/426 424/424/430 120/120/421 
f 120/120/421 424/424/430 700/700/431 421/421/424 
f 424/424/430 122/122/429 425/425/432 700/700/431 
f 700/700/431 425/425/432 57/57/168 292/292/166 
f 421/421/424 700/700/431 292/292/166 55/55/162 
f 123/123/427 426/426/433 701/701/434 423/423/428 
f 426/426/433 125/125/435 427/427/436 701/701/434 
f 701/701/434 427/427/436 124/124/437 428/428/438 
f 423/423/428 701/701/434 428/428/438 122/122/429 
f 122/122/429 428/428/438 702/702/439 425/425/432 
f 428/428/438 124/124/437 429/429/440 702/702/439 
f 702/702/439 429/429/440 59/59/174 295/295/172 
f 425/425/432 702/702/439 295/295/172 57/57/168 
f 125/125/435 430/430/441 703/703/442 427/427/436 
f 430/430/441 127/127/443 431/431/444 703/703/442 
f 703/703/442 431/431/444 126/126/193 432/432/445 
f 427/427/436 703/703/442 432/432/445 124/124/437 
f 124/124/437 432/432/445 704/704/446 429/429/440 
f 432/432/445 126/126/193 308/308/196 704/704/446 
f 704/704/446 308/308/196 61/61/180 298/298/178 
f 429/429/440 704/704/446 298/298/178 59/59/174 
f 127/127/443 433/433/447 705/705/448 431/431/444 
f 433/433/447 128/128/207 315/315/210 705/705/448 
f 705/705/448 315/315/210 64/64/197 306/306/194 
f 431/431/444 705/705/448 306/306/194 126/126/193 
f 130/130/449 434/434/450 706/706/451 469/469/452 
f 439/439/453 707/707/454 434/434/450 130/130/449 
f 706/706/451 434/434/450 127/127/443 430/430/441 
f 435/435/455 706/706/451 430/430/441 125/125/435 
f 132/132/456 497/497/457 737/737/458 440/440/459 
f 707/707/454 436/436/460 128/128/207 433/433/447 
f 434/434/450 707/707/454 433/433/447 127/127/443 
f 438/438/461 708/708/462 436/436/460 129/129/463 
f 440/440/459 737/737/458 437/437/464 131/131/465 
f 708/708/462 437/437/464 67/67/211 313/313/208 
f 436/436/460 708/708/462 313/313/208 128/128/207 
f 436/436/460 707/707/454 439/439/453 129/129/463 
f 133/133/466 496/496/467 736/736/468 441/441/469 
f 134/134/470 495/495/471 735/735/472 442/442/473 
f 444/444/474 733/733/475 494/494/476 135/135/477 
f 443/443/478 734/734/479 495/495/471 134/134/470 
f 139/139/480 490/490/481 730/730/482 447/447/483 
f 143/143/484 486/486/485 726/726/486 451/451/487 
f 446/446/488 731/731/489 492/492/490 137/137/491 
f 447/447/483 730/730/482 491/491/492 138/138/493 
f 141/141/494 488/488/495 728/728/496 449/449/497 
f 145/145/498 484/484/499 724/724/500 453/453/501 
f 140/140/502 489/489/503 729/729/504 448/448/505 
f 448/448/505 729/729/504 490/490/481 139/139/480 
f 142/142/506 487/487/507 727/727/508 450/450/509 
f 452/452/510 725/725/511 486/486/485 143/143/484 
f 451/451/487 726/726/486 487/487/507 142/142/506 
f 147/147/512 482/482/513 722/722/514 455/455/515 
f 151/151/516 478/478/517 718/718/518 459/459/519 
f 454/454/520 723/723/521 484/484/499 145/145/498 
f 455/455/515 722/722/514 483/483/522 146/146/523 
f 149/149/524 480/480/525 720/720/526 457/457/527 
f 153/153/528 476/476/529 716/716/530 461/461/531 
f 148/148/532 481/481/533 721/721/534 456/456/535 
f 456/456/535 721/721/534 482/482/513 147/147/512 
f 150/150/536 479/479/537 719/719/538 458/458/539 
f 460/460/540 717/717/541 478/478/517 151/151/516 
f 459/459/519 718/718/518 479/479/537 150/150/536 
f 155/155/542 474/474/543 714/714/544 463/463/545 
f 159/159/546 470/470/547 710/710/548 467/467/549 
f 462/462/550 715/715/551 476/476/529 153/153/528 
f 463/463/545 714/714/544 475/475/552 154/154/553 
f 157/157/554 472/472/555 712/712/556 465/465/557 
f 156/156/558 473/473/559 713/713/560 464/464/561 
f 464/464/561 713/713/560 474/474/543 155/155/542 
f 158/158/562 471/471/563 711/711/564 466/466/565 
f 468/468/566 709/709/567 470/470/547 159/159/546 
f 467/467/549 710/710/548 471/471/563 158/158/562 
f 135/135/477 494/494/476 734/734/479 443/443/478 
f 469/469/452 706/706/451 435/435/455 160/160/568 
f 137/137/491 492/492/490 732/732/569 445/445/570 
f 437/437/464 708/708/462 438/438/461 131/131/465 
f 709/709/567 435/435/455 125/125/435 426/426/433 
f 470/470/547 709/709/567 426/426/433 123/123/427 
f 710/710/548 470/470/547 123/123/427 422/422/425 
f 471/471/563 710/710/548 422/422/425 121/121/419 
f 711/711/564 471/471/563 121/121/419 418/418/417 
f 472/472/555 711/711/564 418/418/417 119/119/411 
f 160/160/568 435/435/455 709/709/567 468/468/566 
f 466/466/565 711/711/564 472/472/555 157/157/554 
f 712/712/556 472/472/555 119/119/411 414/414/409 
f 473/473/559 712/712/556 414/414/409 117/117/403 
f 465/465/557 712/712/556 473/473/559 156/156/558 
f 713/713/560 473/473/559 117/117/403 410/410/401 
f 474/474/543 713/713/560 410/410/401 115/115/395 
f 714/714/544 474/474/543 115/115/395 406/406/393 
f 475/475/552 714/714/544 406/406/393 113/113/387 
f 715/715/551 475/475/552 113/113/387 402/402/385 
f 476/476/529 715/715/551 402/402/385 111/111/379 
f 154/154/553 475/475/552 715/715/551 462/462/550 
f 716/716/530 476/476/529 111/111/379 398/398/377 
f 477/477/571 716/716/530 398/398/377 109/109/371 
f 461/461/531 716/716/530 477/477/571 152/152/572 
f 717/717/541 477/477/571 109/109/371 394/394/369 
f 478/478/517 717/717/541 394/394/369 107/107/363 
f 718/718/518 478/478/517 107/107/363 390/390/361 
f 479/479/537 718/718/518 390/390/361 105/105/355 
f 719/719/538 479/479/537 105/105/355 386/386/353 
f 480/480/525 719/719/538 386/386/353 103/103/347 
f 152/152/572 477/477/571 717/717/541 460/460/540 
f 458/458/539 719/719/538 480/480/525 149/149/524 
f 720/720/526 480/480/525 103/103/347 382/382/345 
f 481/481/533 720/720/526 382/382/345 101/101/339 
f 457/457/527 720/720/526 481/481/533 148/148/532 
f 721/721/534 481/481/533 101/101/339 378/378/337 
f 482/482/513 721/721/534 378/378/337 99/99/331 
f 722/722/514 482/482/513 99/99/331 374/374/329 
f 483/483/522 722/722/514 374/374/329 97/97/323 
f 723/723/521 483/483/522 97/97/323 370/370/321 
f 484/484/499 723/723/521 370/370/321 95/95/315 
f 146/146/523 483/483/522 723/723/521 454/454/520 
f 724/724/500 484/484/499 95/95/315 366/366/313 
f 485/485/573 724/724/500 366/366/313 93/93/307 
f 453/453/501 724/724/500 485/485/573 144/144/574 
f 725/725/511 485/485/573 93/93/307 362/362/305 
f 486/486/485 725/725/511 362/362/305 91/91/299 
f 726/726/486 486/486/485 91/91/299 358/358/297 
f 487/487/507 726/726/486 358/358/297 89/89/291 
f 727/727/508 487/487/507 89/89/291 354/354/289 
f 488/488/495 727/727/508 354/354/289 87/87/283 
f 144/144/574 485/485/573 725/725/511 452/452/510 
f 450/450/509 727/727/508 488/488/495 141/141/494 
f 728/728/496 488/488/495 87/87/283 350/350/281 
f 489/489/503 728/728/496 350/350/281 85/85/275 
f 449/449/497 728/728/496 489/489/503 140/140/502 
f 729/729/504 489/489/503 85/85/275 346/346/273 
f 490/490/481 729/729/504 346/346/273 83/83/267 
f 730/730/482 490/490/481 83/83/267 342/342/265 
f 491/491/492 730/730/482 342/342/265 81/81/259 
f 731/731/489 491/491/492 81/81/259 338/338/257 
f 492/492/490 731/731/489 338/338/257 79/79/251 
f 138/138/493 491/491/492 731/731/489 446/446/488 
f 732/732/569 492/492/490 79/79/251 334/334/249 
f 493/493/575 732/732/569 334/334/249 77/77/243 
f 445/445/570 732/732/569 493/493/575 136/136/576 
f 733/733/475 493/493/575 77/77/243 330/330/241 
f 494/494/476 733/733/475 330/330/241 75/75/235 
f 734/734/479 494/494/476 75/75/235 326/326/233 
f 495/495/471 734/734/479 326/326/233 73/73/227 
f 735/735/472 495/495/471 73/73/227 322/322/225 
f 496/496/467 735/735/472 322/322/225 71/71/219 
f 136/136/576 493/493/575 733/733/475 444/444/474 
f 442/442/473 735/735/472 496/496/467 133/133/466 
f 736/736/468 496/496/467 71/71/219 318/318/217 
f 497/497/457 736/736/468 318/318/217 69/69/215 
f 441/441/469 736/736/468 497/497/457 132/132/456 
f 737/737/458 497/497/457 69/69/215 316/316/213 
f 437/437/464 737/737/458 316/316/213 67/67/211 
f 60/60/182 498/498/577 738/738/578 300/300/183 
f 498/498/577 161/161/579 499/499/580 738/738/578 
f 738/738/578 499/499/580 56/56/170 297/297/177 
f 300/300/183 738/738/578 297/297/177 58/58/176 
f 161/161/579 500/500/581 739/739/582 499/499/580 
f 500/500/581 168/168/583 501/501/584 739/739/582 
f 739/739/582 501/501/584 54/54/164 294/294/171 
f 499/499/580 739/739/582 294/294/171 56/56/170 
f 168/168/583 502/502/585 740/740/586 501/501/584 
f 502/502/585 175/175/587 503/503/588 740/740/586 
f 740/740/586 503/503/588 52/52/158 291/291/165 
f 501/501/584 740/740/586 291/291/165 54/54/164 
f 175/175/587 504/504/589 741/741/590 503/503/588 
f 504/504/589 182/182/591 505/505/592 741/741/590 
f 741/741/590 505/505/592 50/50/152 288/288/159 
f 503/503/588 741/741/590 288/288/159 52/52/158 
f 182/182/591 506/506/593 742/742/594 505/505/592 
f 506/506/593 189/189/595 507/507/596 742/742/594 
f 742/742/594 507/507/596 48/48/146 285/285/153 
f 505/505/592 742/742/594 285/285/153 50/50/152 
f 189/189/595 508/508/597 743/743/598 507/507/596 
f 508/508/597 196/196/599 509/509/600 743/743/598 
f 743/743/598 509/509/600 46/46/140 282/282/147 
f 507/507/596 743/743/598 282/282/147 48/48/146 
f 196/196/599 510/510/601 744/744/602 509/509/600 
f 510/510/601 203/203/603 511/511/604 744/744/602 
f 744/744/602 511/511/604 44/44/134 279/279/141 
f 509/509/600 744/744/602 279/279/141 46/46/140 
f 203/203/603 512/512/605 745/745/606 511/511/604 
f 512/512/605 40/40/122 273/273/129 745/745/606 
f 745/745/606 273/273/129 42/42/128 276/276/135 
f 511/511/604 745/745/606 276/276/135 44/44/134 
f 62/62/188 513/513/607 746/746/608 303/303/189 
f 513/513/607 162/162/609 514/514/610 746/746/608 
f 746/746/608 514/514/610 161/161/579 498/498/577 
f 303/303/189 746/746/608 498/498/577 60/60/182 
f 162/162/609 515/515/611 747/747/611 514/514/610 
f 515/515/611 169/169/611 516/516/611 747/747/611 
f 747/747/611 516/516/611 168/168/583 500/500/581 
f 514/514/610 747/747/611 500/500/581 161/161/579 
f 169/169/611 517/517/611 748/748/611 516/516/611 
f 517/517/611 176/176/611 518/518/611 748/748/611 
f 748/748/611 518/518/611 175/175/587 502/502/585 
f 516/516/611 748/748/611 502/502/585 168/168/583 
f 176/176/611 519/519/611 749/749/611 518/518/611 
f 519/519/611 183/183/611 520/520/611 749/749/611 
f 749/749/611 520/520/611 182/182/591 504/504/589 
f 518/518/611 749/749/611 504/504/589 175/175/587 
f 183/183/611 521/521/611 750/750/611 520/520/611 
f 521/521/611 190/190/611 522/522/611 750/750/611 
f 750/750/611 522/522/611 189/189/595 506/506/593 
f 520/520/611 750/750/611 506/506/593 182/182/591 
f 190/190/611 523/523/611 751/751/611 522/522/611 
f 523/523/611 197/197/611 524/524/611 751/751/611 
f 751/751/611 524/524/611 196/196/599 508/508/597 
f 522/522/611 751/751/611 508/508/597 189/189/595 
f 197/197/611 525/525/611 752/752/611 524/524/611 
f 525/525/611 204/204/612 526/526/613 752/752/611 
f 752/752/611 526/526/613 203/203/603 510/510/601 
f 524/524/611 752/752/611 510/510/601 196/196/599 
f 204/204/612 527/527/614 753/753/615 526/526/613 
f 527/527/614 38/38/116 270/270/123 753/753/615 
f 753/753/615 270/270/123 40/40/122 512/512/605 
f 526/526/613 753/753/615 512/512/605 203/203/603 
f 3/3/15 528/528/616 754/754/617 305/305/192 
f 528/528/616 163/163/618 529/529/619 754/754/617 
f 754/754/617 529/529/619 162/162/609 513/513/607 
f 305/305/192 754/754/617 513/513/607 62/62/188 
f 163/163/618 530/530/620 755/755/611 529/529/619 
f 530/530/620 170/170/611 531/531/611 755/755/611 
f 755/755/611 531/531/611 169/169/611 515/515/611 
f 529/529/619 755/755/611 515/515/611 162/162/609 
f 170/170/611 532/532/611 756/756/611 531/531/611 
f 532/532/611 177/177/611 533/533/611 756/756/611 
f 756/756/611 533/533/611 176/176/611 517/517/611 
f 531/531/611 756/756/611 517/517/611 169/169/611 
f 177/177/611 534/534/611 757/757/611 533/533/611 
f 534/534/611 184/184/611 535/535/611 757/757/611 
f 757/757/611 535/535/611 183/183/611 519/519/611 
f 533/533/611 757/757/611 519/519/611 176/176/611 
f 184/184/611 536/536/611 758/758/611 535/535/611 
f 536/536/611 191/191/611 537/537/611 758/758/611 
f 758/758/611 537/537/611 190/190/611 521/521/611 
f 535/535/611 758/758/611 521/521/611 183/183/611 
f 191/191/611 538/538/611 759/759/611 537/537/611 
f 538/538/611 198/198/611 539/539/611 759/759/611 
f 759/759/611 539/539/611 197/197/611 523/523/611 
f 537/537/611 759/759/611 523/523/611 190/190/611 
f 198/198/611 540/540/621 760/760/611 539/539/611 
f 540/540/621 205/205/622 541/541/623 760/760/611 
f 760/760/611 541/541/623 204/204/612 525/525/611 
f 539/539/611 760/760/611 525/525/611 197/197/611 
f 205/205/622 542/542/624 761/761/625 541/541/623 
f 542/542/624 36/36/110 267/267/117 761/761/625 
f 761/761/625 267/267/117 38/38/116 527/527/614 
f 541/541/623 761/761/625 527/527/614 204/204/612 
f 1/1/9 543/543/626 762/762/627 215/215/14 
f 543/543/626 164/164/628 544/544/629 762/762/627 
f 762/762/627 544/544/629 163/163/618 528/528/616 
f 215/215/14 762/762/627 528/528/616 3/3/15 
f 164/164/628 545/545/611 763/763/611 544/544/629 
f 545/545/611 171/171/611 546/546/611 763/763/611 
f 763/763/611 546/546/611 170/170/611 530/530/620 
f 544/544/629 763/763/611 530/530/620 163/163/618 
f 171/171/611 547/547/611 764/764/611 546/546/611 
f 547/547/611 178/178/611 548/548/611 764/764/611 
f 764/764/611 548/548/611 177/177/611 532/532/611 
f 546/546/611 764/764/611 532/532/611 170/170/611 
f 178/178/611 549/549/611 765/765/611 548/548/611 
f 549/549/611 185/185/611 550/550/611 765/765/611 
f 765/765/611 550/550/611 184/184/611 534/534/611 
f 548/548/611 765/765/611 534/534/611 177/177/611 
f 185/185/611 551/551/611 766/766/611 550/550/611 
f 551/551/611 192/192/611 552/552/611 766/766/611 
f 766/766/611 552/552/611 191/191/611 536/536/611 
f 550/550/611 766/766/611 536/536/611 184/184/611 
f 192/192/611 553/553/611 767/767/611 552/552/611 
f 553/553/611 199/199/611 554/554/611 767/767/611 
f 767/767/611 554/554/611 198/198/611 538/538/611 
f 552/552/611 767/767/611 538/538/611 191/191/611 
f 199/199/611 555/555/611 768/768/611 554/554/611 
f 555/555/611 206/206/630 556/556/631 768/768/611 
f 768/768/611 556/556/631 205/205/622 540/540/621 
f 554/554/611 768/768/611 540/540/621 198/198/611 
f 206/206/630 557/557/632 769/769/633 556/556/631 
f 557/557/632 34/34/104 264/264/111 769/769/633 
f 769/769/633 264/264/111 36/36/110 542/542/624 
f 556/556/631 769/769/633 542/542/624 205/205/622 
f 4/4/7 558/558/634 770/770/635 212/212/8 
f 558/558/634 165/165/636 559/559/637 770/770/635 
f 770/770/635 559/559/637 164/164/628 543/543/626 
f 212/212/8 770/770/635 543/543/626 1/1/9 
f 165/165/636 560/560/611 771/771/611 559/559/637 
f 560/560/611 172/172/611 561/561/611 771/771/611 
f 771/771/611 561/561/611 171/171/611 545/545/611 
f 559/559/637 771/771/611 545/545/611 164/164/628 
f 172/172/611 562/562/611 772/772/611 561/561/611 
f 562/562/611 179/179/611 563/563/611 772/772/611 
f 772/772/611 563/563/611 178/178/611 547/547/611 
f 561/561/611 772/772/611 547/547/611 171/171/611 
f 179/179/611 564/564/611 773/773/611 563/563/611 
f 564/564/611 186/186/611 565/565/611 773/773/611 
f 773/773/611 565/565/611 185/185/611 549/549/611 
f 563/563/611 773/773/611 549/549/611 178/178/611 
f 186/186/611 566/566/611 774/774/611 565/565/611 
f 566/566/611 193/193/611 567/567/611 774/774/611 
f 774/774/611 567/567/611 192/192/611 551/551/611 
f 565/565/611 774/774/611 551/551/611 185/185/611 
f 193/193/611 568/568/611 775/775/611 567/567/611 
f 568/568/611 200/200/611 569/569/611 775/775/611 
f 775/775/611 569/569/611 199/199/611 553/553/611 
f 567/567/611 775/775/611 553/553/611 192/192/611 
f 200/200/611 570/570/611 776/776/611 569/569/611 
f 570/570/611 207/207/638 571/571/639 776/776/611 
f 776/776/611 571/571/639 206/206/630 555/555/611 
f 569/569/611 776/776/611 555/555/611 199/199/611 
f 207/207/638 572/572/640 777/777/641 571/571/639 
f 572/572/640 32/32/98 261/261/105 777/777/641 
f 777/777/641 261/261/105 34/34/104 557/557/632 
f 571/571/639 777/777/641 557/557/632 206/206/630 
f 6/6/20 573/573/642 778/778/643 219/219/21 
f 573/573/642 166/166/644 574/574/645 778/778/643 
f 778/778/643 574/574/645 165/165/636 558/558/634 
f 219/219/21 778/778/643 558/558/634 4/4/7 
f 166/166/644 575/575/611 779/779/611 574/574/645 
f 575/575/611 173/173/611 576/576/611 779/779/611 
f 779/779/611 576/576/611 172/172/611 560/560/611 
f 574/574/645 779/779/611 560/560/611 165/165/636 
f 173/173/611 577/577/611 780/780/611 576/576/611 
f 577/577/611 180/180/611 578/578/611 780/780/611 
f 780/780/611 578/578/611 179/179/611 562/562/611 
f 576/576/611 780/780/611 562/562/611 172/172/611 
f 180/180/611 579/579/611 781/781/611 578/578/611 
f 579/579/611 187/187/611 580/580/611 781/781/611 
f 781/781/611 580/580/611 186/186/611 564/564/611 
f 578/578/611 781/781/611 564/564/611 179/179/611 
f 187/187/611 581/581/611 782/782/611 580/580/611 
f 581/581/611 194/194/611 582/582/611 782/782/611 
f 782/782/611 582/582/611 193/193/611 566/566/611 
f 580/580/611 782/782/611 566/566/611 186/186/611 
f 194/194/611 583/583/611 783/783/611 582/582/611 
f 583/583/611 201/201/611 584/584/611 783/783/611 
f 783/783/611 584/584/611 200/200/611 568/568/611 
f 582/582/611 783/783/611 568/568/611 193/193/611 
f 201/201/611 585/585/611 784/784/611 584/584/611 
f 585/585/611 208/208/646 586/586/647 784/784/611 
f 784/784/611 586/586/647 207/207/638 570/570/611 
f 584/584/611 784/784/611 570/570/611 200/200/611 
f 208/208/646 587/587/648 785/785/649 586/586/647 
f 587/587/648 30/30/92 258/258/99 785/785/649 
f 785/785/649 258/258/99 32/32/98 572/572/640 
f 586/586/647 785/785/649 572/572/640 207/207/638 
f 8/8/26 588/588/650 786/786/651 222/222/27 
f 588/588/650 167/167/652 589/589/653 786/786/651 
f 786/786/651 589/589/653 166/166/644 573/573/642 
f 222/222/27 786/786/651 573/573/642 6/6/20 
f 167/167/652 590/590/654 787/787/611 589/589/653 
f 590/590/654 174/174/655 591/591/611 787/787/611 
f 787/787/611 591/591/611 173/173/611 575/575/611 
f 589/589/653 787/787/611 575/575/611 166/166/644 
f 174/174/655 592/592/656 788/788/611 591/591/611 
f 592/592/656 181/181/657 593/593/611 788/788/611 
f 788/788/611 593/593/611 180/180/611 577/577/611 
f 591/591/611 788/788/611 577/577/611 173/173/611 
f 181/181/657 594/594/658 789/789/611 593/593/611 
f 594/594/658 188/188/659 595/595/611 789/789/611 
f 789/789/611 595/595/611 187/187/611 579/579/611 
f 593/593/611 789/789/611 579/579/611 180/180/611 
f 188/188/659 596/596/660 790/790/611 595/595/611 
f 596/596/660 195/195/661 597/597/611 790/790/611 
f 790/790/611 597/597/611 194/194/611 581/581/611 
f 595/595/611 790/790/611 581/581/611 187/187/611 
f 195/195/661 598/598/662 791/791/611 597/597/611 
f 598/598/662 202/202/663 599/599/611 791/791/611 
f 791/791/611 599/599/611 201/201/611 583/583/611 
f 597/597/611 791/791/611 583/583/611 194/194/611 
f 202/202/663 600/600/664 792/792/611 599/599/611 
f 600/600/664 209/209/665 601/601/666 792/792/611 
f 792/792/611 601/601/666 208/208/646 585/585/611 
f 599/599/611 792/792/611 585/585/611 201/201/611 
f 209/209/665 602/602/667 793/793/668 601/601/666 
f 602/602/667 28/28/86 255/255/93 793/793/668 
f 793/793/668 255/255/93 30/30/92 587/587/648 
f 601/601/666 793/793/668 587/587/648 208/208/646 
f 10/10/32 228/228/39 794/794/669 225/225/33 
f 228/228/39 12/12/38 603/603/670 794/794/669 
f 794/794/669 603/603/670 167/167/652 588/588/650 
f 225/225/33 794/794/669 588/588/650 8/8/26 
f 12/12/38 231/231/45 795/795/671 603/603/670 
f 231/231/45 14/14/44 604/604/672 795/795/671 
f 795/795/671 604/604/672 174/174/655 590/590/654 
f 603/603/670 795/795/671 590/590/654 167/167/652 
f 14/14/44 234/234/51 796/796/673 604/604/672 
f 234/234/51 16/16/50 605/605/674 796/796/673 
f 796/796/673 605/605/674 181/181/657 592/592/656 
f 604/604/672 796/796/673 592/592/656 174/174/655 
f 16/16/50 237/237/57 797/797/675 605/605/674 
f 237/237/57 18/18/56 606/606/676 797/797/675 
f 797/797/675 606/606/676 188/188/659 594/594/658 
f 605/605/674 797/797/675 594/594/658 181/181/657 
f 18/18/56 240/240/63 798/798/677 606/606/676 
f 240/240/63 20/20/62 607/607/678 798/798/677 
f 798/798/677 607/607/678 195/195/661 596/596/660 
f 606/606/676 798/798/677 596/596/660 188/188/659 
f 20/20/62 243/243/69 799/799/679 607/607/678 
f 243/243/69 22/22/68 608/608/680 799/799/679 
f 799/799/679 608/608/680 202/202/663 598/598/662 
f 607/607/678 799/799/679 598/598/662 195/195/661 
f 22/22/68 246/246/75 800/800/681 608/608/680 
f 246/246/75 24/24/74 609/609/682 800/800/681 
f 800/800/681 609/609/682 209/209/665 600/600/664 
f 608/608/680 800/800/681 600/600/664 202/202/663 
f 24/24/74 249/249/81 801/801/683 609/609/682 
f 249/249/81 26/26/80 252/252/87 801/801/683 
f 801/801/683 252/252/87 28/28/86 602/602/667 
f 609/609/682 801/801/683 602/602/667 209/209/665 
f 803/803/684 806/806/685 805/805/686 802/802/687 
f 930/930/688 803/803/684 802/802/687 804/804/689 
f 806/806/685 808/808/690 807/807/691 805/805/686 
f 808/808/690 810/810/692 809/809/693 807/807/691 
f 810/810/692 812/812/694 811/811/695 809/809/693 
f 812/812/694 814/814/696 813/813/697 811/811/695 
f 814/814/696 816/816/698 815/815/699 813/813/697 
f 816/816/698 818/818/700 817/817/701 815/815/699 
f 818/818/700 820/820/702 819/819/703 817/817/701 
f 820/820/702 822/822/704 821/821/705 819/819/703 
f 822/822/704 824/824/706 823/823/707 821/821/705 
f 824/824/706 826/826/708 825/825/709 823/823/707 
f 826/826/708 828/828/710 827/827/711 825/825/709 
f 828/828/710 830/830/712 829/829/713 827/827/711 
f 830/830/712 832/832/714 831/831/715 829/829/713 
f 832/832/714 834/834/716 833/833/717 831/831/715 
f 834/834/716 836/836/718 835/835/719 833/833/717 
f 836/836/718 838/838/720 837/837/721 835/835/719 
f 838/3589/720 840/840/722 839/839/723 837/3591/721 
f 840/840/722 842/842/724 841/841/725 839/839/723 
f 842/842/724 844/844/726 843/843/727 841/841/725 
f 844/844/726 846/846/728 845/845/729 843/843/727 
f 846/846/728 848/848/730 847/847/731 845/845/729 
f 848/848/730 850/850/732 849/849/733 847/847/731 
f 850/850/732 852/852/734 851/851/735 849/849/733 
f 852/852/734 854/854/736 853/853/737 851/851/735 
f 854/854/736 856/856/738 855/855/739 853/853/737 
f 856/856/738 858/858/740 857/857/741 855/855/739 
f 858/858/740 860/860/742 859/859/743 857/857/741 
f 860/860/742 862/862/744 861/861/745 859/859/743 
f 862/862/744 864/864/746 863/863/747 861/861/745 
f 864/864/746 866/866/748 865/865/749 863/863/747 
f 866/866/748 868/868/750 867/867/751 865/865/749 
f 868/868/750 870/870/752 869/869/753 867/867/751 
f 870/870/752 872/872/754 871/871/755 869/869/753 
f 872/872/754 874/874/756 873/873/757 871/871/755 
f 874/874/756 876/876/758 875/875/759 873/873/757 
f 876/876/758 878/878/760 877/877/761 875/875/759 
f 878/878/760 880/880/762 879/879/763 877/877/761 
f 880/880/762 882/882/764 881/881/765 879/879/763 
f 882/882/764 884/884/766 883/883/767 881/881/765 
f 884/884/766 886/886/768 885/885/769 883/883/767 
f 886/886/768 888/888/770 887/887/771 885/885/769 
f 888/888/770 890/890/772 889/889/773 887/887/771 
f 890/890/772 892/892/774 891/891/775 889/889/773 
f 892/892/774 894/894/776 893/893/777 891/891/775 
f 894/894/776 896/896/778 895/895/779 893/893/777 
f 896/896/778 898/898/780 897/897/781 895/895/779 
f 898/898/780 900/900/782 899/899/783 897/897/781 
f 900/900/782 902/902/784 901/901/785 899/899/783 
f 902/902/784 904/904/786 903/903/787 901/901/785 
f 904/904/786 906/906/788 905/905/789 903/903/787 
f 906/906/788 908/908/790 907/907/791 905/905/789 
f 908/908/790 910/910/792 909/909/793 907/907/791 
f 910/910/792 912/912/794 911/911/795 909/909/793 
f 912/912/794 914/914/796 913/913/797 911/911/795 
f 914/914/796 916/916/798 915/915/799 913/913/797 
f 916/916/798 918/918/800 917/917/801 915/915/799 
f 918/918/800 920/920/802 919/919/803 917/917/801 
f 920/920/802 922/922/804 921/921/805 919/919/803 
f 922/922/804 924/924/806 923/923/807 921/921/805 
f 924/924/806 926/926/808 925/925/809 923/923/807 
f 926/926/808 928/928/810 927/927/811 925/925/809 
f 928/928/810 930/930/688 804/804/689 927/927/811 
f 929/929/812 928/928/810 926/926/808 1016/1016/813 
f 931/931/814 930/930/688 928/928/810 929/929/812 
f 933/933/815 803/803/684 930/930/688 931/931/814 
f 932/932/816 931/931/814 929/929/812 1012/1012/817 
f 934/934/818 933/933/815 931/931/814 932/932/816 
f 934/934/818 937/937/819 935/935/820 933/933/815 
f 933/933/815 935/935/820 806/806/685 803/803/684 
f 935/935/820 936/936/821 808/808/690 806/806/685 
f 937/937/819 938/938/822 936/936/821 935/935/820 
f 942/942/823 938/938/822 937/937/819 939/939/824 
f 939/939/824 937/937/819 934/934/818 941/941/825 
f 940/940/826 943/943/827 942/942/823 939/939/824 
f 1014/1014/828 940/940/826 939/939/824 941/941/825 
f 943/943/827 945/945/829 944/944/830 942/942/823 
f 946/946/831 938/938/822 942/942/823 944/944/830 
f 945/945/829 949/949/832 947/947/833 944/944/830 
f 948/948/834 946/946/831 944/944/830 947/947/833 
f 951/951/835 948/948/834 947/947/833 950/950/836 
f 949/949/832 953/953/837 950/950/836 947/947/833 
f 1242/1242/838 951/951/835 950/950/836 952/952/839 
f 953/953/837 954/954/840 952/952/839 950/950/836 
f 954/954/840 953/953/837 955/955/841 956/956/842 
f 955/955/841 953/953/837 949/949/832 958/958/843 
f 956/956/842 955/955/841 957/957/844 1234/1234/845 
f 957/957/844 955/955/841 958/958/843 959/959/846 
f 958/958/843 960/960/847 961/961/848 959/959/846 
f 949/949/832 945/945/829 960/960/847 958/958/843 
f 961/961/848 960/960/847 962/962/849 963/963/850 
f 960/960/847 945/945/829 943/943/827 962/962/849 
f 962/962/849 964/964/851 966/966/852 963/963/850 
f 943/943/827 940/940/826 964/964/851 962/962/849 
f 964/964/851 940/940/826 1014/1014/828 965/965/853 
f 966/966/852 964/964/851 965/965/853 967/967/854 
f 965/965/853 969/969/855 968/968/856 967/967/854 
f 968/968/856 969/969/855 971/971/857 970/970/858 
f 970/970/858 971/971/857 973/973/859 972/972/860 
f 972/972/860 973/973/859 975/975/861 974/974/862 
f 974/974/862 975/975/861 977/977/863 976/976/864 
f 976/976/864 977/977/863 979/979/865 978/978/866 
f 979/979/865 982/982/867 980/980/868 978/978/866 
f 980/980/868 982/982/867 984/984/869 981/981/870 
f 999/999/871 983/983/872 982/982/867 979/979/865 
f 982/982/867 983/983/872 985/985/873 984/984/869 
f 985/985/873 989/989/874 986/986/875 984/984/869 
f 984/984/869 986/986/875 988/988/876 981/981/870 
f 986/986/875 989/989/874 990/990/877 987/987/878 
f 988/988/876 986/986/875 987/987/878 1071/1071/879 
f 989/989/874 985/985/873 994/994/880 991/991/881 
f 990/990/877 989/989/874 991/991/881 992/992/882 
f 993/993/883 1025/1025/884 992/992/882 991/991/881 
f 995/995/885 993/993/883 991/991/881 994/994/880 
f 994/994/880 996/996/886 997/997/887 995/995/885 
f 985/985/873 983/983/872 996/996/886 994/994/880 
f 996/996/886 998/998/888 1000/1000/889 997/997/887 
f 983/983/872 999/999/871 998/998/888 996/996/886 
f 999/999/871 1004/1004/890 1001/1001/891 998/998/888 
f 998/998/888 1001/1001/891 1003/1003/892 1000/1000/889 
f 1004/1004/890 1005/1005/893 1002/1002/894 1001/1001/891 
f 1001/1001/891 1002/1002/894 1015/1015/895 1003/1003/892 
f 977/977/863 1004/1004/890 999/999/871 979/979/865 
f 1005/1005/893 1004/1004/890 977/977/863 975/975/861 
f 1005/1005/893 1006/1006/896 1008/1008/897 1002/1002/894 
f 973/973/859 1006/1006/896 1005/1005/893 975/975/861 
f 1006/1006/896 1007/1007/898 1010/1010/899 1008/1008/897 
f 1007/1007/898 1006/1006/896 973/973/859 971/971/857 
f 1008/1008/897 1009/1009/900 1015/1015/895 1002/1002/894 
f 1010/1010/899 1012/1012/817 1009/1009/900 1008/1008/897 
f 1007/1007/898 1013/1013/901 1011/1011/902 1010/1010/899 
f 1011/1011/902 932/932/816 1012/1012/817 1010/1010/899 
f 1012/1012/817 929/929/812 1016/1016/813 1009/1009/900 
f 934/934/818 932/932/816 1011/1011/902 941/941/825 
f 1013/1013/901 1014/1014/828 941/941/825 1011/1011/902 
f 969/969/855 1013/1013/901 1007/1007/898 971/971/857 
f 965/965/853 1014/1014/828 1013/1013/901 969/969/855 
f 1009/1009/900 1016/1016/813 1017/1017/903 1015/1015/895 
f 1016/1016/813 926/926/808 924/924/806 1017/1017/903 
f 924/924/806 922/922/804 1018/1018/904 1017/1017/903 
f 1017/1017/903 1018/1018/904 1003/1003/892 1015/1015/895 
f 1018/1018/904 922/922/804 920/920/802 1019/1019/905 
f 1003/1003/892 1018/1018/904 1019/1019/905 1000/1000/889 
f 1019/1019/905 1020/1020/906 997/997/887 1000/1000/889 
f 1019/1019/905 920/920/802 918/918/800 1020/1020/906 
f 1020/1020/906 918/918/800 916/916/798 1021/1021/907 
f 997/997/887 1020/1020/906 1021/1021/907 995/995/885 
f 995/995/885 1021/1021/907 1022/1022/908 993/993/883 
f 1021/1021/907 916/916/798 914/914/796 1022/1022/908 
f 1022/1022/908 914/914/796 912/912/794 1023/1023/909 
f 993/993/883 1022/1022/908 1023/1023/909 1025/1025/884 
f 1023/1023/909 912/912/794 910/910/792 1024/1024/910 
f 1025/1025/884 1023/1023/909 1024/1024/910 1026/1026/911 
f 1025/1025/884 1026/1026/911 1027/1027/912 992/992/882 
f 1026/1026/911 1024/1024/910 1030/1030/913 1028/1028/914 
f 1026/1026/911 1028/1028/914 1031/1031/915 1027/1027/912 
f 1028/1028/914 1029/1029/916 1033/1033/917 1031/1031/915 
f 1028/1028/914 1030/1030/913 1313/1313/918 1029/1029/916 
f 1032/1032/919 1073/1073/920 1027/1027/912 1031/1031/915 
f 1034/1034/921 1032/1032/919 1031/1031/915 1033/1033/917 
f 1036/1036/922 1034/1034/921 1033/1033/917 1035/1035/923 
f 1029/1029/916 1037/1037/924 1035/1035/923 1033/1033/917 
f 1039/1039/925 1036/1036/922 1035/1035/923 1038/1038/926 
f 1037/1037/924 1040/1040/927 1038/1038/926 1035/1035/923 
f 1043/1043/928 1039/1039/925 1038/1038/926 1041/1041/929 
f 1040/1040/927 1042/1042/930 1041/1041/929 1038/1038/926 
f 1042/1042/930 1045/1045/931 1044/1044/932 1041/1041/929 
f 1047/1047/933 1043/1043/928 1041/1041/929 1044/1044/932 
f 1045/1045/931 1308/1308/934 1046/1046/935 1044/1044/932 
f 1049/1049/936 1047/1047/933 1044/1044/932 1046/1046/935 
f 1043/1043/928 1047/1047/933 1048/1048/937 1061/1061/938 
f 1048/1048/937 1047/1047/933 1049/1049/936 1050/1050/939 
f 1049/1049/936 1051/1051/940 1054/1054/941 1050/1050/939 
f 1051/1051/940 1049/1049/936 1046/1046/935 1053/1053/942 
f 1052/1052/943 1051/1051/940 1053/1053/942 1300/1300/944 
f 1054/1054/941 1051/1051/940 1052/1052/943 1055/1055/945 
f 1056/1056/946 1054/1054/941 1055/1055/945 1057/1057/947 
f 1050/1050/939 1054/1054/941 1056/1056/946 1058/1058/948 
f 1059/1059/949 1048/1048/937 1050/1050/939 1058/1058/948 
f 1061/1061/938 1048/1048/937 1059/1059/949 1060/1060/950 
f 1062/1062/951 1064/1064/952 1061/1061/938 1060/1060/950 
f 1065/1065/953 1064/1064/952 1062/1062/951 1063/1063/954 
f 1064/1064/952 1039/1039/925 1043/1043/928 1061/1061/938 
f 1036/1036/922 1039/1039/925 1064/1064/952 1065/1065/953 
f 1066/1066/955 1034/1034/921 1036/1036/922 1065/1065/953 
f 1068/1068/956 1066/1066/955 1065/1065/953 1063/1063/954 
f 1032/1032/919 1034/1034/921 1066/1066/955 1067/1067/957 
f 1067/1067/957 1066/1066/955 1068/1068/956 1069/1069/958 
f 1070/1070/959 1072/1072/960 1067/1067/957 1069/1069/958 
f 987/987/878 1072/1072/960 1070/1070/959 1071/1071/879 
f 990/990/877 1073/1073/920 1072/1072/960 987/987/878 
f 1072/1072/960 1073/1073/920 1032/1032/919 1067/1067/957 
f 1073/1073/920 990/990/877 992/992/882 1027/1027/912 
f 1055/1055/945 1075/1075/961 1074/1074/962 1057/1057/947 
f 1074/1074/962 1075/1075/961 1077/1077/963 1076/1076/964 
f 1077/1077/963 1079/1079/965 1078/1078/966 1076/1076/964 
f 1078/1078/966 1079/1079/965 1081/1081/967 1080/1080/968 
f 1081/1081/967 1083/1083/969 1082/1082/970 1080/1080/968 
f 1082/1082/970 1083/1083/969 1085/1085/971 1084/1084/972 
f 1085/1085/971 1087/1087/973 1086/1086/974 1084/1084/972 
f 1086/1086/974 1087/1087/973 1089/1089/975 1088/1088/976 
f 1089/1089/975 1092/1092/977 1090/1090/978 1088/1088/976 
f 1090/1090/978 1092/1092/977 1094/1094/979 1091/1091/980 
f 1105/1105/981 1093/1093/982 1092/1092/977 1089/1089/975 
f 1092/1092/977 1093/1093/982 1096/1096/983 1094/1094/979 
f 1094/1094/979 1095/1095/984 1148/1148/985 1091/1091/980 
f 1096/1096/983 1097/1097/986 1095/1095/984 1094/1094/979 
f 1096/1096/983 1093/1093/982 1101/1101/987 1098/1098/988 
f 1097/1097/986 1096/1096/983 1098/1098/988 1100/1100/989 
f 1102/1102/990 1099/1099/991 1098/1098/988 1101/1101/987 
f 1099/1099/991 1126/1126/992 1100/1100/989 1098/1098/988 
f 1093/1093/982 1105/1105/981 1103/1103/993 1101/1101/987 
f 1104/1104/994 1102/1102/990 1101/1101/987 1103/1103/993 
f 1107/1107/995 1104/1104/994 1103/1103/993 1106/1106/996 
f 1105/1105/981 1109/1109/997 1106/1106/996 1103/1103/993 
f 1118/1118/998 1107/1107/995 1106/1106/996 1108/1108/999 
f 1109/1109/997 1110/1110/1000 1108/1108/999 1106/1106/996 
f 1110/1110/1000 1109/1109/997 1087/1087/973 1085/1085/971 
f 1087/1087/973 1109/1109/997 1105/1105/981 1089/1089/975 
f 1083/1083/969 1111/1111/1001 1110/1110/1000 1085/1085/971 
f 1110/1110/1000 1111/1111/1001 1113/1113/1002 1108/1108/999 
f 1111/1111/1001 1112/1112/1003 1114/1114/1004 1113/1113/1002 
f 1112/1112/1003 1111/1111/1001 1083/1083/969 1081/1081/967 
f 1115/1115/1005 1118/1118/998 1108/1108/999 1113/1113/1002 
f 1116/1116/1006 1115/1115/1005 1113/1113/1002 1114/1114/1004 
f 1116/1116/1006 1289/1289/1007 1117/1117/1008 1115/1115/1005 
f 1115/1115/1005 1117/1117/1008 1119/1119/1009 1118/1118/998 
f 1118/1118/998 1119/1119/1009 1120/1120/1010 1107/1107/995 
f 1119/1119/1009 880/880/762 878/878/760 1120/1120/1010 
f 1117/1117/1008 882/882/764 880/880/762 1119/1119/1009 
f 1107/1107/995 1120/1120/1010 1121/1121/1011 1104/1104/994 
f 1120/1120/1010 878/878/760 876/876/758 1121/1121/1011 
f 1104/1104/994 1121/1121/1011 1122/1122/1012 1102/1102/990 
f 1121/1121/1011 876/876/758 874/874/756 1122/1122/1012 
f 1122/1122/1012 874/874/756 872/872/754 1123/1123/1013 
f 1102/1102/990 1122/1122/1012 1123/1123/1013 1099/1099/991 
f 1099/1099/991 1123/1123/1013 1124/1124/1014 1126/1126/992 
f 1123/1123/1013 872/872/754 870/870/752 1124/1124/1014 
f 1124/1124/1014 870/870/752 868/868/750 1125/1125/1015 
f 1126/1126/992 1124/1124/1014 1125/1125/1015 1127/1127/1016 
f 1126/1126/992 1127/1127/1016 1129/1129/1017 1100/1100/989 
f 1127/1127/1016 1128/1128/1018 1131/1131/1019 1129/1129/1017 
f 1127/1127/1016 1125/1125/1015 1288/1288/1020 1128/1128/1018 
f 1130/1130/1021 1097/1097/986 1100/1100/989 1129/1129/1017 
f 1133/1133/1022 1130/1130/1021 1129/1129/1017 1131/1131/1019 
f 1128/1128/1018 1287/1287/1023 1132/1132/1024 1131/1131/1019 
f 1135/1135/1025 1133/1133/1022 1131/1131/1019 1132/1132/1024 
f 1130/1130/1021 1133/1133/1022 1134/1134/1026 1147/1147/1027 
f 1134/1134/1026 1133/1133/1022 1135/1135/1025 1136/1136/1028 
f 1135/1135/1025 1137/1137/1029 1140/1140/1030 1136/1136/1028 
f 1137/1137/1029 1135/1135/1025 1132/1132/1024 1139/1139/1031 
f 1138/1138/1032 1137/1137/1029 1139/1139/1031 1279/1279/1033 
f 1140/1140/1030 1137/1137/1029 1138/1138/1032 1141/1141/1034 
f 1142/1142/1035 1140/1140/1030 1141/1141/1034 1143/1143/1036 
f 1136/1136/1028 1140/1140/1030 1142/1142/1035 1144/1144/1037 
f 1145/1145/1038 1134/1134/1026 1136/1136/1028 1144/1144/1037 
f 1147/1147/1027 1134/1134/1026 1145/1145/1038 1146/1146/1039 
f 1148/1148/985 1095/1095/984 1147/1147/1027 1146/1146/1039 
f 1095/1095/984 1097/1097/986 1130/1130/1021 1147/1147/1027 
f 1141/1141/1034 1150/1150/1040 1149/1149/1041 1143/1143/1036 
f 1149/1149/1041 1150/1150/1040 1152/1152/1042 1151/1151/1043 
f 1152/1152/1042 1154/1154/1044 1153/1153/1045 1151/1151/1043 
f 1153/1153/1045 1154/1154/1044 1156/1156/1046 1155/1155/1047 
f 1156/1156/1046 1158/1158/1048 1157/1157/1049 1155/1155/1047 
f 1157/1157/1049 1158/1158/1048 1160/1160/1050 1159/1159/1051 
f 1160/1160/1050 1162/1162/1052 1161/1161/1053 1159/1159/1051 
f 1161/1161/1053 1162/1162/1052 1164/1164/1054 1163/1163/1055 
f 1164/1164/1054 1167/1167/1056 1165/1165/1057 1163/1163/1055 
f 1165/1165/1057 1167/1167/1056 1169/1169/1058 1166/1166/1059 
f 1180/1180/1060 1168/1168/1061 1167/1167/1056 1164/1164/1054 
f 1167/1167/1056 1168/1168/1061 1171/1171/1062 1169/1169/1058 
f 1169/1169/1058 1170/1170/1063 1223/1223/1064 1166/1166/1059 
f 1171/1171/1062 1172/1172/1065 1170/1170/1063 1169/1169/1058 
f 1171/1171/1062 1168/1168/1061 1176/1176/1066 1173/1173/1067 
f 1172/1172/1065 1171/1171/1062 1173/1173/1067 1175/1175/1068 
f 1177/1177/1069 1174/1174/1070 1173/1173/1067 1176/1176/1066 
f 1174/1174/1070 1201/1201/1071 1175/1175/1068 1173/1173/1067 
f 1168/1168/1061 1180/1180/1060 1178/1178/1072 1176/1176/1066 
f 1179/1179/1073 1177/1177/1069 1176/1176/1066 1178/1178/1072 
f 1182/1182/1074 1179/1179/1073 1178/1178/1072 1181/1181/1075 
f 1180/1180/1060 1184/1184/1076 1181/1181/1075 1178/1178/1072 
f 1193/1193/1077 1182/1182/1074 1181/1181/1075 1183/1183/1078 
f 1184/1184/1076 1185/1185/1079 1183/1183/1078 1181/1181/1075 
f 1185/1185/1079 1184/1184/1076 1162/1162/1052 1160/1160/1050 
f 1162/1162/1052 1184/1184/1076 1180/1180/1060 1164/1164/1054 
f 1158/1158/1048 1186/1186/1080 1185/1185/1079 1160/1160/1050 
f 1185/1185/1079 1186/1186/1080 1188/1188/1081 1183/1183/1078 
f 1186/1186/1080 1187/1187/1082 1189/1189/1083 1188/1188/1081 
f 1187/1187/1082 1186/1186/1080 1158/1158/1048 1156/1156/1046 
f 1190/1190/1084 1193/1193/1077 1183/1183/1078 1188/1188/1081 
f 1191/1191/1085 1190/1190/1084 1188/1188/1081 1189/1189/1083 
f 1191/1191/1085 1268/1268/1086 1192/1192/1087 1190/1190/1084 
f 1190/1190/1084 1192/1192/1087 1194/1194/1088 1193/1193/1077 
f 1193/1193/1077 1194/1194/1088 1195/1195/1089 1182/1182/1074 
f 1194/1194/1088 848/848/730 846/846/728 1195/1195/1089 
f 1192/1192/1087 850/850/732 848/848/730 1194/1194/1088 
f 1182/1182/1074 1195/1195/1089 1196/1196/1090 1179/1179/1073 
f 1195/1195/1089 846/846/728 844/844/726 1196/1196/1090 
f 1179/1179/1073 1196/1196/1090 1197/1197/1091 1177/1177/1069 
f 1196/1196/1090 844/844/726 842/842/724 1197/1197/1091 
f 1197/1197/1091 842/842/724 840/840/722 1198/1198/1092 
f 1177/1177/1069 1197/1197/1091 1198/1198/1092 1174/1174/1070 
f 1174/1174/1070 1198/1198/1092 1199/1199/1093 1201/1201/1071 
f 1198/1198/1092 840/840/722 838/3589/720 1199/1199/1093 
f 1199/3594/1093 838/838/720 836/836/718 1200/1200/1094 
f 1201/3588/1071 1199/3594/1093 1200/1200/1094 1202/1202/1095 
f 1201/3588/1071 1202/1202/1095 1204/1204/1096 1175/3595/1068 
f 1202/1202/1095 1203/1203/1097 1206/1206/1098 1204/1204/1096 
f 1202/1202/1095 1200/1200/1094 1267/1267/1099 1203/1203/1097 
f 1205/1205/1100 1172/3601/1065 1175/3595/1068 1204/1204/1096 
f 1208/1208/1101 1205/1205/1100 1204/1204/1096 1206/1206/1098 
f 1203/1203/1097 1266/1266/1102 1207/1207/1103 1206/1206/1098 
f 1210/1210/1104 1208/1208/1101 1206/1206/1098 1207/1207/1103 
f 1205/1205/1100 1208/1208/1101 1209/1209/1105 1222/1222/1106 
f 1209/1209/1105 1208/1208/1101 1210/1210/1104 1211/1211/1107 
f 1210/1210/1104 1212/1212/1108 1215/1215/1109 1211/1211/1107 
f 1212/1212/1108 1210/1210/1104 1207/1207/1103 1214/1214/1110 
f 1213/1213/1111 1212/1212/1108 1214/1214/1110 1258/1258/1112 
f 1215/1215/1109 1212/1212/1108 1213/1213/1111 1216/1216/1113 
f 1217/1217/1114 1215/1215/1109 1216/1216/1113 1218/1218/1115 
f 1211/1211/1107 1215/1215/1109 1217/1217/1114 1219/1219/1116 
f 1220/1220/1117 1209/1209/1105 1211/1211/1107 1219/1219/1116 
f 1222/1222/1106 1209/1209/1105 1220/1220/1117 1221/1221/1118 
f 1223/3597/1064 1170/3590/1063 1222/1222/1106 1221/1221/1118 
f 1170/3590/1063 1172/3601/1065 1205/1205/1100 1222/1222/1106 
f 1216/1216/1113 1225/1225/1119 1224/1224/1120 1218/1218/1115 
f 1224/1224/1120 1225/1225/1119 1227/1227/1121 1226/1226/1122 
f 1227/1227/1121 1229/1229/1123 1228/1228/1124 1226/1226/1122 
f 1228/1228/1124 1229/1229/1123 1231/1231/1125 1230/1230/1126 
f 1231/1231/1125 1233/1233/1127 1232/1232/1128 1230/1230/1126 
f 1232/1232/1128 1233/1233/1127 956/956/842 1234/1234/845 
f 1233/1233/1127 1235/1235/1129 954/954/840 956/956/842 
f 1236/1236/1130 1235/1235/1129 1233/1233/1127 1231/1231/1125 
f 1235/1235/1129 1236/1236/1130 1238/1238/1131 1237/1237/1132 
f 954/954/840 1235/1235/1129 1237/1237/1132 952/952/839 
f 1239/1239/1133 1242/1242/838 952/952/839 1237/1237/1132 
f 1240/1240/1134 1239/1239/1133 1237/1237/1132 1238/1238/1131 
f 1240/1240/1134 1247/1247/1135 1241/1241/1136 1239/1239/1133 
f 1239/1239/1133 1241/1241/1136 1243/1243/1137 1242/1242/838 
f 1242/1242/838 1243/1243/1137 1244/1244/1138 951/951/835 
f 1244/1244/1138 1243/1243/1137 816/816/698 814/814/696 
f 1241/1241/1136 818/818/700 816/816/698 1243/1243/1137 
f 951/951/835 1244/1244/1138 1245/1245/1139 948/948/834 
f 1245/1245/1139 1244/1244/1138 814/814/696 812/812/694 
f 1246/1246/1140 1245/1245/1139 812/812/694 810/810/692 
f 946/946/831 948/948/834 1245/1245/1139 1246/1246/1140 
f 936/936/821 1246/1246/1140 810/810/692 808/808/690 
f 938/938/822 946/946/831 1246/1246/1140 936/936/821 
f 1247/1247/1135 820/820/702 818/818/700 1241/1241/1136 
f 1250/1250/1141 1248/1248/1142 1247/1247/1135 1240/1240/1134 
f 1248/1248/1142 822/822/704 820/820/702 1247/1247/1135 
f 1249/1249/1143 824/824/706 822/822/704 1248/1248/1142 
f 1251/1251/1144 1249/1249/1143 1248/1248/1142 1250/1250/1141 
f 1250/1250/1141 1240/1240/1134 1238/1238/1131 1252/1252/1145 
f 1251/1251/1144 1250/1250/1141 1252/1252/1145 1254/1254/1146 
f 1253/1253/1147 1256/1256/1148 1254/1254/1146 1252/1252/1145 
f 1236/1236/1130 1253/1253/1147 1252/1252/1145 1238/1238/1131 
f 1256/1256/1148 1257/1257/1149 1255/1255/1150 1254/1254/1146 
f 1259/1259/1151 1251/1251/1144 1254/1254/1146 1255/1255/1150 
f 1256/1256/1148 1253/1253/1147 1229/1229/1123 1227/1227/1121 
f 1225/1225/1119 1257/1257/1149 1256/1256/1148 1227/1227/1121 
f 1213/1213/1111 1257/1257/1149 1225/1225/1119 1216/1216/1113 
f 1257/1257/1149 1213/1213/1111 1258/1258/1112 1255/1255/1150 
f 1260/1260/1152 1259/1259/1151 1255/1255/1150 1258/1258/1112 
f 1259/1259/1151 1261/1261/1153 1249/1249/1143 1251/1251/1144 
f 1260/1260/1152 1262/1262/1154 1261/1261/1153 1259/1259/1151 
f 1261/1261/1153 826/826/708 824/824/706 1249/1249/1143 
f 1262/1262/1154 828/828/710 826/826/708 1261/1261/1153 
f 1265/1265/1155 1263/1263/1156 1262/1262/1154 1260/1260/1152 
f 1263/1263/1156 830/830/712 828/828/710 1262/1262/1154 
f 1264/1264/1157 832/832/714 830/830/712 1263/1263/1156 
f 1266/1266/1102 1264/1264/1157 1263/1263/1156 1265/1265/1155 
f 1266/1266/1102 1265/1265/1155 1214/1214/1110 1207/1207/1103 
f 1265/1265/1155 1260/1260/1152 1258/1258/1112 1214/1214/1110 
f 1203/1203/1097 1267/1267/1099 1264/1264/1157 1266/1266/1102 
f 1267/1267/1099 834/834/716 832/832/714 1264/1264/1157 
f 1200/1200/1094 836/836/718 834/834/716 1267/1267/1099 
f 1229/1229/1123 1253/1253/1147 1236/1236/1130 1231/1231/1125 
f 1268/1268/1086 852/852/734 850/850/732 1192/1192/1087 
f 1271/1271/1158 1269/1269/1159 1268/1268/1086 1191/1191/1085 
f 1269/1269/1159 854/854/736 852/852/734 1268/1268/1086 
f 1270/1270/1160 856/856/738 854/854/736 1269/1269/1159 
f 1272/1272/1161 1270/1270/1160 1269/1269/1159 1271/1271/1158 
f 1271/1271/1158 1191/1191/1085 1189/1189/1083 1273/1273/1162 
f 1272/1272/1161 1271/1271/1158 1273/1273/1162 1275/1275/1163 
f 1274/1274/1164 1277/1277/1165 1275/1275/1163 1273/1273/1162 
f 1187/1187/1082 1274/1274/1164 1273/1273/1162 1189/1189/1083 
f 1277/1277/1165 1278/1278/1166 1276/1276/1167 1275/1275/1163 
f 1280/1280/1168 1272/1272/1161 1275/1275/1163 1276/1276/1167 
f 1277/1277/1165 1274/1274/1164 1154/1154/1044 1152/1152/1042 
f 1150/1150/1040 1278/1278/1166 1277/1277/1165 1152/1152/1042 
f 1138/1138/1032 1278/1278/1166 1150/1150/1040 1141/1141/1034 
f 1278/1278/1166 1138/1138/1032 1279/1279/1033 1276/1276/1167 
f 1281/1281/1169 1280/1280/1168 1276/1276/1167 1279/1279/1033 
f 1280/1280/1168 1282/1282/1170 1270/1270/1160 1272/1272/1161 
f 1281/1281/1169 1283/1283/1171 1282/1282/1170 1280/1280/1168 
f 1282/1282/1170 858/858/740 856/856/738 1270/1270/1160 
f 1283/1283/1171 860/860/742 858/858/740 1282/1282/1170 
f 1286/1286/1172 1284/1284/1173 1283/1283/1171 1281/1281/1169 
f 1284/1284/1173 862/862/744 860/860/742 1283/1283/1171 
f 1285/1285/1174 864/864/746 862/862/744 1284/1284/1173 
f 1287/1287/1023 1285/1285/1174 1284/1284/1173 1286/1286/1172 
f 1287/1287/1023 1286/1286/1172 1139/1139/1031 1132/1132/1024 
f 1286/1286/1172 1281/1281/1169 1279/1279/1033 1139/1139/1031 
f 1128/1128/1018 1288/1288/1020 1285/1285/1174 1287/1287/1023 
f 1288/1288/1020 866/866/748 864/864/746 1285/1285/1174 
f 1125/1125/1015 868/868/750 866/866/748 1288/1288/1020 
f 1154/1154/1044 1274/1274/1164 1187/1187/1082 1156/1156/1046 
f 1289/1289/1007 884/884/766 882/882/764 1117/1117/1008 
f 1292/1292/1175 1290/1290/1176 1289/1289/1007 1116/1116/1006 
f 1290/1290/1176 886/886/768 884/884/766 1289/1289/1007 
f 1291/1291/1177 888/888/770 886/886/768 1290/1290/1176 
f 1293/1293/1178 1291/1291/1177 1290/1290/1176 1292/1292/1175 
f 1292/1292/1175 1116/1116/1006 1114/1114/1004 1294/1294/1179 
f 1293/1293/1178 1292/1292/1175 1294/1294/1179 1296/1296/1180 
f 1295/1295/1181 1298/1298/1182 1296/1296/1180 1294/1294/1179 
f 1112/1112/1003 1295/1295/1181 1294/1294/1179 1114/1114/1004 
f 1298/1298/1182 1299/1299/1183 1297/1297/1184 1296/1296/1180 
f 1301/1301/1185 1293/1293/1178 1296/1296/1180 1297/1297/1184 
f 1298/1298/1182 1295/1295/1181 1079/1079/965 1077/1077/963 
f 1075/1075/961 1299/1299/1183 1298/1298/1182 1077/1077/963 
f 1052/1052/943 1299/1299/1183 1075/1075/961 1055/1055/945 
f 1299/1299/1183 1052/1052/943 1300/1300/944 1297/1297/1184 
f 1302/1302/1186 1301/1301/1185 1297/1297/1184 1300/1300/944 
f 1301/1301/1185 1303/1303/1187 1291/1291/1177 1293/1293/1178 
f 1302/1302/1186 1304/1304/1188 1303/1303/1187 1301/1301/1185 
f 1303/1303/1187 890/890/772 888/888/770 1291/1291/1177 
f 1304/1304/1188 892/892/774 890/890/772 1303/1303/1187 
f 1307/1307/1189 1305/1305/1190 1304/1304/1188 1302/1302/1186 
f 1305/1305/1190 894/894/776 892/892/774 1304/1304/1188 
f 1306/1306/1191 896/896/778 894/894/776 1305/1305/1190 
f 1308/1308/934 1306/1306/1191 1305/1305/1190 1307/1307/1189 
f 1308/1308/934 1307/1307/1189 1053/1053/942 1046/1046/935 
f 1307/1307/1189 1302/1302/1186 1300/1300/944 1053/1053/942 
f 1045/1045/931 1309/1309/1192 1306/1306/1191 1308/1308/934 
f 1309/1309/1192 898/898/780 896/896/778 1306/1306/1191 
f 1310/1310/1193 900/900/782 898/898/780 1309/1309/1192 
f 1042/1042/930 1310/1310/1193 1309/1309/1192 1045/1045/931 
f 1040/1040/927 1311/1311/1194 1310/1310/1193 1042/1042/930 
f 1311/1311/1194 902/902/784 900/900/782 1310/1310/1193 
f 1312/1312/1195 904/904/786 902/902/784 1311/1311/1194 
f 1037/1037/924 1312/1312/1195 1311/1311/1194 1040/1040/927 
f 1029/1029/916 1313/1313/918 1312/1312/1195 1037/1037/924 
f 1313/1313/918 906/906/788 904/904/786 1312/1312/1195 
f 1030/1030/913 908/908/790 906/906/788 1313/1313/918 
f 1079/1079/965 1295/1295/1181 1112/1112/1003 1081/1081/967 
f 1024/1024/910 910/910/792 908/908/790 1030/1030/913 
o Cube:001
s 1
f 2232/2232/1996 2233/2233/1997 2236/2236/2000 2235/2235/1999 
f 2233/2233/1997 2234/2234/1998 2237/2237/2001 2236/2236/2000 
f 2235/2235/1999 2236/2236/2000 2239/2239/2003 2238/2238/2002 
f 2236/2236/2000 2237/2237/2001 2240/2240/2004 2239/2239/2003 
f 2385/2385/2116 2234/2234/1998 2233/2233/1997 2384/2384/2115 
f 2234/3603/1998 1509/1509/1371 1510/1510/1372 2237/3604/2001 
f 2237/3604/2001 1510/1510/1372 1511/1511/1373 2240/3609/2004 
f 2240/3610/2004 1511/3602/1373 1345/1345/1227 1572/1572/1416 
f 2239/3605/2003 2240/3610/2004 1572/1572/1416 1573/1573/1417 
f 2238/3607/2002 2239/3605/2003 1573/1573/1417 1574/1574/1418 
f 2241/2241/2005 1448/1448/1314 1449/1449/1315 2242/2242/2006 
f 2242/2242/2006 1449/1449/1315 1450/1450/1316 2243/2243/2007 
f 2243/2243/2007 1450/1450/1316 1332/1332/1214 1733/1733/1565 
f 1322/1322/1204 1737/1737/1197 2244/2244/2008 1468/1468/1334 
f 1332/1332/1214 1437/1437/1303 2245/2245/2009 1733/1733/1565 
f 1437/1437/1303 1333/1333/1215 1734/1734/1566 2245/2245/2009 
f 1465/1465/1331 2256/2256/2020 2255/2255/2019 1466/1466/1332 
f 2246/2246/2010 1598/1598/1436 1597/1597/1435 2247/2247/2011 
f 2247/2247/2011 1597/1597/1435 1596/1596/1434 2248/2248/2012 
f 2248/2248/2012 1596/1596/1434 1321/1321/1203 1470/1470/1336 
f 2249/2249/2013 1550/1550/1400 1549/1549/1399 2250/2250/2014 
f 2250/2250/2014 1549/1549/1399 1548/1548/1398 2251/2251/2015 
f 2251/2251/2015 1548/1548/1398 1325/1325/1207 1738/1738/1569 
f 2252/2252/2016 1547/1547/1397 1546/1546/1396 2253/2253/2017 
f 2253/2253/2017 1546/1546/1396 1545/1545/1395 2254/2254/2018 
f 2254/2254/2018 1545/1545/1395 1334/1334/1216 1735/1735/1567 
f 2255/2255/2019 2691/2691/2422 2326/2326/2060 2703/2703/2434 
f 2437/2437/2168 1671/1671/1503 1317/1317/1199 1497/1497/1359 
f 2256/2256/2020 1465/1465/1331 1324/1324/1206 1472/1472/1337 
f 1316/1316/1198 1674/1674/1506 2437/2437/2168 1497/1497/1359 
f 1498/1498/1360 1499/1499/1361 2387/2387/2118 2386/2386/2117 
f 1509/1509/1371 2257/2257/2021 2258/2258/2022 1510/1510/1372 
f 2387/2387/2118 2392/2392/2123 2395/2395/2126 2389/2389/2120 
f 2386/2386/2117 1655/1655/1487 1319/1319/1201 1498/1498/1360 
f 1500/1500/1362 1501/1501/1363 2420/2420/2151 2419/2419/2150 
f 1317/1317/1199 1671/1671/1503 2421/2421/2152 1502/1502/1364 
f 1501/1501/1363 1502/1502/1364 2421/2421/2152 2420/2420/2151 
f 1571/1571/1415 1570/1570/1414 2459/2459/2190 2458/2458/2189 
f 1319/1319/1201 1655/1655/1487 2460/2460/2191 1569/1569/1413 
f 1570/1570/1414 1569/1569/1413 2460/2460/2191 2459/2459/2190 
f 2257/2257/2021 1512/1512/1374 1513/1513/1375 2258/2258/2022 
f 1510/1510/1372 2258/2258/2022 2259/2259/2023 1511/1511/1373 
f 2258/2258/2022 1513/1513/1375 1514/1514/1376 2259/2259/2023 
f 2259/3598/2023 1514/3611/1376 1344/1344/1226 1503/1503/1365 
f 2536/2536/2267 2537/2537/2268 2539/2539/2270 2538/2538/2269 
f 1511/3602/1373 2259/3598/2023 1503/1503/1365 1345/1345/1227 
f 2269/2269/2033 2270/2270/2034 2272/2272/2036 2271/2271/2035 
f 2260/2260/2024 2261/2261/2025 2264/2264/2028 2263/2263/2027 
f 2261/2261/2025 2262/2262/2026 2265/2265/2029 2264/2264/2028 
f 2263/2263/2027 2264/2264/2028 2267/2267/2031 2266/2266/2030 
f 2264/2264/2028 2265/2265/2029 2268/2268/2032 2267/2267/2031 
f 2373/2373/2104 2262/2262/2026 2261/2261/2025 2372/2372/2103 
f 2265/2265/2029 2271/2271/2035 2273/2273/2037 2268/2268/2032 
f 2268/3617/2032 2273/3619/2037 1505/1505/1367 1622/1622/1460 
f 2267/3612/2031 2268/3617/2032 1622/1622/1460 1623/1623/1461 
f 2266/3615/2030 2267/3612/2031 1623/1623/1461 1624/1624/1462 
f 1640/1640/1472 2266/3615/2030 1624/1624/1462 1358/1358/1238 
f 1639/1639/1471 2263/2263/2027 2266/2266/2030 1640/3621/1472 
f 1638/1638/1470 2260/2260/2024 2263/2263/2027 1639/1639/1471 
f 2271/2271/2035 2272/2272/2036 2274/2274/2038 2273/2273/2037 
f 2273/3619/2037 2274/3623/2038 1504/1504/1366 1505/1505/1367 
f 2270/2270/2034 1515/1515/1377 1516/1516/1378 2272/2272/2036 
f 2272/2272/2036 1516/1516/1378 1517/1517/1379 2274/2274/2038 
f 2274/3623/2038 1517/3624/1379 1346/1346/1228 1504/1504/1366 
f 1503/1503/1365 1344/1344/1226 1347/1347/1229 1530/1530/1229 
f 1530/1530/1229 1348/1348/1229 1345/1345/1227 1503/1503/1365 
f 1531/1531/1229 1532/1532/1229 1505/1505/1367 1504/1504/1366 
f 1622/1622/1460 1505/1505/1367 1532/1532/1229 1631/1631/1229 
f 1504/1504/1366 1346/1346/1228 1349/1349/1229 1531/1531/1229 
f 1533/1533/1229 1534/1534/1229 1507/1507/1369 1506/1506/1368 
f 1344/1344/1226 1508/1508/1370 1535/1535/1229 1347/1347/1229 
f 1534/1534/1229 1535/1535/1229 1508/1508/1370 1507/1507/1369 
f 1595/1595/1229 1594/1594/1229 1576/1576/1420 1577/1577/1421 
f 1346/1346/1228 1575/1575/1419 1593/1593/1229 1349/1349/1229 
f 1594/1594/1229 1593/1593/1229 1575/1575/1419 1576/1576/1420 
f 1619/1619/1457 1499/1499/1361 2359/2359/2090 2367/2367/2098 
f 1592/1592/1229 1421/1421/1229 1415/1415/1285 1574/1574/1418 
f 1953/1953/1748 1954/1954/1749 2292/2292/2050 2289/2289/2047 
f 1440/1440/1306 1441/1441/1307 2707/2707/2438 2706/2706/2437 
f 1734/1734/1566 1333/1333/1215 1542/1542/1392 2275/2275/2039 
f 2275/3596/2039 1542/3608/1392 1543/1543/1393 2276/2276/2040 
f 2276/2276/2040 1543/1543/1393 1544/1544/1394 2277/2277/2041 
f 1737/1737/1197 1322/1322/1204 1462/1462/1328 2278/2278/1328 
f 2278/3629/1328 1462/3593/1328 1461/1461/1327 2279/2279/1327 
f 2279/2279/1327 1461/1461/1327 1460/1460/1326 2280/2280/1326 
f 1566/1566/1410 1567/1567/1411 2441/2441/2172 2440/2440/2171 
f 1567/1567/1411 1568/1568/1412 2442/2442/2173 2441/2441/2172 
f 2440/3630/2171 1674/1674/1506 1316/1316/1198 1566/3632/1410 
f 2281/2281/1229 1538/1538/1229 1537/1537/1229 2282/2282/1229 
f 1591/1591/1229 2282/2282/1229 2283/2283/1229 1592/1592/1229 
f 2282/2282/1229 1537/1537/1229 1536/1536/1229 2283/2283/1229 
f 1530/1530/1229 2281/2281/1229 1590/1590/1229 1348/1348/1229 
f 1347/1347/1229 1538/1538/1229 2281/2281/1229 1530/1530/1229 
f 2302/2302/1229 2303/2303/1229 2305/2305/1229 2304/2304/1229 
f 2284/2284/2042 2285/2285/2043 2288/2288/2046 2287/2287/2045 
f 2285/2285/2043 2286/2286/2044 2289/2289/2047 2288/2288/2046 
f 2287/2287/2045 2288/2288/2046 2291/2291/2049 2290/2290/2048 
f 2288/2288/2046 2289/2289/2047 2292/2292/2050 2291/2291/2049 
f 2358/2358/2089 2286/2286/2044 2285/2285/2043 2357/2357/2088 
f 2291/3634/2049 2292/3628/2050 1577/1577/1421 1576/1576/1420 
f 2290/3635/2048 2291/3634/2049 1576/1576/1420 1575/1575/1419 
f 1517/3624/1379 2290/3635/2048 1575/1575/1419 1346/1346/1228 
f 1516/1516/1378 2287/2287/2045 2290/2290/2048 1517/1517/1379 
f 1515/1515/1377 2284/2284/2042 2287/2287/2045 1516/1516/1378 
f 1590/1590/1229 1591/1591/1229 1573/1573/1417 1572/1572/1416 
f 1591/1591/1229 1592/1592/1229 1574/1574/1418 1573/1573/1417 
f 1572/1572/1416 1345/1345/1227 1348/1348/1229 1590/1590/1229 
f 2293/2293/1229 2294/2294/1229 2297/2297/1229 2296/2296/1789 
f 2294/2294/1229 2295/2295/1229 2298/2298/1229 2297/2297/1229 
f 2296/2296/1789 2297/2297/1229 2300/2300/1229 2299/2299/1229 
f 2297/2297/1229 2298/2298/1229 2301/2301/1229 2300/2300/1229 
f 1361/1361/1229 1633/1633/1229 2293/2293/1229 1635/1635/1229 
f 1633/1633/1229 1632/1632/1229 2294/2294/1229 2293/2293/1229 
f 1632/1632/1229 1631/1631/1229 2295/2295/1229 2294/2294/1229 
f 1532/1532/1229 2302/2302/1229 2295/2295/1229 1631/1631/1229 
f 2295/2295/1229 2302/2302/1229 2304/2304/1229 2298/2298/1229 
f 2298/2298/1229 2304/2304/1229 2306/2306/1229 2301/2301/1229 
f 1636/1636/1229 2296/2296/1789 2299/2299/1229 1637/1637/1229 
f 1635/1635/1229 2293/2293/1229 2296/2296/1789 1636/1636/1229 
f 2304/2304/1229 2305/2305/1229 2307/2307/1229 2306/2306/1229 
f 1531/1531/1229 2303/2303/1229 2302/2302/1229 1532/1532/1229 
f 1531/1531/1229 1349/1349/1229 1593/1593/1229 2303/2303/1229 
f 2303/2303/1229 1593/1593/1229 1594/1594/1229 2305/2305/1229 
f 2305/2305/1229 1594/1594/1229 1595/1595/1229 2307/2307/1229 
f 1590/1590/1229 2281/2281/1229 2282/2282/1229 1591/1591/1229 
f 2308/2308/1229 2309/2309/1229 2312/2312/1229 2311/2311/1229 
f 2309/2309/1229 2310/2310/1229 2313/2313/1229 2312/2312/1229 
f 2311/2311/1229 2312/2312/1229 2315/2315/1229 2314/2314/1229 
f 2312/2312/1229 2313/2313/1229 2316/2316/1229 2315/2315/1229 
f 1347/1347/1229 1535/1535/1229 2308/2308/1229 1538/1538/1229 
f 1535/1535/1229 1534/1534/1229 2309/2309/1229 2308/2308/1229 
f 1534/1534/1229 1533/1533/1229 2310/2310/1229 2309/2309/1229 
f 1537/1537/1229 2311/2311/1229 2314/2314/1229 1536/1536/1229 
f 1538/1538/1229 2308/2308/1229 2311/2311/1229 1537/1537/1229 
f 1793/1793/1618 3345/3345/3009 2980/2980/2647 1975/1975/1765 
f 2317/2317/2051 2318/2318/2052 2321/2321/2055 2320/2320/2054 
f 2318/2318/2052 2319/2319/2053 2322/2322/2056 2321/2321/2055 
f 2320/2320/2054 2321/2321/2055 2324/2324/2058 2323/2323/2057 
f 2321/2321/2055 2322/2322/2056 2325/2325/2059 2324/2324/2058 
f 2349/2349/2080 2319/2319/2053 2318/2318/2052 2348/2348/2079 
f 2324/3626/2058 2325/3638/2059 1506/1506/1368 1507/1507/1369 
f 2323/3614/2057 2324/3626/2058 1507/1507/1369 1508/1508/1370 
f 1514/3611/1376 2323/3614/2057 1508/1508/1370 1344/1344/1226 
f 1513/1513/1375 2320/2320/2054 2323/2323/2057 1514/1514/1376 
f 1512/1512/1374 2317/2317/2051 2320/2320/2054 1513/1513/1375 
f 2329/2329/2063 2706/2706/2437 1463/1463/1329 1459/1459/1325 
f 2326/2326/2060 1607/1607/1445 1608/1608/1446 2327/2327/2061 
f 2327/2327/2061 1608/1608/1446 1609/1609/1447 2328/2328/2062 
f 2328/2328/2062 1609/1609/1447 1353/1353/1233 1736/1736/1568 
f 2262/2262/2026 2269/2269/2033 2271/2271/2035 2265/2265/2029 
f 2329/2329/2063 1459/1459/1325 1458/1458/1324 2330/2330/2064 
f 2330/2330/2064 1458/1458/1324 1457/1457/1323 2331/2331/2065 
f 2331/2331/2065 1457/1457/1323 1350/1350/1230 1739/1739/1570 
f 1619/1619/1457 1620/1620/1458 2393/2393/2124 2392/2392/2123 
f 1357/1357/1237 1656/1656/1488 2394/2394/2125 1621/1621/1459 
f 1620/1620/1458 1621/1621/1459 2394/2394/2125 2393/2393/2124 
f 1631/1631/1229 1632/1632/1229 1623/1623/1461 1622/1622/1460 
f 1361/1361/1229 1358/1358/1238 1624/1624/1462 1633/1633/1229 
f 1632/1632/1229 1633/1633/1229 1624/1624/1462 1623/1623/1461 
f 2333/2333/1229 1636/1636/1229 1637/1637/1229 2334/2334/1229 
f 1781/1781/1607 1448/1448/1314 2241/2241/2005 2884/2884/2582 
f 1361/1361/1229 1635/1635/1229 2332/2332/1229 1789/1789/1229 
f 2335/2335/2066 1638/1638/1470 1639/1639/1471 2336/2336/2067 
f 2336/2336/2067 1639/1639/1471 1640/3621/1472 2337/2337/2068 
f 2337/3640/2068 1640/1640/1472 1358/1358/1238 1786/1786/1612 
f 2611/2611/2342 1712/1712/1544 1711/1711/1543 2612/2612/2343 
f 2338/2338/2069 1650/1650/1482 1651/1651/1483 2339/2339/2070 
f 2339/2339/2070 1651/1651/1483 1652/1652/1484 2340/2340/2071 
f 1357/1357/1237 1650/1650/1482 2338/2338/2069 1785/1785/1611 
f 1652/1652/1484 1638/1638/1470 2335/2335/2066 2340/2340/2071 
f 2341/2341/2072 2342/2342/2073 2345/2345/2076 2344/2344/2075 
f 2342/2342/2073 2343/2343/2074 2346/2346/2077 2345/2345/2076 
f 2344/2344/2075 2345/2345/2076 2348/2348/2079 2347/2347/2078 
f 2345/2345/2076 2346/2346/2077 2349/2349/2080 2348/2348/2079 
f 1317/1317/1199 1502/1502/1364 2341/2341/2072 1644/1644/1476 
f 1502/1502/1364 1501/1501/1363 2342/2342/2073 2341/2341/2072 
f 1501/1501/1363 1500/1500/1362 2343/2343/2074 2342/2342/2073 
f 2392/2392/2123 2387/2387/2118 1499/1499/1361 1619/1619/1457 
f 1645/1645/1477 2344/2344/2075 2347/2347/2078 1646/1646/1478 
f 1644/1644/1476 2341/2341/2072 2344/2344/2075 1645/1645/1477 
f 2350/2350/2081 2351/2351/2082 2354/2354/2085 2353/2353/2084 
f 2351/2351/2082 2352/2352/2083 2355/2355/2086 2354/2354/2085 
f 2353/2353/2084 2354/2354/2085 2357/2357/2088 2356/2356/2087 
f 2354/2354/2085 2355/2355/2086 2358/2358/2089 2357/2357/2088 
f 1319/1319/1201 1569/1569/1413 2350/2350/2081 1647/1647/1479 
f 1569/1569/1413 1570/1570/1414 2351/2351/2082 2350/2350/2081 
f 1570/1570/1414 1571/1571/1415 2352/2352/2083 2351/2351/2082 
f 1648/1648/1480 2353/2353/2084 2356/2356/2087 1649/1649/1481 
f 1647/1647/1479 2350/2350/2081 2353/2353/2084 1648/1648/1480 
f 2022/2022/1804 2023/2023/1805 2358/2358/2089 2355/2355/2086 
f 2361/2361/2092 2362/2362/2093 2364/2364/2095 2363/2363/2094 
f 1498/1498/1360 2360/2360/2091 2359/2359/2090 1499/1499/1361 
f 2367/2367/2098 2359/2359/2090 2361/2361/2092 2370/2370/2101 
f 1641/1641/1473 2374/2374/2105 2375/2375/2106 1642/1642/1474 
f 1498/1498/1360 1319/1319/1201 1647/1647/1479 2360/2360/2091 
f 2360/2360/2091 1647/1647/1479 1648/1648/1480 2362/2362/2093 
f 2362/2362/2093 1648/1648/1480 1649/1649/1481 2364/2364/2095 
f 2359/2359/2090 2360/2360/2091 2362/2362/2093 2361/2361/2092 
f 2370/2370/2101 2361/2361/2092 2363/2363/2094 2373/2373/2104 
f 2365/2365/2096 2366/2366/2097 2369/2369/2100 2368/2368/2099 
f 2366/2366/2097 2367/2367/2098 2370/2370/2101 2369/2369/2100 
f 2368/2368/2099 2369/2369/2100 2372/2372/2103 2371/2371/2102 
f 2369/2369/2100 2370/2370/2101 2373/2373/2104 2372/2372/2103 
f 1357/1357/1237 1621/1621/1459 2365/2365/2096 1650/1650/1482 
f 1621/1621/1459 1620/1620/1458 2366/2366/2097 2365/2365/2096 
f 1620/1620/1458 1619/1619/1457 2367/2367/2098 2366/2366/2097 
f 1651/1651/1483 2368/2368/2099 2371/2371/2102 1652/1652/1484 
f 1650/1650/1482 2365/2365/2096 2368/2368/2099 1651/1651/1483 
f 2374/2374/2105 1644/1644/1476 1645/1645/1477 2375/2375/2106 
f 1642/1642/1474 2375/2375/2106 2376/2376/2107 1643/1643/1475 
f 2375/2375/2106 1645/1645/1477 1646/1646/1478 2376/2376/2107 
f 1497/1497/1359 2374/2374/2105 1641/1641/1473 1316/1316/1198 
f 1317/1317/1199 1644/1644/1476 2374/2374/2105 1497/1497/1359 
f 2386/2386/2117 2387/2387/2118 2389/2389/2120 2388/2388/2119 
f 2377/2377/2108 2378/2378/2109 2381/2381/2112 2380/2380/2111 
f 2378/2378/2109 2379/2379/2110 2382/2382/2113 2381/2381/2112 
f 2380/2380/2111 2381/2381/2112 2384/2384/2115 2383/2383/2114 
f 2381/2381/2112 2382/2382/2113 2385/2385/2116 2384/2384/2115 
f 1568/1568/1412 1567/1567/1411 2378/2378/2109 2377/2377/2108 
f 1567/1567/1411 1566/1566/1410 2379/2379/2110 2378/2378/2109 
f 1566/3632/1410 1316/1316/1198 1641/1641/1473 2379/3642/2110 
f 2379/3642/2110 1641/1641/1473 1642/1642/1474 2382/3644/2113 
f 2382/3644/2113 1642/1642/1474 1643/1643/1475 2385/3600/2116 
f 2400/2400/2131 2409/2409/2140 2408/2408/2139 2399/2399/2130 
f 2402/2402/2133 2407/2407/2138 2410/2410/2141 2404/2404/2135 
f 2399/2399/2130 2408/2408/2139 2407/2407/2138 2398/2398/2129 
f 2400/2400/2131 1658/1658/1490 1662/1662/1494 2409/2409/2140 
f 2434/2434/2165 1527/1527/1389 1788/1788/1614 2883/2883/2581 
f 1664/1664/1496 2883/2883/2581 1788/1788/1614 1360/1360/1240 
f 2448/2448/2179 2451/2451/2182 2450/2450/2181 2447/2447/2178 
f 2446/2446/2177 2449/2449/2180 1668/1668/1500 1676/1676/1508 
f 2447/2447/2178 2450/2450/2181 2449/3599/2180 2446/3643/2177 
f 2405/2405/2136 2406/2406/2137 1526/1526/1388 1525/1525/1387 
f 2390/2390/2121 2401/2401/2132 1661/1661/1493 1653/1653/1485 
f 2418/2418/2149 1670/1670/1502 1342/1342/1224 1524/1524/1386 
f 2439/2439/2170 1676/1676/1508 1668/1668/1500 2416/2416/2147 
f 2427/2427/2158 2430/2430/2161 2429/2429/2160 2426/2426/2157 
f 2426/2426/2157 2429/2429/2160 2428/2428/2159 2425/2425/2156 
f 2427/2427/2158 1673/1673/1505 1667/1667/1499 2430/2430/2161 
f 2466/2466/2197 2469/2469/2200 2468/2468/2199 2465/2465/2196 
f 2465/2465/2196 2468/2468/2199 2467/2467/2198 2464/2464/2195 
f 2466/2466/2197 1653/1653/1485 1661/1661/1493 2469/2469/2200 
f 2388/3771/2119 2389/3730/2120 2391/2391/2122 2390/2390/2121 
f 2401/2401/2132 2402/2402/2133 2404/2404/2135 2403/2403/2134 
f 2389/3730/2120 2395/3729/2126 2398/2398/2129 2391/2391/2122 
f 2391/2391/2122 2398/2398/2129 2407/2407/2138 2402/2402/2133 
f 1654/1654/1486 2388/3771/2119 2390/2390/2121 1653/1653/1485 
f 1655/1655/1487 2386/2386/2117 2388/2388/2119 1654/3770/1486 
f 2392/2392/2123 2393/2393/2124 2396/2396/2127 2395/2395/2126 
f 2393/2393/2124 2394/2394/2125 2397/2397/2128 2396/2396/2127 
f 2395/3729/2126 2396/3701/2127 2399/2399/2130 2398/2398/2129 
f 2396/3701/2127 2397/3708/2128 2400/2400/2131 2399/2399/2130 
f 2394/2394/2125 1656/1656/1488 1657/1657/1489 2397/2397/2128 
f 2397/3708/2128 1657/3746/1489 1658/1658/1490 2400/2400/2131 
f 2403/2403/2134 2404/2404/2135 2406/2406/2137 2405/2405/2136 
f 2401/2401/2132 2390/2390/2121 2391/2391/2122 2402/2402/2133 
f 2404/2404/2135 2410/2410/2141 2413/2413/2144 2406/2406/2137 
f 2406/2406/2137 2413/2413/2144 1628/1628/1466 1526/1526/1388 
f 1667/1667/1499 2416/2416/2147 2417/2417/2148 1666/1666/1498 
f 1659/1659/1491 2405/2405/2136 1525/1525/1387 1343/1343/1225 
f 1660/1660/1492 2403/2403/2134 2405/2405/2136 1659/1659/1491 
f 1661/1661/1493 2401/2401/2132 2403/2403/2134 1660/1660/1492 
f 2407/2407/2138 2408/2408/2139 2411/2411/2142 2410/2410/2141 
f 2408/2408/2139 2409/2409/2140 2412/2412/2143 2411/2411/2142 
f 2410/2410/2141 2411/2411/2142 2414/2414/2145 2413/2413/2144 
f 2411/2411/2142 2412/2412/2143 2415/2415/2146 2414/2414/2145 
f 2409/2409/2140 1662/1662/1494 1663/1663/1495 2412/2412/2143 
f 2412/2412/2143 1663/1663/1495 1664/1664/1496 2415/2415/2146 
f 2415/2415/2146 1664/1664/1496 1360/1360/1240 1630/1630/1468 
f 2414/2414/2145 2415/2415/2146 1630/1630/1468 1629/1629/1467 
f 2413/2413/2144 2414/2414/2145 1629/1629/1467 1628/1628/1466 
f 2416/2416/2147 1668/1668/1500 1669/1669/1501 2417/2417/2148 
f 1666/1666/1498 2417/2417/2148 2418/2418/2149 1665/1665/1497 
f 2417/2417/2148 1669/1669/1501 1670/1670/1502 2418/2418/2149 
f 2416/2416/2147 1667/1667/1499 1673/1673/1505 2439/2439/2170 
f 1665/1665/1497 2418/2418/2149 1524/1524/1386 1341/1341/1223 
f 1671/1671/1503 2437/2437/2168 2438/2438/2169 1672/1672/1504 
f 2419/2419/2150 2420/2420/2151 2423/2423/2154 2422/2422/2153 
f 2420/2420/2151 2421/2421/2152 2424/2424/2155 2423/2423/2154 
f 2422/3735/2153 2423/3716/2154 2426/2426/2157 2425/2425/2156 
f 2423/3716/2154 2424/3727/2155 2427/2427/2158 2426/2426/2157 
f 2421/2421/2152 1671/1671/1503 1672/1672/1504 2424/2424/2155 
f 2424/3727/2155 1672/3715/1504 1673/1673/1505 2427/2427/2158 
f 2428/2428/2159 2429/2429/2160 2432/2432/2163 2431/2431/2162 
f 2429/2429/2160 2430/2430/2161 2433/2433/2164 2432/2432/2163 
f 2431/2431/2162 2432/2432/2163 2435/2435/2166 2434/2434/2165 
f 2432/2432/2163 2433/2433/2164 2436/2436/2167 2435/2435/2166 
f 2430/2430/2161 1667/1667/1499 1666/1666/1498 2433/2433/2164 
f 2433/2433/2164 1666/1666/1498 1665/1665/1497 2436/2436/2167 
f 2436/2436/2167 1665/1665/1497 1341/1341/1223 1529/1529/1391 
f 2435/2435/2166 2436/2436/2167 1529/1529/1391 1528/1528/1390 
f 2434/2434/2165 2435/2435/2166 1528/1528/1390 1527/1527/1389 
f 2437/2437/2168 1674/1674/1506 1675/1675/1507 2438/2438/2169 
f 1672/3715/1504 2438/3728/2169 2439/2439/2170 1673/1673/1505 
f 2438/3728/2169 1675/3705/1507 1676/1676/1508 2439/2439/2170 
f 2440/2440/2171 2441/2441/2172 2444/2444/2175 2443/2443/2174 
f 2441/2441/2172 2442/2442/2173 2445/2445/2176 2444/2444/2175 
f 2443/3699/2174 2444/3697/2175 2447/2447/2178 2446/3643/2177 
f 2444/3697/2175 2445/3693/2176 2448/2448/2179 2447/2447/2178 
f 1675/3705/1507 2443/3641/2174 2446/2446/2177 1676/1676/1508 
f 1674/1674/1506 2440/3630/2171 2443/3707/2174 1675/1675/1507 
f 2449/3599/2180 2450/2450/2181 2453/2453/2184 2452/2452/2183 
f 2450/2450/2181 2451/2451/2182 2454/2454/2185 2453/2453/2184 
f 2452/2452/2183 2453/2453/2184 2456/2456/2187 2455/2455/2186 
f 2453/2453/2184 2454/2454/2185 2457/2457/2188 2456/2456/2187 
f 2456/2456/2187 2457/2457/2188 1586/1586/1430 1585/1585/1429 
f 2455/2455/2186 2456/2456/2187 1585/1585/1429 1584/1584/1428 
f 1670/1670/1502 2455/3622/2186 1584/3645/1428 1342/1342/1224 
f 1669/1669/1501 2452/3625/2183 2455/3622/2186 1670/1670/1502 
f 1668/1668/1500 2449/2449/2180 2452/3625/2183 1669/1669/1501 
f 2458/2458/2189 2459/2459/2190 2462/2462/2193 2461/2461/2192 
f 2459/2459/2190 2460/2460/2191 2463/2463/2194 2462/2462/2193 
f 2461/3710/2192 2462/3687/2193 2465/2465/2196 2464/2464/2195 
f 2462/3687/2193 2463/3769/2194 2466/2466/2197 2465/2465/2196 
f 2460/2460/2191 1655/1655/1487 1654/3770/1486 2463/2463/2194 
f 2463/3769/2194 1654/1654/1486 1653/1653/1485 2466/2466/2197 
f 2467/2467/2198 2468/2468/2199 2471/2471/2202 2470/2470/2201 
f 2468/2468/2199 2469/2469/2200 2472/2472/2203 2471/2471/2202 
f 2470/2470/2201 2471/2471/2202 2474/2474/2205 2473/2473/2204 
f 2471/2471/2202 2472/2472/2203 2475/2475/2206 2474/2474/2205 
f 2469/2469/2200 1661/1661/1493 1660/1660/1492 2472/2472/2203 
f 2472/2472/2203 1660/1660/1492 1659/1659/1491 2475/2475/2206 
f 2475/2475/2206 1659/1659/1491 1343/1343/1225 1587/1587/1431 
f 2474/2474/2205 2475/2475/2206 1587/1587/1431 1588/1588/1432 
f 2473/2473/2204 2474/2474/2205 1588/1588/1432 1589/1589/1433 
f 2058/2058/1840 2059/2059/1841 2457/2457/2188 2454/2454/2185 
f 2055/2055/1837 2056/2056/1838 2448/2448/2179 2445/3693/2176 
f 2425/2425/2156 2428/2428/2159 2881/2881/2579 2880/2880/2578 
f 2491/2491/2222 2494/2494/2225 2874/2874/2572 2877/2877/2575 
f 2527/2527/2258 2479/2479/2210 1625/1625/1463 1520/1520/1382 
f 2476/2476/2207 2477/2477/2208 2480/2480/2211 2479/2479/2210 
f 2477/2477/2208 2478/2478/2209 2481/2481/2212 2480/2480/2211 
f 2478/2478/2209 1680/1680/1512 1679/1679/1511 2481/2481/2212 
f 2481/2481/2212 1679/1679/1511 1359/1359/1239 1627/1627/1465 
f 2480/2480/2211 2481/2481/2212 1627/1627/1465 1626/1626/1464 
f 2479/2479/2210 2480/2480/2211 1626/1626/1464 1625/1625/1463 
f 2525/2525/2256 2476/2476/2207 2479/2479/2210 2527/2527/2258 
f 2476/2476/2207 2525/2525/2256 2531/2531/2262 2485/2485/2216 
f 2486/2486/2217 2477/2477/2208 2476/2476/2207 2485/2485/2216 
f 2482/2482/2213 2483/2483/2214 2486/2486/2217 2485/2485/2216 
f 2483/2483/2214 2484/2484/2215 2487/2487/2218 2486/2486/2217 
f 2487/2487/2218 2478/2478/2209 2477/2477/2208 2486/2486/2217 
f 1677/1677/1509 1680/1680/1512 2478/2478/2209 2487/2487/2218 
f 1628/1628/1466 1629/1629/1467 2483/2483/2214 2482/2482/2213 
f 1629/1629/1467 1630/1630/1468 2484/2484/2215 2483/2483/2214 
f 1630/1630/1468 1360/1360/1240 1678/1678/1510 2484/2484/2215 
f 2484/2484/2215 1678/1678/1510 1677/1677/1509 2487/2487/2218 
f 2529/2529/2260 2482/2482/2213 2485/2485/2216 2531/2531/2262 
f 1526/1526/1388 1628/1628/1466 2482/2482/2213 2529/2529/2260 
f 2488/2488/2219 2489/2489/2220 2492/2492/2223 2491/2491/2222 
f 2489/2489/2220 2490/2490/2221 2493/2493/2224 2492/2492/2223 
f 1527/1527/1389 1528/1528/1390 2489/2489/2220 2488/2488/2219 
f 1528/1528/1390 1529/1529/1391 2490/2490/2221 2489/2489/2220 
f 1529/1529/1391 1341/1341/1223 1681/1681/1513 2490/2490/2221 
f 2490/2490/2221 1681/1681/1513 1682/1682/1514 2493/2493/2224 
f 2492/2492/2223 2495/2495/2226 2494/2494/2225 2491/2491/2222 
f 2493/2493/2224 2496/2496/2227 2495/2495/2226 2492/2492/2223 
f 1682/1682/1514 1683/1683/1515 2496/2496/2227 2493/2493/2224 
f 2494/2494/2225 2495/2495/2226 2498/2498/2229 2497/2497/2228 
f 2495/2495/2226 2496/2496/2227 2499/2499/2230 2498/2498/2229 
f 2496/2496/2227 1683/1683/1515 1684/1684/1516 2499/2499/2230 
f 2499/2499/2230 1684/1684/1516 1338/1338/1220 1523/1523/1385 
f 2498/2498/2229 2499/2499/2230 1523/1523/1385 1522/1522/1384 
f 2497/2497/2228 2498/2498/2229 1522/1522/1384 1521/1521/1383 
f 2500/2500/2231 2501/2501/2232 2504/2504/2235 2503/2503/2234 
f 2501/2501/2232 2502/2502/2233 2505/2505/2236 2504/2504/2235 
f 1589/1589/1433 1588/1588/1432 2501/2501/2232 2500/2500/2231 
f 1588/1588/1432 1587/1587/1431 2502/2502/2233 2501/2501/2232 
f 1587/1587/1431 1343/1343/1225 1685/1685/1517 2502/2502/2233 
f 2502/2502/2233 1685/1685/1517 1686/1686/1518 2505/2505/2236 
f 2504/2504/2235 2507/2507/2238 2506/2506/2237 2503/2503/2234 
f 2505/2505/2236 2508/2508/2239 2507/2507/2238 2504/2504/2235 
f 1686/1686/1518 1687/1687/1519 2508/2508/2239 2505/2505/2236 
f 2506/2506/2237 2507/2507/2238 2510/2510/2241 2509/2509/2240 
f 2507/2507/2238 2508/2508/2239 2511/2511/2242 2510/2510/2241 
f 2508/2508/2239 1687/1687/1519 1688/1688/1520 2511/2511/2242 
f 2511/2511/2242 1688/1688/1520 1340/1340/1222 1581/1581/1425 
f 2510/2510/2241 2511/2511/2242 1581/1581/1425 1582/1582/1426 
f 2509/2509/2240 2510/2510/2241 1582/1582/1426 1583/1583/1427 
f 2512/2512/2243 2513/2513/2244 2516/2516/2247 2515/2515/2246 
f 2513/2513/2244 2514/2514/2245 2517/2517/2248 2516/2516/2247 
f 1342/1342/1224 1584/3645/1428 2512/3647/2243 1690/1690/1522 
f 1584/1584/1428 1585/1585/1429 2513/2513/2244 2512/2512/2243 
f 1585/1585/1429 1586/1586/1430 2514/2514/2245 2513/2513/2244 
f 1690/1690/1522 2512/3647/2243 2515/3613/2246 1689/1689/1521 
f 2524/2524/2255 2525/2525/2256 2527/2527/2258 2526/2526/2257 
f 2262/2262/2026 2373/2373/2104 2363/2363/2094 2269/2269/2033 
f 2516/2516/2247 2519/2519/2250 2518/2518/2249 2515/2515/2246 
f 2517/2517/2248 2520/2520/2251 2519/2519/2250 2516/2516/2247 
f 2518/2518/2249 2519/2519/2250 2522/2522/2253 2521/2521/2252 
f 2519/2519/2250 2520/2520/2251 2523/2523/2254 2522/2522/2253 
f 2515/3613/2246 2518/3648/2249 1692/1692/1524 1689/1689/1521 
f 2522/2522/2253 2523/2523/2254 1580/1580/1424 1579/1579/1423 
f 2521/2521/2252 2522/2522/2253 1579/1579/1423 1578/1578/1422 
f 1691/1691/1523 2521/3631/2252 1578/3649/1422 1339/1339/1221 
f 1692/1692/1524 2518/3648/2249 2521/3631/2252 1691/1691/1523 
f 2531/2531/2262 2525/2525/2256 2524/2524/2255 2530/2530/2261 
f 2528/2528/2259 2529/2529/2260 2531/2531/2262 2530/2530/2261 
f 1688/1688/1520 2526/2526/2257 1519/1519/1381 1340/1340/1222 
f 1687/1687/1519 2524/2524/2255 2526/2526/2257 1688/1688/1520 
f 2526/2526/2257 2527/2527/2258 1520/1520/1382 1519/1519/1381 
f 1525/1525/1387 1526/1526/1388 2529/2529/2260 2528/2528/2259 
f 1343/1343/1225 1525/1525/1387 2528/2528/2259 1685/1685/1517 
f 1681/1681/1513 2532/2532/2263 2533/2533/2264 1682/1682/1514 
f 2530/2530/2261 2524/2524/2255 1687/1687/1519 1686/1686/1518 
f 1685/1685/1517 2528/2528/2259 2530/2530/2261 1686/1686/1518 
f 2532/2532/2263 1690/1690/1522 1689/1689/1521 2533/2533/2264 
f 1341/1341/1223 1524/1524/1386 2532/2532/2263 1681/1681/1513 
f 1524/1524/1386 1342/1342/1224 1690/1690/1522 2532/2532/2263 
f 1683/1683/1515 2534/2534/2265 2535/2535/2266 1684/1684/1516 
f 1689/1689/1521 1692/1692/1524 2534/2534/2265 2533/2533/2264 
f 2535/2535/2266 1691/1691/1523 1339/1339/1221 1518/1518/1380 
f 2534/2534/2265 1692/1692/1524 1691/1691/1523 2535/2535/2266 
f 2534/2534/2265 1683/1683/1515 1682/1682/1514 2533/2533/2264 
f 1684/1684/1516 2535/2535/2266 1518/1518/1380 1338/1338/1220 
f 2348/2348/2079 2318/2318/2052 2317/2317/2051 2347/2347/2078 
f 2586/2586/2317 2538/2538/2269 2540/2540/2271 2589/2589/2320 
f 2317/2317/2051 1512/1512/1374 1646/1646/1478 2347/2347/2078 
f 2357/2357/2088 2285/2285/2043 2284/2284/2042 2356/2356/2087 
f 2284/2284/2042 1515/1515/1377 1649/1649/1481 2356/2356/2087 
f 2257/2257/2021 1509/1509/1371 1643/1643/1475 2376/2376/2107 
f 1649/1649/1481 1515/1515/1377 2270/2270/2034 2364/2364/2095 
f 2364/2364/2095 2270/2270/2034 2269/2269/2033 2363/2363/2094 
f 2372/2372/2103 2261/2261/2025 2260/2260/2024 2371/2371/2102 
f 2260/2260/2024 1638/1638/1470 1652/1652/1484 2371/2371/2102 
f 1646/1646/1478 1512/1512/1374 2257/2257/2021 2376/2376/2107 
f 2384/2384/2115 2233/2233/1997 2232/2232/1996 2383/2383/2114 
f 1643/1643/1475 1509/1509/1371 2234/3603/1998 2385/3600/2116 
f 2553/2553/2284 2554/2554/2285 1519/1519/1381 1520/1520/1382 
f 2538/2538/2269 2539/2539/2270 2541/2541/2272 2540/2540/2271 
f 1492/1492/1354 2537/2537/2268 2536/2536/2267 1493/1493/1355 
f 2551/2551/2282 2552/2552/2283 2554/2554/2285 2553/2553/2284 
f 1492/1492/1354 1337/1337/1219 1693/1693/1525 2537/2537/2268 
f 2537/2537/2268 1693/1693/1525 1694/1694/1526 2539/2539/2270 
f 2539/2539/2270 1694/1694/1526 1695/1695/1527 2541/2541/2272 
f 2583/2583/2314 2536/2536/2267 2538/2538/2269 2586/2586/2317 
f 1616/1616/1454 1493/1493/1355 2536/2536/2267 2583/2583/2314 
f 2542/2542/2273 2543/2543/2274 2546/2546/2277 2545/2545/2276 
f 2543/2543/2274 2544/2544/2275 2547/2547/2278 2546/2546/2277 
f 2545/2545/2276 2546/2546/2277 2549/2549/2280 2548/2548/2279 
f 2546/2546/2277 2547/2547/2278 2550/2550/2281 2549/2549/2280 
f 1337/1337/1219 1563/1563/1407 2542/2542/2273 1693/1693/1525 
f 1563/1563/1407 1564/1564/1408 2543/2543/2274 2542/2542/2273 
f 1564/1564/1408 1565/1565/1409 2544/2544/2275 2543/2543/2274 
f 1694/1694/1526 2545/2545/2276 2548/2548/2279 1695/1695/1527 
f 1693/1693/1525 2542/2542/2273 2545/2545/2276 1694/1694/1526 
f 2541/2541/2272 1695/1695/1527 1696/1696/1528 2552/2552/2283 
f 2541/2541/2272 2552/2552/2283 2551/2551/2282 2540/2540/2271 
f 2552/2552/2283 1696/1696/1528 1697/1697/1529 2554/2554/2285 
f 2554/2554/2285 1697/1697/1529 1340/1340/1222 1519/1519/1381 
f 1700/1700/1532 2561/2561/2292 2562/2562/2293 1699/1699/1531 
f 2592/2592/2323 2551/2551/2282 2553/2553/2284 2595/2595/2326 
f 2589/2589/2320 2540/2540/2271 2551/2551/2282 2592/2592/2323 
f 2549/2549/2280 2556/2556/2287 2555/2555/2286 2548/2548/2279 
f 2550/2550/2281 2557/2557/2288 2556/2556/2287 2549/2549/2280 
f 2595/2595/2326 2553/2553/2284 1520/1520/1382 1625/1625/1463 
f 2555/2555/2286 2556/2556/2287 2559/2559/2290 2558/2558/2289 
f 2556/2556/2287 2557/2557/2288 2560/2560/2291 2559/2559/2290 
f 2548/2548/2279 2555/2555/2286 1696/1696/1528 1695/1695/1527 
f 2559/2559/2290 2560/2560/2291 1583/1583/1427 1582/1582/1426 
f 2558/2558/2289 2559/2559/2290 1582/1582/1426 1581/1581/1425 
f 1697/1697/1529 2558/2558/2289 1581/1581/1425 1340/1340/1222 
f 1696/1696/1528 2555/2555/2286 2558/2558/2289 1697/1697/1529 
f 2563/2563/2294 1703/1703/1535 1706/1706/1538 2573/2573/2304 
f 2561/2561/2292 1701/1701/1533 1702/1702/1534 2562/2562/2293 
f 1699/1699/1531 2562/2562/2293 2563/2563/2294 1698/1698/1530 
f 2562/2562/2293 1702/1702/1534 1703/1703/1535 2563/2563/2294 
f 1491/1491/1353 2561/2561/2292 1700/1700/1532 1336/1336/1218 
f 1335/1335/1217 1701/1701/1533 2561/2561/2292 1491/1491/1353 
f 1705/1705/1537 2573/2573/2304 2574/2574/2305 1704/1704/1536 
f 2564/2564/2295 2565/2565/2296 2568/2568/2299 2567/2567/2298 
f 2565/2565/2296 2566/2566/2297 2569/2569/2300 2568/2568/2299 
f 2567/2567/2298 2568/2568/2299 2571/2571/2302 2570/2570/2301 
f 2568/2568/2299 2569/2569/2300 2572/2572/2303 2571/2571/2302 
f 1335/1335/1217 1496/1496/1358 2564/2564/2295 1701/1701/1533 
f 1496/1496/1358 1495/1495/1357 2565/2565/2296 2564/2564/2295 
f 1495/1495/1357 1494/1494/1356 2566/2566/2297 2565/2565/2296 
f 1702/1702/1534 2567/2567/2298 2570/2570/2301 1703/1703/1535 
f 1701/1701/1533 2564/2564/2295 2567/2567/2298 1702/1702/1534 
f 2574/2574/2305 1707/1707/1539 1338/1338/1220 1518/1518/1380 
f 2573/2573/2304 1706/1706/1538 1707/1707/1539 2574/2574/2305 
f 2573/2573/2304 1705/1705/1537 1698/1698/1530 2563/2563/2294 
f 1704/1704/1536 2574/2574/2305 1518/1518/1380 1339/1339/1221 
f 2571/2571/2302 2576/2576/2307 2575/2575/2306 2570/2570/2301 
f 2572/2572/2303 2577/2577/2308 2576/2576/2307 2571/2571/2302 
f 2575/2575/2306 2576/2576/2307 2579/2579/2310 2578/2578/2309 
f 2576/2576/2307 2577/2577/2308 2580/2580/2311 2579/2579/2310 
f 2570/2570/2301 2575/2575/2306 1706/1706/1538 1703/1703/1535 
f 2611/2611/2342 2577/2577/2308 2572/2572/2303 2615/2615/2346 
f 2579/2579/2310 2580/2580/2311 1521/1521/1383 1522/1522/1384 
f 2578/2578/2309 2579/2579/2310 1522/1522/1384 1523/1523/1385 
f 1707/1707/1539 2578/2578/2309 1523/1523/1385 1338/1338/1220 
f 1706/1706/1538 2575/2575/2306 2578/2578/2309 1707/1707/1539 
f 2588/2588/2319 2591/2591/2322 2590/2590/2321 2587/2587/2318 
f 2581/2581/2312 2582/2582/2313 2585/2585/2316 2584/2584/2315 
f 2582/2582/2313 2583/2583/2314 2586/2586/2317 2585/2585/2316 
f 2584/2584/2315 2585/2585/2316 2588/2588/2319 2587/2587/2318 
f 2585/2585/2316 2586/2586/2317 2589/2589/2320 2588/2588/2319 
f 1356/1356/1236 1618/1618/1456 2581/2581/2312 1710/1710/1542 
f 1618/1618/1456 1617/1617/1455 2582/2582/2313 2581/2581/2312 
f 1617/1617/1455 1616/1616/1454 2583/2583/2314 2582/2582/2313 
f 1709/1709/1541 2584/2584/2315 2587/2587/2318 1708/1708/1540 
f 1710/1710/1542 2581/2581/2312 2584/2584/2315 1709/1709/1541 
f 2589/2589/2320 2592/2592/2323 2591/2591/2322 2588/2588/2319 
f 2590/2590/2321 2591/2591/2322 2594/2594/2325 2593/2593/2324 
f 2591/2591/2322 2592/2592/2323 2595/2595/2326 2594/2594/2325 
f 2587/2587/2318 2590/2590/2321 1712/1712/1544 1708/1708/1540 
f 2594/2594/2325 2595/2595/2326 1625/1625/1463 1626/1626/1464 
f 2593/2593/2324 2594/2594/2325 1626/1626/1464 1627/1627/1465 
f 1711/1711/1543 2593/2593/2324 1627/1627/1465 1359/1359/1239 
f 1712/1712/1544 2590/2590/2321 2593/2593/2324 1711/1711/1543 
f 2609/2609/2340 2597/2597/2328 2596/2596/2327 2608/2608/2339 
f 2610/2610/2341 2598/2598/2329 2597/2597/2328 2609/2609/2340 
f 2610/3639/2341 1698/1698/1530 1705/1705/1537 2598/3636/2329 
f 2596/2596/2327 2597/2597/2328 2600/2600/2331 2599/2599/2330 
f 2597/2597/2328 2598/2598/2329 2601/2601/2332 2600/2600/2331 
f 2598/3636/2329 1705/1705/1537 1704/1704/1536 2601/3633/2332 
f 2601/3633/2332 1704/1704/1536 1339/1339/1221 1578/3649/1422 
f 2600/2600/2331 2601/2601/2332 1578/1578/1422 1579/1579/1423 
f 2599/2599/2330 2600/2600/2331 1579/1579/1423 1580/1580/1424 
f 2602/2602/2333 2603/2603/2334 2606/2606/2337 2605/2605/2336 
f 2603/2603/2334 2604/2604/2335 2607/2607/2338 2606/2606/2337 
f 2605/2605/2336 2606/2606/2337 2609/2609/2340 2608/2608/2339 
f 2606/2606/2337 2607/2607/2338 2610/2610/2341 2609/2609/2340 
f 1562/1562/1406 1561/1561/1405 2603/2603/2334 2602/2602/2333 
f 1561/1561/1405 1560/1560/1404 2604/2604/2335 2603/2603/2334 
f 1560/3694/1404 1336/1336/1218 1700/1700/1532 2604/3606/2335 
f 2604/3606/2335 1700/1700/1532 1699/1699/1531 2607/3650/2338 
f 2607/3650/2338 1699/1699/1531 1698/1698/1530 2610/3639/2341 
f 2094/2094/1876 2095/2095/1877 2550/2550/2281 2547/2547/2278 
f 2612/2612/2343 1711/1711/1543 1359/1359/1239 1787/1787/1613 
f 2613/2613/2344 1710/1710/1542 1709/1709/1541 2614/2614/2345 
f 2614/2614/2345 1709/1709/1541 1708/1708/1540 2615/2615/2346 
f 1356/1356/1236 1710/1710/1542 2613/2613/2344 1784/1784/1610 
f 2738/2738/2463 1747/1747/1577 1355/1355/1235 1783/1783/1609 
f 2874/2874/2572 2494/2494/2225 2497/2497/2228 2875/2875/2573 
f 2634/2634/2365 2637/2637/2368 2869/2869/2567 2873/2873/2571 
f 2629/2629/2360 2617/2617/2348 2616/2616/2347 2628/2628/2359 
f 2681/2681/2412 2622/2622/2353 1607/1607/1445 1439/1439/1305 
f 2616/2616/2347 2617/2617/2348 2620/2620/2351 2619/2619/2350 
f 2617/2617/2348 2618/2618/2349 2621/2621/2352 2620/2620/2351 
f 2619/2619/2350 2620/2620/2351 2623/2623/2354 2622/2622/2353 
f 2620/2620/2351 2621/2621/2352 2624/2624/2355 2623/2623/2354 
f 2618/2618/2349 1717/1717/1549 1716/1716/1548 2621/2621/2352 
f 2621/2621/2352 1716/1716/1548 1715/1715/1547 2624/2624/2355 
f 2624/2624/2355 1715/1715/1547 1353/1353/1233 1609/1609/1447 
f 2623/2623/2354 2624/2624/2355 1609/1609/1447 1608/1608/1446 
f 2622/2622/2353 2623/2623/2354 1608/1608/1446 1607/1607/1445 
f 2679/2679/2410 2619/2619/2350 2622/2622/2353 2681/2681/2412 
f 2677/2677/2408 2616/2616/2347 2619/2619/2350 2679/2679/2410 
f 2616/2616/2347 2677/2677/2408 2685/2685/2416 2628/2628/2359 
f 2625/2625/2356 2626/2626/2357 2629/2629/2360 2628/2628/2359 
f 2626/2626/2357 2627/2627/2358 2630/2630/2361 2629/2629/2360 
f 2630/2630/2361 2618/2618/2349 2617/2617/2348 2629/2629/2360 
f 1713/1713/1545 1717/1717/1549 2618/2618/2349 2630/2630/2361 
f 1616/3744/1454 1617/3706/1455 2626/2626/2357 2625/2625/2356 
f 1617/3706/1455 1618/3742/1456 2627/2627/2358 2626/2626/2357 
f 1618/3742/1456 1356/3741/1236 1714/1714/1546 2627/2627/2358 
f 2627/2627/2358 1714/1714/1546 1713/1713/1545 2630/2630/2361 
f 2683/2683/2414 2625/2625/2356 2628/2628/2359 2685/2685/2416 
f 2635/2635/2366 2638/2638/2369 2637/2637/2368 2634/2634/2365 
f 1493/3732/1355 1616/3744/1454 2625/2625/2356 2683/2683/2414 
f 2631/2631/2362 2632/2632/2363 2635/2635/2366 2634/2634/2365 
f 2632/2632/2363 2633/2633/2364 2636/2636/2367 2635/2635/2366 
f 2636/2636/2367 2639/2639/2370 2638/2638/2369 2635/2635/2366 
f 1719/1719/1551 1720/1720/1552 2639/2639/2370 2636/2636/2367 
f 1494/3726/1356 1495/3725/1357 2632/2632/2363 2631/2631/2362 
f 1495/3725/1357 1496/3723/1358 2633/2633/2364 2632/2632/2363 
f 1496/3723/1358 1335/3722/1217 1718/1718/1550 2633/2633/2364 
f 2633/2633/2364 1718/1718/1550 1719/1719/1551 2636/2636/2367 
f 2650/2650/2381 2653/2653/2384 2652/2652/2383 2649/2649/2380 
f 2637/2637/2368 2638/2638/2369 2641/2641/2372 2640/2640/2371 
f 2638/2638/2369 2639/2639/2370 2642/2642/2373 2641/2641/2372 
f 2640/2640/2371 2641/2641/2372 2644/2644/2375 2643/2643/2374 
f 2641/2641/2372 2642/2642/2373 2645/2645/2376 2644/2644/2375 
f 2639/2639/2370 1720/1720/1552 1721/1721/1553 2642/2642/2373 
f 2642/2642/2373 1721/1721/1553 1722/1722/1554 2645/2645/2376 
f 2645/2645/2376 1722/1722/1554 1332/1332/1214 1450/1450/1316 
f 2644/2644/2375 2645/2645/2376 1450/1450/1316 1449/1449/1315 
f 2643/2643/2374 2644/2644/2375 1449/1449/1315 1448/1448/1314 
f 2646/2646/2377 2647/2647/2378 2650/2650/2381 2649/2649/2380 
f 2647/2647/2378 2648/2648/2379 2651/2651/2382 2650/2650/2381 
f 2651/2651/2382 2654/2654/2385 2653/2653/2384 2650/2650/2381 
f 1724/1724/1556 1725/1725/1557 2654/2654/2385 2651/2651/2382 
f 1565/3759/1409 1564/3747/1408 2647/2647/2378 2646/2646/2377 
f 1564/3747/1408 1563/3695/1407 2648/2648/2379 2647/2647/2378 
f 1563/3695/1407 1337/3750/1219 1723/1723/1555 2648/2648/2379 
f 2648/2648/2379 1723/1723/1555 1724/1724/1556 2651/2651/2382 
f 2652/2652/2383 2653/2653/2384 2656/2656/2387 2655/2655/2386 
f 2653/2653/2384 2654/2654/2385 2657/2657/2388 2656/2656/2387 
f 2655/2655/2386 2656/2656/2387 2659/2659/2390 2658/2658/2389 
f 2656/2656/2387 2657/2657/2388 2660/2660/2391 2659/2659/2390 
f 2654/2654/2385 1725/1725/1557 1726/1726/1558 2657/2657/2388 
f 2657/2657/2388 1726/1726/1558 1727/1727/1559 2660/2660/2391 
f 2660/2660/2391 1727/1727/1559 1334/1334/1216 1545/1545/1395 
f 2659/2659/2390 2660/2660/2391 1545/1545/1395 1546/1546/1396 
f 2658/2658/2389 2659/2659/2390 1546/1546/1396 1547/1547/1397 
f 2676/2676/2407 2677/2677/2408 2679/2679/2410 2678/2678/2409 
f 2665/2665/2396 2668/2668/2399 2667/2667/2398 2664/2664/2395 
f 2661/2661/2392 2662/2662/2393 2665/2665/2396 2664/2664/2395 
f 2662/2662/2393 2663/2663/2394 2666/2666/2397 2665/2665/2396 
f 2666/2666/2397 2669/2669/2400 2668/2668/2399 2665/2665/2396 
f 1336/3703/1218 1560/3651/1404 2661/3653/2392 1729/1729/1561 
f 1560/3772/1404 1561/3688/1405 2662/2662/2393 2661/2661/2392 
f 1561/3688/1405 1562/3692/1406 2663/2663/2394 2662/2662/2393 
f 2664/3652/2395 2667/3618/2398 1732/1732/1564 1728/1728/1560 
f 2680/2680/2411 2681/2681/2412 1439/1439/1305 1438/1438/1304 
f 1729/1729/1561 2661/3653/2392 2664/3652/2395 1728/1728/1560 
f 2145/2145/1927 2144/2144/1926 2675/2675/2406 2672/2672/2403 
f 2667/2667/2398 2668/2668/2399 2671/2671/2402 2670/2670/2401 
f 2668/2668/2399 2669/2669/2400 2672/2672/2403 2671/2671/2402 
f 2670/2670/2401 2671/2671/2402 2674/2674/2405 2673/2673/2404 
f 2671/2671/2402 2672/2672/2403 2675/2675/2406 2674/2674/2405 
f 2674/2674/2405 2675/2675/2406 1544/1544/1394 1543/1543/1393 
f 2673/2673/2404 2674/2674/2405 1543/1543/1393 1542/3608/1392 
f 1730/1730/1562 2673/3654/2404 1542/1542/1392 1333/1333/1215 
f 1731/1731/1563 2670/3616/2401 2673/3654/2404 1730/1730/1562 
f 1732/1732/1564 2667/3618/2398 2670/3616/2401 1731/1731/1563 
f 2678/2678/2409 2679/2679/2410 2681/2681/2412 2680/2680/2411 
f 2685/2685/2416 2677/2677/2408 2676/2676/2407 2684/2684/2415 
f 2682/2682/2413 2683/2683/2414 2685/2685/2416 2684/2684/2415 
f 1727/1727/1559 2680/2680/2411 1438/1438/1304 1334/1334/1216 
f 1726/1726/1558 2678/2678/2409 2680/2680/2411 1727/1727/1559 
f 1725/1725/1557 2676/2676/2407 2678/2678/2409 1726/1726/1558 
f 1492/3749/1354 1493/3732/1355 2683/2683/2414 2682/2682/2413 
f 1337/3750/1219 1492/3749/1354 2682/2682/2413 1723/1723/1555 
f 1718/1718/1550 2686/2686/2417 2687/2687/2418 1719/1719/1551 
f 2684/2684/2415 2676/2676/2407 1725/1725/1557 1724/1724/1556 
f 1728/1728/1560 1732/1732/1564 2688/2688/2419 2687/2687/2418 
f 1723/1723/1555 2682/2682/2413 2684/2684/2415 1724/1724/1556 
f 2686/2686/2417 1729/1729/1561 1728/1728/1560 2687/2687/2418 
f 1335/3722/1217 1491/3724/1353 2686/2686/2417 1718/1718/1550 
f 2690/2690/2421 1730/1730/1562 1333/1333/1215 1437/1437/1303 
f 1491/3724/1353 1336/3703/1218 1729/1729/1561 2686/2686/2417 
f 1720/1720/1552 2688/2688/2419 2689/2689/2420 1721/1721/1553 
f 2688/2688/2419 1732/1732/1564 1731/1731/1563 2689/2689/2420 
f 1721/1721/1553 2689/2689/2420 2690/2690/2421 1722/1722/1554 
f 2689/2689/2420 1731/1731/1563 1730/1730/1562 2690/2690/2421 
f 2688/2688/2419 1720/1720/1552 1719/1719/1551 2687/2687/2418 
f 1722/1722/1554 2690/2690/2421 1437/1437/1303 1332/1332/1214 
f 1439/1439/1305 2691/2691/2422 2692/2692/2423 1438/1438/1304 
f 1438/1438/1304 2692/2692/2423 1735/1735/1567 1334/1334/1216 
f 1469/1469/1335 1733/1733/1565 2245/2245/2009 2696/2696/2427 
f 2693/2693/2424 2241/2241/2005 2242/2242/2006 2694/2694/2425 
f 2694/2694/2425 2242/2242/2006 2243/2243/2007 2695/2695/2426 
f 2255/2255/2019 2703/2703/2434 1610/1610/1448 1466/1466/1332 
f 2243/2243/2007 1733/1733/1565 1469/1469/1335 2695/2695/2426 
f 1456/1456/1322 2695/2695/2426 1469/1469/1335 1320/1320/1202 
f 1455/1455/1321 2694/2694/2425 2695/2695/2426 1456/1456/1322 
f 1454/1454/1320 2693/2693/2424 2694/2694/2425 1455/1455/1321 
f 2245/2245/2009 1734/1734/1566 1471/1471/1205 2696/2696/2427 
f 1467/1467/1333 2696/2696/2427 1471/1471/1205 1323/1323/1205 
f 2696/2696/2427 1467/1467/1333 1320/1320/1202 1469/1469/1335 
f 2697/2697/2428 2252/2252/2016 2253/2253/2017 2698/2698/2429 
f 2698/2698/2429 2253/2253/2017 2254/2254/2018 2699/2699/2430 
f 2254/2254/2018 1735/1735/1567 1472/1472/1337 2699/2699/2430 
f 1453/1453/1319 2699/2699/2430 1472/1472/1337 1324/1324/1206 
f 1452/1452/1318 2698/2698/2429 2699/2699/2430 1453/1453/1319 
f 1451/1451/1317 2697/2697/2428 2698/2698/2429 1452/1452/1318 
f 2700/2700/2431 2275/3596/2039 2276/2276/2040 2701/2701/2432 
f 2701/2701/2432 2276/2276/2040 2277/2277/2041 2702/2702/2433 
f 1323/1323/1205 1471/1471/1205 2700/3620/2431 1551/1551/1328 
f 1471/1471/1205 1734/1734/1566 2275/2275/2039 2700/3620/2431 
f 1552/1552/1327 2701/2701/2432 2702/2702/2433 1553/1553/1326 
f 1551/3646/1328 2700/2700/2431 2701/2701/2432 1552/1552/1327 
f 2703/2703/2434 2326/2326/2060 2327/2327/2061 2704/2704/2435 
f 2704/2704/2435 2327/2327/2061 2328/2328/2062 2705/2705/2436 
f 1440/1440/1306 2706/2706/2437 2329/2329/2063 1604/1604/1442 
f 2328/2328/2062 1736/1736/1568 1634/1634/1469 2705/2705/2436 
f 1612/1612/1450 2705/2705/2436 1634/1634/1469 1354/1354/1234 
f 1611/1611/1449 2704/2704/2435 2705/2705/2436 1612/1612/1450 
f 1610/1610/1448 2703/2703/2434 2704/2704/2435 1611/1611/1449 
f 2256/2256/2020 1472/1472/1337 1735/1735/1567 2692/2692/2423 
f 1604/1604/1442 2329/2329/2063 2330/2330/2064 1605/1605/1443 
f 1605/1605/1443 2330/2330/2064 2331/2331/2065 1606/1606/1444 
f 2331/2331/2065 1739/1739/1570 1352/1352/1232 1606/1606/1444 
f 1539/3655/1328 2278/3629/1328 2279/2279/1327 1540/1540/1327 
f 1540/1540/1327 2279/2279/1327 2280/2280/1326 1541/1541/1326 
f 1315/1315/1197 1737/1737/1197 2278/2278/1328 1539/1539/1328 
f 1817/1817/1642 1818/1818/1643 3361/3361/3025 3360/3360/3024 
f 1463/1463/1329 2706/2706/2437 2707/2707/2438 1464/1464/1330 
f 1441/1441/1307 1318/1318/1200 1738/1738/1569 2707/2707/2438 
f 1464/1464/1330 2707/2707/2438 1738/1738/1569 1325/1325/1207 
f 2244/2244/2008 1737/1737/1197 1315/1315/1197 1436/1436/1302 
f 1442/1442/1308 2249/2249/2013 2250/2250/2014 1443/1443/1309 
f 1443/1443/1309 2250/2250/2014 2251/2251/2015 1444/1444/1310 
f 2251/2251/2015 1738/1738/1569 1318/1318/1200 1444/1444/1310 
f 1445/1445/1311 2246/2246/2010 2247/2247/2011 1446/1446/1312 
f 1446/1446/1312 2247/2247/2011 2248/2248/2012 1447/1447/1313 
f 2248/2248/2012 1470/1470/1336 1314/1314/1196 1447/1447/1313 
f 1743/1743/1573 1741/1741/1572 2708/2708/2439 2715/2715/2440 
f 1314/1314/1196 1470/1470/1336 2244/2244/2008 1436/1436/1302 
f 2736/2736/2461 2733/2733/2458 2732/2732/2457 2735/2735/2460 
f 2717/2717/2442 2722/2722/2447 2721/2721/2446 2716/2716/2441 
f 2727/2727/2452 2730/2730/2455 2729/2729/2454 2726/2726/2451 
f 2710/2710/1327 2713/2713/1327 2712/2712/1326 2709/2709/1326 
f 2720/2720/2445 2725/2725/2450 2724/2724/2449 2719/2719/2444 
f 2708/2708/2439 1741/1741/1572 1329/1329/1211 1484/1484/1346 
f 1740/1740/1571 2708/2708/2439 1484/1484/1346 1327/1327/1209 
f 1326/1326/1208 1483/1483/1345 2715/2715/2440 1742/1742/1571 
f 1740/1740/1571 2714/2714/1328 2711/2711/1328 1742/1742/1571 
f 1473/1473/1326 1474/1474/1327 2710/2710/1327 2709/2709/1326 
f 1474/1474/1327 1475/1475/1328 2711/3657/1328 2710/2710/1327 
f 1475/3658/1328 1326/1326/1208 1742/1742/1571 2711/2711/1328 
f 2739/2739/2463 2738/2738/2463 2734/2734/2459 2737/2737/2462 
f 2714/2714/1328 1740/1740/1571 1327/1327/1209 1554/1554/1328 
f 2713/2713/1327 2714/3656/1328 1554/3659/1328 1555/1555/1327 
f 2712/2712/1326 2713/2713/1327 1555/1555/1327 1556/1556/1326 
f 1479/1479/1341 1480/1480/1342 2720/2720/2445 2719/2719/2444 
f 1483/1483/1345 1328/1328/1210 1743/1743/1573 2715/2715/2440 
f 2721/2721/2446 1745/1745/1575 1744/1744/1574 2716/2716/2441 
f 1331/1331/1213 1557/1557/1401 2716/2716/2441 1744/1744/1574 
f 1557/1557/1401 1558/1558/1402 2717/2717/2442 2716/2716/2441 
f 1558/1558/1402 1559/1559/1403 2718/2718/2443 2717/2717/2442 
f 2731/2731/2456 2720/2720/2445 1480/1480/1342 1613/1613/1451 
f 2728/2728/2453 2731/2731/2456 2730/2730/2455 2727/2727/2452 
f 2724/2724/2449 1744/1744/1574 1745/1745/1575 2719/2719/2444 
f 1330/1330/1212 1479/1479/1341 2719/2719/2444 1745/1745/1575 
f 2711/3657/1328 2714/3656/1328 2713/2713/1327 2710/2710/1327 
f 2728/2728/2453 2725/2725/2450 2720/2720/2445 2731/2731/2456 
f 2722/2722/2447 2723/2723/2448 1476/1476/1338 1477/1477/1339 
f 2721/2721/2446 2722/2722/2447 1477/1477/1339 1478/1478/1340 
f 1745/1745/1575 2721/2721/2446 1478/1478/1340 1330/1330/1212 
f 2724/2724/2449 2725/2725/2450 1481/1481/1343 1482/1482/1344 
f 1487/1487/1349 1481/1481/1343 2725/2725/2450 2728/2728/2453 
f 1744/1744/1574 2724/2724/2449 1482/1482/1344 1331/1331/1213 
f 2729/2729/2454 1747/1747/1577 1746/1746/1576 2726/2726/2451 
f 1351/1351/1231 1485/1485/1347 2726/2726/2451 1746/1746/1576 
f 1485/1485/1347 1486/1486/1348 2727/2727/2452 2726/2726/2451 
f 1486/1486/1348 1487/1487/1349 2728/2728/2453 2727/2727/2452 
f 1740/1740/1571 1742/1742/1571 2715/2715/2440 2708/2708/2439 
f 2730/2730/2455 2731/2731/2456 1613/1613/1451 1614/1614/1452 
f 2729/2729/2454 2730/2730/2455 1614/1614/1452 1615/1615/1453 
f 1747/1747/1577 2729/2729/2454 1615/1615/1453 1355/1355/1235 
f 1741/1741/1572 1743/1743/1573 2735/2735/2460 2732/2732/2457 
f 1746/1746/1576 1747/1747/1577 2738/2738/2463 2739/2739/2463 
f 2733/2733/2458 2734/2734/2459 1488/1488/1350 1489/1489/1351 
f 2732/2732/2457 2733/2733/2458 1489/1489/1351 1490/1490/1352 
f 1741/1741/1572 2732/2732/2457 1490/1490/1352 1329/1329/1211 
f 2718/2718/2443 2723/2723/2448 2722/2722/2447 2717/2717/2442 
f 1328/1328/1210 1599/1599/1437 2735/2735/2460 1743/1743/1573 
f 1599/1599/1437 1600/1600/1438 2736/2736/2461 2735/2735/2460 
f 1600/1600/1438 1601/1601/1439 2737/2737/2462 2736/2736/2461 
f 3390/3390/3048 3387/3387/3045 3388/3388/3046 3391/3391/3049 
f 1603/1603/1441 1351/1351/1231 1746/1746/1576 2739/2739/2463 
f 1774/1774/1601 2860/2860/2560 2861/2861/2561 1775/1775/1602 
f 2246/2246/2010 1445/1445/1311 1780/1780/1440 2885/2885/1440 
f 2761/2761/2485 2752/2752/2476 2864/2864/2564 2867/2867/2566 
f 1480/1480/1342 2792/2792/2504 2743/2743/2467 1613/1613/1451 
f 2740/2740/2464 2741/2741/2465 2744/2744/2468 2743/2743/2467 
f 2741/2741/2465 2742/2742/2466 2745/2745/2469 2744/2744/2468 
f 2742/2742/2466 1751/1751/1581 1750/1750/1580 2745/2745/2469 
f 2745/2745/2469 1750/1750/1580 1355/1355/1235 1615/1615/1453 
f 2744/2744/2468 2745/2745/2469 1615/1615/1453 1614/1614/1452 
f 2743/2743/2467 2744/2744/2468 1614/1614/1452 1613/1613/1451 
f 2743/2743/2467 2792/2792/2504 2794/2794/2506 2740/2740/2464 
f 2794/2794/2506 2788/2788/2500 2749/2749/2473 2740/2740/2464 
f 2750/2750/2474 2741/2741/2465 2740/2740/2464 2749/2749/2473 
f 2746/2746/2470 2747/2747/2471 2750/2750/2474 2749/2749/2473 
f 2747/2747/2471 2748/2748/2472 2751/2751/2475 2750/2750/2474 
f 2751/2751/2475 2742/2742/2466 2741/2741/2465 2750/2750/2474 
f 1748/1748/1578 1751/1751/1581 2742/2742/2466 2751/2751/2475 
f 1610/1610/1448 1611/1611/1449 2747/2747/2471 2746/2746/2470 
f 1611/1611/1449 1612/1612/1450 2748/2748/2472 2747/2747/2471 
f 1612/1612/1450 1354/1354/1234 1749/1749/1579 2748/2748/2472 
f 2748/2748/2472 1749/1749/1579 1748/1748/1578 2751/2751/2475 
f 2749/2749/2473 2788/2788/2500 2790/2790/2502 2746/2746/2470 
f 2746/2746/2470 2790/2790/2502 1466/1466/1332 1610/1610/1448 
f 2752/2752/2476 2753/2753/2477 2756/2756/2480 2755/2755/2479 
f 2753/2753/2477 2754/2754/2478 2757/2757/2481 2756/2756/2480 
f 2754/2754/2478 1752/1752/1582 1753/1753/1583 2757/2757/2481 
f 2757/2757/2481 1753/1753/1583 1329/1329/1211 1490/1490/1352 
f 2756/2756/2480 2757/2757/2481 1490/1490/1352 1489/1489/1351 
f 2755/2755/2479 2756/2756/2480 1489/1489/1351 1488/1488/1350 
f 2762/2762/2486 2753/2753/2477 2752/2752/2476 2761/2761/2485 
f 2758/2758/2482 2759/2759/2483 2762/2762/2486 2761/2761/2485 
f 2759/2759/2483 2760/2760/2484 2763/2763/2487 2762/2762/2486 
f 2763/2763/2487 2754/2754/2478 2753/2753/2477 2762/2762/2486 
f 1755/1755/1585 1752/1752/1582 2754/2754/2478 2763/2763/2487 
f 1454/1454/1320 1455/1455/1321 2759/2759/2483 2758/2758/2482 
f 1455/1455/1321 1456/1456/1322 2760/2760/2484 2759/2759/2483 
f 1456/1456/1322 1320/1320/1202 1754/1754/1584 2760/2760/2484 
f 2760/2760/2484 1754/1754/1584 1755/1755/1585 2763/2763/2487 
f 2764/2764/2488 2765/2765/2489 2768/2768/2492 2767/2767/2491 
f 2765/2765/2489 2766/2766/2490 2769/2769/2493 2768/2768/2492 
f 1451/1451/1317 1452/1452/1318 2765/2765/2489 2764/2764/2488 
f 1452/1452/1318 1453/1453/1319 2766/2766/2490 2765/2765/2489 
f 1453/1453/1319 1324/1324/1206 1756/1756/1586 2766/2766/2490 
f 2766/2766/2490 1756/1756/1586 1757/1757/1587 2769/2769/2493 
f 2768/2768/2492 2771/2771/2495 2770/2770/2494 2767/2767/2491 
f 2769/2769/2493 2772/2772/2496 2771/2771/2495 2768/2768/2492 
f 1757/1757/1587 1758/1758/1588 2772/2772/2496 2769/2769/2493 
f 2770/2770/2494 2771/2771/2495 2774/2774/2498 2773/2773/2497 
f 2771/2771/2495 2772/2772/2496 2775/2775/2499 2774/2774/2498 
f 2772/2772/2496 1758/1758/1588 1759/1759/1589 2775/2775/2499 
f 2775/2775/2499 1759/1759/1589 1330/1330/1212 1478/1478/1340 
f 2774/2774/2498 2775/2775/2499 1478/1478/1340 1477/1477/1339 
f 2773/2773/2497 2774/2774/2498 1477/1477/1339 1476/1476/1338 
f 2776/2776/1328 2777/2777/1327 2780/2780/1327 2779/2779/1328 
f 2777/2777/1327 2778/2778/1326 2781/2781/1326 2780/2780/1327 
f 1323/1323/1205 1551/1551/1328 2776/3661/1328 1761/1761/1591 
f 1551/3646/1328 1552/1552/1327 2777/2777/1327 2776/2776/1328 
f 1552/1552/1327 1553/1553/1326 2778/2778/1326 2777/2777/1327 
f 1761/1761/1591 2776/3661/1328 2779/3660/1328 1760/1760/1590 
f 2788/2788/2500 2789/2789/2501 2791/2791/2503 2790/2790/2502 
f 2780/2780/1327 2783/2783/1327 2782/2782/1328 2779/2779/1328 
f 2781/2781/1326 2784/2784/1326 2783/2783/1327 2780/2780/1327 
f 2782/2782/1328 2783/2783/1327 2786/2786/1327 2785/2785/1328 
f 2783/2783/1327 2784/2784/1326 2787/2787/1326 2786/2786/1327 
f 2779/3660/1328 2782/3662/1328 1763/1763/1592 1760/1760/1590 
f 2786/2786/1327 2787/2787/1326 1556/1556/1326 1555/1555/1327 
f 2785/2785/1328 2786/2786/1327 1555/1555/1327 1554/3659/1328 
f 1762/1762/1209 2785/3592/1328 1554/1554/1328 1327/1327/1209 
f 1763/1763/1592 2782/3662/1328 2785/3592/1328 1762/1762/1209 
f 2795/2795/2507 2789/2789/2501 2788/2788/2500 2794/2794/2506 
f 2789/2789/2501 1757/1757/1587 1756/1756/1586 2791/2791/2503 
f 2791/2791/2503 1756/1756/1586 1324/1324/1206 1465/1465/1331 
f 2792/2792/2504 2793/2793/2505 2795/2795/2507 2794/2794/2506 
f 2790/2790/2502 2791/2791/2503 1465/1465/1331 1466/1466/1332 
f 1479/1479/1341 2793/2793/2505 2792/2792/2504 1480/1480/1342 
f 1757/1757/1587 2789/2789/2501 2795/2795/2507 1758/1758/1588 
f 1752/1752/1582 2796/2796/2508 2797/2797/2509 1753/1753/1583 
f 1479/1479/1341 1330/1330/1212 1759/1759/1589 2793/2793/2505 
f 2793/2793/2505 1759/1759/1589 1758/1758/1588 2795/2795/2507 
f 2796/2796/2508 1763/1763/1592 1762/1762/1209 2797/2797/2509 
f 2796/2796/2508 1752/1752/1582 1755/1755/1585 2799/2799/2511 
f 1753/1753/1583 2797/2797/2509 1484/1484/1346 1329/1329/1211 
f 1754/1754/1584 2798/2798/2510 2799/2799/2511 1755/1755/1585 
f 1760/1760/1590 1763/1763/1592 2796/2796/2508 2799/2799/2511 
f 2798/2798/2510 1761/1761/1591 1760/1760/1590 2799/2799/2511 
f 1320/1320/1202 1467/1467/1333 2798/2798/2510 1754/1754/1584 
f 2797/2797/2509 1762/1762/1209 1327/1327/1209 1484/1484/1346 
f 1467/1467/1333 1323/1323/1205 1761/1761/1591 2798/2798/2510 
f 1767/1767/1595 2806/2806/2512 2807/2807/2513 1766/1766/1594 
f 2800/2800/1328 2801/2801/1327 2804/2804/1327 2803/2803/1328 
f 2801/2801/1327 2802/2802/1326 2805/2805/1326 2804/2804/1327 
f 1326/1326/1208 1475/3658/1328 2800/3665/1328 1765/1765/1208 
f 1475/1475/1328 1474/1474/1327 2801/2801/1327 2800/2800/1328 
f 1474/1474/1327 1473/1473/1326 2802/2802/1326 2801/2801/1327 
f 1765/1765/1208 2800/3665/1328 2803/3663/1328 1764/1764/1593 
f 2806/2806/2512 1768/1768/1596 1769/1769/1204 2807/2807/2513 
f 2806/2806/2512 1767/1767/1595 1770/1770/1597 2815/2815/2515 
f 1766/1766/1594 2807/2807/2513 1468/1468/1334 1321/1321/1203 
f 1771/1771/1598 2814/2814/2514 2815/2815/2515 1770/1770/1597 
f 2804/2804/1327 2809/2809/1327 2808/2808/1328 2803/2803/1328 
f 2805/2805/1326 2810/2810/1326 2809/2809/1327 2804/2804/1327 
f 2808/2808/1328 2809/2809/1327 2812/2812/1327 2811/2811/1328 
f 2809/2809/1327 2810/2810/1326 2813/2813/1326 2812/2812/1327 
f 2803/3663/1328 2808/3666/1328 1768/1768/1596 1764/1764/1593 
f 2812/2812/1327 2813/2813/1326 1460/1460/1326 1461/1461/1327 
f 2811/2811/1328 2812/2812/1327 1461/1461/1327 1462/3593/1328 
f 1769/1769/1204 2811/3667/1328 1462/1462/1328 1322/1322/1204 
f 1768/1768/1596 2808/3666/1328 2811/3667/1328 1769/1769/1204 
f 1764/1764/1593 1768/1768/1596 2806/2806/2512 2815/2815/2515 
f 2814/2814/2514 1765/1765/1208 1764/1764/1593 2815/2815/2515 
f 1483/1483/1345 2814/2814/2514 1771/1771/1598 1328/1328/1210 
f 2807/2807/2513 1769/1769/1204 1322/1322/1204 1468/1468/1334 
f 1326/1326/1208 1765/1765/1208 2814/2814/2514 1483/1483/1345 
f 2828/2828/2528 2829/2829/2529 2831/2831/2531 2830/2830/2530 
f 2816/2816/2516 2817/2817/2517 2820/2820/2520 2819/2819/2519 
f 2817/2817/2517 2818/2818/2518 2821/2821/2521 2820/2820/2520 
f 2818/2818/2518 1767/1767/1595 1766/1766/1594 2821/2821/2521 
f 2821/2821/2521 1766/1766/1594 1321/1321/1203 1596/1596/1434 
f 2820/2820/2520 2821/2821/2521 1596/1596/1434 1597/1597/1435 
f 2819/2819/2519 2820/2820/2520 1597/1597/1435 1598/1598/1436 
f 2826/2826/2526 2817/2817/2517 2816/2816/2516 2825/2825/2525 
f 2822/2822/2522 2823/2823/2523 2826/2826/2526 2825/2825/2525 
f 2823/2823/2523 2824/2824/2524 2827/2827/2527 2826/2826/2526 
f 2827/2827/2527 2818/2818/2518 2817/2817/2517 2826/2826/2526 
f 1767/1767/1595 2818/2818/2518 2827/2827/2527 1770/1770/1597 
f 1481/1481/1343 1487/1487/1349 2832/2832/2532 2830/2830/2530 
f 1601/1601/1439 1600/1600/1438 2823/2823/2523 2822/2822/2522 
f 1600/1600/1438 1599/1599/1437 2824/2824/2524 2823/2823/2523 
f 1599/1599/1437 1328/1328/1210 1771/1771/1598 2824/2824/2524 
f 2824/2824/2524 1771/1771/1598 1770/1770/1597 2827/2827/2527 
f 2860/2860/2560 2822/2822/2522 2825/2825/2525 2861/2861/2561 
f 2841/2841/2541 2829/2829/2529 2828/2828/2528 2840/2840/2540 
f 2829/2829/2529 1772/1772/1599 1773/1773/1600 2831/2831/2531 
f 2831/2831/2531 1773/1773/1600 1331/1331/1213 1482/1482/1344 
f 2838/2838/2538 2839/2839/2539 2841/2841/2541 2840/2840/2540 
f 2830/2830/2530 2832/2832/2532 2835/2835/2535 2828/2828/2528 
f 2835/2835/2535 2842/2842/2542 2840/2840/2540 2828/2828/2528 
f 2832/2832/2532 2833/2833/2533 2836/2836/2536 2835/2835/2535 
f 2833/2833/2533 2834/2834/2534 2837/2837/2537 2836/2836/2536 
f 1487/1487/1349 1486/1486/1348 2833/2833/2533 2832/2832/2532 
f 1486/1486/1348 1485/1485/1347 2834/2834/2534 2833/2833/2533 
f 1485/1485/1347 1351/1351/1231 1774/1774/1601 2834/2834/2534 
f 2834/2834/2534 1774/1774/1601 1775/1775/1602 2837/2837/2537 
f 2830/2830/2530 2831/2831/2531 1482/1482/1344 1481/1481/1343 
f 1463/1463/1329 1464/1464/1330 2839/2839/2539 2838/2838/2538 
f 1777/1777/1604 1772/1772/1599 2829/2829/2529 2841/2841/2541 
f 1464/1464/1330 1325/1325/1207 1776/1776/1603 2839/2839/2539 
f 2839/2839/2539 1776/1776/1603 1777/1777/1604 2841/2841/2541 
f 2840/2840/2540 2842/2842/2542 2845/2845/2545 2838/2838/2538 
f 2836/2836/2536 2843/2843/2543 2842/2842/2542 2835/2835/2535 
f 2838/2838/2538 2845/2845/2545 1459/1459/1325 1463/1463/1329 
f 2837/2837/2537 2844/2844/2544 2843/2843/2543 2836/2836/2536 
f 1775/1775/1602 1778/1778/1605 2844/2844/2544 2837/2837/2537 
f 2842/2842/2542 2843/2843/2543 2846/2846/2546 2845/2845/2545 
f 2843/2843/2543 2844/2844/2544 2847/2847/2547 2846/2846/2546 
f 2844/2844/2544 1778/1778/1605 1779/1779/1606 2847/2847/2547 
f 2847/2847/2547 1779/1779/1606 1350/1350/1230 1457/1457/1323 
f 2846/2846/2546 2847/2847/2547 1457/1457/1323 1458/1458/1324 
f 2845/2845/2545 2846/2846/2546 1458/1458/1324 1459/1459/1325 
f 2848/2848/2548 2849/2849/2549 2852/2852/2552 2851/2851/2551 
f 2849/2849/2549 2850/2850/2550 2853/2853/2553 2852/2852/2552 
f 1559/1559/1403 1558/1558/1402 2849/2849/2549 2848/2848/2548 
f 1558/1558/1402 1557/1557/1401 2850/2850/2550 2849/2849/2549 
f 1557/1557/1401 1331/1331/1213 1773/1773/1600 2850/2850/2550 
f 2850/2850/2550 1773/1773/1600 1772/1772/1599 2853/2853/2553 
f 2852/2852/2552 2855/2855/2555 2854/2854/2554 2851/2851/2551 
f 2853/2853/2553 2856/2856/2556 2855/2855/2555 2852/2852/2552 
f 1777/1777/1604 2856/2856/2556 2853/2853/2553 1772/1772/1599 
f 2854/2854/2554 2855/2855/2555 2858/2858/2558 2857/2857/2557 
f 2855/2855/2555 2856/2856/2556 2859/2859/2559 2858/2858/2558 
f 2856/2856/2556 1777/1777/1604 1776/1776/1603 2859/2859/2559 
f 2859/2859/2559 1776/1776/1603 1325/1325/1207 1548/1548/1398 
f 2858/2858/2558 2859/2859/2559 1548/1548/1398 1549/1549/1399 
f 2857/2857/2557 2858/2858/2558 1549/1549/1399 1550/1550/1400 
f 2825/2825/2525 2816/2816/2516 2862/2862/2562 2861/2861/2561 
f 1603/1603/1441 2860/2860/2560 1774/1774/1601 1351/1351/1231 
f 1603/1603/1441 1601/1601/1439 2822/2822/2522 2860/2860/2560 
f 1778/1778/1605 2862/2862/2562 2863/2863/2563 1779/1779/1606 
f 2862/2862/2562 2816/2816/2516 2819/2819/2519 2863/2863/2563 
f 1779/1779/1606 2863/2863/2563 1602/1602/1440 1350/1350/1230 
f 2819/2819/2519 1598/1598/1436 1602/1602/1440 2863/2863/2563 
f 2862/2862/2562 1778/1778/1605 1775/1775/1602 2861/2861/2561 
f 2864/2864/2564 2752/2752/2476 2755/2755/2479 2865/2865/2565 
f 1751/1751/1581 2864/2864/2564 2865/2865/2565 1750/1750/1580 
f 2864/2864/2564 1751/1751/1581 1748/1748/1578 2867/2867/2566 
f 2866/2866/1608 2758/2758/2482 2761/2761/2485 2867/2867/2566 
f 1749/1749/1579 2866/2866/1608 2867/2867/2566 1748/1748/1578 
f 1750/1750/1580 2865/2865/2565 1783/1783/1609 1355/1355/1235 
f 1354/1354/1234 1782/1782/1608 2866/2866/1608 1749/1749/1579 
f 1782/1782/1608 1454/1454/1320 2758/2758/2482 2866/2866/1608 
f 2755/2755/2479 1488/1488/1350 1783/1783/1609 2865/2865/2565 
f 1601/1601/1439 1603/1603/1441 2739/2739/2463 2737/2737/2462 
f 2255/2255/2019 2256/2256/2020 2692/2692/2423 2691/2691/2422 
f 2738/2738/2463 1783/1783/1609 1488/1488/1350 2734/2734/2459 
f 1352/1352/1232 1739/1739/1570 2885/2885/1440 1780/1780/1440 
f 1634/1634/1469 1736/1736/1568 2884/2884/2582 2868/2868/1608 
f 1715/1715/1547 2871/2871/2569 1781/1781/1607 1353/1353/1233 
f 2884/2884/2582 2241/2241/2005 2693/2693/2424 2868/2868/1608 
f 1716/1716/1548 2870/2870/2568 2871/2871/2569 1715/1715/1547 
f 2870/2870/2568 2640/2640/2371 2643/2643/2374 2871/2871/2569 
f 2869/2869/2567 1717/1717/1549 1713/1713/1545 2873/2873/2571 
f 2872/2872/2570 2631/2631/2362 2634/2634/2365 2873/2873/2571 
f 1714/1714/1546 2872/2872/2570 2873/2873/2571 1713/1713/1545 
f 1356/3741/1236 1784/3745/1610 2872/2872/2570 1714/1714/1546 
f 1784/3745/1610 1494/3726/1356 2631/2631/2362 2872/2872/2570 
f 2643/2643/2374 1448/1448/1314 1781/1781/1607 2871/2871/2569 
f 2615/2615/2346 1708/1708/1540 1712/1712/1544 2611/2611/2342 
f 2566/2566/2297 2613/2613/2344 2614/2614/2345 2569/2569/2300 
f 2569/2569/2300 2614/2614/2345 2615/2615/2346 2572/2572/2303 
f 1494/1494/1356 1784/1784/1610 2613/2613/2344 2566/2566/2297 
f 2577/2577/2308 2611/2611/2342 2612/2612/2343 2580/2580/2311 
f 2612/2612/2343 1787/1787/1613 1521/1521/1383 2580/2580/2311 
f 1680/1680/1512 2874/2874/2572 2875/2875/2573 1679/1679/1511 
f 2340/2340/2071 2335/2335/2066 2319/2319/2053 2349/2349/2080 
f 2874/2874/2572 1680/1680/1512 1677/1677/1509 2877/2877/2575 
f 2878/2878/2576 2419/2419/2150 2422/2422/2153 2879/2879/2577 
f 2876/2876/2574 2488/2488/2219 2491/2491/2222 2877/2877/2575 
f 1678/1678/1510 2876/2876/2574 2877/2877/2575 1677/1677/1509 
f 1679/1679/1511 2875/2875/2573 1787/1787/1613 1359/1359/1239 
f 1360/1360/1240 1788/1788/1614 2876/2876/2574 1678/1678/1510 
f 1788/1788/1614 1527/1527/1389 2488/2488/2219 2876/2876/2574 
f 2497/2497/2228 1521/1521/1383 1787/1787/1613 2875/2875/2573 
f 1656/1656/1488 2878/2878/2576 2879/2879/2577 1657/1657/1489 
f 1657/3746/1489 2879/3720/2577 2880/2880/2578 1658/1658/1490 
f 2879/3720/2577 2422/3735/2153 2425/2425/2156 2880/2880/2578 
f 1662/1662/1494 2881/2881/2579 2882/2882/2580 1663/1663/1495 
f 2881/2881/2579 2428/2428/2159 2431/2431/2162 2882/2882/2580 
f 1663/1663/1495 2882/2882/2580 2883/2883/2581 1664/1664/1496 
f 2882/2882/2580 2431/2431/2162 2434/2434/2165 2883/2883/2581 
f 2880/2880/2578 2881/2881/2579 1662/1662/1494 1658/1658/1490 
f 1353/1353/1233 1781/1781/1607 2884/2884/2582 1736/1736/1568 
f 2343/2343/2074 2338/2338/2069 2339/2339/2070 2346/2346/2077 
f 2346/2346/2077 2339/2339/2070 2340/2340/2071 2349/2349/2080 
f 1500/1500/1362 1785/1785/1611 2338/2338/2069 2343/2343/2074 
f 2319/2319/2053 2335/2335/2066 2336/2336/2067 2322/2322/2056 
f 2322/2322/2056 2336/2336/2067 2337/2337/2068 2325/2325/2059 
f 2337/3640/2068 1786/1786/1612 1506/1506/1368 2325/3638/2059 
f 2310/2310/1229 2332/2332/1229 2333/2333/1229 2313/2313/1229 
f 2313/2313/1229 2333/2333/1229 2334/2334/1229 2316/2316/1229 
f 1533/1533/1229 1789/1789/1229 2332/2332/1229 2310/2310/1229 
f 1717/1717/1549 2869/2869/2567 2870/2870/2568 1716/1716/1548 
f 2869/2869/2567 2637/2637/2368 2640/2640/2371 2870/2870/2568 
f 1602/1602/1440 2885/2885/1440 1739/1739/1570 1350/1350/1230 
f 1602/1602/1440 1598/1598/1436 2246/2246/2010 2885/2885/1440 
f 2868/2868/1608 1782/1782/1608 1354/1354/1234 1634/1634/1469 
f 2693/2693/2424 1454/1454/1320 1782/1782/1608 2868/2868/1608 
f 2878/2878/2576 1656/1656/1488 1357/1357/1237 1785/1785/1611 
f 2419/2419/2150 2878/2878/2576 1785/1785/1611 1500/1500/1362 
f 1358/1358/1238 1361/1361/1229 1789/1789/1229 1786/1786/1612 
f 1789/1789/1229 1533/1533/1229 1506/1506/1368 1786/1786/1612 
f 2987/2987/1229 2007/2007/1229 2006/2006/1229 2986/2986/1229 
f 2898/2898/2595 2156/2156/1242 1370/1370/1242 1822/1822/1647 
f 2886/2886/2583 2887/2887/2584 2890/2890/2587 2889/2889/2586 
f 2887/2887/2584 2888/2888/2585 2891/2891/2588 2890/2890/2587 
f 2889/2889/2586 2890/2890/2587 2893/2893/2590 2892/2892/2589 
f 2890/2890/2587 2891/2891/2588 2894/2894/2591 2893/2893/2590 
f 1961/1961/1751 1962/1962/1752 2887/2887/2584 2886/2886/2583 
f 1962/1962/1752 1963/1963/1753 2888/2888/2585 2887/2887/2584 
f 1963/3671/1753 1415/1415/1285 1928/1928/1731 2888/3668/2585 
f 2888/3668/2585 1928/1928/1731 1927/1927/1730 2891/3669/2588 
f 2891/3669/2588 1927/1927/1730 1926/1926/1729 2894/3670/2591 
f 2894/3670/2591 1926/1926/1729 1393/1393/1271 1865/1865/1686 
f 2893/2893/2590 2894/2894/2591 1865/3672/1686 1864/1864/1685 
f 2892/2892/2589 2893/2893/2590 1864/1864/1685 1863/1863/1684 
f 2897/2897/2594 2150/2150/1932 1380/1380/1258 1804/1804/1629 
f 2896/2896/2593 2897/2897/2594 1804/1804/1629 1803/1803/1628 
f 2895/2895/2592 2896/2896/2593 1803/1803/1628 1802/1802/1627 
f 1838/1838/1659 3362/3362/3026 2161/2161/1941 1375/1375/1253 
f 1824/1824/1649 2898/2898/2595 1822/1822/1647 1369/1369/1248 
f 2899/2899/2596 2151/2151/1933 1381/1381/1259 1791/1791/1616 
f 2150/2150/1932 2899/2899/2596 1791/1791/1616 1380/1380/1258 
f 2909/2909/2606 2910/2910/2607 1819/1819/1644 1820/1820/1645 
f 1800/1800/1625 1801/1801/1626 2902/2902/2599 2901/2901/2598 
f 2902/2902/2599 1824/1824/1649 1369/1369/1248 1964/1964/1754 
f 2901/2901/2598 2902/2902/2599 1964/1964/1754 1965/1965/1755 
f 2900/2900/2597 2901/2901/2598 1965/1965/1755 1966/1966/1756 
f 1797/1797/1622 1798/1798/1623 2905/2905/2602 2904/2904/2601 
f 2905/2905/2602 2157/2157/1938 1373/1373/1251 1902/1902/1711 
f 2904/2904/2601 2905/2905/2602 1902/1902/1711 1903/1903/1712 
f 2903/2903/2600 2904/2904/2601 1903/1903/1712 1904/1904/1713 
f 2159/2159/1939 2903/2903/2600 1904/1904/1713 1407/1407/1279 
f 2908/2908/2605 2152/2152/1934 1382/1382/1260 1899/1899/1708 
f 2907/2907/2604 2908/2908/2605 1899/1899/1708 1900/1900/1709 
f 2906/2906/2603 2907/2907/2604 1900/1900/1709 1901/1901/1710 
f 2154/2154/1936 2906/2906/2603 1901/1901/1710 1406/1406/1278 
f 2910/2910/2607 1826/1826/1650 1372/1372/1250 1819/1819/1644 
f 3091/3091/2755 2051/2051/1833 1364/1364/1243 1851/1851/1672 
f 2909/2909/2606 3357/3357/3021 2980/2980/2647 3345/3345/3009 
f 3040/3040/2704 3043/3043/2707 1853/1853/1674 1852/1852/1673 
f 1365/1365/1244 2048/2048/1830 3091/3091/2755 1851/1851/1672 
f 1863/1863/1684 1864/1864/1685 2912/2912/2609 2911/2911/2608 
f 1367/1367/1246 2032/2032/1814 3040/3040/2704 1852/1852/1673 
f 3044/3044/2708 3047/3047/2711 3046/3046/2710 3043/3043/2707 
f 1854/1854/1675 3073/3073/2737 3076/3076/2740 1855/1855/1676 
f 1855/1855/1676 3076/3076/2740 3079/3079/2743 1856/1856/1677 
f 3079/3079/2743 2048/2048/1830 1365/1365/1244 1856/1856/1677 
f 1925/1925/1728 3112/3112/2776 3115/3115/2779 1924/1924/1727 
f 1924/1924/1727 3115/3115/2779 3118/3118/2782 1923/1923/1726 
f 1414/1414/1284 2062/2062/1844 3112/3112/2776 1925/1925/1728 
f 3118/3118/2782 2032/2032/1814 1367/1367/1246 1923/1923/1726 
f 1864/1864/1685 1865/3672/1686 2913/2913/2610 2912/2912/2609 
f 2912/2912/2609 1867/1867/1688 1866/1866/1687 2911/2911/2608 
f 2913/2913/2610 1868/1868/1689 1867/1867/1688 2912/2912/2609 
f 1857/1857/1678 2913/3664/2610 1865/1865/1686 1393/1393/1271 
f 1392/1392/1270 1868/3673/1689 2913/3664/2610 1857/1857/1678 
f 2924/2924/2621 2927/2927/2624 2926/2926/2623 2923/2923/2620 
f 2914/2914/2611 2915/2915/2612 2918/2918/2615 2917/2917/2614 
f 2915/2915/2612 2916/2916/2613 2919/2919/2616 2918/2918/2615 
f 2917/2917/2614 2918/2918/2615 2921/2921/2618 2920/2920/2617 
f 2918/2918/2615 2919/2919/2616 2922/2922/2619 2921/2921/2618 
f 2009/2009/1791 2010/2010/1792 2915/2915/2612 2914/2914/2611 
f 2010/2010/1792 2011/2011/1793 2916/2916/2613 2915/2915/2612 
f 2011/3637/1793 1431/1431/1299 1992/1992/1782 2916/3674/2613 
f 2916/3674/2613 1992/1992/1782 1991/1991/1781 2919/3675/2616 
f 2919/3675/2616 1991/1991/1781 1990/1990/1780 2922/3676/2619 
f 1959/1959/1229 2958/2958/1229 2955/2955/1229 2002/2002/1229 
f 1859/1859/1680 2925/2925/2622 2922/3676/2619 1990/1990/1780 
f 2922/2922/2619 2925/3677/2622 2924/2924/2621 2921/2921/2618 
f 2925/3677/2622 2928/2928/2625 2927/2927/2624 2924/2924/2621 
f 1858/1858/1679 2928/3678/2625 2925/2925/2622 1859/1859/1680 
f 2928/3678/2625 1858/1858/1679 1394/1394/1272 1871/1871/1692 
f 2927/2927/2624 2928/2928/2625 1871/3679/1692 1870/1870/1691 
f 2926/2926/2623 2927/2927/2624 1870/1870/1691 1869/1869/1690 
f 1857/1857/1678 1884/1884/1229 1395/1395/1229 1392/1392/1270 
f 1857/1857/1678 1393/1393/1271 1396/1396/1229 1884/1884/1229 
f 1885/1885/1229 1858/1858/1679 1859/1859/1680 1886/1886/1229 
f 1394/1394/1272 1858/1858/1679 1885/1885/1229 1397/1397/1229 
f 2002/2002/1229 2301/2301/1229 2306/2306/1229 1959/1959/1229 
f 1990/1990/1780 1999/1999/1229 1886/1886/1229 1859/1859/1680 
f 1887/1887/1229 1860/1860/1681 1861/1861/1682 1888/1888/1229 
f 1888/1888/1229 1861/1861/1682 1862/1862/1683 1889/1889/1229 
f 1862/1862/1683 1392/1392/1270 1395/1395/1229 1889/1889/1229 
f 1949/1949/1229 1931/1931/1734 1930/1930/1733 1948/1948/1229 
f 1948/1948/1229 1930/1930/1733 1929/1929/1732 1947/1947/1229 
f 1422/1422/1229 1416/1416/1286 1931/1931/1734 1949/1949/1229 
f 1929/1929/1732 1394/1394/1272 1397/1397/1229 1947/1947/1229 
f 1959/1959/1229 2306/2306/1229 2307/2307/1229 1958/1958/1229 
f 2895/2895/2592 1802/1802/1627 2222/2222/1988 3538/3538/3169 
f 2307/2307/1229 1595/1595/1229 1422/1422/1229 1958/1958/1229 
f 2004/2004/1229 2299/2299/1229 2300/2300/1229 2003/2003/1229 
f 2003/2003/1229 2300/2300/1229 2301/2301/1229 2002/2002/1229 
f 1435/1435/1229 1637/1637/1229 2299/2299/1229 2004/2004/1229 
f 1952/1952/1747 1953/1953/1748 2289/2289/2047 2286/2286/2044 
f 1416/1416/1286 1577/1577/1421 2292/3628/2050 1954/3627/1749 
f 1951/1951/1229 2283/2283/1229 1536/1536/1229 1403/1403/1229 
f 1421/1421/1229 1592/1592/1229 2283/2283/1229 1951/1951/1229 
f 2442/2442/2173 1568/1568/1412 1413/1413/1283 2054/2054/1836 
f 2280/2280/1326 2158/2158/1275 1404/1404/1275 1541/1541/1326 
f 2280/2280/1326 1460/1460/1326 1400/1400/1275 2158/2158/1275 
f 2277/2277/2041 1544/1544/1394 1405/1405/1277 2153/2153/1935 
f 1944/1944/1229 1945/1945/1229 2936/2936/1229 2935/2935/1229 
f 2931/2931/2628 2153/2153/1935 1405/1405/1277 1898/1898/1707 
f 2930/2930/2627 2931/2931/2628 1898/1898/1707 1897/1897/1706 
f 2929/2929/2626 2930/2930/2627 1897/1897/1706 1896/1896/1705 
f 2151/2151/1933 2929/2929/2626 1896/1896/1705 1381/1381/1259 
f 1894/1894/1640 1895/1895/1639 2934/2934/1639 2933/2933/1640 
f 2934/2934/1639 2158/2158/1275 1400/1400/1275 1814/1814/1639 
f 2933/2933/1640 2934/2934/1639 1814/1814/1639 1815/1815/1640 
f 2932/2932/1641 2933/2933/1640 1815/1815/1640 1816/1816/1641 
f 2156/2156/1242 2932/2932/1641 1816/1816/1641 1370/1370/1242 
f 1920/1920/1723 3094/3094/2758 3097/3097/2761 1921/1921/1724 
f 1921/1921/1724 3097/3097/2761 3100/3100/2764 1922/1922/1725 
f 1364/1364/1243 2051/2051/1833 3094/3094/2758 1920/1920/1723 
f 3100/3100/2764 2054/2054/1836 1413/1413/1283 1922/1922/1725 
f 1945/1945/1229 1946/1946/1229 2937/2937/1229 2936/2936/1229 
f 2936/2936/1229 1891/1891/1229 1892/1892/1229 2935/2935/1229 
f 2937/2937/1229 1890/1890/1229 1891/1891/1229 2936/2936/1229 
f 1951/1951/1229 2937/2937/1229 1946/1946/1229 1421/1421/1229 
f 2957/2957/1229 2960/2960/1229 2959/2959/1229 2956/2956/1229 
f 1403/1403/1229 1890/1890/1229 2937/2937/1229 1951/1951/1229 
f 1884/1884/1229 2935/2935/1229 1892/1892/1229 1395/1395/1229 
f 2935/2935/1229 1884/1884/1229 1396/1396/1229 1944/1944/1229 
f 2938/2938/2629 2939/2939/2630 2942/2942/2633 2941/2941/2632 
f 2939/2939/2630 2940/2940/2631 2943/2943/2634 2942/2942/2633 
f 2941/2941/2632 2942/2942/2633 2945/2945/2636 2944/2944/2635 
f 2942/2942/2633 2943/2943/2634 2946/2946/2637 2945/2945/2636 
f 1869/1869/1690 1870/1870/1691 2939/2939/2630 2938/2938/2629 
f 1870/1870/1691 1871/3679/1692 2940/2940/2631 2939/2939/2630 
f 1871/1871/1692 1394/1394/1272 1929/1929/1732 2940/3680/2631 
f 2940/3680/2631 1929/1929/1732 1930/1930/1733 2943/3681/2634 
f 2943/3681/2634 1930/1930/1733 1931/1931/1734 2946/3682/2637 
f 2946/3682/2637 1931/1931/1734 1416/1416/1286 1954/3627/1749 
f 2945/2945/2636 2946/2946/2637 1954/1954/1749 1953/1953/1748 
f 2944/2944/2635 2945/2945/2636 1953/1953/1748 1952/1952/1747 
f 1944/1944/1229 1926/1926/1729 1927/1927/1730 1945/1945/1229 
f 1945/1945/1229 1927/1927/1730 1928/1928/1731 1946/1946/1229 
f 1396/1396/1229 1393/1393/1271 1926/1926/1729 1944/1944/1229 
f 1928/1928/1731 1415/1415/1285 1421/1421/1229 1946/1946/1229 
f 2947/2947/1229 2948/2948/1229 2951/2951/1229 2950/2950/1229 
f 2948/2948/1229 2949/2949/1229 2952/2952/1229 2951/2951/1229 
f 2950/2950/1229 2951/2951/1229 2954/2954/1229 2953/2953/1229 
f 2951/2951/1229 2952/2952/1229 2955/2955/1229 2954/2954/1229 
f 1434/1434/1229 2006/2006/1229 2947/2947/1229 2001/2001/1789 
f 2006/2006/1229 2007/2007/1229 2948/2948/1229 2947/2947/1229 
f 2007/2007/1229 2008/2008/1229 2949/2949/1229 2948/2948/1229 
f 2008/2008/1229 1435/1435/1229 2004/2004/1229 2949/2949/1229 
f 2949/2949/1229 2004/2004/1229 2003/2003/1229 2952/2952/1229 
f 2952/2952/1229 2003/2003/1229 2002/2002/1229 2955/2955/1229 
f 2955/2955/1229 2958/2958/1229 2957/2957/1229 2954/2954/1229 
f 2954/2954/1229 2957/2957/1229 2956/2956/1229 2953/2953/1229 
f 2953/2953/1229 2956/2956/1229 1886/1886/1229 1999/1999/1229 
f 2000/2000/1229 2950/2950/1229 2953/2953/1229 1999/1999/1229 
f 2001/2001/1789 2947/2947/1229 2950/2950/1229 2000/2000/1229 
f 2958/2958/1229 2961/2961/1229 2960/2960/1229 2957/2957/1229 
f 1958/1958/1229 2961/2961/1229 2958/2958/1229 1959/1959/1229 
f 1886/1886/1229 2956/2956/1229 2959/2959/1229 1885/1885/1229 
f 2961/2961/1229 1958/1958/1229 1422/1422/1229 1949/1949/1229 
f 2960/2960/1229 2961/2961/1229 1949/1949/1229 1948/1948/1229 
f 2959/2959/1229 2960/2960/1229 1948/1948/1229 1947/1947/1229 
f 1885/1885/1229 2959/2959/1229 1947/1947/1229 1397/1397/1229 
f 1422/1422/1229 1595/1595/1229 1577/1577/1421 1416/1416/1286 
f 2062/2062/1844 1414/1414/1284 1571/1571/1415 2458/2458/2189 
f 2154/2154/1936 1406/1406/1278 1547/1547/1397 2252/2252/2016 
f 2249/2249/2013 1442/1442/1308 1398/1398/1273 2159/2159/1939 
f 2159/2159/1939 1407/1407/1279 1550/1550/1400 2249/2249/2013 
f 2235/2235/1999 1962/1962/1752 1961/1961/1751 2232/2232/1996 
f 2238/3607/2002 1574/1574/1418 1415/1415/1285 1963/3671/1753 
f 2238/2238/2002 1963/1963/1753 1962/1962/1752 2235/2235/1999 
f 2962/2962/1229 2963/2963/1229 2966/2966/1229 2965/2965/1229 
f 2963/2963/1229 2964/2964/1229 2967/2967/1229 2966/2966/1229 
f 2965/2965/1229 2966/2966/1229 2969/2969/1229 2968/2968/1229 
f 2966/2966/1229 2967/2967/1229 2970/2970/1229 2969/2969/1229 
f 1395/1395/1229 1892/1892/1229 2962/2962/1229 1889/1889/1229 
f 1892/1892/1229 1891/1891/1229 2963/2963/1229 2962/2962/1229 
f 1891/1891/1229 1890/1890/1229 2964/2964/1229 2963/2963/1229 
f 1890/1890/1229 1403/1403/1229 1957/1957/1229 2964/2964/1229 
f 2964/2964/1229 1957/1957/1229 1956/1956/1229 2967/2967/1229 
f 2967/2967/1229 1956/1956/1229 1955/1955/1229 2970/2970/1229 
f 1888/1888/1229 2965/2965/1229 2968/2968/1229 1887/1887/1229 
f 1889/1889/1229 2962/2962/1229 2965/2965/1229 1888/1888/1229 
f 1957/1957/1229 2314/2314/1229 2315/2315/1229 1956/1956/1229 
f 1956/1956/1229 2315/2315/1229 2316/2316/1229 1955/1955/1229 
f 1536/1536/1229 2314/2314/1229 1957/1957/1229 1403/1403/1229 
f 1468/1468/1334 2244/2244/2008 1470/1470/1336 1321/1321/1203 
f 2971/2971/2638 2972/2972/2639 2975/2975/2642 2974/2974/2641 
f 2972/2972/2639 2973/2973/2640 2976/2976/2643 2975/2975/2642 
f 2974/2974/2641 2975/2975/2642 2978/2978/2645 2977/2977/2644 
f 2975/2975/2642 2976/2976/2643 2979/2979/2646 2978/2978/2645 
f 1866/1866/1687 1867/1867/1688 2972/2972/2639 2971/2971/2638 
f 1867/1867/1688 1868/1868/1689 2973/2973/2640 2972/2972/2639 
f 1868/3673/1689 1392/1392/1270 1862/1862/1683 2973/3683/2640 
f 2973/3683/2640 1862/1862/1683 1861/1861/1682 2976/3684/2643 
f 2976/3684/2643 1861/1861/1682 1860/1860/1681 2979/3685/2646 
f 3346/3346/3010 2910/2910/2607 2909/2909/2606 3345/3345/3009 
f 2982/2982/2649 2155/2155/1937 1426/1426/1294 1977/1977/1767 
f 2981/2981/2648 2982/2982/2649 1977/1977/1767 1976/1976/1766 
f 2980/2980/2647 2981/2981/2648 1976/1976/1766 1975/1975/1765 
f 1813/1813/1638 1817/1817/1642 3360/3360/3024 2983/2983/2650 
f 1973/1973/1763 1974/1974/1764 2985/2985/2652 2984/2984/2651 
f 2985/2985/2652 2160/2160/1940 1423/1423/1291 1811/1811/1636 
f 2984/2984/2651 2985/2985/2652 1811/1811/1636 1812/1812/1637 
f 2983/2983/2650 2984/2984/2651 1812/1812/1637 1813/1813/1638 
f 2921/2921/2618 2924/2924/2621 2923/2923/2620 2920/2920/2617 
f 1987/1987/1777 3046/3046/2710 3049/3049/2713 1988/1988/1778 
f 1988/1988/1778 3049/3049/2713 3052/3052/2716 1989/1989/1779 
f 3052/3052/2716 2033/2033/1815 1430/1430/1298 1989/1989/1779 
f 1999/1999/1229 1990/1990/1780 1991/1991/1781 2000/2000/1229 
f 2000/2000/1229 1991/1991/1781 1992/1992/1782 2001/2001/1789 
f 1992/1992/1782 1431/1431/1299 1434/1434/1229 2001/2001/1789 
f 2988/2988/1229 2008/2008/1229 2007/2007/1229 2987/2987/1229 
f 1435/1435/1229 2008/2008/1229 2988/2988/1229 2231/2231/1229 
f 2970/2970/1229 2988/2988/1229 2987/2987/1229 2969/2969/1229 
f 2230/2230/1229 2986/2986/1229 2006/2006/1229 1434/1434/1229 
f 1637/1637/1229 1435/1435/1229 2231/2231/1229 2334/2334/1229 
f 2990/2990/2654 2010/2010/1792 2009/2009/1791 2989/2989/2653 
f 2979/2979/2646 2991/2991/2655 2990/2990/2654 2978/2978/2645 
f 2991/2991/2655 2011/2011/1793 2010/2010/1792 2990/2990/2654 
f 1431/1431/1299 2011/3637/1793 2991/3686/2655 2227/2227/1993 
f 3003/3003/2667 2994/2994/2658 2993/2993/2657 3002/3002/2666 
f 2993/2993/2657 2028/2028/1810 2027/2027/1809 2992/2992/2656 
f 2994/2994/2658 2029/2029/1811 2028/2028/1810 2993/2993/2657 
f 2226/2226/1992 2992/2992/2656 2027/2027/1809 1430/1430/1298 
f 2989/2989/2653 2009/2009/1791 2029/2029/1811 2994/2994/2658 
f 2995/2995/2659 2996/2996/2660 2999/2999/2663 2998/2998/2662 
f 2996/2996/2660 2997/2997/2661 3000/3000/2664 2999/2999/2663 
f 2998/2998/2662 2999/2999/2663 3002/3002/2666 3001/3001/2665 
f 2999/2999/2663 3000/3000/2664 3003/3003/2667 3002/3002/2666 
f 1365/1365/1244 2015/2015/1797 2995/2995/2659 1856/1856/1677 
f 2015/2015/1797 2016/2016/1798 2996/2996/2660 2995/2995/2659 
f 2016/2016/1798 2017/2017/1799 2997/2997/2661 2996/2996/2660 
f 3043/3043/2707 3046/3046/2710 1987/1987/1777 1853/1853/1674 
f 1855/1855/1676 2998/2998/2662 3001/3001/2665 1854/1854/1675 
f 1856/1856/1677 2995/2995/2659 2998/2998/2662 1855/1855/1676 
f 2380/2380/2111 2025/2025/1807 2024/2024/1806 2377/2377/2108 
f 2383/2383/2114 2026/2026/1808 2025/2025/1807 2380/2380/2111 
f 2024/2024/1806 1413/1413/1283 1568/1568/1412 2377/2377/2108 
f 3004/3004/2668 3005/3005/2669 3008/3008/2672 3007/3007/2671 
f 3005/3005/2669 3006/3006/2670 3009/3009/2673 3008/3008/2672 
f 3007/3007/2671 3008/3008/2672 3011/3011/2675 3010/3010/2674 
f 3008/3008/2672 3009/3009/2673 3012/3012/2676 3011/3011/2675 
f 1367/1367/1246 2018/2018/1800 3004/3004/2668 1923/1923/1726 
f 2018/2018/1800 2019/2019/1801 3005/3005/2669 3004/3004/2668 
f 2019/2019/1801 2020/2020/1802 3006/3006/2670 3005/3005/2669 
f 3011/3011/2675 3012/3012/2676 2023/2023/1805 2022/2022/1804 
f 3010/3010/2674 3011/3011/2675 2022/2022/1804 2021/2021/1803 
f 1925/1925/1728 3010/3010/2674 2021/2021/1803 1414/1414/1284 
f 1924/1924/1727 3007/3007/2671 3010/3010/2674 1925/1925/1728 
f 1923/1923/1726 3004/3004/2668 3007/3007/2671 1924/1924/1727 
f 2021/2021/1803 2022/2022/1804 2355/2355/2086 2352/2352/2083 
f 3014/3014/2678 3017/3017/2681 3016/3016/2680 3013/3013/2677 
f 1414/1414/1284 2021/2021/1803 2352/2352/2083 1571/1571/1415 
f 3015/3015/2679 3018/3018/2682 3017/3017/2681 3014/3014/2678 
f 1853/1853/1674 3013/3013/2677 3016/3016/2680 1852/1852/1673 
f 3025/3025/2689 3026/3026/2690 3014/3014/2678 3013/3013/2677 
f 3026/3026/2690 3027/3027/2691 3015/3015/2679 3014/3014/2678 
f 3017/3017/2681 3018/3018/2682 2020/2020/1802 2019/2019/1801 
f 3016/3016/2680 3017/3017/2681 2019/2019/1801 2018/2018/1800 
f 1852/1852/1673 3016/3016/2680 2018/2018/1800 1367/1367/1246 
f 2012/2012/1794 2013/2013/1795 3029/3029/2693 3028/3028/2692 
f 3019/3019/2683 3020/3020/2684 3023/3023/2687 3022/3022/2686 
f 3020/3020/2684 3021/3021/2685 3024/3024/2688 3023/3023/2687 
f 3022/3022/2686 3023/3023/2687 3026/3026/2690 3025/3025/2689 
f 3023/3023/2687 3024/3024/2688 3027/3027/2691 3026/3026/2690 
f 1430/1430/1298 2027/2027/1809 3019/3019/2683 1989/1989/1779 
f 2027/2027/1809 2028/2028/1810 3020/3020/2684 3019/3019/2683 
f 2028/2028/1810 2029/2029/1811 3021/3021/2685 3020/3020/2684 
f 1988/1988/1778 3022/3022/2686 3025/3025/2689 1987/1987/1777 
f 1989/1989/1779 3019/3019/2683 3022/3022/2686 1988/1988/1778 
f 2013/2013/1795 2014/2014/1796 3030/3030/2694 3029/3029/2693 
f 3029/3029/2693 2016/2016/1798 2015/2015/1797 3028/3028/2692 
f 3030/3030/2694 2017/2017/1799 2016/2016/1798 3029/3029/2693 
f 1851/1851/1672 3028/3028/2692 2015/2015/1797 1365/1365/1244 
f 3041/3041/2705 3044/3044/2708 3043/3043/2707 3040/3040/2704 
f 3028/3028/2692 1851/1851/1672 1364/1364/1243 2012/2012/1794 
f 3031/3031/2695 3032/3032/2696 3035/3035/2699 3034/3034/2698 
f 3032/3032/2696 3033/3033/2697 3036/3036/2700 3035/3035/2699 
f 3034/3034/2698 3035/3035/2699 3038/3038/2702 3037/3037/2701 
f 3035/3035/2699 3036/3036/2700 3039/3039/2703 3038/3038/2702 
f 1413/1413/1283 2024/2024/1806 3031/3031/2695 1922/1922/1725 
f 2024/2024/1806 2025/2025/1807 3032/3032/2696 3031/3031/2695 
f 2025/2025/1807 2026/2026/1808 3033/3033/2697 3032/3032/2696 
f 3038/3038/2702 3039/3039/2703 2014/2014/1796 2013/2013/1795 
f 3037/3037/2701 3038/3038/2702 2013/2013/1795 2012/2012/1794 
f 1920/1920/1723 3037/3037/2701 2012/2012/1794 1364/1364/1243 
f 1921/1921/1724 3034/3034/2698 3037/3037/2701 1920/1920/1723 
f 1922/1922/1725 3031/3031/2695 3034/3034/2698 1921/1921/1724 
f 3051/3051/2715 3064/3064/2728 3067/3067/2731 3054/3054/2718 
f 3048/3048/2712 3061/3061/2725 3064/3064/2728 3051/3051/2715 
f 3054/3054/2718 3067/3067/2731 2039/2039/1821 2035/2035/1817 
f 3059/3059/2723 3062/3062/2726 3061/3061/2725 3058/3058/2722 
f 2155/2155/1937 3538/3538/3169 2222/2222/1988 1426/1426/1294 
f 2065/2065/1847 2060/2060/1842 2464/2464/2195 2467/2467/2198 
f 3099/3099/2763 3106/3106/2770 3109/3109/2773 3102/3102/2766 
f 3096/3096/2760 3103/3103/2767 3106/3106/2770 3099/3099/2763 
f 3102/3102/2766 3109/3109/2773 2057/2057/1839 2056/2056/1838 
f 2053/2053/1835 2045/2045/1827 3103/3103/2767 3096/3096/2760 
f 2451/2451/2182 2448/2448/2179 2056/2056/1838 2057/2057/1839 
f 2044/2044/1826 2043/2043/1825 3071/3071/2735 3070/3070/2734 
f 2030/2030/1812 2038/2038/1820 3055/3055/2719 3042/3042/2706 
f 2050/2050/1832 2044/2044/1826 3070/3070/2734 3093/3093/2757 
f 2048/2048/1830 2049/2049/1831 3092/3092/2756 3091/3091/2755 
f 3078/3078/2742 3085/3085/2749 3088/3088/2752 3081/3081/2745 
f 3075/3075/2739 3082/3082/2746 3085/3085/2749 3078/3078/2742 
f 3081/3081/2745 3088/3088/2752 2044/2044/1826 2050/2050/1832 
f 3117/3117/2781 3124/3124/2788 3127/3127/2791 3120/3120/2784 
f 3114/3114/2778 3121/3121/2785 3124/3124/2788 3117/3117/2781 
f 3120/3120/2784 3127/3127/2791 2038/2038/1820 2030/2030/1812 
f 2060/2060/1842 2065/2065/1847 3121/3121/2785 3114/3114/2778 
f 3042/3042/2706 3045/3045/2709 3044/3736/2708 3041/3765/2705 
f 3056/3056/2720 3059/3059/2723 3058/3058/2722 3055/3055/2719 
f 2032/2032/1814 2031/2031/1813 3041/3041/2705 3040/3040/2704 
f 2031/3734/1813 2030/2030/1812 3042/3042/2706 3041/3765/2705 
f 3045/3045/2709 3058/3058/2722 3061/3061/2725 3048/3048/2712 
f 3045/3045/2709 3048/3048/2712 3047/3709/2711 3044/3736/2708 
f 3046/3046/2710 3047/3047/2711 3050/3050/2714 3049/3049/2713 
f 3047/3709/2711 3048/3048/2712 3051/3051/2715 3050/3768/2714 
f 3049/3049/2713 3050/3050/2714 3053/3053/2717 3052/3052/2716 
f 3050/3768/2714 3051/3051/2715 3054/3054/2718 3053/3713/2717 
f 3053/3713/2717 3054/3054/2718 2035/2035/1817 2034/2034/1816 
f 3052/3052/2716 3053/3053/2717 2034/3737/1816 2033/2033/1815 
f 3057/3057/2721 3060/3060/2724 3059/3059/2723 3056/3056/2720 
f 1879/1879/1700 1880/1880/1701 3060/3060/2724 3057/3057/2721 
f 2038/2038/1820 2037/2037/1819 3056/3056/2720 3055/3055/2719 
f 2037/2037/1819 2036/2036/1818 3057/3057/2721 3056/3056/2720 
f 2036/2036/1818 1391/1391/1269 1879/1879/1700 3057/3057/2721 
f 3042/3042/2706 3055/3055/2719 3058/3058/2722 3045/3045/2709 
f 1880/1880/1701 1996/1996/1786 3063/3063/2727 3060/3060/2724 
f 3060/3060/2724 3063/3063/2727 3062/3062/2726 3059/3059/2723 
f 3061/3061/2725 3062/3062/2726 3065/3065/2729 3064/3064/2728 
f 3062/3062/2726 3063/3063/2727 3066/3066/2730 3065/3065/2729 
f 3064/3064/2728 3065/3065/2729 3068/3068/2732 3067/3067/2731 
f 3065/3065/2729 3066/3066/2730 3069/3069/2733 3068/3068/2732 
f 3063/3063/2727 1996/1996/1786 1997/1997/1787 3066/3066/2730 
f 3066/3066/2730 1997/1997/1787 1998/1998/1788 3069/3069/2733 
f 3069/3069/2733 1998/1998/1788 1433/1433/1301 2041/2041/1823 
f 3068/3068/2732 3069/3069/2733 2041/2041/1823 2040/2040/1822 
f 3067/3067/2731 3068/3068/2732 2040/2040/1822 2039/2039/1821 
f 2043/2043/1825 2042/2042/1824 3072/3072/2736 3071/3071/2735 
f 3071/3071/2735 2046/2046/1828 2045/2045/1827 3070/3070/2734 
f 3072/3072/2736 2047/2047/1829 2046/2046/1828 3071/3071/2735 
f 1389/1389/1267 1878/1878/1699 3072/3072/2736 2042/2042/1824 
f 1878/1878/1699 1390/1390/1268 2047/2047/1829 3072/3072/2736 
f 3070/3070/2734 2045/2045/1827 2053/2053/1835 3093/3093/2757 
f 3073/3073/2737 3074/3074/2738 3077/3077/2741 3076/3076/2740 
f 3074/3739/2738 3075/3075/2739 3078/3078/2742 3077/3763/2741 
f 3076/3076/2740 3077/3077/2741 3080/3080/2744 3079/3079/2743 
f 3077/3763/2741 3078/3078/2742 3081/3081/2745 3080/3764/2744 
f 3080/3764/2744 3081/3081/2745 2050/2050/1832 2049/3690/1831 
f 3079/3079/2743 3080/3080/2744 2049/2049/1831 2048/2048/1830 
f 3082/3082/2746 3083/3083/2747 3086/3086/2750 3085/3085/2749 
f 3083/3083/2747 3084/3084/2748 3087/3087/2751 3086/3086/2750 
f 3085/3085/2749 3086/3086/2750 3089/3089/2753 3088/3088/2752 
f 3086/3086/2750 3087/3087/2751 3090/3090/2754 3089/3089/2753 
f 3084/3084/2748 1881/1881/1702 1882/1882/1703 3087/3087/2751 
f 3087/3087/2751 1882/1882/1703 1883/1883/1704 3090/3090/2754 
f 3090/3090/2754 1883/1883/1704 1389/1389/1267 2042/2042/1824 
f 3089/3089/2753 3090/3090/2754 2042/2042/1824 2043/2043/1825 
f 3088/3088/2752 3089/3089/2753 2043/2043/1825 2044/2044/1826 
f 2049/3690/1831 2050/2050/1832 3093/3093/2757 3092/3766/2756 
f 3092/3092/2756 2052/2052/1834 2051/2051/1833 3091/3091/2755 
f 3093/3093/2757 2053/2053/1835 2052/3767/1834 3092/3766/2756 
f 3094/3094/2758 3095/3095/2759 3098/3098/2762 3097/3097/2761 
f 3095/3712/2759 3096/3096/2760 3099/3099/2763 3098/3711/2762 
f 3097/3097/2761 3098/3098/2762 3101/3101/2765 3100/3100/2764 
f 3098/3711/2762 3099/3099/2763 3102/3102/2766 3101/3691/2765 
f 2051/2051/1833 2052/2052/1834 3095/3095/2759 3094/3094/2758 
f 2052/3767/1834 2053/2053/1835 3096/3096/2760 3095/3712/2759 
f 3101/3691/2765 3102/3102/2766 2056/2056/1838 2055/2055/1837 
f 3100/3100/2764 3101/3101/2765 2055/3689/1837 2054/2054/1836 
f 3103/3103/2767 3104/3104/2768 3107/3107/2771 3106/3106/2770 
f 3104/3104/2768 3105/3105/2769 3108/3108/2772 3107/3107/2771 
f 3106/3106/2770 3107/3107/2771 3110/3110/2774 3109/3109/2773 
f 3107/3107/2771 3108/3108/2772 3111/3111/2775 3110/3110/2774 
f 2045/2045/1827 2046/2046/1828 3104/3104/2768 3103/3103/2767 
f 2046/2046/1828 2047/2047/1829 3105/3105/2769 3104/3104/2768 
f 2047/2047/1829 1390/1390/1268 1938/1938/1741 3105/3105/2769 
f 3105/3105/2769 1938/1938/1741 1939/1939/1742 3108/3108/2772 
f 3108/3108/2772 1939/1939/1742 1940/1940/1743 3111/3111/2775 
f 3111/3111/2775 1940/1940/1743 1419/1419/1289 2059/2059/1841 
f 3110/3110/2774 3111/3111/2775 2059/2059/1841 2058/2058/1840 
f 3109/3109/2773 3110/3110/2774 2058/2058/1840 2057/2057/1839 
f 3112/3112/2776 3113/3113/2777 3116/3116/2780 3115/3115/2779 
f 3113/3704/2777 3114/3114/2778 3117/3117/2781 3116/3733/2780 
f 3115/3115/2779 3116/3116/2780 3119/3119/2783 3118/3118/2782 
f 3116/3733/2780 3117/3117/2781 3120/3120/2784 3119/3718/2783 
f 2062/2062/1844 2061/2061/1843 3113/3113/2777 3112/3112/2776 
f 2061/3698/1843 2060/2060/1842 3114/3114/2778 3113/3704/2777 
f 3119/3718/2783 3120/3120/2784 2030/2030/1812 2031/3734/1813 
f 3118/3118/2782 3119/3119/2783 2031/2031/1813 2032/2032/1814 
f 3121/3121/2785 3122/3122/2786 3125/3125/2789 3124/3124/2788 
f 3122/3122/2786 3123/3123/2787 3126/3126/2790 3125/3125/2789 
f 3124/3124/2788 3125/3125/2789 3128/3128/2792 3127/3127/2791 
f 3125/3125/2789 3126/3126/2790 3129/3129/2793 3128/3128/2792 
f 2065/2065/1847 2064/2064/1846 3122/3122/2786 3121/3121/2785 
f 2064/2064/1846 2063/2063/1845 3123/3123/2787 3122/3122/2786 
f 2063/2063/1845 1420/1420/1290 1943/1943/1746 3123/3123/2787 
f 3123/3123/2787 1943/1943/1746 1942/1942/1745 3126/3126/2790 
f 3126/3126/2790 1942/1942/1745 1941/1941/1744 3129/3129/2793 
f 3129/3129/2793 1941/1941/1744 1391/1391/1269 2036/2036/1818 
f 3128/3128/2792 3129/3129/2793 2036/2036/1818 2037/2037/1819 
f 3127/3127/2791 3128/3128/2792 2037/2037/1819 2038/2038/1820 
f 2057/2057/1839 2058/2058/1840 2454/2454/2185 2451/2451/2182 
f 1419/1419/1289 1586/1586/1430 2457/2457/2188 2059/2059/1841 
f 2054/2054/1836 2055/3689/1837 2445/2445/2176 2442/2442/2173 
f 2470/2470/2201 2064/2064/1846 2065/2065/1847 2467/2467/2198 
f 2473/2473/2204 1589/1589/1433 1420/1420/1290 2063/2063/1845 
f 2473/2473/2204 2063/2063/1845 2064/2064/1846 2470/2470/2201 
f 2461/2461/2192 2061/2061/1843 2062/2062/1844 2458/2458/2189 
f 2464/2464/2195 2060/2060/1842 2061/3698/1843 2461/3710/2192 
f 3533/3533/3164 3074/3074/2738 3073/3073/2737 3532/3532/3163 
f 3181/3181/2845 1874/1874/1695 1993/1993/1783 3131/3131/2795 
f 3130/3130/2794 3131/3131/2795 3133/3133/2797 3132/3132/2796 
f 3132/3132/2796 3133/3133/2797 3135/3135/2799 3134/3134/2798 
f 3185/3185/2849 3180/3180/2844 3130/3130/2794 3137/3137/2801 
f 3180/3180/2844 3181/3181/2845 3131/3131/2795 3130/3130/2794 
f 3131/3131/2795 1993/1993/1783 1994/1994/1784 3133/3133/2797 
f 3133/3133/2797 1994/1994/1784 1995/1995/1785 3135/3135/2799 
f 3135/3135/2799 1995/1995/1785 1432/1432/1300 2068/2068/1850 
f 3134/3134/2798 3135/3135/2799 2068/2068/1850 2069/2069/1851 
f 3137/3137/2801 3130/3130/2794 3132/3132/2796 3139/3139/2803 
f 3136/3136/2800 3137/3137/2801 3139/3139/2803 3138/3138/2802 
f 3139/3139/2803 3132/3132/2796 3134/3134/2798 3141/3141/2805 
f 3138/3138/2802 3139/3139/2803 3141/3141/2805 3140/3140/2804 
f 3184/3184/2848 3185/3185/2849 3137/3137/2801 3136/3136/2800 
f 2920/2920/2617 2923/2923/2620 3015/3015/2679 3027/3027/2691 
f 1880/1880/1701 3184/3184/2848 3136/3136/2800 1996/1996/1786 
f 3141/3141/2805 3134/3134/2798 2069/2069/1851 2066/2066/1848 
f 3140/3140/2804 3141/3141/2805 2066/2066/1848 2067/2067/1849 
f 1998/1998/1788 3140/3140/2804 2067/2067/1849 1433/1433/1301 
f 1997/1997/1787 3138/3138/2802 3140/3140/2804 1998/1998/1788 
f 1996/1996/1786 3136/3136/2800 3138/3138/2802 1997/1997/1787 
f 3142/3142/2806 3143/3143/2807 3145/3145/2809 3144/3144/2808 
f 3144/3144/2808 3145/3145/2809 3147/3147/2811 3146/3146/2810 
f 3143/3143/2807 3148/3148/2812 3150/3150/2814 3145/3145/2809 
f 3146/3146/2810 3147/3147/2811 2071/2071/1853 2070/2070/1852 
f 1883/1883/1704 3146/3146/2810 2070/2070/1852 1389/1389/1267 
f 1882/1882/1703 3144/3144/2808 3146/3146/2810 1883/1883/1704 
f 1881/1881/1702 3142/3142/2806 3144/3144/2808 1882/1882/1703 
f 3145/3145/2809 3150/3150/2814 3152/3152/2816 3147/3147/2811 
f 3148/3148/2812 3149/3149/2813 3151/3151/2815 3150/3150/2814 
f 3150/3150/2814 3151/3151/2815 3153/3153/2817 3152/3152/2816 
f 3147/3147/2811 3152/3152/2816 2072/2072/1854 2071/2071/1853 
f 3149/3149/2813 1875/1875/1696 1876/1876/1697 3151/3151/2815 
f 3151/3151/2815 1876/1876/1697 1877/1877/1698 3153/3153/2817 
f 3153/3153/2817 1877/1877/1698 1386/1386/1264 2073/2073/1855 
f 3152/3152/2816 3153/3153/2817 2073/2073/1855 2072/2072/1854 
f 2509/2509/2240 2075/2075/1857 2074/2074/1856 2506/2506/2237 
f 2509/2509/2240 1583/1583/1427 1418/1418/1288 2075/2075/1857 
f 3154/3154/2818 3155/3155/2819 3157/3157/2821 3156/3156/2820 
f 3156/3156/2820 3157/3157/2821 3159/3159/2823 3158/3158/2822 
f 1420/1420/1290 2077/2077/1859 3154/3154/2818 1943/1943/1746 
f 2077/2077/1859 2076/2076/1858 3155/3155/2819 3154/3154/2818 
f 2074/2074/1856 2076/2076/1858 2503/2503/2234 2506/2506/2237 
f 3158/3158/2822 3159/3159/2823 2079/2079/1861 2078/2078/1860 
f 1941/1941/1744 3158/3158/2822 2078/2078/1860 1391/1391/1269 
f 1942/1942/1745 3156/3156/2820 3158/3158/2822 1941/1941/1744 
f 1943/1943/1746 3154/3154/2818 3156/3156/2820 1942/1942/1745 
f 2503/2503/2234 2076/2076/1858 2077/2077/1859 2500/2500/2231 
f 3155/3155/2819 3160/3160/2824 3162/3162/2826 3157/3157/2821 
f 2077/2077/1859 1420/1420/1290 1589/1589/1433 2500/2500/2231 
f 3157/3157/2821 3162/3162/2826 3164/3164/2828 3159/3159/2823 
f 3160/3160/2824 3161/3161/2825 3163/3163/2827 3162/3162/2826 
f 2074/2074/1856 3160/3160/2824 3155/3155/2819 2076/2076/1858 
f 3162/3162/2826 3163/3163/2827 3165/3165/2829 3164/3164/2828 
f 3159/3159/2823 3164/3164/2828 2080/2080/1862 2079/2079/1861 
f 2074/2074/1856 2075/2075/1857 3161/3161/2825 3160/3160/2824 
f 2075/2075/1857 1418/1418/1288 1937/1937/1740 3161/3161/2825 
f 3161/3161/2825 1937/1937/1740 1936/1936/1739 3163/3163/2827 
f 3163/3163/2827 1936/1936/1739 1935/1935/1738 3165/3165/2829 
f 3165/3165/2829 1935/1935/1738 1388/1388/1266 2081/2081/1863 
f 3164/3164/2828 3165/3165/2829 2081/2081/1863 2080/2080/1862 
f 2083/2083/1865 2082/2082/1864 2517/2517/2248 2514/2514/2245 
f 1586/1586/1430 1419/1419/1289 2083/2083/1865 2514/2514/2245 
f 3166/3166/2830 3167/3167/2831 3169/3169/2833 3168/3168/2832 
f 3168/3168/2832 3169/3169/2833 3171/3171/2835 3170/3170/2834 
f 1390/1390/1268 2085/2085/1867 3166/3166/2830 1938/1938/1741 
f 2085/2085/1867 2084/2084/1866 3167/3167/2831 3166/3166/2830 
f 2520/2520/2251 2517/2517/2248 2082/2082/1864 2087/2087/1869 
f 3170/3170/2834 3171/3171/2835 2082/2082/1864 2083/2083/1865 
f 1940/1940/1743 3170/3170/2834 2083/2083/1865 1419/1419/1289 
f 1939/1939/1742 3168/3168/2832 3170/3170/2834 1940/1940/1743 
f 1938/1938/1741 3166/3166/2830 3168/3168/2832 1939/1939/1742 
f 3179/3179/2843 3181/3181/2845 3180/3180/2844 3178/3178/2842 
f 2087/2087/1869 2086/2086/1868 2523/2523/2254 2520/2520/2251 
f 1417/1417/1287 1580/1580/1424 2523/2523/2254 2086/2086/1868 
f 3167/3167/2831 3172/3172/2836 3174/3174/2838 3169/3169/2833 
f 3169/3169/2833 3174/3174/2838 3176/3176/2840 3171/3171/2835 
f 3172/3172/2836 3173/3173/2837 3175/3175/2839 3174/3174/2838 
f 2084/2084/1866 2089/2089/1871 3172/3172/2836 3167/3167/2831 
f 3174/3174/2838 3175/3175/2839 3177/3177/2841 3176/3176/2840 
f 3171/3171/2835 3176/3176/2840 2087/2087/1869 2082/2082/1864 
f 2089/2089/1871 2088/2088/1870 3173/3173/2837 3172/3172/2836 
f 2088/2088/1870 1387/1387/1265 1932/1932/1735 3173/3173/2837 
f 3173/3173/2837 1932/1932/1735 1933/1933/1736 3175/3175/2839 
f 3175/3175/2839 1933/1933/1736 1934/1934/1737 3177/3177/2841 
f 3177/3177/2841 1934/1934/1737 1417/1417/1287 2086/2086/1868 
f 3176/3176/2840 3177/3177/2841 2086/2086/1868 2087/2087/1869 
f 1873/1873/1694 1874/1874/1695 3181/3181/2845 3179/3179/2843 
f 2080/2080/1862 2081/2081/1863 3179/3179/2843 3178/3178/2842 
f 2081/2081/1863 1388/1388/1266 1873/1873/1694 3179/3179/2843 
f 3178/3178/2842 3180/3180/2844 3185/3185/2849 3183/3183/2847 
f 3183/3183/2847 3185/3185/2849 3184/3184/2848 3182/3182/2846 
f 1879/1879/1700 3182/3182/2846 3184/3184/2848 1880/1880/1701 
f 2079/2079/1861 2080/2080/1862 3178/3178/2842 3183/3183/2847 
f 1391/1391/1269 2078/2078/1860 3182/3182/2846 1879/1879/1700 
f 2078/2078/1860 2079/2079/1861 3183/3183/2847 3182/3182/2846 
f 2070/2070/1852 2071/2071/1853 3187/3187/2851 3186/3186/2850 
f 3187/3187/2851 2084/2084/1866 2085/2085/1867 3186/3186/2850 
f 1878/1878/1699 3186/3186/2850 2085/2085/1867 1390/1390/1268 
f 2072/2072/1854 2073/2073/1855 3189/3189/2853 3188/3188/2852 
f 3186/3186/2850 1878/1878/1699 1389/1389/1267 2070/2070/1852 
f 2071/2071/1853 2072/2072/1854 3188/3188/2852 3187/3187/2851 
f 3189/3189/2853 2088/2088/1870 2089/2089/1871 3188/3188/2852 
f 1386/1386/1264 1872/1872/1693 3189/3189/2853 2073/2073/1855 
f 1872/1872/1693 1387/1387/1265 2088/2088/1870 3189/3189/2853 
f 3188/3188/2852 2089/2089/1871 2084/2084/1866 3187/3187/2851 
f 3266/3266/2930 2113/2113/1895 2114/2114/1896 3265/3265/2929 
f 2997/2997/2661 2971/2971/2638 2974/2974/2641 3000/3000/2664 
f 3000/3000/2664 2974/2974/2641 2977/2977/2644 3003/3003/2667 
f 2017/2017/1799 1866/1866/1687 2971/2971/2638 2997/2997/2661 
f 3242/3242/2906 3243/3243/2907 3192/3192/2856 3191/3191/2855 
f 1961/1961/1751 2026/2026/1808 2383/2383/2114 2232/2232/1996 
f 3006/3006/2670 2938/2938/2629 2941/2941/2632 3009/3009/2673 
f 3009/3009/2673 2941/2941/2632 2944/2944/2635 3012/3012/2676 
f 2020/2020/1802 1869/1869/1690 2938/2938/2629 3006/3006/2670 
f 2944/2944/2635 1952/1952/1747 2023/2023/1805 3012/3012/2676 
f 2286/2286/2044 2358/2358/2089 2023/2023/1805 1952/1952/1747 
f 2923/2923/2620 2926/2926/2623 3018/3018/2682 3015/3015/2679 
f 2911/2911/2608 1866/1866/1687 2017/2017/1799 3030/3030/2694 
f 2926/2926/2623 1869/1869/1690 2020/2020/1802 3018/3018/2682 
f 3021/3021/2685 2914/2914/2611 2917/2917/2614 3024/3024/2688 
f 3024/3024/2688 2917/2917/2614 2920/2920/2617 3027/3027/2691 
f 2029/2029/1811 2009/2009/1791 2914/2914/2611 3021/3021/2685 
f 3191/3191/2855 3194/3194/2858 3193/3193/2857 3190/3190/2854 
f 2014/2014/1796 1863/1863/1684 2911/2911/2608 3030/3030/2694 
f 3033/3033/2697 2886/2886/2583 2889/2889/2586 3036/3036/2700 
f 3036/3036/2700 2889/2889/2586 2892/2892/2589 3039/3039/2703 
f 2026/2026/1808 1961/1961/1751 2886/2886/2583 3033/3033/2697 
f 2892/2892/2589 1863/1863/1684 2014/2014/1796 3039/3039/2703 
f 2102/2102/1884 2101/2101/1883 3216/3216/2880 3215/3215/2879 
f 3192/3192/2856 3195/3195/2859 3194/3194/2858 3191/3191/2855 
f 1847/1847/1668 3190/3190/2854 3193/3193/2857 1846/1846/1667 
f 3249/3249/2913 1993/1993/1783 1874/1874/1695 3206/3206/2870 
f 1984/1984/1774 3241/3241/2905 3190/3190/2854 1847/1847/1668 
f 3241/3241/2905 3242/3242/2906 3191/3191/2855 3190/3190/2854 
f 3194/3194/2858 3195/3195/2859 2092/2092/1874 2091/2091/1873 
f 3193/3193/2857 3194/3194/2858 2091/2091/1873 2090/2090/1872 
f 1846/1846/1667 3193/3193/2857 2090/2090/1872 1385/1385/1263 
f 3206/3206/2870 3208/3208/2872 3207/3207/2871 3205/3205/2869 
f 3196/3196/2860 3197/3197/2861 3200/3200/2864 3199/3199/2863 
f 3197/3197/2861 3198/3198/2862 3201/3201/2865 3200/3200/2864 
f 3199/3199/2863 3200/3200/2864 3203/3203/2867 3202/3202/2866 
f 3200/3200/2864 3201/3201/2865 3204/3204/2868 3203/3203/2867 
f 1385/1385/1263 2090/2090/1872 3196/3196/2860 1917/1917/1720 
f 2090/2090/1872 2091/2091/1873 3197/3197/2861 3196/3196/2860 
f 2091/2091/1873 2092/2092/1874 3198/3198/2862 3197/3197/2861 
f 3203/3203/2867 3204/3204/2868 2095/2095/1877 2094/2094/1876 
f 3202/3202/2866 3203/3203/2867 2094/2094/1876 2093/2093/1875 
f 1919/1919/1722 3202/3202/2866 2093/2093/1875 1412/1412/1282 
f 1918/1918/1721 3199/3199/2863 3202/3202/2866 1919/1919/1722 
f 1917/1917/1720 3196/3196/2860 3199/3199/2863 1918/1918/1721 
f 1873/1873/1694 3208/3208/2872 3206/3206/2870 1874/1874/1695 
f 3195/3195/2859 3207/3207/2871 2096/2096/1878 2092/2092/1874 
f 3243/3243/2907 3248/3248/2912 3205/3205/2869 3192/3192/2856 
f 3248/3248/2912 3249/3249/2913 3206/3206/2870 3205/3205/2869 
f 3205/3205/2869 3207/3207/2871 3195/3195/2859 3192/3192/2856 
f 3208/3208/2872 1873/1873/1694 1388/1388/1266 2097/2097/1879 
f 3207/3207/2871 3208/3208/2872 2097/2097/1879 2096/2096/1878 
f 3198/3198/2862 3209/3209/2873 3211/3211/2875 3201/3201/2865 
f 3201/3201/2865 3211/3211/2875 3213/3213/2877 3204/3204/2868 
f 3209/3209/2873 3210/3210/2874 3212/3212/2876 3211/3211/2875 
f 2092/2092/1874 2096/2096/1878 3209/3209/2873 3198/3198/2862 
f 3211/3211/2875 3212/3212/2876 3214/3214/2878 3213/3213/2877 
f 3204/3204/2868 3213/3213/2877 2098/2098/1880 2095/2095/1877 
f 2096/2096/1878 2097/2097/1879 3210/3210/2874 3209/3209/2873 
f 2097/2097/1879 1388/1388/1266 1935/1935/1738 3210/3210/2874 
f 3210/3210/2874 1935/1935/1738 1936/1936/1739 3212/3212/2876 
f 3212/3212/2876 1936/1936/1739 1937/1937/1740 3214/3214/2878 
f 3214/3214/2878 1937/1937/1740 1418/1418/1288 2099/2099/1881 
f 3213/3213/2877 3214/3214/2878 2099/2099/1881 2098/2098/1880 
f 2101/2101/1883 2100/2100/1882 3217/3217/2881 3216/3216/2880 
f 3216/3216/2880 2104/2104/1886 2103/2103/1885 3215/3215/2879 
f 3217/3217/2881 2105/2105/1887 2104/2104/1886 3216/3216/2880 
f 1845/1845/1666 3215/3215/2879 2103/2103/1885 1383/1383/1261 
f 2107/2107/1889 2106/2106/1888 3228/3228/2892 3227/3227/2891 
f 3215/3215/2879 1845/1845/1666 1384/1384/1262 2102/2102/1884 
f 3218/3218/2882 3219/3219/2883 3222/3222/2886 3221/3221/2885 
f 3219/3219/2883 3220/3220/2884 3223/3223/2887 3222/3222/2886 
f 3221/3221/2885 3222/3222/2886 3225/3225/2889 3224/3224/2888 
f 3222/3222/2886 3223/3223/2887 3226/3226/2890 3225/3225/2889 
f 1383/1383/1261 2103/2103/1885 3218/3218/2882 1850/1850/1671 
f 2103/2103/1885 2104/2104/1886 3219/3219/2883 3218/3218/2882 
f 2104/2104/1886 2105/2105/1887 3220/3220/2884 3219/3219/2883 
f 3269/3269/2933 3226/3226/2890 3233/3233/2897 3265/3265/2929 
f 1849/1849/1670 3221/3221/2885 3224/3224/2888 1848/1848/1669 
f 1850/1850/1671 3218/3218/2882 3221/3221/2885 1849/1849/1670 
f 2100/2100/1882 2107/2107/1889 3227/3227/2891 3217/3217/2881 
f 3228/3228/2892 2109/2109/1891 2108/2108/1890 3227/3227/2891 
f 1872/1872/1693 3228/3228/2892 2106/2106/1888 1387/1387/1265 
f 1386/1386/1264 2109/2109/1891 3228/3228/2892 1872/1872/1693 
f 3227/3227/2891 2108/2108/1890 2105/2105/1887 3217/3217/2881 
f 3220/3220/2884 3229/3229/2893 3231/3231/2895 3223/3223/2887 
f 3223/3223/2887 3231/3231/2895 3233/3233/2897 3226/3226/2890 
f 3229/3229/2893 3230/3230/2894 3232/3232/2896 3231/3231/2895 
f 2105/2105/1887 2108/2108/1890 3229/3229/2893 3220/3220/2884 
f 3231/3231/2895 3232/3232/2896 3234/3234/2898 3233/3233/2897 
f 2108/2108/1890 2109/2109/1891 3230/3230/2894 3229/3229/2893 
f 2109/2109/1891 1386/1386/1264 1877/1877/1698 3230/3230/2894 
f 3230/3230/2894 1877/1877/1698 1876/1876/1697 3232/3232/2896 
f 3232/3232/2896 1876/1876/1697 1875/1875/1696 3234/3234/2898 
f 3237/3237/2901 3244/3244/2908 3246/3246/2910 3240/3240/2904 
f 3235/3235/2899 3236/3236/2900 3239/3239/2903 3238/3238/2902 
f 3236/3236/2900 3237/3237/2901 3240/3240/2904 3239/3239/2903 
f 3238/3238/2902 3239/3239/2903 3242/3242/2906 3241/3241/2905 
f 3239/3239/2903 3240/3240/2904 3243/3243/2907 3242/3242/2906 
f 1429/1429/1297 2112/2112/1894 3235/3235/2899 1986/1986/1776 
f 2112/2112/1894 2111/2111/1893 3236/3236/2900 3235/3235/2899 
f 2111/2111/1893 2110/2110/1892 3237/3237/2901 3236/3236/2900 
f 1985/1985/1775 3238/3238/2902 3241/3241/2905 1984/1984/1774 
f 1986/1986/1776 3235/3235/2899 3238/3238/2902 1985/1985/1775 
f 3240/3240/2904 3246/3246/2910 3248/3248/2912 3243/3243/2907 
f 3244/3244/2908 3245/3245/2909 3247/3247/2911 3246/3246/2910 
f 2110/2110/1892 2114/2114/1896 3244/3244/2908 3237/3237/2901 
f 3246/3246/2910 3247/3247/2911 3249/3249/2913 3248/3248/2912 
f 2114/2114/1896 2113/2113/1895 3245/3245/2909 3244/3244/2908 
f 2113/2113/1895 1432/1432/1300 1995/1995/1785 3245/3245/2909 
f 3245/3245/2909 1995/1995/1785 1994/1994/1784 3247/3247/2911 
f 3247/3247/2911 1994/1994/1784 1993/1993/1783 3249/3249/2913 
f 3258/3258/2922 3250/3250/2914 3252/3252/2916 3261/3261/2925 
f 3261/3261/2925 3252/3252/2916 3254/3254/2918 3264/3264/2928 
f 3250/3250/2914 3251/3251/2915 3253/3253/2917 3252/3252/2916 
f 2117/2117/1899 2116/2116/1898 3250/3250/2914 3258/3258/2922 
f 3252/3252/2916 3253/3253/2917 3255/3255/2919 3254/3254/2918 
f 3264/3264/2928 3254/3254/2918 2107/2107/1889 2100/2100/1882 
f 2116/2116/1898 2115/2115/1897 3251/3251/2915 3250/3250/2914 
f 2115/2115/1897 1417/1417/1287 1934/1934/1737 3251/3251/2915 
f 3251/3251/2915 1934/1934/1737 1933/1933/1736 3253/3253/2917 
f 3253/3253/2917 1933/1933/1736 1932/1932/1735 3255/3255/2919 
f 3255/3255/2919 1932/1932/1735 1387/1387/1265 2106/2106/1888 
f 3254/3254/2918 3255/3255/2919 2106/2106/1888 2107/2107/1889 
f 2116/2116/1898 2117/2117/1899 2608/2608/2339 2596/2596/2327 
f 3256/3256/2920 3257/3257/2921 3260/3260/2924 3259/3259/2923 
f 3257/3257/2921 3258/3258/2922 3261/3261/2925 3260/3260/2924 
f 3259/3259/2923 3260/3260/2924 3263/3263/2927 3262/3262/2926 
f 3260/3260/2924 3261/3261/2925 3264/3264/2928 3263/3263/2927 
f 1411/1411/1281 2119/2119/1901 3256/3256/2920 1916/1916/1719 
f 2119/2119/1901 2118/2118/1900 3257/3257/2921 3256/3256/2920 
f 2118/2118/1900 2117/2117/1899 3258/3258/2922 3257/3257/2921 
f 3263/3263/2927 3264/3264/2928 2100/2100/1882 2101/2101/1883 
f 3262/3262/2926 3263/3263/2927 2101/2101/1883 2102/2102/1884 
f 1914/1914/1717 3262/3262/2926 2102/2102/1884 1384/1384/1262 
f 1915/1915/1718 3259/3259/2923 3262/3262/2926 1914/1914/1717 
f 1916/1916/1719 3256/3256/2920 3259/3259/2923 1915/1915/1718 
f 2599/2599/2330 2115/2115/1897 2116/2116/1898 2596/2596/2327 
f 2599/2599/2330 1580/1580/1424 1417/1417/1287 2115/2115/1897 
f 2557/2557/2288 2550/2550/2281 2095/2095/1877 2098/2098/1880 
f 2605/2605/2336 2118/2118/1900 2119/2119/1901 2602/2602/2333 
f 2608/2608/2339 2117/2117/1899 2118/2118/1900 2605/2605/2336 
f 2119/2119/1901 1411/1411/1281 1562/1562/1406 2602/2602/2333 
f 2098/2098/1880 2099/2099/1881 2560/2560/2291 2557/2557/2288 
f 1418/1418/1288 1583/1583/1427 2560/2560/2291 2099/2099/1881 
f 2093/2093/1875 2094/2094/1876 2547/2547/2278 2544/2544/2275 
f 1412/1412/1282 2093/2093/1875 2544/2544/2275 1565/1565/1409 
f 1432/1432/1300 2113/2113/1895 3266/3266/2930 2228/2228/1994 
f 3226/3226/2890 3269/3269/2933 3268/3268/2932 3225/3225/2889 
f 3268/3268/2932 2111/2111/1893 2112/2112/1894 3267/3267/2931 
f 3269/3269/2933 2110/2110/1892 2111/2111/1893 3268/3268/2932 
f 2225/2225/1991 3267/3267/2931 2112/2112/1894 1429/1429/1297 
f 1428/1428/1296 2172/2172/1949 3392/3392/3050 2224/2224/1990 
f 3280/3280/2944 3270/3270/2934 3273/3273/2937 3282/3282/2946 
f 3335/3335/2999 1793/1793/1618 1975/1975/1765 3272/3272/2936 
f 3270/3270/2934 3271/3271/2935 3274/3274/2938 3273/3273/2937 
f 3271/3271/2935 3272/3272/2936 3275/3275/2939 3274/3274/2938 
f 3273/3273/2937 3274/3274/2938 3277/3277/2941 3276/3276/2940 
f 3274/3274/2938 3275/3275/2939 3278/3278/2942 3277/3277/2941 
f 3339/3339/3003 3333/3333/2997 3270/3270/2934 3280/3280/2944 
f 3333/3333/2997 3334/3334/2998 3271/3271/2935 3270/3270/2934 
f 3334/3334/2998 3335/3335/2999 3272/3272/2936 3271/3271/2935 
f 3272/3272/2936 1975/1975/1765 1976/1976/1766 3275/3275/2939 
f 3275/3275/2939 1976/1976/1766 1977/1977/1767 3278/3278/2942 
f 3278/3278/2942 1977/1977/1767 1426/1426/1294 2122/2122/1904 
f 3277/3277/2941 3278/3278/2942 2122/2122/1904 2123/2123/1905 
f 3276/3276/2940 3277/3277/2941 2123/2123/1905 2124/2124/1906 
f 3279/3279/2943 3280/3280/2944 3282/3282/2946 3281/3281/2945 
f 3282/3282/2946 3273/3273/2937 3276/3276/2940 3284/3284/2948 
f 3281/3281/2945 3282/3282/2946 3284/3284/2948 3283/3283/2947 
f 3338/3338/3002 3339/3339/3003 3280/3280/2944 3279/3279/2943 
f 1847/3761/1668 3338/3338/3002 3279/3279/2943 1984/3762/1774 
f 3284/3284/2948 3276/3276/2940 2124/2124/1906 2120/2120/1902 
f 3286/3286/2950 3291/3291/2955 3294/3294/2958 3288/3288/2952 
f 3283/3283/2947 3284/3284/2948 2120/2120/1902 2121/2121/1903 
f 1986/3751/1776 3283/3283/2947 2121/2121/1903 1429/3731/1297 
f 1985/3743/1775 3281/3281/2945 3283/3283/2947 1986/3751/1776 
f 1984/3762/1774 3279/3279/2943 3281/3281/2945 1985/3743/1775 
f 3285/3285/2949 3286/3286/2950 3288/3288/2952 3287/3287/2951 
f 3288/3288/2952 3294/3294/2958 3297/3297/2961 3290/3290/2954 
f 3287/3287/2951 3288/3288/2952 3290/3290/2954 3289/3289/2953 
f 3290/3290/2954 3297/3297/2961 2127/2127/1909 2126/2126/1908 
f 3301/3301/2965 3306/3306/2970 3309/3309/2973 3303/3303/2967 
f 3289/3289/2953 3290/3290/2954 2126/2126/1908 2125/2125/1907 
f 1850/3700/1671 3289/3289/2953 2125/2125/1907 1383/3748/1261 
f 1849/3714/1670 3287/3287/2951 3289/3289/2953 1850/3700/1671 
f 1848/3753/1669 3285/3285/2949 3287/3287/2951 1849/3714/1670 
f 3291/3291/2955 3292/3292/2956 3295/3295/2959 3294/3294/2958 
f 3292/3292/2956 3293/3293/2957 3296/3296/2960 3295/3295/2959 
f 3294/3294/2958 3295/3295/2959 3298/3298/2962 3297/3297/2961 
f 3295/3295/2959 3296/3296/2960 3299/3299/2963 3298/3298/2962 
f 3293/3293/2957 1802/1802/1627 1803/1803/1628 3296/3296/2960 
f 3296/3296/2960 1803/1803/1628 1804/1804/1629 3299/3299/2963 
f 3299/3299/2963 1804/1804/1629 1380/1380/1258 2129/2129/1911 
f 3298/3298/2962 3299/3299/2963 2129/2129/1911 2128/2128/1910 
f 3297/3297/2961 3298/3298/2962 2128/2128/1910 2127/2127/1909 
f 2655/2655/2386 2131/2131/1913 2130/2130/1912 2652/2652/2383 
f 2658/2658/2389 1547/1547/1397 1406/1406/1278 2132/2132/1914 
f 2658/2658/2389 2132/2132/1914 2131/2131/1913 2655/2655/2386 
f 3300/3300/2964 3301/3301/2965 3303/3303/2967 3302/3302/2966 
f 3303/3303/2967 3309/3309/2973 3312/3312/2976 3305/3305/2969 
f 3302/3302/2966 3303/3303/2967 3305/3305/2969 3304/3304/2968 
f 2130/2130/1912 3306/3306/2970 3301/3301/2965 2133/2133/1915 
f 1412/3758/1282 2134/2134/1916 3300/3300/2964 1919/3756/1722 
f 2134/2134/1916 2133/2133/1915 3301/3301/2965 3300/3300/2964 
f 3305/3305/2969 3312/3312/2976 2137/2137/1919 2136/2136/1918 
f 2130/2130/1912 2133/2133/1915 2649/2649/2380 2652/2652/2383 
f 3304/3304/2968 3305/3305/2969 2136/2136/1918 2135/2135/1917 
f 1917/3754/1720 3304/3304/2968 2135/2135/1917 1385/3755/1263 
f 1918/3757/1721 3302/3302/2966 3304/3304/2968 1917/3754/1720 
f 1919/3756/1722 3300/3300/2964 3302/3302/2966 1918/3757/1721 
f 2649/2649/2380 2133/2133/1915 2134/2134/1916 2646/2646/2377 
f 2669/2669/2400 2666/2666/2397 2140/2140/1922 2146/2146/1928 
f 2134/2134/1916 1412/3758/1282 1565/3759/1409 2646/2646/2377 
f 3306/3306/2970 3307/3307/2971 3310/3310/2974 3309/3309/2973 
f 3307/3307/2971 3308/3308/2972 3311/3311/2975 3310/3310/2974 
f 3309/3309/2973 3310/3310/2974 3313/3313/2977 3312/3312/2976 
f 3310/3310/2974 3311/3311/2975 3314/3314/2978 3313/3313/2977 
f 2130/2130/1912 2131/2131/1913 3307/3307/2971 3306/3306/2970 
f 2131/2131/1913 2132/2132/1914 3308/3308/2972 3307/3307/2971 
f 2132/2132/1914 1406/1406/1278 1901/1901/1710 3308/3308/2972 
f 3308/3308/2972 1901/1901/1710 1900/1900/1709 3311/3311/2975 
f 3311/3311/2975 1900/1900/1709 1899/1899/1708 3314/3314/2978 
f 3314/3314/2978 1899/1899/1708 1382/1382/1260 2139/2139/1921 
f 3313/3313/2977 3314/3314/2978 2139/2139/1921 2138/2138/1920 
f 3312/3312/2976 3313/3313/2977 2138/2138/1920 2137/2137/1919 
f 2141/2141/1923 2140/2140/1922 2666/2666/2397 2663/2663/2394 
f 3331/3331/2995 3334/3334/2998 3333/3333/2997 3330/3330/2994 
f 3316/3316/2980 3321/3321/2985 3324/3324/2988 3318/3318/2982 
f 1562/3692/1406 1411/3717/1281 2141/2141/1923 2663/2663/2394 
f 3315/3315/2979 3316/3316/2980 3318/3318/2982 3317/3317/2981 
f 3318/3318/2982 3324/3324/2988 3327/3327/2991 3320/3320/2984 
f 3317/3317/2981 3318/3318/2982 3320/3320/2984 3319/3319/2983 
f 2142/2142/1924 2149/2149/1931 3321/3321/2985 3316/3316/2980 
f 1384/3696/1262 2143/2143/1925 3315/3315/2979 1914/3702/1717 
f 2143/2143/1925 2142/2142/1924 3316/3316/2980 3315/3315/2979 
f 3320/3320/2984 3327/3327/2991 2146/2146/1928 2140/2140/1922 
f 3337/3337/3001 3339/3339/3003 3338/3338/3002 3336/3336/3000 
f 3319/3319/2983 3320/3320/2984 2140/2140/1922 2141/2141/1923 
f 1916/3719/1719 3319/3319/2983 2141/2141/1923 1411/3717/1281 
f 1915/3721/1718 3317/3317/2981 3319/3319/2983 1916/3719/1719 
f 1914/3702/1717 3315/3315/2979 3317/3317/2981 1915/3721/1718 
f 2146/2146/1928 2145/2145/1927 2672/2672/2403 2669/2669/2400 
f 1405/1405/1277 1544/1544/1394 2675/2675/2406 2144/2144/1926 
f 3321/3321/2985 3322/3322/2986 3325/3325/2989 3324/3324/2988 
f 3322/3322/2986 3323/3323/2987 3326/3326/2990 3325/3325/2989 
f 3324/3324/2988 3325/3325/2989 3328/3328/2992 3327/3327/2991 
f 3325/3325/2989 3326/3326/2990 3329/3329/2993 3328/3328/2992 
f 2149/2149/1931 2148/2148/1930 3322/3322/2986 3321/3321/2985 
f 2148/2148/1930 2147/2147/1929 3323/3323/2987 3322/3322/2986 
f 2147/2147/1929 1381/1381/1259 1896/1896/1705 3323/3323/2987 
f 3323/3323/2987 1896/1896/1705 1897/1897/1706 3326/3326/2990 
f 3326/3326/2990 1897/1897/1706 1898/1898/1707 3329/3329/2993 
f 3329/3329/2993 1898/1898/1707 1405/1405/1277 2144/2144/1926 
f 3328/3328/2992 3329/3329/2993 2144/2144/1926 2145/2145/1927 
f 3327/3327/2991 3328/3328/2992 2145/2145/1927 2146/2146/1928 
f 3332/3332/2996 3335/3335/2999 3334/3334/2998 3331/3331/2995 
f 1792/1792/1617 1793/1793/1618 3335/3335/2999 3332/3332/2996 
f 2137/2137/1919 2138/2138/1920 3331/3331/2995 3330/3330/2994 
f 2138/2138/1920 2139/2139/1921 3332/3332/2996 3331/3331/2995 
f 2139/2139/1921 1382/1382/1260 1792/1792/1617 3332/3332/2996 
f 3330/3330/2994 3333/3333/2997 3339/3339/3003 3337/3337/3001 
f 1846/3760/1667 3336/3336/3000 3338/3338/3002 1847/3761/1668 
f 2136/2136/1918 2137/2137/1919 3330/3330/2994 3337/3337/3001 
f 1385/3755/1263 2135/2135/1917 3336/3336/3000 1846/3760/1667 
f 2135/2135/1917 2136/2136/1918 3337/3337/3001 3336/3336/3000 
f 1792/1792/1617 3346/3346/3010 3345/3345/3009 1793/1793/1618 
f 2125/2125/1907 2126/2126/1908 3341/3341/3005 3340/3340/3004 
f 3341/3341/3005 2142/2142/1924 2143/2143/1925 3340/3340/3004 
f 2126/2126/1908 2127/2127/1909 3342/3342/3006 3341/3341/3005 
f 1845/3740/1666 3340/3340/3004 2143/2143/1925 1384/3696/1262 
f 2127/2127/1909 2128/2128/1910 3343/3343/3007 3342/3342/3006 
f 3340/3340/3004 1845/3740/1666 1383/3748/1261 2125/2125/1907 
f 2128/2128/1910 2129/2129/1911 3344/3344/3008 3343/3343/3007 
f 3343/3343/3007 2148/2148/1930 2149/2149/1931 3342/3342/3006 
f 3344/3344/3008 2147/2147/1929 2148/2148/1930 3343/3343/3007 
f 1380/1380/1258 1791/1791/1616 3344/3344/3008 2129/2129/1911 
f 1791/1791/1616 1381/1381/1259 2147/2147/1929 3344/3344/3008 
f 3342/3342/3006 2149/2149/1931 2142/2142/1924 3341/3341/3005 
f 3359/3359/3023 2982/2982/2649 2981/2981/2648 3358/3358/3022 
f 3356/3356/3020 2931/2931/2628 2930/2930/2627 3355/3355/3019 
f 1368/1368/1247 1821/1821/1646 3350/3350/3014 1823/1823/1648 
f 1792/1792/1617 1382/1382/1260 2152/2152/1934 3346/3346/3010 
f 3353/3353/3017 2908/2908/2605 2907/2907/2604 3352/3352/3016 
f 2899/2899/2596 2150/2150/1932 1823/1823/1648 3350/3350/3014 
f 3349/3349/3013 2897/2897/2594 2896/2896/2593 3348/3348/3012 
f 3348/3348/3012 2896/2896/2593 2895/2895/2592 3347/3347/3011 
f 1987/1987/1777 3025/3025/2689 3013/3013/2677 1853/1853/1674 
f 1808/1808/1633 1809/1809/1634 3348/3348/3012 3347/3347/3011 
f 1809/1809/1634 1810/1810/1635 3349/3349/3013 3348/3348/3012 
f 1810/1810/1635 1368/1368/1247 1823/1823/1648 3349/3349/3013 
f 1823/1823/1648 2150/2150/1932 2897/2897/2594 3349/3349/3013 
f 1820/1820/1645 1978/1978/1768 3357/3357/3021 2909/2909/2606 
f 1821/1821/1646 1371/1371/1249 1825/1825/1249 3350/3350/3014 
f 1825/1825/1249 2151/2151/1933 2899/2899/2596 3350/3350/3014 
f 3352/3352/3016 2907/2907/2604 2906/2906/2603 3351/3351/3015 
f 1399/1399/1274 1805/1805/1630 3351/3351/3015 1960/1960/1750 
f 1805/1805/1630 1806/1806/1631 3352/3352/3016 3351/3351/3015 
f 1806/1806/1631 1807/1807/1632 3353/3353/3017 3352/3352/3016 
f 1807/1807/1632 1372/1372/1250 1826/1826/1650 3353/3353/3017 
f 1826/1826/1650 2152/2152/1934 2908/2908/2605 3353/3353/3017 
f 2906/2906/2603 2154/2154/1936 1960/1960/1750 3351/3351/3015 
f 2277/2277/2041 2153/2153/1935 1950/1950/1275 2702/2702/2433 
f 1408/1408/1275 1553/1553/1326 2702/2702/2433 1950/1950/1275 
f 3355/3355/3019 2930/2930/2627 2929/2929/2626 3354/3354/3018 
f 1371/1371/1249 1905/1905/1641 3354/3354/3018 1825/1825/1249 
f 1905/1905/1641 1906/1906/1640 3355/3355/3019 3354/3354/3018 
f 1906/1906/1640 1907/1907/1639 3356/3356/3020 3355/3355/3019 
f 1907/1907/1639 1408/1408/1275 1950/1950/1275 3356/3356/3020 
f 1950/1950/1275 2153/2153/1935 2931/2931/2628 3356/3356/3020 
f 2929/2929/2626 2151/2151/1933 1825/1825/1249 3354/3354/3018 
f 1960/1960/1750 2154/2154/1936 2252/2252/2016 2697/2697/2428 
f 2697/2697/2428 1451/1451/1317 1399/1399/1274 1960/1960/1750 
f 3358/3358/3022 2981/2981/2648 2980/2980/2647 3357/3357/3021 
f 1978/1978/1768 1979/1979/1769 3358/3358/3022 3357/3357/3021 
f 1979/1979/1769 1980/1980/1770 3359/3359/3023 3358/3358/3022 
f 1980/1980/1770 1427/1427/1295 2005/2005/1790 3359/3359/3023 
f 2005/2005/1790 2155/2155/1937 2982/2982/2649 3359/3359/3023 
f 1794/1794/1619 1972/1972/1762 2983/2983/2650 3360/3360/3024 
f 2152/2152/1934 1826/1826/1650 2910/2910/2607 3346/3346/3010 
f 1972/1972/1762 1973/1973/1763 2984/2984/2651 2983/2983/2650 
f 1425/1425/1293 2160/2160/1940 2985/2985/2652 1974/1974/1764 
f 3385/3385/3043 1981/1981/1771 1834/1834/1655 3374/3374/3032 
f 1893/1893/1641 1894/1894/1640 2933/2933/1640 2932/2932/1641 
f 1404/1404/1275 2158/2158/1275 2934/2934/1639 1895/1895/1639 
f 2932/2932/1641 2156/2156/1242 1363/1363/1242 1893/1893/1641 
f 2898/2898/2595 1824/1824/1649 1362/1362/1241 1790/1790/1615 
f 3361/3361/3025 1795/1795/1620 1794/1794/1619 3360/3360/3024 
f 1818/1818/1643 1373/1373/1251 2157/2157/1938 3361/3361/3025 
f 2157/2157/1938 1366/1366/1245 1795/1795/1620 3361/3361/3025 
f 1796/1796/1621 1797/1797/1622 2904/2904/2601 2903/2903/2600 
f 1366/1366/1245 2157/2157/1938 2905/2905/2602 1798/1798/1623 
f 2903/2903/2600 2159/2159/1939 1398/1398/1273 1796/1796/1621 
f 1799/1799/1624 1800/1800/1625 2901/2901/2598 2900/2900/2597 
f 1362/1362/1241 1824/1824/1649 2902/2902/2599 1801/1801/1626 
f 1363/1363/1242 2156/2156/1242 2898/2898/2595 1790/1790/1615 
f 3378/3378/3036 3379/3379/3037 3374/3374/3032 3373/3373/3031 
f 1377/1377/1255 2162/2162/1942 3362/3362/3026 1838/1838/1659 
f 2161/2161/1941 3362/3362/3026 3369/3369/3027 2164/2164/1941 
f 3368/3368/1641 2161/2161/1941 2164/2164/1941 3365/3365/1641 
f 3363/3363/1639 3366/3366/1639 3367/3367/1640 3364/3364/1640 
f 1401/1401/1275 2163/2163/1275 3363/3363/1639 1827/1827/1639 
f 3392/3392/3050 2172/2172/1949 2171/2171/1948 3393/3393/3050 
f 2163/2163/1275 2165/2165/1275 3366/3366/1639 3363/3363/1639 
f 1829/1829/1641 3365/3365/1641 2164/2164/1941 1374/1374/1252 
f 1828/1828/1640 3364/3364/1640 3365/3365/1641 1829/1829/1641 
f 1827/1827/1639 3363/3363/1639 3364/3364/1640 1828/1828/1640 
f 2165/2165/1275 1409/1409/1275 1910/1910/1639 3366/3366/1639 
f 3366/3366/1639 1910/1910/1639 1909/1909/1640 3367/3367/1640 
f 3367/3367/1640 1909/1909/1640 1908/1908/1641 3368/3368/1641 
f 3368/3368/1641 1908/1908/1641 1375/1375/1253 2161/2161/1941 
f 1837/1837/1658 3369/3369/3027 2166/2166/1943 1376/1376/1254 
f 3385/3385/3043 3374/3374/3032 3379/3379/3037 3382/3382/3040 
f 3369/3369/3027 1837/1837/1658 1374/1374/1252 2164/2164/1941 
f 3377/3377/3035 2170/2170/1947 2168/2168/1945 3372/3372/3030 
f 3370/3370/3028 3375/3375/3033 3376/3376/3034 3371/3371/3029 
f 1379/1379/1257 2167/2167/1944 3370/3370/3028 1911/1911/1714 
f 2168/2168/1945 2170/2170/1947 2723/2723/2448 2718/2718/2443 
f 2167/2167/1944 2169/2169/1946 3375/3375/3033 3370/3370/3028 
f 1913/1913/1716 3372/3372/3030 2168/2168/1945 1410/1410/1280 
f 1912/1912/1715 3371/3371/3029 3372/3372/3030 1913/1913/1716 
f 1911/1911/1714 3370/3370/3028 3371/3371/3029 1912/1912/1715 
f 1833/1833/1654 3373/3373/3031 3374/3374/3032 1834/1834/1655 
f 1378/1378/1256 2169/2169/1946 3373/3373/3031 1833/1833/1654 
f 3364/3364/1640 3367/3367/1640 3368/3368/1641 3365/3365/1641 
f 2167/2167/1944 3378/3378/3036 3373/3373/3031 2169/2169/1946 
f 1835/1835/1656 3379/3379/3037 3378/3378/3036 1836/1836/1657 
f 2169/2169/1946 1378/1378/1256 1832/1832/1653 3375/3375/3033 
f 3375/3375/3033 1832/1832/1653 1831/1831/1652 3376/3376/3034 
f 3376/3376/3034 1831/1831/1652 1830/1830/1651 3377/3377/3035 
f 3377/3377/3035 1830/1830/1651 1402/1402/1276 2170/2170/1947 
f 2167/2167/1944 1379/1379/1257 1836/1836/1657 3378/3378/3036 
f 1841/1841/1662 3382/3382/3040 3379/3379/3037 1835/1835/1656 
f 2171/2171/1948 2172/2172/1949 3383/3383/3041 3380/3380/3038 
f 3380/3380/3038 3383/3383/3041 3384/3384/3042 3381/3381/3039 
f 1424/1424/1292 2171/2171/1948 3380/3380/3038 1839/1839/1660 
f 2162/2162/1942 2166/2166/1943 3369/3369/3027 3362/3362/3026 
f 1840/1840/1661 3381/3381/3039 3382/3382/3040 1841/1841/1662 
f 1839/1839/1660 3380/3380/3038 3381/3381/3039 1840/1840/1661 
f 2172/2172/1949 1428/1428/1296 1983/1983/1773 3383/3383/3041 
f 3383/3383/3041 1983/1983/1773 1982/1982/1772 3384/3384/3042 
f 3384/3384/3042 1982/1982/1772 1981/1981/1771 3385/3385/3043 
f 2166/2166/1943 2162/2162/1942 3386/3386/3044 3389/3389/3047 
f 3389/3389/3047 3386/3386/3044 3387/3387/3045 3390/3390/3048 
f 2163/2163/1275 2709/2709/1326 2712/2712/1326 2165/2165/1275 
f 2162/2162/1942 1377/1377/1255 1844/1844/1665 3386/3386/3044 
f 3386/3386/3044 1844/1844/1665 1843/1843/1664 3387/3387/3045 
f 3387/3387/3045 1843/1843/1664 1842/1842/1663 3388/3388/3046 
f 1376/1376/1254 2166/2166/1943 3389/3389/3047 1967/1967/1757 
f 1968/1968/1758 3390/3390/3048 3391/3391/3049 1969/1969/1759 
f 1967/1967/1757 3389/3389/3047 3390/3390/3048 1968/1968/1758 
f 3381/3381/3039 3384/3384/3042 3385/3385/3043 3382/3382/3040 
f 1476/1476/1338 2723/2723/2448 2170/2170/1947 1402/1402/1276 
f 1410/1410/1280 2168/2168/1945 2718/2718/2443 1559/1559/1403 
f 3371/3371/3029 3376/3376/3034 3377/3377/3035 3372/3372/3030 
f 2712/2712/1326 1556/1556/1326 1409/1409/1275 2165/2165/1275 
f 2163/2163/1275 1401/1401/1275 1473/1473/1326 2709/2709/1326 
f 2900/2900/2597 3539/3539/1760 2221/2221/1760 1799/1799/1624 
f 3539/3539/1760 2160/2160/1940 1425/1425/1293 2221/2221/1760 
f 1971/1971/1761 3393/3393/3050 2171/2171/1948 1424/1424/1292 
f 2211/2211/1978 2212/2212/1979 3515/3515/3148 3514/3514/3147 
f 3395/3395/3052 3446/3446/3091 1834/1834/1655 1981/1981/1771 
f 3394/3394/3051 3395/3395/3052 3397/3397/3054 3396/3396/3053 
f 3396/3396/3053 3397/3397/3054 3399/3399/3056 3398/3398/3055 
f 3401/3401/3058 3442/3442/3087 3447/3447/3092 3394/3394/3051 
f 3394/3394/3051 3447/3447/3092 3446/3446/3091 3395/3395/3052 
f 3395/3395/3052 1981/1981/1771 1982/1982/1772 3397/3397/3054 
f 3397/3397/3054 1982/1982/1772 1983/1983/1773 3399/3399/3056 
f 3399/3399/3056 1983/1983/1773 1428/1428/1296 2175/2175/1952 
f 3398/3398/3055 3399/3399/3056 2175/2175/1952 2176/2176/1953 
f 3401/3401/3058 3394/3394/3051 3396/3396/3053 3403/3403/3060 
f 3400/3400/3057 3401/3401/3058 3403/3403/3060 3402/3402/3059 
f 3403/3403/3060 3396/3396/3053 3398/3398/3055 3405/3405/3062 
f 3402/3402/3059 3403/3403/3060 3405/3405/3062 3404/3404/3061 
f 3400/3400/3057 3443/3443/3088 3442/3442/3087 3401/3401/3058 
f 1820/1820/1645 3443/3443/3088 3400/3400/3057 1978/1978/1768 
f 3405/3405/3062 3398/3398/3055 2176/2176/1953 2173/2173/1950 
f 3404/3404/3061 3405/3405/3062 2173/2173/1950 2174/2174/1951 
f 1980/1980/1770 3404/3404/3061 2174/2174/1951 1427/1427/1295 
f 1979/1979/1769 3402/3402/3059 3404/3404/3061 1980/1980/1770 
f 1978/1978/1768 3400/3400/3057 3402/3402/3059 1979/1979/1769 
f 3406/3406/3063 3407/3407/3064 3409/3409/3066 3408/3408/3065 
f 3408/3408/3065 3409/3409/3066 3411/3411/3068 3410/3410/3067 
f 3407/3407/3064 1842/1842/1663 1843/1843/1664 3409/3409/3066 
f 3409/3409/3066 1843/1843/1664 1844/1844/1665 3411/3411/3068 
f 3411/3411/3068 1844/1844/1665 1377/1377/1255 2178/2178/1955 
f 3410/3410/3067 3411/3411/3068 2178/2178/1955 2177/2177/1954 
f 3413/3413/3070 3406/3406/3063 3408/3408/3065 3415/3415/3072 
f 3412/3412/3069 3413/3413/3070 3415/3415/3072 3414/3414/3071 
f 3415/3415/3072 3408/3408/3065 3410/3410/3067 3417/3417/3074 
f 3414/3414/3071 3415/3415/3072 3417/3417/3074 3416/3416/3073 
f 3417/3417/3074 3410/3410/3067 2177/2177/1954 2180/2180/1957 
f 3416/3416/3073 3417/3417/3074 2180/2180/1957 2179/2179/1956 
f 1810/1810/1635 3416/3416/3073 2179/2179/1956 1368/1368/1247 
f 1809/1809/1634 3414/3414/3071 3416/3416/3073 1810/1810/1635 
f 1808/1808/1633 3412/3412/3069 3414/3414/3071 1809/1809/1634 
f 2773/2773/2497 2182/2182/1959 2181/2181/1958 2770/2770/2494 
f 2773/2773/2497 1476/1476/1338 1402/1402/1276 2182/2182/1959 
f 3418/3418/3075 3419/3419/3076 3421/3421/3078 3420/3420/3077 
f 3420/3420/3077 3421/3421/3078 3423/3423/3080 3422/3422/3079 
f 1399/1399/1274 2184/2184/1961 3418/3418/3075 1805/1805/1630 
f 2184/2184/1961 2183/2183/1960 3419/3419/3076 3418/3418/3075 
f 3419/3419/3076 3424/3424/3081 3426/3426/3083 3421/3421/3078 
f 3422/3422/3079 3423/3423/3080 2186/2186/1963 2185/2185/1962 
f 1807/1807/1632 3422/3422/3079 2185/2185/1962 1372/1372/1250 
f 1806/1806/1631 3420/3420/3077 3422/3422/3079 1807/1807/1632 
f 1805/1805/1630 3418/3418/3075 3420/3420/3077 1806/1806/1631 
f 3421/3421/3078 3426/3426/3083 3428/3428/3085 3423/3423/3080 
f 3424/3424/3081 3425/3425/3082 3427/3427/3084 3426/3426/3083 
f 2183/2183/1960 2181/2181/1958 3424/3424/3081 3419/3419/3076 
f 3426/3426/3083 3427/3427/3084 3429/3429/3086 3428/3428/3085 
f 3423/3423/3080 3428/3428/3085 2187/2187/1964 2186/2186/1963 
f 2181/2181/1958 2182/2182/1959 3425/3425/3082 3424/3424/3081 
f 2182/2182/1959 1402/1402/1276 1830/1830/1651 3425/3425/3082 
f 3425/3425/3082 1830/1830/1651 1831/1831/1652 3427/3427/3084 
f 3427/3427/3084 1831/1831/1652 1832/1832/1653 3429/3429/3086 
f 3429/3429/3086 1832/1832/1653 1378/1378/1256 2188/2188/1965 
f 3428/3428/3085 3429/3429/3086 2188/2188/1965 2187/2187/1964 
f 2181/2181/1958 2183/2183/1960 2767/2767/2491 2770/2770/2494 
f 2767/2767/2491 2183/2183/1960 2184/2184/1961 2764/2764/2488 
f 2184/2184/1961 1399/1399/1274 1451/1451/1317 2764/2764/2488 
f 2190/2190/1275 2189/2189/1275 2781/2781/1326 2778/2778/1326 
f 1553/1553/1326 1408/1408/1275 2190/2190/1275 2778/2778/1326 
f 3430/3430/1641 3431/3431/1641 3433/3433/1640 3432/3432/1640 
f 3432/3432/1640 3433/3433/1640 3435/3435/1639 3434/3434/1639 
f 1371/1371/1249 2192/2192/1967 3430/3430/1641 1905/1905/1641 
f 2192/2192/1967 2191/2191/1966 3431/3431/1641 3430/3430/1641 
f 2784/2784/1326 2781/2781/1326 2189/2189/1275 2194/2194/1275 
f 3434/3434/1639 3435/3435/1639 2189/2189/1275 2190/2190/1275 
f 1907/1907/1639 3434/3434/1639 2190/2190/1275 1408/1408/1275 
f 1906/1906/1640 3432/3432/1640 3434/3434/1639 1907/1907/1639 
f 1905/1905/1641 3430/3430/1641 3432/3432/1640 1906/1906/1640 
f 3443/3443/3088 3445/3445/3090 3444/3444/3089 3442/3442/3087 
f 2194/2194/1275 2193/2193/1275 2787/2787/1326 2784/2784/1326 
f 1409/1409/1275 1556/1556/1326 2787/2787/1326 2193/2193/1275 
f 3431/3431/1641 3436/3436/1641 3438/3438/1640 3433/3433/1640 
f 3433/3433/1640 3438/3438/1640 3440/3440/1639 3435/3435/1639 
f 3436/3436/1641 3437/3437/1641 3439/3439/1640 3438/3438/1640 
f 2191/2191/1966 2196/2196/1968 3436/3436/1641 3431/3431/1641 
f 3438/3438/1640 3439/3439/1640 3441/3441/1639 3440/3440/1639 
f 3435/3435/1639 3440/3440/1639 2194/2194/1275 2189/2189/1275 
f 2196/2196/1968 2195/2195/1253 3437/3437/1641 3436/3436/1641 
f 2195/2195/1253 1375/1375/1253 1908/1908/1641 3437/3437/1641 
f 3437/3437/1641 1908/1908/1641 1909/1909/1640 3439/3439/1640 
f 3439/3439/1640 1909/1909/1640 1910/1910/1639 3441/3441/1639 
f 3441/3441/1639 1910/1910/1639 1409/1409/1275 2193/2193/1275 
f 3440/3440/1639 3441/3441/1639 2193/2193/1275 2194/2194/1275 
f 1819/1819/1644 3445/3445/3090 3443/3443/3088 1820/1820/1645 
f 3442/3442/3087 3444/3444/3089 3449/3449/3094 3447/3447/3092 
f 3445/3445/3090 1819/1819/1644 1372/1372/1250 2185/2185/1962 
f 3444/3444/3089 3445/3445/3090 2185/2185/1962 2186/2186/1963 
f 3447/3447/3092 3449/3449/3094 3448/3448/3093 3446/3446/3091 
f 1834/1834/1655 3446/3446/3091 3448/3448/3093 1833/1833/1654 
f 3449/3449/3094 3444/3444/3089 2186/2186/1963 2187/2187/1964 
f 3448/3448/3093 3449/3449/3094 2187/2187/1964 2188/2188/1965 
f 1833/1833/1654 3448/3448/3093 2188/2188/1965 1378/1378/1256 
f 2177/2177/1954 2178/2178/1955 3451/3451/3096 3450/3450/3095 
f 3451/3451/3096 2195/2195/1253 2196/2196/1968 3450/3450/3095 
f 1377/1377/1255 1838/1838/1659 3451/3451/3096 2178/2178/1955 
f 1838/1838/1659 1375/1375/1253 2195/2195/1253 3451/3451/3096 
f 3450/3450/3095 2196/2196/1968 2191/2191/1966 3453/3453/3098 
f 2179/2179/1956 2180/2180/1957 3453/3453/3098 3452/3452/3097 
f 3453/3453/3098 2191/2191/1966 2192/2192/1967 3452/3452/3097 
f 2180/2180/1957 2177/2177/1954 3450/3450/3095 3453/3453/3098 
f 1821/1821/1646 3452/3452/3097 2192/2192/1967 1371/1371/1249 
f 2202/2202/1971 2201/2201/1970 3461/3461/3100 3460/3460/3099 
f 3452/3452/3097 1821/1821/1646 1368/1368/1247 2179/2179/1956 
f 3454/3454/1641 3455/3455/1641 3457/3457/1640 3456/3456/1640 
f 3456/3456/1640 3457/3457/1640 3459/3459/1639 3458/3458/1639 
f 1374/1374/1252 2198/2198/1252 3454/3454/1641 1829/1829/1641 
f 2198/2198/1252 2197/2197/1969 3455/3455/1641 3454/3454/1641 
f 3458/3458/1639 3459/3459/1639 2200/2200/1275 2199/2199/1275 
f 1827/1827/1639 3458/3458/1639 2199/2199/1275 1401/1401/1275 
f 1828/1828/1640 3456/3456/1640 3458/3458/1639 1827/1827/1639 
f 1829/1829/1641 3454/3454/1641 3456/3456/1640 1828/1828/1640 
f 3461/3461/3100 2204/2204/1973 2203/2203/1972 3460/3460/3099 
f 1822/1822/1647 3461/3461/3100 2201/2201/1970 1369/1369/1248 
f 1370/1370/1242 2204/2204/1973 3461/3461/3100 1822/1822/1647 
f 3460/3460/3099 2203/2203/1972 2197/2197/1969 3469/3469/3102 
f 3455/3455/1641 3462/3462/1641 3464/3464/1640 3457/3457/1640 
f 3457/3457/1640 3464/3464/1640 3466/3466/1639 3459/3459/1639 
f 3462/3462/1641 3463/3463/1641 3465/3465/1640 3464/3464/1640 
f 2197/2197/1969 2203/2203/1972 3462/3462/1641 3455/3455/1641 
f 3464/3464/1640 3465/3465/1640 3467/3467/1639 3466/3466/1639 
f 3459/3459/1639 3466/3466/1639 2205/2205/1275 2200/2200/1275 
f 2203/2203/1972 2204/2204/1973 3463/3463/1641 3462/3462/1641 
f 2204/2204/1973 1370/1370/1242 1816/1816/1641 3463/3463/1641 
f 3463/3463/1641 1816/1816/1641 1815/1815/1640 3465/3465/1640 
f 3465/3465/1640 1815/1815/1640 1814/1814/1639 3467/3467/1639 
f 3467/3467/1639 1814/1814/1639 1400/1400/1275 2206/2206/1275 
f 3466/3466/1639 3467/3467/1639 2206/2206/1275 2205/2205/1275 
f 2208/2208/1975 2207/2207/1974 3469/3469/3102 3468/3468/3101 
f 3469/3469/3102 2197/2197/1969 2198/2198/1252 3468/3468/3101 
f 2202/2202/1971 3460/3460/3099 3469/3469/3102 2207/2207/1974 
f 1837/1837/1658 3468/3468/3101 2198/2198/1252 1374/1374/1252 
f 3483/3483/3116 3485/3485/3118 3484/3484/3117 3482/3482/3115 
f 3468/3468/3101 1837/1837/1658 1376/1376/1254 2208/2208/1975 
f 3470/3470/3103 3471/3471/3104 3473/3473/3106 3472/3472/3105 
f 3472/3472/3105 3473/3473/3106 3475/3475/3108 3474/3474/3107 
f 3471/3471/3104 1966/1966/1756 1965/1965/1755 3473/3473/3106 
f 3473/3473/3106 1965/1965/1755 1964/1964/1754 3475/3475/3108 
f 3475/3475/3108 1964/1964/1754 1369/1369/1248 2201/2201/1970 
f 3474/3474/3107 3475/3475/3108 2201/2201/1970 2202/2202/1971 
f 3477/3477/3110 3470/3470/3103 3472/3472/3105 3479/3479/3112 
f 3476/3476/3109 3477/3477/3110 3479/3479/3112 3478/3478/3111 
f 3479/3479/3112 3472/3472/3105 3474/3474/3107 3481/3481/3114 
f 3478/3478/3111 3479/3479/3112 3481/3481/3114 3480/3480/3113 
f 3483/3483/3116 3486/3486/3119 1841/1841/1662 1835/1835/1656 
f 3481/3481/3114 3474/3474/3107 2202/2202/1971 2207/2207/1974 
f 3480/3480/3113 3481/3481/3114 2207/2207/1974 2208/2208/1975 
f 1967/1967/1757 3480/3480/3113 2208/2208/1975 1376/1376/1254 
f 1968/1968/1758 3478/3478/3111 3480/3480/3113 1967/1967/1757 
f 1969/1969/1759 3476/3476/3109 3478/3478/3111 1968/1968/1758 
f 1835/1835/1656 1836/1836/1657 3485/3485/3118 3483/3483/3116 
f 3493/3493/3126 3496/3496/3129 3487/3487/3120 3482/3482/3115 
f 3482/3482/3115 3487/3487/3120 3486/3486/3119 3483/3483/3116 
f 3482/3482/3115 3484/3484/3117 3495/3495/3128 3493/3493/3126 
f 3485/3485/3118 1836/1836/1657 1379/1379/1257 2210/2210/1977 
f 3484/3484/3117 3485/3485/3118 2210/2210/1977 2209/2209/1976 
f 3486/3486/3119 3487/3487/3120 3489/3489/3122 3488/3488/3121 
f 3488/3488/3121 3489/3489/3122 3491/3491/3124 3490/3490/3123 
f 3493/3493/3126 3495/3495/3128 3494/3494/3127 3492/3492/3125 
f 3490/3490/3123 3491/3491/3124 2212/2212/1979 2211/2211/1978 
f 1839/1839/1660 3490/3490/3123 2211/2211/1978 1424/1424/1292 
f 1840/1840/1661 3488/3488/3121 3490/3490/3123 1839/1839/1660 
f 1841/1841/1662 3486/3486/3119 3488/3488/3121 1840/1840/1661 
f 1817/1817/1642 3492/3492/3125 3494/3494/3127 1818/1818/1643 
f 3492/3492/3125 3497/3497/3130 3496/3496/3129 3493/3493/3126 
f 3515/3515/3148 3477/3477/3110 3476/3476/3109 3514/3514/3147 
f 1813/1813/1638 3497/3497/3130 3492/3492/3125 1817/1817/1642 
f 3495/3495/3128 3484/3484/3117 2209/2209/1976 2214/2214/1981 
f 3487/3487/3120 3496/3496/3129 3498/3498/3131 3489/3489/3122 
f 3494/3494/3127 3495/3495/3128 2214/2214/1981 2213/2213/1980 
f 1818/1818/1643 3494/3494/3127 2213/2213/1980 1373/1373/1251 
f 3489/3489/3122 3498/3498/3131 3500/3500/3133 3491/3491/3124 
f 3496/3496/3129 3497/3497/3130 3499/3499/3132 3498/3498/3131 
f 3498/3498/3131 3499/3499/3132 3501/3501/3134 3500/3500/3133 
f 3491/3491/3124 3500/3500/3133 2215/2215/1982 2212/2212/1979 
f 3497/3497/3130 1813/1813/1638 1812/1812/1637 3499/3499/3132 
f 3499/3499/3132 1812/1812/1637 1811/1811/1636 3501/3501/3134 
f 3501/3501/3134 1811/1811/1636 1423/1423/1291 2216/2216/1983 
f 3500/3500/3133 3501/3501/3134 2216/2216/1983 2215/2215/1982 
f 3502/3502/3135 3503/3503/3136 3505/3505/3138 3504/3504/3137 
f 3504/3504/3137 3505/3505/3138 3507/3507/3140 3506/3506/3139 
f 1410/1410/1280 2218/2218/1985 3502/3502/3135 1913/1913/1716 
f 2218/2218/1985 2217/2217/1984 3503/3503/3136 3502/3502/3135 
f 3503/3503/3136 3508/3508/3141 3510/3510/3143 3505/3505/3138 
f 3506/3506/3139 3507/3507/3140 2209/2209/1976 2210/2210/1977 
f 1911/1911/1714 3506/3506/3139 2210/2210/1977 1379/1379/1257 
f 1912/1912/1715 3504/3504/3137 3506/3506/3139 1911/1911/1714 
f 1913/1913/1716 3502/3502/3135 3504/3504/3137 1912/1912/1715 
f 3505/3505/3138 3510/3510/3143 3512/3512/3145 3507/3507/3140 
f 3508/3508/3141 3509/3509/3142 3511/3511/3144 3510/3510/3143 
f 2220/2220/1987 3508/3508/3141 3503/3503/3136 2217/2217/1984 
f 3510/3510/3143 3511/3511/3144 3513/3513/3146 3512/3512/3145 
f 3507/3507/3140 3512/3512/3145 2214/2214/1981 2209/2209/1976 
f 2220/2220/1987 2219/2219/1986 3509/3509/3142 3508/3508/3141 
f 2219/2219/1986 1407/1407/1279 1904/1904/1713 3509/3509/3142 
f 3509/3509/3142 1904/1904/1713 1903/1903/1712 3511/3511/3144 
f 3511/3511/3144 1903/1903/1712 1902/1902/1711 3513/3513/3146 
f 3513/3513/3146 1902/1902/1711 1373/1373/1251 2213/2213/1980 
f 3512/3512/3145 3513/3513/3146 2213/2213/1980 2214/2214/1981 
f 2857/2857/2557 2219/2219/1986 2220/2220/1987 2854/2854/2554 
f 2857/2857/2557 1550/1550/1400 1407/1407/1279 2219/2219/1986 
f 2220/2220/1987 2217/2217/1984 2851/2851/2551 2854/2854/2554 
f 2851/2851/2551 2217/2217/1984 2218/2218/1985 2848/2848/2548 
f 2218/2218/1985 1410/1410/1280 1559/1559/1403 2848/2848/2548 
f 2199/2199/1275 2200/2200/1275 2805/2805/1326 2802/2802/1326 
f 2810/2810/1326 2805/2805/1326 2200/2200/1275 2205/2205/1275 
f 1473/1473/1326 1401/1401/1275 2199/2199/1275 2802/2802/1326 
f 2205/2205/1275 2206/2206/1275 2813/2813/1326 2810/2810/1326 
f 1460/1460/1326 2813/2813/1326 2206/2206/1275 1400/1400/1275 
f 3514/3514/3147 1971/1971/1761 1424/1424/1292 2211/2211/1978 
f 3476/3476/3109 1969/1969/1759 1971/1971/1761 3514/3514/3147 
f 2215/2215/1982 2216/2216/1983 3517/3517/3150 3516/3516/3149 
f 2176/2176/1953 2175/2175/1952 3519/3519/3152 3518/3518/3151 
f 3517/3517/3150 3471/3471/3104 3470/3470/3103 3516/3516/3149 
f 3519/3519/3152 3407/3407/3064 3406/3406/3063 3518/3518/3151 
f 1970/1970/1760 3517/3517/3150 2216/2216/1983 1423/1423/1291 
f 1970/1970/1760 1966/1966/1756 3471/3471/3104 3517/3517/3150 
f 2212/2212/1979 2215/2215/1982 3516/3516/3149 3515/3515/3148 
f 1428/1428/1296 2224/2224/1990 3519/3519/3152 2175/2175/1952 
f 2224/2224/1990 1842/1842/1663 3407/3407/3064 3519/3519/3152 
f 2173/2173/1950 2176/2176/1953 3518/3518/3151 3521/3521/3153 
f 2174/2174/1951 2173/2173/1950 3521/3521/3153 3520/3520/1989 
f 3520/3520/1989 2223/2223/1989 1427/1427/1295 2174/2174/1951 
f 3521/3521/3153 3413/3413/3070 3412/3412/3069 3520/3520/1989 
f 3412/3412/3069 1808/1808/1633 2223/2223/1989 3520/3520/1989 
f 3392/3392/3050 3393/3393/3050 3391/3391/3049 3388/3388/3046 
f 3477/3477/3110 3515/3515/3148 3516/3516/3149 3470/3470/3103 
f 3413/3413/3070 3521/3521/3153 3518/3518/3151 3406/3406/3063 
f 3393/3393/3050 1971/1971/1761 1969/1969/1759 3391/3391/3049 
f 1842/1842/1663 2224/2224/1990 3392/3392/3050 3388/3388/3046 
f 3538/3538/3169 2155/2155/1937 2005/2005/1790 3522/3522/1989 
f 2895/2895/2592 3538/3538/3169 3522/3522/1989 3347/3347/3011 
f 2121/2121/1903 2120/2120/1902 3527/3527/3158 3526/3526/3157 
f 2123/2123/1905 2122/2122/1904 3525/3525/3156 3524/3524/3155 
f 1426/1426/1294 2222/2222/1988 3525/3525/3156 2122/2122/1904 
f 3525/3525/3156 3293/3293/2957 3292/3292/2956 3524/3524/3155 
f 2222/2222/1988 1802/1802/1627 3293/3293/2957 3525/3525/3156 
f 2120/2120/1902 2124/2124/1906 3523/3523/3154 3527/3527/3158 
f 3526/3526/3157 2225/3752/1991 1429/3731/1297 2121/2121/1903 
f 3527/3527/3158 3286/3286/2950 3285/3285/2949 3526/3526/3157 
f 3285/3285/2949 1848/3753/1669 2225/3752/1991 3526/3526/3157 
f 2114/2114/1896 2110/2110/1892 3269/3269/2933 3265/3265/2929 
f 3286/3286/2950 3527/3527/3158 3523/3523/3154 3291/3291/2955 
f 3225/3225/2889 3268/3268/2932 3267/3267/2931 3224/3224/2888 
f 3267/3267/2931 2225/2225/1991 1848/1848/1669 3224/3224/2888 
f 3234/3234/2898 3266/3266/2930 3265/3265/2929 3233/3233/2897 
f 1875/1875/1696 2228/2228/1994 3266/3266/2930 3234/3234/2898 
f 2069/2069/1851 2068/2068/1850 3529/3529/3160 3528/3528/3159 
f 3529/3529/3160 3149/3149/2813 3148/3148/2812 3528/3528/3159 
f 2977/2977/2644 2989/2989/2653 2994/2994/2658 3003/3003/2667 
f 1432/1432/1300 2228/2228/1994 3529/3529/3160 2068/2068/1850 
f 2228/2228/1994 1875/1875/1696 3149/3149/2813 3529/3529/3160 
f 2066/2066/1848 2069/2069/1851 3528/3528/3159 3531/3531/3162 
f 2067/2067/1849 2066/2066/1848 3531/3531/3162 3530/3530/3161 
f 3530/3530/3161 2229/2229/1995 1433/1433/1301 2067/2067/1849 
f 3531/3531/3162 3143/3143/2807 3142/3142/2806 3530/3530/3161 
f 3142/3142/2806 1881/1881/1702 2229/2229/1995 3530/3530/3161 
f 2033/2033/1815 2034/3737/1816 3533/3533/3164 3532/3532/3163 
f 3143/3143/2807 3531/3531/3162 3528/3528/3159 3148/3148/2812 
f 2034/2034/1816 2035/2035/1817 3534/3534/3165 3533/3738/3164 
f 2039/2039/1821 2040/2040/1822 3536/3536/3167 3535/3535/3166 
f 3534/3534/3165 3075/3075/2739 3074/3739/2738 3533/3738/3164 
f 3536/3536/3167 3083/3083/2747 3082/3082/2746 3535/3535/3166 
f 2040/2040/1822 2041/2041/1823 3537/3537/3168 3536/3536/3167 
f 1433/1433/1301 2229/2229/1995 3537/3537/3168 2041/2041/1823 
f 3537/3537/3168 3084/3084/2748 3083/3083/2747 3536/3536/3167 
f 2229/2229/1995 1881/1881/1702 3084/3084/2748 3537/3537/3168 
f 2035/2035/1817 2039/2039/1821 3535/3535/3166 3534/3534/3165 
f 3075/3075/2739 3534/3534/3165 3535/3535/3166 3082/3082/2746 
f 3002/3002/2666 2993/2993/2657 2992/2992/2656 3001/3001/2665 
f 2992/2992/2656 2226/2226/1992 1854/1854/1675 3001/3001/2665 
f 2978/2978/2645 2990/2990/2654 2989/2989/2653 2977/2977/2644 
f 1860/1860/1681 2227/2227/1993 2991/3686/2655 2979/3685/2646 
f 1955/1955/1229 2316/2316/1229 2334/2334/1229 2231/2231/1229 
f 2969/2969/1229 2987/2987/1229 2986/2986/1229 2968/2968/1229 
f 1955/1955/1229 2231/2231/1229 2988/2988/1229 2970/2970/1229 
f 2986/2986/1229 2230/2230/1229 1887/1887/1229 2968/2968/1229 
f 2124/2124/1906 2123/2123/1905 3524/3524/3155 3523/3523/3154 
f 3524/3524/3155 3292/3292/2956 3291/3291/2955 3523/3523/3154 
f 2900/2900/2597 1966/1966/1756 1970/1970/1760 3539/3539/1760 
f 2160/2160/1940 3539/3539/1760 1970/1970/1760 1423/1423/1291 
f 1427/1427/1295 2223/2223/1989 3522/3522/1989 2005/2005/1790 
f 2223/2223/1989 1808/1808/1633 3347/3347/3011 3522/3522/1989 
f 3073/3073/2737 1854/1854/1675 2226/2226/1992 3532/3532/3163 
f 1430/1430/1298 2033/2033/1815 3532/3532/3163 2226/2226/1992 
f 1434/1434/1229 1431/1431/1299 2227/2227/1993 2230/2230/1229 
f 2227/2227/1993 1860/1860/1681 1887/1887/1229 2230/2230/1229 
f 2326/2326/2060 2691/2691/2422 1439/1439/1305 1607/1607/1445 
f 2332/2332/1229 1635/1635/1229 1636/1636/1229 2333/2333/1229 
f 2734/2734/2459 2733/2733/2458 2736/2736/2461 2737/2737/2462 
o Cube:002
s 0
f 3558/3558/3170 3559/3559/3170 3560/3560/3170 
f 3561/3561/3171 3562/3562/3171 3563/3563/3171 
f 3564/3564/3172 3565/3565/3172 3566/3566/3172 
f 3567/3567/3173 3568/3568/3173 3569/3569/3173 
f 3570/3570/3174 3571/3571/3174 3572/3572/3174 
f 3573/3573/3175 3574/3574/3175 3575/3575/3175 
f 3576/3576/3176 3577/3577/3176 3578/3578/3176 
f 3579/3579/3177 3580/3580/3177 3581/3581/3177 
f 3582/3582/3178 3583/3583/3178 3584/3584/3178 
f 3585/3585/3179 3586/3586/3179 3587/3587/3179 
f 3560/3560/3180 3557/3557/3180 3556/3556/3180 3558/3558/3180 
f 3558/3558/3181 3561/3561/3181 3563/3563/3181 3559/3559/3181 
f 3559/3559/3182 3564/3564/3182 3566/3566/3182 3560/3560/3182 
f 3569/3569/3183 3566/3566/3183 3565/3565/3183 3567/3567/3183 
f 3564/3564/3184 3570/3570/3184 3572/3572/3184 3565/3565/3184 
f 3575/3575/3185 3572/3572/3185 3571/3571/3185 3573/3573/3185 
f 3570/3570/3186 3563/3563/3186 3562/3562/3186 3571/3571/3186 
f 3574/3574/3187 3568/3568/3187 3567/3567/3187 3575/3575/3187 
f 3578/3578/3188 3574/3574/3188 3573/3573/3188 3576/3576/3188 
f 3577/3577/3189 3580/3580/3189 3579/3579/3189 3578/3578/3189 
f 3584/3584/3190 3577/3577/3190 3576/3576/3190 3582/3582/3190 
f 3587/3587/3191 3584/3584/3191 3583/3583/3191 3585/3585/3191 
f 3586/3586/3192 3581/3581/3192 3580/3580/3192 3587/3587/3192 
f 3568/3568/3193 3579/3579/3193 3581/3581/3193 3569/3569/3193 
f 3554/3554/3194 3562/3562/3194 3561/3561/3194 3555/3555/3194 
f 3550/3550/3195 3583/3583/3195 3582/3582/3195 3551/3551/3195 
f 3552/3552/3196 3586/3586/3196 3585/3585/3196 3553/3553/3196 
f 3548/3548/3197 3551/3551/3197 3582/3582/3197 3576/3576/3197 
f 3550/3550/3198 3553/3553/3198 3585/3585/3198 3583/3583/3198 
f 3552/3552/3199 3549/3549/3199 3581/3581/3199 3586/3586/3199 
f 3555/3555/3200 3561/3561/3200 3558/3558/3200 3556/3556/3200 
f 3541/3541/3197 3543/3543/3197 3562/3562/3197 3554/3554/3197 
f 3542/3542/3199 3540/3540/3199 3557/3557/3199 3560/3560/3199 
f 3570/3570/3201 3564/3564/3201 3559/3559/3201 3563/3563/3201 
f 3544/3544/3199 3542/3542/3199 3560/3560/3199 3566/3566/3199 
f 3543/3543/3197 3546/3546/3197 3571/3571/3197 3562/3562/3197 
f 3545/3545/3199 3544/3544/3199 3566/3566/3199 3569/3569/3199 
f 3565/3565/3202 3572/3572/3202 3575/3575/3202 3567/3567/3202 
f 3578/3578/3203 3579/3579/3203 3568/3568/3203 3574/3574/3203 
f 3549/3549/3199 3545/3545/3199 3569/3569/3199 3581/3581/3199 
f 3546/3546/3197 3547/3547/3197 3573/3573/3197 3571/3571/3197 
f 3547/3547/3197 3548/3548/3197 3576/3576/3197 3573/3573/3197 
f 3577/3577/3204 3584/3584/3204 3587/3587/3204 3580/3580/3204 
#end 3463 faces

#ZOMPROPERTIES_04{
#ZOMPROPERTIES_04 table {Mesh table {SymPlane table {Point vector3d 0 0 0 Normal vector3d 1 0 0 Threshold double 0.01 
#ZOMPROPERTIES_04 Enabled bool false EdgeID int -1 SymEdgeID int -1 UPos double 0.5 LocalMode bool false } RootGroup C
#ZOMPROPERTIES_04 SubMeshGroup {Children table {Tile_0_0 CSubMeshGroup {Children table {} BBoxUV box3d 0 0 0 0 0 0 BBo
#ZOMPROPERTIES_04 x3D box3d 0 0 0 0 0 0 Area3D double 0 AreaUV double 0.797449 IsRoot bool false Properties table {Sel
#ZOMPROPERTIES_04 ected bool false Box box3d 0 1 0 1 0 1 U int 0 V int 0 NU int 0 NV int 0 Tiling vector3d 1 1 1 TileR
#ZOMPROPERTIES_04 atioMode string "1:1" Overflow string "Off" Pack table {BoxFrameEdit bool false Behavior string "Fre
#ZOMPROPERTIES_04 e" } } IsTile bool true PolyIDs ints { 1260 1649 1661 1653 1655 1669 1672 1678 1674 1662 1650 1645 1
#ZOMPROPERTIES_04 663 1668 1632 1651 1652 1646 1716 1711 1710 1715 1714 1749 2170 1692 1687 1689 1700 1699 1701 1708 1
#ZOMPROPERTIES_04 703 1679 1682 1681 1666 1680 1694 1686 1691 1690 1684 1693 1688 1683 1742 1743 1744 1729 1732 1733 1
#ZOMPROPERTIES_04 610 1611 1607 1600 1597 1523 1524 1525 1446 1515 1510 1451 1490 1509 1498 1496 1495 1453 1499 1501 1
#ZOMPROPERTIES_04 507 1567 1565 1571 1574 1579 2182 2179 2173 2175 1558 1562 2178 2177 2180 2181 1444 1443 2188 2189 2
#ZOMPROPERTIES_04 187 2186 2190 1543 2185 2184 1469 1467 1466 1441 1478 1440 1459 1470 1476 1477 1449 1457 1531 1529 1
#ZOMPROPERTIES_04 455 1533 1535 1534 1540 1582 1580 2668 2663 2657 2676 2672 2669 2659 2662 2661 2670 2606 2607 2601 2
#ZOMPROPERTIES_04 603 2602 2611 2517 2515 2516 2518 2502 2619 1528 1456 2597 2615 2617 2616 2605 2604 1532 2593 2595 2
#ZOMPROPERTIES_04 600 2598 2522 2509 2533 2520 2531 2538 2540 2539 2541 2497 2498 2523 2536 2519 2524 2526 2528 2529 2
#ZOMPROPERTIES_04 499 3397 3390 3393 3395 2561 2560 2562 2568 2567 2566 2551 2721 2719 2686 2692 2684 2685 2697 2700 2
#ZOMPROPERTIES_04 707 2706 2695 1608 1606 1604 2688 2694 2701 2689 2690 2589 2588 2583 2581 2587 2585 2586 2584 2549 2
#ZOMPROPERTIES_04 550 2548 2508 2510 2569 2571 2577 2573 2504 2580 2582 2591 2590 1541 1520 1518 1445 1447 1513 1514 1
#ZOMPROPERTIES_04 542 2507 2505 2503 2575 2578 2612 1517 1519 1522 1521 2613 1599 2683 1596 1598 1595 2506 2553 2558 2
#ZOMPROPERTIES_04 557 2512 2513 3398 3391 3389 2555 3392 2514 2552 2691 2682 1603 1605 1609 1734 1731 1730 1727 1728 1
#ZOMPROPERTIES_04 739 1737 1741 1740 2869 2856 2857 2858 2853 2855 2859 2791 2750 2796 2861 2860 2854 2862 2863 2852 2
#ZOMPROPERTIES_04 794 2792 2802 2801 2806 2805 3374 2878 2876 2827 2826 2830 2829 2754 2755 2744 2752 2758 2764 2765 2
#ZOMPROPERTIES_04 760 2771 2770 2769 2768 2872 1654 1745 1656 2866 2870 2871 2658 1594 1589 1590 1593 1676 1675 1677 1
#ZOMPROPERTIES_04 665 1664 1647 1644 1671 1545 1552 1546 1547 1548 1549 1725 1746 1381 1726 1720 1721 1723 1551 1550 1
#ZOMPROPERTIES_04 724 1709 1722 1717 1712 1713 1718 1748 1747 2167 2169 1704 1719 2171 1702 1705 1706 1578 1577 1630 1
#ZOMPROPERTIES_04 695 1696 1685 1698 1625 1628 1629 1573 1570 1566 1569 1568 1505 1491 1450 1488 1504 1503 1474 1487 1
#ZOMPROPERTIES_04 454 1452 1500 1489 1623 1624 1502 1506 1619 1622 1572 1626 1576 1627 1575 1707 2172 1557 1556 1555 1
#ZOMPROPERTIES_04 554 1553 1563 1564 1473 1486 1480 1481 1483 1479 1482 1442 1485 1484 1560 1559 1472 1448 1475 1538 1
#ZOMPROPERTIES_04 537 1539 1584 1618 1621 1613 1585 1581 1583 1587 1586 1588 1591 1615 1614 1592 1616 1601 1620 1612 1
#ZOMPROPERTIES_04 617 1667 2789 2677 2678 2679 2680 2681 2675 2671 2674 2664 2665 2609 2610 2535 2534 2532 2713 2636 2
#ZOMPROPERTIES_04 537 2543 2544 2640 2639 2545 2546 3394 3384 3386 3385 2642 2643 2647 2646 2645 2652 2656 2720 2724 2
#ZOMPROPERTIES_04 810 2808 2811 2793 2803 2815 2812 2813 2804 3375 2727 3371 2877 2875 3373 2799 2800 2828 2833 2821 2
#ZOMPROPERTIES_04 832 2837 2627 2623 2632 2630 2624 2625 2621 2626 2753 2772 2759 2778 2777 2773 2756 2751 2731 2774 2
#ZOMPROPERTIES_04 831 2825 2823 2775 2834 2776 2757 2766 2761 2763 2780 2779 2781 2783 2788 2790 2787 2786 2785 2784 2
#ZOMPROPERTIES_04 782 2838 2708 2710 2693 2709 2711 2714 2712 2634 2631 2641 2633 2638 2637 2629 3377 3378 3388 3382 3
#ZOMPROPERTIES_04 383 2650 2651 2654 2655 2819 2820 3376 3381 2874 3380 2628 2816 2814 2818 2653 2644 2649 2622 2836 2
#ZOMPROPERTIES_04 835 2817 2798 2797 2807 2795 2850 2849 2809 2703 2704 2698 2696 2699 2702 2723 2726 2722 2718 2687 2
#ZOMPROPERTIES_04 705 2847 2841 2839 2842 2851 2864 2845 2865 1735 2843 2840 2846 2848 2725 2844 2717 2565 2564 2648 3
#ZOMPROPERTIES_04 396 2542 2716 2715 2608 2666 2660 1673 1670 2767 2762 2873 1659 2824 2822 2868 2867 1736 1738 2563 2
#ZOMPROPERTIES_04 547 2500 2667 2673 1536 1462 1458 1471 1461 1460 1439 1561 1544 1751 1697 2168 1660 1658 1657 1648 1
#ZOMPROPERTIES_04 216 2376 2732 1642 1220 1433 1431 1435 1434 1302 2307 2614 2579 2574 2322 2321 2572 2576 2570 2247 2
#ZOMPROPERTIES_04 323 2494 2484 2482 2480 2439 2440 2435 2434 2436 3399 2429 2431 2433 2743 2476 2475 2430 2432 3400 3
#ZOMPROPERTIES_04 413 2620 3387 3414 2416 2530 2527 2415 2414 2525 2253 2441 3014 2477 2472 2464 2460 2467 2466 2453 2
#ZOMPROPERTIES_04 452 2451 2468 2252 2249 2463 2521 2483 2599 2260 2258 2594 2592 2596 2618 1526 1253 1402 1397 1396 1
#ZOMPROPERTIES_04 398 1634 1310 1312 1318 1319 1277 1637 1635 1412 1403 1411 1404 1400 1401 1254 1255 1527 1530 1463 1
#ZOMPROPERTIES_04 429 1246 1407 1291 1408 1414 1418 1417 1415 1416 1421 1369 1393 1248 1464 1465 1468 2183 2176 1493 1
#ZOMPROPERTIES_04 494 1252 1391 1390 1251 1243 1492 1497 1508 1245 1303 1516 1436 1437 1438 1643 1221 1222 1257 1258 1
#ZOMPROPERTIES_04 359 1353 1354 1352 1355 2174 2193 1383 1422 1640 1274 1263 1264 1267 1602 1638 1365 1268 1275 1278 1
#ZOMPROPERTIES_04 266 1262 1265 1273 1379 1378 2195 1385 2196 1639 1423 1382 1384 2194 2208 1250 1392 1387 1386 1388 1
#ZOMPROPERTIES_04 394 1395 1424 1428 1427 1409 1426 1425 1641 1636 1256 1633 1360 1351 1631 1389 2192 2207 1419 1370 1
#ZOMPROPERTIES_04 247 1371 1420 1406 1413 1249 1410 1313 1311 2303 1293 2343 2336 2334 2333 2335 2734 2736 2454 2450 2
#ZOMPROPERTIES_04 449 2455 2456 2461 2459 1405 1399 2457 2257 2458 2259 2372 2447 2448 2733 2737 1314 2344 2337 2735 2
#ZOMPROPERTIES_04 740 2738 2266 2413 2278 2270 2268 2267 2269 2742 2635 2465 2741 2473 2272 2271 2425 2427 2426 3401 2
#ZOMPROPERTIES_04 397 2398 2396 2400 2399 2262 2739 2481 2479 2745 2749 2224 2251 2261 2223 2263 2216 2214 2213 2746 2
#ZOMPROPERTIES_04 748 2491 2490 2444 2445 1430 2446 2489 2324 2496 2495 2487 2488 2492 2493 2747 2486 2485 2217 2218 2
#ZOMPROPERTIES_04 378 1218 2215 2469 2730 2728 2729 3379 2437 2395 2279 2282 2283 2338 2462 2471 2470 2478 2474 2554 2
#ZOMPROPERTIES_04 254 2255 2256 2559 2511 2556 2438 2250 2443 2442 1512 1511 1301 1432 1217 1219 768 770 771 772 773 7
#ZOMPROPERTIES_04 74 775 776 777 778 779 780 781 782 783 784 785 1073 1074 1077 1145 1076 1080 1081 1079 1082 1093 107
#ZOMPROPERTIES_04 8 1092 1091 1090 1089 1088 1094 1095 1096 1128 1124 1126 1131 1132 1134 1137 1138 1140 1139 1144 114
#ZOMPROPERTIES_04 3 1141 1085 1084 1087 1086 1142 1136 1135 1133 1121 1123 1122 1125 1146 1101 1100 853 855 856 857 85
#ZOMPROPERTIES_04 8 847 850 854 849 848 1114 1116 846 841 840 837 842 902 903 844 843 862 860 845 861 859 864 863 905 
#ZOMPROPERTIES_04 865 866 904 896 867 868 869 892 891 873 886 884 883 882 879 880 877 959 958 957 960 955 953 954 950 
#ZOMPROPERTIES_04 949 948 947 946 945 944 1190 1191 943 942 1201 1202 1197 1198 1199 814 813 812 811 810 1180 1179 117
#ZOMPROPERTIES_04 7 994 995 996 999 1001 981 978 976 980 983 982 984 985 989 990 993 1182 1183 1181 1193 1195 1194 119
#ZOMPROPERTIES_04 2 1187 1186 1189 963 964 965 966 991 1214 1185 967 988 968 986 987 969 970 971 973 975 977 1012 1009
#ZOMPROPERTIES_04  979 1005 1008 1011 1173 1014 1010 1013 1016 1027 1026 974 1025 1024 1023 1022 1028 1029 1030 1158 1
#ZOMPROPERTIES_04 159 1156 1154 1153 1152 1059 1058 1055 1056 1057 1176 1155 1032 1031 1033 1034 1052 1053 1035 1036 1
#ZOMPROPERTIES_04 037 1039 1042 1043 1041 1045 1071 1072 786 787 788 789 790 791 792 793 794 795 796 797 798 799 800 8
#ZOMPROPERTIES_04 01 802 803 804 805 806 807 998 997 1000 1002 1003 1006 1007 1175 1174 1169 1168 1167 1170 1172 1171 
#ZOMPROPERTIES_04 1019 1018 1020 1021 1161 1160 1162 1164 1163 1157 1151 1150 1165 1166 1149 1148 1147 1060 1061 1062 
#ZOMPROPERTIES_04 1050 1048 1047 1046 1049 1038 1044 1067 1068 1070 1065 1051 1066 1063 1064 1069 1040 1054 1017 1015 
#ZOMPROPERTIES_04 1004 972 1188 1184 962 1178 992 808 809 1196 815 816 817 818 819 820 821 822 823 824 825 826 827 828
#ZOMPROPERTIES_04  829 830 831 769 834 838 836 833 835 901 832 898 900 899 895 893 897 890 909 906 907 908 911 910 888
#ZOMPROPERTIES_04  887 885 912 913 915 914 889 917 916 918 919 881 922 961 927 924 925 930 932 931 933 951 939 936 938
#ZOMPROPERTIES_04  937 935 934 1207 1206 1205 1204 1203 1200 1208 940 1210 1209 1211 1212 1213 926 929 923 1215 928 92
#ZOMPROPERTIES_04 1 920 941 952 956 878 876 875 874 872 871 870 894 839 1115 1113 1111 1112 1108 1109 1107 1104 1105 1
#ZOMPROPERTIES_04 106 1117 1119 1103 1102 851 852 1110 1099 1098 1097 1118 1127 1120 1130 1129 1083 1075 0 155 152 153
#ZOMPROPERTIES_04  160 163 154 8 11 675 674 679 678 645 648 649 652 653 656 659 624 625 628 629 632 635 634 601 604 60
#ZOMPROPERTIES_04 7 602 603 598 597 630 596 631 593 626 627 622 589 590 591 586 553 552 555 520 523 106 111 110 519 51
#ZOMPROPERTIES_04 6 551 548 549 582 587 584 619 616 651 646 613 612 615 580 583 578 545 544 547 512 118 117 120 123 12
#ZOMPROPERTIES_04 2 127 126 7 6 5 4 139 138 136 133 142 147 146 151 148 508 509 396 506 397 503 502 501 500 398 505 49
#ZOMPROPERTIES_04 9 173 172 175 166 165 167 164 157 156 504 149 159 150 158 161 168 171 162 12 9 15 707 672 706 673 71
#ZOMPROPERTIES_04 1 676 677 680 681 684 685 688 691 689 722 727 724 759 758 763 728 731 696 699 664 667 666 633 636 63
#ZOMPROPERTIES_04 7 638 605 606 74 79 573 574 575 570 569 571 566 567 564 599 594 595 560 561 562 563 558 557 556 559 
#ZOMPROPERTIES_04 554 524 521 527 522 107 104 355 346 345 342 343 340 341 444 441 348 351 350 353 352 354 363 108 105 
#ZOMPROPERTIES_04 362 109 361 368 369 366 375 374 377 376 379 370 371 112 113 114 515 514 119 115 116 378 131 130 121 
#ZOMPROPERTIES_04 135 124 134 125 132 143 140 141 144 511 510 145 392 388 435 391 394 389 395 385 384 433 442 430 423 
#ZOMPROPERTIES_04 431 429 443 439 438 357 356 349 440 358 359 364 365 372 387 436 437 367 386 373 380 383 128 382 381 
#ZOMPROPERTIES_04 390 393 129 360 426 446 427 428 422 449 450 324 317 451 453 425 424 416 456 455 454 309 310 311 302 
#ZOMPROPERTIES_04 301 308 457 463 420 412 459 458 300 293 292 295 296 299 290 289 288 287 286 284 285 461 460 421 419 
#ZOMPROPERTIES_04 464 415 467 466 468 417 418 411 414 474 413 405 475 245 246 255 256 257 258 267 266 275 64 65 68 283
#ZOMPROPERTIES_04  280 279 278 277 465 462 276 269 268 469 261 470 471 260 263 262 265 254 253 472 252 473 271 272 273
#ZOMPROPERTIES_04  270 281 274 282 69 70 71 72 75 291 66 67 62 61 702 669 668 703 700 701 63 58 57 60 56 259 250 249 2
#ZOMPROPERTIES_04 48 251 242 241 238 237 244 478 476 477 484 409 401 410 408 485 404 488 487 212 213 220 223 214 217 2
#ZOMPROPERTIES_04 24 227 226 225 232 231 228 229 236 479 480 481 221 482 222 230 233 240 243 234 235 44 47 42 757 756 
#ZOMPROPERTIES_04 43 40 41 37 38 39 36 219 218 216 215 206 205 489 490 407 400 491 492 403 495 402 494 496 434 498 497
#ZOMPROPERTIES_04  181 188 189 190 199 200 203 202 29 32 35 34 749 748 745 30 31 28 25 194 195 24 21 186 185 192 191 1
#ZOMPROPERTIES_04 82 183 184 187 178 177 176 179 170 169 16 19 739 738 743 708 709 712 713 716 717 718 723 720 721 754
#ZOMPROPERTIES_04  755 752 753 750 751 746 719 747 744 741 740 737 22 23 20 17 736 18 27 742 26 714 715 710 705 704 14
#ZOMPROPERTIES_04  13 174 180 193 33 211 210 208 209 201 198 207 204 197 196 493 406 760 46 761 764 767 732 735 734 73
#ZOMPROPERTIES_04 3 59 54 53 52 49 50 55 765 48 766 730 729 762 51 45 239 483 486 247 697 698 670 264 73 76 298 307 80
#ZOMPROPERTIES_04  83 82 542 543 540 538 537 539 534 533 532 535 530 529 531 528 525 526 103 102 100 101 347 338 337 3
#ZOMPROPERTIES_04 34 335 332 448 325 326 329 336 328 327 331 92 93 94 96 99 98 97 339 330 89 322 323 320 321 318 319 8
#ZOMPROPERTIES_04 8 85 84 315 312 306 305 314 313 87 86 91 90 95 333 447 536 541 81 77 304 303 297 294 316 452 445 344
#ZOMPROPERTIES_04  565 568 572 78 671 639 665 661 662 660 695 694 692 693 690 657 663 726 725 686 687 682 683 10 432 3
#ZOMPROPERTIES_04 99 507 137 608 609 610 611 642 643 640 647 641 3 2 576 577 579 513 546 581 614 644 617 650 620 655 6
#ZOMPROPERTIES_04 23 618 588 585 621 654 550 517 518 592 600 658 1 1223 1224 1225 2377 2219 2220 2346 2345 2221 2222 2
#ZOMPROPERTIES_04 347 2285 2264 2265 2284 2331 2326 2384 2385 2380 2387 2391 2393 2305 1306 1304 1349 1341 1342 1344 2
#ZOMPROPERTIES_04 199 1375 2424 2421 2420 2211 2423 3406 3416 2290 2389 2381 2382 2422 2388 3405 3403 2392 2379 2390 2
#ZOMPROPERTIES_04 383 3404 2291 2292 2401 2402 2403 3402 2428 3415 2419 2353 2354 2349 2351 2360 2329 2369 2370 2296 2
#ZOMPROPERTIES_04 287 2286 2289 2361 2417 2362 2418 2274 2275 2273 2277 2280 2366 2281 2339 2340 2341 2342 2304 2371 2
#ZOMPROPERTIES_04 299 2367 2295 2365 2276 2358 2301 1326 1332 1335 1309 1338 1339 1288 1290 1316 1317 1279 1284 1289 1
#ZOMPROPERTIES_04 282 1283 1330 1329 1324 1323 1325 1333 1334 3418 1377 2200 2210 1285 1356 1357 1358 1286 1280 1259 1
#ZOMPROPERTIES_04 261 1281 1322 1307 1308 1345 1287 1346 2197 1380 2209 1373 1374 1372 1270 1269 1276 1271 1272 1328 1
#ZOMPROPERTIES_04 327 1347 2198 2300 2302 2356 2357 2350 1331 1336 1337 1315 2297 2288 2352 2359 2364 2368 2293 2294 2
#ZOMPROPERTIES_04 355 2363 1343 1348 1340 1320 1305 1321 2306 1292 2328 2330 2327 2325 2311 2386 2332 2348 3420 3432 3
#ZOMPROPERTIES_04 453 3431 3421 3436 3424 3435 3457 3437 3423 3433 3422 3434 3456 3454 3452 3459 3449 3442 3427 3439 3
#ZOMPROPERTIES_04 458 3438 3461 3447 3445 3428 3441 3448 3446 3429 3462 3440 3460 3455 3425 3426 3443 3451 3444 3450 3
#ZOMPROPERTIES_04 430 1226 1227 1860 1859 2158 2156 2191 2157 2166 1376 2160 1789 1795 1794 1793 1855 1848 1831 1832 1
#ZOMPROPERTIES_04 833 1821 1823 1818 1849 1846 1842 1847 1784 1783 1779 1778 1776 1787 1788 1791 1792 1781 1854 1850 1
#ZOMPROPERTIES_04 851 1844 1785 1852 1780 1790 2202 1752 2161 1770 1769 1768 1772 1773 2164 2163 2162 2165 1782 1774 1
#ZOMPROPERTIES_04 771 1777 1775 1836 1840 1841 1802 1801 1800 2940 2938 2931 2926 2937 2936 2928 2927 2932 2952 2985 2
#ZOMPROPERTIES_04 986 2987 3009 3046 2404 2232 3019 2248 3040 2407 1350 2881 2984 2888 2887 2882 2880 2895 2884 2885 2
#ZOMPROPERTIES_04 890 2891 3364 3363 3407 2893 2899 2901 2902 2903 2904 2894 2896 2897 2886 2988 2954 2990 2992 2991 2
#ZOMPROPERTIES_04 935 2989 2898 2964 2934 3368 3370 2913 2912 2911 2910 2994 2996 3005 2960 2962 2957 2955 2971 2973 2
#ZOMPROPERTIES_04 982 2981 1824 1828 1826 1817 2939 2963 2958 2959 2967 2968 2961 2997 2995 2999 2966 2956 1820 1819 1
#ZOMPROPERTIES_04 815 1816 2953 2965 2969 1814 1825 1827 1830 1829 2970 2310 2312 3036 3029 1876 1297 1296 1875 1880 1
#ZOMPROPERTIES_04 879 3030 3189 3188 2015 2018 2017 2014 2021 2023 2027 1922 1934 1911 1917 1918 2053 2054 2051 2050 2
#ZOMPROPERTIES_04 060 2062 2066 1299 1892 1893 1300 2309 2308 3051 2316 3050 3052 3062 3053 3061 2233 3060 3124 3125 3
#ZOMPROPERTIES_04 048 2409 3047 3045 3054 3056 3058 2237 3057 3059 2374 1900 1901 1237 1238 1898 1897 1902 1294 1883 1
#ZOMPROPERTIES_04 889 1890 1367 1368 2203 2155 1891 1962 1903 1233 2204 2141 2140 2138 2139 2075 2076 2077 2078 2058 2
#ZOMPROPERTIES_04 394 1235 1234 2079 1904 1905 1907 1899 1894 1298 2067 2068 2064 2069 2070 2055 2052 2073 1915 1925 1
#ZOMPROPERTIES_04 956 1957 1958 2152 1960 1943 1944 1945 1940 1939 1912 1932 1926 1938 2011 2010 2039 2036 2030 2020 2
#ZOMPROPERTIES_04 034 1232 2153 1242 1881 1882 1886 1887 1978 1974 1982 1972 1971 1964 2035 2038 1924 1930 1935 1947 1
#ZOMPROPERTIES_04 931 1910 1948 1949 1968 2148 1750 1951 2154 2151 1989 1952 3419 1920 1953 1988 1987 1986 2037 2042 1
#ZOMPROPERTIES_04 913 1954 1950 1906 1946 1916 1919 1921 2028 2029 2025 2019 2016 2048 1867 1877 1878 1866 1231 1295 1
#ZOMPROPERTIES_04 858 1862 1228 1230 1868 2046 2043 1998 1992 1993 1985 1990 1984 2143 1963 2146 1991 1995 1865 2150 2
#ZOMPROPERTIES_04 206 2149 2147 2145 1977 1967 2144 1966 1969 1976 1975 1981 1980 1885 2205 1884 1364 1363 1762 1761 1
#ZOMPROPERTIES_04 758 1760 1759 1756 1755 1753 1766 1835 1813 1839 1843 1799 1798 1805 1804 1806 1812 2924 2947 2946 2
#ZOMPROPERTIES_04 942 2944 2943 2951 2949 2243 3010 3027 3026 2246 3171 3216 3217 3170 3178 3220 3215 3131 3137 3139 3
#ZOMPROPERTIES_04 143 3350 3357 3353 3155 3157 3159 3160 3017 3016 3161 3015 3162 3354 3352 3145 3144 3146 3140 3147 3
#ZOMPROPERTIES_04 138 3142 3141 3214 3199 3041 3042 3043 3044 3006 2406 2405 3360 2501 3361 2298 2227 3013 2918 3366 2
#ZOMPROPERTIES_04 915 2914 2916 2917 2921 2920 3003 2231 2230 3004 3002 3000 2998 2922 2908 2906 2900 3372 3369 3408 3
#ZOMPROPERTIES_04 367 2905 2907 3001 2975 2976 2972 2978 2314 2313 3007 3034 3035 3033 3031 3037 3032 3192 3193 3190 3
#ZOMPROPERTIES_04 191 3197 3198 3195 3207 3213 3200 3194 2022 2024 3201 3122 1923 3111 3123 3068 3239 3238 3334 3336 3
#ZOMPROPERTIES_04 251 3335 3337 3338 2065 3257 3256 2317 3255 2318 3254 2319 3253 2320 3244 2212 3243 2229 2234 3268 3
#ZOMPROPERTIES_04 267 2235 3266 3264 3270 3356 3295 3127 3339 3126 3069 3100 3101 3118 3108 3049 3089 3063 3079 3099 3
#ZOMPROPERTIES_04 104 3105 3291 3290 3289 3304 3308 3307 3345 3346 3343 3341 3409 3410 2410 3306 3303 3302 3298 3281 3
#ZOMPROPERTIES_04 294 3296 2408 3293 3288 3299 3297 3322 3314 3315 3083 3085 3094 3095 3096 3097 3081 3086 3311 3312 3
#ZOMPROPERTIES_04 309 3313 3319 3325 2240 3324 2241 3330 2375 3329 2129 2134 2126 3331 3332 2120 2121 2125 2093 2106 2
#ZOMPROPERTIES_04 092 2097 2109 2111 2119 2105 2107 2132 2131 2128 2130 2127 2108 1896 2095 1361 2114 2115 2116 2117 2
#ZOMPROPERTIES_04 112 2113 2103 1961 2091 2135 2137 2082 2083 2084 2085 2057 2059 2090 2089 2049 2056 2088 2087 2081 2
#ZOMPROPERTIES_04 136 2142 2102 2099 2101 2098 2100 2096 2086 2104 2094 2124 1927 1928 1929 1955 1936 1937 2013 2012 2
#ZOMPROPERTIES_04 009 2006 2007 2004 2003 2032 1872 1244 1888 1871 1241 1857 1837 1822 1754 1763 1362 1764 1757 3417 1
#ZOMPROPERTIES_04 834 1838 1856 1809 1810 1811 1240 1870 1869 3038 2373 3028 3023 3024 3025 3173 3167 3168 3165 3166 3
#ZOMPROPERTIES_04 174 3169 3175 3177 3182 3181 3180 3164 3163 2008 2005 1999 2000 2001 2002 1873 1874 3187 3039 3186 3
#ZOMPROPERTIES_04 185 3179 3176 3119 3172 3022 2244 2245 1239 2031 3084 3120 2122 2123 1909 1941 2074 2110 2118 3333 2
#ZOMPROPERTIES_04 133 3320 3323 3326 2239 3327 2238 3328 3321 3300 3055 3318 3310 3317 3316 3087 3121 3088 3183 3184 3
#ZOMPROPERTIES_04 082 3222 3221 3219 3218 3128 3132 3090 3092 3098 3093 3280 3262 3285 3284 3274 3292 3286 3287 3282 3
#ZOMPROPERTIES_04 283 1895 3305 2412 3301 2411 3347 3133 3129 3134 3135 3348 3349 3344 3148 3154 3150 3151 3149 3153 3
#ZOMPROPERTIES_04 223 3230 3228 3233 3231 3229 3227 3205 3202 3204 3206 3203 3210 3209 3077 2228 3065 3080 3261 3259 3
#ZOMPROPERTIES_04 237 3249 3245 3242 3232 3260 3275 3269 3265 3272 3273 3271 3279 3340 3116 3358 3355 3359 2879 1959 3
#ZOMPROPERTIES_04 114 3113 3112 3152 3225 3064 3226 3224 3109 3110 3117 3115 3078 3277 3276 3258 3278 3263 3103 3246 3
#ZOMPROPERTIES_04 248 3234 3241 3072 3071 3066 3091 3076 3075 3211 3074 3067 3070 3073 3240 3236 3235 3247 3250 3252 3
#ZOMPROPERTIES_04 208 3158 3156 3342 3106 3136 3130 3107 3102 2236 2063 3212 2026 3020 3008 3011 3018 2225 2226 3012 3
#ZOMPROPERTIES_04 021 3196 2315 2977 2979 2974 2919 3365 3412 3411 3351 2242 2948 2950 2941 2945 2923 2925 2933 1786 1
#ZOMPROPERTIES_04 796 2929 2909 1807 1808 1797 1803 1845 1765 1979 1973 1965 1970 1996 1997 1863 1864 1994 2041 2045 2
#ZOMPROPERTIES_04 044 2040 2047 1914 1908 1942 2033 1983 1861 1933 2071 2072 1229 2080 1366 1236 2061 2980 3362 2892 2
#ZOMPROPERTIES_04 889 2883 2983 2993 2930 1767 2201 1853 2159 } } } BBoxUV box3d 0 0 0 0 0 0 BBox3D box3d 0 0 0 0 0 0 
#ZOMPROPERTIES_04 Area3D double 0 AreaUV double 0.615969 IsRoot bool true Properties table {Selected bool false Box bo
#ZOMPROPERTIES_04 x3d 0 1 0 1 0 1 U int 0 V int 0 NU int 1 NV int 1 Tiling vector3d 1 1 1 TileRatioMode string "1:1" O
#ZOMPROPERTIES_04 verflow string "Off" Pack table {Rotate table {Mode int 0 Min double 0 Max double 90 Step double 0 }
#ZOMPROPERTIES_04  PaddingSize double 0.0078125 MarginSize double 0.00390625 Resolution int 256 MapResolution int 2048
#ZOMPROPERTIES_04  Scaling table {TexelDensity double 1024 Mode int 2 } LayoutScalingMode int 2 MaxMutations int 1 Box
#ZOMPROPERTIES_04 FrameEdit bool false Behavior string "Free" } } IsTile bool false PolyIDs ints { } } Maps table {Den
#ZOMPROPERTIES_04 sity table {PrimType string "Polygon" Size int 1 DefaultValue double 1 ScaleType string "Log" MergeM
#ZOMPROPERTIES_04 ode string "Average" MinValue double 0.1 MaxValue double 4 Data doubles { r 3463 1 } } Pin table {Pr
#ZOMPROPERTIES_04 imType string "Vertex" Size int 1 DefaultValue double 0 ScaleType string "Normalized" MergeMode stri
#ZOMPROPERTIES_04 ng "Max" MinValue double 0 MaxValue double 1 Data doubles { r 3772 0 } } Protect table {PrimType str
#ZOMPROPERTIES_04 ing "Vertex" Size int 1 DefaultValue double 0 ScaleType string "Normalized" MergeMode string "Averag
#ZOMPROPERTIES_04 e" MinValue double -1 MaxValue double 1 Data doubles { r 3772 0 } } } } }
#ZOMPROPERTIES_04}


#ZOMSCENE_01{
#ZOMSCENE_01 CScene {Settings table {AxisSystem table {UpVector string "y" } Unit string "cm" TexelDensityDisplay
#ZOMSCENE_01 Unit string "tx/cm" } }
#ZOMSCENE_01}

#begin 0 fatal error vertex (that RizomUV cannot handle)
#end 0 fatal error vertex (that RizomUV cannot handle)

#begin 0 error vertex
#end 0 error vertex
