#File written by RizomUV 2022.1.57.gfabcfb8. Compilation :Sep 28 2022,23:52:22
mtllib Boton triple.mtl
#begin vertices
v 0.04851 1.841676 -2.121079
v 0.060803 1.835813 -2.1198
v 0.036217 1.847539 -2.1198
v 0.013504 1.858373 -2.109861
v 0.004803 1.862342 -2.103648
v -0.000649 1.865123 -2.094168
v -0.006113 1.86773 -2.082126
v -0.009477 1.869334 -2.06898
v -0.010613 1.869876 -2.055269
v -0.006113 1.86773 -2.028411
v -0.000649 1.865123 -2.016369
v 0.004803 1.862342 -2.006889
v 0.013504 1.858373 -2.000677
v 0.036217 1.847539 -1.990737
v 0.04851 1.841676 -1.989458
v 0.060803 1.835813 -1.990737
v 0.072624 1.830175 -1.994525
v 0.083517 1.824979 -2.000677
v 0.092077 1.820715 -2.006889
v 0.09767 1.818228 -2.016369
v 0.103133 1.815622 -2.028411
v 0.107634 1.813475 -2.055269
v 0.106498 1.814017 -2.06898
v 0.103133 1.815622 -2.082126
v 0.09767 1.818228 -2.094168
v 0.092077 1.820715 -2.103648
v 0.083517 1.824979 -2.109861
v 0.072623 1.830174 -2.116012
v 0.074202 1.820909 -2.132838
v 0.059986 1.827689 -2.137616
v 0.057436 1.819879 -2.142947
v 0.045202 1.834741 -2.139229
v 0.041695 1.827387 -2.144665
v 0.030418 1.841793 -2.137616
v 0.025953 1.834895 -2.142947
v 0.0031 1.854823 -2.125079
v -0.003133 1.848769 -2.129599
v -0.008383 1.860301 -2.114637
v -0.015359 1.8546 -2.118481
v -0.017807 1.864796 -2.101915
v -0.025394 1.859386 -2.104934
v -0.02481 1.868135 -2.087399
v -0.032851 1.862944 -2.089479
v -0.029123 1.870192 -2.071648
v -0.037442 1.865134 -2.072709
v -0.030579 1.870887 -2.055269
v -0.038993 1.865873 -2.055269
v -0.02481 1.868135 -2.023139
v -0.032851 1.862944 -2.021058
v -0.017807 1.864796 -2.008623
v -0.025394 1.859386 -2.005603
v -0.008383 1.860301 -1.9959
v -0.015359 1.8546 -1.992056
v 0.0031 1.854823 -1.985458
v -0.003133 1.848769 -1.980939
v 0.030418 1.841793 -1.972922
v 0.025953 1.834895 -1.967592
v 0.045202 1.834741 -1.971309
v 0.041695 1.827387 -1.965873
v 0.059986 1.827689 -1.972922
v 0.057436 1.819879 -1.967592
v 0.074202 1.820909 -1.9777
v 0.072572 1.812659 -1.972678
v 0.087304 1.81466 -1.985458
v 0.086522 1.806005 -1.980939
v 0.098788 1.809183 -1.9959
v 0.098749 1.800173 -1.992056
v 0.108212 1.804687 -2.008623
v 0.108784 1.795388 -2.005603
v 0.115215 1.801347 -2.023139
v 0.11624 1.79183 -2.021058
v 0.120984 1.798595 -2.055269
v 0.122382 1.788901 -2.055269
v 0.119528 1.79929 -2.071648
v 0.120832 1.78964 -2.072709
v 0.115215 1.801347 -2.087399
v 0.11624 1.79183 -2.089479
v 0.108212 1.804687 -2.101915
v 0.108784 1.795388 -2.104934
v 0.098788 1.809183 -2.114637
v 0.098749 1.800173 -2.118481
v 0.087304 1.81466 -2.125079
v 0.086522 1.806005 -2.129599
v 0.072572 1.812659 -2.13786
v 0.040712 1.743586 -2.140226
v 0.055062 1.736741 -2.131729
v 0.025142 1.751013 -2.145459
v 0.00895 1.758736 -2.147226
v -0.007242 1.766459 -2.145459
v -0.037162 1.78073 -2.131729
v -0.04974 1.78673 -2.120292
v -0.060062 1.791653 -2.106359
v -0.067732 1.795311 -2.090459
v -0.072454 1.797564 -2.07321
v -0.07405 1.798325 -2.055269
v -0.067732 1.795311 -2.020078
v -0.060062 1.791653 -2.00418
v -0.04974 1.78673 -1.990245
v -0.037162 1.78073 -1.978809
v -0.007242 1.766459 -1.965078
v 0.00895 1.758736 -1.963311
v 0.025142 1.751013 -1.965078
v 0.040712 1.743586 -1.970311
v 0.055062 1.736741 -1.978809
v 0.067639 1.730742 -1.990245
v 0.077961 1.725819 -2.00418
v 0.085631 1.722162 -2.020078
v 0.091949 1.719148 -2.055269
v 0.090354 1.719908 -2.07321
v 0.085631 1.722162 -2.090459
v 0.077961 1.725819 -2.106359
v 0.067639 1.730742 -2.120292
v 0.087452 1.823463 -2.098915
v 0.075377 1.829223 -2.1042
v 0.062276 1.835472 -2.107454
v 0.048651 1.841971 -2.108553
v 0.035025 1.84847 -2.107454
v 0.00985 1.860478 -2.098915
v 0.091765 1.821407 -2.085694
v 0.078348 1.827806 -2.089613
v 0.063791 1.83475 -2.092026
v 0.048651 1.841971 -2.092841
v 0.033511 1.849192 -2.092026
v 0.005537 1.862535 -2.085694
v 0.09442 1.82014 -2.070889
v 0.080177 1.826934 -2.072969
v 0.064722 1.834305 -2.07425
v 0.048651 1.841971 -2.074683
v 0.032579 1.849636 -2.07425
v 0.002882 1.863801 -2.070889
v 0.095317 1.819713 -2.055269
v 0.080795 1.826639 -2.055269
v 0.065037 1.834155 -2.055269
v 0.048651 1.841971 -2.055269
v 0.032264 1.849787 -2.055269
v 0.001985 1.86423 -2.055269
v 0.091765 1.821407 -2.024844
v 0.078348 1.827806 -2.020926
v 0.063791 1.83475 -2.018512
v 0.048651 1.841971 -2.017697
v 0.033511 1.849192 -2.018512
v 0.005537 1.862535 -2.024844
v 0.087452 1.823463 -2.011623
v 0.075377 1.829223 -2.006338
v 0.062276 1.835472 -2.003084
v 0.048651 1.841971 -2.001985
v 0.035025 1.84847 -2.003084
v 0.00985 1.860478 -2.011623
v 0.035577 1.846992 -2.12497
v 0.042334 1.844622 -2.120759
v 0.048178 1.840981 -2.126338
v 0.054687 1.83873 -2.120759
v 0.060781 1.83497 -2.12497
v 0.030219 1.8504 -2.118213
v 0.012291 1.858098 -2.114344
v 0.018807 1.855844 -2.113219
v 0.002614 1.86269 -2.105747
v 0.008587 1.860687 -2.106217
v -0.005127 1.866406 -2.095044
v 0.002577 1.863554 -2.099555
v -0.011052 1.869232 -2.082675
v -0.003631 1.866546 -2.088317
v -0.0147 1.870972 -2.069242
v -0.008067 1.868662 -2.075658
v -0.015932 1.87156 -2.055269
v -0.010329 1.86974 -2.048378
v -0.011052 1.869232 -2.027864
v -0.008067 1.868662 -2.03488
v -0.005127 1.866406 -2.015493
v -0.003631 1.866546 -2.02222
v 0.002614 1.86269 -2.004791
v 0.002577 1.863554 -2.010983
v 0.012291 1.858098 -1.996194
v 0.008587 1.860687 -2.004321
v 0.018807 1.855844 -1.997319
v 0.035577 1.846992 -1.985569
v 0.030219 1.8504 -1.992325
v 0.048178 1.840981 -1.9842
v 0.042334 1.844622 -1.989779
v 0.060781 1.83497 -1.985569
v 0.054687 1.83873 -1.989779
v 0.072898 1.82919 -1.989617
v 0.066802 1.832952 -1.992325
v 0.084066 1.823863 -1.996194
v 0.093725 1.819233 -2.004791
v 0.088409 1.822614 -2.004321
v 0.101485 1.815555 -2.015493
v 0.094421 1.819747 -2.010983
v 0.107409 1.812729 -2.027864
v 0.100652 1.816805 -2.02222
v 0.105088 1.81469 -2.03488
v 0.112289 1.810401 -2.055269
v 0.107349 1.813612 -2.048378
v 0.111057 1.810989 -2.069242
v 0.107409 1.812729 -2.082675
v 0.105088 1.81469 -2.075658
v 0.101485 1.815555 -2.095044
v 0.100652 1.816805 -2.088317
v 0.093725 1.819233 -2.105747
v 0.094421 1.819747 -2.099555
v 0.084066 1.823863 -2.114344
v 0.088409 1.822614 -2.106217
v 0.072898 1.82919 -2.12092
v 0.066802 1.832952 -2.118213
v 0.074234 1.824353 -2.129326
v 0.086743 1.818387 -2.121919
v 0.067201 1.824249 -2.135613
v 0.060662 1.830827 -2.133888
v 0.052631 1.831198 -2.138824
v 0.046547 1.837559 -2.135428
v 0.065117 1.816215 -2.140815
v 0.049604 1.823614 -2.144234
v 0.033786 1.831159 -2.144234
v 0.037774 1.838284 -2.138824
v 0.032432 1.844291 -2.133888
v 0.018272 1.838558 -2.140815
v 0.023204 1.845234 -2.135613
v 0.003659 1.845529 -2.134108
v 0.00948 1.85178 -2.129315
v 0.00635 1.856732 -2.121919
v -0.009493 1.851802 -2.124372
v -0.002872 1.857671 -2.12017
v -0.004613 1.861961 -2.11195
v -0.020677 1.857137 -2.111981
v -0.013377 1.862682 -2.108532
v -0.013611 1.866253 -2.099803
v -0.029465 1.861328 -2.097409
v -0.02163 1.866618 -2.094847
v -0.020297 1.869442 -2.085944
v -0.035518 1.864215 -2.081219
v -0.027315 1.869331 -2.079641
v -0.024414 1.871405 -2.070907
v -0.025804 1.872069 -2.055269
v -0.038604 1.865688 -2.046506
v -0.030213 1.870713 -2.04704
v -0.035518 1.864215 -2.02932
v -0.027315 1.869331 -2.030897
v -0.020297 1.869442 -2.024593
v -0.029465 1.861328 -2.013129
v -0.02163 1.866618 -2.01569
v -0.013611 1.866253 -2.010736
v -0.020677 1.857137 -1.998557
v -0.013377 1.862682 -2.002005
v -0.004613 1.861961 -1.998587
v -0.009493 1.851802 -1.986166
v -0.002872 1.857671 -1.990367
v 0.00635 1.856732 -1.988619
v 0.003659 1.845529 -1.976429
v 0.00948 1.85178 -1.981223
v 0.018272 1.838558 -1.969723
v 0.023204 1.845234 -1.974924
v 0.032432 1.844291 -1.97665
v 0.033786 1.831159 -1.966304
v 0.037774 1.838284 -1.971713
v 0.046547 1.837559 -1.975109
v 0.049604 1.823614 -1.966304
v 0.052631 1.831198 -1.971713
v 0.060662 1.830827 -1.97665
v 0.065117 1.816215 -1.969723
v 0.067201 1.824249 -1.974924
v 0.074234 1.824353 -1.981211
v 0.086743 1.818387 -1.988619
v 0.092882 1.802971 -1.986166
v 0.093277 1.811811 -1.990367
v 0.097706 1.813158 -1.998587
v 0.104066 1.797637 -1.998557
v 0.103781 1.8068 -2.002005
v 0.106704 1.808866 -2.010736
v 0.112854 1.793445 -2.013129
v 0.112035 1.802864 -2.01569
v 0.11339 1.805677 -2.024593
v 0.118907 1.790558 -2.02932
v 0.11772 1.800152 -2.030897
v 0.121993 1.789086 -2.046506
v 0.120618 1.79877 -2.04704
v 0.118897 1.80305 -2.055269
v 0.117507 1.803712 -2.070907
v 0.118907 1.790558 -2.081219
v 0.11772 1.800152 -2.079641
v 0.11339 1.805677 -2.085944
v 0.112854 1.793445 -2.097409
v 0.112035 1.802864 -2.094847
v 0.106704 1.808866 -2.099803
v 0.104066 1.797637 -2.111981
v 0.103781 1.8068 -2.108532
v 0.097706 1.813158 -2.11195
v 0.092882 1.802971 -2.124372
v 0.093277 1.811811 -2.12017
v 0.084722 1.800338 -2.130818
v 0.097149 1.79441 -2.119519
v 0.070542 1.8071 -2.139215
v 0.055158 1.814439 -2.144385
v 0.033044 1.747244 -2.143266
v 0.017086 1.754856 -2.146783
v 0.000814 1.762616 -2.146783
v -0.015144 1.770228 -2.143266
v -0.030176 1.777397 -2.136369
v -0.043704 1.78385 -2.126352
v -0.055209 1.789338 -2.113606
v -0.064248 1.79365 -2.098617
v -0.070475 1.79662 -2.081962
v -0.073649 1.798134 -2.046255
v -0.070475 1.79662 -2.028575
v -0.064248 1.79365 -2.01192
v -0.055209 1.789338 -1.996933
v -0.043704 1.78385 -1.984185
v -0.030176 1.777397 -1.97417
v -0.015144 1.770228 -1.967271
v 0.000814 1.762616 -1.963755
v 0.017086 1.754856 -1.963755
v 0.033044 1.747244 -1.967271
v 0.061604 1.733622 -1.984185
v 0.073109 1.728133 -1.996933
v 0.082148 1.723822 -2.01192
v 0.088375 1.720852 -2.028575
v 0.091549 1.719338 -2.046255
v 0.088375 1.720852 -2.081962
v 0.082148 1.723822 -2.098617
v 0.073109 1.728133 -2.113606
v 0.061604 1.733622 -2.126352
v 0.107348 1.789545 -2.105749
v 0.114927 1.785931 -2.09004
v 0.119593 1.783705 -2.072995
v 0.12117 1.782953 -2.055269
v 0.114927 1.785931 -2.020497
v 0.107348 1.789545 -2.004789
v 0.097149 1.79441 -1.99102
v 0.084722 1.800338 -1.97972
v 0.070542 1.8071 -1.971323
v 0.055158 1.814439 -1.966153
v 0.039158 1.82207 -1.964407
v 0.023159 1.829702 -1.966153
v -0.006404 1.843802 -1.97972
v -0.018831 1.84973 -1.99102
v -0.029031 1.854594 -2.004789
v -0.036609 1.858209 -2.020497
v -0.042852 1.861187 -2.055269
v -0.041276 1.860436 -2.072995
v -0.036609 1.858209 -2.09004
v -0.029031 1.854594 -2.105749
v -0.018831 1.84973 -2.119519
v -0.006404 1.843802 -2.130818
v 0.023159 1.829702 -2.144385
v 0.039158 1.82207 -2.146132
v 0.084958 1.824608 -2.10471
v 0.092911 1.820815 -2.095867
v 0.089806 1.822341 -2.092548
v 0.097832 1.818467 -2.083428
v 0.093307 1.820671 -2.078442
v 0.100863 1.817022 -2.069682
v 0.101886 1.816533 -2.055269
v 0.095092 1.81982 -2.047408
v 0.093307 1.820671 -2.032096
v 0.097832 1.818467 -2.02711
v 0.089806 1.822341 -2.017989
v 0.092911 1.820815 -2.01467
v 0.084958 1.824608 -2.005828
v 0.073653 1.83 -2.110458
v 0.077 1.82845 -2.097222
v 0.07941 1.8273 -2.081487
v 0.08064 1.826713 -2.046352
v 0.07941 1.8273 -2.02905
v 0.077 1.82845 -2.013316
v 0.073653 1.83 -2.000079
v 0.061389 1.83585 -2.113998
v 0.068924 1.8323 -2.10609
v 0.063103 1.835078 -2.100101
v 0.071177 1.831227 -2.091015
v 0.064332 1.834491 -2.083362
v 0.072565 1.830564 -2.073713
v 0.073034 1.830341 -2.055269
v 0.064958 1.834193 -2.045702
v 0.064332 1.834491 -2.027175
v 0.071177 1.831227 -2.019523
v 0.063103 1.835078 -2.010437
v 0.068924 1.8323 -2.004447
v 0.061389 1.83585 -1.996539
v 0.048633 1.841934 -2.115194
v 0.055496 1.838706 -2.108277
v 0.048651 1.841971 -2.101072
v 0.056258 1.838344 -2.092636
v 0.048651 1.841971 -2.083995
v 0.056726 1.838119 -2.074574
v 0.056884 1.838044 -2.055269
v 0.048651 1.841971 -2.045482
v 0.048651 1.841971 -2.026542
v 0.056258 1.838344 -2.017901
v 0.048651 1.841971 -2.009466
v 0.055496 1.838706 -2.00226
v 0.048633 1.841934 -1.995344
v 0.035878 1.848019 -2.113998
v 0.041806 1.845237 -2.108277
v 0.034199 1.848864 -2.100101
v 0.041044 1.845599 -2.092636
v 0.03297 1.849451 -2.083362
v 0.040576 1.845822 -2.074574
v 0.040418 1.845898 -2.055269
v 0.032343 1.849749 -2.045702
v 0.03297 1.849451 -2.027175
v 0.041044 1.845599 -2.017901
v 0.034199 1.848864 -2.010437
v 0.041806 1.845237 -2.00226
v 0.035878 1.848019 -1.996539
v 0.028377 1.85164 -2.10609
v 0.026125 1.852716 -2.091015
v 0.024737 1.853378 -2.073713
v 0.024268 1.853601 -2.055269
v 0.026125 1.852716 -2.019523
v 0.028377 1.85164 -2.004447
v 0.012309 1.85926 -2.10471
v 0.015728 1.857674 -2.1018
v 0.007495 1.861601 -2.092548
v 0.012069 1.85942 -2.087833
v 0.003995 1.863271 -2.078442
v 0.009816 1.860494 -2.072024
v 0.009056 1.860857 -2.055269
v 0.00221 1.864122 -2.047408
v 0.003995 1.863271 -2.032096
v 0.012069 1.85942 -2.022704
v 0.007495 1.861601 -2.017989
v 0.015728 1.857674 -2.008739
v 0.012309 1.85926 -2.005828
v 0.004356 1.863053 -2.095867
v -0.000566 1.865401 -2.083428
v -0.003596 1.866847 -2.069682
v -0.00462 1.867335 -2.055269
v -0.000566 1.865401 -2.02711
v 0.004356 1.863053 -2.01467
v 0.041847 1.844001 -2.125994
v 0.054511 1.83796 -2.125994
v 0.029427 1.849925 -2.123273
v 0.017728 1.855504 -2.117934
v 0.007211 1.860515 -2.110232
v -0.001425 1.864634 -2.100664
v -0.008362 1.86795 -2.089023
v -0.013171 1.870242 -2.076059
v -0.015624 1.871413 -2.048249
v -0.013171 1.870242 -2.034478
v -0.008362 1.86795 -2.021514
v -0.001425 1.864634 -2.009874
v 0.007211 1.860515 -2.000306
v 0.017728 1.855504 -1.992603
v 0.029427 1.849925 -1.987265
v 0.041847 1.844001 -1.984543
v 0.054511 1.83796 -1.984543
v 0.06693 1.832037 -1.987265
v 0.089141 1.821436 -2.000306
v 0.097777 1.817318 -2.009874
v 0.104718 1.814012 -2.021514
v 0.109528 1.811719 -2.034478
v 0.11198 1.810549 -2.048249
v 0.109528 1.811719 -2.076059
v 0.104718 1.814012 -2.089023
v 0.097777 1.817318 -2.100664
v 0.089141 1.821436 -2.110232
v 0.06693 1.832037 -2.123273
v 0.067548 1.827542 -2.131976
v 0.053638 1.834176 -2.135042
v 0.039455 1.840941 -2.135042
v 0.025544 1.847576 -2.131976
v 0.012441 1.853826 -2.125963
v 0.000648 1.859452 -2.117232
v -0.009381 1.864235 -2.106121
v -0.017261 1.867993 -2.093055
v -0.022688 1.870582 -2.078538
v -0.025456 1.871903 -2.047412
v -0.022688 1.870582 -2.032
v -0.017261 1.867993 -2.017483
v -0.009381 1.864235 -2.004416
v 0.000648 1.859452 -1.993305
v 0.012441 1.853826 -1.984576
v 0.025544 1.847576 -1.978561
v 0.039455 1.840941 -1.975497
v 0.053638 1.834176 -1.975497
v 0.067548 1.827542 -1.978561
v 0.092445 1.815667 -1.993305
v 0.102474 1.810884 -2.004416
v 0.110354 1.807124 -2.017483
v 0.115781 1.804535 -2.032
v 0.118549 1.803216 -2.047412
v 0.115781 1.804535 -2.078538
v 0.110354 1.807124 -2.093055
v 0.102474 1.810884 -2.106121
v 0.092445 1.815667 -2.117232
v 0.091185 1.797255 -2.125506
v 0.062965 1.810715 -2.142218
v 0.102554 1.791832 -2.112911
v 0.111486 1.787572 -2.098101
v 0.117637 1.784638 -2.081644
v 0.120774 1.783141 -2.046363
v 0.117637 1.784638 -2.028893
v 0.111486 1.787572 -2.012437
v 0.102554 1.791832 -1.997627
v 0.091185 1.797255 -1.985032
v 0.062965 1.810715 -1.96832
v 0.047197 1.818236 -1.964845
v 0.03112 1.825904 -1.964845
v 0.015352 1.833425 -1.96832
v 0.000499 1.84051 -1.975137
v -0.012869 1.846886 -1.985032
v -0.024236 1.852308 -1.997627
v -0.033168 1.856568 -2.012437
v -0.039321 1.859502 -2.028893
v -0.042457 1.860998 -2.046363
v -0.039321 1.859502 -2.081644
v -0.033168 1.856568 -2.098101
v -0.024236 1.852308 -2.112911
v -0.012869 1.846886 -2.125506
v 0.000499 1.84051 -2.135401
v 0.015352 1.833425 -2.142218
v 0.03112 1.825904 -2.145693
v 0.047197 1.818236 -2.145693
v 0.090057 1.822132 -2.10139
v 0.095598 1.819533 -2.089849
v 0.099592 1.817628 -2.07668
v 0.101629 1.816656 -2.04802
v 0.099592 1.817628 -2.033858
v 0.095598 1.819533 -2.020689
v 0.090057 1.822132 -2.009148
v 0.067612 1.832882 -2.112515
v 0.070155 1.831714 -2.098894
v 0.071983 1.830842 -2.082577
v 0.072916 1.830397 -2.045974
v 0.071983 1.830842 -2.027961
v 0.070155 1.831714 -2.011644
v 0.067612 1.832882 -1.998024
v 0.055042 1.838877 -2.114894
v 0.055912 1.838508 -2.100828
v 0.056529 1.838213 -2.083838
v 0.056845 1.838063 -2.045537
v 0.056529 1.838213 -2.026701
v 0.055912 1.838508 -2.009709
v 0.055042 1.838877 -1.995643
v 0.042225 1.844991 -2.114894
v 0.04139 1.845435 -2.100828
v 0.040772 1.845729 -2.083838
v 0.040457 1.845879 -2.045537
v 0.040772 1.845729 -2.026701
v 0.04139 1.845435 -2.009709
v 0.042225 1.844991 -1.995643
v 0.029654 1.850986 -2.112515
v 0.027147 1.852228 -2.098894
v 0.025318 1.8531 -2.082577
v 0.024386 1.853545 -2.045974
v 0.025318 1.8531 -2.027961
v 0.027147 1.852228 -2.011644
v 0.029654 1.850986 -1.998024
v 0.017812 1.856634 -2.107848
v 0.013731 1.858627 -2.0951
v 0.01076 1.860044 -2.080104
v 0.009246 1.860766 -2.046832
v 0.01076 1.860044 -2.030433
v 0.013731 1.858627 -2.015438
v 0.017812 1.856634 -2.002689
v 0.007175 1.861665 -2.10139
v 0.001668 1.864335 -2.089849
v -0.002326 1.86624 -2.07668
v -0.004363 1.867212 -2.04802
v -0.002326 1.86624 -2.033858
v 0.001668 1.864335 -2.020689
v 0.007175 1.861665 -2.009148
v -0.031037 1.674903 -2.162436
v 0.017257 1.776153 -2.162227
v -0.040517 1.679424 -2.161918
v -0.021556 1.67038 -2.161918
v 0.026721 1.77164 -2.161712
v -0.012167 1.665902 -2.160375
v 0.036092 1.76717 -2.160172
v -0.002958 1.66151 -2.15782
v 0.045281 1.762787 -2.157621
v 0.005978 1.657247 -2.154277
v 0.054202 1.758532 -2.154086
v 0.014559 1.653154 -2.149781
v 0.062766 1.754447 -2.149597
v 0.022701 1.64927 -2.144374
v 0.070892 1.750571 -2.144202
v 0.030325 1.645634 -2.138109
v 0.078501 1.746942 -2.137949
v 0.037359 1.642279 -2.131047
v 0.085521 1.743594 -2.1309
v 0.043734 1.639239 -2.123254
v 0.091883 1.740559 -2.123122
v 0.049388 1.636541 -2.114807
v 0.097527 1.737867 -2.114692
v 0.054267 1.634214 -2.105786
v 0.102397 1.735544 -2.105688
v 0.058326 1.632278 -2.096279
v 0.106448 1.733611 -2.0962
v 0.061524 1.630753 -2.086377
v 0.109639 1.73209 -2.086317
v 0.063831 1.629652 -2.076176
v 0.111942 1.730991 -2.076135
v 0.065223 1.628989 -2.065773
v 0.113332 1.730329 -2.065753
v 0.065689 1.628766 -2.055269
v 0.113796 1.730107 -2.055269
v 0.065223 1.628989 -2.044765
v 0.113332 1.730329 -2.044785
v 0.063831 1.629652 -2.034362
v 0.111942 1.730991 -2.034402
v 0.061524 1.630753 -2.02416
v 0.109639 1.73209 -2.02422
v 0.058326 1.632278 -2.014258
v 0.106448 1.733611 -2.014337
v 0.054267 1.634214 -2.004751
v 0.102397 1.735544 -2.004849
v 0.049388 1.636541 -1.995731
v 0.097527 1.737867 -1.995847
v 0.043734 1.639239 -1.987284
v 0.091883 1.740559 -1.987415
v 0.037359 1.642279 -1.979491
v 0.085521 1.743594 -1.979638
v 0.030325 1.645634 -1.97243
v 0.078501 1.746942 -1.972589
v 0.022701 1.64927 -1.966164
v 0.070892 1.750571 -1.966336
v 0.014559 1.653154 -1.960757
v 0.062766 1.754447 -1.96094
v 0.005978 1.657247 -1.95626
v 0.054202 1.758532 -1.956452
v -0.002958 1.66151 -1.952718
v 0.045281 1.762787 -1.952916
v -0.012167 1.665902 -1.950162
v 0.036092 1.76717 -1.950365
v -0.021556 1.67038 -1.948619
v 0.026721 1.77164 -1.948825
v -0.031037 1.674903 -1.948103
v 0.017257 1.776153 -1.94831
v -0.040517 1.679424 -1.948619
v 0.007795 1.780667 -1.948825
v -0.049907 1.683903 -1.950162
v -0.001576 1.785137 -1.950365
v -0.059115 1.688294 -1.952718
v -0.010766 1.78952 -1.952916
v -0.068052 1.692558 -1.95626
v -0.019687 1.793775 -1.956452
v -0.076633 1.69665 -1.960757
v -0.028251 1.79786 -1.96094
v -0.084775 1.700534 -1.966164
v -0.036377 1.801736 -1.966336
v -0.092399 1.704171 -1.97243
v -0.043986 1.805366 -1.972589
v -0.099433 1.707525 -1.979491
v -0.051006 1.808714 -1.979638
v -0.105807 1.710565 -1.987284
v -0.057368 1.811748 -1.987415
v -0.111462 1.713263 -1.995731
v -0.063012 1.814441 -1.995847
v -0.116342 1.71559 -2.004751
v -0.067882 1.816764 -2.004849
v -0.1204 1.717527 -2.014258
v -0.071933 1.818695 -2.014337
v -0.123598 1.719052 -2.02416
v -0.075124 1.820217 -2.02422
v -0.125904 1.720152 -2.034362
v -0.077427 1.821315 -2.034402
v -0.127297 1.720816 -2.044765
v -0.078816 1.821978 -2.044785
v -0.127763 1.721039 -2.055269
v -0.079282 1.822201 -2.055269
v -0.127297 1.720816 -2.065773
v -0.078816 1.821978 -2.065753
v -0.125904 1.720152 -2.076176
v -0.077427 1.821315 -2.076135
v -0.123598 1.719052 -2.086377
v -0.075125 1.820218 -2.086317
v -0.1204 1.717527 -2.096279
v -0.071933 1.818695 -2.0962
v -0.116342 1.71559 -2.105786
v -0.067882 1.816764 -2.105688
v -0.111462 1.713263 -2.114807
v -0.063012 1.814441 -2.114692
v -0.105807 1.710565 -2.123254
v -0.057368 1.811748 -2.123122
v -0.099433 1.707525 -2.131047
v -0.051006 1.808714 -2.1309
v -0.092399 1.704171 -2.138109
v -0.043986 1.805366 -2.137949
v -0.084775 1.700534 -2.144374
v -0.036377 1.801736 -2.144202
v -0.076633 1.69665 -2.149781
v -0.028251 1.79786 -2.149597
v -0.068052 1.692558 -2.154277
v -0.019687 1.793775 -2.154086
v -0.059115 1.688294 -2.15782
v -0.010766 1.78952 -2.157621
v -0.049907 1.683903 -2.160375
v -0.001576 1.785137 -2.160172
v 6.7e-05 1.788268 -2.159491
v 0.007795 1.780667 -2.161712
v 0.009378 1.783827 -2.161021
v 0.009797 1.784398 -2.159666
v 0.018779 1.779343 -2.161533
v 0.019078 1.779971 -2.160172
v 0.02818 1.774859 -2.161021
v 0.037491 1.770418 -2.159491
v 0.028359 1.775544 -2.159666
v 0.03755 1.77116 -2.158156
v 0.027414 1.775995 -2.149035
v 0.027225 1.775783 -2.148227
v 0.019078 1.779971 -2.149489
v 0.035669 1.772058 -2.147678
v 0.035408 1.771879 -2.146882
v 0.043764 1.768196 -2.145432
v 0.043435 1.768051 -2.144655
v 0.046564 1.766861 -2.155654
v 0.051622 1.764448 -2.142318
v 0.055313 1.762688 -2.152187
v 0.051224 1.764335 -2.141567
v 0.059167 1.760849 -2.138363
v 0.063711 1.758681 -2.147785
v 0.066325 1.757435 -2.13361
v 0.058704 1.760768 -2.137647
v 0.0658 1.757383 -2.132936
v 0.057096 1.758986 -2.136369
v 0.049732 1.762497 -2.140226
v 0.042064 1.766155 -2.143266
v 0.034162 1.769924 -2.145459
v 0.026105 1.773767 -2.146783
v 0.01797 1.777647 -2.147226
v 0.009834 1.781528 -2.146783
v 0.001778 1.785371 -2.145459
v -0.006124 1.789139 -2.143266
v -0.013792 1.792798 -2.140226
v -0.021156 1.796309 -2.136369
v -0.028142 1.799642 -2.131728
v -0.034684 1.802762 -2.126352
v -0.04072 1.805641 -2.120292
v -0.034524 1.805235 -2.127474
v -0.040654 1.80816 -2.121318
v -0.046189 1.80825 -2.113606
v -0.04621 1.810809 -2.114527
v -0.051139 1.813161 -2.107163
v -0.04666 1.811326 -2.115041
v -0.051631 1.813697 -2.107615
v -0.054113 1.814882 -2.121818
v -0.041055 1.808653 -2.121892
v -0.047874 1.811905 -2.129447
v -0.034871 1.805703 -2.128102
v -0.040989 1.808621 -2.136359
v -0.028169 1.802506 -2.13361
v -0.027878 1.802066 -2.132936
v -0.033525 1.805061 -2.142493
v -0.02101 1.799091 -2.138363
v -0.013466 1.795493 -2.142318
v -0.025555 1.801259 -2.147785
v -0.020782 1.79868 -2.137647
v -0.013303 1.795114 -2.141567
v -0.005513 1.791398 -2.144655
v 0.002513 1.78757 -2.146882
v -0.005608 1.791745 -2.145432
v -0.008407 1.79308 -2.155654
v 0.002487 1.787884 -2.147678
v 0.010742 1.783946 -2.149035
v 0.000606 1.788781 -2.158156
v 0.010697 1.783666 -2.148227
v 0.018961 1.779724 -2.148677
v -0.017155 1.797253 -2.152187
v -0.009063 1.792623 -2.156957
v -0.017925 1.79685 -2.153445
v -0.026434 1.800908 -2.148985
v -0.034507 1.804759 -2.143624
v -0.042068 1.808365 -2.137412
v -0.049042 1.811691 -2.130409
v -0.055362 1.814707 -2.122682
v -0.06097 1.817381 -2.114306
v -0.065809 1.819689 -2.105361
v -0.059649 1.817521 -2.11355
v -0.064425 1.8198 -2.104719
v -0.055921 1.815744 -2.099684
v -0.068398 1.821695 -2.095413
v -0.071528 1.823188 -2.08572
v -0.069833 1.821609 -2.095934
v -0.05949 1.817445 -2.091326
v -0.05893 1.816876 -2.091014
v -0.062302 1.818787 -2.082619
v -0.061717 1.818206 -2.082384
v -0.06433 1.819754 -2.07365
v -0.063728 1.819164 -2.073493
v -0.073786 1.824265 -2.075734
v -0.065554 1.820339 -2.064504
v -0.064941 1.819744 -2.064425
v -0.075149 1.824915 -2.065552
v -0.065963 1.820533 -2.055269
v -0.075605 1.825132 -2.055269
v -0.065348 1.819938 -2.055269
v -0.065554 1.820339 -2.046034
v -0.075149 1.824915 -2.044986
v -0.06433 1.819754 -2.036887
v -0.064941 1.819744 -2.046113
v -0.063728 1.819164 -2.037046
v -0.061717 1.818206 -2.028154
v -0.05893 1.816876 -2.019523
v -0.062302 1.818787 -2.027918
v -0.061455 1.815531 -2.028575
v -0.058712 1.814223 -2.020078
v -0.063434 1.816475 -2.037329
v -0.064629 1.817045 -2.046255
v -0.06503 1.817235 -2.055269
v -0.064629 1.817045 -2.064282
v -0.063434 1.816475 -2.07321
v -0.061455 1.815531 -2.081962
v -0.058712 1.814223 -2.090459
v -0.055228 1.812562 -2.098617
v -0.051041 1.810565 -2.106357
v -0.055393 1.815189 -2.099301
v -0.055228 1.812562 -2.01192
v -0.051041 1.810565 -2.00418
v -0.046189 1.80825 -1.996933
v -0.04072 1.805641 -1.990245
v -0.034684 1.802762 -1.984185
v -0.028142 1.799642 -1.978809
v -0.021155 1.796309 -1.97417
v -0.013792 1.792798 -1.970311
v -0.006124 1.78914 -1.967271
v 0.001778 1.785371 -1.965078
v -0.005513 1.791398 -1.965883
v 0.002513 1.78757 -1.963656
v 0.010697 1.783666 -1.962312
v 0.002487 1.787884 -1.962859
v 0.000606 1.788781 -1.952381
v 0.010742 1.783946 -1.961504
v -0.005608 1.791745 -1.965106
v -0.008407 1.79308 -1.954883
v -0.013466 1.795493 -1.968221
v -0.017155 1.797253 -1.958351
v -0.013303 1.795114 -1.968971
v -0.02101 1.799091 -1.972174
v -0.025555 1.80126 -1.962753
v -0.028169 1.802506 -1.976928
v -0.020782 1.79868 -1.97289
v -0.027878 1.802066 -1.977603
v -0.034524 1.805235 -1.983064
v -0.040654 1.80816 -1.989219
v -0.034871 1.805703 -1.982436
v -0.041055 1.808653 -1.988645
v -0.040989 1.808621 -1.974178
v -0.047874 1.811905 -1.981091
v -0.042068 1.808365 -1.973126
v -0.033525 1.805061 -1.968045
v -0.034507 1.804759 -1.966913
v -0.026434 1.800908 -1.961552
v -0.017925 1.79685 -1.957093
v -0.009063 1.792623 -1.953581
v 6.7e-05 1.788268 -1.951046
v 0.009378 1.783827 -1.949516
v 0.018779 1.779343 -1.949004
v 0.009797 1.784398 -1.950871
v 0.019078 1.779971 -1.950366
v 0.028359 1.775544 -1.950871
v 0.019078 1.779971 -1.961048
v 0.018961 1.779724 -1.961861
v 0.027414 1.775995 -1.961504
v 0.035669 1.772058 -1.962859
v 0.027225 1.775783 -1.962312
v 0.035408 1.771879 -1.963656
v 0.043435 1.768051 -1.965883
v 0.051224 1.764335 -1.968971
v 0.043764 1.768196 -1.965106
v 0.042064 1.766155 -1.967271
v 0.049733 1.762498 -1.970311
v 0.034162 1.769924 -1.965078
v 0.026105 1.773767 -1.963754
v 0.01797 1.777647 -1.963311
v 0.009834 1.781528 -1.963754
v 0.057096 1.758986 -1.97417
v 0.064082 1.755653 -1.978809
v 0.070624 1.752533 -1.984185
v 0.076659 1.749654 -1.990245
v 0.082129 1.747045 -1.996933
v 0.086982 1.74473 -2.00418
v 0.091168 1.742733 -2.01192
v 0.094652 1.741072 -2.020078
v 0.097395 1.739763 -2.028575
v 0.099374 1.738819 -2.037329
v 0.099639 1.741243 -2.028154
v 0.101649 1.740283 -2.037046
v 0.102863 1.739705 -2.046113
v 0.102486 1.740187 -2.036887
v 0.111943 1.735676 -2.034803
v 0.103711 1.739603 -2.046034
v 0.100458 1.741155 -2.027918
v 0.109684 1.736753 -2.024817
v 0.097646 1.742495 -2.019212
v 0.106555 1.738246 -2.015124
v 0.096852 1.742572 -2.019523
v 0.094078 1.744198 -2.010854
v 0.102582 1.740141 -2.005818
v 0.089788 1.746243 -2.002923
v 0.093314 1.744259 -2.011237
v 0.089061 1.746288 -2.003374
v 0.084132 1.748639 -1.996011
v 0.078576 1.75129 -1.989219
v 0.084816 1.748616 -1.995497
v 0.079211 1.751288 -1.988645
v 0.092269 1.74506 -1.988719
v 0.08603 1.748036 -1.981091
v 0.09292 1.743979 -1.987856
v 0.097805 1.742419 -1.996988
v 0.098528 1.741305 -1.996231
v 0.103365 1.738997 -2.005176
v 0.107391 1.737077 -2.014603
v 0.110561 1.735565 -2.024422
v 0.112849 1.734474 -2.034539
v 0.114229 1.733816 -2.044853
v 0.114692 1.733595 -2.055269
v 0.113306 1.735026 -2.044986
v 0.113762 1.734808 -2.055269
v 0.113306 1.735026 -2.065552
v 0.10412 1.739408 -2.055269
v 0.10327 1.739511 -2.055269
v 0.103711 1.739603 -2.064504
v 0.102486 1.740187 -2.07365
v 0.102863 1.739705 -2.064425
v 0.101649 1.740283 -2.073493
v 0.099639 1.741243 -2.082384
v 0.096852 1.742572 -2.091014
v 0.100458 1.741155 -2.082619
v 0.097395 1.739763 -2.081962
v 0.094652 1.741072 -2.090459
v 0.099374 1.738819 -2.07321
v 0.100569 1.738249 -2.064282
v 0.10097 1.738058 -2.055269
v 0.100569 1.738249 -2.046255
v 0.091168 1.742733 -2.098617
v 0.086982 1.74473 -2.106357
v 0.082129 1.747045 -2.113606
v 0.076659 1.749654 -2.120292
v 0.070624 1.752533 -2.126352
v 0.064082 1.755653 -2.131728
v 0.072446 1.754214 -2.127474
v 0.078576 1.75129 -2.121318
v 0.073028 1.754238 -2.128102
v 0.079211 1.751288 -2.121892
v 0.079145 1.751321 -2.136359
v 0.08603 1.748036 -2.129447
v 0.079625 1.750321 -2.137412
v 0.071681 1.75488 -2.142493
v 0.072065 1.753926 -2.143624
v 0.063991 1.757778 -2.148985
v 0.055483 1.761836 -2.153445
v 0.046621 1.766063 -2.156957
v 0.086599 1.746995 -2.130409
v 0.09292 1.743979 -2.122682
v 0.098528 1.741305 -2.114306
v 0.092269 1.74506 -2.121818
v 0.097805 1.742419 -2.11355
v 0.084816 1.748616 -2.115041
v 0.084132 1.748639 -2.114527
v 0.089788 1.746243 -2.107615
v 0.094078 1.744198 -2.099684
v 0.089061 1.746288 -2.107163
v 0.093314 1.744259 -2.099301
v 0.097646 1.742495 -2.091326
v 0.102581 1.740141 -2.104719
v 0.106555 1.738246 -2.095413
v 0.103365 1.738997 -2.105361
v 0.107391 1.737077 -2.095934
v 0.110561 1.735565 -2.086115
v 0.112849 1.734474 -2.076
v 0.109684 1.736753 -2.08572
v 0.111943 1.735676 -2.075734
v 0.114229 1.733816 -2.065684
v 0.086599 1.746995 -1.980129
v 0.079625 1.750321 -1.973126
v 0.072065 1.753926 -1.966913
v 0.079145 1.751321 -1.974178
v 0.071681 1.75488 -1.968045
v 0.073028 1.754238 -1.982436
v 0.072446 1.754214 -1.983064
v 0.066325 1.757435 -1.976928
v 0.059167 1.760849 -1.972174
v 0.0658 1.757383 -1.977603
v 0.058704 1.760768 -1.97289
v 0.051622 1.764448 -1.968221
v 0.063711 1.758681 -1.962753
v 0.055313 1.762688 -1.958351
v 0.063991 1.757778 -1.961552
v 0.055483 1.761836 -1.957093
v 0.046621 1.766063 -1.953581
v 0.037491 1.770418 -1.951046
v 0.046564 1.766861 -1.954883
v 0.03755 1.77116 -1.952381
v 0.02818 1.774859 -1.949516
v -0.049042 1.811691 -1.980129
v -0.055362 1.814707 -1.987856
v -0.06097 1.817381 -1.996231
v -0.054113 1.814882 -1.988719
v -0.059649 1.817521 -1.996988
v -0.04666 1.811326 -1.995497
v -0.04621 1.810809 -1.996011
v -0.051631 1.813697 -2.002923
v -0.055921 1.815744 -2.010854
v -0.051139 1.813161 -2.003374
v -0.055393 1.815189 -2.011237
v -0.05949 1.817445 -2.019212
v -0.064425 1.8198 -2.005818
v -0.068398 1.821695 -2.015124
v -0.065809 1.819689 -2.005176
v -0.069833 1.821609 -2.014603
v -0.073003 1.823121 -2.024422
v -0.075291 1.824212 -2.034539
v -0.071528 1.823188 -2.024817
v -0.073786 1.824265 -2.034803
v -0.076672 1.82487 -2.044853
v -0.077134 1.825091 -2.055269
v -0.076672 1.82487 -2.065684
v -0.075291 1.824212 -2.076
v -0.073003 1.823121 -2.086115
v 0.04851 1.841676 -2.673039
v 0.047546 1.839655 -2.683054
v 0.060803 1.835813 -2.67176
v 0.036217 1.847539 -2.67176
v 0.034194 1.846024 -2.681597
v 0.024397 1.853178 -2.667972
v 0.021356 1.852148 -2.677282
v 0.013504 1.858373 -2.661821
v 0.009524 1.857791 -2.670275
v 0.004803 1.862342 -2.655608
v -0.000847 1.862737 -2.660845
v -0.000649 1.865123 -2.646128
v -0.009359 1.866797 -2.649355
v -0.006113 1.86773 -2.634086
v -0.015683 1.869813 -2.636246
v -0.010613 1.869876 -2.607229
v -0.020892 1.872299 -2.607229
v -0.009477 1.869334 -2.593518
v -0.019577 1.871671 -2.592436
v -0.006113 1.86773 -2.580371
v -0.015683 1.869813 -2.578212
v -0.000649 1.865123 -2.568329
v -0.009359 1.866797 -2.565103
v 0.004803 1.862342 -2.558849
v -0.000847 1.862737 -2.553612
v 0.013504 1.858373 -2.552637
v 0.009524 1.857791 -2.544183
v 0.024397 1.853178 -2.546485
v 0.021356 1.852148 -2.537176
v 0.036217 1.847539 -2.542697
v 0.034194 1.846024 -2.532861
v 0.04851 1.841676 -2.541418
v 0.047546 1.839655 -2.531404
v 0.060803 1.835813 -2.542697
v 0.060898 1.833287 -2.532861
v 0.083517 1.824979 -2.552637
v 0.085569 1.82152 -2.544183
v 0.092077 1.820715 -2.558849
v 0.09594 1.816572 -2.553612
v 0.09767 1.818228 -2.568329
v 0.104451 1.812513 -2.565103
v 0.103133 1.815622 -2.580371
v 0.110775 1.809496 -2.578212
v 0.106498 1.814017 -2.593518
v 0.11467 1.807639 -2.592436
v 0.107634 1.813475 -2.607229
v 0.115985 1.807012 -2.607229
v 0.103133 1.815622 -2.634086
v 0.110775 1.809496 -2.636246
v 0.09767 1.818228 -2.646128
v 0.104451 1.812513 -2.649355
v 0.092077 1.820715 -2.655608
v 0.09594 1.816572 -2.660845
v 0.083517 1.824979 -2.661821
v 0.085569 1.82152 -2.670275
v 0.060898 1.833287 -2.681597
v 0.059986 1.827689 -2.689576
v 0.045202 1.834741 -2.691189
v 0.030418 1.841793 -2.689576
v 0.016202 1.848573 -2.684798
v 0.0031 1.854823 -2.677039
v -0.008383 1.860301 -2.666597
v -0.017807 1.864796 -2.653875
v -0.02481 1.868135 -2.639359
v -0.030579 1.870887 -2.607229
v -0.029123 1.870192 -2.590849
v -0.02481 1.868135 -2.575099
v -0.017807 1.864796 -2.560583
v -0.008383 1.860301 -2.54786
v 0.0031 1.854823 -2.537418
v 0.016202 1.848573 -2.52966
v 0.030418 1.841793 -2.524882
v 0.045202 1.834741 -2.523269
v 0.059986 1.827689 -2.524882
v 0.087304 1.81466 -2.537418
v 0.098788 1.809183 -2.54786
v 0.108212 1.804687 -2.560583
v 0.115215 1.801347 -2.575099
v 0.119528 1.79929 -2.590849
v 0.120984 1.798595 -2.607229
v 0.115215 1.801347 -2.639359
v 0.108212 1.804687 -2.653875
v 0.098788 1.809183 -2.666597
v 0.087304 1.81466 -2.677039
v 0.055062 1.736741 -2.683689
v 0.025142 1.751013 -2.697419
v 0.00895 1.758736 -2.699186
v -0.007242 1.766459 -2.697419
v -0.022813 1.773886 -2.692186
v -0.037162 1.78073 -2.683689
v -0.04974 1.78673 -2.672252
v -0.060062 1.791653 -2.658318
v -0.067732 1.795311 -2.642419
v -0.07405 1.798325 -2.607229
v -0.072454 1.797564 -2.589289
v -0.067732 1.795311 -2.572038
v -0.060062 1.791653 -2.55614
v -0.04974 1.78673 -2.542205
v -0.037162 1.78073 -2.530769
v -0.022813 1.773886 -2.522271
v -0.007242 1.766459 -2.517038
v 0.00895 1.758736 -2.515271
v 0.025142 1.751013 -2.517038
v 0.055062 1.736741 -2.530769
v 0.067639 1.730742 -2.542205
v 0.077961 1.725819 -2.55614
v 0.085631 1.722162 -2.572038
v 0.090354 1.719908 -2.589289
v 0.091949 1.719148 -2.607229
v 0.085631 1.722162 -2.642419
v 0.077961 1.725819 -2.658318
v 0.067639 1.730742 -2.672252
v 0.087452 1.823463 -2.650875
v 0.062276 1.835472 -2.659414
v 0.048651 1.841971 -2.660513
v 0.035025 1.84847 -2.659414
v 0.021924 1.854719 -2.65616
v 0.00985 1.860478 -2.650875
v 0.091765 1.821407 -2.637654
v 0.063791 1.83475 -2.643986
v 0.048651 1.841971 -2.644801
v 0.033511 1.849192 -2.643986
v 0.018954 1.856136 -2.641573
v 0.005537 1.862535 -2.637654
v 0.095317 1.819713 -2.607229
v 0.065037 1.834155 -2.607229
v 0.048651 1.841971 -2.607229
v 0.032264 1.849787 -2.607229
v 0.016507 1.857303 -2.607229
v 0.001985 1.86423 -2.607229
v 0.09442 1.82014 -2.59161
v 0.064722 1.834305 -2.588247
v 0.048651 1.841971 -2.587814
v 0.032579 1.849636 -2.588247
v 0.017124 1.857008 -2.589529
v 0.002882 1.863801 -2.59161
v 0.091765 1.821407 -2.576804
v 0.063791 1.83475 -2.570472
v 0.048651 1.841971 -2.569657
v 0.033511 1.849192 -2.570472
v 0.018954 1.856136 -2.572885
v 0.005537 1.862535 -2.576804
v 0.087452 1.823463 -2.563583
v 0.062276 1.835472 -2.555044
v 0.048651 1.841971 -2.553945
v 0.035025 1.84847 -2.555044
v 0.021924 1.854719 -2.558298
v 0.00985 1.860478 -2.563583
v 0.040838 1.842854 -2.682688
v 0.035577 1.846992 -2.67693
v 0.042334 1.844622 -2.672719
v 0.048178 1.840981 -2.678297
v 0.054255 1.836455 -2.682688
v 0.054687 1.83873 -2.672719
v 0.060781 1.83497 -2.67693
v 0.023458 1.852772 -2.67288
v 0.015285 1.855044 -2.6741
v 0.012291 1.858098 -2.666304
v 0.018807 1.855844 -2.665179
v 0.00413 1.860364 -2.665842
v 0.002614 1.86269 -2.657707
v 0.008587 1.860687 -2.658177
v -0.005357 1.864889 -2.655331
v -0.005127 1.866406 -2.647004
v 0.002577 1.863554 -2.651515
v -0.012811 1.868444 -2.642972
v -0.011052 1.869232 -2.634635
v -0.003631 1.866546 -2.640277
v -0.017945 1.870893 -2.629239
v -0.008067 1.868662 -2.627618
v -0.020563 1.872141 -2.614661
v -0.015932 1.87156 -2.607229
v -0.010329 1.86974 -2.61412
v -0.020563 1.872141 -2.599797
v -0.0147 1.870972 -2.593255
v -0.010329 1.86974 -2.600338
v -0.011052 1.869232 -2.579823
v -0.012811 1.868444 -2.571485
v -0.005127 1.866406 -2.567453
v -0.003631 1.866546 -2.57418
v -0.005357 1.864889 -2.559126
v 0.002614 1.86269 -2.556751
v 0.002577 1.863554 -2.562942
v 0.00413 1.860364 -2.548615
v 0.012291 1.858098 -2.548154
v 0.008587 1.860687 -2.556281
v 0.015285 1.855044 -2.540357
v 0.023458 1.852772 -2.541577
v 0.018807 1.855844 -2.549279
v 0.035577 1.846992 -2.537528
v 0.040838 1.842854 -2.531769
v 0.048178 1.840981 -2.53616
v 0.042334 1.844622 -2.541739
v 0.054255 1.836455 -2.531769
v 0.060781 1.83497 -2.537528
v 0.054687 1.83873 -2.541739
v 0.067413 1.830179 -2.534669
v 0.066802 1.832952 -2.544285
v 0.079808 1.824267 -2.540357
v 0.084066 1.823863 -2.548154
v 0.078213 1.827508 -2.549279
v 0.090963 1.818947 -2.548615
v 0.093725 1.819233 -2.556751
v 0.088409 1.822614 -2.556281
v 0.10045 1.814421 -2.559126
v 0.101485 1.815555 -2.567453
v 0.094421 1.819747 -2.562942
v 0.107903 1.810867 -2.571485
v 0.107409 1.812729 -2.579823
v 0.100652 1.816805 -2.57418
v 0.111057 1.810989 -2.593255
v 0.115655 1.807169 -2.599797
v 0.112289 1.810401 -2.607229
v 0.107349 1.813612 -2.600338
v 0.115655 1.807169 -2.614661
v 0.107349 1.813612 -2.61412
v 0.113038 1.808418 -2.629239
v 0.107409 1.812729 -2.634635
v 0.105088 1.81469 -2.627618
v 0.107903 1.810867 -2.642972
v 0.101485 1.815555 -2.647004
v 0.100652 1.816805 -2.640277
v 0.10045 1.814421 -2.655331
v 0.093725 1.819233 -2.657707
v 0.094421 1.819747 -2.651515
v 0.090963 1.818947 -2.665842
v 0.084066 1.823863 -2.666304
v 0.088409 1.822614 -2.658177
v 0.079808 1.824267 -2.6741
v 0.078213 1.827508 -2.665179
v 0.067413 1.830179 -2.679788
v 0.066802 1.832952 -2.670173
v 0.080926 1.817703 -2.681275
v 0.067201 1.824249 -2.687573
v 0.052631 1.831198 -2.690784
v 0.058897 1.823991 -2.692633
v 0.043564 1.831305 -2.694306
v 0.02823 1.838619 -2.692633
v 0.037774 1.838284 -2.690784
v 0.013487 1.845652 -2.687678
v -0.000101 1.852133 -2.679631
v 0.00948 1.85178 -2.681275
v -0.012012 1.857813 -2.668802
v -0.002872 1.857671 -2.67213
v -0.021785 1.862475 -2.655606
v -0.013377 1.862682 -2.660492
v -0.029049 1.865939 -2.640552
v -0.02163 1.866618 -2.646807
v -0.027315 1.869331 -2.631601
v -0.035031 1.868794 -2.607229
v -0.030213 1.870713 -2.615458
v -0.033521 1.868073 -2.590241
v -0.030213 1.870713 -2.598999
v -0.029049 1.865939 -2.573906
v -0.021785 1.862475 -2.558851
v -0.02163 1.866618 -2.56765
v -0.012012 1.857813 -2.545656
v -0.013377 1.862682 -2.553965
v -0.000101 1.852133 -2.534827
v -0.002872 1.857671 -2.542327
v 0.013487 1.845652 -2.52678
v 0.00948 1.85178 -2.533183
v 0.02823 1.838619 -2.521825
v 0.043564 1.831305 -2.520152
v 0.037774 1.838284 -2.523673
v 0.058897 1.823992 -2.521825
v 0.052631 1.831198 -2.523673
v 0.067201 1.824249 -2.526884
v 0.087228 1.810478 -2.534827
v 0.080926 1.817703 -2.533183
v 0.099139 1.804797 -2.545656
v 0.093277 1.811811 -2.542327
v 0.108912 1.800135 -2.558851
v 0.103781 1.8068 -2.553965
v 0.116176 1.796671 -2.573906
v 0.112035 1.802864 -2.56765
v 0.120648 1.794538 -2.590241
v 0.122158 1.793818 -2.607229
v 0.120618 1.79877 -2.598999
v 0.120618 1.79877 -2.615458
v 0.116176 1.796671 -2.640552
v 0.11772 1.800152 -2.631601
v 0.108912 1.800135 -2.655606
v 0.112035 1.802864 -2.646807
v 0.099139 1.804797 -2.668802
v 0.103781 1.8068 -2.660492
v 0.087228 1.810478 -2.679631
v 0.093277 1.811811 -2.67213
v 0.084722 1.800338 -2.682778
v 0.097149 1.79441 -2.671478
v 0.055158 1.814439 -2.696345
v 0.033044 1.747244 -2.695226
v 0.048075 1.740074 -2.688328
v 0.017086 1.754856 -2.698743
v 0.000814 1.762616 -2.698743
v -0.030176 1.777397 -2.688328
v -0.043704 1.78385 -2.678312
v -0.055209 1.789338 -2.665566
v -0.064248 1.79365 -2.650577
v -0.070475 1.79662 -2.633922
v -0.073649 1.798134 -2.616242
v -0.073649 1.798134 -2.598215
v -0.064248 1.79365 -2.56388
v -0.055209 1.789338 -2.548892
v -0.043704 1.78385 -2.536145
v -0.030176 1.777397 -2.52613
v 0.000814 1.762616 -2.515715
v 0.017086 1.754856 -2.515715
v 0.033044 1.747244 -2.519231
v 0.048075 1.740074 -2.52613
v 0.061604 1.733622 -2.536145
v 0.073109 1.728134 -2.548892
v 0.082148 1.723822 -2.56388
v 0.091549 1.719338 -2.598215
v 0.091549 1.719338 -2.616242
v 0.088375 1.720852 -2.633922
v 0.082148 1.723822 -2.650577
v 0.073109 1.728133 -2.665566
v 0.061604 1.733622 -2.678312
v 0.107348 1.789545 -2.657709
v 0.114927 1.785931 -2.642
v 0.12117 1.782953 -2.607229
v 0.119593 1.783705 -2.589502
v 0.114927 1.785931 -2.572457
v 0.107348 1.789545 -2.556749
v 0.097149 1.79441 -2.54298
v 0.084722 1.800338 -2.53168
v 0.055158 1.814439 -2.518113
v 0.039158 1.82207 -2.516367
v 0.023159 1.829702 -2.518113
v 0.007774 1.837039 -2.523283
v -0.006404 1.843802 -2.53168
v -0.018831 1.84973 -2.54298
v -0.029031 1.854594 -2.556749
v -0.036609 1.858209 -2.572457
v -0.041276 1.860436 -2.589502
v -0.042852 1.861187 -2.607229
v -0.036609 1.858209 -2.642
v -0.029031 1.854594 -2.657709
v -0.018831 1.84973 -2.671478
v -0.006404 1.843802 -2.682778
v 0.007774 1.837039 -2.691174
v 0.023159 1.829702 -2.696345
v 0.039158 1.82207 -2.698091
v 0.084958 1.824608 -2.65667
v 0.092911 1.820815 -2.647827
v 0.089806 1.822341 -2.644508
v 0.097832 1.818467 -2.635388
v 0.093307 1.820671 -2.630402
v 0.095092 1.81982 -2.615089
v 0.101886 1.816533 -2.607229
v 0.095092 1.81982 -2.599368
v 0.100863 1.817022 -2.592815
v 0.097832 1.818467 -2.57907
v 0.089806 1.822341 -2.569949
v 0.092911 1.820815 -2.56663
v 0.084958 1.824608 -2.557788
v 0.081573 1.826268 -2.65376
v 0.085233 1.824523 -2.639793
v 0.088246 1.823085 -2.607229
v 0.087486 1.823448 -2.590474
v 0.085233 1.824523 -2.574664
v 0.081573 1.826268 -2.560698
v 0.061389 1.83585 -2.665958
v 0.068924 1.8323 -2.65805
v 0.063103 1.835078 -2.65206
v 0.071177 1.831227 -2.642975
v 0.064332 1.834491 -2.635322
v 0.064958 1.834193 -2.616796
v 0.073034 1.830341 -2.607229
v 0.064958 1.834193 -2.597662
v 0.072565 1.830564 -2.588784
v 0.071177 1.831227 -2.571483
v 0.063103 1.835078 -2.562397
v 0.068924 1.8323 -2.556407
v 0.061389 1.83585 -2.548499
v 0.048633 1.841934 -2.667154
v 0.055496 1.838706 -2.660237
v 0.048651 1.841971 -2.653032
v 0.056258 1.838344 -2.644596
v 0.048651 1.841971 -2.635955
v 0.048651 1.841971 -2.617015
v 0.056884 1.838044 -2.607229
v 0.048651 1.841971 -2.597442
v 0.056725 1.83812 -2.587923
v 0.056258 1.838344 -2.569861
v 0.048651 1.841971 -2.561426
v 0.055496 1.838706 -2.55422
v 0.048633 1.841934 -2.547304
v 0.035878 1.848019 -2.665958
v 0.041806 1.845237 -2.660237
v 0.034199 1.848864 -2.65206
v 0.041044 1.845599 -2.644596
v 0.03297 1.849451 -2.635322
v 0.032343 1.849749 -2.616796
v 0.040418 1.845898 -2.607229
v 0.032343 1.849749 -2.597662
v 0.040576 1.845822 -2.587923
v 0.041044 1.845599 -2.569861
v 0.034199 1.848864 -2.562397
v 0.041806 1.845237 -2.55422
v 0.035878 1.848019 -2.548499
v 0.023613 1.853868 -2.662418
v 0.020302 1.855493 -2.649182
v 0.017892 1.856643 -2.633447
v 0.016661 1.857229 -2.616145
v 0.016661 1.857229 -2.598312
v 0.020302 1.855493 -2.565276
v 0.023613 1.853868 -2.552039
v 0.012309 1.85926 -2.65667
v 0.015728 1.857674 -2.65376
v 0.007495 1.861601 -2.644508
v 0.012069 1.85942 -2.639793
v 0.003995 1.863271 -2.630402
v 0.00221 1.864122 -2.615089
v 0.009056 1.860857 -2.607229
v 0.00221 1.864122 -2.599368
v 0.009816 1.860494 -2.590474
v 0.012069 1.85942 -2.574664
v 0.007495 1.861601 -2.569949
v 0.015728 1.857674 -2.560698
v 0.012309 1.85926 -2.557788
v 0.004356 1.863053 -2.647827
v -0.000566 1.865401 -2.635388
v -0.00462 1.867335 -2.607229
v -0.003596 1.866847 -2.592815
v -0.000566 1.865401 -2.57907
v 0.004356 1.863053 -2.56663
v 0.041847 1.844001 -2.677954
v 0.054511 1.83796 -2.677954
v 0.017728 1.855504 -2.669894
v 0.007211 1.860515 -2.662192
v -0.001425 1.864634 -2.652624
v -0.008362 1.86795 -2.640983
v -0.013171 1.870242 -2.628019
v -0.015624 1.871413 -2.61425
v -0.015624 1.871413 -2.600208
v -0.008362 1.86795 -2.573474
v -0.001425 1.864634 -2.561834
v 0.007211 1.860515 -2.552266
v 0.017728 1.855504 -2.544563
v 0.041847 1.844001 -2.536503
v 0.054511 1.83796 -2.536503
v 0.06693 1.832037 -2.539225
v 0.078629 1.826457 -2.544563
v 0.089141 1.821436 -2.552266
v 0.097777 1.817318 -2.561834
v 0.104718 1.814012 -2.573474
v 0.11198 1.810549 -2.600208
v 0.11198 1.810549 -2.61425
v 0.109528 1.811719 -2.628019
v 0.104718 1.814012 -2.640983
v 0.097777 1.817318 -2.652624
v 0.089141 1.821436 -2.662192
v 0.078629 1.826457 -2.669894
v 0.06693 1.832037 -2.675233
v 0.066378 1.820423 -2.690556
v 0.051267 1.827631 -2.693886
v 0.035859 1.83498 -2.693886
v 0.006515 1.848976 -2.684024
v -0.006296 1.855087 -2.67454
v -0.01719 1.860283 -2.66247
v -0.025751 1.864366 -2.648276
v -0.031647 1.867179 -2.632506
v -0.034653 1.868612 -2.615764
v -0.034653 1.868612 -2.598694
v -0.025751 1.864366 -2.566181
v -0.01719 1.860283 -2.551988
v -0.006296 1.855087 -2.539917
v 0.006515 1.848976 -2.530434
v 0.035859 1.83498 -2.520571
v 0.051267 1.827631 -2.520571
v 0.066378 1.820423 -2.523901
v 0.080613 1.813634 -2.530434
v 0.093423 1.807523 -2.539917
v 0.104318 1.802327 -2.551988
v 0.112878 1.798244 -2.566181
v 0.12178 1.793998 -2.598694
v 0.12178 1.793998 -2.615764
v 0.118774 1.795432 -2.632506
v 0.112878 1.798244 -2.648276
v 0.104318 1.802327 -2.66247
v 0.093423 1.807523 -2.67454
v 0.080613 1.813634 -2.684024
v 0.091185 1.797255 -2.677466
v 0.077818 1.80363 -2.687361
v 0.062965 1.810715 -2.694178
v 0.102554 1.791832 -2.664871
v 0.111486 1.787572 -2.650061
v 0.117637 1.784637 -2.633604
v 0.120774 1.783141 -2.616135
v 0.120774 1.783141 -2.598323
v 0.111486 1.787572 -2.564397
v 0.102554 1.791832 -2.549587
v 0.091185 1.797255 -2.536992
v 0.077818 1.80363 -2.527096
v 0.062965 1.810715 -2.52028
v 0.047197 1.818236 -2.516805
v 0.03112 1.825904 -2.516805
v 0.000499 1.84051 -2.527096
v -0.012869 1.846886 -2.536992
v -0.024236 1.852308 -2.549587
v -0.033168 1.856568 -2.564397
v -0.042457 1.860998 -2.598323
v -0.042457 1.860998 -2.616135
v -0.039321 1.859502 -2.633604
v -0.033168 1.856568 -2.650061
v -0.024236 1.852308 -2.664871
v -0.012869 1.846886 -2.677466
v 0.000499 1.84051 -2.687361
v 0.03112 1.825904 -2.697653
v 0.047197 1.818236 -2.697653
v 0.090057 1.822132 -2.65335
v 0.095598 1.819533 -2.641809
v 0.099592 1.817628 -2.62864
v 0.101629 1.816656 -2.614478
v 0.101629 1.816656 -2.59998
v 0.095598 1.819533 -2.572649
v 0.090057 1.822132 -2.561108
v 0.079454 1.827233 -2.659808
v 0.083571 1.825315 -2.64706
v 0.086541 1.823898 -2.632064
v 0.088056 1.823176 -2.615666
v 0.088056 1.823176 -2.598792
v 0.083571 1.825315 -2.567398
v 0.079454 1.827233 -2.554649
v 0.067612 1.832882 -2.664475
v 0.070155 1.831714 -2.650854
v 0.071983 1.830842 -2.634536
v 0.072916 1.830397 -2.616523
v 0.072916 1.830397 -2.597934
v 0.070155 1.831714 -2.563604
v 0.067612 1.832882 -2.549983
v 0.055042 1.838877 -2.666854
v 0.055912 1.838508 -2.652788
v 0.056529 1.838213 -2.635797
v 0.056845 1.838063 -2.61696
v 0.056845 1.838063 -2.597497
v 0.055912 1.838508 -2.561669
v 0.055042 1.838877 -2.547603
v 0.042225 1.844991 -2.666854
v 0.04139 1.845435 -2.652788
v 0.040772 1.845729 -2.635797
v 0.040457 1.845879 -2.61696
v 0.040457 1.845879 -2.597497
v 0.04139 1.845435 -2.561669
v 0.042225 1.844991 -2.547603
v 0.017812 1.856634 -2.659808
v 0.013731 1.858627 -2.64706
v 0.01076 1.860044 -2.632064
v 0.009246 1.860766 -2.615666
v 0.009246 1.860766 -2.598792
v 0.013731 1.858627 -2.567398
v 0.017812 1.856634 -2.554649
v 0.007175 1.861665 -2.65335
v 0.001668 1.864335 -2.641809
v -0.002326 1.86624 -2.62864
v -0.004363 1.867212 -2.614478
v -0.004363 1.867212 -2.59998
v 0.001668 1.864335 -2.572649
v 0.007175 1.861665 -2.561108
v -0.031037 1.674903 -2.714395
v 0.017257 1.776153 -2.714187
v -0.040517 1.679424 -2.713878
v -0.021556 1.67038 -2.713878
v 0.026721 1.77164 -2.713672
v -0.012167 1.665902 -2.712335
v 0.036092 1.76717 -2.712132
v -0.002958 1.66151 -2.70978
v 0.045281 1.762787 -2.709581
v 0.005978 1.657247 -2.706237
v 0.054202 1.758532 -2.706046
v 0.014559 1.653154 -2.70174
v 0.062766 1.754447 -2.701557
v 0.022701 1.64927 -2.696334
v 0.070892 1.750571 -2.696162
v 0.030325 1.645634 -2.690069
v 0.078501 1.746942 -2.689909
v 0.037359 1.642279 -2.683006
v 0.085521 1.743594 -2.68286
v 0.043734 1.639239 -2.675214
v 0.091883 1.740559 -2.675082
v 0.049388 1.636541 -2.666767
v 0.097527 1.737867 -2.666652
v 0.054267 1.634214 -2.657746
v 0.102397 1.735544 -2.657648
v 0.058326 1.632278 -2.648239
v 0.106448 1.733611 -2.64816
v 0.061524 1.630753 -2.638337
v 0.109639 1.73209 -2.638277
v 0.063831 1.629652 -2.628136
v 0.111942 1.730991 -2.628095
v 0.065223 1.628989 -2.617733
v 0.113332 1.730329 -2.617712
v 0.065689 1.628766 -2.607229
v 0.113796 1.730107 -2.607229
v 0.065223 1.628989 -2.596725
v 0.113332 1.730329 -2.596745
v 0.063831 1.629652 -2.586322
v 0.111942 1.730991 -2.586362
v 0.061524 1.630753 -2.57612
v 0.109639 1.73209 -2.57618
v 0.058326 1.632278 -2.566218
v 0.106448 1.733611 -2.566297
v 0.054267 1.634214 -2.556711
v 0.102397 1.735544 -2.556809
v 0.049388 1.636541 -2.547691
v 0.097527 1.737867 -2.547806
v 0.043734 1.639239 -2.539244
v 0.091883 1.740559 -2.539375
v 0.037359 1.642279 -2.531451
v 0.085521 1.743594 -2.531598
v 0.030325 1.645634 -2.524389
v 0.078501 1.746942 -2.524549
v 0.022701 1.64927 -2.518124
v 0.070892 1.750571 -2.518296
v 0.014559 1.653154 -2.512717
v 0.062766 1.754448 -2.5129
v 0.005978 1.657247 -2.50822
v 0.054202 1.758532 -2.508412
v -0.002958 1.66151 -2.504678
v 0.045281 1.762787 -2.504876
v -0.012167 1.665902 -2.502122
v 0.036092 1.76717 -2.502325
v -0.021556 1.67038 -2.500579
v 0.026721 1.77164 -2.500785
v -0.031037 1.674903 -2.500063
v 0.017257 1.776153 -2.50027
v -0.040517 1.679424 -2.500579
v 0.007795 1.780667 -2.500785
v -0.049907 1.683903 -2.502122
v -0.001576 1.785137 -2.502325
v -0.059115 1.688294 -2.504678
v -0.010766 1.78952 -2.504876
v -0.068052 1.692558 -2.50822
v -0.019687 1.793775 -2.508412
v -0.076633 1.69665 -2.512717
v -0.028251 1.79786 -2.5129
v -0.084775 1.700534 -2.518124
v -0.036377 1.801736 -2.518296
v -0.092399 1.704171 -2.524389
v -0.043986 1.805366 -2.524549
v -0.099433 1.707525 -2.531451
v -0.051006 1.808714 -2.531598
v -0.105807 1.710565 -2.539244
v -0.057368 1.811748 -2.539375
v -0.111462 1.713263 -2.547691
v -0.063012 1.814441 -2.547806
v -0.116342 1.71559 -2.556711
v -0.067882 1.816764 -2.556809
v -0.1204 1.717527 -2.566218
v -0.071933 1.818695 -2.566297
v -0.123598 1.719052 -2.57612
v -0.075124 1.820217 -2.57618
v -0.125904 1.720152 -2.586322
v -0.077427 1.821315 -2.586362
v -0.127297 1.720816 -2.596725
v -0.078816 1.821978 -2.596745
v -0.127763 1.721039 -2.607229
v -0.079282 1.822201 -2.607229
v -0.127297 1.720816 -2.617733
v -0.078816 1.821978 -2.617712
v -0.125904 1.720152 -2.628136
v -0.077427 1.821315 -2.628095
v -0.123598 1.719052 -2.638337
v -0.075125 1.820218 -2.638277
v -0.1204 1.717527 -2.648239
v -0.071933 1.818695 -2.64816
v -0.116342 1.71559 -2.657746
v -0.067882 1.816764 -2.657648
v -0.111462 1.713263 -2.666767
v -0.063012 1.814441 -2.666652
v -0.105807 1.710565 -2.675214
v -0.057368 1.811748 -2.675082
v -0.099433 1.707525 -2.683006
v -0.051006 1.808714 -2.68286
v -0.092399 1.704171 -2.690069
v -0.043986 1.805366 -2.689909
v -0.084775 1.700534 -2.696334
v -0.036377 1.801736 -2.696162
v -0.076633 1.69665 -2.70174
v -0.028251 1.79786 -2.701557
v -0.068052 1.692558 -2.706237
v -0.019687 1.793775 -2.706046
v -0.059115 1.688294 -2.70978
v -0.010766 1.78952 -2.709581
v -0.049907 1.683903 -2.712335
v -0.001576 1.785137 -2.712132
v 6.7e-05 1.788268 -2.711451
v 0.007795 1.780667 -2.713672
v 0.009378 1.783827 -2.712981
v 0.009797 1.784398 -2.711626
v 0.018779 1.779343 -2.713493
v 0.019078 1.779971 -2.712132
v 0.02818 1.774859 -2.712981
v 0.037491 1.770418 -2.711451
v 0.028359 1.775544 -2.711626
v 0.03755 1.77116 -2.710116
v 0.027414 1.775995 -2.700995
v 0.027225 1.775783 -2.700187
v 0.019078 1.779971 -2.701449
v 0.035669 1.772058 -2.699638
v 0.035408 1.771879 -2.698842
v 0.043764 1.768196 -2.697392
v 0.043435 1.768051 -2.696614
v 0.046564 1.766861 -2.707614
v 0.051622 1.764448 -2.694277
v 0.055313 1.762688 -2.704147
v 0.051224 1.764335 -2.693526
v 0.059167 1.760849 -2.690323
v 0.063711 1.758681 -2.699745
v 0.066325 1.757435 -2.68557
v 0.058704 1.760768 -2.689607
v 0.0658 1.757383 -2.684895
v 0.057096 1.758986 -2.688328
v 0.049732 1.762497 -2.692186
v 0.042064 1.766155 -2.695226
v 0.034162 1.769924 -2.697419
v 0.026105 1.773767 -2.698743
v 0.01797 1.777647 -2.699186
v 0.009834 1.781528 -2.698743
v 0.001778 1.785371 -2.697419
v -0.006124 1.78914 -2.695226
v -0.013792 1.792798 -2.692186
v -0.021156 1.796309 -2.688328
v -0.028142 1.799642 -2.683688
v -0.034684 1.802762 -2.678312
v -0.04072 1.805641 -2.672252
v -0.034524 1.805235 -2.679434
v -0.040654 1.80816 -2.673278
v -0.046189 1.80825 -2.665566
v -0.04621 1.810809 -2.666486
v -0.051139 1.813161 -2.659123
v -0.04666 1.811326 -2.667001
v -0.051631 1.813697 -2.659575
v -0.054113 1.814882 -2.673778
v -0.041055 1.808653 -2.673852
v -0.047874 1.811905 -2.681406
v -0.034871 1.805703 -2.680062
v -0.040989 1.808621 -2.688319
v -0.028169 1.802506 -2.68557
v -0.027878 1.802066 -2.684895
v -0.033525 1.805061 -2.694452
v -0.02101 1.799091 -2.690323
v -0.013466 1.795493 -2.694277
v -0.025555 1.801259 -2.699745
v -0.020782 1.79868 -2.689607
v -0.013303 1.795114 -2.693526
v -0.005513 1.791398 -2.696614
v 0.002513 1.78757 -2.698842
v -0.005608 1.791745 -2.697392
v -0.008407 1.79308 -2.707614
v 0.002487 1.787884 -2.699638
v 0.010742 1.783946 -2.700995
v 0.000606 1.788781 -2.710116
v 0.010697 1.783666 -2.700187
v 0.018961 1.779724 -2.700637
v -0.017155 1.797253 -2.704147
v -0.009063 1.792623 -2.708917
v -0.017925 1.79685 -2.705404
v -0.026434 1.800908 -2.700945
v -0.034507 1.804759 -2.695584
v -0.042068 1.808365 -2.689372
v -0.049042 1.811691 -2.682369
v -0.055362 1.814707 -2.674642
v -0.06097 1.817381 -2.666266
v -0.065809 1.819689 -2.657321
v -0.059649 1.817521 -2.66551
v -0.064425 1.8198 -2.656679
v -0.055921 1.815744 -2.651644
v -0.068398 1.821695 -2.647373
v -0.071528 1.823188 -2.63768
v -0.069833 1.821609 -2.647894
v -0.05949 1.817445 -2.643285
v -0.05893 1.816876 -2.642974
v -0.062302 1.818787 -2.634579
v -0.061717 1.818206 -2.634344
v -0.06433 1.819754 -2.62561
v -0.063728 1.819164 -2.625452
v -0.073786 1.824265 -2.627694
v -0.065554 1.820339 -2.616464
v -0.064941 1.819744 -2.616384
v -0.075149 1.824915 -2.617511
v -0.065963 1.820533 -2.607229
v -0.075605 1.825132 -2.607229
v -0.065348 1.819938 -2.607229
v -0.065554 1.820339 -2.597994
v -0.075149 1.824915 -2.596946
v -0.06433 1.819754 -2.588847
v -0.064941 1.819744 -2.598073
v -0.063728 1.819164 -2.589006
v -0.061717 1.818206 -2.580114
v -0.05893 1.816876 -2.571483
v -0.062302 1.818787 -2.579878
v -0.061455 1.815531 -2.580535
v -0.058712 1.814223 -2.572038
v -0.063434 1.816475 -2.589289
v -0.064629 1.817045 -2.598215
v -0.06503 1.817235 -2.607229
v -0.064629 1.817045 -2.616242
v -0.063434 1.816475 -2.625169
v -0.061455 1.815531 -2.633922
v -0.058712 1.814223 -2.642419
v -0.055228 1.812562 -2.650577
v -0.051041 1.810565 -2.658317
v -0.055393 1.815189 -2.651261
v -0.055228 1.812562 -2.56388
v -0.051041 1.810565 -2.55614
v -0.046189 1.80825 -2.548892
v -0.04072 1.805641 -2.542205
v -0.034684 1.802762 -2.536145
v -0.028142 1.799642 -2.530769
v -0.021155 1.796309 -2.52613
v -0.013792 1.792798 -2.522271
v -0.006124 1.78914 -2.519231
v 0.001778 1.785371 -2.517038
v -0.005513 1.791398 -2.517843
v 0.002513 1.78757 -2.515616
v 0.010697 1.783666 -2.514271
v 0.002487 1.787884 -2.514819
v 0.000606 1.788781 -2.504341
v 0.010742 1.783946 -2.513463
v -0.005608 1.791745 -2.517066
v -0.008407 1.79308 -2.506843
v -0.013466 1.795493 -2.520181
v -0.017155 1.797253 -2.510311
v -0.013303 1.795114 -2.520931
v -0.02101 1.799091 -2.524134
v -0.025555 1.80126 -2.514713
v -0.028169 1.802506 -2.528887
v -0.020782 1.79868 -2.52485
v -0.027878 1.802066 -2.529563
v -0.034524 1.805235 -2.535024
v -0.040654 1.80816 -2.541179
v -0.034871 1.805703 -2.534396
v -0.041055 1.808653 -2.540605
v -0.040989 1.808621 -2.526138
v -0.047874 1.811905 -2.533051
v -0.042068 1.808365 -2.525086
v -0.033525 1.805061 -2.520005
v -0.034507 1.804759 -2.518873
v -0.026434 1.800908 -2.513512
v -0.017925 1.79685 -2.509053
v -0.009063 1.792623 -2.505541
v 6.7e-05 1.788268 -2.503006
v 0.009378 1.783827 -2.501476
v 0.018779 1.779343 -2.500964
v 0.009797 1.784398 -2.502831
v 0.019078 1.779971 -2.502326
v 0.028359 1.775544 -2.502831
v 0.019078 1.779971 -2.513008
v 0.018961 1.779724 -2.513821
v 0.027414 1.775995 -2.513463
v 0.035669 1.772058 -2.514819
v 0.027225 1.775783 -2.514271
v 0.035408 1.771879 -2.515616
v 0.043435 1.768051 -2.517843
v 0.051224 1.764335 -2.520931
v 0.043764 1.768196 -2.517066
v 0.042064 1.766155 -2.519231
v 0.049733 1.762498 -2.522271
v 0.034162 1.769924 -2.517038
v 0.026105 1.773767 -2.515714
v 0.01797 1.777647 -2.515271
v 0.009834 1.781528 -2.515714
v 0.057096 1.758986 -2.52613
v 0.064082 1.755653 -2.530769
v 0.070624 1.752533 -2.536145
v 0.076659 1.749654 -2.542205
v 0.082129 1.747045 -2.548892
v 0.086982 1.74473 -2.55614
v 0.091168 1.742733 -2.56388
v 0.094652 1.741072 -2.572038
v 0.097395 1.739763 -2.580535
v 0.099374 1.738819 -2.589289
v 0.099639 1.741243 -2.580114
v 0.101649 1.740283 -2.589006
v 0.102863 1.739705 -2.598073
v 0.102486 1.740187 -2.588847
v 0.111943 1.735676 -2.586763
v 0.103711 1.739603 -2.597994
v 0.100458 1.741155 -2.579878
v 0.109684 1.736753 -2.576777
v 0.097646 1.742495 -2.571172
v 0.106555 1.738246 -2.567084
v 0.096852 1.742572 -2.571483
v 0.094078 1.744198 -2.562814
v 0.102582 1.740141 -2.557778
v 0.089788 1.746243 -2.554883
v 0.093314 1.744259 -2.563197
v 0.089061 1.746288 -2.555334
v 0.084132 1.748639 -2.547971
v 0.078576 1.75129 -2.541179
v 0.084816 1.748616 -2.547456
v 0.079211 1.751288 -2.540605
v 0.092269 1.74506 -2.540679
v 0.08603 1.748036 -2.533051
v 0.09292 1.743979 -2.539816
v 0.097805 1.742419 -2.548948
v 0.098528 1.741305 -2.548191
v 0.103365 1.738997 -2.557136
v 0.107391 1.737077 -2.566563
v 0.110561 1.735565 -2.576382
v 0.112849 1.734474 -2.586498
v 0.114229 1.733816 -2.596813
v 0.114692 1.733595 -2.607229
v 0.113306 1.735026 -2.596946
v 0.113762 1.734808 -2.607229
v 0.113306 1.735026 -2.617511
v 0.10412 1.739408 -2.607229
v 0.10327 1.739511 -2.607229
v 0.103711 1.739603 -2.616464
v 0.102486 1.740187 -2.62561
v 0.102863 1.739705 -2.616384
v 0.101649 1.740283 -2.625452
v 0.099639 1.741243 -2.634344
v 0.096852 1.742572 -2.642974
v 0.100458 1.741155 -2.634579
v 0.097395 1.739763 -2.633922
v 0.094652 1.741072 -2.642419
v 0.099374 1.738819 -2.625169
v 0.100569 1.738249 -2.616242
v 0.10097 1.738058 -2.607229
v 0.100569 1.738249 -2.598215
v 0.091168 1.742733 -2.650577
v 0.086982 1.74473 -2.658317
v 0.082129 1.747045 -2.665566
v 0.076659 1.749654 -2.672252
v 0.070624 1.752533 -2.678312
v 0.064082 1.755653 -2.683688
v 0.072446 1.754214 -2.679434
v 0.078576 1.75129 -2.673278
v 0.073028 1.754238 -2.680062
v 0.079211 1.751288 -2.673852
v 0.079145 1.751321 -2.688319
v 0.08603 1.748036 -2.681406
v 0.079625 1.750321 -2.689372
v 0.071681 1.75488 -2.694452
v 0.072065 1.753926 -2.695584
v 0.063991 1.757778 -2.700945
v 0.055483 1.761836 -2.705404
v 0.046621 1.766063 -2.708917
v 0.086599 1.746995 -2.682369
v 0.09292 1.743979 -2.674642
v 0.098528 1.741305 -2.666266
v 0.092269 1.74506 -2.673778
v 0.097805 1.742419 -2.66551
v 0.084816 1.748616 -2.667001
v 0.084132 1.748639 -2.666486
v 0.089788 1.746243 -2.659575
v 0.094078 1.744198 -2.651644
v 0.089061 1.746288 -2.659123
v 0.093314 1.744259 -2.651261
v 0.097646 1.742495 -2.643285
v 0.102581 1.740141 -2.656679
v 0.106555 1.738246 -2.647373
v 0.103365 1.738997 -2.657321
v 0.107391 1.737077 -2.647894
v 0.110561 1.735565 -2.638075
v 0.112849 1.734474 -2.62796
v 0.109684 1.736753 -2.63768
v 0.111943 1.735676 -2.627694
v 0.114229 1.733816 -2.617644
v 0.086599 1.746995 -2.532088
v 0.079625 1.750321 -2.525086
v 0.072065 1.753926 -2.518873
v 0.079145 1.751321 -2.526138
v 0.071681 1.75488 -2.520005
v 0.073028 1.754238 -2.534396
v 0.072446 1.754214 -2.535024
v 0.066325 1.757435 -2.528887
v 0.059167 1.760849 -2.524134
v 0.0658 1.757383 -2.529563
v 0.058704 1.760768 -2.52485
v 0.051622 1.764448 -2.520181
v 0.063711 1.758681 -2.514713
v 0.055313 1.762688 -2.510311
v 0.063991 1.757778 -2.513512
v 0.055483 1.761836 -2.509053
v 0.046621 1.766063 -2.505541
v 0.037491 1.770418 -2.503006
v 0.046564 1.766861 -2.506843
v 0.03755 1.77116 -2.504341
v 0.02818 1.774859 -2.501476
v -0.049042 1.811691 -2.532088
v -0.055362 1.814707 -2.539816
v -0.06097 1.817381 -2.548191
v -0.054113 1.814882 -2.540679
v -0.059649 1.817521 -2.548948
v -0.04666 1.811326 -2.547456
v -0.04621 1.810809 -2.547971
v -0.051631 1.813697 -2.554883
v -0.055921 1.815744 -2.562814
v -0.051139 1.813161 -2.555334
v -0.055393 1.815189 -2.563197
v -0.05949 1.817445 -2.571172
v -0.064425 1.8198 -2.557778
v -0.068398 1.821695 -2.567084
v -0.065809 1.819689 -2.557136
v -0.069833 1.821609 -2.566563
v -0.073003 1.823121 -2.576382
v -0.075291 1.824212 -2.586498
v -0.071528 1.823188 -2.576777
v -0.073786 1.824265 -2.586763
v -0.076672 1.82487 -2.596813
v -0.077134 1.825091 -2.607229
v -0.076672 1.82487 -2.617644
v -0.075291 1.824212 -2.62796
v -0.073003 1.823121 -2.638075
v 0.04851 1.841676 -3.224998
v 0.047546 1.839655 -3.235013
v 0.060803 1.835813 -3.22372
v 0.036217 1.847539 -3.22372
v 0.034194 1.846024 -3.233556
v 0.024397 1.853178 -3.219932
v 0.021356 1.852148 -3.229241
v 0.013504 1.858373 -3.21378
v 0.009524 1.857791 -3.222234
v 0.004803 1.862342 -3.207567
v -0.000847 1.862737 -3.212804
v -0.000649 1.865123 -3.198087
v -0.009359 1.866797 -3.201314
v -0.006113 1.86773 -3.186046
v -0.015683 1.869813 -3.188205
v -0.010613 1.869876 -3.159188
v -0.020892 1.872299 -3.159188
v -0.009477 1.869334 -3.145477
v -0.019577 1.871671 -3.144395
v -0.000649 1.865123 -3.120288
v -0.009359 1.866797 -3.117063
v 0.004803 1.862342 -3.110808
v -0.000847 1.862737 -3.105571
v 0.013504 1.858373 -3.104597
v 0.009524 1.857791 -3.096142
v 0.024397 1.853178 -3.098444
v 0.021356 1.852148 -3.089136
v 0.036217 1.847539 -3.094656
v 0.034194 1.846024 -3.08482
v 0.04851 1.841676 -3.093378
v 0.047546 1.839655 -3.083364
v 0.060803 1.835813 -3.094656
v 0.060898 1.833287 -3.08482
v 0.083517 1.824979 -3.104597
v 0.085569 1.82152 -3.096142
v 0.092077 1.820715 -3.110808
v 0.09594 1.816572 -3.105571
v 0.09767 1.818228 -3.120288
v 0.104451 1.812513 -3.117063
v 0.106498 1.814017 -3.145477
v 0.11467 1.807639 -3.144395
v 0.107634 1.813475 -3.159188
v 0.115985 1.807012 -3.159188
v 0.103133 1.815622 -3.186046
v 0.110775 1.809496 -3.188205
v 0.09767 1.818228 -3.198087
v 0.104451 1.812513 -3.201314
v 0.092077 1.820715 -3.207567
v 0.09594 1.816572 -3.212804
v 0.083517 1.824979 -3.21378
v 0.085569 1.82152 -3.222234
v 0.060898 1.833287 -3.233556
v 0.059986 1.827689 -3.241536
v 0.045202 1.834741 -3.243148
v 0.030418 1.841793 -3.241536
v 0.016202 1.848573 -3.236757
v 0.0031 1.854823 -3.228999
v -0.008383 1.860301 -3.218556
v -0.017807 1.864796 -3.205834
v -0.02481 1.868135 -3.191319
v -0.030579 1.870887 -3.159188
v -0.029123 1.870192 -3.142808
v -0.017807 1.864796 -3.112543
v -0.008383 1.860301 -3.09982
v 0.0031 1.854823 -3.089377
v 0.016202 1.848573 -3.081619
v 0.030418 1.841793 -3.076841
v 0.045202 1.834741 -3.075228
v 0.059986 1.827689 -3.076841
v 0.087304 1.81466 -3.089377
v 0.098788 1.809183 -3.09982
v 0.108212 1.804687 -3.112543
v 0.119528 1.79929 -3.142808
v 0.120984 1.798595 -3.159188
v 0.115215 1.801347 -3.191319
v 0.108212 1.804687 -3.205834
v 0.098788 1.809183 -3.218556
v 0.087304 1.81466 -3.228999
v 0.055062 1.736741 -3.235649
v 0.025142 1.751013 -3.249379
v 0.00895 1.758736 -3.251145
v -0.007242 1.766459 -3.249379
v -0.022813 1.773886 -3.244145
v -0.037162 1.78073 -3.235649
v -0.04974 1.78673 -3.224211
v -0.060062 1.791653 -3.210278
v -0.067732 1.795311 -3.194378
v -0.07405 1.798325 -3.159188
v -0.072454 1.797564 -3.141248
v -0.060062 1.791653 -3.108099
v -0.04974 1.78673 -3.094164
v -0.037162 1.78073 -3.082728
v -0.022813 1.773886 -3.074231
v -0.007242 1.766459 -3.068997
v 0.00895 1.758736 -3.06723
v 0.025142 1.751013 -3.068997
v 0.055062 1.736741 -3.082728
v 0.067639 1.730742 -3.094164
v 0.077961 1.725819 -3.108099
v 0.090354 1.719908 -3.141248
v 0.091949 1.719148 -3.159188
v 0.085631 1.722162 -3.194378
v 0.077961 1.725819 -3.210278
v 0.067639 1.730742 -3.224211
v 0.087452 1.823463 -3.202835
v 0.062276 1.835472 -3.211373
v 0.048651 1.841971 -3.212472
v 0.035025 1.84847 -3.211373
v 0.021924 1.854719 -3.208119
v 0.00985 1.860478 -3.202835
v 0.091765 1.821407 -3.189613
v 0.063791 1.83475 -3.195945
v 0.048651 1.841971 -3.196761
v 0.033511 1.849192 -3.195945
v 0.018954 1.856136 -3.193532
v 0.005537 1.862535 -3.189613
v 0.095317 1.819713 -3.159188
v 0.065037 1.834155 -3.159188
v 0.048651 1.841971 -3.159188
v 0.032264 1.849787 -3.159188
v 0.016507 1.857303 -3.159188
v 0.001985 1.86423 -3.159188
v 0.09442 1.82014 -3.143569
v 0.064722 1.834305 -3.140206
v 0.048651 1.841971 -3.139773
v 0.032579 1.849636 -3.140206
v 0.017124 1.857008 -3.141489
v 0.002882 1.863801 -3.143569
v 0.087452 1.823463 -3.115542
v 0.062276 1.835472 -3.107003
v 0.048651 1.841971 -3.105905
v 0.035025 1.84847 -3.107003
v 0.021924 1.854719 -3.110258
v 0.00985 1.860478 -3.115542
v 0.040838 1.842854 -3.234647
v 0.035577 1.846992 -3.228889
v 0.042334 1.844622 -3.224679
v 0.048178 1.840981 -3.230257
v 0.054255 1.836455 -3.234647
v 0.054687 1.83873 -3.224679
v 0.060781 1.83497 -3.228889
v 0.023458 1.852772 -3.224839
v 0.015285 1.855044 -3.226059
v 0.012291 1.858098 -3.218264
v 0.018807 1.855844 -3.217138
v 0.00413 1.860364 -3.217802
v 0.002614 1.86269 -3.209666
v 0.008587 1.860687 -3.210136
v -0.005357 1.864889 -3.207291
v -0.005127 1.866406 -3.198964
v 0.002577 1.863554 -3.203475
v -0.012811 1.868444 -3.194932
v -0.011052 1.869232 -3.186594
v -0.003631 1.866546 -3.192236
v -0.017945 1.870893 -3.181199
v -0.008067 1.868662 -3.179577
v -0.020563 1.872141 -3.16662
v -0.015932 1.87156 -3.159188
v -0.010329 1.86974 -3.16608
v -0.020563 1.872141 -3.151756
v -0.0147 1.870972 -3.145215
v -0.010329 1.86974 -3.152297
v -0.017945 1.870893 -3.137177
v -0.008067 1.868662 -3.1388
v -0.012811 1.868444 -3.123445
v -0.005127 1.866406 -3.119412
v -0.003631 1.866546 -3.12614
v -0.005357 1.864889 -3.111085
v 0.002614 1.86269 -3.10871
v 0.002577 1.863554 -3.114902
v 0.00413 1.860364 -3.100574
v 0.012291 1.858098 -3.100113
v 0.008587 1.860687 -3.108241
v 0.015285 1.855044 -3.092317
v 0.023458 1.852772 -3.093536
v 0.018807 1.855844 -3.101238
v 0.035577 1.846992 -3.089488
v 0.040838 1.842854 -3.083728
v 0.048178 1.840981 -3.08812
v 0.042334 1.844622 -3.093699
v 0.054255 1.836455 -3.083728
v 0.060781 1.83497 -3.089488
v 0.054687 1.83873 -3.093699
v 0.067413 1.830179 -3.086628
v 0.066802 1.832952 -3.096244
v 0.079808 1.824267 -3.092317
v 0.084066 1.823863 -3.100113
v 0.078213 1.827508 -3.101238
v 0.090963 1.818947 -3.100574
v 0.093725 1.819233 -3.10871
v 0.088409 1.822614 -3.108241
v 0.10045 1.814421 -3.111085
v 0.101485 1.815555 -3.119412
v 0.094421 1.819747 -3.114902
v 0.107903 1.810867 -3.123445
v 0.100652 1.816805 -3.12614
v 0.113038 1.808418 -3.137177
v 0.111057 1.810989 -3.145215
v 0.105088 1.81469 -3.1388
v 0.115655 1.807169 -3.151756
v 0.112289 1.810401 -3.159188
v 0.107349 1.813612 -3.152297
v 0.115655 1.807169 -3.16662
v 0.107349 1.813612 -3.16608
v 0.113038 1.808418 -3.181199
v 0.107409 1.812729 -3.186594
v 0.105088 1.81469 -3.179577
v 0.107903 1.810867 -3.194932
v 0.101485 1.815555 -3.198964
v 0.100652 1.816805 -3.192236
v 0.10045 1.814421 -3.207291
v 0.093725 1.819233 -3.209666
v 0.094421 1.819747 -3.203475
v 0.090963 1.818947 -3.217802
v 0.084066 1.823863 -3.218264
v 0.088409 1.822614 -3.210136
v 0.079808 1.824267 -3.226059
v 0.078213 1.827508 -3.217138
v 0.067413 1.830179 -3.231748
v 0.066802 1.832952 -3.222132
v 0.080926 1.817703 -3.233234
v 0.067201 1.824249 -3.239532
v 0.052631 1.831198 -3.242743
v 0.058897 1.823991 -3.244593
v 0.043564 1.831305 -3.246265
v 0.02823 1.838619 -3.244593
v 0.037774 1.838284 -3.242743
v 0.013487 1.845652 -3.239637
v -0.000101 1.852133 -3.23159
v 0.00948 1.85178 -3.233234
v -0.012012 1.857813 -3.220761
v -0.002872 1.857671 -3.22409
v -0.021785 1.862475 -3.207565
v -0.013377 1.862682 -3.212451
v -0.029049 1.865939 -3.192512
v -0.02163 1.866618 -3.198766
v -0.027315 1.869331 -3.18356
v -0.035031 1.868794 -3.159188
v -0.030213 1.870713 -3.167418
v -0.033521 1.868073 -3.1422
v -0.030213 1.870713 -3.150959
v -0.027315 1.869331 -3.134817
v -0.021785 1.862475 -3.11081
v -0.02163 1.866618 -3.119609
v -0.012012 1.857813 -3.097615
v -0.013377 1.862682 -3.105925
v -0.000101 1.852133 -3.086786
v -0.002872 1.857671 -3.094286
v 0.013487 1.845652 -3.07874
v 0.00948 1.85178 -3.085143
v 0.02823 1.838619 -3.073784
v 0.043564 1.831305 -3.072112
v 0.037774 1.838284 -3.075633
v 0.058897 1.823992 -3.073784
v 0.052631 1.831198 -3.075633
v 0.067201 1.824249 -3.078844
v 0.087228 1.810478 -3.086786
v 0.080926 1.817703 -3.085143
v 0.099139 1.804797 -3.097615
v 0.093277 1.811811 -3.094286
v 0.108912 1.800135 -3.11081
v 0.103781 1.8068 -3.105925
v 0.112035 1.802864 -3.119609
v 0.120648 1.794538 -3.1422
v 0.11772 1.800152 -3.134817
v 0.122158 1.793818 -3.159188
v 0.120619 1.79877 -3.150959
v 0.120619 1.79877 -3.167418
v 0.116176 1.796671 -3.192512
v 0.11772 1.800152 -3.18356
v 0.108912 1.800135 -3.207565
v 0.112035 1.802864 -3.198766
v 0.099139 1.804797 -3.220761
v 0.103781 1.8068 -3.212451
v 0.087228 1.810478 -3.23159
v 0.093277 1.811811 -3.22409
v 0.084722 1.800338 -3.234737
v 0.097149 1.79441 -3.223437
v 0.055158 1.814439 -3.248304
v 0.033044 1.747244 -3.247185
v 0.048075 1.740074 -3.240287
v 0.017086 1.754856 -3.250702
v 0.000814 1.762616 -3.250702
v -0.030176 1.777397 -3.240287
v -0.043704 1.78385 -3.230271
v -0.055209 1.789338 -3.217525
v -0.064248 1.79365 -3.202537
v -0.070475 1.79662 -3.185882
v -0.073649 1.798134 -3.168201
v -0.073649 1.798134 -3.150175
v -0.070475 1.79662 -3.132494
v -0.064248 1.79365 -3.115839
v -0.055209 1.789338 -3.100852
v -0.043704 1.78385 -3.088104
v -0.030176 1.777397 -3.078089
v 0.000814 1.762616 -3.067675
v 0.017086 1.754856 -3.067675
v 0.033044 1.747244 -3.07119
v 0.048075 1.740074 -3.078089
v 0.061604 1.733622 -3.088104
v 0.073109 1.728133 -3.100852
v 0.082148 1.723822 -3.115839
v 0.088375 1.720852 -3.132494
v 0.091549 1.719338 -3.150175
v 0.091549 1.719338 -3.168201
v 0.088375 1.720852 -3.185882
v 0.082148 1.723822 -3.202537
v 0.073109 1.728133 -3.217525
v 0.061604 1.733622 -3.230271
v 0.107348 1.789545 -3.209669
v 0.114927 1.785931 -3.193959
v 0.12117 1.782953 -3.159188
v 0.119593 1.783705 -3.141461
v 0.107348 1.789545 -3.108708
v 0.097149 1.79441 -3.094939
v 0.084722 1.800338 -3.08364
v 0.055158 1.814439 -3.070073
v 0.039158 1.82207 -3.068326
v 0.023159 1.829702 -3.070073
v 0.007774 1.837039 -3.075243
v -0.006404 1.843802 -3.08364
v -0.018831 1.84973 -3.094939
v -0.029031 1.854594 -3.108708
v -0.041276 1.860436 -3.141461
v -0.042852 1.861187 -3.159188
v -0.036609 1.858209 -3.193959
v -0.029031 1.854594 -3.209669
v -0.018831 1.84973 -3.223437
v -0.006404 1.843802 -3.234737
v 0.007774 1.837039 -3.243134
v 0.023159 1.829702 -3.248304
v 0.039158 1.82207 -3.250051
v 0.084958 1.824608 -3.20863
v 0.092911 1.820815 -3.199787
v 0.089806 1.822341 -3.196467
v 0.097832 1.818467 -3.187347
v 0.093307 1.820671 -3.182362
v 0.095092 1.81982 -3.167048
v 0.101886 1.816533 -3.159188
v 0.095092 1.81982 -3.151328
v 0.100863 1.817022 -3.144774
v 0.093307 1.820671 -3.136015
v 0.089806 1.822341 -3.121909
v 0.092911 1.820815 -3.118589
v 0.084958 1.824608 -3.109747
v 0.081573 1.826268 -3.205719
v 0.085233 1.824523 -3.191752
v 0.088246 1.823085 -3.159188
v 0.087486 1.823448 -3.142434
v 0.081573 1.826268 -3.112658
v 0.061389 1.83585 -3.217917
v 0.068924 1.8323 -3.21001
v 0.063103 1.835078 -3.20402
v 0.071177 1.831227 -3.194934
v 0.064332 1.834491 -3.187282
v 0.064958 1.834193 -3.168756
v 0.073034 1.830341 -3.159188
v 0.064958 1.834193 -3.149621
v 0.072565 1.830564 -3.140743
v 0.064332 1.834491 -3.131094
v 0.063103 1.835078 -3.114357
v 0.068924 1.8323 -3.108366
v 0.061389 1.83585 -3.100459
v 0.048633 1.841934 -3.219113
v 0.055496 1.838706 -3.212196
v 0.048651 1.841971 -3.204991
v 0.056258 1.838344 -3.196556
v 0.048651 1.841971 -3.187914
v 0.048651 1.841971 -3.168974
v 0.056884 1.838044 -3.159188
v 0.048651 1.841971 -3.149402
v 0.056725 1.83812 -3.139883
v 0.048651 1.841971 -3.130461
v 0.048651 1.841971 -3.113386
v 0.055496 1.838706 -3.106179
v 0.048633 1.841934 -3.099264
v 0.035878 1.848019 -3.217917
v 0.041806 1.845237 -3.212196
v 0.034199 1.848864 -3.20402
v 0.041044 1.845599 -3.196556
v 0.03297 1.849451 -3.187282
v 0.032343 1.849749 -3.168756
v 0.040418 1.845898 -3.159188
v 0.032343 1.849749 -3.149621
v 0.040576 1.845822 -3.139883
v 0.03297 1.849451 -3.131094
v 0.034199 1.848864 -3.114357
v 0.041806 1.845237 -3.106179
v 0.035878 1.848019 -3.100459
v 0.023613 1.853868 -3.214377
v 0.020302 1.855493 -3.201141
v 0.017892 1.856643 -3.185406
v 0.016661 1.857229 -3.168105
v 0.016661 1.857229 -3.150271
v 0.017892 1.856643 -3.132969
v 0.020302 1.855493 -3.117236
v 0.023613 1.853868 -3.103999
v 0.012309 1.85926 -3.20863
v 0.015728 1.857674 -3.205719
v 0.007495 1.861601 -3.196467
v 0.012069 1.85942 -3.191752
v 0.003995 1.863271 -3.182362
v 0.00221 1.864122 -3.167048
v 0.009056 1.860857 -3.159188
v 0.00221 1.864122 -3.151328
v 0.009816 1.860494 -3.142434
v 0.003995 1.863271 -3.136015
v 0.007495 1.861601 -3.121909
v 0.015728 1.857674 -3.112658
v 0.012309 1.85926 -3.109747
v 0.004356 1.863053 -3.199787
v -0.000566 1.865401 -3.187347
v -0.00462 1.867335 -3.159188
v -0.003596 1.866847 -3.144774
v 0.004356 1.863053 -3.118589
v 0.041847 1.844001 -3.229913
v 0.054511 1.83796 -3.229913
v 0.017728 1.855504 -3.221853
v 0.007211 1.860515 -3.214151
v -0.001425 1.864634 -3.204584
v -0.008362 1.86795 -3.192943
v -0.013171 1.870243 -3.179978
v -0.015624 1.871413 -3.166209
v -0.015624 1.871413 -3.152167
v -0.013171 1.870243 -3.138397
v -0.008362 1.86795 -3.125433
v -0.001425 1.864634 -3.113793
v 0.007211 1.860515 -3.104226
v 0.017728 1.855504 -3.096522
v 0.041847 1.844001 -3.088462
v 0.054511 1.83796 -3.088462
v 0.06693 1.832037 -3.091185
v 0.078629 1.826457 -3.096522
v 0.089141 1.821436 -3.104226
v 0.097777 1.817318 -3.113793
v 0.104718 1.814012 -3.125433
v 0.109529 1.811719 -3.138397
v 0.11198 1.810549 -3.152167
v 0.11198 1.810549 -3.166209
v 0.109529 1.811719 -3.179978
v 0.104718 1.814012 -3.192943
v 0.097777 1.817318 -3.204584
v 0.089141 1.821436 -3.214151
v 0.078629 1.826457 -3.221853
v 0.06693 1.832037 -3.227192
v 0.066378 1.820423 -3.242516
v 0.051267 1.827631 -3.245845
v 0.035859 1.83498 -3.245845
v 0.006515 1.848976 -3.235983
v -0.006296 1.855087 -3.2265
v -0.01719 1.860283 -3.214429
v -0.025751 1.864366 -3.200235
v -0.031647 1.867179 -3.184465
v -0.034653 1.868612 -3.167724
v -0.034653 1.868612 -3.150653
v -0.031647 1.867179 -3.133912
v -0.025751 1.864366 -3.11814
v -0.01719 1.860283 -3.103948
v -0.006296 1.855087 -3.091877
v 0.006515 1.848976 -3.082394
v 0.035859 1.83498 -3.07253
v 0.051267 1.827631 -3.07253
v 0.066378 1.820423 -3.075861
v 0.080613 1.813634 -3.082394
v 0.093423 1.807523 -3.091877
v 0.104318 1.802327 -3.103948
v 0.112878 1.798244 -3.11814
v 0.118774 1.795432 -3.133912
v 0.12178 1.793998 -3.150653
v 0.12178 1.793998 -3.167724
v 0.118774 1.795432 -3.184465
v 0.112878 1.798244 -3.200235
v 0.104318 1.802327 -3.214429
v 0.093423 1.807523 -3.2265
v 0.080613 1.813634 -3.235983
v 0.091185 1.797255 -3.229425
v 0.077818 1.80363 -3.23932
v 0.062965 1.810715 -3.246138
v 0.102554 1.791832 -3.21683
v 0.111486 1.787572 -3.202021
v 0.117637 1.784637 -3.185564
v 0.120774 1.783141 -3.168095
v 0.120774 1.783141 -3.150282
v 0.117637 1.784638 -3.132812
v 0.111486 1.787572 -3.116356
v 0.102554 1.791832 -3.101546
v 0.091185 1.797255 -3.088952
v 0.077818 1.80363 -3.079055
v 0.062965 1.810715 -3.072239
v 0.047197 1.818236 -3.068764
v 0.03112 1.825904 -3.068764
v 0.000499 1.84051 -3.079055
v -0.012869 1.846886 -3.088952
v -0.024236 1.852308 -3.101546
v -0.033168 1.856568 -3.116356
v -0.039321 1.859502 -3.132812
v -0.042457 1.860998 -3.150282
v -0.042457 1.860998 -3.168095
v -0.039321 1.859502 -3.185564
v -0.033168 1.856568 -3.202021
v -0.024236 1.852308 -3.21683
v -0.012869 1.846886 -3.229425
v 0.000499 1.84051 -3.23932
v 0.03112 1.825904 -3.249612
v 0.047197 1.818236 -3.249612
v 0.090057 1.822132 -3.205309
v 0.095598 1.819533 -3.193769
v 0.099592 1.817628 -3.180599
v 0.101629 1.816656 -3.166438
v 0.101629 1.816656 -3.151939
v 0.099592 1.817628 -3.137777
v 0.095598 1.819533 -3.124609
v 0.090057 1.822132 -3.113068
v 0.079454 1.827233 -3.211768
v 0.083571 1.825315 -3.199019
v 0.086541 1.823898 -3.184023
v 0.088056 1.823176 -3.167625
v 0.088056 1.823176 -3.150752
v 0.086541 1.823898 -3.134352
v 0.083571 1.825315 -3.119358
v 0.079454 1.827233 -3.106608
v 0.067612 1.832882 -3.216434
v 0.070155 1.831714 -3.202814
v 0.071983 1.830842 -3.186495
v 0.072916 1.830397 -3.168482
v 0.072916 1.830397 -3.149893
v 0.071983 1.830842 -3.13188
v 0.070155 1.831714 -3.115563
v 0.067612 1.832882 -3.101943
v 0.055042 1.838877 -3.218813
v 0.055912 1.838508 -3.204748
v 0.056529 1.838213 -3.187757
v 0.056845 1.838063 -3.16892
v 0.056845 1.838063 -3.149457
v 0.056529 1.838213 -3.13062
v 0.055912 1.838508 -3.113628
v 0.055042 1.838877 -3.099563
v 0.042225 1.844991 -3.218813
v 0.04139 1.845435 -3.204748
v 0.040772 1.845729 -3.187757
v 0.040457 1.845879 -3.16892
v 0.040457 1.845879 -3.149457
v 0.040772 1.845729 -3.13062
v 0.04139 1.845435 -3.113628
v 0.042225 1.844991 -3.099563
v 0.017812 1.856634 -3.211768
v 0.013731 1.858627 -3.199019
v 0.01076 1.860044 -3.184023
v 0.009246 1.860766 -3.167625
v 0.009246 1.860766 -3.150752
v 0.01076 1.860044 -3.134352
v 0.013731 1.858627 -3.119358
v 0.017812 1.856634 -3.106608
v 0.007175 1.861665 -3.205309
v 0.001668 1.864335 -3.193769
v -0.002326 1.86624 -3.180599
v -0.004363 1.867212 -3.166438
v -0.004363 1.867212 -3.151939
v -0.002326 1.86624 -3.137777
v 0.001668 1.864335 -3.124609
v 0.007175 1.861665 -3.113068
v -0.031037 1.674903 -3.266355
v 0.017257 1.776153 -3.266147
v -0.040517 1.679424 -3.265838
v -0.021556 1.67038 -3.265838
v 0.026721 1.77164 -3.265632
v -0.012167 1.665902 -3.264295
v 0.036092 1.76717 -3.264091
v -0.002958 1.66151 -3.261739
v 0.045281 1.762787 -3.26154
v 0.005978 1.657247 -3.258196
v 0.054202 1.758532 -3.258006
v 0.014559 1.653154 -3.253699
v 0.062766 1.754447 -3.253517
v 0.022701 1.64927 -3.248293
v 0.070892 1.750571 -3.248121
v 0.030325 1.645634 -3.242028
v 0.078501 1.746942 -3.241868
v 0.037359 1.642279 -3.234965
v 0.085521 1.743594 -3.234819
v 0.043734 1.639239 -3.227173
v 0.091883 1.740559 -3.227041
v 0.049388 1.636541 -3.218727
v 0.097527 1.737867 -3.218611
v 0.054267 1.634214 -3.209705
v 0.102397 1.735544 -3.209608
v 0.058326 1.632278 -3.200199
v 0.106448 1.733611 -3.200119
v 0.061524 1.630753 -3.190297
v 0.109639 1.73209 -3.190237
v 0.063831 1.629652 -3.180096
v 0.111942 1.730991 -3.180055
v 0.065223 1.628989 -3.169693
v 0.113332 1.730329 -3.169672
v 0.065689 1.628766 -3.159188
v 0.113796 1.730107 -3.159188
v 0.065223 1.628989 -3.148685
v 0.113332 1.730329 -3.148705
v 0.063831 1.629652 -3.138281
v 0.111942 1.730991 -3.138321
v 0.061524 1.630753 -3.128079
v 0.109639 1.73209 -3.128139
v 0.058326 1.632278 -3.118177
v 0.106448 1.733611 -3.118257
v 0.054267 1.634214 -3.10867
v 0.102397 1.735544 -3.108768
v 0.049388 1.636541 -3.09965
v 0.097527 1.737867 -3.099765
v 0.043734 1.639239 -3.091203
v 0.091883 1.740559 -3.091334
v 0.037359 1.642279 -3.08341
v 0.085521 1.743594 -3.083558
v 0.030325 1.645634 -3.076348
v 0.078501 1.746942 -3.076509
v 0.022701 1.64927 -3.070084
v 0.070892 1.750571 -3.070255
v 0.014559 1.653154 -3.064676
v 0.062766 1.754447 -3.064859
v 0.005978 1.657247 -3.060179
v 0.054202 1.758532 -3.060371
v -0.002958 1.66151 -3.056637
v 0.045281 1.762787 -3.056836
v -0.012167 1.665902 -3.054081
v 0.036092 1.76717 -3.054284
v -0.021556 1.67038 -3.052538
v 0.026721 1.77164 -3.052744
v -0.031037 1.674903 -3.052022
v 0.017257 1.776153 -3.052229
v -0.040517 1.679424 -3.052538
v 0.007795 1.780667 -3.052744
v -0.049907 1.683903 -3.054081
v -0.001576 1.785137 -3.054284
v -0.059115 1.688294 -3.056637
v -0.010766 1.78952 -3.056836
v -0.068052 1.692558 -3.060179
v -0.019687 1.793775 -3.060371
v -0.076633 1.69665 -3.064676
v -0.028251 1.79786 -3.064859
v -0.084775 1.700534 -3.070084
v -0.036377 1.801736 -3.070255
v -0.092399 1.704171 -3.076348
v -0.043986 1.805366 -3.076509
v -0.099433 1.707525 -3.08341
v -0.051006 1.808714 -3.083558
v -0.105807 1.710565 -3.091203
v -0.057368 1.811748 -3.091334
v -0.111462 1.713263 -3.09965
v -0.063012 1.814441 -3.099765
v -0.116342 1.71559 -3.10867
v -0.067882 1.816764 -3.108768
v -0.1204 1.717527 -3.118177
v -0.071933 1.818695 -3.118257
v -0.123598 1.719052 -3.128079
v -0.075124 1.820217 -3.128139
v -0.125904 1.720152 -3.138281
v -0.077427 1.821315 -3.138321
v -0.127297 1.720816 -3.148685
v -0.078816 1.821978 -3.148705
v -0.127763 1.721038 -3.159188
v -0.079282 1.822201 -3.159188
v -0.127297 1.720816 -3.169693
v -0.078816 1.821978 -3.169672
v -0.125904 1.720152 -3.180096
v -0.077427 1.821315 -3.180055
v -0.123598 1.719052 -3.190297
v -0.075125 1.820218 -3.190237
v -0.1204 1.717527 -3.200199
v -0.071933 1.818695 -3.200119
v -0.116341 1.71559 -3.209705
v -0.067882 1.816764 -3.209608
v -0.111462 1.713263 -3.218727
v -0.063012 1.814441 -3.218611
v -0.105807 1.710565 -3.227173
v -0.057368 1.811748 -3.227041
v -0.099433 1.707525 -3.234965
v -0.051006 1.808714 -3.234819
v -0.092399 1.704171 -3.242028
v -0.043986 1.805366 -3.241868
v -0.084775 1.700534 -3.248293
v -0.036377 1.801736 -3.248121
v -0.076633 1.69665 -3.253699
v -0.028251 1.79786 -3.253517
v -0.068052 1.692558 -3.258196
v -0.019687 1.793775 -3.258006
v -0.059115 1.688294 -3.261739
v -0.010766 1.78952 -3.26154
v -0.049907 1.683903 -3.264295
v -0.001576 1.785137 -3.264091
v 6.7e-05 1.788268 -3.263411
v 0.007795 1.780667 -3.265632
v 0.009378 1.783827 -3.26494
v 0.009797 1.784398 -3.263586
v 0.018779 1.779343 -3.265452
v 0.019078 1.779971 -3.264091
v 0.02818 1.774859 -3.26494
v 0.037491 1.770418 -3.263411
v 0.028359 1.775544 -3.263586
v 0.03755 1.77116 -3.262075
v 0.027414 1.775995 -3.252954
v 0.027225 1.775783 -3.252146
v 0.019078 1.779971 -3.253408
v 0.035669 1.772058 -3.251597
v 0.035408 1.771879 -3.250802
v 0.043764 1.768196 -3.249352
v 0.043435 1.768051 -3.248573
v 0.046564 1.766861 -3.259573
v 0.051622 1.764448 -3.246236
v 0.055313 1.762688 -3.256106
v 0.051224 1.764335 -3.245485
v 0.059167 1.760849 -3.242282
v 0.063711 1.758681 -3.251704
v 0.066325 1.757435 -3.237529
v 0.058704 1.760768 -3.241567
v 0.0658 1.757383 -3.236855
v 0.057096 1.758986 -3.240287
v 0.049732 1.762497 -3.244145
v 0.042064 1.766155 -3.247185
v 0.034162 1.769924 -3.249379
v 0.026105 1.773767 -3.250702
v 0.01797 1.777647 -3.251145
v 0.009834 1.781528 -3.250702
v 0.001778 1.785371 -3.249379
v -0.006124 1.789139 -3.247185
v -0.013792 1.792798 -3.244145
v -0.021156 1.796309 -3.240287
v -0.028142 1.799642 -3.235648
v -0.034684 1.802762 -3.230271
v -0.04072 1.805641 -3.224211
v -0.034524 1.805235 -3.231393
v -0.040654 1.80816 -3.225237
v -0.046189 1.80825 -3.217525
v -0.04621 1.810809 -3.218445
v -0.051139 1.813161 -3.211082
v -0.04666 1.811326 -3.21896
v -0.051631 1.813697 -3.211535
v -0.054113 1.814882 -3.225738
v -0.041055 1.808653 -3.225811
v -0.047874 1.811905 -3.233366
v -0.034871 1.805703 -3.232021
v -0.040989 1.808621 -3.240278
v -0.028169 1.802506 -3.237529
v -0.027878 1.802066 -3.236855
v -0.033525 1.805061 -3.246411
v -0.02101 1.799091 -3.242282
v -0.013466 1.795493 -3.246236
v -0.025555 1.801259 -3.251704
v -0.020782 1.79868 -3.241567
v -0.013303 1.795114 -3.245485
v -0.005513 1.791398 -3.248573
v 0.002513 1.78757 -3.250802
v -0.005608 1.791745 -3.249352
v -0.008407 1.79308 -3.259573
v 0.002487 1.787884 -3.251597
v 0.010742 1.783946 -3.252954
v 0.000606 1.788781 -3.262075
v 0.010697 1.783666 -3.252146
v 0.018961 1.779724 -3.252596
v -0.017155 1.797253 -3.256106
v -0.009063 1.792623 -3.260877
v -0.017925 1.79685 -3.257363
v -0.026434 1.800908 -3.252904
v -0.034507 1.804759 -3.247543
v -0.042068 1.808365 -3.241332
v -0.049042 1.811691 -3.234328
v -0.055362 1.814707 -3.226602
v -0.06097 1.817381 -3.218225
v -0.065809 1.819689 -3.20928
v -0.059649 1.817521 -3.217469
v -0.064425 1.8198 -3.208639
v -0.055921 1.815744 -3.203603
v -0.068398 1.821695 -3.199332
v -0.071528 1.823188 -3.18964
v -0.069833 1.821609 -3.199853
v -0.05949 1.817445 -3.195244
v -0.05893 1.816876 -3.194933
v -0.062302 1.818787 -3.186538
v -0.061717 1.818206 -3.186304
v -0.06433 1.819754 -3.177569
v -0.063728 1.819164 -3.177412
v -0.073786 1.824265 -3.179654
v -0.065554 1.820339 -3.168424
v -0.064941 1.819744 -3.168344
v -0.075149 1.824915 -3.16947
v -0.065963 1.820533 -3.159188
v -0.075605 1.825132 -3.159188
v -0.065348 1.819938 -3.159188
v -0.065554 1.820339 -3.149953
v -0.075149 1.824915 -3.148905
v -0.06433 1.819754 -3.140807
v -0.064941 1.819744 -3.150033
v -0.063728 1.819164 -3.140965
v -0.061717 1.818206 -3.132073
v -0.05893 1.816876 -3.123443
v -0.062302 1.818787 -3.131837
v -0.061455 1.815531 -3.132494
v -0.058712 1.814223 -3.123997
v -0.063434 1.816475 -3.141248
v -0.064629 1.817045 -3.150175
v -0.06503 1.817235 -3.159188
v -0.064629 1.817045 -3.168201
v -0.063434 1.816475 -3.177128
v -0.061455 1.815531 -3.185882
v -0.058712 1.814223 -3.194378
v -0.055228 1.812562 -3.202537
v -0.051041 1.810565 -3.210277
v -0.055393 1.815189 -3.20322
v -0.055228 1.812562 -3.115839
v -0.051041 1.810565 -3.108099
v -0.046189 1.80825 -3.100852
v -0.04072 1.805641 -3.094164
v -0.034684 1.802762 -3.088104
v -0.028142 1.799642 -3.082728
v -0.021155 1.796309 -3.078089
v -0.013792 1.792798 -3.074231
v -0.006124 1.78914 -3.07119
v 0.001778 1.785371 -3.068997
v -0.005513 1.791398 -3.069802
v 0.002513 1.78757 -3.067575
v 0.010697 1.783666 -3.06623
v 0.002487 1.787884 -3.066779
v 0.000606 1.788781 -3.056301
v 0.010742 1.783946 -3.065423
v -0.005608 1.791745 -3.069026
v -0.008407 1.79308 -3.058803
v -0.013466 1.795493 -3.07214
v -0.017155 1.797253 -3.062271
v -0.013303 1.795114 -3.07289
v -0.02101 1.799091 -3.076094
v -0.025555 1.80126 -3.066672
v -0.028169 1.802506 -3.080846
v -0.020782 1.79868 -3.076809
v -0.027878 1.802066 -3.081522
v -0.034524 1.805235 -3.086984
v -0.040654 1.80816 -3.093138
v -0.034871 1.805703 -3.086355
v -0.041055 1.808653 -3.092565
v -0.040989 1.808621 -3.078097
v -0.047874 1.811905 -3.085011
v -0.042068 1.808365 -3.077045
v -0.033525 1.805061 -3.071964
v -0.034507 1.804759 -3.070832
v -0.026434 1.800908 -3.065472
v -0.017925 1.79685 -3.061012
v -0.009063 1.792623 -3.0575
v 6.7e-05 1.788268 -3.054965
v 0.009378 1.783827 -3.053435
v 0.018779 1.779343 -3.052923
v 0.009797 1.784398 -3.05479
v 0.019078 1.779971 -3.054286
v 0.028359 1.775544 -3.05479
v 0.019078 1.779971 -3.064968
v 0.018961 1.779724 -3.065781
v 0.027414 1.775995 -3.065423
v 0.035669 1.772058 -3.066779
v 0.027225 1.775783 -3.06623
v 0.035408 1.771879 -3.067575
v 0.043435 1.768051 -3.069802
v 0.051224 1.764335 -3.07289
v 0.043764 1.768196 -3.069026
v 0.042064 1.766155 -3.07119
v 0.049733 1.762498 -3.074231
v 0.034162 1.769924 -3.068997
v 0.026105 1.773767 -3.067673
v 0.01797 1.777647 -3.06723
v 0.009834 1.781528 -3.067673
v 0.057096 1.758986 -3.078089
v 0.064082 1.755653 -3.082728
v 0.070624 1.752533 -3.088104
v 0.076659 1.749654 -3.094164
v 0.082129 1.747045 -3.100852
v 0.086982 1.74473 -3.108099
v 0.091168 1.742733 -3.115839
v 0.094652 1.741072 -3.123997
v 0.097395 1.739763 -3.132494
v 0.099374 1.738819 -3.141248
v 0.099639 1.741243 -3.132073
v 0.101649 1.740283 -3.140965
v 0.102863 1.739705 -3.150033
v 0.102486 1.740187 -3.140807
v 0.111943 1.735676 -3.138722
v 0.103711 1.739603 -3.149953
v 0.100458 1.741155 -3.131837
v 0.109684 1.736753 -3.128736
v 0.097646 1.742495 -3.123131
v 0.106555 1.738246 -3.119043
v 0.096852 1.742572 -3.123443
v 0.094078 1.744198 -3.114773
v 0.102582 1.740141 -3.109737
v 0.089788 1.746243 -3.106843
v 0.093314 1.744259 -3.115157
v 0.089061 1.746288 -3.107294
v 0.084132 1.748639 -3.09993
v 0.078576 1.75129 -3.093138
v 0.084816 1.748616 -3.099415
v 0.079211 1.751288 -3.092565
v 0.092269 1.74506 -3.092638
v 0.08603 1.748036 -3.085011
v 0.09292 1.743979 -3.091775
v 0.097805 1.742419 -3.100907
v 0.098528 1.741305 -3.100151
v 0.103365 1.738997 -3.109096
v 0.107391 1.737077 -3.118523
v 0.110561 1.735565 -3.128342
v 0.112849 1.734474 -3.138457
v 0.114229 1.733816 -3.148772
v 0.114692 1.733595 -3.159188
v 0.113306 1.735026 -3.148905
v 0.113762 1.734808 -3.159188
v 0.113306 1.735026 -3.16947
v 0.10412 1.739408 -3.159188
v 0.10327 1.739511 -3.159188
v 0.103711 1.739603 -3.168424
v 0.102486 1.740187 -3.177569
v 0.102863 1.739705 -3.168344
v 0.101649 1.740283 -3.177412
v 0.099639 1.741243 -3.186304
v 0.096852 1.742572 -3.194933
v 0.100458 1.741155 -3.186538
v 0.097395 1.739763 -3.185882
v 0.094652 1.741072 -3.194378
v 0.099374 1.738819 -3.177128
v 0.100569 1.738249 -3.168201
v 0.10097 1.738058 -3.159188
v 0.100569 1.738249 -3.150175
v 0.091168 1.742733 -3.202537
v 0.086982 1.74473 -3.210277
v 0.082129 1.747045 -3.217525
v 0.076659 1.749654 -3.224211
v 0.070624 1.752533 -3.230271
v 0.064082 1.755653 -3.235648
v 0.072446 1.754214 -3.231393
v 0.078576 1.75129 -3.225237
v 0.073028 1.754238 -3.232021
v 0.079211 1.751288 -3.225811
v 0.079145 1.751321 -3.240278
v 0.08603 1.748036 -3.233366
v 0.079625 1.750321 -3.241332
v 0.071681 1.75488 -3.246411
v 0.072065 1.753926 -3.247543
v 0.063991 1.757778 -3.252904
v 0.055483 1.761836 -3.257363
v 0.046621 1.766063 -3.260877
v 0.086599 1.746995 -3.234328
v 0.09292 1.743979 -3.226602
v 0.098528 1.741305 -3.218225
v 0.092269 1.74506 -3.225738
v 0.097805 1.742419 -3.217469
v 0.084816 1.748616 -3.21896
v 0.084132 1.748639 -3.218445
v 0.089788 1.746243 -3.211535
v 0.094078 1.744198 -3.203603
v 0.089061 1.746288 -3.211082
v 0.093314 1.744259 -3.20322
v 0.097646 1.742495 -3.195244
v 0.102581 1.740141 -3.208639
v 0.106555 1.738246 -3.199332
v 0.103365 1.738997 -3.20928
v 0.107391 1.737077 -3.199853
v 0.110561 1.735565 -3.190034
v 0.112849 1.734474 -3.179919
v 0.109684 1.736753 -3.18964
v 0.111943 1.735676 -3.179654
v 0.114229 1.733816 -3.169603
v 0.086599 1.746995 -3.084047
v 0.079625 1.750321 -3.077045
v 0.072065 1.753926 -3.070832
v 0.079145 1.751321 -3.078097
v 0.071681 1.75488 -3.071964
v 0.073028 1.754238 -3.086355
v 0.072446 1.754214 -3.086984
v 0.066325 1.757435 -3.080846
v 0.059167 1.760849 -3.076094
v 0.0658 1.757383 -3.081522
v 0.058704 1.760768 -3.076809
v 0.051622 1.764448 -3.07214
v 0.063711 1.758681 -3.066672
v 0.055313 1.762688 -3.062271
v 0.063991 1.757778 -3.065472
v 0.055483 1.761836 -3.061012
v 0.046621 1.766063 -3.0575
v 0.037491 1.770418 -3.054965
v 0.046564 1.766861 -3.058803
v 0.03755 1.77116 -3.056301
v 0.02818 1.774859 -3.053435
v -0.049042 1.811691 -3.084047
v -0.055362 1.814707 -3.091775
v -0.06097 1.817381 -3.100151
v -0.054113 1.814882 -3.092638
v -0.059649 1.817521 -3.100907
v -0.04666 1.811326 -3.099415
v -0.04621 1.810809 -3.09993
v -0.051631 1.813697 -3.106843
v -0.055921 1.815744 -3.114773
v -0.051139 1.813161 -3.107294
v -0.055393 1.815189 -3.115157
v -0.05949 1.817445 -3.123131
v -0.064425 1.8198 -3.109737
v -0.068398 1.821695 -3.119043
v -0.065809 1.819689 -3.109096
v -0.069833 1.821609 -3.118523
v -0.073003 1.823121 -3.128342
v -0.075291 1.824212 -3.138457
v -0.071528 1.823188 -3.128736
v -0.073786 1.824265 -3.138722
v -0.076672 1.82487 -3.148772
v -0.077134 1.825091 -3.159188
v -0.076672 1.82487 -3.169603
v -0.075291 1.824212 -3.179919
v -0.073003 1.823121 -3.190034
v 0.101838 1.468984 -1.726905
v 0.211285 1.703696 -1.726905
v 0.174853 1.720684 -1.700517
v 0.198768 1.709532 -1.726905
v 0.211285 1.703696 -1.711148
v 0.101838 1.468984 -1.711148
v 0.195693 1.710966 -1.723512
v 0.211285 1.703696 -1.699196
v 0.101838 1.468984 -1.699196
v 0.191841 1.712763 -1.719262
v 0.211285 1.703696 -1.686445
v 0.101838 1.468984 -1.686445
v 0.186759 1.715132 -1.713654
v 0.211285 1.703696 -1.678611
v 0.101838 1.468984 -1.678611
v 0.182724 1.717014 -1.709202
v 0.211285 1.703696 -1.6672
v 0.101838 1.468984 -1.6672
v 0.178206 1.719121 -1.704217
v 0.211285 1.703696 -1.639783
v 0.065405 1.485973 -1.639783
v 0.101838 1.468984 -1.639783
v -0.292343 1.652794 -1.726905
v -0.182895 1.887505 -1.726905
v -0.146463 1.870516 -1.700517
v -0.170378 1.881668 -1.726905
v -0.182895 1.887505 -1.711148
v -0.292343 1.652794 -1.711148
v -0.167303 1.880234 -1.723512
v -0.182895 1.887505 -1.699196
v -0.292343 1.652794 -1.699196
v -0.163451 1.878438 -1.719262
v -0.182895 1.887505 -1.686445
v -0.292343 1.652794 -1.686445
v -0.158369 1.876068 -1.713654
v -0.182895 1.887505 -1.678611
v -0.292343 1.652794 -1.678611
v -0.154334 1.874187 -1.709202
v -0.182895 1.887505 -1.6672
v -0.292343 1.652794 -1.6672
v -0.149816 1.87208 -1.704217
v -0.182895 1.887505 -1.639783
v -0.255911 1.635805 -1.639783
v -0.292343 1.652794 -1.639783
v 0.211285 1.703696 -3.602093
v 0.101838 1.468984 -3.602093
v 0.101838 1.468984 -3.487553
v 0.211285 1.703696 -3.487553
v 0.174853 1.720684 -3.602093
v 0.065405 1.485973 -3.602093
v 0.174853 1.720684 -3.51394
v 0.198768 1.709532 -3.487553
v 0.211285 1.703696 -3.503309
v 0.101838 1.468984 -3.503309
v 0.195693 1.710966 -3.490946
v 0.211285 1.703696 -3.515261
v 0.101838 1.468984 -3.515261
v 0.191841 1.712763 -3.495196
v 0.211285 1.703696 -3.528013
v 0.101838 1.468984 -3.528013
v 0.186759 1.715132 -3.500803
v 0.211285 1.703696 -3.535846
v 0.101838 1.468984 -3.535846
v 0.182724 1.717014 -3.505255
v 0.211285 1.703696 -3.547257
v 0.101838 1.468984 -3.547257
v 0.178206 1.719121 -3.510241
v 0.211285 1.703696 -3.574675
v 0.101838 1.468984 -3.574675
v -0.182895 1.887505 -3.602093
v -0.292343 1.652794 -3.602093
v -0.292343 1.652794 -3.487553
v -0.182895 1.887505 -3.487553
v -0.146463 1.870516 -3.602093
v -0.255911 1.635805 -3.602093
v -0.146463 1.870516 -3.51394
v -0.170378 1.881668 -3.487553
v -0.182895 1.887505 -3.503309
v -0.292343 1.652794 -3.503309
v -0.167303 1.880234 -3.490946
v -0.182895 1.887505 -3.515261
v -0.292343 1.652794 -3.515261
v -0.163451 1.878438 -3.495196
v -0.182895 1.887505 -3.528013
v -0.292343 1.652794 -3.528013
v -0.158369 1.876068 -3.500803
v -0.182895 1.887505 -3.535846
v -0.292343 1.652794 -3.535846
v -0.154334 1.874187 -3.505255
v -0.182895 1.887505 -3.547257
v -0.292343 1.652794 -3.547257
v -0.149816 1.87208 -3.510241
v -0.182895 1.887505 -3.574675
v -0.292343 1.652794 -3.574675
v 0.147896 1.67988 -1.753763
v 0.134984 1.685902 -1.734806
v 0.139167 1.683951 -1.736718
v 0.142759 1.682276 -1.739759
v 0.147249 1.680182 -1.748339
v -0.160393 1.823638 -1.753763
v -0.14748 1.817617 -1.734806
v -0.159746 1.823336 -1.748339
v 0.147896 1.67988 -3.460694
v 0.134984 1.685902 -3.479652
v 0.139167 1.683951 -3.47774
v 0.147249 1.680182 -3.466119
v -0.160393 1.823638 -3.460694
v -0.14748 1.817617 -3.479652
v -0.159746 1.823336 -3.466119
v -0.146602 1.817207 -1.736116
v 0.134105 1.686311 -1.736116
v -0.150069 1.818824 -1.73928
v 0.137572 1.684694 -1.73928
v -0.15273 1.820065 -1.743374
v 0.140233 1.683454 -1.743374
v -0.154402 1.820845 -1.748127
v 0.141906 1.682674 -1.748127
v -0.155027 1.821136 -1.753693
v 0.14253 1.682382 -1.753693
v -0.155027 1.821136 -3.460765
v 0.14253 1.682382 -3.460765
v -0.154402 1.820845 -3.46633
v 0.141906 1.682674 -3.46633
v -0.15273 1.820065 -3.471083
v 0.140233 1.683454 -3.471083
v -0.150069 1.818824 -3.475178
v 0.137572 1.684694 -3.475178
v -0.146602 1.817207 -3.478341
v 0.134105 1.686311 -3.478341
v 0.206028 1.428329 -1.457656
v 0.199515 1.431366 -1.450469
v 0.196477 1.424853 -1.457656
v 0.205158 1.428735 -1.454067
v 0.203641 1.425483 -1.457656
v 0.20286 1.426014 -1.454219
v 0.197998 1.428114 -1.451429
v 0.202767 1.42985 -1.451429
v 0.201177 1.426799 -1.452362
v 0.200136 1.424207 -1.457656
v 0.196883 1.425723 -1.454067
v 0.200392 1.425116 -1.454219
v 0.309401 1.650014 -1.457656
v 0.305925 1.659564 -1.457656
v 0.302888 1.653051 -1.450469
v 0.310048 1.653672 -1.457656
v 0.308531 1.65042 -1.454067
v 0.309138 1.653929 -1.454219
v 0.305519 1.658694 -1.454067
v 0.308772 1.657178 -1.457656
v 0.30824 1.656397 -1.454219
v 0.30614 1.651534 -1.451429
v 0.304404 1.656304 -1.451429
v 0.307455 1.654713 -1.452362
v 0.104875 1.475498 -1.450469
v 0.101838 1.468984 -1.457656
v 0.103356 1.472241 -1.451432
v 0.102245 1.469857 -1.454063
v 0.211285 1.703696 -1.457656
v 0.208248 1.697182 -1.450469
v 0.210879 1.702823 -1.454063
v 0.209767 1.700439 -1.451432
v 0.309401 1.650014 -1.726905
v 0.305925 1.659564 -1.726905
v 0.310047 1.653677 -1.726905
v 0.308775 1.657173 -1.726905
v 0.196477 1.424853 -1.726905
v 0.206028 1.428329 -1.726905
v 0.200141 1.424207 -1.726905
v 0.203637 1.425479 -1.726905
v 0.206028 1.428329 -1.711148
v 0.196477 1.424853 -1.711148
v 0.203637 1.425479 -1.711148
v 0.200141 1.424207 -1.711148
v 0.068443 1.492486 -1.450469
v 0.065405 1.485973 -1.457656
v 0.066924 1.48923 -1.451432
v 0.065812 1.486846 -1.454063
v 0.174853 1.720684 -1.457656
v 0.171816 1.714171 -1.450469
v 0.174446 1.719812 -1.454063
v 0.173334 1.717428 -1.451432
v 0.305925 1.659564 -1.711148
v 0.309401 1.650014 -1.711148
v 0.308775 1.657173 -1.711148
v 0.310047 1.653677 -1.711148
v 0.180181 1.7182 -1.747413
v 0.171816 1.714171 -1.753292
v 0.17711 1.718569 -1.750353
v 0.174048 1.717095 -1.752505
v 0.1479 1.725323 -1.726905
v 0.156196 1.729384 -1.721103
v 0.150124 1.728251 -1.726127
v 0.15316 1.729738 -1.724004
v 0.171001 1.714551 -1.746463
v 0.179334 1.718595 -1.74085
v 0.173229 1.717477 -1.745711
v 0.176279 1.718957 -1.743656
v 0.168612 1.715665 -1.740099
v 0.176936 1.719713 -1.734643
v 0.170839 1.718591 -1.739368
v 0.173886 1.720073 -1.737371
v 0.164811 1.717437 -1.734634
v 0.172959 1.721567 -1.728964
v 0.167015 1.720375 -1.733874
v 0.169997 1.721886 -1.731799
v 0.159858 1.719747 -1.73044
v 0.168132 1.723819 -1.724831
v 0.162078 1.722676 -1.729689
v 0.165107 1.724167 -1.727636
v 0.15409 1.722437 -1.727804
v 0.16226 1.726557 -1.722061
v 0.156296 1.725373 -1.727035
v 0.159287 1.726881 -1.724932
v 0.305925 1.659564 -1.699196
v 0.309401 1.650014 -1.699196
v 0.308775 1.657173 -1.699196
v 0.310047 1.653677 -1.699196
v 0.206028 1.428329 -1.699196
v 0.196477 1.424853 -1.699196
v 0.203637 1.425479 -1.699196
v 0.200141 1.424207 -1.699196
v 0.305925 1.659564 -1.686445
v 0.309401 1.650014 -1.686445
v 0.308775 1.657173 -1.686445
v 0.310047 1.653677 -1.686445
v 0.206028 1.428329 -1.686445
v 0.196477 1.424853 -1.686445
v 0.203637 1.425479 -1.686445
v 0.200141 1.424207 -1.686445
v 0.305925 1.659564 -1.678611
v 0.309401 1.650014 -1.678611
v 0.308775 1.657173 -1.678611
v 0.310047 1.653677 -1.678611
v 0.206028 1.428329 -1.678611
v 0.196477 1.424853 -1.678611
v 0.203637 1.425479 -1.678611
v 0.200141 1.424207 -1.678611
v 0.305925 1.659564 -1.6672
v 0.309401 1.650014 -1.6672
v 0.308775 1.657173 -1.6672
v 0.310047 1.653677 -1.6672
v 0.206028 1.428329 -1.6672
v 0.196477 1.424853 -1.6672
v 0.203637 1.425479 -1.6672
v 0.200141 1.424207 -1.6672
v 0.309401 1.650014 -1.639783
v 0.305925 1.659564 -1.639783
v 0.310047 1.653677 -1.639783
v 0.308775 1.657173 -1.639783
v 0.206028 1.428329 -1.639783
v 0.196477 1.424853 -1.639783
v 0.203637 1.425479 -1.639783
v 0.200141 1.424207 -1.639783
v -0.390459 1.706476 -1.457656
v -0.386983 1.696925 -1.457656
v -0.383945 1.703438 -1.450469
v -0.391105 1.702817 -1.457656
v -0.389589 1.70607 -1.454067
v -0.390196 1.702561 -1.454219
v -0.386577 1.697795 -1.454067
v -0.389829 1.699312 -1.457656
v -0.389297 1.700093 -1.454219
v -0.387198 1.704955 -1.451429
v -0.385462 1.700186 -1.451429
v -0.388513 1.701776 -1.452362
v -0.287086 1.92816 -1.457656
v -0.280572 1.925123 -1.450469
v -0.277535 1.931636 -1.457656
v -0.286215 1.927754 -1.454067
v -0.284699 1.931007 -1.457656
v -0.283918 1.930475 -1.454219
v -0.279056 1.928375 -1.451429
v -0.283825 1.92664 -1.451429
v -0.282234 1.92969 -1.452362
v -0.281193 1.932283 -1.457656
v -0.277941 1.930766 -1.454067
v -0.28145 1.931373 -1.454219
v -0.292343 1.652794 -1.457656
v -0.289306 1.659307 -1.450469
v -0.291936 1.653666 -1.454063
v -0.290824 1.65605 -1.451432
v -0.185933 1.880992 -1.450469
v -0.182895 1.887505 -1.457656
v -0.184414 1.884248 -1.451432
v -0.183302 1.886633 -1.454063
v -0.277535 1.931636 -1.726905
v -0.287086 1.92816 -1.726905
v -0.281199 1.932282 -1.726905
v -0.284694 1.93101 -1.726905
v -0.390459 1.706476 -1.726905
v -0.386983 1.696925 -1.726905
v -0.391105 1.702812 -1.726905
v -0.389832 1.699316 -1.726905
v -0.386983 1.696925 -1.711148
v -0.390459 1.706476 -1.711148
v -0.389832 1.699316 -1.711148
v -0.391105 1.702812 -1.711148
v -0.252873 1.642318 -1.450469
v -0.255911 1.635805 -1.457656
v -0.254392 1.639062 -1.451432
v -0.255504 1.636678 -1.454063
v -0.1495 1.864003 -1.450469
v -0.146463 1.870516 -1.457656
v -0.147981 1.86726 -1.451432
v -0.14687 1.869644 -1.454063
v -0.287086 1.92816 -1.711148
v -0.277535 1.931636 -1.711148
v -0.284694 1.93101 -1.711148
v -0.281199 1.932282 -1.711148
v -0.1495 1.864003 -1.753292
v -0.151791 1.873001 -1.747413
v -0.148695 1.867593 -1.752505
v -0.149534 1.870886 -1.750353
v -0.127806 1.861817 -1.721103
v -0.125585 1.852851 -1.726905
v -0.125584 1.859718 -1.724004
v -0.124771 1.856436 -1.726127
v -0.150944 1.872606 -1.74085
v -0.148685 1.863623 -1.746463
v -0.148703 1.870499 -1.743656
v -0.147876 1.867211 -1.745711
v -0.148546 1.871488 -1.734643
v -0.146296 1.862509 -1.740099
v -0.146309 1.869382 -1.737371
v -0.145486 1.866096 -1.739368
v -0.144569 1.869633 -1.728964
v -0.142495 1.860737 -1.734634
v -0.142421 1.867569 -1.731799
v -0.141662 1.864313 -1.733874
v -0.139742 1.867382 -1.724831
v -0.137542 1.858427 -1.73044
v -0.13753 1.865289 -1.727636
v -0.136725 1.862011 -1.729689
v -0.13387 1.864644 -1.722061
v -0.131775 1.855737 -1.727804
v -0.13171 1.862575 -1.724932
v -0.130944 1.859315 -1.727035
v -0.287086 1.92816 -1.699196
v -0.277535 1.931636 -1.699196
v -0.284694 1.93101 -1.699196
v -0.281199 1.932282 -1.699196
v -0.386983 1.696925 -1.699196
v -0.390459 1.706476 -1.699196
v -0.389832 1.699316 -1.699196
v -0.391105 1.702812 -1.699196
v -0.287086 1.92816 -1.686445
v -0.277535 1.931636 -1.686445
v -0.284694 1.93101 -1.686445
v -0.281199 1.932282 -1.686445
v -0.386983 1.696925 -1.686445
v -0.390459 1.706476 -1.686445
v -0.389832 1.699316 -1.686445
v -0.391105 1.702812 -1.686445
v -0.287086 1.92816 -1.678611
v -0.277535 1.931636 -1.678611
v -0.284694 1.93101 -1.678611
v -0.281199 1.932282 -1.678611
v -0.386983 1.696925 -1.678611
v -0.390459 1.706476 -1.678611
v -0.389832 1.699316 -1.678611
v -0.391105 1.702812 -1.678611
v -0.287086 1.92816 -1.6672
v -0.277535 1.931636 -1.6672
v -0.284694 1.93101 -1.6672
v -0.281199 1.932282 -1.6672
v -0.386983 1.696925 -1.6672
v -0.390459 1.706476 -1.6672
v -0.389832 1.699316 -1.6672
v -0.391105 1.702812 -1.6672
v -0.277535 1.931636 -1.639783
v -0.287086 1.92816 -1.639783
v -0.281199 1.932282 -1.639783
v -0.284694 1.93101 -1.639783
v -0.386983 1.696925 -1.639783
v -0.390459 1.706476 -1.639783
v -0.389832 1.699316 -1.639783
v -0.391105 1.702812 -1.639783
v 0.206028 1.428329 -3.756801
v 0.196477 1.424853 -3.756801
v 0.199515 1.431366 -3.763988
v 0.203641 1.425483 -3.756801
v 0.205158 1.428735 -3.76039
v 0.20286 1.426014 -3.760238
v 0.196883 1.425723 -3.76039
v 0.200136 1.424207 -3.756801
v 0.200392 1.425116 -3.760238
v 0.202767 1.42985 -3.763028
v 0.197998 1.428114 -3.763028
v 0.201177 1.426799 -3.762095
v 0.309401 1.650014 -3.756801
v 0.302888 1.653051 -3.763988
v 0.305925 1.659564 -3.756801
v 0.308531 1.65042 -3.76039
v 0.310048 1.653672 -3.756801
v 0.309138 1.653929 -3.760238
v 0.304404 1.656304 -3.763028
v 0.30614 1.651534 -3.763028
v 0.307455 1.654713 -3.762095
v 0.308772 1.657178 -3.756801
v 0.305519 1.658694 -3.76039
v 0.30824 1.656397 -3.760238
v 0.101838 1.468984 -3.756801
v 0.104875 1.475498 -3.763988
v 0.102245 1.469857 -3.760395
v 0.103356 1.472241 -3.763025
v 0.208248 1.697182 -3.763988
v 0.211285 1.703696 -3.756801
v 0.209767 1.700439 -3.763025
v 0.210879 1.702823 -3.760395
v 0.206028 1.428329 -3.602093
v 0.196477 1.424853 -3.602093
v 0.203637 1.425479 -3.602093
v 0.200141 1.424207 -3.602093
v 0.305925 1.659564 -3.602093
v 0.309401 1.650014 -3.602093
v 0.308775 1.657173 -3.602093
v 0.310047 1.653677 -3.602093
v 0.309401 1.650014 -3.487553
v 0.305925 1.659564 -3.487553
v 0.310047 1.653677 -3.487553
v 0.308775 1.657173 -3.487553
v 0.196477 1.424853 -3.487553
v 0.206028 1.428329 -3.487553
v 0.200141 1.424207 -3.487553
v 0.203637 1.425479 -3.487553
v 0.196477 1.424853 -3.503309
v 0.206028 1.428329 -3.503309
v 0.200141 1.424207 -3.503309
v 0.203637 1.425479 -3.503309
v 0.065405 1.485973 -3.756801
v 0.068443 1.492486 -3.763988
v 0.065812 1.486846 -3.760395
v 0.066924 1.48923 -3.763025
v 0.171816 1.714171 -3.763988
v 0.174853 1.720684 -3.756801
v 0.173334 1.717428 -3.763025
v 0.174446 1.719812 -3.760395
v 0.309401 1.650014 -3.503309
v 0.305925 1.659564 -3.503309
v 0.310047 1.653677 -3.503309
v 0.308775 1.657173 -3.503309
v 0.171816 1.714171 -3.461165
v 0.180181 1.7182 -3.467044
v 0.174048 1.717095 -3.461953
v 0.17711 1.718569 -3.464105
v 0.156196 1.729384 -3.493355
v 0.1479 1.725323 -3.487553
v 0.15316 1.729738 -3.490454
v 0.150124 1.728251 -3.48833
v 0.179334 1.718595 -3.473608
v 0.171001 1.714551 -3.467995
v 0.176279 1.718957 -3.470801
v 0.173229 1.717477 -3.468747
v 0.176936 1.719713 -3.479815
v 0.168612 1.715665 -3.474359
v 0.173886 1.720073 -3.477087
v 0.170839 1.718591 -3.47509
v 0.172959 1.721567 -3.485494
v 0.164811 1.717437 -3.479824
v 0.169997 1.721886 -3.482659
v 0.167015 1.720375 -3.480584
v 0.168132 1.723819 -3.489626
v 0.159858 1.719747 -3.484017
v 0.165107 1.724167 -3.486822
v 0.162078 1.722676 -3.484769
v 0.16226 1.726557 -3.492397
v 0.15409 1.722437 -3.486654
v 0.159287 1.726881 -3.489525
v 0.156296 1.725373 -3.487423
v 0.309401 1.650014 -3.515261
v 0.305925 1.659564 -3.515261
v 0.310047 1.653677 -3.515261
v 0.308775 1.657173 -3.515261
v 0.196477 1.424853 -3.515261
v 0.206028 1.428329 -3.515261
v 0.200141 1.424207 -3.515261
v 0.203637 1.425479 -3.515261
v 0.309401 1.650014 -3.528013
v 0.305925 1.659564 -3.528013
v 0.310047 1.653677 -3.528013
v 0.308775 1.657173 -3.528013
v 0.196477 1.424853 -3.528013
v 0.206028 1.428329 -3.528013
v 0.200141 1.424207 -3.528013
v 0.203637 1.425479 -3.528013
v 0.309401 1.650014 -3.535846
v 0.305925 1.659564 -3.535846
v 0.310047 1.653677 -3.535846
v 0.308775 1.657173 -3.535846
v 0.196477 1.424853 -3.535846
v 0.206028 1.428329 -3.535846
v 0.200141 1.424207 -3.535846
v 0.203637 1.425479 -3.535846
v 0.309401 1.650014 -3.547257
v 0.305925 1.659564 -3.547257
v 0.310047 1.653677 -3.547257
v 0.308775 1.657173 -3.547257
v 0.196477 1.424853 -3.547257
v 0.206028 1.428329 -3.547257
v 0.200141 1.424207 -3.547257
v 0.203637 1.425479 -3.547257
v 0.305925 1.659564 -3.574675
v 0.309401 1.650014 -3.574675
v 0.308775 1.657173 -3.574675
v 0.310047 1.653677 -3.574675
v 0.196477 1.424853 -3.574675
v 0.206028 1.428329 -3.574675
v 0.200141 1.424207 -3.574675
v 0.203637 1.425479 -3.574675
v -0.390459 1.706476 -3.756801
v -0.383945 1.703438 -3.763988
v -0.386983 1.696925 -3.756801
v -0.389589 1.70607 -3.76039
v -0.391105 1.702817 -3.756801
v -0.390196 1.702561 -3.760238
v -0.385462 1.700186 -3.763028
v -0.387198 1.704955 -3.763028
v -0.388513 1.701776 -3.762095
v -0.389829 1.699312 -3.756801
v -0.386577 1.697795 -3.76039
v -0.389297 1.700093 -3.760238
v -0.287086 1.92816 -3.756801
v -0.277535 1.931636 -3.756801
v -0.280572 1.925123 -3.763988
v -0.284699 1.931007 -3.756801
v -0.286215 1.927754 -3.76039
v -0.283918 1.930475 -3.760238
v -0.277941 1.930766 -3.76039
v -0.281193 1.932283 -3.756801
v -0.28145 1.931373 -3.760238
v -0.283825 1.92664 -3.763028
v -0.279056 1.928375 -3.763028
v -0.282234 1.92969 -3.762095
v -0.289306 1.659307 -3.763988
v -0.292343 1.652794 -3.756801
v -0.290824 1.65605 -3.763025
v -0.291936 1.653666 -3.760395
v -0.182895 1.887505 -3.756801
v -0.185933 1.880992 -3.763988
v -0.183302 1.886633 -3.760395
v -0.184414 1.884248 -3.763025
v -0.386983 1.696925 -3.602093
v -0.390459 1.706476 -3.602093
v -0.389832 1.699316 -3.602093
v -0.391105 1.702812 -3.602093
v -0.287086 1.92816 -3.602093
v -0.277535 1.931636 -3.602093
v -0.284694 1.93101 -3.602093
v -0.281199 1.932282 -3.602093
v -0.277535 1.931636 -3.487553
v -0.287086 1.92816 -3.487553
v -0.281199 1.932282 -3.487553
v -0.284694 1.93101 -3.487553
v -0.390459 1.706476 -3.487553
v -0.386983 1.696925 -3.487553
v -0.391105 1.702812 -3.487553
v -0.389832 1.699316 -3.487553
v -0.390459 1.706476 -3.503309
v -0.386983 1.696925 -3.503309
v -0.391105 1.702812 -3.503309
v -0.389832 1.699316 -3.503309
v -0.255911 1.635805 -3.756801
v -0.252873 1.642318 -3.763988
v -0.255504 1.636678 -3.760395
v -0.254392 1.639062 -3.763025
v -0.146463 1.870516 -3.756801
v -0.1495 1.864003 -3.763988
v -0.14687 1.869644 -3.760395
v -0.147981 1.86726 -3.763025
v -0.277535 1.931636 -3.503309
v -0.287086 1.92816 -3.503309
v -0.281199 1.932282 -3.503309
v -0.284694 1.93101 -3.503309
v -0.151791 1.873001 -3.467044
v -0.1495 1.864003 -3.461165
v -0.149534 1.870886 -3.464105
v -0.148695 1.867593 -3.461953
v -0.125585 1.852851 -3.487553
v -0.127806 1.861817 -3.493355
v -0.124771 1.856436 -3.48833
v -0.125584 1.859718 -3.490454
v -0.148685 1.863623 -3.467995
v -0.150944 1.872606 -3.473608
v -0.147876 1.867211 -3.468747
v -0.148703 1.870499 -3.470801
v -0.146296 1.862509 -3.474359
v -0.148546 1.871488 -3.479815
v -0.145486 1.866096 -3.47509
v -0.146309 1.869382 -3.477087
v -0.142495 1.860737 -3.479824
v -0.144569 1.869633 -3.485494
v -0.141662 1.864313 -3.480584
v -0.142421 1.867569 -3.482659
v -0.137542 1.858427 -3.484017
v -0.139742 1.867382 -3.489626
v -0.136725 1.862011 -3.484769
v -0.13753 1.865289 -3.486822
v -0.131775 1.855737 -3.486654
v -0.13387 1.864644 -3.492397
v -0.130944 1.859315 -3.487423
v -0.13171 1.862575 -3.489525
v -0.277535 1.931636 -3.515261
v -0.287086 1.92816 -3.515261
v -0.281199 1.932282 -3.515261
v -0.284694 1.93101 -3.515261
v -0.390459 1.706476 -3.515261
v -0.386983 1.696925 -3.515261
v -0.391105 1.702812 -3.515261
v -0.389832 1.699316 -3.515261
v -0.277535 1.931636 -3.528013
v -0.287086 1.92816 -3.528013
v -0.281199 1.932282 -3.528013
v -0.284694 1.93101 -3.528013
v -0.390459 1.706476 -3.528013
v -0.386983 1.696925 -3.528013
v -0.391105 1.702812 -3.528013
v -0.389832 1.699316 -3.528013
v -0.277535 1.931636 -3.535846
v -0.287086 1.92816 -3.535846
v -0.281199 1.932282 -3.535846
v -0.284694 1.93101 -3.535846
v -0.390459 1.706476 -3.535846
v -0.386983 1.696925 -3.535846
v -0.391105 1.702812 -3.535846
v -0.389832 1.699316 -3.535846
v -0.277535 1.931636 -3.547257
v -0.287086 1.92816 -3.547257
v -0.281199 1.932282 -3.547257
v -0.284694 1.93101 -3.547257
v -0.390459 1.706476 -3.547257
v -0.386983 1.696925 -3.547257
v -0.391105 1.702812 -3.547257
v -0.389832 1.699316 -3.547257
v -0.287086 1.92816 -3.574675
v -0.277535 1.931636 -3.574675
v -0.284694 1.93101 -3.574675
v -0.281199 1.932282 -3.574675
v -0.390459 1.706476 -3.574675
v -0.386983 1.696925 -3.574675
v -0.391105 1.702812 -3.574675
v -0.389832 1.699316 -3.574675
v 0.139721 1.691622 -1.727804
v 0.137975 1.688472 -1.728742
v 0.136241 1.686378 -1.731305
v 0.130067 1.688194 -1.734092
v 0.133531 1.694508 -1.726905
v 0.130688 1.688967 -1.730498
v 0.131956 1.691278 -1.727868
v 0.145489 1.688932 -1.73044
v 0.14353 1.685881 -1.731281
v 0.141216 1.684057 -1.733579
v 0.150442 1.686623 -1.734634
v 0.148301 1.683656 -1.73532
v 0.145489 1.682065 -1.737196
v 0.154243 1.684851 -1.740099
v 0.145516 1.68099 -1.743723
v 0.151962 1.681949 -1.740584
v 0.148768 1.680536 -1.741911
v 0.156632 1.683736 -1.746463
v 0.154263 1.680876 -1.746714
v 0.150829 1.679575 -1.747401
v 0.157447 1.683357 -1.753292
v 0.155055 1.680507 -1.753356
v 0.15156 1.679234 -1.753528
v -0.146144 1.824923 -1.727804
v -0.147924 1.818886 -1.731305
v -0.147434 1.82156 -1.728742
v -0.142564 1.815324 -1.734092
v -0.139954 1.822037 -1.726905
v -0.142371 1.816296 -1.730498
v -0.141415 1.818753 -1.727868
v -0.151664 1.819567 -1.736718
v -0.151911 1.827613 -1.73044
v -0.152899 1.821206 -1.733579
v -0.15299 1.824151 -1.731281
v -0.155256 1.821243 -1.739759
v -0.156864 1.829922 -1.734634
v -0.157172 1.823198 -1.737196
v -0.157761 1.826375 -1.73532
v -0.158013 1.822528 -1.743723
v -0.160665 1.831694 -1.740099
v -0.160451 1.824727 -1.741911
v -0.161421 1.828082 -1.740584
v -0.163054 1.832808 -1.746463
v -0.162512 1.825688 -1.747401
v -0.163723 1.829155 -1.746714
v -0.163869 1.833189 -1.753292
v -0.163243 1.826029 -1.753528
v -0.164515 1.829525 -1.753356
v 0.139721 1.691622 -3.486654
v 0.136241 1.686378 -3.483153
v 0.137975 1.688472 -3.485715
v 0.133531 1.694508 -3.487553
v 0.130067 1.688194 -3.480366
v 0.131956 1.691278 -3.48659
v 0.130688 1.688967 -3.483959
v 0.145489 1.688932 -3.484017
v 0.141216 1.684057 -3.480879
v 0.14353 1.685881 -3.483176
v 0.142759 1.682276 -3.474698
v 0.150442 1.686623 -3.479824
v 0.145489 1.682065 -3.477261
v 0.148301 1.683656 -3.479137
v 0.145516 1.68099 -3.470735
v 0.154243 1.684851 -3.474359
v 0.148768 1.680536 -3.472547
v 0.151962 1.681949 -3.473873
v 0.156632 1.683736 -3.467995
v 0.150829 1.679575 -3.467057
v 0.154263 1.680876 -3.467743
v 0.157447 1.683357 -3.461165
v 0.155055 1.680507 -3.461102
v 0.15156 1.679234 -3.46093
v -0.146144 1.824923 -3.486654
v -0.147434 1.82156 -3.485715
v -0.147924 1.818886 -3.483153
v -0.139954 1.822037 -3.487553
v -0.142564 1.815324 -3.480366
v -0.141415 1.818753 -3.48659
v -0.142371 1.816296 -3.483959
v -0.151911 1.827613 -3.484017
v -0.151664 1.819567 -3.47774
v -0.15299 1.824151 -3.483176
v -0.152899 1.821206 -3.480879
v -0.156864 1.829922 -3.479824
v -0.155256 1.821243 -3.474698
v -0.157761 1.826375 -3.479137
v -0.157172 1.823198 -3.477261
v -0.160665 1.831694 -3.474359
v -0.158013 1.822528 -3.470735
v -0.161421 1.828082 -3.473873
v -0.160451 1.824727 -3.472547
v -0.163054 1.832808 -3.467995
v -0.163723 1.829155 -3.467743
v -0.162512 1.825688 -3.467057
v -0.163869 1.833189 -3.461165
v -0.163243 1.826029 -3.46093
v -0.164515 1.829525 -3.461102
v -0.21241 -0.002839 -1.682543
v -0.263068 -0.002839 -1.733507
v 0.051643 -0.002839 -1.733507
v -0.212413 1.115869 -1.682543
v -0.263068 1.115926 -1.733507
v 0.051217 1.115454 -1.733507
v -0.263068 0.591075 -1.733507
v -0.213318 0.591044 -1.682543
v -0.015062 0.590763 -1.733507
v -0.084077 0.59092 -1.670539
v -0.021921 -0.002839 -1.670539
v -0.022225 1.115648 -1.670539
v -0.21241 -0.002839 -1.997254
v -0.263068 -0.002839 -1.946289
v 0.051643 -0.002839 -1.946289
v -0.212413 1.115869 -1.997254
v -0.263068 1.115926 -1.946289
v 0.051217 1.115454 -1.946289
v -0.263068 0.591075 -1.946289
v -0.213318 0.591044 -1.997254
v -0.015062 0.590763 -1.946289
v 0.063647 -0.002839 -1.909214
v 0.063186 1.115394 -1.909214
v -0.275072 0.591093 -1.909214
v -0.275072 -0.002839 -1.909214
v -0.275072 1.115949 -1.909214
v -0.003024 0.590709 -1.909214
v -0.084077 0.59092 -2.009258
v -0.021921 -0.002839 -2.009258
v -0.022225 1.115648 -2.009258
v -0.23873 -0.002839 -1.706919
v 0.013466 -0.002839 -1.693467
v 0.040726 -0.002839 -1.720924
v 0.063459 -0.002839 -1.760048
v 0.062146 -0.002839 -1.751569
v 0.058582 -0.002839 -1.743327
v -0.181394 -0.002839 -1.670727
v -0.193354 -0.002839 -1.67204
v -0.202666 -0.002839 -1.675603
v 0.063005 1.115404 -1.760048
v 0.0617 1.115417 -1.751569
v 0.058146 1.115434 -1.743327
v -0.181428 1.11582 -1.670727
v -0.193371 1.115838 -1.67204
v -0.202674 1.115854 -1.675603
v 0.040312 1.115478 -1.720924
v 0.01308 1.115533 -1.693467
v -0.238731 1.115899 -1.706919
v -0.212411 1.118602 -1.682543
v -0.212411 0.480955 -1.682543
v -0.263068 1.118724 -1.733507
v 0.051463 1.117913 -1.733507
v -0.274884 0.591089 -1.760048
v -0.273571 0.591085 -1.751569
v -0.270008 0.591081 -1.743327
v -0.05292 0.590823 -1.693467
v -0.025977 0.590782 -1.720924
v -0.238844 0.591061 -1.706919
v -0.081952 0.590906 -1.670727
v -0.078619 0.590888 -1.67204
v -0.073183 0.590867 -1.675603
v -0.270008 -0.002839 -1.743327
v -0.273571 -0.002839 -1.751569
v -0.274884 -0.002839 -1.760048
v -0.270008 1.115934 -1.743327
v -0.273571 1.115941 -1.751569
v -0.274884 1.115946 -1.760048
v -0.008111 0.590747 -1.743327
v -0.004539 0.590732 -1.751569
v -0.003218 0.59072 -1.760048
v -0.204537 0.591034 -1.675603
v -0.197198 0.591023 -1.67204
v -0.188893 0.591011 -1.670727
v -0.08924 0.590936 -1.670539
v -0.008033 -0.002839 -1.675603
v -0.014426 -0.002839 -1.67204
v -0.018797 -0.002839 -1.670727
v -0.008384 1.115588 -1.675603
v -0.014761 1.115612 -1.67204
v -0.019115 1.115633 -1.670727
v -0.022049 1.118138 -1.670539
v -0.263068 0.480942 -1.733507
v 0.051463 0.481073 -1.733507
v -0.022049 0.481007 -1.670539
v -0.263068 1.007087 -1.733507
v -0.21332 1.0071 -1.682543
v -0.263068 0.593575 -1.733507
v -0.21332 0.593562 -1.682543
v -0.015308 0.593444 -1.733507
v -0.015308 1.007218 -1.733507
v -0.084252 0.59351 -1.670539
v -0.084252 1.007152 -1.670539
v -0.024058 1.111982 -1.670539
v -0.083648 1.011254 -1.670539
v -0.082244 1.014018 -1.670539
v -0.213292 1.013678 -1.682543
v -0.213312 1.011022 -1.682543
v -0.212439 1.112334 -1.682543
v 0.049072 1.111546 -1.733507
v -0.012917 1.01445 -1.733507
v -0.014514 1.011548 -1.733507
v -0.263068 1.112423 -1.733507
v -0.263068 1.010964 -1.733507
v -0.263068 1.013593 -1.733507
v -0.263068 0.58707 -1.733507
v -0.212419 0.48548 -1.682543
v -0.212439 0.488218 -1.682543
v -0.263068 0.488133 -1.733507
v -0.263068 0.485422 -1.733507
v -0.213292 0.586985 -1.682543
v -0.012917 0.586213 -1.733507
v -0.082244 0.586645 -1.670539
v 0.050669 0.486007 -1.733507
v 0.049072 0.48899 -1.733507
v -0.024058 0.488559 -1.670539
v -0.022653 0.485712 -1.670539
v -0.029769 -0.002839 -1.670539
v -0.030051 1.115668 -1.670539
v -0.23873 -0.002839 -1.972878
v 0.013466 -0.002839 -1.986329
v 0.040726 -0.002839 -1.958873
v 0.063459 -0.002839 -1.919748
v 0.062146 -0.002839 -1.928228
v 0.058582 -0.002839 -1.936469
v -0.181394 -0.002839 -2.00907
v -0.193354 -0.002839 -2.007757
v -0.202666 -0.002839 -2.004193
v 0.063005 1.115404 -1.919748
v 0.0617 1.115417 -1.928228
v 0.058146 1.115434 -1.936469
v -0.181428 1.11582 -2.00907
v -0.193371 1.115838 -2.007757
v -0.202674 1.115854 -2.004193
v 0.040312 1.115478 -1.958873
v 0.01308 1.115533 -1.986329
v -0.238731 1.115899 -1.972878
v -0.212411 1.118602 -1.997254
v -0.212411 0.480955 -1.997254
v -0.263068 1.118724 -1.946289
v 0.051463 1.117913 -1.946289
v -0.274884 0.591089 -1.919748
v -0.273571 0.591085 -1.928228
v -0.270008 0.591081 -1.936469
v -0.05292 0.590823 -1.986329
v -0.025977 0.590782 -1.958873
v -0.238844 0.591061 -1.972878
v -0.081952 0.590906 -2.00907
v -0.078619 0.590888 -2.007757
v -0.073183 0.590867 -2.004193
v -0.270008 -0.002839 -1.936469
v -0.273571 -0.002839 -1.928228
v -0.274884 -0.002839 -1.919748
v -0.270008 1.115935 -1.936469
v -0.273571 1.115941 -1.928228
v -0.274884 1.115946 -1.919748
v -0.008111 0.590747 -1.936469
v -0.004539 0.590732 -1.928228
v -0.003218 0.59072 -1.919748
v -0.275072 1.118758 -1.909214
v 0.063452 1.117864 -1.909214
v -0.204537 0.591034 -2.004193
v -0.197198 0.591023 -2.007757
v -0.188893 0.591011 -2.00907
v -0.08924 0.590936 -2.009258
v -0.008033 -0.002839 -2.004193
v -0.014427 -0.002839 -2.007757
v -0.018797 -0.002839 -2.00907
v -0.008384 1.115588 -2.004193
v -0.014761 1.115612 -2.007757
v -0.019115 1.115633 -2.00907
v -0.022049 1.118138 -2.009258
v -0.263068 0.480942 -1.946289
v 0.051463 0.481073 -1.946289
v -0.275072 0.480934 -1.909214
v 0.063452 0.481096 -1.909214
v -0.022049 0.481007 -2.009258
v -0.263068 1.007087 -1.946289
v -0.21332 1.0071 -1.997254
v -0.275072 0.593583 -1.909214
v -0.263068 0.593576 -1.946289
v -0.275072 1.007079 -1.909214
v -0.21332 0.593562 -1.997254
v -0.015308 0.593444 -1.946289
v -0.00329 0.593421 -1.909214
v -0.015308 1.007218 -1.946289
v -0.00329 1.007241 -1.909214
v -0.084252 0.59351 -2.009258
v -0.084252 1.007152 -2.009258
v -0.024058 1.111982 -2.009258
v -0.083648 1.011254 -2.009258
v -0.082244 1.014018 -2.009258
v -0.213292 1.013678 -1.997254
v -0.213312 1.011022 -1.997254
v -0.212439 1.112334 -1.997254
v -0.000819 1.014598 -1.909214
v -0.002446 1.011649 -1.909214
v 0.060981 1.111397 -1.909214
v 0.049072 1.111546 -1.946289
v -0.012917 1.01445 -1.946289
v -0.014514 1.011548 -1.946289
v -0.275072 1.112472 -1.909214
v -0.263068 1.112423 -1.946289
v -0.275072 1.010931 -1.909214
v -0.275072 1.013544 -1.909214
v -0.263068 1.010964 -1.946289
v -0.263068 1.013593 -1.946289
v -0.263068 0.58707 -1.946289
v -0.275072 0.587118 -1.909214
v -0.212419 0.48548 -1.997254
v -0.212439 0.488218 -1.997254
v -0.263068 0.488133 -1.946289
v -0.263068 0.485422 -1.946289
v -0.275072 0.488085 -1.909214
v -0.275072 0.485389 -1.909214
v -0.213292 0.586985 -1.997254
v -0.012917 0.586213 -1.946289
v -0.082244 0.586644 -2.009258
v 0.050669 0.486006 -1.946289
v 0.049072 0.48899 -1.946289
v -0.024058 0.488559 -2.009258
v -0.022653 0.485712 -2.009258
v -0.000819 0.586065 -1.909214
v 0.062608 0.486107 -1.909214
v 0.060981 0.489138 -1.909214
v -0.029769 -0.002839 -2.009258
v -0.030051 1.115668 -2.009258
v -0.23873 0.480947 -1.706919
v -0.181408 0.480969 -1.670727
v -0.193361 0.480964 -1.67204
v -0.20267 0.480959 -1.675603
v 0.063267 0.481092 -1.760048
v 0.061958 0.481086 -1.751569
v 0.058398 0.48108 -1.743327
v 0.013303 1.118021 -1.693467
v 0.040551 1.117944 -1.720924
v -0.270008 0.480939 -1.743327
v -0.273571 0.480937 -1.751569
v -0.274884 0.480935 -1.760048
v -0.008181 0.481029 -1.675603
v -0.014567 0.48102 -1.67204
v -0.018931 0.481013 -1.670727
v -0.181408 1.118521 -1.670727
v -0.193361 1.118552 -1.67204
v -0.20267 1.118577 -1.675603
v -0.23873 1.118666 -1.706919
v 0.063267 1.117869 -1.760048
v 0.061958 1.117877 -1.751569
v 0.058398 1.117891 -1.743327
v -0.270008 1.118742 -1.743327
v -0.273571 1.118751 -1.751569
v -0.274884 1.118756 -1.760048
v -0.008181 1.118086 -1.675603
v -0.014567 1.118108 -1.67204
v -0.018931 1.118125 -1.670727
v 0.013303 0.481048 -1.693467
v 0.040551 0.481065 -1.720924
v -0.238844 1.007093 -1.706919
v -0.274884 0.593582 -1.760048
v -0.273571 0.59358 -1.751569
v -0.270008 0.593578 -1.743327
v -0.274884 1.007081 -1.760048
v -0.273571 1.007082 -1.751569
v -0.270008 1.007085 -1.743327
v -0.238844 0.59357 -1.706919
v -0.008364 0.593437 -1.743327
v -0.004796 0.593431 -1.751569
v -0.00348 0.593426 -1.760048
v -0.026217 1.00721 -1.720924
v -0.053143 1.007193 -1.693467
v -0.008364 1.007226 -1.743327
v -0.004796 1.007231 -1.751569
v -0.00348 1.007237 -1.760048
v -0.026217 0.593452 -1.720924
v -0.053143 0.593469 -1.693467
v -0.082135 0.593504 -1.670727
v -0.078812 0.593497 -1.67204
v -0.073387 0.593488 -1.675603
v -0.082135 1.007158 -1.670727
v -0.078812 1.007166 -1.67204
v -0.073387 1.007175 -1.675603
v -0.204541 1.007104 -1.675603
v -0.197208 1.007109 -1.67204
v -0.188912 1.007114 -1.670727
v -0.204541 0.593558 -1.675603
v -0.197208 0.593554 -1.67204
v -0.188912 0.593549 -1.670727
v -0.089403 1.007146 -1.670539
v -0.089403 0.593517 -1.670539
v -0.071203 1.014164 -1.675603
v -0.07669 1.014107 -1.67204
v -0.080074 1.014057 -1.670727
v -0.072705 1.011353 -1.675603
v -0.078159 1.011314 -1.67204
v -0.081509 1.01128 -1.670727
v -0.010365 1.111836 -1.675603
v -0.016689 1.111893 -1.67204
v -0.020993 1.111943 -1.670727
v -0.188678 1.013769 -1.670727
v -0.197089 1.013736 -1.67204
v -0.204484 1.013706 -1.675603
v -0.188844 1.011084 -1.670727
v -0.197174 1.011062 -1.67204
v -0.204525 1.011041 -1.675603
v -0.181643 1.112241 -1.670727
v -0.19348 1.112275 -1.67204
v -0.202727 1.112306 -1.675603
v 0.060812 1.111425 -1.760048
v 0.059521 1.111459 -1.751569
v 0.055983 1.111499 -1.743327
v -0.001025 1.01457 -1.760048
v -0.002359 1.014536 -1.751569
v -0.005949 1.014496 -1.743327
v -0.002646 1.01163 -1.760048
v -0.003973 1.011607 -1.751569
v -0.007554 1.011579 -1.743327
v -0.270008 1.112439 -1.743327
v -0.273571 1.112452 -1.751569
v -0.274884 1.112463 -1.760048
v -0.270008 1.013577 -1.743327
v -0.273571 1.013564 -1.751569
v -0.274884 1.013553 -1.760048
v -0.270008 1.010953 -1.743327
v -0.273571 1.010944 -1.751569
v -0.274884 1.010937 -1.760048
v 0.011013 1.111713 -1.693467
v 0.038189 1.111598 -1.720924
v -0.052409 1.011436 -1.693467
v -0.02544 1.011513 -1.720924
v -0.050854 1.014285 -1.693467
v -0.023854 1.014399 -1.720924
v -0.238841 1.01363 -1.706919
v -0.238843 1.010989 -1.706919
v -0.238734 1.112384 -1.706919
v -0.270008 0.587085 -1.743327
v -0.273571 0.587098 -1.751569
v -0.274884 0.58711 -1.760048
v -0.238734 0.488171 -1.706919
v -0.238731 0.485448 -1.706919
v -0.270008 0.488118 -1.743327
v -0.273571 0.488105 -1.751569
v -0.274884 0.488093 -1.760048
v -0.270008 0.485412 -1.743327
v -0.273571 0.485403 -1.751569
v -0.274884 0.485395 -1.760048
v -0.238841 0.587032 -1.706919
v -0.181643 0.48831 -1.670727
v -0.19348 0.488277 -1.67204
v -0.202727 0.488246 -1.675603
v -0.181477 0.485543 -1.670727
v -0.193395 0.48552 -1.67204
v -0.202686 0.485499 -1.675603
v -0.188678 0.586893 -1.670727
v -0.197089 0.586926 -1.67204
v -0.204484 0.586957 -1.675603
v -0.050854 0.586378 -1.693467
v -0.023854 0.586264 -1.720924
v -0.071203 0.586499 -1.675603
v -0.07669 0.586556 -1.67204
v -0.080074 0.586606 -1.670727
v 0.012568 0.485894 -1.693467
v 0.039775 0.485972 -1.720924
v 0.011013 0.488825 -1.693467
v 0.038189 0.488939 -1.720924
v -0.010365 0.488704 -1.675603
v -0.016689 0.488647 -1.67204
v -0.020993 0.488597 -1.670727
v -0.008863 0.485812 -1.675603
v -0.015221 0.485773 -1.67204
v -0.019558 0.485739 -1.670727
v -0.001025 0.586093 -1.760048
v -0.002359 0.586127 -1.751569
v -0.005948 0.586167 -1.743327
v 0.060812 0.48911 -1.760048
v 0.059521 0.489076 -1.751569
v 0.055983 0.489036 -1.743327
v 0.062433 0.486088 -1.760048
v 0.061135 0.486065 -1.751569
v 0.057589 0.486038 -1.743327
v -0.0875 0.586687 -1.670539
v -0.031791 0.488516 -1.670539
v -0.030454 0.485683 -1.670539
v -0.0875 1.013976 -1.670539
v -0.088837 1.011225 -1.670539
v -0.031791 1.112025 -1.670539
v -0.029888 1.118162 -1.670539
v -0.029888 0.481 -1.670539
v -0.23873 0.480947 -1.972878
v -0.181408 0.480969 -2.00907
v -0.193361 0.480964 -2.007757
v -0.20267 0.480959 -2.004193
v 0.063267 0.481091 -1.919748
v 0.061958 0.481086 -1.928228
v 0.058398 0.48108 -1.936469
v 0.013303 1.118021 -1.986329
v 0.040551 1.117944 -1.958873
v -0.270008 0.480939 -1.936469
v -0.273571 0.480937 -1.928228
v -0.274884 0.480935 -1.919748
v -0.008181 0.481029 -2.004193
v -0.014567 0.48102 -2.007757
v -0.018931 0.481013 -2.00907
v -0.181408 1.118521 -2.00907
v -0.193361 1.118552 -2.007757
v -0.20267 1.118576 -2.004193
v -0.23873 1.118666 -1.972878
v 0.063267 1.117869 -1.919748
v 0.061958 1.117877 -1.928228
v 0.058398 1.117891 -1.936469
v -0.270008 1.118742 -1.936469
v -0.273571 1.118751 -1.928228
v -0.274884 1.118756 -1.919748
v -0.008181 1.118086 -2.004193
v -0.014567 1.118108 -2.007757
v -0.018931 1.118125 -2.00907
v 0.013303 0.481048 -1.986329
v 0.040551 0.481065 -1.958873
v -0.238844 1.007093 -1.972878
v -0.274884 0.593582 -1.919748
v -0.273571 0.59358 -1.928228
v -0.270008 0.593578 -1.936469
v -0.274884 1.007081 -1.919748
v -0.273571 1.007083 -1.928228
v -0.270008 1.007085 -1.936469
v -0.238844 0.59357 -1.972878
v -0.008364 0.593437 -1.936469
v -0.004796 0.593431 -1.928228
v -0.00348 0.593426 -1.919748
v -0.026217 1.00721 -1.958873
v -0.053143 1.007193 -1.986329
v -0.008364 1.007225 -1.936469
v -0.004796 1.007232 -1.928228
v -0.00348 1.007237 -1.919748
v -0.026217 0.593452 -1.958873
v -0.053143 0.593469 -1.986329
v -0.082135 0.593504 -2.00907
v -0.078812 0.593497 -2.007757
v -0.073387 0.593488 -2.004193
v -0.082135 1.007158 -2.00907
v -0.078812 1.007166 -2.007757
v -0.073387 1.007174 -2.004193
v -0.204541 1.007104 -2.004193
v -0.197208 1.007109 -2.007757
v -0.188912 1.007114 -2.00907
v -0.204541 0.593558 -2.004193
v -0.197208 0.593554 -2.007757
v -0.188912 0.593548 -2.00907
v -0.089403 1.007146 -2.009258
v -0.089403 0.593517 -2.009258
v -0.071203 1.014164 -2.004193
v -0.072705 1.011353 -2.004193
v -0.07669 1.014107 -2.007757
v -0.078159 1.011314 -2.007757
v -0.080074 1.014057 -2.00907
v -0.081509 1.01128 -2.00907
v -0.010365 1.111836 -2.004193
v -0.016689 1.111893 -2.007757
v -0.020993 1.111943 -2.00907
v -0.188678 1.01377 -2.00907
v -0.188844 1.011084 -2.00907
v -0.197089 1.013736 -2.007757
v -0.197174 1.011062 -2.007757
v -0.204484 1.013706 -2.004193
v -0.204525 1.011041 -2.004193
v -0.181643 1.112241 -2.00907
v -0.19348 1.112275 -2.007757
v -0.202727 1.112306 -2.004193
v 0.060812 1.111425 -1.919748
v 0.059521 1.111459 -1.928228
v 0.055983 1.111499 -1.936469
v -0.001025 1.01457 -1.919748
v -0.002646 1.01163 -1.919748
v -0.002359 1.014536 -1.928228
v -0.003973 1.011607 -1.928228
v -0.005949 1.014496 -1.936469
v -0.007554 1.01158 -1.936469
v -0.270008 1.112439 -1.936469
v -0.273571 1.112452 -1.928228
v -0.274884 1.112463 -1.919748
v -0.270008 1.013577 -1.936469
v -0.270008 1.010953 -1.936469
v -0.273571 1.013564 -1.928228
v -0.273571 1.010944 -1.928228
v -0.274884 1.013553 -1.919748
v -0.274884 1.010937 -1.919748
v 0.011013 1.111713 -1.986329
v 0.038189 1.111598 -1.958873
v -0.052409 1.011435 -1.986329
v -0.050854 1.014285 -1.986329
v -0.02544 1.011513 -1.958873
v -0.023854 1.014399 -1.958873
v -0.238841 1.01363 -1.972878
v -0.238843 1.010989 -1.972878
v -0.238734 1.112384 -1.972878
v -0.270008 0.587085 -1.936469
v -0.273571 0.587098 -1.928228
v -0.274884 0.587109 -1.919748
v -0.238734 0.488171 -1.972878
v -0.238731 0.485448 -1.972878
v -0.270008 0.488118 -1.936469
v -0.270008 0.485412 -1.936469
v -0.273571 0.488105 -1.928228
v -0.273571 0.485403 -1.928228
v -0.274884 0.488093 -1.919748
v -0.274884 0.485395 -1.919748
v -0.238841 0.587032 -1.972878
v -0.181643 0.48831 -2.00907
v -0.181477 0.485543 -2.00907
v -0.19348 0.488277 -2.007757
v -0.193395 0.48552 -2.007757
v -0.202727 0.488246 -2.004193
v -0.202686 0.485499 -2.004193
v -0.188678 0.586893 -2.00907
v -0.197089 0.586926 -2.007757
v -0.204484 0.586957 -2.004193
v -0.050854 0.586378 -1.986329
v -0.023854 0.586264 -1.958873
v -0.071203 0.586499 -2.004193
v -0.07669 0.586556 -2.007757
v -0.080074 0.586606 -2.00907
v 0.012568 0.485894 -1.986329
v 0.011013 0.488825 -1.986329
v 0.039775 0.485972 -1.958873
v 0.038189 0.488939 -1.958873
v -0.010365 0.488704 -2.004193
v -0.008863 0.485811 -2.004193
v -0.016689 0.488647 -2.007757
v -0.015221 0.485773 -2.007757
v -0.020993 0.488597 -2.00907
v -0.019558 0.485739 -2.00907
v -0.001025 0.586093 -1.919748
v -0.002359 0.586126 -1.928228
v -0.005948 0.586167 -1.936469
v 0.060812 0.48911 -1.919748
v 0.062433 0.486088 -1.919748
v 0.059521 0.489076 -1.928228
v 0.061135 0.486065 -1.928228
v 0.055983 0.489036 -1.936469
v 0.057589 0.486038 -1.936469
v -0.0875 0.586687 -2.009258
v -0.031791 0.488516 -2.009258
v -0.030454 0.485683 -2.009258
v -0.0875 1.013976 -2.009258
v -0.088837 1.011225 -2.009258
v -0.031791 1.112025 -2.009258
v -0.029888 1.118161 -2.009258
v -0.029888 0.481 -2.009258
v -0.21238 1.713983 -1.682609
v -0.263011 1.733927 -1.733546
v 0.051559 1.609996 -1.733546
v -0.02196 1.638966 -1.670612
v -0.21238 1.713983 -1.997188
v -0.263011 1.733927 -1.946251
v 0.051559 1.609996 -1.946251
v -0.275009 1.738653 -1.90919
v 0.063554 1.605268 -1.90919
v -0.02196 1.638966 -2.009185
v -0.181378 1.70177 -1.670799
v -0.193333 1.70648 -1.672111
v -0.202642 1.710147 -1.675673
v -0.238687 1.724346 -1.706972
v 0.063367 1.605342 -1.760076
v 0.062056 1.60586 -1.751599
v 0.058494 1.607263 -1.743361
v -0.269947 1.736659 -1.743361
v -0.273509 1.738062 -1.751599
v -0.274821 1.738579 -1.760076
v -0.00808 1.633494 -1.675673
v -0.01447 1.636013 -1.672111
v -0.018838 1.637734 -1.670799
v 0.040649 1.614295 -1.720969
v 0.013405 1.625028 -1.693527
v -0.029805 1.642057 -1.670612
v -0.202642 1.710147 -2.004124
v -0.193333 1.70648 -2.007685
v -0.181378 1.70177 -2.008997
v -0.238687 1.724345 -1.972825
v 0.058494 1.607263 -1.936435
v 0.062056 1.60586 -1.928197
v 0.063367 1.605342 -1.919721
v -0.274821 1.738579 -1.919721
v -0.273509 1.738062 -1.928197
v -0.269947 1.736659 -1.936435
v -0.018838 1.637734 -2.008997
v -0.01447 1.636013 -2.007685
v -0.00808 1.633494 -2.004124
v 0.013405 1.625028 -1.986269
v 0.040649 1.614295 -1.958828
v -0.029805 1.642057 -2.009185
v -0.21241 -0.002839 -3.531915
v -0.263068 -0.002839 -3.48095
v 0.051643 -0.002839 -3.48095
v -0.212413 1.115869 -3.531915
v -0.263068 1.115926 -3.48095
v 0.051217 1.115454 -3.48095
v -0.263068 0.591075 -3.48095
v -0.213318 0.591044 -3.531915
v -0.015062 0.590763 -3.48095
v -0.084077 0.59092 -3.543918
v -0.021921 -0.002839 -3.543918
v -0.022225 1.115648 -3.543918
v -0.21241 -0.002839 -3.217204
v -0.263068 -0.002839 -3.268168
v 0.051643 -0.002839 -3.268168
v -0.212413 1.115869 -3.217204
v -0.263068 1.115926 -3.268168
v 0.051217 1.115454 -3.268168
v -0.263068 0.591075 -3.268168
v -0.213318 0.591044 -3.217204
v -0.015062 0.590763 -3.268168
v 0.063647 -0.002839 -3.305243
v 0.063186 1.115394 -3.305243
v -0.275072 0.591093 -3.305243
v -0.275072 -0.002839 -3.305243
v -0.275072 1.115949 -3.305243
v -0.003024 0.590709 -3.305243
v -0.084077 0.59092 -3.2052
v -0.021921 -0.002839 -3.2052
v -0.022225 1.115648 -3.2052
v -0.23873 -0.002839 -3.507539
v 0.013466 -0.002839 -3.52099
v 0.040726 -0.002839 -3.493534
v 0.063459 -0.002839 -3.454409
v 0.062146 -0.002839 -3.462889
v 0.058582 -0.002839 -3.47113
v -0.181394 -0.002839 -3.543731
v -0.193354 -0.002839 -3.542418
v -0.202666 -0.002839 -3.538854
v 0.063005 1.115404 -3.454409
v 0.0617 1.115417 -3.462889
v 0.058146 1.115434 -3.47113
v -0.181428 1.11582 -3.543731
v -0.193371 1.115838 -3.542418
v -0.202674 1.115854 -3.538854
v 0.040312 1.115478 -3.493534
v 0.01308 1.115533 -3.52099
v -0.238731 1.115899 -3.507539
v -0.212411 1.118602 -3.531915
v -0.212411 0.480955 -3.531915
v -0.263068 1.118724 -3.48095
v 0.051463 1.117913 -3.48095
v -0.274884 0.591089 -3.454409
v -0.273571 0.591085 -3.462889
v -0.270008 0.591081 -3.47113
v -0.05292 0.590823 -3.52099
v -0.025977 0.590782 -3.493534
v -0.238844 0.591061 -3.507539
v -0.081952 0.590906 -3.543731
v -0.078619 0.590888 -3.542418
v -0.073183 0.590867 -3.538854
v -0.270008 -0.002839 -3.47113
v -0.273571 -0.002839 -3.462889
v -0.274884 -0.002839 -3.454409
v -0.270008 1.115934 -3.47113
v -0.273571 1.115941 -3.462889
v -0.274884 1.115946 -3.454409
v -0.008111 0.590747 -3.47113
v -0.004539 0.590732 -3.462888
v -0.003218 0.59072 -3.454409
v -0.204537 0.591034 -3.538854
v -0.197198 0.591023 -3.542418
v -0.188893 0.591011 -3.543731
v -0.08924 0.590936 -3.543918
v -0.008033 -0.002839 -3.538854
v -0.014426 -0.002839 -3.542418
v -0.018797 -0.002839 -3.543731
v -0.008384 1.115588 -3.538854
v -0.014761 1.115612 -3.542418
v -0.019115 1.115633 -3.543731
v -0.022049 1.118138 -3.543918
v -0.263068 0.480942 -3.48095
v 0.051463 0.481073 -3.48095
v -0.022049 0.481007 -3.543918
v -0.263068 1.007087 -3.48095
v -0.21332 1.0071 -3.531915
v -0.263068 0.593575 -3.48095
v -0.21332 0.593562 -3.531915
v -0.015308 0.593444 -3.48095
v -0.015308 1.007218 -3.48095
v -0.084252 0.59351 -3.543918
v -0.084252 1.007152 -3.543918
v -0.024058 1.111982 -3.543918
v -0.083648 1.011254 -3.543918
v -0.082244 1.014018 -3.543918
v -0.213292 1.013678 -3.531915
v -0.213312 1.011022 -3.531915
v -0.212439 1.112334 -3.531915
v 0.049072 1.111546 -3.48095
v -0.012917 1.01445 -3.48095
v -0.014514 1.011548 -3.48095
v -0.263068 1.112423 -3.48095
v -0.263068 1.010964 -3.48095
v -0.263068 1.013593 -3.48095
v -0.263068 0.58707 -3.48095
v -0.212419 0.48548 -3.531915
v -0.212439 0.488218 -3.531915
v -0.263068 0.488133 -3.48095
v -0.263068 0.485422 -3.48095
v -0.213292 0.586985 -3.531915
v -0.012917 0.586213 -3.48095
v -0.082244 0.586645 -3.543918
v 0.050669 0.486007 -3.48095
v 0.049072 0.48899 -3.48095
v -0.024058 0.488559 -3.543918
v -0.022653 0.485712 -3.543918
v -0.029769 -0.002839 -3.543918
v -0.030051 1.115668 -3.543918
v -0.23873 -0.002839 -3.24158
v 0.013466 -0.002839 -3.228128
v 0.040726 -0.002839 -3.255585
v 0.063459 -0.002839 -3.294709
v 0.062146 -0.002839 -3.28623
v 0.058582 -0.002839 -3.277988
v -0.181394 -0.002839 -3.205388
v -0.193354 -0.002839 -3.206701
v -0.202666 -0.002839 -3.210264
v 0.063005 1.115404 -3.294709
v 0.0617 1.115417 -3.28623
v 0.058146 1.115434 -3.277988
v -0.181428 1.11582 -3.205388
v -0.193371 1.115838 -3.206701
v -0.202674 1.115854 -3.210264
v 0.040312 1.115478 -3.255585
v 0.01308 1.115533 -3.228128
v -0.238731 1.115899 -3.24158
v -0.212411 1.118602 -3.217204
v -0.212411 0.480955 -3.217204
v -0.263068 1.118724 -3.268168
v 0.051463 1.117913 -3.268168
v -0.274884 0.591089 -3.294709
v -0.273571 0.591085 -3.28623
v -0.270008 0.591081 -3.277988
v -0.05292 0.590823 -3.228128
v -0.025977 0.590782 -3.255585
v -0.238844 0.591061 -3.24158
v -0.081952 0.590906 -3.205388
v -0.078619 0.590888 -3.206701
v -0.073183 0.590867 -3.210264
v -0.270008 -0.002839 -3.277988
v -0.273571 -0.002839 -3.28623
v -0.274884 -0.002839 -3.294709
v -0.270008 1.115935 -3.277988
v -0.273571 1.115941 -3.28623
v -0.274884 1.115946 -3.294709
v -0.008111 0.590747 -3.277988
v -0.004539 0.590732 -3.28623
v -0.003218 0.59072 -3.294709
v -0.275072 1.118758 -3.305243
v 0.063452 1.117864 -3.305243
v -0.204537 0.591034 -3.210264
v -0.197198 0.591023 -3.206701
v -0.188893 0.591011 -3.205388
v -0.08924 0.590936 -3.2052
v -0.008033 -0.002839 -3.210264
v -0.014427 -0.002839 -3.206701
v -0.018797 -0.002839 -3.205388
v -0.008384 1.115588 -3.210264
v -0.014761 1.115612 -3.206701
v -0.019115 1.115633 -3.205388
v -0.022049 1.118138 -3.2052
v -0.263068 0.480942 -3.268168
v 0.051463 0.481073 -3.268168
v -0.275072 0.480934 -3.305243
v 0.063452 0.481096 -3.305243
v -0.022049 0.481007 -3.2052
v -0.263068 1.007087 -3.268168
v -0.21332 1.0071 -3.217204
v -0.275072 0.593583 -3.305243
v -0.263068 0.593576 -3.268168
v -0.275072 1.007079 -3.305243
v -0.21332 0.593562 -3.217204
v -0.015308 0.593444 -3.268168
v -0.00329 0.593421 -3.305243
v -0.015308 1.007218 -3.268168
v -0.00329 1.007241 -3.305243
v -0.084252 0.59351 -3.2052
v -0.084252 1.007152 -3.2052
v -0.024058 1.111982 -3.2052
v -0.083648 1.011254 -3.2052
v -0.082244 1.014018 -3.2052
v -0.213292 1.013678 -3.217204
v -0.213312 1.011022 -3.217204
v -0.212439 1.112334 -3.217204
v -0.000819 1.014598 -3.305243
v -0.002446 1.011649 -3.305243
v 0.060981 1.111397 -3.305243
v 0.049072 1.111546 -3.268168
v -0.012917 1.01445 -3.268168
v -0.014514 1.011548 -3.268168
v -0.275072 1.112472 -3.305243
v -0.263068 1.112423 -3.268168
v -0.275072 1.010931 -3.305243
v -0.275072 1.013544 -3.305243
v -0.263068 1.010964 -3.268168
v -0.263068 1.013593 -3.268168
v -0.263068 0.58707 -3.268168
v -0.275072 0.587118 -3.305243
v -0.212419 0.48548 -3.217204
v -0.212439 0.488218 -3.217204
v -0.263068 0.488133 -3.268168
v -0.263068 0.485422 -3.268168
v -0.275072 0.488085 -3.305243
v -0.275072 0.485389 -3.305243
v -0.213292 0.586985 -3.217204
v -0.012917 0.586213 -3.268168
v -0.082244 0.586644 -3.2052
v 0.050669 0.486006 -3.268168
v 0.049072 0.48899 -3.268168
v -0.024058 0.488559 -3.2052
v -0.022653 0.485712 -3.2052
v -0.000819 0.586065 -3.305243
v 0.062608 0.486107 -3.305243
v 0.060981 0.489138 -3.305243
v -0.029769 -0.002839 -3.2052
v -0.030051 1.115668 -3.2052
v -0.23873 0.480947 -3.507539
v -0.181408 0.480969 -3.543731
v -0.193361 0.480964 -3.542418
v -0.20267 0.480959 -3.538854
v 0.063267 0.481092 -3.454409
v 0.061958 0.481086 -3.462888
v 0.058398 0.48108 -3.47113
v 0.013303 1.118021 -3.52099
v 0.040551 1.117944 -3.493534
v -0.270008 0.480939 -3.47113
v -0.273571 0.480937 -3.462888
v -0.274884 0.480935 -3.454409
v -0.008181 0.481029 -3.538854
v -0.014567 0.48102 -3.542418
v -0.018931 0.481013 -3.543731
v -0.181408 1.118521 -3.543731
v -0.193361 1.118552 -3.542418
v -0.20267 1.118577 -3.538854
v -0.23873 1.118666 -3.507539
v 0.063267 1.117869 -3.454409
v 0.061958 1.117877 -3.462888
v 0.058398 1.117891 -3.47113
v -0.270008 1.118742 -3.47113
v -0.273571 1.118751 -3.462888
v -0.274884 1.118756 -3.454409
v -0.008181 1.118086 -3.538854
v -0.014567 1.118108 -3.542418
v -0.018931 1.118125 -3.543731
v 0.013303 0.481048 -3.52099
v 0.040551 0.481065 -3.493534
v -0.238844 1.007093 -3.507539
v -0.274884 0.593582 -3.454409
v -0.273571 0.59358 -3.462888
v -0.270008 0.593578 -3.47113
v -0.274884 1.007081 -3.454409
v -0.273571 1.007082 -3.462888
v -0.270008 1.007085 -3.47113
v -0.238844 0.59357 -3.507539
v -0.008364 0.593437 -3.47113
v -0.004796 0.593431 -3.462888
v -0.00348 0.593426 -3.454409
v -0.026217 1.00721 -3.493534
v -0.053143 1.007193 -3.52099
v -0.008364 1.007226 -3.47113
v -0.004796 1.007231 -3.462888
v -0.00348 1.007237 -3.454409
v -0.026217 0.593452 -3.493534
v -0.053143 0.593469 -3.52099
v -0.082135 0.593504 -3.543731
v -0.078812 0.593497 -3.542418
v -0.073387 0.593488 -3.538854
v -0.082135 1.007158 -3.543731
v -0.078812 1.007166 -3.542418
v -0.073387 1.007175 -3.538854
v -0.204541 1.007104 -3.538854
v -0.197208 1.007109 -3.542418
v -0.188912 1.007114 -3.543731
v -0.204541 0.593558 -3.538854
v -0.197208 0.593554 -3.542418
v -0.188912 0.593549 -3.543731
v -0.089403 1.007146 -3.543918
v -0.089403 0.593517 -3.543918
v -0.071203 1.014164 -3.538854
v -0.07669 1.014107 -3.542418
v -0.080074 1.014057 -3.543731
v -0.072705 1.011353 -3.538854
v -0.078159 1.011314 -3.542418
v -0.081509 1.01128 -3.543731
v -0.010365 1.111836 -3.538854
v -0.016689 1.111893 -3.542418
v -0.020993 1.111943 -3.543731
v -0.188678 1.013769 -3.543731
v -0.197089 1.013736 -3.542418
v -0.204484 1.013706 -3.538854
v -0.188844 1.011084 -3.543731
v -0.197174 1.011062 -3.542418
v -0.204525 1.011041 -3.538854
v -0.181643 1.112241 -3.543731
v -0.19348 1.112275 -3.542418
v -0.202727 1.112306 -3.538854
v 0.060812 1.111425 -3.454409
v 0.059521 1.111459 -3.462888
v 0.055983 1.111499 -3.47113
v -0.001025 1.01457 -3.454409
v -0.002359 1.014536 -3.462888
v -0.005949 1.014496 -3.47113
v -0.002646 1.01163 -3.454409
v -0.003973 1.011607 -3.462888
v -0.007554 1.011579 -3.47113
v -0.270008 1.112439 -3.47113
v -0.273571 1.112452 -3.462888
v -0.274884 1.112463 -3.454409
v -0.270008 1.013577 -3.47113
v -0.273571 1.013564 -3.462888
v -0.274884 1.013553 -3.454409
v -0.270008 1.010953 -3.47113
v -0.273571 1.010944 -3.462888
v -0.274884 1.010937 -3.454409
v 0.011013 1.111713 -3.52099
v 0.038189 1.111598 -3.493534
v -0.052409 1.011436 -3.52099
v -0.02544 1.011513 -3.493534
v -0.050854 1.014285 -3.52099
v -0.023854 1.014399 -3.493534
v -0.238841 1.01363 -3.507539
v -0.238843 1.010989 -3.507539
v -0.238734 1.112384 -3.507539
v -0.270008 0.587085 -3.47113
v -0.273571 0.587098 -3.462888
v -0.274884 0.58711 -3.454409
v -0.238734 0.488171 -3.507539
v -0.238731 0.485448 -3.507539
v -0.270008 0.488118 -3.47113
v -0.273571 0.488105 -3.462888
v -0.274884 0.488093 -3.454409
v -0.270008 0.485412 -3.47113
v -0.273571 0.485403 -3.462888
v -0.274884 0.485395 -3.454409
v -0.238841 0.587032 -3.507539
v -0.181643 0.48831 -3.543731
v -0.19348 0.488277 -3.542418
v -0.202727 0.488246 -3.538854
v -0.181477 0.485543 -3.543731
v -0.193395 0.48552 -3.542418
v -0.202686 0.485499 -3.538854
v -0.188678 0.586893 -3.543731
v -0.197089 0.586926 -3.542418
v -0.204484 0.586957 -3.538854
v -0.050854 0.586378 -3.52099
v -0.023854 0.586264 -3.493534
v -0.071203 0.586499 -3.538854
v -0.07669 0.586556 -3.542418
v -0.080074 0.586606 -3.543731
v 0.012568 0.485894 -3.52099
v 0.039775 0.485972 -3.493534
v 0.011013 0.488825 -3.52099
v 0.038189 0.488939 -3.493534
v -0.010365 0.488704 -3.538854
v -0.016689 0.488647 -3.542418
v -0.020993 0.488597 -3.543731
v -0.008863 0.485812 -3.538854
v -0.015221 0.485773 -3.542418
v -0.019558 0.485739 -3.543731
v -0.001025 0.586093 -3.454409
v -0.002359 0.586127 -3.462888
v -0.005948 0.586167 -3.47113
v 0.060812 0.48911 -3.454409
v 0.059521 0.489076 -3.462888
v 0.055983 0.489036 -3.47113
v 0.062433 0.486088 -3.454409
v 0.061135 0.486065 -3.462888
v 0.057589 0.486038 -3.47113
v -0.0875 0.586687 -3.543918
v -0.031791 0.488516 -3.543918
v -0.030454 0.485683 -3.543918
v -0.0875 1.013976 -3.543918
v -0.088837 1.011225 -3.543918
v -0.031791 1.112025 -3.543918
v -0.029888 1.118162 -3.543918
v -0.029888 0.481 -3.543918
v -0.23873 0.480947 -3.24158
v -0.181408 0.480969 -3.205388
v -0.193361 0.480964 -3.206701
v -0.20267 0.480959 -3.210264
v 0.063267 0.481091 -3.294709
v 0.061958 0.481086 -3.28623
v 0.058398 0.48108 -3.277988
v 0.013303 1.118021 -3.228128
v 0.040551 1.117944 -3.255585
v -0.270008 0.480939 -3.277988
v -0.273571 0.480937 -3.28623
v -0.274884 0.480935 -3.294709
v -0.008181 0.481029 -3.210264
v -0.014567 0.48102 -3.206701
v -0.018931 0.481013 -3.205388
v -0.181408 1.118521 -3.205388
v -0.193361 1.118552 -3.206701
v -0.20267 1.118576 -3.210264
v -0.23873 1.118666 -3.24158
v 0.063267 1.117869 -3.294709
v 0.061958 1.117877 -3.28623
v 0.058398 1.117891 -3.277988
v -0.270008 1.118742 -3.277988
v -0.273571 1.118751 -3.28623
v -0.274884 1.118756 -3.294709
v -0.008181 1.118086 -3.210264
v -0.014567 1.118108 -3.206701
v -0.018931 1.118125 -3.205388
v 0.013303 0.481048 -3.228128
v 0.040551 0.481065 -3.255585
v -0.238844 1.007093 -3.24158
v -0.274884 0.593582 -3.294709
v -0.273571 0.59358 -3.28623
v -0.270008 0.593578 -3.277988
v -0.274884 1.007081 -3.294709
v -0.273571 1.007083 -3.28623
v -0.270008 1.007085 -3.277988
v -0.238844 0.59357 -3.24158
v -0.008364 0.593437 -3.277988
v -0.004796 0.593431 -3.28623
v -0.00348 0.593426 -3.294709
v -0.026217 1.00721 -3.255585
v -0.053143 1.007193 -3.228128
v -0.008364 1.007225 -3.277988
v -0.004796 1.007232 -3.28623
v -0.00348 1.007237 -3.294709
v -0.026217 0.593452 -3.255585
v -0.053143 0.593469 -3.228128
v -0.082135 0.593504 -3.205388
v -0.078812 0.593497 -3.206701
v -0.073387 0.593488 -3.210264
v -0.082135 1.007158 -3.205388
v -0.078812 1.007166 -3.206701
v -0.073387 1.007174 -3.210264
v -0.204541 1.007104 -3.210264
v -0.197208 1.007109 -3.206701
v -0.188912 1.007114 -3.205388
v -0.204541 0.593558 -3.210264
v -0.197208 0.593554 -3.206701
v -0.188912 0.593548 -3.205388
v -0.089403 1.007146 -3.2052
v -0.089403 0.593517 -3.2052
v -0.071203 1.014164 -3.210264
v -0.072705 1.011353 -3.210264
v -0.07669 1.014107 -3.206701
v -0.078159 1.011314 -3.206701
v -0.080074 1.014057 -3.205388
v -0.081509 1.01128 -3.205388
v -0.010365 1.111836 -3.210264
v -0.016689 1.111893 -3.206701
v -0.020993 1.111943 -3.205388
v -0.188678 1.01377 -3.205388
v -0.188844 1.011084 -3.205388
v -0.197089 1.013736 -3.206701
v -0.197174 1.011062 -3.206701
v -0.204484 1.013706 -3.210264
v -0.204525 1.011041 -3.210264
v -0.181643 1.112241 -3.205388
v -0.19348 1.112275 -3.206701
v -0.202727 1.112306 -3.210264
v 0.060812 1.111425 -3.294709
v 0.059521 1.111459 -3.28623
v 0.055983 1.111499 -3.277988
v -0.001025 1.01457 -3.294709
v -0.002646 1.01163 -3.294709
v -0.002359 1.014536 -3.28623
v -0.003973 1.011607 -3.28623
v -0.005949 1.014496 -3.277988
v -0.007554 1.01158 -3.277988
v -0.270008 1.112439 -3.277988
v -0.273571 1.112452 -3.28623
v -0.274884 1.112463 -3.294709
v -0.270008 1.013577 -3.277988
v -0.270008 1.010953 -3.277988
v -0.273571 1.013564 -3.28623
v -0.273571 1.010944 -3.28623
v -0.274884 1.013553 -3.294709
v -0.274884 1.010937 -3.294709
v 0.011013 1.111713 -3.228128
v 0.038189 1.111598 -3.255585
v -0.052409 1.011435 -3.228128
v -0.050854 1.014285 -3.228128
v -0.02544 1.011513 -3.255585
v -0.023854 1.014399 -3.255585
v -0.238841 1.01363 -3.24158
v -0.238843 1.010989 -3.24158
v -0.238734 1.112384 -3.24158
v -0.270008 0.587085 -3.277988
v -0.273571 0.587098 -3.28623
v -0.274884 0.587109 -3.294709
v -0.238734 0.488171 -3.24158
v -0.238731 0.485448 -3.24158
v -0.270008 0.488118 -3.277988
v -0.270008 0.485412 -3.277988
v -0.273571 0.488105 -3.28623
v -0.273571 0.485403 -3.28623
v -0.274884 0.488093 -3.294709
v -0.274884 0.485395 -3.294709
v -0.238841 0.587032 -3.24158
v -0.181643 0.48831 -3.205388
v -0.181477 0.485543 -3.205388
v -0.19348 0.488277 -3.206701
v -0.193395 0.48552 -3.206701
v -0.202727 0.488246 -3.210264
v -0.202686 0.485499 -3.210264
v -0.188678 0.586893 -3.205388
v -0.197089 0.586926 -3.206701
v -0.204484 0.586957 -3.210264
v -0.050854 0.586378 -3.228128
v -0.023854 0.586264 -3.255585
v -0.071203 0.586499 -3.210264
v -0.07669 0.586556 -3.206701
v -0.080074 0.586606 -3.205388
v 0.012568 0.485894 -3.228128
v 0.011013 0.488825 -3.228128
v 0.039775 0.485972 -3.255585
v 0.038189 0.488939 -3.255585
v -0.010365 0.488704 -3.210264
v -0.008863 0.485811 -3.210264
v -0.016689 0.488647 -3.206701
v -0.015221 0.485773 -3.206701
v -0.020993 0.488597 -3.205388
v -0.019558 0.485739 -3.205388
v -0.001025 0.586093 -3.294709
v -0.002359 0.586126 -3.28623
v -0.005948 0.586167 -3.277988
v 0.060812 0.48911 -3.294709
v 0.062433 0.486088 -3.294709
v 0.059521 0.489076 -3.28623
v 0.061135 0.486065 -3.28623
v 0.055983 0.489036 -3.277988
v 0.057589 0.486038 -3.277988
v -0.0875 0.586687 -3.2052
v -0.031791 0.488516 -3.2052
v -0.030454 0.485683 -3.2052
v -0.0875 1.013976 -3.2052
v -0.088837 1.011225 -3.2052
v -0.031791 1.112025 -3.2052
v -0.029888 1.118161 -3.2052
v -0.029888 0.481 -3.2052
v -0.21238 1.713983 -3.531849
v -0.263011 1.733927 -3.480911
v 0.051559 1.609996 -3.480912
v -0.02196 1.638966 -3.543846
v -0.21238 1.713983 -3.21727
v -0.263011 1.733927 -3.268207
v 0.051559 1.609996 -3.268207
v -0.275009 1.738653 -3.305267
v 0.063554 1.605268 -3.305267
v -0.02196 1.638966 -3.205273
v -0.181378 1.70177 -3.543658
v -0.193333 1.70648 -3.542346
v -0.202642 1.710147 -3.538785
v -0.238687 1.724346 -3.507486
v 0.063367 1.605342 -3.454382
v 0.062056 1.60586 -3.462858
v 0.058494 1.607263 -3.471096
v -0.269947 1.736659 -3.471096
v -0.273509 1.738062 -3.462858
v -0.274821 1.738579 -3.454382
v -0.00808 1.633494 -3.538785
v -0.01447 1.636013 -3.542346
v -0.018838 1.637734 -3.543658
v 0.040649 1.614295 -3.493489
v 0.013405 1.625028 -3.52093
v -0.029805 1.642057 -3.543846
v -0.202642 1.710147 -3.210334
v -0.193333 1.70648 -3.206772
v -0.181378 1.70177 -3.20546
v -0.238687 1.724345 -3.241632
v 0.058494 1.607263 -3.278022
v 0.062056 1.60586 -3.28626
v 0.063367 1.605342 -3.294736
v -0.274821 1.738579 -3.294736
v -0.273509 1.738062 -3.28626
v -0.269947 1.736659 -3.278022
v -0.018838 1.637734 -3.20546
v -0.01447 1.636013 -3.206772
v -0.00808 1.633494 -3.210334
v 0.013405 1.625028 -3.228188
v 0.040649 1.614295 -3.25563
v -0.029805 1.642057 -3.205273
v 0.063647 -0.002839 -1.742561
v 0.063647 -0.002839 -1.937235
v 0.063646 0.485181 -1.742561
v 0.063646 0.485181 -1.937235
v -0.003484 0.590057 -1.742561
v -0.003484 1.010606 -1.742561
v -0.003484 0.590057 -1.937235
v -0.003484 1.010606 -1.937235
v 0.063646 1.115482 -1.937235
v 0.063646 1.115482 -1.742561
v 0.063646 1.620447 -1.937235
v 0.063646 1.620447 -1.742561
v 0.076697 -0.002839 -1.937235
v 0.077715 -0.002839 -1.936235
v 0.077715 -0.002839 -1.743561
v 0.076697 -0.002839 -1.742561
v 0.077299 0.487001 -1.743561
v 0.076759 0.488844 -1.743561
v 0.076279 0.487791 -1.742561
v 0.077299 0.487001 -1.936235
v 0.076279 0.487791 -1.937235
v 0.076759 0.488844 -1.936235
v 0.010706 0.592035 -1.743561
v 0.010167 0.593877 -1.743561
v 0.009148 0.592667 -1.742561
v 0.010167 1.006786 -1.743561
v 0.010706 1.008628 -1.743561
v 0.009148 1.007996 -1.742561
v 0.010706 0.592035 -1.936235
v 0.009148 0.592667 -1.937235
v 0.010167 0.593877 -1.936235
v 0.009148 1.007996 -1.937235
v 0.010706 1.008628 -1.936235
v 0.010167 1.006786 -1.936235
v 0.076279 1.112872 -1.937235
v 0.077299 1.113662 -1.936235
v 0.076759 1.111819 -1.936235
v 0.076759 1.111819 -1.743561
v 0.077299 1.113662 -1.743561
v 0.076279 1.112872 -1.742561
v 0.077715 1.620447 -1.936235
v 0.076697 1.620447 -1.937235
v 0.076697 1.620447 -1.742561
v 0.077715 1.620447 -1.743561
v 0.063646 -0.002839 -3.471897
v 0.063646 -0.002839 -3.277223
v 0.063646 0.485181 -3.471897
v 0.063646 0.485181 -3.277223
v -0.003484 0.590057 -3.471897
v -0.003484 1.010606 -3.471897
v -0.003484 0.590057 -3.277223
v -0.003484 1.010606 -3.277223
v 0.063646 1.115482 -3.277223
v 0.063646 1.115482 -3.471897
v 0.063646 1.620447 -3.277223
v 0.063646 1.620447 -3.471897
v 0.076697 -0.002839 -3.277223
v 0.077715 -0.002839 -3.278223
v 0.077715 -0.002839 -3.470897
v 0.076697 -0.002839 -3.471897
v 0.077299 0.487001 -3.470897
v 0.076759 0.488844 -3.470897
v 0.076279 0.487791 -3.471897
v 0.077299 0.487001 -3.278223
v 0.076279 0.487791 -3.277223
v 0.076759 0.488844 -3.278223
v 0.010706 0.592035 -3.470897
v 0.010167 0.593877 -3.470897
v 0.009148 0.592667 -3.471897
v 0.010167 1.006786 -3.470897
v 0.010706 1.008628 -3.470897
v 0.009148 1.007996 -3.471897
v 0.010706 0.592035 -3.278223
v 0.009148 0.592667 -3.277223
v 0.010167 0.593877 -3.278223
v 0.009148 1.007996 -3.277223
v 0.010706 1.008628 -3.278223
v 0.010167 1.006786 -3.278223
v 0.076279 1.112872 -3.277223
v 0.077299 1.113662 -3.278223
v 0.076759 1.111819 -3.278223
v 0.076759 1.111819 -3.470897
v 0.077299 1.113662 -3.470897
v 0.076279 1.112872 -3.471897
v 0.077715 1.620447 -3.278223
v 0.076697 1.620447 -3.277223
v 0.076697 1.620447 -3.471897
v 0.077715 1.620447 -3.470897
v -0.131821 1.845984 -3.511384
v -0.173973 1.865639 -3.472508
v -0.144847 1.852058 -3.509482
v -0.156597 1.857537 -3.50396
v -0.165923 1.861885 -3.495359
v -0.17191 1.864677 -3.484521
v -0.173973 1.865639 -1.74195
v -0.131821 1.845984 -1.703073
v -0.17191 1.864677 -1.729936
v -0.165923 1.861885 -1.719099
v -0.156597 1.857537 -1.710498
v -0.144847 1.852058 -1.704976
v 0.146648 1.716131 -1.703073
v 0.1888 1.696476 -1.74195
v 0.159674 1.710057 -1.704976
v 0.171424 1.704578 -1.710498
v 0.18075 1.700229 -1.719099
v 0.186737 1.697438 -1.729936
v 0.1888 1.696476 -3.472508
v 0.146648 1.716131 -3.511384
v 0.186737 1.697438 -3.484521
v 0.18075 1.700229 -3.495359
v 0.171424 1.704578 -3.50396
v 0.159674 1.710057 -3.509482
v -0.216076 1.885272 -3.511339
v -0.173924 1.865617 -3.550216
v -0.214013 1.88431 -3.523353
v -0.208025 1.881518 -3.53419
v -0.1987 1.87717 -3.542791
v -0.18695 1.871691 -3.548313
v -0.173924 1.865617 -1.664242
v -0.216076 1.885272 -1.703118
v -0.18695 1.871691 -1.666144
v -0.1987 1.87717 -1.671666
v -0.208025 1.881518 -1.680267
v -0.214013 1.88431 -1.691105
v 0.230903 1.676843 -1.703118
v 0.188751 1.696498 -1.664242
v 0.22884 1.677805 -1.691105
v 0.222853 1.680597 -1.680267
v 0.213527 1.684945 -1.671666
v 0.201777 1.690424 -1.666144
v 0.188751 1.696498 -3.550216
v 0.230903 1.676843 -3.511339
v 0.201777 1.690424 -3.548313
v 0.213527 1.684945 -3.542791
v 0.222853 1.680597 -3.53419
v 0.22884 1.677805 -3.523353
v -0.159751 1.912607 -3.478209
v -0.156824 1.902415 -3.47241
v -0.15705 1.910165 -3.475303
v -0.155979 1.906434 -3.47318
v -0.114567 1.88271 -3.511384
v -0.117693 1.892995 -3.517405
v -0.113741 1.886738 -3.512191
v -0.114885 1.890503 -3.514394
v -0.15765 1.911627 -3.49023
v -0.154756 1.90145 -3.484454
v -0.154965 1.909192 -3.487337
v -0.153906 1.905468 -3.485223
v -0.151644 1.908826 -3.501098
v -0.148754 1.898652 -3.495319
v -0.14896 1.906392 -3.498206
v -0.147902 1.902668 -3.49609
v -0.14234 1.904488 -3.50977
v -0.139405 1.894292 -3.503941
v -0.139632 1.902042 -3.506855
v -0.138558 1.898311 -3.504721
v -0.130651 1.899037 -3.515398
v -0.127625 1.888799 -3.509477
v -0.127895 1.89657 -3.512437
v -0.126788 1.892822 -3.51027
v -0.117693 1.892995 -1.697053
v -0.114567 1.88271 -1.703073
v -0.114885 1.890503 -1.700063
v -0.113741 1.886738 -1.702267
v -0.156824 1.902415 -1.742047
v -0.159751 1.912607 -1.736248
v -0.155979 1.906434 -1.741277
v -0.15705 1.910165 -1.739155
v -0.127625 1.888799 -1.704981
v -0.130651 1.899037 -1.699059
v -0.126788 1.892822 -1.704188
v -0.127895 1.89657 -1.70202
v -0.139405 1.894292 -1.710516
v -0.14234 1.904488 -1.704687
v -0.138558 1.898311 -1.709737
v -0.139632 1.902042 -1.707603
v -0.148754 1.898652 -1.719139
v -0.151644 1.908826 -1.713359
v -0.147902 1.902668 -1.718367
v -0.14896 1.906392 -1.716252
v -0.154756 1.90145 -1.730003
v -0.15765 1.911627 -1.724228
v -0.153906 1.905468 -1.729234
v -0.154965 1.909192 -1.72712
v 0.215638 1.73756 -1.736248
v 0.205949 1.733251 -1.742047
v 0.212031 1.738059 -1.739155
v 0.208484 1.736482 -1.741277
v 0.163692 1.752956 -1.703073
v 0.173579 1.757172 -1.697053
v 0.166246 1.756178 -1.702267
v 0.169865 1.757721 -1.700063
v 0.20388 1.734215 -1.730003
v 0.213537 1.73854 -1.724228
v 0.206411 1.737449 -1.729234
v 0.209946 1.739032 -1.72712
v 0.197878 1.737014 -1.719139
v 0.20753 1.741341 -1.713359
v 0.200407 1.740248 -1.718367
v 0.20394 1.741832 -1.716252
v 0.18853 1.741374 -1.710516
v 0.198227 1.745679 -1.704687
v 0.191063 1.744606 -1.709737
v 0.194612 1.746182 -1.707603
v 0.17675 1.746867 -1.704981
v 0.186537 1.75113 -1.699059
v 0.179293 1.750094 -1.704188
v 0.182876 1.751655 -1.70202
v 0.173579 1.757172 -3.517405
v 0.163692 1.752956 -3.511384
v 0.169865 1.757721 -3.514394
v 0.166246 1.756178 -3.512191
v 0.205949 1.733251 -3.47241
v 0.215638 1.73756 -3.478209
v 0.208484 1.736482 -3.47318
v 0.212031 1.738059 -3.475303
v 0.17675 1.746867 -3.509477
v 0.186537 1.75113 -3.515398
v 0.179293 1.750094 -3.51027
v 0.182876 1.751655 -3.512437
v 0.18853 1.741374 -3.503941
v 0.198227 1.745679 -3.50977
v 0.191063 1.744606 -3.504721
v 0.194612 1.746182 -3.506855
v 0.197878 1.737014 -3.495319
v 0.20753 1.741341 -3.501098
v 0.200407 1.740248 -3.49609
v 0.20394 1.741832 -3.498206
v 0.20388 1.734215 -3.484454
v 0.213537 1.73854 -3.49023
v 0.206411 1.737449 -3.485223
v 0.209946 1.739032 -3.487337
v -0.198927 1.922048 -3.511242
v -0.189238 1.926357 -3.505405
v -0.196391 1.925279 -3.510453
v -0.192845 1.926856 -3.508317
v -0.146741 1.90654 -3.544196
v -0.15667 1.902343 -3.550216
v -0.15046 1.907092 -3.547206
v -0.154095 1.905555 -3.549409
v -0.1872 1.925406 -3.517484
v -0.196859 1.921083 -3.523286
v -0.190792 1.925899 -3.52038
v -0.194327 1.924316 -3.522503
v -0.181197 1.922607 -3.528355
v -0.190857 1.918284 -3.53415
v -0.184788 1.923099 -3.53125
v -0.188323 1.921517 -3.533371
v -0.171794 1.918222 -3.536936
v -0.181508 1.913925 -3.542773
v -0.17541 1.918726 -3.539853
v -0.178966 1.917153 -3.541989
v -0.159912 1.912682 -3.542385
v -0.169728 1.908432 -3.548308
v -0.163577 1.913208 -3.545347
v -0.16717 1.911653 -3.547515
v -0.15667 1.902343 -1.664242
v -0.146741 1.90654 -1.670262
v -0.154095 1.905555 -1.665048
v -0.15046 1.907092 -1.667252
v -0.189238 1.926357 -1.709053
v -0.198927 1.922048 -1.703215
v -0.192845 1.926856 -1.706141
v -0.196391 1.925279 -1.704005
v -0.169728 1.908432 -1.666149
v -0.159912 1.912682 -1.672072
v -0.16717 1.911653 -1.666943
v -0.163577 1.913208 -1.669111
v -0.181508 1.913925 -1.671685
v -0.171794 1.918222 -1.677522
v -0.178966 1.917153 -1.672468
v -0.17541 1.918726 -1.674605
v -0.190857 1.918284 -1.680307
v -0.181197 1.922607 -1.686102
v -0.188323 1.921517 -1.681086
v -0.184788 1.923099 -1.683208
v -0.196859 1.921083 -1.691172
v -0.1872 1.925406 -1.696974
v -0.194327 1.924316 -1.691954
v -0.190792 1.925899 -1.694078
v 0.248051 1.713618 -1.703215
v 0.245124 1.72381 -1.709053
v 0.248897 1.717638 -1.704004
v 0.247825 1.721368 -1.706141
v 0.202627 1.743627 -1.670262
v 0.205794 1.733323 -1.664242
v 0.205441 1.741132 -1.667252
v 0.2066 1.737361 -1.665048
v 0.243087 1.72476 -1.696974
v 0.245983 1.714583 -1.691172
v 0.245772 1.722326 -1.694078
v 0.246832 1.7186 -1.691954
v 0.237083 1.72756 -1.686102
v 0.239981 1.717381 -1.680307
v 0.239768 1.725125 -1.683208
v 0.240829 1.7214 -1.681086
v 0.22768 1.731944 -1.677522
v 0.230632 1.721741 -1.671685
v 0.230391 1.729498 -1.674605
v 0.231471 1.725763 -1.672468
v 0.215798 1.737485 -1.672072
v 0.218853 1.727234 -1.666149
v 0.218558 1.735016 -1.669111
v 0.219676 1.731264 -1.666943
v 0.205794 1.733323 -3.550216
v 0.202627 1.743627 -3.544196
v 0.2066 1.737361 -3.549409
v 0.205441 1.741132 -3.547206
v 0.245124 1.72381 -3.505405
v 0.248051 1.713618 -3.511242
v 0.247825 1.721368 -3.508317
v 0.248897 1.717638 -3.510453
v 0.218853 1.727234 -3.548308
v 0.215798 1.737485 -3.542385
v 0.219676 1.731264 -3.547515
v 0.218558 1.735016 -3.545347
v 0.230632 1.721741 -3.542773
v 0.22768 1.731944 -3.536936
v 0.231471 1.725763 -3.541989
v 0.230391 1.729498 -3.539853
v 0.239981 1.717381 -3.53415
v 0.237083 1.72756 -3.528355
v 0.240829 1.7214 -3.533371
v 0.239768 1.725125 -3.53125
v 0.245983 1.714583 -3.523286
v 0.243087 1.72476 -3.517484
v 0.246832 1.7186 -3.522503
v 0.245772 1.722326 -3.52038
v 0.089154 1.407092 -1.525351
v 0.087596 1.403751 -1.529038
v 0.092495 1.405534 -1.529038
v -0.319421 1.597614 -1.525351
v -0.322763 1.599172 -1.529038
v -0.320979 1.594273 -1.529038
v 0.092495 1.405534 -3.68542
v 0.087596 1.403751 -3.68542
v 0.089154 1.407092 -3.689107
v -0.322763 1.599172 -3.68542
v -0.319421 1.597614 -3.689107
v -0.320979 1.594273 -3.68542
v -0.293838 1.6612 -1.529038
v -0.290497 1.659642 -1.525351
v 0.118078 1.469121 -1.525351
v 0.121419 1.467562 -1.529038
v 0.121419 1.467562 -3.68542
v 0.118078 1.469121 -3.689107
v -0.290497 1.659642 -3.689107
v -0.293838 1.6612 -3.68542
#end vertices

#begin 5420 textures vertices 
vt 0.2680158 0.9202871 0
vt 0.2703739 0.915507 0
vt 0.2647987 0.9245254 0
vt 0.2563902 0.930856 0
vt 0.2524242 0.9327323 0
vt 0.2480956 0.9328843 0
vt 0.2429447 0.9324891 0
vt 0.2378899 0.9310958 0
vt 0.2331011 0.9287907 0
vt 0.2251799 0.9218431 0
vt 0.2224133 0.9174502 0
vt 0.2205207 0.9135228 0
vt 0.2203298 0.9091024 0
vt 0.221994 0.8986232 0
vt 0.2242399 0.8937615 0
vt 0.2273638 0.8894136 0
vt 0.2312603 0.885748 0
vt 0.2357763 0.8828897 0
vt 0.2397861 0.8808997 0
vt 0.2441759 0.8806997 0
vt 0.2494254 0.8810751 0
vt 0.2594953 0.8848462 0
vt 0.2638693 0.8880667 0
vt 0.2675049 0.8920057 0
vt 0.2702515 0.8965159 0
vt 0.2720982 0.9005249 0
vt 0.2722016 0.9050184 0
vt 0.2717799 0.910354 0
vt 0.2787333 0.9120055 0
vt 0.2770748 0.9182312 0
vt 0.2802582 0.9193508 0
vt 0.2742022 0.9240154 0
vt 0.2770465 0.9257428 0
vt 0.2702724 0.9290956 0
vt 0.2727179 0.9313545 0
vt 0.2599599 0.9366798 0
vt 0.2614405 0.9397059 0
vt 0.2539015 0.9387283 0
vt 0.25471 0.9418977 0
vt 0.2475734 0.9396143 0
vt 0.2477064 0.9429538 0
vt 0.2412281 0.9392868 0
vt 0.2406719 0.942522 0
vt 0.2351324 0.9376574 0
vt 0.2339727 0.9406827 0
vt 0.2293404 0.9349782 0
vt 0.2275757 0.9378667 0
vt 0.2198889 0.9266087 0
vt 0.2172276 0.9286767 0
vt 0.216656 0.9211063 0
vt 0.2136216 0.9225727 0
vt 0.2144956 0.9150345 0
vt 0.2113047 0.9158058 0
vt 0.2134948 0.9086606 0
vt 0.2100897 0.9087698 0
vt 0.2153784 0.8958935 0
vt 0.2122035 0.8947708 0
vt 0.2180326 0.889999 0
vt 0.2151396 0.8882596 0
vt 0.2218091 0.884714 0
vt 0.2193083 0.8823856 0
vt 0.2265433 0.8803041 0
vt 0.2244661 0.8774474 0
vt 0.2321895 0.8769453 0
vt 0.2307225 0.8738462 0
vt 0.2382768 0.8746506 0
vt 0.2374379 0.8713244 0
vt 0.2447032 0.8736538 0
vt 0.2445743 0.8701684 0
vt 0.2511857 0.8739587 0
vt 0.2517648 0.8706042 0
vt 0.2633756 0.8783421 0
vt 0.265174 0.8752893 0
vt 0.268667 0.8822176 0
vt 0.2710068 0.8795457 0
vt 0.2729772 0.8870783 0
vt 0.2756921 0.8849926 0
vt 0.2762154 0.8927707 0
vt 0.2793493 0.8912866 0
vt 0.2782781 0.8989727 0
vt 0.2816166 0.8981752 0
vt 0.2790721 0.9054503 0
vt 0.2824616 0.905322 0
vt 0.2822031 0.9125198 0
vt 0.3048812 0.916043 0
vt 0.306107 0.9044102 0
vt 0.3019051 0.9272761 0
vt 0.2968 0.9376311 0
vt 0.2899023 0.9468819 0
vt 0.2710991 0.9599817 0
vt 0.260326 0.9638328 0
vt 0.2490015 0.9653139 0
vt 0.237566 0.9648953 0
vt 0.2262518 0.9626027 0
vt 0.2158514 0.9574838 0
vt 0.1992347 0.9415706 0
vt 0.1933966 0.9317456 0
vt 0.1893058 0.921091 0
vt 0.1875794 0.9097843 0
vt 0.1902188 0.8869565 0
vt 0.1951518 0.8764549 0
vt 0.2019312 0.8670112 0
vt 0.2105151 0.8590378 0
vt 0.2202969 0.8524018 0
vt 0.2314689 0.848464 0
vt 0.2431997 0.8466107 0
vt 0.2551581 0.8467392 0
vt 0.2777342 0.8548094 0
vt 0.2869805 0.8624746 0
vt 0.2947441 0.8714915 0
vt 0.3004802 0.8817792 0
vt 0.3043462 0.8928496 0
vt 0.2695371 0.9013538 0
vt 0.2685931 0.9069778 0
vt 0.2667302 0.9125676 0
vt 0.2640032 0.9178734 0
vt 0.2605183 0.9226902 0
vt 0.2519681 0.9301564 0
vt 0.2661812 0.8970067 0
vt 0.2645071 0.9028631 0
vt 0.2620314 0.9088774 0
vt 0.2588482 0.9147659 0
vt 0.2550969 0.9202612 0
vt 0.2466501 0.9291682 0
vt 0.2618439 0.8929514 0
vt 0.2593695 0.8987255 0
vt 0.2562948 0.9048686 0
vt 0.2527549 0.911084 0
vt 0.2489225 0.9170609 0
vt 0.2411469 0.927219 0
vt 0.2567608 0.8893964 0
vt 0.2535002 0.8948223 0
vt 0.2499041 0.9008131 0
vt 0.246144 0.9070809 0
vt 0.2424101 0.9133052 0
vt 0.2357299 0.9244256 0
vt 0.2456467 0.8845561 0
vt 0.241273 0.8887615 0
vt 0.2371298 0.8937684 0
vt 0.233424 0.8993587 0
vt 0.2303263 0.905277 0
vt 0.2263969 0.9169824 0
vt 0.2402514 0.8835713 0
vt 0.2357337 0.8870244 0
vt 0.231671 0.8912944 0
vt 0.2282596 0.8962124 0
vt 0.2256315 0.9015811 0
vt 0.2230244 0.9127148 0
vt 0.2663782 0.9256026 0
vt 0.2665071 0.9224833 0
vt 0.2696861 0.921292 0
vt 0.2693086 0.9179538 0
vt 0.2720838 0.9164038 0
vt 0.2629094 0.9263997 0
vt 0.2576446 0.9320085 0
vt 0.2586809 0.9295904 0
vt 0.2526796 0.9338002 0
vt 0.2540985 0.9319071 0
vt 0.2474635 0.934491 0
vt 0.2505776 0.9327666 0
vt 0.2421238 0.9341826 0
vt 0.2455197 0.932813 0
vt 0.2369412 0.9328245 0
vt 0.2403948 0.9319133 0
vt 0.2320588 0.9305151 0
vt 0.2308799 0.9273236 0
vt 0.2240532 0.9233752 0
vt 0.226892 0.9238328 0
vt 0.2212782 0.9187725 0
vt 0.2236836 0.9197083 0
vt 0.2194516 0.9137989 0
vt 0.2213555 0.9151847 0
vt 0.2187188 0.9085262 0
vt 0.2204701 0.9116412 0
vt 0.220378 0.9064631 0
vt 0.2202979 0.8977206 0
vt 0.2212202 0.9011894 0
vt 0.2225659 0.8927424 0
vt 0.2230029 0.8961396 0
vt 0.2257689 0.8883069 0
vt 0.2256989 0.8915124 0
vt 0.2297926 0.8845908 0
vt 0.229223 0.8874863 0
vt 0.2345079 0.8817145 0
vt 0.2395267 0.8797902 0
vt 0.2380933 0.8817767 0
vt 0.2448171 0.8790174 0
vt 0.2416573 0.8808439 0
vt 0.2502676 0.8793029 0
vt 0.2467975 0.8807547 0
vt 0.2520357 0.8816564 0
vt 0.2605789 0.8830387 0
vt 0.2571036 0.883551 0
vt 0.2650172 0.8863355 0
vt 0.2686813 0.8904201 0
vt 0.2657904 0.8899542 0
vt 0.2714372 0.8951581 0
vt 0.2689963 0.894201 0
vt 0.2731925 0.9002407 0
vt 0.271285 0.8988308 0
vt 0.2738184 0.9056 0
vt 0.2721091 0.9024404 0
vt 0.2734726 0.911117 0
vt 0.2711999 0.9129662 0
vt 0.2769838 0.9117362 0
vt 0.2773327 0.905524 0
vt 0.2780566 0.915159 0
vt 0.2754262 0.9176446 0
vt 0.2757561 0.9211833 0
vt 0.2727149 0.9231167 0
vt 0.2814231 0.9159769 0
vt 0.278791 0.9226158 0
vt 0.2750415 0.9286847 0
vt 0.2723628 0.9266584 0
vt 0.2690043 0.9279347 0
vt 0.2701854 0.9338054 0
vt 0.2679559 0.9313184 0
vt 0.2645606 0.9381074 0
vt 0.2627696 0.9351688 0
vt 0.2592094 0.9351157 0
vt 0.2581337 0.9409562 0
vt 0.2569849 0.9378496 0
vt 0.2534918 0.9370834 0
vt 0.2512277 0.9425731 0
vt 0.2507528 0.9393251 0
vt 0.2475048 0.9379263 0
vt 0.2441695 0.9428861 0
vt 0.2443882 0.9396054 0
vt 0.2415046 0.9375983 0
vt 0.2372579 0.9418221 0
vt 0.2381404 0.9386141 0
vt 0.2357181 0.9360722 0
vt 0.2302365 0.9335114 0
vt 0.2247259 0.9359666 0
vt 0.2267255 0.9332392 0
vt 0.2194528 0.9313666 0
vt 0.2219346 0.9290319 0
vt 0.2212801 0.9255521 0
vt 0.2153095 0.9257102 0
vt 0.2181419 0.9239441 0
vt 0.2181979 0.9203647 0
vt 0.2123186 0.919245 0
vt 0.2154353 0.9181284 0
vt 0.2161496 0.914624 0
vt 0.2105593 0.9123063 0
vt 0.2138277 0.9118671 0
vt 0.2152295 0.9085936 0
vt 0.2100498 0.9052331 0
vt 0.2135047 0.905441 0
vt 0.2112291 0.8981863 0
vt 0.2144724 0.898994 0
vt 0.216998 0.8964751 0
vt 0.2134657 0.8914323 0
vt 0.2165454 0.8928763 0
vt 0.2195259 0.8908984 0
vt 0.2171116 0.8852421 0
vt 0.2197971 0.887268 0
vt 0.2231026 0.8859084 0
vt 0.2217698 0.8797746 0
vt 0.2240584 0.88238 0
vt 0.2275994 0.8817415 0
vt 0.232935 0.8785368 0
vt 0.2340175 0.8724336 0
vt 0.2351778 0.875644 0
vt 0.2387001 0.8763693 0
vt 0.2409765 0.8706018 0
vt 0.2414645 0.8739754 0
vt 0.244774 0.8754258 0
vt 0.2481832 0.8701869 0
vt 0.2479538 0.8736389 0
vt 0.250903 0.8757309 0
vt 0.2552751 0.8713107 0
vt 0.2543682 0.874637 0
vt 0.2620954 0.8735722 0
vt 0.2605458 0.8767935 0
vt 0.26246 0.8798846 0
vt 0.2674563 0.8835731 0
vt 0.2735214 0.882091 0
vt 0.2709365 0.884536 0
vt 0.2715424 0.8881669 0
vt 0.2776714 0.8880498 0
vt 0.2747347 0.8898445 0
vt 0.2746248 0.8935255 0
vt 0.2806711 0.8946797 0
vt 0.2774307 0.8958119 0
vt 0.2765768 0.8993911 0
vt 0.2821737 0.9017477 0
vt 0.2788476 0.9021869 0
vt 0.2844956 0.9053086 0
vt 0.2836124 0.8977301 0
vt 0.2843777 0.9127689 0
vt 0.2821847 0.9200334 0
vt 0.3036491 0.9217371 0
vt 0.2996682 0.9326143 0
vt 0.2934905 0.9423601 0
vt 0.2858019 0.950938 0
vt 0.2762002 0.9573272 0
vt 0.2657951 0.9621549 0
vt 0.2546978 0.9648319 0
vt 0.2432756 0.965451 0
vt 0.2318709 0.9639991 0
vt 0.2110061 0.954248 0
vt 0.2027633 0.9461269 0
vt 0.1960112 0.9368291 0
vt 0.1911053 0.9265137 0
vt 0.1881833 0.9154846 0
vt 0.1875 0.9040306 0
vt 0.1885715 0.8925119 0
vt 0.1925253 0.8816335 0
vt 0.1982473 0.8715291 0
vt 0.2060309 0.8628345 0
vt 0.2257583 0.8500973 0
vt 0.2372738 0.847178 0
vt 0.249171 0.8464034 0
vt 0.2610721 0.8477862 0
vt 0.2723346 0.8520683 0
vt 0.2910178 0.866877 0
vt 0.297859 0.8765099 0
vt 0.3025886 0.8872561 0
vt 0.3055785 0.8985803 0
vt 0.2812195 0.8904083 0
vt 0.2773332 0.8837266 0
vt 0.2723922 0.8778421 0
vt 0.2662672 0.8735211 0
vt 0.2521325 0.8686101 0
vt 0.2444989 0.8680671 0
vt 0.2369061 0.8692702 0
vt 0.229783 0.8720212 0
vt 0.2232245 0.8756226 0
vt 0.217801 0.8809951 0
vt 0.2133977 0.8872192 0
vt 0.2103103 0.8941334 0
vt 0.2080562 0.908814 0
vt 0.209416 0.9162633 0
vt 0.2118184 0.9234384 0
vt 0.215606 0.9299692 0
vt 0.2265331 0.9396652 0
vt 0.2332158 0.9424847 0
vt 0.240312 0.9445344 0
vt 0.2477871 0.944946 0
vt 0.255195 0.9437709 0
vt 0.2623483 0.9415223 0
vt 0.274148 0.9327141 0
vt 0.2787758 0.9267956 0
vt 0.2708525 0.9034724 0
vt 0.2697444 0.8986804 0
vt 0.2679929 0.8991579 0
vt 0.2667621 0.894276 0
vt 0.2641222 0.894929 0
vt 0.2628554 0.8903165 0
vt 0.2582146 0.8869783 0
vt 0.2540382 0.8878692 0
vt 0.2484392 0.8854298 0
vt 0.2477774 0.8827796 0
vt 0.242906 0.883934 0
vt 0.2425081 0.8821501 0
vt 0.23777 0.883378 0
vt 0.2702177 0.9088915 0
vt 0.2666967 0.9049384 0
vt 0.2620523 0.9007815 0
vt 0.2504213 0.8930414 0
vt 0.2442543 0.8899845 0
vt 0.2384194 0.8877703 0
vt 0.2332837 0.8864631 0
vt 0.2686345 0.9141941 0
vt 0.2677737 0.9097936 0
vt 0.2645296 0.9107778 0
vt 0.2633641 0.9058685 0
vt 0.2592717 0.9068967 0
vt 0.2578998 0.9017682 0
vt 0.2517343 0.8977634 0
vt 0.246615 0.8988627 0
vt 0.2401681 0.8953071 0
vt 0.239159 0.8911777 0
vt 0.2342827 0.8924243 0
vt 0.2336315 0.8890674 0
vt 0.2293405 0.8903531 0
vt 0.2661416 0.9191601 0
vt 0.2654692 0.9152697 0
vt 0.2615645 0.9164043 0
vt 0.2605205 0.9118548 0
vt 0.255895 0.9129824 0
vt 0.254573 0.9079865 0
vt 0.2480329 0.9039323 0
vt 0.2428031 0.9050557 0
vt 0.2363823 0.9011584 0
vt 0.2352102 0.8965057 0
vt 0.2307026 0.8977014 0
vt 0.2298741 0.893684 0
vt 0.2261177 0.8949064 0
vt 0.2628347 0.9236096 0
vt 0.2623462 0.9203539 0
vt 0.2579242 0.9215821 0
vt 0.2570323 0.9175779 0
vt 0.25208 0.9187459 0
vt 0.2508631 0.9141208 0
vt 0.2442616 0.9102193 0
vt 0.2391796 0.9113056 0
vt 0.2330808 0.9072549 0
vt 0.2317905 0.902294 0
vt 0.2278306 0.9033755 0
vt 0.2268417 0.8988539 0
vt 0.2237286 0.8999454 0
vt 0.2585423 0.9248605 0
vt 0.2530663 0.9227866 0
vt 0.2469573 0.9198697 0
vt 0.2406121 0.9163008 0
vt 0.2290444 0.9082713 0
vt 0.2246367 0.9043628 0
vt 0.2544195 0.9303649 0
vt 0.254244 0.9286145 0
vt 0.2493486 0.9297865 0
vt 0.2488181 0.9272613 0
vt 0.243905 0.9283081 0
vt 0.2430471 0.9249728 0
vt 0.2372545 0.9218892 0
vt 0.2331517 0.9227614 0
vt 0.2284496 0.9190161 0
vt 0.2270723 0.9141557 0
vt 0.2245812 0.914873 0
vt 0.2233264 0.9099608 0
vt 0.2216898 0.9106284 0
vt 0.2497395 0.9315055 0
vt 0.2445578 0.9308635 0
vt 0.2393491 0.929246 0
vt 0.2343312 0.92675 0
vt 0.2258714 0.9196419 0
vt 0.2228698 0.9153357 0
vt 0.2681376 0.9235286 0
vt 0.2710031 0.9189065 0
vt 0.2644246 0.9275005 0
vt 0.2600299 0.9307339 0
vt 0.2551685 0.9330332 0
vt 0.25012 0.9342615 0
vt 0.2447844 0.9344693 0
vt 0.2395037 0.9336297 0
vt 0.2298121 0.9290247 0
vt 0.2257781 0.9254359 0
vt 0.2225506 0.9211467 0
vt 0.2202392 0.9162985 0
vt 0.2189678 0.9112177 0
vt 0.2187296 0.9057971 0
vt 0.2195304 0.9003543 0
vt 0.2213104 0.8951752 0
vt 0.2240591 0.890446 0
vt 0.2276844 0.8863485 0
vt 0.2370113 0.8806209 0
vt 0.2421192 0.8792793 0
vt 0.247547 0.879021 0
vt 0.2529543 0.879859 0
vt 0.2581487 0.881732 0
vt 0.2669557 0.8882857 0
vt 0.2701787 0.8927196 0
vt 0.272448 0.8976905 0
vt 0.2736234 0.9028668 0
vt 0.2729083 0.9137992 0
vt 0.2763483 0.9147318 0
vt 0.2741936 0.9204434 0
vt 0.2709798 0.9256209 0
vt 0.2668122 0.9300469 0
vt 0.2618783 0.9336832 0
vt 0.2564009 0.9362351 0
vt 0.2505146 0.9376474 0
vt 0.2444909 0.9379103 0
vt 0.2385755 0.9369706 0
vt 0.2277426 0.9318576 0
vt 0.2232144 0.927852 0
vt 0.2196122 0.9230439 0
vt 0.2170368 0.9175485 0
vt 0.2155418 0.9116282 0
vt 0.2152448 0.9055361 0
vt 0.2161426 0.8994201 0
vt 0.2181194 0.8936235 0
vt 0.2211958 0.888319 0
vt 0.2252402 0.8837071 0
vt 0.2357674 0.877314 0
vt 0.2417117 0.8757335 0
vt 0.2478479 0.8754188 0
vt 0.2539144 0.8763543 0
vt 0.2597588 0.8784264 0
vt 0.2696172 0.8857624 0
vt 0.2732158 0.8907662 0
vt 0.2757558 0.8964073 0
vt 0.2771038 0.9024383 0
vt 0.2841675 0.9015165 0
vt 0.2834704 0.9164578 0
vt 0.2826731 0.8939926 0
vt 0.2794333 0.8869741 0
vt 0.2750662 0.880589 0
vt 0.2630496 0.8715221 0
vt 0.2558829 0.8693146 0
vt 0.2483381 0.868144 0
vt 0.2406835 0.8685747 0
vt 0.2332947 0.8705408 0
vt 0.2203753 0.8781677 0
vt 0.2155171 0.8840558 0
vt 0.2116044 0.8905731 0
vt 0.2092554 0.8977557 0
vt 0.2078947 0.9050358 0
vt 0.2085548 0.9125722 0
vt 0.2104499 0.9199054 0
vt 0.2136393 0.9267505 0
vt 0.2179612 0.9328644 0
vt 0.2235021 0.9376027 0
vt 0.2366934 0.9436912 0
vt 0.2440429 0.9448311 0
vt 0.2515218 0.9445431 0
vt 0.2588255 0.9428198 0
vt 0.2657331 0.9399193 0
vt 0.2714712 0.9353293 0
vt 0.276674 0.9299323 0
vt 0.2805655 0.9234634 0
vt 0.2709007 0.9008782 0
vt 0.2683781 0.896435 0
vt 0.2649142 0.8922291 0
vt 0.2556991 0.8855936 0
vt 0.2504449 0.8834807 0
vt 0.2451222 0.8823339 0
vt 0.2400337 0.8821331 0
vt 0.2695435 0.9115733 0
vt 0.265718 0.907868 0
vt 0.2607447 0.9038242 0
vt 0.248531 0.8958867 0
vt 0.2421865 0.8925637 0
vt 0.2362939 0.8900068 0
vt 0.2312312 0.8883164 0
vt 0.2674968 0.9167307 0
vt 0.2631402 0.9136332 0
vt 0.2576495 0.9099626 0
vt 0.2446975 0.9019315 0
vt 0.2382253 0.8981838 0
vt 0.2324121 0.8949983 0
vt 0.2276311 0.892557 0
vt 0.2645817 0.921459 0
vt 0.2598183 0.9190625 0
vt 0.2540312 0.915922 0
vt 0.240956 0.9081943 0
vt 0.2346613 0.9041947 0
vt 0.2291709 0.9005044 0
vt 0.2248138 0.8973772 0
vt 0.2609215 0.9255951 0
vt 0.2559047 0.9239379 0
vt 0.2500679 0.9214238 0
vt 0.2374939 0.9143514 0
vt 0.2316572 0.9103019 0
vt 0.2266928 0.906282 0
vt 0.2228685 0.9025856 0
vt 0.2566911 0.9289949 0
vt 0.2515934 0.92806 0
vt 0.2459562 0.9262272 0
vt 0.2344657 0.9201092 0
vt 0.2293326 0.9162138 0
vt 0.2250617 0.9120613 0
vt 0.2218401 0.9079577 0
vt 0.2521812 0.9315442 0
vt 0.2471656 0.9313097 0
vt 0.2419438 0.9301723 0
vt 0.2319742 0.9252094 0
vt 0.2277142 0.9216361 0
vt 0.224251 0.9175342 0
vt 0.2216912 0.9131791 0
vt 0.7799762 0.9138788 0
vt 0.8185543 0.9116095 0
vt 0.779761 0.9102122 0
vt 0.780196 0.9175457 0
vt 0.8187788 0.9151255 0
vt 0.7804306 0.9212109 0
vt 0.8190067 0.9186407 0
vt 0.7806798 0.9248759 0
vt 0.8192475 0.9221546 0
vt 0.7809522 0.9285388 0
vt 0.8194932 0.9256685 0
vt 0.7812391 0.9322006 0
vt 0.8197599 0.9291812 0
vt 0.7815407 0.9358616 0
vt 0.8200364 0.9326929 0
vt 0.7818478 0.939522 0
vt 0.8203327 0.9362033 0
vt 0.7821699 0.9431815 0
vt 0.8206352 0.939714 0
vt 0.7825075 0.9468403 0
vt 0.8209633 0.9432228 0
vt 0.78287 0.9504959 0
vt 0.821294 0.9467329 0
vt 0.7832384 0.9541508 0
vt 0.8216621 0.9502409 0
vt 0.7836315 0.9578002 0
vt 0.8220387 0.9537531 0
vt 0.7840297 0.9614487 0
vt 0.8224611 0.9572633 0
vt 0.7844486 0.9650864 0
vt 0.8229056 0.9607834 0
vt 0.7848711 0.9687232 0
vt 0.8234099 0.9643026 0
vt 0.785302 0.9723398 0
vt 0.8239673 0.9678415 0
vt 0.785731 0.975956 0
vt 0.8245716 0.9713868 0
vt 0.7852933 0.7452713 0
vt 0.8239625 0.7497634 0
vt 0.7848633 0.7488884 0
vt 0.8234114 0.7533031 0
vt 0.7844421 0.7525253 0
vt 0.8229074 0.7568226 0
vt 0.784024 0.756163 0
vt 0.8224625 0.7603426 0
vt 0.7836267 0.7598111 0
vt 0.8220411 0.7638526 0
vt 0.7832349 0.7634601 0
vt 0.8216663 0.7673658 0
vt 0.7828668 0.7671149 0
vt 0.8213005 0.7708741 0
vt 0.7825144 0.7707709 0
vt 0.8209651 0.7743839 0
vt 0.7821772 0.7744288 0
vt 0.8206379 0.7778928 0
vt 0.7818457 0.7780869 0
vt 0.8203325 0.7814033 0
vt 0.781529 0.7817465 0
vt 0.8200387 0.7849142 0
vt 0.7812271 0.7854069 0
vt 0.8197655 0.7884267 0
vt 0.7809487 0.7890699 0
vt 0.8194994 0.7919391 0
vt 0.780685 0.792733 0
vt 0.8192466 0.7954529 0
vt 0.7804362 0.7963978 0
vt 0.8189971 0.7989673 0
vt 0.7801918 0.800062 0
vt 0.818777 0.8024836 0
vt 0.7799621 0.8037278 0
vt 0.8185611 0.8059997 0
vt 0.7797559 0.8073954 0
vt 0.8183593 0.8095163 0
vt 0.7795551 0.811063 0
vt 0.8181747 0.8130343 0
vt 0.7793773 0.8147325 0
vt 0.8179963 0.8165519 0
vt 0.7792047 0.8184024 0
vt 0.8178394 0.8200709 0
vt 0.7790465 0.8220733 0
vt 0.8176963 0.8235901 0
vt 0.7789124 0.8257457 0
vt 0.8175514 0.8271085 0
vt 0.7787933 0.8294188 0
vt 0.8174318 0.8306285 0
vt 0.7786793 0.8330921 0
vt 0.8173356 0.8341498 0
vt 0.7785898 0.8367654 0
vt 0.817249 0.8376703 0
vt 0.7785056 0.8404389 0
vt 0.8171753 0.8411913 0
vt 0.7784455 0.8441131 0
vt 0.8171096 0.8447125 0
vt 0.7783999 0.8477874 0
vt 0.8170584 0.8482343 0
vt 0.7783686 0.851461 0
vt 0.8170313 0.8517569 0
vt 0.7783422 0.8551345 0
vt 0.8170238 0.8552791 0
vt 0.7783394 0.8588079 0
vt 0.8170101 0.8588011 0
vt 0.778351 0.8624815 0
vt 0.8170086 0.8623231 0
vt 0.7783672 0.8661548 0
vt 0.8170368 0.8658455 0
vt 0.7784075 0.869828 0
vt 0.8170705 0.8693681 0
vt 0.7784617 0.8735009 0
vt 0.8171179 0.8728902 0
vt 0.7785212 0.8771739 0
vt 0.8171764 0.8764128 0
vt 0.778605 0.8808466 0
vt 0.8172537 0.8799347 0
vt 0.7786937 0.8845191 0
vt 0.8173413 0.8834564 0
vt 0.7787974 0.8881916 0
vt 0.8174525 0.8869768 0
vt 0.7789247 0.8918635 0
vt 0.8175618 0.8904972 0
vt 0.7790666 0.8955346 0
vt 0.8176955 0.8940171 0
vt 0.7792136 0.8992052 0
vt 0.8178396 0.8975367 0
vt 0.7793844 0.9028748 0
vt 0.8180008 0.9010558 0
vt 0.7795606 0.906544 0
vt 0.8181727 0.9045743 0
vt 0.8194047 0.9045105 0
vt 0.8183603 0.908092 0
vt 0.819608 0.9080225 0
vt 0.8201376 0.9079928 0
vt 0.8197865 0.911536 0
vt 0.8203082 0.9115046 0
vt 0.820025 0.9150459 0
vt 0.8202476 0.9185582 0
vt 0.8205543 0.9150122 0
vt 0.8207728 0.9185231 0
vt 0.8241822 0.9147811 0
vt 0.824478 0.914762 0
vt 0.8240115 0.9112834 0
vt 0.8244362 0.9182752 0
vt 0.8247303 0.9182536 0
vt 0.8246959 0.9217691 0
vt 0.8249904 0.9217469 0
vt 0.8210133 0.9220312 0
vt 0.8249758 0.9252606 0
vt 0.8212488 0.9255377 0
vt 0.8252695 0.925239 0
vt 0.8252075 0.9287554 0
vt 0.8215243 0.9290411 0
vt 0.8254625 0.9322476 0
vt 0.8255016 0.9287342 0
vt 0.8257563 0.9322251 0
vt 0.8264406 0.9286668 0
vt 0.8262001 0.9251705 0
vt 0.8259297 0.9216752 0
vt 0.825665 0.9181846 0
vt 0.8254161 0.914701 0
vt 0.8252378 0.9112103 0
vt 0.8250119 0.9077226 0
vt 0.8248582 0.90423 0
vt 0.8246545 0.9007407 0
vt 0.8245331 0.8972467 0
vt 0.8243566 0.8937551 0
vt 0.8242577 0.8902599 0
vt 0.824112 0.8867665 0
vt 0.8240363 0.8832702 0
vt 0.8231723 0.8867962 0
vt 0.8231012 0.883297 0
vt 0.8239147 0.8797773 0
vt 0.8229749 0.8798001 0
vt 0.8229324 0.876301 0
vt 0.8226781 0.8798067 0
vt 0.8226388 0.8763073 0
vt 0.8190319 0.8798933 0
vt 0.8228087 0.8833052 0
vt 0.8190974 0.8834081 0
vt 0.822875 0.8868059 0
vt 0.8192314 0.8869208 0
vt 0.8230297 0.8903034 0
vt 0.8233226 0.8902935 0
vt 0.8193194 0.8904352 0
vt 0.8231212 0.8938033 0
vt 0.8233024 0.8972997 0
vt 0.8194756 0.8939469 0
vt 0.8234173 0.8937917 0
vt 0.8235954 0.8972868 0
vt 0.8237181 0.9007845 0
vt 0.8239242 0.9042779 0
vt 0.8234216 0.9007986 0
vt 0.8197785 0.9009711 0
vt 0.823631 0.9042928 0
vt 0.8237768 0.9077908 0
vt 0.8199246 0.9044837 0
vt 0.8240731 0.9077744 0
vt 0.8243042 0.9112662 0
vt 0.8195945 0.8974608 0
vt 0.8192481 0.9009964 0
vt 0.8190725 0.8974835 0
vt 0.8189449 0.8939677 0
vt 0.8187973 0.8904535 0
vt 0.8186995 0.8869377 0
vt 0.8185752 0.8834224 0
vt 0.8185025 0.8799058 0
vt 0.81841 0.8763891 0
vt 0.8183669 0.8728717 0
vt 0.8189316 0.8763793 0
vt 0.8188976 0.8728638 0
vt 0.8225328 0.8728077 0
vt 0.8188392 0.8693468 0
vt 0.818806 0.865831 0
vt 0.8183126 0.8693531 0
vt 0.8225105 0.8693062 0
vt 0.8228049 0.869304 0
vt 0.8224965 0.8658043 0
vt 0.8227922 0.865804 0
vt 0.8225038 0.8623035 0
vt 0.8227981 0.8623028 0
vt 0.8187695 0.862317 0
vt 0.822462 0.8588019 0
vt 0.8227576 0.8588005 0
vt 0.8187803 0.8588034 0
vt 0.8224338 0.8552971 0
vt 0.8188036 0.8552855 0
vt 0.8227304 0.855298 0
vt 0.822484 0.8517937 0
vt 0.8188022 0.8517677 0
vt 0.8225502 0.8482944 0
vt 0.8227796 0.8517969 0
vt 0.822844 0.8482977 0
vt 0.8228642 0.8447986 0
vt 0.8229023 0.8412995 0
vt 0.8225685 0.8447959 0
vt 0.8238027 0.8448071 0
vt 0.8238422 0.8413116 0
vt 0.8237764 0.8483076 0
vt 0.8237177 0.8518075 0
vt 0.8236705 0.8553009 0
vt 0.8236952 0.8587952 0
vt 0.8237342 0.8622992 0
vt 0.8237308 0.8658023 0
vt 0.8237421 0.8692987 0
vt 0.8237684 0.8727894 0
vt 0.8238671 0.8762821 0
vt 0.8228292 0.8728031 0
vt 0.8238839 0.8378221 0
vt 0.823994 0.8343368 0
vt 0.8241176 0.8308466 0
vt 0.8242526 0.8273519 0
vt 0.8243418 0.8238566 0
vt 0.8244996 0.8203702 0
vt 0.824669 0.81688 0
vt 0.8248539 0.8133874 0
vt 0.825048 0.8098931 0
vt 0.8252615 0.8063957 0
vt 0.8241111 0.8098376 0
vt 0.8243275 0.8063424 0
vt 0.8244939 0.8028435 0
vt 0.8240336 0.8063256 0
vt 0.8203146 0.8061056 0
vt 0.8241976 0.8028254 0
vt 0.8238162 0.8098201 0
vt 0.8201274 0.8096158 0
vt 0.8236197 0.8133176 0
vt 0.8199418 0.8131263 0
vt 0.8239142 0.8133343 0
vt 0.8234387 0.8168143 0
vt 0.8197651 0.8166375 0
vt 0.8232692 0.8203111 0
vt 0.8237327 0.8168299 0
vt 0.8235635 0.820325 0
vt 0.8234027 0.8238199 0
vt 0.8233172 0.8273185 0
vt 0.8231058 0.823808 0
vt 0.8230246 0.8273083 0
vt 0.819473 0.8236643 0
vt 0.8193068 0.8271737 0
vt 0.8189437 0.823642 0
vt 0.819604 0.8201494 0
vt 0.8190799 0.8201259 0
vt 0.8192372 0.8166117 0
vt 0.8194155 0.8130987 0
vt 0.8196006 0.8095862 0
vt 0.8197941 0.8060743 0
vt 0.8200252 0.802564 0
vt 0.8202289 0.7990507 0
vt 0.8205549 0.8025983 0
vt 0.8207508 0.7990861 0
vt 0.8210209 0.7955803 0
vt 0.8244527 0.7993339 0
vt 0.8247456 0.7993528 0
vt 0.8246475 0.7958369 0
vt 0.8249246 0.7923458 0
vt 0.8249432 0.7958579 0
vt 0.8252188 0.7923694 0
vt 0.8255041 0.7888803 0
vt 0.8258082 0.7853929 0
vt 0.8252098 0.7888559 0
vt 0.826439 0.7889588 0
vt 0.8267412 0.7854693 0
vt 0.8261528 0.7924445 0
vt 0.8258805 0.7959248 0
vt 0.8256786 0.7994141 0
vt 0.825429 0.8029003 0
vt 0.8270071 0.7819774 0
vt 0.8272819 0.7784951 0
vt 0.8275802 0.7750264 0
vt 0.8279498 0.7715673 0
vt 0.8282695 0.7681108 0
vt 0.8286627 0.7646786 0
vt 0.8290295 0.7612648 0
vt 0.8294791 0.7578953 0
vt 0.8299315 0.7545755 0
vt 0.8305187 0.7513516 0
vt 0.8290089 0.7544017 0
vt 0.8296056 0.7511334 0
vt 0.8303469 0.7480082 0
vt 0.8293183 0.7510626 0
vt 0.8256973 0.7501551 0
vt 0.8300605 0.7479155 0
vt 0.8287181 0.7543458 0
vt 0.8251413 0.7536261 0
vt 0.8282644 0.7577042 0
vt 0.8246268 0.7571 0
vt 0.8285536 0.7577503 0
vt 0.827805 0.7610997 0
vt 0.8242076 0.7605879 0
vt 0.8274454 0.7645332 0
vt 0.8280984 0.7611397 0
vt 0.8277369 0.7645687 0
vt 0.8273352 0.7680093 0
vt 0.8270162 0.7714723 0
vt 0.8270407 0.7679765 0
vt 0.8267256 0.7714425 0
vt 0.8234247 0.7675666 0
vt 0.8230426 0.771057 0
vt 0.8228998 0.7675063 0
vt 0.8237774 0.7640716 0
vt 0.8232599 0.7640065 0
vt 0.8236872 0.7605145 0
vt 0.8241161 0.7570163 0
vt 0.8246254 0.7535276 0
vt 0.8251821 0.7500341 0
vt 0.8258832 0.7465401 0
vt 0.8251937 0.9675722 0
vt 0.8264301 0.7466987 0
vt 0.8257138 0.9674537 0
vt 0.825133 0.9639791 0
vt 0.8292949 0.966539 0
vt 0.8295837 0.9664686 0
vt 0.8287303 0.9632566 0
vt 0.8282678 0.9599002 0
vt 0.8290204 0.9632008 0
vt 0.8285575 0.9598532 0
vt 0.828098 0.9564648 0
vt 0.8277339 0.9530371 0
vt 0.8278051 0.9565053 0
vt 0.8290289 0.9563397 0
vt 0.8286648 0.9529252 0
vt 0.8294812 0.9597084 0
vt 0.8299416 0.9630286 0
vt 0.8304989 0.9662505 0
vt 0.8312532 0.7482747 0
vt 0.8282648 0.9494949 0
vt 0.8279474 0.9460401 0
vt 0.8275855 0.9425796 0
vt 0.8272957 0.9391069 0
vt 0.826959 0.935634 0
vt 0.8266914 0.9321555 0
vt 0.8260223 0.9357129 0
vt 0.826364 0.9391903 0
vt 0.8257263 0.9357379 0
vt 0.826073 0.9392166 0
vt 0.8221058 0.9360496 0
vt 0.8223811 0.9395535 0
vt 0.8215759 0.9360953 0
vt 0.8218018 0.9325458 0
vt 0.8212768 0.9325897 0
vt 0.8210001 0.9290826 0
vt 0.8207263 0.9255763 0
vt 0.8204856 0.922068 0
vt 0.8218618 0.9396011 0
vt 0.8222037 0.9431011 0
vt 0.8225188 0.9466041 0
vt 0.8227292 0.9430495 0
vt 0.823039 0.9465491 0
vt 0.8263546 0.9426972 0
vt 0.8266497 0.9426688 0
vt 0.8267246 0.9461636 0
vt 0.8270384 0.9496289 0
vt 0.8270171 0.9461339 0
vt 0.8273332 0.9495963 0
vt 0.827443 0.953072 0
vt 0.8234217 0.9500397 0
vt 0.8237738 0.9535348 0
vt 0.8228969 0.9500998 0
vt 0.8232589 0.9535998 0
vt 0.8236855 0.9570916 0
vt 0.8241138 0.9605894 0
vt 0.8242064 0.957018 0
vt 0.8246259 0.9605059 0
vt 0.8246199 0.964078 0
vt 0.8225247 0.7710026 0
vt 0.8222061 0.7745058 0
vt 0.8218762 0.7780086 0
vt 0.8227332 0.7745573 0
vt 0.8224006 0.7780576 0
vt 0.8263492 0.7749096 0
vt 0.8266448 0.7749377 0
vt 0.8260568 0.7783921 0
vt 0.8257738 0.7818786 0
vt 0.8263507 0.7784172 0
vt 0.8260684 0.7819023 0
vt 0.8255157 0.7853689 0
vt 0.822095 0.7815593 0
vt 0.8217918 0.7850598 0
vt 0.8215711 0.7815132 0
vt 0.8212696 0.7850167 0
vt 0.8210034 0.7885233 0
vt 0.8207392 0.7920314 0
vt 0.8215301 0.7885645 0
vt 0.8212639 0.7920707 0
vt 0.820492 0.7955423 0
vt 0.8187845 0.8271543 0
vt 0.8186726 0.830668 0
vt 0.8185742 0.8341826 0
vt 0.8191992 0.8306846 0
vt 0.8191012 0.8341969 0
vt 0.8228852 0.8308017 0
vt 0.8231804 0.830812 0
vt 0.8227657 0.8342971 0
vt 0.8226493 0.8377949 0
vt 0.8230605 0.8343066 0
vt 0.8229453 0.8378017 0
vt 0.8226076 0.8412958 0
vt 0.8190268 0.8377123 0
vt 0.8189413 0.8412273 0
vt 0.8184983 0.8376998 0
vt 0.8184155 0.8412167 0
vt 0.8183518 0.8447326 0
vt 0.8182943 0.8482487 0
vt 0.8188787 0.8447411 0
vt 0.8188179 0.848254 0
vt 0.8182748 0.8517647 0
vt 0.8182713 0.8552836 0
vt 0.8182531 0.8588022 0
vt 0.818247 0.862319 0
vt 0.8182775 0.8658353 0
vt 0.5180641 0.95746 0
vt 0.520335 0.9605808 0
vt 0.5221213 0.9539646 0
vt 0.5134179 0.9601118 0
vt 0.5153015 0.9634008 0
vt 0.5083676 0.9618668 0
vt 0.5097785 0.9652605 0
vt 0.5031491 0.9626197 0
vt 0.5040631 0.9659869 0
vt 0.4987344 0.9627642 0
vt 0.4983075 0.9655507 0
vt 0.4946584 0.9611512 0
vt 0.4927532 0.9640237 0
vt 0.4900557 0.9586977 0
vt 0.4876502 0.9614455 0
vt 0.4824922 0.951292 0
vt 0.4794399 0.9535423 0
vt 0.4798365 0.9466894 0
vt 0.4766379 0.9486077 0
vt 0.4780563 0.9417048 0
vt 0.4747746 0.9431712 0
vt 0.4772598 0.9365708 0
vt 0.4740076 0.9375273 0
vt 0.4770853 0.932231 0
vt 0.4743868 0.9318164 0
vt 0.4786475 0.9281147 0
vt 0.4758574 0.9262749 0
vt 0.4810382 0.9234466 0
vt 0.4783882 0.9211425 0
vt 0.4843022 0.9192547 0
vt 0.4819054 0.9165489 0
vt 0.4882658 0.9157277 0
vt 0.4861573 0.912722 0
vt 0.4928197 0.9130168 0
vt 0.4910793 0.9098173 0
vt 0.503021 0.9103227 0
vt 0.5022234 0.9070084 0
vt 0.5074474 0.9100896 0
vt 0.5079645 0.9073019 0
vt 0.5115231 0.9116439 0
vt 0.5135342 0.9087668 0
vt 0.5161846 0.9140583 0
vt 0.5187095 0.9113254 0
vt 0.5204148 0.9173586 0
vt 0.5233939 0.9148139 0
vt 0.5239768 0.9214071 0
vt 0.5272381 0.9191107 0
vt 0.5285829 0.9311529 0
vt 0.5320885 0.9296869 0
vt 0.5294131 0.9364 0
vt 0.5328691 0.9354759 0
vt 0.5296106 0.940839 0
vt 0.5324936 0.9413175 0
vt 0.5279688 0.9450176 0
vt 0.5309513 0.9469541 0
vt 0.5246979 0.9567922 0
vt 0.5273174 0.9592343 0
vt 0.5224391 0.9634738 0
vt 0.5168128 0.9665914 0
vt 0.5106432 0.9687217 0
vt 0.5042618 0.9694989 0
vt 0.497803 0.968979 0
vt 0.4915611 0.9672803 0
vt 0.4858394 0.9644095 0
vt 0.4766986 0.9555626 0
vt 0.4736059 0.9500691 0
vt 0.4714687 0.944003 0
vt 0.4706314 0.9377059 0
vt 0.4710758 0.9313015 0
vt 0.472713 0.9250795 0
vt 0.4755024 0.9193373 0
vt 0.4794752 0.91422 0
vt 0.4841963 0.9099312 0
vt 0.4897122 0.9067054 0
vt 0.5021553 0.903514 0
vt 0.5085941 0.9038712 0
vt 0.5148545 0.9054973 0
vt 0.5206193 0.9083926 0
vt 0.525897 0.9122651 0
vt 0.530175 0.9170474 0
vt 0.5355987 0.9288702 0
vt 0.5364817 0.9353641 0
vt 0.5360462 0.9419291 0
vt 0.5343581 0.9482622 0
vt 0.5596167 0.9579054 0
vt 0.5475833 0.9779419 0
vt 0.5386564 0.9855452 0
vt 0.5285143 0.9914295 0
vt 0.5172368 0.994545 0
vt 0.5057318 0.9958926 0
vt 0.494257 0.9951055 0
vt 0.4832365 0.991879 0
vt 0.4729103 0.9868308 0
vt 0.4556503 0.9715244 0
vt 0.4498059 0.9614363 0
vt 0.4466243 0.9502493 0
vt 0.4453125 0.9387944 0
vt 0.4459178 0.9273393 0
vt 0.4489298 0.9162782 0
vt 0.4539206 0.9059043 0
vt 0.4604593 0.89632 0
vt 0.4692006 0.8886559 0
vt 0.4791577 0.8826467 0
vt 0.5017988 0.8774673 0
vt 0.5134348 0.8781121 0
vt 0.5247877 0.8808788 0
vt 0.5356288 0.885535 0
vt 0.5448889 0.8929 0
vt 0.5528364 0.9017366 0
vt 0.5622046 0.9233097 0
vt 0.5634871 0.934962 0
vt 0.5625559 0.9466027 0
vt 0.5268748 0.9405567 0
vt 0.5198606 0.9497539 0
vt 0.5152448 0.9535774 0
vt 0.5101275 0.956657 0
vt 0.5047349 0.9588845 0
vt 0.4993029 0.9601644 0
vt 0.5254079 0.9352001 0
vt 0.5169065 0.9444354 0
vt 0.5116444 0.9485979 0
vt 0.5060243 0.9521888 0
vt 0.500312 0.9550534 0
vt 0.4947601 0.9570829 0
vt 0.5196403 0.9244627 0
vt 0.5088117 0.9321496 0
vt 0.5028914 0.9363989 0
vt 0.4970306 0.9406411 0
vt 0.4915173 0.9446608 0
vt 0.4865883 0.9482763 0
vt 0.5156914 0.9196995 0
vt 0.5042922 0.9260927 0
vt 0.4984143 0.9301084 0
vt 0.4928037 0.9344188 0
vt 0.4877269 0.9388062 0
vt 0.4833948 0.9430658 0
vt 0.5113298 0.9157011 0
vt 0.4999118 0.9207098 0
vt 0.4943308 0.9243431 0
vt 0.489182 0.9285206 0
vt 0.484691 0.9330418 0
vt 0.481039 0.9376996 0
vt 0.5068024 0.9126879 0
vt 0.4959545 0.9163595 0
vt 0.4909095 0.919491 0
vt 0.486399 0.9233385 0
vt 0.482594 0.9277267 0
vt 0.479659 0.9324637 0
vt 0.517888 0.9621105 0
vt 0.5144849 0.96176 0
vt 0.5158044 0.9588952 0
vt 0.5192421 0.9590792 0
vt 0.5226013 0.9587887 0
vt 0.5201747 0.9558104 0
vt 0.5233705 0.955497 0
vt 0.5092766 0.963514 0
vt 0.5069382 0.965766 0
vt 0.5038794 0.9642111 0
vt 0.505768 0.9623722 0
vt 0.5011773 0.9658995 0
vt 0.4985604 0.9638706 0
vt 0.5006104 0.9626696 0
vt 0.4954915 0.9649107 0
vt 0.4934503 0.9624059 0
vt 0.4970055 0.9620458 0
vt 0.4901349 0.9628546 0
vt 0.4886423 0.9599588 0
vt 0.4923047 0.9600422 0
vt 0.4853324 0.9597715 0
vt 0.4879339 0.9571275 0
vt 0.4811962 0.9557808 0
vt 0.4808739 0.9524846 0
vt 0.4841293 0.9533959 0
vt 0.477914 0.9511501 0
vt 0.4782101 0.9478056 0
vt 0.4810578 0.949051 0
vt 0.4764511 0.942675 0
vt 0.4742512 0.9403692 0
vt 0.4757191 0.9373447 0
vt 0.4775307 0.9391451 0
vt 0.4740685 0.9346676 0
vt 0.4760125 0.9320699 0
vt 0.4771891 0.9340782 0
vt 0.4749971 0.929011 0
vt 0.4774249 0.9269635 0
vt 0.4777786 0.930489 0
vt 0.4769949 0.9236459 0
vt 0.4798245 0.9221174 0
vt 0.4797264 0.9257302 0
vt 0.483141 0.9177824 0
vt 0.4839348 0.9145175 0
vt 0.4871693 0.9141646 0
vt 0.4862026 0.917396 0
vt 0.4885405 0.9111425 0
vt 0.4918256 0.9114151 0
vt 0.4904775 0.9142639 0
vt 0.4937415 0.9087392 0
vt 0.4952733 0.9119919 0
vt 0.4993602 0.9073009 0
vt 0.5023445 0.9087626 0
vt 0.5004062 0.9106278 0
vt 0.5050984 0.907017 0
vt 0.5076562 0.9089838 0
vt 0.5055607 0.9102191 0
vt 0.5107859 0.9078975 0
vt 0.5127825 0.9103828 0
vt 0.5091698 0.9107783 0
vt 0.5161789 0.9099221 0
vt 0.5176644 0.9127996 0
vt 0.513898 0.9127313 0
vt 0.5220633 0.9161112 0
vt 0.5254286 0.9168636 0
vt 0.5257019 0.9201923 0
vt 0.5222904 0.9192962 0
vt 0.5288026 0.9215521 0
vt 0.5254579 0.9236773 0
vt 0.5312592 0.926882 0
vt 0.5302975 0.9301788 0
vt 0.5277805 0.9285837 0
vt 0.5326159 0.9325603 0
vt 0.5310501 0.9356331 0
vt 0.5291283 0.9337672 0
vt 0.5328241 0.938405 0
vt 0.5307552 0.9410245 0
vt 0.5294943 0.9389482 0
vt 0.531856 0.9441754 0
vt 0.5292755 0.946218 0
vt 0.52888 0.9426069 0
vt 0.5297546 0.9496191 0
vt 0.5268405 0.9474368 0
vt 0.5265774 0.9545699 0
vt 0.5238892 0.9519362 0
vt 0.5330006 0.9512315 0
vt 0.5294096 0.9567543 0
vt 0.5249695 0.9614628 0
vt 0.5286179 0.9604319 0
vt 0.523475 0.9649025 0
vt 0.5175404 0.9681601 0
vt 0.5197129 0.9651855 0
vt 0.5110932 0.9704375 0
vt 0.5043716 0.9712336 0
vt 0.5074799 0.9692923 0
vt 0.4975587 0.9706561 0
vt 0.5010246 0.9693907 0
vt 0.4909646 0.9689057 0
vt 0.4946353 0.9682709 0
vt 0.484937 0.9658596 0
vt 0.488616 0.9659916 0
vt 0.4832543 0.9625563 0
vt 0.4753684 0.9565519 0
vt 0.4786493 0.9580527 0
vt 0.472116 0.9507818 0
vt 0.4749931 0.952913 0
vt 0.4698347 0.9444391 0
vt 0.468951 0.9378025 0
vt 0.4708659 0.9408838 0
vt 0.4694575 0.9310524 0
vt 0.470704 0.9345006 0
vt 0.4711635 0.9244842 0
vt 0.4717436 0.9281463 0
vt 0.4740832 0.9184262 0
vt 0.4739364 0.9221187 0
vt 0.4782761 0.9130978 0
vt 0.4832427 0.9085768 0
vt 0.481723 0.9119498 0
vt 0.4890526 0.9051835 0
vt 0.4868815 0.9081927 0
vt 0.4926722 0.9054897 0
vt 0.5021094 0.9017872 0
vt 0.4989613 0.9038523 0
vt 0.50891 0.9021707 0
vt 0.5053771 0.903528 0
vt 0.5155156 0.903893 0
vt 0.51176 0.9045449 0
vt 0.521572 0.9069755 0
vt 0.5178077 0.9067967 0
vt 0.5271382 0.9109896 0
vt 0.5316186 0.9160413 0
vt 0.5281953 0.9145153 0
vt 0.5319235 0.9197641 0
vt 0.5373116 0.9284576 0
vt 0.5346952 0.9257367 0
vt 0.5382637 0.9353065 0
vt 0.5362052 0.9320899 0
vt 0.5378062 0.9422327 0
vt 0.5364167 0.9386573 0
vt 0.5360368 0.9489267 0
vt 0.5353542 0.9451419 0
vt 0.5395948 0.9503698 0
vt 0.541616 0.9429091 0
vt 0.5313904 0.9629487 0
vt 0.5514461 0.9735 0
vt 0.5572741 0.9632867 0
vt 0.5433486 0.9820139 0
vt 0.5336718 0.9886379 0
vt 0.5115021 0.9954864 0
vt 0.499969 0.9957643 0
vt 0.4886715 0.9937478 0
vt 0.4779259 0.9896759 0
vt 0.4680593 0.9836693 0
vt 0.4592634 0.9760961 0
vt 0.4525859 0.9665616 0
vt 0.4456234 0.9445532 0
vt 0.4453539 0.9330486 0
vt 0.4471705 0.9217425 0
vt 0.4511844 0.9109869 0
vt 0.4647185 0.8923605 0
vt 0.4739992 0.8853567 0
vt 0.4845457 0.8803945 0
vt 0.4959796 0.8780331 0
vt 0.5076386 0.8774343 0
vt 0.5191936 0.8791476 0
vt 0.5302994 0.8829578 0
vt 0.5489946 0.8971968 0
vt 0.5561038 0.9066917 0
vt 0.5605743 0.9176413 0
vt 0.5631218 0.9291148 0
vt 0.5632986 0.940807 0
vt 0.5614411 0.9523447 0
vt 0.5420384 0.9351731 0
vt 0.5410522 0.9275288 0
vt 0.534749 0.9138858 0
vt 0.5298549 0.9081228 0
vt 0.5236722 0.9039432 0
vt 0.5169636 0.900474 0
vt 0.5095804 0.8985575 0
vt 0.5019876 0.8980797 0
vt 0.4876366 0.9018449 0
vt 0.4811767 0.9056699 0
vt 0.4756634 0.9107023 0
vt 0.4709228 0.9163311 0
vt 0.4678144 0.9231901 0
vt 0.4660559 0.9305283 0
vt 0.4653436 0.9380348 0
vt 0.4662141 0.9454791 0
vt 0.4688747 0.9522751 0
vt 0.4725048 0.9587013 0
vt 0.4829036 0.9690692 0
vt 0.4897069 0.972356 0
vt 0.4970583 0.9741839 0
vt 0.5046137 0.9749476 0
vt 0.5121668 0.9742683 0
vt 0.5190829 0.9715934 0
vt 0.5256667 0.9679305 0
vt 0.5272939 0.9430424 0
vt 0.5281024 0.9381832 0
vt 0.5262726 0.9379101 0
vt 0.527009 0.9329313 0
vt 0.524292 0.9324627 0
vt 0.5213849 0.9270529 0
vt 0.5219434 0.9228392 0
vt 0.5177333 0.9220007 0
vt 0.5182413 0.9185142 0
vt 0.5139906 0.9149409 0
vt 0.5090736 0.9140592 0
vt 0.5094225 0.9122924 0
vt 0.5046292 0.911542 0
vt 0.5254544 0.9429863 0
vt 0.5236001 0.9375554 0
vt 0.5171427 0.926227 0
vt 0.5129719 0.921046 0
vt 0.5085262 0.9166321 0
vt 0.5040718 0.9132502 0
vt 0.5210071 0.9520364 0
vt 0.5219255 0.9476101 0
vt 0.5184999 0.9472037 0
vt 0.5193257 0.9422003 0
vt 0.5151057 0.9414923 0
vt 0.5110181 0.9352909 0
vt 0.5116978 0.9300902 0
vt 0.506555 0.9290637 0
vt 0.5072398 0.9242584 0
vt 0.5027842 0.9191507 0
vt 0.4978654 0.9183879 0
vt 0.4986174 0.9150979 0
vt 0.4942267 0.9146172 0
vt 0.5167452 0.9556456 0
vt 0.5176265 0.9517504 0
vt 0.5135385 0.9512205 0
vt 0.5143357 0.9465766 0
vt 0.5095933 0.945751 0
vt 0.5051731 0.9395917 0
vt 0.5058637 0.9342614 0
vt 0.5006237 0.9332168 0
vt 0.5013379 0.9280509 0
vt 0.4970825 0.9224471 0
vt 0.4925242 0.9217834 0
vt 0.4933759 0.9178277 0
vt 0.4894989 0.9174845 0
vt 0.511934 0.9584581 0
vt 0.5127361 0.9552168 0
vt 0.5081399 0.9545674 0
vt 0.5088625 0.9504751 0
vt 0.5038156 0.9495579 0
vt 0.499276 0.9437289 0
vt 0.4999348 0.9385351 0
vt 0.4948595 0.9375176 0
vt 0.495558 0.9322406 0
vt 0.4916874 0.9263756 0
vt 0.4876745 0.9258195 0
vt 0.4885771 0.9213344 0
vt 0.485334 0.9211212 0
vt 0.5067764 0.9603936 0
vt 0.5025505 0.957112 0
vt 0.4980531 0.9527387 0
vt 0.4936178 0.9474972 0
vt 0.489542 0.9417466 0
vt 0.4835166 0.9303092 0
vt 0.4818712 0.9253668 0
vt 0.5015015 0.9613564 0
vt 0.5020107 0.9596462 0
vt 0.4970165 0.9587546 0
vt 0.4975014 0.9561772 0
vt 0.4925621 0.9551694 0
vt 0.4884476 0.9507312 0
vt 0.4889681 0.9465282 0
vt 0.4848968 0.9457093 0
vt 0.4854573 0.9409631 0
vt 0.4827511 0.9353659 0
vt 0.480221 0.9350495 0
vt 0.4810102 0.9300628 0
vt 0.4792735 0.9300363 0
vt 0.4967148 0.9605237 0
vt 0.4921726 0.9578245 0
vt 0.4844073 0.9498813 0
vt 0.481541 0.9450521 0
vt 0.4795315 0.9399443 0
vt 0.4784959 0.9348063 0
vt 0.5169308 0.9605342 0
vt 0.5213914 0.95739 0
vt 0.506592 0.9639978 0
vt 0.5011757 0.9641578 0
vt 0.4960034 0.9632615 0
vt 0.4909841 0.9613012 0
vt 0.4864486 0.958379 0
vt 0.4825387 0.9546093 0
vt 0.4794275 0.9502129 0
vt 0.4759521 0.9400256 0
vt 0.4757493 0.934668 0
vt 0.4765951 0.9295202 0
vt 0.4785033 0.9244837 0
vt 0.4850679 0.9158693 0
vt 0.489427 0.9126736 0
vt 0.4943431 0.9103905 0
vt 0.4996408 0.9090406 0
vt 0.5050417 0.9087505 0
vt 0.510217 0.9095523 0
vt 0.5152758 0.9114708 0
vt 0.5239869 0.9180595 0
vt 0.5271919 0.9225007 0
vt 0.529513 0.927531 0
vt 0.5308075 0.9328882 0
vt 0.5310268 0.9383718 0
vt 0.5301459 0.9436205 0
vt 0.5281452 0.9487343 0
vt 0.5251565 0.953403 0
vt 0.5308061 0.9578179 0
vt 0.5261258 0.9627625 0
vt 0.5206093 0.9667153 0
vt 0.5077659 0.971033 0
vt 0.500958 0.9711038 0
vt 0.4942244 0.9699046 0
vt 0.4878622 0.9675218 0
vt 0.4822107 0.963932 0
vt 0.4774069 0.9591758 0
vt 0.4735383 0.9537864 0
vt 0.4691951 0.9411553 0
vt 0.4690703 0.9344232 0
vt 0.4701586 0.9277211 0
vt 0.4724237 0.9213493 0
vt 0.4806095 0.9106657 0
vt 0.4860722 0.9067429 0
vt 0.4921534 0.9038887 0
vt 0.4987499 0.9021251 0
vt 0.5055084 0.9018276 0
vt 0.5122442 0.902916 0
vt 0.5186289 0.9052656 0
vt 0.5295705 0.9133411 0
vt 0.5334609 0.9188975 0
vt 0.5364071 0.9251513 0
vt 0.5379592 0.9318473 0
vt 0.5381762 0.9387788 0
vt 0.5370717 0.9456208 0
vt 0.5346208 0.9520539 0
vt 0.5406936 0.9466685 0
vt 0.5381843 0.9539408 0
vt 0.5338908 0.9600963 0
vt 0.5420171 0.9390498 0
vt 0.5417258 0.9313189 0
vt 0.5401606 0.9237995 0
vt 0.5367807 0.9170958 0
vt 0.5324998 0.9108271 0
vt 0.5204241 0.9020337 0
vt 0.5132967 0.8994073 0
vt 0.5057832 0.8982232 0
vt 0.4982143 0.8983007 0
vt 0.4911075 0.90042 0
vt 0.4843503 0.903667 0
vt 0.4782299 0.9079939 0
vt 0.4692264 0.9196885 0
vt 0.4667604 0.9268189 0
vt 0.4655096 0.9342646 0
vt 0.4656997 0.9417716 0
vt 0.4704467 0.9556204 0
vt 0.4747868 0.9616184 0
vt 0.4798623 0.9668977 0
vt 0.4862626 0.9707887 0
vt 0.4933358 0.973458 0
vt 0.5008154 0.9747497 0
vt 0.5084117 0.9747847 0
vt 0.5225066 0.9700225 0
vt 0.5286104 0.965537 0
vt 0.5283437 0.9406754 0
vt 0.5276863 0.9355659 0
vt 0.52608 0.9303104 0
vt 0.5235275 0.9252287 0
vt 0.5201746 0.9205938 0
vt 0.5117351 0.9134904 0
vt 0.5071787 0.9113022 0
vt 0.5260541 0.9454515 0
vt 0.5246584 0.9403251 0
vt 0.522295 0.9347172 0
vt 0.5190389 0.9290062 0
vt 0.5151092 0.9235596 0
vt 0.5062862 0.914799 0
vt 0.5019827 0.9119491 0
vt 0.5228872 0.9499735 0
vt 0.52075 0.9449982 0
vt 0.5176766 0.9392584 0
vt 0.5138258 0.9331473 0
vt 0.5094883 0.9271088 0
vt 0.5006505 0.9169758 0
vt 0.4967513 0.9135008 0
vt 0.5189544 0.9539334 0
vt 0.5160874 0.9492859 0
vt 0.5124 0.9436659 0
vt 0.5081216 0.9374478 0
vt 0.5035878 0.9311078 0
vt 0.4951465 0.9199958 0
vt 0.4918015 0.9159477 0
vt 0.5143974 0.9571564 0
vt 0.510879 0.9529864 0
vt 0.5067199 0.9477229 0
vt 0.5022119 0.9416945 0
vt 0.4977019 0.9353629 0
vt 0.490025 0.9237321 0
vt 0.4873377 0.9192144 0
vt 0.5041414 0.9610003 0
vt 0.4997631 0.9580496 0
vt 0.4952592 0.954054 0
vt 0.4909594 0.9491895 0
vt 0.4871245 0.9437716 0
vt 0.4817534 0.9326598 0
vt 0.4804566 0.9276584 0
vt 0.4989663 0.9615511 0
vt 0.4944075 0.9592975 0
vt 0.4900339 0.9561216 0
vt 0.486127 0.95212 0
vt 0.4828741 0.947517 0
vt 0.4788865 0.937366 0
vt 0.4782753 0.9323704 0
vt 0.7822708 0.6806791 0
vt 0.8181794 0.6785704 0
vt 0.7820707 0.6772655 0
vt 0.7824752 0.684093 0
vt 0.8183884 0.681843 0
vt 0.7826934 0.6875052 0
vt 0.8186005 0.6851149 0
vt 0.7829254 0.6909172 0
vt 0.8188245 0.6883857 0
vt 0.7831789 0.6943271 0
vt 0.8190545 0.6916564 0
vt 0.783446 0.6977363 0
vt 0.8193027 0.694926 0
vt 0.7837268 0.7011442 0
vt 0.81956 0.6981948 0
vt 0.7840128 0.7045518 0
vt 0.8198357 0.7014622 0
vt 0.7843127 0.7079589 0
vt 0.8201173 0.7047301 0
vt 0.7846272 0.7113648 0
vt 0.8204228 0.7079961 0
vt 0.7849648 0.7147678 0
vt 0.820731 0.7112634 0
vt 0.7853081 0.7181704 0
vt 0.8210744 0.7145288 0
vt 0.7856743 0.7215675 0
vt 0.8214264 0.7177981 0
vt 0.7860454 0.7249639 0
vt 0.8218221 0.7210654 0
vt 0.7864356 0.7283499 0
vt 0.8222392 0.7243419 0
vt 0.7868291 0.731735 0
vt 0.8227059 0.7276184 0
vt 0.7872301 0.7351014 0
vt 0.8232267 0.7309115 0
vt 0.7876293 0.7384676 0
vt 0.8237884 0.7342119 0
vt 0.7872164 0.5237295 0
vt 0.8232125 0.5279085 0
vt 0.786816 0.5270967 0
vt 0.8226994 0.5312034 0
vt 0.7864239 0.5304823 0
vt 0.8222305 0.5344796 0
vt 0.7860346 0.5338687 0
vt 0.8218167 0.5377562 0
vt 0.7856648 0.5372647 0
vt 0.8214252 0.541024 0
vt 0.7853 0.5406617 0
vt 0.821077 0.5442939 0
vt 0.7849575 0.544064 0
vt 0.8207373 0.5475596 0
vt 0.7846295 0.5474677 0
vt 0.8204265 0.5508269 0
vt 0.7843155 0.5508726 0
vt 0.820123 0.5540931 0
vt 0.7840067 0.554278 0
vt 0.8198401 0.5573609 0
vt 0.7837205 0.5576858 0
vt 0.8195612 0.5606279 0
vt 0.7834394 0.5610932 0
vt 0.8193072 0.5638975 0
vt 0.7831801 0.5645032 0
vt 0.8190595 0.567167 0
vt 0.7829346 0.5679133 0
vt 0.8188239 0.5704377 0
vt 0.7827031 0.5713251 0
vt 0.8185914 0.573709 0
vt 0.7824759 0.5747365 0
vt 0.8183866 0.5769819 0
vt 0.7822626 0.5781495 0
vt 0.8181863 0.5802548 0
vt 0.7820715 0.581564 0
vt 0.8180001 0.5835284 0
vt 0.7818856 0.5849787 0
vt 0.817832 0.5868032 0
vt 0.7817217 0.5883946 0
vt 0.8176706 0.5900779 0
vt 0.7815626 0.5918109 0
vt 0.8175213 0.5933536 0
vt 0.7814171 0.5952281 0
vt 0.8173953 0.5966298 0
vt 0.781294 0.5986462 0
vt 0.8172675 0.5999059 0
vt 0.7811845 0.6020647 0
vt 0.817154 0.6031826 0
vt 0.7810798 0.6054835 0
vt 0.8170687 0.6064606 0
vt 0.7809974 0.6089017 0
vt 0.8169912 0.6097387 0
vt 0.7809197 0.6123201 0
vt 0.8169238 0.6130168 0
vt 0.7808641 0.6157391 0
vt 0.816863 0.6162953 0
vt 0.7808216 0.6191582 0
vt 0.8168151 0.6195745 0
vt 0.7807921 0.6225767 0
vt 0.8167893 0.6228543 0
vt 0.7807672 0.6259951 0
vt 0.8167812 0.6261336 0
vt 0.7807638 0.6294136 0
vt 0.8167671 0.6294125 0
vt 0.7807736 0.6328323 0
vt 0.8167651 0.6326919 0
vt 0.7807877 0.6362508 0
vt 0.8167894 0.6359715 0
vt 0.7808238 0.6396694 0
vt 0.816819 0.6392509 0
vt 0.7808727 0.6430879 0
vt 0.8168603 0.6425297 0
vt 0.7809265 0.6465065 0
vt 0.8169097 0.6458089 0
vt 0.7810025 0.6499255 0
vt 0.8169756 0.6490873 0
vt 0.7810832 0.6533442 0
vt 0.8170593 0.6523653 0
vt 0.7811778 0.6567633 0
vt 0.8171574 0.6556428 0
vt 0.7812952 0.6601817 0
vt 0.8172635 0.6589197 0
vt 0.7814263 0.6635998 0
vt 0.8173769 0.6621961 0
vt 0.7815624 0.6670176 0
vt 0.8175112 0.6654722 0
vt 0.7817209 0.6704342 0
vt 0.8176627 0.6687477 0
vt 0.7818845 0.6738505 0
vt 0.8178237 0.6720223 0
vt 0.8189709 0.6719627 0
vt 0.8179988 0.6752964 0
vt 0.8191604 0.6752316 0
vt 0.8196535 0.6752038 0
vt 0.8193265 0.6785018 0
vt 0.8198122 0.6784726 0
vt 0.8195484 0.6817688 0
vt 0.8197554 0.6850381 0
vt 0.820041 0.6817373 0
vt 0.8202443 0.6850053 0
vt 0.8234181 0.6815223 0
vt 0.8236935 0.6815045 0
vt 0.8232597 0.6782666 0
vt 0.8236541 0.6847743 0
vt 0.8239278 0.6847541 0
vt 0.8238965 0.6880258 0
vt 0.8241709 0.6880051 0
vt 0.8204689 0.6882707 0
vt 0.8241577 0.6912757 0
vt 0.8206878 0.6915346 0
vt 0.824431 0.6912555 0
vt 0.8243742 0.6945289 0
vt 0.8209453 0.6947955 0
vt 0.8246112 0.6977798 0
vt 0.824648 0.6945091 0
vt 0.824885 0.6977591 0
vt 0.8255224 0.6944465 0
vt 0.8253004 0.6911907 0
vt 0.8250417 0.6879382 0
vt 0.8247979 0.6846901 0
vt 0.8245667 0.681448 0
vt 0.8244012 0.6781988 0
vt 0.8241913 0.6749522 0
vt 0.8240488 0.6717009 0
vt 0.82386 0.6684526 0
vt 0.8237502 0.6652 0
vt 0.8235877 0.6619474 0
vt 0.8234393 0.6587029 0
vt 0.8233543 0.6554572 0
vt 0.8232734 0.6522069 0
vt 0.8224822 0.65548 0
vt 0.8224006 0.6522253 0
vt 0.8232035 0.6489542 0
vt 0.8223336 0.6489692 0
vt 0.8222822 0.6457118 0
vt 0.8220577 0.6489739 0
vt 0.8220091 0.6457173 0
vt 0.8186218 0.6490507 0
vt 0.8221267 0.6522311 0
vt 0.8187039 0.6523214 0
vt 0.8222076 0.6554874 0
vt 0.818799 0.6555919 0
vt 0.82229 0.658744 0
vt 0.8225655 0.6587343 0
vt 0.8189192 0.6588633 0
vt 0.8224425 0.6619991 0
vt 0.822604 0.6652508 0
vt 0.819022 0.662134 0
vt 0.8227162 0.6619869 0
vt 0.822877 0.6652385 0
vt 0.8229886 0.6684938 0
vt 0.8231793 0.6717455 0
vt 0.8227122 0.6685071 0
vt 0.8193183 0.6686684 0
vt 0.8229063 0.6717594 0
vt 0.8230416 0.6750156 0
vt 0.819455 0.6719377 0
vt 0.8233174 0.6750004 0
vt 0.8235321 0.6782507 0
vt 0.8191446 0.665402 0
vt 0.8188243 0.6686922 0
vt 0.8186588 0.665423 0
vt 0.8185322 0.6621524 0
vt 0.8184252 0.6588802 0
vt 0.8183101 0.655607 0
vt 0.818214 0.6523344 0
vt 0.8181322 0.6490617 0
vt 0.8180593 0.6457885 0
vt 0.8180242 0.6425144 0
vt 0.8185456 0.6457802 0
vt 0.8185188 0.6425079 0
vt 0.8219067 0.6424576 0
vt 0.8184659 0.639233 0
vt 0.8184361 0.6359592 0
vt 0.8179756 0.6392383 0
vt 0.8218847 0.6391966 0
vt 0.8221586 0.6391948 0
vt 0.8218713 0.6359363 0
vt 0.8221465 0.635936 0
vt 0.8218794 0.6326769 0
vt 0.8221534 0.6326761 0
vt 0.8184033 0.6326872 0
vt 0.8218424 0.6294163 0
vt 0.8221181 0.6294149 0
vt 0.8184157 0.6294153 0
vt 0.8218177 0.6261526 0
vt 0.8184384 0.6261402 0
vt 0.8220933 0.6261537 0
vt 0.8218652 0.6228899 0
vt 0.8184378 0.6228648 0
vt 0.8219271 0.6196312 0
vt 0.8221404 0.622893 0
vt 0.8222005 0.6196344 0
vt 0.82222 0.6163759 0
vt 0.8222564 0.6131173 0
vt 0.8219447 0.6163733 0
vt 0.8230935 0.6163843 0
vt 0.8231313 0.6131292 0
vt 0.8230686 0.6196439 0
vt 0.8230137 0.6229029 0
vt 0.8229713 0.6261566 0
vt 0.8229915 0.6294112 0
vt 0.8230215 0.6326733 0
vt 0.8230201 0.6359344 0
vt 0.8230311 0.6391895 0
vt 0.8230573 0.6424401 0
vt 0.8231561 0.6456951 0
vt 0.8221828 0.6424533 0
vt 0.8231727 0.6098794 0
vt 0.8232806 0.6066318 0
vt 0.8234047 0.6033764 0
vt 0.8234862 0.6001199 0
vt 0.8235814 0.596871 0
vt 0.8237429 0.5936227 0
vt 0.8238555 0.5903714 0
vt 0.8240354 0.5871262 0
vt 0.8242209 0.5838763 0
vt 0.8244214 0.5806225 0
vt 0.823349 0.5838242 0
vt 0.823552 0.5805723 0
vt 0.8237074 0.5773169 0
vt 0.8232785 0.5805565 0
vt 0.8198179 0.5803524 0
vt 0.8234316 0.5772999 0
vt 0.8230746 0.5838078 0
vt 0.8196446 0.5836191 0
vt 0.8228876 0.5870619 0
vt 0.8194753 0.5868865 0
vt 0.8231613 0.5870773 0
vt 0.8227064 0.5903163 0
vt 0.8193267 0.5901569 0
vt 0.8226 0.5935734 0
vt 0.8229816 0.5903295 0
vt 0.8228734 0.5935851 0
vt 0.8227074 0.5968379 0
vt 0.8226131 0.6000932 0
vt 0.8224316 0.5968271 0
vt 0.8223391 0.6000849 0
vt 0.8190495 0.5966949 0
vt 0.8189138 0.599965 0
vt 0.8185552 0.5966756 0
vt 0.8191529 0.5934239 0
vt 0.8186688 0.5934028 0
vt 0.818832 0.5901332 0
vt 0.818986 0.5868616 0
vt 0.8191546 0.5835921 0
vt 0.8193336 0.5803235 0
vt 0.8195483 0.5770563 0
vt 0.8197381 0.5737865 0
vt 0.8200413 0.5770881 0
vt 0.8202238 0.5738194 0
vt 0.8204756 0.5705562 0
vt 0.8236697 0.5740506 0
vt 0.8239424 0.5740684 0
vt 0.8238512 0.5707961 0
vt 0.8241099 0.5675466 0
vt 0.8241264 0.5708158 0
vt 0.8243838 0.5675688 0
vt 0.8246501 0.5643209 0
vt 0.8249343 0.5610745 0
vt 0.8243761 0.564298 0
vt 0.8255203 0.5643944 0
vt 0.8258028 0.561146 0
vt 0.8252532 0.5676391 0
vt 0.8249991 0.5708785 0
vt 0.8248109 0.574126 0
vt 0.8245779 0.5773704 0
vt 0.826052 0.5578949 0
vt 0.8263083 0.5546521 0
vt 0.8265845 0.5514221 0
vt 0.8269278 0.5482022 0
vt 0.827223 0.5449849 0
vt 0.8275884 0.5417906 0
vt 0.8279294 0.5386135 0
vt 0.8283477 0.5354775 0
vt 0.8287688 0.5323878 0
vt 0.8293154 0.5293871 0
vt 0.8279099 0.532226 0
vt 0.8284655 0.5291839 0
vt 0.8291558 0.5262749 0
vt 0.8281981 0.5291179 0
vt 0.8248274 0.528273 0
vt 0.8288893 0.5261887 0
vt 0.8276393 0.5321739 0
vt 0.8243098 0.5315039 0
vt 0.8272169 0.5352996 0
vt 0.8238309 0.5347375 0
vt 0.8274861 0.5353425 0
vt 0.8267896 0.53846 0
vt 0.823441 0.5379841 0
vt 0.8264552 0.5416556 0
vt 0.8270627 0.5384972 0
vt 0.8267265 0.5416885 0
vt 0.8263534 0.5448909 0
vt 0.8260587 0.5481146 0
vt 0.8260795 0.5448609 0
vt 0.8257876 0.548087 0
vt 0.8227138 0.5444806 0
vt 0.8223592 0.54773 0
vt 0.8222267 0.5444246 0
vt 0.8230411 0.5412269 0
vt 0.8225593 0.5411665 0
vt 0.8229566 0.5379159 0
vt 0.8233555 0.5346597 0
vt 0.8238295 0.5314123 0
vt 0.8243477 0.5281607 0
vt 0.8250007 0.5249081 0
vt 0.824369 0.7306621 0
vt 0.8255098 0.5250557 0
vt 0.8248537 0.7305511 0
vt 0.8243025 0.7273172 0
vt 0.8281962 0.7296978 0
vt 0.8284651 0.7296322 0
vt 0.82768 0.7266397 0
vt 0.8272101 0.7235186 0
vt 0.8279492 0.726587 0
vt 0.8274807 0.723474 0
vt 0.8270597 0.7203193 0
vt 0.8267229 0.7171289 0
vt 0.8267869 0.7203572 0
vt 0.8279257 0.7202019 0
vt 0.8275893 0.7170247 0
vt 0.8283401 0.7233355 0
vt 0.8288056 0.7264225 0
vt 0.8293178 0.7294287 0
vt 0.8299995 0.5265232 0
vt 0.827219 0.713833 0
vt 0.8269262 0.7106168 0
vt 0.826587 0.7073968 0
vt 0.8263148 0.7041648 0
vt 0.8260038 0.7009324 0
vt 0.8257553 0.6976944 0
vt 0.8251318 0.7010056 0
vt 0.8254505 0.704242 0
vt 0.8248563 0.7010288 0
vt 0.8251789 0.7042665 0
vt 0.8214861 0.7013189 0
vt 0.8217427 0.7045806 0
vt 0.8209929 0.7013615 0
vt 0.8212037 0.6980577 0
vt 0.8207147 0.6980985 0
vt 0.8204572 0.6948342 0
vt 0.8202015 0.6915708 0
vt 0.8199779 0.688305 0
vt 0.8212591 0.7046248 0
vt 0.8215774 0.7078826 0
vt 0.821871 0.7111431 0
vt 0.8220666 0.7078345 0
vt 0.8223551 0.7110919 0
vt 0.8254411 0.7075061 0
vt 0.825716 0.7074797 0
vt 0.8257856 0.7107323 0
vt 0.8260773 0.7139573 0
vt 0.8260572 0.7107047 0
vt 0.8263518 0.713927 0
vt 0.8264529 0.7171616 0
vt 0.8227117 0.7143406 0
vt 0.8230403 0.7175938 0
vt 0.8222234 0.7143968 0
vt 0.8225613 0.7176547 0
vt 0.8229612 0.7209044 0
vt 0.8233687 0.7241594 0
vt 0.8234456 0.7208353 0
vt 0.823849 0.7240814 0
vt 0.8238282 0.7274086 0
vt 0.8218769 0.5476798 0
vt 0.8215806 0.5509399 0
vt 0.8212756 0.5542007 0
vt 0.8220728 0.5509881 0
vt 0.8217639 0.5542463 0
vt 0.825439 0.5513144 0
vt 0.8257137 0.5513403 0
vt 0.8251671 0.5545569 0
vt 0.824904 0.5578028 0
vt 0.8254415 0.5545801 0
vt 0.8251781 0.5578249 0
vt 0.8246621 0.561052 0
vt 0.8214796 0.5575057 0
vt 0.8211944 0.5607637 0
vt 0.8209921 0.5574628 0
vt 0.820708 0.5607235 0
vt 0.8204599 0.5639876 0
vt 0.8202136 0.567253 0
vt 0.8209503 0.5640259 0
vt 0.8207021 0.5672896 0
vt 0.8199832 0.5705209 0
vt 0.8184238 0.5999471 0
vt 0.8183035 0.6032181 0
vt 0.8182227 0.60649 0
vt 0.8187892 0.603233 0
vt 0.8187139 0.6065027 0
vt 0.8222603 0.6033404 0
vt 0.8225339 0.6033487 0
vt 0.8221365 0.6065951 0
vt 0.8220231 0.6098533 0
vt 0.8224113 0.6066039 0
vt 0.8222988 0.6098598 0
vt 0.8219821 0.6131136 0
vt 0.8186476 0.6097759 0
vt 0.8185683 0.6130496 0
vt 0.8181553 0.6097649 0
vt 0.8180787 0.6130399 0
vt 0.8180194 0.6163139 0
vt 0.8179655 0.6195877 0
vt 0.8185099 0.6163218 0
vt 0.818453 0.6195929 0
vt 0.8179468 0.6228618 0
vt 0.8179428 0.6261382 0
vt 0.8179251 0.6294143 0
vt 0.8179168 0.6326888 0
vt 0.8179442 0.6359629 0
vt 0.3836947 0.9527535 0
vt 0.385158 0.9564499 0
vt 0.3885243 0.9503107 0
vt 0.3784853 0.9542136 0
vt 0.3795152 0.9579819 0
vt 0.3731012 0.9546814 0
vt 0.3736299 0.9584336 0
vt 0.3678117 0.9541114 0
vt 0.367853 0.9577058 0
vt 0.3634709 0.9531421 0
vt 0.3623525 0.9558079 0
vt 0.3599106 0.9505208 0
vt 0.3573368 0.9528941 0
vt 0.3560511 0.9469554 0
vt 0.353032 0.9490686 0
vt 0.3505372 0.9378922 0
vt 0.3469653 0.9393733 0
vt 0.3491552 0.9327999 0
vt 0.3455191 0.9339154 0
vt 0.3493347 0.9224213 0
vt 0.3459872 0.9225776 0
vt 0.3502585 0.9182307 0
vt 0.3477792 0.9172104 0
vt 0.3527772 0.9146793 0
vt 0.3505531 0.9122911 0
vt 0.356219 0.9108141 0
vt 0.3542443 0.9080293 0
vt 0.3603699 0.9076165 0
vt 0.3587339 0.9045143 0
vt 0.3650204 0.9052203 0
vt 0.3637284 0.9019115 0
vt 0.3700304 0.9037277 0
vt 0.3691303 0.9003185 0
vt 0.3804451 0.9035714 0
vt 0.3804672 0.9002678 0
vt 0.3847483 0.9043854 0
vt 0.3859041 0.9018782 0
vt 0.388301 0.9068141 0
vt 0.3909128 0.9045656 0
vt 0.3955447 0.9143613 0
vt 0.3990171 0.9126601 0
vt 0.3980365 0.9190775 0
vt 0.4017354 0.9176833 0
vt 0.4002016 0.9295892 0
vt 0.4039278 0.9290551 0
vt 0.3997965 0.9348883 0
vt 0.4033762 0.9348679 0
vt 0.3989587 0.9392708 0
vt 0.4016622 0.9404754 0
vt 0.3963786 0.9429521 0
vt 0.3988399 0.9456199 0
vt 0.3903699 0.9537845 0
vt 0.3923531 0.9568963 0
vt 0.386513 0.9598877 0
vt 0.380202 0.9615692 0
vt 0.3736035 0.9621272 0
vt 0.3671547 0.9612727 0
vt 0.3609829 0.9591095 0
vt 0.3553574 0.9558291 0
vt 0.35055 0.9515384 0
vt 0.3437483 0.940723 0
vt 0.3421414 0.934623 0
vt 0.3427274 0.9219605 0
vt 0.344723 0.9159545 0
vt 0.3478221 0.9104323 0
vt 0.351918 0.9056678 0
vt 0.3569766 0.901775 0
vt 0.3625236 0.8988381 0
vt 0.3685725 0.8970972 0
vt 0.3812262 0.896982 0
vt 0.3873228 0.8987929 0
vt 0.3929571 0.9017699 0
vt 0.4020072 0.9108444 0
vt 0.4050698 0.9164396 0
vt 0.407496 0.929155 0
vt 0.4069121 0.9356745 0
vt 0.4049954 0.9419841 0
vt 0.4018616 0.9477845 0
vt 0.4245637 0.9639303 0
vt 0.4077007 0.9809513 0
vt 0.3969256 0.9863077 0
vt 0.3853555 0.9896134 0
vt 0.3733684 0.9898139 0
vt 0.3616406 0.9881864 0
vt 0.3505362 0.9844409 0
vt 0.3405629 0.978414 0
vt 0.3317917 0.9708312 0
vt 0.3199075 0.9510952 0
vt 0.317004 0.9399468 0
vt 0.3176767 0.917167 0
vt 0.3212961 0.906374 0
vt 0.3270562 0.8965766 0
vt 0.3344761 0.8879445 0
vt 0.3431201 0.8804672 0
vt 0.3533434 0.8753315 0
vt 0.3642809 0.872045 0
vt 0.387038 0.8725308 0
vt 0.3979435 0.8758768 0
vt 0.4081009 0.8811671 0
vt 0.4248293 0.8970502 0
vt 0.4303531 0.9073817 0
vt 0.4352527 0.9303682 0
vt 0.4337145 0.9421007 0
vt 0.4301886 0.9534165 0
vt 0.3963572 0.9383003 0
vt 0.3873254 0.9455633 0
vt 0.3818831 0.9481778 0
vt 0.3761208 0.9499395 0
vt 0.3702976 0.9507933 0
vt 0.3646795 0.9507019 0
vt 0.3961817 0.9327117 0
vt 0.3857204 0.9395849 0
vt 0.3795827 0.9423545 0
vt 0.3732213 0.9444876 0
vt 0.3669432 0.9458937 0
vt 0.361031 0.9465226 0
vt 0.3931197 0.9209388 0
vt 0.3808152 0.9256674 0
vt 0.3740602 0.9283224 0
vt 0.3673459 0.9310061 0
vt 0.3610031 0.9335806 0
vt 0.355303 0.9359223 0
vt 0.390428 0.9154451 0
vt 0.3779073 0.9187863 0
vt 0.3712721 0.9212134 0
vt 0.3648083 0.9240054 0
vt 0.3588191 0.9270225 0
vt 0.3535517 0.9301185 0
vt 0.3835146 0.9066854 0
vt 0.3722313 0.9076017 0
vt 0.3666421 0.9093756 0
vt 0.3613832 0.911956 0
vt 0.3566573 0.9152275 0
vt 0.3526665 0.9190516 0
vt 0.3823761 0.9573523 0
vt 0.3791221 0.9561314 0
vt 0.3811259 0.953608 0
vt 0.3844536 0.9546701 0
vt 0.3878236 0.955239 0
vt 0.3861676 0.9516494 0
vt 0.3893796 0.9521537 0
vt 0.3735776 0.9565577 0
vt 0.3707205 0.958216 0
vt 0.3681233 0.9558845 0
vt 0.370432 0.9545267 0
vt 0.3650578 0.9568876 0
vt 0.3630225 0.9541992 0
vt 0.3653228 0.9535206 0
vt 0.3597707 0.9544687 0
vt 0.3584212 0.9514637 0
vt 0.3619685 0.9519955 0
vt 0.3550908 0.9510787 0
vt 0.3543632 0.9478491 0
vt 0.3579012 0.9488373 0
vt 0.3511897 0.9468545 0
vt 0.354377 0.9448925 0
vt 0.3481076 0.9419773 0
vt 0.3486459 0.9386757 0
vt 0.3515956 0.940332 0
vt 0.3461017 0.93668 0
vt 0.3472732 0.933504 0
vt 0.3497215 0.9353748 0
vt 0.3452421 0.9310934 0
vt 0.3488409 0.9301883 0
vt 0.3454916 0.9253748 0
vt 0.3476659 0.9228034 0
vt 0.3489361 0.9249627 0
vt 0.3467573 0.9198505 0
vt 0.3492716 0.9178281 0
vt 0.3498952 0.9200178 0
vt 0.3490546 0.9146848 0
vt 0.3518884 0.9133049 0
vt 0.3513562 0.9167332 0
vt 0.3522954 0.9100713 0
vt 0.3553818 0.909279 0
vt 0.3544003 0.9126699 0
vt 0.3596164 0.9059618 0
vt 0.36117 0.9030846 0
vt 0.3643486 0.903499 0
vt 0.3626415 0.9063101 0
vt 0.3663881 0.9009844 0
vt 0.3694629 0.9019927 0
vt 0.3674901 0.9043575 0
vt 0.3719362 0.899925 0
vt 0.3726239 0.9033354 0
vt 0.377651 0.8998917 0
vt 0.3801665 0.901946 0
vt 0.3778654 0.9032508 0
vt 0.3832207 0.9009442 0
vt 0.3852103 0.9033915 0
vt 0.3829063 0.9040665 0
vt 0.3884743 0.9030974 0
vt 0.3898096 0.9059188 0
vt 0.386241 0.9054403 0
vt 0.3931909 0.90629 0
vt 0.390335 0.9084095 0
vt 0.3972724 0.9103795 0
vt 0.3974298 0.9135732 0
vt 0.3939805 0.9122123 0
vt 0.400503 0.9151011 0
vt 0.3999928 0.9183393 0
vt 0.3969015 0.9166551 0
vt 0.4026839 0.9203994 0
vt 0.3989353 0.9216121 0
vt 0.4037689 0.9261385 0
vt 0.4020848 0.9290786 0
vt 0.4000207 0.9269062 0
vt 0.4037883 0.9319708 0
vt 0.4015673 0.9345578 0
vt 0.4001275 0.9322585 0
vt 0.4026502 0.9377087 0
vt 0.4000326 0.9397442 0
vt 0.3992841 0.9373931 0
vt 0.4003775 0.9431182 0
vt 0.3973738 0.944467 0
vt 0.397834 0.940817 0
vt 0.3970397 0.9479468 0
vt 0.3947042 0.9450474 0
vt 0.3927536 0.9520539 0
vt 0.3907454 0.9487481 0
vt 0.3998443 0.9503801 0
vt 0.3950111 0.9549562 0
vt 0.3894983 0.9585225 0
vt 0.3933422 0.9584298 0
vt 0.3871793 0.9615884 0
vt 0.3805237 0.9633325 0
vt 0.3834059 0.9609039 0
vt 0.3736098 0.9639674 0
vt 0.3668167 0.9630487 0
vt 0.370357 0.9618909 0
vt 0.3603123 0.9607293 0
vt 0.364016 0.9603509 0
vt 0.3543657 0.957298 0
vt 0.3580869 0.9575928 0
vt 0.349327 0.9527394 0
vt 0.3528367 0.9538037 0
vt 0.348499 0.9490729 0
vt 0.342165 0.9413991 0
vt 0.3450209 0.943625 0
vt 0.3404903 0.9349608 0
vt 0.3427592 0.9377208 0
vt 0.3418291 0.9314791 0
vt 0.3410999 0.921662 0
vt 0.3421654 0.9250685 0
vt 0.343232 0.9153509 0
vt 0.3435876 0.9189162 0
vt 0.346478 0.9095129 0
vt 0.3461423 0.9131151 0
vt 0.3507756 0.904485 0
vt 0.3497435 0.9079351 0
vt 0.3561038 0.900445 0
vt 0.3619376 0.8973499 0
vt 0.3596728 0.9001567 0
vt 0.3683059 0.895518 0
vt 0.365507 0.8978278 0
vt 0.3716925 0.8966394 0
vt 0.3815912 0.8953513 0
vt 0.3780904 0.8965578 0
vt 0.3880298 0.8972656 0
vt 0.3843143 0.8977323 0
vt 0.393982 0.9003956 0
vt 0.390207 0.9001546 0
vt 0.3954878 0.9037033 0
vt 0.4034613 0.9099509 0
vt 0.4000459 0.9083166 0
vt 0.4067282 0.9158308 0
vt 0.4037141 0.9135452 0
vt 0.4061505 0.9194576 0
vt 0.4092313 0.9291923 0
vt 0.4073321 0.9258992 0
vt 0.4086731 0.9360723 0
vt 0.4073744 0.9324258 0
vt 0.4066603 0.9427392 0
vt 0.4061043 0.9388721 0
vt 0.4033498 0.9488721 0
vt 0.4035824 0.944972 0
vt 0.4065502 0.9512362 0
vt 0.4101872 0.9443512 0
vt 0.3954581 0.961664 0
vt 0.4126374 0.9774761 0
vt 0.4209354 0.9687201 0
vt 0.402477 0.9839611 0
vt 0.3911889 0.9881354 0
vt 0.3674486 0.9892729 0
vt 0.3559884 0.9865692 0
vt 0.3454025 0.9816555 0
vt 0.3359439 0.9748923 0
vt 0.3278902 0.9665324 0
vt 0.3221906 0.9564066 0
vt 0.3182826 0.9455551 0
vt 0.3164063 0.9342244 0
vt 0.3164168 0.9227678 0
vt 0.3192496 0.9116844 0
vt 0.3239584 0.9013455 0
vt 0.3305696 0.8920993 0
vt 0.3481631 0.8777513 0
vt 0.3587161 0.8733691 0
vt 0.3699465 0.8712039 0
vt 0.3813772 0.8716917 0
vt 0.3925932 0.8738749 0
vt 0.4031787 0.8782114 0
vt 0.4128708 0.8844458 0
vt 0.421483 0.8922702 0
vt 0.4277415 0.9021204 0
vt 0.432316 0.9129357 0
vt 0.4350298 0.9244579 0
vt 0.4347558 0.9362688 0
vt 0.4323099 0.9478658 0
vt 0.4277113 0.9588434 0
vt 0.4124368 0.9369152 0
vt 0.4130078 0.9292495 0
vt 0.4103237 0.9145504 0
vt 0.4066334 0.9079679 0
vt 0.3962261 0.8974766 0
vt 0.3895337 0.8940274 0
vt 0.3823574 0.8918497 0
vt 0.3677493 0.8920704 0
vt 0.3606624 0.8941513 0
vt 0.3541694 0.8975878 0
vt 0.3482635 0.9017941 0
vt 0.3436021 0.9075462 0
vt 0.3400949 0.9140844 0
vt 0.3375842 0.921071 0
vt 0.3368827 0.935677 0
vt 0.3387608 0.9428951 0
vt 0.3465996 0.95538 0
vt 0.3522544 0.9604189 0
vt 0.3589103 0.9641318 0
vt 0.3660967 0.9668403 0
vt 0.3736901 0.9681027 0
vt 0.3811764 0.9671851 0
vt 0.3885867 0.9651968 0
vt 0.3961836 0.9408408 0
vt 0.3981068 0.9362938 0
vt 0.3963893 0.9355646 0
vt 0.3982643 0.9309143 0
vt 0.3957386 0.9297804 0
vt 0.3941959 0.9238469 0
vt 0.3957312 0.9199491 0
vt 0.3918577 0.9181267 0
vt 0.3931722 0.914935 0
vt 0.388854 0.9129276 0
vt 0.3853747 0.9085178 0
vt 0.3861269 0.9069301 0
vt 0.3816988 0.9050947 0
vt 0.3944012 0.9403185 0
vt 0.3938727 0.9345463 0
vt 0.3902858 0.9220168 0
vt 0.3874826 0.9160687 0
vt 0.380759 0.9065744 0
vt 0.3878976 0.9481129 0
vt 0.3898583 0.9439711 0
vt 0.3866096 0.9427049 0
vt 0.3886123 0.9380038 0
vt 0.3846739 0.9362577 0
vt 0.382196 0.9292305 0
vt 0.3841006 0.9243921 0
vt 0.3793763 0.9221643 0
vt 0.3811884 0.9177462 0
vt 0.3764355 0.9155932 0
vt 0.3735777 0.9099616 0
vt 0.3750859 0.9070364 0
vt 0.3709939 0.9055595 0
vt 0.3828462 0.9506116 0
vt 0.3846579 0.9469714 0
vt 0.3807909 0.9454148 0
vt 0.3826982 0.9410416 0
vt 0.378279 0.9390486 0
vt 0.3754898 0.9319615 0
vt 0.3774544 0.9269827 0
vt 0.3726452 0.9247168 0
vt 0.3745885 0.919947 0
vt 0.3699659 0.9178772 0
vt 0.3676349 0.9119165 0
vt 0.3694072 0.9083828 0
vt 0.3657762 0.9071578 0
vt 0.3774417 0.9521877 0
vt 0.3790272 0.949169 0
vt 0.3746965 0.9473675 0
vt 0.3764107 0.9435071 0
vt 0.3717213 0.9413507 0
vt 0.3687549 0.9345435 0
vt 0.3706762 0.9296694 0
vt 0.3660225 0.9274714 0
vt 0.3679991 0.9225728 0
vt 0.3637228 0.9206702 0
vt 0.3619993 0.9146022 0
vt 0.3639594 0.9105706 0
vt 0.3609038 0.9096152 0
vt 0.371914 0.9528093 0
vt 0.3686099 0.948487 0
vt 0.3653233 0.9430551 0
vt 0.3623259 0.9368441 0
vt 0.359828 0.9302881 0
vt 0.3579892 0.9238356 0
vt 0.356903 0.9178973 0
vt 0.3565459 0.912823 0
vt 0.3665226 0.9524382 0
vt 0.3674489 0.9508657 0
vt 0.3628072 0.9487339 0
vt 0.3639258 0.9463064 0
vt 0.3593728 0.9440982 0
vt 0.3564856 0.9387567 0
vt 0.3580593 0.9347872 0
vt 0.3543214 0.9330307 0
vt 0.3560829 0.9285692 0
vt 0.3529995 0.927225 0
vt 0.3525559 0.9216552 0
vt 0.3545602 0.9170789 0
vt 0.3529014 0.9166495 0
vt 0.362069 0.9504118 0
vt 0.3583281 0.9466157 0
vt 0.3527692 0.9369689 0
vt 0.3512413 0.9316097 0
vt 0.350964 0.921019 0
vt 0.381826 0.9555312 0
vt 0.3869765 0.9535333 0
vt 0.3708283 0.9563591 0
vt 0.365498 0.955147 0
vt 0.3606863 0.9529538 0
vt 0.3563033 0.9497541 0
vt 0.3526191 0.9457597 0
vt 0.3497271 0.9411435 0
vt 0.3478263 0.9361226 0
vt 0.3469948 0.9308347 0
vt 0.3472006 0.9254425 0
vt 0.3483678 0.9202447 0
vt 0.3504617 0.9155379 0
vt 0.3535348 0.9112089 0
vt 0.3619257 0.9046134 0
vt 0.3668678 0.9026223 0
vt 0.3721165 0.9016153 0
vt 0.3775086 0.9015845 0
vt 0.3827558 0.9025623 0
vt 0.3875368 0.904528 0
vt 0.3919585 0.907544 0
vt 0.3957958 0.9114055 0
vt 0.3988314 0.915889 0
vt 0.4008941 0.9209112 0
vt 0.4019379 0.926325 0
vt 0.4019594 0.931831 0
vt 0.4009095 0.9372196 0
vt 0.3988342 0.9421348 0
vt 0.3956737 0.9466609 0
vt 0.3916372 0.9505286 0
vt 0.3961353 0.9563795 0
vt 0.3903174 0.9601227 0
vt 0.3839068 0.9626715 0
vt 0.3701932 0.9637139 0
vt 0.3635145 0.9620363 0
vt 0.3572664 0.9591227 0
vt 0.3517248 0.9551307 0
vt 0.3471731 0.9501565 0
vt 0.3434869 0.9444626 0
vt 0.3411077 0.9382387 0
vt 0.3401306 0.9316612 0
vt 0.340534 0.9249346 0
vt 0.3420379 0.9184684 0
vt 0.3447248 0.9123527 0
vt 0.3484841 0.9068661 0
vt 0.3589168 0.898699 0
vt 0.3650821 0.896286 0
vt 0.3715807 0.8950171 0
vt 0.3782944 0.8948981 0
vt 0.384843 0.8961667 0
vt 0.3910629 0.8987267 0
vt 0.3966406 0.9024352 0
vt 0.4014014 0.9073008 0
vt 0.4053056 0.9127757 0
vt 0.4078843 0.9190034 0
vt 0.4090852 0.9257724 0
vt 0.4091325 0.9326379 0
vt 0.4077859 0.9394348 0
vt 0.4051353 0.9458839 0
vt 0.4012411 0.9516125 0
vt 0.4084544 0.9478358 0
vt 0.4043324 0.954426 0
vt 0.3986135 0.9594465 0
vt 0.4114192 0.940658 0
vt 0.4129198 0.9330833 0
vt 0.4128314 0.9254428 0
vt 0.4117357 0.9180686 0
vt 0.4087023 0.911131 0
vt 0.4042356 0.9050798 0
vt 0.3992406 0.8996889 0
vt 0.3929229 0.8956575 0
vt 0.3859635 0.8928504 0
vt 0.3786943 0.8911876 0
vt 0.3714019 0.8915436 0
vt 0.3641754 0.893011 0
vt 0.3572842 0.8956455 0
vt 0.3458039 0.9045568 0
vt 0.3416886 0.9107317 0
vt 0.3386524 0.9175127 0
vt 0.3370616 0.9247159 0
vt 0.3363909 0.9319955 0
vt 0.3375881 0.9393471 0
vt 0.3401387 0.9463737 0
vt 0.3443148 0.9524083 0
vt 0.3493538 0.9579652 0
vt 0.3554795 0.9624512 0
vt 0.3624303 0.9656641 0
vt 0.3698656 0.9676545 0
vt 0.3849483 0.9664883 0
vt 0.3920817 0.9635475 0
vt 0.3977612 0.9387887 0
vt 0.3983105 0.9336411 0
vt 0.3979737 0.9281471 0
vt 0.3967001 0.9226244 0
vt 0.3945503 0.917378 0
vt 0.3916157 0.9126424 0
vt 0.3880715 0.9086121 0
vt 0.3842038 0.9054667 0
vt 0.3944052 0.942892 0
vt 0.3942516 0.9375129 0
vt 0.393272 0.9314638 0
vt 0.3914633 0.9251457 0
vt 0.3889519 0.9189762 0
vt 0.3859033 0.9133367 0
vt 0.3825191 0.9085568 0
vt 0.3790631 0.9048598 0
vt 0.3902337 0.9465487 0
vt 0.3893339 0.9411042 0
vt 0.3877085 0.9347214 0
vt 0.3854301 0.9278508 0
vt 0.3826774 0.9210035 0
vt 0.3796602 0.9146757 0
vt 0.376588 0.9092832 0
vt 0.373679 0.9050982 0
vt 0.3854278 0.9494725 0
vt 0.3837513 0.944148 0
vt 0.3815174 0.9377067 0
vt 0.3788688 0.930606 0
vt 0.3760187 0.9234068 0
vt 0.373191 0.9166645 0
vt 0.3705825 0.9108415 0
vt 0.3683521 0.906247 0
vt 0.3801755 0.9515174 0
vt 0.377761 0.9464914 0
vt 0.375 0.9402689 0
vt 0.3721039 0.93328 0
vt 0.3692991 0.9260776 0
vt 0.3667975 0.9192182 0
vt 0.3647639 0.9131743 0
vt 0.3632871 0.9082842 0
vt 0.3691881 0.9527487 0
vt 0.3656587 0.9487197 0
vt 0.3622762 0.943662 0
vt 0.359318 0.9378543 0
vt 0.3569759 0.9316769 0
vt 0.3553894 0.9255113 0
vt 0.3546258 0.9197273 0
vt 0.3546247 0.9146657 0
vt 0.3640025 0.9519945 0
vt 0.3601326 0.9486232 0
vt 0.3566734 0.944416 0
vt 0.3538721 0.9395593 0
vt 0.3518897 0.9343101 0
vt 0.3508272 0.9288957 0
vt 0.3506897 0.9235664 0
vt 0.3513638 0.9186406 0
vt 0.8271161 0.9149451 0
vt 0.8630329 0.9128483 0
vt 0.8269184 0.9115325 0
vt 0.827318 0.9183582 0
vt 0.8632334 0.9161221 0
vt 0.8275337 0.9217702 0
vt 0.863446 0.9193943 0
vt 0.8277629 0.9251822 0
vt 0.8636624 0.9226659 0
vt 0.8280144 0.9285929 0
vt 0.8638862 0.9259369 0
vt 0.8282799 0.932003 0
vt 0.8641305 0.9292066 0
vt 0.8285592 0.9354119 0
vt 0.8643859 0.9324754 0
vt 0.8288439 0.9388206 0
vt 0.8646616 0.9357424 0
vt 0.8291428 0.9422286 0
vt 0.8649424 0.9390099 0
vt 0.8294566 0.9456355 0
vt 0.8652478 0.9422755 0
vt 0.8297939 0.9490391 0
vt 0.8655562 0.9455424 0
vt 0.8301369 0.9524427 0
vt 0.8659011 0.9488069 0
vt 0.830503 0.95584 0
vt 0.8662546 0.9520761 0
vt 0.8308739 0.9592368 0
vt 0.8666524 0.9553425 0
vt 0.831264 0.9626228 0
vt 0.8670723 0.9586188 0
vt 0.8316572 0.966008 0
vt 0.8675409 0.9618948 0
vt 0.8320576 0.9693748 0
vt 0.8680585 0.9651887 0
vt 0.8324561 0.9727407 0
vt 0.868621 0.9684884 0
vt 0.8320642 0.757998 0
vt 0.8680599 0.7621878 0
vt 0.831663 0.7613648 0
vt 0.8675441 0.7654825 0
vt 0.8312696 0.7647503 0
vt 0.8670723 0.7687577 0
vt 0.8308792 0.7681367 0
vt 0.8666555 0.7720343 0
vt 0.8305081 0.771533 0
vt 0.8662604 0.7753014 0
vt 0.8301422 0.7749303 0
vt 0.865909 0.7785709 0
vt 0.8297991 0.7783328 0
vt 0.8655756 0.7818371 0
vt 0.8294707 0.7817371 0
vt 0.8652541 0.7851029 0
vt 0.8291567 0.7851426 0
vt 0.8649502 0.7883692 0
vt 0.828848 0.7885489 0
vt 0.8646681 0.7916367 0
vt 0.8285533 0.7919563 0
vt 0.864396 0.7949044 0
vt 0.8282726 0.7953644 0
vt 0.8641437 0.7981734 0
vt 0.8280137 0.7987748 0
vt 0.8638947 0.8014422 0
vt 0.8277685 0.8021854 0
vt 0.8636586 0.8047124 0
vt 0.8275374 0.8055977 0
vt 0.8634256 0.8079834 0
vt 0.8273105 0.8090097 0
vt 0.8632214 0.8112562 0
vt 0.8270976 0.8124231 0
vt 0.8630234 0.8145291 0
vt 0.8269073 0.8158376 0
vt 0.8628411 0.817803 0
vt 0.8267219 0.8192522 0
vt 0.8626671 0.8210774 0
vt 0.8265587 0.8226681 0
vt 0.8625088 0.8243524 0
vt 0.8264001 0.8260846 0
vt 0.8623614 0.8276282 0
vt 0.826255 0.8295015 0
vt 0.8622369 0.8309046 0
vt 0.826132 0.8329191 0
vt 0.86211 0.8341808 0
vt 0.8260224 0.8363374 0
vt 0.8619951 0.8374572 0
vt 0.8259174 0.839756 0
vt 0.8619091 0.8407351 0
vt 0.8258346 0.8431742 0
vt 0.8618288 0.8440129 0
vt 0.8257564 0.8465928 0
vt 0.8617567 0.8472909 0
vt 0.8257001 0.8500125 0
vt 0.8616911 0.8505686 0
vt 0.8256572 0.8534322 0
vt 0.8616475 0.8538475 0
vt 0.8256278 0.856852 0
vt 0.8616167 0.8571269 0
vt 0.8256027 0.8602713 0
vt 0.8616066 0.8604058 0
vt 0.8256008 0.8636911 0
vt 0.8615962 0.8636851 0
vt 0.8256125 0.8671105 0
vt 0.8616006 0.8669645 0
vt 0.8256283 0.8705295 0
vt 0.8616248 0.8702436 0
vt 0.8256664 0.8739485 0
vt 0.8616543 0.8735225 0
vt 0.8257085 0.8773673 0
vt 0.86171 0.8768009 0
vt 0.8257729 0.8807859 0
vt 0.8617605 0.8800795 0
vt 0.8258504 0.8842036 0
vt 0.8618318 0.8833583 0
vt 0.8259325 0.8876212 0
vt 0.8619118 0.8866371 0
vt 0.8260284 0.8910393 0
vt 0.8620145 0.8899151 0
vt 0.8261463 0.8944561 0
vt 0.8621253 0.893193 0
vt 0.8262777 0.8978723 0
vt 0.8622418 0.8964705 0
vt 0.8264137 0.9012883 0
vt 0.8623779 0.8997475 0
vt 0.8265714 0.9047035 0
vt 0.8625214 0.903024 0
vt 0.8267341 0.9081183 0
vt 0.8626886 0.9062987 0
vt 0.863851 0.9062399 0
vt 0.8628503 0.9095738 0
vt 0.8640005 0.9095114 0
vt 0.8644868 0.9094851 0
vt 0.8641875 0.9127808 0
vt 0.8646775 0.912752 0
vt 0.8643869 0.9160498 0
vt 0.8646056 0.9193188 0
vt 0.8648755 0.9160194 0
vt 0.8650995 0.9192865 0
vt 0.8682845 0.9158083 0
vt 0.8685578 0.9157928 0
vt 0.8681066 0.9125535 0
vt 0.868467 0.919064 0
vt 0.8687423 0.9190455 0
vt 0.8687201 0.9223154 0
vt 0.8689945 0.9222954 0
vt 0.8653046 0.9225541 0
vt 0.8689835 0.9255633 0
vt 0.865518 0.9258179 0
vt 0.869256 0.9255432 0
vt 0.8692002 0.9288135 0
vt 0.8657725 0.9290782 0
vt 0.8694371 0.9320624 0
vt 0.8694742 0.9287936 0
vt 0.8697106 0.9320415 0
vt 0.8703487 0.9287309 0
vt 0.8701251 0.9254785 0
vt 0.869862 0.9222303 0
vt 0.8696174 0.9189875 0
vt 0.8694294 0.9157428 0
vt 0.8692534 0.9124934 0
vt 0.8690899 0.9092378 0
vt 0.8688954 0.9059845 0
vt 0.8687632 0.9027269 0
vt 0.8686012 0.8994701 0
vt 0.8684439 0.8962187 0
vt 0.8683011 0.8929738 0
vt 0.8682234 0.889725 0
vt 0.8681512 0.8864683 0
vt 0.8673507 0.8897479 0
vt 0.8672806 0.8864912 0
vt 0.8680362 0.8832161 0
vt 0.8671644 0.8832355 0
vt 0.8671278 0.8799764 0
vt 0.8668871 0.8832415 0
vt 0.8668547 0.8799819 0
vt 0.8634894 0.8833197 0
vt 0.8670081 0.8864983 0
vt 0.8635464 0.8865925 0
vt 0.8670758 0.8897553 0
vt 0.863657 0.8898618 0
vt 0.8671518 0.8930141 0
vt 0.8674271 0.8930048 0
vt 0.8637803 0.8931338 0
vt 0.8672992 0.896271 0
vt 0.8674515 0.8995269 0
vt 0.8638868 0.8964071 0
vt 0.8675725 0.8962589 0
vt 0.867726 0.8995132 0
vt 0.8678959 0.902769 0
vt 0.8680179 0.9060289 0
vt 0.8676223 0.9027825 0
vt 0.8641568 0.9029467 0
vt 0.8677416 0.9060428 0
vt 0.8679499 0.9092983 0
vt 0.8643452 0.906215 0
vt 0.8682229 0.9092837 0
vt 0.8683812 0.9125392 0
vt 0.8640221 0.8996775 0
vt 0.8636708 0.9029698 0
vt 0.8635324 0.8996983 0
vt 0.8633973 0.8964259 0
vt 0.8632861 0.8931515 0
vt 0.8631675 0.8898781 0
vt 0.8630601 0.8866056 0
vt 0.8629963 0.8833312 0
vt 0.8629115 0.8800567 0
vt 0.862873 0.8767815 0
vt 0.863398 0.8800473 0
vt 0.8633676 0.8767735 0
vt 0.8667658 0.8767221 0
vt 0.8632938 0.8735013 0
vt 0.8632721 0.8702298 0
vt 0.8628061 0.8735076 0
vt 0.8667631 0.8734593 0
vt 0.8670359 0.8734561 0
vt 0.8667088 0.8702001 0
vt 0.866984 0.8701971 0
vt 0.8666739 0.8669406 0
vt 0.8669488 0.8669382 0
vt 0.8632484 0.8669574 0
vt 0.8666507 0.8636825 0
vt 0.8669258 0.8636808 0
vt 0.8632404 0.8636847 0
vt 0.8666308 0.8604233 0
vt 0.8632605 0.860411 0
vt 0.8669055 0.8604244 0
vt 0.8666769 0.8571646 0
vt 0.8632628 0.8571372 0
vt 0.8667301 0.853907 0
vt 0.8669521 0.8571685 0
vt 0.8670054 0.8539117 0
vt 0.867075 0.8506546 0
vt 0.8671027 0.8473959 0
vt 0.8668018 0.8506503 0
vt 0.8679499 0.8506683 0
vt 0.8679749 0.8474081 0
vt 0.8678754 0.8539277 0
vt 0.8678247 0.8571806 0
vt 0.8677802 0.8604279 0
vt 0.867798 0.863675 0
vt 0.8678215 0.8669284 0
vt 0.8678575 0.8701849 0
vt 0.8679101 0.8734458 0
vt 0.8679174 0.876706 0
vt 0.8679982 0.8799613 0
vt 0.8670423 0.876718 0
vt 0.8680151 0.8441571 0
vt 0.8681227 0.8409085 0
vt 0.8682481 0.8376522 0
vt 0.868332 0.8343936 0
vt 0.8684225 0.8311432 0
vt 0.8685879 0.8278948 0
vt 0.8687058 0.824643 0
vt 0.8688933 0.8213946 0
vt 0.8690388 0.8181418 0
vt 0.8692453 0.8148923 0
vt 0.8681618 0.818094 0
vt 0.8683762 0.8148427 0
vt 0.8685371 0.8115896 0
vt 0.8681039 0.814827 0
vt 0.864655 0.8146255 0
vt 0.8682617 0.8115725 0
vt 0.8678857 0.8180788 0
vt 0.8644949 0.8178937 0
vt 0.8677513 0.8213359 0
vt 0.8643004 0.8211599 0
vt 0.8680237 0.8213499 0
vt 0.8675563 0.8245892 0
vt 0.8641648 0.8244297 0
vt 0.8674449 0.8278454 0
vt 0.8678316 0.824602 0
vt 0.8677183 0.8278571 0
vt 0.8675513 0.8311108 0
vt 0.8674561 0.8343669 0
vt 0.8672752 0.8310999 0
vt 0.8671824 0.8343589 0
vt 0.8638917 0.8309687 0
vt 0.8637563 0.8342397 0
vt 0.8633973 0.8309497 0
vt 0.8639952 0.8276974 0
vt 0.8635094 0.8276766 0
vt 0.8636711 0.8244067 0
vt 0.8638144 0.8211351 0
vt 0.8640025 0.8178668 0
vt 0.8641696 0.814597 0
vt 0.864382 0.8113294 0
vt 0.8645718 0.8080603 0
vt 0.8648747 0.8113606 0
vt 0.8650577 0.8080931 0
vt 0.8653103 0.8048303 0
vt 0.8685025 0.8083243 0
vt 0.868775 0.8083423 0
vt 0.8686864 0.805071 0
vt 0.8689471 0.8018212 0
vt 0.8689608 0.8050908 0
vt 0.8692211 0.8018434 0
vt 0.8694869 0.7985939 0
vt 0.8697695 0.7953466 0
vt 0.8692132 0.7985712 0
vt 0.8703608 0.7986671 0
vt 0.8706383 0.7954164 0
vt 0.8700906 0.8019144 0
vt 0.8698334 0.8051544 0
vt 0.8696433 0.8084008 0
vt 0.8694074 0.8116437 0
vt 0.8708817 0.7921663 0
vt 0.8711429 0.7889263 0
vt 0.8714238 0.7856964 0
vt 0.871714 0.7824778 0
vt 0.8720651 0.7792729 0
vt 0.8724294 0.7760767 0
vt 0.8727701 0.772899 0
vt 0.8731886 0.7697632 0
vt 0.8736143 0.7666743 0
vt 0.8741631 0.763672 0
vt 0.8727544 0.7665105 0
vt 0.8733134 0.7634677 0
vt 0.8740054 0.7605569 0
vt 0.8730459 0.7634012 0
vt 0.8696747 0.7625553 0
vt 0.8737387 0.7604706 0
vt 0.8724841 0.7664582 0
vt 0.8691546 0.7657846 0
vt 0.8720593 0.7695839 0
vt 0.8686735 0.7690178 0
vt 0.8723286 0.769627 0
vt 0.8716302 0.7727438 0
vt 0.8682799 0.7722636 0
vt 0.8712963 0.7759385 0
vt 0.8719035 0.7727811 0
vt 0.8715678 0.7759721 0
vt 0.871198 0.7791742 0
vt 0.8708417 0.7823891 0
vt 0.8709256 0.7791428 0
vt 0.8705685 0.7823609 0
vt 0.8675346 0.7787556 0
vt 0.8672163 0.78201 0
vt 0.8670516 0.7787004 0
vt 0.8678752 0.7755051 0
vt 0.8673948 0.775444 0
vt 0.8677954 0.7721947 0
vt 0.868197 0.7689391 0
vt 0.8686743 0.7656923 0
vt 0.8691948 0.7624436 0
vt 0.8698496 0.7591815 0
vt 0.8691982 0.9649375 0
vt 0.8703588 0.7593309 0
vt 0.8696813 0.9648268 0
vt 0.8691447 0.9615949 0
vt 0.8730491 0.9639699 0
vt 0.8733167 0.963903 0
vt 0.8724984 0.9609128 0
vt 0.8720347 0.9577921 0
vt 0.8727683 0.960859 0
vt 0.8723049 0.9577469 0
vt 0.8718864 0.9545925 0
vt 0.8715502 0.9514028 0
vt 0.8716138 0.9546309 0
vt 0.8727522 0.9544745 0
vt 0.8724165 0.9512978 0
vt 0.8731652 0.957607 0
vt 0.8736244 0.9606914 0
vt 0.8741669 0.9636955 0
vt 0.874849 0.7608062 0
vt 0.8720472 0.9481056 0
vt 0.871748 0.9448918 0
vt 0.871411 0.941674 0
vt 0.871139 0.9384438 0
vt 0.8708283 0.9352131 0
vt 0.8705809 0.9319767 0
vt 0.8699564 0.9352863 0
vt 0.8702746 0.9385212 0
vt 0.8696809 0.9353095 0
vt 0.8700031 0.9385458 0
vt 0.8663101 0.9355999 0
vt 0.8665669 0.9388601 0
vt 0.865818 0.9356421 0
vt 0.8660303 0.9323391 0
vt 0.8655401 0.9323799 0
vt 0.8652847 0.9291164 0
vt 0.8650322 0.9258533 0
vt 0.8648156 0.9225872 0
vt 0.866085 0.9389043 0
vt 0.866401 0.9421617 0
vt 0.8666978 0.9454216 0
vt 0.8668915 0.9421135 0
vt 0.8671804 0.9453704 0
vt 0.8702654 0.9417838 0
vt 0.8705402 0.9417573 0
vt 0.8706102 0.9450081 0
vt 0.8709032 0.9482323 0
vt 0.870882 0.9449805 0
vt 0.8711776 0.9482017 0
vt 0.8712801 0.9514357 0
vt 0.8675381 0.948618 0
vt 0.8678687 0.9518708 0
vt 0.8670499 0.9486745 0
vt 0.8673885 0.9519322 0
vt 0.8677911 0.9551817 0
vt 0.8682013 0.9584368 0
vt 0.8682749 0.9551118 0
vt 0.8686801 0.958358 0
vt 0.8686671 0.9616864 0
vt 0.8667273 0.7819589 0
vt 0.8664007 0.7852164 0
vt 0.8661025 0.7884768 0
vt 0.8668887 0.7852648 0
vt 0.8665908 0.7885222 0
vt 0.8702817 0.7855941 0
vt 0.8705549 0.7856184 0
vt 0.8700012 0.7888322 0
vt 0.869737 0.7920757 0
vt 0.8702758 0.7888552 0
vt 0.870011 0.7920977 0
vt 0.8694972 0.7953245 0
vt 0.8663094 0.7917811 0
vt 0.8660296 0.7950394 0
vt 0.8658217 0.7917384 0
vt 0.8655432 0.7949996 0
vt 0.8652959 0.798263 0
vt 0.865049 0.8015278 0
vt 0.8657856 0.7983012 0
vt 0.8655393 0.8015643 0
vt 0.8648179 0.8047951 0
vt 0.8632658 0.8342217 0
vt 0.8631468 0.8374929 0
vt 0.8630642 0.8407655 0
vt 0.8636323 0.8375079 0
vt 0.8635541 0.8407782 0
vt 0.8671036 0.8376157 0
vt 0.8673773 0.837624 0
vt 0.8669786 0.8408718 0
vt 0.8668653 0.8441306 0
vt 0.8672535 0.8408807 0
vt 0.8671411 0.8441374 0
vt 0.8668278 0.8473917 0
vt 0.8634863 0.8440518 0
vt 0.8634024 0.8473251 0
vt 0.8629923 0.8440404 0
vt 0.8629123 0.847315 0
vt 0.8628411 0.8505875 0
vt 0.8628032 0.8538603 0
vt 0.8633281 0.8505951 0
vt 0.8632941 0.8538656 0
vt 0.8627726 0.8571341 0
vt 0.8627663 0.8604094 0
vt 0.8627508 0.8636847 0
vt 0.8627578 0.8669595 0
vt 0.8627815 0.8702337 0
vt 0.4697025 0.1828481 0
vt 0.1825045 0.1364073 0
vt 0.1735544 0.1540674 0
vt 0.1828066 0.1414594 0
vt 0.1772072 0.1374349 0
vt 0.4717874 0.1828493 0
vt 0.1817348 0.1432666 0
vt 0.1732124 0.1381138 0
vt 0.473369 0.1828502 0
vt 0.180323 0.1454423 0
vt 0.1689605 0.1387252 0
vt 0.4750568 0.1828513 0
vt 0.1783718 0.1481476 0
vt 0.1663476 0.1390522 0
vt 0.4760939 0.1828519 0
vt 0.1767796 0.1502084 0
vt 0.162557 0.1394697 0
vt 0.4776048 0.1828527 0
vt 0.1749454 0.1524461 0
vt 0.1534969 0.140255 0
vt 0.4812505 0.1881567 0
vt 0.4812384 0.1828505 0
vt 0.469732 0.2403731 0
vt 0.1833367 0.2884674 0
vt 0.1749896 0.2710296 0
vt 0.1836249 0.2834183 0
vt 0.1781558 0.2875911 0
vt 0.4718158 0.2403707 0
vt 0.1826279 0.2816576 0
vt 0.1742509 0.2869927 0
vt 0.4733968 0.2403688 0
vt 0.1813079 0.2795349 0
vt 0.1700954 0.2864415 0
vt 0.4750838 0.2403668 0
vt 0.1794826 0.2768827 0
vt 0.1675488 0.2861361 0
vt 0.4761206 0.2403656 0
vt 0.1779959 0.2748522 0
vt 0.1638482 0.2857348 0
vt 0.4776311 0.240364 0
vt 0.1762853 0.2726397 0
vt 0.1549717 0.2849339 0
vt 0.4812654 0.2350546 0
vt 0.4812622 0.2403614 0
vt 0.8541872 0.1400977 0
vt 0.2216806 0.1828472 0
vt 0.2368372 0.1828275 0
vt 0.8162769 0.1365758 0
vt 0.8552088 0.1536604 0
vt 0.2216798 0.1881617 0
vt 0.8254762 0.1540721 0
vt 0.8160057 0.1416211 0
vt 0.8215685 0.1373815 0
vt 0.2347541 0.1828301 0
vt 0.8171133 0.1433876 0
vt 0.8255585 0.137909 0
vt 0.2331737 0.1828321 0
vt 0.8185652 0.1455223 0
vt 0.8298 0.1383632 0
vt 0.2314872 0.1828345 0
vt 0.8205627 0.1481888 0
vt 0.8323945 0.1385982 0
vt 0.2304511 0.1828359 0
vt 0.8221891 0.150229 0
vt 0.8361614 0.1388779 0
vt 0.2289414 0.1828381 0
vt 0.82406 0.1524545 0
vt 0.8451799 0.1393249 0
vt 0.2253124 0.1828437 0
vt 0.8533252 0.284791 0
vt 0.2217054 0.2403736 0
vt 0.2368655 0.2403878 0
vt 0.8162 0.2891977 0
vt 0.8540309 0.2712062 0
vt 0.2216978 0.2350572 0
vt 0.8247953 0.2712922 0
vt 0.8159044 0.2841401 0
vt 0.8213761 0.2882451 0
vt 0.2347815 0.2403861 0
vt 0.8169309 0.2823185 0
vt 0.8252836 0.2876126 0
vt 0.2332005 0.2403848 0
vt 0.8182893 0.2801179 0
vt 0.8294368 0.2870575 0
vt 0.2315135 0.2403832 0
vt 0.8201684 0.2773685 0
vt 0.8319804 0.2867658 0
vt 0.2304771 0.2403821 0
vt 0.8217002 0.2752643 0
vt 0.8356811 0.286411 0
vt 0.228967 0.2403806 0
vt 0.8234623 0.2729657 0
vt 0.8444957 0.2857873 0
vt 0.2253376 0.2403765 0
vt 0.9929073 0.4235786 0
vt 0.9882417 0.4173744 0
vt 0.9897446 0.4180067 0
vt 0.9910364 0.4190009 0
vt 0.9926599 0.4218053 0
vt 0.881348 0.4235629 0
vt 0.886015 0.4173591 0
vt 0.8815955 0.4217894 0
vt 0.9929122 0.9834021 0
vt 0.9882445 0.9896085 0
vt 0.9897496 0.9889768 0
vt 0.9926655 0.9851767 0
vt 0.8813462 0.9834149 0
vt 0.8860092 0.989619 0
vt 0.8815924 0.985188 0
vt 0.8863315 0.4177848 0
vt 0.9879249 0.4178 0
vt 0.8850846 0.4188222 0
vt 0.9891714 0.4188379 0
vt 0.8841259 0.4201645 0
vt 0.9901296 0.4201804 0
vt 0.8835202 0.4217226 0
vt 0.9907354 0.4217387 0
vt 0.8832899 0.4235469 0
vt 0.9909654 0.4235632 0
vt 0.8832881 0.9834312 0
vt 0.9909702 0.983419 0
vt 0.8835175 0.9852552 0
vt 0.9907401 0.9852434 0
vt 0.8841219 0.9868134 0
vt 0.9901341 0.9868018 0
vt 0.8850794 0.9881561 0
vt 0.9891751 0.9881447 0
vt 0.886326 0.9891934 0
vt 0.9879273 0.9891821 0
vt 0.0482676 0.0649286 0
vt 0.04431958 0.06922674 0
vt 0.5051732 0.1689743 0
vt 0.04692342 0.06632981 0
vt 0.0474778 0.06382367 0
vt 0.04593448 0.06555631 0
vt 0.04322186 0.06842182 0
vt 0.0456075 0.0677716 0
vt 0.04477777 0.06676837 0
vt 0.5051833 0.1684843 0
vt 0.5056612 0.1689522 0
vt 0.505646 0.1684895 0
vt 0.09659632 0.1102502 0
vt 0.09730443 0.1133502 0
vt 0.09433947 0.1126396 0
vt 0.09692931 0.1112579 0
vt 0.09578343 0.1109889 0
vt 0.09620685 0.1117115 0
vt 0.09629545 0.1132003 0
vt 0.09716724 0.112298 0
vt 0.09633043 0.1123324 0
vt 0.09502312 0.1117855 0
vt 0.09529733 0.1129648 0
vt 0.09572391 0.1121891 0
vt 0.01509571 0.1143614 0
vt 0.5053517 0.182821 0
vt 0.5063368 0.1827924 0
vt 0.5058448 0.1828068 0
vt 0.0914034 0.1425575 0
vt 0.08759168 0.14227 0
vt 0.09012687 0.1424769 0
vt 0.08885673 0.1423809 0
vt 0.179313 0.09412964 0
vt 0.1795566 0.09822538 0
vt 0.1793944 0.09549476 0
vt 0.1794758 0.09686011 0
vt 0.4697132 0.169036 0
vt 0.1667022 0.006637515 0
vt 0.4697134 0.1685439 0
vt 0.4697136 0.1680518 0
vt 0.1589802 0.008177949 0
vt 0.4717966 0.1690394 0
vt 0.4717979 0.1680552 0
vt 0.4717972 0.1685472 0
vt 0.008496485 0.1336253 0
vt 0.5053622 0.1881475 0
vt 0.007141274 0.1335016 0
vt 0.5058544 0.1881454 0
vt 0.08963666 0.1543238 0
vt 0.08549066 0.1542713 0
vt 0.08825746 0.1543119 0
vt 0.08687549 0.1542936 0
vt 0.1744476 0.09887299 0
vt 0.1740955 0.09469623 0
vt 0.1743285 0.09747729 0
vt 0.1742119 0.09608426 0
vt 0.1909175 0.1489044 0
vt 0.193447 0.1525691 0
vt 0.1920995 0.1500198 0
vt 0.1930083 0.1512443 0
vt 0.183344 0.1652197 0
vt 0.1801958 0.1622343 0
vt 0.1822105 0.1645402 0
vt 0.1811555 0.1634874 0
vt 0.1909606 0.1536163 0
vt 0.1884279 0.1499191 0
vt 0.1903954 0.1522793 0
vt 0.1895047 0.1510615 0
vt 0.1887747 0.1553777 0
vt 0.1860983 0.1516328 0
vt 0.1880294 0.1540702 0
vt 0.1871184 0.1528362 0
vt 0.186789 0.1574651 0
vt 0.1839308 0.1539774 0
vt 0.1859112 0.1563416 0
vt 0.1849545 0.1551712 0
vt 0.1852034 0.1598939 0
vt 0.1822357 0.1565132 0
vt 0.1841866 0.1589287 0
vt 0.1832103 0.1577683 0
vt 0.1841657 0.1625469 0
vt 0.1809255 0.1593961 0
vt 0.1829741 0.1617475 0
vt 0.1819112 0.1606464 0
vt 0.17059 0.09943242 0
vt 0.1701618 0.09523732 0
vt 0.1704485 0.09802855 0
vt 0.1703061 0.09662973 0
vt 0.1531598 0.009458096 0
vt 0.4733768 0.1690425 0
vt 0.4733785 0.1680582 0
vt 0.4733776 0.1685503 0
vt 0.1664876 0.1000844 0
vt 0.1659865 0.09586804 0
vt 0.1663279 0.09867716 0
vt 0.1661608 0.09727233 0
vt 0.1469824 0.01091017 0
vt 0.4750622 0.1690462 0
vt 0.4750645 0.1680618 0
vt 0.4750633 0.168554 0
vt 0.1639824 0.1005077 0
vt 0.1634356 0.09629325 0
vt 0.1638123 0.09910014 0
vt 0.1636293 0.0976959 0
vt 0.1432017 0.01183836 0
vt 0.4760976 0.1690488 0
vt 0.4761008 0.1680644 0
vt 0.4760989 0.1685565 0
vt 0.1603338 0.1011624 0
vt 0.1597466 0.09699314 0
vt 0.1601515 0.09977223 0
vt 0.1599574 0.09838204 0
vt 0.137712 0.013216 0
vt 0.4776053 0.1690529 0
vt 0.47761 0.1680686 0
vt 0.4776075 0.1685607 0
vt 0.1510013 0.09892361 0
vt 0.1515693 0.1028575 0
vt 0.1512021 0.1002321 0
vt 0.1513926 0.101543 0
vt 0.1246434 0.01681101 0
vt 0.4812251 0.1690678 0
vt 0.4812356 0.1680823 0
vt 0.4812302 0.1685749 0
vt 0.04453897 0.3643847 0
vt 0.5052239 0.2542075 0
vt 0.04040528 0.3598792 0
vt 0.04382482 0.3655374 0
vt 0.04314116 0.3629061 0
vt 0.0421364 0.3637128 0
vt 0.5057122 0.2542294 0
vt 0.5052348 0.2546973 0
vt 0.5056974 0.2546927 0
vt 0.04175403 0.3614036 0
vt 0.5062028 0.2542777 0
vt 0.506029 0.2547609 0
vt 0.1006197 0.3103831 0
vt 0.09861802 0.3083505 0
vt 0.1013385 0.3076029 0
vt 0.0998782 0.3097811 0
vt 0.1009672 0.3094942 0
vt 0.10027 0.3091179 0
vt 0.09947818 0.3079968 0
vt 0.09921435 0.3090926 0
vt 0.0998744 0.3086745 0
vt 0.1012075 0.3085595 0
vt 0.1003984 0.3077536 0
vt 0.1004439 0.308553 0
vt 0.5053824 0.2403654 0
vt 0.0133809 0.312915 0
vt 0.5058754 0.2403791 0
vt 0.01217016 0.3135479 0
vt 0.08880003 0.2810951 0
vt 0.09293731 0.2806775 0
vt 0.09017769 0.280941 0
vt 0.09155588 0.2807975 0
vt 0.1803218 0.3268164 0
vt 0.1800785 0.330897 0
vt 0.1802414 0.3281769 0
vt 0.1801602 0.3295367 0
vt 0.1666951 0.4196742 0
vt 0.4697434 0.2541841 0
vt 0.1666581 0.4210381 0
vt 0.4697435 0.254676 0
vt 0.4718277 0.25418 0
vt 0.1588928 0.4175234 0
vt 0.4718284 0.254672 0
vt 0.158518 0.418849 0
vt 0.005261382 0.2936702 0
vt 0.5053906 0.2350396 0
vt 0.00390625 0.2937388 0
vt 0.5058827 0.2350412 0
vt 0.087881 0.2693431 0
vt 0.09182578 0.2693217 0
vt 0.08919671 0.2693305 0
vt 0.09051077 0.2693234 0
vt 0.1749285 0.3307075 0
vt 0.1752372 0.3265144 0
vt 0.1750296 0.3293161 0
vt 0.1751299 0.3279202 0
vt 0.1941862 0.272309 0
vt 0.1916866 0.275977 0
vt 0.1937578 0.2736359 0
vt 0.192859 0.2748613 0
vt 0.1814807 0.2627761 0
vt 0.1845652 0.2597483 0
vt 0.1824123 0.2615104 0
vt 0.1834391 0.2604432 0
vt 0.1892617 0.2750055 0
vt 0.1917614 0.271277 0
vt 0.1903223 0.2738657 0
vt 0.1912024 0.2726402 0
vt 0.1870113 0.2733362 0
vt 0.1895275 0.2697183 0
vt 0.187993 0.2721544 0
vt 0.1888532 0.2709591 0
vt 0.1849554 0.2710153 0
vt 0.1877339 0.2675559 0
vt 0.1859512 0.2698251 0
vt 0.1868799 0.2686637 0
vt 0.1833672 0.2684916 0
vt 0.1863359 0.265068 0
vt 0.1843304 0.267225 0
vt 0.1853025 0.2660511 0
vt 0.182145 0.2656183 0
vt 0.185197 0.2624551 0
vt 0.1830974 0.2643631 0
vt 0.1841029 0.2632597 0
vt 0.1710381 0.3304648 0
vt 0.1714084 0.326225 0
vt 0.171162 0.3290552 0
vt 0.1712852 0.3276427 0
vt 0.4734084 0.2541762 0
vt 0.1530127 0.4157655 0
vt 0.4734094 0.2546682 0
vt 0.1525949 0.4170664 0
vt 0.166903 0.3301418 0
vt 0.16734 0.3258721 0
vt 0.1670531 0.3287212 0
vt 0.1671988 0.3272971 0
vt 0.4750945 0.2541715 0
vt 0.146774 0.4138041 0
vt 0.4750958 0.2546636 0
vt 0.1463395 0.4150972 0
vt 0.1643731 0.3299287 0
vt 0.1648481 0.325641 0
vt 0.164539 0.3285007 0
vt 0.1646968 0.327071 0
vt 0.4761302 0.2541683 0
vt 0.1429574 0.4125435 0
vt 0.4761317 0.2546605 0
vt 0.1425087 0.41383 0
vt 0.1607006 0.3295833 0
vt 0.1612307 0.3252763 0
vt 0.160887 0.3281486 0
vt 0.1610639 0.3267129 0
vt 0.4776383 0.2541633 0
vt 0.1374241 0.4106432 0
vt 0.4776408 0.2546555 0
vt 0.1369392 0.411924 0
vt 0.1526217 0.3242351 0
vt 0.1519359 0.3285722 0
vt 0.1524073 0.3256804 0
vt 0.1521762 0.3271246 0
vt 0.4812602 0.2541494 0
vt 0.1242767 0.4057631 0
vt 0.4812662 0.2546421 0
vt 0.1236615 0.4069784 0
vt 0.9508449 0.06114834 0
vt 0.2013248 0.1690209 0
vt 0.9547304 0.06566557 0
vt 0.951592 0.06001891 0
vt 0.9521648 0.06262414 0
vt 0.9531403 0.06184726 0
vt 0.2008367 0.1690008 0
vt 0.2013128 0.1685312 0
vt 0.20085 0.1685383 0
vt 0.9534608 0.06413973 0
vt 0.2003458 0.1689541 0
vt 0.2005184 0.1684691 0
vt 0.9017045 0.1134456 0
vt 0.9041108 0.1153428 0
vt 0.9010012 0.1161413 0
vt 0.9025648 0.1140102 0
vt 0.9013602 0.1143042 0
vt 0.9021324 0.1146598 0
vt 0.9031092 0.1157014 0
vt 0.9033752 0.1146405 0
vt 0.9026477 0.1150486 0
vt 0.9011249 0.1152112 0
vt 0.9020623 0.115967 0
vt 0.9020101 0.115207 0
vt 0.2011974 0.1828562 0
vt 0.9840963 0.1117716 0
vt 0.2007041 0.1828437 0
vt 0.985279 0.111098 0
vt 0.9116451 0.1431307 0
vt 0.9077672 0.1434017 0
vt 0.9103585 0.1432381 0
vt 0.9090668 0.1433285 0
vt 0.8859964 0.02361976 0
vt 0.2216831 0.169055 0
vt 0.2216695 0.1680694 0
vt 0.2216765 0.1685621 0
vt 0.8559491 0.1022653 0
vt 0.8565782 0.09809277 0
vt 0.8561441 0.100875 0
vt 0.8563567 0.09948521 0
vt 0.8192906 0.09418285 0
vt 0.8190699 0.0982617 0
vt 0.8192163 0.09554215 0
vt 0.8191426 0.09690184 0
vt 0.2368263 0.1690164 0
vt 0.8318869 0.005269875 0
vt 0.2368263 0.1685243 0
vt 0.2368262 0.1680322 0
vt 0.2347416 0.1690194 0
vt 0.8395158 0.007320956 0
vt 0.234741 0.1685273 0
vt 0.8398872 0.005991135 0
vt 0.2011883 0.1881742 0
vt 0.9907821 0.1314461 0
vt 0.200696 0.1881728 0
vt 0.2002039 0.1881712 0
vt 0.9139492 0.1546632 0
vt 0.9097774 0.1547004 0
vt 0.9125552 0.1546819 0
vt 0.9111649 0.154695 0
vt 0.8244979 0.09444479 0
vt 0.8242107 0.0986216 0
vt 0.8244017 0.09583407 0
vt 0.8243053 0.09722838 0
vt 0.8054173 0.1527116 0
vt 0.8079321 0.1490482 0
vt 0.8058516 0.1513876 0
vt 0.8067556 0.1501633 0
vt 0.8188505 0.1622068 0
vt 0.8157023 0.1651567 0
vt 0.8178932 0.1634513 0
vt 0.8168386 0.1644926 0
vt 0.8104487 0.1500345 0
vt 0.8079254 0.1537064 0
vt 0.8093738 0.1511711 0
vt 0.8084865 0.1523814 0
vt 0.8128139 0.1517128 0
vt 0.8101462 0.1554264 0
vt 0.8117963 0.1529083 0
vt 0.8108878 0.1541319 0
vt 0.8150221 0.1540206 0
vt 0.8121692 0.1574746 0
vt 0.8140007 0.1552058 0
vt 0.8130456 0.1563646 0
vt 0.816753 0.1565271 0
vt 0.8137898 0.1598699 0
vt 0.8157821 0.1577719 0
vt 0.8148075 0.1589192 0
vt 0.8180964 0.1593864 0
vt 0.8148572 0.1625009 0
vt 0.8171133 0.1606262 0
vt 0.8160515 0.1617149 0
vt 0.8284329 0.09474265 0
vt 0.8280896 0.09894703 0
vt 0.8283162 0.09614014 0
vt 0.8282024 0.09754104 0
vt 0.2331604 0.1690223 0
vt 0.8452632 0.008996474 0
vt 0.2331596 0.1685301 0
vt 0.845677 0.007697738 0
vt 0.8326188 0.09512038 0
vt 0.8322173 0.09933428 0
vt 0.8324794 0.09652075 0
vt 0.8323463 0.09792621 0
vt 0.2314736 0.1690257 0
vt 0.8513588 0.01086425 0
vt 0.2314726 0.1685336 0
vt 0.8517872 0.009569657 0
vt 0.8351804 0.09536883 0
vt 0.8347496 0.09958382 0
vt 0.83503 0.09677224 0
vt 0.8348872 0.09817791 0
vt 0.2304376 0.1690281 0
vt 0.8550868 0.0120598 0
vt 0.2304365 0.1685359 0
vt 0.8555264 0.01077034 0
vt 0.8389018 0.09576179 0
vt 0.8384317 0.09997391 0
vt 0.8387388 0.09716575 0
vt 0.8385814 0.09856967 0
vt 0.2289287 0.1690317 0
vt 0.8604923 0.0138568 0
vt 0.2289274 0.1685395 0
vt 0.8609524 0.01257335 0
vt 0.847228 0.1010362 0
vt 0.8477925 0.09687925 0
vt 0.8474081 0.09964893 0
vt 0.847596 0.09826316 0
vt 0.2253044 0.169042 0
vt 0.8733498 0.01842428 0
vt 0.2253023 0.1685495 0
vt 0.8738497 0.01715703 0
vt 0.9554039 0.3628579 0
vt 0.9595517 0.3584282 0
vt 0.2013537 0.2542065 0
vt 0.9568056 0.3614046 0
vt 0.9561391 0.3639972 0
vt 0.9578032 0.3622212 0
vt 0.960668 0.3592007 0
vt 0.958198 0.3599278 0
vt 0.9589892 0.3609187 0
vt 0.2013417 0.254696 0
vt 0.2008655 0.2542271 0
vt 0.200879 0.2546903 0
vt 0.8989252 0.310202 0
vt 0.8981925 0.3074498 0
vt 0.9009321 0.3081452 0
vt 0.8985686 0.3093271 0
vt 0.8996686 0.3095901 0
vt 0.8992703 0.3089388 0
vt 0.8991383 0.3075837 0
vt 0.8983235 0.308401 0
vt 0.8990935 0.3083799 0
vt 0.9003342 0.308894 0
vt 0.9000652 0.3078093 0
vt 0.8996674 0.3084901 0
vt 0.9865972 0.3118085 0
vt 0.2012289 0.2403776 0
vt 0.2002437 0.2404037 0
vt 0.2007357 0.2403906 0
vt 0.9066729 0.2805779 0
vt 0.9108196 0.2808736 0
vt 0.9080579 0.2806563 0
vt 0.9094388 0.2807591 0
vt 0.2217145 0.2541695 0
vt 0.8880273 0.4004587 0
vt 0.2217075 0.2546623 0
vt 0.8886681 0.40166 0
vt 0.8564331 0.327003 0
vt 0.8556726 0.3228112 0
vt 0.8561667 0.3256034 0
vt 0.8559096 0.324208 0
vt 0.8192374 0.3273876 0
vt 0.8194856 0.3314783 0
vt 0.8193195 0.3287514 0
vt 0.8194024 0.3301147 0
vt 0.8327033 0.4182715 0
vt 0.2368548 0.2542003 0
vt 0.8327472 0.4196352 0
vt 0.2368545 0.2546923 0
vt 0.8404929 0.416367 0
vt 0.2347708 0.254198 0
vt 0.2347697 0.2551821 0
vt 0.2347702 0.25469 0
vt 0.2012159 0.2350617 0
vt 0.994739 0.2925917 0
vt 0.2007236 0.2350635 0
vt 0.2002316 0.2350654 0
vt 0.9077561 0.26919 0
vt 0.91171 0.2691252 0
vt 0.9090743 0.2691624 0
vt 0.910391 0.2691409 0
vt 0.8243337 0.3269447 0
vt 0.8246669 0.3311073 0
vt 0.8244436 0.3283369 0
vt 0.8245551 0.3297247 0
vt 0.8078164 0.2766927 0
vt 0.8052997 0.2730214 0
vt 0.8066398 0.2755746 0
vt 0.8057353 0.2743477 0
vt 0.8151563 0.2602828 0
vt 0.8182533 0.2632149 0
vt 0.8162834 0.2609408 0
vt 0.8173151 0.2619766 0
vt 0.8077558 0.2719453 0
vt 0.8102766 0.2756824 0
vt 0.808321 0.2733147 0
vt 0.8092079 0.2745432 0
vt 0.8100253 0.2703506 0
vt 0.8125679 0.2739628 0
vt 0.8107081 0.2715931 0
vt 0.8115776 0.2727862 0
vt 0.81186 0.2681601 0
vt 0.8146712 0.2715839 0
vt 0.8127261 0.2692577 0
vt 0.8136657 0.2704069 0
vt 0.8133074 0.265648 0
vt 0.8163029 0.2690071 0
vt 0.8143523 0.2666086 0
vt 0.8153329 0.2677607 0
vt 0.8144955 0.2630198 0
vt 0.8175647 0.2660876 0
vt 0.8155966 0.2637873 0
vt 0.8166074 0.2648592 0
vt 0.8281687 0.3265552 0
vt 0.8285774 0.330736 0
vt 0.8283031 0.3279508 0
vt 0.828439 0.3293451 0
vt 0.8463619 0.4147853 0
vt 0.2331901 0.2541959 0
vt 0.2331886 0.25518 0
vt 0.2331894 0.2546879 0
vt 0.8322511 0.3261 0
vt 0.8327322 0.3302816 0
vt 0.8324065 0.3274978 0
vt 0.832567 0.328891 0
vt 0.8525878 0.413003 0
vt 0.2315037 0.2541933 0
vt 0.2315019 0.2551775 0
vt 0.2315028 0.2546854 0
vt 0.8347524 0.3258112 0
vt 0.8352736 0.3299874 0
vt 0.8349189 0.3272078 0
vt 0.8350921 0.3286003 0
vt 0.8563954 0.411852 0
vt 0.230468 0.2541916 0
vt 0.2304658 0.2551758 0
vt 0.2304669 0.2546836 0
vt 0.8383788 0.3253701 0
vt 0.8389621 0.3295937 0
vt 0.8385683 0.3267777 0
vt 0.8387611 0.3281862 0
vt 0.8619179 0.4100587 0
vt 0.2289593 0.2541888 0
vt 0.2289566 0.255173 0
vt 0.2289581 0.2546809 0
vt 0.847759 0.3283348 0
vt 0.8470967 0.3241658 0
vt 0.8475289 0.3269465 0
vt 0.8473083 0.3255571 0
vt 0.8750717 0.4055938 0
vt 0.2253354 0.2541807 0
vt 0.2253307 0.2551652 0
vt 0.2253333 0.254673 0
vt 0.193886 0.1693335 0
vt 0.9888902 0.4150253 0
vt 0.9885657 0.4161955 0
vt 0.9864706 0.4171358 0
vt 0.1940074 0.1709634 0
vt 0.9865542 0.4159154 0
vt 0.9866333 0.4146958 0
vt 0.1940521 0.1678693 0
vt 0.9909757 0.415885 0
vt 0.9903572 0.4169512 0
vt 0.1941649 0.1665325 0
vt 0.9927556 0.4172713 0
vt 0.9919004 0.4181323 0
vt 0.1944113 0.165414 0
vt 0.9920284 0.4202963 0
vt 0.9941351 0.4190549 0
vt 0.9930837 0.4196785 0
vt 0.1950734 0.1649418 0
vt 0.9950133 0.4211375 0
vt 0.9938374 0.4214763 0
vt 0.1957451 0.1647353 0
vt 0.9953472 0.4234114 0
vt 0.9941276 0.4234928 0
vt 0.1945386 0.2557498 0
vt 0.8856912 0.4161801 0
vt 0.1958238 0.2553675 0
vt 0.887786 0.4171211 0
vt 0.1945241 0.2541367 0
vt 0.8877029 0.4159006 0
vt 0.8876244 0.4146804 0
vt 0.8845116 0.417991 0
vt 0.1945076 0.2572528 0
vt 0.8838994 0.4169352 0
vt 0.1959245 0.2567022 0
vt 0.883219 0.4189848 0
vt 0.1947695 0.2584708 0
vt 0.8823559 0.4181162 0
vt 0.1960355 0.2576787 0
vt 0.8822274 0.4202805 0
vt 0.1952292 0.2593511 0
vt 0.8811718 0.4196623 0
vt 0.1961459 0.2583831 0
vt 0.1956818 0.2600652 0
vt 0.880418 0.4214605 0
vt 0.1963626 0.2589186 0
vt 0.1963658 0.2601867 0
vt 0.8801278 0.4234775 0
vt 0.1964425 0.2588409 0
vt 0.8051233 0.1691232 0
vt 0.9885682 0.990788 0
vt 0.8036952 0.1694507 0
vt 0.805019 0.1707262 0
vt 0.9864717 0.9898466 0
vt 0.8037974 0.1711063 0
vt 0.9865545 0.9910667 0
vt 0.8049224 0.1677062 0
vt 0.9903625 0.9900331 0
vt 0.8035941 0.1681832 0
vt 0.9910407 0.9879812 0
vt 0.8047749 0.1664203 0
vt 0.9919061 0.9888488 0
vt 0.8034626 0.1671282 0
vt 0.9920338 0.986686 0
vt 0.8045401 0.1653402 0
vt 0.99309 0.987303 0
vt 0.8033828 0.1663968 0
vt 0.8038857 0.1649347 0
vt 0.9938447 0.9855038 0
vt 0.8032492 0.1660929 0
vt 0.8031889 0.1648116 0
vt 0.9953522 0.9835665 0
vt 0.9941324 0.983487 0
vt 0.8050935 0.2563864 0
vt 0.8853534 0.991974 0
vt 0.8856853 0.9907963 0
vt 0.8051982 0.2549896 0
vt 0.8877815 0.9898574 0
vt 0.8039736 0.2546447 0
vt 0.8876978 0.9910777 0
vt 0.8051037 0.2578663 0
vt 0.8845044 0.9889882 0
vt 0.8832696 0.9910997 0
vt 0.8838895 0.9900451 0
vt 0.8047511 0.2590668 0
vt 0.8832149 0.9879912 0
vt 0.881482 0.9897192 0
vt 0.8823496 0.988857 0
vt 0.8042637 0.259956 0
vt 0.8822233 0.9866964 0
vt 0.8801109 0.9879268 0
vt 0.8811671 0.9873127 0
vt 0.8037842 0.2606977 0
vt 0.8792449 0.985845 0
vt 0.8804133 0.9855153 0
vt 0.8030408 0.2608422 0
vt 0.8801261 0.9835002 0
vt 0.8029539 0.2595023 0
vt 0.1414434 0.4334575 0
vt 0.1238253 0.4343605 0
vt 0.2136639 0.4299481 0
vt 0.1510118 0.7145857 0
vt 0.1332319 0.7145899 0
vt 0.2203117 0.717447 0
vt 0.1324561 0.583572 0
vt 0.1508363 0.5830027 0
vt 0.2110422 0.5806587 0
vt 0.1854958 0.5814524 0
vt 0.1892495 0.4312114 0
vt 0.1976877 0.7165104 0
vt 0.05212126 0.4370816 0
vt 0.06994465 0.4364227 0
vt 0.26857 0.4285438 0
vt 0.06057602 0.7151163 0
vt 0.07857573 0.7149412 0
vt 0.2705042 0.7162101 0
vt 0.07678038 0.5850912 0
vt 0.05881274 0.5855349 0
vt 0.2706075 0.5803719 0
vt 0.2584729 0.4284703 0
vt 0.2612699 0.7166236 0
vt 0.08691893 0.5848474 0
vt 0.07986551 0.436038 0
vt 0.08860627 0.7148521 0
vt 0.259826 0.5807215 0
vt 0.2945819 0.5810093 0
vt 0.00390625 0.4387321 0
vt 0.293731 0.7136899 0
vt 0.132659 0.4339169 0
vt 0.1998775 0.4306059 0
vt 0.2095082 0.4301486 0
vt 0.2210574 0.429601 0
vt 0.2189109 0.4296995 0
vt 0.2166661 0.4298046 0
vt 0.1497577 0.4329836 0
vt 0.1468125 0.4331529 0
vt 0.1443719 0.4332924 0
vt 0.2269608 0.7174448 0
vt 0.2250377 0.7175318 0
vt 0.2230247 0.7175363 0
vt 0.1593562 0.7146519 0
vt 0.156405 0.7146087 0
vt 0.1539555 0.7145934 0
vt 0.2165267 0.7172787 0
vt 0.2076397 0.716888 0
vt 0.1421597 0.7145762 0
vt 0.1509641 0.7152807 0
vt 0.1480345 0.5553608 0
vt 0.1332021 0.7152959 0
vt 0.2202983 0.7180401 0
vt 0.1248752 0.5837725 0
vt 0.1270717 0.5837165 0
vt 0.1293721 0.5836566 0
vt 0.1960546 0.5811034 0
vt 0.2064954 0.5808321 0
vt 0.1417162 0.583293 0
vt 0.1860627 0.5814121 0
vt 0.1870214 0.5813551 0
vt 0.1887709 0.5812838 0
vt 0.1208764 0.4345117 0
vt 0.1186738 0.434624 0
vt 0.1165686 0.4347306 0
vt 0.1302467 0.7146031 0
vt 0.128016 0.7146153 0
vt 0.1258829 0.7146298 0
vt 0.2143558 0.5805445 0
vt 0.2168594 0.5805299 0
vt 0.2192591 0.5806086 0
vt 0.1537423 0.5829105 0
vt 0.1558629 0.5828386 0
vt 0.1580487 0.5827534 0
vt 0.1841227 0.581529 0
vt 0.1929595 0.4309881 0
vt 0.1911502 0.4310965 0
vt 0.1900225 0.4311647 0
vt 0.201156 0.7166807 0
vt 0.1994642 0.7166132 0
vt 0.1984103 0.716557 0
vt 0.1976518 0.7171317 0
vt 0.130251 0.5560457 0
vt 0.2168215 0.5497563 0
vt 0.1941915 0.5516289 0
vt 0.134348 0.6873198 0
vt 0.1527454 0.6871803 0
vt 0.1324985 0.5841952 0
vt 0.1508902 0.5836288 0
vt 0.2110755 0.5813625 0
vt 0.2132791 0.6870919 0
vt 0.1855444 0.5821231 0
vt 0.1876881 0.6873505 0
vt 0.1973849 0.7155665 0
vt 0.1877247 0.6884217 0
vt 0.187987 0.6891643 0
vt 0.1526679 0.688821 0
vt 0.152698 0.6881585 0
vt 0.1510694 0.7136871 0
vt 0.2200931 0.7164131 0
vt 0.213541 0.6890705 0
vt 0.2133327 0.6882391 0
vt 0.1332694 0.7137061 0
vt 0.1343173 0.6882892 0
vt 0.134296 0.6889468 0
vt 0.1323869 0.5825732 0
vt 0.1481549 0.5565071 0
vt 0.1482254 0.5572004 0
vt 0.1303968 0.5578529 0
vt 0.1303419 0.5571716 0
vt 0.1507528 0.5819933 0
vt 0.2112634 0.5793743 0
vt 0.1857792 0.5802994 0
vt 0.2168486 0.5509598 0
vt 0.2167157 0.5517562 0
vt 0.1940525 0.5535487 0
vt 0.1942483 0.5528062 0
vt 0.1873125 0.4313278 0
vt 0.1958675 0.7163854 0
vt 0.06101786 0.4367563 0
vt 0.2824897 0.4286737 0
vt 0.2727618 0.4285804 0
vt 0.2611244 0.4284871 0
vt 0.2632848 0.4285018 0
vt 0.265545 0.4285187 0
vt 0.04368713 0.4373878 0
vt 0.04667608 0.4372796 0
vt 0.049152 0.4371898 0
vt 0.2637127 0.7166337 0
vt 0.2656853 0.716608 0
vt 0.2677407 0.7164809 0
vt 0.05207587 0.7151971 0
vt 0.05508568 0.7151652 0
vt 0.05758124 0.7151421 0
vt 0.2743659 0.7157893 0
vt 0.2835003 0.7148158 0
vt 0.06955644 0.7150314 0
vt 0.06057186 0.7157961 0
vt 0.05749974 0.5582491 0
vt 0.07856837 0.7156378 0
vt 0.2705826 0.716789 0
vt 0.08425511 0.5849149 0
vt 0.08208603 0.5849665 0
vt 0.07981714 0.5850197 0
vt 0.2848211 0.5806523 0
vt 0.2749653 0.580475 0
vt 0.06770448 0.5853142 0
vt 0.294052 0.5809889 0
vt 0.2931783 0.5809337 0
vt 0.2915862 0.5808448 0
vt 0.0729197 0.4363084 0
vt 0.07514013 0.4362224 0
vt 0.07726163 0.4361398 0
vt 0.08158316 0.7149122 0
vt 0.08382815 0.7148915 0
vt 0.08597318 0.7148732 0
vt 0.2674189 0.5803186 0
vt 0.2649971 0.5803569 0
vt 0.2626707 0.580501 0
vt 0.08859543 0.7155514 0
vt 0.2612988 0.7172244 0
vt 0.05599671 0.5856019 0
vt 0.05394503 0.5856474 0
vt 0.05183074 0.5856914 0
vt 0.02683295 0.5862697 0
vt 0.2894879 0.4287719 0
vt 0.2913205 0.4287999 0
vt 0.2924626 0.4288173 0
vt 0.2902052 0.7141623 0
vt 0.2919463 0.7139658 0
vt 0.2930199 0.7138182 0
vt 0.2940724 0.7144728 0
vt 0.07551417 0.5577573 0
vt 0.2672769 0.5490152 0
vt 0.08555489 0.5574787 0
vt 0.2579545 0.5489459 0
vt 0.290831 0.5504387 0
vt 0.07881537 0.6879064 0
vt 0.06084734 0.688152 0
vt 0.08694663 0.5854653 0
vt 0.07680597 0.5857108 0
vt 0.08896736 0.6877621 0
vt 0.05883565 0.5861573 0
vt 0.2705216 0.5810859 0
vt 0.2598315 0.581364 0
vt 0.2726002 0.6850395 0
vt 0.2618967 0.6851743 0
vt 0.02560599 0.5869261 0
vt 0.02758917 0.6886989 0
vt 0.2936035 0.7125148 0
vt 0.02743898 0.6896967 0
vt 0.296309 0.6850459 0
vt 0.06084384 0.689778 0
vt 0.06084697 0.6891214 0
vt 0.06058575 0.7142371 0
vt 0.2619628 0.6870231 0
vt 0.2619349 0.6862312 0
vt 0.261223 0.7155192 0
vt 0.270612 0.7151812 0
vt 0.2726542 0.6870497 0
vt 0.2727247 0.686199 0
vt 0.08861957 0.7139865 0
vt 0.07858497 0.7140693 0
vt 0.08895701 0.6887182 0
vt 0.08894997 0.6893668 0
vt 0.07881289 0.6888674 0
vt 0.07881083 0.6895191 0
vt 0.0767391 0.584099 0
vt 0.08687422 0.5838609 0
vt 0.0575502 0.5593745 0
vt 0.05758345 0.5600552 0
vt 0.07560005 0.5595461 0
vt 0.07556759 0.5588717 0
vt 0.08564979 0.5592585 0
vt 0.08561439 0.5585875 0
vt 0.05877116 0.5845316 0
vt 0.2704944 0.5790732 0
vt 0.2941984 0.5801638 0
vt 0.2672112 0.5501957 0
vt 0.2673197 0.550979 0
vt 0.2903432 0.5528014 0
vt 0.2903967 0.5518942 0
vt 0.2598211 0.5795093 0
vt 0.2579555 0.5501765 0
vt 0.2579485 0.5510097 0
vt 0.005869181 0.4386651 0
vt 0.01413015 0.715576 0
vt 0.1391842 0.555716 0
vt 0.1563495 0.554956 0
vt 0.1534128 0.5551172 0
vt 0.1509714 0.5552333 0
vt 0.2235524 0.5494405 0
vt 0.2216003 0.5494793 0
vt 0.2195579 0.5495701 0
vt 0.2076191 0.7175161 0
vt 0.216505 0.7178908 0
vt 0.1272644 0.5561483 0
vt 0.125032 0.5562215 0
vt 0.1228972 0.5562881 0
vt 0.1976815 0.5513327 0
vt 0.1959807 0.5514717 0
vt 0.1949196 0.5515647 0
vt 0.159275 0.7153517 0
vt 0.1563392 0.715308 0
vt 0.153899 0.7152903 0
vt 0.1421231 0.715276 0
vt 0.2270014 0.7180835 0
vt 0.22506 0.7181251 0
vt 0.2230264 0.7181166 0
vt 0.1302201 0.7153092 0
vt 0.1279915 0.715321 0
vt 0.1258604 0.7153347 0
vt 0.2011432 0.7172856 0
vt 0.199442 0.7172167 0
vt 0.1983803 0.7171667 0
vt 0.2041589 0.5508295 0
vt 0.2130256 0.5500634 0
vt 0.1436018 0.6872428 0
vt 0.124915 0.5843927 0
vt 0.1271112 0.5843378 0
vt 0.1294131 0.5842788 0
vt 0.1267576 0.6874122 0
vt 0.1289564 0.6873827 0
vt 0.1312591 0.6873541 0
vt 0.1417661 0.583918 0
vt 0.2143793 0.5812772 0
vt 0.2168525 0.5812639 0
vt 0.2192169 0.581302 0
vt 0.2087158 0.6871257 0
vt 0.1982469 0.6872727 0
vt 0.216583 0.6870462 0
vt 0.2190563 0.6869599 0
vt 0.2214215 0.6868248 0
vt 0.2065229 0.5815091 0
vt 0.1960832 0.5817793 0
vt 0.1861133 0.5820989 0
vt 0.1870706 0.5820551 0
vt 0.1888113 0.5819845 0
vt 0.1882574 0.6873522 0
vt 0.1892151 0.6873577 0
vt 0.1909582 0.6873592 0
vt 0.1556529 0.6871598 0
vt 0.1577755 0.6871476 0
vt 0.1599671 0.6871414 0
vt 0.1538004 0.5835379 0
vt 0.1559248 0.5834688 0
vt 0.158116 0.58339 0
vt 0.1863096 0.6873408 0
vt 0.1841678 0.5821875 0
vt 0.1912581 0.6892717 0
vt 0.1895099 0.6892576 0
vt 0.1885535 0.6892093 0
vt 0.1910114 0.6884829 0
vt 0.189257 0.6884769 0
vt 0.1882953 0.6884472 0
vt 0.2008651 0.7157207 0
vt 0.1991576 0.7156813 0
vt 0.1981043 0.7156226 0
vt 0.1599119 0.6888183 0
vt 0.1577028 0.688805 0
vt 0.1555739 0.6888068 0
vt 0.1599169 0.6881415 0
vt 0.1577247 0.6881355 0
vt 0.1556028 0.6881417 0
vt 0.1594189 0.7137224 0
vt 0.1564698 0.7136932 0
vt 0.1540194 0.7136863 0
vt 0.2268594 0.7162737 0
vt 0.2248914 0.7164683 0
vt 0.2228326 0.7165114 0
vt 0.2216363 0.688814 0
vt 0.2192826 0.689044 0
vt 0.2168169 0.6891159 0
vt 0.221536 0.6879617 0
vt 0.2191427 0.6881578 0
vt 0.2166423 0.6882416 0
vt 0.13028 0.7137247 0
vt 0.1280471 0.7137392 0
vt 0.1259111 0.7137562 0
vt 0.1312155 0.6889748 0
vt 0.1289161 0.6890016 0
vt 0.1267211 0.6890276 0
vt 0.1312336 0.6883196 0
vt 0.128933 0.6883472 0
vt 0.1267366 0.6883746 0
vt 0.2073864 0.7158493 0
vt 0.2162916 0.7162315 0
vt 0.1983191 0.688362 0
vt 0.2087848 0.6882241 0
vt 0.1985717 0.6891325 0
vt 0.2090251 0.6890077 0
vt 0.1435396 0.6888759 0
vt 0.143565 0.6882161 0
vt 0.1422062 0.7136875 0
vt 0.1293053 0.5826604 0
vt 0.127007 0.5827237 0
vt 0.1248118 0.5827827 0
vt 0.1393488 0.5575357 0
vt 0.1392869 0.5568498 0
vt 0.1274028 0.5579491 0
vt 0.1251639 0.5580159 0
vt 0.1230227 0.5580779 0
vt 0.1273506 0.5572704 0
vt 0.1251139 0.5573397 0
vt 0.1229748 0.5574034 0
vt 0.1416362 0.5822893 0
vt 0.15658 0.556849 0
vt 0.1536317 0.55699 0
vt 0.1511793 0.5570898 0
vt 0.1565098 0.556134 0
vt 0.153558 0.5562849 0
vt 0.1511048 0.5563905 0
vt 0.1579857 0.581718 0
vt 0.1557822 0.581816 0
vt 0.1536564 0.581896 0
vt 0.1963309 0.5799088 0
vt 0.2067597 0.5796168 0
vt 0.1890338 0.5800631 0
vt 0.1872924 0.5801466 0
vt 0.1863417 0.5802322 0
vt 0.2041972 0.5520538 0
vt 0.2130687 0.5512894 0
vt 0.2040386 0.5528526 0
vt 0.2129254 0.5520953 0
vt 0.1975208 0.5532471 0
vt 0.195817 0.5533593 0
vt 0.1947678 0.5534626 0
vt 0.1977057 0.5524981 0
vt 0.1960156 0.5526285 0
vt 0.1949662 0.5527287 0
vt 0.2193566 0.5793036 0
vt 0.2169969 0.5791686 0
vt 0.2145322 0.579197 0
vt 0.2234716 0.5516284 0
vt 0.2215013 0.5515098 0
vt 0.2194461 0.5515474 0
vt 0.2235065 0.550744 0
vt 0.2215787 0.5506988 0
vt 0.2195605 0.5507594 0
vt 0.1844216 0.5804275 0
vt 0.1922531 0.5537625 0
vt 0.1924411 0.5530115 0
vt 0.186621 0.6890915 0
vt 0.1863491 0.6883851 0
vt 0.1955748 0.7154275 0
vt 0.1958209 0.7170282 0
vt 0.1923622 0.5518064 0
vt 0.0664866 0.5580005 0
vt 0.04899306 0.5584847 0
vt 0.05200602 0.5584032 0
vt 0.05450343 0.5583337 0
vt 0.2603945 0.548873 0
vt 0.2623858 0.5488478 0
vt 0.2644736 0.5488858 0
vt 0.283621 0.7154531 0
vt 0.2744657 0.7163993 0
vt 0.07852451 0.5576757 0
vt 0.08077166 0.5576141 0
vt 0.082919 0.5575541 0
vt 0.2871207 0.5502492 0
vt 0.2889219 0.5503462 0
vt 0.2900521 0.550405 0
vt 0.05207093 0.7158667 0
vt 0.05508199 0.7158397 0
vt 0.05757772 0.7158192 0
vt 0.06955098 0.7157196 0
vt 0.2637322 0.7172031 0
vt 0.2657166 0.7171526 0
vt 0.2677947 0.7170312 0
vt 0.08157477 0.7156112 0
vt 0.08381888 0.7155914 0
vt 0.08596324 0.7155728 0
vt 0.2903744 0.7148122 0
vt 0.2921693 0.7146434 0
vt 0.2932955 0.7145381 0
vt 0.2803434 0.5498635 0
vt 0.2711759 0.5492534 0
vt 0.06973892 0.6880309 0
vt 0.08428173 0.5855329 0
vt 0.08211215 0.585585 0
vt 0.0798428 0.5856386 0
vt 0.0862985 0.6877968 0
vt 0.08412635 0.687828 0
vt 0.08185547 0.6878616 0
vt 0.06772871 0.5859353 0
vt 0.2673446 0.5810632 0
vt 0.264954 0.5811038 0
vt 0.2626608 0.5812066 0
vt 0.2769503 0.6847956 0
vt 0.2868394 0.6842537 0
vt 0.2694201 0.6851876 0
vt 0.2670283 0.6852405 0
vt 0.2647287 0.6852255 0
vt 0.274886 0.5811589 0
vt 0.2847428 0.5813168 0
vt 0.2940668 0.5815294 0
vt 0.2931724 0.5815115 0
vt 0.2915488 0.5814707 0
vt 0.296124 0.6836846 0
vt 0.2952314 0.6837365 0
vt 0.2936086 0.68384 0
vt 0.05803008 0.6881939 0
vt 0.05597804 0.6882273 0
vt 0.0538651 0.688264 0
vt 0.05601916 0.5862249 0
vt 0.05396809 0.586272 0
vt 0.05185561 0.586318 0
vt 0.02887851 0.6886728 0
vt 0.02689535 0.5869004 0
vt 0.293493 0.6855771 0
vt 0.293647 0.6848455 0
vt 0.2950225 0.6853507 0
vt 0.295211 0.6846652 0
vt 0.2958364 0.6851735 0
vt 0.2960675 0.6845504 0
vt 0.2902501 0.7131038 0
vt 0.2919244 0.7128801 0
vt 0.2929295 0.7126831 0
vt 0.05381611 0.6899086 0
vt 0.053854 0.6892446 0
vt 0.05595739 0.6898629 0
vt 0.05597469 0.6892027 0
vt 0.05802245 0.6898239 0
vt 0.0580295 0.6891657 0
vt 0.05212953 0.7143095 0
vt 0.05511352 0.7142797 0
vt 0.05759618 0.7142595 0
vt 0.2637119 0.7155945 0
vt 0.2657389 0.7156194 0
vt 0.2678367 0.7154915 0
vt 0.2648017 0.6872469 0
vt 0.2647855 0.6863806 0
vt 0.2671157 0.6873604 0
vt 0.267121 0.6864571 0
vt 0.2695083 0.6872914 0
vt 0.2695436 0.6863989 0
vt 0.0815936 0.7140418 0
vt 0.08383956 0.7140228 0
vt 0.08598515 0.7140064 0
vt 0.08184858 0.6894716 0
vt 0.08185159 0.6888208 0
vt 0.08411739 0.6894361 0
vt 0.08412125 0.6887859 0
vt 0.0862868 0.6894027 0
vt 0.08629165 0.6887534 0
vt 0.2835964 0.7137418 0
vt 0.2744724 0.7147267 0
vt 0.2869344 0.6853236 0
vt 0.2868189 0.6860991 0
vt 0.2770635 0.6859022 0
vt 0.2769659 0.6867056 0
vt 0.06973649 0.6896497 0
vt 0.06973771 0.6889956 0
vt 0.06956367 0.7141572 0
vt 0.07977543 0.5840292 0
vt 0.08204372 0.583978 0
vt 0.08421202 0.5839277 0
vt 0.06656881 0.5597965 0
vt 0.06653757 0.5591196 0
vt 0.07861276 0.559462 0
vt 0.07857948 0.5587888 0
vt 0.08086148 0.5593974 0
vt 0.08082773 0.5587253 0
vt 0.08301058 0.5593348 0
vt 0.08297634 0.5586638 0
vt 0.0676648 0.5843168 0
vt 0.04912246 0.5603042 0
vt 0.04905433 0.559619 0
vt 0.0521079 0.5602204 0
vt 0.05205991 0.5595356 0
vt 0.05459196 0.5601462 0
vt 0.05455442 0.5594631 0
vt 0.05174418 0.5846753 0
vt 0.05388519 0.5846368 0
vt 0.05595003 0.5845954 0
vt 0.2846586 0.5794734 0
vt 0.2748128 0.5792489 0
vt 0.2913575 0.5797414 0
vt 0.2928973 0.5799096 0
vt 0.2937193 0.5800551 0
vt 0.2802111 0.5511196 0
vt 0.2803129 0.5519377 0
vt 0.2710751 0.5504832 0
vt 0.2711837 0.5512907 0
vt 0.2869675 0.5523304 0
vt 0.2869045 0.5515153 0
vt 0.2886476 0.5524959 0
vt 0.288627 0.5516589 0
vt 0.2896611 0.5526573 0
vt 0.2896855 0.5517837 0
vt 0.2626477 0.579178 0
vt 0.2649536 0.5789765 0
vt 0.2673447 0.578954 0
vt 0.2604283 0.5508327 0
vt 0.2604018 0.5500444 0
vt 0.2624478 0.5507271 0
vt 0.2623822 0.5499738 0
vt 0.2645428 0.5507734 0
vt 0.2644444 0.5500188 0
vt 0.02636084 0.5852402 0
vt 0.01158735 0.5614283 0
vt 0.0112291 0.560737 0
vt 0.02840945 0.6903501 0
vt 0.02874155 0.6896722 0
vt 0.01456171 0.7146702 0
vt 0.01409186 0.7161933 0
vt 0.01104764 0.5595822 0
vt 0.1495201 0.8653577 0
vt 0.1317114 0.8701818 0
vt 0.2216735 0.839773 0
vt 0.1972142 0.8466707 0
vt 0.05968886 0.8651701 0
vt 0.07752795 0.8701688 0
vt 0.2766659 0.8390245 0
vt 0.08747951 0.8713711 0
vt 0.2665205 0.8383211 0
vt 0.301677 0.8450098 0
vt 0.1579352 0.8624119 0
vt 0.1549533 0.8635513 0
vt 0.1524825 0.8644364 0
vt 0.1406379 0.8678625 0
vt 0.2290701 0.8386816 0
vt 0.2269204 0.8387936 0
vt 0.2246751 0.8391225 0
vt 0.1287332 0.8708354 0
vt 0.1265104 0.8711635 0
vt 0.1243876 0.8712705 0
vt 0.2009459 0.8453867 0
vt 0.1991263 0.8459762 0
vt 0.197992 0.8463805 0
vt 0.2175205 0.8407998 0
vt 0.2078948 0.8433806 0
vt 0.1952639 0.8473999 0
vt 0.05671934 0.8642102 0
vt 0.05424377 0.8632928 0
vt 0.05125611 0.8621149 0
vt 0.06859054 0.8677633 0
vt 0.2736103 0.8384883 0
vt 0.2713354 0.8382456 0
vt 0.2691712 0.8382173 0
vt 0.08486461 0.8713476 0
vt 0.08273567 0.8712141 0
vt 0.08050901 0.8708584 0
vt 0.3008773 0.8447442 0
vt 0.2997121 0.8443759 0
vt 0.2978463 0.8438453 0
vt 0.2907367 0.8420932 0
vt 0.2809027 0.8398935 0
vt 0.01352382 0.8472591 0
vt 0.4461974 0.8661075 0
vt 0.4285714 0.8652041 0
vt 0.5184489 0.8696091 0
vt 0.4557941 0.5849752 0
vt 0.4380197 0.5849692 0
vt 0.5250445 0.5821096 0
vt 0.4371536 0.7159947 0
vt 0.4555084 0.7165623 0
vt 0.51586 0.7189026 0
vt 0.4903423 0.7181148 0
vt 0.4940257 0.8683482 0
vt 0.5024259 0.5830488 0
vt 0.356844 0.8624692 0
vt 0.3746712 0.8631328 0
vt 0.5733657 0.8709994 0
vt 0.3653686 0.5844377 0
vt 0.3833692 0.5846192 0
vt 0.5752362 0.5833357 0
vt 0.3815119 0.7144581 0
vt 0.3635475 0.7140108 0
vt 0.5754022 0.7191748 0
vt 0.5632675 0.8710751 0
vt 0.5660017 0.5829242 0
vt 0.3916488 0.7147022 0
vt 0.3845948 0.8635191 0
vt 0.3934003 0.5847116 0
vt 0.5646216 0.7188281 0
vt 0.5993466 0.7185323 0
vt 0.5980425 0.8707072 0
vt 0.5984641 0.5858498 0
vt 0.4374091 0.865648 0
vt 0.5046577 0.8689529 0
vt 0.5142917 0.869409 0
vt 0.5258447 0.8699555 0
vt 0.5236973 0.8698572 0
vt 0.521452 0.8697523 0
vt 0.4545156 0.866581 0
vt 0.451569 0.8664118 0
vt 0.4491271 0.8662725 0
vt 0.5316928 0.5821108 0
vt 0.5297698 0.5820241 0
vt 0.5277572 0.5820199 0
vt 0.4641322 0.5849083 0
vt 0.4611836 0.5849519 0
vt 0.4587358 0.5849673 0
vt 0.5212598 0.5822783 0
vt 0.512375 0.5826702 0
vt 0.4469457 0.5849841 0
vt 0.455745 0.5842801 0
vt 0.4527737 0.7442003 0
vt 0.4379894 0.5842634 0
vt 0.5250314 0.5815164 0
vt 0.4295798 0.7157956 0
vt 0.4317745 0.7158513 0
vt 0.4340729 0.7159104 0
vt 0.5008852 0.7184614 0
vt 0.5113131 0.7187301 0
vt 0.4464027 0.7162727 0
vt 0.4909084 0.718155 0
vt 0.4918656 0.7182118 0
vt 0.4936126 0.7182828 0
vt 0.4256212 0.865053 0
vt 0.4234179 0.8649408 0
vt 0.4213116 0.8648342 0
vt 0.4350355 0.5849568 0
vt 0.4328052 0.5849441 0
vt 0.4306719 0.5849289 0
vt 0.5191709 0.719016 0
vt 0.5216724 0.71903 0
vt 0.5240703 0.7189507 0
vt 0.4584079 0.7166544 0
vt 0.4605249 0.7167261 0
vt 0.4627078 0.7168111 0
vt 0.4889707 0.7180383 0
vt 0.4977373 0.8685711 0
vt 0.4959271 0.8684629 0
vt 0.494799 0.8683948 0
vt 0.5058932 0.5828782 0
vt 0.5042019 0.5829459 0
vt 0.5031483 0.5830021 0
vt 0.5023908 0.5824274 0
vt 0.4349831 0.7435129 0
vt 0.5216104 0.7498024 0
vt 0.498974 0.7479319 0
vt 0.4391717 0.6122488 0
vt 0.4575963 0.6123869 0
vt 0.4371956 0.7153715 0
vt 0.4555607 0.7159363 0
vt 0.5158947 0.7181989 0
vt 0.5179819 0.6124672 0
vt 0.4903954 0.7174445 0
vt 0.4923586 0.6122146 0
vt 0.5021219 0.583993 0
vt 0.4924023 0.6111428 0
vt 0.492669 0.6103998 0
vt 0.4575144 0.610746 0
vt 0.4575463 0.6114086 0
vt 0.4558534 0.585874 0
vt 0.5248255 0.5831435 0
vt 0.5182477 0.6104885 0
vt 0.5180378 0.61132 0
vt 0.4380579 0.5858526 0
vt 0.4391406 0.6112798 0
vt 0.439119 0.6106226 0
vt 0.4370854 0.7169932 0
vt 0.4528921 0.7430542 0
vt 0.4529614 0.742361 0
vt 0.435127 0.7417062 0
vt 0.4350729 0.7423873 0
vt 0.4554276 0.7175716 0
vt 0.5160788 0.7201869 0
vt 0.4906187 0.7192671 0
vt 0.521638 0.7485989 0
vt 0.5215054 0.7478026 0
vt 0.4988374 0.7460125 0
vt 0.4990322 0.7467548 0
vt 0.492088 0.8682319 0
vt 0.5006062 0.5831739 0
vt 0.3657424 0.8627971 0
vt 0.5872863 0.8708658 0
vt 0.5775577 0.8709617 0
vt 0.5659194 0.8710577 0
vt 0.5680797 0.8710425 0
vt 0.5703404 0.8710252 0
vt 0.3484084 0.8621605 0
vt 0.3513978 0.8622696 0
vt 0.353874 0.8623602 0
vt 0.5684444 0.5829135 0
vt 0.5704169 0.5829388 0
vt 0.5724725 0.5830655 0
vt 0.3568681 0.5843542 0
vt 0.3598781 0.584387 0
vt 0.3623736 0.5844109 0
vt 0.5790979 0.5837556 0
vt 0.5882329 0.5847269 0
vt 0.3743495 0.5845257 0
vt 0.3653646 0.583758 0
vt 0.3622283 0.7413016 0
vt 0.3833617 0.5839226 0
vt 0.5753145 0.5827568 0
vt 0.3889856 0.7146348 0
vt 0.386817 0.7145831 0
vt 0.3845488 0.7145295 0
vt 0.589607 0.7188909 0
vt 0.5797523 0.7190706 0
vt 0.3724379 0.7142336 0
vt 0.5988171 0.7185528 0
vt 0.5979437 0.7186084 0
vt 0.5963521 0.7186978 0
vt 0.377647 0.8632477 0
vt 0.3798683 0.863334 0
vt 0.3819902 0.8634169 0
vt 0.3863765 0.5846488 0
vt 0.3886218 0.58467 0
vt 0.3907671 0.5846896 0
vt 0.5722142 0.7192289 0
vt 0.5697926 0.7191911 0
vt 0.5674658 0.7190477 0
vt 0.393389 0.5840116 0
vt 0.5660305 0.5823234 0
vt 0.360732 0.713943 0
vt 0.3586807 0.7138968 0
vt 0.3565667 0.7138522 0
vt 0.3315705 0.713264 0
vt 0.5942847 0.8707655 0
vt 0.5961171 0.8707371 0
vt 0.5972592 0.8707193 0
vt 0.5949381 0.5853786 0
vt 0.5966792 0.5855746 0
vt 0.5977528 0.5857218 0
vt 0.5988051 0.5850669 0
vt 0.3802411 0.7418014 0
vt 0.5720676 0.7505325 0
vt 0.390281 0.742084 0
vt 0.5627453 0.7506039 0
vt 0.5956209 0.7491023 0
vt 0.3836049 0.611644 0
vt 0.3656344 0.6113961 0
vt 0.3916763 0.7140849 0
vt 0.3815376 0.7138383 0
vt 0.3937588 0.6117896 0
vt 0.3635705 0.7133883 0
vt 0.5753179 0.7184607 0
vt 0.5646271 0.7181857 0
vt 0.5773262 0.6145055 0
vt 0.5666233 0.6143736 0
vt 0.3303438 0.7126067 0
vt 0.332374 0.6108367 0
vt 0.5983371 0.587025 0
vt 0.332224 0.6098394 0
vt 0.6010616 0.614496 0
vt 0.365631 0.6097704 0
vt 0.3656341 0.6104269 0
vt 0.3653782 0.5853167 0
vt 0.5666897 0.6125248 0
vt 0.5666616 0.6133167 0
vt 0.5659547 0.5840286 0
vt 0.575344 0.5843646 0
vt 0.5773841 0.6124955 0
vt 0.5774532 0.6133461 0
vt 0.3934141 0.585578 0
vt 0.3833786 0.5854912 0
vt 0.3937481 0.6108327 0
vt 0.3937409 0.6101836 0
vt 0.3836022 0.610683 0
vt 0.3836 0.6100313 0
vt 0.3814705 0.7154505 0
vt 0.3916044 0.7156877 0
vt 0.362279 0.7401761 0
vt 0.3623124 0.7394952 0
vt 0.3803274 0.7400121 0
vt 0.3802948 0.7406866 0
vt 0.3903749 0.7403061 0
vt 0.3903399 0.7409764 0
vt 0.3635057 0.7150143 0
vt 0.5752868 0.7204735 0
vt 0.5989679 0.719378 0
vt 0.5720018 0.7493521 0
vt 0.5721103 0.7485688 0
vt 0.595132 0.7467396 0
vt 0.595186 0.7476468 0
vt 0.5646166 0.7200404 0
vt 0.5627463 0.7493733 0
vt 0.5627394 0.7485402 0
vt 0.310588 0.8608711 0
vt 0.3189209 0.5839634 0
vt 0.4439191 0.7438443 0
vt 0.4610947 0.7446054 0
vt 0.4581556 0.7444441 0
vt 0.4557124 0.7443279 0
vt 0.5283422 0.7501175 0
vt 0.5263898 0.750079 0
vt 0.5243471 0.7499884 0
vt 0.5123548 0.582042 0
vt 0.5212385 0.5816661 0
vt 0.4319959 0.7434097 0
vt 0.4297632 0.743336 0
vt 0.427628 0.743269 0
vt 0.5024655 0.7482279 0
vt 0.5007639 0.7480891 0
vt 0.4997024 0.7479961 0
vt 0.4640504 0.5842086 0
vt 0.4611167 0.5842525 0
vt 0.4586781 0.5842703 0
vt 0.4469081 0.5842842 0
vt 0.5317337 0.5814721 0
vt 0.5297924 0.5814308 0
vt 0.5277591 0.5814395 0
vt 0.4350081 0.5842504 0
vt 0.4327799 0.5842384 0
vt 0.4306492 0.5842246 0
vt 0.5058809 0.5822732 0
vt 0.5041802 0.5823423 0
vt 0.503119 0.5823923 0
vt 0.508945 0.7487306 0
vt 0.5178136 0.7494958 0
vt 0.4484374 0.6123253 0
vt 0.4296195 0.7151747 0
vt 0.4318137 0.7152295 0
vt 0.4341133 0.7152882 0
vt 0.4315734 0.6121556 0
vt 0.4337743 0.6121853 0
vt 0.4360793 0.612214 0
vt 0.4464517 0.7156478 0
vt 0.5191952 0.7182833 0
vt 0.5216662 0.718296 0
vt 0.5240285 0.7182572 0
vt 0.5134198 0.6124344 0
vt 0.5029372 0.6122899 0
vt 0.5212892 0.6125122 0
vt 0.5237648 0.6125978 0
vt 0.526132 0.6127323 0
vt 0.5113406 0.7180532 0
vt 0.5009148 0.7177856 0
vt 0.490963 0.7174685 0
vt 0.4919182 0.7175121 0
vt 0.4936553 0.7175822 0
vt 0.4929291 0.6122127 0
vt 0.493889 0.612207 0
vt 0.4956359 0.6122052 0
vt 0.4605117 0.6124074 0
vt 0.4626395 0.6124193 0
vt 0.4648357 0.6124251 0
vt 0.4584626 0.7160271 0
vt 0.460582 0.716096 0
vt 0.4627687 0.7161744 0
vt 0.4909767 0.6122243 0
vt 0.4890222 0.7173803 0
vt 0.4959429 0.6102921 0
vt 0.4941931 0.6103063 0
vt 0.4932359 0.6103547 0
vt 0.4956932 0.6110811 0
vt 0.4939364 0.6110874 0
vt 0.4929735 0.6111172 0
vt 0.5056016 0.5838384 0
vt 0.5038944 0.583878 0
vt 0.5028411 0.5839368 0
vt 0.4647641 0.610748 0
vt 0.4625547 0.6107615 0
vt 0.460424 0.6107599 0
vt 0.4647755 0.6114249 0
vt 0.4625814 0.6114312 0
vt 0.4604564 0.6114253 0
vt 0.4641957 0.5858378 0
vt 0.4612498 0.5858675 0
vt 0.4588014 0.5858747 0
vt 0.531591 0.583282 0
vt 0.5296234 0.5830876 0
vt 0.5275647 0.5830448 0
vt 0.5263479 0.610743 0
vt 0.523993 0.6105136 0
vt 0.5215258 0.6104423 0
vt 0.5262471 0.6115953 0
vt 0.5238523 0.6113998 0
vt 0.52135 0.6113167 0
vt 0.43507 0.5858359 0
vt 0.4328368 0.58582 0
vt 0.4307004 0.5858017 0
vt 0.4360345 0.6105925 0
vt 0.4337334 0.6105666 0
vt 0.431537 0.6105418 0
vt 0.4360531 0.6112481 0
vt 0.4337506 0.6112209 0
vt 0.4315525 0.6111941 0
vt 0.512121 0.583709 0
vt 0.5210242 0.5833255 0
vt 0.5030111 0.6112005 0
vt 0.5134887 0.6113359 0
vt 0.5032652 0.6104298 0
vt 0.5137294 0.6105521 0
vt 0.4483731 0.610692 0
vt 0.4483993 0.6113519 0
vt 0.4469934 0.585873 0
vt 0.4340069 0.7169064 0
vt 0.4317096 0.716845 0
vt 0.4295162 0.7167866 0
vt 0.4440812 0.742025 0
vt 0.4440202 0.7427107 0
vt 0.4321326 0.7416093 0
vt 0.4298944 0.7415402 0
vt 0.4277532 0.7414773 0
vt 0.432081 0.7422878 0
vt 0.4298446 0.742217 0
vt 0.4277054 0.7421525 0
vt 0.4463241 0.7172763 0
vt 0.4613237 0.7427123 0
vt 0.4583718 0.7425714 0
vt 0.4559172 0.7424717 0
vt 0.4612541 0.7434274 0
vt 0.4582993 0.7432766 0
vt 0.4558439 0.7431709 0
vt 0.4626547 0.7178466 0
vt 0.4604514 0.7177487 0
vt 0.4583272 0.7176688 0
vt 0.5011593 0.7196557 0
vt 0.5115771 0.7199453 0
vt 0.4938709 0.7195029 0
vt 0.4921308 0.7194197 0
vt 0.4911808 0.7193342 0
vt 0.5089841 0.7475064 0
vt 0.5178574 0.7482698 0
vt 0.508826 0.7467077 0
vt 0.5177145 0.747464 0
vt 0.5023064 0.7463138 0
vt 0.5006021 0.7462018 0
vt 0.4995528 0.7460986 0
vt 0.5024907 0.7470628 0
vt 0.5007999 0.7469325 0
vt 0.4997503 0.7468323 0
vt 0.5241671 0.7202556 0
vt 0.5218086 0.7203912 0
vt 0.5193454 0.7203633 0
vt 0.5282622 0.7479296 0
vt 0.5262916 0.7480485 0
vt 0.524236 0.7480111 0
vt 0.5282967 0.748814 0
vt 0.5263687 0.7488595 0
vt 0.5243502 0.7487991 0
vt 0.4892618 0.7191392 0
vt 0.4970376 0.7457987 0
vt 0.4972246 0.7465496 0
vt 0.4913023 0.6104727 0
vt 0.4910258 0.6111795 0
vt 0.5003121 0.584132 0
vt 0.5005608 0.582531 0
vt 0.4971438 0.7477545 0
vt 0.3712145 0.7415541 0
vt 0.3537221 0.7410627 0
vt 0.3567349 0.7411454 0
vt 0.359232 0.7412158 0
vt 0.5651853 0.7506762 0
vt 0.5671763 0.750701 0
vt 0.5692643 0.7506626 0
vt 0.5883535 0.5840895 0
vt 0.5791977 0.5831456 0
vt 0.3832511 0.7418843 0
vt 0.3854984 0.7419469 0
vt 0.3876453 0.7420076 0
vt 0.5919107 0.7492931 0
vt 0.5937118 0.7491955 0
vt 0.5948419 0.7491363 0
vt 0.3568633 0.5836848 0
vt 0.3598745 0.5837127 0
vt 0.3623702 0.5837339 0
vt 0.3743441 0.5838376 0
vt 0.568464 0.5823442 0
vt 0.5704482 0.5823943 0
vt 0.5725265 0.5825152 0
vt 0.3863682 0.58395 0
vt 0.3886126 0.5839704 0
vt 0.3907568 0.5839896 0
vt 0.5951072 0.5847286 0
vt 0.596902 0.5848969 0
vt 0.5980283 0.5850019 0
vt 0.5851337 0.7496806 0
vt 0.5759663 0.7502933 0
vt 0.374527 0.6115187 0
vt 0.3890123 0.714017 0
vt 0.3868431 0.7139647 0
vt 0.3845745 0.7139108 0
vt 0.3910891 0.6117545 0
vt 0.3889171 0.6117232 0
vt 0.3866449 0.6116892 0
vt 0.3724623 0.7136124 0
vt 0.5721409 0.7184842 0
vt 0.5697503 0.7184442 0
vt 0.5674558 0.7183421 0
vt 0.5816859 0.6147489 0
vt 0.5915743 0.6152884 0
vt 0.574146 0.6143581 0
vt 0.5717537 0.6143059 0
vt 0.5694559 0.6143214 0
vt 0.5796723 0.7183867 0
vt 0.5895302 0.7182264 0
vt 0.5988295 0.7180123 0
vt 0.5979351 0.7180305 0
vt 0.5963113 0.7180719 0
vt 0.6008834 0.6158574 0
vt 0.5999909 0.6158058 0
vt 0.5983684 0.615703 0
vt 0.3628161 0.6113534 0
vt 0.360764 0.6113194 0
vt 0.3586509 0.6112821 0
vt 0.3607547 0.7133199 0
vt 0.358704 0.7132722 0
vt 0.3565917 0.7132254 0
vt 0.3336633 0.6108636 0
vt 0.3316332 0.7126332 0
vt 0.5982439 0.6139655 0
vt 0.5984014 0.6146972 0
vt 0.5997745 0.6141915 0
vt 0.599966 0.6148771 0
vt 0.6005887 0.6143685 0
vt 0.600823 0.6149915 0
vt 0.5949832 0.5864371 0
vt 0.5966576 0.5866603 0
vt 0.597663 0.5868569 0
vt 0.3586024 0.6096378 0
vt 0.3586401 0.6103016 0
vt 0.3607439 0.6096841 0
vt 0.360761 0.6103442 0
vt 0.3628091 0.6097238 0
vt 0.3628159 0.6103818 0
vt 0.3569216 0.5852416 0
vt 0.3599057 0.5852724 0
vt 0.3623884 0.5852934 0
vt 0.5684437 0.5839527 0
vt 0.5704705 0.5839274 0
vt 0.5725686 0.5840549 0
vt 0.5695291 0.6123002 0
vt 0.5695127 0.6131664 0
vt 0.5718433 0.6121861 0
vt 0.5718478 0.6130893 0
vt 0.5742368 0.6122545 0
vt 0.5742712 0.6131469 0
vt 0.3863869 0.585519 0
vt 0.388633 0.5855385 0
vt 0.3907795 0.585557 0
vt 0.3866387 0.6100796 0
vt 0.3866415 0.6107302 0
vt 0.3889085 0.6101156 0
vt 0.3889121 0.6107656 0
vt 0.391077 0.6101478 0
vt 0.3910821 0.6107975 0
vt 0.5883291 0.5858009 0
vt 0.5792043 0.5848183 0
vt 0.5916718 0.6142188 0
vt 0.5915578 0.6134433 0
vt 0.5817978 0.6136423 0
vt 0.5816993 0.6128389 0
vt 0.3745247 0.6099002 0
vt 0.3745259 0.6105541 0
vt 0.3743566 0.5853998 0
vt 0.3845072 0.7155197 0
vt 0.3867747 0.7155715 0
vt 0.3889425 0.7156216 0
vt 0.3712971 0.7397577 0
vt 0.3712657 0.7404348 0
vt 0.3833389 0.7400985 0
vt 0.3833058 0.7407715 0
vt 0.3855881 0.7401637 0
vt 0.3855543 0.7408358 0
vt 0.3877365 0.7402277 0
vt 0.3877024 0.7408984 0
vt 0.3723981 0.7152312 0
vt 0.3538518 0.7392431 0
vt 0.3537835 0.7399283 0
vt 0.3568371 0.739328 0
vt 0.3567889 0.7400128 0
vt 0.3593209 0.7394031 0
vt 0.3592832 0.7400863 0
vt 0.3564798 0.7148684 0
vt 0.3586205 0.7149077 0
vt 0.3606849 0.7149497 0
vt 0.5894421 0.72007 0
vt 0.5796013 0.7202968 0
vt 0.596129 0.7198013 0
vt 0.5976674 0.7196326 0
vt 0.598489 0.7194868 0
vt 0.5850012 0.7484247 0
vt 0.5851029 0.7476066 0
vt 0.5758655 0.7490636 0
vt 0.575974 0.7482561 0
vt 0.5917571 0.7472121 0
vt 0.5916944 0.7480271 0
vt 0.5934368 0.7470459 0
vt 0.5934165 0.7478828 0
vt 0.5944501 0.7468839 0
vt 0.5944749 0.7477576 0
vt 0.5674426 0.7203709 0
vt 0.5697479 0.7205717 0
vt 0.5721386 0.7205935 0
vt 0.5652191 0.7487166 0
vt 0.5651926 0.7495049 0
vt 0.5672383 0.7488217 0
vt 0.5671727 0.749575 0
vt 0.5693335 0.748775 0
vt 0.5692351 0.7495296 0
vt 0.3310981 0.7142936 0
vt 0.3163183 0.7381043 0
vt 0.3159598 0.7387956 0
vt 0.3331947 0.6091868 0
vt 0.3335266 0.6098645 0
vt 0.3193523 0.5848692 0
vt 0.3188828 0.5833463 0
vt 0.3157779 0.7399506 0
vt 0.4542817 0.4342053 0
vt 0.4364778 0.4293823 0
vt 0.5264116 0.4597804 0
vt 0.5019609 0.4528848 0
vt 0.3644724 0.4343868 0
vt 0.3823081 0.4293905 0
vt 0.5813939 0.4605151 0
vt 0.3922574 0.4281893 0
vt 0.5712497 0.4612207 0
vt 0.3163522 0.4530555 0
vt 0.4626942 0.4371505 0
vt 0.4597132 0.4360113 0
vt 0.4572433 0.4351264 0
vt 0.445402 0.431701 0
vt 0.5338059 0.4608712 0
vt 0.531657 0.4607594 0
vt 0.5294125 0.4604306 0
vt 0.4335003 0.4287289 0
vt 0.4312781 0.4284008 0
vt 0.4291562 0.428294 0
vt 0.5056911 0.4541686 0
vt 0.5038723 0.4535792 0
vt 0.5027384 0.4531749 0
vt 0.5222599 0.4587539 0
vt 0.5126378 0.4561743 0
vt 0.5000113 0.4521556 0
vt 0.3615033 0.4353462 0
vt 0.3590281 0.4362632 0
vt 0.3560408 0.4374406 0
vt 0.3733723 0.4317948 0
vt 0.5783387 0.461052 0
vt 0.5760641 0.4612951 0
vt 0.5739001 0.461324 0
vt 0.389643 0.4282125 0
vt 0.3875145 0.4283458 0
vt 0.3852883 0.4287012 0
vt 0.6056043 0.4547889 0
vt 0.6044391 0.4551575 0
vt 0.6025732 0.4556885 0
vt 0.595464 0.4574427 0
vt 0.5856304 0.459645 0
vt 0.3183123 0.45229 0
vt 0.6574325 0.6704805 0
vt 0.6955507 0.6701301 0
vt 0.6580727 0.7535166 0
vt 0.694446 0.7543743 0
vt 0.6566968 0.7751182 0
vt 0.6571779 0.8463452 0
vt 0.6955512 0.7745302 0
vt 0.6960396 0.8457542 0
vt 0.6946753 0.8673538 0
vt 0.65827 0.8665086 0
vt 0.6952766 0.953303 0
vt 0.6571687 0.9536345 0
vt 0.6933185 0.6700599 0
vt 0.6930738 0.6700525 0
vt 0.6599098 0.6704157 0
vt 0.6596651 0.6704218 0
vt 0.6604187 0.7535019 0
vt 0.6604179 0.7538144 0
vt 0.6601822 0.753653 0
vt 0.6921022 0.7543667 0
vt 0.6923378 0.7545216 0
vt 0.6921013 0.7546886 0
vt 0.6590697 0.7751116 0
vt 0.6590733 0.7754502 0
vt 0.6588241 0.7752628 0
vt 0.6595556 0.8459958 0
vt 0.6595547 0.8463383 0
vt 0.6593095 0.846187 0
vt 0.6931742 0.774537 0
vt 0.6934195 0.7746883 0
vt 0.6931735 0.7748795 0
vt 0.6939124 0.8456094 0
vt 0.6936669 0.8457605 0
vt 0.6936631 0.8454219 0
vt 0.6925649 0.8672127 0
vt 0.6923282 0.8673636 0
vt 0.6923289 0.8670513 0
vt 0.6606161 0.8661905 0
vt 0.660615 0.8665124 0
vt 0.6603792 0.8663578 0
vt 0.6927991 0.9533644 0
vt 0.6930439 0.9533586 0
vt 0.659401 0.9537018 0
vt 0.6596457 0.9537088 0
vt 0.7347233 0.6699494 0
vt 0.6967202 0.6707067 0
vt 0.7353734 0.7537706 0
vt 0.6983074 0.7540117 0
vt 0.7359315 0.7751301 0
vt 0.7347593 0.846289 0
vt 0.6977374 0.7745878 0
vt 0.6965631 0.8457484 0
vt 0.697112 0.8671112 0
vt 0.7341972 0.8668713 0
vt 0.6977878 0.953814 0
vt 0.7357831 0.9530796 0
vt 0.6989502 0.6706428 0
vt 0.6991945 0.670636 0
vt 0.7322475 0.6699223 0
vt 0.732492 0.6699248 0
vt 0.7330225 0.7537927 0
vt 0.733027 0.7540998 0
vt 0.7332632 0.7539417 0
vt 0.700664 0.75401 0
vt 0.7004273 0.7541624 0
vt 0.7006635 0.7543215 0
vt 0.7335571 0.7751184 0
vt 0.7335486 0.775466 0
vt 0.7337986 0.7752777 0
vt 0.7323844 0.845912 0
vt 0.732384 0.8462603 0
vt 0.7326277 0.8461049 0
vt 0.7001127 0.7746167 0
vt 0.699869 0.7747721 0
vt 0.7001123 0.774965 0
vt 0.698696 0.845601 0
vt 0.6989374 0.8457604 0
vt 0.698946 0.8454128 0
vt 0.6992233 0.8669346 0
vt 0.6994641 0.8670833 0
vt 0.6994598 0.8667764 0
vt 0.73184 0.8665556 0
vt 0.7318395 0.8668669 0
vt 0.7320764 0.8667149 0
vt 0.7002635 0.9538391 0
vt 0.7000191 0.9538368 0
vt 0.7335531 0.9531409 0
vt 0.7333089 0.9531473 0
vt 0.6593046 0.9542366 0
vt 0.6556693 0.9524238 0
vt 0.6567892 0.9541922 0
vt 0.6552517 0.9541196 0
vt 0.6548623 0.9536937 0
vt 0.6543399 0.9534894 0
vt 0.6554395 0.4641588 0
vt 0.6590626 0.4623998 0
vt 0.6540943 0.4630993 0
vt 0.6545996 0.4629008 0
vt 0.6549389 0.4624717 0
vt 0.6564367 0.4624384 0
vt 0.7335749 0.4621772 0
vt 0.7367032 0.4643242 0
vt 0.7351655 0.4621952 0
vt 0.7368238 0.4623951 0
vt 0.7372938 0.4629193 0
vt 0.7378488 0.4632353 0
vt 0.7364482 0.9525342 0
vt 0.7330711 0.9546533 0
vt 0.7376721 0.9536509 0
vt 0.737196 0.9540225 0
vt 0.7369265 0.9545866 0
vt 0.7354715 0.9546188 0
vt 0.6173848 0.9654137 0
vt 0.6397668 0.9887426 0
vt 0.620212 0.971027 0
vt 0.623844 0.9761769 0
vt 0.6281696 0.9810495 0
vt 0.6335312 0.9852564 0
vt 0.6396174 0.4278764 0
vt 0.6171875 0.45121 0
vt 0.6333677 0.4313586 0
vt 0.6279937 0.4355638 0
vt 0.6236574 0.4404375 0
vt 0.6200176 0.4455909 0
vt 0.7749734 0.4514091 0
vt 0.7527253 0.4281957 0
vt 0.7721893 0.4458069 0
vt 0.768591 0.4406639 0
vt 0.764293 0.4358019 0
vt 0.7589505 0.43162 0
vt 0.7524058 0.9886472 0
vt 0.7747428 0.9654913 0
vt 0.758639 0.9852394 0
vt 0.7639951 0.9810726 0
vt 0.7683112 0.9762227 0
vt 0.7719309 0.971089 0
vt 0.641069 0.9548649 0
vt 0.6443185 0.9530817 0
vt 0.6420863 0.9539996 0
vt 0.6431708 0.9533519 0
vt 0.6563395 0.9649255 0
vt 0.6537922 0.9677398 0
vt 0.6558342 0.9659753 0
vt 0.6549243 0.9669185 0
vt 0.6416966 0.9585152 0
vt 0.6446939 0.9564871 0
vt 0.6426807 0.9576852 0
vt 0.6436738 0.9569816 0
vt 0.6434901 0.9618962 0
vt 0.6461415 0.9598953 0
vt 0.6444442 0.9611728 0
vt 0.645334 0.9605028 0
vt 0.6462764 0.9647737 0
vt 0.6489913 0.9624473 0
vt 0.6473132 0.9640496 0
vt 0.6482437 0.9632897 0
vt 0.6497991 0.9668162 0
vt 0.652496 0.9641081 0
vt 0.6509164 0.9660242 0
vt 0.651862 0.9651332 0
vt 0.6536332 0.4489007 0
vt 0.6561744 0.4517203 0
vt 0.6547658 0.4497242 0
vt 0.6556741 0.4506695 0
vt 0.6441119 0.463515 0
vt 0.6408613 0.4617343 0
vt 0.642964 0.4632455 0
vt 0.641879 0.4625989 0
vt 0.6523093 0.452519 0
vt 0.6496208 0.449806 0
vt 0.6516806 0.4514928 0
vt 0.6507374 0.4506 0
vt 0.6487846 0.4541564 0
vt 0.6460815 0.4518357 0
vt 0.6480422 0.4533167 0
vt 0.6471155 0.4525585 0
vt 0.6459237 0.4567039 0
vt 0.6432835 0.4547077 0
vt 0.6451206 0.4560978 0
vt 0.6442345 0.4554298 0
vt 0.6444777 0.4601095 0
vt 0.6414851 0.4580865 0
vt 0.6434595 0.4596168 0
vt 0.6424681 0.4589147 0
vt 0.7512896 0.4619133 0
vt 0.7480367 0.4636901 0
vt 0.7502711 0.4627766 0
vt 0.7491854 0.4634219 0
vt 0.7362224 0.4517853 0
vt 0.7387414 0.4489522 0
vt 0.7367138 0.4507261 0
vt 0.7376146 0.4497795 0
vt 0.7476521 0.4602714 0
vt 0.7506777 0.4582627 0
vt 0.748682 0.4597853 0
vt 0.7496847 0.4590876 0
vt 0.7462267 0.4568733 0
vt 0.7489164 0.4548749 0
vt 0.7470502 0.456266 0
vt 0.7479525 0.4555971 0
vt 0.7434528 0.4542799 0
vt 0.7461809 0.4519705 0
vt 0.7442097 0.4534426 0
vt 0.7451435 0.4526891 0
vt 0.7400503 0.4525171 0
vt 0.7427129 0.4498848 0
vt 0.7406739 0.4515205 0
vt 0.7416071 0.4506538 0
vt 0.7384269 0.9678651 0
vt 0.7358906 0.9650283 0
vt 0.7372979 0.9670354 0
vt 0.7363918 0.9660877 0
vt 0.7478041 0.9531791 0
vt 0.7510549 0.9549585 0
vt 0.7489523 0.9534481 0
vt 0.7500372 0.9540945 0
vt 0.739752 0.9642852 0
vt 0.7424208 0.9669484 0
vt 0.7403754 0.9652939 0
vt 0.7413116 0.966171 0
vt 0.7432412 0.9626062 0
vt 0.7459269 0.9648915 0
vt 0.7439796 0.9634322 0
vt 0.7449001 0.9641784 0
vt 0.746045 0.9599868 0
vt 0.7486828 0.9619947 0
vt 0.7468475 0.9605989 0
vt 0.7477329 0.9612708 0
vt 0.7474403 0.9565841 0
vt 0.7504478 0.9586082 0
vt 0.7484649 0.9570762 0
vt 0.7494616 0.9577787 0
vt 0.6287384 0.964648 0
vt 0.631985 0.9628838 0
vt 0.6298852 0.9643811 0
vt 0.6309685 0.9637394 0
vt 0.6439981 0.9747744 0
vt 0.6416281 0.9776818 0
vt 0.6429049 0.9756206 0
vt 0.6420505 0.9765942 0
vt 0.6326921 0.9660347 0
vt 0.6297706 0.9678489 0
vt 0.631724 0.9667687 0
vt 0.6307592 0.9673959 0
vt 0.6344305 0.9690192 0
vt 0.6315896 0.9710323 0
vt 0.6334319 0.9697267 0
vt 0.6324816 0.9703993 0
vt 0.6370929 0.9715836 0
vt 0.6344588 0.9737437 0
vt 0.6360938 0.9722664 0
vt 0.6351951 0.9729715 0
vt 0.6403502 0.9736203 0
vt 0.6378713 0.976042 0
vt 0.6393387 0.9743313 0
vt 0.6384713 0.9751116 0
vt 0.641456 0.4389374 0
vt 0.6438261 0.4418487 0
vt 0.6418765 0.4400254 0
vt 0.6427312 0.4410006 0
vt 0.6317651 0.4537247 0
vt 0.6285175 0.4519628 0
vt 0.630748 0.45287 0
vt 0.6296643 0.4522292 0
vt 0.6376921 0.4405738 0
vt 0.6401691 0.4429961 0
vt 0.6382909 0.4415043 0
vt 0.6391577 0.4422849 0
vt 0.6342718 0.4428697 0
vt 0.6369028 0.4450305 0
vt 0.6350069 0.443642 0
vt 0.6359046 0.4443476 0
vt 0.6313946 0.4455787 0
vt 0.634231 0.4475935 0
vt 0.6322851 0.4462124 0
vt 0.6332339 0.4468858 0
vt 0.629565 0.4487614 0
vt 0.632482 0.4505769 0
vt 0.6305522 0.449215 0
vt 0.6315153 0.4498429 0
vt 0.763641 0.4521582 0
vt 0.7603916 0.4539168 0
vt 0.7624935 0.4524233 0
vt 0.7614093 0.4530633 0
vt 0.7485165 0.4419835 0
vt 0.750885 0.4390737 0
vt 0.7496106 0.4411375 0
vt 0.7504644 0.4401643 0
vt 0.7597084 0.4507691 0
vt 0.7626352 0.4489635 0
vt 0.7606787 0.4500382 0
vt 0.761646 0.4494139 0
vt 0.7579971 0.4477831 0
vt 0.7608454 0.445783 0
vt 0.7589983 0.4470807 0
vt 0.7599511 0.4464122 0
vt 0.7553636 0.4452117 0
vt 0.7580041 0.4430689 0
vt 0.7563639 0.4445352 0
vt 0.7572646 0.4438358 0
vt 0.7521358 0.4431582 0
vt 0.7546196 0.4407574 0
vt 0.7531459 0.4424532 0
vt 0.7540145 0.4416801 0
vt 0.7505632 0.9777676 0
vt 0.7481973 0.9748531 0
vt 0.7501418 0.9766761 0
vt 0.7492892 0.9757013 0
vt 0.7601414 0.9629656 0
vt 0.7633887 0.9647269 0
vt 0.761158 0.96382 0
vt 0.7622415 0.9644607 0
vt 0.7543139 0.9760986 0
vt 0.7518338 0.9736953 0
vt 0.7537107 0.9751762 0
vt 0.7528432 0.9744021 0
vt 0.7577141 0.9737987 0
vt 0.7550779 0.9716537 0
vt 0.7569764 0.9730314 0
vt 0.756077 0.9723313 0
vt 0.7605703 0.9710929 0
vt 0.757726 0.969091 0
vt 0.7596772 0.9704631 0
vt 0.7587257 0.9697942 0
vt 0.7623736 0.9679179 0
vt 0.7594494 0.9661104 0
vt 0.7613845 0.9674667 0
vt 0.7604181 0.966842 0
vt 0.797951 0.1809179 0
vt 0.797577 0.1813472 0
vt 0.7976862 0.1807025 0
vt 0.7981317 0.2409832 0
vt 0.7978178 0.2411745 0
vt 0.7977169 0.2405336 0
vt 0.5117196 0.1807114 0
vt 0.5118292 0.1813559 0
vt 0.5114547 0.180925 0
vt 0.5115657 0.2412094 0
vt 0.5112514 0.2410145 0
vt 0.5116662 0.2405678 0
vt 0.7996832 0.2495594 0
vt 0.8021456 0.2474492 0
vt 0.802425 0.1743081 0
vt 0.7997196 0.1723485 0
vt 0.5096809 0.1722904 0
vt 0.5069849 0.1742617 0
vt 0.5072352 0.2474339 0
vt 0.5097063 0.2495326 0
vt 0.3138166 0.7398854 0
vt 0.3174092 0.5848671 0
vt 0.3086251 0.8608036 0
vt 0.314005 0.7387248 0
vt 0.3143776 0.7380297 0
vt 0.330276 0.7132346 0
vt 0.3297767 0.7142636 0
vt 0.331872 0.6091637 0
vt 0.6013516 0.6150432 0
vt 0.601415 0.6158823 0
vt 0.5993615 0.7180083 0
vt 0.3169204 0.5833387 0
vt 0.3169594 0.5839555 0
vt 0.606404 0.4545231 0
vt 0.2965957 0.6844986 0
vt 0.2932458 0.4288292 0
vt 0.009086302 0.5596466 0
vt 0.009646436 0.5615021 0
vt 0.02503928 0.5852696 0
vt 0.01261874 0.7146718 0
vt 0.009274254 0.560807 0
vt 0.02708687 0.6903727 0
vt 0.2966554 0.6836596 0
vt 0.2945989 0.5815332 0
vt 0.01212951 0.7162004 0
vt 0.02553831 0.5862984 0
vt 0.01216864 0.7155835 0
vt 0.01156372 0.8464931 0
vt 0.8832811 0.4158689 0
vt 0.8801206 0.4190387 0
vt 0.1953075 0.1697198 0
vt 0.9941465 0.9879169 0
vt 0.9950132 0.9858329 0
vt 0.195228 0.1713681 0
vt 0.8031066 0.1661544 0
vt 0.8815007 0.4172551 0
vt 0.8035133 0.2582795 0
vt 0.1958325 0.1660778 0
vt 0.1957049 0.166055 0
vt 0.1957491 0.2537254 0
vt 0.8033157 0.2589953 0
vt 0.8853673 0.4150097 0
vt 0.1953688 0.1683678 0
vt 0.1954667 0.1672714 0
vt 0.1955923 0.166458 0
vt 0.8789079 0.4233965 0
vt 0.8789063 0.9835803 0
vt 0.8031252 0.2594909 0
vt 0.8037807 0.2572137 0
vt 0.8039398 0.2555196 0
vt 0.8876184 0.9922982 0
vt 0.9866325 0.9922865 0
vt 0.9888912 0.9919585 0
vt 0.9909833 0.9910998 0
vt 0.9927732 0.9897124 0
vt 0.879242 0.4211218 0
vt 0.5063749 0.2350427 0
vt 0.1586711 0.006833762 0
vt 0.1428184 0.01052637 0
vt 0.2008181 0.2550237 0
vt 0.1239566 0.01563816 0
vt 0.1372949 0.01191874 0
vt 0.4697435 0.2551681 0
vt 0.1466144 0.009596472 0
vt 0.01391016 0.1136931 0
vt 0.1528084 0.008140038 0
vt 0.4761337 0.2551527 0
vt 0.8319255 0.00390625 0
vt 0.4718291 0.2551641 0
vt 0.1666616 0.005273568 0
vt 0.2331587 0.1680381 0
vt 0.846756 0.4160943 0
vt 0.2314716 0.1680415 0
vt 0.8529991 0.4143011 0
vt 0.2304353 0.1680438 0
vt 0.2347404 0.1680352 0
vt 0.9558228 0.06485066 0
vt 0.2003747 0.2542741 0
vt 0.2005472 0.2547576 0
vt 0.5052707 0.2551891 0
vt 0.2013043 0.2551877 0
vt 0.4750973 0.2551558 0
vt 0.2217004 0.2551545 0
vt 0.5063465 0.1881433 0
vt 0.03927838 0.3606358 0
vt 0.5061519 0.1689034 0
vt 0.5057049 0.1681472 0
vt 0.2002121 0.1828309 0
vt 0.5052161 0.167993 0
vt 0.5059773 0.168419 0
vt 0.2007897 0.1681962 0
vt 0.8755585 0.4068697 0
vt 0.9542868 0.06312283 0
vt 0.8623649 0.4113488 0
vt 0.2252997 0.1680573 0
vt 0.2012777 0.1680403 0
vt 0.8866545 0.02242632 0
vt 0.8408431 0.4176982 0
vt 0.8568251 0.4131449 0
vt 0.2289258 0.1680474 0
vt 0.9960938 0.292664 0
vt 0.987801 0.3124546 0
vt 0.4776438 0.2551477 0
vt 0.9921372 0.1313199 0
vt 0.4812726 0.2551343 0
vt 0.4734105 0.2551604 0
vt 0.2368543 0.2551844 0
vt 0.5063675 0.2403931 0
vt 0.04094942 0.3623823 0
vt 0.5057574 0.2550264 0
vt 0.8250051 0.7339101 0
vt 0.830358 0.9696072 0
vt 0.7857214 0.7416548 0
vt 0.8312618 0.9693361 0
vt 0.8245708 0.7462176 0
vt 0.8264199 0.9709019 0
vt 0.8258776 0.9710622 0
vt 0.8300237 0.7323034 0
vt 0.8300736 0.9697015 0
vt 0.8255105 0.7337608 0
vt 0.828917 0.732643 0
vt 0.829182 0.7325553 0
vt 0.823779 0.5246079 0
vt 0.7876151 0.520363 0
vt 0.8740328 0.9668256 0
vt 0.8324636 0.7546313 0
vt 0.8748744 0.9665709 0
vt 0.8686256 0.7588881 0
vt 0.8703457 0.9680362 0
vt 0.8737672 0.9669144 0
vt 0.8698394 0.9681859 0
#end 5420 textures vertices 

#begin 2770 normals 
vn 0.4066 0.7253 -0.5556
vn 0.3572 0.7489 -0.5582
vn 0.4197 0.8798 -0.2231
vn 0.4391 0.8705 -0.2225
vn 0.2589 0.7957 -0.5475
vn 0.2109 0.8186 -0.5342
vn 0.3604 0.907 -0.2181
vn 0.3803 0.8981 -0.2208
vn 0.4001 0.889 -0.2225
vn 0.4111 0.9062 -0.0994
vn 0.4199 0.9022 -0.0987
vn 0.4284 0.8982 -0.0984
vn 0.1196 0.8621 -0.4924
vn 0.0772 0.8824 -0.4642
vn 0.2979 0.9329 -0.2022
vn 0.3192 0.9244 -0.2088
vn 0.4284 0.5768 -0.6956
vn 0.4893 0.5477 -0.6786
vn 0.3987 0.2062 -0.8936
vn 0.3185 0.2445 -0.9159
vn 0.4368 0.8941 -0.0987
vn 0.4586 0.8608 -0.2209
vn 0.4455 0.8897 -0.0994
vn -0.0323 0.9346 -0.3542
vn -0.0618 0.9487 -0.3101
vn 0.2361 0.9627 -0.132
vn 0.2413 0.9578 -0.1561
vn -0.6525 0.7076 0.2711
vn -0.309 0.9285 0.2059
vn -0.3335 0.9402 0.0696
vn -0.6848 0.723 0.0915
vn 0.3192 0.9244 0.2087
vn 0.3604 0.907 0.2181
vn 0.4016 0.9103 0.1006
vn 0.3789 0.9195 0.1048
vn 0.4016 0.9103 -0.1006
vn -0.0872 0.9608 -0.2631
vn -0.1083 0.9709 -0.2137
vn 0.2281 0.9698 -0.086
vn 0.2316 0.9667 -0.1087
vn 0.0375 0.9013 -0.4316
vn 0.2756 0.9413 -0.1948
vn 0.3644 0.925 -0.1078
vn 0.3789 0.9195 -0.1048
vn -0.125 0.9788 -0.1621
vn -0.137 0.9846 -0.1089
vn 0.224 0.9737 -0.0424
vn 0.2257 0.9721 -0.064
vn 0.0009 0.9188 -0.3948
vn 0.2528 0.9505 -0.181
vn 0.3184 0.9406 -0.1176
vn 0.345 0.9319 -0.1121
vn 0.9928 -0.0771 0.0915
vn 0.9406 0.3325 0.0695
vn 0.9161 0.3442 0.2059
vn 0.9606 -0.0618 0.271
vn 0.3313 0.9411 -0.0678
vn 0.3256 0.9413 -0.0889
vn 0.4061 -0.0274 -0.9134
vn 0.5604 -0.101 -0.8221
vn 0.502 -0.238 -0.8315
vn 0.3459 -0.1636 -0.9239
vn 0.339 0.94 -0.0388
vn 0.3356 0.9406 -0.0519
vn -0.125 0.9788 0.1621
vn -0.1083 0.9709 0.2137
vn 0.2281 0.9698 0.086
vn 0.2257 0.9721 0.064
vn 0.3435 0.939 -0.0178
vn 0.3416 0.9394 -0.0277
vn -0.0872 0.9608 0.2631
vn -0.0618 0.9487 0.3101
vn 0.2361 0.9627 0.132
vn 0.2316 0.9667 0.1087
vn -0.1467 0.9892 -0
vn -0.1442 0.988 0.0547
vn 0.2231 0.9746 0.0211
vn 0.2228 0.9749 -0
vn 0.6371 0.6153 -0.4642
vn 0.55 0.6569 -0.5158
vn 0.4977 0.8405 -0.214
vn 0.5376 0.8186 -0.2022
vn -0.0323 0.9346 0.3542
vn 0.0009 0.9188 0.3948
vn 0.2528 0.9505 0.181
vn 0.2413 0.9578 0.1561
vn -0.3243 0.9358 -0.1383
vn -0.6726 0.7172 -0.1822
vn -0.6889 0.7249 -0
vn -0.3365 0.9417 -0
vn 0.3446 0.9387 0.0088
vn 0.345 0.9386 -0
vn 0.0375 0.9013 0.4316
vn 0.0772 0.8824 0.4642
vn 0.2979 0.9329 0.2022
vn 0.2756 0.9413 0.1948
vn 0.339 0.94 0.0388
vn 0.3416 0.9394 0.0276
vn -0.8234 0.5591 0.0969
vn -0.7893 0.5428 0.287
vn 0.3313 0.9411 0.0678
vn 0.3356 0.9406 0.0519
vn 0.211 0.8186 0.5342
vn 0.2589 0.7957 0.5475
vn 0.3803 0.8981 0.2208
vn 0.3184 0.9406 0.1176
vn 0.3256 0.9413 0.0889
vn 0.3078 0.7724 0.5556
vn 0.3572 0.7488 0.5582
vn 0.4197 0.8798 0.2231
vn 0.4001 0.889 0.2225
vn 0.1197 0.8621 0.4924
vn 0.3644 0.925 0.1078
vn 0.345 0.9319 0.1121
vn 0.4066 0.7253 0.5556
vn 0.4555 0.702 0.5475
vn 0.4586 0.8608 0.2209
vn 0.4391 0.8704 0.2225
vn 0.4977 0.8405 0.2141
vn 0.5376 0.8186 0.2022
vn 0.4896 0.8653 0.1078
vn 0.4648 0.8795 0.1024
vn 0.5034 0.6791 0.5342
vn 0.55 0.6569 0.5157
vn 0.4781 0.8508 0.218
vn 0.4111 0.9062 0.0994
vn -0.1944 0.2591 0.9461
vn -0.356 0.3362 0.8719
vn -0.4249 0.2041 0.8819
vn -0.2615 0.1261 0.9569
vn 0.4284 0.8982 0.0984
vn 0.4199 0.9022 0.0987
vn 0.6768 0.5964 0.4316
vn 0.7135 0.5789 0.3947
vn 0.5796 0.7946 0.181
vn 0.5581 0.8066 0.1948
vn 0.4455 0.8897 0.0994
vn 0.4368 0.8941 0.0987
vn 0.7467 0.5631 0.3541
vn 0.7761 0.549 0.3101
vn 0.5996 0.7893 0.132
vn 0.5925 0.7903 0.1561
vn 0.4547 0.8849 0.1006
vn 0.8016 0.5369 0.2632
vn 0.8227 0.5268 0.2137
vn 0.6101 0.7876 0.0861
vn 0.6055 0.7884 0.1087
vn 0.6371 0.6153 0.4642
vn 0.4766 0.1691 -0.8627
vn 0.6223 0.0995 -0.7764
vn 0.5306 0.8394 0.1176
vn 0.5071 0.8546 0.1121
vn 0.8586 0.5097 0.0547
vn 0.861 0.5085 -0
vn 0.6175 0.7866 -0
vn 0.617 0.7867 0.0211
vn 0.5229 0.8497 0.0677
vn 0.5266 0.8455 0.0889
vn 0.957 -0.2901 -0
vn 0.9398 -0.2819 -0.1929
vn 0.9807 -0.0714 -0.1822
vn 0.9969 -0.0791 -0
vn 0.8394 0.5188 0.1621
vn 0.6135 0.7871 0.064
vn 0.5171 0.855 0.0389
vn 0.5198 0.8527 0.0519
vn 0.8394 0.5188 -0.1621
vn 0.8227 0.5268 -0.2137
vn 0.6101 0.7876 -0.0861
vn 0.6134 0.7872 -0.064
vn 0.6157 0.7868 -0.043
vn 0.5135 0.8579 -0.0178
vn 0.5123 0.8588 -0.0001
vn 0.515 0.8567 0.0275
vn 0.8016 0.5369 -0.2632
vn 0.7761 0.549 -0.3101
vn 0.5996 0.7893 -0.132
vn 0.6055 0.7884 -0.1087
vn 0.5126 0.8586 0.0088
vn 0.7467 0.5631 -0.3542
vn 0.7135 0.5789 -0.3947
vn 0.5796 0.7946 -0.181
vn 0.5925 0.7903 -0.1561
vn 0.8514 0.5131 -0.1089
vn -0.2433 0.5124 -0.8236
vn 0.0018 0.7803 -0.6255
vn 0.1177 0.725 -0.6786
vn -0.0907 0.4396 -0.8936
vn 0.6769 0.5963 -0.4316
vn 0.5581 0.8066 -0.1948
vn 0.5171 0.855 -0.0389
vn 0.515 0.8567 -0.0277
vn 0.5229 0.8497 -0.0677
vn 0.5198 0.8527 -0.0519
vn 0.5034 0.6791 -0.5342
vn 0.4555 0.702 -0.5475
vn 0.4781 0.8508 -0.218
vn 0.5306 0.8394 -0.1176
vn 0.5266 0.8455 -0.0889
vn 0.5485 0.5195 -0.6552
vn 0.4895 0.8653 -0.1078
vn 0.5071 0.8546 -0.1121
vn 0.3035 0.6363 -0.7092
vn 0.3663 0.6064 -0.7058
vn 0.2367 0.2835 -0.9293
vn 0.154 0.3229 -0.9338
vn 0.1786 0.6959 -0.6956
vn 0.2408 0.6663 -0.7058
vn 0.0714 0.3624 -0.9293
vn -0.0104 0.4013 -0.9159
vn 0.3078 0.7724 -0.5556
vn 0.4547 0.8849 -0.1006
vn 0.4648 0.8795 -0.1024
vn -0.0521 0.806 -0.5896
vn -0.3143 0.5463 -0.7764
vn -0.0906 0.4396 0.8936
vn 0.1177 0.725 0.6786
vn 0.0018 0.7802 0.6255
vn -0.2433 0.5124 0.8235
vn -0.1491 0.8522 -0.5015
vn -0.1025 0.83 -0.5482
vn -0.3807 0.578 -0.7218
vn -0.442 0.6072 -0.6603
vn -0.2287 0.8902 -0.394
vn -0.1913 0.8723 -0.4499
vn -0.4975 0.6337 -0.5924
vn -0.5467 0.6572 -0.5188
vn -0.6247 0.6943 -0.3573
vn -0.2878 0.9184 -0.2714
vn -0.261 0.9056 -0.3343
vn -0.5893 0.6774 -0.4402
vn -0.309 0.9285 -0.2059
vn -0.6525 0.7076 -0.2711
vn -0.6247 0.6943 0.3574
vn -0.2879 0.9184 0.2714
vn -0.2287 0.8902 0.394
vn -0.261 0.9056 0.3343
vn -0.5893 0.6774 0.4402
vn -0.5468 0.6572 0.5188
vn -0.1491 0.8522 0.5015
vn -0.1913 0.8723 0.4499
vn -0.4975 0.6337 0.5924
vn -0.442 0.6072 0.6603
vn -0.0521 0.806 0.5897
vn -0.1025 0.83 0.5482
vn -0.3807 0.5779 0.7219
vn -0.3142 0.5463 0.7764
vn 0.1787 0.6959 0.6955
vn -0.0104 0.4013 0.9159
vn 0.6591 0.4667 0.5897
vn 0.5485 0.5194 0.6552
vn 0.4766 0.1691 0.8627
vn 0.6223 0.0996 0.7764
vn 0.3035 0.6363 0.7092
vn 0.2408 0.6663 0.7058
vn 0.0714 0.3623 0.9293
vn 0.154 0.3229 0.9338
vn 0.4284 0.5768 0.6956
vn 0.3663 0.6064 0.7058
vn 0.2367 0.2835 0.9293
vn 0.3185 0.2444 0.9159
vn 0.4893 0.5477 0.6787
vn 0.3987 0.2062 0.8936
vn 0.7562 0.4204 0.5015
vn 0.7096 0.4426 0.5483
vn 0.6887 0.0678 0.7219
vn 0.75 0.0386 0.6603
vn 0.9436 0.331 -0
vn 0.9313 0.3369 -0.1384
vn 0.8357 0.3825 0.394
vn 0.7983 0.4003 0.4499
vn 0.8056 0.0122 0.5924
vn 0.8548 -0.0114 0.5188
vn 0.9327 -0.0485 0.3573
vn 0.8949 0.3543 0.2714
vn 0.868 0.3671 0.3343
vn 0.8973 -0.0316 0.4402
vn 0.9186 -0.2718 0.287
vn 0.9527 -0.2881 0.0969
vn 0.6592 0.4667 -0.5897
vn 0.9327 -0.0486 -0.3574
vn 0.8949 0.3543 -0.2714
vn 0.916 0.3442 -0.2059
vn 0.9606 -0.0618 -0.2711
vn 0.5604 -0.1009 0.822
vn 0.4061 -0.0274 0.9134
vn 0.346 -0.1636 0.9239
vn 0.502 -0.238 0.8315
vn 0.8358 0.3824 -0.394
vn 0.868 0.3671 -0.3343
vn 0.8973 -0.0316 -0.4402
vn 0.8548 -0.0113 -0.5188
vn 0.7561 0.4205 -0.5015
vn 0.7983 0.4003 -0.4499
vn 0.8056 0.0122 -0.5924
vn 0.75 0.0387 -0.6603
vn 0.7096 0.4426 -0.5482
vn 0.6887 0.0679 -0.7218
vn 0.9031 -0.4294 -0
vn 0.8858 -0.4211 -0.1951
vn 0.1821 0.8929 0.4117
vn -0.2886 0.4465 0.8469
vn -0.3616 0.4813 0.7985
vn 0.1466 0.9098 0.3882
vn 0.6307 -0.1345 -0.7642
vn 0.5732 -0.272 -0.773
vn 0.4332 0.9013 0.0003
vn 0.4334 0.9012 0.0007
vn 0.4555 0.8902 0.0074
vn 0.4536 0.8912 0.0024
vn 0.6956 -0.1654 -0.6991
vn 0.0005 0.0011 -1
vn 0.0646 0.1355 -0.9887
vn 0.1521 0.0938 -0.9839
vn 0.089 -0.0411 -0.9952
vn 0.2625 -0.1238 -0.9569
vn 0.3237 0.012 -0.9461
vn 0.2387 0.0525 -0.9697
vn 0.1766 -0.0828 -0.9808
vn -0.1755 0.0851 -0.9808
vn -0.1095 0.2185 -0.9697
vn -0.0228 0.1773 -0.9839
vn -0.0879 0.0433 -0.9952
vn 0.4305 0.9026 -0
vn 0.4338 0.901 -0.0012
vn 0.4342 0.9008 -0.0018
vn -0.5721 0.2743 -0.773
vn -0.5014 0.4056 -0.7642
vn -0.4311 0.372 -0.8221
vn -0.5009 0.2403 -0.8315
vn -0.8847 0.4234 -0.1951
vn -0.8106 0.553 -0.1929
vn -0.7893 0.5428 -0.287
vn -0.8632 0.4131 -0.2903
vn -0.7499 0.3591 0.5556
vn -0.6773 0.4894 0.5493
vn -0.7223 0.5109 0.4661
vn -0.7955 0.3808 0.4714
vn -0.7955 0.3808 -0.4714
vn -0.7223 0.5109 -0.4661
vn -0.6773 0.4894 -0.5493
vn -0.7499 0.3591 -0.5556
vn -0.7598 0.5288 -0.3783
vn -0.8333 0.3989 -0.3827
vn -0.8277 0.5612 -0
vn -0.5009 0.2403 0.8315
vn -0.4311 0.372 0.8221
vn -0.5015 0.4055 0.7642
vn -0.572 0.2743 0.773
vn 0.4415 0.8967 -0.0323
vn 0.4536 0.8903 -0.0401
vn -0.8333 0.3989 0.3827
vn -0.7598 0.5288 0.3783
vn -0.8632 0.4131 0.2903
vn -0.6972 0.3339 0.6344
vn -0.6251 0.4646 0.6272
vn -0.1755 0.0851 0.9808
vn -0.1095 0.2186 0.9697
vn 0.4332 0.9013 -0
vn 0.4532 0.8914 -0
vn 0.4541 0.8909 -0.0049
vn 0.4333 0.9013 -0.0004
vn -0.4249 0.2041 -0.8819
vn -0.356 0.3362 -0.8719
vn -0.1944 0.2591 -0.9461
vn -0.2615 0.1261 -0.9569
vn 0.1766 -0.0828 0.9808
vn 0.2388 0.0525 0.9697
vn 0.1521 0.0938 0.9839
vn 0.089 -0.041 0.9952
vn 0.751 -0.3568 0.5556
vn 0.8066 -0.2184 0.5493
vn 0.7545 -0.1935 0.6272
vn 0.6983 -0.3317 0.6344
vn 0.0005 0.0012 1
vn 0.0646 0.1355 0.9887
vn -0.0228 0.1773 0.9839
vn -0.0879 0.0434 0.9952
vn 0.3237 0.012 0.9461
vn 0.2626 -0.1238 0.9569
vn 0.5731 -0.272 0.773
vn 0.6307 -0.1345 0.7643
vn 0.751 -0.3568 -0.5556
vn 0.8066 -0.2184 -0.5493
vn 0.8516 -0.2398 -0.4661
vn 0.7966 -0.3785 -0.4714
vn 0.7965 -0.3785 0.4714
vn 0.8516 -0.2398 0.4661
vn 0.8643 -0.4108 0.2903
vn 0.8891 -0.2577 0.3783
vn 0.8344 -0.3966 0.3827
vn -0.8977 0.4296 0.0981
vn 0.8988 -0.4273 0.098
vn 0.8344 -0.3966 -0.3827
vn 0.8891 -0.2577 -0.3783
vn 0.9186 -0.2718 -0.287
vn 0.8643 -0.4108 -0.2903
vn 0.6983 -0.3316 -0.6344
vn 0.7545 -0.1935 -0.6272
vn 0.6388 -0.3033 -0.7071
vn -0.6251 0.4646 -0.6272
vn -0.6971 0.3339 -0.6344
vn 0.6956 -0.1654 0.6991
vn 0.6388 -0.3033 0.7071
vn 0.4334 0.9012 -0.0007
vn -0.5664 0.4365 0.6991
vn -0.6377 0.3056 0.7071
vn -0.902 0.4317 -0
vn 0.437 0.8994 -0.0072
vn 0.4316 0.9021 -0.0037
vn -0.5663 0.4365 -0.6991
vn -0.6377 0.3056 -0.7071
vn 0.4754 0.8783 -0.051
vn 0.4656 0.8846 -0.0259
vn 0.4607 0.8874 -0.0164
vn 0.4576 0.8891 -0.0113
vn 0.4555 0.8902 -0.0075
vn 0.4338 0.901 0.0012
vn 0.4576 0.8891 0.0113
vn 0.4342 0.9008 0.0018
vn 0.4607 0.8874 0.0164
vn 0.437 0.8994 0.0072
vn 0.4656 0.8846 0.0259
vn 0.4543 0.8899 0.0403
vn 0.4754 0.8783 0.051
vn 0.4319 0.9019 0.004
vn 0.4416 0.8966 0.0324
vn 0.4351 0.8999 -0.0289
vn 0.438 0.8985 -0.0302
vn 0.431 0.9023 -0.0033
vn 0.4313 0.9022 -0.0035
vn 0.4305 0.9026 -0.0001
vn 0.4305 0.9026 0.0001
vn 0.431 0.9023 0.0033
vn 0.4313 0.9022 0.0035
vn 0.4351 0.8999 0.0289
vn 0.438 0.8985 0.0302
vn 0.4304 0.9022 -0.028
vn 0.4327 0.9011 -0.0282
vn 0.4305 0.9026 -0.0032
vn 0.4308 0.9025 -0.0032
vn 0.4144 0.9094 -0.0353
vn 0.4225 0.9058 -0.0302
vn 0.4305 0.9026 0.0032
vn 0.4308 0.9025 0.0032
vn 0.4304 0.9022 0.028
vn 0.4327 0.9011 0.0282
vn 0.4255 0.9045 -0.029
vn 0.428 0.9033 -0.0283
vn 0.43 0.9028 -0.0033
vn 0.4303 0.9027 -0.0032
vn 0.4288 0.9034 0.0043
vn 0.4295 0.903 0.0037
vn 0.43 0.9028 0.0033
vn 0.4303 0.9027 0.0032
vn 0.4255 0.9045 0.029
vn 0.428 0.9033 0.0283
vn 0.4288 0.9034 -0.0043
vn 0.4295 0.903 -0.0037
vn 0.4148 0.9092 0.0353
vn 0.4226 0.9058 0.0302
vn 0.4073 0.9133 -0.0003
vn 0.4065 0.9136 -0.0047
vn 0.4051 0.9143 0.0071
vn 0.4071 0.9134 0.0025
vn 0.4057 0.9131 -0.0404
vn 0.4239 0.9057 -0.0073
vn 0.4268 0.9043 -0.0017
vn 0.4273 0.9041 -0.0012
vn 0.4276 0.904 -0.0007
vn 0.4278 0.9039 -0.0004
vn 0.4279 0.9038 -0
vn 0.4278 0.9039 0.0003
vn 0.4276 0.904 0.0007
vn 0.4273 0.9041 0.0012
vn 0.4268 0.9043 0.0017
vn 0.4239 0.9057 0.0073
vn 0.4057 0.9131 0.0404
vn 0.3833 0.9222 -0.051
vn 0.3945 0.9185 -0.026
vn 0.3997 0.9165 -0.0164
vn 0.403 0.9151 -0.0113
vn 0.4051 0.9142 -0.0075
vn 0.403 0.9151 0.0113
vn 0.3997 0.9165 0.0164
vn 0.3945 0.9185 0.026
vn 0.3833 0.9222 0.051
vn 0.0214 0.0449 -0.9988
vn 0.1097 0.0026 -0.994
vn 0.0887 -0.0419 -0.9952
vn -0 0.0001 -1
vn -0.067 0.087 -0.994
vn -0.0884 0.0424 -0.9952
vn 0.1973 -0.039 -0.9796
vn 0.1761 -0.0839 -0.9808
vn 0.2831 -0.08 -0.9558
vn 0.2621 -0.1248 -0.9569
vn 0.3664 -0.1197 -0.9227
vn 0.3454 -0.1646 -0.9239
vn 0.4463 -0.1579 -0.8808
vn 0.4256 -0.2027 -0.8819
vn 0.5222 -0.194 -0.8305
vn 0.5015 -0.239 -0.8315
vn 0.5933 -0.2279 -0.7721
vn 0.5728 -0.2726 -0.773
vn 0.6588 -0.2592 -0.7062
vn 0.6383 -0.3044 -0.7071
vn 0.7182 -0.2875 -0.6336
vn 0.6978 -0.3325 -0.6344
vn 0.7709 -0.3127 -0.5549
vn 0.7505 -0.3578 -0.5556
vn 0.8164 -0.3344 -0.4708
vn 0.796 -0.3796 -0.4714
vn 0.8542 -0.3524 -0.3822
vn 0.834 -0.3975 -0.3827
vn 0.884 -0.3666 -0.29
vn 0.8638 -0.4119 -0.2903
vn 0.9056 -0.3768 -0.1949
vn 0.8853 -0.4221 -0.1951
vn 0.9185 -0.3831 -0.0979
vn 0.8984 -0.4281 -0.098
vn 0.9229 -0.3851 -0
vn 0.9026 -0.4304 -0
vn 0.9185 -0.3831 0.0979
vn 0.8984 -0.4282 0.098
vn 0.9056 -0.3768 0.1949
vn 0.8854 -0.4218 0.1951
vn 0.884 -0.3666 0.2899
vn 0.8638 -0.4117 0.2903
vn 0.8542 -0.3524 0.3822
vn 0.8339 -0.3977 0.3827
vn 0.8164 -0.3343 0.4708
vn 0.796 -0.3797 0.4714
vn 0.7709 -0.3127 0.5549
vn 0.7505 -0.3578 0.5556
vn 0.7182 -0.2875 0.6336
vn 0.6978 -0.3327 0.6344
vn 0.6588 -0.2592 0.7062
vn 0.6383 -0.3043 0.7071
vn 0.5933 -0.2279 0.7721
vn 0.5727 -0.273 0.773
vn 0.5223 -0.194 0.8304
vn 0.5016 -0.2389 0.8315
vn 0.4463 -0.1579 0.8808
vn 0.4256 -0.2027 0.8819
vn 0.3664 -0.1197 0.9227
vn 0.3457 -0.164 0.9239
vn 0.2831 -0.08 0.9558
vn 0.2622 -0.1247 0.9569
vn 0.1973 -0.039 0.9796
vn 0.1762 -0.0837 0.9808
vn 0.1097 0.0027 0.994
vn 0.0884 -0.0422 0.9952
vn 0.0214 0.0449 0.9988
vn 0.0003 0.0007 1
vn -0.067 0.087 0.994
vn -0.0884 0.0425 0.9952
vn -0.1545 0.1287 0.9796
vn -0.1757 0.0847 0.9808
vn -0.2403 0.1697 0.9558
vn -0.262 0.1251 0.9569
vn -0.3236 0.2094 0.9227
vn -0.3452 0.1651 0.9239
vn -0.4036 0.2475 0.8808
vn -0.4254 0.2032 0.8819
vn -0.4795 0.2837 0.8304
vn -0.5014 0.2393 0.8315
vn -0.5505 0.3176 0.7721
vn -0.5725 0.2734 0.773
vn -0.6161 0.3489 0.7062
vn -0.6381 0.3047 0.7071
vn -0.6755 0.3772 0.6336
vn -0.6977 0.3329 0.6344
vn -0.7281 0.4024 0.5549
vn -0.7503 0.3582 0.5556
vn -0.7736 0.424 0.4708
vn -0.7959 0.3799 0.4714
vn -0.8115 0.4421 0.3822
vn -0.8338 0.3979 0.3827
vn -0.8413 0.4563 0.2899
vn -0.8636 0.4121 0.2903
vn -0.8628 0.4665 0.1948
vn -0.8852 0.4224 0.1951
vn -0.8757 0.4728 0.0979
vn -0.8981 0.4287 0.098
vn -0.8801 0.4748 -0
vn -0.9025 0.4307 -0
vn -0.8757 0.4728 -0.0979
vn -0.8982 0.4286 -0.098
vn -0.8628 0.4665 -0.1948
vn -0.8852 0.4224 -0.1951
vn -0.8413 0.4563 -0.2899
vn -0.8636 0.4122 -0.2903
vn -0.8115 0.4421 -0.3822
vn -0.8337 0.3981 -0.3827
vn -0.7736 0.4241 -0.4708
vn -0.7959 0.3799 -0.4714
vn -0.7281 0.4024 -0.5549
vn -0.7504 0.358 -0.5556
vn -0.6755 0.3772 -0.6336
vn -0.6977 0.3329 -0.6344
vn -0.6161 0.3489 -0.7062
vn -0.6382 0.3045 -0.7071
vn -0.5505 0.3176 -0.7721
vn -0.5725 0.2734 -0.773
vn -0.4794 0.2837 -0.8305
vn -0.5013 0.2394 -0.8315
vn -0.4036 0.2475 -0.8808
vn -0.4254 0.2031 -0.8819
vn -0.3236 0.2094 -0.9227
vn -0.3453 0.165 -0.9239
vn -0.2403 0.1697 -0.9558
vn -0.2619 0.1253 -0.9569
vn -0.1545 0.1287 -0.9796
vn -0.176 0.0842 -0.9808
vn 0.1782 0.6953 -0.6963
vn 0.1171 0.7244 -0.6794
vn 0.2404 0.6656 -0.7065
vn 0.3032 0.6356 -0.7099
vn 0.4037 0.8924 -0.2017
vn 0.3859 0.9009 -0.1988
vn 0.4215 0.8839 -0.2027
vn 0.4395 0.8753 -0.2017
vn 0.366 0.6057 -0.7065
vn 0.4283 0.576 -0.6963
vn 0.4572 0.8668 -0.1988
vn 0.3879 0.9016 0.1915
vn 0.405 0.8934 0.1943
vn 0.4223 0.8852 0.1952
vn 0.3394 0.8179 0.4645
vn 0.2986 0.8374 0.4578
vn 0.3808 0.7982 0.4668
vn 0.2582 0.8566 0.4466
vn 0.3711 0.9096 0.1868
vn 0.4747 0.8585 -0.194
vn 0.2195 0.8751 0.4313
vn 0.3548 0.9174 0.1804
vn 0.4916 0.8504 -0.1873
vn 0.5078 0.8427 -0.1788
vn 0.3392 0.9248 0.1722
vn 0.5232 0.8354 -0.1685
vn 0.3243 0.9319 0.1623
vn -0.2117 0.4099 0.8872
vn -0.1316 0.3717 0.919
vn -0.0491 0.3323 0.9419
vn 0.0351 0.2921 0.9557
vn 0.12 0.2516 0.9604
vn 0.6148 0.6866 0.3882
vn 0.648 0.6707 0.3609
vn 0.6699 -0.0107 0.7424
vn 0.6017 0.0219 0.7985
vn 0.422 0.7785 0.4646
vn 0.2049 0.2111 0.9557
vn 0.4629 0.759 0.4578
vn 0.2891 0.1709 0.9419
vn 0.503 0.7399 0.4467
vn 0.3716 0.1316 0.919
vn 0.5419 0.7213 0.4313
vn 0.4517 0.0934 0.8872
vn 0.5793 0.7035 0.4117
vn 0.5286 0.0568 0.847
vn 0.6787 0.6561 0.33
vn 0.7329 -0.0407 0.6791
vn 0.79 -0.0679 0.6093
vn 0.7064 0.6429 0.2961
vn 0.731 0.6311 0.2595
vn 0.8407 -0.0921 0.5336
vn 0.9495 -0.144 -0.2788
vn 0.7839 0.6059 -0.1355
vn 0.77 0.6126 -0.1786
vn 0.9208 -0.1304 -0.3675
vn 0.5469 0.8258 0.1381
vn 0.5585 0.8202 0.1239
vn 0.5687 0.8153 0.1085
vn 0.2802 0.9513 -0.1286
vn 0.2695 0.9564 -0.1126
vn 0.2922 0.9456 -0.1433
vn 0.534 0.8319 0.1509
vn 0.3055 0.9392 -0.1567
vn 0.5201 0.8385 0.1623
vn 0.3199 0.9323 -0.1685
vn 0.5053 0.8456 0.1722
vn 0.3353 0.925 -0.1788
vn 0.4896 0.8531 0.1804
vn 0.3516 0.9172 -0.1873
vn 0.4734 0.8608 0.1868
vn 0.4566 0.8688 0.1915
vn 0.3684 0.9092 -0.194
vn 0.4395 0.877 0.1943
vn 0.058 0.7526 -0.656
vn 0.0011 0.7797 -0.6262
vn -0.0529 0.8054 -0.5903
vn -0.1033 0.8295 -0.5488
vn -0.1499 0.8518 -0.502
vn -0.1922 0.8719 -0.4504
vn -0.2297 0.8898 -0.3944
vn -0.262 0.9052 -0.3347
vn 0.2602 0.9608 -0.0955
vn 0.5776 0.8111 0.092
vn -0.2889 0.918 -0.2717
vn 0.2525 0.9645 -0.0776
vn 0.585 0.8076 0.0747
vn 0.2465 0.9674 -0.0588
vn 0.5909 0.8048 0.0567
vn -0.31 0.9281 -0.2061
vn 0.77 0.6126 0.1787
vn 0.7523 0.621 0.22
vn 0.784 0.6058 0.1355
vn 0.794 0.6011 0.091
vn 0.595 0.8028 0.038
vn 0.2421 0.9694 -0.0395
vn 0.8 0.5982 0.0458
vn 0.5976 0.8016 0.0191
vn 0.2395 0.9707 -0.0199
vn 0.802 0.5973 -0
vn 0.5985 0.8012 -0
vn 0.2386 0.9711 -0
vn 0.2394 0.9707 0.0199
vn 0.5976 0.8016 -0.0191
vn 0.8 0.5982 -0.0457
vn 0.2421 0.9694 0.0396
vn 0.595 0.8028 -0.0381
vn 0.794 0.6011 -0.0911
vn 0.542 0.7213 -0.4313
vn 0.5031 0.7398 -0.4466
vn 0.3716 0.1316 -0.919
vn 0.4518 0.0934 -0.8872
vn 0.9827 -0.1598 0.0941
vn 0.9868 -0.1618 -0
vn 0.5909 0.8048 -0.0567
vn 0.585 0.8076 -0.0747
vn 0.9702 -0.1539 -0.1874
vn 0.9702 -0.1539 0.1874
vn 0.9495 -0.1439 0.2788
vn 0.9209 -0.1303 0.3675
vn 0.8845 -0.113 0.4527
vn 0.9826 -0.1598 -0.0941
vn 0.7523 0.6209 -0.22
vn 0.8845 -0.113 -0.4527
vn 0.7311 0.6311 -0.2592
vn 0.8407 -0.092 -0.5336
vn 0.7065 0.6428 -0.2961
vn 0.7901 -0.0679 -0.6092
vn 0.6787 0.6561 -0.3301
vn 0.733 -0.0407 -0.679
vn 0.648 0.6707 -0.3608
vn 0.6699 -0.0107 -0.7423
vn 0.6148 0.6866 -0.3881
vn 0.6015 0.0219 -0.7986
vn 0.5792 0.7035 -0.4117
vn 0.5286 0.0567 -0.8469
vn 0.4629 0.759 -0.4578
vn 0.289 0.1709 -0.9419
vn 0.4221 0.7785 -0.4645
vn 0.2049 0.2111 -0.9557
vn -0.1315 0.3716 -0.919
vn 0.2584 0.8566 -0.4467
vn 0.2195 0.8751 -0.4313
vn -0.2116 0.4098 -0.8873
vn 0.4734 0.8608 -0.1868
vn 0.4566 0.8688 -0.1915
vn 0.4395 0.877 -0.1942
vn 0.3685 0.9092 0.194
vn 0.3858 0.9009 0.1988
vn 0.4036 0.8924 0.2017
vn 0.4897 0.853 -0.1804
vn 0.3516 0.9172 0.1873
vn 0.3353 0.925 0.1788
vn 0.5053 0.8456 -0.1722
vn 0.32 0.9323 0.1685
vn 0.5201 0.8385 -0.1623
vn 0.534 0.8319 -0.1509
vn 0.5469 0.8257 -0.1381
vn 0.3055 0.9392 0.1567
vn 0.2922 0.9456 0.1433
vn -0.1499 0.8518 0.502
vn -0.1033 0.8295 0.5488
vn -0.0528 0.8055 0.5902
vn 0.0011 0.7797 0.6261
vn 0.058 0.7526 0.6559
vn 0.1172 0.7244 0.6794
vn 0.1782 0.6953 0.6963
vn 0.2403 0.6656 0.7066
vn 0.3032 0.6357 0.7099
vn 0.4215 0.8839 0.2027
vn 0.4223 0.8852 -0.1952
vn 0.4395 0.8753 0.2017
vn 0.405 0.8935 -0.1943
vn 0.366 0.6057 0.7066
vn 0.3808 0.7982 -0.4668
vn 0.3394 0.8179 -0.4646
vn 0.4573 0.8668 0.1988
vn 0.3879 0.9016 -0.1915
vn 0.2985 0.8375 -0.4578
vn -0.0085 0.9839 -0.1787
vn -0.0225 0.9905 -0.1356
vn -0.7094 0.6473 -0.2788
vn -0.6808 0.6336 -0.3675
vn 0.12 0.2516 -0.9604
vn 0.3711 0.9096 -0.1869
vn 0.3548 0.9174 -0.1804
vn -0.0491 0.3323 -0.9419
vn 0.0351 0.2921 -0.9557
vn 0.1822 0.8929 -0.4117
vn -0.2886 0.4465 -0.8469
vn 0.1466 0.9099 -0.3882
vn -0.3616 0.4812 -0.7985
vn 0.1135 0.9257 -0.3609
vn -0.4298 0.5139 -0.7424
vn 0.0829 0.9403 -0.3301
vn -0.4928 0.544 -0.6791
vn 0.055 0.9536 -0.2961
vn -0.5499 0.5712 -0.6093
vn 0.0304 0.9653 -0.2593
vn -0.6007 0.5954 -0.5336
vn 0.0092 0.9755 -0.22
vn -0.6444 0.6162 -0.4527
vn -0.0325 0.9953 -0.0911
vn -0.7302 0.6571 -0.1874
vn -0.0385 0.9982 -0.0458
vn -0.7426 0.6631 -0.0941
vn -0.7094 0.6473 0.2788
vn -0.0224 0.9905 0.1355
vn -0.0086 0.9839 0.1786
vn -0.6808 0.6336 0.3675
vn 0.2536 0.9656 -0.0567
vn 0.2494 0.9676 -0.0381
vn 0.2468 0.9689 -0.0191
vn 0.5966 0.8004 0.0588
vn 0.601 0.7983 0.0395
vn 0.6037 0.797 0.0199
vn 0.2594 0.9629 -0.0747
vn 0.5906 0.8033 0.0776
vn 0.5829 0.8069 0.0955
vn 0.2668 0.9594 -0.092
vn 0.5737 0.8113 0.1126
vn 0.2757 0.9551 -0.1085
vn 0.2859 0.9502 -0.1239
vn 0.2977 0.9446 -0.1381
vn 0.563 0.8164 0.1286
vn 0.5509 0.8222 0.1433
vn 0.7563 0.4195 0.502
vn 0.7985 0.3994 0.4504
vn 0.836 0.3815 0.3944
vn 0.8683 0.3661 0.3346
vn 0.8952 0.3533 0.2717
vn 0.9164 0.3432 0.2061
vn 0.9317 0.3359 0.1386
vn 0.9409 0.3314 0.0696
vn 0.944 0.3299 -0
vn 0.6046 0.7966 -0
vn 0.246 0.9693 -0
vn 0.6037 0.797 -0.0199
vn 0.2468 0.9689 0.0191
vn 0.9409 0.3314 -0.0696
vn -0.0406 0.9992 -0
vn -0.0385 0.9982 0.0457
vn 0.601 0.7982 -0.0396
vn 0.2494 0.9677 0.0381
vn -0.0325 0.9953 0.091
vn -0.4299 0.5139 0.7423
vn 0.1134 0.9257 0.3608
vn -0.7467 0.6651 -0
vn 0.2536 0.9657 0.0566
vn 0.2594 0.9629 0.0747
vn -0.7301 0.6571 0.1874
vn -0.7426 0.6631 0.0941
vn 0.0092 0.9755 0.22
vn -0.6445 0.6162 0.4527
vn 0.0304 0.9654 0.2592
vn -0.6007 0.5954 0.5336
vn 0.055 0.9536 0.2962
vn -0.55 0.5712 0.6093
vn 0.0828 0.9403 0.33
vn -0.4929 0.544 0.679
vn 0.2977 0.9446 0.1381
vn 0.3104 0.9385 0.1509
vn 0.5377 0.8285 -0.1567
vn 0.5509 0.8222 -0.1433
vn 0.7563 0.4195 -0.502
vn 0.7097 0.4418 -0.5488
vn 0.6592 0.4658 -0.5903
vn 0.6053 0.4916 -0.6261
vn 0.5484 0.5187 -0.6558
vn 0.4892 0.5469 -0.6793
vn 0.563 0.8164 -0.1286
vn 0.7985 0.3994 -0.4504
vn 0.836 0.3815 -0.3944
vn 0.5737 0.8113 -0.1126
vn 0.286 0.9502 0.1239
vn 0.2757 0.9551 0.1085
vn 0.2668 0.9594 0.092
vn 0.5829 0.8069 -0.0956
vn 0.5906 0.8032 -0.0776
vn 0.8683 0.3661 -0.3346
vn 0.8952 0.3533 -0.2717
vn 0.5967 0.8003 -0.0588
vn 0.9164 0.3432 -0.2061
vn 0.9317 0.3358 -0.1385
vn 0.5377 0.8285 0.1567
vn 0.7096 0.4418 0.5489
vn 0.6592 0.4658 0.5903
vn 0.5232 0.8354 0.1685
vn 0.3104 0.9386 -0.1509
vn 0.3243 0.9319 -0.1623
vn 0.3392 0.9248 -0.1722
vn 0.5078 0.8427 0.1788
vn 0.4916 0.8504 0.1873
vn 0.6053 0.4915 0.6261
vn 0.5484 0.5187 0.6559
vn 0.4747 0.8585 0.194
vn 0.4892 0.5469 0.6794
vn 0.4281 0.576 0.6964
vn 0.2802 0.9513 0.1286
vn -0.1921 0.8719 0.4504
vn -0.2297 0.8898 0.3943
vn 0.2695 0.9564 0.1126
vn 0.5585 0.8202 -0.1239
vn 0.5687 0.8153 -0.1085
vn 0.5776 0.8111 -0.092
vn 0.2602 0.9608 0.0956
vn 0.2525 0.9645 0.0776
vn -0.262 0.9052 0.3347
vn -0.2889 0.918 0.2717
vn 0.2465 0.9674 0.0588
vn -0.31 0.9281 0.2061
vn -0.3253 0.9354 0.1386
vn -0.3345 0.9398 0.0696
vn -0.3376 0.9413 -0.0002
vn -0.3345 0.9398 -0.0697
vn -0.3254 0.9354 -0.1385
vn 0.3968 0.8319 -0.3881
vn 0.362 0.8484 -0.3863
vn 0.4197 0.8798 -0.223
vn 0.3284 0.8642 -0.3811
vn 0.3804 0.8981 -0.2208
vn 0.465 0.7991 -0.381
vn 0.4315 0.8153 -0.3862
vn 0.4391 0.8704 -0.2225
vn 0.4586 0.8608 -0.2208
vn 0.0613 0.9918 -0.1124
vn 0.0492 0.9981 -0.0379
vn 0.2231 0.9746 -0.0211
vn 0.224 0.9737 0.0424
vn 0.3435 0.939 0.0178
vn 0.2621 0.8953 -0.3602
vn 0.2304 0.91 -0.3447
vn 0.3192 0.9244 -0.2087
vn 0.34 0.9157 -0.214
vn 0.1999 0.924 -0.3261
vn 0.391 0.9147 -0.1024
vn 0.1709 0.9371 -0.3044
vn 0.1441 0.9495 -0.2788
vn 0.1211 0.9609 -0.2491
vn 0.2414 0.9578 -0.1561
vn 0.1019 0.9708 -0.2172
vn 0.0854 0.9793 -0.1837
vn 0.0718 0.9863 -0.1486
vn 0.0537 0.9957 0.0754
vn 0.0719 0.9863 0.1486
vn 0.3284 0.8642 0.3811
vn 0.3804 0.8981 0.2208
vn 0.34 0.9157 0.214
vn 0.2621 0.8953 0.3603
vn 0.3416 0.9394 -0.0276
vn 0.0477 0.9989 -0
vn 0.3447 0.9387 -0.0087
vn 0.0492 0.998 0.0385
vn 0.3447 0.9387 0.0087
vn -0.1095 0.2186 -0.9697
vn 0.0917 0.5696 -0.8168
vn 0.1647 0.5348 -0.8288
vn 0.0854 0.9793 0.1837
vn 0.1019 0.9708 0.2172
vn 0.1211 0.9609 0.2491
vn 0.2414 0.9578 0.1561
vn 0.1441 0.9495 0.2788
vn 0.1709 0.9371 0.3044
vn 0.1999 0.924 0.3261
vn 0.2303 0.91 0.3447
vn 0.391 0.9147 0.1023
vn 0.74 0.6684 0.0754
vn 0.6157 0.7869 0.0424
vn 0.7212 0.6766 0.1486
vn 0.5135 0.8579 0.0178
vn 0.5171 0.855 0.039
vn 0.362 0.8484 0.3863
vn 0.3968 0.8319 0.3881
vn 0.4197 0.8798 0.223
vn 0.411 0.9062 0.0994
vn 0.4315 0.8153 0.3863
vn 0.465 0.7991 0.3811
vn 0.4586 0.8608 0.2208
vn 0.4983 0.783 0.3723
vn 0.5622 0.7517 -0.3448
vn 0.4983 0.783 -0.3723
vn 0.5175 0.8298 -0.2087
vn 0.4548 0.8849 -0.1006
vn 0.476 0.8732 -0.1048
vn 0.4548 0.8849 0.1006
vn 0.5623 0.7517 0.3448
vn 0.5922 0.7368 0.3261
vn 0.5175 0.8298 0.2088
vn 0.4895 0.8653 0.1078
vn 0.4761 0.8731 0.1048
vn 0.6206 0.7226 0.3044
vn 0.6472 0.7095 0.2787
vn 0.6706 0.6988 0.2491
vn 0.6903 0.6901 0.2172
vn 0.5996 0.7893 0.1319
vn 0.5266 0.8454 0.0889
vn 0.7073 0.6827 0.1837
vn 0.3035 0.6364 -0.7092
vn 0.7446 0.6663 0.0384
vn 0.7463 0.6656 -0
vn 0.6174 0.7866 -0
vn 0.5123 0.8588 -0
vn 0.5126 0.8586 0.0087
vn 0.7447 0.6663 -0.0379
vn 0.617 0.7867 -0.0211
vn 0.2383 0.4997 -0.8328
vn 0.312 0.4645 -0.8288
vn 0.6053 0.4924 -0.6255
vn 0.5923 0.7368 -0.326
vn 0.6592 0.4667 -0.5896
vn 0.5126 0.8586 -0.0087
vn 0.7322 0.6718 -0.1124
vn 0.7213 0.6765 -0.1486
vn 0.6134 0.7872 -0.0639
vn 0.515 0.8567 -0.0276
vn 0.7073 0.6827 -0.1837
vn 0.6903 0.6901 -0.2172
vn 0.5996 0.7893 -0.1319
vn 0.6706 0.6988 -0.2491
vn 0.6472 0.7095 -0.2788
vn 0.6207 0.7226 -0.3044
vn 0.4894 0.5477 -0.6786
vn -0.0493 0.6368 -0.7694
vn 0.0586 0.7532 -0.6552
vn 0.1786 0.6959 -0.6955
vn 0.385 0.4297 -0.8168
vn 0.4565 0.3956 -0.7969
vn 0.0916 0.5695 0.8168
vn -0.0494 0.6368 0.7694
vn -0.2768 0.2984 0.9134
vn 0.5926 0.3306 -0.7345
vn 0.2408 0.6663 -0.7057
vn -0.1793 0.6988 -0.6924
vn -0.116 0.6686 -0.7345
vn 0.0018 0.7803 -0.6254
vn -0.3867 0.7977 -0.4627
vn -0.3428 0.7767 -0.5283
vn 0.0586 0.7532 0.6552
vn -0.481 0.8427 -0.2418
vn -0.5098 0.8564 -0.0817
vn -0.3335 0.9402 -0.0695
vn -0.309 0.9285 -0.2058
vn -0.4989 0.8513 0.1625
vn -0.4561 0.8309 0.3187
vn -0.2878 0.9184 0.2714
vn -0.3242 0.9358 0.1384
vn -0.2769 0.2984 -0.9134
vn -0.2385 0.7271 -0.6437
vn -0.2932 0.7531 -0.5889
vn -0.1025 0.8301 -0.5482
vn -0.1491 0.8523 -0.5014
vn -0.1913 0.8724 -0.4499
vn -0.4246 0.8158 -0.3926
vn -0.4561 0.8309 -0.3187
vn -0.8105 0.553 0.1929
vn -0.5098 0.8564 0.0817
vn -0.7893 0.5429 -0.287
vn -0.8234 0.5591 -0.0969
vn -0.5134 0.8582 -0
vn -0.3335 0.9402 0.0695
vn -0.5014 0.4056 0.7642
vn -0.1793 0.6988 0.6925
vn -0.2386 0.7271 0.6438
vn 0.9527 -0.288 -0.0969
vn 0.8988 -0.4273 -0.098
vn 0.7096 0.4427 -0.5482
vn -0.4246 0.8159 0.3926
vn -0.6773 0.4895 0.5493
vn -0.3428 0.7768 0.5283
vn -0.3867 0.7977 0.4627
vn -0.5663 0.4365 0.6991
vn -0.2932 0.7531 0.5889
vn -0.116 0.6687 0.7345
vn 0.0018 0.7803 0.6255
vn 0.385 0.4297 0.8168
vn 0.3119 0.4645 0.8288
vn 0.9398 -0.2819 0.1929
vn 0.9756 0.148 0.1625
vn 0.9328 0.1684 0.3187
vn 0.4565 0.3955 0.797
vn 0.5926 0.3306 0.7345
vn 0.6052 0.4924 0.6254
vn 0.1646 0.5348 0.8288
vn 0.0646 0.1356 0.9887
vn 0.2383 0.4996 0.8328
vn 0.2408 0.6663 0.7057
vn 0.4853 -0.0651 0.8719
vn 0.6559 0.3004 0.6925
vn 0.3035 0.6364 0.7092
vn 0.8066 -0.2183 0.5493
vn 0.8633 0.2015 0.4627
vn 0.8194 0.2225 0.5283
vn 0.9313 0.3369 0.1384
vn 0.7152 0.2722 0.6438
vn 0.7699 0.2461 0.5889
vn 0.7096 0.4427 0.5482
vn 0.7561 0.4204 0.5015
vn 0.9012 0.1835 0.3926
vn 0.9864 0.1428 -0.0816
vn 0.9576 0.1565 -0.2418
vn 0.9405 0.3325 -0.0695
vn 0.9864 0.1428 0.0816
vn 0.99 0.1411 -0
vn 0.9405 0.3325 0.0695
vn 0.8633 0.2015 -0.4627
vn 0.9012 0.1834 -0.3926
vn -0.8977 0.4296 -0.098
vn 0.9328 0.1684 -0.3187
vn 0.8357 0.3825 -0.394
vn 0.7545 -0.1934 -0.6272
vn 0.8194 0.2225 -0.5283
vn 0.7698 0.2461 -0.5889
vn 0.7561 0.4205 -0.5014
vn 0.4853 -0.0651 -0.8719
vn 0.6308 -0.1345 -0.7642
vn 0.7152 0.2722 -0.6438
vn 0.5604 -0.1009 -0.822
vn 0.6559 0.3004 -0.6925
vn -0.8847 0.4234 0.1951
vn 0.426 -0.2018 -0.8819
vn 0.2626 -0.1238 -0.9569
vn 0.4332 0.9013 -0.0003
vn 0.4536 0.8912 -0.0024
vn 0.4556 0.8902 -0.0071
vn 0.8858 -0.4211 0.1951
vn -0.3448 0.1659 -0.9239
vn 0.4455 0.8946 -0.0352
vn -0.8977 0.4296 0.098
vn 0.426 -0.2018 0.8819
vn -0.3449 0.1659 0.9239
vn 0.4542 0.8909 0.0047
vn 0.4543 0.8899 -0.0403
vn 0.4337 0.901 -0.0012
vn 0.4338 0.901 0.0011
vn 0.4334 0.9012 0.0005
vn 0.4331 0.9013 -0
vn 0.4332 0.9013 0.0002
vn 0.4535 0.8913 0.0022
vn 0.4314 0.9021 -0.0036
vn 0.4322 0.9018 -0.0043
vn 0.446 0.8943 0.0353
vn 0.4311 0.9023 0.0033
vn 0.4322 0.9018 0.0043
vn 0.4278 0.9039 -0.0003
vn 0.4299 0.9029 -0.0034
vn 0.4253 0.9046 -0.0291
vn 0.4192 0.9073 -0.0322
vn 0.4293 0.9031 -0.0038
vn 0.4029 0.9152 0.0116
vn 0.4065 0.9136 0.0047
vn 0.4299 0.9029 0.0034
vn 0.4255 0.9045 0.0289
vn 0.4293 0.9031 0.0038
vn 0.4273 0.9041 0.0011
vn 0.4277 0.9039 0.0005
vn 0.4072 0.9133 -0.0023
vn 0.4051 0.9143 -0.0071
vn 0.4192 0.9073 0.0322
vn 0.4143 0.9095 -0.0353
vn 0.4287 0.9034 -0.0043
vn 0.4279 0.9038 0.0002
vn 0.4287 0.9034 0.0043
vn 0.4143 0.9095 0.0353
vn 0.1822 0.893 0.4116
vn -0.2887 0.4464 0.847
vn -0.3617 0.4812 0.7985
vn 0.1467 0.9099 0.3881
vn 0.4075 0.9132 -0
vn 0.4072 0.9133 0.0022
vn 0.0887 -0.0417 -0.9952
vn 0.1761 -0.0838 -0.9808
vn 0.5016 -0.2389 -0.8315
vn 0.5729 -0.2725 -0.773
vn 0.6383 -0.3043 -0.7071
vn 0.7961 -0.3796 -0.4714
vn 0.834 -0.3974 -0.3827
vn 0.8639 -0.4116 -0.2903
vn 0.8853 -0.422 -0.1951
vn 0.8984 -0.4282 -0.098
vn 0.8984 -0.4281 0.098
vn 0.8855 -0.4217 0.1951
vn 0.7961 -0.3796 0.4714
vn 0.7505 -0.3579 0.5556
vn 0.6977 -0.3327 0.6344
vn 0.5728 -0.2728 0.773
vn 0.5222 -0.194 0.8304
vn 0.2622 -0.1246 0.9569
vn 0.1761 -0.0839 0.9808
vn 0.0884 -0.0423 0.9952
vn -0.0883 0.0426 0.9952
vn -0.1759 0.0844 0.9808
vn -0.4253 0.2034 0.8819
vn -0.5013 0.2395 -0.8315
vn -0.3452 0.1652 -0.9239
vn 0.405 0.8935 0.1943
vn 0.3395 0.818 0.4644
vn 0.2986 0.8374 0.4577
vn 0.3808 0.7982 0.4667
vn 0.2583 0.8567 0.4466
vn 0.2195 0.8752 0.4312
vn -0.2118 0.4098 0.8873
vn -0.1317 0.3716 0.919
vn -0.0491 0.3322 0.9419
vn 0.035 0.2921 0.9558
vn 0.1199 0.2515 0.9604
vn 0.6147 0.6866 0.3881
vn 0.6479 0.6708 0.3608
vn 0.6016 0.0218 0.7985
vn 0.422 0.7786 0.4645
vn 0.2049 0.211 0.9558
vn 0.4629 0.7591 0.4577
vn 0.503 0.74 0.4466
vn 0.3716 0.1315 0.9191
vn 0.542 0.7213 0.4312
vn 0.4517 0.0933 0.8873
vn 0.5793 0.7035 0.4116
vn 0.5286 0.0567 0.847
vn 0.6787 0.6562 0.3299
vn 0.7329 -0.0408 0.6791
vn 0.79 -0.068 0.6093
vn 0.7064 0.6429 0.296
vn 0.7309 0.6312 0.2594
vn 0.9495 -0.1441 -0.2788
vn 0.7839 0.606 -0.1354
vn 0.7699 0.6127 -0.1786
vn 0.9208 -0.1305 -0.3675
vn 0.7699 0.6126 0.1786
vn 0.7839 0.6059 0.1355
vn 0.7939 0.6012 0.091
vn 0.8 0.5983 0.0458
vn 0.802 0.5974 -0
vn 0.8 0.5983 -0.0457
vn 0.7939 0.6012 -0.091
vn 0.5419 0.7214 -0.4312
vn 0.5031 0.7399 -0.4466
vn 0.3716 0.1315 -0.919
vn 0.4517 0.0933 -0.8873
vn 0.9826 -0.1599 0.0941
vn 0.9868 -0.1619 -0
vn 0.9701 -0.1539 -0.1874
vn 0.9701 -0.154 0.1874
vn 0.9495 -0.144 0.2788
vn 0.9208 -0.1304 0.3675
vn 0.8844 -0.1131 0.4527
vn 0.9826 -0.1599 -0.0941
vn 0.7523 0.621 -0.22
vn 0.8845 -0.1131 -0.4527
vn 0.731 0.6312 -0.2592
vn 0.8407 -0.0921 -0.5336
vn 0.7064 0.6429 -0.296
vn 0.7901 -0.068 -0.6093
vn 0.6786 0.6561 -0.33
vn 0.733 -0.0408 -0.679
vn 0.648 0.6708 -0.3608
vn 0.6699 -0.0107 -0.7424
vn 0.6148 0.6866 -0.388
vn 0.6015 0.0218 -0.7986
vn 0.5792 0.7036 -0.4116
vn 0.5286 0.0566 -0.847
vn 0.4629 0.7591 -0.4577
vn 0.289 0.1708 -0.942
vn 0.4221 0.7785 -0.4644
vn 0.2049 0.211 -0.9558
vn -0.1316 0.3715 -0.9191
vn 0.2585 0.8566 -0.4466
vn 0.2195 0.8751 -0.4312
vn -0.2117 0.4097 -0.8873
vn 0.4897 0.8531 -0.1804
vn 0.001 0.7797 0.6261
vn 0.366 0.6057 0.7065
vn 0.3808 0.7983 -0.4667
vn 0.3394 0.8179 -0.4645
vn 0.2986 0.8375 -0.4577
vn -0.0084 0.9839 -0.1787
vn -0.0224 0.9905 -0.1355
vn -0.7095 0.6472 -0.2788
vn -0.0492 0.3322 -0.9419
vn 0.0351 0.2921 -0.9558
vn 0.1822 0.893 -0.4116
vn -0.2887 0.4465 -0.847
vn 0.1467 0.9099 -0.3881
vn -0.3617 0.4812 -0.7985
vn 0.1135 0.9257 -0.3608
vn -0.4299 0.5139 -0.7424
vn 0.0829 0.9403 -0.33
vn -0.4929 0.544 -0.6791
vn 0.0551 0.9536 -0.2961
vn -0.55 0.5712 -0.6093
vn 0.0305 0.9653 -0.2593
vn -0.6007 0.5953 -0.5336
vn 0.0093 0.9755 -0.22
vn -0.6445 0.6162 -0.4528
vn -0.0324 0.9953 -0.0911
vn -0.7302 0.657 -0.1874
vn -0.0384 0.9982 -0.0458
vn -0.7427 0.663 -0.0941
vn -0.7095 0.6472 0.2788
vn -0.0223 0.9905 0.1354
vn -0.0084 0.9839 0.1787
vn -0.6809 0.6335 0.3675
vn -0.0404 0.9992 -0
vn -0.0384 0.9982 0.0457
vn -0.0324 0.9953 0.091
vn -0.43 0.5138 0.7424
vn 0.1135 0.9257 0.3608
vn -0.7468 0.6651 -0
vn -0.7302 0.657 0.1874
vn -0.7427 0.663 0.0941
vn 0.0093 0.9755 0.22
vn -0.6445 0.6161 0.4527
vn 0.0305 0.9653 0.2592
vn -0.6007 0.5953 0.5336
vn 0.0551 0.9536 0.2961
vn -0.55 0.5711 0.6093
vn 0.0829 0.9404 0.3299
vn -0.493 0.5439 0.6791
vn 0.6591 0.4658 0.5904
vn 0.1646 0.5348 -0.8288
vn 0.2303 0.91 -0.3447
vn 0.391 0.9147 -0.1023
vn 0.3284 0.8643 0.3811
vn 0.3446 0.9387 -0.0087
vn 0.2241 0.9737 0.0424
vn 0.0613 0.9918 0.1124
vn 0.4547 0.885 0.1006
vn 0.3416 0.9394 0.0277
vn 0.3911 0.9146 0.1024
vn 0.465 0.7992 0.381
vn 0.7073 0.6827 0.1836
vn 0.7322 0.6717 0.1125
vn 0.6134 0.7872 0.0639
vn 0.515 0.8567 0.0277
vn 0.4761 0.8731 -0.1048
vn 0.617 0.7867 -0.0212
vn 0.6053 0.4924 -0.6254
vn 0.5922 0.7369 -0.3261
vn 0.1787 0.6959 -0.6955
vn 0.2388 0.0525 -0.9697
vn -0.1095 0.2186 0.9696
vn -0.0494 0.6369 0.7694
vn -0.1793 0.6988 -0.6925
vn -0.3428 0.7768 -0.5283
vn -0.481 0.8427 0.2418
vn -0.5098 0.8564 0.0816
vn 0.0585 0.7532 0.6552
vn -0.1025 0.8301 0.5482
vn 0.1521 0.0939 0.9839
vn 0.312 0.4645 0.8288
vn 0.6053 0.4924 0.6255
vn 0.0647 0.1356 0.9887
vn 0.5604 -0.101 0.822
vn 0.7545 -0.1934 0.6272
vn 0.9012 0.1834 0.3926
vn 0.9576 0.1565 0.2418
vn 0.916 0.3442 0.2059
vn 0.6307 -0.1345 0.7642
vn 0.7096 0.4426 0.5482
vn 0.9398 -0.282 0.1929
vn 0.9756 0.1479 0.1625
vn 0.6559 0.3004 -0.6924
vn -0.1756 0.0852 -0.9808
vn 0.4555 0.8902 -0.0074
vn 0.089 -0.041 -0.9952
vn 0.4555 0.8902 0.0076
vn 0.4607 0.8874 0.0163
vn -0.7955 0.3809 0.4714
vn 0.6983 -0.3316 0.6344
vn 0.0005 0.0011 1
vn 0.4458 0.8944 -0.0353
vn 0.4336 0.9011 0.0009
vn 0.4342 0.9008 0.0017
vn 0.4332 0.9013 0.0005
vn 0.4542 0.8909 0.0046
vn 0.446 0.8944 0.0353
vn 0.4314 0.9021 0.0036
vn 0.4254 0.9045 -0.029
vn 0.4195 0.9072 -0.0322
vn 0.4254 0.9045 0.029
vn 0.3998 0.9165 0.0161
vn 0.4051 0.9143 0.0076
vn 0.4071 0.9134 -0.0024
vn 0.4051 0.9142 -0.0077
vn 0.4275 0.904 0.0009
vn 0.4278 0.9039 0.0004
vn -0.3617 0.4811 0.7985
vn 0.4065 0.9136 0.0046
vn 0.5728 -0.2728 -0.773
vn 0.8638 -0.4118 -0.2903
vn 0.8854 -0.4219 0.1951
vn 0.864 -0.4115 0.2903
vn 0.6383 -0.3044 0.7071
vn 0.4257 -0.2026 0.8819
vn 0.3457 -0.1641 0.9239
vn -0.1545 0.1288 0.9796
vn -0.3451 0.1653 0.9239
vn -0.5013 0.2394 0.8315
vn -0.8338 0.398 -0.3827
vn -0.7957 0.3802 -0.4714
vn -0.5012 0.2396 -0.8315
vn -0.2619 0.1252 -0.9569
vn 0.3033 0.6356 -0.7099
vn 0.4282 0.5761 -0.6963
vn 0.3878 0.9016 0.1915
vn 0.2986 0.8375 0.4577
vn 0.3808 0.7983 0.4666
vn 0.2583 0.8567 0.4465
vn 0.371 0.9096 0.1868
vn 0.035 0.292 0.9558
vn 0.1199 0.2514 0.9604
vn 0.6147 0.6867 0.388
vn 0.648 0.6708 0.3608
vn 0.6699 -0.0108 0.7424
vn 0.6016 0.0217 0.7985
vn 0.422 0.7786 0.4644
vn 0.2049 0.2109 0.9558
vn 0.4629 0.7591 0.4576
vn 0.289 0.1708 0.942
vn 0.503 0.74 0.4465
vn 0.5419 0.7214 0.4312
vn 0.5793 0.7036 0.4115
vn 0.5286 0.0566 0.847
vn 0.6786 0.6562 0.3299
vn 0.7329 -0.0409 0.6791
vn 0.79 -0.0681 0.6093
vn 0.7063 0.643 0.2961
vn 0.7309 0.6312 0.2593
vn 0.8407 -0.0922 0.5336
vn 0.7838 0.606 -0.1354
vn 0.9208 -0.1306 -0.3675
vn 0.0011 0.7797 -0.6261
vn -0.1033 0.8296 -0.5488
vn 0.7699 0.6127 0.1786
vn 0.7523 0.6211 0.22
vn 0.7839 0.606 0.1355
vn 0.7999 0.5983 0.0458
vn 0.5976 0.8016 0.0192
vn 0.8019 0.5974 -0
vn 0.5984 0.8012 -0
vn 0.2395 0.9707 0.0199
vn 0.5419 0.7214 -0.4311
vn 0.5031 0.7399 -0.4465
vn 0.9701 -0.154 -0.1874
vn 0.9495 -0.1441 0.2788
vn 0.9826 -0.16 -0.0941
vn 0.7523 0.6211 -0.22
vn 0.8844 -0.1132 -0.4527
vn 0.731 0.6313 -0.2592
vn 0.8407 -0.0922 -0.5336
vn 0.79 -0.068 -0.6093
vn 0.6786 0.6562 -0.3301
vn 0.733 -0.0408 -0.6791
vn 0.648 0.6708 -0.3607
vn 0.6699 -0.0108 -0.7424
vn 0.6148 0.6867 -0.388
vn 0.5793 0.7035 -0.4116
vn 0.463 0.7591 -0.4576
vn 0.4222 0.7786 -0.4643
vn 0.2585 0.8566 -0.4465
vn 0.2196 0.8751 -0.4312
vn 0.4395 0.877 -0.1943
vn 0.3808 0.7983 -0.4666
vn 0.3394 0.818 -0.4644
vn 0.2986 0.8375 -0.4576
vn -0.0084 0.9839 -0.1786
vn -0.0223 0.9905 -0.1355
vn -0.6809 0.6335 -0.3675
vn 0.12 0.2515 -0.9604
vn 0.035 0.292 -0.9558
vn -0.2887 0.4464 -0.847
vn 0.1467 0.9099 -0.388
vn 0.1135 0.9257 -0.3607
vn -0.4299 0.5138 -0.7424
vn 0.083 0.9403 -0.33
vn -0.4929 0.5439 -0.6791
vn -0.55 0.5711 -0.6093
vn 0.0306 0.9653 -0.2592
vn -0.6008 0.5952 -0.5336
vn -0.6445 0.6161 -0.4528
vn -0.0324 0.9953 -0.091
vn -0.0084 0.9839 0.1786
vn 0.5509 0.8221 0.1433
vn -0.0323 0.9953 0.091
vn 0.1135 0.9257 0.3607
vn -0.7468 0.665 -0
vn 0.0305 0.9654 0.2591
vn -0.6008 0.5953 0.5336
vn 0.0551 0.9536 0.296
vn -0.5501 0.5711 0.6093
vn 0.083 0.9404 0.3299
vn 0.2976 0.9446 0.1381
vn 0.583 0.8069 -0.0956
vn 0.4282 0.576 0.6963
vn -0.2297 0.8898 0.3944
vn -0.3376 0.9413 -0.0001
vn 0.4226 0.9063 -0
vn 0.4513 0.8821 -0.1353
vn 0.4268 0.8942 -0.1353
vn 0.4819 0.8678 -0.1213
vn 0.5082 0.8555 -0.099
vn 0.5284 0.8461 -0.07
vn 0.5411 0.8402 -0.0362
vn 0.5413 0.8408 -0.0089
vn 0.5413 0.8408 0.0089
vn 0.5411 0.8402 0.0362
vn 0.5284 0.8461 0.07
vn 0.5082 0.8555 0.099
vn 0.4819 0.8678 0.1213
vn 0.4268 0.8942 0.1353
vn 0.4513 0.8821 0.1353
vn 0.4107 0.9017 -0.1353
vn 0.4107 0.9017 0.1353
vn 0.3856 0.9127 -0.1353
vn 0.355 0.927 -0.1213
vn 0.3287 0.9392 -0.099
vn 0.3085 0.9486 -0.07
vn 0.2959 0.9545 -0.0362
vn 0.2961 0.9551 -0.0089
vn 0.2961 0.9551 0.0089
vn 0.2959 0.9545 0.0362
vn 0.3085 0.9486 0.07
vn 0.3287 0.9392 0.099
vn 0.355 0.927 0.1213
vn 0.3856 0.9127 0.1353
vn 0.8362 -0.533 0.1296
vn 0.7302 -0.4746 0.4915
vn 0.5128 -0.7327 0.4474
vn 0.5738 -0.81 0.1216
vn 0.3941 -0.3179 0.8623
vn 0.2164 -0.5945 0.7744
vn 0.0627 -0.1723 0.9831
vn -0.0976 -0.4969 0.8623
vn -0.2542 -0.8329 0.4916
vn 0.0781 -0.8909 0.4473
vn -0.298 -0.9457 0.1296
vn 0.0811 -0.9893 0.1216
vn 0.9457 -0.298 0.1296
vn 0.9893 0.0811 0.1216
vn 0.8909 0.0781 0.4474
vn 0.8329 -0.2543 0.4915
vn 0.81 0.5738 0.1216
vn 0.7327 0.5128 0.4474
vn 0.5329 0.8362 0.1296
vn 0.4746 0.7301 0.4916
vn 0.3179 0.3941 0.8623
vn 0.5945 0.2164 0.7744
vn 0.1722 0.0627 0.9831
vn 0.4969 -0.0976 0.8623
vn -0.9457 0.298 0.1296
vn -0.9893 -0.0811 0.1216
vn -0.8909 -0.0781 0.4474
vn -0.8329 0.2543 0.4915
vn -0.81 -0.5738 0.1216
vn -0.7327 -0.5128 0.4473
vn -0.5329 -0.8362 0.1296
vn -0.4746 -0.7301 0.4916
vn -0.3179 -0.3941 0.8623
vn -0.5945 -0.2164 0.7744
vn -0.1722 -0.0627 0.9831
vn -0.4969 0.0976 0.8623
vn -0.8362 0.533 0.1296
vn -0.7302 0.4746 0.4915
vn -0.5128 0.7327 0.4474
vn -0.5738 0.81 0.1216
vn -0.3941 0.3179 0.8623
vn -0.2164 0.5945 0.7744
vn -0.0627 0.1723 0.9831
vn 0.0976 0.4969 0.8623
vn 0.2542 0.8329 0.4916
vn -0.0781 0.8909 0.4473
vn 0.298 0.9457 0.1296
vn -0.0811 0.9893 0.1216
vn 0.8362 -0.533 -0.1296
vn 0.5738 -0.81 -0.1216
vn 0.5128 -0.7327 -0.4474
vn 0.7302 -0.4746 -0.4915
vn 0.0811 -0.9893 -0.1216
vn 0.0781 -0.8909 -0.4473
vn -0.298 -0.9457 -0.1296
vn -0.2542 -0.8329 -0.4916
vn -0.0976 -0.4969 -0.8623
vn 0.2164 -0.5945 -0.7744
vn 0.0627 -0.1723 -0.9831
vn 0.3941 -0.3179 -0.8623
vn 0.9457 -0.298 -0.1296
vn 0.8329 -0.2543 -0.4915
vn 0.8909 0.0781 -0.4474
vn 0.9893 0.0811 -0.1216
vn 0.4969 -0.0976 -0.8623
vn 0.5945 0.2164 -0.7744
vn 0.1722 0.0627 -0.9831
vn 0.3179 0.3941 -0.8623
vn 0.4746 0.7301 -0.4916
vn 0.7327 0.5128 -0.4473
vn 0.5329 0.8362 -0.1296
vn 0.81 0.5738 -0.1216
vn -0.9457 0.298 -0.1296
vn -0.8329 0.2543 -0.4915
vn -0.8909 -0.0781 -0.4474
vn -0.9893 -0.0811 -0.1216
vn -0.4969 0.0976 -0.8623
vn -0.5945 -0.2164 -0.7744
vn -0.1722 -0.0627 -0.9831
vn -0.3179 -0.3941 -0.8623
vn -0.4746 -0.7301 -0.4916
vn -0.7327 -0.5128 -0.4473
vn -0.5329 -0.8362 -0.1296
vn -0.81 -0.5738 -0.1216
vn -0.8362 0.533 -0.1296
vn -0.5738 0.81 -0.1216
vn -0.5128 0.7327 -0.4474
vn -0.7302 0.4746 -0.4915
vn -0.0811 0.9893 -0.1216
vn -0.0781 0.8909 -0.4474
vn 0.298 0.9457 -0.1296
vn 0.2542 0.8329 -0.4916
vn 0.0976 0.4969 -0.8623
vn -0.2164 0.5945 -0.7744
vn -0.0627 0.1723 -0.9831
vn -0.3941 0.3179 -0.8623
vn -0.419 -0.8986 0.1305
vn -0.366 -0.7849 0.5
vn -0.2113 -0.4531 0.866
vn -0.0551 -0.1182 0.9915
vn 0.419 0.8986 0.1305
vn 0.366 0.7849 0.5
vn 0.2113 0.4531 0.866
vn 0.0551 0.1182 0.9915
vn 0.5373 0.8434 -0
vn 0.8191 0.5736 -0
vn 0.9962 0.0871 -0
vn 0.9537 -0.3008 -0
vn -0.3007 -0.9537 -0
vn 0.0872 -0.9962 -0
vn 0.5736 -0.8192 -0
vn 0.8434 -0.5373 -0
vn 0.0552 0.1183 0.9914
vn 0.2113 0.4532 0.866
vn -0.0552 -0.1183 0.9914
vn 0.8192 0.5736 -0
vn 0.9962 0.0872 -0
vn 0.9537 -0.3007 -0
vn -0.8507 0.5222 -0.0611
vn -0.8145 0.5229 -0.2513
vn -0.5458 0.809 -0.2182
vn -0.6134 0.7879 -0.0538
vn -0.0554 0.9898 -0.131
vn -0.3965 0.9156 -0.0662
vn 0.1296 0.9915 -0.0111
vn 0.317 0.9478 -0.0358
vn 0.293 0.956 -0.0137
vn -0.7178 0.4919 -0.4927
vn -0.437 0.7952 -0.4203
vn 0.0182 0.9727 -0.2312
vn 0.3342 0.9408 -0.0574
vn -0.5721 0.4283 -0.6994
vn -0.4931 0.5457 -0.6775
vn -0.1135 0.8743 -0.4719
vn 0.0899 0.9441 -0.3173
vn 0.3507 0.9334 -0.0765
vn -0.3863 0.3365 -0.8588
vn -0.1553 0.662 -0.7332
vn 0.1649 0.9036 -0.3954
vn 0.3675 0.9252 -0.0946
vn -0.1735 0.2223 -0.9594
vn 0.0124 0.5442 -0.8389
vn 0.2485 0.8458 -0.4721
vn 0.3867 0.9151 -0.1143
vn -0.0079 0.1276 -0.9918
vn 0.1415 0.4312 -0.8911
vn 0.2173 0.6238 -0.7507
vn 0.3921 0.8678 -0.3052
vn 0.4058 0.9031 -0.1401
vn 0.3341 0.795 -0.5062
vn 0.2424 0.8341 -0.4955
vn 0.1582 0.4736 -0.8664
vn 0.0046 0.5425 -0.84
vn -0.0038 0.1453 -0.9894
vn -0.1776 0.2264 -0.9577
vn 0.1303 0.8864 -0.4443
vn -0.1855 0.6312 -0.7532
vn -0.3943 0.3275 -0.8587
vn 0.034 0.9313 -0.3628
vn -0.3487 0.7073 -0.6149
vn -0.5804 0.4143 -0.7011
vn -0.0399 0.9657 -0.2565
vn -0.474 0.7657 -0.4348
vn -0.7232 0.4809 -0.4957
vn -0.0864 0.9874 -0.1328
vn -0.5527 0.8024 -0.2251
vn -0.813 0.5227 -0.2566
vn -0.0946 0.995 -0.0332
vn -0.5756 0.8158 -0.0568
vn -0.8417 0.536 -0.0648
vn -0.0946 0.995 0.0332
vn -0.5756 0.8158 0.0568
vn -0.8417 0.536 0.0648
vn 0.3943 0.767 -0.5062
vn 0.2611 0.4256 -0.8664
vn 0.1138 0.0905 -0.9894
vn -0.3008 -0.9537 -0
vn 0.0871 -0.9962 -0
vn 0.5736 -0.8191 -0
vn -0.8434 0.5373 -0
vn -0.5736 0.8191 -0
vn -0.0871 0.9962 -0
vn 0.3008 0.9537 -0
vn -0.9537 0.3007 -0
vn -0.9962 -0.0872 -0
vn -0.8192 -0.5736 -0
vn -0.5373 -0.8434 -0
vn -0.5736 0.8192 -0
vn -0.0872 0.9962 -0
vn 0.3007 0.9537 -0
vn 0.544 0.839 -0.0137
vn 0.5223 0.852 -0.0358
vn 0.7939 0.5938 -0.131
vn 0.6763 0.7366 -0.0111
vn 0.9563 0.2848 -0.0662
vn 0.9706 0.1019 -0.2182
vn 0.9979 0.0366 -0.0538
vn 0.9241 -0.2879 -0.2513
vn 0.9468 -0.316 -0.0611
vn 0.5058 0.8607 -0.0574
vn 0.7335 0.6392 -0.2312
vn 0.8901 0.1764 -0.4203
vn 0.8382 -0.2337 -0.4927
vn 0.4896 0.8686 -0.0765
vn 0.6654 0.6757 -0.3173
vn 0.7427 0.475 -0.4719
vn 0.735 -0.0269 -0.6775
vn 0.6959 -0.163 -0.6994
vn 0.4725 0.8762 -0.0946
vn 0.5862 0.7072 -0.3954
vn 0.6069 0.3066 -0.7332
vn 0.5061 -0.0796 -0.8588
vn 0.4525 0.8844 -0.1143
vn 0.4882 0.734 -0.4721
vn 0.4089 0.3593 -0.8389
vn 0.2819 0.01 -0.9594
vn 0.431 0.8914 -0.1402
vn 0.4127 0.8582 -0.3052
vn 0.3382 0.5675 -0.7507
vn 0.2394 0.3856 -0.8911
vn 0.1028 0.0759 -0.9918
vn 0.2876 0.0095 -0.9577
vn 0.4126 0.3522 -0.84
vn 0.4831 0.7218 -0.4955
vn 0.5043 -0.0915 -0.8587
vn 0.6027 0.2636 -0.7532
vn 0.5952 0.6695 -0.4443
vn 0.6904 -0.1783 -0.7011
vn 0.766 0.1875 -0.6149
vn 0.6915 0.6246 -0.3628
vn 0.8332 -0.2449 -0.4957
vn 0.8912 0.1291 -0.4348
vn 0.7654 0.5902 -0.2565
vn 0.923 -0.2867 -0.2566
vn 0.97 0.0924 -0.2251
vn 0.8119 0.5685 -0.1328
vn 0.9517 -0.3002 -0.0648
vn 0.9949 0.0834 -0.0568
vn 0.823 0.5671 -0.0332
vn 0.9517 -0.3002 0.0648
vn 0.9949 0.0834 0.0568
vn 0.823 0.5671 0.0332
vn -0.9537 0.3008 -0
vn -0.9962 -0.0871 -0
vn -0.8191 -0.5736 -0
vn -0.0551 -0.1182 -0.9915
vn -0.2113 -0.4531 -0.866
vn -0.366 -0.7849 -0.5
vn -0.419 -0.8986 -0.1305
vn 0.0551 0.1182 -0.9915
vn 0.2113 0.4531 -0.866
vn 0.366 0.7849 -0.5
vn 0.419 0.8986 -0.1305
vn 0.2113 0.4532 -0.866
vn 0.0552 0.1183 -0.9914
vn -0.0552 -0.1183 -0.9914
vn 0.293 0.956 0.0137
vn 0.317 0.9478 0.0358
vn -0.0554 0.9898 0.131
vn 0.1295 0.9915 0.0111
vn -0.3965 0.9156 0.0662
vn -0.5458 0.809 0.2182
vn -0.6134 0.7879 0.0538
vn -0.8145 0.5229 0.2513
vn -0.8507 0.5222 0.0611
vn 0.3342 0.9408 0.0574
vn 0.0182 0.9727 0.2312
vn -0.437 0.7952 0.4203
vn -0.7178 0.4919 0.4927
vn 0.3507 0.9334 0.0765
vn 0.0899 0.9441 0.3173
vn -0.1135 0.8743 0.4719
vn -0.4931 0.5457 0.6775
vn -0.5721 0.4283 0.6994
vn 0.3675 0.9252 0.0946
vn 0.1649 0.9036 0.3954
vn -0.1553 0.662 0.7332
vn -0.3863 0.3365 0.8588
vn 0.3867 0.9151 0.1143
vn 0.2485 0.8458 0.4721
vn 0.0124 0.5442 0.8389
vn -0.1735 0.2223 0.9594
vn 0.4058 0.9031 0.1402
vn 0.3921 0.8678 0.3052
vn 0.2173 0.6238 0.7507
vn 0.1415 0.4312 0.8911
vn -0.0079 0.1276 0.9918
vn -0.1776 0.2264 0.9577
vn -0.0038 0.1453 0.9894
vn 0.1582 0.4736 0.8664
vn 0.0046 0.5425 0.84
vn 0.3341 0.795 0.5062
vn 0.2424 0.8341 0.4955
vn -0.3943 0.3275 0.8587
vn -0.1855 0.6312 0.7532
vn 0.1303 0.8864 0.4443
vn -0.5804 0.4143 0.7011
vn -0.3487 0.7073 0.6149
vn 0.034 0.9313 0.3628
vn -0.7232 0.4809 0.4957
vn -0.474 0.7657 0.4348
vn -0.0399 0.9657 0.2565
vn -0.813 0.5227 0.2566
vn -0.5527 0.8024 0.2251
vn -0.0864 0.9874 0.1328
vn 0.1138 0.0905 0.9894
vn 0.2611 0.4256 0.8664
vn 0.3943 0.767 0.5062
vn 0.9468 -0.316 0.0611
vn 0.9241 -0.2879 0.2513
vn 0.9706 0.1019 0.2182
vn 0.9979 0.0366 0.0538
vn 0.7939 0.5938 0.131
vn 0.9563 0.2848 0.0662
vn 0.6763 0.7366 0.0111
vn 0.5223 0.852 0.0358
vn 0.544 0.839 0.0137
vn 0.8382 -0.2337 0.4927
vn 0.8901 0.1764 0.4203
vn 0.7335 0.6392 0.2312
vn 0.5058 0.8607 0.0574
vn 0.6959 -0.163 0.6994
vn 0.735 -0.0269 0.6775
vn 0.7427 0.475 0.4719
vn 0.6654 0.6757 0.3173
vn 0.4896 0.8686 0.0765
vn 0.5061 -0.0796 0.8588
vn 0.6069 0.3066 0.7332
vn 0.5862 0.7072 0.3954
vn 0.4725 0.8762 0.0946
vn 0.2819 0.01 0.9594
vn 0.4089 0.3593 0.8389
vn 0.4882 0.734 0.4721
vn 0.4525 0.8844 0.1143
vn 0.1028 0.0759 0.9918
vn 0.2394 0.3856 0.8911
vn 0.3382 0.5675 0.7507
vn 0.4127 0.8582 0.3052
vn 0.431 0.8914 0.1401
vn 0.4831 0.7218 0.4955
vn 0.4126 0.3522 0.84
vn 0.2876 0.0095 0.9577
vn 0.5952 0.6695 0.4443
vn 0.6027 0.2636 0.7532
vn 0.5043 -0.0915 0.8587
vn 0.6915 0.6246 0.3628
vn 0.766 0.1875 0.6149
vn 0.6904 -0.1783 0.7011
vn 0.7654 0.5902 0.2565
vn 0.8912 0.1291 0.4348
vn 0.8332 -0.2449 0.4957
vn 0.8119 0.5685 0.1328
vn 0.9699 0.0924 0.2251
vn 0.923 -0.2867 0.2566
vn -0.4226 -0.9063 -0
vn -0.6311 -0 0.7757
vn -0.7787 -0 0.6274
vn 0.7871 0.0003 0.6169
vn -0.6313 0.0026 0.7755
vn -0.7787 0.0001 0.6274
vn 0.7654 -0.2427 0.596
vn -0.7794 -0.0001 0.6265
vn -0.6559 -0.0024 0.7548
vn 0.7672 0.2131 0.605
vn 0.04 0.0089 0.9992
vn 0.03 -0 0.9995
vn 0.0333 -0.0105 0.9994
vn -0.6311 -0 -0.7757
vn -0.7787 -0 -0.6274
vn 0.7871 0.0003 -0.6169
vn -0.6313 0.0026 -0.7755
vn -0.7787 0.0001 -0.6274
vn 0.7654 -0.2427 -0.596
vn -0.7794 -0.0001 -0.6265
vn -0.6559 -0.0024 -0.7548
vn 0.7672 0.2131 -0.605
vn 1 0.0004 -0.0082
vn 0.9527 -0.3038 -0.0078
vn -1 -0 -0.0083
vn 0.963 0.2695 -0.0081
vn 0.04 0.009 -0.9992
vn 0.03 -0 -0.9995
vn 0.0333 -0.0105 -0.9994
vn -0.7092 -0 0.705
vn 0.6752 0.0002 0.7376
vn 0.733 0.0003 0.6802
vn 0.997 0.0004 0.0773
vn 0.9609 0.0004 0.277
vn 0.872 0.0003 0.4895
vn -0.0553 -0 0.9985
vn -0.2352 -0 0.9719
vn -0.4726 -0 0.8813
vn 0.9509 -0.3007 0.0731
vn 0.9206 -0.2893 0.2621
vn 0.8428 -0.2663 0.4677
vn -0.0547 0.0015 0.9985
vn -0.2349 0.0037 0.972
vn -0.4728 0.0041 0.8812
vn 0.7157 -0.2256 0.661
vn 0.6635 -0.2059 0.7192
vn -0.7092 0.0009 0.705
vn -0.6311 0.0003 0.7757
vn -0.6312 -0.0006 0.7756
vn 0.787 -0.0394 0.6157
vn -0.997 -0 0.0774
vn -0.9608 -0 0.2772
vn -0.8719 -0 0.4896
vn 0.6748 0.1824 0.7151
vn 0.7192 0.1981 0.666
vn -0.7153 -0.0008 0.6988
vn 0.2165 0.0519 0.9749
vn 0.449 0.1146 0.8861
vn 0.5946 0.1565 0.7886
vn 0.8447 0.2363 0.4802
vn 0.9265 0.2607 0.2712
vn 0.9599 0.2699 0.0753
vn -0.5314 -0.0042 0.8471
vn -0.3 -0.0043 0.9539
vn -0.0799 -0.0019 0.9968
vn -0.001 -0.0001 1
vn 0.5656 0.0002 0.8247
vn 0.3898 0.0001 0.9209
vn 0.1751 -0 0.9845
vn 0.5639 -0.1721 0.8077
vn 0.3971 -0.1206 0.9098
vn 0.1873 -0.0583 0.9806
vn 0.0306 -0.001 0.9995
vn 0.7864 0.0632 0.6145
vn 0.0311 0.0021 0.9995
vn -0.7794 -0 0.6265
vn -0.6561 0.0007 0.7547
vn -0.6561 -0.0003 0.7547
vn 0.786 0.0361 0.6172
vn 0.784 -0.0716 0.6166
vn 0.0433 0.0015 0.9991
vn 0.0424 -0.003 0.9991
vn 0.0344 -0.0195 0.9992
vn 0.04 -0.0118 0.9991
vn 0.0401 -0.0216 0.999
vn -0.6495 0.0053 0.7603
vn -0.6558 0.0032 0.7549
vn -0.6375 0.0051 0.7705
vn 0.7133 -0.4228 0.5589
vn 0.7126 -0.4234 0.5594
vn 0.7553 -0.2738 0.5954
vn -0.7789 0.0002 0.6272
vn -0.7794 0.0001 0.6265
vn -0.7792 0.0002 0.6267
vn -0.7792 -0.0002 0.6267
vn -0.6314 -0.0029 0.7755
vn -0.6375 -0.0051 0.7704
vn -0.7789 -0.0002 0.6272
vn -0.7787 -0.0001 0.6274
vn -0.6496 -0.0049 0.7603
vn 0.721 0.399 0.5665
vn 0.0394 0.0191 0.999
vn 0.7615 0.2608 0.5935
vn 0.715 0.4186 0.56
vn 0.0344 0.0194 0.9992
vn 0.0329 0.0112 0.9994
vn -0.0006 -0 1
vn -0.0006 0.0001 1
vn -0.7092 -0 -0.705
vn 0.6752 0.0002 -0.7376
vn 0.733 0.0003 -0.6802
vn 0.9963 0.0004 -0.0854
vn 0.9609 0.0004 -0.277
vn 0.872 0.0003 -0.4895
vn -0.0553 -0 -0.9985
vn -0.2352 -0 -0.9719
vn -0.4726 -0 -0.8813
vn 0.9503 -0.3007 -0.0808
vn 0.9206 -0.2893 -0.2621
vn 0.8428 -0.2663 -0.4677
vn -0.0547 0.0015 -0.9985
vn -0.2349 0.0037 -0.972
vn -0.4728 0.0041 -0.8812
vn 0.7157 -0.2256 -0.661
vn 0.6635 -0.2059 -0.7192
vn -0.7092 0.0009 -0.705
vn -0.6311 0.0003 -0.7757
vn -0.6312 -0.0006 -0.7756
vn 0.787 -0.0394 -0.6157
vn -0.9963 -0 -0.0856
vn -0.9608 -0 -0.2772
vn -0.8719 -0 -0.4896
vn 0.6748 0.1824 -0.7151
vn 0.7192 0.1981 -0.6659
vn -0.7153 -0.0008 -0.6988
vn 0.2165 0.0519 -0.9749
vn 0.449 0.1145 -0.8861
vn 0.5946 0.1565 -0.7886
vn 0.8447 0.2363 -0.4802
vn 0.9265 0.2607 -0.2712
vn 0.9594 0.2695 -0.0833
vn 0.9985 -0.0535 -0.0081
vn -0.5314 -0.0042 -0.8471
vn -0.3 -0.0043 -0.9539
vn -0.0799 -0.0019 -0.9968
vn -0.001 -0.0002 -1
vn 0.5656 0.0002 -0.8247
vn 0.3898 0.0001 -0.9209
vn 0.1751 -0 -0.9845
vn 0.5639 -0.1721 -0.8077
vn 0.3971 -0.1206 -0.9098
vn 0.1873 -0.0584 -0.9806
vn 0.0306 -0.0011 -0.9995
vn 0.7864 0.0632 -0.6145
vn 0.9965 0.0833 -0.0081
vn 0.0311 0.0021 -0.9995
vn -0.7794 -0 -0.6265
vn -0.6561 0.0007 -0.7547
vn -0.6561 -0.0003 -0.7547
vn 0.786 0.0361 -0.6172
vn 0.9988 0.0487 -0.0084
vn 0.784 -0.0716 -0.6166
vn 0.9955 -0.0944 -0.0084
vn 0.0433 0.0015 -0.9991
vn 0.0424 -0.003 -0.9991
vn 0.0344 -0.0195 -0.9992
vn 0.04 -0.0118 -0.9991
vn 0.0401 -0.0216 -0.999
vn -0.6495 0.0053 -0.7603
vn -0.6559 0.0032 -0.7549
vn -0.6375 0.0051 -0.7705
vn 0.8595 -0.511 -0.0072
vn 0.9396 -0.3421 -0.0079
vn 0.8597 -0.5108 -0.0071
vn 0.7133 -0.4228 -0.5589
vn 0.7126 -0.4234 -0.5594
vn 0.7553 -0.2738 -0.5954
vn -0.7789 0.0002 -0.6272
vn -0.7794 0.0001 -0.6265
vn -0.7792 0.0002 -0.6267
vn -0.7792 -0.0002 -0.6267
vn -0.6314 -0.0029 -0.7755
vn -0.6375 -0.0051 -0.7704
vn -0.7789 -0.0002 -0.6272
vn -0.7787 -0.0001 -0.6274
vn -0.6496 -0.0049 -0.7603
vn 0.721 0.399 -0.5665
vn 0.0394 0.0191 -0.999
vn 0.7615 0.2608 -0.5935
vn 0.715 0.4186 -0.56
vn 0.0344 0.0194 -0.9992
vn 0.0329 0.0112 -0.9994
vn 0.8747 0.4847 -0.0073
vn 0.9454 0.3257 -0.0076
vn 0.8627 0.5057 -0.0071
vn -0.0006 -0 -1
vn -0.0006 0.0001 -1
vn -0.7092 -0.0002 0.705
vn -0.0551 -0.0003 0.9985
vn -0.2351 -0.0008 0.972
vn -0.4726 -0.0009 0.8813
vn 0.9936 0.0825 0.0766
vn 0.9584 0.0787 0.2744
vn 0.871 0.0709 0.4862
vn 0.6756 -0.0303 0.7366
vn 0.733 -0.0353 0.6793
vn 0.5677 0.0411 0.8222
vn 0.3933 0.0275 0.919
vn 0.1793 0.0123 0.9837
vn -0.0552 0.0002 0.9985
vn -0.2352 0.0004 0.972
vn -0.4726 0.0005 0.8813
vn -0.7092 0.0001 0.705
vn 0.9956 -0.0529 0.0769
vn 0.96 -0.0502 0.2756
vn 0.8719 -0.0447 0.4877
vn -0.8719 0.0001 0.4896
vn -0.9608 0.0001 0.2772
vn -0.997 0.0001 0.0774
vn 0.5669 -0.0236 0.8235
vn 0.3918 -0.0153 0.9199
vn 0.1774 -0.0066 0.9841
vn 0.6755 0.0512 0.7355
vn 0.7325 0.0577 0.6783
vn -0.7153 0.0002 0.6988
vn -0.7154 -0.0001 0.6988
vn 0.8704 0.0408 0.4907
vn 0.9594 0.0459 0.2782
vn 0.9958 0.0483 0.0777
vn 0.7328 -0.0655 0.6773
vn 0.6861 -0.059 0.7251
vn 0.8676 -0.0805 0.4906
vn 0.9563 -0.0899 0.2783
vn 0.9925 -0.094 0.0776
vn 0.7344 0.0326 0.678
vn 0.6875 0.0289 0.7256
vn 0.2276 0.0081 0.9737
vn 0.4588 0.017 0.8884
vn 0.6057 0.0238 0.7954
vn 0.2244 -0.0168 0.9743
vn 0.4566 -0.0358 0.889
vn 0.6039 -0.0495 0.7955
vn -0.5317 0.0012 0.847
vn -0.3001 0.0012 0.9539
vn -0.0796 0.0006 0.9968
vn -0.5317 -0.0005 0.8469
vn -0.3 -0.0005 0.9539
vn -0.0795 -0.0002 0.9968
vn -0.001 -0 1
vn 0.5611 -0.3246 0.7614
vn 0.4247 -0.2408 0.8727
vn 0.211 -0.1167 0.9705
vn 0.5894 -0.2039 0.7817
vn 0.4468 -0.1502 0.8819
vn 0.2163 -0.0685 0.9739
vn 0.5459 -0.3155 0.7762
vn 0.3965 -0.2264 0.8897
vn 0.1896 -0.1081 0.9759
vn -0.0718 0.0038 0.9974
vn -0.2811 0.0089 0.9596
vn -0.5155 0.0091 0.8568
vn -0.0798 0.0025 0.9968
vn -0.2998 0.0057 0.954
vn -0.5311 0.0055 0.8473
vn -0.0601 0.0032 0.9982
vn -0.2496 0.0078 0.9683
vn -0.4869 0.0084 0.8734
vn 0.8581 -0.5091 0.0665
vn 0.835 -0.4947 0.2411
vn 0.7746 -0.4591 0.4351
vn 0.8574 -0.5104 0.0667
vn 0.8337 -0.4965 0.2418
vn 0.7734 -0.4601 0.4361
vn 0.9366 -0.3427 0.0734
vn 0.9054 -0.3318 0.2648
vn 0.8289 -0.3022 0.4708
vn 0.6304 -0.3694 0.6828
vn 0.673 -0.3979 0.6235
vn 0.6669 -0.2363 0.7067
vn 0.7095 -0.2554 0.6568
vn 0.6346 -0.3731 0.6768
vn 0.6732 -0.3991 0.6225
vn -0.7138 0.0018 0.7004
vn -0.7153 0.001 0.6988
vn -0.7108 0.0017 0.7034
vn -0.7108 -0.0017 0.7034
vn -0.7092 -0.001 0.705
vn -0.7138 -0.0016 0.7004
vn -0.0601 -0.0032 0.9982
vn -0.2497 -0.0078 0.9683
vn -0.487 -0.0084 0.8734
vn -0.0549 -0.0016 0.9985
vn -0.2352 -0.0041 0.9719
vn -0.473 -0.0046 0.8811
vn -0.0721 -0.0035 0.9974
vn -0.2814 -0.0082 0.9596
vn -0.5157 -0.0084 0.8568
vn 0.6405 0.3498 0.6837
vn 0.6803 0.3753 0.6295
vn 0.5648 0.3027 0.7677
vn 0.4255 0.2224 0.8772
vn 0.2091 0.1054 0.9722
vn 0.6608 0.2225 0.7168
vn 0.7124 0.243 0.6583
vn 0.6313 0.3664 0.6835
vn 0.6743 0.3942 0.6245
vn 0.5465 0.3133 0.7767
vn 0.397 0.2251 0.8898
vn 0.1899 0.1076 0.9759
vn 0.5616 0.1863 0.8062
vn 0.3954 0.1303 0.9092
vn 0.1855 0.0624 0.9807
vn 0.8722 0.4845 0.068
vn 0.8471 0.4709 0.2462
vn 0.7841 0.4349 0.4428
vn 0.8612 0.5039 0.0667
vn 0.8378 0.4896 0.2418
vn 0.7768 0.4543 0.4361
vn 0.9437 0.3228 0.0725
vn 0.914 0.3108 0.2607
vn 0.8375 0.2859 0.4656
vn -0.0008 -0.0002 1
vn -0.0007 -0.0002 1
vn -0.0006 -0.0001 1
vn -0.0008 0.0002 1
vn -0.001 0.0002 1
vn -0.0007 0.0002 1
vn -0.7092 -0.0002 -0.705
vn -0.0551 -0.0003 -0.9985
vn -0.2351 -0.0008 -0.972
vn -0.4726 -0.0009 -0.8813
vn 0.993 0.0825 -0.0847
vn 0.9584 0.0787 -0.2744
vn 0.871 0.0709 -0.4862
vn 0.6756 -0.0303 -0.7366
vn 0.733 -0.0353 -0.6793
vn 0.5677 0.0411 -0.8222
vn 0.3933 0.0275 -0.919
vn 0.1793 0.0123 -0.9837
vn -0.0552 0.0002 -0.9985
vn -0.2352 0.0004 -0.972
vn -0.4726 0.0005 -0.8813
vn -0.7092 0.0001 -0.705
vn 0.995 -0.0529 -0.085
vn 0.96 -0.0502 -0.2756
vn 0.8719 -0.0447 -0.4877
vn -0.8719 0.0001 -0.4896
vn -0.9608 0.0001 -0.2772
vn -0.9963 0.0001 -0.0856
vn 0.5669 -0.0235 -0.8235
vn 0.3918 -0.0153 -0.9199
vn 0.1774 -0.0067 -0.9841
vn 0.6755 0.0512 -0.7355
vn 0.7325 0.0577 -0.6783
vn -0.7154 0.0002 -0.6988
vn -0.7154 -0.0001 -0.6988
vn 0.8704 0.0408 -0.4907
vn 0.9594 0.0459 -0.2782
vn 0.9951 0.0482 -0.086
vn 0.7328 -0.0655 -0.6773
vn 0.6861 -0.059 -0.7251
vn 0.8676 -0.0805 -0.4906
vn 0.9563 -0.0899 -0.2783
vn 0.9919 -0.0939 -0.086
vn 0.7344 0.0326 -0.678
vn 0.6875 0.0289 -0.7256
vn 0.2276 0.0081 -0.9737
vn 0.4588 0.017 -0.8884
vn 0.6057 0.0238 -0.7954
vn 0.2244 -0.0168 -0.9743
vn 0.4566 -0.0358 -0.889
vn 0.6039 -0.0495 -0.7955
vn -0.5317 0.0012 -0.847
vn -0.3001 0.0012 -0.9539
vn -0.0796 0.0005 -0.9968
vn -0.5317 -0.0005 -0.8469
vn -0.3 -0.0005 -0.9539
vn -0.0795 -0.0002 -0.9968
vn -0.001 -0 -1
vn 0.5611 -0.3246 -0.7614
vn 0.5894 -0.2039 -0.7817
vn 0.4247 -0.2408 -0.8727
vn 0.4468 -0.1502 -0.8819
vn 0.211 -0.1167 -0.9705
vn 0.2163 -0.0685 -0.9739
vn 0.5459 -0.3155 -0.7762
vn 0.3965 -0.2264 -0.8897
vn 0.1896 -0.1081 -0.9759
vn -0.0718 0.0038 -0.9974
vn -0.0798 0.0025 -0.9968
vn -0.2811 0.0089 -0.9596
vn -0.2998 0.0056 -0.954
vn -0.5155 0.0091 -0.8568
vn -0.5311 0.0055 -0.8473
vn -0.0601 0.0032 -0.9982
vn -0.2496 0.0078 -0.9683
vn -0.4869 0.0084 -0.8734
vn 0.8577 -0.5089 -0.0736
vn 0.835 -0.4947 -0.2411
vn 0.7746 -0.4591 -0.4351
vn 0.857 -0.51 -0.0739
vn 0.9361 -0.3422 -0.0813
vn 0.8337 -0.4965 -0.2418
vn 0.9054 -0.3318 -0.2648
vn 0.7734 -0.4601 -0.4361
vn 0.8289 -0.3022 -0.4708
vn 0.6304 -0.3694 -0.6828
vn 0.673 -0.3979 -0.6235
vn 0.6669 -0.2363 -0.7067
vn 0.6346 -0.3731 -0.6768
vn 0.7095 -0.2554 -0.6568
vn 0.6732 -0.3991 -0.6225
vn -0.7137 0.0018 -0.7004
vn -0.7153 0.001 -0.6988
vn -0.7108 0.0017 -0.7034
vn -0.7108 -0.0017 -0.7034
vn -0.7092 -0.001 -0.705
vn -0.7138 -0.0016 -0.7004
vn -0.0601 -0.0032 -0.9982
vn -0.0549 -0.0016 -0.9985
vn -0.2497 -0.0078 -0.9683
vn -0.2352 -0.0041 -0.9719
vn -0.487 -0.0084 -0.8734
vn -0.473 -0.0046 -0.8811
vn -0.0721 -0.0035 -0.9974
vn -0.2814 -0.0082 -0.9596
vn -0.5157 -0.0084 -0.8568
vn 0.6405 0.3498 -0.6837
vn 0.6803 0.3753 -0.6295
vn 0.5648 0.3027 -0.7677
vn 0.4255 0.2224 -0.8772
vn 0.2091 0.1054 -0.9722
vn 0.6608 0.2225 -0.7168
vn 0.6313 0.3664 -0.6835
vn 0.7124 0.243 -0.6583
vn 0.6743 0.3942 -0.6245
vn 0.5465 0.3133 -0.7767
vn 0.5616 0.1863 -0.8062
vn 0.397 0.2251 -0.8898
vn 0.3954 0.1303 -0.9092
vn 0.1899 0.1076 -0.9759
vn 0.1855 0.0624 -0.9807
vn 0.8718 0.484 -0.0753
vn 0.8471 0.4709 -0.2462
vn 0.7841 0.4349 -0.4428
vn 0.8607 0.5037 -0.0738
vn 0.9431 0.3227 -0.0802
vn 0.8378 0.4896 -0.2418
vn 0.914 0.3108 -0.2607
vn 0.7768 0.4544 -0.4361
vn 0.8375 0.2859 -0.4656
vn -0.0008 -0.0002 -1
vn -0.0007 -0.0002 -1
vn -0.0006 -0.0001 -1
vn -0.0008 0.0003 -1
vn -0.001 0.0002 -1
vn -0.0007 0.0002 -1
vn -0.6423 0.0001 0.7664
vn -0.786 0.0001 0.6182
vn 0.7815 -0.0001 0.6239
vn 0.0216 0.0001 0.9998
vn -0.6423 0.0001 -0.7664
vn -0.786 0.0001 -0.6182
vn 0.7815 -0.0001 -0.6239
vn -1 0.0001 -0.0082
vn 1 -0.0002 -0.0082
vn 0.0216 0.0001 -0.9998
vn -0.0705 0.0001 0.9975
vn -0.2695 0.0001 0.963
vn -0.5009 0.0001 0.8655
vn -0.7152 0.0001 0.699
vn 0.9969 -0.0002 0.079
vn 0.958 -0.0002 0.2867
vn 0.8648 -0.0001 0.5021
vn -0.8794 0.0001 0.4761
vn -0.9638 0.0001 0.2667
vn -0.9971 0.0001 0.0755
vn 0.5476 -0 0.8367
vn 0.3638 0.0001 0.9315
vn 0.1435 0.0001 0.9897
vn 0.7285 -0.0001 0.6851
vn 0.6677 -0 0.7444
vn -0.0008 0.0001 1
vn -0.5009 0.0001 -0.8655
vn -0.2695 0.0001 -0.963
vn -0.0705 0.0001 -0.9975
vn -0.7152 0.0001 -0.699
vn 0.8648 -0.0001 -0.5021
vn 0.958 -0.0002 -0.2867
vn 0.9962 -0.0002 -0.0871
vn -0.9965 0.0001 -0.0838
vn -0.9638 0.0001 -0.2667
vn -0.8794 0.0001 -0.4761
vn 0.1435 0.0001 -0.9897
vn 0.3638 0.0001 -0.9315
vn 0.5476 -0 -0.8367
vn 0.6677 -0 -0.7444
vn 0.7285 -0.0001 -0.6851
vn -0.0008 0.0001 -1
vn 0.04 0.0089 -0.9992
vn 1 0.0004 0.0082
vn 0.9527 -0.3038 0.0078
vn -1 -0 0.0083
vn 0.963 0.2695 0.0081
vn 0.04 0.009 0.9992
vn 0.997 0.0004 -0.0773
vn 0.9509 -0.3007 -0.0731
vn -0.997 -0 -0.0774
vn 0.7192 0.1981 -0.666
vn 0.9599 0.2699 -0.0753
vn -0.001 -0.0001 -1
vn 0.1873 -0.0583 -0.9806
vn -0.6558 0.0032 -0.7549
vn 0.9963 0.0004 0.0854
vn 0.9503 -0.3007 0.0808
vn -0.9963 -0 0.0856
vn 0.7192 0.1981 0.6659
vn 0.449 0.1145 0.8861
vn 0.9594 0.2695 0.0833
vn 0.9985 -0.0535 0.0081
vn -0.001 -0.0002 1
vn 0.1873 -0.0584 0.9806
vn 0.0306 -0.0011 0.9995
vn 0.9965 0.0833 0.0081
vn 0.9988 0.0487 0.0084
vn 0.9955 -0.0944 0.0084
vn -0.6559 0.0032 0.7549
vn 0.8595 -0.511 0.0072
vn 0.9396 -0.3421 0.0079
vn 0.8597 -0.5108 0.0071
vn 0.8747 0.4847 0.0073
vn 0.9454 0.3257 0.0076
vn 0.8627 0.5057 0.0071
vn 0.9936 0.0825 -0.0766
vn 0.9956 -0.0529 -0.0769
vn -0.997 0.0001 -0.0774
vn 0.5669 -0.0236 -0.8235
vn 0.1774 -0.0066 -0.9841
vn -0.7153 0.0002 -0.6988
vn 0.9958 0.0483 -0.0777
vn 0.9925 -0.094 -0.0776
vn 0.2244 -0.0168 -0.9744
vn -0.0796 0.0006 -0.9968
vn 0.2163 -0.0684 -0.9739
vn -0.2998 0.0057 -0.954
vn 0.8581 -0.5091 -0.0665
vn 0.8574 -0.5104 -0.0667
vn 0.9366 -0.3427 -0.0734
vn -0.7138 0.0018 -0.7004
vn 0.8722 0.4845 -0.068
vn 0.8612 0.5039 -0.0667
vn 0.7768 0.4543 -0.4361
vn 0.9437 0.3228 -0.0725
vn -0.0008 0.0002 -1
vn 0.993 0.0825 0.0847
vn 0.995 -0.0529 0.085
vn -0.9963 0.0001 0.0856
vn 0.5669 -0.0235 0.8235
vn 0.1774 -0.0067 0.9841
vn -0.7154 0.0002 0.6988
vn 0.9951 0.0482 0.086
vn 0.9919 -0.0939 0.086
vn -0.0796 0.0005 0.9968
vn -0.2998 0.0056 0.954
vn 0.8577 -0.5089 0.0736
vn 0.857 -0.51 0.0739
vn 0.9361 -0.3422 0.0813
vn -0.7137 0.0018 0.7004
vn 0.5465 0.3133 0.7766
vn 0.8718 0.484 0.0753
vn 0.8607 0.5037 0.0738
vn 0.9431 0.3227 0.0802
vn 0.7768 0.4544 0.4361
vn -0.0008 0.0003 1
vn -1 0.0001 0.0082
vn 1 -0.0002 0.0082
vn 0.9969 -0.0002 -0.079
vn -0.9971 0.0001 -0.0755
vn 0.9962 -0.0002 0.0871
vn -0.9965 0.0001 0.0838
vn 0.7656 0.2244 0.603
vn 0.7656 0.2244 -0.603
vn 0.5801 0.1698 0.7966
vn 0.5802 -0.1698 0.7966
vn 0.5801 0.1698 -0.7966
vn 0.5802 -0.1698 -0.7966
vn 0.7655 -0.2244 -0.603
vn 0.7655 -0.2244 0.603
vn 0.7007 0.0006 0.7134
vn 0.9596 0.2813 -0
vn 0.6042 0.3867 0.6967
vn 0.7005 -0 0.7136
vn 0.9598 0.2809 -0
vn 0.7005 -0 -0.7136
vn 0.6042 0.3867 -0.6967
vn 0.9597 -0.2809 -0
vn 0.6042 -0.3867 -0.6967
vn 0.9596 -0.2813 -0
vn 0.7007 -0.0006 -0.7134
vn 0.7007 -0.0006 0.7134
vn 0.6042 -0.3867 0.6967
vn 0.7007 0.0006 -0.7134
vn 1 0.0008 -0
vn -0 -0 -1
vn -0 -0 1
vn 0.8422 0.5391 -0
vn 1 -0 -0
vn 0.8422 -0.5391 -0
vn 1 -0.0008 -0
vn 0.7656 0.2243 0.603
vn 0.5803 0.1697 -0.7965
vn 0.5803 0.1697 0.7965
vn 0.5802 -0.1697 0.7966
vn 0.7656 -0.2243 0.603
vn 0.7656 -0.2243 -0.603
vn 0.7008 0.0006 -0.7134
vn 0.7006 -0 -0.7136
vn 0.9598 0.2808 -0
vn 0.7006 -0 0.7136
vn 0.6042 -0.3868 0.6967
vn 0.7008 0.0006 0.7134
vn 0.0596 -0.028 0.9978
vn 0.9022 -0.421 0.0936
vn 0.2391 -0.1122 0.9645
vn 0.4729 -0.2216 0.8528
vn 0.6863 -0.3212 0.6526
vn 0.8455 -0.3951 0.3593
vn 0.9022 -0.421 -0.0936
vn 0.0596 -0.028 -0.9978
vn 0.8455 -0.3951 -0.3593
vn 0.6863 -0.3212 -0.6526
vn 0.4729 -0.2216 -0.8528
vn 0.2391 -0.1122 -0.9645
vn -0.0598 0.0277 -0.9978
vn -0.9024 0.4206 -0.0936
vn -0.2396 0.111 -0.9645
vn -0.4738 0.2198 -0.8528
vn -0.6872 0.3193 -0.6526
vn -0.8461 0.3937 -0.3593
vn -0.9024 0.4206 0.0936
vn -0.0598 0.0277 0.9978
vn -0.8461 0.3937 0.3593
vn -0.6872 0.3193 0.6526
vn -0.4738 0.2198 0.8528
vn -0.2396 0.111 0.9645
vn -0.9022 0.421 -0.0936
vn -0.0596 0.028 -0.9978
vn -0.8455 0.3951 -0.3593
vn -0.6863 0.3212 -0.6526
vn -0.4729 0.2216 -0.8528
vn -0.2391 0.1122 -0.9645
vn -0.0596 0.028 0.9978
vn -0.9022 0.421 0.0936
vn -0.2391 0.1122 0.9645
vn -0.4729 0.2216 0.8528
vn -0.6863 0.3212 0.6526
vn -0.8455 0.3951 0.3593
vn 0.9024 -0.4206 0.0936
vn 0.0598 -0.0277 0.9978
vn 0.8461 -0.3937 0.3593
vn 0.6872 -0.3193 0.6526
vn 0.4738 -0.2198 0.8528
vn 0.2396 -0.111 0.9645
vn 0.0598 -0.0277 -0.9978
vn 0.9024 -0.4206 -0.0936
vn 0.2396 -0.111 -0.9645
vn 0.4738 -0.2198 -0.8528
vn 0.6872 -0.3193 -0.6526
vn 0.8461 -0.3937 -0.3593
vn 0.5345 0.845 0.0163
vn 0.9476 -0.3072 0.0879
vn 0.8237 0.5647 0.051
vn 0.9949 0.0659 0.0761
vn 0.0999 0.07 0.9925
vn 0.4315 0.89 0.1473
vn 0.2307 0.3671 0.9011
vn 0.3868 0.7329 0.5596
vn 0.5101 0.8591 0.0419
vn 0.8985 -0.2644 0.3505
vn 0.761 0.6272 0.1658
vn 0.9431 0.1486 0.2974
vn 0.4922 0.8678 0.0679
vn 0.7415 -0.1828 0.6455
vn 0.6823 0.6724 0.287
vn 0.806 0.2337 0.5438
vn 0.4745 0.8755 0.0915
vn 0.5248 -0.0894 0.8465
vn 0.595 0.7041 0.3876
vn 0.6227 0.2993 0.7229
vn 0.4541 0.8834 0.1158
vn 0.2834 0.0042 0.959
vn 0.4903 0.7271 0.4805
vn 0.4074 0.347 0.8447
vn 0.4315 0.89 -0.1473
vn 0.0999 0.07 -0.9925
vn 0.3868 0.7329 -0.5596
vn 0.2307 0.3671 -0.9011
vn 0.9476 -0.3072 -0.0879
vn 0.5345 0.845 -0.0163
vn 0.9949 0.0659 -0.0761
vn 0.8237 0.5647 -0.051
vn 0.2834 0.0042 -0.959
vn 0.4541 0.8834 -0.1158
vn 0.4074 0.347 -0.8447
vn 0.4903 0.7271 -0.4805
vn 0.5249 -0.0894 -0.8465
vn 0.4745 0.8755 -0.0915
vn 0.6227 0.2993 -0.7229
vn 0.595 0.7041 -0.3876
vn 0.7415 -0.1828 -0.6455
vn 0.4922 0.8678 -0.0679
vn 0.806 0.2337 -0.5438
vn 0.6823 0.6724 -0.287
vn 0.8985 -0.2644 -0.3505
vn 0.5101 0.8591 -0.0419
vn 0.9431 0.1486 -0.2974
vn 0.761 0.6272 -0.1658
vn 0.3037 0.9526 -0.0163
vn -0.8444 0.5284 -0.0879
vn -0.0968 0.994 -0.051
vn -0.589 0.8045 -0.0761
vn -0.0106 0.1215 -0.9925
vn 0.4044 0.9026 -0.1473
vn 0.133 0.4127 -0.9011
vn 0.3128 0.7674 -0.5596
vn -0.7801 0.5183 -0.3505
vn 0.3303 0.943 -0.0419
vn -0.4924 0.818 -0.2974
vn -0.0087 0.9861 -0.1658
vn -0.6167 0.4506 -0.6455
vn 0.3484 0.9349 -0.0679
vn -0.3391 0.7677 -0.5438
vn 0.0765 0.9549 -0.287
vn -0.4058 0.3446 -0.8465
vn 0.3657 0.9262 -0.0915
vn -0.171 0.6694 -0.7229
vn 0.1569 0.9084 -0.3876
vn -0.1789 0.2198 -0.959
vn 0.3848 0.9157 -0.1158
vn 0.0039 0.5352 -0.8447
vn 0.2419 0.843 -0.4805
vn 0.4044 0.9026 0.1473
vn -0.0106 0.1215 0.9925
vn 0.3128 0.7674 0.5596
vn 0.133 0.4127 0.9011
vn -0.8444 0.5284 0.0879
vn 0.3037 0.9526 0.0163
vn -0.589 0.8045 0.0761
vn -0.0968 0.994 0.051
vn -0.1789 0.2198 0.959
vn 0.3848 0.9157 0.1158
vn 0.0039 0.5352 0.8447
vn 0.2419 0.843 0.4805
vn -0.4058 0.3446 0.8465
vn 0.3657 0.9262 0.0915
vn -0.171 0.6694 0.7229
vn 0.1569 0.9084 0.3876
vn -0.6167 0.4506 0.6455
vn 0.3484 0.9349 0.0679
vn -0.3391 0.7677 0.5438
vn 0.0765 0.9549 0.287
vn -0.7801 0.5183 0.3505
vn 0.3303 0.943 0.0419
vn -0.4924 0.818 0.2974
vn -0.0087 0.9861 0.1658
vn -0.8435 0.5282 -0.0974
vn 0.281 0.9597 -0.0083
vn -0.5937 0.8001 -0.0858
vn -0.1273 0.9909 -0.0429
vn 0.4117 0.895 -0.1714
vn -0.018 0.1263 -0.9918
vn 0.316 0.7516 -0.579
vn 0.1252 0.4175 -0.9
vn 0.2995 0.9531 -0.0439
vn -0.7778 0.515 -0.3602
vn -0.0615 0.9833 -0.1715
vn -0.5112 0.8013 -0.3109
vn 0.3314 0.9398 -0.084
vn -0.6181 0.4486 -0.6455
vn 0.0416 0.9486 -0.3138
vn -0.36 0.7504 -0.5544
vn 0.3594 0.9258 -0.1172
vn -0.4125 0.3465 -0.8425
vn 0.1396 0.8941 -0.4255
vn -0.1889 0.6566 -0.7302
vn 0.389 0.9086 -0.1519
vn -0.1906 0.226 -0.9553
vn 0.239 0.8188 -0.5219
vn -0.0118 0.532 -0.8466
vn -0.018 0.1263 0.9918
vn 0.4117 0.895 0.1714
vn 0.1252 0.4175 0.9
vn 0.316 0.7516 0.579
vn 0.281 0.9597 0.0083
vn -0.8435 0.5282 0.0974
vn -0.1273 0.9909 0.0429
vn -0.5937 0.8001 0.0858
vn -0.1906 0.226 0.9553
vn 0.389 0.9086 0.1519
vn -0.0118 0.532 0.8466
vn 0.239 0.8188 0.5219
vn -0.4125 0.3465 0.8425
vn 0.3594 0.9258 0.1172
vn -0.1889 0.6566 0.7302
vn 0.1396 0.8941 0.4255
vn -0.6181 0.4486 0.6455
vn 0.3314 0.9398 0.084
vn -0.36 0.7504 0.5544
vn 0.0416 0.9486 0.3138
vn -0.7778 0.515 0.3602
vn 0.2995 0.9531 0.0439
vn -0.5112 0.8013 0.3109
vn -0.0615 0.9833 0.1715
vn 0.9468 -0.3066 0.0974
vn 0.5546 0.8321 0.0083
vn 0.9945 0.0595 0.0858
vn 0.8409 0.5394 0.0429
vn 0.421 0.8907 0.1714
vn 0.1083 0.0674 0.9918
vn 0.3727 0.7252 0.579
vn 0.2394 0.3643 0.9
vn 0.5376 0.8421 0.0439
vn 0.8945 -0.2648 0.3602
vn 0.7927 0.5849 0.1715
vn 0.9424 0.1235 0.3109
vn 0.5069 0.8579 0.084
vn 0.7409 -0.1852 0.6455
vn 0.6999 0.6416 0.3138
vn 0.8062 0.2066 0.5544
vn 0.4782 0.8704 0.1172
vn 0.5306 -0.0933 0.8425
vn 0.5952 0.6816 0.4255
vn 0.6244 0.2773 0.7302
vn 0.446 0.8821 0.1519
vn 0.2957 -0.0007 0.9553
vn 0.4736 0.7094 0.5219
vn 0.4152 0.333 0.8466
vn 0.1083 0.0674 -0.9918
vn 0.421 0.8907 -0.1714
vn 0.2394 0.3643 -0.9
vn 0.3727 0.7252 -0.579
vn 0.5546 0.8321 -0.0083
vn 0.9468 -0.3066 -0.0974
vn 0.8409 0.5394 -0.0429
vn 0.9945 0.0595 -0.0858
vn 0.2957 -0.0007 -0.9553
vn 0.446 0.8821 -0.1519
vn 0.4152 0.333 -0.8466
vn 0.4736 0.7095 -0.5219
vn 0.5306 -0.0933 -0.8425
vn 0.4782 0.8704 -0.1172
vn 0.6244 0.2773 -0.7302
vn 0.5952 0.6816 -0.4255
vn 0.7409 -0.1852 -0.6455
vn 0.5069 0.8579 -0.084
vn 0.8062 0.2066 -0.5544
vn 0.6999 0.6416 -0.3138
vn 0.8945 -0.2648 -0.3602
vn 0.5376 0.8421 -0.0439
vn 0.9424 0.1235 -0.3109
vn 0.7927 0.5849 -0.1715
vn 0.2792 -0.7673 0.5773
vn -0.7673 -0.2793 0.5773
vn 0.2792 -0.7673 -0.5773
vn -0.7673 -0.2793 -0.5773
vn -0.2988 -0.6409 0.7071
vn 0.342 -0.9397 -0
vn -0.9397 -0.342 -0
vn -0.2988 -0.6409 -0.7071
vn 0.6409 -0.2988 -0.7071
vn -0.6409 0.2988 -0.7071
vn 0.6409 -0.2988 0.7071
vn -0.6409 0.2988 0.7071
vn -0 -0 1
vn -0.4226 -0.9063 -0
vn 0.9063 -0.4226 -0
vn -0.9063 0.4226 -0
vn -0 -0 -1
#end 2770 normals 

#begin 4871 faces
o flecha_4_(1):002
usemtl Material:002
s 1
f 458/458/1 210/210/2 151/151/3 430/430/4 
f 215/215/5 460/460/6 431/431/7 149/149/8 
f 429/429/9 149/149/8 3/3/10 150/150/11 
f 151/151/3 429/429/9 150/150/11 1/1/12 
f 461/461/13 220/220/14 155/155/15 432/432/16 
f 30/30/17 207/207/18 211/211/19 31/31/20 
f 430/430/4 151/151/3 1/1/12 152/152/21 
f 153/153/22 430/430/4 152/152/21 2/2/23 
f 463/463/24 226/226/25 159/159/26 434/434/27 
f 236/236/28 237/237/29 235/235/30 234/234/31 
f 442/442/32 443/443/33 177/177/34 175/175/35 
f 149/149/8 431/431/7 154/154/36 3/3/10 
f 464/464/37 229/229/38 161/161/39 435/435/40 
f 220/220/14 462/462/41 433/433/42 155/155/15 
f 432/432/16 155/155/15 4/4/43 156/156/44 
f 465/465/45 232/232/46 163/163/47 436/436/48 
f 223/223/49 463/463/24 434/434/27 157/157/50 
f 433/433/42 157/157/50 5/5/51 158/158/52 
f 155/155/15 433/433/42 158/158/52 4/4/43 
f 274/274/53 275/275/54 273/273/55 272/272/56 
f 226/226/25 464/464/37 435/435/40 159/159/26 
f 434/434/27 159/159/26 6/6/57 160/160/58 
f 157/157/50 434/434/27 160/160/58 5/5/51 
f 291/291/59 289/289/60 86/86/61 85/85/62 
f 229/229/38 465/465/45 436/436/48 161/161/39 
f 435/435/40 161/161/39 7/7/63 162/162/64 
f 159/159/26 435/435/40 162/162/64 6/6/57 
f 467/467/65 238/238/66 167/167/67 438/438/68 
f 436/436/48 163/163/47 8/8/69 164/164/70 
f 161/161/39 436/436/48 164/164/70 7/7/63 
f 468/468/71 241/241/72 169/169/73 439/439/74 
f 233/233/75 466/466/76 437/437/77 165/165/78 
f 206/206/79 205/205/80 203/203/81 201/201/82 
f 469/469/83 244/244/84 171/171/85 440/440/86 
f 44/44/87 45/45/88 47/47/89 46/46/90 
f 165/165/78 437/437/77 166/166/91 9/9/92 
f 470/470/93 247/247/94 173/173/95 441/441/96 
f 238/238/66 468/468/71 439/439/74 167/167/67 
f 438/438/68 167/167/67 10/10/97 168/168/98 
f 504/504/99 503/503/100 236/236/28 234/234/31 
f 241/241/72 469/469/83 440/440/86 169/169/73 
f 439/439/74 169/169/73 11/11/101 170/170/102 
f 167/167/67 439/439/74 170/170/102 10/10/97 
f 472/472/103 252/252/104 176/176/105 443/443/33 
f 244/244/84 470/470/93 441/441/96 171/171/85 
f 440/440/86 171/171/85 12/12/106 172/172/107 
f 169/169/73 440/440/86 172/172/107 11/11/101 
f 473/473/108 255/255/109 178/178/110 444/444/111 
f 247/247/94 471/471/112 442/442/32 173/173/95 
f 441/441/96 173/173/95 13/13/113 174/174/114 
f 171/171/85 441/441/96 174/174/114 12/12/106 
f 474/474/115 258/258/116 180/180/117 445/445/118 
f 182/182/119 184/184/120 18/18/121 17/17/122 
f 173/173/95 442/442/32 175/175/35 13/13/113 
f 475/475/123 261/261/124 182/182/119 446/446/125 
f 252/252/104 473/473/108 444/444/111 176/176/105 
f 443/443/33 176/176/105 14/14/126 177/177/34 
f 498/498/127 499/499/128 307/307/129 308/308/130 
f 255/255/109 474/474/115 445/445/118 178/178/110 
f 444/444/111 178/178/110 15/15/131 179/179/132 
f 176/176/105 444/444/111 179/179/132 14/14/126 
f 476/476/133 265/265/134 185/185/135 447/447/136 
f 258/258/116 475/475/123 446/446/125 180/180/117 
f 445/445/118 180/180/117 16/16/137 181/181/138 
f 178/178/110 445/445/118 181/181/138 15/15/131 
f 477/477/139 268/268/140 187/187/141 448/448/142 
f 446/446/125 182/182/119 17/17/122 183/183/143 
f 180/180/117 446/446/125 183/183/143 16/16/137 
f 478/478/144 271/271/145 189/189/146 449/449/147 
f 262/262/148 476/476/133 447/447/136 184/184/120 
f 235/235/30 237/237/29 467/467/65 466/466/76 
f 289/289/60 291/291/59 84/84/149 83/83/150 
f 265/265/134 477/477/139 448/448/142 185/185/135 
f 447/447/136 185/185/135 19/19/151 186/186/152 
f 184/184/120 447/447/136 186/186/152 18/18/121 
f 480/480/153 276/276/154 192/192/155 451/451/156 
f 268/268/140 478/478/144 449/449/147 187/187/141 
f 448/448/142 187/187/141 20/20/157 188/188/158 
f 185/185/135 448/448/142 188/188/158 19/19/151 
f 324/324/159 323/323/160 75/75/161 73/73/162 
f 271/271/145 479/479/163 450/450/164 189/189/146 
f 449/449/147 189/189/146 21/21/165 190/190/166 
f 187/187/141 449/449/147 190/190/166 20/20/157 
f 481/481/167 280/280/168 195/195/169 452/452/170 
f 192/192/155 194/194/171 23/23/172 22/22/173 
f 189/189/146 450/450/164 191/191/174 21/21/165 
f 482/482/175 283/283/176 197/197/177 453/453/178 
f 451/451/156 192/192/155 22/22/173 193/193/179 
f 483/483/180 286/286/181 199/199/182 454/454/183 
f 277/277/184 481/481/167 452/452/170 194/194/171 
f 218/218/185 219/219/186 217/217/187 216/216/188 
f 484/484/189 206/206/79 201/201/82 455/455/190 
f 280/280/168 482/482/175 453/453/178 195/195/169 
f 452/452/170 195/195/169 24/24/191 196/196/192 
f 194/194/171 452/452/170 196/196/192 23/23/172 
f 466/466/76 467/467/65 438/438/68 437/437/77 
f 283/283/176 483/483/180 454/454/183 197/197/177 
f 453/453/178 197/197/177 25/25/193 198/198/194 
f 195/195/169 453/453/178 198/198/194 24/24/191 
f 457/457/195 208/208/196 153/153/22 456/456/197 
f 286/286/181 484/484/189 455/455/190 199/199/182 
f 454/454/183 199/199/182 26/26/198 200/200/199 
f 197/197/177 454/454/183 200/200/199 25/25/193 
f 211/211/19 207/207/18 29/29/200 84/84/149 
f 455/455/190 201/201/82 27/27/201 202/202/202 
f 199/199/182 455/455/190 202/202/202 26/26/198 
f 32/32/203 209/209/204 212/212/205 33/33/206 
f 205/205/80 457/457/195 456/456/197 203/203/81 
f 460/460/6 461/461/13 432/432/16 431/431/7 
f 34/34/207 214/214/208 213/213/209 35/35/210 
f 210/210/2 459/459/211 429/429/9 151/151/3 
f 456/456/197 153/153/22 2/2/23 204/204/212 
f 203/203/81 456/456/197 204/204/212 28/28/213 
f 273/273/55 275/275/54 480/480/153 479/479/163 
f 29/29/200 207/207/18 457/457/195 205/205/80 
f 207/207/18 30/30/17 208/208/196 457/457/195 
f 30/30/17 209/209/204 458/458/1 208/208/196 
f 209/209/204 32/32/203 210/210/2 458/458/1 
f 217/217/187 219/219/186 461/461/13 460/460/6 
f 212/212/205 209/209/204 30/30/17 31/31/20 
f 462/462/41 223/223/49 157/157/50 433/433/42 
f 213/213/209 214/214/208 32/32/203 33/33/206 
f 216/216/188 217/217/187 34/34/207 35/35/210 
f 32/32/203 214/214/208 459/459/211 210/210/2 
f 214/214/208 34/34/207 215/215/5 459/459/211 
f 36/36/214 219/219/186 218/218/185 37/37/215 
f 34/34/207 217/217/187 460/460/6 215/215/5 
f 250/250/216 251/251/217 249/249/218 248/248/219 
f 38/38/220 222/222/221 221/221/222 39/39/223 
f 221/221/222 222/222/221 36/36/214 37/37/215 
f 219/219/186 36/36/214 220/220/14 461/461/13 
f 40/40/224 225/225/225 224/224/226 41/41/227 
f 224/224/226 225/225/225 38/38/220 39/39/223 
f 36/36/214 222/222/221 462/462/41 220/220/14 
f 222/222/221 38/38/220 223/223/49 462/462/41 
f 43/43/228 42/42/229 228/228/230 227/227/231 
f 227/227/231 228/228/230 40/40/224 41/41/227 
f 38/38/220 225/225/225 463/463/24 223/223/49 
f 225/225/225 40/40/224 226/226/25 463/463/24 
f 44/44/87 231/231/232 230/230/233 45/45/88 
f 230/230/233 231/231/232 42/42/229 43/43/228 
f 40/40/224 228/228/230 464/464/37 226/226/25 
f 228/228/230 42/42/229 229/229/38 464/464/37 
f 44/44/87 46/46/90 233/233/75 232/232/46 
f 42/42/229 231/231/232 465/465/45 229/229/38 
f 231/231/232 44/44/87 232/232/46 465/465/45 
f 471/471/112 472/472/103 443/443/33 442/442/32 
f 234/234/31 235/235/30 46/46/90 47/47/89 
f 261/261/124 262/262/148 184/184/120 182/182/119 
f 49/49/234 48/48/235 237/237/29 236/236/28 
f 46/46/90 235/235/30 466/466/76 233/233/75 
f 276/276/154 277/277/184 194/194/171 192/192/155 
f 50/50/236 240/240/237 239/239/238 51/51/239 
f 239/239/238 240/240/237 48/48/235 49/49/234 
f 237/237/29 48/48/235 238/238/66 467/467/65 
f 52/52/240 243/243/241 242/242/242 53/53/243 
f 242/242/242 243/243/241 50/50/236 51/51/239 
f 48/48/235 240/240/237 468/468/71 238/238/66 
f 240/240/237 50/50/236 241/241/72 468/468/71 
f 54/54/244 246/246/245 245/245/246 55/55/247 
f 245/245/246 246/246/245 52/52/240 53/53/243 
f 50/50/236 243/243/241 469/469/83 241/241/72 
f 243/243/241 52/52/240 244/244/84 469/469/83 
f 249/249/218 251/251/217 472/472/103 471/471/112 
f 248/248/219 249/249/218 54/54/244 55/55/247 
f 52/52/240 246/246/245 470/470/93 244/244/84 
f 246/246/245 54/54/244 247/247/94 470/470/93 
f 56/56/248 251/251/217 250/250/216 57/57/249 
f 54/54/244 249/249/218 471/471/112 247/247/94 
f 64/64/250 62/62/251 63/63/252 65/65/253 
f 58/58/254 254/254/255 253/253/256 59/59/257 
f 253/253/256 254/254/255 56/56/248 57/57/249 
f 251/251/217 56/56/248 252/252/104 472/472/103 
f 60/60/258 257/257/259 256/256/260 61/61/261 
f 256/256/260 257/257/259 58/58/254 59/59/257 
f 56/56/248 254/254/255 473/473/108 252/252/104 
f 254/254/255 58/58/254 255/255/109 473/473/108 
f 63/63/252 62/62/251 260/260/262 259/259/263 
f 259/259/263 260/260/262 60/60/258 61/61/261 
f 58/58/254 257/257/259 474/474/115 255/255/109 
f 257/257/259 60/60/258 258/258/116 474/474/115 
f 64/64/250 262/262/148 261/261/124 62/62/251 
f 60/60/258 260/260/262 475/475/123 258/258/116 
f 260/260/262 62/62/251 261/261/124 475/475/123 
f 66/66/264 264/264/265 263/263/266 67/67/267 
f 263/263/266 264/264/265 64/64/250 65/65/253 
f 72/72/268 73/73/162 75/75/161 74/74/269 
f 68/68/270 267/267/271 266/266/272 69/69/273 
f 266/266/272 267/267/271 66/66/264 67/67/267 
f 64/64/250 264/264/265 476/476/133 262/262/148 
f 264/264/265 66/66/264 265/265/134 476/476/133 
f 71/71/274 70/70/275 270/270/276 269/269/277 
f 269/269/277 270/270/276 68/68/270 69/69/273 
f 66/66/264 267/267/271 477/477/139 265/265/134 
f 267/267/271 68/68/270 268/268/140 477/477/139 
f 491/491/278 490/490/279 274/274/53 272/272/56 
f 272/272/56 273/273/55 70/70/275 71/71/274 
f 68/68/270 270/270/276 478/478/144 268/268/140 
f 270/270/276 70/70/275 271/271/145 478/478/144 
f 72/72/268 275/275/54 274/274/53 73/73/162 
f 70/70/275 273/273/55 479/479/163 271/271/145 
f 82/82/280 83/83/150 84/84/149 29/29/200 
f 72/72/268 74/74/269 277/277/184 276/276/154 
f 275/275/54 72/72/268 276/276/154 480/480/153 
f 77/77/281 76/76/282 279/279/283 278/278/284 
f 278/278/284 279/279/283 74/74/269 75/75/161 
f 328/328/285 329/329/286 103/103/287 104/104/288 
f 78/78/289 282/282/290 281/281/291 79/79/292 
f 281/281/291 282/282/290 76/76/282 77/77/281 
f 74/74/269 279/279/283 481/481/167 277/277/184 
f 279/279/283 76/76/282 280/280/168 481/481/167 
f 80/80/293 285/285/294 284/284/295 81/81/296 
f 284/284/295 285/285/294 78/78/289 79/79/292 
f 76/76/282 282/282/290 482/482/175 280/280/168 
f 282/282/290 78/78/289 283/283/176 482/482/175 
f 82/82/280 288/288/297 287/287/298 83/83/150 
f 287/287/298 288/288/297 80/80/293 81/81/296 
f 78/78/289 285/285/294 483/483/180 283/283/176 
f 285/285/294 80/80/293 286/286/181 483/483/180 
f 324/324/159 108/108/299 109/109/300 323/323/160 
f 80/80/293 288/288/297 484/484/189 286/286/181 
f 288/288/297 82/82/280 206/206/79 484/484/189 
f 713/713/301 715/715/302 930/930/303 714/714/304 
f 459/459/211 215/215/5 149/149/8 429/429/9 
f 86/86/61 289/289/60 485/485/305 320/320/306 
f 352/352/307 353/353/308 517/517/309 516/516/310 
f 485/485/305 289/289/60 83/83/150 287/287/298 
f 290/290/311 485/485/305 287/287/298 81/81/296 
f 88/88/312 344/344/313 512/512/314 294/294/315 
f 499/499/128 498/498/127 250/250/216 248/248/219 
f 293/293/316 486/486/317 291/291/59 85/85/62 
f 294/294/315 512/512/314 292/292/318 87/87/319 
f 486/486/317 292/292/318 31/31/20 211/211/19 
f 291/291/59 486/486/317 211/211/19 84/84/149 
f 89/89/320 343/343/321 511/511/322 295/295/323 
f 120/120/324 119/119/325 347/347/326 359/359/324 
f 298/298/327 508/508/328 342/342/329 90/90/330 
f 94/94/331 338/338/332 505/505/333 301/301/334 
f 97/97/335 335/335/336 502/502/337 304/304/338 
f 300/300/339 506/506/340 340/340/341 92/92/342 
f 301/301/334 505/505/333 339/339/343 93/93/344 
f 338/338/332 337/337/345 47/47/89 45/45/88 
f 99/99/346 333/333/347 500/500/348 306/306/349 
f 358/358/350 345/345/351 27/27/201 28/28/213 
f 96/96/352 336/336/353 503/503/100 303/303/354 
f 305/305/355 501/501/356 335/335/336 97/97/335 
f 304/304/338 502/502/337 336/336/353 96/96/352 
f 100/100/357 332/332/358 498/498/127 308/308/130 
f 131/131/359 351/351/360 350/350/361 125/125/362 
f 307/307/129 499/499/128 333/333/347 99/99/346 
f 297/297/363 509/509/364 510/510/365 296/296/366 
f 102/102/367 330/330/368 496/496/369 310/310/370 
f 106/106/371 326/326/372 493/493/373 313/313/374 
f 101/101/375 331/331/376 497/497/377 309/309/378 
f 309/309/378 497/497/377 332/332/358 100/100/357 
f 103/103/287 329/329/286 495/495/379 311/311/380 
f 312/312/381 494/494/382 328/328/285 104/104/288 
f 329/329/286 328/328/285 65/65/253 63/63/252 
f 111/111/383 321/321/384 488/488/385 318/318/386 
f 314/314/387 492/492/388 326/326/372 106/106/371 
f 315/315/389 491/491/278 325/325/390 107/107/391 
f 303/303/354 503/503/100 504/504/99 302/302/392 
f 108/108/299 324/324/159 490/490/279 316/316/393 
f 110/110/394 322/322/395 489/489/396 317/317/397 
f 319/319/398 487/487/399 321/321/384 111/111/383 
f 318/318/386 488/488/385 322/322/395 110/110/394 
f 90/90/330 342/342/329 509/509/364 297/297/363 
f 320/320/306 485/485/305 290/290/311 112/112/400 
f 92/92/342 340/340/341 507/507/401 299/299/402 
f 292/292/318 486/486/317 293/293/316 87/87/319 
f 487/487/399 290/290/311 81/81/296 284/284/295 
f 321/321/384 487/487/399 284/284/295 79/79/292 
f 488/488/385 321/321/384 79/79/292 281/281/291 
f 322/322/395 488/488/385 281/281/291 77/77/281 
f 489/489/396 322/322/395 77/77/281 278/278/284 
f 323/323/160 489/489/396 278/278/284 75/75/161 
f 112/112/400 290/290/311 487/487/399 319/319/398 
f 317/317/397 489/489/396 323/323/160 109/109/300 
f 316/316/393 490/490/279 491/491/278 315/315/389 
f 490/490/279 324/324/159 73/73/162 274/274/53 
f 325/325/390 491/491/278 272/272/56 71/71/274 
f 492/492/388 325/325/390 71/71/274 269/269/277 
f 326/326/372 492/492/388 269/269/277 69/69/273 
f 107/107/391 325/325/390 492/492/388 314/314/387 
f 493/493/373 326/326/372 69/69/273 266/266/272 
f 327/327/403 493/493/373 266/266/272 67/67/267 
f 313/313/374 493/493/373 327/327/403 105/105/404 
f 494/494/382 327/327/403 67/67/267 263/263/266 
f 328/328/285 494/494/382 263/263/266 65/65/253 
f 125/125/362 349/349/405 360/360/324 126/126/324 
f 495/495/379 329/329/286 63/63/252 259/259/263 
f 330/330/368 495/495/379 259/259/263 61/61/261 
f 105/105/404 327/327/403 494/494/382 312/312/381 
f 311/311/380 495/495/379 330/330/368 102/102/367 
f 496/496/369 330/330/368 61/61/261 256/256/260 
f 331/331/376 496/496/369 256/256/260 59/59/257 
f 310/310/370 496/496/369 331/331/376 101/101/375 
f 497/497/377 331/331/376 59/59/257 253/253/256 
f 332/332/358 497/497/377 253/253/256 57/57/249 
f 498/498/127 332/332/358 57/57/249 250/250/216 
f 510/510/365 509/509/364 218/218/185 216/216/188 
f 333/333/347 499/499/128 248/248/219 55/55/247 
f 500/500/348 333/333/347 55/55/247 245/245/246 
f 334/334/406 500/500/348 245/245/246 53/53/243 
f 306/306/349 500/500/348 334/334/406 98/98/407 
f 501/501/356 334/334/406 53/53/243 242/242/242 
f 335/335/336 501/501/356 242/242/242 51/51/239 
f 502/502/337 335/335/336 51/51/239 239/239/238 
f 336/336/353 502/502/337 239/239/238 49/49/234 
f 503/503/100 336/336/353 49/49/234 236/236/28 
f 337/337/345 338/338/332 94/94/331 95/95/408 
f 98/98/407 334/334/406 501/501/356 305/305/355 
f 337/337/345 504/504/99 234/234/31 47/47/89 
f 302/302/392 504/504/99 337/337/345 95/95/408 
f 113/113/409 345/345/351 358/358/350 114/114/410 
f 505/505/333 338/338/332 45/45/88 230/230/233 
f 339/339/343 505/505/333 230/230/233 43/43/228 
f 506/506/340 339/339/343 43/43/228 227/227/231 
f 340/340/341 506/506/340 227/227/231 41/41/227 
f 93/93/344 339/339/343 506/506/340 300/300/339 
f 507/507/401 340/340/341 41/41/227 224/224/226 
f 341/341/411 507/507/401 224/224/226 39/39/223 
f 299/299/402 507/507/401 341/341/411 91/91/412 
f 508/508/328 341/341/411 39/39/223 221/221/222 
f 342/342/329 508/508/328 221/221/222 37/37/215 
f 509/509/364 342/342/329 37/37/215 218/218/185 
f 398/398/324 399/399/324 538/538/324 537/537/324 
f 343/343/321 510/510/365 216/216/188 35/35/210 
f 91/91/412 341/341/411 508/508/328 298/298/327 
f 296/296/366 510/510/365 343/343/321 89/89/320 
f 511/511/322 343/343/321 35/35/210 213/213/209 
f 344/344/313 511/511/322 213/213/209 33/33/206 
f 295/295/323 511/511/322 344/344/313 88/88/312 
f 512/512/314 344/344/313 33/33/206 212/212/205 
f 292/292/318 512/512/314 212/212/205 31/31/20 
f 27/27/201 345/345/351 513/513/413 202/202/202 
f 345/345/351 113/113/409 346/346/414 513/513/413 
f 513/513/413 346/346/414 25/25/193 200/200/199 
f 202/202/202 513/513/413 200/200/199 26/26/198 
f 113/113/409 347/347/326 514/514/415 346/346/414 
f 347/347/326 119/119/325 348/348/416 514/514/415 
f 514/514/415 348/348/416 24/24/191 198/198/194 
f 346/346/414 514/514/415 198/198/194 25/25/193 
f 119/119/325 349/349/405 515/515/417 348/348/416 
f 349/349/405 125/125/362 350/350/361 515/515/417 
f 515/515/417 350/350/361 23/23/172 196/196/192 
f 348/348/416 515/515/417 196/196/192 24/24/191 
f 350/350/361 351/351/360 22/22/173 23/23/172 
f 516/516/310 517/517/309 191/191/174 193/193/179 
f 131/131/359 352/352/307 516/516/310 351/351/360 
f 362/362/324 353/353/308 352/352/307 361/361/324 
f 131/131/359 125/125/362 126/126/324 132/132/324 
f 351/351/360 516/516/310 193/193/179 22/22/173 
f 353/353/308 137/137/418 354/354/419 517/517/309 
f 517/517/309 354/354/419 21/21/165 191/191/174 
f 137/137/418 355/355/420 518/518/421 354/354/419 
f 355/355/420 143/143/422 356/356/423 518/518/421 
f 518/518/421 356/356/423 20/20/157 190/190/166 
f 354/354/419 518/518/421 190/190/166 21/21/165 
f 143/143/422 357/357/424 519/519/425 356/356/423 
f 357/357/424 18/18/121 186/186/152 519/519/425 
f 519/519/425 186/186/152 19/19/151 188/188/158 
f 356/356/423 519/519/425 188/188/158 20/20/157 
f 359/359/324 347/347/326 113/113/409 114/114/410 
f 134/134/324 384/384/324 383/383/324 128/128/324 
f 360/360/324 349/349/405 119/119/325 120/120/324 
f 137/137/418 353/353/308 362/362/324 138/138/324 
f 143/143/422 355/355/420 363/363/324 144/144/426 
f 370/370/324 371/371/324 132/132/324 126/126/324 
f 361/361/324 352/352/307 131/131/359 132/132/324 
f 385/385/324 386/386/324 531/531/324 530/530/324 
f 363/363/324 355/355/420 137/137/418 138/138/324 
f 135/135/324 397/397/324 396/396/324 129/129/324 
f 364/364/427 357/357/424 143/143/422 144/144/426 
f 17/17/122 18/18/121 357/357/424 364/364/427 
f 127/127/324 133/133/324 371/371/324 370/370/324 
f 2/2/23 365/365/428 520/520/429 204/204/212 
f 365/365/428 115/115/430 366/366/431 520/520/429 
f 520/520/429 366/366/431 114/114/410 358/358/350 
f 204/204/212 520/520/429 358/358/350 28/28/213 
f 115/115/430 367/367/432 521/521/324 366/366/431 
f 367/367/432 121/121/324 368/368/324 521/521/324 
f 521/521/324 368/368/324 120/120/324 359/359/324 
f 366/366/431 521/521/324 359/359/324 114/114/410 
f 121/121/324 369/369/324 522/522/324 368/368/324 
f 369/369/324 127/127/324 370/370/324 522/522/324 
f 522/522/324 370/370/324 126/126/324 360/360/324 
f 368/368/324 522/522/324 360/360/324 120/120/324 
f 523/523/324 524/524/324 362/362/324 361/361/324 
f 372/372/324 373/373/324 524/524/324 523/523/324 
f 133/133/324 372/372/324 523/523/324 371/371/324 
f 530/530/324 531/531/324 373/373/324 372/372/324 
f 383/383/324 384/384/324 133/133/324 127/127/324 
f 371/371/324 523/523/324 361/361/324 132/132/324 
f 373/373/324 139/139/324 374/374/324 524/524/324 
f 524/524/324 374/374/324 138/138/324 362/362/324 
f 139/139/324 375/375/433 525/525/324 374/374/324 
f 375/375/433 145/145/434 376/376/435 525/525/324 
f 525/525/324 376/376/435 144/144/426 363/363/324 
f 374/374/324 525/525/324 363/363/324 138/138/324 
f 145/145/434 377/377/436 526/526/437 376/376/435 
f 377/377/436 16/16/137 183/183/143 526/526/437 
f 526/526/437 183/183/143 17/17/122 364/364/427 
f 376/376/435 526/526/437 364/364/427 144/144/426 
f 1/1/12 378/378/438 527/527/439 152/152/21 
f 378/378/438 116/116/440 379/379/441 527/527/439 
f 527/527/439 379/379/441 115/115/430 365/365/428 
f 152/152/21 527/527/439 365/365/428 2/2/23 
f 116/116/440 380/380/324 528/528/324 379/379/441 
f 380/380/324 122/122/324 381/381/324 528/528/324 
f 528/528/324 381/381/324 121/121/324 367/367/432 
f 379/379/441 528/528/324 367/367/432 115/115/430 
f 122/122/324 382/382/324 529/529/324 381/381/324 
f 382/382/324 128/128/324 383/383/324 529/529/324 
f 529/529/324 383/383/324 127/127/324 369/369/324 
f 381/381/324 529/529/324 369/369/324 121/121/324 
f 396/396/324 397/397/324 134/134/324 128/128/324 
f 156/156/44 548/548/442 541/541/443 154/154/36 
f 134/134/324 385/385/324 530/530/324 384/384/324 
f 537/537/324 538/538/324 386/386/324 385/385/324 
f 450/450/164 451/451/156 193/193/179 191/191/174 
f 384/384/324 530/530/324 372/372/324 133/133/324 
f 386/386/324 140/140/324 387/387/324 531/531/324 
f 531/531/324 387/387/324 139/139/324 373/373/324 
f 140/140/324 388/388/324 532/532/324 387/387/324 
f 388/388/324 146/146/444 389/389/445 532/532/324 
f 532/532/324 389/389/445 145/145/434 375/375/433 
f 387/387/324 532/532/324 375/375/433 139/139/324 
f 146/146/444 390/390/446 533/533/447 389/389/445 
f 390/390/446 15/15/131 181/181/138 533/533/447 
f 533/533/447 181/181/138 16/16/137 377/377/436 
f 389/389/445 533/533/447 377/377/436 145/145/434 
f 3/3/10 391/391/448 534/534/449 150/150/11 
f 391/391/448 117/117/450 392/392/451 534/534/449 
f 534/534/449 392/392/451 116/116/440 378/378/438 
f 150/150/11 534/534/449 378/378/438 1/1/12 
f 117/117/450 393/393/324 535/535/324 392/392/451 
f 393/393/324 123/123/324 394/394/324 535/535/324 
f 535/535/324 394/394/324 122/122/324 380/380/324 
f 392/392/451 535/535/324 380/380/324 116/116/440 
f 123/123/324 395/395/324 536/536/324 394/394/324 
f 395/395/324 129/129/324 396/396/324 536/536/324 
f 536/536/324 396/396/324 128/128/324 382/382/324 
f 394/394/324 536/536/324 382/382/324 122/122/324 
f 550/550/324 415/415/324 406/406/324 543/543/324 
f 549/549/324 413/413/324 405/405/324 542/542/324 
f 135/135/324 398/398/324 537/537/324 397/397/324 
f 544/544/324 545/545/324 399/399/324 398/398/324 
f 553/553/324 421/421/452 409/409/453 546/546/324 
f 397/397/324 537/537/324 385/385/324 134/134/324 
f 399/399/324 141/141/324 400/400/324 538/538/324 
f 538/538/324 400/400/324 140/140/324 386/386/324 
f 141/141/324 401/401/324 539/539/324 400/400/324 
f 401/401/324 147/147/454 402/402/455 539/539/324 
f 539/539/324 402/402/455 146/146/444 388/388/324 
f 400/400/324 539/539/324 388/388/324 140/140/324 
f 147/147/454 403/403/456 540/540/457 402/402/455 
f 403/403/456 14/14/126 179/179/132 540/540/457 
f 540/540/457 179/179/132 15/15/131 390/390/446 
f 402/402/455 540/540/457 390/390/446 146/146/444 
f 548/548/442 411/411/458 404/404/459 541/541/443 
f 411/411/458 549/549/324 542/542/324 404/404/459 
f 541/541/443 404/404/459 117/117/450 391/391/448 
f 154/154/36 541/541/443 391/391/448 3/3/10 
f 554/554/460 175/175/35 177/177/34 547/547/461 
f 413/413/324 550/550/324 543/543/324 405/405/324 
f 542/542/324 405/405/324 123/123/324 393/393/324 
f 404/404/459 542/542/324 393/393/324 117/117/450 
f 9/9/92 426/426/462 425/425/463 8/8/69 
f 406/406/324 407/407/324 135/135/324 129/129/324 
f 543/543/324 406/406/324 129/129/324 395/395/324 
f 405/405/324 543/543/324 395/395/324 123/123/324 
f 166/166/91 168/168/98 559/559/464 558/558/465 
f 407/407/324 406/406/324 415/415/324 416/416/324 
f 552/552/324 419/419/324 408/408/324 545/545/324 
f 407/407/324 544/544/324 398/398/324 135/135/324 
f 551/551/324 552/552/324 545/545/324 544/544/324 
f 419/419/324 553/553/324 546/546/324 408/408/324 
f 545/545/324 408/408/324 141/141/324 399/399/324 
f 82/82/280 29/29/200 205/205/80 206/206/79 
f 421/421/452 554/554/460 547/547/461 409/409/453 
f 546/546/324 409/409/453 147/147/454 401/401/324 
f 408/408/324 546/546/324 401/401/324 141/141/324 
f 201/201/82 203/203/81 28/28/213 27/27/201 
f 547/547/461 177/177/34 14/14/126 403/403/456 
f 409/409/453 547/547/461 403/403/456 147/147/454 
f 4/4/43 410/410/466 548/548/442 156/156/44 
f 410/410/466 118/118/467 411/411/458 548/548/442 
f 118/118/467 412/412/468 549/549/324 411/411/458 
f 412/412/468 124/124/469 413/413/324 549/549/324 
f 124/124/469 414/414/470 550/550/324 413/413/324 
f 414/414/470 130/130/471 415/415/324 550/550/324 
f 425/425/463 426/426/462 136/136/472 130/130/471 
f 416/416/324 551/551/324 544/544/324 407/407/324 
f 417/417/473 418/418/474 552/552/324 551/551/324 
f 136/136/472 417/417/473 551/551/324 416/416/324 
f 558/558/465 559/559/464 418/418/474 417/417/473 
f 418/418/474 142/142/475 419/419/324 552/552/324 
f 136/136/472 416/416/324 415/415/324 130/130/471 
f 142/142/475 420/420/476 553/553/324 419/419/324 
f 420/420/476 148/148/477 421/421/452 553/553/324 
f 148/148/477 422/422/478 554/554/460 421/421/452 
f 422/422/478 13/13/113 175/175/35 554/554/460 
f 5/5/51 160/160/58 555/555/479 158/158/52 
f 160/160/58 6/6/57 423/423/480 555/555/479 
f 555/555/479 423/423/480 118/118/467 410/410/466 
f 158/158/52 555/555/479 410/410/466 4/4/43 
f 6/6/57 162/162/64 556/556/481 423/423/480 
f 162/162/64 7/7/63 424/424/482 556/556/481 
f 556/556/481 424/424/482 124/124/469 412/412/468 
f 423/423/480 556/556/481 412/412/468 118/118/467 
f 7/7/63 164/164/70 557/557/483 424/424/482 
f 164/164/70 8/8/69 425/425/463 557/557/483 
f 557/557/483 425/425/463 130/130/471 414/414/470 
f 424/424/482 557/557/483 414/414/470 124/124/469 
f 431/431/7 432/432/16 156/156/44 154/154/36 
f 232/232/46 233/233/75 165/165/78 163/163/47 
f 9/9/92 166/166/91 558/558/465 426/426/462 
f 163/163/47 165/165/78 9/9/92 8/8/69 
f 437/437/77 438/438/68 168/168/98 166/166/91 
f 426/426/462 558/558/465 417/417/473 136/136/472 
f 168/168/98 10/10/97 427/427/484 559/559/464 
f 559/559/464 427/427/484 142/142/475 418/418/474 
f 10/10/97 170/170/102 560/560/485 427/427/484 
f 170/170/102 11/11/101 428/428/486 560/560/485 
f 560/560/485 428/428/486 148/148/477 420/420/476 
f 427/427/484 560/560/485 420/420/476 142/142/475 
f 11/11/101 172/172/107 561/561/487 428/428/486 
f 172/172/107 12/12/106 174/174/114 561/561/487 
f 561/561/487 174/174/114 13/13/113 422/422/478 
f 428/428/486 561/561/487 422/422/478 148/148/477 
f 563/563/488 566/566/489 565/565/490 562/562/491 
f 690/690/492 563/563/488 562/562/491 564/564/493 
f 566/566/489 568/568/494 567/567/495 565/565/490 
f 568/568/494 570/570/496 569/569/497 567/567/495 
f 570/570/496 572/572/498 571/571/499 569/569/497 
f 572/572/498 574/574/500 573/573/501 571/571/499 
f 574/574/500 576/576/502 575/575/503 573/573/501 
f 576/576/502 578/578/504 577/577/505 575/575/503 
f 578/578/504 580/580/506 579/579/507 577/577/505 
f 580/580/506 582/582/508 581/581/509 579/579/507 
f 582/582/508 584/584/510 583/583/511 581/581/509 
f 584/584/510 586/586/512 585/585/513 583/583/511 
f 586/586/512 588/588/514 587/587/515 585/585/513 
f 588/588/514 590/590/516 589/589/517 587/587/515 
f 590/590/516 592/592/518 591/591/519 589/589/517 
f 592/592/518 594/594/520 593/593/521 591/591/519 
f 594/594/520 596/596/522 595/595/523 593/593/521 
f 596/596/522 598/598/524 597/597/525 595/595/523 
f 598/5404/524 600/600/526 599/599/527 597/5402/525 
f 600/600/526 602/602/528 601/601/529 599/599/527 
f 602/602/528 604/604/530 603/603/531 601/601/529 
f 604/604/530 606/606/532 605/605/533 603/603/531 
f 606/606/532 608/608/534 607/607/535 605/605/533 
f 608/608/534 610/610/536 609/609/537 607/607/535 
f 610/610/536 612/612/538 611/611/539 609/609/537 
f 612/612/538 614/614/540 613/613/541 611/611/539 
f 614/614/540 616/616/542 615/615/543 613/613/541 
f 616/616/542 618/618/544 617/617/545 615/615/543 
f 618/618/544 620/620/546 619/619/547 617/617/545 
f 620/620/546 622/622/548 621/621/549 619/619/547 
f 622/622/548 624/624/550 623/623/551 621/621/549 
f 624/624/550 626/626/552 625/625/553 623/623/551 
f 626/626/552 628/628/554 627/627/555 625/625/553 
f 628/628/554 630/630/556 629/629/557 627/627/555 
f 630/630/556 632/632/558 631/631/559 629/629/557 
f 632/632/558 634/634/560 633/633/561 631/631/559 
f 634/634/560 636/636/562 635/635/563 633/633/561 
f 636/636/562 638/638/564 637/637/565 635/635/563 
f 638/638/564 640/640/566 639/639/567 637/637/565 
f 640/640/566 642/642/568 641/641/569 639/639/567 
f 642/642/568 644/644/570 643/643/571 641/641/569 
f 644/644/570 646/646/572 645/645/573 643/643/571 
f 646/646/572 648/648/574 647/647/575 645/645/573 
f 648/648/574 650/650/576 649/649/577 647/647/575 
f 650/650/576 652/652/578 651/651/579 649/649/577 
f 652/652/578 654/654/580 653/653/581 651/651/579 
f 654/654/580 656/656/582 655/655/583 653/653/581 
f 656/656/582 658/658/584 657/657/585 655/655/583 
f 658/658/584 660/660/586 659/659/587 657/657/585 
f 660/660/586 662/662/588 661/661/589 659/659/587 
f 662/662/588 664/664/590 663/663/591 661/661/589 
f 664/664/590 666/666/592 665/665/593 663/663/591 
f 666/666/592 668/668/594 667/667/595 665/665/593 
f 668/668/594 670/670/596 669/669/597 667/667/595 
f 670/670/596 672/672/598 671/671/599 669/669/597 
f 672/672/598 674/674/600 673/673/601 671/671/599 
f 674/674/600 676/676/602 675/675/603 673/673/601 
f 676/676/602 678/678/604 677/677/605 675/675/603 
f 678/678/604 680/680/606 679/679/607 677/677/605 
f 680/680/606 682/682/608 681/681/609 679/679/607 
f 682/682/608 684/684/610 683/683/611 681/681/609 
f 684/684/610 686/686/612 685/685/613 683/683/611 
f 686/686/612 688/688/614 687/687/615 685/685/613 
f 688/688/614 690/690/492 564/564/493 687/687/615 
f 689/689/616 688/688/614 686/686/612 759/759/617 
f 691/691/618 690/690/492 688/688/614 689/689/616 
f 693/693/619 563/563/488 690/690/492 691/691/618 
f 692/692/620 691/691/618 689/689/616 755/755/621 
f 694/694/622 693/693/619 691/691/618 692/692/620 
f 694/694/622 697/697/623 695/695/624 693/693/619 
f 693/693/619 695/695/624 566/566/489 563/563/488 
f 695/695/624 696/696/625 568/568/494 566/566/489 
f 697/697/623 698/698/626 696/696/625 695/695/624 
f 702/702/627 698/698/626 697/697/623 699/699/628 
f 699/699/628 697/697/623 694/694/622 701/701/629 
f 700/700/630 703/703/631 702/702/627 699/699/628 
f 757/757/632 700/700/630 699/699/628 701/701/629 
f 703/703/631 705/705/633 704/704/634 702/702/627 
f 706/706/635 698/698/626 702/702/627 704/704/634 
f 705/705/633 709/709/636 707/707/637 704/704/634 
f 708/708/638 706/706/635 704/704/634 707/707/637 
f 711/711/639 708/708/638 707/707/637 710/710/640 
f 709/709/636 713/713/301 710/710/640 707/707/637 
f 938/938/641 711/711/639 710/710/640 712/712/642 
f 713/713/301 714/714/304 712/712/642 710/710/640 
f 715/715/302 713/713/301 709/709/636 716/716/643 
f 709/709/636 705/705/633 717/717/644 716/716/643 
f 717/717/644 705/705/633 703/703/631 718/718/645 
f 703/703/631 700/700/630 719/719/646 718/718/645 
f 719/719/646 700/700/630 757/757/632 720/720/647 
f 742/742/648 729/729/649 727/727/650 726/726/651 
f 720/720/647 757/757/632 756/756/652 721/721/653 
f 721/721/653 756/756/652 750/750/654 722/722/655 
f 750/750/654 749/749/656 723/723/657 722/722/655 
f 723/723/657 749/749/656 748/748/658 724/724/659 
f 748/748/658 747/747/660 725/725/661 724/724/659 
f 727/727/650 729/729/649 730/730/662 728/728/663 
f 731/731/664 728/728/663 730/730/662 732/732/665 
f 731/731/664 732/732/665 733/733/666 805/805/667 
f 795/795/668 792/792/669 793/793/670 796/796/671 
f 732/732/665 730/730/662 737/737/672 734/734/673 
f 733/733/666 732/732/665 734/734/673 735/735/674 
f 736/736/675 768/768/676 735/735/674 734/734/673 
f 738/738/677 736/736/675 734/734/673 737/737/672 
f 737/737/672 739/739/678 740/740/679 738/738/677 
f 730/730/662 729/729/649 739/739/678 737/737/672 
f 739/739/678 741/741/680 743/743/681 740/740/679 
f 729/729/649 742/742/648 741/741/680 739/739/678 
f 742/742/648 747/747/660 744/744/682 741/741/680 
f 741/741/680 744/744/682 746/746/683 743/743/681 
f 747/747/660 748/748/658 745/745/684 744/744/682 
f 744/744/682 745/745/684 758/758/685 746/746/683 
f 748/748/658 749/749/656 751/751/686 745/745/684 
f 749/749/656 750/750/654 753/753/687 751/751/686 
f 751/751/686 752/752/688 758/758/685 745/745/684 
f 753/753/687 755/755/621 752/752/688 751/751/686 
f 750/750/654 756/756/652 754/754/689 753/753/687 
f 754/754/689 692/692/620 755/755/621 753/753/687 
f 755/755/621 689/689/616 759/759/617 752/752/688 
f 694/694/622 692/692/620 754/754/689 701/701/629 
f 756/756/652 757/757/632 701/701/629 754/754/689 
f 752/752/688 759/759/617 760/760/690 758/758/685 
f 759/759/617 686/686/612 684/684/610 760/760/690 
f 684/684/610 682/682/608 761/761/691 760/760/690 
f 760/760/690 761/761/691 746/746/683 758/758/685 
f 761/761/691 682/682/608 680/680/606 762/762/692 
f 746/746/683 761/761/691 762/762/692 743/743/681 
f 762/762/692 763/763/693 740/740/679 743/743/681 
f 762/762/692 680/680/606 678/678/604 763/763/693 
f 763/763/693 678/678/604 676/676/602 764/764/694 
f 740/740/679 763/763/693 764/764/694 738/738/677 
f 738/738/677 764/764/694 765/765/695 736/736/675 
f 764/764/694 676/676/602 674/674/600 765/765/695 
f 765/765/695 674/674/600 672/672/598 766/766/696 
f 736/736/675 765/765/695 766/766/696 768/768/676 
f 766/766/696 672/672/598 670/670/596 767/767/697 
f 768/768/676 766/766/696 767/767/697 769/769/698 
f 768/768/676 769/769/698 770/770/699 735/735/674 
f 769/769/698 767/767/697 773/773/700 771/771/701 
f 769/769/698 771/771/701 774/774/702 770/770/699 
f 771/771/701 772/772/703 776/776/704 774/774/702 
f 771/771/701 773/773/700 1009/1009/705 772/772/703 
f 775/775/706 806/806/707 770/770/699 774/774/702 
f 777/777/708 775/775/706 774/774/702 776/776/704 
f 779/779/709 777/777/708 776/776/704 778/778/710 
f 772/772/703 780/780/711 778/778/710 776/776/704 
f 782/782/712 779/779/709 778/778/710 781/781/713 
f 780/780/711 783/783/714 781/781/713 778/778/710 
f 786/786/715 782/782/712 781/781/713 784/784/716 
f 783/783/714 785/785/717 784/784/716 781/781/713 
f 785/785/717 788/788/718 787/787/719 784/784/716 
f 790/790/720 786/786/715 784/784/716 787/787/719 
f 788/788/718 1004/1004/721 789/789/722 787/787/719 
f 791/791/723 790/790/720 787/787/719 789/789/722 
f 827/827/724 817/817/725 815/815/726 814/814/727 
f 725/725/661 747/747/660 742/742/648 726/726/651 
f 800/800/728 782/782/712 786/786/715 799/799/729 
f 792/792/669 791/791/723 789/789/722 794/794/730 
f 793/793/670 792/792/669 794/794/730 996/996/731 
f 792/792/669 795/795/668 797/797/732 791/791/723 
f 779/779/709 782/782/712 800/800/728 801/801/733 
f 802/802/734 777/777/708 779/779/709 801/801/733 
f 802/802/734 803/803/735 775/775/706 777/777/708 
f 733/733/666 806/806/707 804/804/736 805/805/667 
f 790/790/720 798/798/737 799/799/729 786/786/715 
f 804/804/736 806/806/707 775/775/706 803/803/735 
f 806/806/707 733/733/666 735/735/674 770/770/699 
f 798/798/737 790/790/720 791/791/723 797/797/732 
f 793/793/670 995/995/738 807/807/739 796/796/671 
f 807/807/739 995/995/738 994/994/740 808/808/741 
f 994/994/740 991/991/742 809/809/743 808/808/741 
f 809/809/743 991/991/742 834/834/744 810/810/745 
f 834/834/744 833/833/746 811/811/747 810/810/745 
f 811/811/747 833/833/746 832/832/748 812/812/749 
f 832/832/748 831/831/750 813/813/751 812/812/749 
f 815/815/726 817/817/725 818/818/752 816/816/753 
f 818/818/752 819/819/754 865/865/755 816/816/753 
f 860/860/756 857/857/757 858/858/758 861/861/759 
f 818/818/752 817/817/725 823/823/760 820/820/761 
f 819/819/754 818/818/752 820/820/761 822/822/762 
f 824/824/763 821/821/764 820/820/761 823/823/760 
f 821/821/764 848/848/765 822/822/762 820/820/761 
f 817/817/725 827/827/724 825/825/766 823/823/760 
f 826/826/767 824/824/763 823/823/760 825/825/766 
f 829/829/768 826/826/767 825/825/766 828/828/769 
f 827/827/724 831/831/750 828/828/769 825/825/766 
f 840/840/770 829/829/768 828/828/769 830/830/771 
f 831/831/750 832/832/748 830/830/771 828/828/769 
f 832/832/748 833/833/746 835/835/772 830/830/771 
f 833/833/746 834/834/744 836/836/773 835/835/772 
f 837/837/774 840/840/770 830/830/771 835/835/772 
f 838/838/775 837/837/774 835/835/772 836/836/773 
f 838/838/775 985/985/776 839/839/777 837/837/774 
f 837/837/774 839/839/777 841/841/778 840/840/770 
f 840/840/770 841/841/778 842/842/779 829/829/768 
f 841/841/778 640/640/566 638/638/564 842/842/779 
f 839/839/777 642/642/568 640/640/566 841/841/778 
f 829/829/768 842/842/779 843/843/780 826/826/767 
f 842/842/779 638/638/564 636/636/562 843/843/780 
f 826/826/767 843/843/780 844/844/781 824/824/763 
f 843/843/780 636/636/562 634/634/560 844/844/781 
f 844/844/781 634/634/560 632/632/558 845/845/782 
f 824/824/763 844/844/781 845/845/782 821/821/764 
f 821/821/764 845/845/782 846/846/783 848/848/765 
f 845/845/782 632/632/558 630/630/556 846/846/783 
f 846/846/783 630/630/556 628/628/554 847/847/784 
f 848/848/765 846/846/783 847/847/784 849/849/785 
f 848/848/765 849/849/785 851/851/786 822/822/762 
f 849/849/785 850/850/787 853/853/788 851/851/786 
f 849/849/785 847/847/784 984/984/789 850/850/787 
f 852/852/790 819/819/754 822/822/762 851/851/786 
f 855/855/791 852/852/790 851/851/786 853/853/788 
f 850/850/787 983/983/792 854/854/793 853/853/788 
f 856/856/794 855/855/791 853/853/788 854/854/793 
f 886/886/795 876/876/796 874/874/797 873/873/798 
f 813/813/751 831/831/750 827/827/724 814/814/727 
f 865/865/755 819/819/754 852/852/790 864/864/799 
f 857/857/757 856/856/794 854/854/793 859/859/800 
f 858/858/758 857/857/757 859/859/800 975/975/801 
f 857/857/757 860/860/756 862/862/802 856/856/794 
f 855/855/791 863/863/803 864/864/799 852/852/790 
f 863/863/803 855/855/791 856/856/794 862/862/802 
f 858/858/758 974/974/804 866/866/805 861/861/759 
f 866/866/805 974/974/804 973/973/806 867/867/807 
f 973/973/806 970/970/808 868/868/809 867/867/807 
f 868/868/809 970/970/808 893/893/810 869/869/811 
f 893/893/810 892/892/812 870/870/813 869/869/811 
f 870/870/813 892/892/812 891/891/814 871/871/815 
f 891/891/814 890/890/816 872/872/817 871/871/815 
f 874/874/797 876/876/796 877/877/818 875/875/819 
f 877/877/818 878/878/820 924/924/821 875/875/819 
f 919/919/822 916/916/823 917/917/824 920/920/825 
f 877/877/818 876/876/796 882/882/826 879/879/827 
f 878/878/820 877/877/818 879/879/827 881/881/828 
f 883/883/829 880/880/830 879/879/827 882/882/826 
f 880/880/830 907/907/831 881/881/828 879/879/827 
f 876/876/796 886/886/795 884/884/832 882/882/826 
f 885/885/833 883/883/829 882/882/826 884/884/832 
f 888/888/834 885/885/833 884/884/832 887/887/835 
f 886/886/795 890/890/816 887/887/835 884/884/832 
f 899/899/836 888/888/834 887/887/835 889/889/837 
f 890/890/816 891/891/814 889/889/837 887/887/835 
f 891/891/814 892/892/812 894/894/838 889/889/837 
f 892/892/812 893/893/810 895/895/839 894/894/838 
f 896/896/840 899/899/836 889/889/837 894/894/838 
f 897/897/841 896/896/840 894/894/838 895/895/839 
f 897/897/841 964/964/842 898/898/843 896/896/840 
f 896/896/840 898/898/843 900/900/844 899/899/836 
f 899/899/836 900/900/844 901/901/845 888/888/834 
f 900/900/844 608/608/534 606/606/532 901/901/845 
f 898/898/843 610/610/536 608/608/534 900/900/844 
f 888/888/834 901/901/845 902/902/846 885/885/833 
f 901/901/845 606/606/532 604/604/530 902/902/846 
f 885/885/833 902/902/846 903/903/847 883/883/829 
f 902/902/846 604/604/530 602/602/528 903/903/847 
f 903/903/847 602/602/528 600/600/526 904/904/848 
f 883/883/829 903/903/847 904/904/848 880/880/830 
f 880/880/830 904/904/848 905/905/849 907/907/831 
f 904/904/848 600/600/526 598/5404/524 905/905/849 
f 905/5406/849 598/598/524 596/596/522 906/906/850 
f 907/5405/831 905/5406/849 906/906/850 908/908/851 
f 907/5405/831 908/908/851 910/910/852 881/5408/828 
f 908/908/851 909/909/853 912/912/854 910/910/852 
f 908/908/851 906/906/850 963/963/855 909/909/853 
f 911/911/856 878/5401/820 881/5408/828 910/910/852 
f 914/914/857 911/911/856 910/910/852 912/912/854 
f 909/909/853 962/962/858 913/913/859 912/912/854 
f 915/915/860 914/914/857 912/912/854 913/913/859 
f 929/929/861 931/931/862 714/714/304 930/930/303 
f 872/872/817 890/890/816 886/886/795 873/873/798 
f 924/5403/821 878/5401/820 911/911/856 923/923/863 
f 916/916/823 915/915/860 913/913/859 918/918/864 
f 917/917/824 916/916/823 918/918/864 954/954/865 
f 916/916/823 919/919/822 921/921/866 915/915/860 
f 914/914/857 922/922/867 923/923/863 911/911/856 
f 922/922/867 914/914/857 915/915/860 921/921/866 
f 917/917/824 953/953/868 925/925/869 920/920/825 
f 925/925/869 953/953/868 952/952/870 926/926/871 
f 952/952/870 949/949/872 927/927/873 926/926/871 
f 927/927/873 949/949/872 932/932/874 928/928/875 
f 932/932/874 931/931/862 929/929/861 928/928/875 
f 931/931/862 932/932/874 934/934/876 933/933/877 
f 714/714/304 931/931/862 933/933/877 712/712/642 
f 935/935/878 938/938/641 712/712/642 933/933/877 
f 936/936/879 935/935/878 933/933/877 934/934/876 
f 936/936/879 943/943/880 937/937/881 935/935/878 
f 935/935/878 937/937/881 939/939/882 938/938/641 
f 938/938/641 939/939/882 940/940/883 711/711/639 
f 940/940/883 939/939/882 576/576/502 574/574/500 
f 937/937/881 578/578/504 576/576/502 939/939/882 
f 711/711/639 940/940/883 941/941/884 708/708/638 
f 941/941/884 940/940/883 574/574/500 572/572/498 
f 942/942/885 941/941/884 572/572/498 570/570/496 
f 706/706/635 708/708/638 941/941/884 942/942/885 
f 696/696/625 942/942/885 570/570/496 568/568/494 
f 698/698/626 706/706/635 942/942/885 696/696/625 
f 943/943/880 580/580/506 578/578/504 937/937/881 
f 946/946/886 944/944/887 943/943/880 936/936/879 
f 944/944/887 582/582/508 580/580/506 943/943/880 
f 945/945/888 584/584/510 582/582/508 944/944/887 
f 947/947/889 945/945/888 944/944/887 946/946/886 
f 946/946/886 936/936/879 934/934/876 948/948/890 
f 947/947/889 946/946/886 948/948/890 950/950/891 
f 949/949/872 952/952/870 950/950/891 948/948/890 
f 932/932/874 949/949/872 948/948/890 934/934/876 
f 952/952/870 953/953/868 951/951/892 950/950/891 
f 955/955/893 947/947/889 950/950/891 951/951/892 
f 953/953/868 917/917/824 954/954/865 951/951/892 
f 956/956/894 955/955/893 951/951/892 954/954/865 
f 955/955/893 957/957/895 945/945/888 947/947/889 
f 956/956/894 958/958/896 957/957/895 955/955/893 
f 957/957/895 586/586/512 584/584/510 945/945/888 
f 958/958/896 588/588/514 586/586/512 957/957/895 
f 961/961/897 959/959/898 958/958/896 956/956/894 
f 959/959/898 590/590/516 588/588/514 958/958/896 
f 960/960/899 592/592/518 590/590/516 959/959/898 
f 962/962/858 960/960/899 959/959/898 961/961/897 
f 962/962/858 961/961/897 918/918/864 913/913/859 
f 961/961/897 956/956/894 954/954/865 918/918/864 
f 909/909/853 963/963/855 960/960/899 962/962/858 
f 963/963/855 594/594/520 592/592/518 960/960/899 
f 906/906/850 596/596/522 594/594/520 963/963/855 
f 964/964/842 612/612/538 610/610/536 898/898/843 
f 967/967/900 965/965/901 964/964/842 897/897/841 
f 965/965/901 614/614/540 612/612/538 964/964/842 
f 966/966/902 616/616/542 614/614/540 965/965/901 
f 968/968/903 966/966/902 965/965/901 967/967/900 
f 967/967/900 897/897/841 895/895/839 969/969/904 
f 968/968/903 967/967/900 969/969/904 971/971/905 
f 970/970/808 973/973/806 971/971/905 969/969/904 
f 893/893/810 970/970/808 969/969/904 895/895/839 
f 973/973/806 974/974/804 972/972/906 971/971/905 
f 976/976/907 968/968/903 971/971/905 972/972/906 
f 974/974/804 858/858/758 975/975/801 972/972/906 
f 977/977/908 976/976/907 972/972/906 975/975/801 
f 976/976/907 978/978/909 966/966/902 968/968/903 
f 977/977/908 979/979/910 978/978/909 976/976/907 
f 978/978/909 618/618/544 616/616/542 966/966/902 
f 979/979/910 620/620/546 618/618/544 978/978/909 
f 982/982/911 980/980/912 979/979/910 977/977/908 
f 980/980/912 622/622/548 620/620/546 979/979/910 
f 981/981/913 624/624/550 622/622/548 980/980/912 
f 983/983/792 981/981/913 980/980/912 982/982/911 
f 983/983/792 982/982/911 859/859/800 854/854/793 
f 982/982/911 977/977/908 975/975/801 859/859/800 
f 850/850/787 984/984/789 981/981/913 983/983/792 
f 984/984/789 626/626/552 624/624/550 981/981/913 
f 847/847/784 628/628/554 626/626/552 984/984/789 
f 985/985/776 644/644/570 642/642/568 839/839/777 
f 988/988/914 986/986/915 985/985/776 838/838/775 
f 986/986/915 646/646/572 644/644/570 985/985/776 
f 987/987/916 648/648/574 646/646/572 986/986/915 
f 989/989/917 987/987/916 986/986/915 988/988/914 
f 988/988/914 838/838/775 836/836/773 990/990/918 
f 989/989/917 988/988/914 990/990/918 992/992/919 
f 991/991/742 994/994/740 992/992/919 990/990/918 
f 834/834/744 991/991/742 990/990/918 836/836/773 
f 994/994/740 995/995/738 993/993/920 992/992/919 
f 997/997/921 989/989/917 992/992/919 993/993/920 
f 995/995/738 793/793/670 996/996/731 993/993/920 
f 998/998/922 997/997/921 993/993/920 996/996/731 
f 997/997/921 999/999/923 987/987/916 989/989/917 
f 998/998/922 1000/1000/924 999/999/923 997/997/921 
f 999/999/923 650/650/576 648/648/574 987/987/916 
f 1000/1000/924 652/652/578 650/650/576 999/999/923 
f 1003/1003/925 1001/1001/926 1000/1000/924 998/998/922 
f 1001/1001/926 654/654/580 652/652/578 1000/1000/924 
f 1002/1002/927 656/656/582 654/654/580 1001/1001/926 
f 1004/1004/721 1002/1002/927 1001/1001/926 1003/1003/925 
f 1004/1004/721 1003/1003/925 794/794/730 789/789/722 
f 1003/1003/925 998/998/922 996/996/731 794/794/730 
f 788/788/718 1005/1005/928 1002/1002/927 1004/1004/721 
f 1005/1005/928 658/658/584 656/656/582 1002/1002/927 
f 1006/1006/929 660/660/586 658/658/584 1005/1005/928 
f 785/785/717 1006/1006/929 1005/1005/928 788/788/718 
f 783/783/714 1007/1007/930 1006/1006/929 785/785/717 
f 1007/1007/930 662/662/588 660/660/586 1006/1006/929 
f 1008/1008/931 664/664/590 662/662/588 1007/1007/930 
f 780/780/711 1008/1008/931 1007/1007/930 783/783/714 
f 772/772/703 1009/1009/705 1008/1008/931 780/780/711 
f 1009/1009/705 666/666/592 664/664/590 1008/1008/931 
f 773/773/700 668/668/594 666/666/592 1009/1009/705 
f 767/767/697 670/670/596 668/668/594 773/773/700 
f 1011/1011/932 1158/1158/933 1438/1438/9 1161/1161/934 
f 1158/1158/933 1014/1014/935 1159/1159/936 1438/1438/9 
f 1438/1438/9 1159/1159/936 1013/1013/10 1160/1160/11 
f 1161/1161/934 1438/1438/9 1160/1160/11 1010/1010/12 
f 1065/1065/937 1162/1162/938 1439/1439/939 1164/1164/940 
f 1162/1162/938 1011/1011/932 1161/1161/934 1439/1439/939 
f 1439/1439/939 1161/1161/934 1010/1010/12 1163/1163/21 
f 1164/1164/940 1439/1439/939 1163/1163/21 1012/1012/23 
f 1178/1178/941 1180/1180/942 1445/1445/943 1444/1444/48 
f 1184/1184/944 1186/1186/67 1029/1029/97 1027/1027/945 
f 1016/1016/946 1166/1166/947 1440/1440/948 1165/1165/949 
f 1166/1166/947 1018/1018/950 1167/1167/15 1440/1440/948 
f 1440/1440/948 1167/1167/15 1017/1017/43 1168/1168/44 
f 1165/1165/949 1440/1440/948 1168/1168/44 1015/1015/951 
f 1018/1018/950 1169/1169/952 1441/1441/42 1167/1167/15 
f 1169/1169/952 1020/1020/953 1170/1170/50 1441/1441/42 
f 1441/1441/42 1170/1170/50 1019/1019/51 1171/1171/52 
f 1167/1167/15 1441/1441/42 1171/1171/52 1017/1017/43 
f 1020/1020/953 1172/1172/954 1442/1442/955 1170/1170/50 
f 1172/1172/954 1022/1022/956 1173/1173/26 1442/1442/955 
f 1442/1442/955 1173/1173/26 1021/1021/57 1174/1174/58 
f 1170/1170/50 1442/1442/955 1174/1174/58 1019/1019/51 
f 1022/1022/956 1175/1175/957 1443/1443/40 1173/1173/26 
f 1175/1175/957 1024/1024/958 1176/1176/39 1443/1443/40 
f 1443/1443/40 1176/1176/39 1023/1023/63 1177/1177/64 
f 1173/1173/26 1443/1443/40 1177/1177/64 1021/1021/57 
f 1024/1024/958 1178/1178/941 1444/1444/48 1176/1176/39 
f 1028/1028/959 1030/1030/960 1186/1186/67 1184/1184/944 
f 1040/1040/961 1199/1199/962 1197/1197/963 1038/1038/964 
f 1176/1176/39 1444/1444/48 1179/1179/965 1023/1023/63 
f 1180/1180/942 1026/1026/966 1181/1181/78 1445/1445/943 
f 1445/1445/943 1181/1181/78 1025/1025/92 1182/1182/967 
f 1026/1026/966 1183/1183/968 1446/1446/77 1181/1181/78 
f 1183/1183/968 1028/1028/959 1184/1184/944 1446/1446/77 
f 1446/1446/77 1184/1184/944 1027/1027/945 1185/1185/969 
f 1181/1181/78 1446/1446/77 1185/1185/969 1025/1025/92 
f 1520/1520/322 1352/1352/970 1247/1247/971 1468/1468/972 
f 1030/1030/960 1187/1187/973 1447/1447/74 1186/1186/67 
f 1187/1187/973 1032/1032/974 1188/1188/73 1447/1447/74 
f 1447/1447/74 1188/1188/73 1031/1031/101 1189/1189/102 
f 1186/1186/67 1447/1447/74 1189/1189/102 1029/1029/97 
f 1032/1032/974 1190/1190/975 1448/1448/976 1188/1188/73 
f 1190/1190/975 1034/1034/977 1191/1191/85 1448/1448/976 
f 1448/1448/976 1191/1191/85 1033/1033/106 1192/1192/107 
f 1188/1188/73 1448/1448/976 1192/1192/107 1031/1031/101 
f 1034/1034/977 1193/1193/978 1449/1449/96 1191/1191/85 
f 1193/1193/978 1036/1036/979 1194/1194/95 1449/1449/96 
f 1449/1449/96 1194/1194/95 1035/1035/113 1195/1195/114 
f 1191/1191/85 1449/1449/96 1195/1195/114 1033/1033/106 
f 1036/1036/979 1196/1196/980 1450/1450/32 1194/1194/95 
f 1196/1196/980 1038/1038/964 1197/1197/963 1450/1450/32 
f 1450/1450/32 1197/1197/963 1037/1037/981 1198/1198/35 
f 1194/1194/95 1450/1450/32 1198/1198/35 1035/1035/113 
f 1054/1054/982 1220/1220/983 1218/1218/146 1052/1052/984 
f 1218/1218/146 1220/1220/983 1053/1053/985 1051/1051/986 
f 1040/1040/961 1200/1200/987 1451/1451/111 1199/1199/962 
f 1200/1200/987 1042/1042/988 1201/1201/989 1451/1451/111 
f 1451/1451/111 1201/1201/989 1041/1041/131 1202/1202/132 
f 1199/1199/962 1451/1451/111 1202/1202/132 1039/1039/990 
f 1042/1042/988 1203/1203/991 1452/1452/118 1201/1201/989 
f 1203/1203/991 1044/1044/992 1204/1204/993 1452/1452/118 
f 1452/1452/118 1204/1204/993 1043/1043/137 1205/1205/138 
f 1201/1201/989 1452/1452/118 1205/1205/138 1041/1041/131 
f 1044/1044/992 1206/1206/994 1453/1453/125 1204/1204/993 
f 1238/1238/995 1240/1240/996 1465/1465/197 1464/1464/997 
f 1464/1464/997 1465/1465/197 1241/1241/998 1239/1239/999 
f 1204/1204/993 1453/1453/125 1207/1207/1000 1043/1043/137 
f 1208/1208/1001 1046/1046/1002 1209/1209/120 1454/1454/1003 
f 1454/1454/1003 1209/1209/120 1045/1045/1004 1210/1210/1005 
f 1046/1046/1002 1211/1211/1006 1455/1455/136 1209/1209/120 
f 1211/1211/1006 1048/1048/1007 1212/1212/135 1455/1455/136 
f 1455/1455/136 1212/1212/135 1047/1047/151 1213/1213/152 
f 1209/1209/120 1455/1455/136 1213/1213/152 1045/1045/1004 
f 1048/1048/1007 1214/1214/1008 1456/1456/142 1212/1212/135 
f 1214/1214/1008 1050/1050/1009 1215/1215/1010 1456/1456/142 
f 1456/1456/142 1215/1215/1010 1049/1049/157 1216/1216/1011 
f 1212/1212/135 1456/1456/142 1216/1216/1011 1047/1047/151 
f 1050/1050/1009 1217/1217/1012 1457/1457/147 1215/1215/1010 
f 1217/1217/1012 1052/1052/984 1218/1218/146 1457/1457/147 
f 1457/1457/147 1218/1218/146 1051/1051/986 1219/1219/166 
f 1215/1215/1010 1457/1457/147 1219/1219/166 1049/1049/157 
f 1011/1011/932 1162/1162/938 1244/1244/204 1067/1067/1013 
f 1054/1054/982 1221/1221/1014 1458/1458/156 1220/1220/983 
f 1221/1221/1014 1056/1056/1015 1222/1222/1016 1458/1458/156 
f 1458/1458/156 1222/1222/1016 1055/1055/1017 1223/1223/1018 
f 1220/1220/983 1458/1458/156 1223/1223/1018 1053/1053/985 
f 1056/1056/1015 1224/1224/1019 1459/1459/1020 1222/1222/1016 
f 1521/1521/314 1353/1353/313 1246/1246/1021 1467/1467/1022 
f 1242/1242/1023 1238/1238/995 1064/1064/1024 1093/1093/1025 
f 1222/1222/1016 1459/1459/1020 1225/1225/1026 1055/1055/1017 
f 1226/1226/1027 1058/1058/1028 1227/1227/169 1460/1460/1029 
f 1460/1460/1029 1227/1227/169 1057/1057/191 1228/1228/1030 
f 1058/1058/1028 1229/1229/1031 1461/1461/178 1227/1227/169 
f 1229/1229/1031 1060/1060/1032 1230/1230/1033 1461/1461/178 
f 1461/1461/178 1230/1230/1033 1059/1059/193 1231/1231/194 
f 1227/1227/169 1461/1461/178 1231/1231/194 1057/1057/191 
f 1060/1060/1032 1232/1232/1034 1462/1462/183 1230/1230/1033 
f 1232/1232/1034 1062/1062/1035 1233/1233/182 1462/1462/183 
f 1462/1462/183 1233/1233/182 1061/1061/198 1234/1234/199 
f 1230/1230/1033 1462/1462/183 1234/1234/199 1059/1059/193 
f 1062/1062/1035 1235/1235/1036 1463/1463/190 1233/1233/182 
f 1235/1235/1036 1064/1064/1024 1236/1236/82 1463/1463/190 
f 1463/1463/190 1236/1236/82 1063/1063/201 1237/1237/202 
f 1233/1233/182 1463/1463/190 1237/1237/202 1061/1061/198 
f 1064/1064/1024 1238/1238/995 1464/1464/997 1236/1236/82 
f 1243/1243/1037 1240/1240/996 1238/1238/995 1242/1242/1023 
f 1065/1065/937 1240/1240/996 1243/1243/1037 1066/1066/17 
f 1236/1236/82 1464/1464/997 1239/1239/999 1063/1063/201 
f 1240/1240/996 1065/1065/937 1164/1164/940 1465/1465/197 
f 1465/1465/197 1164/1164/940 1012/1012/23 1241/1241/998 
f 1247/1247/971 1249/1249/1038 1069/1069/1039 1068/1068/1040 
f 1496/1496/317 1300/1300/318 1245/1245/1041 1466/1466/1042 
f 1162/1162/938 1065/1065/937 1066/1066/17 1244/1244/204 
f 1339/1339/358 1272/1272/1043 1270/1270/1044 1340/1340/1045 
f 1493/1493/1046 1466/1466/1042 1243/1243/1037 1242/1242/1023 
f 1300/1300/318 1521/1521/314 1467/1467/1022 1245/1245/1041 
f 1466/1466/1042 1245/1245/1041 1066/1066/17 1243/1243/1037 
f 1158/1158/933 1011/1011/932 1067/1067/1013 1248/1248/1047 
f 1519/1519/364 1350/1350/329 1250/1250/1048 1469/1469/1049 
f 1353/1353/313 1520/1520/322 1468/1468/972 1246/1246/1021 
f 1467/1467/1022 1246/1246/1021 1067/1067/1013 1244/1244/204 
f 1245/1245/1041 1467/1467/1022 1244/1244/204 1066/1066/17 
f 1166/1166/947 1016/1016/946 1069/1069/1039 1251/1251/1050 
f 1517/1517/401 1348/1348/341 1254/1254/1051 1471/1471/1052 
f 1468/1468/972 1247/1247/971 1068/1068/1040 1248/1248/1047 
f 1246/1246/1021 1468/1468/972 1248/1248/1047 1067/1067/1013 
f 1270/1270/1044 1272/1272/1043 1081/1081/248 1080/1080/1053 
f 1473/1473/1054 1474/1474/1055 1260/1260/1056 1258/1258/1057 
f 1014/1014/935 1068/1068/1040 1069/1069/1039 1016/1016/946 
f 1261/1261/1058 1263/1263/1059 1076/1076/1060 1075/1075/1061 
f 1351/1351/1062 1519/1519/364 1469/1469/1049 1249/1249/1038 
f 1018/1018/950 1166/1166/947 1251/1251/1050 1070/1070/214 
f 1350/1350/329 1518/1518/328 1470/1470/1063 1250/1250/1048 
f 1469/1469/1049 1250/1250/1048 1070/1070/214 1251/1251/1050 
f 1249/1249/1038 1469/1469/1049 1251/1251/1050 1069/1069/1039 
f 1518/1518/328 1349/1349/411 1252/1252/1064 1470/1470/1063 
f 1253/1253/1065 1169/1169/952 1018/1018/950 1070/1070/214 
f 1020/1020/953 1169/1169/952 1253/1253/1065 1071/1071/1066 
f 1470/1470/1063 1252/1252/1064 1071/1071/1066 1253/1253/1065 
f 1250/1250/1048 1470/1470/1063 1253/1253/1065 1070/1070/214 
f 1022/1022/956 1172/1172/954 1255/1255/1067 1072/1072/224 
f 1349/1349/411 1517/1517/401 1471/1471/1052 1252/1252/1064 
f 1172/1172/954 1020/1020/953 1071/1071/1066 1255/1255/1067 
f 1348/1348/341 1516/1516/340 1472/1472/1068 1254/1254/1051 
f 1471/1471/1052 1254/1254/1051 1072/1072/224 1255/1255/1067 
f 1252/1252/1064 1471/1471/1052 1255/1255/1067 1071/1071/1066 
f 1024/1024/958 1175/1175/957 1257/1257/230 1073/1073/229 
f 1516/1516/340 1347/1347/343 1256/1256/1069 1472/1472/1068 
f 1513/1513/99 1345/1345/1070 1261/1261/1058 1475/1475/1071 
f 1257/1257/230 1175/1175/957 1022/1022/956 1072/1072/224 
f 1472/1472/1068 1256/1256/1069 1073/1073/229 1257/1257/230 
f 1254/1254/1051 1472/1472/1068 1257/1257/230 1072/1072/224 
f 1347/1347/343 1515/1515/1072 1473/1473/1054 1256/1256/1069 
f 1258/1258/1057 1178/1178/941 1024/1024/958 1073/1073/229 
f 1256/1256/1069 1473/1473/1054 1258/1258/1057 1073/1073/229 
f 1514/1514/1073 1346/1346/345 1259/1259/1074 1474/1474/1055 
f 1515/1515/1072 1514/1514/1073 1474/1474/1055 1473/1473/1054 
f 1026/1026/966 1180/1180/942 1260/1260/1056 1074/1074/90 
f 1474/1474/1055 1259/1259/1074 1074/1074/90 1260/1260/1056 
f 1028/1028/959 1183/1183/968 1262/1262/1075 1075/1075/1061 
f 1346/1346/345 1513/1513/99 1475/1475/1071 1259/1259/1074 
f 1178/1178/941 1258/1258/1057 1260/1260/1056 1180/1180/942 
f 1183/1183/968 1026/1026/966 1074/1074/90 1262/1262/1075 
f 1510/1510/1076 1341/1341/347 1268/1268/1077 1478/1478/1078 
f 1475/1475/1071 1261/1261/1058 1075/1075/1061 1262/1262/1075 
f 1259/1259/1074 1475/1475/1071 1262/1262/1075 1074/1074/90 
f 1187/1187/973 1030/1030/960 1076/1076/1060 1265/1265/237 
f 1325/1325/397 1499/1499/396 1500/1500/1079 1324/1324/1080 
f 1028/1028/959 1075/1075/1061 1076/1076/1060 1030/1030/960 
f 1064/1064/1024 1235/1235/1036 1297/1297/1081 1093/1093/1025 
f 1344/1344/353 1512/1512/337 1476/1476/1082 1263/1263/1059 
f 1032/1032/974 1187/1187/973 1265/1265/237 1077/1077/236 
f 1343/1343/1083 1511/1511/356 1477/1477/1084 1264/1264/1085 
f 1476/1476/1082 1264/1264/1085 1077/1077/236 1265/1265/237 
f 1263/1263/1059 1476/1476/1082 1265/1265/237 1076/1076/1060 
f 1511/1511/356 1342/1342/1086 1266/1266/1087 1477/1477/1084 
f 1267/1267/241 1190/1190/975 1032/1032/974 1077/1077/236 
f 1034/1034/977 1190/1190/975 1267/1267/241 1078/1078/240 
f 1477/1477/1084 1266/1266/1087 1078/1078/240 1267/1267/241 
f 1264/1264/1085 1477/1477/1084 1267/1267/241 1077/1077/236 
f 1036/1036/979 1193/1193/978 1269/1269/245 1079/1079/244 
f 1342/1342/1086 1510/1510/1076 1478/1478/1078 1266/1266/1087 
f 1193/1193/978 1034/1034/977 1078/1078/240 1269/1269/245 
f 1341/1341/347 1509/1509/128 1479/1479/1088 1268/1268/1077 
f 1478/1478/1078 1268/1268/1077 1079/1079/244 1269/1269/245 
f 1266/1266/1087 1478/1478/1078 1269/1269/245 1078/1078/240 
f 1038/1038/964 1196/1196/980 1271/1271/1089 1080/1080/1053 
f 1509/1509/128 1340/1340/1045 1270/1270/1044 1479/1479/1088 
f 1507/1507/369 1337/1337/368 1275/1275/1090 1481/1481/1091 
f 1271/1271/1089 1196/1196/980 1036/1036/979 1079/1079/244 
f 1479/1479/1088 1270/1270/1044 1080/1080/1053 1271/1271/1089 
f 1268/1268/1077 1479/1479/1088 1271/1271/1089 1079/1079/244 
f 1332/1332/1092 1286/1286/1093 1284/1284/1094 1333/1333/390 
f 1482/1482/1095 1483/1483/1096 1279/1279/1097 1277/1277/262 
f 1339/1339/358 1508/1508/377 1480/1480/1098 1272/1272/1043 
f 1040/1040/961 1038/1038/964 1080/1080/1053 1081/1081/248 
f 1508/1508/377 1338/1338/1099 1273/1273/1100 1480/1480/1098 
f 1200/1200/987 1040/1040/961 1081/1081/248 1274/1274/1101 
f 1505/1505/1102 1336/1336/285 1278/1278/1103 1483/1483/1096 
f 1042/1042/988 1200/1200/987 1274/1274/1101 1082/1082/1104 
f 1480/1480/1098 1273/1273/1100 1082/1082/1104 1274/1274/1101 
f 1272/1272/1043 1480/1480/1098 1274/1274/1101 1081/1081/248 
f 1044/1044/992 1203/1203/991 1276/1276/259 1083/1083/258 
f 1338/1338/1099 1507/1507/369 1481/1481/1091 1273/1273/1100 
f 1203/1203/991 1042/1042/988 1082/1082/1104 1276/1276/259 
f 1337/1337/368 1506/1506/379 1482/1482/1095 1275/1275/1090 
f 1481/1481/1091 1275/1275/1090 1083/1083/258 1276/1276/259 
f 1273/1273/1100 1481/1481/1091 1276/1276/259 1082/1082/1104 
f 1503/1503/373 1334/1334/1105 1282/1282/1106 1485/1485/1107 
f 1208/1208/1001 1206/1206/994 1277/1277/262 1279/1279/1097 
f 1284/1284/1094 1286/1286/1093 1088/1088/1108 1087/1087/275 
f 1275/1275/1090 1482/1482/1095 1277/1277/262 1083/1083/258 
f 1506/1506/379 1505/1505/1102 1483/1483/1096 1482/1482/1095 
f 1206/1206/994 1044/1044/992 1083/1083/258 1277/1277/262 
f 1336/1336/285 1504/1504/382 1484/1484/1109 1278/1278/1103 
f 1483/1483/1096 1278/1278/1103 1084/1084/250 1279/1279/1097 
f 1504/1504/382 1335/1335/403 1280/1280/1110 1484/1484/1109 
f 1281/1281/1111 1211/1211/1006 1046/1046/1002 1084/1084/250 
f 1048/1048/1007 1211/1211/1006 1281/1281/1111 1085/1085/1112 
f 1484/1484/1109 1280/1280/1110 1085/1085/1112 1281/1281/1111 
f 1278/1278/1103 1484/1484/1109 1281/1281/1111 1084/1084/250 
f 1050/1050/1009 1214/1214/1008 1283/1283/271 1086/1086/270 
f 1335/1335/403 1503/1503/373 1485/1485/1107 1280/1280/1110 
f 1214/1214/1008 1048/1048/1007 1085/1085/1112 1283/1283/271 
f 1334/1334/1105 1502/1502/388 1486/1486/1113 1282/1282/1106 
f 1485/1485/1107 1282/1282/1106 1086/1086/270 1283/1283/271 
f 1280/1280/1110 1485/1485/1107 1283/1283/271 1085/1085/1112 
f 1052/1052/984 1217/1217/1012 1285/1285/276 1087/1087/275 
f 1502/1502/388 1333/1333/390 1284/1284/1094 1486/1486/1113 
f 1285/1285/276 1217/1217/1012 1050/1050/1009 1086/1086/270 
f 1486/1486/1113 1284/1284/1094 1087/1087/275 1285/1285/276 
f 1282/1282/1106 1486/1486/1113 1285/1285/276 1086/1086/270 
f 1488/1488/1114 1489/1489/1115 1291/1291/283 1289/1289/1116 
f 1332/1332/1092 1501/1501/279 1487/1487/1117 1286/1286/1093 
f 1054/1054/982 1052/1052/984 1087/1087/275 1088/1088/1108 
f 1501/1501/279 1331/1331/159 1287/1287/1118 1487/1487/1117 
f 1221/1221/1014 1054/1054/982 1088/1088/1108 1288/1288/1119 
f 1498/1498/385 1329/1329/384 1292/1292/1120 1490/1490/1121 
f 1056/1056/1015 1221/1221/1014 1288/1288/1119 1089/1089/268 
f 1487/1487/1117 1287/1287/1118 1089/1089/268 1288/1288/1119 
f 1286/1286/1093 1487/1487/1117 1288/1288/1119 1088/1088/1108 
f 1058/1058/1028 1226/1226/1027 1291/1291/283 1090/1090/282 
f 1331/1331/159 1500/1500/1079 1488/1488/1114 1287/1287/1118 
f 1224/1224/1019 1056/1056/1015 1089/1089/268 1289/1289/1116 
f 1310/1310/1122 1514/1514/1073 1515/1515/1072 1309/1309/334 
f 1287/1287/1118 1488/1488/1114 1289/1289/1116 1089/1089/268 
f 1226/1226/1027 1224/1224/1019 1289/1289/1116 1291/1291/283 
f 1499/1499/396 1330/1330/395 1290/1290/1123 1489/1489/1115 
f 1500/1500/1079 1499/1499/396 1489/1489/1115 1488/1488/1114 
f 1489/1489/1115 1290/1290/1123 1090/1090/282 1291/1291/283 
f 1330/1330/395 1498/1498/385 1490/1490/1121 1290/1290/1123 
f 1229/1229/1031 1058/1058/1028 1090/1090/282 1293/1293/290 
f 1060/1060/1032 1229/1229/1031 1293/1293/290 1091/1091/1124 
f 1329/1329/384 1497/1497/1125 1491/1491/1126 1292/1292/1120 
f 1490/1490/1121 1292/1292/1120 1091/1091/1124 1293/1293/290 
f 1290/1290/1123 1490/1490/1121 1293/1293/290 1090/1090/282 
f 1497/1497/1125 1299/1299/311 1294/1294/1127 1491/1491/1126 
f 1295/1295/294 1232/1232/1034 1060/1060/1032 1091/1091/1124 
f 1382/1382/324 1541/1541/324 1534/1534/433 1371/1371/324 
f 1062/1062/1035 1232/1232/1034 1295/1295/294 1092/1092/1128 
f 1491/1491/1126 1294/1294/1127 1092/1092/1128 1295/1295/294 
f 1292/1292/1120 1491/1491/1126 1295/1295/294 1091/1091/1124 
f 1495/1495/1129 1496/1496/317 1466/1466/1042 1493/1493/1046 
f 1299/1299/311 1494/1494/1130 1492/1492/1131 1294/1294/1127 
f 1235/1235/1036 1062/1062/1035 1092/1092/1128 1297/1297/1081 
f 1298/1298/1132 1495/1495/1129 1493/1493/1046 1296/1296/1133 
f 1492/1492/1131 1296/1296/1133 1093/1093/1025 1297/1297/1081 
f 1294/1294/1127 1492/1492/1131 1297/1297/1081 1092/1092/1128 
f 1344/1344/353 1345/1345/1070 1104/1104/1134 1105/1105/352 
f 1495/1495/1129 1302/1302/1135 1301/1301/1136 1496/1496/317 
f 1358/1358/405 1359/1359/1137 1525/1525/1138 1524/1524/1139 
f 1296/1296/1133 1493/1493/1046 1242/1242/1023 1093/1093/1025 
f 1094/1094/61 1298/1298/1132 1494/1494/1130 1328/1328/306 
f 1302/1302/1135 1495/1495/1129 1298/1298/1132 1094/1094/61 
f 1096/1096/312 1353/1353/313 1521/1521/314 1303/1303/315 
f 1537/1537/324 1376/1376/324 1368/1368/324 1530/1530/432 
f 1332/1332/1092 1333/1333/390 1116/1116/391 1117/1117/1140 
f 1303/1303/315 1521/1521/314 1300/1300/318 1095/1095/319 
f 1014/1014/935 1158/1158/933 1248/1248/1047 1068/1068/1040 
f 1097/1097/320 1352/1352/970 1520/1520/322 1304/1304/323 
f 1381/1381/324 1382/1382/324 1371/1371/324 1370/1370/324 
f 1306/1306/327 1518/1518/328 1350/1350/329 1099/1099/330 
f 1305/1305/363 1519/1519/364 1351/1351/1062 1098/1098/1141 
f 1241/1241/998 1536/1536/429 1529/1529/1142 1239/1239/999 
f 1106/1106/335 1343/1343/1083 1512/1512/337 1312/1312/338 
f 1308/1308/339 1516/1516/340 1348/1348/341 1101/1101/342 
f 1309/1309/334 1515/1515/1072 1347/1347/343 1102/1102/344 
f 1104/1104/1134 1345/1345/1070 1513/1513/99 1311/1311/1143 
f 1108/1108/346 1341/1341/347 1510/1510/1076 1314/1314/349 
f 1103/1103/408 1346/1346/345 1514/1514/1073 1310/1310/1122 
f 1351/1351/1062 1352/1352/970 1097/1097/320 1098/1098/1141 
f 1313/1313/355 1511/1511/356 1343/1343/1083 1106/1106/335 
f 1312/1312/338 1512/1512/337 1344/1344/353 1105/1105/352 
f 1524/1524/1139 1525/1525/1138 1225/1225/1026 1228/1228/1030 
f 1113/1113/288 1336/1336/285 1505/1505/1102 1319/1319/1144 
f 1315/1315/129 1509/1509/128 1341/1341/347 1108/1108/346 
f 1112/1112/367 1337/1337/368 1507/1507/369 1317/1317/370 
f 1115/1115/371 1334/1334/1105 1503/1503/373 1321/1321/374 
f 1111/1111/375 1338/1338/1099 1508/1508/377 1316/1316/378 
f 1316/1316/378 1508/1508/377 1339/1339/358 1110/1110/357 
f 1339/1339/358 1340/1340/1045 1109/1109/1145 1110/1110/357 
f 1320/1320/381 1504/1504/382 1336/1336/285 1113/1113/288 
f 1319/1319/1144 1505/1505/1102 1506/1506/379 1318/1318/380 
f 1120/1120/383 1329/1329/384 1498/1498/385 1326/1326/386 
f 1322/1322/387 1502/1502/388 1334/1334/1105 1115/1115/371 
f 1344/1344/353 1263/1263/1059 1261/1261/1058 1345/1345/1070 
f 1118/1118/299 1331/1331/159 1501/1501/279 1323/1323/393 
f 1323/1323/393 1501/1501/279 1332/1332/1092 1117/1117/1140 
f 1119/1119/394 1330/1330/395 1499/1499/396 1325/1325/397 
f 1327/1327/398 1497/1497/1125 1329/1329/384 1120/1120/383 
f 1326/1326/386 1498/1498/385 1330/1330/395 1119/1119/394 
f 1099/1099/330 1350/1350/329 1519/1519/364 1305/1305/363 
f 1328/1328/306 1494/1494/1130 1299/1299/311 1121/1121/400 
f 1101/1101/342 1348/1348/341 1517/1517/401 1307/1307/402 
f 1300/1300/318 1496/1496/317 1301/1301/1136 1095/1095/319 
f 1494/1494/1130 1298/1298/1132 1296/1296/1133 1492/1492/1131 
f 1121/1121/400 1299/1299/311 1497/1497/1125 1327/1327/398 
f 1324/1324/1080 1500/1500/1079 1331/1331/159 1118/1118/299 
f 1116/1116/391 1333/1333/390 1502/1502/388 1322/1322/387 
f 1321/1321/374 1503/1503/373 1335/1335/403 1114/1114/404 
f 1046/1046/1002 1208/1208/1001 1279/1279/1097 1084/1084/250 
f 1114/1114/404 1335/1335/403 1504/1504/382 1320/1320/381 
f 1318/1318/380 1506/1506/379 1337/1337/368 1112/1112/367 
f 1317/1317/370 1507/1507/369 1338/1338/1099 1111/1111/375 
f 1109/1109/1145 1340/1340/1045 1509/1509/128 1315/1315/129 
f 1314/1314/349 1510/1510/1076 1342/1342/1086 1107/1107/407 
f 1351/1351/1062 1249/1249/1038 1247/1247/971 1352/1352/970 
f 1107/1107/407 1342/1342/1086 1511/1511/356 1313/1313/355 
f 1311/1311/1143 1513/1513/99 1346/1346/345 1103/1103/408 
f 1512/1512/337 1343/1343/1083 1264/1264/1085 1476/1476/1082 
f 1102/1102/344 1347/1347/343 1516/1516/340 1308/1308/339 
f 1307/1307/402 1517/1517/401 1349/1349/411 1100/1100/412 
f 1362/1362/1146 1363/1363/419 1051/1051/986 1053/1053/985 
f 1100/1100/412 1349/1349/411 1518/1518/328 1306/1306/327 
f 1304/1304/323 1520/1520/322 1353/1353/313 1096/1096/312 
f 1063/1063/201 1354/1354/1147 1522/1522/413 1237/1237/202 
f 1354/1354/1147 1122/1122/409 1355/1355/414 1522/1522/413 
f 1522/1522/413 1355/1355/414 1059/1059/193 1234/1234/199 
f 1237/1237/202 1522/1522/413 1234/1234/199 1061/1061/198 
f 1122/1122/409 1356/1356/326 1523/1523/415 1355/1355/414 
f 1356/1356/326 1128/1128/1148 1357/1357/416 1523/1523/415 
f 1523/1523/415 1357/1357/416 1057/1057/191 1231/1231/194 
f 1355/1355/414 1523/1523/415 1231/1231/194 1059/1059/193 
f 1128/1128/1148 1358/1358/405 1524/1524/1139 1357/1357/416 
f 1531/1531/324 1532/1532/324 1359/1359/1137 1358/1358/405 
f 1146/1146/1149 1363/1363/419 1362/1362/1146 1140/1140/1150 
f 1357/1357/416 1524/1524/1139 1228/1228/1030 1057/1057/191 
f 1359/1359/1137 1134/1134/1151 1360/1360/360 1525/1525/1138 
f 1525/1525/1138 1360/1360/360 1055/1055/1017 1225/1225/1026 
f 1134/1134/1151 1361/1361/1152 1526/1526/1153 1360/1360/360 
f 1361/1361/1152 1140/1140/1150 1362/1362/1146 1526/1526/1153 
f 1526/1526/1153 1362/1362/1146 1053/1053/985 1223/1223/1018 
f 1360/1360/360 1526/1526/1153 1223/1223/1018 1055/1055/1017 
f 1370/1370/324 1371/1371/324 1146/1146/1149 1140/1140/1150 
f 1536/1536/429 1374/1374/1154 1367/1367/1155 1529/1529/1142 
f 1146/1146/1149 1364/1364/420 1527/1527/421 1363/1363/419 
f 1364/1364/420 1152/1152/422 1365/1365/423 1527/1527/421 
f 1527/1527/421 1365/1365/423 1049/1049/157 1219/1219/166 
f 1363/1363/419 1527/1527/421 1219/1219/166 1051/1051/986 
f 1152/1152/422 1366/1366/424 1528/1528/425 1365/1365/423 
f 1366/1366/424 1045/1045/1004 1213/1213/152 1528/1528/425 
f 1528/1528/425 1213/1213/152 1047/1047/151 1216/1216/1011 
f 1365/1365/423 1528/1528/425 1216/1216/1011 1049/1049/157 
f 1540/1540/324 1381/1381/324 1370/1370/324 1533/1533/324 
f 1374/1374/1154 1537/1537/324 1530/1530/432 1367/1367/1155 
f 1529/1529/1142 1367/1367/1155 1122/1122/409 1354/1354/1147 
f 1239/1239/999 1529/1529/1142 1354/1354/1147 1063/1063/201 
f 1147/1147/324 1382/1382/324 1381/1381/324 1141/1141/324 
f 1376/1376/324 1538/1538/324 1531/1531/324 1368/1368/324 
f 1530/1530/432 1368/1368/324 1128/1128/1148 1356/1356/326 
f 1367/1367/1155 1530/1530/432 1356/1356/326 1122/1122/409 
f 1377/1377/324 1378/1378/324 1539/1539/324 1538/1538/324 
f 1539/1539/324 1379/1379/324 1369/1369/324 1532/1532/324 
f 1368/1368/324 1531/1531/324 1358/1358/405 1128/1128/1148 
f 1538/1538/324 1539/1539/324 1532/1532/324 1531/1531/324 
f 1379/1379/324 1540/1540/324 1533/1533/324 1369/1369/324 
f 1532/1532/324 1369/1369/324 1134/1134/1151 1359/1359/1137 
f 1542/1542/437 1207/1207/1000 1210/1210/1005 1535/1535/1156 
f 1533/1533/324 1370/1370/324 1140/1140/1150 1361/1361/1152 
f 1369/1369/324 1533/1533/324 1361/1361/1152 1134/1134/1151 
f 1541/1541/324 1384/1384/1157 1372/1372/1158 1534/1534/433 
f 1423/1423/470 1424/1424/1159 1560/1560/324 1559/1559/324 
f 1384/1384/1157 1542/1542/437 1535/1535/1156 1372/1372/1158 
f 1534/1534/433 1372/1372/1158 1152/1152/422 1364/1364/420 
f 1371/1371/324 1534/1534/433 1364/1364/420 1146/1146/1149 
f 1137/1137/324 1404/1404/324 1415/1415/324 1138/1138/324 
f 1125/1125/1160 1399/1399/1161 1412/1412/1162 1126/1126/1163 
f 1535/1535/1156 1210/1210/1005 1045/1045/1004 1366/1366/424 
f 1372/1372/1158 1535/1535/1156 1366/1366/424 1152/1152/422 
f 1012/1012/23 1373/1373/428 1536/1536/429 1241/1241/998 
f 1373/1373/428 1123/1123/430 1374/1374/1154 1536/1536/429 
f 1123/1123/430 1375/1375/432 1537/1537/324 1374/1374/1154 
f 1375/1375/432 1129/1129/324 1376/1376/324 1537/1537/324 
f 1129/1129/324 1377/1377/324 1538/1538/324 1376/1376/324 
f 1545/1545/324 1546/1546/324 1378/1378/324 1377/1377/324 
f 1378/1378/324 1135/1135/324 1379/1379/324 1539/1539/324 
f 1143/1143/324 1149/1149/324 1408/1408/324 1407/1407/324 
f 1135/1135/324 1380/1380/324 1540/1540/324 1379/1379/324 
f 1380/1380/324 1141/1141/324 1381/1381/324 1540/1540/324 
f 1390/1390/324 1391/1391/324 1546/1546/324 1545/1545/324 
f 1403/1403/324 1404/1404/324 1553/1553/324 1552/1552/324 
f 1147/1147/324 1383/1383/433 1541/1541/324 1382/1382/324 
f 1383/1383/433 1153/1153/434 1384/1384/1157 1541/1541/324 
f 1153/1153/434 1385/1385/436 1542/1542/437 1384/1384/1157 
f 1385/1385/436 1043/1043/137 1207/1207/1000 1542/1542/437 
f 1010/1010/12 1386/1386/438 1543/1543/439 1163/1163/21 
f 1386/1386/438 1124/1124/440 1387/1387/441 1543/1543/439 
f 1543/1543/439 1387/1387/441 1123/1123/430 1373/1373/428 
f 1163/1163/21 1543/1543/439 1373/1373/428 1012/1012/23 
f 1124/1124/440 1388/1388/324 1544/1544/324 1387/1387/441 
f 1388/1388/324 1130/1130/324 1389/1389/324 1544/1544/324 
f 1544/1544/324 1389/1389/324 1129/1129/324 1375/1375/432 
f 1387/1387/441 1544/1544/324 1375/1375/432 1123/1123/430 
f 1130/1130/324 1390/1390/324 1545/1545/324 1389/1389/324 
f 1394/1394/324 1395/1395/324 1147/1147/324 1141/1141/324 
f 1148/1148/324 1395/1395/324 1394/1394/324 1142/1142/324 
f 1389/1389/324 1545/1545/324 1377/1377/324 1129/1129/324 
f 1391/1391/324 1136/1136/324 1392/1392/324 1546/1546/324 
f 1546/1546/324 1392/1392/324 1135/1135/324 1378/1378/324 
f 1136/1136/324 1393/1393/324 1547/1547/324 1392/1392/324 
f 1393/1393/324 1142/1142/324 1394/1394/324 1547/1547/324 
f 1547/1547/324 1394/1394/324 1141/1141/324 1380/1380/324 
f 1392/1392/324 1547/1547/324 1380/1380/324 1135/1135/324 
f 1407/1407/324 1408/1408/324 1148/1148/324 1142/1142/324 
f 1552/1552/324 1553/1553/324 1391/1391/324 1390/1390/324 
f 1148/1148/324 1396/1396/324 1548/1548/324 1395/1395/324 
f 1396/1396/324 1154/1154/444 1397/1397/445 1548/1548/324 
f 1548/1548/324 1397/1397/445 1153/1153/434 1383/1383/433 
f 1395/1395/324 1548/1548/324 1383/1383/433 1147/1147/324 
f 1154/1154/444 1398/1398/446 1549/1549/447 1397/1397/445 
f 1398/1398/446 1041/1041/131 1205/1205/138 1549/1549/447 
f 1549/1549/447 1205/1205/138 1043/1043/137 1385/1385/436 
f 1397/1397/445 1549/1549/447 1385/1385/436 1153/1153/434 
f 1013/1013/10 1399/1399/1161 1550/1550/449 1160/1160/11 
f 1399/1399/1161 1125/1125/1160 1400/1400/451 1550/1550/449 
f 1550/1550/449 1400/1400/451 1124/1124/440 1386/1386/438 
f 1160/1160/11 1550/1550/449 1386/1386/438 1010/1010/12 
f 1125/1125/1160 1401/1401/324 1551/1551/324 1400/1400/451 
f 1401/1401/324 1131/1131/324 1402/1402/324 1551/1551/324 
f 1551/1551/324 1402/1402/324 1130/1130/324 1388/1388/324 
f 1400/1400/451 1551/1551/324 1388/1388/324 1124/1124/440 
f 1131/1131/324 1403/1403/324 1552/1552/324 1402/1402/324 
f 1412/1412/1162 1399/1399/1161 1013/1013/10 1015/1015/951 
f 1027/1027/945 1029/1029/97 1436/1436/1164 1435/1435/1165 
f 1402/1402/324 1552/1552/324 1390/1390/324 1130/1130/324 
f 1404/1404/324 1137/1137/324 1405/1405/324 1553/1553/324 
f 1553/1553/324 1405/1405/324 1136/1136/324 1391/1391/324 
f 1137/1137/324 1406/1406/324 1554/1554/324 1405/1405/324 
f 1406/1406/324 1143/1143/324 1407/1407/324 1554/1554/324 
f 1554/1554/324 1407/1407/324 1142/1142/324 1393/1393/324 
f 1405/1405/324 1554/1554/324 1393/1393/324 1136/1136/324 
f 1131/1131/324 1401/1401/324 1413/1413/324 1132/1132/324 
f 1197/1197/963 1199/1199/962 1039/1039/990 1037/1037/981 
f 1149/1149/324 1409/1409/324 1555/1555/324 1408/1408/324 
f 1409/1409/324 1155/1155/1166 1410/1410/455 1555/1555/324 
f 1555/1555/324 1410/1410/455 1154/1154/444 1396/1396/324 
f 1408/1408/324 1555/1555/324 1396/1396/324 1148/1148/324 
f 1155/1155/1166 1411/1411/1167 1556/1556/457 1410/1410/455 
f 1411/1411/1167 1039/1039/990 1202/1202/132 1556/1556/457 
f 1556/1556/457 1202/1202/132 1041/1041/131 1398/1398/446 
f 1410/1410/455 1556/1556/457 1398/1398/446 1154/1154/444 
f 1415/1415/324 1404/1404/324 1403/1403/324 1414/1414/324 
f 1413/1413/324 1401/1401/324 1125/1125/1160 1126/1126/1163 
f 1143/1143/324 1406/1406/324 1416/1416/324 1144/1144/324 
f 1414/1414/324 1403/1403/324 1131/1131/324 1132/1132/324 
f 1143/1143/324 1144/1144/324 1150/1150/324 1149/1149/324 
f 1155/1155/1166 1409/1409/324 1417/1417/324 1156/1156/1168 
f 1416/1416/324 1406/1406/324 1137/1137/324 1138/1138/324 
f 1559/1559/324 1560/1560/324 1415/1415/324 1414/1414/324 
f 1151/1151/1169 1428/1428/324 1427/1427/324 1145/1145/1170 
f 1427/1427/324 1428/1428/324 1150/1150/324 1144/1144/324 
f 1417/1417/324 1409/1409/324 1149/1149/324 1150/1150/324 
f 1179/1179/965 1182/1182/967 1567/1567/1171 1566/1566/1172 
f 1418/1418/1173 1411/1411/1167 1155/1155/1166 1156/1156/1168 
f 1037/1037/981 1039/1039/990 1411/1411/1167 1418/1418/1173 
f 1159/1159/936 1165/1165/949 1015/1015/951 1013/1013/10 
f 1017/1017/43 1419/1419/466 1557/1557/1174 1168/1168/44 
f 1419/1419/466 1127/1127/467 1420/1420/1175 1557/1557/1174 
f 1557/1557/1174 1420/1420/1175 1126/1126/1163 1412/1412/1162 
f 1168/1168/44 1557/1557/1174 1412/1412/1162 1015/1015/951 
f 1127/1127/467 1421/1421/468 1558/1558/324 1420/1420/1175 
f 1421/1421/468 1133/1133/469 1422/1422/324 1558/1558/324 
f 1558/1558/324 1422/1422/324 1132/1132/324 1413/1413/324 
f 1420/1420/1175 1558/1558/324 1413/1413/324 1126/1126/1163 
f 1133/1133/469 1423/1423/470 1559/1559/324 1422/1422/324 
f 1566/1566/1172 1567/1567/1171 1424/1424/1159 1423/1423/470 
f 1224/1224/1019 1226/1226/1027 1460/1460/1029 1459/1459/1020 
f 1422/1422/324 1559/1559/324 1414/1414/324 1132/1132/324 
f 1424/1424/1159 1139/1139/472 1425/1425/324 1560/1560/324 
f 1560/1560/324 1425/1425/324 1138/1138/324 1415/1415/324 
f 1139/1139/472 1426/1426/1176 1561/1561/324 1425/1425/324 
f 1426/1426/1176 1145/1145/1170 1427/1427/324 1561/1561/324 
f 1561/1561/324 1427/1427/324 1144/1144/324 1416/1416/324 
f 1425/1425/324 1561/1561/324 1416/1416/324 1138/1138/324 
f 1435/1435/1165 1436/1436/1164 1151/1151/1169 1145/1145/1170 
f 1444/1444/48 1445/1445/943 1182/1182/967 1179/1179/965 
f 1151/1151/1169 1429/1429/476 1562/1562/324 1428/1428/324 
f 1429/1429/476 1157/1157/477 1430/1430/1177 1562/1562/324 
f 1562/1562/324 1430/1430/1177 1156/1156/1168 1417/1417/324 
f 1428/1428/324 1562/1562/324 1417/1417/324 1150/1150/324 
f 1157/1157/477 1431/1431/478 1563/1563/1178 1430/1430/1177 
f 1431/1431/478 1035/1035/113 1198/1198/35 1563/1563/1178 
f 1563/1563/1178 1198/1198/35 1037/1037/981 1418/1418/1173 
f 1430/1430/1177 1563/1563/1178 1418/1418/1173 1156/1156/1168 
f 1019/1019/51 1174/1174/58 1564/1564/479 1171/1171/52 
f 1174/1174/58 1021/1021/57 1432/1432/480 1564/1564/479 
f 1564/1564/479 1432/1432/480 1127/1127/467 1419/1419/466 
f 1171/1171/52 1564/1564/479 1419/1419/466 1017/1017/43 
f 1021/1021/57 1177/1177/64 1565/1565/481 1432/1432/480 
f 1177/1177/64 1023/1023/63 1433/1433/482 1565/1565/481 
f 1565/1565/481 1433/1433/482 1133/1133/469 1421/1421/468 
f 1432/1432/480 1565/1565/481 1421/1421/468 1127/1127/467 
f 1023/1023/63 1179/1179/965 1566/1566/1172 1433/1433/482 
f 1722/1722/1179 1724/1724/1180 1939/1939/1181 1723/1723/1182 
f 1453/1453/125 1454/1454/1003 1210/1210/1005 1207/1207/1000 
f 1433/1433/482 1566/1566/1172 1423/1423/470 1133/1133/469 
f 1182/1182/967 1025/1025/92 1434/1434/1183 1567/1567/1171 
f 1567/1567/1171 1434/1434/1183 1139/1139/472 1424/1424/1159 
f 1025/1025/92 1185/1185/969 1568/1568/1184 1434/1434/1183 
f 1185/1185/969 1027/1027/945 1435/1435/1165 1568/1568/1184 
f 1568/1568/1184 1435/1435/1165 1145/1145/1170 1426/1426/1176 
f 1434/1434/1183 1568/1568/1184 1426/1426/1176 1139/1139/472 
f 1459/1459/1020 1460/1460/1029 1228/1228/1030 1225/1225/1026 
f 1206/1206/994 1208/1208/1001 1454/1454/1003 1453/1453/125 
f 1029/1029/97 1189/1189/102 1569/1569/485 1436/1436/1164 
f 1189/1189/102 1031/1031/101 1437/1437/486 1569/1569/485 
f 1569/1569/485 1437/1437/486 1157/1157/477 1429/1429/476 
f 1436/1436/1164 1569/1569/485 1429/1429/476 1151/1151/1169 
f 1031/1031/101 1192/1192/107 1570/1570/487 1437/1437/486 
f 1192/1192/107 1033/1033/106 1195/1195/114 1570/1570/487 
f 1570/1570/487 1195/1195/114 1035/1035/113 1431/1431/478 
f 1437/1437/486 1570/1570/487 1431/1431/478 1157/1157/477 
f 1572/1572/488 1575/1575/489 1574/1574/1185 1571/1571/491 
f 1699/1699/492 1572/1572/488 1571/1571/491 1573/1573/493 
f 1575/1575/489 1577/1577/494 1576/1576/1186 1574/1574/1185 
f 1577/1577/494 1579/1579/496 1578/1578/497 1576/1576/1186 
f 1579/1579/496 1581/1581/498 1580/1580/499 1578/1578/497 
f 1581/1581/498 1583/1583/500 1582/1582/501 1580/1580/499 
f 1583/1583/500 1585/1585/502 1584/1584/1187 1582/1582/501 
f 1585/1585/502 1587/1587/504 1586/1586/1188 1584/1584/1187 
f 1587/1587/504 1589/1589/506 1588/1588/1189 1586/1586/1188 
f 1589/1589/506 1591/1591/508 1590/1590/509 1588/1588/1189 
f 1591/1591/508 1593/1593/510 1592/1592/511 1590/1590/509 
f 1593/1593/510 1595/1595/512 1594/1594/1190 1592/1592/511 
f 1595/1595/512 1597/1597/514 1596/1596/1191 1594/1594/1190 
f 1597/1597/514 1599/1599/516 1598/1598/1192 1596/1596/1191 
f 1599/1599/516 1601/1601/518 1600/1600/1193 1598/1598/1192 
f 1601/1601/518 1603/1603/520 1602/1602/1194 1600/1600/1193 
f 1603/1603/520 1605/1605/522 1604/1604/523 1602/1602/1194 
f 1605/1605/522 1607/1607/524 1606/1606/1195 1604/1604/523 
f 1607/5412/524 1609/1609/526 1608/1608/1196 1606/5413/1195 
f 1609/1609/526 1611/1611/528 1610/1610/529 1608/1608/1196 
f 1611/1611/528 1613/1613/530 1612/1612/531 1610/1610/529 
f 1613/1613/530 1615/1615/532 1614/1614/1197 1612/1612/531 
f 1615/1615/532 1617/1617/534 1616/1616/1198 1614/1614/1197 
f 1617/1617/534 1619/1619/536 1618/1618/1199 1616/1616/1198 
f 1619/1619/536 1621/1621/538 1620/1620/539 1618/1618/1199 
f 1621/1621/538 1623/1623/540 1622/1622/1200 1620/1620/539 
f 1623/1623/540 1625/1625/1201 1624/1624/543 1622/1622/1200 
f 1625/1625/1201 1627/1627/544 1626/1626/545 1624/1624/543 
f 1627/1627/544 1629/1629/546 1628/1628/547 1626/1626/545 
f 1629/1629/546 1631/1631/548 1630/1630/1202 1628/1628/547 
f 1631/1631/548 1633/1633/550 1632/1632/1203 1630/1630/1202 
f 1633/1633/550 1635/1635/552 1634/1634/1204 1632/1632/1203 
f 1635/1635/552 1637/1637/554 1636/1636/555 1634/1634/1204 
f 1637/1637/554 1639/1639/556 1638/1638/1205 1636/1636/555 
f 1639/1639/556 1641/1641/558 1640/1640/1206 1638/1638/1205 
f 1641/1641/558 1643/1643/560 1642/1642/561 1640/1640/1206 
f 1643/1643/560 1645/1645/562 1644/1644/563 1642/1642/561 
f 1645/1645/562 1647/1647/564 1646/1646/1207 1644/1644/563 
f 1647/1647/564 1649/1649/566 1648/1648/567 1646/1646/1207 
f 1649/1649/566 1651/1651/568 1650/1650/569 1648/1648/567 
f 1651/1651/568 1653/1653/570 1652/1652/571 1650/1650/569 
f 1653/1653/570 1655/1655/572 1654/1654/573 1652/1652/571 
f 1655/1655/572 1657/1657/574 1656/1656/575 1654/1654/573 
f 1657/1657/574 1659/1659/576 1658/1658/577 1656/1656/575 
f 1659/1659/576 1661/1661/578 1660/1660/579 1658/1658/577 
f 1661/1661/578 1663/1663/580 1662/1662/581 1660/1660/579 
f 1663/1663/580 1665/1665/582 1664/1664/583 1662/1662/581 
f 1665/1665/582 1667/1667/584 1666/1666/585 1664/1664/583 
f 1667/1667/584 1669/1669/586 1668/1668/587 1666/1666/585 
f 1669/1669/586 1671/1671/588 1670/1670/589 1668/1668/587 
f 1671/1671/588 1673/1673/590 1672/1672/591 1670/1670/589 
f 1673/1673/590 1675/1675/592 1674/1674/593 1672/1672/591 
f 1675/1675/592 1677/1677/594 1676/1676/595 1674/1674/593 
f 1677/1677/594 1679/1679/596 1678/1678/597 1676/1676/595 
f 1679/1679/596 1681/1681/598 1680/1680/599 1678/1678/597 
f 1681/1681/598 1683/1683/600 1682/1682/601 1680/1680/599 
f 1683/1683/600 1685/1685/602 1684/1684/603 1682/1682/601 
f 1685/1685/602 1687/1687/604 1686/1686/605 1684/1684/603 
f 1687/1687/604 1689/1689/606 1688/1688/1208 1686/1686/605 
f 1689/1689/606 1691/1691/608 1690/1690/609 1688/1688/1208 
f 1691/1691/608 1693/1693/610 1692/1692/1209 1690/1690/609 
f 1693/1693/610 1695/1695/612 1694/1694/613 1692/1692/1209 
f 1695/1695/612 1697/1697/614 1696/1696/615 1694/1694/613 
f 1697/1697/614 1699/1699/492 1573/1573/493 1696/1696/615 
f 1698/1698/616 1697/1697/614 1695/1695/612 1768/1768/617 
f 1700/1700/618 1699/1699/492 1697/1697/614 1698/1698/616 
f 1702/1702/619 1572/1572/488 1699/1699/492 1700/1700/618 
f 1701/1701/620 1700/1700/618 1698/1698/616 1764/1764/621 
f 1703/1703/622 1702/1702/619 1700/1700/618 1701/1701/620 
f 1703/1703/622 1706/1706/623 1704/1704/624 1702/1702/619 
f 1702/1702/619 1704/1704/624 1575/1575/489 1572/1572/488 
f 1704/1704/624 1705/1705/625 1577/1577/494 1575/1575/489 
f 1706/1706/623 1707/1707/626 1705/1705/625 1704/1704/624 
f 1711/1711/627 1707/1707/626 1706/1706/623 1708/1708/1210 
f 1708/1708/1210 1706/1706/623 1703/1703/622 1710/1710/629 
f 1709/1709/1211 1712/1712/1212 1711/1711/627 1708/1708/1210 
f 1766/1766/1213 1709/1709/1211 1708/1708/1210 1710/1710/629 
f 1712/1712/1212 1714/1714/1214 1713/1713/634 1711/1711/627 
f 1715/1715/635 1707/1707/626 1711/1711/627 1713/1713/634 
f 1714/1714/1214 1718/1718/1215 1716/1716/637 1713/1713/634 
f 1717/1717/638 1715/1715/635 1713/1713/634 1716/1716/637 
f 1720/1720/639 1717/1717/638 1716/1716/637 1719/1719/640 
f 1718/1718/1215 1722/1722/1179 1719/1719/640 1716/1716/637 
f 1947/1947/641 1720/1720/639 1719/1719/640 1721/1721/642 
f 1722/1722/1179 1723/1723/1182 1721/1721/642 1719/1719/640 
f 1724/1724/1180 1722/1722/1179 1718/1718/1215 1725/1725/1216 
f 1718/1718/1215 1714/1714/1214 1726/1726/1217 1725/1725/1216 
f 1726/1726/1217 1714/1714/1214 1712/1712/1212 1727/1727/1218 
f 1712/1712/1212 1709/1709/1211 1728/1728/1219 1727/1727/1218 
f 1728/1728/1219 1709/1709/1211 1766/1766/1213 1729/1729/1220 
f 1751/1751/1221 1738/1738/1222 1736/1736/650 1735/1735/1223 
f 1729/1729/1220 1766/1766/1213 1765/1765/1224 1730/1730/1225 
f 1730/1730/1225 1765/1765/1224 1759/1759/1226 1731/1731/655 
f 1759/1759/1226 1758/1758/1227 1732/1732/1228 1731/1731/655 
f 1732/1732/1228 1758/1758/1227 1757/1757/1229 1733/1733/1230 
f 1757/1757/1229 1756/1756/1231 1734/1734/1232 1733/1733/1230 
f 1736/1736/650 1738/1738/1222 1739/1739/1233 1737/1737/1234 
f 1740/1740/1235 1737/1737/1234 1739/1739/1233 1741/1741/1236 
f 1740/1740/1235 1741/1741/1236 1742/1742/1237 1814/1814/667 
f 1804/1804/1238 1801/1801/1239 1802/1802/1240 1805/1805/1241 
f 1741/1741/1236 1739/1739/1233 1746/1746/672 1743/1743/673 
f 1742/1742/1237 1741/1741/1236 1743/1743/673 1744/1744/674 
f 1745/1745/675 1777/1777/676 1744/1744/674 1743/1743/673 
f 1747/1747/677 1745/1745/675 1743/1743/673 1746/1746/672 
f 1746/1746/672 1748/1748/678 1749/1749/679 1747/1747/677 
f 1739/1739/1233 1738/1738/1222 1748/1748/678 1746/1746/672 
f 1748/1748/678 1750/1750/680 1752/1752/681 1749/1749/679 
f 1738/1738/1222 1751/1751/1221 1750/1750/680 1748/1748/678 
f 1751/1751/1221 1756/1756/1231 1753/1753/682 1750/1750/680 
f 1750/1750/680 1753/1753/682 1755/1755/683 1752/1752/681 
f 1756/1756/1231 1757/1757/1229 1754/1754/684 1753/1753/682 
f 1753/1753/682 1754/1754/684 1767/1767/685 1755/1755/683 
f 1757/1757/1229 1758/1758/1227 1760/1760/686 1754/1754/684 
f 1758/1758/1227 1759/1759/1226 1762/1762/687 1760/1760/686 
f 1760/1760/686 1761/1761/688 1767/1767/685 1754/1754/684 
f 1762/1762/687 1764/1764/621 1761/1761/688 1760/1760/686 
f 1759/1759/1226 1765/1765/1224 1763/1763/689 1762/1762/687 
f 1763/1763/689 1701/1701/620 1764/1764/621 1762/1762/687 
f 1764/1764/621 1698/1698/616 1768/1768/617 1761/1761/688 
f 1703/1703/622 1701/1701/620 1763/1763/689 1710/1710/629 
f 1765/1765/1224 1766/1766/1213 1710/1710/629 1763/1763/689 
f 1761/1761/688 1768/1768/617 1769/1769/690 1767/1767/685 
f 1768/1768/617 1695/1695/612 1693/1693/610 1769/1769/690 
f 1693/1693/610 1691/1691/608 1770/1770/691 1769/1769/690 
f 1769/1769/690 1770/1770/691 1755/1755/683 1767/1767/685 
f 1770/1770/691 1691/1691/608 1689/1689/606 1771/1771/692 
f 1755/1755/683 1770/1770/691 1771/1771/692 1752/1752/681 
f 1771/1771/692 1772/1772/693 1749/1749/679 1752/1752/681 
f 1771/1771/692 1689/1689/606 1687/1687/604 1772/1772/693 
f 1772/1772/693 1687/1687/604 1685/1685/602 1773/1773/694 
f 1749/1749/679 1772/1772/693 1773/1773/694 1747/1747/677 
f 1747/1747/677 1773/1773/694 1774/1774/695 1745/1745/675 
f 1773/1773/694 1685/1685/602 1683/1683/600 1774/1774/695 
f 1774/1774/695 1683/1683/600 1681/1681/598 1775/1775/696 
f 1745/1745/675 1774/1774/695 1775/1775/696 1777/1777/676 
f 1775/1775/696 1681/1681/598 1679/1679/596 1776/1776/697 
f 1777/1777/676 1775/1775/696 1776/1776/697 1778/1778/698 
f 1777/1777/676 1778/1778/698 1779/1779/699 1744/1744/674 
f 1778/1778/698 1776/1776/697 1782/1782/700 1780/1780/701 
f 1778/1778/698 1780/1780/701 1783/1783/702 1779/1779/699 
f 1780/1780/701 1781/1781/703 1785/1785/704 1783/1783/702 
f 1780/1780/701 1782/1782/700 2018/2018/705 1781/1781/703 
f 1784/1784/1242 1815/1815/707 1779/1779/699 1783/1783/702 
f 1786/1786/1243 1784/1784/1242 1783/1783/702 1785/1785/704 
f 1788/1788/1244 1786/1786/1243 1785/1785/704 1787/1787/710 
f 1781/1781/703 1789/1789/711 1787/1787/710 1785/1785/704 
f 1791/1791/1245 1788/1788/1244 1787/1787/710 1790/1790/713 
f 1789/1789/711 1792/1792/714 1790/1790/713 1787/1787/710 
f 1795/1795/1246 1791/1791/1245 1790/1790/713 1793/1793/716 
f 1792/1792/714 1794/1794/717 1793/1793/716 1790/1790/713 
f 1794/1794/717 1797/1797/718 1796/1796/719 1793/1793/716 
f 1799/1799/1247 1795/1795/1246 1793/1793/716 1796/1796/719 
f 1797/1797/718 2013/2013/721 1798/1798/722 1796/1796/719 
f 1800/1800/1248 1799/1799/1247 1796/1796/719 1798/1798/722 
f 1836/1836/1249 1826/1826/1250 1824/1824/1251 1823/1823/1252 
f 1734/1734/1232 1756/1756/1231 1751/1751/1221 1735/1735/1223 
f 1809/1809/1253 1791/1791/1245 1795/1795/1246 1808/1808/1254 
f 1801/1801/1239 1800/1800/1248 1798/1798/722 1803/1803/730 
f 1802/1802/1240 1801/1801/1239 1803/1803/730 2005/2005/731 
f 1801/1801/1239 1804/1804/1238 1806/1806/1255 1800/1800/1248 
f 1788/1788/1244 1791/1791/1245 1809/1809/1253 1810/1810/1256 
f 1811/1811/1257 1786/1786/1243 1788/1788/1244 1810/1810/1256 
f 1811/1811/1257 1812/1812/1258 1784/1784/1242 1786/1786/1243 
f 1742/1742/1237 1815/1815/707 1813/1813/1259 1814/1814/667 
f 1799/1799/1247 1807/1807/1260 1808/1808/1254 1795/1795/1246 
f 1813/1813/1259 1815/1815/707 1784/1784/1242 1812/1812/1258 
f 1815/1815/707 1742/1742/1237 1744/1744/674 1779/1779/699 
f 1807/1807/1260 1799/1799/1247 1800/1800/1248 1806/1806/1255 
f 1802/1802/1240 2004/2004/1261 1816/1816/1262 1805/1805/1241 
f 1816/1816/1262 2004/2004/1261 2003/2003/1263 1817/1817/1264 
f 2003/2003/1263 2000/2000/1265 1818/1818/1266 1817/1817/1264 
f 1818/1818/1266 2000/2000/1265 1843/1843/1267 1819/1819/1268 
f 1843/1843/1267 1842/1842/1269 1820/1820/1270 1819/1819/1268 
f 1820/1820/1270 1842/1842/1269 1841/1841/1271 1821/1821/1272 
f 1841/1841/1271 1840/1840/1273 1822/1822/1274 1821/1821/1272 
f 1824/1824/1251 1826/1826/1250 1827/1827/1275 1825/1825/1276 
f 1827/1827/1275 1828/1828/1277 1874/1874/1278 1825/1825/1276 
f 1869/1869/1279 1866/1866/1280 1867/1867/1281 1870/1870/1282 
f 1827/1827/1275 1826/1826/1250 1832/1832/760 1829/1829/761 
f 1828/1828/1277 1827/1827/1275 1829/1829/761 1831/1831/762 
f 1833/1833/763 1830/1830/764 1829/1829/761 1832/1832/760 
f 1830/1830/764 1857/1857/765 1831/1831/762 1829/1829/761 
f 1826/1826/1250 1836/1836/1249 1834/1834/1283 1832/1832/760 
f 1835/1835/767 1833/1833/763 1832/1832/760 1834/1834/1283 
f 1838/1838/768 1835/1835/767 1834/1834/1283 1837/1837/769 
f 1836/1836/1249 1840/1840/1273 1837/1837/769 1834/1834/1283 
f 1849/1849/770 1838/1838/768 1837/1837/769 1839/1839/771 
f 1840/1840/1273 1841/1841/1271 1839/1839/771 1837/1837/769 
f 1841/1841/1271 1842/1842/1269 1844/1844/772 1839/1839/771 
f 1842/1842/1269 1843/1843/1267 1845/1845/773 1844/1844/772 
f 1846/1846/774 1849/1849/770 1839/1839/771 1844/1844/772 
f 1847/1847/775 1846/1846/774 1844/1844/772 1845/1845/773 
f 1847/1847/775 1994/1994/776 1848/1848/777 1846/1846/774 
f 1846/1846/774 1848/1848/777 1850/1850/778 1849/1849/770 
f 1849/1849/770 1850/1850/778 1851/1851/1284 1838/1838/768 
f 1850/1850/778 1649/1649/566 1647/1647/564 1851/1851/1284 
f 1848/1848/777 1651/1651/568 1649/1649/566 1850/1850/778 
f 1838/1838/768 1851/1851/1284 1852/1852/780 1835/1835/767 
f 1851/1851/1284 1647/1647/564 1645/1645/562 1852/1852/780 
f 1835/1835/767 1852/1852/780 1853/1853/781 1833/1833/763 
f 1852/1852/780 1645/1645/562 1643/1643/560 1853/1853/781 
f 1853/1853/781 1643/1643/560 1641/1641/558 1854/1854/782 
f 1833/1833/763 1853/1853/781 1854/1854/782 1830/1830/764 
f 1830/1830/764 1854/1854/782 1855/1855/783 1857/1857/765 
f 1854/1854/782 1641/1641/558 1639/1639/556 1855/1855/783 
f 1855/1855/783 1639/1639/556 1637/1637/554 1856/1856/784 
f 1857/1857/765 1855/1855/783 1856/1856/784 1858/1858/785 
f 1857/1857/765 1858/1858/785 1860/1860/786 1831/1831/762 
f 1858/1858/785 1859/1859/787 1862/1862/788 1860/1860/786 
f 1858/1858/785 1856/1856/784 1993/1993/1285 1859/1859/787 
f 1861/1861/1286 1828/1828/1277 1831/1831/762 1860/1860/786 
f 1864/1864/1287 1861/1861/1286 1860/1860/786 1862/1862/788 
f 1859/1859/787 1992/1992/792 1863/1863/793 1862/1862/788 
f 1865/1865/1288 1864/1864/1287 1862/1862/788 1863/1863/793 
f 1895/1895/1289 1885/1885/1290 1883/1883/1291 1882/1882/798 
f 1822/1822/1274 1840/1840/1273 1836/1836/1249 1823/1823/1252 
f 1874/1874/1278 1828/1828/1277 1861/1861/1286 1873/1873/799 
f 1866/1866/1280 1865/1865/1288 1863/1863/793 1868/1868/800 
f 1867/1867/1281 1866/1866/1280 1868/1868/800 1984/1984/801 
f 1866/1866/1280 1869/1869/1279 1871/1871/1292 1865/1865/1288 
f 1864/1864/1287 1872/1872/1293 1873/1873/799 1861/1861/1286 
f 1872/1872/1293 1864/1864/1287 1865/1865/1288 1871/1871/1292 
f 1867/1867/1281 1983/1983/1294 1875/1875/1295 1870/1870/1282 
f 1875/1875/1295 1983/1983/1294 1982/1982/1296 1876/1876/1297 
f 1982/1982/1296 1979/1979/1298 1877/1877/1299 1876/1876/1297 
f 1877/1877/1299 1979/1979/1298 1902/1902/1300 1878/1878/1301 
f 1902/1902/1300 1901/1901/1302 1879/1879/1303 1878/1878/1301 
f 1879/1879/1303 1901/1901/1302 1900/1900/1304 1880/1880/1305 
f 1900/1900/1304 1899/1899/1306 1881/1881/1307 1880/1880/1305 
f 1883/1883/1291 1885/1885/1290 1886/1886/1308 1884/1884/1309 
f 1886/1886/1308 1887/1887/1310 1933/1933/1311 1884/1884/1309 
f 1928/1928/1312 1925/1925/1313 1926/1926/1314 1929/1929/1315 
f 1886/1886/1308 1885/1885/1290 1891/1891/826 1888/1888/827 
f 1887/1887/1310 1886/1886/1308 1888/1888/827 1890/1890/828 
f 1892/1892/829 1889/1889/830 1888/1888/827 1891/1891/826 
f 1889/1889/830 1916/1916/831 1890/1890/828 1888/1888/827 
f 1885/1885/1290 1895/1895/1289 1893/1893/832 1891/1891/826 
f 1894/1894/833 1892/1892/829 1891/1891/826 1893/1893/832 
f 1897/1897/834 1894/1894/833 1893/1893/832 1896/1896/835 
f 1895/1895/1289 1899/1899/1306 1896/1896/835 1893/1893/832 
f 1908/1908/836 1897/1897/834 1896/1896/835 1898/1898/837 
f 1899/1899/1306 1900/1900/1304 1898/1898/837 1896/1896/835 
f 1900/1900/1304 1901/1901/1302 1903/1903/838 1898/1898/837 
f 1901/1901/1302 1902/1902/1300 1904/1904/839 1903/1903/838 
f 1905/1905/840 1908/1908/836 1898/1898/837 1903/1903/838 
f 1906/1906/841 1905/1905/840 1903/1903/838 1904/1904/839 
f 1906/1906/841 1973/1973/842 1907/1907/843 1905/1905/840 
f 1905/1905/840 1907/1907/843 1909/1909/844 1908/1908/836 
f 1908/1908/836 1909/1909/844 1910/1910/845 1897/1897/834 
f 1909/1909/844 1617/1617/534 1615/1615/532 1910/1910/845 
f 1907/1907/843 1619/1619/536 1617/1617/534 1909/1909/844 
f 1897/1897/834 1910/1910/845 1911/1911/846 1894/1894/833 
f 1910/1910/845 1615/1615/532 1613/1613/530 1911/1911/846 
f 1894/1894/833 1911/1911/846 1912/1912/847 1892/1892/829 
f 1911/1911/846 1613/1613/530 1611/1611/528 1912/1912/847 
f 1912/1912/847 1611/1611/528 1609/1609/526 1913/1913/848 
f 1892/1892/829 1912/1912/847 1913/1913/848 1889/1889/830 
f 1889/1889/830 1913/1913/848 1914/1914/849 1916/1916/831 
f 1913/1913/848 1609/1609/526 1607/5412/524 1914/1914/849 
f 1914/5400/849 1607/1607/524 1605/1605/522 1915/1915/850 
f 1916/5409/831 1914/5400/849 1915/1915/850 1917/1917/851 
f 1916/5409/831 1917/1917/851 1919/1919/852 1890/5410/828 
f 1917/1917/851 1918/1918/853 1921/1921/854 1919/1919/852 
f 1917/1917/851 1915/1915/850 1972/1972/855 1918/1918/853 
f 1920/1920/1316 1887/5411/1310 1890/5410/828 1919/1919/852 
f 1923/1923/1317 1920/1920/1316 1919/1919/852 1921/1921/854 
f 1918/1918/853 1971/1971/858 1922/1922/859 1921/1921/854 
f 1924/1924/1318 1923/1923/1317 1921/1921/854 1922/1922/859 
f 1938/1938/1319 1940/1940/1320 1723/1723/1182 1939/1939/1181 
f 1881/1881/1307 1899/1899/1306 1895/1895/1289 1882/1882/798 
f 1933/5407/1311 1887/5411/1310 1920/1920/1316 1932/1932/1321 
f 1925/1925/1313 1924/1924/1318 1922/1922/859 1927/1927/864 
f 1926/1926/1314 1925/1925/1313 1927/1927/864 1963/1963/865 
f 1925/1925/1313 1928/1928/1312 1930/1930/1322 1924/1924/1318 
f 1923/1923/1317 1931/1931/1323 1932/1932/1321 1920/1920/1316 
f 1931/1931/1323 1923/1923/1317 1924/1924/1318 1930/1930/1322 
f 1926/1926/1314 1962/1962/1324 1934/1934/1325 1929/1929/1315 
f 1934/1934/1325 1962/1962/1324 1961/1961/1326 1935/1935/1327 
f 1961/1961/1326 1958/1958/1328 1936/1936/1329 1935/1935/1327 
f 1936/1936/1329 1958/1958/1328 1941/1941/1330 1937/1937/1331 
f 1941/1941/1330 1940/1940/1320 1938/1938/1319 1937/1937/1331 
f 1940/1940/1320 1941/1941/1330 1943/1943/876 1942/1942/877 
f 1723/1723/1182 1940/1940/1320 1942/1942/877 1721/1721/642 
f 1944/1944/878 1947/1947/641 1721/1721/642 1942/1942/877 
f 1945/1945/879 1944/1944/878 1942/1942/877 1943/1943/876 
f 1945/1945/879 1952/1952/880 1946/1946/881 1944/1944/878 
f 1944/1944/878 1946/1946/881 1948/1948/882 1947/1947/641 
f 1947/1947/641 1948/1948/882 1949/1949/883 1720/1720/639 
f 1949/1949/883 1948/1948/882 1585/1585/502 1583/1583/500 
f 1946/1946/881 1587/1587/504 1585/1585/502 1948/1948/882 
f 1720/1720/639 1949/1949/883 1950/1950/884 1717/1717/638 
f 1950/1950/884 1949/1949/883 1583/1583/500 1581/1581/498 
f 1951/1951/885 1950/1950/884 1581/1581/498 1579/1579/496 
f 1715/1715/635 1717/1717/638 1950/1950/884 1951/1951/885 
f 1705/1705/625 1951/1951/885 1579/1579/496 1577/1577/494 
f 1707/1707/626 1715/1715/635 1951/1951/885 1705/1705/625 
f 1952/1952/880 1589/1589/506 1587/1587/504 1946/1946/881 
f 1955/1955/886 1953/1953/887 1952/1952/880 1945/1945/879 
f 1953/1953/887 1591/1591/508 1589/1589/506 1952/1952/880 
f 1954/1954/888 1593/1593/510 1591/1591/508 1953/1953/887 
f 1956/1956/889 1954/1954/888 1953/1953/887 1955/1955/886 
f 1955/1955/886 1945/1945/879 1943/1943/876 1957/1957/890 
f 1956/1956/889 1955/1955/886 1957/1957/890 1959/1959/891 
f 1958/1958/1328 1961/1961/1326 1959/1959/891 1957/1957/890 
f 1941/1941/1330 1958/1958/1328 1957/1957/890 1943/1943/876 
f 1961/1961/1326 1962/1962/1324 1960/1960/892 1959/1959/891 
f 1964/1964/893 1956/1956/889 1959/1959/891 1960/1960/892 
f 1962/1962/1324 1926/1926/1314 1963/1963/865 1960/1960/892 
f 1965/1965/894 1964/1964/893 1960/1960/892 1963/1963/865 
f 1964/1964/893 1966/1966/895 1954/1954/888 1956/1956/889 
f 1965/1965/894 1967/1967/896 1966/1966/895 1964/1964/893 
f 1966/1966/895 1595/1595/512 1593/1593/510 1954/1954/888 
f 1967/1967/896 1597/1597/514 1595/1595/512 1966/1966/895 
f 1970/1970/897 1968/1968/898 1967/1967/896 1965/1965/894 
f 1968/1968/898 1599/1599/516 1597/1597/514 1967/1967/896 
f 1969/1969/899 1601/1601/518 1599/1599/516 1968/1968/898 
f 1971/1971/858 1969/1969/899 1968/1968/898 1970/1970/897 
f 1971/1971/858 1970/1970/897 1927/1927/864 1922/1922/859 
f 1970/1970/897 1965/1965/894 1963/1963/865 1927/1927/864 
f 1918/1918/853 1972/1972/855 1969/1969/899 1971/1971/858 
f 1972/1972/855 1603/1603/520 1601/1601/518 1969/1969/899 
f 1915/1915/850 1605/1605/522 1603/1603/520 1972/1972/855 
f 1973/1973/842 1621/1621/538 1619/1619/536 1907/1907/843 
f 1976/1976/900 1974/1974/901 1973/1973/842 1906/1906/841 
f 1974/1974/901 1623/1623/540 1621/1621/538 1973/1973/842 
f 1975/1975/1332 1625/1625/1201 1623/1623/540 1974/1974/901 
f 1977/1977/903 1975/1975/1332 1974/1974/901 1976/1976/900 
f 1976/1976/900 1906/1906/841 1904/1904/839 1978/1978/904 
f 1977/1977/903 1976/1976/900 1978/1978/904 1980/1980/905 
f 1979/1979/1298 1982/1982/1296 1980/1980/905 1978/1978/904 
f 1902/1902/1300 1979/1979/1298 1978/1978/904 1904/1904/839 
f 1982/1982/1296 1983/1983/1294 1981/1981/906 1980/1980/905 
f 1985/1985/907 1977/1977/903 1980/1980/905 1981/1981/906 
f 1983/1983/1294 1867/1867/1281 1984/1984/801 1981/1981/906 
f 1986/1986/908 1985/1985/907 1981/1981/906 1984/1984/801 
f 1985/1985/907 1987/1987/909 1975/1975/1332 1977/1977/903 
f 1986/1986/908 1988/1988/910 1987/1987/909 1985/1985/907 
f 1987/1987/909 1627/1627/544 1625/1625/1201 1975/1975/1332 
f 1988/1988/910 1629/1629/546 1627/1627/544 1987/1987/909 
f 1991/1991/911 1989/1989/912 1988/1988/910 1986/1986/908 
f 1989/1989/912 1631/1631/548 1629/1629/546 1988/1988/910 
f 1990/1990/913 1633/1633/550 1631/1631/548 1989/1989/912 
f 1992/1992/792 1990/1990/913 1989/1989/912 1991/1991/911 
f 1992/1992/792 1991/1991/911 1868/1868/800 1863/1863/793 
f 1991/1991/911 1986/1986/908 1984/1984/801 1868/1868/800 
f 1859/1859/787 1993/1993/1285 1990/1990/913 1992/1992/792 
f 1993/1993/1285 1635/1635/552 1633/1633/550 1990/1990/913 
f 1856/1856/784 1637/1637/554 1635/1635/552 1993/1993/1285 
f 1994/1994/776 1653/1653/570 1651/1651/568 1848/1848/777 
f 1997/1997/914 1995/1995/915 1994/1994/776 1847/1847/775 
f 1995/1995/915 1655/1655/572 1653/1653/570 1994/1994/776 
f 1996/1996/916 1657/1657/574 1655/1655/572 1995/1995/915 
f 1998/1998/917 1996/1996/916 1995/1995/915 1997/1997/914 
f 1997/1997/914 1847/1847/775 1845/1845/773 1999/1999/918 
f 1998/1998/917 1997/1997/914 1999/1999/918 2001/2001/919 
f 2000/2000/1265 2003/2003/1263 2001/2001/919 1999/1999/918 
f 1843/1843/1267 2000/2000/1265 1999/1999/918 1845/1845/773 
f 2003/2003/1263 2004/2004/1261 2002/2002/920 2001/2001/919 
f 2006/2006/921 1998/1998/917 2001/2001/919 2002/2002/920 
f 2004/2004/1261 1802/1802/1240 2005/2005/731 2002/2002/920 
f 2007/2007/922 2006/2006/921 2002/2002/920 2005/2005/731 
f 2006/2006/921 2008/2008/923 1996/1996/916 1998/1998/917 
f 2007/2007/922 2009/2009/924 2008/2008/923 2006/2006/921 
f 2008/2008/923 1659/1659/576 1657/1657/574 1996/1996/916 
f 2009/2009/924 1661/1661/578 1659/1659/576 2008/2008/923 
f 2012/2012/925 2010/2010/926 2009/2009/924 2007/2007/922 
f 2010/2010/926 1663/1663/580 1661/1661/578 2009/2009/924 
f 2011/2011/927 1665/1665/582 1663/1663/580 2010/2010/926 
f 2013/2013/721 2011/2011/927 2010/2010/926 2012/2012/925 
f 2013/2013/721 2012/2012/925 1803/1803/730 1798/1798/722 
f 2012/2012/925 2007/2007/922 2005/2005/731 1803/1803/730 
f 1797/1797/718 2014/2014/928 2011/2011/927 2013/2013/721 
f 2014/2014/928 1667/1667/584 1665/1665/582 2011/2011/927 
f 2015/2015/929 1669/1669/586 1667/1667/584 2014/2014/928 
f 1794/1794/717 2015/2015/929 2014/2014/928 1797/1797/718 
f 1792/1792/714 2016/2016/930 2015/2015/929 1794/1794/717 
f 2016/2016/930 1671/1671/588 1669/1669/586 2015/2015/929 
f 2017/2017/931 1673/1673/590 1671/1671/588 2016/2016/930 
f 1789/1789/711 2017/2017/931 2016/2016/930 1792/1792/714 
f 1781/1781/703 2018/2018/705 2017/2017/931 1789/1789/711 
f 2018/2018/705 1675/1675/592 1673/1673/590 2017/2017/931 
f 1782/1782/700 1677/1677/594 1675/1675/592 2018/2018/705 
f 1776/1776/697 1679/1679/596 1677/1677/594 1782/1782/700 
f 2020/2020/932 2153/2153/933 2434/2434/9 2156/2156/934 
f 2153/2153/933 2023/2023/935 2154/2154/936 2434/2434/9 
f 2434/2434/9 2154/2154/936 2022/2022/10 2155/2155/11 
f 2156/2156/934 2434/2434/9 2155/2155/11 2019/2019/12 
f 2070/2070/937 2157/2157/938 2435/2435/939 2159/2159/940 
f 2157/2157/938 2020/2020/932 2156/2156/934 2435/2435/939 
f 2435/2435/939 2156/2156/934 2019/2019/12 2158/2158/21 
f 2159/2159/940 2435/2435/939 2158/2158/21 2021/2021/23 
f 2173/2173/941 2175/2175/942 2441/2441/943 2440/2440/48 
f 2522/2522/322 2349/2349/970 2244/2244/971 2466/2466/1333 
f 2025/2025/946 2161/2161/1334 2436/2436/948 2160/2160/949 
f 2161/2161/1334 2027/2027/950 2162/2162/15 2436/2436/948 
f 2436/2436/948 2162/2162/15 2026/2026/43 2163/2163/44 
f 2160/2160/949 2436/2436/948 2163/2163/44 2024/2024/1335 
f 2027/2027/950 2164/2164/952 2437/2437/42 2162/2162/15 
f 2164/2164/952 2029/2029/953 2165/2165/50 2437/2437/42 
f 2437/2437/42 2165/2165/50 2028/2028/51 2166/2166/52 
f 2162/2162/15 2437/2437/42 2166/2166/52 2026/2026/43 
f 2029/2029/953 2167/2167/954 2438/2438/955 2165/2165/50 
f 2167/2167/954 2031/2031/956 2168/2168/26 2438/2438/955 
f 2438/2438/955 2168/2168/26 2030/2030/57 2169/2169/58 
f 2165/2165/50 2438/2438/955 2169/2169/58 2028/2028/51 
f 2031/2031/956 2170/2170/957 2439/2439/40 2168/2168/26 
f 2170/2170/957 2033/2033/958 2171/2171/39 2439/2439/40 
f 2439/2439/40 2171/2171/39 2032/2032/63 2172/2172/64 
f 2168/2168/26 2439/2439/40 2172/2172/64 2030/2030/57 
f 2033/2033/958 2173/2173/941 2440/2440/48 2171/2171/39 
f 2047/2047/1336 2195/2195/962 2193/2193/963 2045/2045/964 
f 2171/2171/39 2440/2440/48 2174/2174/965 2032/2032/63 
f 2175/2175/942 2035/2035/966 2176/2176/78 2441/2441/943 
f 2441/2441/943 2176/2176/78 2034/2034/92 2177/2177/1337 
f 2035/2035/966 2178/2178/968 2442/2442/77 2176/2176/78 
f 2178/2178/968 2037/2037/959 2179/2179/1338 2442/2442/77 
f 2442/2442/77 2179/2179/1338 2036/2036/945 2180/2180/969 
f 2176/2176/78 2442/2442/77 2180/2180/969 2034/2034/92 
f 2037/2037/959 2181/2181/1339 2443/2443/68 2179/2179/1338 
f 2202/2202/994 2204/2204/1001 2451/2451/1003 2450/2450/125 
f 2450/2450/125 2451/2451/1003 2206/2206/1005 2203/2203/1340 
f 2179/2179/1338 2443/2443/68 2182/2182/1341 2036/2036/945 
f 2183/2183/973 2039/2039/974 2184/2184/73 2444/2444/74 
f 2444/2444/74 2184/2184/73 2038/2038/101 2185/2185/102 
f 2039/2039/974 2186/2186/975 2445/2445/976 2184/2184/73 
f 2186/2186/975 2041/2041/977 2187/2187/85 2445/2445/976 
f 2445/2445/976 2187/2187/85 2040/2040/106 2188/2188/107 
f 2184/2184/73 2445/2445/976 2188/2188/107 2038/2038/101 
f 2041/2041/977 2189/2189/978 2446/2446/96 2187/2187/85 
f 2189/2189/978 2043/2043/979 2190/2190/95 2446/2446/96 
f 2446/2446/96 2190/2190/95 2042/2042/113 2191/2191/114 
f 2187/2187/85 2446/2446/96 2191/2191/114 2040/2040/106 
f 2043/2043/979 2192/2192/980 2447/2447/32 2190/2190/95 
f 2192/2192/980 2045/2045/964 2193/2193/963 2447/2447/32 
f 2447/2447/32 2193/2193/963 2044/2044/1342 2194/2194/35 
f 2190/2190/95 2447/2447/32 2194/2194/35 2042/2042/113 
f 2020/2020/932 2157/2157/938 2241/2241/204 2072/2072/1013 
f 2047/2047/1336 2196/2196/987 2448/2448/111 2195/2195/962 
f 2196/2196/987 2049/2049/988 2197/2197/989 2448/2448/111 
f 2448/2448/111 2197/2197/989 2048/2048/131 2198/2198/132 
f 2195/2195/962 2448/2448/111 2198/2198/132 2046/2046/126 
f 2049/2049/988 2199/2199/991 2449/2449/118 2197/2197/989 
f 2199/2199/991 2051/2051/1343 2200/2200/993 2449/2449/118 
f 2449/2449/118 2200/2200/993 2050/2050/137 2201/2201/138 
f 2197/2197/989 2449/2449/118 2201/2201/138 2048/2048/131 
f 2051/2051/1343 2202/2202/994 2450/2450/125 2200/2200/993 
f 2213/2213/1344 2215/2215/1345 2455/2455/1346 2454/2454/147 
f 2454/2454/147 2455/2455/1346 2217/2217/1347 2214/2214/166 
f 2200/2200/993 2450/2450/125 2203/2203/1340 2050/2050/137 
f 2204/2204/1001 2053/2053/1002 2205/2205/120 2451/2451/1003 
f 2451/2451/1003 2205/2205/120 2052/2052/1004 2206/2206/1005 
f 2053/2053/1002 2207/2207/1006 2452/2452/136 2205/2205/120 
f 2207/2207/1006 2055/2055/1007 2208/2208/135 2452/2452/136 
f 2452/2452/136 2208/2208/135 2054/2054/151 2209/2209/152 
f 2205/2205/120 2452/2452/136 2209/2209/152 2052/2052/1004 
f 2055/2055/1007 2210/2210/1008 2453/2453/142 2208/2208/135 
f 2210/2210/1008 2057/2057/1009 2211/2211/1010 2453/2453/142 
f 2453/2453/142 2211/2211/1010 2056/2056/157 2212/2212/1011 
f 2208/2208/135 2453/2453/142 2212/2212/1011 2054/2054/151 
f 2057/2057/1009 2213/2213/1344 2454/2454/147 2211/2211/1010 
f 2235/2235/995 2237/2237/996 2463/2463/197 2462/2462/997 
f 2462/2462/997 2463/2463/197 2238/2238/998 2236/2236/1348 
f 2211/2211/1010 2454/2454/147 2214/2214/166 2056/2056/157 
f 2215/2215/1345 2059/2059/982 2216/2216/983 2455/2455/1346 
f 2455/2455/1346 2216/2216/983 2058/2058/985 2217/2217/1347 
f 2059/2059/982 2218/2218/1014 2456/2456/156 2216/2216/983 
f 2218/2218/1014 2061/2061/1015 2219/2219/1016 2456/2456/156 
f 2456/2456/156 2219/2219/1016 2060/2060/1017 2220/2220/1018 
f 2216/2216/983 2456/2456/156 2220/2220/1018 2058/2058/985 
f 2061/2061/1015 2221/2221/1019 2457/2457/1349 2219/2219/1016 
f 2523/2523/314 2350/2350/313 2243/2243/1021 2465/2465/1022 
f 2239/2239/1350 2235/2235/995 2069/2069/1351 2096/2096/1025 
f 2219/2219/1016 2457/2457/1349 2222/2222/1026 2060/2060/1017 
f 2223/2223/1027 2063/2063/1028 2224/2224/169 2458/2458/1029 
f 2458/2458/1029 2224/2224/169 2062/2062/191 2225/2225/1030 
f 2063/2063/1028 2226/2226/1031 2459/2459/178 2224/2224/169 
f 2226/2226/1031 2065/2065/1032 2227/2227/1033 2459/2459/178 
f 2459/2459/178 2227/2227/1033 2064/2064/193 2228/2228/194 
f 2224/2224/169 2459/2459/178 2228/2228/194 2062/2062/191 
f 2065/2065/1032 2229/2229/1034 2460/2460/183 2227/2227/1033 
f 2229/2229/1034 2067/2067/1035 2230/2230/182 2460/2460/183 
f 2460/2460/183 2230/2230/182 2066/2066/198 2231/2231/199 
f 2227/2227/1033 2460/2460/183 2231/2231/199 2064/2064/193 
f 2067/2067/1035 2232/2232/1036 2461/2461/190 2230/2230/182 
f 2232/2232/1036 2069/2069/1351 2233/2233/82 2461/2461/190 
f 2461/2461/190 2233/2233/82 2068/2068/201 2234/2234/202 
f 2230/2230/182 2461/2461/190 2234/2234/202 2066/2066/198 
f 2069/2069/1351 2235/2235/995 2462/2462/997 2233/2233/82 
f 2240/2240/1037 2237/2237/996 2235/2235/995 2239/2239/1350 
f 2070/2070/937 2237/2237/996 2240/2240/1037 2071/2071/17 
f 2233/2233/82 2462/2462/997 2236/2236/1348 2068/2068/201 
f 2237/2237/996 2070/2070/937 2159/2159/940 2463/2463/197 
f 2463/2463/197 2159/2159/940 2021/2021/23 2238/2238/998 
f 2244/2244/971 2246/2246/1038 2074/2074/1039 2073/2073/1352 
f 2496/2496/317 2297/2297/1353 2242/2242/1041 2464/2464/1042 
f 2157/2157/938 2070/2070/937 2071/2071/17 2241/2241/204 
f 2337/2337/1354 2269/2269/1043 2267/2267/1355 2338/2338/1045 
f 2493/2493/1046 2464/2464/1042 2240/2240/1037 2239/2239/1350 
f 2297/2297/1353 2523/2523/314 2465/2465/1022 2242/2242/1041 
f 2464/2464/1042 2242/2242/1041 2071/2071/17 2240/2240/1037 
f 2153/2153/933 2020/2020/932 2072/2072/1013 2245/2245/1047 
f 2521/2521/364 2347/2347/329 2247/2247/1356 2467/2467/1049 
f 2350/2350/313 2522/2522/322 2466/2466/1333 2243/2243/1021 
f 2465/2465/1022 2243/2243/1021 2072/2072/1013 2241/2241/204 
f 2242/2242/1041 2465/2465/1022 2241/2241/204 2071/2071/17 
f 2161/2161/1334 2025/2025/946 2074/2074/1039 2248/2248/1050 
f 2519/2519/401 2345/2345/341 2251/2251/1051 2469/2469/1357 
f 2466/2466/1333 2244/2244/971 2073/2073/1352 2245/2245/1047 
f 2243/2243/1021 2466/2466/1333 2245/2245/1047 2072/2072/1013 
f 2474/2474/1358 2475/2475/1082 2262/2262/237 2260/2260/29 
f 2471/2471/1054 2472/2472/1055 2257/2257/1056 2255/2255/232 
f 2023/2023/935 2073/2073/1352 2074/2074/1039 2025/2025/946 
f 2069/2069/1351 2232/2232/1036 2294/2294/1081 2096/2096/1025 
f 2348/2348/1062 2521/2521/364 2467/2467/1049 2246/2246/1038 
f 2027/2027/950 2161/2161/1334 2248/2248/1050 2075/2075/214 
f 2347/2347/329 2520/2520/328 2468/2468/1063 2247/2247/1356 
f 2467/2467/1049 2247/2247/1356 2075/2075/214 2248/2248/1050 
f 2246/2246/1038 2467/2467/1049 2248/2248/1050 2074/2074/1039 
f 2520/2520/328 2346/2346/411 2249/2249/1064 2468/2468/1063 
f 2250/2250/1065 2164/2164/952 2027/2027/950 2075/2075/214 
f 2029/2029/953 2164/2164/952 2250/2250/1065 2076/2076/1066 
f 2468/2468/1063 2249/2249/1064 2076/2076/1066 2250/2250/1065 
f 2247/2247/1356 2468/2468/1063 2250/2250/1065 2075/2075/214 
f 2031/2031/956 2167/2167/954 2252/2252/1067 2077/2077/224 
f 2346/2346/411 2519/2519/401 2469/2469/1357 2249/2249/1064 
f 2167/2167/954 2029/2029/953 2076/2076/1066 2252/2252/1067 
f 2345/2345/341 2518/2518/340 2470/2470/1068 2251/2251/1051 
f 2469/2469/1357 2251/2251/1051 2077/2077/224 2252/2252/1067 
f 2249/2249/1064 2469/2469/1357 2252/2252/1067 2076/2076/1066 
f 2033/2033/958 2170/2170/957 2254/2254/230 2078/2078/229 
f 2518/2518/340 2344/2344/343 2253/2253/1069 2470/2470/1068 
f 2515/2515/99 2342/2342/1070 2258/2258/1058 2473/2473/1359 
f 2254/2254/230 2170/2170/957 2031/2031/956 2077/2077/224 
f 2470/2470/1068 2253/2253/1069 2078/2078/229 2254/2254/230 
f 2251/2251/1051 2470/2470/1068 2254/2254/230 2077/2077/224 
f 2344/2344/343 2517/2517/1072 2471/2471/1054 2253/2253/1069 
f 2255/2255/232 2173/2173/941 2033/2033/958 2078/2078/229 
f 2324/2324/397 2499/2499/396 2500/2500/1079 2323/2323/1080 
f 2253/2253/1069 2471/2471/1054 2255/2255/232 2078/2078/229 
f 2516/2516/1073 2343/2343/345 2256/2256/1074 2472/2472/1055 
f 2517/2517/1072 2516/2516/1073 2472/2472/1055 2471/2471/1054 
f 2035/2035/966 2175/2175/942 2257/2257/1056 2079/2079/90 
f 2472/2472/1055 2256/2256/1074 2079/2079/90 2257/2257/1056 
f 2037/2037/959 2178/2178/968 2259/2259/1075 2080/2080/1061 
f 2343/2343/345 2515/2515/99 2473/2473/1359 2256/2256/1074 
f 2173/2173/941 2255/2255/232 2257/2257/1056 2175/2175/942 
f 2178/2178/968 2035/2035/966 2079/2079/90 2259/2259/1075 
f 2342/2342/1070 2514/2514/100 2474/2474/1358 2258/2258/1058 
f 2473/2473/1359 2258/2258/1058 2080/2080/1061 2259/2259/1075 
f 2256/2256/1074 2473/2473/1359 2259/2259/1075 2079/2079/90 
f 2511/2511/1076 2339/2339/347 2265/2265/1077 2477/2477/1078 
f 2183/2183/973 2181/2181/1339 2260/2260/29 2262/2262/237 
f 2267/2267/1355 2269/2269/1043 2085/2085/248 2084/2084/1360 
f 2258/2258/1058 2474/2474/1358 2260/2260/29 2080/2080/1061 
f 2514/2514/100 2513/2513/337 2475/2475/1082 2474/2474/1358 
f 2181/2181/1339 2037/2037/959 2080/2080/1061 2260/2260/29 
f 2341/2341/1083 2512/2512/356 2476/2476/1084 2261/2261/1085 
f 2475/2475/1082 2261/2261/1085 2081/2081/236 2262/2262/237 
f 2512/2512/356 2340/2340/1086 2263/2263/1087 2476/2476/1084 
f 2264/2264/241 2186/2186/975 2039/2039/974 2081/2081/236 
f 2041/2041/977 2186/2186/975 2264/2264/241 2082/2082/240 
f 2476/2476/1084 2263/2263/1087 2082/2082/240 2264/2264/241 
f 2261/2261/1085 2476/2476/1084 2264/2264/241 2081/2081/236 
f 2043/2043/979 2189/2189/978 2266/2266/1361 2083/2083/244 
f 2340/2340/1086 2511/2511/1076 2477/2477/1078 2263/2263/1087 
f 2189/2189/978 2041/2041/977 2082/2082/240 2266/2266/1361 
f 2339/2339/347 2510/2510/128 2478/2478/1088 2265/2265/1077 
f 2477/2477/1078 2265/2265/1077 2083/2083/244 2266/2266/1361 
f 2263/2263/1087 2477/2477/1078 2266/2266/1361 2082/2082/240 
f 2045/2045/964 2192/2192/980 2268/2268/1089 2084/2084/1360 
f 2510/2510/128 2338/2338/1045 2267/2267/1355 2478/2478/1088 
f 2508/2508/1362 2335/2335/368 2272/2272/1090 2480/2480/1363 
f 2268/2268/1089 2192/2192/980 2043/2043/979 2083/2083/244 
f 2478/2478/1088 2267/2267/1355 2084/2084/1360 2268/2268/1089 
f 2265/2265/1077 2478/2478/1088 2268/2268/1089 2083/2083/244 
f 2488/2488/1114 2489/2489/1115 2288/2288/283 2286/2286/1116 
f 2481/2481/1095 2482/2482/1096 2276/2276/1364 2274/2274/262 
f 2337/2337/1354 2509/2509/377 2479/2479/1098 2269/2269/1043 
f 2047/2047/1336 2045/2045/964 2084/2084/1360 2085/2085/248 
f 2509/2509/377 2336/2336/1365 2270/2270/1100 2479/2479/1098 
f 2196/2196/987 2047/2047/1336 2085/2085/248 2271/2271/1101 
f 2506/2506/1102 2334/2334/1366 2275/2275/1103 2482/2482/1096 
f 2049/2049/988 2196/2196/987 2271/2271/1101 2086/2086/1104 
f 2479/2479/1098 2270/2270/1100 2086/2086/1104 2271/2271/1101 
f 2269/2269/1043 2479/2479/1098 2271/2271/1101 2085/2085/248 
f 2051/2051/1343 2199/2199/991 2273/2273/259 2087/2087/258 
f 2336/2336/1365 2508/2508/1362 2480/2480/1363 2270/2270/1100 
f 2199/2199/991 2049/2049/988 2086/2086/1104 2273/2273/259 
f 2335/2335/368 2507/2507/379 2481/2481/1095 2272/2272/1090 
f 2480/2480/1363 2272/2272/1090 2087/2087/258 2273/2273/259 
f 2270/2270/1100 2480/2480/1363 2273/2273/259 2086/2086/1104 
f 2504/2504/1367 2332/2332/1105 2279/2279/1106 2484/2484/1107 
f 2204/2204/1001 2202/2202/994 2274/2274/262 2276/2276/1364 
f 2485/2485/1368 2486/2486/1369 2283/2283/1370 2281/2281/276 
f 2272/2272/1090 2481/2481/1095 2274/2274/262 2087/2087/258 
f 2507/2507/379 2506/2506/1102 2482/2482/1096 2481/2481/1095 
f 2202/2202/994 2051/2051/1343 2087/2087/258 2274/2274/262 
f 2334/2334/1366 2505/2505/1371 2483/2483/1109 2275/2275/1103 
f 2482/2482/1096 2275/2275/1103 2088/2088/250 2276/2276/1364 
f 2505/2505/1371 2333/2333/403 2277/2277/1110 2483/2483/1109 
f 2278/2278/1372 2207/2207/1006 2053/2053/1002 2088/2088/250 
f 2502/2502/278 2331/2331/1373 2282/2282/1374 2486/2486/1369 
f 2055/2055/1007 2207/2207/1006 2278/2278/1372 2089/2089/1112 
f 2483/2483/1109 2277/2277/1110 2089/2089/1112 2278/2278/1372 
f 2275/2275/1103 2483/2483/1109 2278/2278/1372 2088/2088/250 
f 2057/2057/1009 2210/2210/1008 2280/2280/271 2090/2090/270 
f 2333/2333/403 2504/2504/1367 2484/2484/1107 2277/2277/1110 
f 2210/2210/1008 2055/2055/1007 2089/2089/1112 2280/2280/271 
f 2332/2332/1105 2503/2503/388 2485/2485/1368 2279/2279/1106 
f 2484/2484/1107 2279/2279/1106 2090/2090/270 2280/2280/271 
f 2277/2277/1110 2484/2484/1107 2280/2280/271 2089/2089/1112 
f 2283/2283/1370 2215/2215/1345 2213/2213/1344 2281/2281/276 
f 2279/2279/1106 2485/2485/1368 2281/2281/276 2090/2090/270 
f 2503/2503/388 2502/2502/278 2486/2486/1369 2485/2485/1368 
f 2281/2281/276 2213/2213/1344 2057/2057/1009 2090/2090/270 
f 2331/2331/1373 2501/2501/279 2487/2487/1117 2282/2282/1374 
f 2486/2486/1369 2282/2282/1374 2091/2091/1108 2283/2283/1370 
f 2501/2501/279 2330/2330/159 2284/2284/1118 2487/2487/1117 
f 2218/2218/1014 2059/2059/982 2091/2091/1108 2285/2285/1119 
f 2498/2498/385 2328/2328/384 2289/2289/1120 2490/2490/1121 
f 2061/2061/1015 2218/2218/1014 2285/2285/1119 2092/2092/268 
f 2487/2487/1117 2284/2284/1118 2092/2092/268 2285/2285/1119 
f 2282/2282/1374 2487/2487/1117 2285/2285/1119 2091/2091/1108 
f 2063/2063/1028 2223/2223/1027 2288/2288/283 2093/2093/282 
f 2330/2330/159 2500/2500/1079 2488/2488/1114 2284/2284/1118 
f 2221/2221/1019 2061/2061/1015 2092/2092/268 2286/2286/1116 
f 2307/2307/1122 2516/2516/1073 2517/2517/1072 2306/2306/334 
f 2284/2284/1118 2488/2488/1114 2286/2286/1116 2092/2092/268 
f 2223/2223/1027 2221/2221/1019 2286/2286/1116 2288/2288/283 
f 2499/2499/396 2329/2329/395 2287/2287/1123 2489/2489/1115 
f 2500/2500/1079 2499/2499/396 2489/2489/1115 2488/2488/1114 
f 2489/2489/1115 2287/2287/1123 2093/2093/282 2288/2288/283 
f 2329/2329/395 2498/2498/385 2490/2490/1121 2287/2287/1123 
f 2226/2226/1031 2063/2063/1028 2093/2093/282 2290/2290/290 
f 2065/2065/1032 2226/2226/1031 2290/2290/290 2094/2094/1124 
f 2328/2328/384 2497/2497/1125 2491/2491/1126 2289/2289/1120 
f 2490/2490/1121 2289/2289/1120 2094/2094/1124 2290/2290/290 
f 2287/2287/1123 2490/2490/1121 2290/2290/290 2093/2093/282 
f 2497/2497/1125 2296/2296/311 2291/2291/1127 2491/2491/1126 
f 2292/2292/294 2229/2229/1034 2065/2065/1032 2094/2094/1124 
f 2399/2399/324 2400/2400/324 2559/2559/324 2558/2558/324 
f 2067/2067/1035 2229/2229/1034 2292/2292/294 2095/2095/1128 
f 2491/2491/1126 2291/2291/1127 2095/2095/1128 2292/2292/294 
f 2289/2289/1120 2491/2491/1126 2292/2292/294 2094/2094/1124 
f 2495/2495/1129 2496/2496/317 2464/2464/1042 2493/2493/1046 
f 2296/2296/311 2494/2494/1130 2492/2492/1131 2291/2291/1127 
f 2232/2232/1036 2067/2067/1035 2095/2095/1128 2294/2294/1081 
f 2295/2295/1132 2495/2495/1129 2493/2493/1046 2293/2293/1375 
f 2492/2492/1131 2293/2293/1375 2096/2096/1025 2294/2294/1081 
f 2291/2291/1127 2492/2492/1131 2294/2294/1081 2095/2095/1128 
f 2348/2348/1062 2349/2349/970 2100/2100/1376 2101/2101/1141 
f 2495/2495/1129 2299/2299/1135 2298/2298/1136 2496/2496/317 
f 2355/2355/405 2356/2356/1137 2527/2527/1138 2526/2526/1377 
f 2293/2293/1375 2493/2493/1046 2239/2239/1350 2096/2096/1025 
f 2097/2097/61 2295/2295/1132 2494/2494/1130 2327/2327/306 
f 2299/2299/1135 2495/2495/1129 2295/2295/1132 2097/2097/61 
f 2099/2099/312 2350/2350/313 2523/2523/314 2300/2300/1378 
f 2541/2541/324 2372/2372/324 2365/2365/324 2533/2533/432 
f 2502/2502/278 2503/2503/388 2320/2320/387 2321/2321/389 
f 2300/2300/1378 2523/2523/314 2297/2297/1353 2098/2098/319 
f 2023/2023/935 2153/2153/933 2245/2245/1047 2073/2073/1352 
f 2100/2100/1376 2349/2349/970 2522/2522/322 2301/2301/323 
f 2303/2303/327 2520/2520/328 2347/2347/329 2102/2102/330 
f 2302/2302/363 2521/2521/364 2348/2348/1062 2101/2101/1141 
f 2529/2529/1379 2530/2530/1380 2214/2214/166 2217/2217/1347 
f 2108/2108/335 2341/2341/1083 2513/2513/337 2310/2310/1381 
f 2305/2305/339 2518/2518/340 2345/2345/341 2104/2104/342 
f 2306/2306/334 2517/2517/1072 2344/2344/343 2105/2105/344 
f 2107/2107/1134 2342/2342/1070 2515/2515/99 2308/2308/1143 
f 2110/2110/346 2339/2339/347 2511/2511/1076 2312/2312/349 
f 2106/2106/408 2343/2343/345 2516/2516/1073 2307/2307/1122 
f 2526/2526/1377 2527/2527/1138 2222/2222/1026 2225/2225/1030 
f 2311/2311/355 2512/2512/356 2341/2341/1083 2108/2108/335 
f 2310/2310/1381 2513/2513/337 2514/2514/100 2309/2309/354 
f 2115/2115/288 2334/2334/1366 2506/2506/1102 2317/2317/1144 
f 2313/2313/129 2510/2510/128 2339/2339/347 2110/2110/346 
f 2114/2114/367 2335/2335/368 2508/2508/1362 2315/2315/370 
f 2117/2117/371 2332/2332/1105 2504/2504/1367 2319/2319/1382 
f 2113/2113/1383 2336/2336/1365 2509/2509/377 2314/2314/378 
f 2314/2314/378 2509/2509/377 2337/2337/1354 2112/2112/357 
f 2337/2337/1354 2338/2338/1045 2111/2111/1145 2112/2112/357 
f 2318/2318/381 2505/2505/1371 2334/2334/1366 2115/2115/288 
f 2118/2118/1140 2331/2331/1373 2502/2502/278 2321/2321/389 
f 2121/2121/383 2328/2328/384 2498/2498/385 2325/2325/386 
f 2320/2320/387 2503/2503/388 2332/2332/1105 2117/2117/371 
f 2317/2317/1144 2506/2506/1102 2507/2507/379 2316/2316/380 
f 2348/2348/1062 2246/2246/1038 2244/2244/971 2349/2349/970 
f 2119/2119/299 2330/2330/159 2501/2501/279 2322/2322/393 
f 2322/2322/393 2501/2501/279 2331/2331/1373 2118/2118/1140 
f 2120/2120/394 2329/2329/395 2499/2499/396 2324/2324/397 
f 2326/2326/398 2497/2497/1125 2328/2328/384 2121/2121/383 
f 2325/2325/386 2498/2498/385 2329/2329/395 2120/2120/394 
f 2102/2102/330 2347/2347/329 2521/2521/364 2302/2302/363 
f 2327/2327/306 2494/2494/1130 2296/2296/311 2122/2122/400 
f 2104/2104/342 2345/2345/341 2519/2519/401 2304/2304/402 
f 2297/2297/1353 2496/2496/317 2298/2298/1136 2098/2098/319 
f 2494/2494/1130 2295/2295/1132 2293/2293/1375 2492/2492/1131 
f 2122/2122/400 2296/2296/311 2497/2497/1125 2326/2326/398 
f 2323/2323/1080 2500/2500/1079 2330/2330/159 2119/2119/299 
f 2059/2059/982 2215/2215/1345 2283/2283/1370 2091/2091/1108 
f 2319/2319/1382 2504/2504/1367 2333/2333/403 2116/2116/404 
f 2053/2053/1002 2204/2204/1001 2276/2276/1364 2088/2088/250 
f 2116/2116/404 2333/2333/403 2505/2505/1371 2318/2318/381 
f 2316/2316/380 2507/2507/379 2335/2335/368 2114/2114/367 
f 2315/2315/370 2508/2508/1362 2336/2336/1365 2113/2113/1383 
f 2111/2111/1145 2338/2338/1045 2510/2510/128 2313/2313/129 
f 2312/2312/349 2511/2511/1076 2340/2340/1086 2109/2109/407 
f 2039/2039/974 2183/2183/973 2262/2262/237 2081/2081/236 
f 2109/2109/407 2340/2340/1086 2512/2512/356 2311/2311/355 
f 2309/2309/354 2514/2514/100 2342/2342/1070 2107/2107/1134 
f 2308/2308/1143 2515/2515/99 2343/2343/345 2106/2106/408 
f 2513/2513/337 2341/2341/1083 2261/2261/1085 2475/2475/1082 
f 2105/2105/344 2344/2344/343 2518/2518/340 2305/2305/339 
f 2304/2304/402 2519/2519/401 2346/2346/411 2103/2103/412 
f 2540/2540/429 2370/2370/1154 2364/2364/1155 2532/2532/1384 
f 2103/2103/412 2346/2346/411 2520/2520/328 2303/2303/327 
f 2301/2301/323 2522/2522/322 2350/2350/313 2099/2099/312 
f 2068/2068/201 2351/2351/1147 2524/2524/413 2234/2234/202 
f 2351/2351/1147 2123/2123/409 2352/2352/414 2524/2524/413 
f 2524/2524/413 2352/2352/414 2064/2064/193 2231/2231/199 
f 2234/2234/202 2524/2524/413 2231/2231/199 2066/2066/198 
f 2123/2123/409 2353/2353/326 2525/2525/415 2352/2352/414 
f 2353/2353/326 2129/2129/1148 2354/2354/416 2525/2525/415 
f 2525/2525/415 2354/2354/416 2062/2062/191 2228/2228/194 
f 2352/2352/414 2525/2525/415 2228/2228/194 2064/2064/193 
f 2129/2129/1148 2355/2355/405 2526/2526/1377 2354/2354/416 
f 2534/2534/324 2535/2535/324 2356/2356/1137 2355/2355/405 
f 2360/2360/1385 2361/2361/1386 2530/2530/1380 2529/2529/1379 
f 2354/2354/416 2526/2526/1377 2225/2225/1030 2062/2062/191 
f 2356/2356/1137 2135/2135/1151 2357/2357/360 2527/2527/1138 
f 2527/2527/1138 2357/2357/360 2060/2060/1017 2222/2222/1026 
f 2135/2135/1151 2358/2358/1152 2528/2528/1153 2357/2357/360 
f 2358/2358/1152 2141/2141/1387 2359/2359/1388 2528/2528/1153 
f 2528/2528/1153 2359/2359/1388 2058/2058/985 2220/2220/1018 
f 2357/2357/360 2528/2528/1153 2220/2220/1018 2060/2060/1017 
f 2141/2141/1387 2360/2360/1385 2529/2529/1379 2359/2359/1388 
f 2537/2537/324 2538/2538/324 2361/2361/1386 2360/2360/1385 
f 2238/2238/998 2540/2540/429 2532/2532/1384 2236/2236/1348 
f 2359/2359/1388 2529/2529/1379 2217/2217/1347 2058/2058/985 
f 2361/2361/1386 2147/2147/422 2362/2362/423 2530/2530/1380 
f 2530/2530/1380 2362/2362/423 2056/2056/157 2214/2214/166 
f 2147/2147/422 2363/2363/424 2531/2531/425 2362/2362/423 
f 2363/2363/424 2052/2052/1004 2209/2209/152 2531/2531/425 
f 2531/2531/425 2209/2209/152 2054/2054/151 2212/2212/1011 
f 2362/2362/423 2531/2531/425 2212/2212/1011 2056/2056/157 
f 2544/2544/324 2377/2377/324 2367/2367/324 2536/2536/324 
f 2370/2370/1154 2541/2541/324 2533/2533/432 2364/2364/1155 
f 2532/2532/1384 2364/2364/1155 2123/2123/409 2351/2351/1147 
f 2236/2236/1348 2532/2532/1384 2351/2351/1147 2068/2068/201 
f 2386/2386/324 2387/2387/324 2551/2551/324 2550/2550/324 
f 2372/2372/324 2542/2542/324 2534/2534/324 2365/2365/324 
f 2533/2533/432 2365/2365/324 2129/2129/1148 2353/2353/326 
f 2364/2364/1155 2533/2533/432 2353/2353/326 2123/2123/409 
f 2373/2373/324 2374/2374/324 2543/2543/324 2542/2542/324 
f 2543/2543/324 2375/2375/324 2366/2366/324 2535/2535/324 
f 2365/2365/324 2534/2534/324 2355/2355/405 2129/2129/1148 
f 2542/2542/324 2543/2543/324 2535/2535/324 2534/2534/324 
f 2375/2375/324 2544/2544/324 2536/2536/324 2366/2366/324 
f 2535/2535/324 2366/2366/324 2135/2135/1151 2356/2356/1137 
f 2391/2391/324 2392/2392/324 2554/2554/324 2553/2553/324 
f 2377/2377/324 2545/2545/324 2537/2537/324 2367/2367/324 
f 2536/2536/324 2367/2367/324 2141/2141/1387 2358/2358/1152 
f 2366/2366/324 2536/2536/324 2358/2358/1152 2135/2135/1151 
f 2547/2547/437 2203/2203/1340 2206/2206/1005 2539/2539/1389 
f 2546/2546/324 2380/2380/1390 2368/2368/1158 2538/2538/324 
f 2367/2367/324 2537/2537/324 2360/2360/1385 2141/2141/1387 
f 2545/2545/324 2546/2546/324 2538/2538/324 2537/2537/324 
f 2380/2380/1390 2547/2547/437 2539/2539/1389 2368/2368/1158 
f 2538/2538/324 2368/2368/1158 2147/2147/422 2361/2361/1386 
f 2138/2138/324 2400/2400/324 2411/2411/324 2139/2139/324 
f 2378/2378/324 2379/2379/324 2546/2546/324 2545/2545/324 
f 2539/2539/1389 2206/2206/1005 2052/2052/1004 2363/2363/424 
f 2368/2368/1158 2539/2539/1389 2363/2363/424 2147/2147/422 
f 2021/2021/23 2369/2369/428 2540/2540/429 2238/2238/998 
f 2369/2369/428 2124/2124/430 2370/2370/1154 2540/2540/429 
f 2124/2124/430 2371/2371/432 2541/2541/324 2370/2370/1154 
f 2371/2371/432 2130/2130/324 2372/2372/324 2541/2541/324 
f 2130/2130/324 2373/2373/324 2542/2542/324 2372/2372/324 
f 2550/2550/324 2551/2551/324 2374/2374/324 2373/2373/324 
f 2374/2374/324 2136/2136/324 2375/2375/324 2543/2543/324 
f 2404/2404/324 2405/2405/324 2562/2562/324 2561/2561/324 
f 2136/2136/324 2376/2376/324 2544/2544/324 2375/2375/324 
f 2376/2376/324 2142/2142/324 2377/2377/324 2544/2544/324 
f 2142/2142/324 2378/2378/324 2545/2545/324 2377/2377/324 
f 2553/2553/324 2554/2554/324 2379/2379/324 2378/2378/324 
f 2379/2379/324 2148/2148/434 2380/2380/1390 2546/2546/324 
f 2420/2420/470 2421/2421/1159 2567/2567/324 2566/2566/324 
f 2148/2148/434 2381/2381/436 2547/2547/437 2380/2380/1390 
f 2381/2381/436 2050/2050/137 2203/2203/1340 2547/2547/437 
f 2019/2019/12 2382/2382/438 2548/2548/439 2158/2158/21 
f 2382/2382/438 2125/2125/440 2383/2383/441 2548/2548/439 
f 2548/2548/439 2383/2383/441 2124/2124/430 2369/2369/428 
f 2158/2158/21 2548/2548/439 2369/2369/428 2021/2021/23 
f 2125/2125/440 2384/2384/324 2549/2549/324 2383/2383/441 
f 2384/2384/324 2131/2131/324 2385/2385/324 2549/2549/324 
f 2549/2549/324 2385/2385/324 2130/2130/324 2371/2371/432 
f 2383/2383/441 2549/2549/324 2371/2371/432 2124/2124/430 
f 2131/2131/324 2386/2386/324 2550/2550/324 2385/2385/324 
f 2558/2558/324 2559/2559/324 2387/2387/324 2386/2386/324 
f 2385/2385/324 2550/2550/324 2373/2373/324 2130/2130/324 
f 2387/2387/324 2137/2137/324 2388/2388/324 2551/2551/324 
f 2551/2551/324 2388/2388/324 2136/2136/324 2374/2374/324 
f 2137/2137/324 2389/2389/324 2552/2552/324 2388/2388/324 
f 2389/2389/324 2143/2143/324 2390/2390/324 2552/2552/324 
f 2552/2552/324 2390/2390/324 2142/2142/324 2376/2376/324 
f 2388/2388/324 2552/2552/324 2376/2376/324 2136/2136/324 
f 2143/2143/324 2391/2391/324 2553/2553/324 2390/2390/324 
f 2561/2561/324 2562/2562/324 2392/2392/324 2391/2391/324 
f 2126/2126/1160 2395/2395/1391 2408/2408/1392 2127/2127/1163 
f 2390/2390/324 2553/2553/324 2378/2378/324 2142/2142/324 
f 2392/2392/324 2149/2149/444 2393/2393/445 2554/2554/324 
f 2554/2554/324 2393/2393/445 2148/2148/434 2379/2379/324 
f 2149/2149/444 2394/2394/446 2555/2555/447 2393/2393/445 
f 2394/2394/446 2048/2048/131 2201/2201/138 2555/2555/447 
f 2555/2555/447 2201/2201/138 2050/2050/137 2381/2381/436 
f 2393/2393/445 2555/2555/447 2381/2381/436 2148/2148/434 
f 2022/2022/10 2395/2395/1391 2556/2556/449 2155/2155/11 
f 2395/2395/1391 2126/2126/1160 2396/2396/451 2556/2556/449 
f 2556/2556/449 2396/2396/451 2125/2125/440 2382/2382/438 
f 2155/2155/11 2556/2556/449 2382/2382/438 2019/2019/12 
f 2126/2126/1160 2397/2397/324 2557/2557/324 2396/2396/451 
f 2397/2397/324 2132/2132/324 2398/2398/324 2557/2557/324 
f 2557/2557/324 2398/2398/324 2131/2131/324 2384/2384/324 
f 2396/2396/451 2557/2557/324 2384/2384/324 2125/2125/440 
f 2132/2132/324 2399/2399/324 2558/2558/324 2398/2398/324 
f 2408/2408/1392 2395/2395/1391 2022/2022/10 2024/2024/1335 
f 2457/2457/1349 2458/2458/1029 2225/2225/1030 2222/2222/1026 
f 2398/2398/324 2558/2558/324 2386/2386/324 2131/2131/324 
f 2400/2400/324 2138/2138/324 2401/2401/324 2559/2559/324 
f 2559/2559/324 2401/2401/324 2137/2137/324 2387/2387/324 
f 2138/2138/324 2402/2402/324 2560/2560/324 2401/2401/324 
f 2402/2402/324 2144/2144/324 2403/2403/324 2560/2560/324 
f 2560/2560/324 2403/2403/324 2143/2143/324 2389/2389/324 
f 2401/2401/324 2560/2560/324 2389/2389/324 2137/2137/324 
f 2144/2144/324 2404/2404/324 2561/2561/324 2403/2403/324 
f 2132/2132/324 2397/2397/324 2409/2409/324 2133/2133/324 
f 2440/2440/48 2441/2441/943 2177/2177/1337 2174/2174/965 
f 2403/2403/324 2561/2561/324 2391/2391/324 2143/2143/324 
f 2405/2405/324 2150/2150/1166 2406/2406/455 2562/2562/324 
f 2562/2562/324 2406/2406/455 2149/2149/444 2392/2392/324 
f 2150/2150/1166 2407/2407/1393 2563/2563/457 2406/2406/455 
f 2407/2407/1393 2046/2046/126 2198/2198/132 2563/2563/457 
f 2563/2563/457 2198/2198/132 2048/2048/131 2394/2394/446 
f 2406/2406/455 2563/2563/457 2394/2394/446 2149/2149/444 
f 2411/2411/324 2400/2400/324 2399/2399/324 2410/2410/324 
f 2409/2409/324 2397/2397/324 2126/2126/1160 2127/2127/1163 
f 2144/2144/324 2402/2402/324 2412/2412/324 2145/2145/324 
f 2410/2410/324 2399/2399/324 2132/2132/324 2133/2133/324 
f 2150/2150/1166 2405/2405/324 2414/2414/324 2151/2151/1168 
f 2412/2412/324 2402/2402/324 2138/2138/324 2139/2139/324 
f 2566/2566/324 2567/2567/324 2411/2411/324 2410/2410/324 
f 2413/2413/324 2404/2404/324 2144/2144/324 2145/2145/324 
f 2182/2182/1341 2185/2185/102 2578/2578/1394 2577/2577/1395 
f 2569/2569/324 2570/2570/324 2414/2414/324 2413/2413/324 
f 2413/2413/324 2414/2414/324 2405/2405/324 2404/2404/324 
f 2415/2415/1173 2407/2407/1393 2150/2150/1166 2151/2151/1168 
f 2174/2174/965 2177/2177/1337 2575/2575/1396 2574/2574/1397 
f 2044/2044/1342 2046/2046/126 2407/2407/1393 2415/2415/1173 
f 2425/2425/1398 2426/2426/476 2570/2570/324 2569/2569/324 
f 2026/2026/43 2416/2416/466 2564/2564/1174 2163/2163/44 
f 2416/2416/466 2128/2128/467 2417/2417/1175 2564/2564/1174 
f 2564/2564/1174 2417/2417/1175 2127/2127/1163 2408/2408/1392 
f 2163/2163/44 2564/2564/1174 2408/2408/1392 2024/2024/1335 
f 2128/2128/467 2418/2418/468 2565/2565/324 2417/2417/1175 
f 2418/2418/468 2134/2134/469 2419/2419/324 2565/2565/324 
f 2565/2565/324 2419/2419/324 2133/2133/324 2409/2409/324 
f 2417/2417/1175 2565/2565/324 2409/2409/324 2127/2127/1163 
f 2134/2134/469 2420/2420/470 2566/2566/324 2419/2419/324 
f 2574/2574/1397 2575/2575/1396 2421/2421/1159 2420/2420/470 
f 2221/2221/1019 2223/2223/1027 2458/2458/1029 2457/2457/1349 
f 2419/2419/324 2566/2566/324 2410/2410/324 2133/2133/324 
f 2421/2421/1159 2140/2140/472 2422/2422/324 2567/2567/324 
f 2567/2567/324 2422/2422/324 2139/2139/324 2411/2411/324 
f 2140/2140/472 2423/2423/1176 2568/2568/324 2422/2422/324 
f 2423/2423/1176 2146/2146/1399 2424/2424/324 2568/2568/324 
f 2568/2568/324 2424/2424/324 2145/2145/324 2412/2412/324 
f 2422/2422/324 2568/2568/324 2412/2412/324 2139/2139/324 
f 2146/2146/1399 2425/2425/1398 2569/2569/324 2424/2424/324 
f 2577/2577/1395 2578/2578/1394 2426/2426/476 2425/2425/1398 
f 2193/2193/963 2195/2195/962 2046/2046/126 2044/2044/1342 
f 2424/2424/324 2569/2569/324 2413/2413/324 2145/2145/324 
f 2426/2426/476 2152/2152/477 2427/2427/1177 2570/2570/324 
f 2570/2570/324 2427/2427/1177 2151/2151/1168 2414/2414/324 
f 2152/2152/477 2428/2428/478 2571/2571/1178 2427/2427/1177 
f 2428/2428/478 2042/2042/113 2194/2194/35 2571/2571/1178 
f 2571/2571/1178 2194/2194/35 2044/2044/1342 2415/2415/1173 
f 2427/2427/1177 2571/2571/1178 2415/2415/1173 2151/2151/1168 
f 2028/2028/51 2169/2169/58 2572/2572/479 2166/2166/52 
f 2169/2169/58 2030/2030/57 2429/2429/480 2572/2572/479 
f 2572/2572/479 2429/2429/480 2128/2128/467 2416/2416/466 
f 2166/2166/52 2572/2572/479 2416/2416/466 2026/2026/43 
f 2030/2030/57 2172/2172/64 2573/2573/481 2429/2429/480 
f 2172/2172/64 2032/2032/63 2430/2430/482 2573/2573/481 
f 2573/2573/481 2430/2430/482 2134/2134/469 2418/2418/468 
f 2429/2429/480 2573/2573/481 2418/2418/468 2128/2128/467 
f 2032/2032/63 2174/2174/965 2574/2574/1397 2430/2430/482 
f 2731/2731/1179 2733/2733/1180 2948/2948/1400 2732/2732/1182 
f 2443/2443/68 2444/2444/74 2185/2185/102 2182/2182/1341 
f 2430/2430/482 2574/2574/1397 2420/2420/470 2134/2134/469 
f 2177/2177/1337 2034/2034/92 2431/2431/1183 2575/2575/1396 
f 2575/2575/1396 2431/2431/1183 2140/2140/472 2421/2421/1159 
f 2034/2034/92 2180/2180/969 2576/2576/1184 2431/2431/1183 
f 2180/2180/969 2036/2036/945 2432/2432/1401 2576/2576/1184 
f 2576/2576/1184 2432/2432/1401 2146/2146/1399 2423/2423/1176 
f 2431/2431/1183 2576/2576/1184 2423/2423/1176 2140/2140/472 
f 2036/2036/945 2182/2182/1341 2577/2577/1395 2432/2432/1401 
f 2181/2181/1339 2183/2183/973 2444/2444/74 2443/2443/68 
f 2154/2154/936 2160/2160/949 2024/2024/1335 2022/2022/10 
f 2432/2432/1401 2577/2577/1395 2425/2425/1398 2146/2146/1399 
f 2185/2185/102 2038/2038/101 2433/2433/486 2578/2578/1394 
f 2578/2578/1394 2433/2433/486 2152/2152/477 2426/2426/476 
f 2038/2038/101 2188/2188/107 2579/2579/487 2433/2433/486 
f 2188/2188/107 2040/2040/106 2191/2191/114 2579/2579/487 
f 2579/2579/487 2191/2191/114 2042/2042/113 2428/2428/478 
f 2433/2433/486 2579/2579/487 2428/2428/478 2152/2152/477 
f 2581/2581/488 2584/2584/489 2583/2583/1185 2580/2580/491 
f 2708/2708/492 2581/2581/488 2580/2580/491 2582/2582/493 
f 2584/2584/489 2586/2586/494 2585/2585/495 2583/2583/1185 
f 2586/2586/494 2588/2588/496 2587/2587/497 2585/2585/495 
f 2588/2588/496 2590/2590/498 2589/2589/499 2587/2587/497 
f 2590/2590/498 2592/2592/500 2591/2591/501 2589/2589/499 
f 2592/2592/500 2594/2594/502 2593/2593/1187 2591/2591/501 
f 2594/2594/502 2596/2596/504 2595/2595/1402 2593/2593/1187 
f 2596/2596/504 2598/2598/506 2597/2597/507 2595/2595/1402 
f 2598/2598/506 2600/2600/508 2599/2599/509 2597/2597/507 
f 2600/2600/508 2602/2602/510 2601/2601/511 2599/2599/509 
f 2602/2602/510 2604/2604/512 2603/2603/1190 2601/2601/511 
f 2604/2604/512 2606/2606/514 2605/2605/515 2603/2603/1190 
f 2606/2606/514 2608/2608/516 2607/2607/1403 2605/2605/515 
f 2608/2608/516 2610/2610/518 2609/2609/519 2607/2607/1403 
f 2610/2610/518 2612/2612/520 2611/2611/1194 2609/2609/519 
f 2612/2612/520 2614/2614/522 2613/2613/523 2611/2611/1194 
f 2614/2614/522 2616/2616/524 2615/2615/525 2613/2613/523 
f 2616/5417/524 2618/2618/526 2617/2617/1404 2615/5415/525 
f 2618/2618/526 2620/2620/528 2619/2619/1405 2617/2617/1404 
f 2620/2620/528 2622/2622/530 2621/2621/531 2619/2619/1405 
f 2622/2622/530 2624/2624/532 2623/2623/1197 2621/2621/531 
f 2624/2624/532 2626/2626/534 2625/2625/535 2623/2623/1197 
f 2626/2626/534 2628/2628/536 2627/2627/537 2625/2625/535 
f 2628/2628/536 2630/2630/538 2629/2629/1406 2627/2627/537 
f 2630/2630/538 2632/2632/540 2631/2631/541 2629/2629/1406 
f 2632/2632/540 2634/2634/542 2633/2633/543 2631/2631/541 
f 2634/2634/542 2636/2636/544 2635/2635/1407 2633/2633/543 
f 2636/2636/544 2638/2638/546 2637/2637/1408 2635/2635/1407 
f 2638/2638/546 2640/2640/548 2639/2639/549 2637/2637/1408 
f 2640/2640/548 2642/2642/550 2641/2641/551 2639/2639/549 
f 2642/2642/550 2644/2644/552 2643/2643/553 2641/2641/551 
f 2644/2644/552 2646/2646/554 2645/2645/555 2643/2643/553 
f 2646/2646/554 2648/2648/556 2647/2647/557 2645/2645/555 
f 2648/2648/556 2650/2650/1409 2649/2649/559 2647/2647/557 
f 2650/2650/1409 2652/2652/560 2651/2651/561 2649/2649/559 
f 2652/2652/560 2654/2654/562 2653/2653/1410 2651/2651/561 
f 2654/2654/562 2656/2656/564 2655/2655/565 2653/2653/1410 
f 2656/2656/564 2658/2658/566 2657/2657/1411 2655/2655/565 
f 2658/2658/566 2660/2660/568 2659/2659/569 2657/2657/1411 
f 2660/2660/568 2662/2662/570 2661/2661/571 2659/2659/569 
f 2662/2662/570 2664/2664/572 2663/2663/573 2661/2661/571 
f 2664/2664/572 2666/2666/574 2665/2665/575 2663/2663/573 
f 2666/2666/574 2668/2668/576 2667/2667/577 2665/2665/575 
f 2668/2668/576 2670/2670/578 2669/2669/579 2667/2667/577 
f 2670/2670/578 2672/2672/580 2671/2671/581 2669/2669/579 
f 2672/2672/580 2674/2674/582 2673/2673/583 2671/2671/581 
f 2674/2674/582 2676/2676/584 2675/2675/585 2673/2673/583 
f 2676/2676/584 2678/2678/586 2677/2677/587 2675/2675/585 
f 2678/2678/586 2680/2680/588 2679/2679/589 2677/2677/587 
f 2680/2680/588 2682/2682/590 2681/2681/591 2679/2679/589 
f 2682/2682/590 2684/2684/592 2683/2683/593 2681/2681/591 
f 2684/2684/592 2686/2686/594 2685/2685/1412 2683/2683/593 
f 2686/2686/594 2688/2688/596 2687/2687/1413 2685/2685/1412 
f 2688/2688/596 2690/2690/598 2689/2689/599 2687/2687/1413 
f 2690/2690/598 2692/2692/600 2691/2691/601 2689/2689/599 
f 2692/2692/600 2694/2694/602 2693/2693/603 2691/2691/601 
f 2694/2694/602 2696/2696/604 2695/2695/605 2693/2693/603 
f 2696/2696/604 2698/2698/606 2697/2697/1414 2695/2695/605 
f 2698/2698/606 2700/2700/608 2699/2699/609 2697/2697/1414 
f 2700/2700/608 2702/2702/610 2701/2701/611 2699/2699/609 
f 2702/2702/610 2704/2704/612 2703/2703/1415 2701/2701/611 
f 2704/2704/612 2706/2706/614 2705/2705/615 2703/2703/1415 
f 2706/2706/614 2708/2708/492 2582/2582/493 2705/2705/615 
f 2707/2707/616 2706/2706/614 2704/2704/612 2777/2777/617 
f 2709/2709/618 2708/2708/492 2706/2706/614 2707/2707/616 
f 2711/2711/1416 2581/2581/488 2708/2708/492 2709/2709/618 
f 2710/2710/620 2709/2709/618 2707/2707/616 2773/2773/621 
f 2712/2712/622 2711/2711/1416 2709/2709/618 2710/2710/620 
f 2712/2712/622 2715/2715/623 2713/2713/624 2711/2711/1416 
f 2711/2711/1416 2713/2713/624 2584/2584/489 2581/2581/488 
f 2713/2713/624 2714/2714/1417 2586/2586/494 2584/2584/489 
f 2715/2715/623 2716/2716/626 2714/2714/1417 2713/2713/624 
f 2720/2720/1418 2716/2716/626 2715/2715/623 2717/2717/1210 
f 2717/2717/1210 2715/2715/623 2712/2712/622 2719/2719/629 
f 2718/2718/1211 2721/2721/1419 2720/2720/1418 2717/2717/1210 
f 2775/2775/1420 2718/2718/1211 2717/2717/1210 2719/2719/629 
f 2721/2721/1419 2723/2723/1421 2722/2722/1422 2720/2720/1418 
f 2724/2724/635 2716/2716/626 2720/2720/1418 2722/2722/1422 
f 2723/2723/1421 2727/2727/1215 2725/2725/637 2722/2722/1422 
f 2726/2726/638 2724/2724/635 2722/2722/1422 2725/2725/637 
f 2729/2729/639 2726/2726/638 2725/2725/637 2728/2728/640 
f 2727/2727/1215 2731/2731/1179 2728/2728/640 2725/2725/637 
f 2956/2956/641 2729/2729/639 2728/2728/640 2730/2730/642 
f 2731/2731/1179 2732/2732/1182 2730/2730/642 2728/2728/640 
f 2733/2733/1180 2731/2731/1179 2727/2727/1215 2734/2734/1216 
f 2727/2727/1215 2723/2723/1421 2735/2735/1217 2734/2734/1216 
f 2735/2735/1217 2723/2723/1421 2721/2721/1419 2736/2736/1218 
f 2721/2721/1419 2718/2718/1211 2737/2737/1423 2736/2736/1218 
f 2737/2737/1423 2718/2718/1211 2775/2775/1420 2738/2738/1424 
f 2760/2760/1425 2747/2747/1426 2745/2745/1427 2744/2744/1428 
f 2738/2738/1424 2775/2775/1420 2774/2774/1429 2739/2739/1430 
f 2739/2739/1430 2774/2774/1429 2768/2768/1431 2740/2740/1432 
f 2768/2768/1431 2767/2767/1433 2741/2741/1228 2740/2740/1432 
f 2741/2741/1228 2767/2767/1433 2766/2766/1434 2742/2742/1230 
f 2766/2766/1434 2765/2765/1435 2743/2743/1436 2742/2742/1230 
f 2745/2745/1427 2747/2747/1426 2748/2748/1437 2746/2746/1438 
f 2749/2749/1439 2746/2746/1438 2748/2748/1437 2750/2750/1440 
f 2749/2749/1439 2750/2750/1440 2751/2751/1441 2823/2823/1442 
f 2813/2813/1238 2810/2810/1443 2811/2811/1240 2814/2814/1444 
f 2750/2750/1440 2748/2748/1437 2755/2755/672 2752/2752/673 
f 2751/2751/1441 2750/2750/1440 2752/2752/673 2753/2753/674 
f 2754/2754/675 2786/2786/676 2753/2753/674 2752/2752/673 
f 2756/2756/677 2754/2754/675 2752/2752/673 2755/2755/672 
f 2755/2755/672 2757/2757/678 2758/2758/679 2756/2756/677 
f 2748/2748/1437 2747/2747/1426 2757/2757/678 2755/2755/672 
f 2757/2757/678 2759/2759/680 2761/2761/681 2758/2758/679 
f 2747/2747/1426 2760/2760/1425 2759/2759/680 2757/2757/678 
f 2760/2760/1425 2765/2765/1435 2762/2762/682 2759/2759/680 
f 2759/2759/680 2762/2762/682 2764/2764/683 2761/2761/681 
f 2765/2765/1435 2766/2766/1434 2763/2763/684 2762/2762/682 
f 2762/2762/682 2763/2763/684 2776/2776/685 2764/2764/683 
f 2766/2766/1434 2767/2767/1433 2769/2769/686 2763/2763/684 
f 2767/2767/1433 2768/2768/1431 2771/2771/687 2769/2769/686 
f 2769/2769/686 2770/2770/688 2776/2776/685 2763/2763/684 
f 2771/2771/687 2773/2773/621 2770/2770/688 2769/2769/686 
f 2768/2768/1431 2774/2774/1429 2772/2772/689 2771/2771/687 
f 2772/2772/689 2710/2710/620 2773/2773/621 2771/2771/687 
f 2773/2773/621 2707/2707/616 2777/2777/617 2770/2770/688 
f 2712/2712/622 2710/2710/620 2772/2772/689 2719/2719/629 
f 2774/2774/1429 2775/2775/1420 2719/2719/629 2772/2772/689 
f 2770/2770/688 2777/2777/617 2778/2778/690 2776/2776/685 
f 2777/2777/617 2704/2704/612 2702/2702/610 2778/2778/690 
f 2702/2702/610 2700/2700/608 2779/2779/1445 2778/2778/690 
f 2778/2778/690 2779/2779/1445 2764/2764/683 2776/2776/685 
f 2779/2779/1445 2700/2700/608 2698/2698/606 2780/2780/692 
f 2764/2764/683 2779/2779/1445 2780/2780/692 2761/2761/681 
f 2780/2780/692 2781/2781/1446 2758/2758/679 2761/2761/681 
f 2780/2780/692 2698/2698/606 2696/2696/604 2781/2781/1446 
f 2781/2781/1446 2696/2696/604 2694/2694/602 2782/2782/694 
f 2758/2758/679 2781/2781/1446 2782/2782/694 2756/2756/677 
f 2756/2756/677 2782/2782/694 2783/2783/695 2754/2754/675 
f 2782/2782/694 2694/2694/602 2692/2692/600 2783/2783/695 
f 2783/2783/695 2692/2692/600 2690/2690/598 2784/2784/696 
f 2754/2754/675 2783/2783/695 2784/2784/696 2786/2786/676 
f 2784/2784/696 2690/2690/598 2688/2688/596 2785/2785/697 
f 2786/2786/676 2784/2784/696 2785/2785/697 2787/2787/698 
f 2786/2786/676 2787/2787/698 2788/2788/699 2753/2753/674 
f 2787/2787/698 2785/2785/697 2791/2791/700 2789/2789/701 
f 2787/2787/698 2789/2789/701 2792/2792/702 2788/2788/699 
f 2789/2789/701 2790/2790/703 2794/2794/704 2792/2792/702 
f 2789/2789/701 2791/2791/700 3027/3027/705 2790/2790/703 
f 2793/2793/1447 2824/2824/1448 2788/2788/699 2792/2792/702 
f 2795/2795/1449 2793/2793/1447 2792/2792/702 2794/2794/704 
f 2797/2797/1244 2795/2795/1449 2794/2794/704 2796/2796/710 
f 2790/2790/703 2798/2798/711 2796/2796/710 2794/2794/704 
f 2800/2800/1450 2797/2797/1244 2796/2796/710 2799/2799/1451 
f 2798/2798/711 2801/2801/714 2799/2799/1451 2796/2796/710 
f 2804/2804/1452 2800/2800/1450 2799/2799/1451 2802/2802/1453 
f 2801/2801/714 2803/2803/717 2802/2802/1453 2799/2799/1451 
f 2803/2803/717 2806/2806/1454 2805/2805/719 2802/2802/1453 
f 2808/2808/1247 2804/2804/1452 2802/2802/1453 2805/2805/719 
f 2806/2806/1454 3022/3022/721 2807/2807/722 2805/2805/719 
f 2809/2809/1248 2808/2808/1247 2805/2805/719 2807/2807/722 
f 2845/2845/1455 2835/2835/1456 2833/2833/1251 2832/2832/1252 
f 2743/2743/1436 2765/2765/1435 2760/2760/1425 2744/2744/1428 
f 2818/2818/1253 2800/2800/1450 2804/2804/1452 2817/2817/1254 
f 2810/2810/1443 2809/2809/1248 2807/2807/722 2812/2812/730 
f 2811/2811/1240 2810/2810/1443 2812/2812/730 3014/3014/731 
f 2810/2810/1443 2813/2813/1238 2815/2815/1457 2809/2809/1248 
f 2797/2797/1244 2800/2800/1450 2818/2818/1253 2819/2819/1256 
f 2820/2820/1458 2795/2795/1449 2797/2797/1244 2819/2819/1256 
f 2820/2820/1458 2821/2821/1258 2793/2793/1447 2795/2795/1449 
f 2751/2751/1441 2824/2824/1448 2822/2822/1259 2823/2823/1442 
f 2808/2808/1247 2816/2816/1459 2817/2817/1254 2804/2804/1452 
f 2822/2822/1259 2824/2824/1448 2793/2793/1447 2821/2821/1258 
f 2824/2824/1448 2751/2751/1441 2753/2753/674 2788/2788/699 
f 2816/2816/1459 2808/2808/1247 2809/2809/1248 2815/2815/1457 
f 2811/2811/1240 3013/3013/1460 2825/2825/1461 2814/2814/1444 
f 2825/2825/1461 3013/3013/1460 3012/3012/1462 2826/2826/1463 
f 3012/3012/1462 3009/3009/1265 2827/2827/1464 2826/2826/1463 
f 2827/2827/1464 3009/3009/1265 2852/2852/1465 2828/2828/1466 
f 2852/2852/1465 2851/2851/1467 2829/2829/1468 2828/2828/1466 
f 2829/2829/1468 2851/2851/1467 2850/2850/1469 2830/2830/1272 
f 2850/2850/1469 2849/2849/1470 2831/2831/1274 2830/2830/1272 
f 2833/2833/1251 2835/2835/1456 2836/2836/1471 2834/2834/1276 
f 2836/2836/1471 2837/2837/1472 2883/2883/1278 2834/2834/1276 
f 2878/2878/1279 2875/2875/1473 2876/2876/1474 2879/2879/1282 
f 2836/2836/1471 2835/2835/1456 2841/2841/760 2838/2838/761 
f 2837/2837/1472 2836/2836/1471 2838/2838/761 2840/2840/1475 
f 2842/2842/763 2839/2839/764 2838/2838/761 2841/2841/760 
f 2839/2839/764 2866/2866/765 2840/2840/1475 2838/2838/761 
f 2835/2835/1456 2845/2845/1455 2843/2843/1283 2841/2841/760 
f 2844/2844/767 2842/2842/763 2841/2841/760 2843/2843/1283 
f 2847/2847/768 2844/2844/767 2843/2843/1283 2846/2846/769 
f 2845/2845/1455 2849/2849/1470 2846/2846/769 2843/2843/1283 
f 2858/2858/770 2847/2847/768 2846/2846/769 2848/2848/771 
f 2849/2849/1470 2850/2850/1469 2848/2848/771 2846/2846/769 
f 2850/2850/1469 2851/2851/1467 2853/2853/772 2848/2848/771 
f 2851/2851/1467 2852/2852/1465 2854/2854/773 2853/2853/772 
f 2855/2855/774 2858/2858/770 2848/2848/771 2853/2853/772 
f 2856/2856/775 2855/2855/774 2853/2853/772 2854/2854/773 
f 2856/2856/775 3003/3003/776 2857/2857/777 2855/2855/774 
f 2855/2855/774 2857/2857/777 2859/2859/778 2858/2858/770 
f 2858/2858/770 2859/2859/778 2860/2860/1284 2847/2847/768 
f 2859/2859/778 2658/2658/566 2656/2656/564 2860/2860/1284 
f 2857/2857/777 2660/2660/568 2658/2658/566 2859/2859/778 
f 2847/2847/768 2860/2860/1284 2861/2861/780 2844/2844/767 
f 2860/2860/1284 2656/2656/564 2654/2654/562 2861/2861/780 
f 2844/2844/767 2861/2861/780 2862/2862/781 2842/2842/763 
f 2861/2861/780 2654/2654/562 2652/2652/560 2862/2862/781 
f 2862/2862/781 2652/2652/560 2650/2650/1409 2863/2863/782 
f 2842/2842/763 2862/2862/781 2863/2863/782 2839/2839/764 
f 2839/2839/764 2863/2863/782 2864/2864/783 2866/2866/765 
f 2863/2863/782 2650/2650/1409 2648/2648/556 2864/2864/783 
f 2864/2864/783 2648/2648/556 2646/2646/554 2865/2865/784 
f 2866/2866/765 2864/2864/783 2865/2865/784 2867/2867/785 
f 2866/2866/765 2867/2867/785 2869/2869/786 2840/2840/1475 
f 2867/2867/785 2868/2868/787 2871/2871/788 2869/2869/786 
f 2867/2867/785 2865/2865/784 3002/3002/1285 2868/2868/787 
f 2870/2870/1476 2837/2837/1472 2840/2840/1475 2869/2869/786 
f 2873/2873/1477 2870/2870/1476 2869/2869/786 2871/2871/788 
f 2868/2868/787 3001/3001/792 2872/2872/793 2871/2871/788 
f 2874/2874/1478 2873/2873/1477 2871/2871/788 2872/2872/793 
f 2904/2904/1479 2894/2894/1480 2892/2892/1291 2891/2891/1481 
f 2831/2831/1274 2849/2849/1470 2845/2845/1455 2832/2832/1252 
f 2883/2883/1278 2837/2837/1472 2870/2870/1476 2882/2882/1482 
f 2875/2875/1473 2874/2874/1478 2872/2872/793 2877/2877/800 
f 2876/2876/1474 2875/2875/1473 2877/2877/800 2993/2993/801 
f 2875/2875/1473 2878/2878/1279 2880/2880/1292 2874/2874/1478 
f 2873/2873/1477 2881/2881/1483 2882/2882/1482 2870/2870/1476 
f 2881/2881/1483 2873/2873/1477 2874/2874/1478 2880/2880/1292 
f 2876/2876/1474 2992/2992/1294 2884/2884/1484 2879/2879/1282 
f 2884/2884/1484 2992/2992/1294 2991/2991/1485 2885/2885/1297 
f 2991/2991/1485 2988/2988/1486 2886/2886/1487 2885/2885/1297 
f 2886/2886/1487 2988/2988/1486 2911/2911/1488 2887/2887/1489 
f 2911/2911/1488 2910/2910/1302 2888/2888/1490 2887/2887/1489 
f 2888/2888/1490 2910/2910/1302 2909/2909/1491 2889/2889/1492 
f 2909/2909/1491 2908/2908/1306 2890/2890/1493 2889/2889/1492 
f 2892/2892/1291 2894/2894/1480 2895/2895/1494 2893/2893/1309 
f 2895/2895/1494 2896/2896/1310 2942/2942/1311 2893/2893/1309 
f 2937/2937/1312 2934/2934/1313 2935/2935/1495 2938/2938/1315 
f 2895/2895/1494 2894/2894/1480 2900/2900/826 2897/2897/827 
f 2896/2896/1310 2895/2895/1494 2897/2897/827 2899/2899/828 
f 2901/2901/829 2898/2898/830 2897/2897/827 2900/2900/826 
f 2898/2898/830 2925/2925/831 2899/2899/828 2897/2897/827 
f 2894/2894/1480 2904/2904/1479 2902/2902/832 2900/2900/826 
f 2903/2903/833 2901/2901/829 2900/2900/826 2902/2902/832 
f 2906/2906/834 2903/2903/833 2902/2902/832 2905/2905/835 
f 2904/2904/1479 2908/2908/1306 2905/2905/835 2902/2902/832 
f 2917/2917/836 2906/2906/834 2905/2905/835 2907/2907/837 
f 2908/2908/1306 2909/2909/1491 2907/2907/837 2905/2905/835 
f 2909/2909/1491 2910/2910/1302 2912/2912/838 2907/2907/837 
f 2910/2910/1302 2911/2911/1488 2913/2913/839 2912/2912/838 
f 2914/2914/840 2917/2917/836 2907/2907/837 2912/2912/838 
f 2915/2915/1496 2914/2914/840 2912/2912/838 2913/2913/839 
f 2915/2915/1496 2982/2982/842 2916/2916/843 2914/2914/840 
f 2914/2914/840 2916/2916/843 2918/2918/844 2917/2917/836 
f 2917/2917/836 2918/2918/844 2919/2919/845 2906/2906/834 
f 2918/2918/844 2626/2626/534 2624/2624/532 2919/2919/845 
f 2916/2916/843 2628/2628/536 2626/2626/534 2918/2918/844 
f 2906/2906/834 2919/2919/845 2920/2920/846 2903/2903/833 
f 2919/2919/845 2624/2624/532 2622/2622/530 2920/2920/846 
f 2903/2903/833 2920/2920/846 2921/2921/847 2901/2901/829 
f 2920/2920/846 2622/2622/530 2620/2620/528 2921/2921/847 
f 2921/2921/847 2620/2620/528 2618/2618/526 2922/2922/848 
f 2901/2901/829 2921/2921/847 2922/2922/848 2898/2898/830 
f 2898/2898/830 2922/2922/848 2923/2923/849 2925/2925/831 
f 2922/2922/848 2618/2618/526 2616/5417/524 2923/2923/849 
f 2923/5420/849 2616/2616/524 2614/2614/522 2924/2924/850 
f 2925/5418/831 2923/5420/849 2924/2924/850 2926/2926/851 
f 2925/5418/831 2926/2926/851 2928/2928/852 2899/5419/828 
f 2926/2926/851 2927/2927/853 2930/2930/854 2928/2928/852 
f 2926/2926/851 2924/2924/850 2981/2981/855 2927/2927/853 
f 2929/2929/1316 2896/5414/1310 2899/5419/828 2928/2928/852 
f 2932/2932/1317 2929/2929/1316 2928/2928/852 2930/2930/854 
f 2927/2927/853 2980/2980/858 2931/2931/859 2930/2930/854 
f 2933/2933/1497 2932/2932/1317 2930/2930/854 2931/2931/859 
f 2947/2947/1319 2949/2949/1498 2732/2732/1182 2948/2948/1400 
f 2890/2890/1493 2908/2908/1306 2904/2904/1479 2891/2891/1481 
f 2942/5416/1311 2896/5414/1310 2929/2929/1316 2941/2941/1499 
f 2934/2934/1313 2933/2933/1497 2931/2931/859 2936/2936/864 
f 2935/2935/1495 2934/2934/1313 2936/2936/864 2972/2972/865 
f 2934/2934/1313 2937/2937/1312 2939/2939/1322 2933/2933/1497 
f 2932/2932/1317 2940/2940/1323 2941/2941/1499 2929/2929/1316 
f 2940/2940/1323 2932/2932/1317 2933/2933/1497 2939/2939/1322 
f 2935/2935/1495 2971/2971/1324 2943/2943/1325 2938/2938/1315 
f 2943/2943/1325 2971/2971/1324 2970/2970/1500 2944/2944/1501 
f 2970/2970/1500 2967/2967/1502 2945/2945/1503 2944/2944/1501 
f 2945/2945/1503 2967/2967/1502 2950/2950/1504 2946/2946/1331 
f 2950/2950/1504 2949/2949/1498 2947/2947/1319 2946/2946/1331 
f 2949/2949/1498 2950/2950/1504 2952/2952/1505 2951/2951/877 
f 2732/2732/1182 2949/2949/1498 2951/2951/877 2730/2730/642 
f 2953/2953/878 2956/2956/641 2730/2730/642 2951/2951/877 
f 2954/2954/879 2953/2953/878 2951/2951/877 2952/2952/1505 
f 2954/2954/879 2961/2961/880 2955/2955/881 2953/2953/878 
f 2953/2953/878 2955/2955/881 2957/2957/882 2956/2956/641 
f 2956/2956/641 2957/2957/882 2958/2958/883 2729/2729/639 
f 2958/2958/883 2957/2957/882 2594/2594/502 2592/2592/500 
f 2955/2955/881 2596/2596/504 2594/2594/502 2957/2957/882 
f 2729/2729/639 2958/2958/883 2959/2959/884 2726/2726/638 
f 2959/2959/884 2958/2958/883 2592/2592/500 2590/2590/498 
f 2960/2960/885 2959/2959/884 2590/2590/498 2588/2588/496 
f 2724/2724/635 2726/2726/638 2959/2959/884 2960/2960/885 
f 2714/2714/1417 2960/2960/885 2588/2588/496 2586/2586/494 
f 2716/2716/626 2724/2724/635 2960/2960/885 2714/2714/1417 
f 2961/2961/880 2598/2598/506 2596/2596/504 2955/2955/881 
f 2964/2964/886 2962/2962/887 2961/2961/880 2954/2954/879 
f 2962/2962/887 2600/2600/508 2598/2598/506 2961/2961/880 
f 2963/2963/888 2602/2602/510 2600/2600/508 2962/2962/887 
f 2965/2965/889 2963/2963/888 2962/2962/887 2964/2964/886 
f 2964/2964/886 2954/2954/879 2952/2952/1505 2966/2966/890 
f 2965/2965/889 2964/2964/886 2966/2966/890 2968/2968/891 
f 2967/2967/1502 2970/2970/1500 2968/2968/891 2966/2966/890 
f 2950/2950/1504 2967/2967/1502 2966/2966/890 2952/2952/1505 
f 2970/2970/1500 2971/2971/1324 2969/2969/892 2968/2968/891 
f 2973/2973/1506 2965/2965/889 2968/2968/891 2969/2969/892 
f 2971/2971/1324 2935/2935/1495 2972/2972/865 2969/2969/892 
f 2974/2974/894 2973/2973/1506 2969/2969/892 2972/2972/865 
f 2973/2973/1506 2975/2975/895 2963/2963/888 2965/2965/889 
f 2974/2974/894 2976/2976/896 2975/2975/895 2973/2973/1506 
f 2975/2975/895 2604/2604/512 2602/2602/510 2963/2963/888 
f 2976/2976/896 2606/2606/514 2604/2604/512 2975/2975/895 
f 2979/2979/897 2977/2977/898 2976/2976/896 2974/2974/894 
f 2977/2977/898 2608/2608/516 2606/2606/514 2976/2976/896 
f 2978/2978/899 2610/2610/518 2608/2608/516 2977/2977/898 
f 2980/2980/858 2978/2978/899 2977/2977/898 2979/2979/897 
f 2980/2980/858 2979/2979/897 2936/2936/864 2931/2931/859 
f 2979/2979/897 2974/2974/894 2972/2972/865 2936/2936/864 
f 2927/2927/853 2981/2981/855 2978/2978/899 2980/2980/858 
f 2981/2981/855 2612/2612/520 2610/2610/518 2978/2978/899 
f 2924/2924/850 2614/2614/522 2612/2612/520 2981/2981/855 
f 2982/2982/842 2630/2630/538 2628/2628/536 2916/2916/843 
f 2985/2985/900 2983/2983/901 2982/2982/842 2915/2915/1496 
f 2983/2983/901 2632/2632/540 2630/2630/538 2982/2982/842 
f 2984/2984/1332 2634/2634/542 2632/2632/540 2983/2983/901 
f 2986/2986/903 2984/2984/1332 2983/2983/901 2985/2985/900 
f 2985/2985/900 2915/2915/1496 2913/2913/839 2987/2987/904 
f 2986/2986/903 2985/2985/900 2987/2987/904 2989/2989/905 
f 2988/2988/1486 2991/2991/1485 2989/2989/905 2987/2987/904 
f 2911/2911/1488 2988/2988/1486 2987/2987/904 2913/2913/839 
f 2991/2991/1485 2992/2992/1294 2990/2990/906 2989/2989/905 
f 2994/2994/907 2986/2986/903 2989/2989/905 2990/2990/906 
f 2992/2992/1294 2876/2876/1474 2993/2993/801 2990/2990/906 
f 2995/2995/908 2994/2994/907 2990/2990/906 2993/2993/801 
f 2994/2994/907 2996/2996/909 2984/2984/1332 2986/2986/903 
f 2995/2995/908 2997/2997/910 2996/2996/909 2994/2994/907 
f 2996/2996/909 2636/2636/544 2634/2634/542 2984/2984/1332 
f 2997/2997/910 2638/2638/546 2636/2636/544 2996/2996/909 
f 3000/3000/911 2998/2998/912 2997/2997/910 2995/2995/908 
f 2998/2998/912 2640/2640/548 2638/2638/546 2997/2997/910 
f 2999/2999/1507 2642/2642/550 2640/2640/548 2998/2998/912 
f 3001/3001/792 2999/2999/1507 2998/2998/912 3000/3000/911 
f 3001/3001/792 3000/3000/911 2877/2877/800 2872/2872/793 
f 3000/3000/911 2995/2995/908 2993/2993/801 2877/2877/800 
f 2868/2868/787 3002/3002/1285 2999/2999/1507 3001/3001/792 
f 3002/3002/1285 2644/2644/552 2642/2642/550 2999/2999/1507 
f 2865/2865/784 2646/2646/554 2644/2644/552 3002/3002/1285 
f 3003/3003/776 2662/2662/570 2660/2660/568 2857/2857/777 
f 3006/3006/914 3004/3004/915 3003/3003/776 2856/2856/775 
f 3004/3004/915 2664/2664/572 2662/2662/570 3003/3003/776 
f 3005/3005/1508 2666/2666/574 2664/2664/572 3004/3004/915 
f 3007/3007/917 3005/3005/1508 3004/3004/915 3006/3006/914 
f 3006/3006/914 2856/2856/775 2854/2854/773 3008/3008/918 
f 3007/3007/917 3006/3006/914 3008/3008/918 3010/3010/919 
f 3009/3009/1265 3012/3012/1462 3010/3010/919 3008/3008/918 
f 2852/2852/1465 3009/3009/1265 3008/3008/918 2854/2854/773 
f 3012/3012/1462 3013/3013/1460 3011/3011/920 3010/3010/919 
f 3015/3015/921 3007/3007/917 3010/3010/919 3011/3011/920 
f 3013/3013/1460 2811/2811/1240 3014/3014/731 3011/3011/920 
f 3016/3016/922 3015/3015/921 3011/3011/920 3014/3014/731 
f 3015/3015/921 3017/3017/923 3005/3005/1508 3007/3007/917 
f 3016/3016/922 3018/3018/924 3017/3017/923 3015/3015/921 
f 3017/3017/923 2668/2668/576 2666/2666/574 3005/3005/1508 
f 3018/3018/924 2670/2670/578 2668/2668/576 3017/3017/923 
f 3021/3021/925 3019/3019/926 3018/3018/924 3016/3016/922 
f 3019/3019/926 2672/2672/580 2670/2670/578 3018/3018/924 
f 3020/3020/927 2674/2674/582 2672/2672/580 3019/3019/926 
f 3022/3022/721 3020/3020/927 3019/3019/926 3021/3021/925 
f 3022/3022/721 3021/3021/925 2812/2812/730 2807/2807/722 
f 3021/3021/925 3016/3016/922 3014/3014/731 2812/2812/730 
f 2806/2806/1454 3023/3023/928 3020/3020/927 3022/3022/721 
f 3023/3023/928 2676/2676/584 2674/2674/582 3020/3020/927 
f 3024/3024/1509 2678/2678/586 2676/2676/584 3023/3023/928 
f 2803/2803/717 3024/3024/1509 3023/3023/928 2806/2806/1454 
f 2801/2801/714 3025/3025/930 3024/3024/1509 2803/2803/717 
f 3025/3025/930 2680/2680/588 2678/2678/586 3024/3024/1509 
f 3026/3026/931 2682/2682/590 2680/2680/588 3025/3025/930 
f 2798/2798/711 3026/3026/931 3025/3025/930 2801/2801/714 
f 2790/2790/703 3027/3027/705 3026/3026/931 2798/2798/711 
f 3027/3027/705 2684/2684/592 2682/2682/590 3026/3026/931 
f 2791/2791/700 2686/2686/594 2684/2684/592 3027/3027/705 
f 2785/2785/697 2688/2688/596 2686/2686/594 2791/2791/700 
f 208/208/196 458/458/1 430/430/4 153/153/22 
f 479/479/163 480/480/153 451/451/156 450/450/164 
f 1014/1014/935 1016/1016/946 1165/1165/949 1159/1159/936 
f 2023/2023/935 2025/2025/946 2160/2160/949 2154/2154/936 
o Cube:006
s 1
f 3037/3037/1510 3035/3035/1510 3032/3032/1510 3034/3034/1510 
f 3029/3029/1510 3075/3075/1510 3079/3079/1510 3031/3031/1510 
f 3034/3034/1510 3032/3032/1510 3029/3029/1510 3031/3031/1510 
f 3040/3040/1510 3038/3038/1510 3035/3035/1510 3037/3037/1510 
f 3043/3043/1510 3041/3041/1510 3038/3038/1510 3040/3040/1510 
f 3046/3046/1510 3044/3044/1510 3041/3041/1510 3043/3043/1510 
f 3030/3030/1510 3047/3047/1510 3044/3044/1510 3046/3046/1510 
f 3128/3128/1511 3695/3695/1512 3137/3137/1510 3699/3699/1513 
f 3059/3059/1510 3056/3056/1510 3054/3054/1510 3057/3057/1510 
f 3053/3053/1510 3104/3104/1510 3100/3100/1510 3051/3051/1510 
f 3056/3056/1510 3053/3053/1510 3051/3051/1510 3054/3054/1510 
f 3062/3062/1510 3059/3059/1510 3057/3057/1510 3060/3060/1510 
f 3065/3065/1510 3062/3062/1510 3060/3060/1510 3063/3063/1510 
f 3068/3068/1510 3065/3065/1510 3063/3063/1510 3066/3066/1510 
f 3052/3052/1510 3068/3068/1510 3066/3066/1510 3069/3069/1510 
f 3085/3085/1510 3082/3082/1510 3080/3080/1510 3083/3083/1510 
f 3101/3101/1510 3103/3103/1510 3078/3078/1510 3076/3076/1510 
f 3082/3082/1510 3079/3079/1510 3075/3075/1510 3080/3080/1510 
f 3088/3088/1510 3085/3085/1510 3083/3083/1510 3086/3086/1510 
f 3091/3091/1510 3088/3088/1510 3086/3086/1510 3089/3089/1510 
f 3094/3094/1510 3091/3091/1510 3089/3089/1510 3092/3092/1510 
f 3078/3078/1510 3094/3094/1510 3092/3092/1510 3095/3095/1510 
f 3076/3076/1510 3078/3078/1510 3095/3095/1510 3072/3072/1510 
f 3110/3110/1510 3108/3108/1510 3105/3105/1510 3107/3107/1510 
f 3107/3107/1510 3105/3105/1510 3100/3100/1510 3104/3104/1510 
f 3113/3113/1510 3111/3111/1510 3108/3108/1510 3110/3110/1510 
f 3116/3116/1510 3114/3114/1510 3111/3111/1510 3113/3113/1510 
f 3119/3119/1510 3117/3117/1510 3114/3114/1510 3116/3116/1510 
f 3103/3103/1510 3120/3120/1510 3117/3117/1510 3119/3119/1510 
f 3101/3101/1510 3097/3097/1510 3120/3120/1510 3103/3103/1510 
f 3699/3699/1513 3137/3137/1510 3139/3139/1510 3703/3703/1514 
f 3703/3703/1514 3139/3139/1510 3141/3141/1510 3707/3707/1515 
f 3707/3707/1515 3141/3141/1510 3143/3143/1510 3129/3129/1516 
f 3129/3129/1516 3143/3143/1510 3145/3145/1510 3127/3127/1517 
f 3127/3127/1517 3145/3145/1510 3147/3147/1510 3134/3134/1518 
f 3134/3134/1518 3147/3147/1510 3149/3149/1510 3136/3136/1519 
f 3136/3136/1519 3149/3149/1510 3151/3151/1510 3757/3757/1520 
f 3757/3757/1520 3151/3151/1510 3153/3153/1510 3753/3753/1521 
f 3753/3753/1521 3153/3153/1510 3155/3155/1510 3749/3749/1522 
f 3749/3749/1522 3155/3155/1510 3745/3745/1523 3135/3135/1524 
f 3695/3695/1512 3672/3672/1525 3138/3138/1510 3137/3137/1510 
f 3137/3137/1510 3138/3138/1510 3140/3140/1510 3139/3139/1510 
f 3139/3139/1510 3140/3140/1510 3142/3142/1510 3141/3141/1510 
f 3141/3141/1510 3142/3142/1510 3144/3144/1510 3143/3143/1510 
f 3143/3143/1510 3144/3144/1510 3146/3146/1510 3145/3145/1510 
f 3145/3145/1510 3146/3146/1510 3148/3148/1510 3147/3147/1510 
f 3147/3147/1510 3148/3148/1510 3150/3150/1510 3149/3149/1510 
f 3149/3149/1510 3150/3150/1510 3152/3152/1510 3151/3151/1510 
f 3151/3151/1510 3152/3152/1510 3154/3154/1510 3153/3153/1510 
f 3153/3153/1510 3154/3154/1510 3156/3156/1510 3155/3155/1510 
f 3155/3155/1510 3156/3156/1510 3721/3721/1526 3745/3745/1523 
f 3672/3672/1525 3123/3123/1527 3124/3124/1528 3138/3138/1510 
f 3138/3138/1510 3124/3124/1528 3125/3125/1529 3140/3140/1510 
f 3140/3140/1510 3125/3125/1529 3683/3683/1530 3142/3142/1510 
f 3142/3142/1510 3683/3683/1530 3126/3126/1531 3144/3144/1510 
f 3144/3144/1510 3126/3126/1531 3122/3122/1532 3146/3146/1510 
f 3146/3146/1510 3122/3122/1532 3130/3130/1533 3148/3148/1510 
f 3148/3148/1510 3130/3130/1533 3133/3133/1534 3150/3150/1510 
f 3150/3150/1510 3133/3133/1534 3731/3731/1535 3152/3152/1510 
f 3152/3152/1510 3731/3731/1535 3727/3727/1536 3154/3154/1510 
f 3154/3154/1510 3727/3727/1536 3132/3132/1537 3156/3156/1510 
f 3156/3156/1510 3132/3132/1537 3131/3131/1538 3721/3721/1526 
f 3157/3157/1539 3160/3160/1540 3162/3162/1541 3161/3161/1542 
f 3160/3160/1540 3164/3164/1543 3165/3165/1544 3162/3162/1541 
f 3158/3158/1545 3163/3163/1546 3165/3165/1544 3164/3164/1543 
f 3163/5375/1546 3167/3167/1547 3168/3168/1548 3165/5379/1544 
f 3159/3159/1549 3166/3166/1550 3168/3168/1548 3167/3167/1547 
f 3166/3166/1550 3161/5378/1542 3162/5376/1541 3168/3168/1548 
f 3162/5376/1541 3165/5379/1544 3168/3168/1548 
f 3169/3169/1551 3172/3172/1552 3174/3174/1553 3173/3173/1554 
f 3172/3172/1552 3176/3176/1555 3177/3177/1556 3174/3174/1553 
f 3170/3170/1557 3175/3175/1558 3177/3177/1556 3176/3176/1555 
f 3175/3175/1558 3179/3179/1559 3180/3180/1560 3177/3177/1556 
f 3171/3171/1561 3178/3178/1562 3180/3180/1560 3179/3179/1559 
f 3178/3178/1562 3173/3173/1554 3174/3174/1553 3180/3180/1560 
f 3174/3174/1553 3177/3177/1556 3180/3180/1560 
f 3281/3281/1563 3284/3284/1564 3286/3286/1565 3285/3285/1566 
f 3284/5369/1564 3288/3288/1567 3289/3289/1568 3286/5399/1565 
f 3282/3282/1569 3287/3287/1570 3289/3289/1568 3288/3288/1567 
f 3287/3287/1570 3291/3291/1571 3292/3292/1572 3289/3289/1568 
f 3283/3283/1573 3290/3290/1574 3292/5398/1572 3291/5374/1571 
f 3290/3290/1574 3285/3285/1566 3286/3286/1565 3292/5398/1572 
f 3286/5399/1565 3289/3289/1568 3292/3292/1572 
f 3293/3293/1575 3296/3296/1576 3298/3298/1577 3297/3297/1578 
f 3296/3296/1576 3300/3300/1579 3301/3301/1580 3298/3298/1577 
f 3294/3294/1581 3299/3299/1582 3301/3301/1580 3300/3300/1579 
f 3299/3299/1582 3303/3303/1583 3304/3304/1584 3301/3301/1580 
f 3295/3295/1585 3302/3302/1586 3304/3304/1584 3303/3303/1583 
f 3302/3302/1586 3297/3297/1578 3298/3298/1577 3304/3304/1584 
f 3298/3298/1577 3301/3301/1580 3304/3304/1584 
f 3405/3405/1587 3408/3408/1588 3410/3410/1589 3409/3409/1590 
f 3408/5385/1588 3412/3412/1591 3413/3413/1592 3410/5380/1589 
f 3406/3406/1593 3411/3411/1594 3413/3413/1592 3412/3412/1591 
f 3411/3411/1594 3415/3415/1595 3416/3416/1596 3413/3413/1592 
f 3407/3407/1597 3414/3414/1598 3416/5382/1596 3415/5366/1595 
f 3414/3414/1598 3409/3409/1590 3410/3410/1589 3416/5382/1596 
f 3410/5380/1589 3413/3413/1592 3416/3416/1596 
f 3417/3417/1599 3420/3420/1600 3422/3422/1601 3421/3421/1602 
f 3420/3420/1600 3424/3424/1603 3425/3425/1604 3422/3422/1601 
f 3418/3418/1605 3423/3423/1606 3425/3425/1604 3424/3424/1603 
f 3423/3423/1606 3427/3427/1607 3428/3428/1608 3425/3425/1604 
f 3419/3419/1609 3426/3426/1610 3428/3428/1608 3427/3427/1607 
f 3426/3426/1610 3421/3421/1602 3422/3422/1601 3428/3428/1608 
f 3422/3422/1601 3425/3425/1604 3428/3428/1608 
f 3537/3537/1611 3540/3540/1612 3542/3542/1613 3541/3541/1614 
f 3540/3540/1612 3544/3544/1615 3545/3545/1616 3542/3542/1613 
f 3538/3538/1617 3543/3543/1618 3545/3545/1616 3544/3544/1615 
f 3543/5367/1618 3547/3547/1619 3548/3548/1620 3545/5368/1616 
f 3539/3539/1621 3546/3546/1622 3548/3548/1620 3547/3547/1619 
f 3546/3546/1622 3541/5370/1614 3542/5349/1613 3548/3548/1620 
f 3542/5349/1613 3545/5368/1616 3548/3548/1620 
f 3549/3549/1623 3552/3552/1624 3554/3554/1625 3553/3553/1626 
f 3552/3552/1624 3556/3556/1627 3557/3557/1628 3554/3554/1625 
f 3550/3550/1629 3555/3555/1630 3557/3557/1628 3556/3556/1627 
f 3555/3555/1630 3559/3559/1631 3560/3560/1632 3557/3557/1628 
f 3551/3551/1633 3558/3558/1634 3560/3560/1632 3559/3559/1631 
f 3558/3558/1634 3553/3553/1626 3554/3554/1625 3560/3560/1632 
f 3554/3554/1625 3557/3557/1628 3560/3560/1632 
f 3171/3171/1561 3158/3158/1545 3164/3164/1543 3178/3178/1562 
f 3178/3178/1562 3164/3164/1543 3160/3160/1540 3173/3173/1554 
f 3173/3173/1554 3160/3160/1540 3157/3157/1539 3169/3169/1551 
f 3182/3182/1635 3159/3159/1549 3167/3167/1547 3184/3184/1636 
f 3184/3184/1636 3167/3167/1547 3163/5375/1546 3183/3183/1637 
f 3183/5354/1637 3163/3163/1546 3158/3158/1545 3181/3181/1638 
f 3170/3170/1557 3185/3185/1639 3187/3187/1640 3175/3175/1558 
f 3175/3175/1558 3187/3187/1640 3188/3188/1641 3179/3179/1559 
f 3179/3179/1559 3188/3188/1641 3186/3186/1642 3171/3171/1561 
f 3274/3274/1643 3170/3170/1557 3176/3176/1555 3276/3276/1644 
f 3276/3276/1644 3176/3176/1555 3172/3172/1552 3275/3275/1645 
f 3275/3275/1645 3172/3172/1552 3169/3169/1551 3273/3273/1646 
f 3198/3198/1647 3193/3193/1647 3195/3195/1648 3200/3200/1648 
f 3200/3200/1648 3195/3195/1648 3196/3196/1649 3199/3199/1649 
f 3199/5347/1649 3196/5359/1649 3194/3194/1650 3197/3197/1650 
f 3206/3206/1651 3186/3186/1642 3188/3188/1641 3208/3208/1652 
f 3208/3208/1652 3188/3188/1641 3187/3187/1640 3207/3207/1640 
f 3207/3207/1640 3187/3187/1640 3185/3185/1639 3205/3205/1639 
f 3246/3246/1647 3198/3198/1647 3200/3200/1648 3248/3248/1648 
f 3248/3248/1648 3200/3200/1648 3199/3199/1649 3247/3247/1649 
f 3247/5355/1649 3199/5347/1649 3197/3197/1650 3245/3245/1650 
f 3181/3181/1638 3201/3201/1653 3203/3203/1637 3183/5354/1637 
f 3183/3183/1637 3203/5373/1637 3204/3204/1636 3184/3184/1636 
f 3184/3184/1636 3204/3204/1636 3202/3202/1635 3182/3182/1635 
f 3190/3190/1643 3209/3209/1643 3211/3211/1654 3192/3192/1654 
f 3192/3192/1654 3211/3211/1654 3212/3212/1655 3191/3191/1655 
f 3191/3191/1655 3212/3212/1655 3210/3210/1656 3189/3189/1656 
f 3214/3214/1657 3221/3221/1658 3223/3223/1659 3216/3216/1660 
f 3216/3216/1660 3223/3223/1659 3224/3224/1661 3215/3215/1662 
f 3215/3215/1663 3224/3224/1661 3222/3222/1664 3213/3213/1665 
f 3221/3221/1658 3225/3225/1666 3227/3227/1667 3223/3223/1659 
f 3223/3223/1659 3227/3227/1667 3228/3228/1668 3224/3224/1661 
f 3224/3224/1661 3228/3228/1668 3226/3226/1669 3222/3222/1664 
f 3225/3225/1666 3229/3229/1670 3231/3231/1671 3227/3227/1667 
f 3227/3227/1667 3231/3231/1672 3232/3232/1673 3228/3228/1668 
f 3228/3228/1668 3232/3232/1673 3230/3230/1674 3226/3226/1669 
f 3229/3229/1670 3233/3233/1675 3235/3235/1676 3231/3231/1671 
f 3231/3231/1672 3235/3235/1676 3236/3236/1677 3232/3232/1673 
f 3232/3232/1673 3236/3236/1677 3234/3234/1678 3230/3230/1674 
f 3233/3233/1675 3237/3237/1679 3239/3239/1680 3235/3235/1676 
f 3235/3235/1676 3239/3239/1680 3240/3240/1681 3236/3236/1677 
f 3236/3236/1677 3240/3240/1681 3238/3238/1682 3234/3234/1678 
f 3237/3237/1679 3217/3217/1683 3219/3219/1684 3239/3239/1680 
f 3239/3239/1680 3219/3219/1684 3220/3220/1685 3240/3240/1681 
f 3240/3240/1681 3220/3220/1686 3218/3218/1687 3238/3238/1682 
f 3123/3123/1527 3672/3672/1525 3674/3674/1688 3671/3671/1689 
f 3671/3671/1689 3674/3674/1688 3675/3675/1690 3670/3670/1691 
f 3670/5320/1691 3675/5323/1690 3673/3673/1692 3669/3669/1693 
f 3124/3124/1528 3123/3123/1527 3671/3671/1689 3678/3678/1694 
f 3678/3678/1694 3671/3671/1689 3670/3670/1691 3677/3677/1695 
f 3677/5332/1695 3670/5320/1691 3669/3669/1693 3676/3676/1696 
f 3125/3125/1529 3124/3124/1528 3678/3678/1694 3681/3681/1697 
f 3681/3681/1697 3678/3678/1694 3677/3677/1695 3680/3680/1698 
f 3680/5333/1698 3677/5332/1695 3676/3676/1696 3679/3679/1699 
f 3683/3683/1530 3125/3125/1529 3681/3681/1697 3685/3685/1700 
f 3685/3685/1700 3681/3681/1697 3680/3680/1698 3684/3684/1701 
f 3684/5334/1701 3680/5333/1698 3679/3679/1699 3682/3682/1702 
f 3126/3126/1531 3683/3683/1530 3685/3685/1700 3688/3688/1703 
f 3688/3688/1703 3685/3685/1700 3684/3684/1701 3687/3687/1704 
f 3687/5328/1704 3684/5334/1701 3682/3682/1702 3686/3686/1705 
f 3122/3122/1532 3126/3126/1531 3688/3688/1703 3691/3691/1706 
f 3691/3691/1706 3688/3688/1703 3687/3687/1704 3690/3690/1707 
f 3690/5327/1707 3687/5328/1704 3686/3686/1705 3689/3689/1708 
f 3130/3130/1533 3122/3122/1532 3691/3691/1706 3740/3740/1709 
f 3740/3740/1709 3691/3691/1706 3690/3690/1707 3739/3739/1710 
f 3739/5324/1710 3690/5327/1707 3689/3689/1708 3738/3738/1711 
f 3672/3672/1525 3695/3695/1512 3697/3697/1712 3674/3674/1688 
f 3674/3674/1688 3697/3697/1712 3698/3698/1713 3675/3675/1690 
f 3675/5323/1690 3698/5329/1713 3696/3696/1714 3673/3673/1692 
f 3209/3209/1643 3241/3241/1643 3243/3243/1654 3211/3211/1654 
f 3211/3211/1654 3243/3243/1654 3244/3244/1655 3212/3212/1655 
f 3212/3212/1655 3244/3244/1655 3242/3242/1656 3210/3210/1656 
f 3254/3254/1647 3246/3246/1647 3248/3248/1648 3256/3256/1648 
f 3256/3256/1648 3248/3248/1648 3247/3247/1649 3255/3255/1649 
f 3255/5353/1649 3247/5355/1649 3245/3245/1650 3253/3253/1650 
f 3241/3241/1643 3249/3249/1643 3251/3251/1654 3243/3243/1654 
f 3243/3243/1654 3251/3251/1654 3252/3252/1655 3244/3244/1655 
f 3244/3244/1655 3252/3252/1655 3250/3250/1656 3242/3242/1656 
f 3262/3262/1647 3254/3254/1647 3256/3256/1648 3264/3264/1648 
f 3264/3264/1648 3256/3256/1648 3255/3255/1649 3263/3263/1649 
f 3263/5348/1649 3255/5353/1649 3253/3253/1650 3261/3261/1650 
f 3249/3249/1643 3257/3257/1643 3259/3259/1654 3251/3251/1654 
f 3251/3251/1654 3259/3259/1654 3260/3260/1655 3252/3252/1655 
f 3252/3252/1655 3260/3260/1655 3258/3258/1656 3250/3250/1656 
f 3270/3270/1647 3262/3262/1647 3264/3264/1648 3272/3272/1648 
f 3272/3272/1648 3264/3264/1648 3263/3263/1649 3271/3271/1649 
f 3271/5351/1649 3263/5348/1649 3261/3261/1650 3269/3269/1650 
f 3257/3257/1643 3265/3265/1643 3267/3267/1654 3259/3259/1654 
f 3259/3259/1654 3267/3267/1654 3268/3268/1655 3260/3260/1655 
f 3260/3260/1655 3268/3268/1655 3266/3266/1656 3258/3258/1656 
f 3278/3278/1715 3270/3270/1647 3272/3272/1648 3280/3280/1716 
f 3280/3280/1716 3272/3272/1648 3271/3271/1649 3279/3279/1717 
f 3279/5350/1717 3271/5351/1649 3269/3269/1650 3277/3277/1650 
f 3265/3265/1643 3274/3274/1643 3276/3276/1644 3267/3267/1654 
f 3267/3267/1654 3276/3276/1644 3275/3275/1645 3268/3268/1655 
f 3268/3268/1655 3275/3275/1645 3273/3273/1646 3266/3266/1656 
f 3159/3159/1549 3278/3278/1715 3280/3280/1716 3166/3166/1550 
f 3166/3166/1550 3280/3280/1716 3279/3279/1717 3161/5378/1542 
f 3161/3161/1542 3279/5350/1717 3277/3277/1650 3157/3157/1539 
f 3293/3293/1575 3281/3281/1563 3285/3285/1566 3296/3296/1576 
f 3296/3296/1576 3285/3285/1566 3290/3290/1574 3300/3300/1579 
f 3300/3300/1579 3290/3290/1574 3283/3283/1573 3294/3294/1581 
f 3306/3306/1638 3283/3283/1573 3291/5374/1571 3308/3308/1637 
f 3308/5397/1637 3291/3291/1571 3287/3287/1570 3307/3307/1636 
f 3307/3307/1636 3287/3287/1570 3282/3282/1569 3305/3305/1635 
f 3294/3294/1581 3309/3309/1642 3311/3311/1641 3299/3299/1582 
f 3299/3299/1582 3311/3311/1641 3312/3312/1640 3303/3303/1583 
f 3303/3303/1583 3312/3312/1640 3310/3310/1639 3295/3295/1585 
f 3398/3398/1718 3293/3293/1575 3297/3297/1578 3400/3400/1719 
f 3400/3400/1719 3297/3297/1578 3302/3302/1586 3399/3399/1720 
f 3399/3399/1720 3302/3302/1586 3295/3295/1585 3397/3397/1721 
f 3322/3322/1722 3317/3317/1722 3319/3319/1723 3324/3324/1723 
f 3324/5358/1723 3319/5352/1723 3320/3320/1724 3323/3323/1724 
f 3323/3323/1724 3320/3320/1724 3318/3318/1725 3321/3321/1725 
f 3201/3201/1653 3325/3325/1653 3327/3327/1637 3203/3203/1637 
f 3203/5373/1637 3327/5346/1637 3328/3328/1636 3204/3204/1636 
f 3204/3204/1636 3328/3328/1636 3326/3326/1635 3202/3202/1635 
f 3330/3330/1639 3310/3310/1639 3312/3312/1640 3332/3332/1640 
f 3332/3332/1640 3312/3312/1640 3311/3311/1641 3331/3331/1652 
f 3331/3331/1652 3311/3311/1641 3309/3309/1642 3329/3329/1651 
f 3370/3370/1722 3322/3322/1722 3324/3324/1723 3372/3372/1723 
f 3372/5395/1723 3324/5358/1723 3323/3323/1724 3371/3371/1724 
f 3371/3371/1724 3323/3323/1724 3321/3321/1725 3369/3369/1725 
f 3305/3305/1635 3326/3326/1635 3328/3328/1636 3307/3307/1636 
f 3307/3307/1636 3328/3328/1636 3327/5346/1637 3308/5397/1637 
f 3308/3308/1637 3327/3327/1637 3325/3325/1653 3306/3306/1638 
f 3314/3314/1718 3333/3333/1718 3335/3335/1726 3316/3316/1726 
f 3316/3316/1726 3335/3335/1726 3336/3336/1727 3315/3315/1727 
f 3315/3315/1727 3336/3336/1727 3334/3334/1728 3313/3313/1728 
f 3329/3329/1651 3206/3206/1651 3208/3208/1652 3331/3331/1652 
f 3331/3331/1652 3208/3208/1652 3207/3207/1640 3332/3332/1640 
f 3332/3332/1640 3207/3207/1640 3205/3205/1639 3330/3330/1639 
f 3338/3338/1729 3345/3345/1730 3347/3347/1731 3340/3340/1732 
f 3340/3340/1733 3347/3347/1731 3348/3348/1734 3339/3339/1735 
f 3339/3339/1735 3348/3348/1734 3346/3346/1736 3337/3337/1737 
f 3345/3345/1730 3349/3349/1738 3351/3351/1739 3347/3347/1731 
f 3347/3347/1731 3351/3351/1739 3352/3352/1740 3348/3348/1734 
f 3348/3348/1734 3352/3352/1740 3350/3350/1741 3346/3346/1736 
f 3349/3349/1738 3353/3353/1742 3355/3355/1743 3351/3351/1739 
f 3351/3351/1739 3355/3355/1743 3356/3356/1744 3352/3352/1740 
f 3352/3352/1740 3356/3356/1745 3354/3354/1746 3350/3350/1741 
f 3353/3353/1742 3357/3357/1747 3359/3359/1748 3355/3355/1743 
f 3355/3355/1743 3359/3359/1748 3360/3360/1749 3356/3356/1744 
f 3356/3356/1745 3360/3360/1749 3358/3358/1750 3354/3354/1746 
f 3357/3357/1747 3361/3361/1751 3363/3363/1752 3359/3359/1748 
f 3359/3359/1748 3363/3363/1752 3364/3364/1753 3360/3360/1749 
f 3360/3360/1749 3364/3364/1753 3362/3362/1754 3358/3358/1750 
f 3361/3361/1751 3341/3341/1755 3343/3343/1756 3363/3363/1752 
f 3363/3363/1752 3343/3343/1757 3344/3344/1758 3364/3364/1753 
f 3364/3364/1753 3344/3344/1758 3342/3342/1759 3362/3362/1754 
f 3692/3692/1760 3696/3696/1714 3698/5329/1713 3694/3694/1761 
f 3694/5331/1761 3698/3698/1713 3697/3697/1712 3693/3693/1762 
f 3693/3693/1762 3697/3697/1712 3695/3695/1512 3128/3128/1511 
f 3700/3700/1763 3692/3692/1760 3694/3694/1761 3702/3702/1764 
f 3702/5318/1764 3694/5331/1761 3693/3693/1762 3701/3701/1765 
f 3701/3701/1765 3693/3693/1762 3128/3128/1511 3699/3699/1513 
f 3704/3704/1766 3700/3700/1763 3702/3702/1764 3706/3706/1767 
f 3706/5325/1767 3702/5318/1764 3701/3701/1765 3705/3705/1768 
f 3705/3705/1768 3701/3701/1765 3699/3699/1513 3703/3703/1514 
f 3708/3708/1769 3704/3704/1766 3706/3706/1767 3710/3710/1770 
f 3710/5319/1770 3706/5325/1767 3705/3705/1768 3709/3709/1771 
f 3709/3709/1771 3705/3705/1768 3703/3703/1514 3707/3707/1515 
f 3711/3711/1772 3708/3708/1769 3710/3710/1770 3713/3713/1773 
f 3713/5345/1773 3710/5319/1770 3709/3709/1771 3712/3712/1774 
f 3712/3712/1774 3709/3709/1771 3707/3707/1515 3129/3129/1516 
f 3714/3714/1775 3711/3711/1772 3713/3713/1773 3716/3716/1776 
f 3716/5335/1776 3713/5345/1773 3712/3712/1774 3715/3715/1777 
f 3715/3715/1777 3712/3712/1774 3129/3129/1516 3127/3127/1517 
f 3763/3763/1778 3714/3714/1775 3716/3716/1776 3765/3765/1779 
f 3765/5336/1779 3716/5335/1776 3715/3715/1777 3764/3764/1780 
f 3764/3764/1780 3715/3715/1777 3127/3127/1517 3134/3134/1518 
f 3217/3217/1683 3342/3342/1759 3344/3344/1758 3219/3219/1684 
f 3219/3219/1684 3344/3344/1758 3343/3343/1757 3220/3220/1685 
f 3220/3220/1686 3343/3343/1756 3341/3341/1755 3218/3218/1687 
f 3333/3333/1718 3365/3365/1718 3367/3367/1726 3335/3335/1726 
f 3335/3335/1726 3367/3367/1726 3368/3368/1727 3336/3336/1727 
f 3336/3336/1727 3368/3368/1727 3366/3366/1728 3334/3334/1728 
f 3378/3378/1722 3370/3370/1722 3372/3372/1723 3380/3380/1723 
f 3380/5371/1723 3372/5395/1723 3371/3371/1724 3379/3379/1724 
f 3379/3379/1724 3371/3371/1724 3369/3369/1725 3377/3377/1725 
f 3365/3365/1718 3373/3373/1718 3375/3375/1726 3367/3367/1726 
f 3367/3367/1726 3375/3375/1726 3376/3376/1727 3368/3368/1727 
f 3368/3368/1727 3376/3376/1727 3374/3374/1728 3366/3366/1728 
f 3386/3386/1722 3378/3378/1722 3380/3380/1723 3388/3388/1723 
f 3388/5356/1723 3380/5371/1723 3379/3379/1724 3387/3387/1724 
f 3387/3387/1724 3379/3379/1724 3377/3377/1725 3385/3385/1725 
f 3373/3373/1718 3381/3381/1718 3383/3383/1726 3375/3375/1726 
f 3375/3375/1726 3383/3383/1726 3384/3384/1727 3376/3376/1727 
f 3376/3376/1727 3384/3384/1727 3382/3382/1728 3374/3374/1728 
f 3394/3394/1722 3386/3386/1722 3388/3388/1723 3396/3396/1723 
f 3396/5392/1723 3388/5356/1723 3387/3387/1724 3395/3395/1724 
f 3395/3395/1724 3387/3387/1724 3385/3385/1725 3393/3393/1725 
f 3381/3381/1718 3389/3389/1718 3391/3391/1726 3383/3383/1726 
f 3383/3383/1726 3391/3391/1726 3392/3392/1727 3384/3384/1727 
f 3384/3384/1727 3392/3392/1727 3390/3390/1728 3382/3382/1728 
f 3402/3402/1781 3394/3394/1722 3396/3396/1723 3404/3404/1782 
f 3404/5394/1782 3396/5392/1723 3395/3395/1724 3403/3403/1783 
f 3403/3403/1783 3395/3395/1724 3393/3393/1725 3401/3401/1725 
f 3389/3389/1718 3398/3398/1718 3400/3400/1719 3391/3391/1726 
f 3391/3391/1726 3400/3400/1719 3399/3399/1720 3392/3392/1727 
f 3392/3392/1727 3399/3399/1720 3397/3397/1721 3390/3390/1728 
f 3281/3281/1563 3402/3402/1781 3404/3404/1782 3284/3284/1564 
f 3284/5369/1564 3404/5394/1782 3403/3403/1783 3288/3288/1567 
f 3288/3288/1567 3403/3403/1783 3401/3401/1725 3282/3282/1569 
f 3417/3417/1599 3405/3405/1587 3409/3409/1590 3420/3420/1600 
f 3420/3420/1600 3409/3409/1590 3414/3414/1598 3424/3424/1603 
f 3424/3424/1603 3414/3414/1598 3407/3407/1597 3418/3418/1605 
f 3430/3430/1784 3407/3407/1597 3415/5366/1595 3432/3432/1785 
f 3432/5377/1785 3415/3415/1595 3411/3411/1594 3431/3431/1786 
f 3431/3431/1786 3411/3411/1594 3406/3406/1593 3429/3429/1787 
f 3418/3418/1605 3433/3433/1788 3435/3435/1789 3423/3423/1606 
f 3423/3423/1606 3435/3435/1789 3436/3436/1790 3427/3427/1607 
f 3427/3427/1607 3436/3436/1790 3434/3434/1791 3419/3419/1609 
f 3438/3438/1715 3406/3406/1593 3412/3412/1591 3440/3440/1716 
f 3440/3440/1716 3412/3412/1591 3408/5385/1588 3439/3439/1717 
f 3439/5386/1717 3408/3408/1588 3405/3405/1587 3437/3437/1650 
f 3442/3442/1646 3417/3417/1599 3421/3421/1602 3444/3444/1645 
f 3444/3444/1645 3421/3421/1602 3426/3426/1610 3443/3443/1644 
f 3443/3443/1644 3426/3426/1610 3419/3419/1609 3441/3441/1643 
f 3193/3193/1647 3449/3449/1647 3451/3451/1648 3195/3195/1648 
f 3195/3195/1648 3451/3451/1648 3452/3452/1649 3196/3196/1649 
f 3196/5359/1649 3452/5357/1649 3450/3450/1650 3194/3194/1650 
f 3530/3530/1656 3442/3442/1646 3444/3444/1645 3532/3532/1655 
f 3532/3532/1655 3444/3444/1645 3443/3443/1644 3531/3531/1654 
f 3531/3531/1654 3443/3443/1644 3441/3441/1643 3529/3529/1643 
f 3454/3454/1650 3450/3450/1650 3452/5357/1649 3456/3456/1649 
f 3456/5365/1649 3452/3452/1649 3451/3451/1648 3455/3455/1648 
f 3455/3455/1648 3451/3451/1648 3449/3449/1647 3453/3453/1647 
f 3462/3462/1791 3434/3434/1791 3436/3436/1790 3464/3464/1790 
f 3464/3464/1790 3436/3436/1790 3435/3435/1789 3463/3463/1792 
f 3463/3463/1792 3435/3435/1789 3433/3433/1788 3461/3461/1793 
f 3502/3502/1650 3454/3454/1650 3456/3456/1649 3504/3504/1649 
f 3504/5360/1649 3456/5365/1649 3455/3455/1648 3503/3503/1648 
f 3503/3503/1648 3455/3455/1648 3453/3453/1647 3501/3501/1647 
f 3429/3429/1787 3457/3457/1787 3459/3459/1786 3431/3431/1786 
f 3431/3431/1786 3459/3459/1786 3460/3460/1785 3432/5377/1785 
f 3432/3432/1785 3460/5393/1785 3458/3458/1794 3430/3430/1784 
f 3446/3446/1643 3190/3190/1643 3192/3192/1654 3448/3448/1654 
f 3448/3448/1654 3192/3192/1654 3191/3191/1655 3447/3447/1655 
f 3447/3447/1655 3191/3191/1655 3189/3189/1656 3445/3445/1656 
f 3445/3445/1656 3465/3465/1656 3467/3467/1655 3447/3447/1655 
f 3447/3447/1655 3467/3467/1655 3468/3468/1654 3448/3448/1654 
f 3448/3448/1654 3468/3468/1654 3466/3466/1643 3446/3446/1643 
f 3470/3470/1795 3477/3477/1796 3479/3479/1797 3472/3472/1798 
f 3472/3472/1799 3479/3479/1797 3480/3480/1800 3471/3471/1801 
f 3471/3471/1801 3480/3480/1800 3478/3478/1802 3469/3469/1803 
f 3477/3477/1796 3481/3481/1804 3483/3483/1805 3479/3479/1797 
f 3479/3479/1797 3483/3483/1805 3484/3484/1806 3480/3480/1800 
f 3480/3480/1800 3484/3484/1806 3482/3482/1807 3478/3478/1802 
f 3481/3481/1804 3485/3485/1808 3487/3487/1809 3483/3483/1805 
f 3483/3483/1805 3487/3487/1809 3488/3488/1810 3484/3484/1806 
f 3484/3484/1806 3488/3488/1811 3486/3486/1812 3482/3482/1807 
f 3485/3485/1808 3489/3489/1813 3491/3491/1814 3487/3487/1809 
f 3487/3487/1809 3491/3491/1814 3492/3492/1815 3488/3488/1810 
f 3488/3488/1811 3492/3492/1815 3490/3490/1816 3486/3486/1812 
f 3489/3489/1813 3493/3493/1817 3495/3495/1818 3491/3491/1814 
f 3491/3491/1814 3495/3495/1818 3496/3496/1819 3492/3492/1815 
f 3492/3492/1815 3496/3496/1819 3494/3494/1820 3490/3490/1816 
f 3493/3493/1817 3473/3473/1821 3475/3475/1822 3495/3495/1818 
f 3495/3495/1818 3475/3475/1823 3476/3476/1824 3496/3496/1819 
f 3496/3496/1819 3476/3476/1824 3474/3474/1825 3494/3494/1820 
f 3717/3717/1826 3720/3720/1827 3722/3722/1828 3719/3719/1829 
f 3719/5342/1829 3722/5341/1828 3723/3723/1830 3718/3718/1831 
f 3718/3718/1831 3723/3723/1830 3721/3721/1526 3131/3131/1538 
f 3724/3724/1832 3717/3717/1826 3719/3719/1829 3726/3726/1833 
f 3726/5343/1833 3719/5342/1829 3718/3718/1831 3725/3725/1834 
f 3725/3725/1834 3718/3718/1831 3131/3131/1538 3132/3132/1537 
f 3728/3728/1835 3724/3724/1832 3726/3726/1833 3730/3730/1836 
f 3730/5344/1836 3726/5343/1833 3725/3725/1834 3729/3729/1837 
f 3729/3729/1837 3725/3725/1834 3132/3132/1537 3727/3727/1536 
f 3732/3732/1838 3728/3728/1835 3730/3730/1836 3734/3734/1839 
f 3734/5321/1839 3730/5344/1836 3729/3729/1837 3733/3733/1840 
f 3733/3733/1840 3729/3729/1837 3727/3727/1536 3731/3731/1535 
f 3735/3735/1841 3732/3732/1838 3734/3734/1839 3737/3737/1842 
f 3737/5322/1842 3734/5321/1839 3733/3733/1840 3736/3736/1843 
f 3736/3736/1843 3733/3733/1840 3731/3731/1535 3133/3133/1534 
f 3738/3738/1711 3735/3735/1841 3737/3737/1842 3739/5324/1710 
f 3739/3739/1710 3737/5322/1842 3736/3736/1843 3740/3740/1709 
f 3740/3740/1709 3736/3736/1843 3133/3133/1534 3130/3130/1533 
f 3469/3469/1803 3214/3214/1657 3216/3216/1660 3471/3471/1801 
f 3471/3471/1801 3216/3216/1660 3215/3215/1662 3472/3472/1799 
f 3472/3472/1798 3215/3215/1663 3213/3213/1665 3470/3470/1795 
f 3720/3720/1827 3744/3744/1844 3746/3746/1845 3722/3722/1828 
f 3722/5341/1828 3746/5340/1845 3747/3747/1846 3723/3723/1830 
f 3723/3723/1830 3747/3747/1846 3745/3745/1523 3721/3721/1526 
f 3465/3465/1656 3497/3497/1656 3499/3499/1655 3467/3467/1655 
f 3467/3467/1655 3499/3499/1655 3500/3500/1654 3468/3468/1654 
f 3468/3468/1654 3500/3500/1654 3498/3498/1643 3466/3466/1643 
f 3510/3510/1650 3502/3502/1650 3504/3504/1649 3512/3512/1649 
f 3512/5362/1649 3504/5360/1649 3503/3503/1648 3511/3511/1648 
f 3511/3511/1648 3503/3503/1648 3501/3501/1647 3509/3509/1647 
f 3497/3497/1656 3505/3505/1656 3507/3507/1655 3499/3499/1655 
f 3499/3499/1655 3507/3507/1655 3508/3508/1654 3500/3500/1654 
f 3500/3500/1654 3508/3508/1654 3506/3506/1643 3498/3498/1643 
f 3518/3518/1650 3510/3510/1650 3512/3512/1649 3520/3520/1649 
f 3520/5364/1649 3512/5362/1649 3511/3511/1648 3519/3519/1648 
f 3519/3519/1648 3511/3511/1648 3509/3509/1647 3517/3517/1647 
f 3505/3505/1656 3513/3513/1656 3515/3515/1655 3507/3507/1655 
f 3507/3507/1655 3515/3515/1655 3516/3516/1654 3508/3508/1654 
f 3508/3508/1654 3516/3516/1654 3514/3514/1643 3506/3506/1643 
f 3526/3526/1650 3518/3518/1650 3520/3520/1649 3528/3528/1649 
f 3528/5389/1649 3520/5364/1649 3519/3519/1648 3527/3527/1648 
f 3527/3527/1648 3519/3519/1648 3517/3517/1647 3525/3525/1647 
f 3513/3513/1656 3521/3521/1656 3523/3523/1655 3515/3515/1655 
f 3515/3515/1655 3523/3523/1655 3524/3524/1654 3516/3516/1654 
f 3516/3516/1654 3524/3524/1654 3522/3522/1643 3514/3514/1643 
f 3534/3534/1650 3526/3526/1650 3528/3528/1649 3536/3536/1649 
f 3536/5384/1649 3528/5389/1649 3527/3527/1648 3535/3535/1648 
f 3535/3535/1648 3527/3527/1648 3525/3525/1647 3533/3533/1647 
f 3521/3521/1656 3530/3530/1656 3532/3532/1655 3523/3523/1655 
f 3523/3523/1655 3532/3532/1655 3531/3531/1654 3524/3524/1654 
f 3524/3524/1654 3531/3531/1654 3529/3529/1643 3522/3522/1643 
f 3437/3437/1650 3534/3534/1650 3536/3536/1649 3439/5386/1717 
f 3439/3439/1717 3536/5384/1649 3535/3535/1648 3440/3440/1716 
f 3440/3440/1716 3535/3535/1648 3533/3533/1647 3438/3438/1715 
f 3551/3551/1633 3538/3538/1617 3544/3544/1615 3558/3558/1634 
f 3558/3558/1634 3544/3544/1615 3540/3540/1612 3553/3553/1626 
f 3553/3553/1626 3540/3540/1612 3537/3537/1611 3549/3549/1623 
f 3562/3562/1787 3539/3539/1621 3547/3547/1619 3564/3564/1786 
f 3564/3564/1786 3547/3547/1619 3543/5367/1618 3563/3563/1785 
f 3563/5391/1785 3543/3543/1618 3538/3538/1617 3561/3561/1784 
f 3550/3550/1629 3565/3565/1791 3567/3567/1790 3555/3555/1630 
f 3555/3555/1630 3567/3567/1790 3568/3568/1789 3559/3559/1631 
f 3559/3559/1631 3568/3568/1789 3566/3566/1788 3551/3551/1633 
f 3570/3570/1781 3537/3537/1611 3541/3541/1614 3572/3572/1782 
f 3572/5372/1782 3541/5370/1614 3546/3546/1622 3571/3571/1783 
f 3571/3571/1783 3546/3546/1622 3539/3539/1621 3569/3569/1725 
f 3574/3574/1721 3550/3550/1629 3556/3556/1627 3576/3576/1720 
f 3576/3576/1720 3556/3556/1627 3552/3552/1624 3575/3575/1719 
f 3575/3575/1719 3552/3552/1624 3549/3549/1623 3573/3573/1718 
f 3317/3317/1722 3581/3581/1722 3583/3583/1723 3319/3319/1723 
f 3319/5352/1723 3583/5396/1723 3584/3584/1724 3320/3320/1724 
f 3320/3320/1724 3584/3584/1724 3582/3582/1725 3318/3318/1725 
f 3662/3662/1728 3574/3574/1721 3576/3576/1720 3664/3664/1727 
f 3664/3664/1727 3576/3576/1720 3575/3575/1719 3663/3663/1726 
f 3663/3663/1726 3575/3575/1719 3573/3573/1718 3661/3661/1718 
f 3586/3586/1725 3582/3582/1725 3584/3584/1724 3588/3588/1724 
f 3588/3588/1724 3584/3584/1724 3583/5396/1723 3587/3587/1723 
f 3587/5387/1723 3583/3583/1723 3581/3581/1722 3585/3585/1722 
f 3457/3457/1787 3589/3589/1787 3591/3591/1786 3459/3459/1786 
f 3459/3459/1786 3591/3591/1786 3592/3592/1785 3460/3460/1785 
f 3460/5393/1785 3592/5390/1785 3590/3590/1794 3458/3458/1794 
f 3594/3594/1793 3566/3566/1788 3568/3568/1789 3596/3596/1792 
f 3596/3596/1792 3568/3568/1789 3567/3567/1790 3595/3595/1790 
f 3595/3595/1790 3567/3567/1790 3565/3565/1791 3593/3593/1791 
f 3634/3634/1725 3586/3586/1725 3588/3588/1724 3636/3636/1724 
f 3636/3636/1724 3588/3588/1724 3587/3587/1723 3635/3635/1723 
f 3635/5361/1723 3587/5387/1723 3585/3585/1722 3633/3633/1722 
f 3561/3561/1784 3590/3590/1794 3592/5390/1785 3563/5391/1785 
f 3563/3563/1785 3592/3592/1785 3591/3591/1786 3564/3564/1786 
f 3564/3564/1786 3591/3591/1786 3589/3589/1787 3562/3562/1787 
f 3578/3578/1718 3314/3314/1718 3316/3316/1726 3580/3580/1726 
f 3580/3580/1726 3316/3316/1726 3315/3315/1727 3579/3579/1727 
f 3579/3579/1727 3315/3315/1727 3313/3313/1728 3577/3577/1728 
f 3577/3577/1728 3597/3597/1728 3599/3599/1727 3579/3579/1727 
f 3579/3579/1727 3599/3599/1727 3600/3600/1726 3580/3580/1726 
f 3580/3580/1726 3600/3600/1726 3598/3598/1718 3578/3578/1718 
f 3593/3593/1791 3462/3462/1791 3464/3464/1790 3595/3595/1790 
f 3595/3595/1790 3464/3464/1790 3463/3463/1792 3596/3596/1792 
f 3596/3596/1792 3463/3463/1792 3461/3461/1793 3594/3594/1793 
f 3602/3602/1847 3609/3609/1848 3611/3611/1849 3604/3604/1850 
f 3604/3604/1850 3611/3611/1849 3612/3612/1851 3603/3603/1852 
f 3603/3603/1853 3612/3612/1851 3610/3610/1854 3601/3601/1855 
f 3609/3609/1848 3613/3613/1856 3615/3615/1857 3611/3611/1849 
f 3611/3611/1849 3615/3615/1857 3616/3616/1858 3612/3612/1851 
f 3612/3612/1851 3616/3616/1858 3614/3614/1859 3610/3610/1854 
f 3613/3613/1856 3617/3617/1860 3619/3619/1861 3615/3615/1857 
f 3615/3615/1857 3619/3619/1862 3620/3620/1863 3616/3616/1858 
f 3616/3616/1858 3620/3620/1863 3618/3618/1864 3614/3614/1859 
f 3617/3617/1860 3621/3621/1865 3623/3623/1866 3619/3619/1861 
f 3619/3619/1862 3623/3623/1866 3624/3624/1867 3620/3620/1863 
f 3620/3620/1863 3624/3624/1867 3622/3622/1868 3618/3618/1864 
f 3621/3621/1865 3625/3625/1869 3627/3627/1870 3623/3623/1866 
f 3623/3623/1866 3627/3627/1870 3628/3628/1871 3624/3624/1867 
f 3624/3624/1867 3628/3628/1871 3626/3626/1872 3622/3622/1868 
f 3625/3625/1869 3605/3605/1873 3607/3607/1874 3627/3627/1870 
f 3627/3627/1870 3607/3607/1874 3608/3608/1875 3628/3628/1871 
f 3628/3628/1871 3608/3608/1876 3606/3606/1877 3626/3626/1872 
f 3135/3135/1524 3745/3745/1523 3747/3747/1846 3743/3743/1878 
f 3743/3743/1878 3747/3747/1846 3746/5340/1845 3742/3742/1879 
f 3742/5339/1879 3746/3746/1845 3744/3744/1844 3741/3741/1880 
f 3749/3749/1522 3135/3135/1524 3743/3743/1878 3751/3751/1881 
f 3751/3751/1881 3743/3743/1878 3742/3742/1879 3750/3750/1882 
f 3750/5338/1882 3742/5339/1879 3741/3741/1880 3748/3748/1883 
f 3753/3753/1521 3749/3749/1522 3751/3751/1881 3755/3755/1884 
f 3755/3755/1884 3751/3751/1881 3750/3750/1882 3754/3754/1885 
f 3754/5326/1885 3750/5338/1882 3748/3748/1883 3752/3752/1886 
f 3757/3757/1520 3753/3753/1521 3755/3755/1884 3759/3759/1887 
f 3759/3759/1887 3755/3755/1884 3754/3754/1885 3758/3758/1888 
f 3758/5330/1888 3754/5326/1885 3752/3752/1886 3756/3756/1889 
f 3136/3136/1519 3757/3757/1520 3759/3759/1887 3762/3762/1890 
f 3762/3762/1890 3759/3759/1887 3758/3758/1888 3761/3761/1891 
f 3761/5337/1891 3758/5330/1888 3756/3756/1889 3760/3760/1892 
f 3134/3134/1518 3136/3136/1519 3762/3762/1890 3764/3764/1780 
f 3764/3764/1780 3762/3762/1890 3761/3761/1891 3765/5336/1779 
f 3765/3765/1779 3761/5337/1891 3760/3760/1892 3763/3763/1778 
f 3601/3601/1855 3338/3338/1729 3340/3340/1732 3603/3603/1853 
f 3603/3603/1852 3340/3340/1733 3339/3339/1735 3604/3604/1850 
f 3604/3604/1850 3339/3339/1735 3337/3337/1737 3602/3602/1847 
f 3473/3473/1821 3606/3606/1877 3608/3608/1876 3475/3475/1822 
f 3475/3475/1823 3608/3608/1875 3607/3607/1874 3476/3476/1824 
f 3476/3476/1824 3607/3607/1874 3605/3605/1873 3474/3474/1825 
f 3597/3597/1728 3629/3629/1728 3631/3631/1727 3599/3599/1727 
f 3599/3599/1727 3631/3631/1727 3632/3632/1726 3600/3600/1726 
f 3600/3600/1726 3632/3632/1726 3630/3630/1718 3598/3598/1718 
f 3642/3642/1725 3634/3634/1725 3636/3636/1724 3644/3644/1724 
f 3644/3644/1724 3636/3636/1724 3635/3635/1723 3643/3643/1723 
f 3643/5363/1723 3635/5361/1723 3633/3633/1722 3641/3641/1722 
f 3629/3629/1728 3637/3637/1728 3639/3639/1727 3631/3631/1727 
f 3631/3631/1727 3639/3639/1727 3640/3640/1726 3632/3632/1726 
f 3632/3632/1726 3640/3640/1726 3638/3638/1718 3630/3630/1718 
f 3650/3650/1725 3642/3642/1725 3644/3644/1724 3652/3652/1724 
f 3652/3652/1724 3644/3644/1724 3643/3643/1723 3651/3651/1723 
f 3651/5388/1723 3643/5363/1723 3641/3641/1722 3649/3649/1722 
f 3637/3637/1728 3645/3645/1728 3647/3647/1727 3639/3639/1727 
f 3639/3639/1727 3647/3647/1727 3648/3648/1726 3640/3640/1726 
f 3640/3640/1726 3648/3648/1726 3646/3646/1718 3638/3638/1718 
f 3658/3658/1725 3650/3650/1725 3652/3652/1724 3660/3660/1724 
f 3660/3660/1724 3652/3652/1724 3651/3651/1723 3659/3659/1723 
f 3659/5383/1723 3651/5388/1723 3649/3649/1722 3657/3657/1722 
f 3645/3645/1728 3653/3653/1728 3655/3655/1727 3647/3647/1727 
f 3647/3647/1727 3655/3655/1727 3656/3656/1726 3648/3648/1726 
f 3648/3648/1726 3656/3656/1726 3654/3654/1718 3646/3646/1718 
f 3666/3666/1725 3658/3658/1725 3660/3660/1724 3668/3668/1724 
f 3668/3668/1724 3660/3660/1724 3659/3659/1723 3667/3667/1723 
f 3667/5381/1723 3659/5383/1723 3657/3657/1722 3665/3665/1722 
f 3653/3653/1728 3662/3662/1728 3664/3664/1727 3655/3655/1727 
f 3655/3655/1727 3664/3664/1727 3663/3663/1726 3656/3656/1726 
f 3656/3656/1726 3663/3663/1726 3661/3661/1718 3654/3654/1718 
f 3569/3569/1725 3666/3666/1725 3668/3668/1724 3571/3571/1783 
f 3571/3571/1783 3668/3668/1724 3667/3667/1723 3572/5372/1782 
f 3572/3572/1782 3667/5381/1723 3665/3665/1722 3570/3570/1781 
f 3157/3157/1539 3277/3277/1650 3273/3273/1646 3169/3169/1551 
f 3158/3158/1545 3171/3171/1561 3186/3186/1642 3181/3181/1638 
f 3182/3182/1635 3049/3049/1893 3278/3278/1715 3159/3159/1549 
f 3170/3170/1557 3274/3274/1643 3047/3047/1510 3185/3185/1639 
f 3206/3206/1651 3201/3201/1653 3181/3181/1638 3186/3186/1642 
f 3202/3202/1635 3048/3048/1893 3049/3049/1893 3182/3182/1635 
f 3185/3185/1639 3047/3047/1510 3030/3030/1510 3205/3205/1639 
f 3032/3032/1510 3209/3209/1643 3190/3190/1643 3029/3029/1510 
f 3194/3194/1650 3450/3450/1650 3445/3445/1656 3189/3189/1656 
f 3210/3210/1656 3197/3197/1650 3194/3194/1650 3189/3189/1656 
f 3190/3190/1643 3446/3446/1643 3075/3075/1510 3029/3029/1510 
f 3028/3028/1893 3074/3074/1893 3449/3449/1647 3193/3193/1647 
f 3198/3198/1647 3033/3033/1893 3028/3028/1893 3193/3193/1647 
f 3242/3242/1656 3245/3245/1650 3197/3197/1650 3210/3210/1656 
f 3246/3246/1647 3036/3036/1893 3033/3033/1893 3198/3198/1647 
f 3325/3325/1653 3201/3201/1653 3206/3206/1651 3329/3329/1651 
f 3202/3202/1635 3326/3326/1635 3070/3070/1893 3048/3048/1893 
f 3330/3330/1639 3205/3205/1639 3030/3030/1510 3052/3052/1510 
f 3035/3035/1510 3241/3241/1643 3209/3209/1643 3032/3032/1510 
f 3031/3031/1510 3079/3079/1510 3470/3470/1795 3213/3213/1665 
f 3213/3213/1665 3222/3222/1664 3034/3034/1510 3031/3031/1510 
f 3686/3686/1705 3221/3221/1658 3214/3214/1657 3689/3689/1708 
f 3738/3738/1711 3689/3689/1708 3214/3214/1657 3469/3469/1803 
f 3673/3673/1692 3217/3217/1683 3237/3237/1679 3669/3669/1693 
f 3238/3238/1682 3218/3218/1687 3030/3030/1510 3046/3046/1510 
f 3342/3342/1759 3217/3217/1683 3673/3673/1692 3696/3696/1714 
f 3052/3052/1510 3030/3030/1510 3218/3218/1687 3341/3341/1755 
f 3222/3222/1664 3226/3226/1669 3037/3037/1510 3034/3034/1510 
f 3682/3682/1702 3225/3225/1666 3221/3221/1658 3686/3686/1705 
f 3679/3679/1699 3229/3229/1670 3225/3225/1666 3682/3682/1702 
f 3226/3226/1669 3230/3230/1674 3040/3040/1510 3037/3037/1510 
f 3676/3676/1696 3233/3233/1675 3229/3229/1670 3679/3679/1699 
f 3230/3230/1674 3234/3234/1678 3043/3043/1510 3040/3040/1510 
f 3669/3669/1693 3237/3237/1679 3233/3233/1675 3676/3676/1696 
f 3234/3234/1678 3238/3238/1682 3046/3046/1510 3043/3043/1510 
f 3038/3038/1510 3249/3249/1643 3241/3241/1643 3035/3035/1510 
f 3250/3250/1656 3253/3253/1650 3245/3245/1650 3242/3242/1656 
f 3254/3254/1647 3039/3039/1893 3036/3036/1893 3246/3246/1647 
f 3041/3041/1510 3257/3257/1643 3249/3249/1643 3038/3038/1510 
f 3258/3258/1656 3261/3261/1650 3253/3253/1650 3250/3250/1656 
f 3262/3262/1647 3042/3042/1893 3039/3039/1893 3254/3254/1647 
f 3044/3044/1510 3265/3265/1643 3257/3257/1643 3041/3041/1510 
f 3266/3266/1656 3269/3269/1650 3261/3261/1650 3258/3258/1656 
f 3270/3270/1647 3045/3045/1893 3042/3042/1893 3262/3262/1647 
f 3047/3047/1510 3274/3274/1643 3265/3265/1643 3044/3044/1510 
f 3273/3273/1646 3277/3277/1650 3269/3269/1650 3266/3266/1656 
f 3278/3278/1715 3049/3049/1893 3045/3045/1893 3270/3270/1647 
f 3283/3283/1573 3306/3306/1638 3309/3309/1642 3294/3294/1581 
f 3282/3282/1569 3401/3401/1725 3071/3071/1893 3305/3305/1635 
f 3293/3293/1575 3398/3398/1718 3402/3402/1781 3281/3281/1563 
f 3310/3310/1639 3069/3069/1510 3397/3397/1721 3295/3295/1585 
f 3329/3329/1651 3309/3309/1642 3306/3306/1638 3325/3325/1653 
f 3305/3305/1635 3071/3071/1893 3070/3070/1893 3326/3326/1635 
f 3330/3330/1639 3052/3052/1510 3069/3069/1510 3310/3310/1639 
f 3054/3054/1510 3051/3051/1510 3313/3313/1728 3334/3334/1728 
f 3314/3314/1718 3578/3578/1718 3581/3581/1722 3317/3317/1722 
f 3051/3051/1510 3100/3100/1510 3577/3577/1728 3313/3313/1728 
f 3333/3333/1718 3314/3314/1718 3317/3317/1722 3322/3322/1722 
f 3318/3318/1725 3582/3582/1725 3099/3099/1893 3050/3050/1893 
f 3321/3321/1725 3318/3318/1725 3050/3050/1893 3055/3055/1893 
f 3365/3365/1718 3333/3333/1718 3322/3322/1722 3370/3370/1722 
f 3369/3369/1725 3321/3321/1725 3055/3055/1893 3058/3058/1893 
f 3057/3057/1510 3054/3054/1510 3334/3334/1728 3366/3366/1728 
f 3338/3338/1729 3601/3601/1855 3104/3104/1510 3053/3053/1510 
f 3338/3338/1729 3053/3053/1510 3056/3056/1510 3345/3345/1730 
f 3711/3711/1772 3714/3714/1775 3337/3337/1737 3346/3346/1736 
f 3602/3602/1847 3337/3337/1737 3714/3714/1775 3763/3763/1778 
f 3696/3696/1714 3692/3692/1760 3362/3362/1754 3342/3342/1759 
f 3361/3361/1751 3068/3068/1510 3052/3052/1510 3341/3341/1755 
f 3708/3708/1769 3711/3711/1772 3346/3346/1736 3350/3350/1741 
f 3345/3345/1730 3056/3056/1510 3059/3059/1510 3349/3349/1738 
f 3704/3704/1766 3708/3708/1769 3350/3350/1741 3354/3354/1746 
f 3349/3349/1738 3059/3059/1510 3062/3062/1510 3353/3353/1742 
f 3700/3700/1763 3704/3704/1766 3354/3354/1746 3358/3358/1750 
f 3353/3353/1742 3062/3062/1510 3065/3065/1510 3357/3357/1747 
f 3692/3692/1760 3700/3700/1763 3358/3358/1750 3362/3362/1754 
f 3357/3357/1747 3065/3065/1510 3068/3068/1510 3361/3361/1751 
f 3373/3373/1718 3365/3365/1718 3370/3370/1722 3378/3378/1722 
f 3060/3060/1510 3057/3057/1510 3366/3366/1728 3374/3374/1728 
f 3377/3377/1725 3369/3369/1725 3058/3058/1893 3061/3061/1893 
f 3381/3381/1718 3373/3373/1718 3378/3378/1722 3386/3386/1722 
f 3063/3063/1510 3060/3060/1510 3374/3374/1728 3382/3382/1728 
f 3385/3385/1725 3377/3377/1725 3061/3061/1893 3064/3064/1893 
f 3389/3389/1718 3381/3381/1718 3386/3386/1722 3394/3394/1722 
f 3066/3066/1510 3063/3063/1510 3382/3382/1728 3390/3390/1728 
f 3393/3393/1725 3385/3385/1725 3064/3064/1893 3067/3067/1893 
f 3398/3398/1718 3389/3389/1718 3394/3394/1722 3402/3402/1781 
f 3069/3069/1510 3066/3066/1510 3390/3390/1728 3397/3397/1721 
f 3401/3401/1725 3393/3393/1725 3067/3067/1893 3071/3071/1893 
f 3437/3437/1650 3405/3405/1587 3417/3417/1599 3442/3442/1646 
f 3407/3407/1597 3430/3430/1784 3433/3433/1788 3418/3418/1605 
f 3073/3073/1893 3429/3429/1787 3406/3406/1593 3438/3438/1715 
f 3441/3441/1643 3419/3419/1609 3434/3434/1791 3072/3072/1510 
f 3461/3461/1793 3433/3433/1788 3430/3430/1784 3458/3458/1794 
f 3073/3073/1893 3077/3077/1893 3457/3457/1787 3429/3429/1787 
f 3076/3076/1510 3072/3072/1510 3434/3434/1791 3462/3462/1791 
f 3442/3442/1646 3530/3530/1656 3534/3534/1650 3437/3437/1650 
f 3438/3438/1715 3533/3533/1647 3096/3096/1893 3073/3073/1893 
f 3072/3072/1510 3095/3095/1510 3529/3529/1643 3441/3441/1643 
f 3080/3080/1510 3075/3075/1510 3446/3446/1643 3466/3466/1643 
f 3465/3465/1656 3445/3445/1656 3450/3450/1650 3454/3454/1650 
f 3453/3453/1647 3449/3449/1647 3074/3074/1893 3081/3081/1893 
f 3497/3497/1656 3465/3465/1656 3454/3454/1650 3502/3502/1650 
f 3501/3501/1647 3453/3453/1647 3081/3081/1893 3084/3084/1893 
f 3077/3077/1893 3102/3102/1893 3589/3589/1787 3457/3457/1787 
f 3590/3590/1794 3594/3594/1793 3461/3461/1793 3458/3458/1794 
f 3593/3593/1791 3101/3101/1510 3076/3076/1510 3462/3462/1791 
f 3083/3083/1510 3080/3080/1510 3466/3466/1643 3498/3498/1643 
f 3470/3470/1795 3079/3079/1510 3082/3082/1510 3477/3477/1796 
f 3735/3735/1841 3738/3738/1711 3469/3469/1803 3478/3478/1802 
f 3720/3720/1827 3717/3717/1826 3494/3494/1820 3474/3474/1825 
f 3474/3474/1825 3605/3605/1873 3744/3744/1844 3720/3720/1827 
f 3493/3493/1817 3094/3094/1510 3078/3078/1510 3473/3473/1821 
f 3103/3103/1510 3606/3606/1877 3473/3473/1821 3078/3078/1510 
f 3732/3732/1838 3735/3735/1841 3478/3478/1802 3482/3482/1807 
f 3477/3477/1796 3082/3082/1510 3085/3085/1510 3481/3481/1804 
f 3728/3728/1835 3732/3732/1838 3482/3482/1807 3486/3486/1812 
f 3481/3481/1804 3085/3085/1510 3088/3088/1510 3485/3485/1808 
f 3724/3724/1832 3728/3728/1835 3486/3486/1812 3490/3490/1816 
f 3485/3485/1808 3088/3088/1510 3091/3091/1510 3489/3489/1813 
f 3717/3717/1826 3724/3724/1832 3490/3490/1816 3494/3494/1820 
f 3489/3489/1813 3091/3091/1510 3094/3094/1510 3493/3493/1817 
f 3505/3505/1656 3497/3497/1656 3502/3502/1650 3510/3510/1650 
f 3086/3086/1510 3083/3083/1510 3498/3498/1643 3506/3506/1643 
f 3509/3509/1647 3501/3501/1647 3084/3084/1893 3087/3087/1893 
f 3513/3513/1656 3505/3505/1656 3510/3510/1650 3518/3518/1650 
f 3089/3089/1510 3086/3086/1510 3506/3506/1643 3514/3514/1643 
f 3517/3517/1647 3509/3509/1647 3087/3087/1893 3090/3090/1893 
f 3521/3521/1656 3513/3513/1656 3518/3518/1650 3526/3526/1650 
f 3092/3092/1510 3089/3089/1510 3514/3514/1643 3522/3522/1643 
f 3525/3525/1647 3517/3517/1647 3090/3090/1893 3093/3093/1893 
f 3530/3530/1656 3521/3521/1656 3526/3526/1650 3534/3534/1650 
f 3095/3095/1510 3092/3092/1510 3522/3522/1643 3529/3529/1643 
f 3533/3533/1647 3525/3525/1647 3093/3093/1893 3096/3096/1893 
f 3570/3570/1781 3573/3573/1718 3549/3549/1623 3537/3537/1611 
f 3538/3538/1617 3551/3551/1633 3566/3566/1788 3561/3561/1784 
f 3098/3098/1893 3569/3569/1725 3539/3539/1621 3562/3562/1787 
f 3574/3574/1721 3097/3097/1510 3565/3565/1791 3550/3550/1629 
f 3594/3594/1793 3590/3590/1794 3561/3561/1784 3566/3566/1788 
f 3098/3098/1893 3562/3562/1787 3589/3589/1787 3102/3102/1893 
f 3101/3101/1510 3593/3593/1791 3565/3565/1791 3097/3097/1510 
f 3573/3573/1718 3570/3570/1781 3665/3665/1722 3661/3661/1718 
f 3569/3569/1725 3098/3098/1893 3121/3121/1893 3666/3666/1725 
f 3097/3097/1510 3574/3574/1721 3662/3662/1728 3120/3120/1510 
f 3105/3105/1510 3597/3597/1728 3577/3577/1728 3100/3100/1510 
f 3598/3598/1718 3585/3585/1722 3581/3581/1722 3578/3578/1718 
f 3586/3586/1725 3106/3106/1893 3099/3099/1893 3582/3582/1725 
f 3630/3630/1718 3633/3633/1722 3585/3585/1722 3598/3598/1718 
f 3634/3634/1725 3109/3109/1893 3106/3106/1893 3586/3586/1725 
f 3108/3108/1510 3629/3629/1728 3597/3597/1728 3105/3105/1510 
f 3601/3601/1855 3610/3610/1854 3107/3107/1510 3104/3104/1510 
f 3760/3760/1892 3609/3609/1848 3602/3602/1847 3763/3763/1778 
f 3744/3744/1844 3605/3605/1873 3625/3625/1869 3741/3741/1880 
f 3626/3626/1872 3606/3606/1877 3103/3103/1510 3119/3119/1510 
f 3756/3756/1889 3613/3613/1856 3609/3609/1848 3760/3760/1892 
f 3610/3610/1854 3614/3614/1859 3110/3110/1510 3107/3107/1510 
f 3752/3752/1886 3617/3617/1860 3613/3613/1856 3756/3756/1889 
f 3614/3614/1859 3618/3618/1864 3113/3113/1510 3110/3110/1510 
f 3748/3748/1883 3621/3621/1865 3617/3617/1860 3752/3752/1886 
f 3618/3618/1864 3622/3622/1868 3116/3116/1510 3113/3113/1510 
f 3741/3741/1880 3625/3625/1869 3621/3621/1865 3748/3748/1883 
f 3622/3622/1868 3626/3626/1872 3119/3119/1510 3116/3116/1510 
f 3111/3111/1510 3637/3637/1728 3629/3629/1728 3108/3108/1510 
f 3638/3638/1718 3641/3641/1722 3633/3633/1722 3630/3630/1718 
f 3642/3642/1725 3112/3112/1893 3109/3109/1893 3634/3634/1725 
f 3114/3114/1510 3645/3645/1728 3637/3637/1728 3111/3111/1510 
f 3646/3646/1718 3649/3649/1722 3641/3641/1722 3638/3638/1718 
f 3650/3650/1725 3115/3115/1893 3112/3112/1893 3642/3642/1725 
f 3117/3117/1510 3653/3653/1728 3645/3645/1728 3114/3114/1510 
f 3654/3654/1718 3657/3657/1722 3649/3649/1722 3646/3646/1718 
f 3658/3658/1725 3118/3118/1893 3115/3115/1893 3650/3650/1725 
f 3120/3120/1510 3662/3662/1728 3653/3653/1728 3117/3117/1510 
f 3661/3661/1718 3665/3665/1722 3657/3657/1722 3654/3654/1718 
f 3666/3666/1725 3121/3121/1893 3118/3118/1893 3658/3658/1725 
o Cube:001
s 1
f 3992/3992/2090 3815/3815/1941 3871/3871/1988 4103/4103/2179 
f 3811/3811/1937 4000/4000/2098 3999/3999/2097 3812/3812/1938 
f 4146/4146/2216 4151/4151/1999 3849/3849/1967 3881/3881/1998 
f 4114/4114/2184 4115/4115/2185 3994/3994/2092 3993/3993/2091 
f 4115/4115/2185 4116/4116/2186 3995/3995/2093 3994/3994/2092 
f 4141/4141/2211 3996/3996/2094 3940/3940/2047 3988/3988/2086 
f 4141/4141/2211 4142/4142/2212 3997/3997/2095 3996/3996/2094 
f 4142/4142/2212 4143/4143/2213 3998/3998/2096 3997/3997/2095 
f 4000/4000/2098 3811/3811/1937 3771/3771/1899 3817/3817/1942 
f 3797/3797/1923 3798/3798/1924 4021/4021/2116 4020/4020/2115 
f 4125/4125/2195 4132/4132/2202 4004/4004/2099 4020/4020/2115 
f 3874/3874/1991 4107/4107/1945 4001/4001/1945 3847/3847/1895 
f 4107/4107/1945 4108/4108/1944 4002/4002/1944 4001/4001/1945 
f 4021/4021/2116 4126/4126/2196 4125/4125/2195 4020/4020/2115 
f 4108/4108/1944 4109/4109/1943 4003/4003/1943 4002/4002/1944 
f 4132/4132/2202 4133/4133/2203 4005/4005/2100 4004/4004/2099 
f 4133/4133/2203 4134/4134/2204 4006/4006/2101 4005/4005/2100 
f 4052/4052/2141 4148/4148/2218 4066/4066/2154 4048/4048/2137 
f 3999/3999/2097 4017/4017/2112 3843/3843/1962 3812/3812/1938 
f 4324/4324/2362 4312/4312/2350 3814/3814/1940 4009/4009/2104 
f 3810/3810/1936 4009/4009/2104 3814/3814/1940 3769/3769/1897 
f 3809/3809/1935 4008/4008/2103 4009/4009/2104 3810/3810/1936 
f 3808/3808/1934 4007/4007/2102 4008/4008/2103 3809/3809/1935 
f 4325/4325/2363 4313/4313/2351 3816/3816/1898 4010/4010/2105 
f 3813/3813/1939 4010/4010/2105 3816/3816/1898 3770/3770/1898 
f 4010/4010/2105 3813/3813/1939 3769/3769/1897 3814/3814/1940 
f 4328/4328/2366 4314/4314/2352 3817/3817/1942 4013/4013/2108 
f 3807/3807/1933 4013/4013/2108 3817/3817/1942 3771/3771/1899 
f 3806/3806/1932 4012/4012/2107 4013/4013/2108 3807/3807/1933 
f 3805/3805/1931 4011/4011/2106 4012/4012/2107 3806/3806/1932 
f 3770/3770/1898 3816/3816/1898 4014/4014/2109 3830/3830/1945 
f 3831/3831/1944 4015/4015/2110 4016/4016/2111 3832/3832/1943 
f 3830/3830/1945 4014/4014/2109 4015/4015/2110 3831/3831/1944 
f 3797/3797/1923 4020/4020/2115 4004/4004/2099 3840/3840/1959 
f 4334/4334/2372 4315/4315/2353 3846/3846/1965 4019/4019/2114 
f 3845/3845/1964 4019/4019/2114 3846/3846/1965 3777/3777/1905 
f 3844/3844/1963 4018/4018/2113 4019/4019/2114 3845/3845/1964 
f 3843/3843/1962 4017/4017/2112 4018/4018/2113 3844/3844/1963 
f 3840/3840/1959 4004/4004/2099 4005/4005/2100 3841/3841/1960 
f 3841/3841/1960 4005/4005/2100 4006/4006/2101 3842/3842/1961 
f 4006/4006/2101 3849/3849/1967 3776/3776/1904 3842/3842/1961 
f 3827/3827/1945 4001/4001/1945 4002/4002/1944 3828/3828/1944 
f 3828/3828/1944 4002/4002/1944 4003/4003/1943 3829/3829/1943 
f 3767/3767/1895 3847/3847/1895 4001/4001/1945 3827/3827/1945 
f 4181/4181/2246 4287/4287/2327 3983/3983/2081 3938/3938/2046 
f 3848/3848/1966 3878/3878/1995 4126/4126/2196 4021/4021/2116 
f 3798/3798/1924 3768/3768/1896 3848/3848/1966 4021/4021/2116 
f 4103/4103/2179 3874/3874/1991 3847/3847/1895 3992/3992/2090 
f 3992/3992/2090 3847/3847/1895 3767/3767/1895 3796/3796/1922 
f 3799/3799/1925 3996/3996/2094 3997/3997/2095 3800/3800/1926 
f 3800/3800/1926 3997/3997/2095 3998/3998/2096 3801/3801/1927 
f 3998/3998/2096 3848/3848/1966 3768/3768/1896 3801/3801/1927 
f 3802/3802/1928 3993/3993/2091 3994/3994/2092 3803/3803/1929 
f 3803/3803/1929 3994/3994/2092 3995/3995/2093 3804/3804/1930 
f 3995/3995/2093 3815/3815/1941 3766/3766/1894 3804/3804/1930 
f 3853/3853/1970 3851/3851/1969 4022/4022/2117 4029/4029/2118 
f 3766/3766/1894 3815/3815/1941 3992/3992/2090 3796/3796/1922 
f 4050/4050/2139 4047/4047/2136 4046/4046/2135 4049/4049/2138 
f 4031/4031/2120 4036/4036/2125 4035/4035/2124 4030/4030/2119 
f 4041/4041/2130 4044/4044/2133 4043/4043/2132 4040/4040/2129 
f 4024/4024/1944 4027/4027/1944 4026/4026/1943 4023/4023/1943 
f 4034/4034/2123 4039/4039/2128 4038/4038/2127 4033/4033/2122 
f 4097/4097/2176 3868/3868/1985 3850/3850/1968 4022/4022/2117 
f 4066/4066/2154 4067/4067/2155 4047/4047/2136 4048/4048/2137 
f 3772/3772/1900 3823/3823/1948 4029/4029/2118 3852/3852/1968 
f 3850/3850/1968 4028/4028/1945 4025/4025/1945 3852/3852/1968 
f 3818/3818/1943 3819/3819/1944 4024/4024/1944 4023/4023/1943 
f 3819/3819/1944 3820/3820/1945 4025/4025/1945 4024/4024/1944 
f 3820/3820/1945 3772/3772/1900 3852/3852/1968 4025/4025/1945 
f 4053/4053/2141 4052/4052/2141 4048/4048/2137 4051/4051/2140 
f 4087/4087/1945 4088/4088/1944 4027/4027/1944 4028/4028/1945 
f 4088/4088/1944 4089/4089/1943 4026/4026/1943 4027/4027/1944 
f 4026/4026/1943 4089/4089/1943 3968/3968/1917 3946/3946/1917 
f 3862/3862/1979 4097/4097/2176 4022/4022/2117 3851/3851/1969 
f 3823/3823/1948 3773/3773/1901 3853/3853/1970 4029/4029/2118 
f 4035/4035/2124 3855/3855/1972 3854/3854/1971 4030/4030/2119 
f 3774/3774/1902 3833/3833/1952 4030/4030/2119 3854/3854/1971 
f 3833/3833/1952 3834/3834/1953 4031/4031/2120 4030/4030/2119 
f 3834/3834/1953 3835/3835/1954 4032/4032/2121 4031/4031/2120 
f 4057/4057/2145 4058/4058/2146 4044/4044/2133 4045/4045/2134 
f 4042/4042/2131 4045/4045/2134 4044/4044/2133 4041/4041/2130 
f 4038/4038/2127 3854/3854/1971 3855/3855/1972 4033/4033/2122 
f 4033/4033/2122 4093/4093/2172 4092/4092/2171 4034/4034/2123 
f 4025/4025/1945 4028/4028/1945 4027/4027/1944 4024/4024/1944 
f 4042/4042/2131 4039/4039/2128 4034/4034/2123 4045/4045/2134 
f 4079/4079/2167 4080/4080/2168 4035/4035/2124 4036/4036/2125 
f 4080/4080/2168 3866/3866/1983 3855/3855/1972 4035/4035/2124 
f 3855/3855/1972 3866/3866/1983 4093/4093/2172 4033/4033/2122 
f 4038/4038/2127 4039/4039/2128 3821/3821/1946 3822/3822/1947 
f 3826/3826/1951 3821/3821/1946 4039/4039/2128 4042/4042/2131 
f 3854/3854/1971 4038/4038/2127 3822/3822/1947 3774/3774/1902 
f 4043/4043/2132 3857/3857/1974 3856/3856/1973 4040/4040/2129 
f 3775/3775/1903 3824/3824/1949 4040/4040/2129 3856/3856/1973 
f 3824/3824/1949 3825/3825/1950 4041/4041/2130 4040/4040/2129 
f 3825/3825/1950 3826/3826/1951 4042/4042/2131 4041/4041/2130 
f 3850/3850/1968 3852/3852/1968 4029/4029/2118 4022/4022/2117 
f 4058/4058/2146 4059/4059/2147 4043/4043/2132 4044/4044/2133 
f 4059/4059/2147 3859/3859/1976 3857/3857/1974 4043/4043/2132 
f 3859/3859/1976 4148/4148/2218 4052/4052/2141 3857/3857/1974 
f 3851/3851/1969 3853/3853/1970 4049/4049/2138 4046/4046/2135 
f 3856/3856/1973 3857/3857/1974 4052/4052/2141 4053/4053/2141 
f 4067/4067/2155 4068/4068/2156 4046/4046/2135 4047/4047/2136 
f 4068/4068/2156 3862/3862/1979 3851/3851/1969 4046/4046/2135 
f 4143/4143/2213 3878/3878/1995 3848/3848/1966 3998/3998/2096 
f 4032/4032/2121 4037/4037/2126 4036/4036/2125 4031/4031/2120 
f 3773/3773/1901 3836/3836/1955 4049/4049/2138 3853/3853/1970 
f 3836/3836/1955 3837/3837/1956 4050/4050/2139 4049/4049/2138 
f 3837/3837/1956 3838/3838/1957 4051/4051/2140 4050/4050/2139 
f 4210/4210/2269 4207/4207/2266 4208/4208/2267 4211/4211/2270 
f 3839/3839/1958 3775/3775/1903 3856/3856/1973 4053/4053/2141 
f 3883/3883/2000 3808/3808/1934 4069/4069/2157 4149/4149/2219 
f 3993/3993/2091 3802/3802/1928 3882/3882/1999 4151/4151/1999 
f 4069/4069/2157 4063/4063/2151 4147/4147/2217 4149/4149/2219 
f 4054/4054/2142 4055/4055/2143 4058/4058/2146 4057/4057/2145 
f 4055/4055/2143 4056/4056/2144 4059/4059/2147 4058/4058/2146 
f 4056/4056/2144 3860/3860/1977 3859/3859/1976 4059/4059/2147 
f 4057/4057/2145 4092/4092/2171 4094/4094/2173 4054/4054/2142 
f 4094/4094/2173 4090/4090/2169 4060/4060/2148 4054/4054/2142 
f 4061/4061/2149 4055/4055/2143 4054/4054/2142 4060/4060/2148 
f 3844/3844/1963 3845/3845/1964 4062/4062/2150 4061/4061/2149 
f 3858/3858/1975 4062/4062/2150 3845/3845/1964 3777/3777/1905 
f 4062/4062/2150 4056/4056/2144 4055/4055/2143 4061/4061/2149 
f 3858/3858/1975 3860/3860/1977 4056/4056/2144 4062/4062/2150 
f 3808/3808/1934 3809/3809/1935 4070/4070/2158 4069/4069/2157 
f 3813/3813/1939 3770/3770/1898 3867/3867/1984 4098/4098/2177 
f 4063/4063/2151 4064/4064/2152 4067/4067/2155 4066/4066/2154 
f 4064/4064/2152 4065/4065/2153 4068/4068/2156 4067/4067/2155 
f 4065/4065/2153 3861/3861/1978 3862/3862/1979 4068/4068/2156 
f 4070/4070/2158 4064/4064/2152 4063/4063/2151 4069/4069/2157 
f 3809/3809/1935 3810/3810/1936 4071/4071/2159 4070/4070/2158 
f 3769/3769/1897 3863/3863/1980 4071/4071/2159 3810/3810/1936 
f 4071/4071/2159 4065/4065/2153 4064/4064/2152 4070/4070/2158 
f 3863/3863/1980 3861/3861/1978 4065/4065/2153 4071/4071/2159 
f 3805/3805/1931 3806/3806/1932 4073/4073/2161 4072/4072/2160 
f 3806/3806/1932 3807/3807/1933 4074/4074/2162 4073/4073/2161 
f 3771/3771/1899 3864/3864/1981 4074/4074/2162 3807/3807/1933 
f 3830/3830/1945 3831/3831/1944 4082/4082/1944 4081/4081/1945 
f 4073/4073/2161 4076/4076/2164 4075/4075/2163 4072/4072/2160 
f 4074/4074/2162 4077/4077/2165 4076/4076/2164 4073/4073/2161 
f 3864/3864/1981 3865/3865/1982 4077/4077/2165 4074/4074/2162 
f 4075/4075/2163 4076/4076/2164 4079/4079/2167 4078/4078/2166 
f 4076/4076/2164 4077/4077/2165 4080/4080/2168 4079/4079/2167 
f 4077/4077/2165 3865/3865/1982 3866/3866/1983 4080/4080/2168 
f 3831/3831/1944 3832/3832/1943 4083/4083/1943 4082/4082/1944 
f 4081/4081/1945 3867/3867/1984 3770/3770/1898 3830/3830/1945 
f 4091/4091/2170 3811/3811/1937 3812/3812/1938 4090/4090/2169 
f 3771/3771/1899 3811/3811/1937 4091/4091/2170 3864/3864/1981 
f 4082/4082/1944 4085/4085/1944 4084/4084/1945 4081/4081/1945 
f 4083/4083/1943 4086/4086/1943 4085/4085/1944 4082/4082/1944 
f 4084/4084/1945 4085/4085/1944 4088/4088/1944 4087/4087/1945 
f 4085/4085/1944 4086/4086/1943 4089/4089/1943 4088/4088/1944 
f 4081/4081/1945 4084/4084/1945 3869/3869/1986 3867/3867/1984 
f 3869/3869/1986 4084/4084/1945 4087/4087/1945 3868/3868/1985 
f 4095/4095/2174 4091/4091/2170 4090/4090/2169 4094/4094/2173 
f 4090/4090/2169 3812/3812/1938 3843/3843/1962 4060/4060/2148 
f 4092/4092/2171 4093/4093/2172 4095/4095/2174 4094/4094/2173 
f 3864/3864/1981 4091/4091/2170 4095/4095/2174 3865/3865/1982 
f 3861/3861/1978 4096/4096/2175 4097/4097/2176 3862/3862/1979 
f 4093/4093/2172 3866/3866/1983 3865/3865/1982 4095/4095/2174 
f 4096/4096/2175 3869/3869/1986 3868/3868/1985 4097/4097/2176 
f 4096/4096/2175 3861/3861/1978 3863/3863/1980 4098/4098/2177 
f 3820/3820/1945 3819/3819/1944 4100/4100/1944 4099/4099/1945 
f 3867/3867/1984 3869/3869/1986 4096/4096/2175 4098/4098/2177 
f 3769/3769/1897 3813/3813/1939 4098/4098/2177 3863/3863/1980 
f 3872/3872/1989 4102/4102/2178 4103/4103/2179 3871/3871/1988 
f 3819/3819/1944 3818/3818/1943 4101/4101/1943 4100/4100/1944 
f 4099/4099/1945 3870/3870/1987 3772/3772/1900 3820/3820/1945 
f 3772/3772/1900 3870/3870/1987 4110/4110/2180 3823/3823/1948 
f 4102/4102/2178 3873/3873/1990 3874/3874/1991 4103/4103/2179 
f 4102/4102/2178 3872/3872/1989 3875/3875/1992 4110/4110/2180 
f 4078/4078/2166 4079/4079/2167 4036/4036/2125 4037/4037/2126 
f 3838/3838/1957 3837/3837/1956 4118/4118/2188 4117/4117/2187 
f 4100/4100/1944 4105/4105/1944 4104/4104/1945 4099/4099/1945 
f 4101/4101/1943 4106/4106/1943 4105/4105/1944 4100/4100/1944 
f 4104/4104/1945 4105/4105/1944 4108/4108/1944 4107/4107/1945 
f 4105/4105/1944 4106/4106/1943 4109/4109/1943 4108/4108/1944 
f 4099/4099/1945 4104/4104/1945 3873/3873/1990 3870/3870/1987 
f 3873/3873/1990 4104/4104/1945 4107/4107/1945 3874/3874/1991 
f 3870/3870/1987 3873/3873/1990 4102/4102/2178 4110/4110/2180 
f 3823/3823/1948 4110/4110/2180 3875/3875/1992 3773/3773/1901 
f 3876/3876/1993 3774/3774/1902 3822/3822/1947 4121/4121/2191 
f 4111/4111/2181 4112/4112/2182 4115/4115/2185 4114/4114/2184 
f 4112/4112/2182 4113/4113/2183 4116/4116/2186 4115/4115/2185 
f 4113/4113/2183 3872/3872/1989 3871/3871/1988 4116/4116/2186 
f 4118/4118/2188 4112/4112/2182 4111/4111/2181 4117/4117/2187 
f 3837/3837/1956 3836/3836/1955 4119/4119/2189 4118/4118/2188 
f 3875/3875/1992 4119/4119/2189 3836/3836/1955 3773/3773/1901 
f 4119/4119/2189 4113/4113/2183 4112/4112/2182 4118/4118/2188 
f 3872/3872/1989 4113/4113/2183 4119/4119/2189 3875/3875/1992 
f 3835/3835/1954 3834/3834/1953 4136/4136/2206 4135/4135/2205 
f 4121/4121/2191 3822/3822/1947 3821/3821/1946 4120/4120/2190 
f 3839/3839/1958 4144/4144/2214 3877/3877/1994 3775/3775/1903 
f 4128/4128/2198 4121/4121/2191 4120/4120/2190 4127/4127/2197 
f 3826/3826/1951 3825/3825/1950 4123/4123/2193 4122/4122/2192 
f 4125/4125/2195 4126/4126/2196 4128/4128/2198 4127/4127/2197 
f 4122/4122/2192 4129/4129/2199 4127/4127/2197 4120/4120/2190 
f 3825/3825/1950 3824/3824/1949 4124/4124/2194 4123/4123/2193 
f 3775/3775/1903 3877/3877/1994 4124/4124/2194 3824/3824/1949 
f 4122/4122/2192 4120/4120/2190 3821/3821/1946 3826/3826/1951 
f 3879/3879/1996 3876/3876/1993 4121/4121/2191 4128/4128/2198 
f 4126/4126/2196 3878/3878/1995 3879/3879/1996 4128/4128/2198 
f 4127/4127/2197 4129/4129/2199 4132/4132/2202 4125/4125/2195 
f 4123/4123/2193 4130/4130/2200 4129/4129/2199 4122/4122/2192 
f 4124/4124/2194 4131/4131/2201 4130/4130/2200 4123/4123/2193 
f 3877/3877/1994 3880/3880/1997 4131/4131/2201 4124/4124/2194 
f 4129/4129/2199 4130/4130/2200 4133/4133/2203 4132/4132/2202 
f 4130/4130/2200 4131/4131/2201 4134/4134/2204 4133/4133/2203 
f 4131/4131/2201 3880/3880/1997 3881/3881/1998 4134/4134/2204 
f 3834/3834/1953 3833/3833/1952 4137/4137/2207 4136/4136/2206 
f 3876/3876/1993 4137/4137/2207 3833/3833/1952 3774/3774/1902 
f 3839/3839/1958 3838/3838/1957 4117/4117/2187 4144/4144/2214 
f 4136/4136/2206 4139/4139/2209 4138/4138/2208 4135/4135/2205 
f 4137/4137/2207 4140/4140/2210 4139/4139/2209 4136/4136/2206 
f 3879/3879/1996 4140/4140/2210 4137/4137/2207 3876/3876/1993 
f 4138/4138/2208 4139/4139/2209 4142/4142/2212 4141/4141/2211 
f 4139/4139/2209 4140/4140/2210 4143/4143/2213 4142/4142/2212 
f 4140/4140/2210 3879/3879/1996 3878/3878/1995 4143/4143/2213 
f 4117/4117/2187 4111/4111/2181 4145/4145/2215 4144/4144/2214 
f 3880/3880/1997 4145/4145/2215 4146/4146/2216 3881/3881/1998 
f 4145/4145/2215 4111/4111/2181 4114/4114/2184 4146/4146/2216 
f 4034/4034/2123 4092/4092/2171 4057/4057/2145 4045/4045/2134 
f 4294/4294/2334 4166/4166/2231 3941/3941/2048 3986/3986/2084 
f 4145/4145/2215 3880/3880/1997 3877/3877/1994 4144/4144/2214 
f 4147/4147/2217 4063/4063/2151 4066/4066/2154 4148/4148/2218 
f 3860/3860/1977 4147/4147/2217 4148/4148/2218 3859/3859/1976 
f 4147/4147/2217 3860/3860/1977 3858/3858/1975 4149/4149/2219 
f 3777/3777/1905 3883/3883/2000 4149/4149/2219 3858/3858/1975 
f 3933/3933/2042 4220/4220/2278 4221/4221/2279 3934/3934/2043 
f 3993/3993/2091 4151/4151/1999 4146/4146/2216 4114/4114/2184 
f 3838/3838/1957 3839/3839/1958 4053/4053/2141 4051/4051/2140 
f 3776/3776/1904 3849/3849/1967 4151/4151/1999 3882/3882/1999 
f 4337/4337/2375 4322/4322/2360 4007/4007/2102 4150/4150/2000 
f 4150/4150/2000 3883/3883/2000 3777/3777/1905 3846/3846/1965 
f 4007/4007/2102 3808/3808/1934 3883/3883/2000 4150/4150/2000 
f 4152/4152/2220 4263/4263/2309 3974/3974/2074 3903/3903/2020 
f 4224/4224/2282 4208/4208/2267 4207/4207/2266 4226/4226/2284 
f 3961/3961/2065 3951/3951/2055 4197/4197/2256 4236/4236/2294 
f 4159/4159/2227 4160/4160/2228 3899/3899/2016 3900/3900/2017 
f 3891/3891/2008 3892/3892/2009 4155/4155/2223 4154/4154/2222 
f 4274/4274/2314 4154/4154/2222 4155/4155/2223 4276/4276/2316 
f 4272/4272/2312 4153/4153/2221 4154/4154/2222 4274/4274/2314 
f 3941/5306/2048 4311/4311/2088 4306/4306/2346 3986/5310/2084 
f 3888/3888/2005 3889/3889/2006 4158/4158/2226 4157/4157/2225 
f 4301/4301/2341 4157/4157/2225 4158/4158/2226 4303/4303/2343 
f 4299/4299/2339 4156/4156/2224 4157/4157/2225 4301/4301/2341 
f 3988/3988/2086 3940/3940/2047 4156/4156/2224 4299/4299/2339 
f 3970/3970/2071 3942/3942/2049 4188/4188/2024 4245/4245/2024 
f 4160/4160/2228 3905/3905/2021 3783/3783/1911 3899/3899/2016 
f 4003/4003/1943 3939/3939/1917 3790/3790/1917 3829/3829/1943 
f 4078/4078/2166 4037/4037/2126 3951/3951/2055 3961/3961/2065 
f 3916/3916/2023 3917/3917/2022 4163/4163/2022 4162/4162/2023 
f 4267/4267/2023 4162/4162/2023 4163/4163/2022 4269/4269/2022 
f 4265/4265/2024 4161/4161/2024 4162/4162/2023 4267/4267/2023 
f 3977/3977/2077 3937/3937/1907 4161/4161/2024 4265/4265/2024 
f 4164/4164/2229 4290/4290/2330 4285/4285/2325 4180/4180/2245 
f 3996/3996/2094 3799/3799/1925 3787/3787/1915 3940/3940/2047 
f 3868/3868/1985 4087/4087/1945 4028/4028/1945 3850/3850/1968 
f 4352/4352/2390 4160/4160/2228 4159/4159/2227 4351/4351/2389 
f 4180/4180/2245 4285/4285/2325 4287/4287/2327 4181/4181/2246 
f 3931/3931/2040 3932/3932/2041 4166/4166/2231 4165/4165/2230 
f 4292/4292/2332 4165/4165/2230 4166/4166/2231 4294/4294/2334 
f 4290/4290/2330 4164/4164/2229 4165/4165/2230 4292/4292/2332 
f 4269/4269/2022 4163/4163/2022 3939/3939/1917 3979/3979/1917 
f 4212/4212/2271 4208/4208/2267 4224/4224/2282 4308/4308/2348 
f 3781/3781/1909 3901/3901/2018 4170/4170/2235 3902/3902/2019 
f 4341/4341/2379 4316/4316/2354 3902/3902/2019 4170/4170/2235 
f 3896/3896/2013 3897/3897/2014 4168/4168/2233 4167/4167/2232 
f 3897/3897/2014 3898/3898/2015 4169/4169/2234 4168/4168/2233 
f 3898/3898/2015 3781/3781/1909 3902/3902/2019 4169/4169/2234 
f 3900/3900/2017 3933/3933/2042 4177/4177/2242 4159/4159/2227 
f 3901/3901/2018 3782/3782/1910 3904/3904/1910 4170/4170/2235 
f 3788/3788/1916 3893/3893/2010 4171/4171/2236 3925/3925/2034 
f 3893/3893/2010 3894/3894/2011 4172/4172/2237 4171/4171/2236 
f 3894/3894/2011 3895/3895/2012 4173/4173/2238 4172/4172/2237 
f 3895/3895/2012 3783/3783/1911 3905/3905/2021 4173/4173/2238 
f 4344/4344/2382 4320/4320/2358 3925/3925/2034 4171/4171/2236 
f 4331/4331/2369 4319/4319/2357 3924/3924/1917 4016/4016/2111 
f 3791/3791/1917 3832/3832/1943 4016/4016/2111 3924/3924/1917 
f 3782/3782/1910 3918/3918/2024 4174/4174/2239 3904/3904/1910 
f 3918/3918/2024 3919/3919/2023 4175/4175/2240 4174/4174/2239 
f 3919/3919/2023 3920/3920/2022 4176/4176/2241 4175/4175/2240 
f 3920/3920/2022 3791/3791/1917 3924/3924/1917 4176/4176/2241 
f 4347/4347/2385 4317/4317/2355 3904/3904/1910 4174/4174/2239 
f 4011/4011/2106 3805/3805/1931 3788/3788/1916 3925/3925/2034 
f 3933/3933/2042 3934/3934/2043 4178/4178/2243 4177/4177/2242 
f 3934/3934/2043 3935/3935/2044 4179/4179/2244 4178/4178/2243 
f 3935/3935/2044 3795/3795/1921 3936/3936/2045 4179/4179/2244 
f 3885/3885/2002 3930/3930/2039 4164/4164/2229 4180/4180/2245 
f 4318/4318/2356 3905/3905/2021 4160/4160/2228 4352/4352/2390 
f 3930/3930/2039 3931/3931/2040 4165/4165/2230 4164/4164/2229 
f 3794/5305/1920 3941/3941/2048 4166/4166/2231 3932/3932/2041 
f 4215/4215/2273 4205/4205/2264 4204/4204/2263 4217/4217/2275 
f 3915/3915/2024 3916/3916/2023 4162/4162/2023 4161/4161/2024 
f 3790/3790/1917 3939/3939/1917 4163/4163/2022 3917/3917/2022 
f 4161/4161/2024 3937/3937/1907 3779/3779/1907 3915/3915/2024 
f 4152/4152/2220 3903/3903/2020 3778/3778/1906 3884/3884/2001 
f 4181/4181/2246 3886/3886/2003 3885/3885/2002 4180/4180/2245 
f 3937/3937/1907 3977/3977/2077 4263/4263/2309 4152/4152/2220 
f 3938/3938/2046 3780/3780/1908 3886/3886/2003 4181/4181/2246 
f 3887/3887/2004 3888/3888/2005 4157/4157/2225 4156/4156/2224 
f 3780/3780/1908 3938/3938/2046 4158/4158/2226 3889/3889/2006 
f 4156/4156/2224 3940/3940/2047 3787/3787/1915 3887/3887/2004 
f 3890/3890/2007 3891/3891/2008 4154/4154/2222 4153/4153/2221 
f 3778/3778/1906 3903/3903/2020 4155/4155/2223 3892/3892/2009 
f 3779/3779/1907 3937/3937/1907 4152/4152/2220 3884/3884/2001 
f 4198/4198/2257 4199/4199/2258 4194/4194/2253 4193/4193/2252 
f 3942/3942/2049 3970/3970/2071 4257/4257/2306 4182/4182/2247 
f 3942/3942/2049 4182/4182/2247 4189/4189/2248 3945/3945/2049 
f 4188/4188/2024 3942/3942/2049 3945/3945/2049 4185/4185/2024 
f 4183/4183/2022 4186/4186/2022 4187/4187/2023 4184/4184/2023 
f 3789/3789/1917 3944/3944/1917 4183/4183/2022 3906/3906/2022 
f 4212/4212/2271 3953/3953/2057 3952/3952/2056 4213/4213/2271 
f 3944/3944/1917 3946/3946/1917 4186/4186/2022 4183/4183/2022 
f 3908/3908/2024 4185/4185/2024 3945/3945/2049 3784/3784/1912 
f 3907/3907/2023 4184/4184/2023 4185/4185/2024 3908/3908/2024 
f 3906/3906/2022 4183/4183/2022 4184/4184/2023 3907/3907/2023 
f 4276/4276/2316 4155/4155/2223 3903/3903/2020 3974/3974/2074 
f 4249/4249/2022 4186/4186/2022 3946/3946/1917 3968/3968/1917 
f 4247/4247/2023 4187/4187/2023 4186/4186/2022 4249/4249/2022 
f 4245/4245/2024 4188/4188/2024 4187/4187/2023 4247/4247/2023 
f 3911/3911/2027 4189/4189/2248 3947/3947/2051 3785/3785/1913 
f 4205/4205/2264 4194/4194/2253 4199/4199/2258 4202/4202/2261 
f 4189/4189/2248 3911/3911/2027 3784/3784/1912 3945/3945/2049 
f 4197/4197/2256 3951/3951/2055 3949/3949/2053 4192/4192/2251 
f 4190/4190/2249 4195/4195/2254 4196/4196/2255 4191/4191/2250 
f 3786/3786/1914 3948/3948/2052 4190/4190/2249 3921/3921/2031 
f 3949/3949/2053 3951/3951/2055 4037/4037/2126 4032/4032/2121 
f 3948/3948/2052 3950/3950/2054 4195/4195/2254 4190/4190/2249 
f 3923/3923/2033 4192/4192/2251 3949/3949/2053 3792/3792/1918 
f 3922/3922/2032 4191/4191/2250 4192/4192/2251 3923/3923/2033 
f 3921/3921/2031 4190/4190/2249 4191/4191/2250 3922/3922/2032 
f 4182/4182/2247 4257/4257/2306 3958/3958/2062 3943/3943/2050 
f 4194/4194/2253 4252/4252/2301 4254/4254/2303 4193/4193/2252 
f 4184/4184/2023 4187/4187/2023 4188/4188/2024 4185/4185/2024 
f 3948/3948/2052 4198/4198/2257 4193/4193/2252 3950/3950/2054 
f 3909/3909/2025 4199/4199/2258 4198/4198/2257 3910/3910/2026 
f 4193/4193/2252 4254/4254/2303 3965/3965/2069 3950/3950/2054 
f 4240/4240/2298 4195/4195/2254 3950/3950/2054 3965/3965/2069 
f 4238/4238/2296 4196/4196/2255 4195/4195/2254 4240/4240/2298 
f 4236/4236/2294 4197/4197/2256 4196/4196/2255 4238/4238/2296 
f 3948/3948/2052 3786/3786/1914 3910/3910/2026 4198/4198/2257 
f 3914/3914/2030 4202/4202/2261 4199/4199/2258 3909/3909/2025 
f 3952/5313/2056 3953/5312/2057 4203/4203/2262 4200/4200/2259 
f 4200/4200/2259 4203/4203/2262 4204/4204/2263 4201/4201/2260 
f 3793/3793/1919 3952/5313/2056 4200/4200/2259 3912/3912/2028 
f 3943/3943/2050 3947/3947/2051 4189/4189/2248 4182/4182/2247 
f 3913/3913/2029 4201/4201/2260 4202/4202/2261 3914/3914/2030 
f 3912/3912/2028 4200/4200/2259 4201/4201/2260 3913/3913/2029 
f 4212/4212/2271 4308/4308/2348 3955/3955/2059 3953/3953/2057 
f 4219/4219/2277 4203/4203/2262 3953/5312/2057 3955/5304/2059 
f 4217/4217/2275 4204/4204/2263 4203/4203/2262 4219/4219/2277 
f 3947/3947/2051 3943/3943/2050 4206/4206/2265 4209/4209/2268 
f 4209/4209/2268 4206/4206/2265 4207/4207/2266 4210/4210/2269 
f 3944/3944/1917 4023/4023/1943 4026/4026/1943 3946/3946/1917 
f 4003/4003/1943 4109/4109/1943 3979/3979/1917 3939/3939/1917 
f 4228/4228/2286 4206/4206/2265 3943/3943/2050 3958/3958/2062 
f 4226/4226/2284 4207/4207/2266 4206/4206/2265 4228/4228/2286 
f 3785/3785/1913 3947/3947/2051 4209/4209/2268 3926/3926/2035 
f 3927/3927/2036 4210/4210/2269 4211/4211/2270 3928/3928/2037 
f 3926/3926/2035 4209/4209/2268 4210/4210/2269 3927/3927/2036 
f 4201/4201/2260 4204/4204/2263 4205/4205/2264 4202/4202/2261 
f 4303/4303/2343 4158/4158/2226 3938/3938/2046 3983/3983/2081 
f 3792/3792/1918 3949/3949/2053 4032/4032/2121 3835/3835/1954 
f 4191/4191/2250 4196/4196/2255 4197/4197/2256 4192/4192/2251 
f 4116/4116/2186 3871/3871/1988 3815/3815/1941 3995/3995/2093 
f 3944/3944/1917 3789/3789/1917 3818/3818/1943 4023/4023/1943 
f 4153/4153/2221 4311/4311/2088 3990/3990/2088 3890/3890/2007 
f 4311/4311/2088 3941/5306/2048 3794/3794/1920 3990/3990/2088 
f 3929/3929/2038 4213/4213/2271 3952/3952/2056 3793/5315/1919 
f 4277/4277/2317 3928/3928/2037 3929/3929/2038 4304/4304/2344 
f 4214/4214/2272 4215/4215/2273 4217/4217/2275 4216/4216/2274 
f 4216/4216/2274 4217/4217/2275 4219/4219/2277 4218/4218/2276 
f 4220/4220/2278 4250/4250/2299 4253/4253/2302 4214/4214/2272 
f 4214/4214/2272 4253/4253/2302 4252/4252/2301 4215/4215/2273 
f 4218/4218/2276 4219/4219/2277 3955/5304/2059 3956/3956/2060 
f 4220/4220/2278 4214/4214/2272 4216/4216/2274 4221/4221/2279 
f 3934/3934/2043 4221/4221/2279 4222/4222/2280 3935/3935/2044 
f 4221/4221/2279 4216/4216/2274 4218/4218/2276 4222/4222/2280 
f 3935/3935/2044 4222/4222/2280 3954/3954/2058 3795/3795/1921 
f 4251/4251/2300 3899/3899/2016 3783/3783/1911 3963/3963/2067 
f 4222/4222/2280 4218/4218/2276 3956/3956/2060 3954/3954/2058 
f 3896/3896/2013 4229/4229/2287 4230/4230/2288 3897/3897/2014 
f 4223/4223/2281 4224/4224/2282 4226/4226/2284 4225/4225/2283 
f 4225/4225/2283 4226/4226/2284 4228/4228/2286 4227/4227/2285 
f 4227/4227/2285 4228/4228/2286 3958/3958/2062 3957/3957/2061 
f 4229/4229/2287 4223/4223/2281 4225/4225/2283 4230/4230/2288 
f 3897/3897/2014 4230/4230/2288 4231/4231/2289 3898/3898/2015 
f 4230/4230/2288 4225/4225/2283 4227/4227/2285 4231/4231/2289 
f 3898/3898/2015 4231/4231/2289 3959/3959/2063 3781/3781/1909 
f 4231/4231/2289 4227/4227/2285 3957/3957/2061 3959/3959/2063 
f 3893/3893/2010 4232/4232/2290 4233/4233/2291 3894/3894/2011 
f 4078/4078/2166 3961/3961/2065 3960/3960/2064 4075/4075/2163 
f 3894/3894/2011 4233/4233/2291 4234/4234/2292 3895/3895/2012 
f 3962/3962/2066 4232/4232/2290 3893/3893/2010 3788/3788/1916 
f 3895/3895/2012 4234/4234/2292 3963/3963/2067 3783/3783/1911 
f 4232/4232/2290 4235/4235/2293 4237/4237/2295 4233/4233/2291 
f 3962/3962/2066 3788/3788/1916 3805/3805/1931 4072/4072/2160 
f 4233/4233/2291 4237/4237/2295 4239/4239/2297 4234/4234/2292 
f 4235/4235/2293 4236/4236/2294 4238/4238/2296 4237/4237/2295 
f 3962/3962/2066 3960/3960/2064 4235/4235/2293 4232/4232/2290 
f 4237/4237/2295 4238/4238/2296 4240/4240/2298 4239/4239/2297 
f 4234/4234/2292 4239/4239/2297 3964/3964/2068 3963/3963/2067 
f 3960/3960/2064 3961/3961/2065 4236/4236/2294 4235/4235/2293 
f 4239/4239/2297 4240/4240/2298 3965/3965/2069 3964/3964/2068 
f 3960/3960/2064 3962/3962/2066 4072/4072/2160 4075/4075/2163 
f 3832/3832/1943 3791/3791/1917 3966/3966/1917 4083/4083/1943 
f 3918/3918/2024 4241/4241/2024 4242/4242/2023 3919/3919/2023 
f 3919/3919/2023 4242/4242/2023 4243/4243/2022 3920/3920/2022 
f 3967/3967/2070 4241/4241/2024 3918/3918/2024 3782/3782/1910 
f 3920/3920/2022 4243/4243/2022 3966/3966/1917 3791/3791/1917 
f 4086/4086/1943 4083/4083/1943 3966/3966/1917 3969/3969/1917 
f 3899/3899/2016 4251/4251/2300 4250/4250/2299 3900/3900/2017 
f 3900/3900/2017 4250/4250/2299 4220/4220/2278 3933/3933/2042 
f 3969/3969/1917 3968/3968/1917 4089/4089/1943 4086/4086/1943 
f 4241/4241/2024 4244/4244/2024 4246/4246/2023 4242/4242/2023 
f 4242/4242/2023 4246/4246/2023 4248/4248/2022 4243/4243/2022 
f 4244/4244/2024 4245/4245/2024 4247/4247/2023 4246/4246/2023 
f 3967/3967/2070 3971/3971/2072 4244/4244/2024 4241/4241/2024 
f 4246/4246/2023 4247/4247/2023 4249/4249/2022 4248/4248/2022 
f 4243/4243/2022 4248/4248/2022 3969/3969/1917 3966/3966/1917 
f 3971/3971/2072 3970/3970/2071 4245/4245/2024 4244/4244/2024 
f 4248/4248/2022 4249/4249/2022 3968/3968/1917 3969/3969/1917 
f 4250/4250/2299 4251/4251/2300 4255/4255/2304 4253/4253/2302 
f 4258/4258/2307 3901/3901/2018 3781/3781/1909 3959/3959/2063 
f 4253/4253/2302 4255/4255/2304 4254/4254/2303 4252/4252/2301 
f 4255/4255/2304 4251/4251/2300 3963/3963/2067 3964/3964/2068 
f 4254/4254/2303 4255/4255/2304 3964/3964/2068 3965/3965/2069 
f 3957/3957/2061 3958/3958/2062 4257/4257/2306 4256/4256/2305 
f 4257/4257/2306 3970/3970/2071 3971/3971/2072 4256/4256/2305 
f 4256/4256/2305 3971/3971/2072 3967/3967/2070 4258/4258/2307 
f 3901/3901/2018 4258/4258/2307 3967/3967/2070 3782/3782/1910 
f 3908/3908/2024 4259/4259/2024 4260/4260/2023 3907/3907/2023 
f 3959/3959/2063 3957/3957/2061 4256/4256/2305 4258/4258/2307 
f 3975/3975/2075 3974/3974/2074 4263/4263/2309 4262/4262/2308 
f 3907/3907/2023 4260/4260/2023 4261/4261/2022 3906/3906/2022 
f 3972/3972/2073 4259/4259/2024 3908/3908/2024 3784/3784/1912 
f 3906/3906/2022 4261/4261/2022 3973/3973/1917 3789/3789/1917 
f 4270/4270/2310 3911/3911/2027 3785/3785/1913 3980/3980/2078 
f 4263/4263/2309 3977/3977/2077 3976/3976/2076 4262/4262/2308 
f 4262/4262/2308 3976/3976/2076 3972/3972/2073 4270/4270/2310 
f 4259/4259/2024 4264/4264/2024 4266/4266/2023 4260/4260/2023 
f 4260/4260/2023 4266/4266/2023 4268/4268/2022 4261/4261/2022 
f 4264/4264/2024 4265/4265/2024 4267/4267/2023 4266/4266/2023 
f 3972/3972/2073 3976/3976/2076 4264/4264/2024 4259/4259/2024 
f 4266/4266/2023 4267/4267/2023 4269/4269/2022 4268/4268/2022 
f 4261/4261/2022 4268/4268/2022 3978/3978/1917 3973/3973/1917 
f 3976/3976/2076 3977/3977/2077 4265/4265/2024 4264/4264/2024 
f 4268/4268/2022 4269/4269/2022 3979/3979/1917 3978/3978/1917 
f 3911/3911/2027 4270/4270/2310 3972/3972/2073 3784/3784/1912 
f 3928/3928/2037 4277/4277/2317 4278/4278/2318 3927/3927/2036 
f 3975/3975/2075 4262/4262/2308 4270/4270/2310 3980/3980/2078 
f 4281/4281/2321 3910/3910/2026 3786/3786/1914 3981/3981/2079 
f 4271/4271/2311 4272/4272/2312 4274/4274/2314 4273/4273/2313 
f 4273/4273/2313 4274/4274/2314 4276/4276/2316 4275/4275/2315 
f 4275/4275/2315 4276/4276/2316 3974/3974/2074 3975/3975/2075 
f 4277/4277/2317 4271/4271/2311 4273/4273/2313 4278/4278/2318 
f 3927/3927/2036 4278/4278/2318 4279/4279/2319 3926/3926/2035 
f 4278/4278/2318 4273/4273/2313 4275/4275/2315 4279/4279/2319 
f 3926/3926/2035 4279/4279/2319 3980/3980/2078 3785/3785/1913 
f 3912/3912/2028 4284/4284/2324 3982/3982/2080 3793/3793/1919 
f 4279/4279/2319 4275/4275/2315 3975/3975/2075 3980/3980/2078 
f 3909/3909/2025 3910/3910/2026 4281/4281/2321 4280/4280/2320 
f 4286/4286/2326 4289/4289/2329 4282/4282/2322 4280/4280/2320 
f 4280/4280/2320 4281/4281/2321 4288/4288/2328 4286/4286/2326 
f 3914/3914/2030 4282/4282/2322 4283/4283/2323 3913/3913/2029 
f 3913/3913/2029 4283/4283/2323 4284/4284/2324 3912/3912/2028 
f 4280/4280/2320 4282/4282/2322 3914/3914/2030 3909/3909/2025 
f 4286/4286/2326 4288/4288/2328 4287/4287/2327 4285/4285/2325 
f 3923/3923/2033 4295/4295/2335 4296/4296/2336 3922/3922/2032 
f 4285/4285/2325 4290/4290/2330 4289/4289/2329 4286/4286/2326 
f 4309/4309/2349 3991/3991/2089 3795/5316/1921 3954/5309/2058 
f 4288/4288/2328 4281/4281/2321 3981/3981/2079 3984/3984/2082 
f 4282/4282/2322 4289/4289/2329 4291/4291/2331 4283/4283/2323 
f 4287/4287/2327 4288/4288/2328 3984/3984/2082 3983/3983/2081 
f 4283/4283/2323 4291/4291/2331 4293/4293/2333 4284/4284/2324 
f 4289/4289/2329 4290/4290/2330 4292/4292/2332 4291/4291/2331 
f 4291/4291/2331 4292/4292/2332 4294/4294/2334 4293/4293/2333 
f 4284/4284/2324 4293/4293/2333 3985/3985/2083 3982/3982/2080 
f 4293/4293/2333 4294/4294/2334 3986/3986/2084 3985/3985/2083 
f 3922/3922/2032 4296/4296/2336 4297/4297/2337 3921/3921/2031 
f 3987/3987/2085 4295/4295/2335 3923/3923/2033 3792/3792/1918 
f 3921/3921/2031 4297/4297/2337 3981/3981/2079 3786/3786/1914 
f 4295/4295/2335 4298/4298/2338 4300/4300/2340 4296/4296/2336 
f 3987/3987/2085 3792/3792/1918 3835/3835/1954 4135/4135/2205 
f 4296/4296/2336 4300/4300/2340 4302/4302/2342 4297/4297/2337 
f 4298/4298/2338 4299/4299/2339 4301/4301/2341 4300/4300/2340 
f 3989/3989/2087 4298/4298/2338 4295/4295/2335 3987/3987/2085 
f 4300/4300/2340 4301/4301/2341 4303/4303/2343 4302/4302/2342 
f 4297/4297/2337 4302/4302/2342 3984/3984/2082 3981/3981/2079 
f 3989/3989/2087 3988/3988/2086 4299/4299/2339 4298/4298/2338 
f 4302/4302/2342 4303/4303/2343 3983/3983/2081 3984/3984/2082 
f 4141/4141/2211 3988/3988/2086 3989/3989/2087 4138/4138/2208 
f 3989/3989/2087 3987/3987/2085 4135/4135/2205 4138/4138/2208 
f 3818/3818/1943 3789/3789/1917 3973/3973/1917 4101/4101/1943 
f 4304/4304/2344 3929/3929/2038 3793/5315/1919 3982/5308/2080 
f 4106/4106/1943 4101/4101/1943 3973/3973/1917 3978/3978/1917 
f 3978/3978/1917 3979/3979/1917 4109/4109/1943 4106/4106/1943 
f 3985/5307/2083 3986/5310/2084 4306/4306/2346 4305/4305/2345 
f 3956/5311/2060 3955/3955/2059 4308/4308/2348 4307/4307/2347 
f 4306/4306/2346 4272/4272/2312 4271/4271/2311 4305/4305/2345 
f 4308/4308/2348 4224/4224/2282 4223/4223/2281 4307/4307/2347 
f 4215/4215/2273 4252/4252/2301 4194/4194/2253 4205/4205/2264 
f 3843/3843/1962 3844/3844/1963 4061/4061/2149 4060/4060/2148 
f 3982/5308/2080 3985/5307/2083 4305/4305/2345 4304/4304/2344 
f 4153/4153/2221 4272/4272/2312 4306/4306/2346 4311/4311/2088 
f 3954/5309/2058 3956/5311/2060 4307/4307/2347 4309/4309/2349 
f 4229/4229/2287 3896/3896/2013 3991/3991/2089 4309/4309/2349 
f 4212/4212/2271 4213/4213/2271 4211/4211/2270 4208/4208/2267 
f 4277/4277/2317 4304/4304/2344 4305/4305/2345 4271/4271/2311 
f 4229/4229/2287 4309/4309/2349 4307/4307/2347 4223/4223/2281 
f 4213/4213/2271 3929/3929/2038 3928/3928/2037 4211/4211/2270 
f 4353/4353/2391 4321/5317/2359 3936/5314/2045 4310/4310/2089 
f 4340/4340/2378 4353/4353/2391 4310/4310/2089 4167/4167/2232 
f 3795/5316/1921 3991/3991/2089 4310/4310/2089 3936/5314/2045 
f 3991/3991/2089 3896/3896/2013 4167/4167/2232 4310/4310/2089 
f 4048/4048/2137 4047/4047/2136 4050/4050/2139 4051/4051/2140 
f 3936/3936/2045 4321/4321/2359 4348/4348/2386 4179/4179/2244 
f 4178/4178/2243 4349/4349/2387 4350/4350/2388 4177/4177/2242 
f 3925/3925/2034 4320/4320/2358 4326/4326/2364 4011/4011/2106 
f 3924/3924/1917 4319/4319/2357 4345/4345/2383 4176/4176/2241 
f 4175/4175/2240 4346/4346/2384 4347/4347/2385 4174/4174/2239 
f 3905/3905/2021 4318/4318/2356 4342/4342/2380 4173/4173/2238 
f 4172/4172/2237 4343/4343/2381 4344/4344/2382 4171/4171/2236 
f 3904/3904/1910 4317/4317/2355 4341/4341/2379 4170/4170/2235 
f 3902/3902/2019 4316/4316/2354 4338/4338/2376 4169/4169/2234 
f 4168/4168/2233 4339/4339/2377 4340/4340/2378 4167/4167/2232 
f 4169/4169/2234 4338/4338/2376 4339/4339/2377 4168/4168/2233 
f 4173/4173/2238 4342/4342/2380 4343/4343/2381 4172/4172/2237 
f 4176/4176/2241 4345/4345/2383 4346/4346/2384 4175/4175/2240 
f 4179/4179/2244 4348/4348/2386 4349/4349/2387 4178/4178/2243 
f 4159/4159/2227 4177/4177/2242 4350/4350/2388 4351/4351/2389 
f 3846/3846/1965 4315/4315/2353 4337/4337/2375 4150/4150/2000 
f 3999/3999/2097 4000/4000/2098 4335/4335/2373 4336/4336/2374 
f 4000/4000/2098 3817/3817/1942 4314/4314/2352 4335/4335/2373 
f 4018/4018/2113 4333/4333/2371 4334/4334/2372 4019/4019/2114 
f 4017/4017/2112 4332/4332/2370 4333/4333/2371 4018/4018/2113 
f 3816/3816/1898 4313/4313/2351 4329/4329/2367 4014/4014/2109 
f 4015/4015/2110 4330/4330/2368 4331/4331/2369 4016/4016/2111 
f 4014/4014/2109 4329/4329/2367 4330/4330/2368 4015/4015/2110 
f 4012/4012/2107 4327/4327/2365 4328/4328/2366 4013/4013/2108 
f 4011/4011/2106 4326/4326/2364 4327/4327/2365 4012/4012/2107 
f 4008/4008/2103 4323/4323/2361 4324/4324/2362 4009/4009/2104 
f 4007/4007/2102 4322/4322/2360 4323/4323/2361 4008/4008/2103 
f 3814/3814/1940 4312/4312/2350 4325/4325/2363 4010/4010/2105 
f 3999/3999/2097 4336/4336/2374 4332/4332/2370 4017/4017/2112 
f 4134/4134/2204 3881/3881/1998 3849/3849/1967 4006/4006/2101 
f 4580/4580/2220 4691/4691/2309 4459/4459/2074 4403/4403/2020 
f 4399/4399/2016 4400/4400/2017 4587/4587/2227 4588/4588/2228 
f 4734/4734/2346 4469/4469/2084 4437/4437/2048 4739/4739/2088 
f 4702/4702/2312 4581/4581/2221 4582/4582/2222 4703/4703/2314 
f 4703/4703/2314 4582/4582/2222 4583/4583/2223 4704/4704/2316 
f 4729/4729/2445 4576/4576/2424 4528/4528/2416 4584/4584/2426 
f 4729/4729/2445 4584/4584/2426 4585/4585/2225 4730/4730/2341 
f 4730/4730/2341 4585/4585/2225 4586/4586/2226 4731/4731/2343 
f 4588/4588/2228 4405/4405/2021 4359/4359/1911 4399/4399/2016 
f 4385/4385/2002 4608/4608/2245 4609/4609/2246 4386/4386/2003 
f 4713/4713/2325 4608/4608/2245 4592/4592/2229 4720/4720/2330 
f 4462/4462/2077 4435/4435/1907 4589/4589/2024 4695/4695/2024 
f 4695/4695/2024 4589/4589/2024 4590/4590/2023 4696/4696/2023 
f 4609/4609/2246 4608/4608/2245 4713/4713/2325 4714/4714/2327 
f 4696/4696/2023 4590/4590/2023 4591/4591/2400 4697/4697/2400 
f 4720/4720/2330 4592/4592/2229 4593/4593/2230 4721/4721/2332 
f 4721/4721/2332 4593/4593/2230 4594/4594/2231 4722/4722/2334 
f 4640/4640/2271 4636/4636/2435 4654/4654/2282 4736/4736/2348 
f 4587/4587/2227 4400/4400/2017 4431/4431/2042 4605/4605/2429 
f 4912/4912/2376 4597/4597/2234 4402/4402/2019 4900/4900/2354 
f 4398/4398/2015 4357/4357/1909 4402/4402/2019 4597/4597/2234 
f 4397/4397/2014 4398/4398/2015 4597/4597/2234 4596/4596/2233 
f 4396/4396/2013 4397/4397/2014 4596/4596/2233 4595/4595/2232 
f 4913/4913/2379 4598/4598/2235 4404/4404/1910 4901/4901/2355 
f 4401/4401/2018 4358/4358/1910 4404/4404/1910 4598/4598/2235 
f 4598/4598/2235 4402/4402/2019 4357/4357/1909 4401/4401/2018 
f 4916/4916/2380 4601/4601/2238 4405/4405/2021 4902/4902/2356 
f 4395/4395/2012 4359/4359/1911 4405/4405/2021 4601/4601/2238 
f 4394/4394/2011 4395/4395/2012 4601/4601/2238 4600/4600/2237 
f 4393/4393/2399 4394/4394/2011 4600/4600/2237 4599/4599/2427 
f 4358/4358/1910 4418/4418/2024 4602/4602/2239 4404/4404/1910 
f 4419/4419/2023 4420/4420/2400 4604/4604/2428 4603/4603/2240 
f 4418/4418/2024 4419/4419/2023 4603/4603/2240 4602/4602/2239 
f 4385/4385/2002 4428/4428/2039 4592/4592/2229 4608/4608/2245 
f 4922/4922/2386 4607/4607/2430 4434/4434/2045 4903/4903/2359 
f 4433/4433/2404 4365/4365/1921 4434/4434/2045 4607/4607/2430 
f 4432/4432/2043 4433/4433/2404 4607/4607/2430 4606/4606/2243 
f 4431/4431/2042 4432/4432/2043 4606/4606/2243 4605/4605/2429 
f 4428/4428/2039 4429/4429/2040 4593/4593/2230 4592/4592/2229 
f 4429/4429/2040 4430/4430/2041 4594/4594/2231 4593/4593/2230 
f 4594/4594/2231 4430/4430/2041 4364/4364/1920 4437/4437/2048 
f 4415/4415/2024 4416/4416/2023 4590/4590/2023 4589/4589/2024 
f 4416/4416/2023 4417/4417/2400 4591/4591/2400 4590/4590/2023 
f 4355/4355/1907 4415/4415/2024 4589/4589/2024 4435/4435/1907 
f 4769/4769/2116 4526/4526/1966 4571/4571/1995 4875/4875/2196 
f 4436/4436/2046 4609/4609/2246 4714/4714/2327 4466/4466/2081 
f 4386/4386/2003 4609/4609/2246 4436/4436/2046 4356/4356/1908 
f 4691/4691/2309 4580/4580/2220 4435/4435/1907 4462/4462/2077 
f 4580/4580/2220 4384/4384/2001 4355/4355/1907 4435/4435/1907 
f 4387/4387/2398 4388/4388/2005 4585/4585/2225 4584/4584/2426 
f 4388/4388/2005 4389/4389/2006 4586/4586/2226 4585/4585/2225 
f 4586/4586/2226 4389/4389/2006 4356/4356/1908 4436/4436/2046 
f 4390/4390/2007 4391/4391/2008 4582/4582/2222 4581/4581/2221 
f 4391/4391/2008 4392/4392/2009 4583/4583/2223 4582/4582/2222 
f 4583/4583/2223 4392/4392/2009 4354/4354/1906 4403/4403/2020 
f 4441/4441/2051 4617/4617/2248 4610/4610/2431 4439/4439/2050 
f 4354/4354/1906 4384/4384/2001 4580/4580/2220 4403/4403/2020 
f 4638/4638/2269 4637/4637/2268 4634/4634/2265 4635/4635/2266 
f 4619/4619/2250 4618/4618/2249 4623/4623/2254 4624/4624/2255 
f 4629/4629/2260 4628/4628/2259 4631/4631/2434 4632/4632/2263 
f 4612/4612/2023 4611/4611/2400 4614/4614/2400 4615/4615/2023 
f 4622/4622/2253 4621/4621/2252 4626/4626/2257 4627/4627/2258 
f 4685/4685/2306 4610/4610/2431 4438/4438/2049 4456/4456/2071 
f 4654/4654/2282 4636/4636/2435 4635/4635/2266 4655/4655/2437 
f 4360/4360/1912 4440/4440/2049 4617/4617/2248 4411/4411/2027 
f 4438/4438/2049 4440/4440/2049 4613/4613/2024 4616/4616/2024 
f 4406/4406/2400 4611/4611/2400 4612/4612/2023 4407/4407/2023 
f 4407/4407/2023 4612/4612/2023 4613/4613/2024 4408/4408/2024 
f 4408/4408/2024 4613/4613/2024 4440/4440/2049 4360/4360/1912 
f 4641/4641/2271 4639/4639/2270 4636/4636/2435 4640/4640/2271 
f 4675/4675/2024 4616/4616/2024 4615/4615/2023 4676/4676/2023 
f 4676/4676/2023 4615/4615/2023 4614/4614/2400 4677/4677/2400 
f 4614/4614/2400 4534/4534/2395 4556/4556/2395 4677/4677/2400 
f 4450/4450/2405 4439/4439/2050 4610/4610/2431 4685/4685/2306 
f 4411/4411/2027 4617/4617/2248 4441/4441/2051 4361/4361/1913 
f 4623/4623/2254 4618/4618/2249 4442/4442/2052 4443/4443/2054 
f 4362/4362/1914 4442/4442/2052 4618/4618/2249 4421/4421/2031 
f 4421/4421/2031 4618/4618/2249 4619/4619/2250 4422/4422/2032 
f 4422/4422/2032 4619/4619/2250 4620/4620/2432 4423/4423/2402 
f 4645/4645/2273 4633/4633/2264 4632/4632/2263 4646/4646/2275 
f 4630/4630/2261 4629/4629/2260 4632/4632/2263 4633/4633/2264 
f 4626/4626/2257 4621/4621/2252 4443/4443/2054 4442/4442/2052 
f 4621/4621/2252 4622/4622/2253 4680/4680/2301 4681/4681/2303 
f 4613/4613/2024 4612/4612/2023 4615/4615/2023 4616/4616/2024 
f 4630/4630/2261 4633/4633/2264 4622/4622/2253 4627/4627/2258 
f 4667/4667/2296 4624/4624/2255 4623/4623/2254 4668/4668/2298 
f 4668/4668/2298 4623/4623/2254 4443/4443/2054 4454/4454/2069 
f 4443/4443/2054 4621/4621/2252 4681/4681/2303 4454/4454/2069 
f 4626/4626/2257 4410/4410/2401 4409/4409/2025 4627/4627/2258 
f 4414/4414/2030 4630/4630/2261 4627/4627/2258 4409/4409/2025 
f 4442/4442/2052 4362/4362/1914 4410/4410/2401 4626/4626/2257 
f 4631/4631/2434 4628/4628/2259 4444/4444/2056 4445/4445/2057 
f 4363/4363/2392 4444/4444/2056 4628/4628/2259 4412/4412/2028 
f 4412/4412/2028 4628/4628/2259 4629/4629/2260 4413/4413/2029 
f 4413/4413/2029 4629/4629/2260 4630/4630/2261 4414/4414/2030 
f 4438/4438/2049 4610/4610/2431 4617/4617/2248 4440/4440/2049 
f 4646/4646/2275 4632/4632/2263 4631/4631/2434 4647/4647/2436 
f 4647/4647/2436 4631/4631/2434 4445/4445/2057 4447/4447/2059 
f 4447/4447/2059 4445/4445/2057 4640/4640/2271 4736/4736/2348 
f 4439/4439/2050 4634/4634/2265 4637/4637/2268 4441/4441/2051 
f 4444/4444/2056 4641/4641/2271 4640/4640/2271 4445/4445/2057 
f 4655/4655/2437 4635/4635/2266 4634/4634/2265 4656/4656/2286 
f 4656/4656/2286 4634/4634/2265 4439/4439/2050 4450/4450/2405 
f 4731/4731/2343 4586/4586/2226 4436/4436/2046 4466/4466/2081 
f 4620/4620/2432 4619/4619/2250 4624/4624/2255 4625/4625/2433 
f 4361/4361/1913 4441/4441/2051 4637/4637/2268 4424/4424/2035 
f 4424/4424/2035 4637/4637/2268 4638/4638/2269 4425/4425/2036 
f 4425/4425/2036 4638/4638/2269 4639/4639/2270 4426/4426/2037 
f 4798/4798/2139 4799/4799/2140 4796/4796/2455 4795/4795/2136 
f 4427/4427/2403 4641/4641/2271 4444/4444/2056 4363/4363/2392 
f 4471/4471/2089 4737/4737/2349 4657/4657/2287 4396/4396/2013 
f 4581/4581/2221 4739/4739/2088 4470/4470/2088 4390/4390/2007 
f 4657/4657/2287 4737/4737/2349 4735/4735/2446 4651/4651/2281 
f 4642/4642/2272 4645/4645/2273 4646/4646/2275 4643/4643/2274 
f 4643/4643/2274 4646/4646/2275 4647/4647/2436 4644/4644/2276 
f 4644/4644/2276 4647/4647/2436 4447/4447/2059 4448/4448/2060 
f 4645/4645/2273 4642/4642/2272 4682/4682/2302 4680/4680/2301 
f 4682/4682/2302 4642/4642/2272 4648/4648/2278 4678/4678/2299 
f 4649/4649/2279 4648/4648/2278 4642/4642/2272 4643/4643/2274 
f 4432/4432/2043 4649/4649/2279 4650/4650/2280 4433/4433/2404 
f 4446/4446/2058 4365/4365/1921 4433/4433/2404 4650/4650/2280 
f 4650/4650/2280 4649/4649/2279 4643/4643/2274 4644/4644/2276 
f 4446/4446/2058 4650/4650/2280 4644/4644/2276 4448/4448/2060 
f 4396/4396/2013 4657/4657/2287 4658/4658/2288 4397/4397/2014 
f 4401/4401/2018 4686/4686/2307 4455/4455/2070 4358/4358/1910 
f 4651/4651/2281 4654/4654/2282 4655/4655/2437 4652/4652/2283 
f 4652/4652/2283 4655/4655/2437 4656/4656/2286 4653/4653/2285 
f 4653/4653/2285 4656/4656/2286 4450/4450/2405 4449/4449/2061 
f 4658/4658/2288 4657/4657/2287 4651/4651/2281 4652/4652/2283 
f 4397/4397/2014 4658/4658/2288 4659/4659/2289 4398/4398/2015 
f 4357/4357/1909 4398/4398/2015 4659/4659/2289 4451/4451/2063 
f 4659/4659/2289 4658/4658/2288 4652/4652/2283 4653/4653/2285 
f 4451/4451/2063 4659/4659/2289 4653/4653/2285 4449/4449/2061 
f 4393/4393/2399 4660/4660/2438 4661/4661/2291 4394/4394/2011 
f 4394/4394/2011 4661/4661/2291 4662/4662/2292 4395/4395/2012 
f 4359/4359/1911 4395/4395/2012 4662/4662/2292 4452/4452/2067 
f 4418/4418/2024 4669/4669/2024 4670/4670/2023 4419/4419/2023 
f 4661/4661/2291 4660/4660/2438 4663/4663/2439 4664/4664/2295 
f 4662/4662/2292 4661/4661/2291 4664/4664/2295 4665/4665/2297 
f 4452/4452/2067 4662/4662/2292 4665/4665/2297 4453/4453/2068 
f 4663/4663/2439 4666/4666/2440 4667/4667/2296 4664/4664/2295 
f 4664/4664/2295 4667/4667/2296 4668/4668/2298 4665/4665/2297 
f 4665/4665/2297 4668/4668/2298 4454/4454/2069 4453/4453/2068 
f 4419/4419/2023 4670/4670/2023 4671/4671/2400 4420/4420/2400 
f 4669/4669/2024 4418/4418/2024 4358/4358/1910 4455/4455/2070 
f 4679/4679/2300 4678/4678/2299 4400/4400/2017 4399/4399/2016 
f 4359/4359/1911 4452/4452/2067 4679/4679/2300 4399/4399/2016 
f 4670/4670/2023 4669/4669/2024 4672/4672/2024 4673/4673/2023 
f 4671/4671/2400 4670/4670/2023 4673/4673/2023 4674/4674/2400 
f 4672/4672/2024 4675/4675/2024 4676/4676/2023 4673/4673/2023 
f 4673/4673/2023 4676/4676/2023 4677/4677/2400 4674/4674/2400 
f 4669/4669/2024 4455/4455/2070 4457/4457/2072 4672/4672/2024 
f 4457/4457/2072 4456/4456/2071 4675/4675/2024 4672/4672/2024 
f 4683/4683/2304 4682/4682/2302 4678/4678/2299 4679/4679/2300 
f 4678/4678/2299 4648/4648/2278 4431/4431/2042 4400/4400/2017 
f 4680/4680/2301 4682/4682/2302 4683/4683/2304 4681/4681/2303 
f 4452/4452/2067 4453/4453/2068 4683/4683/2304 4679/4679/2300 
f 4449/4449/2061 4450/4450/2405 4685/4685/2306 4684/4684/2441 
f 4681/4681/2303 4683/4683/2304 4453/4453/2068 4454/4454/2069 
f 4684/4684/2441 4685/4685/2306 4456/4456/2071 4457/4457/2072 
f 4684/4684/2441 4686/4686/2307 4451/4451/2063 4449/4449/2061 
f 4408/4408/2024 4687/4687/2024 4688/4688/2023 4407/4407/2023 
f 4455/4455/2070 4686/4686/2307 4684/4684/2441 4457/4457/2072 
f 4357/4357/1909 4451/4451/2063 4686/4686/2307 4401/4401/2018 
f 4460/4460/2075 4459/4459/2074 4691/4691/2309 4690/4690/2308 
f 4407/4407/2023 4688/4688/2023 4689/4689/2400 4406/4406/2400 
f 4687/4687/2024 4408/4408/2024 4360/4360/1912 4458/4458/2073 
f 4360/4360/1912 4411/4411/2027 4698/4698/2310 4458/4458/2073 
f 4690/4690/2308 4691/4691/2309 4462/4462/2077 4461/4461/2076 
f 4690/4690/2308 4698/4698/2310 4463/4463/2078 4460/4460/2075 
f 4666/4666/2440 4625/4625/2433 4624/4624/2255 4667/4667/2296 
f 4426/4426/2037 4705/4705/2317 4706/4706/2318 4425/4425/2036 
f 4688/4688/2023 4687/4687/2024 4692/4692/2024 4693/4693/2023 
f 4689/4689/2400 4688/4688/2023 4693/4693/2023 4694/4694/2400 
f 4692/4692/2024 4695/4695/2024 4696/4696/2023 4693/4693/2023 
f 4693/4693/2023 4696/4696/2023 4697/4697/2400 4694/4694/2400 
f 4687/4687/2024 4458/4458/2073 4461/4461/2076 4692/4692/2024 
f 4461/4461/2076 4462/4462/2077 4695/4695/2024 4692/4692/2024 
f 4458/4458/2073 4698/4698/2310 4690/4690/2308 4461/4461/2076 
f 4411/4411/2027 4361/4361/1913 4463/4463/2078 4698/4698/2310 
f 4464/4464/2079 4709/4709/2321 4410/4410/2401 4362/4362/1914 
f 4699/4699/2311 4702/4702/2312 4703/4703/2314 4700/4700/2313 
f 4700/4700/2313 4703/4703/2314 4704/4704/2316 4701/4701/2315 
f 4701/4701/2315 4704/4704/2316 4459/4459/2074 4460/4460/2075 
f 4706/4706/2318 4705/4705/2317 4699/4699/2311 4700/4700/2313 
f 4425/4425/2036 4706/4706/2318 4707/4707/2319 4424/4424/2035 
f 4463/4463/2078 4361/4361/1913 4424/4424/2035 4707/4707/2319 
f 4707/4707/2319 4706/4706/2318 4700/4700/2313 4701/4701/2315 
f 4460/4460/2075 4463/4463/2078 4707/4707/2319 4701/4701/2315 
f 4423/4423/2402 4723/4723/2442 4724/4724/2336 4422/4422/2032 
f 4709/4709/2321 4708/4708/2320 4409/4409/2025 4410/4410/2401 
f 4427/4427/2403 4363/4363/2392 4465/4465/2080 4732/4732/2344 
f 4716/4716/2328 4715/4715/2326 4708/4708/2320 4709/4709/2321 
f 4414/4414/2030 4710/4710/2322 4711/4711/2323 4413/4413/2029 
f 4713/4713/2325 4715/4715/2326 4716/4716/2328 4714/4714/2327 
f 4710/4710/2322 4708/4708/2320 4715/4715/2326 4717/4717/2329 
f 4413/4413/2029 4711/4711/2323 4712/4712/2324 4412/4412/2028 
f 4363/4363/2392 4412/4412/2028 4712/4712/2324 4465/4465/2080 
f 4710/4710/2322 4414/4414/2030 4409/4409/2025 4708/4708/2320 
f 4467/4467/2082 4716/4716/2328 4709/4709/2321 4464/4464/2079 
f 4714/4714/2327 4716/4716/2328 4467/4467/2082 4466/4466/2081 
f 4715/4715/2326 4713/4713/2325 4720/4720/2330 4717/4717/2329 
f 4711/4711/2323 4710/4710/2322 4717/4717/2329 4718/4718/2331 
f 4712/4712/2324 4711/4711/2323 4718/4718/2331 4719/4719/2333 
f 4465/4465/2080 4712/4712/2324 4719/4719/2333 4468/4468/2083 
f 4717/4717/2329 4720/4720/2330 4721/4721/2332 4718/4718/2331 
f 4718/4718/2331 4721/4721/2332 4722/4722/2334 4719/4719/2333 
f 4719/4719/2333 4722/4722/2334 4469/4469/2084 4468/4468/2083 
f 4422/4422/2032 4724/4724/2336 4725/4725/2337 4421/4421/2031 
f 4464/4464/2079 4362/4362/1914 4421/4421/2031 4725/4725/2337 
f 4427/4427/2403 4732/4732/2344 4705/4705/2317 4426/4426/2037 
f 4724/4724/2336 4723/4723/2442 4726/4726/2443 4727/4727/2340 
f 4725/4725/2337 4724/4724/2336 4727/4727/2340 4728/4728/2444 
f 4467/4467/2082 4464/4464/2079 4725/4725/2337 4728/4728/2444 
f 4726/4726/2443 4729/4729/2445 4730/4730/2341 4727/4727/2340 
f 4727/4727/2340 4730/4730/2341 4731/4731/2343 4728/4728/2444 
f 4728/4728/2444 4731/4731/2343 4466/4466/2081 4467/4467/2082 
f 4705/4705/2317 4732/4732/2344 4733/4733/2345 4699/4699/2311 
f 4468/4468/2083 4469/4469/2084 4734/4734/2346 4733/4733/2345 
f 4733/4733/2345 4734/4734/2346 4702/4702/2312 4699/4699/2311 
f 4622/4622/2253 4633/4633/2264 4645/4645/2273 4680/4680/2301 
f 4882/4882/2204 4574/4574/1998 4529/4529/1967 4754/4754/2101 
f 4733/4733/2345 4732/4732/2344 4465/4465/2080 4468/4468/2083 
f 4735/4735/2446 4736/4736/2348 4654/4654/2282 4651/4651/2281 
f 4448/4448/2060 4447/4447/2059 4736/4736/2348 4735/4735/2446 
f 4735/4735/2446 4737/4737/2349 4446/4446/2058 4448/4448/2060 
f 4365/4365/1921 4446/4446/2058 4737/4737/2349 4471/4471/2089 
f 4521/4521/1962 4522/4522/1963 4809/4809/2149 4808/4808/2148 
f 4581/4581/2221 4702/4702/2312 4734/4734/2346 4739/4739/2088 
f 4426/4426/2037 4639/4639/2270 4641/4641/2271 4427/4427/2403 
f 4364/4364/1920 4470/4470/2088 4739/4739/2088 4437/4437/2048 
f 4925/4925/2391 4738/4738/2089 4595/4595/2232 4910/4910/2378 
f 4738/4738/2089 4434/4434/2045 4365/4365/1921 4471/4471/2089 
f 4595/4595/2232 4738/4738/2089 4471/4471/2089 4396/4396/2013 
f 4740/4740/2090 4491/4491/1941 4562/4562/1988 4851/4851/2179 
f 4812/4812/2154 4814/4814/2456 4795/4795/2136 4796/4796/2455 
f 4549/4549/2421 4824/4824/2459 4785/4785/2454 4539/4539/2418 
f 4747/4747/2097 4488/4488/1938 4487/4487/1937 4748/4748/2098 
f 4479/4479/1929 4742/4742/2092 4743/4743/2093 4480/4480/1930 
f 4862/4862/2185 4864/4864/2186 4743/4743/2093 4742/4742/2092 
f 4860/4860/2184 4862/4862/2185 4742/4742/2092 4741/4741/2091 
f 4529/5290/1967 4574/5293/1998 4894/4894/2216 4899/4899/1999 
f 4476/4476/1926 4745/4745/2095 4746/4746/2096 4477/4477/1927 
f 4889/4889/2212 4891/4891/2213 4746/4746/2096 4745/4745/2095 
f 4887/4887/2464 4889/4889/2212 4745/4745/2095 4744/4744/2447 
f 4576/4576/2424 4887/4887/2464 4744/4744/2447 4528/4528/2416 
f 4558/4558/1985 4833/4833/1945 4776/4776/1945 4530/4530/1968 
f 4748/4748/2098 4487/4487/1937 4371/4371/1899 4493/4493/1942 
f 4591/4591/2400 4417/4417/2400 4378/4378/2395 4527/4527/2395 
f 4666/4666/2440 4549/4549/2421 4539/4539/2418 4625/4625/2433 
f 4504/4504/1944 4750/4750/1944 4751/4751/2408 4505/4505/2408 
f 4855/4855/1944 4857/4857/2408 4751/4751/2408 4750/4750/1944 
f 4853/4853/1945 4855/4855/1944 4750/4750/1944 4749/4749/1945 
f 4565/4565/1991 4853/4853/1945 4749/4749/1945 4525/4525/1895 
f 4752/4752/2099 4768/4768/2115 4873/4873/2195 4878/4878/2202 
f 4584/4584/2426 4528/4528/2416 4375/4375/2393 4387/4387/2398 
f 4456/4456/2071 4438/4438/2049 4616/4616/2024 4675/4675/2024 
f 4940/4940/2373 4939/4939/2374 4747/4747/2097 4748/4748/2098 
f 4768/4768/2115 4769/4769/2116 4875/4875/2196 4873/4873/2195 
f 4519/4519/1960 4753/4753/2100 4754/4754/2101 4520/4520/1961 
f 4880/4880/2203 4882/4882/2204 4754/4754/2101 4753/4753/2100 
f 4878/4878/2202 4880/4880/2203 4753/4753/2100 4752/4752/2099 
f 4857/4857/2408 4567/4567/2395 4527/4527/2395 4751/4751/2408 
f 4800/4800/2141 4896/4896/2218 4812/4812/2154 4796/4796/2455 
f 4369/4369/1897 4490/4490/1940 4758/4758/2105 4489/4489/1939 
f 4929/4929/2363 4758/4758/2105 4490/4490/1940 4904/4904/2350 
f 4484/4484/1934 4755/4755/2102 4756/4756/2103 4485/4485/1935 
f 4485/4485/1935 4756/4756/2103 4757/4757/2104 4486/4486/1936 
f 4486/4486/1936 4757/4757/2104 4490/4490/1940 4369/4369/1897 
f 4488/4488/1938 4747/4747/2097 4765/4765/2450 4521/4521/1962 
f 4489/4489/1939 4758/4758/2105 4492/4492/1898 4370/4370/1898 
f 4376/4376/2394 4513/4513/2412 4759/4759/2448 4481/4481/2407 
f 4481/4481/2407 4759/4759/2448 4760/4760/2107 4482/4482/1932 
f 4482/4482/1932 4760/4760/2107 4761/4761/2108 4483/4483/1933 
f 4483/4483/1933 4761/4761/2108 4493/4493/1942 4371/4371/1899 
f 4932/4932/2471 4759/4759/2448 4513/4513/2412 4908/4908/2468 
f 4919/4919/2470 4604/4604/2428 4512/4512/2395 4907/4907/2467 
f 4379/4379/2395 4512/4512/2395 4604/4604/2428 4420/4420/2400 
f 4370/4370/1898 4492/4492/1898 4762/4762/2109 4506/4506/1945 
f 4506/4506/1945 4762/4762/2109 4763/4763/2110 4507/4507/1944 
f 4507/4507/1944 4763/4763/2110 4764/4764/2449 4508/4508/2408 
f 4508/4508/2408 4764/4764/2449 4512/4512/2395 4379/4379/2395 
f 4935/4935/2367 4762/4762/2109 4492/4492/1898 4905/4905/2351 
f 4599/4599/2427 4513/4513/2412 4376/4376/2394 4393/4393/2399 
f 4521/4521/1962 4765/4765/2450 4766/4766/2113 4522/4522/1963 
f 4522/4522/1963 4766/4766/2113 4767/4767/2451 4523/4523/2414 
f 4523/4523/2414 4767/4767/2451 4524/4524/2415 4383/4383/1905 
f 4473/4473/1923 4768/4768/2115 4752/4752/2099 4518/4518/1959 
f 4906/4906/2352 4940/4940/2373 4748/4748/2098 4493/4493/1942 
f 4518/4518/1959 4752/4752/2099 4753/4753/2100 4519/4519/1960 
f 4382/4382/1904 4520/4520/1961 4754/4754/2101 4529/4529/1967 
f 4803/4803/2145 4805/4805/2146 4792/4792/2133 4793/4793/2134 
f 4503/4503/1945 4749/4749/1945 4750/4750/1944 4504/4504/1944 
f 4378/4378/2395 4505/4505/2408 4751/4751/2408 4527/4527/2395 
f 4749/4749/1945 4503/4503/1945 4367/4367/1895 4525/4525/1895 
f 4740/4740/2090 4472/4472/1922 4366/4366/1894 4491/4491/1941 
f 4769/4769/2116 4768/4768/2115 4473/4473/1923 4474/4474/1924 
f 4525/4525/1895 4740/4740/2090 4851/4851/2179 4565/4565/1991 
f 4526/4526/1966 4769/4769/2116 4474/4474/1924 4368/4368/1896 
f 4475/4475/2406 4744/4744/2447 4745/4745/2095 4476/4476/1926 
f 4368/4368/1896 4477/4477/1927 4746/4746/2096 4526/4526/1966 
f 4744/4744/2447 4475/4475/2406 4375/4375/2393 4528/4528/2416 
f 4478/4478/1928 4741/4741/2091 4742/4742/2092 4479/4479/1929 
f 4366/4366/1894 4480/4480/1930 4743/4743/2093 4491/4491/1941 
f 4367/4367/1895 4472/4472/1922 4740/4740/2090 4525/4525/1895 
f 4786/4786/2127 4781/4781/2122 4782/4782/2123 4787/4787/2128 
f 4530/4530/1968 4770/4770/2452 4845/4845/2176 4558/4558/1985 
f 4530/4530/1968 4533/4533/1968 4777/4777/2118 4770/4770/2452 
f 4776/4776/1945 4773/4773/1945 4533/4533/1968 4530/4530/1968 
f 4771/4771/2408 4772/4772/1944 4775/4775/1944 4774/4774/2408 
f 4377/4377/2395 4494/4494/2408 4771/4771/2408 4532/4532/2395 
f 4800/4800/2141 4801/4801/2141 4540/4540/1973 4541/4541/1974 
f 4532/4532/2395 4771/4771/2408 4774/4774/2408 4534/4534/2395 
f 4496/4496/1945 4372/4372/1900 4533/4533/1968 4773/4773/1945 
f 4495/4495/1944 4496/4496/1945 4773/4773/1945 4772/4772/1944 
f 4494/4494/2408 4495/4495/1944 4772/4772/1944 4771/4771/2408 
f 4864/4864/2186 4562/4562/1988 4491/4491/1941 4743/4743/2093 
f 4837/4837/2408 4556/4556/2395 4534/4534/2395 4774/4774/2408 
f 4835/4835/1944 4837/4837/2408 4774/4774/2408 4775/4775/1944 
f 4833/4833/1945 4835/4835/1944 4775/4775/1944 4776/4776/1945 
f 4499/4499/1948 4373/4373/1901 4535/4535/1970 4777/4777/2118 
f 4793/4793/2134 4790/4790/2131 4787/4787/2128 4782/4782/2123 
f 4777/4777/2118 4533/4533/1968 4372/4372/1900 4499/4499/1948 
f 4785/4785/2454 4780/4780/2453 4537/4537/2417 4539/4539/2418 
f 4778/4778/2119 4779/4779/2120 4784/4784/2125 4783/4783/2124 
f 4374/4374/1902 4509/4509/1952 4778/4778/2119 4536/4536/1971 
f 4537/4537/2417 4620/4620/2432 4625/4625/2433 4539/4539/2418 
f 4536/4536/1971 4778/4778/2119 4783/4783/2124 4538/4538/1972 
f 4511/4511/2411 4380/4380/2396 4537/4537/2417 4780/4780/2453 
f 4510/4510/1953 4511/4511/2411 4780/4780/2453 4779/4779/2120 
f 4509/4509/1952 4510/4510/1953 4779/4779/2120 4778/4778/2119 
f 4770/4770/2452 4531/4531/1969 4546/4546/2419 4845/4845/2176 
f 4782/4782/2123 4781/4781/2122 4842/4842/2172 4840/4840/2171 
f 4772/4772/1944 4773/4773/1945 4776/4776/1945 4775/4775/1944 
f 4536/4536/1971 4538/4538/1972 4781/4781/2122 4786/4786/2127 
f 4497/4497/1946 4498/4498/2409 4786/4786/2127 4787/4787/2128 
f 4781/4781/2122 4538/4538/1972 4553/4553/1983 4842/4842/2172 
f 4828/4828/2168 4553/4553/1983 4538/4538/1972 4783/4783/2124 
f 4826/4826/2167 4828/4828/2168 4783/4783/2124 4784/4784/2125 
f 4824/4824/2459 4826/4826/2167 4784/4784/2125 4785/4785/2454 
f 4536/4536/1971 4786/4786/2127 4498/4498/2409 4374/4374/1902 
f 4502/4502/1951 4497/4497/1946 4787/4787/2128 4790/4790/2131 
f 4540/5300/1973 4788/4788/2129 4791/4791/2132 4541/5299/1974 
f 4788/4788/2129 4789/4789/2130 4792/4792/2133 4791/4791/2132 
f 4381/4381/2397 4500/4500/1949 4788/4788/2129 4540/5300/1973 
f 4531/4531/1969 4770/4770/2452 4777/4777/2118 4535/4535/1970 
f 4501/4501/2410 4502/4502/1951 4790/4790/2131 4789/4789/2130 
f 4500/4500/1949 4501/4501/2410 4789/4789/2130 4788/4788/2129 
f 4800/4800/2141 4541/4541/1974 4543/4543/1976 4896/4896/2218 
f 4807/4807/2147 4543/5298/1976 4541/5299/1974 4791/4791/2132 
f 4805/4805/2146 4807/4807/2147 4791/4791/2132 4792/4792/2133 
f 4535/4535/1970 4797/4797/2138 4794/4794/2135 4531/4531/1969 
f 4797/4797/2138 4798/4798/2139 4795/4795/2136 4794/4794/2135 
f 4532/4532/2395 4534/4534/2395 4614/4614/2400 4611/4611/2400 
f 4591/4591/2400 4527/4527/2395 4567/4567/2395 4697/4697/2400 
f 4816/4816/2156 4546/4546/2419 4531/4531/1969 4794/4794/2135 
f 4814/4814/2456 4816/4816/2156 4794/4794/2135 4795/4795/2136 
f 4373/4373/1901 4514/4514/1955 4797/4797/2138 4535/4535/1970 
f 4515/4515/1956 4516/4516/1957 4799/4799/2140 4798/4798/2139 
f 4514/4514/1955 4515/4515/1956 4798/4798/2139 4797/4797/2138 
f 4789/4789/2130 4790/4790/2131 4793/4793/2134 4792/4792/2133 
f 4891/4891/2213 4571/4571/1995 4526/4526/1966 4746/4746/2096 
f 4380/4380/2396 4423/4423/2402 4620/4620/2432 4537/4537/2417 
f 4779/4779/2120 4780/4780/2453 4785/4785/2454 4784/4784/2125 
f 4704/4704/2316 4583/4583/2223 4403/4403/2020 4459/4459/2074 
f 4532/4532/2395 4611/4611/2400 4406/4406/2400 4377/4377/2395 
f 4741/4741/2091 4478/4478/1928 4578/4578/1999 4899/4899/1999 
f 4899/4899/1999 4578/4578/1999 4382/5292/1904 4529/5290/1967 
f 4517/4517/2413 4381/5295/2397 4540/4540/1973 4801/4801/2141 
f 4865/4865/2187 4892/4892/2214 4517/4517/2413 4516/4516/1957 
f 4802/4802/2142 4804/4804/2143 4805/4805/2146 4803/4803/2145 
f 4804/4804/2143 4806/4806/2144 4807/4807/2147 4805/4805/2146 
f 4808/4808/2148 4802/4802/2142 4841/4841/2173 4838/4838/2169 
f 4802/4802/2142 4803/4803/2145 4840/4840/2171 4841/4841/2173 
f 4806/4806/2144 4544/4544/1977 4543/5298/1976 4807/4807/2147 
f 4808/4808/2148 4809/4809/2149 4804/4804/2143 4802/4802/2142 
f 4522/4522/1963 4523/4523/2414 4810/4810/2150 4809/4809/2149 
f 4809/4809/2149 4810/4810/2150 4806/4806/2144 4804/4804/2143 
f 4523/4523/2414 4383/4383/1905 4542/4542/1975 4810/4810/2150 
f 4839/4839/2170 4551/4551/1981 4371/4371/1899 4487/4487/1937 
f 4810/4810/2150 4542/4542/1975 4544/4544/1977 4806/4806/2144 
f 4484/4484/1934 4485/4485/1935 4818/4818/2158 4817/4817/2157 
f 4811/4811/2151 4813/4813/2152 4814/4814/2456 4812/4812/2154 
f 4813/4813/2152 4815/4815/2153 4816/4816/2156 4814/4814/2456 
f 4815/4815/2153 4545/4545/1978 4546/4546/2419 4816/4816/2156 
f 4817/4817/2157 4818/4818/2158 4813/4813/2152 4811/4811/2151 
f 4485/4485/1935 4486/4486/1936 4819/4819/2159 4818/4818/2158 
f 4818/4818/2158 4819/4819/2159 4815/4815/2153 4813/4813/2152 
f 4486/4486/1936 4369/4369/1897 4547/4547/1980 4819/4819/2159 
f 4819/4819/2159 4547/4547/1980 4545/4545/1978 4815/4815/2153 
f 4481/4481/2407 4482/4482/1932 4821/4821/2161 4820/4820/2457 
f 4666/4666/2440 4663/4663/2439 4548/4548/2420 4549/4549/2421 
f 4482/4482/1932 4483/4483/1933 4822/4822/2162 4821/4821/2161 
f 4550/4550/2422 4376/4376/2394 4481/4481/2407 4820/4820/2457 
f 4483/4483/1933 4371/4371/1899 4551/4551/1981 4822/4822/2162 
f 4820/4820/2457 4821/4821/2161 4825/4825/2164 4823/4823/2458 
f 4550/4550/2422 4660/4660/2438 4393/4393/2399 4376/4376/2394 
f 4821/4821/2161 4822/4822/2162 4827/4827/2165 4825/4825/2164 
f 4823/4823/2458 4825/4825/2164 4826/4826/2167 4824/4824/2459 
f 4550/4550/2422 4820/4820/2457 4823/4823/2458 4548/4548/2420 
f 4825/4825/2164 4827/4827/2165 4828/4828/2168 4826/4826/2167 
f 4822/4822/2162 4551/4551/1981 4552/4552/1982 4827/4827/2165 
f 4548/4548/2420 4823/4823/2458 4824/4824/2459 4549/4549/2421 
f 4827/4827/2165 4552/4552/1982 4553/4553/1983 4828/4828/2168 
f 4548/4548/2420 4663/4663/2439 4660/4660/2438 4550/4550/2422 
f 4420/4420/2400 4671/4671/2400 4554/4554/2395 4379/4379/2395 
f 4506/4506/1945 4507/4507/1944 4830/4830/1944 4829/4829/1945 
f 4507/4507/1944 4508/4508/2408 4831/4831/2408 4830/4830/1944 
f 4555/4555/1984 4370/4370/1898 4506/4506/1945 4829/4829/1945 
f 4508/4508/2408 4379/4379/2395 4554/4554/2395 4831/4831/2408 
f 4674/4674/2400 4557/4557/2395 4554/4554/2395 4671/4671/2400 
f 4487/4487/1937 4488/4488/1938 4838/4838/2169 4839/4839/2170 
f 4488/4488/1938 4521/4521/1962 4808/4808/2148 4838/4838/2169 
f 4557/4557/2395 4674/4674/2400 4677/4677/2400 4556/4556/2395 
f 4829/4829/1945 4830/4830/1944 4834/4834/1944 4832/4832/1945 
f 4830/4830/1944 4831/4831/2408 4836/4836/2408 4834/4834/1944 
f 4832/4832/1945 4834/4834/1944 4835/4835/1944 4833/4833/1945 
f 4555/4555/1984 4829/4829/1945 4832/4832/1945 4559/4559/1986 
f 4834/4834/1944 4836/4836/2408 4837/4837/2408 4835/4835/1944 
f 4831/4831/2408 4554/4554/2395 4557/4557/2395 4836/4836/2408 
f 4559/4559/1986 4832/4832/1945 4833/4833/1945 4558/4558/1985 
f 4836/4836/2408 4557/4557/2395 4556/4556/2395 4837/4837/2408 
f 4838/4838/2169 4841/4841/2173 4843/4843/2174 4839/4839/2170 
f 4846/4846/2177 4547/4547/1980 4369/4369/1897 4489/4489/1939 
f 4841/4841/2173 4840/4840/2171 4842/4842/2172 4843/4843/2174 
f 4843/4843/2174 4552/4552/1982 4551/4551/1981 4839/4839/2170 
f 4842/4842/2172 4553/4553/1983 4552/4552/1982 4843/4843/2174 
f 4545/4545/1978 4844/4844/2460 4845/4845/2176 4546/4546/2419 
f 4845/4845/2176 4844/4844/2460 4559/4559/1986 4558/4558/1985 
f 4844/4844/2460 4846/4846/2177 4555/4555/1984 4559/4559/1986 
f 4489/4489/1939 4370/4370/1898 4555/4555/1984 4846/4846/2177 
f 4496/4496/1945 4495/4495/1944 4848/4848/1944 4847/4847/1945 
f 4547/4547/1980 4846/4846/2177 4844/4844/2460 4545/4545/1978 
f 4563/4563/1989 4850/4850/2178 4851/4851/2179 4562/4562/1988 
f 4495/4495/1944 4494/4494/2408 4849/4849/2408 4848/4848/1944 
f 4560/4560/1987 4372/4372/1900 4496/4496/1945 4847/4847/1945 
f 4494/4494/2408 4377/4377/2395 4561/4561/2395 4849/4849/2408 
f 4858/4858/2180 4568/4568/1992 4373/4373/1901 4499/4499/1948 
f 4851/4851/2179 4850/4850/2178 4564/4564/1990 4565/4565/1991 
f 4850/4850/2178 4858/4858/2180 4560/4560/1987 4564/4564/1990 
f 4847/4847/1945 4848/4848/1944 4854/4854/1944 4852/4852/1945 
f 4848/4848/1944 4849/4849/2408 4856/4856/2408 4854/4854/1944 
f 4852/4852/1945 4854/4854/1944 4855/4855/1944 4853/4853/1945 
f 4560/4560/1987 4847/4847/1945 4852/4852/1945 4564/4564/1990 
f 4854/4854/1944 4856/4856/2408 4857/4857/2408 4855/4855/1944 
f 4849/4849/2408 4561/4561/2395 4566/4566/2395 4856/4856/2408 
f 4564/4564/1990 4852/4852/1945 4853/4853/1945 4565/4565/1991 
f 4856/4856/2408 4566/4566/2395 4567/4567/2395 4857/4857/2408 
f 4499/4499/1948 4372/4372/1900 4560/4560/1987 4858/4858/2180 
f 4516/4516/1957 4515/4515/1956 4866/4866/2188 4865/4865/2187 
f 4563/4563/1989 4568/4568/1992 4858/4858/2180 4850/4850/2178 
f 4869/4869/2191 4569/4569/1993 4374/4374/1902 4498/4498/2409 
f 4859/4859/2181 4861/4861/2182 4862/4862/2185 4860/4860/2184 
f 4861/4861/2182 4863/4863/2183 4864/4864/2186 4862/4862/2185 
f 4863/4863/2183 4563/4563/1989 4562/4562/1988 4864/4864/2186 
f 4865/4865/2187 4866/4866/2188 4861/4861/2182 4859/4859/2181 
f 4515/4515/1956 4514/4514/1955 4867/4867/2189 4866/4866/2188 
f 4866/4866/2188 4867/4867/2189 4863/4863/2183 4861/4861/2182 
f 4514/4514/1955 4373/4373/1901 4568/4568/1992 4867/4867/2189 
f 4500/4500/1949 4381/4381/2397 4570/4570/1994 4872/4872/2194 
f 4867/4867/2189 4568/4568/1992 4563/4563/1989 4863/4863/2183 
f 4497/4497/1946 4868/4868/2190 4869/4869/2191 4498/4498/2409 
f 4874/4874/2197 4868/4868/2190 4870/4870/2192 4877/4877/2461 
f 4868/4868/2190 4874/4874/2197 4876/4876/2198 4869/4869/2191 
f 4502/4502/1951 4501/4501/2410 4871/4871/2193 4870/4870/2192 
f 4501/4501/2410 4500/4500/1949 4872/4872/2194 4871/4871/2193 
f 4868/4868/2190 4497/4497/1946 4502/4502/1951 4870/4870/2192 
f 4874/4874/2197 4873/4873/2195 4875/4875/2196 4876/4876/2198 
f 4511/4511/2411 4510/4510/1953 4884/4884/2206 4883/4883/2462 
f 4873/4873/2195 4874/4874/2197 4877/4877/2461 4878/4878/2202 
f 4897/4897/2219 4542/5291/1975 4383/5302/1905 4579/4579/2000 
f 4876/4876/2198 4572/4572/1996 4569/4569/1993 4869/4869/2191 
f 4870/4870/2192 4871/4871/2193 4879/4879/2200 4877/4877/2461 
f 4875/4875/2196 4571/4571/1995 4572/4572/1996 4876/4876/2198 
f 4871/4871/2193 4872/4872/2194 4881/4881/2201 4879/4879/2200 
f 4877/4877/2461 4879/4879/2200 4880/4880/2203 4878/4878/2202 
f 4879/4879/2200 4881/4881/2201 4882/4882/2204 4880/4880/2203 
f 4872/4872/2194 4570/4570/1994 4573/4573/1997 4881/4881/2201 
f 4881/4881/2201 4573/4573/1997 4574/4574/1998 4882/4882/2204 
f 4510/4510/1953 4509/4509/1952 4885/4885/2207 4884/4884/2206 
f 4575/4575/2423 4380/4380/2396 4511/4511/2411 4883/4883/2462 
f 4509/4509/1952 4374/4374/1902 4569/4569/1993 4885/4885/2207 
f 4883/4883/2462 4884/4884/2206 4888/4888/2209 4886/4886/2463 
f 4575/4575/2423 4723/4723/2442 4423/4423/2402 4380/4380/2396 
f 4884/4884/2206 4885/4885/2207 4890/4890/2465 4888/4888/2209 
f 4886/4886/2463 4888/4888/2209 4889/4889/2212 4887/4887/2464 
f 4577/4577/2425 4575/4575/2423 4883/4883/2462 4886/4886/2463 
f 4888/4888/2209 4890/4890/2465 4891/4891/2213 4889/4889/2212 
f 4885/4885/2207 4569/4569/1993 4572/4572/1996 4890/4890/2465 
f 4577/4577/2425 4886/4886/2463 4887/4887/2464 4576/4576/2424 
f 4890/4890/2465 4572/4572/1996 4571/4571/1995 4891/4891/2213 
f 4729/4729/2445 4726/4726/2443 4577/4577/2425 4576/4576/2424 
f 4577/4577/2425 4726/4726/2443 4723/4723/2442 4575/4575/2423 
f 4406/4406/2400 4689/4689/2400 4561/4561/2395 4377/4377/2395 
f 4892/4892/2214 4570/5296/1994 4381/5295/2397 4517/4517/2413 
f 4694/4694/2400 4566/4566/2395 4561/4561/2395 4689/4689/2400 
f 4566/4566/2395 4694/4694/2400 4697/4697/2400 4567/4567/2395 
f 4573/5294/1997 4893/4893/2215 4894/4894/2216 4574/5293/1998 
f 4544/5297/1977 4895/4895/2466 4896/4896/2218 4543/4543/1976 
f 4894/4894/2216 4893/4893/2215 4859/4859/2181 4860/4860/2184 
f 4896/4896/2218 4895/4895/2466 4811/4811/2151 4812/4812/2154 
f 4803/4803/2145 4793/4793/2134 4782/4782/2123 4840/4840/2171 
f 4431/4431/2042 4648/4648/2278 4649/4649/2279 4432/4432/2043 
f 4570/5296/1994 4892/4892/2214 4893/4893/2215 4573/5294/1997 
f 4741/4741/2091 4899/4899/1999 4894/4894/2216 4860/4860/2184 
f 4542/5291/1975 4897/4897/2219 4895/4895/2466 4544/5297/1977 
f 4817/4817/2157 4897/4897/2219 4579/4579/2000 4484/4484/1934 
f 4800/4800/2141 4796/4796/2455 4799/4799/2140 4801/4801/2141 
f 4865/4865/2187 4859/4859/2181 4893/4893/2215 4892/4892/2214 
f 4817/4817/2157 4811/4811/2151 4895/4895/2466 4897/4897/2219 
f 4801/4801/2141 4799/4799/2140 4516/4516/1957 4517/4517/2413 
f 4941/4941/2375 4898/4898/2000 4524/5301/2415 4909/4909/2353 
f 4928/4928/2360 4755/4755/2102 4898/4898/2000 4941/4941/2375 
f 4383/5302/1905 4524/5301/2415 4898/4898/2000 4579/4579/2000 
f 4579/4579/2000 4898/4898/2000 4755/4755/2102 4484/4484/1934 
f 4636/4636/2435 4639/4639/2270 4638/4638/2269 4635/4635/2266 
f 4524/4524/2415 4767/4767/2451 4936/4936/2372 4909/5303/2353 
f 4766/4766/2113 4765/4765/2450 4938/4938/2370 4937/4937/2371 
f 4513/4513/2412 4599/4599/2427 4914/4914/2469 4908/4908/2468 
f 4512/4512/2395 4764/4764/2449 4933/4933/2472 4907/4907/2467 
f 4763/4763/2110 4762/4762/2109 4935/4935/2367 4934/4934/2368 
f 4493/4493/1942 4761/4761/2108 4930/4930/2366 4906/4906/2352 
f 4760/4760/2107 4759/4759/2448 4932/4932/2471 4931/4931/2365 
f 4492/4492/1898 4758/4758/2105 4929/4929/2363 4905/4905/2351 
f 4490/4490/1940 4757/4757/2104 4926/4926/2362 4904/4904/2350 
f 4756/4756/2103 4755/4755/2102 4928/4928/2360 4927/4927/2361 
f 4757/4757/2104 4756/4756/2103 4927/4927/2361 4926/4926/2362 
f 4761/4761/2108 4760/4760/2107 4931/4931/2365 4930/4930/2366 
f 4764/4764/2449 4763/4763/2110 4934/4934/2368 4933/4933/2472 
f 4767/4767/2451 4766/4766/2113 4937/4937/2371 4936/4936/2372 
f 4747/4747/2097 4939/4939/2374 4938/4938/2370 4765/4765/2450 
f 4434/4434/2045 4738/4738/2089 4925/4925/2391 4903/4903/2359 
f 4587/4587/2227 4924/4924/2389 4923/4923/2390 4588/4588/2228 
f 4588/4588/2228 4923/4923/2390 4902/4902/2356 4405/4405/2021 
f 4606/4606/2243 4607/4607/2430 4922/4922/2386 4921/4921/2387 
f 4605/4605/2429 4606/4606/2243 4921/4921/2387 4920/4920/2388 
f 4404/4404/1910 4602/4602/2239 4917/4917/2385 4901/4901/2355 
f 4603/4603/2240 4604/4604/2428 4919/4919/2470 4918/4918/2384 
f 4602/4602/2239 4603/4603/2240 4918/4918/2384 4917/4917/2385 
f 4600/4600/2237 4601/4601/2238 4916/4916/2380 4915/4915/2381 
f 4599/4599/2427 4600/4600/2237 4915/4915/2381 4914/4914/2469 
f 4596/4596/2233 4597/4597/2234 4912/4912/2376 4911/4911/2377 
f 4595/4595/2232 4596/4596/2233 4911/4911/2377 4910/4910/2378 
f 4402/4402/2019 4598/4598/2235 4913/4913/2379 4900/4900/2354 
f 4587/4587/2227 4605/4605/2429 4920/4920/2388 4924/4924/2389 
f 4722/4722/2334 4594/4594/2231 4437/4437/2048 4469/4469/2084 
o Cube:002
s 0
f 4958/4958/2473 4959/4959/2473 4960/4960/2473 
f 4961/4961/2474 4962/4962/2474 4963/4963/2474 
f 4964/4964/2475 4965/4965/2475 4966/4966/2475 
f 4967/4967/2476 4968/4968/2476 4969/4969/2476 
f 4970/4970/2477 4971/4971/2477 4972/4972/2477 
f 4973/4973/2478 4974/4974/2478 4975/4975/2478 
f 4976/4976/2479 4977/4977/2479 4978/4978/2479 
f 4979/4979/2480 4980/4980/2480 4981/4981/2480 
f 4960/4960/2481 4957/4957/2481 4956/4956/2481 4958/4958/2481 
f 4958/4958/2482 4961/4961/2482 4963/4963/2482 4959/4959/2482 
f 4959/4959/2483 4964/4964/2483 4966/4966/2483 4960/4960/2483 
f 4969/4969/2484 4966/4966/2484 4965/4965/2484 4967/4967/2484 
f 4964/4964/2485 4970/4970/2485 4972/4972/2485 4965/4965/2485 
f 4975/4975/2486 4972/4972/2486 4971/4971/2486 4973/4973/2486 
f 4970/4970/2487 4963/4963/2487 4962/4962/2487 4971/4971/2487 
f 4974/4974/2488 4968/4968/2488 4967/4967/2488 4975/4975/2488 
f 4978/4978/2489 4974/4974/2489 4973/4973/2489 4976/4976/2489 
f 4977/4977/2490 4980/4980/2490 4979/4979/2490 4978/4978/2490 
f 4982/4982/2491 4977/4977/2491 4976/4976/2491 4983/4983/2491 
f 4984/4984/2492 4981/4981/2492 4980/4980/2492 4985/4985/2492 
f 4968/4968/2493 4979/4979/2493 4981/4981/2493 4969/4969/2493 
f 4954/4954/2494 4962/4962/2494 4961/4961/2494 4955/4955/2494 
f 4955/4955/2495 4961/4961/2495 4958/4958/2495 4956/4956/2495 
f 4943/4943/2496 4945/4945/2496 4962/4962/2496 4954/4954/2496 
f 4944/4944/2497 4942/4942/2497 4957/4957/2497 4960/4960/2497 
f 4970/4970/2498 4964/4964/2498 4959/4959/2498 4963/4963/2498 
f 4946/4946/2497 4944/4944/2497 4960/4960/2497 4966/4966/2497 
f 4945/4945/2496 4948/4948/2496 4971/4971/2496 4962/4962/2496 
f 4947/4947/2497 4946/4946/2497 4966/4966/2497 4969/4969/2497 
f 4965/4965/2499 4972/4972/2499 4975/4975/2499 4967/4967/2499 
f 4978/4978/2500 4979/4979/2500 4968/4968/2500 4974/4974/2500 
f 4951/4951/2497 4947/4947/2497 4969/4969/2497 4981/4981/2497 
f 4948/4948/2496 4949/4949/2496 4973/4973/2496 4971/4971/2496 
f 4949/4949/2496 4950/4950/2496 4976/4976/2496 4973/4973/2496 
f 4977/4977/2501 4982/4982/2501 4985/4985/2501 4980/4980/2501 
f 4950/4950/2496 4952/4952/2496 4983/4983/2496 4976/4976/2496 
f 4953/4953/2497 4951/4951/2497 4981/4981/2497 4984/4984/2497 
f 5002/5002/2474 5004/5004/2474 5003/5003/2474 
f 5005/5005/2502 5007/5007/2502 5006/5006/2502 
f 5008/5008/2503 5010/5010/2503 5009/5009/2503 
f 5011/5011/2478 5013/5013/2478 5012/5012/2478 
f 5014/5014/2504 5016/5016/2504 5015/5015/2504 
f 5017/5017/2505 5019/5019/2505 5018/5018/2505 
f 5020/5020/2506 5022/5022/2506 5021/5021/2506 
f 5023/5023/2507 5025/5025/2507 5024/5024/2507 
f 5004/5004/2508 5002/5002/2508 5000/5000/2508 5001/5001/2508 
f 5002/5002/2482 5003/5003/2482 5007/5007/2482 5005/5005/2482 
f 5003/5003/2487 5004/5004/2487 5010/5010/2487 5008/5008/2487 
f 5013/5013/2509 5011/5011/2509 5009/5009/2509 5010/5010/2509 
f 5008/5008/2510 5009/5009/2510 5016/5016/2510 5014/5014/2510 
f 5019/5019/2511 5017/5017/2511 5015/5015/2511 5016/5016/2511 
f 5014/5014/2483 5015/5015/2483 5006/5006/2483 5007/5007/2483 
f 5018/5018/2488 5019/5019/2488 5011/5011/2488 5012/5012/2488 
f 5022/5022/2512 5020/5020/2512 5017/5017/2512 5018/5018/2512 
f 5021/5021/2490 5022/5022/2490 5023/5023/2490 5024/5024/2490 
f 5026/5026/2492 5027/5027/2492 5020/5020/2492 5021/5021/2492 
f 5028/5028/2491 5029/5029/2491 5024/5024/2491 5025/5025/2491 
f 5012/5012/2489 5013/5013/2489 5025/5025/2489 5023/5023/2489 
f 4998/4998/2513 4999/4999/2513 5005/5005/2513 5006/5006/2513 
f 4999/4999/2495 5000/5000/2495 5002/5002/2495 5005/5005/2495 
f 4987/4987/2497 4998/4998/2497 5006/5006/2497 4989/4989/2497 
f 4988/4988/2496 5004/5004/2496 5001/5001/2496 4986/4986/2496 
f 5014/5014/2498 5007/5007/2498 5003/5003/2498 5008/5008/2498 
f 4990/4990/2496 5010/5010/2496 5004/5004/2496 4988/4988/2496 
f 4989/4989/2497 5006/5006/2497 5015/5015/2497 4992/4992/2497 
f 4991/4991/2496 5013/5013/2496 5010/5010/2496 4990/4990/2496 
f 5009/5009/2499 5011/5011/2499 5019/5019/2499 5016/5016/2499 
f 5022/5022/2500 5018/5018/2500 5012/5012/2500 5023/5023/2500 
f 4995/4995/2496 5025/5025/2496 5013/5013/2496 4991/4991/2496 
f 4992/4992/2497 5015/5015/2497 5017/5017/2497 4993/4993/2497 
f 4993/4993/2497 5017/5017/2497 5020/5020/2497 4994/4994/2497 
f 5021/5021/2501 5024/5024/2501 5029/5029/2501 5026/5026/2501 
f 4994/4994/2497 5020/5020/2497 5027/5027/2497 4996/4996/2497 
f 4997/4997/2496 5028/5028/2496 5025/5025/2496 4995/4995/2496 
o Cube:007
s 1
f 5175/5175/2659 5182/5182/2666 5184/5184/2668 5177/5177/2661 
f 5177/5177/2661 5184/5184/2668 5185/5185/2669 5176/5176/2660 
f 5176/5176/2660 5185/5185/2669 5183/5183/2667 5174/5174/2658 
f 5182/5182/2666 5186/5186/2670 5188/5188/2672 5184/5184/2668 
f 5184/5184/2668 5188/5188/2672 5189/5189/2673 5185/5185/2669 
f 5185/5185/2669 5189/5189/2673 5187/5187/2671 5183/5183/2667 
f 5186/5186/2670 5190/5190/2674 5192/5192/2676 5188/5188/2672 
f 5188/5188/2672 5192/5192/2676 5193/5193/2677 5189/5189/2673 
f 5189/5189/2673 5193/5193/2677 5191/5191/2675 5187/5187/2671 
f 5190/5190/2674 5194/5194/2678 5196/5196/2680 5192/5192/2676 
f 5192/5192/2676 5196/5196/2680 5197/5197/2681 5193/5193/2677 
f 5193/5193/2677 5197/5197/2681 5195/5195/2679 5191/5191/2675 
f 5194/5194/2678 5178/5178/2662 5180/5180/2664 5196/5196/2680 
f 5196/5196/2680 5180/5180/2664 5181/5181/2665 5197/5197/2681 
f 5197/5197/2681 5181/5181/2665 5179/5179/2663 5195/5195/2679 
f 5267/5267/2751 5250/5250/2734 5252/5252/2736 5269/5269/2753 
f 5269/5269/2753 5252/5252/2736 5253/5253/2737 5268/5268/2752 
f 5268/5268/2752 5253/5253/2737 5251/5251/2735 5266/5266/2750 
f 5263/5263/2747 5267/5267/2751 5269/5269/2753 5265/5265/2749 
f 5265/5265/2749 5269/5269/2753 5268/5268/2752 5264/5264/2748 
f 5264/5264/2748 5268/5268/2752 5266/5266/2750 5262/5262/2746 
f 5259/5259/2743 5263/5263/2747 5265/5265/2749 5261/5261/2745 
f 5261/5261/2745 5265/5265/2749 5264/5264/2748 5260/5260/2744 
f 5260/5260/2744 5264/5264/2748 5262/5262/2746 5258/5258/2742 
f 5255/5255/2739 5259/5259/2743 5261/5261/2745 5257/5257/2741 
f 5257/5257/2741 5261/5261/2745 5260/5260/2744 5256/5256/2740 
f 5256/5256/2740 5260/5260/2744 5258/5258/2742 5254/5254/2738 
f 5247/5247/2731 5255/5255/2739 5257/5257/2741 5249/5249/2733 
f 5249/5249/2733 5257/5257/2741 5256/5256/2740 5248/5248/2732 
f 5248/5248/2732 5256/5256/2740 5254/5254/2738 5246/5246/2730 
f 5223/5223/2707 5230/5230/2714 5232/5232/2716 5225/5225/2709 
f 5225/5225/2709 5232/5232/2716 5233/5233/2717 5224/5224/2708 
f 5224/5224/2708 5233/5233/2717 5231/5231/2715 5222/5222/2706 
f 5230/5230/2714 5234/5234/2718 5236/5236/2720 5232/5232/2716 
f 5232/5232/2716 5236/5236/2720 5237/5237/2721 5233/5233/2717 
f 5233/5233/2717 5237/5237/2721 5235/5235/2719 5231/5231/2715 
f 5234/5234/2718 5238/5238/2722 5240/5240/2724 5236/5236/2720 
f 5236/5236/2720 5240/5240/2724 5241/5241/2725 5237/5237/2721 
f 5237/5237/2721 5241/5241/2725 5239/5239/2723 5235/5235/2719 
f 5238/5238/2722 5242/5242/2726 5244/5244/2728 5240/5240/2724 
f 5240/5240/2724 5244/5244/2728 5245/5245/2729 5241/5241/2725 
f 5241/5241/2725 5245/5245/2729 5243/5243/2727 5239/5239/2723 
f 5242/5242/2726 5226/5226/2710 5228/5228/2712 5244/5244/2728 
f 5244/5244/2728 5228/5228/2712 5229/5229/2713 5245/5245/2729 
f 5245/5245/2729 5229/5229/2713 5227/5227/2711 5243/5243/2727 
f 5219/5219/2703 5202/5202/2686 5204/5204/2688 5221/5221/2705 
f 5221/5221/2705 5204/5204/2688 5205/5205/2689 5220/5220/2704 
f 5220/5220/2704 5205/5205/2689 5203/5203/2687 5218/5218/2702 
f 5215/5215/2699 5219/5219/2703 5221/5221/2705 5217/5217/2701 
f 5217/5217/2701 5221/5221/2705 5220/5220/2704 5216/5216/2700 
f 5216/5216/2700 5220/5220/2704 5218/5218/2702 5214/5214/2698 
f 5211/5211/2695 5215/5215/2699 5217/5217/2701 5213/5213/2697 
f 5213/5213/2697 5217/5217/2701 5216/5216/2700 5212/5212/2696 
f 5212/5212/2696 5216/5216/2700 5214/5214/2698 5210/5210/2694 
f 5207/5207/2691 5211/5211/2695 5213/5213/2697 5209/5209/2693 
f 5209/5209/2693 5213/5213/2697 5212/5212/2696 5208/5208/2692 
f 5208/5208/2692 5212/5212/2696 5210/5210/2694 5206/5206/2690 
f 5199/5199/2683 5207/5207/2691 5209/5209/2693 5201/5201/2685 
f 5201/5201/2685 5209/5209/2693 5208/5208/2692 5200/5200/2684 
f 5200/5200/2684 5208/5208/2692 5206/5206/2690 5198/5198/2682 
f 5103/5103/2587 5110/5110/2594 5112/5112/2596 5105/5105/2589 
f 5105/5105/2589 5112/5112/2596 5113/5113/2597 5104/5104/2588 
f 5104/5104/2588 5113/5113/2597 5111/5111/2595 5102/5102/2586 
f 5110/5110/2594 5114/5114/2598 5116/5116/2600 5112/5112/2596 
f 5112/5112/2596 5116/5116/2600 5117/5117/2601 5113/5113/2597 
f 5113/5113/2597 5117/5117/2601 5115/5115/2599 5111/5111/2595 
f 5114/5114/2598 5118/5118/2602 5120/5120/2604 5116/5116/2600 
f 5116/5116/2600 5120/5120/2604 5121/5121/2605 5117/5117/2601 
f 5117/5117/2601 5121/5121/2605 5119/5119/2603 5115/5115/2599 
f 5118/5118/2602 5122/5122/2606 5124/5124/2608 5120/5120/2604 
f 5120/5120/2604 5124/5124/2608 5125/5125/2609 5121/5121/2605 
f 5121/5121/2605 5125/5125/2609 5123/5123/2607 5119/5119/2603 
f 5122/5122/2606 5106/5106/2590 5108/5108/2592 5124/5124/2608 
f 5124/5124/2608 5108/5108/2592 5109/5109/2593 5125/5125/2609 
f 5125/5125/2609 5109/5109/2593 5107/5107/2591 5123/5123/2607 
f 5099/5099/2583 5082/5082/2566 5084/5084/2568 5101/5101/2585 
f 5101/5101/2585 5084/5084/2568 5085/5085/2569 5100/5100/2584 
f 5100/5100/2584 5085/5085/2569 5083/5083/2567 5098/5098/2582 
f 5095/5095/2579 5099/5099/2583 5101/5101/2585 5097/5097/2581 
f 5097/5097/2581 5101/5101/2585 5100/5100/2584 5096/5096/2580 
f 5096/5096/2580 5100/5100/2584 5098/5098/2582 5094/5094/2578 
f 5091/5091/2575 5095/5095/2579 5097/5097/2581 5093/5093/2577 
f 5093/5093/2577 5097/5097/2581 5096/5096/2580 5092/5092/2576 
f 5092/5092/2576 5096/5096/2580 5094/5094/2578 5090/5090/2574 
f 5087/5087/2571 5091/5091/2575 5093/5093/2577 5089/5089/2573 
f 5089/5089/2573 5093/5093/2577 5092/5092/2576 5088/5088/2572 
f 5088/5088/2572 5092/5092/2576 5090/5090/2574 5086/5086/2570 
f 5079/5079/2563 5087/5087/2571 5089/5089/2573 5081/5081/2565 
f 5081/5081/2565 5089/5089/2573 5088/5088/2572 5080/5080/2564 
f 5080/5080/2564 5088/5088/2572 5086/5086/2570 5078/5078/2562 
f 5127/5127/2611 5134/5134/2618 5136/5136/2620 5129/5129/2613 
f 5129/5129/2613 5136/5136/2620 5137/5137/2621 5128/5128/2612 
f 5128/5128/2612 5137/5137/2621 5135/5135/2619 5126/5126/2610 
f 5134/5134/2618 5138/5138/2622 5140/5140/2624 5136/5136/2620 
f 5136/5136/2620 5140/5140/2624 5141/5141/2625 5137/5137/2621 
f 5137/5137/2621 5141/5141/2625 5139/5139/2623 5135/5135/2619 
f 5138/5138/2622 5142/5142/2626 5144/5144/2628 5140/5140/2624 
f 5140/5140/2624 5144/5144/2628 5145/5145/2629 5141/5141/2625 
f 5141/5141/2625 5145/5145/2629 5143/5143/2627 5139/5139/2623 
f 5142/5142/2626 5146/5146/2630 5148/5148/2632 5144/5144/2628 
f 5144/5144/2628 5148/5148/2632 5149/5149/2633 5145/5145/2629 
f 5145/5145/2629 5149/5149/2633 5147/5147/2631 5143/5143/2627 
f 5146/5146/2630 5130/5130/2614 5132/5132/2616 5148/5148/2632 
f 5148/5148/2632 5132/5132/2616 5133/5133/2617 5149/5149/2633 
f 5149/5149/2633 5133/5133/2617 5131/5131/2615 5147/5147/2631 
f 5151/5151/2635 5158/5158/2642 5160/5160/2644 5153/5153/2637 
f 5153/5153/2637 5160/5160/2644 5161/5161/2645 5152/5152/2636 
f 5152/5152/2636 5161/5161/2645 5159/5159/2643 5150/5150/2634 
f 5158/5158/2642 5162/5162/2646 5164/5164/2648 5160/5160/2644 
f 5160/5160/2644 5164/5164/2648 5165/5165/2649 5161/5161/2645 
f 5161/5161/2645 5165/5165/2649 5163/5163/2647 5159/5159/2643 
f 5162/5162/2646 5166/5166/2650 5168/5168/2652 5164/5164/2648 
f 5164/5164/2648 5168/5168/2652 5169/5169/2653 5165/5165/2649 
f 5165/5165/2649 5169/5169/2653 5167/5167/2651 5163/5163/2647 
f 5166/5166/2650 5170/5170/2654 5172/5172/2656 5168/5168/2652 
f 5168/5168/2652 5172/5172/2656 5173/5173/2657 5169/5169/2653 
f 5169/5169/2653 5173/5173/2657 5171/5171/2655 5167/5167/2651 
f 5170/5170/2654 5154/5154/2638 5156/5156/2640 5172/5172/2656 
f 5172/5172/2656 5156/5156/2640 5157/5157/2641 5173/5173/2657 
f 5173/5173/2657 5157/5157/2641 5155/5155/2639 5171/5171/2655 
f 5078/5078/2562 5107/5107/2591 5109/5109/2593 5080/5080/2564 
f 5080/5080/2564 5109/5109/2593 5108/5108/2592 5081/5081/2565 
f 5081/5081/2565 5108/5108/2592 5106/5106/2590 5079/5079/2563 
f 5150/5150/2634 5083/5083/2567 5085/5085/2569 5152/5152/2636 
f 5152/5152/2636 5085/5085/2569 5084/5084/2568 5153/5153/2637 
f 5153/5153/2637 5084/5084/2568 5082/5082/2566 5151/5151/2635 
f 5102/5102/2586 5131/5131/2615 5133/5133/2617 5104/5104/2588 
f 5104/5104/2588 5133/5133/2617 5132/5132/2616 5105/5105/2589 
f 5105/5105/2589 5132/5132/2616 5130/5130/2614 5103/5103/2587 
f 5126/5126/2610 5155/5155/2639 5157/5157/2641 5128/5128/2612 
f 5128/5128/2612 5157/5157/2641 5156/5156/2640 5129/5129/2613 
f 5129/5129/2613 5156/5156/2640 5154/5154/2638 5127/5127/2611 
f 5246/5246/2730 5179/5179/2663 5181/5181/2665 5248/5248/2732 
f 5248/5248/2732 5181/5181/2665 5180/5180/2664 5249/5249/2733 
f 5249/5249/2733 5180/5180/2664 5178/5178/2662 5247/5247/2731 
f 5174/5174/2658 5203/5203/2687 5205/5205/2689 5176/5176/2660 
f 5176/5176/2660 5205/5205/2689 5204/5204/2688 5177/5177/2661 
f 5177/5177/2661 5204/5204/2688 5202/5202/2686 5175/5175/2659 
f 5198/5198/2682 5227/5227/2711 5229/5229/2713 5200/5200/2684 
f 5200/5200/2684 5229/5229/2713 5228/5228/2712 5201/5201/2685 
f 5201/5201/2685 5228/5228/2712 5226/5226/2710 5199/5199/2683 
f 5222/5222/2706 5251/5251/2735 5253/5253/2737 5224/5224/2708 
f 5224/5224/2708 5253/5253/2737 5252/5252/2736 5225/5225/2709 
f 5225/5225/2709 5252/5252/2736 5250/5250/2734 5223/5223/2707 
f 5079/5079/2563 5031/5031/2515 5035/5035/2519 5087/5087/2571 
f 5079/5079/2563 5106/5106/2590 5036/5036/2520 5031/5031/2515 
f 5086/5086/2570 5182/5182/2666 5175/5175/2659 5078/5078/2562 
f 5107/5107/2591 5078/5078/2562 5175/5175/2659 5202/5202/2686 
f 5099/5099/2583 5032/5032/2516 5030/5030/2514 5082/5082/2566 
f 5083/5083/2567 5178/5178/2662 5194/5194/2678 5098/5098/2582 
f 5151/5151/2635 5082/5082/2566 5030/5030/2514 5049/5049/2533 
f 5083/5083/2567 5150/5150/2634 5247/5247/2731 5178/5178/2662 
f 5087/5087/2571 5035/5035/2519 5034/5034/2518 5091/5091/2575 
f 5090/5090/2574 5186/5186/2670 5182/5182/2666 5086/5086/2570 
f 5091/5091/2575 5034/5034/2518 5033/5033/2517 5095/5095/2579 
f 5094/5094/2578 5190/5190/2674 5186/5186/2670 5090/5090/2574 
f 5095/5095/2579 5033/5033/2517 5032/5032/2516 5099/5099/2583 
f 5098/5098/2582 5194/5194/2678 5190/5190/2674 5094/5094/2578 
f 5131/5131/2615 5102/5102/2586 5199/5199/2683 5226/5226/2710 
f 5199/5199/2683 5102/5102/2586 5111/5111/2595 5207/5207/2691 
f 5041/5041/2525 5110/5110/2594 5103/5103/2587 5037/5037/2521 
f 5103/5103/2587 5130/5130/2614 5042/5042/2526 5037/5037/2521 
f 5036/5036/2520 5106/5106/2590 5122/5122/2606 5038/5038/2522 
f 5219/5219/2703 5123/5123/2607 5107/5107/2591 5202/5202/2686 
f 5207/5207/2691 5111/5111/2595 5115/5115/2599 5211/5211/2695 
f 5040/5040/2524 5114/5114/2598 5110/5110/2594 5041/5041/2525 
f 5211/5211/2695 5115/5115/2599 5119/5119/2603 5215/5215/2699 
f 5039/5039/2523 5118/5118/2602 5114/5114/2598 5040/5040/2524 
f 5215/5215/2699 5119/5119/2603 5123/5123/2607 5219/5219/2703 
f 5038/5038/2522 5122/5122/2606 5118/5118/2602 5039/5039/2523 
f 5155/5155/2639 5126/5126/2610 5223/5223/2707 5250/5250/2734 
f 5223/5223/2707 5126/5126/2610 5135/5135/2619 5230/5230/2714 
f 5127/5127/2611 5043/5043/2527 5047/5047/2531 5134/5134/2618 
f 5127/5127/2611 5154/5154/2638 5048/5048/2532 5043/5043/2527 
f 5146/5146/2630 5044/5044/2528 5042/5042/2526 5130/5130/2614 
f 5242/5242/2726 5147/5147/2631 5131/5131/2615 5226/5226/2710 
f 5230/5230/2714 5135/5135/2619 5139/5139/2623 5234/5234/2718 
f 5134/5134/2618 5047/5047/2531 5046/5046/2530 5138/5138/2622 
f 5234/5234/2718 5139/5139/2623 5143/5143/2627 5238/5238/2722 
f 5138/5138/2622 5046/5046/2530 5045/5045/2529 5142/5142/2626 
f 5238/5238/2722 5143/5143/2627 5147/5147/2631 5242/5242/2726 
f 5142/5142/2626 5045/5045/2529 5044/5044/2528 5146/5146/2630 
f 5247/5247/2731 5150/5150/2634 5159/5159/2643 5255/5255/2739 
f 5151/5151/2635 5049/5049/2533 5053/5053/2537 5158/5158/2642 
f 5170/5170/2654 5050/5050/2534 5048/5048/2532 5154/5154/2638 
f 5267/5267/2751 5171/5171/2655 5155/5155/2639 5250/5250/2734 
f 5255/5255/2739 5159/5159/2643 5163/5163/2647 5259/5259/2743 
f 5158/5158/2642 5053/5053/2537 5052/5052/2536 5162/5162/2646 
f 5259/5259/2743 5163/5163/2647 5167/5167/2651 5263/5263/2747 
f 5162/5162/2646 5052/5052/2536 5051/5051/2535 5166/5166/2650 
f 5263/5263/2747 5167/5167/2651 5171/5171/2655 5267/5267/2751 
f 5166/5166/2650 5051/5051/2535 5050/5050/2534 5170/5170/2654 
f 5054/5054/2538 5061/5061/2545 5203/5203/2687 5174/5174/2658 
f 5054/5054/2538 5174/5174/2658 5183/5183/2667 5056/5056/2540 
f 5059/5059/2543 5195/5195/2679 5179/5179/2663 5055/5055/2539 
f 5072/5072/2556 5055/5055/2539 5179/5179/2663 5246/5246/2730 
f 5056/5056/2540 5183/5183/2667 5187/5187/2671 5057/5057/2541 
f 5057/5057/2541 5187/5187/2671 5191/5191/2675 5058/5058/2542 
f 5058/5058/2542 5191/5191/2675 5195/5195/2679 5059/5059/2543 
f 5206/5206/2690 5062/5062/2546 5060/5060/2544 5198/5198/2682 
f 5060/5060/2544 5067/5067/2551 5227/5227/2711 5198/5198/2682 
f 5203/5203/2687 5061/5061/2545 5065/5065/2549 5218/5218/2702 
f 5210/5210/2694 5063/5063/2547 5062/5062/2546 5206/5206/2690 
f 5214/5214/2698 5064/5064/2548 5063/5063/2547 5210/5210/2694 
f 5218/5218/2702 5065/5065/2549 5064/5064/2548 5214/5214/2698 
f 5066/5066/2550 5073/5073/2557 5251/5251/2735 5222/5222/2706 
f 5066/5066/2550 5222/5222/2706 5231/5231/2715 5068/5068/2552 
f 5071/5071/2555 5243/5243/2727 5227/5227/2711 5067/5067/2551 
f 5068/5068/2552 5231/5231/2715 5235/5235/2719 5069/5069/2553 
f 5069/5069/2553 5235/5235/2719 5239/5239/2723 5070/5070/2554 
f 5070/5070/2554 5239/5239/2723 5243/5243/2727 5071/5071/2555 
f 5254/5254/2738 5074/5074/2558 5072/5072/2556 5246/5246/2730 
f 5251/5251/2735 5073/5073/2557 5077/5077/2561 5266/5266/2750 
f 5258/5258/2742 5075/5075/2559 5074/5074/2558 5254/5254/2738 
f 5262/5262/2746 5076/5076/2560 5075/5075/2559 5258/5258/2742 
f 5266/5266/2750 5077/5077/2561 5076/5076/2560 5262/5262/2746 
o Cube:008
s 0
f 5270/5270/2754 5271/5271/2754 5272/5272/2754 
f 5273/5273/2755 5274/5274/2755 5275/5275/2755 
f 5276/5276/2756 5277/5277/2756 5278/5278/2756 
f 5279/5279/2757 5280/5280/2757 5281/5281/2757 
f 5275/5275/2758 5271/5271/2758 5270/5270/2758 5273/5273/2758 
f 5271/5271/2759 5277/5277/2759 5276/5276/2759 5272/5272/2759 
f 5274/5274/2760 5279/5279/2760 5281/5281/2760 5275/5275/2760 
f 5280/5280/2761 5278/5278/2761 5277/5277/2761 5281/5281/2761 
f 5278/5278/2762 5287/5287/2762 5286/5286/2762 5276/5276/2762 
f 5288/5288/2763 5280/5280/2763 5279/5279/2763 5289/5289/2763 
f 5272/5272/2764 5285/5285/2764 5284/5284/2764 5270/5270/2764 
f 5282/5282/2765 5274/5274/2765 5273/5273/2765 5283/5283/2765 
f 5270/5270/2766 5284/5284/2766 5283/5283/2766 5273/5273/2766 
f 5277/5277/2767 5271/5271/2767 5275/5275/2767 5281/5281/2767 
f 5276/5276/2768 5286/5286/2768 5285/5285/2768 5272/5272/2768 
f 5274/5274/2769 5282/5282/2769 5289/5289/2769 5279/5279/2769 
f 5280/5280/2770 5288/5288/2770 5287/5287/2770 5278/5278/2770 
#end 4871 faces

#ZOMPROPERTIES_04{
#ZOMPROPERTIES_04 table {Mesh table {SymPlane table {Point vector3d 0 0 0 Normal vector3d 1 0 0 Threshold double 0.01 
#ZOMPROPERTIES_04 Enabled bool false EdgeID int -1 SymEdgeID int -1 UPos double 0.5 LocalMode bool false } RootGroup C
#ZOMPROPERTIES_04 SubMeshGroup {Children table {Tile_0_0 CSubMeshGroup {Children table {} BBoxUV box3d 0 0 0 0 0 0 BBo
#ZOMPROPERTIES_04 x3D box3d 0 0 0 0 0 0 Area3D double 0 AreaUV double 0.797458 IsRoot bool false Properties table {Sel
#ZOMPROPERTIES_04 ected bool false Box box3d 0 1 0 1 0 1 U int 0 V int 0 NU int 0 NV int 0 Tiling vector3d 1 1 1 TileR
#ZOMPROPERTIES_04 atioMode string "1:1" Overflow string "Off" Pack table {BoxFrameEdit bool false Behavior string "Fre
#ZOMPROPERTIES_04 e" } } IsTile bool true PolyIDs ints { 1427 1714 1728 1729 1730 1731 1732 1733 1529 1527 1526 1525 1
#ZOMPROPERTIES_04 532 1533 1534 1521 1523 1524 1519 1518 1517 1448 1446 1447 1512 1516 1514 1565 1520 1522 1566 1537 1
#ZOMPROPERTIES_04 538 1539 1540 1541 1601 1554 1553 1536 1542 1551 1546 1543 1544 1609 1612 1583 1585 1586 1591 1590 1
#ZOMPROPERTIES_04 592 1606 1602 1610 1613 1599 1603 1605 1545 1614 1805 1604 1816 1806 1808 1810 1812 1491 1492 1493 1
#ZOMPROPERTIES_04 494 1495 1496 1497 1498 1499 1500 1501 1502 1503 1504 1505 1506 1507 1508 1509 1510 1564 1567 1570 1
#ZOMPROPERTIES_04 572 1573 1552 1550 1549 1548 1580 1582 1581 1579 1578 1577 1547 1576 1575 1574 1571 1555 1557 1556 1
#ZOMPROPERTIES_04 569 1560 1561 1563 1513 1562 1559 1558 1568 1511 1828 1584 1827 1587 1825 1824 1593 1595 1594 1596 1
#ZOMPROPERTIES_04 597 1598 1815 1814 1813 1811 1817 1818 1820 1819 1822 1821 1823 1826 1490 1489 1488 1487 1486 1485 1
#ZOMPROPERTIES_04 484 1483 1644 1641 1640 1643 1630 1632 1633 1620 1661 1600 1621 1622 1625 1627 1653 1654 1657 1666 1
#ZOMPROPERTIES_04 662 1667 1665 1623 1668 1669 1670 1671 1672 1673 1688 1687 1686 1684 1685 1715 1660 1675 1678 1680 1
#ZOMPROPERTIES_04 683 1699 1702 1703 1704 1464 1465 1466 1467 1468 1469 1470 1471 1472 1473 1474 1475 1476 1477 1478 1
#ZOMPROPERTIES_04 479 1480 1481 1482 1647 1646 1648 1626 1629 1649 1645 1650 1651 1652 1793 1655 1791 1658 1789 1790 1
#ZOMPROPERTIES_04 780 1779 1778 1777 1775 1774 1773 1776 1691 1689 1692 1693 1690 1696 1695 1694 1697 1698 1768 1769 1
#ZOMPROPERTIES_04 770 1771 1772 1781 1783 1782 1784 1786 1785 1788 1787 1664 1663 1792 1700 1701 1681 1679 1676 1682 1
#ZOMPROPERTIES_04 674 1659 1656 1624 1628 1619 1634 1635 1802 1617 1618 1616 1801 1800 1804 1799 1637 1638 1639 1636 1
#ZOMPROPERTIES_04 642 1794 1795 1796 1797 1798 1807 1809 1803 1615 1631 1607 1608 1589 1588 1611 1535 1515 1449 1450 1
#ZOMPROPERTIES_04 451 1452 1453 1454 1455 1456 1457 1458 1459 1460 1461 1462 1463 1705 1706 1709 1708 1707 1710 1716 1
#ZOMPROPERTIES_04 720 1721 1713 1717 1719 1677 1718 1753 1751 1723 1724 1749 1750 1725 1726 1727 1747 1748 1746 1745 1
#ZOMPROPERTIES_04 757 1755 1756 1758 1759 1764 1760 1761 1762 1765 1766 1763 1712 1754 1743 1752 1722 1711 1767 1744 1
#ZOMPROPERTIES_04 742 1735 1734 1737 1736 1738 1739 1741 1740 1531 1528 1530 2342 2629 2643 2445 2444 2644 2645 2646 2
#ZOMPROPERTIES_04 657 2650 2649 2367 2366 2652 2651 2654 2441 2440 2438 2448 2449 2450 2452 2453 2477 2481 2480 2478 2
#ZOMPROPERTIES_04 428 2426 2424 2362 2361 2363 2364 2365 2653 2655 2656 2433 2434 2439 2436 2435 2437 2430 2431 2427 2
#ZOMPROPERTIES_04 429 2432 2423 2422 2421 2484 2486 2489 2490 2493 2494 2495 2492 2464 2461 2466 2457 2451 2468 2467 2
#ZOMPROPERTIES_04 470 2487 2485 2472 2475 2482 2479 2476 2474 2473 2455 2456 2471 2469 2516 2454 2483 2425 2465 2488 2
#ZOMPROPERTIES_04 458 2459 2524 2526 2503 2500 2501 2504 2505 2522 2521 2507 2509 2510 2511 2512 2525 2528 2514 2518 2
#ZOMPROPERTIES_04 730 2513 2732 2729 2728 2727 2725 2724 2722 2719 2721 2731 2726 2519 2460 2529 2530 2718 2531 2532 2
#ZOMPROPERTIES_04 533 2534 2535 2576 2515 2536 2537 2540 2571 2577 2581 2582 2580 2538 2579 2694 2583 2584 2585 2586 2
#ZOMPROPERTIES_04 587 2588 2589 2630 2575 2590 2593 2594 2591 2596 2618 2619 2379 2380 2381 2382 2383 2384 2385 2386 2
#ZOMPROPERTIES_04 387 2388 2389 2390 2391 2392 2393 2394 2395 2396 2397 2398 2399 2400 2401 2402 2403 2404 2405 2712 2
#ZOMPROPERTIES_04 711 2710 2553 2554 2557 2551 2547 2548 2549 2545 2546 2544 2543 2539 2541 2542 2564 2563 2562 2561 2
#ZOMPROPERTIES_04 560 2565 2567 2568 2569 2570 2708 2566 2706 2573 2704 2578 2574 2705 2695 2693 2692 2690 2689 2688 2
#ZOMPROPERTIES_04 691 2606 2605 2603 2602 2601 2599 2600 2598 2614 2617 2615 2612 2613 2597 2609 2610 2608 2611 2607 2
#ZOMPROPERTIES_04 683 2604 2684 2685 2686 2687 2696 2698 2697 2699 2700 2701 2702 2703 2707 2558 2559 2555 2552 2550 2
#ZOMPROPERTIES_04 556 2709 2714 2717 2715 2713 2616 2595 2572 2716 2520 2720 2723 2406 2407 2408 2409 2410 2411 2412 2
#ZOMPROPERTIES_04 413 2414 2415 2416 2417 2496 2497 2743 2499 2742 2502 2740 2739 2508 2506 2736 2735 2734 2737 2738 2
#ZOMPROPERTIES_04 741 2733 2517 2523 2498 2527 2462 2463 2491 2418 2419 2420 2447 2446 2443 2442 2648 2368 2369 2370 2
#ZOMPROPERTIES_04 371 2372 2373 2374 2375 2376 2377 2378 2620 2682 2624 2623 2626 2625 2631 2635 2636 2628 2632 2678 2
#ZOMPROPERTIES_04 679 2669 2668 2666 2638 2639 2664 2665 2640 2641 2642 2662 2663 2661 2660 2670 2672 2658 2659 2667 2
#ZOMPROPERTIES_04 637 2592 2633 2634 2671 2673 2674 2675 2677 2676 2680 2627 2622 2621 2681 2647 222 799 813 615 614 8
#ZOMPROPERTIES_04 14 815 812 835 832 828 816 817 820 819 537 538 536 535 823 824 821 612 613 610 617 618 619 620 622 6
#ZOMPROPERTIES_04 23 647 651 650 648 646 649 652 655 657 658 661 635 637 638 639 640 642 641 626 686 625 624 644 643 6
#ZOMPROPERTIES_04 45 621 627 628 631 632 629 694 697 668 670 671 674 675 692 693 696 673 691 687 679 677 678 680 681 6
#ZOMPROPERTIES_04 82 695 698 684 688 690 630 699 890 689 901 891 893 895 894 574 575 573 572 571 570 727 724 723 879 8
#ZOMPROPERTIES_04 80 884 885 889 888 700 701 702 703 704 705 746 685 706 707 710 741 747 751 742 744 743 739 740 737 7
#ZOMPROPERTIES_04 36 564 565 566 567 568 569 729 728 725 717 721 722 720 719 718 715 716 714 711 712 734 735 733 732 7
#ZOMPROPERTIES_04 31 730 709 713 726 563 878 877 872 873 874 748 750 752 708 753 754 755 756 757 758 773 774 776 775 7
#ZOMPROPERTIES_04 71 772 759 800 745 760 763 764 761 766 788 787 786 550 551 552 553 554 555 556 557 558 559 560 869 8
#ZOMPROPERTIES_04 68 866 857 854 777 853 781 778 779 780 855 858 859 860 861 856 863 865 864 867 870 875 862 871 783 7
#ZOMPROPERTIES_04 82 769 768 765 767 784 785 549 789 770 749 561 562 876 738 887 886 883 882 881 892 576 577 578 579 5
#ZOMPROPERTIES_04 80 581 582 583 584 585 586 587 588 589 590 591 592 593 594 532 531 533 534 602 825 603 604 609 608 6
#ZOMPROPERTIES_04 11 606 605 607 600 599 598 596 597 601 826 595 653 654 656 659 660 663 664 665 667 666 662 633 913 6
#ZOMPROPERTIES_04 69 672 912 911 910 676 909 908 907 906 905 902 903 683 900 899 896 897 898 904 634 636 616 818 822 5
#ZOMPROPERTIES_04 39 540 541 542 543 544 545 546 547 548 790 852 794 793 792 795 801 805 806 804 762 807 808 836 838 8
#ZOMPROPERTIES_04 39 837 833 840 831 830 842 841 843 844 845 846 847 850 797 848 849 803 802 834 809 810 798 796 791 8
#ZOMPROPERTIES_04 51 829 827 811 4564 4573 4589 4576 4593 4579 4567 4584 4595 4600 4583 4571 4581 4594 4580 4570 4582 
#ZOMPROPERTIES_04 4598 4599 4597 4596 4577 4569 4591 4587 4585 4578 4592 4575 4590 4574 4588 4568 4566 4565 4586 4572 
#ZOMPROPERTIES_04 4601 4611 4603 4612 4630 4616 4604 4621 4631 4617 4607 4618 4635 4620 4637 4619 4636 4634 4633 4614 
#ZOMPROPERTIES_04 4605 4613 4615 4628 4624 4622 4623 4609 4602 4610 4626 4606 4608 4632 4629 4627 4625 914 1031 1039 1
#ZOMPROPERTIES_04 038 1024 1048 1036 1042 2746 1389 916 1347 1348 1351 1352 1355 1314 1338 1360 1364 1333 1334 1335 13
#ZOMPROPERTIES_04 28 1281 1312 1311 1336 1332 1331 1308 1313 1327 1358 1324 1353 1323 1354 1320 1349 1319 1322 1303 11
#ZOMPROPERTIES_04 97 1280 1021 1018 978 979 1022 918 919 920 1026 1035 1034 1001 1033 950 1193 1204 1196 1044 1032 104
#ZOMPROPERTIES_04 6 1053 1050 928 931 1421 1390 1393 1392 1300 1397 1376 1396 1365 1401 1382 1375 1299 1381 1361 1377 
#ZOMPROPERTIES_04 1406 1384 1379 1310 1337 1363 1329 1339 1342 1341 1316 1315 1294 1296 1291 1428 1437 981 1234 1129 1
#ZOMPROPERTIES_04 107 1126 1112 1128 1134 1133 1140 1139 1145 1138 1142 1144 1124 1154 1153 1159 1157 1160 1400 1436 1
#ZOMPROPERTIES_04 207 1184 1261 1290 1293 1292 1267 1259 1246 1272 993 968 999 998 1266 1263 1262 1003 997 1152 1150 9
#ZOMPROPERTIES_04 96 967 1148 1141 1143 991 988 1135 987 1137 990 989 1276 1275 985 986 1274 1301 983 1131 1132 984 98
#ZOMPROPERTIES_04 2 1273 1302 1297 1298 1172 1269 1270 1271 994 992 1265 1264 1194 1277 1289 1286 1309 1288 1258 1287 
#ZOMPROPERTIES_04 1282 1307 1306 1189 1278 1305 1326 1304 1268 1279 1250 1249 1016 1017 1014 1015 1178 1083 1180 1185 
#ZOMPROPERTIES_04 1179 1176 1028 1030 1019 1002 1025 1029 1191 1228 1183 1187 1186 1226 1177 1170 1230 1223 1217 1224 
#ZOMPROPERTIES_04 1222 1161 1163 1169 1165 1155 1006 1009 1255 1260 1257 1254 1253 1256 1251 1252 1012 1013 1010 1011 
#ZOMPROPERTIES_04 1173 1171 1166 1168 1175 1167 1174 1007 1008 1284 1283 1005 1004 1151 1146 1164 1162 1081 1231 1220 
#ZOMPROPERTIES_04 1149 1147 1221 1190 1156 1181 1229 1325 1285 1000 1106 1232 1218 1211 1233 1235 1215 1130 1136 1122 
#ZOMPROPERTIES_04 1208 1216 1236 1210 1237 1117 1121 1114 1115 1111 1109 1040 1027 1101 1238 1214 1213 1108 1110 1212 
#ZOMPROPERTIES_04 1209 1202 1239 1241 1089 1086 1093 1092 1091 1090 955 952 953 1439 1440 1441 1410 1411 1412 1380 138
#ZOMPROPERTIES_04 5 1368 1369 1370 1340 1343 1344 1345 1318 975 980 977 1127 1116 1120 1125 1119 1102 1118 1113 970 97
#ZOMPROPERTIES_04 1 976 973 972 969 942 1366 965 964 963 1103 1100 1104 1105 1097 1077 1098 1099 1095 1094 1096 959 96
#ZOMPROPERTIES_04 0 961 966 1415 1416 1388 1387 1417 1444 1443 962 957 956 958 1442 1445 1414 1372 1373 1371 974 1123 
#ZOMPROPERTIES_04 1374 1346 1317 1367 1413 1408 1383 1405 1434 1433 1357 1438 923 941 951 1080 1088 1084 1219 1062 107
#ZOMPROPERTIES_04 8 1079 1074 1069 1072 1041 1070 1158 1203 1242 1201 1200 1244 1199 1227 1245 1247 1195 1049 1052 105
#ZOMPROPERTIES_04 9 1055 1037 1058 1054 1056 1051 932 933 934 939 1422 1423 1426 1386 1430 1431 1435 1432 949 948 947 
#ZOMPROPERTIES_04 1073 1082 946 1076 1071 944 922 1075 1067 1060 1064 1068 1066 1061 1065 1057 1063 936 937 938 940 94
#ZOMPROPERTIES_04 3 1409 945 1402 1404 1295 1399 1398 1429 1403 1407 1424 1425 1420 1391 1419 1418 930 935 1394 1395 9
#ZOMPROPERTIES_04 29 1043 1182 1206 1198 1243 1205 1087 1085 954 1362 1359 1378 927 926 924 925 1045 1356 1047 1225 12
#ZOMPROPERTIES_04 40 1248 1188 1020 995 921 1023 1321 1350 917 1330 915 1192 1829 1832 1835 1834 1833 1941 1950 1949 1
#ZOMPROPERTIES_04 954 1946 1953 1939 1963 1951 1957 2747 2353 1831 2262 2263 2266 2269 2268 2240 2239 2236 2264 2235 2
#ZOMPROPERTIES_04 238 1836 1938 1937 1935 1934 1917 1958 2092 2095 2088 2084 2091 2142 2094 2093 2099 2090 1940 1945 1
#ZOMPROPERTIES_04 944 2105 2102 2162 2107 1838 2096 2132 2109 1959 1947 1961 1968 1967 1966 1965 1960 1840 1839 1842 2
#ZOMPROPERTIES_04 308 2307 2312 2291 2281 2293 2290 2086 2274 2276 2279 2248 2249 2252 2205 2230 2216 2231 2233 2213 2
#ZOMPROPERTIES_04 209 2217 1896 1900 2188 2187 2218 2214 2210 2212 2206 2191 2203 2200 2204 2175 2098 2171 2201 2172 2
#ZOMPROPERTIES_04 202 2199 2224 2195 2246 2275 2244 2273 2270 2243 2245 2241 2242 2221 2220 2237 2219 2183 1907 1906 1
#ZOMPROPERTIES_04 936 1933 2194 2163 2166 1932 1929 1926 1927 1928 1925 2085 2087 2080 2079 2083 2078 2075 2135 2137 2
#ZOMPROPERTIES_04 129 2136 2081 2065 1983 2144 2133 2063 2067 2066 2064 2145 2057 2039 2058 2060 1905 1892 1909 1910 1
#ZOMPROPERTIES_04 914 1913 2180 2177 2178 2179 2184 2110 2186 2190 2189 1904 1901 1902 1903 2053 2056 2055 2037 2054 2
#ZOMPROPERTIES_04 059 2047 2062 2068 2061 2128 2134 2104 2130 2123 2146 2148 2127 2120 2131 2149 2122 2150 2032 2025 2
#ZOMPROPERTIES_04 029 2036 2033 2028 2026 2030 2023 2125 2126 2151 2121 2115 2152 2154 2004 2002 2008 2007 2006 2005 1
#ZOMPROPERTIES_04 870 1873 1869 2355 2356 2327 2328 2294 2300 2226 2280 2283 2297 2326 2299 2323 2304 2354 2351 1867 2
#ZOMPROPERTIES_04 343 2352 1997 2153 2003 2157 2111 2119 2155 2114 1977 1994 1995 1990 1985 2116 2156 2072 2113 1981 1
#ZOMPROPERTIES_04 976 1979 1980 1972 2112 2158 2140 2159 2161 2108 1964 1970 1952 1973 1974 1971 1969 1848 1851 1852 1
#ZOMPROPERTIES_04 853 1857 2282 2302 2345 2347 2350 2319 2322 2295 2215 2318 2296 2232 2317 2314 2346 2344 2339 2340 2
#ZOMPROPERTIES_04 335 2336 1846 1845 1844 1847 1850 1849 2334 1854 2337 2333 1843 1841 2305 2306 2309 2310 2311 2313 2
#ZOMPROPERTIES_04 316 2338 2341 2321 2320 2349 2348 1862 1861 1989 1992 1987 1988 1991 1956 1984 1982 1855 1837 1858 1
#ZOMPROPERTIES_04 859 1863 1860 1864 1975 1978 1986 2001 1999 1955 2000 1993 2118 1868 2298 2324 2292 2277 2253 2285 2
#ZOMPROPERTIES_04 256 2257 2261 2260 2234 1894 1866 1865 1895 2147 2038 2022 2041 2027 2044 2050 2049 2043 2046 1897 2
#ZOMPROPERTIES_04 048 1898 2040 2034 2017 2035 2031 2042 1891 1888 1889 1890 1887 1885 1884 1886 1883 1856 2024 2015 2
#ZOMPROPERTIES_04 018 1878 1879 1880 2325 2303 2287 2288 2289 2258 2259 2286 2301 2332 2331 2330 1881 1876 1875 2009 2
#ZOMPROPERTIES_04 013 2020 2012 1996 2014 2010 2011 1874 1871 1872 2358 2359 2360 2357 1877 2329 2019 2016 1998 2284 1
#ZOMPROPERTIES_04 942 2124 2045 2052 2051 1899 2185 2173 2182 1908 2181 2211 1893 2207 2176 1918 2272 2117 1920 2174 1
#ZOMPROPERTIES_04 924 2169 2170 2167 2168 2197 2103 2196 2222 2223 2192 2198 2193 2160 2164 2165 1923 1921 1919 2069 2
#ZOMPROPERTIES_04 074 2021 2077 2076 2073 2071 1915 2315 1912 1911 2070 2082 1922 2089 1931 1930 2247 2251 2250 2228 2
#ZOMPROPERTIES_04 227 2225 2208 2229 2255 2278 2267 2254 2271 1962 2138 1948 1916 2141 2097 2101 1943 2100 2139 2143 2
#ZOMPROPERTIES_04 265 1830 2106 1882 0 2744 116 119 106 117 123 121 109 330 327 300 90 118 130 133 129 128 323 321 322
#ZOMPROPERTIES_04  328 236 266 325 250 324 268 320 318 136 135 140 144 24 12 20 141 138 131 132 137 134 120 17 18 506 
#ZOMPROPERTIES_04 505 487 460 461 445 465 471 470 469 475 446 449 418 370 422 424 425 428 431 430 401 67 66 402 403 39
#ZOMPROPERTIES_04 8 397 426 396 427 394 423 389 391 421 392 364 416 442 441 440 443 438 437 436 433 462 463 417 515 14
#ZOMPROPERTIES_04  486 4 13 108 1 11 2 223 110 3 435 404 407 376 379 243 335 338 101 88 100 91 32 107 99 111 115 114 1
#ZOMPROPERTIES_04 03 5 232 334 333 331 228 332 234 231 269 230 23 224 267 227 226 215 216 211 270 276 264 258 265 263 
#ZOMPROPERTIES_04 274 275 277 219 262 279 79 186 202 151 84 347 352 348 354 85 80 68 198 191 192 187 284 252 286 292 2
#ZOMPROPERTIES_04 56 206 255 293 251 296 253 297 298 254 247 299 167 127 164 168 48 146 43 56 60 59 64 429 63 51 62 18
#ZOMPROPERTIES_04 2 183 54 177 178 291 290 169 185 189 69 74 360 374 359 373 367 371 366 350 388 393 390 375 368 386 3
#ZOMPROPERTIES_04 85 384 387 382 235 340 341 98 97 86 96 102 217 212 207 272 208 213 214 210 83 93 346 345 344 289 351
#ZOMPROPERTIES_04  369 349 343 248 94 89 204 205 209 92 273 342 337 365 339 336 363 383 380 381 410 409 408 439 434 40
#ZOMPROPERTIES_04 5 411 406 415 412 413 414 377 378 314 225 353 355 358 357 362 361 78 72 61 65 77 76 82 81 194 193 18
#ZOMPROPERTIES_04 8 184 287 285 190 73 356 395 399 52 148 181 288 257 173 294 174 170 171 175 55 172 176 47 58 179 180
#ZOMPROPERTIES_04  295 458 459 456 457 484 485 481 453 454 452 455 482 477 448 480 501 502 464 53 10 49 36 44 165 160 
#ZOMPROPERTIES_04 159 302 301 229 57 249 242 304 311 305 306 156 152 307 238 246 244 261 313 310 237 315 316 240 319 1
#ZOMPROPERTIES_04 39 34 143 150 31 35 517 520 495 493 473 498 491 513 492 512 468 28 518 511 29 508 507 26 21 8 504 50
#ZOMPROPERTIES_04 3 22 510 488 509 489 490 514 25 444 494 476 474 478 447 497 499 526 523 524 41 30 40 33 45 46 527 53
#ZOMPROPERTIES_04 0 529 528 50 525 500 161 158 157 154 149 9 39 312 153 308 309 70 27 38 519 521 472 522 42 95 37 496 
#ZOMPROPERTIES_04 516 15 147 145 241 245 162 155 303 166 450 326 451 163 259 282 281 280 260 278 195 19 196 200 113 20
#ZOMPROPERTIES_04 3 2745 75 420 199 283 197 87 271 218 220 221 201 71 233 479 112 483 104 105 7 6 432 126 124 467 466 
#ZOMPROPERTIES_04 400 419 372 16 142 317 239 125 122 329 2813 2816 2815 2963 2962 3300 3344 3341 3338 3335 2938 2884 2
#ZOMPROPERTIES_04 878 2879 3086 3092 3093 3399 3309 3310 3401 3099 3156 3155 3098 3161 3162 3168 3167 3173 3174 3431 3
#ZOMPROPERTIES_04 428 3395 3389 3079 2840 2839 2844 2841 3080 3179 3180 3074 3101 3206 3215 3185 2855 2858 2857 3191 3
#ZOMPROPERTIES_04 296 3290 3284 3278 3272 3212 3203 3197 2978 2979 2988 3359 3377 3045 3044 2987 3050 3056 3057 3383 3
#ZOMPROPERTIES_04 380 3386 3063 3069 3068 3062 2825 2826 2970 2969 2990 2981 2888 2870 2889 2982 3314 3350 3303 2989 3
#ZOMPROPERTIES_04 346 2827 2830 3051 3357 3356 3444 3446 3462 3465 3468 3471 3440 3434 3184 2856 3192 3437 3402 3392 3
#ZOMPROPERTIES_04 100 3205 3216 3295 3289 3283 3277 3271 3211 3202 3198 3075 3425 3422 3085 2885 3312 2939 2945 2944 2
#ZOMPROPERTIES_04 951 2950 2956 2957 2869 2814 4854 4859 4856 4861 4870 4862 4863 4869 4865 4855 4858 4867 4860 4866 4
#ZOMPROPERTIES_04 864 4857 4868 4638 4784 4791 4793 4644 4647 4648 4651 4771 4770 4833 4832 4836 4835 4646 4645 4642 4
#ZOMPROPERTIES_04 643 4640 4831 4830 4773 4685 4684 4774 4683 4775 4785 4758 4712 4711 4759 4760 4783 4800 4807 4707 4
#ZOMPROPERTIES_04 704 4805 4803 4798 4799 4812 4819 4817 4815 4810 4811 4822 4829 4752 4755 4756 4768 4767 4808 4809 4
#ZOMPROPERTIES_04 730 4733 4814 4671 4672 4673 4846 4844 4843 4779 4780 4669 4781 4668 4653 4823 4757 4754 4753 4750 4
#ZOMPROPERTIES_04 751 4748 4747 4746 4749 4827 4825 4821 4788 4786 4794 4792 4790 4782 4722 4723 4724 4727 4720 4721 4
#ZOMPROPERTIES_04 718 4715 4761 4789 4772 4650 4787 4820 4665 4662 4663 4664 4851 4849 4852 4853 4850 4658 4655 4657 4
#ZOMPROPERTIES_04 654 4656 4828 4826 4659 4660 4661 4667 4666 4824 4745 4762 4763 4714 4713 4744 4743 4717 4716 4795 4
#ZOMPROPERTIES_04 726 4719 4725 4670 4847 4848 4845 4838 4837 4840 4841 4842 4839 4688 4687 4690 4691 4689 4804 4806 4
#ZOMPROPERTIES_04 709 4708 4705 4706 4703 4802 4797 4700 4699 4698 4765 4741 4740 4742 4739 4738 4735 4734 4731 4732 4
#ZOMPROPERTIES_04 729 4728 4736 4818 4813 4680 4778 4777 4696 4697 4693 4695 4692 4776 4682 4681 4678 4677 4674 4675 4
#ZOMPROPERTIES_04 679 4796 4816 4737 4764 4766 4702 4686 4694 4676 4769 4701 4710 4801 4834 4639 4641 4649 4652 2755 2
#ZOMPROPERTIES_04 788 2789 2790 2801 2802 2803 2804 2929 3144 3141 3140 3143 3137 3138 2807 2796 2795 2794 2793 2792 2
#ZOMPROPERTIES_04 781 2780 2791 2779 2778 3024 3023 3026 3029 3032 3035 3260 3257 3254 3251 3248 3245 3149 3128 3129 2
#ZOMPROPERTIES_04 809 2798 2797 2808 2787 2786 3250 3253 2785 3247 3244 3150 3132 3135 3134 3131 3256 2784 3259 2783 3
#ZOMPROPERTIES_04 036 2782 3033 3030 3020 3021 3018 3017 2933 2932 2911 2914 2799 2917 2918 2921 2920 2924 2923 2926 2
#ZOMPROPERTIES_04 927 2930 2915 2912 3027 2805 2806 2800 4018 4182 4187 4197 4092 4123 4117 4075 4124 4203 4205 4206 4
#ZOMPROPERTIES_04 200 4201 4022 4071 4070 4129 4248 4058 4057 4056 4051 4027 4031 4212 4210 4208 4198 4108 4094 4093 4
#ZOMPROPERTIES_04 076 4095 4226 4227 4231 4217 4234 4218 4121 4063 4064 4069 4068 4067 4273 4319 4317 4260 4261 4379 4
#ZOMPROPERTIES_04 318 4316 4314 4305 4307 4277 4278 4239 4308 4496 4495 4477 4483 4365 4364 4359 4339 4519 4391 4390 4
#ZOMPROPERTIES_04 393 4245 4394 4395 4398 4392 4367 4360 4361 4378 4309 4368 4362 4389 4396 4388 4304 4534 4547 4535 4
#ZOMPROPERTIES_04 548 4275 4306 4539 4545 4540 4293 4536 4301 4414 4411 4417 4422 4155 4156 4152 4153 4045 4026 4551 4
#ZOMPROPERTIES_04 044 4557 4046 4047 4151 4558 4550 4019 4036 4055 4054 4053 4052 4552 4549 4249 4560 4559 4037 4038 4
#ZOMPROPERTIES_04 148 4147 4149 4150 4178 4180 4142 4042 4041 4561 4554 4556 4050 4154 4161 4423 4295 4049 4555 4294 4
#ZOMPROPERTIES_04 537 4546 4538 4300 4541 4283 4542 4544 4543 4530 4529 4531 4488 4523 4527 4518 4281 4366 4329 4525 4
#ZOMPROPERTIES_04 528 4376 4467 4387 4512 4521 4526 4517 4470 4471 4472 4334 4321 4256 4320 4258 4522 4259 4515 4385 4
#ZOMPROPERTIES_04 384 4257 4313 4322 4315 4456 4464 4460 4270 4310 4312 4268 4311 4280 4372 4266 4060 4059 4061 4066 4
#ZOMPROPERTIES_04 074 4065 4029 4195 4192 4193 4514 4513 4463 4454 4452 4333 4332 4331 4326 4351 4337 4434 4436 4439 4
#ZOMPROPERTIES_04 335 4330 4327 4328 4383 4511 4183 4084 4085 4179 4190 4191 4184 4194 4196 4185 4082 4113 4083 4274 4
#ZOMPROPERTIES_04 080 4091 4073 4120 4119 4081 4533 4087 4247 4228 4189 4235 4237 4199 4246 4236 4020 4225 4563 4224 4
#ZOMPROPERTIES_04 034 4223 4033 4219 4220 4213 4216 4107 4102 4238 4097 4131 4132 4133 4242 4241 4130 4128 4244 4243 4
#ZOMPROPERTIES_04 138 4140 4137 4139 4136 4135 4171 4173 4176 4160 4104 4159 4103 4188 4122 4344 4267 4254 4341 4346 4
#ZOMPROPERTIES_04 380 4096 4207 4229 4230 4232 4233 4025 4024 4509 4510 4504 4500 4502 4506 4489 4491 4062 4485 4276 4
#ZOMPROPERTIES_04 481 4480 4487 4493 4490 4492 4482 4484 4479 4353 4358 4352 4323 4354 4350 4444 4442 4440 4429 4255 4
#ZOMPROPERTIES_04 397 4265 4412 4292 4410 4415 4418 4356 4342 4381 4348 4347 4497 4343 4499 4469 4345 4355 4421 4357 4
#ZOMPROPERTIES_04 419 4416 4413 4408 4291 4443 4430 4287 4272 4508 4486 4505 4503 4498 4501 4507 4263 4023 4420 4409 4
#ZOMPROPERTIES_04 158 4157 4174 4164 4105 4100 4163 4172 4134 4520 4250 4251 4141 4040 4146 4035 4116 4118 4109 4077 4
#ZOMPROPERTIES_04 111 4110 4215 4222 4214 4221 4211 4209 4112 4098 4114 4115 4127 4143 4079 4099 4106 4240 4202 4125 4
#ZOMPROPERTIES_04 144 4145 4175 4177 4170 4169 4165 4166 4168 4431 4428 4437 4427 4425 4298 4424 4297 4426 4296 4448 4
#ZOMPROPERTIES_04 288 4441 4282 4406 4407 4402 4373 4369 4370 4126 4253 4374 4400 4401 4377 4474 4476 4478 4475 4468 4
#ZOMPROPERTIES_04 457 4461 4453 4466 4340 4325 4363 4349 4324 4264 4438 4435 4447 4446 4445 4338 4375 4455 4449 4458 4
#ZOMPROPERTIES_04 459 4451 4450 4405 4404 4285 4286 4399 4284 4403 4432 4433 4089 4088 4078 4371 4090 4167 4101 4086 4
#ZOMPROPERTIES_04 336 4465 4462 4032 4030 4186 4269 4271 4252 4473 4386 4516 4524 4532 4299 4162 4048 4043 4181 4039 4
#ZOMPROPERTIES_04 553 4562 4290 4289 4302 4303 4494 4279 4262 4028 4021 4072 4382 4204 3472 3836 3655 3660 3641 3650 3
#ZOMPROPERTIES_04 648 3649 3483 3515 3520 3528 3513 3484 3486 3514 3720 3765 3722 3764 3766 3776 3767 3775 3710 3774 3
#ZOMPROPERTIES_04 838 3839 3713 3969 3975 3966 3840 3783 3820 3970 3972 3854 3855 3856 3899 3904 3901 3902 3742 3995 3
#ZOMPROPERTIES_04 754 3750 3751 3878 3879 3752 4000 3992 3991 3753 3749 3503 4009 4010 4008 3495 4015 3491 4013 4014 3
#ZOMPROPERTIES_04 703 4003 3506 4006 4007 4016 4004 4005 3498 4011 4012 3990 3747 3743 3865 3862 3744 3745 3746 3719 3
#ZOMPROPERTIES_04 760 3993 3729 3709 3741 3756 3757 3758 3850 3852 3846 3821 3814 3815 3832 3763 3822 3973 3793 3813 3
#ZOMPROPERTIES_04 938 3936 3937 3946 3948 3732 3693 3762 3731 3761 3759 3768 3770 3772 3714 3771 3773 3727 3521 3522 3
#ZOMPROPERTIES_04 479 3575 3523 3518 3481 3505 3482 3487 3488 4017 3512 3702 3474 3700 3583 3524 3475 3476 3525 3526 3
#ZOMPROPERTIES_04 654 3653 3656 3689 3694 3663 3669 3564 3581 3572 3541 3701 3579 3643 3657 3578 3577 3658 3546 3651 3
#ZOMPROPERTIES_04 527 3567 3536 3540 3638 3639 3633 3644 3645 3647 3646 3967 3917 3908 3906 3787 3781 3784 3825 3544 3
#ZOMPROPERTIES_04 885 3882 3891 3893 3890 3790 3789 3791 3805 3780 3785 3907 3915 3918 3914 3916 3913 3723 3919 3734 3
#ZOMPROPERTIES_04 968 3724 3912 3725 3910 3769 3706 3905 3922 3909 3792 3829 3823 3827 3803 3778 3900 3892 3888 3886 3
#ZOMPROPERTIES_04 887 3718 3889 3779 3817 3824 3831 3928 3929 3932 3925 3926 3788 3711 3924 3712 3971 3927 3980 3921 3
#ZOMPROPERTIES_04 841 3830 3982 3979 3580 3707 3930 3828 3794 3920 3911 3903 3786 3877 3615 3608 3504 3616 3502 3596 3
#ZOMPROPERTIES_04 496 3635 3497 3602 3604 3603 3598 3597 3600 3595 3601 3493 3492 3494 3582 3705 3698 3697 3594 3587 3
#ZOMPROPERTIES_04 569 3570 3696 3695 3568 3531 3552 3551 3585 3586 3593 3591 3592 3507 3508 3974 3590 3589 3626 3490 3
#ZOMPROPERTIES_04 617 3473 3618 3628 3630 3559 3553 3533 3560 3561 3670 3662 3652 3562 3548 3549 3550 3576 3798 3795 3
#ZOMPROPERTIES_04 800 3952 3940 3951 3802 3796 3835 3811 3810 3872 3875 3898 3897 3894 3844 3884 3847 3699 3849 3842 3
#ZOMPROPERTIES_04 845 3896 3804 3808 3809 3799 3806 3777 3812 3923 3933 3935 3939 3941 3726 3947 3733 3730 3945 3516 3
#ZOMPROPERTIES_04 962 3833 3959 3956 3715 3957 3954 3958 3961 3717 3963 3477 3686 3683 3964 3955 3661 3680 3684 3685 3
#ZOMPROPERTIES_04 671 3672 3517 3666 3664 3681 3688 3687 3716 3960 3943 3934 3944 3953 3797 3807 3883 3851 3866 3873 3
#ZOMPROPERTIES_04 869 3867 3870 3874 3708 3721 3863 3612 3609 3610 3613 3557 3530 3547 3558 3614 3611 3607 3499 3606 3
#ZOMPROPERTIES_04 500 3605 3501 3868 3876 3642 3871 3864 3801 3834 3667 3673 3674 3675 3678 3679 3676 3668 3565 3566 3
#ZOMPROPERTIES_04 665 3677 3556 3554 3692 3588 3627 3480 3625 3509 3704 3584 3489 3535 3987 3529 3573 3574 3571 3545 3
#ZOMPROPERTIES_04 629 3632 3631 3534 3624 3623 3728 3537 3555 3542 3543 3539 3538 3637 3837 3965 3532 3621 3622 3620 3
#ZOMPROPERTIES_04 619 3634 3599 3782 3682 3563 3690 3691 3659 3511 3510 3485 3478 3950 3949 3931 3816 3819 3818 3843 3
#ZOMPROPERTIES_04 848 3988 4001 3989 4002 3999 3994 3755 3881 3748 3880 3737 3996 3740 3860 3895 3861 3858 3859 3853 3
#ZOMPROPERTIES_04 857 3978 3981 3977 3942 3985 3986 3738 3997 3984 3998 3739 3983 3736 3735 3976 3826 3519 3640 3636 2
#ZOMPROPERTIES_04 748 3316 2935 2941 2942 2943 2949 3337 2946 2940 2886 3311 3334 2937 2892 2891 2936 2890 3103 3308 2
#ZOMPROPERTIES_04 749 2765 3397 3405 3153 3159 3165 3171 3427 3424 2767 2768 3419 3417 3415 3413 2763 3406 3317 3318 2
#ZOMPROPERTIES_04 895 2894 2897 2900 2901 2898 3325 3328 3330 2752 3336 3339 2953 2954 2960 2961 3343 3340 2958 2952 2
#ZOMPROPERTIES_04 964 3298 2868 2867 2811 2812 2871 3299 2866 2821 2874 2881 3302 3313 2980 2887 2991 2968 3345 2967 2
#ZOMPROPERTIES_04 833 2832 2831 2836 2975 2976 3066 3385 3382 3060 3059 3065 3064 2974 3347 3067 3061 3055 3049 3043 2
#ZOMPROPERTIES_04 986 2977 3196 3204 3213 3273 3461 3445 3270 3276 3282 3464 3279 3285 3467 3470 3291 3297 3439 3432 3
#ZOMPROPERTIES_04 183 2859 2864 2863 2862 2861 2860 3194 3193 3199 3441 3435 3187 3210 3209 3188 3189 3208 3436 3214 3
#ZOMPROPERTIES_04 207 3102 3073 2842 2843 3071 3070 2838 3081 3387 3394 3178 3172 3166 3160 3154 3097 3091 3087 2880 3
#ZOMPROPERTIES_04 306 3105 3104 3107 3108 3152 3151 3157 3163 3164 3169 3170 3176 3089 3083 3084 3090 3396 3430 3177 2
#ZOMPROPERTIES_04 769 2770 3393 3094 3223 3404 3438 2777 2764 2776 3469 3292 3286 3466 3463 3280 3274 3275 3269 3268 3
#ZOMPROPERTIES_04 447 3460 2773 2774 2775 3459 3451 3411 3265 3124 3410 3121 3122 3123 3120 3117 3116 3119 3118 3115 3
#ZOMPROPERTIES_04 113 3112 3110 3109 3147 3146 3145 2893 3319 3326 2896 3327 3329 2902 2903 2906 2909 3038 3039 3013 3
#ZOMPROPERTIES_04 366 2762 3351 3315 3324 3322 2910 3332 2907 2904 2754 3304 2883 2872 2873 2820 2819 2818 2876 2875 3
#ZOMPROPERTIES_04 301 3342 2817 2822 2823 2882 2996 2995 2985 2971 2972 2984 2983 2973 2835 3348 2997 3374 2761 2760 2
#ZOMPROPERTIES_04 759 2756 2758 3352 2994 3042 3048 3054 3047 3053 3052 3378 3046 3375 3040 3041 2993 2992 3355 3217 3
#ZOMPROPERTIES_04 218 3221 3219 3354 3442 2772 2771 3453 3455 3234 3237 3236 3239 3242 3266 3125 3126 3408 3418 3416 3
#ZOMPROPERTIES_04 133 3136 3414 3412 3114 3111 3407 3142 3139 2931 2928 3130 3127 3148 3246 3249 3252 3456 3454 3232 3
#ZOMPROPERTIES_04 233 3230 3231 3228 3448 3361 3262 2998 3001 3004 3007 3008 3009 3006 3005 3003 3002 3000 2999 3263 3
#ZOMPROPERTIES_04 264 3226 3449 3364 3363 3031 3028 3367 3369 3025 3022 3019 3373 3365 3016 2934 3323 3321 3331 2905 2
#ZOMPROPERTIES_04 916 2919 2922 2908 2913 3037 3015 3012 3011 3371 3034 3261 3258 3452 3229 3255 3227 3370 3368 3362 3
#ZOMPROPERTIES_04 235 3458 3238 3450 3409 3267 3241 3243 3240 2757 3220 3353 3222 3443 3358 3376 3360 3379 3372 3010 3
#ZOMPROPERTIES_04 014 2925 2899 3320 3457 3281 3287 3293 3294 3288 3200 3201 3195 3224 3225 3096 3391 3076 3388 2847 3
#ZOMPROPERTIES_04 072 2848 2851 2846 2845 2850 2849 3078 3077 3095 3390 3082 3088 3175 3426 3423 3420 3158 3400 3106 3
#ZOMPROPERTIES_04 398 3307 3429 3403 3186 2854 2853 3182 2852 3181 3433 2865 3190 3381 3384 2824 2829 2966 2828 2965 3
#ZOMPROPERTIES_04 058 2834 2837 3349 2810 2877 2955 2959 2947 2753 2751 2766 3421 2750 3305 2948 3333 } } } BBoxUV box
#ZOMPROPERTIES_04 3d 0 0 0 0 0 0 BBox3D box3d 0 0 0 0 0 0 Area3D double 0 AreaUV double 0 IsRoot bool true Properties 
#ZOMPROPERTIES_04 table {Selected bool false Box box3d 0 1 0 1 0 1 U int 0 V int 0 NU int 1 NV int 1 Tiling vector3d 1
#ZOMPROPERTIES_04  1 1 TileRatioMode string "1:1" Overflow string "Off" Pack table {Rotate table {Mode int 0 Min doubl
#ZOMPROPERTIES_04 e 0 Max double 90 Step double 0 } PaddingSize double 0.0078125 MarginSize double 0.00390625 Resoluti
#ZOMPROPERTIES_04 on int 256 MapResolution int 2048 Scaling table {TexelDensity double 1024 Mode int 2 } LayoutScaling
#ZOMPROPERTIES_04 Mode int 2 MaxMutations int 1 } } IsTile bool false PolyIDs ints { } } Maps table {Density table {Pr
#ZOMPROPERTIES_04 imType string "Polygon" Size int 1 DefaultValue double 1 ScaleType string "Log" MergeMode string "Av
#ZOMPROPERTIES_04 erage" MinValue double 0.1 MaxValue double 4 Data doubles { r 4871 1 } } Pin table {PrimType string 
#ZOMPROPERTIES_04 "Vertex" Size int 1 DefaultValue double 0 ScaleType string "Normalized" MergeMode string "Max" MinVa
#ZOMPROPERTIES_04 lue double 0 MaxValue double 1 Data doubles { r 5420 0 } } Protect table {PrimType string "Vertex" S
#ZOMPROPERTIES_04 ize int 1 DefaultValue double 0 ScaleType string "Normalized" MergeMode string "Average" MinValue do
#ZOMPROPERTIES_04 uble -1 MaxValue double 1 Data doubles { r 5420 0 } } } } }
#ZOMPROPERTIES_04}


#ZOMSCENE_01{
#ZOMSCENE_01 CScene {Settings table {AxisSystem table {UpVector string "y" } Unit string "cm" TexelDensityDisplay
#ZOMSCENE_01 Unit string "tx/cm" } }
#ZOMSCENE_01}

#begin 0 fatal error vertex (that RizomUV cannot handle)
#end 0 fatal error vertex (that RizomUV cannot handle)

#begin 0 error vertex
#end 0 error vertex
