#File written by RizomUV 2022.1.57.gfabcfb8. Compilation :Sep 28 2022,23:52:22
mtllib 21 Low.mtl
#begin vertices
v -44.06513 7.689367 37.95389
v -45.71099 7.689367 37.95389
v -44.06513 7.689366 30.12637
v -45.71099 7.689366 30.12637
v -43.98169 6.864466 38.23029
v -43.98169 6.842466 38.21456
v -43.98683 7.689367 38.21326
v -43.98169 7.667366 38.23029
v -45.95969 6.842466 38.21456
v -45.95969 6.864466 38.23029
v -45.98169 6.864466 38.21456
v -45.96497 7.689367 38.21321
v -45.98169 7.667366 38.21456
v -45.95969 7.667366 38.23029
v -43.98169 6.842465 29.8657
v -43.98169 6.864465 29.84997
v -43.98169 7.667365 29.84997
v -43.98683 7.689366 29.867
v -45.9597 6.842465 29.8657
v -45.9817 6.864465 29.8657
v -45.9597 6.864465 29.84997
v -45.96497 7.689366 29.86705
v -45.9597 7.667365 29.84997
v -45.9817 7.667365 29.8657
v -44.06513 7.689367 48.99077
v -45.71099 7.689368 48.99077
v -44.06513 7.689367 41.16325
v -45.71099 7.689367 41.16325
v -43.98169 6.864466 49.26717
v -43.98169 6.842466 49.25144
v -43.98683 7.689367 49.25015
v -43.98169 7.667366 49.26717
v -45.95969 6.842467 49.25144
v -45.95969 6.864467 49.26717
v -45.98169 6.864467 49.25144
v -45.96497 7.689368 49.25009
v -45.98169 7.667367 49.25144
v -45.95969 7.667367 49.26717
v -43.98169 6.842466 40.90258
v -43.98169 6.864466 40.88685
v -43.98169 7.667366 40.88685
v -43.98683 7.689367 40.90388
v -45.95969 6.842466 40.90258
v -45.98169 6.864466 40.90258
v -45.95969 6.864466 40.88685
v -45.96497 7.689367 40.90393
v -45.95969 7.667366 40.88685
v -45.98169 7.667366 40.90258
v -44.06513 11.36492 37.95389
v -45.71099 11.36492 37.95389
v -44.06513 11.36492 30.12637
v -45.71099 11.36492 30.12637
v -43.98169 10.54002 38.23029
v -43.98169 10.51802 38.21456
v -43.98683 11.36492 38.21326
v -43.98169 11.34292 38.23029
v -45.95969 10.51802 38.21456
v -45.95969 10.54002 38.23029
v -45.98169 10.54002 38.21456
v -45.96497 11.36492 38.21321
v -45.98169 11.34292 38.21456
v -45.95969 11.34292 38.23029
v -43.98169 10.51802 29.8657
v -43.98169 10.54001 29.84997
v -43.98169 11.34291 29.84997
v -43.98683 11.36492 29.867
v -45.95969 10.51802 29.8657
v -45.9817 10.54001 29.8657
v -45.95969 10.54001 29.84997
v -45.96497 11.36492 29.86705
v -45.95969 11.34291 29.84997
v -45.98169 11.34291 29.8657
v -44.06513 11.36492 48.99077
v -45.71099 11.36492 48.99077
v -44.06513 11.36492 41.16325
v -45.71099 11.36492 41.16325
v -43.98169 10.54002 49.26717
v -43.98169 10.51802 49.25144
v -43.98683 11.36492 49.25015
v -43.98169 11.34292 49.26717
v -45.95969 10.51802 49.25144
v -45.95969 10.54002 49.26717
v -45.98169 10.54002 49.25144
v -45.96497 11.36492 49.25009
v -45.98169 11.34292 49.25144
v -45.95969 11.34292 49.26717
v -43.98169 10.51802 40.90258
v -43.98169 10.54002 40.88685
v -43.98169 11.34292 40.88685
v -43.98683 11.36492 40.90388
v -45.95969 10.51802 40.90258
v -45.98169 10.54002 40.90258
v -45.95969 10.54002 40.88685
v -45.96497 11.36492 40.90393
v -45.95969 11.34292 40.88685
v -45.98169 11.34292 40.90258
v -44.06513 15.04047 37.95389
v -45.71099 15.04047 37.95389
v -44.06513 15.04047 30.12637
v -45.71099 15.04047 30.12637
v -43.98169 14.21556 38.23029
v -43.98169 14.19356 38.21456
v -43.98683 15.04047 38.21326
v -43.98169 15.01847 38.23029
v -45.95969 14.19356 38.21456
v -45.95969 14.21556 38.23029
v -45.98169 14.21556 38.21456
v -45.96497 15.04047 38.21321
v -45.98169 15.01847 38.21456
v -45.95969 15.01847 38.23029
v -43.98169 14.19356 29.8657
v -43.98169 14.21556 29.84997
v -43.98169 15.01846 29.84997
v -43.98683 15.04046 29.867
v -45.95969 14.19356 29.8657
v -45.98169 14.21556 29.8657
v -45.95969 14.21556 29.84997
v -45.96497 15.04046 29.86705
v -45.95969 15.01846 29.84997
v -45.98169 15.01846 29.8657
v -44.06513 15.04047 48.99077
v -45.71099 15.04047 48.99077
v -44.06513 15.04047 41.16325
v -45.71099 15.04047 41.16325
v -43.98169 14.21557 49.26717
v -43.98169 14.19357 49.25144
v -43.98683 15.04047 49.25015
v -43.98169 15.01847 49.26717
v -45.95969 14.19357 49.25144
v -45.95969 14.21557 49.26717
v -45.98169 14.21557 49.25144
v -45.96497 15.04047 49.25009
v -45.98169 15.01847 49.25144
v -45.95969 15.01847 49.26717
v -43.98169 14.19356 40.90258
v -43.98169 14.21556 40.88685
v -43.98169 15.01847 40.88685
v -43.98683 15.04047 40.90388
v -45.95969 14.19356 40.90258
v -45.98169 14.21556 40.90258
v -45.95969 14.21556 40.88685
v -45.96497 15.04047 40.90393
v -45.95969 15.01847 40.88685
v -45.98169 15.01847 40.90258
v -44.06513 18.71602 37.95389
v -45.71099 18.71602 37.95389
v -44.06513 18.71602 30.12637
v -45.71099 18.71602 30.12637
v -43.98169 17.89111 38.23029
v -43.98169 17.86912 38.21456
v -43.98683 18.71602 38.21326
v -43.98169 18.69402 38.23029
v -45.95969 17.86912 38.21456
v -45.95969 17.89111 38.23029
v -45.98169 17.89111 38.21456
v -45.96497 18.71602 38.21321
v -45.98169 18.69402 38.21456
v -45.95969 18.69402 38.23029
v -43.98169 17.86912 29.8657
v -43.98169 17.89111 29.84997
v -43.98169 18.69402 29.84997
v -43.98683 18.71602 29.86699
v -45.95969 17.86912 29.8657
v -45.98169 17.89111 29.8657
v -45.95969 17.89111 29.84997
v -45.96497 18.71602 29.86705
v -45.95969 18.69402 29.84997
v -45.98169 18.69402 29.8657
v -44.06513 18.71602 48.99077
v -45.71099 18.71602 48.99077
v -44.06513 18.71602 41.16325
v -45.71099 18.71602 41.16325
v -43.98169 17.89111 49.26717
v -43.98169 17.86912 49.25144
v -43.98683 18.71602 49.25015
v -43.98169 18.69402 49.26717
v -45.95969 17.86912 49.25144
v -45.95969 17.89111 49.26717
v -45.98169 17.89111 49.25144
v -45.96497 18.71602 49.25009
v -45.98169 18.69402 49.25144
v -45.95969 18.69402 49.26717
v -43.98169 17.86912 40.90258
v -43.98169 17.89111 40.88685
v -43.98169 18.69402 40.88685
v -43.98683 18.71602 40.90388
v -45.95969 17.86912 40.90258
v -45.98169 17.89111 40.90258
v -45.95969 17.89111 40.88685
v -45.96497 18.71602 40.90393
v -45.95969 18.69402 40.88685
v -45.98169 18.69402 40.90258
v -44.06513 22.39156 37.95389
v -45.71099 22.39156 37.95389
v -44.06513 22.39156 30.12637
v -45.71099 22.39156 30.12637
v -43.98169 21.56666 38.23029
v -43.98169 21.54466 38.21456
v -43.98683 22.39156 38.21326
v -43.98169 22.36956 38.23029
v -45.95969 21.54466 38.21456
v -45.95969 21.56666 38.23029
v -45.98169 21.56666 38.21456
v -45.96497 22.39156 38.21321
v -45.98169 22.36956 38.21456
v -45.95969 22.36956 38.23029
v -43.98169 21.54466 29.8657
v -43.98169 21.56666 29.84997
v -43.98169 22.36956 29.84997
v -43.98683 22.39156 29.86699
v -45.95969 21.54466 29.8657
v -45.98169 21.56666 29.8657
v -45.95969 21.56666 29.84997
v -45.96497 22.39156 29.86705
v -45.95969 22.36956 29.84997
v -45.98169 22.36956 29.8657
v -44.06513 22.39156 48.99077
v -45.71099 22.39156 48.99077
v -44.06513 22.39156 41.16325
v -45.71099 22.39156 41.16325
v -43.98169 21.56667 49.26717
v -43.98169 21.54466 49.25144
v -43.98683 22.39156 49.25015
v -43.98169 22.36956 49.26717
v -45.95969 21.54466 49.25144
v -45.95969 21.56667 49.26717
v -45.98169 21.56667 49.25144
v -45.96497 22.39156 49.25009
v -45.98169 22.36956 49.25144
v -45.95969 22.36956 49.26717
v -43.98169 21.54466 40.90258
v -43.98169 21.56667 40.88685
v -43.98169 22.36956 40.88685
v -43.98683 22.39156 40.90388
v -45.95969 21.54466 40.90258
v -45.98169 21.56667 40.90258
v -45.95969 21.56667 40.88685
v -45.96497 22.39156 40.90393
v -45.95969 22.36956 40.88685
v -45.98169 22.36956 40.90258
v -44.06513 26.06712 37.95389
v -45.71099 26.06712 37.95389
v -44.06513 26.06712 30.12637
v -45.71099 26.06712 30.12637
v -43.98169 25.24221 38.23029
v -43.98169 25.22021 38.21455
v -43.98683 26.06712 38.21326
v -43.98169 26.04511 38.23029
v -45.95969 25.22021 38.21455
v -45.95969 25.24221 38.23029
v -45.98169 25.24221 38.21455
v -45.96497 26.06712 38.21321
v -45.98169 26.04511 38.21455
v -45.95969 26.04511 38.23029
v -43.98169 25.22021 29.8657
v -43.98169 25.24221 29.84997
v -43.98169 26.04511 29.84997
v -43.98683 26.06712 29.86699
v -45.95969 25.22021 29.8657
v -45.98169 25.24221 29.8657
v -45.95969 25.24221 29.84997
v -45.96497 26.06712 29.86705
v -45.95969 26.04511 29.84997
v -45.98169 26.04511 29.8657
v -44.06513 26.06712 48.99077
v -45.71099 26.06712 48.99077
v -44.06513 26.06712 41.16325
v -45.71099 26.06712 41.16325
v -43.98169 25.24222 49.26717
v -43.98169 25.22022 49.25144
v -43.98683 26.06712 49.25015
v -43.98169 26.04512 49.26717
v -45.95969 25.22022 49.25144
v -45.95969 25.24222 49.26717
v -45.98169 25.24222 49.25144
v -45.96497 26.06712 49.25009
v -45.98169 26.04512 49.25144
v -45.95969 26.04512 49.26717
v -43.98169 25.22021 40.90258
v -43.98169 25.24221 40.88685
v -43.98169 26.04511 40.88685
v -43.98683 26.06712 40.90388
v -45.95969 25.22021 40.90258
v -45.98169 25.24221 40.90258
v -45.95969 25.24221 40.88685
v -45.96497 26.06712 40.90393
v -45.95969 26.04511 40.88685
v -45.98169 26.04511 40.90258
v -44.06513 29.74267 37.95389
v -45.71099 29.74267 37.95389
v -44.06513 29.74267 30.12637
v -45.71099 29.74267 30.12637
v -43.98169 28.91776 38.23029
v -43.98169 28.89577 38.21455
v -43.98683 29.74267 38.21326
v -43.98169 29.72067 38.23029
v -45.95969 28.89577 38.21455
v -45.95969 28.91776 38.23029
v -45.98169 28.91776 38.21455
v -45.96497 29.74267 38.21321
v -45.98169 29.72067 38.21455
v -45.95969 29.72067 38.23029
v -43.98169 28.89577 29.8657
v -43.98169 28.91776 29.84997
v -43.98169 29.72067 29.84997
v -43.98683 29.74267 29.86699
v -45.95969 28.89577 29.8657
v -45.98169 28.91776 29.8657
v -45.95969 28.91776 29.84997
v -45.96497 29.74267 29.86705
v -45.95969 29.72067 29.84997
v -45.98169 29.72067 29.8657
v -44.06513 29.74267 48.99077
v -45.71099 29.74267 48.99077
v -44.06513 29.74267 41.16325
v -45.71099 29.74267 41.16325
v -43.98169 28.91777 49.26717
v -43.98169 28.89577 49.25144
v -43.98683 29.74267 49.25015
v -43.98169 29.72067 49.26717
v -45.95969 28.89577 49.25144
v -45.95969 28.91777 49.26717
v -45.98169 28.91777 49.25144
v -45.96497 29.74267 49.25009
v -45.98169 29.72067 49.25144
v -45.95969 29.72067 49.26717
v -43.98169 28.89577 40.90258
v -43.98169 28.91776 40.88685
v -43.98169 29.72067 40.88685
v -43.98683 29.74267 40.90388
v -45.95969 28.89577 40.90258
v -45.98169 28.91776 40.90258
v -45.95969 28.91776 40.88685
v -45.96497 29.74267 40.90393
v -45.95969 29.72067 40.88685
v -45.98169 29.72067 40.90258
v -44.06513 33.41821 37.95389
v -45.71099 33.41821 37.95389
v -44.06513 33.41821 30.12637
v -45.71099 33.41821 30.12637
v -43.98169 32.59331 38.23029
v -43.98169 32.57131 38.21455
v -43.98683 33.41821 38.21326
v -43.98169 33.39621 38.23029
v -45.95969 32.57131 38.21455
v -45.95969 32.59331 38.23029
v -45.98169 32.59331 38.21455
v -45.96497 33.41821 38.21321
v -45.98169 33.39621 38.21455
v -45.95969 33.39621 38.23029
v -43.98169 32.57131 29.8657
v -43.98169 32.59331 29.84997
v -43.98169 33.39621 29.84997
v -43.98683 33.41821 29.86699
v -45.95969 32.57131 29.8657
v -45.98169 32.59331 29.8657
v -45.95969 32.59331 29.84997
v -45.96497 33.41821 29.86705
v -45.95969 33.39621 29.84997
v -45.98169 33.39621 29.8657
v -44.06513 33.41822 48.99077
v -45.71099 33.41822 48.99077
v -44.06513 33.41821 41.16325
v -45.71099 33.41821 41.16325
v -43.98169 32.59331 49.26717
v -43.98169 32.57132 49.25144
v -43.98683 33.41822 49.25015
v -43.98169 33.39621 49.26717
v -45.95969 32.57132 49.25144
v -45.95969 32.59331 49.26717
v -45.98169 32.59331 49.25144
v -45.96497 33.41822 49.25009
v -45.98169 33.39621 49.25144
v -45.95969 33.39621 49.26717
v -43.98169 32.57131 40.90258
v -43.98169 32.59331 40.88685
v -43.98169 33.39621 40.88685
v -43.98683 33.41821 40.90388
v -45.95969 32.57131 40.90258
v -45.98169 32.59331 40.90258
v -45.95969 32.59331 40.88685
v -45.96497 33.41821 40.90393
v -45.95969 33.39621 40.88685
v -45.98169 33.39621 40.90258
v -44.06513 37.09376 37.95389
v -45.71099 37.09376 37.95389
v -44.06513 37.09376 30.12637
v -45.71099 37.09376 30.12637
v -43.98169 36.26886 38.23029
v -43.98169 36.24686 38.21455
v -43.98683 37.09376 38.21326
v -43.98169 37.07176 38.23029
v -45.95969 36.24686 38.21455
v -45.95969 36.26886 38.23029
v -45.98169 36.26886 38.21455
v -45.96497 37.09376 38.21321
v -45.98169 37.07176 38.21455
v -45.95969 37.07176 38.23029
v -43.98169 36.24686 29.8657
v -43.98169 36.26886 29.84997
v -43.98169 37.07176 29.84997
v -43.98683 37.09376 29.86699
v -45.95969 36.24686 29.8657
v -45.98169 36.26886 29.8657
v -45.95969 36.26886 29.84997
v -45.96497 37.09376 29.86705
v -45.95969 37.07176 29.84997
v -45.98169 37.07176 29.8657
v -44.06513 37.09376 48.99077
v -45.71098 37.09376 48.99077
v -44.06513 37.09376 41.16325
v -45.71099 37.09376 41.16325
v -43.98169 36.26886 49.26717
v -43.98169 36.24686 49.25144
v -43.98683 37.09376 49.25015
v -43.98169 37.07177 49.26717
v -45.95969 36.24686 49.25144
v -45.95969 36.26886 49.26717
v -45.98169 36.26886 49.25144
v -45.96497 37.09376 49.25009
v -45.98169 37.07177 49.25144
v -45.95969 37.07177 49.26717
v -43.98169 36.24686 40.90258
v -43.98169 36.26886 40.88685
v -43.98169 37.07176 40.88685
v -43.98683 37.09376 40.90388
v -45.95969 36.24686 40.90258
v -45.98169 36.26886 40.90258
v -45.95969 36.26886 40.88685
v -45.96497 37.09376 40.90393
v -45.95969 37.07176 40.88685
v -45.98169 37.07176 40.90258
v -44.12173 7.663796 38.10079
v -44.12173 7.663795 29.94483
v -44.1082 8.952073 38.15265
v -44.1082 8.952073 29.89297
v -45.67606 7.663796 38.10079
v -45.69806 7.663796 38.08506
v -45.69806 7.663795 29.96056
v -45.67606 7.663795 29.94483
v -45.67606 8.873408 38.10079
v -45.72269 8.895408 38.11537
v -45.69806 8.873408 38.08506
v -45.67606 8.873408 29.94483
v -45.69806 8.873408 29.96056
v -45.72269 8.895408 29.93025
v -44.11791 8.895408 38.11541
v -44.12173 8.873408 38.10079
v -44.12173 8.873408 29.94483
v -44.11791 8.895408 29.93021
v -45.78571 8.917408 38.13692
v -45.76107 8.895408 38.13808
v -45.76371 8.917408 38.15265
v -45.78571 8.917408 29.9087
v -45.76371 8.917408 29.89297
v -45.76107 8.895408 29.90754
v -44.1082 8.917408 38.15265
v -44.11201 8.895408 38.13804
v -44.11201 8.895408 29.90759
v -44.1082 8.917408 29.89297
v -45.78571 8.952073 38.13692
v -45.76371 8.952073 38.15265
v -45.76371 8.952073 29.89297
v -45.78571 8.952073 29.9087
v -44.12173 7.663797 49.16877
v -44.12173 7.663796 41.0128
v -44.1082 8.952074 49.22063
v -44.1082 8.952074 40.96095
v -45.67606 7.663797 49.16877
v -45.69806 7.663797 49.15304
v -45.69806 7.663796 41.02854
v -45.67606 7.663796 41.0128
v -45.67606 8.873409 49.16877
v -45.72269 8.895409 49.18335
v -45.69806 8.873409 49.15304
v -45.67606 8.873409 41.0128
v -45.69806 8.873409 41.02854
v -45.72269 8.895409 40.99823
v -44.11791 8.895409 49.18339
v -44.12173 8.873409 49.16877
v -44.12173 8.873409 41.0128
v -44.11791 8.895409 40.99818
v -45.78571 8.917409 49.2049
v -45.76107 8.895409 49.20605
v -45.76371 8.917409 49.22063
v -45.78571 8.917409 40.97668
v -45.76371 8.917409 40.96095
v -45.76107 8.895409 40.97552
v -44.1082 8.917409 49.22063
v -44.11201 8.895409 49.20601
v -44.11201 8.895409 40.97556
v -44.1082 8.917409 40.96095
v -45.78571 8.952074 49.2049
v -45.76371 8.952074 49.22063
v -45.76371 8.952074 40.96095
v -45.78571 8.952074 40.97668
v -44.12173 11.29931 38.10079
v -44.12173 11.29931 29.94483
v -44.1082 12.58759 38.15265
v -44.1082 12.58759 29.89297
v -45.67606 11.29931 38.10079
v -45.69806 11.29931 38.08506
v -45.69806 11.29931 29.96056
v -45.67606 11.29931 29.94483
v -45.67606 12.50893 38.10079
v -45.72269 12.53093 38.11537
v -45.69806 12.50893 38.08506
v -45.67606 12.50892 29.94483
v -45.69806 12.50892 29.96056
v -45.72269 12.53092 29.93025
v -44.11791 12.53093 38.11541
v -44.12173 12.50893 38.10079
v -44.12173 12.50892 29.94483
v -44.11791 12.53092 29.93021
v -45.78571 12.55293 38.13692
v -45.76107 12.53093 38.13808
v -45.76371 12.55293 38.15265
v -45.78571 12.55293 29.9087
v -45.76371 12.55293 29.89297
v -45.76107 12.53092 29.90754
v -44.1082 12.55293 38.15265
v -44.11201 12.53093 38.13804
v -44.11201 12.53092 29.90759
v -44.1082 12.55293 29.89297
v -45.78571 12.58759 38.13692
v -45.76371 12.58759 38.15265
v -45.76371 12.58759 29.89297
v -45.78571 12.58759 29.9087
v -44.12173 11.29931 49.16877
v -44.12173 11.29931 41.0128
v -44.1082 12.58759 49.22063
v -44.1082 12.58759 40.96095
v -45.67606 11.29931 49.16877
v -45.69806 11.29931 49.15304
v -45.69806 11.29931 41.02854
v -45.67606 11.29931 41.0128
v -45.67606 12.50893 49.16877
v -45.72269 12.53093 49.18335
v -45.69806 12.50893 49.15304
v -45.67606 12.50893 41.0128
v -45.69806 12.50893 41.02854
v -45.72269 12.53093 40.99823
v -44.11791 12.53093 49.18339
v -44.12173 12.50893 49.16877
v -44.12173 12.50893 41.0128
v -44.11791 12.53093 40.99818
v -45.78571 12.55293 49.2049
v -45.76107 12.53093 49.20605
v -45.76371 12.55293 49.22063
v -45.78571 12.55293 40.97668
v -45.76371 12.55293 40.96095
v -45.76107 12.53093 40.97552
v -44.1082 12.55293 49.22063
v -44.11201 12.53093 49.20601
v -44.11201 12.53093 40.97556
v -44.1082 12.55293 40.96095
v -45.78571 12.58759 49.2049
v -45.76371 12.58759 49.22063
v -45.76371 12.58759 40.96095
v -45.78571 12.58759 40.97668
v -44.12173 14.93483 38.10079
v -44.12173 14.93483 29.94483
v -44.1082 16.22311 38.15265
v -44.1082 16.22311 29.89297
v -45.67606 14.93483 38.10079
v -45.69806 14.93483 38.08506
v -45.69806 14.93483 29.96056
v -45.67606 14.93483 29.94483
v -45.67606 16.14444 38.10079
v -45.72269 16.16644 38.11537
v -45.69806 16.14444 38.08506
v -45.67606 16.14444 29.94483
v -45.69806 16.14444 29.96056
v -45.72269 16.16644 29.93025
v -44.11791 16.16644 38.11541
v -44.12173 16.14444 38.10079
v -44.12173 16.14444 29.94483
v -44.11791 16.16644 29.93021
v -45.78571 16.18844 38.13692
v -45.76107 16.16644 38.13808
v -45.76371 16.18844 38.15265
v -45.78571 16.18844 29.9087
v -45.76371 16.18844 29.89297
v -45.76107 16.16644 29.90754
v -44.1082 16.18844 38.15265
v -44.11201 16.16644 38.13804
v -44.11201 16.16644 29.90759
v -44.1082 16.18844 29.89297
v -45.78571 16.22311 38.13692
v -45.76371 16.22311 38.15265
v -45.76371 16.22311 29.89297
v -45.78571 16.22311 29.9087
v -44.12173 14.93483 49.16877
v -44.12173 14.93483 41.0128
v -44.1082 16.22311 49.22063
v -44.1082 16.22311 40.96095
v -45.67606 14.93483 49.16877
v -45.69806 14.93483 49.15304
v -45.69806 14.93483 41.02854
v -45.67606 14.93483 41.0128
v -45.67606 16.14445 49.16877
v -45.72269 16.16644 49.18335
v -45.69805 16.14445 49.15304
v -45.67606 16.14444 41.0128
v -45.69806 16.14444 41.02854
v -45.72269 16.16644 40.99823
v -44.11791 16.16644 49.18339
v -44.12173 16.14445 49.16877
v -44.12173 16.14444 41.0128
v -44.11791 16.16644 40.99818
v -45.78571 16.18844 49.2049
v -45.76107 16.16644 49.20605
v -45.76371 16.18844 49.22063
v -45.78571 16.18844 40.97668
v -45.76371 16.18844 40.96095
v -45.76107 16.16644 40.97552
v -44.1082 16.18844 49.22063
v -44.11201 16.16644 49.20601
v -44.11201 16.16644 40.97556
v -44.1082 16.18844 40.96095
v -45.78571 16.22311 49.2049
v -45.76371 16.22311 49.22063
v -45.76371 16.22311 40.96095
v -45.78571 16.22311 40.97668
v -44.12173 18.57035 38.10079
v -44.12173 18.57035 29.94483
v -44.1082 19.85863 38.15265
v -44.1082 19.85863 29.89297
v -45.67606 18.57035 38.10079
v -45.69806 18.57035 38.08506
v -45.69806 18.57035 29.96056
v -45.67606 18.57035 29.94483
v -45.67606 19.77996 38.10079
v -45.72269 19.80196 38.11537
v -45.69806 19.77996 38.08506
v -45.67606 19.77996 29.94483
v -45.69806 19.77996 29.96056
v -45.72269 19.80196 29.93025
v -44.11791 19.80196 38.11541
v -44.12173 19.77996 38.10079
v -44.12173 19.77996 29.94483
v -44.11791 19.80196 29.93021
v -45.78571 19.82396 38.13692
v -45.76107 19.80196 38.13808
v -45.76371 19.82396 38.15265
v -45.78571 19.82396 29.9087
v -45.76371 19.82396 29.89297
v -45.76107 19.80196 29.90754
v -44.1082 19.82396 38.15265
v -44.11201 19.80196 38.13803
v -44.11201 19.80196 29.90759
v -44.1082 19.82396 29.89297
v -45.78571 19.85863 38.13692
v -45.76371 19.85863 38.15265
v -45.76371 19.85863 29.89297
v -45.78571 19.85863 29.9087
v -44.12173 18.57035 49.16877
v -44.12173 18.57035 41.0128
v -44.1082 19.85863 49.22063
v -44.1082 19.85863 40.96095
v -45.67606 18.57035 49.16877
v -45.69805 18.57035 49.15304
v -45.69806 18.57035 41.02854
v -45.67606 18.57035 41.0128
v -45.67606 19.77996 49.16877
v -45.72269 19.80196 49.18335
v -45.69805 19.77996 49.15304
v -45.67606 19.77996 41.0128
v -45.69806 19.77996 41.02854
v -45.72269 19.80196 40.99823
v -44.11791 19.80196 49.18339
v -44.12173 19.77996 49.16877
v -44.12173 19.77996 41.0128
v -44.11791 19.80196 40.99818
v -45.78571 19.82396 49.2049
v -45.76107 19.80196 49.20605
v -45.76371 19.82396 49.22063
v -45.78571 19.82396 40.97668
v -45.76371 19.82396 40.96095
v -45.76107 19.80196 40.97552
v -44.1082 19.82396 49.22063
v -44.11201 19.80196 49.20601
v -44.11201 19.80196 40.97556
v -44.1082 19.82396 40.96095
v -45.78571 19.85863 49.2049
v -45.76371 19.85863 49.22063
v -45.76371 19.85863 40.96095
v -45.78571 19.85863 40.97668
v -44.12173 22.20587 38.10079
v -44.12173 22.20587 29.94483
v -44.1082 23.49414 38.15265
v -44.1082 23.49414 29.89297
v -45.67606 22.20587 38.10079
v -45.69806 22.20587 38.08506
v -45.69806 22.20587 29.96056
v -45.67606 22.20587 29.94483
v -45.67606 23.41548 38.10079
v -45.72269 23.43748 38.11537
v -45.69806 23.41548 38.08506
v -45.67606 23.41548 29.94483
v -45.69806 23.41548 29.96056
v -45.72269 23.43748 29.93025
v -44.11791 23.43748 38.11541
v -44.12173 23.41548 38.10079
v -44.12173 23.41548 29.94483
v -44.11791 23.43748 29.93021
v -45.78571 23.45948 38.13692
v -45.76107 23.43748 38.13808
v -45.76371 23.45948 38.15265
v -45.78571 23.45948 29.9087
v -45.76371 23.45948 29.89297
v -45.76107 23.43748 29.90754
v -44.1082 23.45948 38.15265
v -44.11201 23.43748 38.13803
v -44.11201 23.43748 29.90759
v -44.1082 23.45948 29.89297
v -45.78571 23.49414 38.13692
v -45.76371 23.49414 38.15265
v -45.76371 23.49414 29.89297
v -45.78571 23.49414 29.9087
v -44.12173 22.20587 49.16877
v -44.12173 22.20587 41.0128
v -44.1082 23.49414 49.22063
v -44.1082 23.49414 40.96095
v -45.67606 22.20587 49.16877
v -45.69805 22.20587 49.15304
v -45.69806 22.20587 41.02854
v -45.67606 22.20587 41.0128
v -45.67606 23.41548 49.16877
v -45.72269 23.43748 49.18334
v -45.69805 23.41548 49.15304
v -45.67606 23.41548 41.0128
v -45.69805 23.41548 41.02854
v -45.72269 23.43748 40.99823
v -44.11791 23.43748 49.18339
v -44.12173 23.41548 49.16877
v -44.12173 23.41548 41.0128
v -44.11791 23.43748 40.99818
v -45.78571 23.45948 49.2049
v -45.76107 23.43748 49.20605
v -45.76371 23.45948 49.22063
v -45.78571 23.45948 40.97668
v -45.76371 23.45948 40.96095
v -45.76107 23.43748 40.97552
v -44.1082 23.45948 49.22063
v -44.11201 23.43748 49.20601
v -44.11201 23.43748 40.97556
v -44.1082 23.45948 40.96095
v -45.78571 23.49414 49.2049
v -45.76371 23.49414 49.22063
v -45.76371 23.49414 40.96095
v -45.78571 23.49414 40.97668
v -44.12173 25.84138 38.10079
v -44.12173 25.84138 29.94483
v -44.1082 27.12966 38.15265
v -44.1082 27.12966 29.89297
v -45.67606 25.84138 38.10079
v -45.69806 25.84138 38.08506
v -45.69806 25.84138 29.96056
v -45.67606 25.84138 29.94483
v -45.67606 27.051 38.10079
v -45.72269 27.07299 38.11537
v -45.69805 27.051 38.08506
v -45.67606 27.051 29.94483
v -45.69806 27.051 29.96056
v -45.72269 27.07299 29.93025
v -44.11791 27.07299 38.11541
v -44.12173 27.051 38.10079
v -44.12173 27.051 29.94483
v -44.11791 27.07299 29.93021
v -45.78571 27.095 38.13692
v -45.76107 27.07299 38.13808
v -45.76371 27.095 38.15265
v -45.78571 27.095 29.9087
v -45.76371 27.095 29.89297
v -45.76107 27.07299 29.90754
v -44.1082 27.095 38.15265
v -44.11201 27.07299 38.13803
v -44.11201 27.07299 29.90759
v -44.1082 27.095 29.89297
v -45.78571 27.12966 38.13692
v -45.76371 27.12966 38.15265
v -45.76371 27.12966 29.89297
v -45.78571 27.12966 29.9087
v -44.12173 25.84138 49.16877
v -44.12173 25.84138 41.0128
v -44.1082 27.12966 49.22063
v -44.1082 27.12966 40.96095
v -45.67606 25.84138 49.16877
v -45.69805 25.84138 49.15304
v -45.69805 25.84138 41.02854
v -45.67606 25.84138 41.0128
v -45.67606 27.051 49.16877
v -45.72269 27.073 49.18334
v -45.69805 27.051 49.15304
v -45.67606 27.051 41.0128
v -45.69805 27.051 41.02854
v -45.72269 27.07299 40.99823
v -44.11791 27.073 49.18339
v -44.12172 27.051 49.16877
v -44.12173 27.051 41.0128
v -44.11791 27.07299 40.99818
v -45.78571 27.095 49.2049
v -45.76107 27.073 49.20605
v -45.76371 27.095 49.22063
v -45.78571 27.095 40.97668
v -45.76371 27.095 40.96095
v -45.76107 27.07299 40.97552
v -44.1082 27.095 49.22063
v -44.11201 27.073 49.20601
v -44.11201 27.07299 40.97556
v -44.1082 27.095 40.96095
v -45.78571 27.12966 49.2049
v -45.76371 27.12966 49.22063
v -45.76371 27.12966 40.96095
v -45.78571 27.12966 40.97668
v -44.12173 29.4769 38.10079
v -44.12173 29.4769 29.94483
v -44.1082 30.76518 38.15265
v -44.1082 30.76518 29.89297
v -45.67606 29.4769 38.10079
v -45.69805 29.4769 38.08506
v -45.69806 29.4769 29.96056
v -45.67606 29.4769 29.94483
v -45.67606 30.68652 38.10079
v -45.72269 30.70851 38.11537
v -45.69805 30.68652 38.08506
v -45.67606 30.68652 29.94483
v -45.69806 30.68652 29.96056
v -45.72269 30.70851 29.93025
v -44.11791 30.70851 38.11541
v -44.12173 30.68652 38.10079
v -44.12173 30.68652 29.94483
v -44.11791 30.70851 29.93021
v -45.78571 30.73052 38.13692
v -45.76107 30.70851 38.13808
v -45.76371 30.73052 38.15265
v -45.78571 30.73052 29.9087
v -45.76371 30.73052 29.89297
v -45.76107 30.70851 29.90754
v -44.1082 30.73052 38.15265
v -44.11201 30.70851 38.13803
v -44.11201 30.70851 29.90759
v -44.1082 30.73052 29.89297
v -45.78571 30.76518 38.13692
v -45.76371 30.76518 38.15265
v -45.76371 30.76518 29.89297
v -45.78571 30.76518 29.9087
v -44.12172 29.47691 49.16877
v -44.12173 29.4769 41.0128
v -44.1082 30.76518 49.22063
v -44.1082 30.76518 40.96095
v -45.67606 29.47691 49.16877
v -45.69805 29.47691 49.15304
v -45.69805 29.4769 41.02854
v -45.67606 29.4769 41.0128
v -45.67606 30.68652 49.16877
v -45.72269 30.70851 49.18334
v -45.69805 30.68652 49.15304
v -45.67606 30.68652 41.0128
v -45.69805 30.68652 41.02854
v -45.72269 30.70851 40.99823
v -44.11791 30.70851 49.18339
v -44.12172 30.68652 49.16877
v -44.12173 30.68652 41.0128
v -44.11791 30.70851 40.99818
v -45.78571 30.73052 49.2049
v -45.76107 30.70851 49.20605
v -45.76371 30.73052 49.22063
v -45.78571 30.73052 40.97668
v -45.76371 30.73052 40.96095
v -45.76107 30.70851 40.97552
v -44.1082 30.73052 49.22063
v -44.11201 30.70851 49.20601
v -44.11201 30.70851 40.97556
v -44.1082 30.73052 40.96095
v -45.78571 30.76518 49.2049
v -45.76371 30.76518 49.22063
v -45.76371 30.76518 40.96095
v -45.78571 30.76518 40.97668
v -44.12173 33.11242 38.10079
v -44.12173 33.11242 29.94483
v -44.1082 34.4007 38.15265
v -44.1082 34.4007 29.89297
v -45.67606 33.11242 38.10079
v -45.69805 33.11242 38.08506
v -45.69806 33.11242 29.96056
v -45.67606 33.11242 29.94483
v -45.67606 34.32203 38.10079
v -45.72269 34.34403 38.11536
v -45.69805 34.32203 38.08506
v -45.67606 34.32203 29.94483
v -45.69805 34.32203 29.96056
v -45.72269 34.34403 29.93025
v -44.11791 34.34403 38.11541
v -44.12173 34.32203 38.10079
v -44.12173 34.32203 29.94483
v -44.11791 34.34403 29.93021
v -45.78571 34.36603 38.13692
v -45.76107 34.34403 38.13808
v -45.76371 34.36603 38.15265
v -45.78571 34.36603 29.9087
v -45.76371 34.36603 29.89297
v -45.76107 34.34403 29.90754
v -44.1082 34.36603 38.15265
v -44.11201 34.34403 38.13803
v -44.11201 34.34403 29.90759
v -44.1082 34.36603 29.89297
v -45.78571 34.4007 38.13692
v -45.76371 34.4007 38.15265
v -45.76371 34.4007 29.89297
v -45.78571 34.4007 29.9087
v -44.12172 33.11242 49.16877
v -44.12173 33.11242 41.0128
v -44.1082 34.4007 49.22063
v -44.1082 34.4007 40.96095
v -45.67606 33.11242 49.16877
v -45.69805 33.11242 49.15304
v -45.69805 33.11242 41.02854
v -45.67606 33.11242 41.0128
v -45.67606 34.32203 49.16877
v -45.72269 34.34403 49.18334
v -45.69805 34.32203 49.15304
v -45.67606 34.32203 41.0128
v -45.69805 34.32203 41.02854
v -45.72269 34.34403 40.99823
v -44.11791 34.34403 49.18339
v -44.12172 34.32203 49.16877
v -44.12173 34.32203 41.0128
v -44.11791 34.34403 40.99818
v -45.78571 34.36603 49.2049
v -45.76107 34.34403 49.20605
v -45.76371 34.36603 49.22063
v -45.78571 34.36603 40.97668
v -45.76371 34.36603 40.96095
v -45.76107 34.34403 40.97552
v -44.1082 34.36603 49.22063
v -44.11201 34.34403 49.20601
v -44.11201 34.34403 40.97556
v -44.1082 34.36603 40.96095
v -45.78571 34.4007 49.2049
v -45.76371 34.4007 49.22063
v -45.76371 34.4007 40.96095
v -45.78571 34.4007 40.97668
v -44.12173 36.74794 38.10079
v -44.12173 36.74794 29.94482
v -44.1082 38.03621 38.15265
v -44.1082 38.03621 29.89297
v -45.67606 36.74794 38.10079
v -45.69805 36.74794 38.08506
v -45.69805 36.74794 29.96056
v -45.67606 36.74794 29.94482
v -45.67606 37.95755 38.10079
v -45.72269 37.97955 38.11536
v -45.69805 37.95755 38.08506
v -45.67606 37.95755 29.94482
v -45.69805 37.95755 29.96056
v -45.72269 37.97955 29.93025
v -44.11791 37.97955 38.11541
v -44.12172 37.95755 38.10079
v -44.12173 37.95755 29.94482
v -44.11791 37.97955 29.93021
v -45.78571 38.00155 38.13692
v -45.76107 37.97955 38.13808
v -45.76371 38.00155 38.15265
v -45.78571 38.00155 29.9087
v -45.76371 38.00155 29.89297
v -45.76107 37.97955 29.90754
v -44.1082 38.00155 38.15265
v -44.11201 37.97955 38.13803
v -44.11201 37.97955 29.90759
v -44.1082 38.00155 29.89297
v -45.78571 38.03621 38.13692
v -45.76371 38.03621 38.15265
v -45.76371 38.03621 29.89297
v -45.78571 38.03621 29.9087
v -44.12172 36.74794 49.16877
v -44.12172 36.74794 41.0128
v -44.1082 38.03622 49.22063
v -44.1082 38.03621 40.96094
v -45.67606 36.74794 49.16877
v -45.69805 36.74794 49.15304
v -45.69805 36.74794 41.02854
v -45.67606 36.74794 41.0128
v -45.67606 37.95755 49.16877
v -45.72269 37.97955 49.18334
v -45.69805 37.95755 49.15304
v -45.67606 37.95755 41.0128
v -45.69805 37.95755 41.02854
v -45.72269 37.97955 40.99823
v -44.11791 37.97955 49.18339
v -44.12172 37.95755 49.16877
v -44.12172 37.95755 41.0128
v -44.11791 37.97955 40.99818
v -45.7857 38.00155 49.2049
v -45.76107 37.97955 49.20605
v -45.76371 38.00155 49.22063
v -45.78571 38.00155 40.97668
v -45.76371 38.00155 40.96094
v -45.76107 37.97955 40.97552
v -44.1082 38.00155 49.22063
v -44.11201 37.97955 49.20601
v -44.11201 37.97955 40.97556
v -44.1082 38.00155 40.96094
v -45.7857 38.03622 49.2049
v -45.76371 38.03622 49.22063
v -45.76371 38.03621 40.96094
v -45.78571 38.03621 40.97668
v -42.07427 -0.050767 41.53347
v -42.07427 -0.050768 36.25519
v -42.07427 3.396442 41.53347
v -42.07427 3.396441 36.25519
v -42.07427 0.184352 41.53347
v -42.07427 3.161323 41.53347
v -42.07427 3.161322 36.25519
v -42.07427 0.184351 36.25519
v -42.07427 3.396442 41.28864
v -42.07427 3.396441 36.50001
v -42.07427 -0.050768 36.50001
v -42.07427 -0.050767 41.28864
v -42.07427 -0.050767 40.92369
v -42.07427 -0.050767 41.05502
v -42.07427 -0.050767 40.6244
v -42.07427 -0.050767 40.75573
v -42.07427 -0.050767 40.32511
v -42.07427 -0.050767 40.45644
v -42.07427 -0.050767 40.02582
v -42.07427 -0.050767 40.15715
v -42.07427 -0.050767 39.72653
v -42.07427 -0.050767 39.85786
v -42.07427 -0.050768 39.42724
v -42.07427 -0.050768 39.55857
v -42.07427 -0.050768 39.12796
v -42.07427 -0.050768 39.25928
v -42.07427 -0.050768 38.82866
v -42.07427 -0.050768 38.95999
v -42.07427 -0.050768 38.52938
v -42.07427 -0.050768 38.66071
v -42.07427 -0.050768 38.23009
v -42.07427 -0.050768 38.36142
v -42.07427 -0.050768 37.9308
v -42.07427 -0.050768 38.06213
v -42.07427 -0.050768 37.63151
v -42.07427 -0.050768 37.76284
v -42.07427 -0.050768 37.33222
v -42.07427 -0.050768 37.46355
v -42.07427 -0.050768 37.03293
v -42.07427 -0.050768 37.16426
v -42.07427 -0.050768 36.73364
v -42.07427 -0.050768 36.86497
v -42.07427 3.396441 36.86497
v -42.07427 3.396441 36.73364
v -42.07427 3.396441 37.16426
v -42.07427 3.396441 37.03293
v -42.07427 3.396441 37.46355
v -42.07427 3.396441 37.33222
v -42.07427 3.396441 37.76284
v -42.07427 3.396441 37.63151
v -42.07427 3.396441 38.06213
v -42.07427 3.396441 37.9308
v -42.07427 3.396441 38.36142
v -42.07427 3.396441 38.23009
v -42.07427 3.396441 38.66071
v -42.07427 3.396441 38.52938
v -42.07427 3.396441 38.95999
v -42.07427 3.396441 38.82866
v -42.07427 3.396441 39.25928
v -42.07427 3.396441 39.12795
v -42.07427 3.396441 39.55857
v -42.07427 3.396441 39.42724
v -42.07427 3.396441 39.85786
v -42.07427 3.396441 39.72653
v -42.07427 3.396441 40.15715
v -42.07427 3.396441 40.02582
v -42.07427 3.396441 40.45644
v -42.07427 3.396441 40.32511
v -42.07427 3.396441 40.75573
v -42.07427 3.396441 40.6244
v -42.07427 3.396441 41.05502
v -42.07427 3.396441 40.92369
v -42.07427 3.080516 36.25519
v -42.07427 0.265156 36.25519
v -42.07427 0.265157 41.53347
v -42.07427 3.080517 41.53347
v -42.01582 3.155323 41.28864
v -42.01582 3.161323 41.28265
v -42.00982 3.155323 41.28265
v -42.01582 3.155322 36.50001
v -42.00982 3.155322 36.50602
v -42.01582 3.161322 36.50602
v -42.01582 0.190352 41.28864
v -42.00982 0.190352 41.28265
v -42.01582 0.184352 41.28265
v -42.01582 0.190351 36.50001
v -42.01582 0.184351 36.50602
v -42.00982 0.190351 36.50602
v -42.06827 3.155322 36.50001
v -42.06827 3.161322 36.50602
v -42.07427 3.167322 36.49401
v -42.06827 3.155323 41.28864
v -42.07427 3.167323 41.29464
v -42.06827 3.161323 41.28265
v -42.06827 0.190351 36.50001
v -42.07427 0.178351 36.49401
v -42.06827 0.184351 36.50602
v -42.06827 0.190352 41.28864
v -42.06827 0.184352 41.28265
v -42.07427 0.178352 41.29464
v -42.00982 3.155323 36.86497
v -42.01582 3.161322 36.86497
v -42.01582 3.161322 36.73364
v -42.00982 3.155323 36.73364
v -42.00982 3.155323 37.16426
v -42.01582 3.161322 37.16426
v -42.01582 3.161322 37.03293
v -42.00982 3.155323 37.03293
v -42.00982 3.155323 37.46355
v -42.01582 3.161322 37.46355
v -42.01582 3.161322 37.33222
v -42.00982 3.155323 37.33222
v -42.00982 3.155323 37.76284
v -42.01582 3.161322 37.76284
v -42.01582 3.161322 37.63151
v -42.00982 3.155323 37.63151
v -42.00982 3.155323 38.06213
v -42.01582 3.161322 38.06213
v -42.01582 3.161322 37.9308
v -42.00982 3.155323 37.9308
v -42.00982 3.155323 38.36142
v -42.01582 3.161322 38.36142
v -42.01582 3.161322 38.23009
v -42.00982 3.155323 38.23009
v -42.00982 3.155323 38.66071
v -42.01582 3.161322 38.66071
v -42.01582 3.161322 38.52938
v -42.00982 3.155323 38.52938
v -42.00982 3.155323 38.95999
v -42.01582 3.161322 38.95999
v -42.01582 3.161322 38.82866
v -42.00982 3.155323 38.82866
v -42.00982 3.155323 39.25928
v -42.01582 3.161322 39.25928
v -42.01582 3.161322 39.12795
v -42.00982 3.155323 39.12795
v -42.00982 3.155323 39.55857
v -42.01582 3.161322 39.55857
v -42.01582 3.161322 39.42724
v -42.00982 3.155323 39.42724
v -42.00982 3.155323 39.85786
v -42.01582 3.161323 39.85786
v -42.01582 3.161323 39.72653
v -42.00982 3.155323 39.72653
v -42.00982 3.155323 40.15715
v -42.01582 3.161323 40.15715
v -42.01582 3.161323 40.02582
v -42.00982 3.155323 40.02582
v -42.00982 3.155323 40.45644
v -42.01582 3.161323 40.45644
v -42.01582 3.161323 40.32511
v -42.00982 3.155323 40.32511
v -42.00982 3.155323 40.75573
v -42.01582 3.161323 40.75573
v -42.01582 3.161323 40.6244
v -42.00982 3.155323 40.6244
v -42.00982 3.155323 41.05502
v -42.01582 3.161323 41.05502
v -42.01582 3.161323 40.92369
v -42.00982 3.155323 40.92369
v -42.00982 0.190351 36.73364
v -42.01582 0.184351 36.73364
v -42.01582 0.184351 36.86497
v -42.00982 0.190351 36.86497
v -42.00982 0.190351 37.03293
v -42.01582 0.184351 37.03293
v -42.01582 0.184351 37.16426
v -42.00982 0.190351 37.16426
v -42.00982 0.190351 37.33222
v -42.01582 0.184351 37.33222
v -42.01582 0.184351 37.46355
v -42.00982 0.190351 37.46355
v -42.00982 0.190351 37.63151
v -42.01582 0.184351 37.63151
v -42.01582 0.184351 37.76284
v -42.00982 0.190351 37.76284
v -42.00982 0.190351 37.9308
v -42.01582 0.184351 37.9308
v -42.01582 0.184351 38.06213
v -42.00982 0.190351 38.06213
v -42.00982 0.190351 38.23009
v -42.01582 0.184351 38.23009
v -42.01582 0.184351 38.36142
v -42.00982 0.190351 38.36142
v -42.00982 0.190351 38.52938
v -42.01582 0.184351 38.52938
v -42.01582 0.184351 38.66071
v -42.00982 0.190351 38.66071
v -42.00982 0.190351 38.82866
v -42.01582 0.184351 38.82866
v -42.01582 0.184351 38.95999
v -42.00982 0.190351 38.95999
v -42.00982 0.190351 39.12796
v -42.01582 0.184351 39.12796
v -42.01582 0.184351 39.25928
v -42.00982 0.190351 39.25928
v -42.00982 0.190351 39.42724
v -42.01582 0.184351 39.42724
v -42.01582 0.184351 39.55857
v -42.00982 0.190351 39.55857
v -42.00982 0.190352 39.72653
v -42.01582 0.184352 39.72653
v -42.01582 0.184352 39.85786
v -42.00982 0.190352 39.85786
v -42.00982 0.190352 40.02582
v -42.01582 0.184352 40.02582
v -42.01582 0.184352 40.15715
v -42.00982 0.190352 40.15715
v -42.00982 0.190352 40.32511
v -42.01582 0.184352 40.32511
v -42.01582 0.184352 40.45644
v -42.00982 0.190352 40.45644
v -42.00982 0.190352 40.6244
v -42.01582 0.184352 40.6244
v -42.01582 0.184352 40.75573
v -42.00982 0.190352 40.75573
v -42.00982 0.190352 40.92369
v -42.01582 0.184352 40.92369
v -42.01582 0.184352 41.05502
v -42.00982 0.190352 41.05502
v -42.07427 0.178351 36.86497
v -42.06827 0.184351 36.86497
v -42.06827 0.184351 36.73364
v -42.07427 0.178351 36.73364
v -42.07427 0.178351 37.16426
v -42.06827 0.184351 37.16426
v -42.06827 0.184351 37.03293
v -42.07427 0.178351 37.03293
v -42.07427 0.178351 37.46355
v -42.06827 0.184351 37.46355
v -42.06827 0.184351 37.33222
v -42.07427 0.178351 37.33222
v -42.07427 0.178351 37.76284
v -42.06827 0.184351 37.76284
v -42.06827 0.184351 37.63151
v -42.07427 0.178351 37.63151
v -42.07427 0.178351 38.06213
v -42.06827 0.184351 38.06213
v -42.06827 0.184351 37.9308
v -42.07427 0.178351 37.9308
v -42.07427 0.178352 38.36142
v -42.06827 0.184351 38.36142
v -42.06827 0.184351 38.23009
v -42.07427 0.178352 38.23009
v -42.07427 0.178352 38.66071
v -42.06827 0.184351 38.66071
v -42.06827 0.184351 38.52938
v -42.07427 0.178352 38.52938
v -42.07427 0.178352 38.95999
v -42.06827 0.184351 38.95999
v -42.06827 0.184351 38.82866
v -42.07427 0.178352 38.82866
v -42.07427 0.178352 39.25928
v -42.06827 0.184351 39.25928
v -42.06827 0.184351 39.12796
v -42.07427 0.178352 39.12796
v -42.07427 0.178352 39.55857
v -42.06827 0.184351 39.55857
v -42.06827 0.184351 39.42724
v -42.07427 0.178352 39.42724
v -42.07427 0.178352 39.85786
v -42.06827 0.184352 39.85786
v -42.06827 0.184352 39.72653
v -42.07427 0.178352 39.72653
v -42.07427 0.178352 40.15715
v -42.06827 0.184352 40.15715
v -42.06827 0.184352 40.02582
v -42.07427 0.178352 40.02582
v -42.07427 0.178352 40.45644
v -42.06827 0.184352 40.45644
v -42.06827 0.184352 40.32511
v -42.07427 0.178352 40.32511
v -42.07427 0.178352 40.75573
v -42.06827 0.184352 40.75573
v -42.06827 0.184352 40.6244
v -42.07427 0.178352 40.6244
v -42.07427 0.178352 41.05502
v -42.06827 0.184352 41.05502
v -42.06827 0.184352 40.92369
v -42.07427 0.178352 40.92369
v -42.07427 3.167322 36.73364
v -42.06827 3.161322 36.73364
v -42.06827 3.161322 36.86497
v -42.07427 3.167322 36.86497
v -42.07427 3.167322 37.03293
v -42.06827 3.161322 37.03293
v -42.06827 3.161322 37.16426
v -42.07427 3.167322 37.16426
v -42.07427 3.167322 37.33222
v -42.06827 3.161322 37.33222
v -42.06827 3.161322 37.46355
v -42.07427 3.167322 37.46355
v -42.07427 3.167322 37.63151
v -42.06827 3.161322 37.63151
v -42.06827 3.161322 37.76284
v -42.07427 3.167322 37.76284
v -42.07427 3.167322 37.9308
v -42.06827 3.161322 37.9308
v -42.06827 3.161322 38.06213
v -42.07427 3.167322 38.06213
v -42.07427 3.167322 38.23009
v -42.06827 3.161322 38.23009
v -42.06827 3.161322 38.36142
v -42.07427 3.167322 38.36142
v -42.07427 3.167322 38.52938
v -42.06827 3.161322 38.52938
v -42.06827 3.161322 38.66071
v -42.07427 3.167322 38.66071
v -42.07427 3.167322 38.82866
v -42.06827 3.161322 38.82866
v -42.06827 3.161322 38.95999
v -42.07427 3.167322 38.95999
v -42.07427 3.167322 39.12795
v -42.06827 3.161322 39.12795
v -42.06827 3.161322 39.25928
v -42.07427 3.167322 39.25928
v -42.07427 3.167322 39.42724
v -42.06827 3.161322 39.42724
v -42.06827 3.161322 39.55857
v -42.07427 3.167322 39.55857
v -42.07427 3.167323 39.72653
v -42.06827 3.161323 39.72653
v -42.06827 3.161323 39.85786
v -42.07427 3.167323 39.85786
v -42.07427 3.167323 40.02582
v -42.06827 3.161323 40.02582
v -42.06827 3.161323 40.15715
v -42.07427 3.167323 40.15715
v -42.07427 3.167323 40.32511
v -42.06827 3.161323 40.32511
v -42.06827 3.161323 40.45644
v -42.07427 3.167323 40.45644
v -42.07427 3.167323 40.6244
v -42.06827 3.161323 40.6244
v -42.06827 3.161323 40.75573
v -42.07427 3.167323 40.75573
v -42.07427 3.167323 40.92369
v -42.06827 3.161323 40.92369
v -42.06827 3.161323 41.05502
v -42.07427 3.167323 41.05502
v -41.89155 0.265156 39.25328
v -41.89155 0.271156 39.25928
v -41.89155 3.074517 39.25928
v -41.89155 3.080517 39.25328
v -41.89155 3.080517 39.13395
v -41.89155 3.074517 39.12795
v -41.89155 0.271156 39.12796
v -41.89155 0.265156 39.13395
v -41.89155 0.265156 38.95399
v -41.89155 0.271156 38.95999
v -41.89155 3.074517 38.95999
v -41.89155 3.080517 38.95399
v -41.89155 3.080517 38.83466
v -41.89155 3.074517 38.82866
v -41.89155 0.271156 38.82866
v -41.89155 0.265156 38.83466
v -41.89155 0.265156 38.6547
v -41.89155 0.271156 38.66071
v -41.89155 3.074517 38.66071
v -41.89155 3.080517 38.6547
v -41.89155 3.080517 38.53537
v -41.89155 3.074517 38.52938
v -41.89155 0.271156 38.52938
v -41.89155 0.265156 38.53538
v -41.89155 0.265156 38.35542
v -41.89155 0.271156 38.36142
v -41.89155 3.074517 38.36142
v -41.89155 3.080517 38.35542
v -41.89155 3.080517 38.23609
v -41.89155 3.074517 38.23009
v -41.89155 0.271156 38.23009
v -41.89155 0.265156 38.23609
v -41.89155 0.265156 38.05613
v -41.89155 0.271156 38.06213
v -41.89155 3.074516 38.06213
v -41.89155 3.080516 38.05613
v -41.89155 3.080516 37.9368
v -41.89155 3.074516 37.9308
v -41.89155 0.271156 37.9308
v -41.89155 0.265156 37.9368
v -41.89155 0.265156 37.75684
v -41.89155 0.271156 37.76284
v -41.89155 3.074516 37.76284
v -41.89155 3.080516 37.75684
v -41.89155 3.080516 37.63751
v -41.89155 3.074516 37.63151
v -41.89155 0.271156 37.63151
v -41.89155 0.265156 37.63751
v -41.89155 0.265156 37.45755
v -41.89155 0.271156 37.46355
v -41.89155 3.074516 37.46355
v -41.89155 3.080516 37.45755
v -41.89155 3.080516 37.33822
v -41.89155 3.074516 37.33222
v -41.89155 0.271156 37.33222
v -41.89155 0.265156 37.33822
v -41.89155 0.265156 37.15826
v -41.89155 0.271156 37.16426
v -41.89155 3.074516 37.16426
v -41.89155 3.080516 37.15826
v -41.89155 3.080516 37.03893
v -41.89155 3.074516 37.03293
v -41.89155 0.271156 37.03293
v -41.89155 0.265156 37.03893
v -41.89155 0.265156 36.85897
v -41.89155 0.271156 36.86497
v -41.89155 3.074516 36.86497
v -41.89155 3.080516 36.85897
v -41.89155 3.080516 36.73964
v -41.89155 3.074516 36.73364
v -41.89155 0.271156 36.73364
v -41.89155 0.265156 36.73964
v -42.01582 0.265156 36.50001
v -42.00982 0.265156 36.50602
v -42.00982 3.080516 36.50602
v -42.01582 3.080516 36.50001
v -42.01582 3.080517 41.28864
v -42.00982 3.080517 41.28265
v -42.00982 0.265157 41.28265
v -42.01582 0.265157 41.28864
v -42.07427 3.080517 41.29464
v -42.06827 3.080517 41.28864
v -42.06827 0.265157 41.28864
v -42.07427 0.265157 41.29464
v -42.07427 0.265156 36.49401
v -42.06827 0.265156 36.50001
v -42.06827 3.080516 36.50001
v -42.07427 3.080516 36.49401
v -42.00382 0.265157 40.92969
v -42.00382 0.271157 40.92369
v -42.00982 0.259157 40.91769
v -42.00382 3.080517 40.92969
v -42.00982 3.086516 40.91769
v -42.00382 3.074517 40.92369
v -42.00382 3.074517 41.05502
v -42.00982 3.086516 41.06102
v -42.00382 3.080517 41.04902
v -42.00382 0.265157 41.04902
v -42.00982 0.259157 41.06102
v -42.00382 0.271157 41.05502
v -42.00382 0.265157 40.6304
v -42.00382 0.271157 40.6244
v -42.00982 0.259157 40.6184
v -42.00382 3.080517 40.6304
v -42.00982 3.086516 40.6184
v -42.00382 3.074517 40.6244
v -42.00382 3.074517 40.75573
v -42.00982 3.086516 40.76173
v -42.00382 3.080517 40.74973
v -42.00382 0.265157 40.74973
v -42.00982 0.259157 40.76173
v -42.00382 0.271157 40.75573
v -42.00382 0.265157 40.33111
v -42.00382 0.271157 40.32511
v -42.00982 0.259157 40.31911
v -42.00382 3.080517 40.33111
v -42.00982 3.086516 40.31911
v -42.00382 3.074517 40.32511
v -42.00382 3.074517 40.45644
v -42.00982 3.086516 40.46244
v -42.00382 3.080517 40.45044
v -42.00382 0.265157 40.45044
v -42.00982 0.259157 40.46244
v -42.00382 0.271157 40.45644
v -42.00382 0.265157 40.03182
v -42.00382 0.271157 40.02582
v -42.00982 0.259157 40.01982
v -42.00382 3.080517 40.03182
v -42.00982 3.086516 40.01982
v -42.00382 3.074517 40.02582
v -42.00382 3.074517 40.15715
v -42.00982 3.086516 40.16315
v -42.00382 3.080517 40.15115
v -42.00382 0.265157 40.15115
v -42.00982 0.259157 40.16316
v -42.00382 0.271157 40.15715
v -42.00382 0.265157 39.73253
v -42.00382 0.271157 39.72653
v -42.00982 0.259157 39.72053
v -42.00382 3.080517 39.73253
v -42.00982 3.086516 39.72053
v -42.00382 3.074517 39.72653
v -42.00382 3.074517 39.85786
v -42.00982 3.086516 39.86386
v -42.00382 3.080517 39.85186
v -42.00382 0.265157 39.85186
v -42.00982 0.259157 39.86386
v -42.00382 0.271157 39.85786
v -42.00382 0.271156 39.42724
v -42.00982 0.259156 39.42124
v -42.00382 0.265156 39.43324
v -42.00382 3.074517 39.42724
v -42.00382 3.080517 39.43324
v -42.00982 3.086516 39.42124
v -42.00382 3.080517 39.55257
v -42.00382 3.074517 39.55857
v -42.00982 3.086516 39.56457
v -42.00382 0.271156 39.55857
v -42.00382 0.265156 39.55257
v -42.00982 0.259156 39.56457
v -42.00382 0.271156 39.12796
v -42.00982 0.259156 39.12196
v -42.00382 0.265156 39.13395
v -42.00382 3.080517 39.13395
v -42.00982 3.086516 39.12196
v -42.00382 3.074517 39.12795
v -42.00382 3.080517 39.25328
v -42.00382 3.074517 39.25928
v -42.00982 3.086516 39.26528
v -42.00382 0.271156 39.25928
v -42.00382 0.265156 39.25328
v -42.00982 0.259156 39.26528
v -42.00382 0.265156 38.83466
v -42.00382 0.271156 38.82866
v -42.00982 0.259156 38.82267
v -42.00382 3.080517 38.83466
v -42.00982 3.086516 38.82267
v -42.00382 3.074517 38.82866
v -42.00382 3.074517 38.95999
v -42.00982 3.086516 38.966
v -42.00382 3.080517 38.95399
v -42.00382 0.265156 38.95399
v -42.00982 0.259156 38.966
v -42.00382 0.271156 38.95999
v -42.00382 0.265156 38.53538
v -42.00382 0.271156 38.52938
v -42.00982 0.259156 38.52338
v -42.00382 3.080517 38.53537
v -42.00982 3.086516 38.52338
v -42.00382 3.074517 38.52938
v -42.00382 3.074517 38.66071
v -42.00982 3.086516 38.66671
v -42.00382 3.080517 38.6547
v -42.00382 0.265156 38.6547
v -42.00982 0.259156 38.66671
v -42.00382 0.271156 38.66071
v -42.00382 0.265156 38.23609
v -42.00382 0.271156 38.23009
v -42.00982 0.259156 38.22409
v -42.00382 3.080517 38.23609
v -42.00982 3.086516 38.22409
v -42.00382 3.074517 38.23009
v -42.00382 3.074517 38.36142
v -42.00982 3.086516 38.36742
v -42.00382 3.080517 38.35542
v -42.00382 0.265156 38.35542
v -42.00982 0.259156 38.36742
v -42.00382 0.271156 38.36142
v -42.00382 0.265156 37.9368
v -42.00382 0.271156 37.9308
v -42.00982 0.259156 37.9248
v -42.00382 3.080516 37.9368
v -42.00982 3.086516 37.9248
v -42.00382 3.074516 37.9308
v -42.00382 3.074516 38.06213
v -42.00982 3.086516 38.06813
v -42.00382 3.080516 38.05613
v -42.00382 0.265156 38.05613
v -42.00982 0.259156 38.06813
v -42.00382 0.271156 38.06213
v -42.00382 0.265156 37.63751
v -42.00382 0.271156 37.63151
v -42.00982 0.259156 37.62551
v -42.00382 3.074516 37.63151
v -42.00382 3.080516 37.63751
v -42.00982 3.086516 37.62551
v -42.00382 3.074516 37.76284
v -42.00982 3.086516 37.76884
v -42.00382 3.080516 37.75684
v -42.00382 0.265156 37.75684
v -42.00982 0.259156 37.76884
v -42.00382 0.271156 37.76284
v -42.00382 0.271156 37.33222
v -42.00982 0.259156 37.32622
v -42.00382 0.265156 37.33822
v -42.00382 3.074516 37.33222
v -42.00382 3.080516 37.33822
v -42.00982 3.086516 37.32622
v -42.00382 3.080516 37.45755
v -42.00382 3.074516 37.46355
v -42.00982 3.086516 37.46955
v -42.00382 0.271156 37.46355
v -42.00382 0.265156 37.45755
v -42.00982 0.259156 37.46955
v -42.00382 0.265156 37.03893
v -42.00382 0.271156 37.03293
v -42.00982 0.259156 37.02693
v -42.00382 3.080516 37.03893
v -42.00982 3.086516 37.02693
v -42.00382 3.074516 37.03293
v -42.00382 3.074516 37.16426
v -42.00982 3.086516 37.17026
v -42.00382 3.080516 37.15826
v -42.00382 0.271156 37.16426
v -42.00382 0.265156 37.15826
v -42.00982 0.259156 37.17026
v -42.00382 0.265156 36.73964
v -42.00382 0.271156 36.73364
v -42.00982 0.259156 36.72764
v -42.00382 3.080516 36.73964
v -42.00982 3.086516 36.72764
v -42.00382 3.074516 36.73364
v -42.00382 3.074516 36.86497
v -42.00982 3.086516 36.87097
v -42.00382 3.080516 36.85897
v -42.00382 0.265156 36.85897
v -42.00982 0.259156 36.87097
v -42.00382 0.271156 36.86497
v -41.89155 0.271156 39.42724
v -41.89155 0.265156 39.43324
v -41.89155 3.080517 39.43324
v -41.89155 3.074517 39.42724
v -41.89155 3.074517 39.55857
v -41.89155 3.080517 39.55257
v -41.89155 0.265156 39.55257
v -41.89155 0.271156 39.55857
v -41.89155 0.271157 39.72653
v -41.89155 0.265157 39.73253
v -41.89155 3.080517 39.73253
v -41.89155 3.074517 39.72653
v -41.89155 3.074517 39.85786
v -41.89155 3.080517 39.85186
v -41.89155 0.265157 39.85186
v -41.89155 0.271157 39.85786
v -41.89155 0.271157 40.02582
v -41.89155 0.265157 40.03182
v -41.89155 3.080517 40.03182
v -41.89155 3.074517 40.02582
v -41.89155 3.074517 40.15715
v -41.89155 3.080517 40.15115
v -41.89155 0.265157 40.15115
v -41.89155 0.271157 40.15715
v -41.89155 0.271157 40.32511
v -41.89155 0.265157 40.33111
v -41.89155 3.080517 40.33111
v -41.89155 3.074517 40.32511
v -41.89155 3.074517 40.45644
v -41.89155 3.080517 40.45044
v -41.89155 0.265157 40.45044
v -41.89155 0.271157 40.45644
v -41.89155 0.271157 40.6244
v -41.89155 0.265157 40.6304
v -41.89155 3.080517 40.6304
v -41.89155 3.074517 40.6244
v -41.89155 3.074517 40.75573
v -41.89155 3.080517 40.74973
v -41.89155 0.265157 40.74973
v -41.89155 0.271157 40.75573
v -41.89155 0.271157 40.92369
v -41.89155 0.265157 40.92969
v -41.89155 3.080517 40.92969
v -41.89155 3.074517 40.92369
v -41.89155 3.074517 41.05502
v -41.89155 3.080517 41.04902
v -41.89155 0.265157 41.04902
v -41.89155 0.271157 41.05502
v -42.07427 -0.050768 34.68289
v -42.07427 -0.050768 29.40461
v -42.07427 3.396441 34.68289
v -42.07427 3.396441 29.40461
v -42.07427 0.184351 34.68289
v -42.07427 3.161322 34.68289
v -42.07427 3.161322 29.40461
v -42.07427 0.184351 29.40461
v -42.07427 3.396441 34.43806
v -42.07427 3.396441 29.64943
v -42.07427 -0.050768 29.64943
v -42.07427 -0.050768 34.43807
v -42.07427 -0.050768 34.07311
v -42.07427 -0.050768 34.20444
v -42.07427 -0.050768 33.77382
v -42.07427 -0.050768 33.90515
v -42.07427 -0.050768 33.47453
v -42.07427 -0.050768 33.60586
v -42.07427 -0.050768 33.17524
v -42.07427 -0.050768 33.30657
v -42.07427 -0.050768 32.87595
v -42.07427 -0.050768 33.00728
v -42.07427 -0.050768 32.57666
v -42.07427 -0.050768 32.70799
v -42.07427 -0.050768 32.27737
v -42.07427 -0.050768 32.4087
v -42.07427 -0.050768 31.97808
v -42.07427 -0.050768 32.10941
v -42.07427 -0.050768 31.67879
v -42.07427 -0.050768 31.81012
v -42.07427 -0.050768 31.37951
v -42.07427 -0.050768 31.51083
v -42.07427 -0.050768 31.08021
v -42.07427 -0.050768 31.21154
v -42.07427 -0.050768 30.78093
v -42.07427 -0.050768 30.91226
v -42.07427 -0.050768 30.48164
v -42.07427 -0.050768 30.61296
v -42.07427 -0.050768 30.18235
v -42.07427 -0.050768 30.31368
v -42.07427 -0.050768 29.88306
v -42.07427 -0.050768 30.01439
v -42.07427 3.396441 30.01439
v -42.07427 3.396441 29.88306
v -42.07427 3.396441 30.31368
v -42.07427 3.396441 30.18235
v -42.07427 3.396441 30.61296
v -42.07427 3.396441 30.48164
v -42.07427 3.396441 30.91225
v -42.07427 3.396441 30.78093
v -42.07427 3.396441 31.21154
v -42.07427 3.396441 31.08021
v -42.07427 3.396441 31.51083
v -42.07427 3.396441 31.37951
v -42.07427 3.396441 31.81012
v -42.07427 3.396441 31.67879
v -42.07427 3.396441 32.10941
v -42.07427 3.396441 31.97808
v -42.07427 3.396441 32.4087
v -42.07427 3.396441 32.27737
v -42.07427 3.396441 32.70799
v -42.07427 3.396441 32.57666
v -42.07427 3.396441 33.00728
v -42.07427 3.396441 32.87595
v -42.07427 3.396441 33.30657
v -42.07427 3.396441 33.17524
v -42.07427 3.396441 33.60586
v -42.07427 3.396441 33.47453
v -42.07427 3.396441 33.90515
v -42.07427 3.396441 33.77382
v -42.07427 3.396441 34.20444
v -42.07427 3.396441 34.07311
v -42.07427 3.080516 29.40461
v -42.07427 0.265156 29.40461
v -42.07427 0.265156 34.68289
v -42.07427 3.080516 34.68289
v -42.01582 3.155322 34.43806
v -42.01582 3.161322 34.43206
v -42.00982 3.155322 34.43206
v -42.01582 3.155322 29.64943
v -42.00982 3.155322 29.65543
v -42.01582 3.161322 29.65543
v -42.01582 0.190351 34.43806
v -42.00982 0.190351 34.43206
v -42.01582 0.184351 34.43206
v -42.01582 0.190351 29.64943
v -42.01582 0.184351 29.65543
v -42.00982 0.190351 29.65543
v -42.06827 3.155322 29.64943
v -42.06827 3.161322 29.65543
v -42.07427 3.167322 29.64343
v -42.06827 3.155322 34.43806
v -42.07427 3.167322 34.44406
v -42.06827 3.161322 34.43206
v -42.06827 0.190351 29.64943
v -42.07427 0.178351 29.64343
v -42.06827 0.184351 29.65543
v -42.06827 0.190351 34.43806
v -42.06827 0.184351 34.43206
v -42.07427 0.178351 34.44406
v -42.00982 3.155322 30.01439
v -42.01582 3.161322 30.01439
v -42.01582 3.161322 29.88306
v -42.00982 3.155322 29.88306
v -42.00982 3.155322 30.31368
v -42.01582 3.161322 30.31368
v -42.01582 3.161322 30.18235
v -42.00982 3.155322 30.18235
v -42.00982 3.155322 30.61296
v -42.01582 3.161322 30.61296
v -42.01582 3.161322 30.48164
v -42.00982 3.155322 30.48164
v -42.00982 3.155322 30.91226
v -42.01582 3.161322 30.91226
v -42.01582 3.161322 30.78093
v -42.00982 3.155322 30.78093
v -42.00982 3.155322 31.21154
v -42.01582 3.161322 31.21154
v -42.01582 3.161322 31.08021
v -42.00982 3.155322 31.08021
v -42.00982 3.155322 31.51083
v -42.01582 3.161322 31.51083
v -42.01582 3.161322 31.37951
v -42.00982 3.155322 31.37951
v -42.00982 3.155322 31.81012
v -42.01582 3.161322 31.81012
v -42.01582 3.161322 31.67879
v -42.00982 3.155322 31.67879
v -42.00982 3.155322 32.10941
v -42.01582 3.161322 32.10941
v -42.01582 3.161322 31.97808
v -42.00982 3.155322 31.97808
v -42.00982 3.155322 32.4087
v -42.01582 3.161322 32.4087
v -42.01582 3.161322 32.27737
v -42.00982 3.155322 32.27737
v -42.00982 3.155322 32.70799
v -42.01582 3.161322 32.70799
v -42.01582 3.161322 32.57666
v -42.00982 3.155322 32.57666
v -42.00982 3.155322 33.00728
v -42.01582 3.161322 33.00728
v -42.01582 3.161322 32.87595
v -42.00982 3.155322 32.87595
v -42.00982 3.155322 33.30657
v -42.01582 3.161322 33.30657
v -42.01582 3.161322 33.17524
v -42.00982 3.155322 33.17524
v -42.00982 3.155322 33.60586
v -42.01582 3.161322 33.60586
v -42.01582 3.161322 33.47453
v -42.00982 3.155322 33.47453
v -42.00982 3.155322 33.90515
v -42.01582 3.161322 33.90515
v -42.01582 3.161322 33.77382
v -42.00982 3.155322 33.77382
v -42.00982 3.155322 34.20444
v -42.01582 3.161322 34.20444
v -42.01582 3.161322 34.07311
v -42.00982 3.155322 34.07311
v -42.00982 0.190351 29.88306
v -42.01582 0.184351 29.88306
v -42.01582 0.184351 30.01439
v -42.00982 0.190351 30.01439
v -42.00982 0.190351 30.18235
v -42.01582 0.184351 30.18235
v -42.01582 0.184351 30.31368
v -42.00982 0.190351 30.31368
v -42.00982 0.190351 30.48164
v -42.01582 0.184351 30.48164
v -42.01582 0.184351 30.61296
v -42.00982 0.190351 30.61296
v -42.00982 0.190351 30.78093
v -42.01582 0.184351 30.78093
v -42.01582 0.184351 30.91226
v -42.00982 0.190351 30.91226
v -42.00982 0.190351 31.08021
v -42.01582 0.184351 31.08021
v -42.01582 0.184351 31.21154
v -42.00982 0.190351 31.21154
v -42.00982 0.190351 31.37951
v -42.01582 0.184351 31.37951
v -42.01582 0.184351 31.51083
v -42.00982 0.190351 31.51083
v -42.00982 0.190351 31.67879
v -42.01582 0.184351 31.67879
v -42.01582 0.184351 31.81012
v -42.00982 0.190351 31.81012
v -42.00982 0.190351 31.97808
v -42.01582 0.184351 31.97808
v -42.01582 0.184351 32.10941
v -42.00982 0.190351 32.10941
v -42.00982 0.190351 32.27737
v -42.01582 0.184351 32.27737
v -42.01582 0.184351 32.4087
v -42.00982 0.190351 32.4087
v -42.00982 0.190351 32.57666
v -42.01582 0.184351 32.57666
v -42.01582 0.184351 32.70799
v -42.00982 0.190351 32.70799
v -42.00982 0.190351 32.87595
v -42.01582 0.184351 32.87595
v -42.01582 0.184351 33.00728
v -42.00982 0.190351 33.00728
v -42.00982 0.190351 33.17524
v -42.01582 0.184351 33.17524
v -42.01582 0.184351 33.30657
v -42.00982 0.190351 33.30657
v -42.00982 0.190351 33.47453
v -42.01582 0.184351 33.47453
v -42.01582 0.184351 33.60586
v -42.00982 0.190351 33.60586
v -42.00982 0.190351 33.77382
v -42.01582 0.184351 33.77382
v -42.01582 0.184351 33.90515
v -42.00982 0.190351 33.90515
v -42.00982 0.190351 34.07311
v -42.01582 0.184351 34.07311
v -42.01582 0.184351 34.20444
v -42.00982 0.190351 34.20444
v -42.07427 0.178351 30.01439
v -42.06827 0.184351 30.01439
v -42.06827 0.184351 29.88306
v -42.07427 0.178351 29.88306
v -42.07427 0.178351 30.31368
v -42.06827 0.184351 30.31368
v -42.06827 0.184351 30.18235
v -42.07427 0.178351 30.18235
v -42.07427 0.178351 30.61296
v -42.06827 0.184351 30.61296
v -42.06827 0.184351 30.48164
v -42.07427 0.178351 30.48164
v -42.07427 0.178351 30.91226
v -42.06827 0.184351 30.91226
v -42.06827 0.184351 30.78093
v -42.07427 0.178351 30.78093
v -42.07427 0.178351 31.21154
v -42.06827 0.184351 31.21154
v -42.06827 0.184351 31.08021
v -42.07427 0.178351 31.08021
v -42.07427 0.178351 31.51083
v -42.06827 0.184351 31.51083
v -42.06827 0.184351 31.37951
v -42.07427 0.178351 31.37951
v -42.07427 0.178351 31.81012
v -42.06827 0.184351 31.81012
v -42.06827 0.184351 31.67879
v -42.07427 0.178351 31.67879
v -42.07427 0.178351 32.10941
v -42.06827 0.184351 32.10941
v -42.06827 0.184351 31.97808
v -42.07427 0.178351 31.97808
v -42.07427 0.178351 32.4087
v -42.06827 0.184351 32.4087
v -42.06827 0.184351 32.27737
v -42.07427 0.178351 32.27737
v -42.07427 0.178351 32.70799
v -42.06827 0.184351 32.70799
v -42.06827 0.184351 32.57666
v -42.07427 0.178351 32.57666
v -42.07427 0.178351 33.00728
v -42.06827 0.184351 33.00728
v -42.06827 0.184351 32.87595
v -42.07427 0.178351 32.87595
v -42.07427 0.178351 33.30657
v -42.06827 0.184351 33.30657
v -42.06827 0.184351 33.17524
v -42.07427 0.178351 33.17524
v -42.07427 0.178351 33.60586
v -42.06827 0.184351 33.60586
v -42.06827 0.184351 33.47453
v -42.07427 0.178351 33.47453
v -42.07427 0.178351 33.90515
v -42.06827 0.184351 33.90515
v -42.06827 0.184351 33.77382
v -42.07427 0.178351 33.77382
v -42.07427 0.178351 34.20444
v -42.06827 0.184351 34.20444
v -42.06827 0.184351 34.07311
v -42.07427 0.178351 34.07311
v -42.07427 3.167322 29.88306
v -42.06827 3.161322 29.88306
v -42.06827 3.161322 30.01439
v -42.07427 3.167322 30.01439
v -42.07427 3.167322 30.18235
v -42.06827 3.161322 30.18235
v -42.06827 3.161322 30.31368
v -42.07427 3.167322 30.31368
v -42.07427 3.167322 30.48164
v -42.06827 3.161322 30.48164
v -42.06827 3.161322 30.61296
v -42.07427 3.167322 30.61296
v -42.07427 3.167322 30.78093
v -42.06827 3.161322 30.78093
v -42.06827 3.161322 30.91226
v -42.07427 3.167322 30.91226
v -42.07427 3.167322 31.08021
v -42.06827 3.161322 31.08021
v -42.06827 3.161322 31.21154
v -42.07427 3.167322 31.21154
v -42.07427 3.167322 31.37951
v -42.06827 3.161322 31.37951
v -42.06827 3.161322 31.51083
v -42.07427 3.167322 31.51083
v -42.07427 3.167322 31.67879
v -42.06827 3.161322 31.67879
v -42.06827 3.161322 31.81012
v -42.07427 3.167322 31.81012
v -42.07427 3.167322 31.97808
v -42.06827 3.161322 31.97808
v -42.06827 3.161322 32.10941
v -42.07427 3.167322 32.10941
v -42.07427 3.167322 32.27737
v -42.06827 3.161322 32.27737
v -42.06827 3.161322 32.4087
v -42.07427 3.167322 32.4087
v -42.07427 3.167322 32.57666
v -42.06827 3.161322 32.57666
v -42.06827 3.161322 32.70799
v -42.07427 3.167322 32.70799
v -42.07427 3.167322 32.87595
v -42.06827 3.161322 32.87595
v -42.06827 3.161322 33.00728
v -42.07427 3.167322 33.00728
v -42.07427 3.167322 33.17524
v -42.06827 3.161322 33.17524
v -42.06827 3.161322 33.30657
v -42.07427 3.167322 33.30657
v -42.07427 3.167322 33.47453
v -42.06827 3.161322 33.47453
v -42.06827 3.161322 33.60586
v -42.07427 3.167322 33.60586
v -42.07427 3.167322 33.77382
v -42.06827 3.161322 33.77382
v -42.06827 3.161322 33.90515
v -42.07427 3.167322 33.90515
v -42.07427 3.167322 34.07311
v -42.06827 3.161322 34.07311
v -42.06827 3.161322 34.20444
v -42.07427 3.167322 34.20444
v -41.89155 0.265156 32.4027
v -41.89155 0.271156 32.4087
v -41.89155 3.074516 32.4087
v -41.89155 3.080516 32.4027
v -41.89155 3.080516 32.28337
v -41.89155 3.074516 32.27737
v -41.89155 0.271156 32.27737
v -41.89155 0.265156 32.28337
v -41.89155 0.265156 32.10341
v -41.89155 0.271156 32.10941
v -41.89155 3.074516 32.10941
v -41.89155 3.080516 32.10341
v -41.89155 3.080516 31.98408
v -41.89155 3.074516 31.97808
v -41.89155 0.271156 31.97808
v -41.89155 0.265156 31.98408
v -41.89155 0.265156 31.80412
v -41.89155 0.271156 31.81012
v -41.89155 3.074516 31.81012
v -41.89155 3.080516 31.80412
v -41.89155 3.080516 31.68479
v -41.89155 3.074516 31.67879
v -41.89155 0.271156 31.67879
v -41.89155 0.265156 31.68479
v -41.89155 0.265156 31.50483
v -41.89155 0.271156 31.51083
v -41.89155 3.074516 31.51083
v -41.89155 3.080516 31.50483
v -41.89155 3.080516 31.3855
v -41.89155 3.074516 31.37951
v -41.89155 0.271156 31.37951
v -41.89155 0.265156 31.3855
v -41.89155 0.265156 31.20555
v -41.89155 0.271156 31.21154
v -41.89155 3.074516 31.21154
v -41.89155 3.080516 31.20554
v -41.89155 3.080516 31.08621
v -41.89155 3.074516 31.08021
v -41.89155 0.271156 31.08021
v -41.89155 0.265156 31.08621
v -41.89155 0.265156 30.90626
v -41.89155 0.271156 30.91226
v -41.89155 3.074516 30.91226
v -41.89155 3.080516 30.90626
v -41.89155 3.080516 30.78693
v -41.89155 3.074516 30.78093
v -41.89155 0.271156 30.78093
v -41.89155 0.265156 30.78693
v -41.89155 0.265156 30.60697
v -41.89155 0.271156 30.61296
v -41.89155 3.074516 30.61296
v -41.89155 3.080516 30.60697
v -41.89155 3.080516 30.48764
v -41.89155 3.074516 30.48164
v -41.89155 0.271156 30.48164
v -41.89155 0.265156 30.48764
v -41.89155 0.265156 30.30768
v -41.89155 0.271156 30.31368
v -41.89155 3.074516 30.31368
v -41.89155 3.080516 30.30768
v -41.89155 3.080516 30.18835
v -41.89155 3.074516 30.18235
v -41.89155 0.271156 30.18235
v -41.89155 0.265156 30.18835
v -41.89155 0.265156 30.00839
v -41.89155 0.271156 30.01439
v -41.89155 3.074516 30.01439
v -41.89155 3.080516 30.00839
v -41.89155 3.080516 29.88906
v -41.89155 3.074516 29.88306
v -41.89155 0.271156 29.88306
v -41.89155 0.265156 29.88906
v -42.01582 0.265156 29.64943
v -42.00982 0.265156 29.65543
v -42.00982 3.080516 29.65543
v -42.01582 3.080516 29.64943
v -42.01582 3.080516 34.43806
v -42.00982 3.080516 34.43206
v -42.00982 0.265156 34.43206
v -42.01582 0.265156 34.43806
v -42.07427 3.080516 34.44406
v -42.06827 3.080516 34.43806
v -42.06827 0.265156 34.43806
v -42.07427 0.265156 34.44406
v -42.07427 0.265156 29.64343
v -42.06827 0.265156 29.64943
v -42.06827 3.080516 29.64943
v -42.07427 3.080516 29.64343
v -42.00382 0.265156 34.07911
v -42.00382 0.271156 34.07311
v -42.00982 0.259156 34.06711
v -42.00382 3.080516 34.07911
v -42.00982 3.086516 34.06711
v -42.00382 3.074516 34.07311
v -42.00382 3.074516 34.20444
v -42.00982 3.086516 34.21044
v -42.00382 3.080516 34.19844
v -42.00382 0.265156 34.19844
v -42.00982 0.259156 34.21044
v -42.00382 0.271156 34.20444
v -42.00382 0.265156 33.77982
v -42.00382 0.271156 33.77382
v -42.00982 0.259156 33.76782
v -42.00382 3.080516 33.77982
v -42.00982 3.086516 33.76782
v -42.00382 3.074516 33.77382
v -42.00382 3.074516 33.90515
v -42.00982 3.086516 33.91115
v -42.00382 3.080516 33.89915
v -42.00382 0.265156 33.89915
v -42.00982 0.259156 33.91115
v -42.00382 0.271156 33.90515
v -42.00382 0.265156 33.48053
v -42.00382 0.271156 33.47453
v -42.00982 0.259156 33.46853
v -42.00382 3.080516 33.48053
v -42.00982 3.086516 33.46853
v -42.00382 3.074516 33.47453
v -42.00382 3.074516 33.60586
v -42.00982 3.086516 33.61186
v -42.00382 3.080516 33.59986
v -42.00382 0.265156 33.59986
v -42.00982 0.259156 33.61186
v -42.00382 0.271156 33.60586
v -42.00382 0.265156 33.18124
v -42.00382 0.271156 33.17524
v -42.00982 0.259156 33.16924
v -42.00382 3.080516 33.18124
v -42.00982 3.086516 33.16924
v -42.00382 3.074516 33.17524
v -42.00382 3.074516 33.30657
v -42.00982 3.086516 33.31257
v -42.00382 3.080516 33.30057
v -42.00382 0.265156 33.30057
v -42.00982 0.259156 33.31257
v -42.00382 0.271156 33.30657
v -42.00382 0.265156 32.88195
v -42.00382 0.271156 32.87595
v -42.00982 0.259156 32.86995
v -42.00382 3.080516 32.88195
v -42.00982 3.086516 32.86995
v -42.00382 3.074516 32.87595
v -42.00382 3.074516 33.00728
v -42.00982 3.086516 33.01328
v -42.00382 3.080516 33.00128
v -42.00382 0.265156 33.00128
v -42.00982 0.259156 33.01328
v -42.00382 0.271156 33.00728
v -42.00382 0.271156 32.57666
v -42.00982 0.259156 32.57066
v -42.00382 0.265156 32.58266
v -42.00382 3.074516 32.57666
v -42.00382 3.080516 32.58266
v -42.00982 3.086516 32.57066
v -42.00382 3.080516 32.70199
v -42.00382 3.074516 32.70799
v -42.00982 3.086516 32.71399
v -42.00382 0.271156 32.70799
v -42.00382 0.265156 32.70199
v -42.00982 0.259156 32.71399
v -42.00382 0.271156 32.27737
v -42.00982 0.259156 32.27137
v -42.00382 0.265156 32.28337
v -42.00382 3.080516 32.28337
v -42.00982 3.086516 32.27137
v -42.00382 3.074516 32.27737
v -42.00382 3.080516 32.4027
v -42.00382 3.074516 32.4087
v -42.00982 3.086516 32.4147
v -42.00382 0.271156 32.4087
v -42.00382 0.265156 32.4027
v -42.00982 0.259156 32.4147
v -42.00382 0.265156 31.98408
v -42.00382 0.271156 31.97808
v -42.00982 0.259156 31.97208
v -42.00382 3.080516 31.98408
v -42.00982 3.086516 31.97208
v -42.00382 3.074516 31.97808
v -42.00382 3.074516 32.10941
v -42.00982 3.086516 32.11541
v -42.00382 3.080516 32.10341
v -42.00382 0.265156 32.10341
v -42.00982 0.259156 32.11541
v -42.00382 0.271156 32.10941
v -42.00382 0.265156 31.68479
v -42.00382 0.271156 31.67879
v -42.00982 0.259156 31.67279
v -42.00382 3.080516 31.68479
v -42.00982 3.086516 31.67279
v -42.00382 3.074516 31.67879
v -42.00382 3.074516 31.81012
v -42.00982 3.086516 31.81612
v -42.00382 3.080516 31.80412
v -42.00382 0.265156 31.80412
v -42.00982 0.259156 31.81612
v -42.00382 0.271156 31.81012
v -42.00382 0.265156 31.3855
v -42.00382 0.271156 31.37951
v -42.00982 0.259156 31.37351
v -42.00382 3.080516 31.3855
v -42.00982 3.086516 31.37351
v -42.00382 3.074516 31.37951
v -42.00382 3.074516 31.51083
v -42.00982 3.086516 31.51683
v -42.00382 3.080516 31.50483
v -42.00382 0.265156 31.50483
v -42.00982 0.259156 31.51683
v -42.00382 0.271156 31.51083
v -42.00382 0.265156 31.08621
v -42.00382 0.271156 31.08021
v -42.00982 0.259156 31.07421
v -42.00382 3.080516 31.08621
v -42.00982 3.086516 31.07421
v -42.00382 3.074516 31.08021
v -42.00382 3.074516 31.21154
v -42.00982 3.086516 31.21755
v -42.00382 3.080516 31.20554
v -42.00382 0.265156 31.20555
v -42.00982 0.259156 31.21755
v -42.00382 0.271156 31.21154
v -42.00382 0.265156 30.78693
v -42.00382 0.271156 30.78093
v -42.00982 0.259156 30.77492
v -42.00382 3.074516 30.78093
v -42.00382 3.080516 30.78693
v -42.00982 3.086516 30.77492
v -42.00382 3.074516 30.91226
v -42.00982 3.086516 30.91825
v -42.00382 3.080516 30.90626
v -42.00382 0.265156 30.90626
v -42.00982 0.259156 30.91825
v -42.00382 0.271156 30.91226
v -42.00382 0.271156 30.48164
v -42.00982 0.259156 30.47564
v -42.00382 0.265156 30.48764
v -42.00382 3.074516 30.48164
v -42.00382 3.080516 30.48764
v -42.00982 3.086516 30.47564
v -42.00382 3.080516 30.60697
v -42.00382 3.074516 30.61296
v -42.00982 3.086516 30.61896
v -42.00382 0.271156 30.61296
v -42.00382 0.265156 30.60697
v -42.00982 0.259156 30.61896
v -42.00382 0.265156 30.18835
v -42.00382 0.271156 30.18235
v -42.00982 0.259156 30.17635
v -42.00382 3.080516 30.18835
v -42.00982 3.086516 30.17635
v -42.00382 3.074516 30.18235
v -42.00382 3.074516 30.31368
v -42.00982 3.086516 30.31968
v -42.00382 3.080516 30.30768
v -42.00382 0.271156 30.31368
v -42.00382 0.265156 30.30768
v -42.00982 0.259156 30.31968
v -42.00382 0.265156 29.88906
v -42.00382 0.271156 29.88306
v -42.00982 0.259156 29.87706
v -42.00382 3.080516 29.88906
v -42.00982 3.086516 29.87706
v -42.00382 3.074516 29.88306
v -42.00382 3.074516 30.01439
v -42.00982 3.086516 30.02039
v -42.00382 3.080516 30.00839
v -42.00382 0.265156 30.00839
v -42.00982 0.259156 30.02039
v -42.00382 0.271156 30.01439
v -41.89155 0.271156 32.57666
v -41.89155 0.265156 32.58266
v -41.89155 3.080516 32.58266
v -41.89155 3.074516 32.57666
v -41.89155 3.074516 32.70799
v -41.89155 3.080516 32.70199
v -41.89155 0.265156 32.70199
v -41.89155 0.271156 32.70799
v -41.89155 0.271156 32.87595
v -41.89155 0.265156 32.88195
v -41.89155 3.080516 32.88195
v -41.89155 3.074516 32.87595
v -41.89155 3.074516 33.00728
v -41.89155 3.080516 33.00128
v -41.89155 0.265156 33.00128
v -41.89155 0.271156 33.00728
v -41.89155 0.271156 33.17524
v -41.89155 0.265156 33.18124
v -41.89155 3.080516 33.18124
v -41.89155 3.074516 33.17524
v -41.89155 3.074516 33.30657
v -41.89155 3.080516 33.30057
v -41.89155 0.265156 33.30057
v -41.89155 0.271156 33.30657
v -41.89155 0.271156 33.47453
v -41.89155 0.265156 33.48053
v -41.89155 3.080516 33.48053
v -41.89155 3.074516 33.47453
v -41.89155 3.074516 33.60586
v -41.89155 3.080516 33.59986
v -41.89155 0.265156 33.59986
v -41.89155 0.271156 33.60586
v -41.89155 0.271156 33.77382
v -41.89155 0.265156 33.77982
v -41.89155 3.080516 33.77982
v -41.89155 3.074516 33.77382
v -41.89155 3.074516 33.90515
v -41.89155 3.080516 33.89915
v -41.89155 0.265156 33.89915
v -41.89155 0.271156 33.90515
v -41.89155 0.271156 34.07311
v -41.89155 0.265156 34.07911
v -41.89155 3.080516 34.07911
v -41.89155 3.074516 34.07311
v -41.89155 3.074516 34.20444
v -41.89155 3.080516 34.19844
v -41.89155 0.265156 34.19844
v -41.89155 0.271156 34.20444
v -32.74194 -0.040047 50.76095
v -32.74194 -0.040048 28.46136
v -32.74194 3.580606 28.53021
v -32.74194 3.580608 50.70748
v -42.50579 -0.040047 41.72318
v -42.44347 -0.040047 34.79082
v -42.44347 -0.040047 36.14304
v -37.1379 -0.040048 36.36662
v -37.1379 -0.040047 41.4996
v -39.79068 -0.040047 36.36662
v -39.79069 -0.040047 41.4996
v -39.79068 -0.040048 34.56724
v -39.79068 -0.040048 29.59702
v -32.74194 5.81604 28.53021
v -32.74194 5.816041 50.70748
v -42.44127 5.816039 28.53021
v -42.44127 5.816041 50.70748
v -32.74194 1.021065 50.70748
v -32.74194 0.927461 50.76096
v -37.1379 0.927461 41.4996
v -37.1379 1.021065 41.4996
v -39.79068 1.021065 41.4996
v -39.79068 0.927461 41.4996
v -37.1379 0.96603 29.59702
v -37.1379 0.870529 29.59702
v -39.79068 0.870696 29.59702
v -39.79068 0.965863 29.59702
v -32.16743 5.004766 29.59702
v -32.16743 4.90894 29.59702
v -44.39694 3.580609 34.79006
v -44.39694 3.580608 36.14379
v -44.39694 3.580608 41.72318
v -44.39694 3.580609 45.91872
v -44.39694 3.580609 48.83349
v -32.74194 40.88833 28.5302
v -32.74194 40.88833 50.70748
v -44.90146 3.580607 28.53921
v -44.91046 3.589607 28.53921
v -44.90146 3.589607 28.53021
v -44.90146 3.589609 50.70748
v -44.91046 3.589609 50.69848
v -44.90146 3.580609 50.69848
v -42.44347 3.57161 50.69848
v -42.43411 3.589609 50.70748
v -42.45248 3.580609 50.69848
v -42.49643 -0.040046 50.76095
v -42.50579 -0.040046 50.75195
v -42.49637 -0.040048 29.59701
v -42.50579 -0.040048 29.58801
v -42.43447 3.357024 29.60602
v -42.44347 3.359448 29.58545
v -42.43404 3.347477 29.59701
v -44.90146 3.580608 41.72318
v -44.91046 3.589608 41.72318
v -42.50579 -0.040047 41.5086
v -42.49634 -0.040047 41.4996
v -42.43447 3.357025 41.4906
v -42.43402 3.348024 41.4996
v -42.44347 3.366025 41.5086
v -44.90146 3.580608 36.14424
v -44.91046 3.589608 36.14426
v -44.91046 3.589608 34.7896
v -44.90146 3.580608 34.78961
v -42.43447 3.348024 36.3669
v -42.43447 3.357025 36.3759
v -42.44347 3.366025 36.3579
v -42.43447 3.347477 34.56696
v -42.44347 3.360144 34.57008
v -42.43447 3.357024 34.55796
v -42.43447 -0.040047 36.36662
v -42.44347 -0.040047 36.35762
v -42.44347 -0.040047 34.57058
v -42.43447 -0.040047 34.56724
v -42.50579 -0.040048 28.47036
v -42.4968 -0.040048 28.46136
v -42.45247 3.580607 28.53921
v -42.43447 3.589607 28.53021
v -42.44347 3.578422 28.54064
v -42.44347 3.571609 41.72318
v -42.45247 3.580608 41.72318
v -42.45247 3.580607 34.79052
v -42.44347 3.571609 34.79052
v -42.44347 3.571609 36.14333
v -42.45247 3.580608 36.14334
v -37.1379 -0.040048 29.60602
v -37.1379 -0.028451 29.59702
v -37.1469 -0.040048 29.59702
v -37.1379 -0.028451 34.56724
v -37.1379 -0.040048 34.55824
v -37.1469 -0.040048 34.56724
v -37.13091 3.3627 29.60602
v -37.1469 3.357024 29.60602
v -37.1379 3.347389 29.59702
v -37.1379 3.348025 41.4996
v -37.1379 3.357025 41.4906
v -37.13091 3.3627 34.55796
v -37.1379 3.347389 34.56696
v -37.1469 3.357024 34.55796
v -37.1379 3.357024 36.3759
v -37.1379 3.348024 36.3669
v -39.79068 3.357025 36.3759
v -39.79068 3.348025 36.3669
v -39.79068 3.357025 41.4906
v -39.79068 3.348025 41.4996
v -39.79068 3.357024 29.60602
v -39.79068 3.347456 29.59702
v -39.79068 3.357024 34.55796
v -39.79068 3.347456 34.56696
v -32.16743 4.01012 29.59702
v -32.16743 3.998525 29.60602
v -32.16743 3.998526 34.55824
v -32.16743 4.010121 34.56724
v -32.16743 7.395597 29.60602
v -32.16743 7.385888 29.59702
v -32.16743 7.385889 34.56696
v -32.16743 7.395598 34.55796
v -42.50579 -0.040046 48.83981
v -42.49634 -0.040046 48.83081
v -42.49634 -0.040047 45.9214
v -42.5058 -0.040047 45.91239
v -44.91046 3.589609 45.91709
v -44.90146 3.580609 45.91712
v -44.90146 3.580609 48.83508
v -44.91046 3.589609 48.83511
v -42.44347 3.571609 45.91134
v -42.43402 3.571609 45.92034
v -42.45247 3.580608 45.92934
v -42.45247 3.580609 48.82287
v -42.43402 3.57161 48.83186
v -42.44347 3.57161 48.84086
v -41.38036 3.571609 45.92934
v -41.38936 3.580608 45.92934
v -41.38936 3.571609 45.92034
v -41.38036 3.57161 48.82287
v -41.38936 3.57161 48.83186
v -41.38936 3.580609 48.82287
v -41.38036 -0.040047 45.9304
v -41.38936 -0.040047 45.9214
v -41.38936 -0.040046 48.83081
v -41.38036 -0.040046 48.82181
v -42.42778 40.88833 28.5302
v -42.42778 40.88833 50.70748
v -44.90146 5.807038 28.53021
v -44.91046 5.807038 28.53921
v -44.90146 5.816039 28.53921
v -44.90146 5.80704 50.70748
v -44.90146 5.816041 50.69848
v -44.91046 5.80704 50.69848
v -44.90146 5.81604 41.72318
v -44.91046 5.807039 41.72318
v -44.90146 5.81604 34.78938
v -44.91046 5.807038 34.78938
v -44.91046 5.807038 36.14448
v -44.90146 5.81604 36.14448
v -44.90146 5.816041 45.91629
v -44.91046 5.807039 45.91629
v -44.91046 5.807039 48.83591
v -44.90146 5.816041 48.83591
v -44.38787 40.88833 28.5302
v -44.39687 40.88833 28.53921
v -44.39687 40.88833 34.78799
v -44.39687 40.88833 36.14586
v -44.40587 5.81604 36.14448
v -44.39687 5.825038 36.14448
v -44.39687 40.88833 41.72318
v -44.39687 40.88833 48.84081
v -44.39687 40.88833 45.91139
v -44.40587 5.816041 48.83591
v -44.39687 5.825039 48.83591
v -44.39687 40.88833 50.69848
v -44.38787 40.88833 50.70748
v -44.38787 5.80704 50.70748
v -44.39687 5.82504 50.69848
v -44.40587 5.816041 50.69848
v -44.39687 5.825039 41.72318
v -44.40587 5.81604 41.72318
v -44.39687 5.825038 34.78938
v -44.40587 5.81604 34.78938
v -44.39687 5.825039 45.91629
v -44.40587 5.816041 45.91629
v -44.39694 3.589607 28.53021
v -44.39694 3.580607 28.53921
v -44.39694 3.580609 50.69848
v -44.39694 3.589609 50.70748
v -44.40594 5.816039 28.53921
v -44.39694 5.825038 28.53921
v -44.38794 5.807038 28.53021
v -42.50081 0.934953 50.74671
v -42.50579 0.918462 50.75195
v -42.49641 0.927462 50.76095
v -42.43409 1.021066 50.70748
v -42.44347 1.030066 50.69848
v -42.44846 1.013575 50.7018
v -42.44347 1.030065 41.72318
v -42.44846 1.013574 41.72318
v -42.50081 0.934952 41.72318
v -42.50579 0.918461 41.72318
v -42.50081 0.934952 41.5086
v -42.49632 0.927461 41.4996
v -42.50579 0.918461 41.5086
v -42.44846 1.013574 41.5086
v -42.44347 1.030065 41.5086
v -42.434 1.021065 41.4996
v -42.44846 1.013574 45.91186
v -42.434 1.021065 45.92086
v -42.44347 1.030065 45.91186
v -42.50081 0.934952 45.91189
v -42.5058 0.918461 45.9119
v -42.49632 0.927461 45.92089
v -42.50081 0.934953 48.84032
v -42.49632 0.927462 48.83131
v -42.50579 0.918462 48.84031
v -42.44846 1.013575 48.84034
v -42.44347 1.030066 48.84035
v -42.434 1.021066 48.83135
v -41.38936 0.927461 45.92089
v -41.38036 0.927461 45.92989
v -41.38036 1.021065 45.92986
v -41.38936 1.021065 45.92086
v -41.38036 0.927462 48.82232
v -41.38936 0.927462 48.83131
v -41.38936 1.021066 48.83135
v -41.38036 1.021066 48.82235
v -32.74194 0.97362 28.46136
v -32.74194 0.989905 28.46665
v -32.74194 1.070237 28.52493
v -32.74194 1.086522 28.53021
v -42.44347 1.030064 28.54058
v -42.43447 1.030116 28.53021
v -42.43807 1.013855 28.52487
v -42.44846 1.013573 28.53525
v -42.49072 0.934785 28.46671
v -42.4968 0.91851 28.46136
v -42.50579 0.91846 28.47036
v -42.5008 0.934951 28.47743
v -42.44846 1.013573 29.58801
v -42.43403 1.020867 29.59701
v -42.44347 1.030064 29.58555
v -42.5008 0.934951 29.58801
v -42.50579 0.91846 29.58801
v -42.49635 0.927262 29.59701
v -32.31706 6.20099 34.65604
v -32.31706 2.530834 34.65604
v -32.31706 6.20099 29.41851
v -32.31706 2.530834 29.41851
v -36.53801 39.89418 28.45874
v -40.74374 39.89418 28.45874
v -36.53801 -0.524786 28.45874
v -40.7496 -0.524786 28.45874
v -36.53801 39.89418 27.84398
v -36.56126 39.89418 27.76263
v -40.72042 39.89418 27.76267
v -40.74374 39.89418 27.84398
v -36.56144 -0.524786 27.76274
v -36.53801 -0.524786 27.84398
v -40.7496 -0.524786 27.84398
v -40.72623 -0.524786 27.7627
v -36.94705 39.89418 27.14274
v -37.0143 39.89418 27.10538
v -40.26572 39.89418 27.10538
v -40.33304 39.89418 27.1427
v -40.33774 -0.524786 27.14267
v -40.27038 -0.524786 27.10538
v -37.01896 -0.524786 27.10538
v -36.95153 -0.524786 27.14263
v -42.85247 21.65311 29.85192
v -43.89914 22.69979 29.85192
v -42.85247 22.69979 28.80524
v -43.89914 21.66911 29.85192
v -43.88314 21.65311 29.85192
v -42.85247 21.65311 28.82124
v -42.85247 21.66911 28.80524
v -43.88314 21.65311 28.82124
v -43.89914 21.66911 28.82124
v -43.88314 21.66911 28.80524
v -43.88314 22.69979 28.80524
v -43.89914 22.69979 28.82124
v -42.15128 -0.064421 48.83554
v -42.15128 -0.06442 45.82697
v -41.28692 0.405938 48.83554
v -41.28692 0.405939 45.82697
v -42.14328 0.187089 48.83554
v -42.15128 0.179089 48.83554
v -42.15128 0.179089 45.82697
v -42.14328 0.187089 45.82697
v -41.71381 0.195089 48.83554
v -41.72181 0.187089 48.83554
v -41.72181 0.187089 45.82697
v -41.71381 0.195089 45.82697
v -41.70581 0.405938 48.83554
v -41.71381 0.397938 48.83554
v -41.71381 0.397939 45.82697
v -41.70581 0.405939 45.82697
v -42.29867 -0.065875 44.77744
v -42.29867 3.669574 44.77744
v -42.29867 -0.065875 42.77744
v -42.29867 3.669574 42.77744
v -44.09175 -0.065875 44.77744
v -44.12931 -0.065875 44.76188
v -44.43668 -0.065875 44.45451
v -44.45224 -0.065875 44.41695
v -44.45224 3.669574 44.41695
v -44.43668 3.669574 44.45451
v -44.12931 3.669574 44.76188
v -44.09175 3.669574 44.77744
v -44.45224 -0.065875 43.13792
v -44.43668 -0.065875 43.10036
v -44.12931 -0.065875 42.79299
v -44.09175 -0.065875 42.77744
v -44.09175 3.669574 42.77744
v -44.12931 3.669574 42.79299
v -44.43668 3.669574 43.10036
v -44.45224 3.669574 43.13792
v -41.08458 0.357677 46.22707
v -41.08458 2.919848 46.22632
v -41.08458 2.919848 48.43618
v -41.08458 0.357677 48.43544
v -41.08458 3.105907 48.26238
v -41.08458 3.105907 46.40012
v -41.08458 0.357677 48.26239
v -41.08458 0.357677 46.40012
v -41.47295 3.099076 46.22627
v -41.47978 3.099076 46.2331
v -41.47295 3.105907 46.2331
v -41.47295 3.099076 48.43624
v -41.47295 3.105907 48.42941
v -41.47978 3.099076 48.42941
v -41.47978 0.357677 46.2339
v -41.47295 0.357677 46.22707
v -41.47295 0.357677 48.43544
v -41.47978 0.357677 48.42861
v -41.47978 2.919848 48.42935
v -41.47295 2.919848 48.43618
v -41.47978 2.919848 46.23315
v -41.47295 2.919848 46.22632
v -41.47295 3.105907 46.40012
v -41.47978 3.099076 46.40012
v -41.47978 3.099076 48.26238
v -41.47295 3.105907 48.26238
v -41.47295 2.919848 46.40695
v -41.47978 2.926679 46.39329
v -41.47295 2.913016 46.40012
v -41.47295 2.919848 48.25555
v -41.47295 2.913016 48.26238
v -41.47978 2.926679 48.26922
v -41.47978 0.357677 48.26922
v -41.47295 0.357677 48.26239
v -41.47295 0.357677 46.40012
v -41.47978 0.357677 46.39329
v -41.08458 3.099076 46.22627
v -41.08458 3.105907 46.2331
v -41.08458 3.105907 48.42941
v -41.08458 3.099076 48.43624
v -41.08458 2.919848 46.40695
v -41.08458 2.913016 46.40012
v -41.08458 2.913016 48.26238
v -41.08458 2.919848 48.25555
#end vertices

#begin 3259 textures vertices 
vt 0.7627203 0.3109912 0
vt 0.73239 0.2860787 0
vt 0.7731206 0.1597267 0
vt 0.7425243 0.1774798 0
vt 0.8528779 0.5416555 0
vt 0.8533525 0.5418633 0
vt 0.7676544 0.3087418 0
vt 0.7682349 0.3084757 0
vt 0.8572879 0.512032 0
vt 0.857054 0.511786 0
vt 0.8572342 0.5115972 0
vt 0.7355585 0.2883523 0
vt 0.8541744 0.5003428 0
vt 0.853459 0.50093 0
vt 0.9541545 0.541115 0
vt 0.9546438 0.5409288 0
vt 0.9661381 0.5346482 0
vt 0.7784659 0.1626533 0
vt 0.9496701 0.5125378 0
vt 0.9497368 0.5120935 0
vt 0.9498675 0.5122858 0
vt 0.7460555 0.1759319 0
vt 0.9541571 0.5016532 0
vt 0.9533569 0.5011474 0
vt 0.8058026 0.7611948 0
vt 0.7754724 0.7362824 0
vt 0.8162029 0.6099306 0
vt 0.7856066 0.6276837 0
vt 0.8450654 0.7136993 0
vt 0.84554 0.7139072 0
vt 0.8107367 0.7589454 0
vt 0.8113172 0.7586794 0
vt 0.8494754 0.6840759 0
vt 0.8492415 0.6838299 0
vt 0.8494217 0.6836411 0
vt 0.7786408 0.7385559 0
vt 0.8463619 0.6723867 0
vt 0.8456465 0.6729739 0
vt 0.946342 0.7131589 0
vt 0.9468313 0.7129727 0
vt 0.9583256 0.706692 0
vt 0.8215482 0.6128572 0
vt 0.9418575 0.6845816 0
vt 0.9419242 0.6841373 0
vt 0.942055 0.6843296 0
vt 0.7891379 0.6261357 0
vt 0.9463446 0.673697 0
vt 0.9455443 0.6731913 0
vt 0.8410518 0.7613448 0
vt 0.8107216 0.7364324 0
vt 0.8514521 0.6100807 0
vt 0.8208558 0.6278338 0
vt 0.6419404 0.6139789 0
vt 0.642415 0.6141867 0
vt 0.8459859 0.7590954 0
vt 0.8465664 0.7588293 0
vt 0.6463504 0.5843554 0
vt 0.6461165 0.5841094 0
vt 0.6462967 0.5839206 0
vt 0.81389 0.7387059 0
vt 0.6432369 0.5726662 0
vt 0.6425215 0.5732534 0
vt 0.743217 0.6134384 0
vt 0.7437063 0.6132522 0
vt 0.7552006 0.6069716 0
vt 0.8567974 0.6130073 0
vt 0.7387326 0.5848612 0
vt 0.7387993 0.5844169 0
vt 0.73893 0.5846092 0
vt 0.8243871 0.6262858 0
vt 0.7432196 0.5739766 0
vt 0.7424194 0.5734708 0
vt 0.3162302 0.7239526 0
vt 0.2859 0.6990402 0
vt 0.3266305 0.5726883 0
vt 0.2960342 0.5904414 0
vt 0.3841279 0.8193213 0
vt 0.3846025 0.8195292 0
vt 0.3211643 0.7217032 0
vt 0.3217448 0.7214372 0
vt 0.3885378 0.7896979 0
vt 0.388304 0.7894519 0
vt 0.3884842 0.7892631 0
vt 0.2890684 0.7013137 0
vt 0.3854244 0.7780087 0
vt 0.384709 0.7785959 0
vt 0.4854045 0.8187809 0
vt 0.4858938 0.8185947 0
vt 0.4973881 0.8123141 0
vt 0.3319758 0.5756149 0
vt 0.48092 0.7902037 0
vt 0.4809867 0.7897594 0
vt 0.4811175 0.7899517 0
vt 0.2995655 0.5888934 0
vt 0.4854071 0.7793191 0
vt 0.4846068 0.7788133 0
vt 0.8410518 0.446508 0
vt 0.8107216 0.4215956 0
vt 0.8514521 0.2952439 0
vt 0.8208558 0.312997 0
vt 0.7708466 0.8100885 0
vt 0.7713212 0.8102964 0
vt 0.8459859 0.4442587 0
vt 0.8465664 0.4439926 0
vt 0.7752566 0.7804651 0
vt 0.7750228 0.7802191 0
vt 0.7752029 0.7800303 0
vt 0.81389 0.4238692 0
vt 0.7721431 0.7687759 0
vt 0.7714278 0.7693631 0
vt 0.8721232 0.8095481 0
vt 0.8726125 0.8093619 0
vt 0.8841068 0.8030813 0
vt 0.8567974 0.2981705 0
vt 0.8676388 0.7809708 0
vt 0.8677055 0.7805266 0
vt 0.8678362 0.7807188 0
vt 0.8243871 0.311449 0
vt 0.8721258 0.7700863 0
vt 0.8713256 0.7695805 0
vt 0.6687223 0.8058819 0
vt 0.6383921 0.7809695 0
vt 0.6791226 0.6546177 0
vt 0.6485263 0.6723708 0
vt 0.2474091 0.8218263 0
vt 0.2478837 0.8220342 0
vt 0.6736564 0.8036326 0
vt 0.6742369 0.8033665 0
vt 0.2518191 0.7922029 0
vt 0.2515853 0.7919569 0
vt 0.2517654 0.7917681 0
vt 0.6415606 0.7832431 0
vt 0.2487056 0.7805137 0
vt 0.2479903 0.7811009 0
vt 0.3486857 0.8212859 0
vt 0.3491751 0.8210997 0
vt 0.3606693 0.814819 0
vt 0.6844679 0.6575443 0
vt 0.3442013 0.7927086 0
vt 0.344268 0.7922643 0
vt 0.3443988 0.7924566 0
vt 0.6520576 0.6708229 0
vt 0.3486883 0.781824 0
vt 0.3478881 0.7813183 0
vt 0.2261489 0.8324371 0
vt 0.1958186 0.8075247 0
vt 0.2365492 0.6811729 0
vt 0.2059529 0.698926 0
vt 0.3724091 0.7700066 0
vt 0.3728837 0.7702144 0
vt 0.231083 0.8301877 0
vt 0.2316635 0.8299217 0
vt 0.3768191 0.7403831 0
vt 0.3765853 0.7401372 0
vt 0.3767654 0.7399484 0
vt 0.1989871 0.8097982 0
vt 0.3737056 0.728694 0
vt 0.3729903 0.7292812 0
vt 0.4736857 0.7694662 0
vt 0.4741751 0.76928 0
vt 0.4856694 0.7629993 0
vt 0.2418945 0.6840995 0
vt 0.4692013 0.7408889 0
vt 0.469268 0.7404446 0
vt 0.4693988 0.7406369 0
vt 0.2094842 0.6973781 0
vt 0.4736883 0.7300043 0
vt 0.4728881 0.7294986 0
vt 0.8136358 0.6021782 0
vt 0.7833055 0.5772658 0
vt 0.8240361 0.450914 0
vt 0.7934398 0.4686671 0
vt 0.01694039 0.7961755 0
vt 0.01741499 0.7963833 0
vt 0.8185699 0.5999288 0
vt 0.8191503 0.5996628 0
vt 0.02135035 0.766552 0
vt 0.02111652 0.7663061 0
vt 0.02129666 0.7661173 0
vt 0.786474 0.5795394 0
vt 0.01823688 0.7548629 0
vt 0.01752152 0.75545 0
vt 0.118217 0.7956351 0
vt 0.1187063 0.7954488 0
vt 0.1302006 0.7891682 0
vt 0.8293814 0.4538406 0
vt 0.1137326 0.7670578 0
vt 0.1137992 0.7666135 0
vt 0.11393 0.7668058 0
vt 0.7969711 0.4671191 0
vt 0.1182196 0.7561732 0
vt 0.1174194 0.7556674 0
vt 0.355396 0.7236573 0
vt 0.3250657 0.6987449 0
vt 0.3657963 0.5723931 0
vt 0.3352 0.5901462 0
vt 0.5130341 0.8482915 0
vt 0.5135087 0.8484994 0
vt 0.3603301 0.7214079 0
vt 0.3609106 0.7211419 0
vt 0.5174441 0.8186681 0
vt 0.5172103 0.8184221 0
vt 0.5173904 0.8182333 0
vt 0.3282342 0.7010185 0
vt 0.5143306 0.8069789 0
vt 0.5136153 0.8075661 0
vt 0.6143107 0.8477511 0
vt 0.6148 0.8475649 0
vt 0.6262943 0.8412843 0
vt 0.3711416 0.5753197 0
vt 0.6098263 0.8191739 0
vt 0.609893 0.8187296 0
vt 0.6100238 0.8189218 0
vt 0.3387313 0.5885983 0
vt 0.6143133 0.8082893 0
vt 0.6135131 0.8077835 0
vt 0.6334731 0.8057319 0
vt 0.6031429 0.7808195 0
vt 0.6438734 0.6544676 0
vt 0.6132771 0.6722207 0
vt 0.8489716 0.9423291 0
vt 0.8494462 0.9425369 0
vt 0.6384072 0.8034825 0
vt 0.6389877 0.8032164 0
vt 0.8533816 0.9127056 0
vt 0.8531478 0.9124597 0
vt 0.8533279 0.9122709 0
vt 0.6063113 0.783093 0
vt 0.8502681 0.9010165 0
vt 0.8495528 0.9016037 0
vt 0.9502482 0.9417886 0
vt 0.9507375 0.9416024 0
vt 0.9622318 0.9353218 0
vt 0.6492187 0.6573942 0
vt 0.9457638 0.9132114 0
vt 0.9458305 0.9127671 0
vt 0.9459612 0.9129594 0
vt 0.6168084 0.6706728 0
vt 0.9502508 0.9023268 0
vt 0.9494506 0.901821 0
vt 0.7431373 0.8057318 0
vt 0.7128071 0.7808194 0
vt 0.7535376 0.6544676 0
vt 0.7229413 0.6722207 0
vt 0.2474091 0.8711574 0
vt 0.2478837 0.8713652 0
vt 0.7480714 0.8034824 0
vt 0.7486519 0.8032164 0
vt 0.2518191 0.8415339 0
vt 0.2515853 0.841288 0
vt 0.2517654 0.8410992 0
vt 0.7159756 0.783093 0
vt 0.2487056 0.8298448 0
vt 0.2479903 0.8304319 0
vt 0.3486857 0.8706169 0
vt 0.3491751 0.8704307 0
vt 0.3606693 0.8641501 0
vt 0.7588829 0.6573942 0
vt 0.3442013 0.8420397 0
vt 0.344268 0.8415954 0
vt 0.3443988 0.8417877 0
vt 0.7264726 0.6706728 0
vt 0.3486883 0.8311551 0
vt 0.3478881 0.8306493 0
vt 0.8136358 0.3020509 0
vt 0.7833055 0.2771385 0
vt 0.8240361 0.1507864 0
vt 0.7934398 0.1685396 0
vt 0.01694039 0.8455065 0
vt 0.01741499 0.8457144 0
vt 0.8185699 0.2998015 0
vt 0.8191504 0.2995355 0
vt 0.02135035 0.8158831 0
vt 0.02111652 0.8156371 0
vt 0.02129665 0.8154483 0
vt 0.786474 0.279412 0
vt 0.01823688 0.8041939 0
vt 0.01752152 0.8047811 0
vt 0.118217 0.8449661 0
vt 0.1187063 0.8447799 0
vt 0.1302006 0.8384993 0
vt 0.8293814 0.1537131 0
vt 0.1137325 0.8163889 0
vt 0.1137992 0.8159446 0
vt 0.11393 0.8161368 0
vt 0.7969711 0.1669916 0
vt 0.1182196 0.8055043 0
vt 0.1174193 0.8049985 0
vt 0.7039715 0.806032 0
vt 0.6736413 0.7811196 0
vt 0.7143718 0.6547678 0
vt 0.6837756 0.6725209 0
vt 0.6497529 0.8549341 0
vt 0.6502275 0.855142 0
vt 0.7089056 0.8037826 0
vt 0.7094861 0.8035166 0
vt 0.6541628 0.8253107 0
vt 0.653929 0.8250647 0
vt 0.6541092 0.8248759 0
vt 0.6768098 0.7833932 0
vt 0.6510494 0.8136215 0
vt 0.650334 0.8142087 0
vt 0.7510295 0.8543937 0
vt 0.7515188 0.8542075 0
vt 0.7630131 0.8479269 0
vt 0.7197171 0.6576944 0
vt 0.746545 0.8258164 0
vt 0.7466117 0.8253722 0
vt 0.7467425 0.8255644 0
vt 0.6873068 0.670973 0
vt 0.7510321 0.8149319 0
vt 0.7502318 0.8144261 0
vt 0.280981 0.7238025 0
vt 0.2506507 0.6988901 0
vt 0.2913813 0.5725382 0
vt 0.260785 0.5902913 0
vt 0.2278779 0.7725695 0
vt 0.2283525 0.7727774 0
vt 0.2859151 0.7215532 0
vt 0.2864956 0.7212871 0
vt 0.2322879 0.7429461 0
vt 0.232054 0.7427001 0
vt 0.2322342 0.7425113 0
vt 0.2538192 0.7011637 0
vt 0.2291744 0.7312569 0
vt 0.228459 0.7318441 0
vt 0.3291545 0.7720291 0
vt 0.3296438 0.7718429 0
vt 0.3411381 0.7655623 0
vt 0.2967266 0.5754648 0
vt 0.3246701 0.7434519 0
vt 0.3247367 0.7430076 0
vt 0.3248675 0.7431998 0
vt 0.2643163 0.5887434 0
vt 0.3291571 0.7325673 0
vt 0.3283569 0.7320615 0
vt 0.8488849 0.6023279 0
vt 0.8185547 0.5774156 0
vt 0.8592852 0.4510641 0
vt 0.828689 0.4688172 0
vt 0.8216279 0.04521887 0
vt 0.8221025 0.04542673 0
vt 0.853819 0.6000785 0
vt 0.8543994 0.5998125 0
vt 0.8260379 0.01559541 0
vt 0.825804 0.01534945 0
vt 0.8259842 0.01516065 0
vt 0.8217232 0.5796891 0
vt 0.8229244 0.00390625 0
vt 0.822209 0.004493436 0
vt 0.9229045 0.04467845 0
vt 0.9233939 0.04449225 0
vt 0.9348882 0.03821161 0
vt 0.8646304 0.4539907 0
vt 0.9184201 0.01610119 0
vt 0.9184868 0.0156569 0
vt 0.9186176 0.01584917 0
vt 0.8322202 0.4672692 0
vt 0.9229071 0.005216593 0
vt 0.9221069 0.004710816 0
vt 0.7862197 0.457721 0
vt 0.7558895 0.4328086 0
vt 0.7966201 0.3064567 0
vt 0.7660237 0.3242098 0
vt 0.3841279 0.7206854 0
vt 0.3846025 0.7208933 0
vt 0.7911538 0.4554716 0
vt 0.7917343 0.4552056 0
vt 0.3885379 0.691062 0
vt 0.388304 0.690816 0
vt 0.3884842 0.6906272 0
vt 0.7590579 0.4350822 0
vt 0.3854244 0.6793728 0
vt 0.384709 0.67996 0
vt 0.4854045 0.720145 0
vt 0.4858938 0.7199588 0
vt 0.4973881 0.7136782 0
vt 0.8019653 0.3093833 0
vt 0.4809201 0.6915678 0
vt 0.4809867 0.6911235 0
vt 0.4811175 0.6913157 0
vt 0.769555 0.3226618 0
vt 0.4854071 0.6806832 0
vt 0.4846069 0.6801774 0
vt 0.7901364 0.155321 0
vt 0.759806 0.1304085 0
vt 0.8005367 0.004056352 0
vt 0.7699403 0.0218095 0
vt 0.8489716 0.9916601 0
vt 0.8494462 0.991868 0
vt 0.7950705 0.1530716 0
vt 0.795651 0.1528055 0
vt 0.8533816 0.9620367 0
vt 0.8531478 0.9617907 0
vt 0.8533279 0.9616019 0
vt 0.7629745 0.1326821 0
vt 0.8502681 0.9503475 0
vt 0.8495528 0.9509347 0
vt 0.9502482 0.9911197 0
vt 0.9507375 0.9909335 0
vt 0.9622318 0.9846529 0
vt 0.805882 0.006982961 0
vt 0.9457637 0.9625425 0
vt 0.9458304 0.9620982 0
vt 0.9459612 0.9622904 0
vt 0.7734716 0.02026155 0
vt 0.9502508 0.9516579 0
vt 0.9494505 0.9511521 0
vt 0.7548872 0.155171 0
vt 0.7245568 0.1302585 0
vt 0.7652875 0.00390625 0
vt 0.7346911 0.02165942 0
vt 0.8645966 0.6644415 0
vt 0.8650712 0.6646494 0
vt 0.7598213 0.1529216 0
vt 0.7604018 0.1526556 0
vt 0.8690066 0.6348181 0
vt 0.8687728 0.6345721 0
vt 0.8689529 0.6343833 0
vt 0.7277253 0.1325321 0
vt 0.8658931 0.6231289 0
vt 0.8651778 0.6237161 0
vt 0.9658733 0.6639011 0
vt 0.9663626 0.6637149 0
vt 0.9778569 0.6574343 0
vt 0.7706328 0.006832862 0
vt 0.9613888 0.6353238 0
vt 0.9614555 0.6348796 0
vt 0.9615863 0.6350718 0
vt 0.7382224 0.02011146 0
vt 0.9658758 0.6244392 0
vt 0.9650756 0.6239335 0
vt 0.3716296 0.846129 0
vt 0.4576626 0.84689 0
vt 0.3671875 0.8341529 0
vt 0.4630364 0.8342498 0
vt 0.3851409 0.841295 0
vt 0.3853377 0.8412439 0
vt 0.4447655 0.8406915 0
vt 0.4449564 0.8407129 0
vt 0.3833018 0.8287981 0
vt 0.3834903 0.8284021 0
vt 0.3837537 0.8287416 0
vt 0.4467568 0.8287535 0
vt 0.4462978 0.8286846 0
vt 0.4465606 0.8283462 0
vt 0.3676822 0.8348628 0
vt 0.3678279 0.8350834 0
vt 0.4623978 0.8351809 0
vt 0.4625429 0.8349604 0
vt 0.3834648 0.8277065 0
vt 0.3834517 0.828046 0
vt 0.3833393 0.8277986 0
vt 0.4465826 0.8276488 0
vt 0.4467092 0.8277398 0
vt 0.4465968 0.8279877 0
vt 0.3673587 0.8344639 0
vt 0.3675252 0.8346845 0
vt 0.4626993 0.834782 0
vt 0.4628658 0.8345608 0
vt 0.3834624 0.8273515 0
vt 0.3831698 0.8274835 0
vt 0.4468775 0.8274258 0
vt 0.4465855 0.8272932 0
vt 0.3755359 0.8735279 0
vt 0.4615688 0.874289 0
vt 0.3710937 0.8615519 0
vt 0.4669427 0.8616488 0
vt 0.3890471 0.868694 0
vt 0.3892439 0.8686428 0
vt 0.4486718 0.8680905 0
vt 0.4488626 0.8681119 0
vt 0.3872081 0.8561971 0
vt 0.3873966 0.8558011 0
vt 0.38766 0.8561406 0
vt 0.450663 0.8561525 0
vt 0.450204 0.8560835 0
vt 0.4504668 0.8557452 0
vt 0.3715884 0.8622618 0
vt 0.3717341 0.8624824 0
vt 0.4663041 0.8625799 0
vt 0.4664492 0.8623593 0
vt 0.387371 0.8551054 0
vt 0.3873579 0.8554449 0
vt 0.3872456 0.8551976 0
vt 0.4504888 0.8550477 0
vt 0.4506155 0.8551387 0
vt 0.4505031 0.8553867 0
vt 0.371265 0.8618628 0
vt 0.3714315 0.8620834 0
vt 0.4666055 0.8621809 0
vt 0.466772 0.8619598 0
vt 0.3873686 0.8547505 0
vt 0.3870761 0.8548824 0
vt 0.4507837 0.8548248 0
vt 0.4504918 0.8546922 0
vt 0.5044421 0.7378208 0
vt 0.590475 0.7385819 0
vt 0.5 0.7258448 0
vt 0.5958489 0.7259417 0
vt 0.5179534 0.7329869 0
vt 0.5181502 0.7329358 0
vt 0.577578 0.7323834 0
vt 0.5777688 0.7324048 0
vt 0.5161143 0.72049 0
vt 0.5163028 0.720094 0
vt 0.5165662 0.7204335 0
vt 0.5795692 0.7204454 0
vt 0.5791102 0.7203764 0
vt 0.579373 0.7200381 0
vt 0.5004947 0.7265547 0
vt 0.5006404 0.7267753 0
vt 0.5952103 0.7268728 0
vt 0.5953554 0.7266522 0
vt 0.5162773 0.7193983 0
vt 0.5162642 0.7197378 0
vt 0.5161518 0.7194905 0
vt 0.579395 0.7193407 0
vt 0.5795217 0.7194316 0
vt 0.5794093 0.7196796 0
vt 0.5001712 0.7261558 0
vt 0.5003377 0.7263763 0
vt 0.5955117 0.7264739 0
vt 0.5956782 0.7262527 0
vt 0.5162749 0.7190434 0
vt 0.5159823 0.7191754 0
vt 0.5796899 0.7191177 0
vt 0.579398 0.7189851 0
vt 0.8052234 0.2680831 0
vt 0.8912563 0.2688442 0
vt 0.8007813 0.2561071 0
vt 0.8966302 0.256204 0
vt 0.8187346 0.2632492 0
vt 0.8189314 0.2631981 0
vt 0.8783593 0.2626457 0
vt 0.8785501 0.2626671 0
vt 0.8168956 0.2507523 0
vt 0.8170841 0.2503563 0
vt 0.8173475 0.2506958 0
vt 0.8803505 0.2507077 0
vt 0.8798915 0.2506387 0
vt 0.8801543 0.2503004 0
vt 0.8012759 0.256817 0
vt 0.8014216 0.2570376 0
vt 0.8959916 0.2571351 0
vt 0.8961367 0.2569145 0
vt 0.8170585 0.2496606 0
vt 0.8170454 0.2500001 0
vt 0.8169331 0.2497528 0
vt 0.8801763 0.249603 0
vt 0.880303 0.2496939 0
vt 0.8801906 0.2499419 0
vt 0.8009525 0.256418 0
vt 0.801119 0.2566386 0
vt 0.896293 0.2567361 0
vt 0.8964595 0.256515 0
vt 0.8170561 0.2493057 0
vt 0.8167636 0.2494377 0
vt 0.8804712 0.24938 0
vt 0.8801793 0.2492474 0
vt 0.5005359 0.7643871 0
vt 0.5865688 0.7651481 0
vt 0.4960938 0.752411 0
vt 0.5919426 0.7525079 0
vt 0.5140471 0.7595531 0
vt 0.5142439 0.759502 0
vt 0.5736717 0.7589496 0
vt 0.5738626 0.758971 0
vt 0.5122081 0.7470562 0
vt 0.5123966 0.7466602 0
vt 0.51266 0.7469997 0
vt 0.575663 0.7470116 0
vt 0.575204 0.7469426 0
vt 0.5754668 0.7466043 0
vt 0.4965884 0.7531209 0
vt 0.4967341 0.7533415 0
vt 0.591304 0.753439 0
vt 0.5914491 0.7532184 0
vt 0.512371 0.7459646 0
vt 0.5123579 0.7463041 0
vt 0.5122455 0.7460567 0
vt 0.5754888 0.7459069 0
vt 0.5756154 0.7459979 0
vt 0.575503 0.7462458 0
vt 0.496265 0.752722 0
vt 0.4964315 0.7529426 0
vt 0.5916055 0.7530401 0
vt 0.591772 0.7528189 0
vt 0.5123686 0.7456096 0
vt 0.5120761 0.7457416 0
vt 0.5757837 0.7456839 0
vt 0.5754917 0.7455513 0
vt 0.008348369 0.8723106 0
vt 0.09438134 0.8730716 0
vt 0.00390625 0.8603345 0
vt 0.09975517 0.8604314 0
vt 0.02185964 0.8674766 0
vt 0.02205645 0.8674255 0
vt 0.08148428 0.8668731 0
vt 0.08167514 0.8668945 0
vt 0.0200206 0.8549797 0
vt 0.02020908 0.8545837 0
vt 0.02047248 0.8549232 0
vt 0.08347553 0.8549351 0
vt 0.08301651 0.8548661 0
vt 0.08327932 0.8545278 0
vt 0.004400942 0.8610444 0
vt 0.004546614 0.861265 0
vt 0.09911659 0.8613625 0
vt 0.09926167 0.8611419 0
vt 0.02018351 0.853888 0
vt 0.02017043 0.8542276 0
vt 0.02005806 0.8539802 0
vt 0.08330132 0.8538304 0
vt 0.08342796 0.8539213 0
vt 0.08331559 0.8541693 0
vt 0.004077489 0.8606455 0
vt 0.004243972 0.8608661 0
vt 0.09941804 0.8609636 0
vt 0.09958453 0.8607424 0
vt 0.02018114 0.8535331 0
vt 0.0198886 0.8536651 0
vt 0.08359623 0.8536074 0
vt 0.08330429 0.8534748 0
vt 0.8403796 0.8671153 0
vt 0.9264125 0.8678764 0
vt 0.8359375 0.8551393 0
vt 0.9317864 0.8552362 0
vt 0.8538909 0.8622814 0
vt 0.8540877 0.8622302 0
vt 0.9135155 0.8616779 0
vt 0.9137063 0.8616993 0
vt 0.8520518 0.8497845 0
vt 0.8522403 0.8493885 0
vt 0.8525037 0.849728 0
vt 0.9155067 0.8497399 0
vt 0.9150477 0.8496709 0
vt 0.9153105 0.8493326 0
vt 0.8364322 0.8558492 0
vt 0.8365779 0.8560698 0
vt 0.9311478 0.8561673 0
vt 0.9312929 0.8559467 0
vt 0.8522148 0.8486928 0
vt 0.8522017 0.8490323 0
vt 0.8520893 0.848785 0
vt 0.9153325 0.8486351 0
vt 0.9154592 0.8487261 0
vt 0.9153468 0.848974 0
vt 0.8361087 0.8554502 0
vt 0.8362752 0.8556708 0
vt 0.9314492 0.8557683 0
vt 0.9316157 0.8555471 0
vt 0.8522124 0.8483378 0
vt 0.8519198 0.8484698 0
vt 0.9156274 0.8484122 0
vt 0.9153355 0.8482796 0
vt 0.7739734 0.8368436 0
vt 0.8600063 0.8376047 0
vt 0.7695312 0.8248676 0
vt 0.8653801 0.8249645 0
vt 0.7874846 0.8320097 0
vt 0.7876814 0.8319585 0
vt 0.8471093 0.8314062 0
vt 0.8473001 0.8314276 0
vt 0.7856456 0.8195128 0
vt 0.7858341 0.8191168 0
vt 0.7860975 0.8194563 0
vt 0.8491005 0.8194682 0
vt 0.8486415 0.8193992 0
vt 0.8489043 0.8190609 0
vt 0.7700259 0.8255775 0
vt 0.7701716 0.8257981 0
vt 0.8647416 0.8258956 0
vt 0.8648866 0.825675 0
vt 0.7858085 0.8184211 0
vt 0.7857954 0.8187606 0
vt 0.7856831 0.8185133 0
vt 0.8489263 0.8183634 0
vt 0.8490529 0.8184544 0
vt 0.8489406 0.8187023 0
vt 0.7697025 0.8251785 0
vt 0.769869 0.8253991 0
vt 0.865043 0.8254966 0
vt 0.8652095 0.8252754 0
vt 0.7858061 0.8180661 0
vt 0.7855136 0.8181981 0
vt 0.8492212 0.8181405 0
vt 0.8489293 0.8180079 0
vt 0.4810046 0.8751172 0
vt 0.5670375 0.8758782 0
vt 0.4765625 0.8631411 0
vt 0.5724114 0.863238 0
vt 0.4945159 0.8702832 0
vt 0.4947127 0.8702321 0
vt 0.5541405 0.8696797 0
vt 0.5543313 0.8697011 0
vt 0.4926768 0.8577863 0
vt 0.4928653 0.8573903 0
vt 0.4931287 0.8577298 0
vt 0.5561317 0.8577417 0
vt 0.5556727 0.8576728 0
vt 0.5559355 0.8573344 0
vt 0.4770572 0.863851 0
vt 0.4772029 0.8640716 0
vt 0.5717728 0.8641692 0
vt 0.5719179 0.8639486 0
vt 0.4928398 0.8566947 0
vt 0.4928267 0.8570342 0
vt 0.4927143 0.8567868 0
vt 0.5559575 0.856637 0
vt 0.5560842 0.856728 0
vt 0.5559718 0.8569759 0
vt 0.4767337 0.8634521 0
vt 0.4769002 0.8636727 0
vt 0.5720742 0.8637702 0
vt 0.5722407 0.863549 0
vt 0.4928374 0.8563397 0
vt 0.4925448 0.8564717 0
vt 0.5562524 0.856414 0
vt 0.5559605 0.8562814 0
vt 0.5083484 0.69821 0
vt 0.5943814 0.6989711 0
vt 0.5039062 0.6862339 0
vt 0.5997552 0.6863309 0
vt 0.5218596 0.6933761 0
vt 0.5220564 0.6933249 0
vt 0.5814843 0.6927726 0
vt 0.5816751 0.692794 0
vt 0.5200206 0.6808791 0
vt 0.5202091 0.6804831 0
vt 0.5204725 0.6808227 0
vt 0.5834755 0.6808345 0
vt 0.5830165 0.6807656 0
vt 0.5832793 0.6804273 0
vt 0.5044009 0.6869439 0
vt 0.5045466 0.6871645 0
vt 0.5991166 0.687262 0
vt 0.5992617 0.6870414 0
vt 0.5201835 0.6797875 0
vt 0.5201704 0.680127 0
vt 0.5200581 0.6798796 0
vt 0.5833013 0.6797298 0
vt 0.583428 0.6798208 0
vt 0.5833156 0.6800687 0
vt 0.5040775 0.6865449 0
vt 0.504244 0.6867655 0
vt 0.5994181 0.686863 0
vt 0.5995845 0.6866418 0
vt 0.5201811 0.6794325 0
vt 0.5198886 0.6795645 0
vt 0.5835962 0.6795068 0
vt 0.5833043 0.6793742 0
vt 0.1294421 0.8667836 0
vt 0.2154751 0.8675446 0
vt 0.125 0.8548075 0
vt 0.2208489 0.8549044 0
vt 0.1429534 0.8619496 0
vt 0.1431502 0.8618985 0
vt 0.202578 0.8613461 0
vt 0.2027689 0.8613675 0
vt 0.1411143 0.8494527 0
vt 0.1413028 0.8490567 0
vt 0.1415662 0.8493962 0
vt 0.2045693 0.8494081 0
vt 0.2041103 0.8493391 0
vt 0.2043731 0.8490008 0
vt 0.1254947 0.8555174 0
vt 0.1256404 0.855738 0
vt 0.2202103 0.8558355 0
vt 0.2203554 0.8556149 0
vt 0.1412773 0.848361 0
vt 0.1412642 0.8487005 0
vt 0.1411518 0.8484532 0
vt 0.2043951 0.8483034 0
vt 0.2045217 0.8483943 0
vt 0.2044093 0.8486423 0
vt 0.1251712 0.8551185 0
vt 0.1253377 0.855339 0
vt 0.2205118 0.8554366 0
vt 0.2206783 0.8552154 0
vt 0.1412749 0.8480061 0
vt 0.1409824 0.8481381 0
vt 0.20469 0.8480804 0
vt 0.204398 0.8479478 0
vt 0.7856921 0.09909102 0
vt 0.8717251 0.09985208 0
vt 0.78125 0.08711495 0
vt 0.877099 0.08721187 0
vt 0.7992034 0.09425707 0
vt 0.7994002 0.09420593 0
vt 0.8588281 0.09365357 0
vt 0.8590189 0.09367497 0
vt 0.7973644 0.08176015 0
vt 0.7975528 0.08136415 0
vt 0.7978162 0.08170366 0
vt 0.8608193 0.08171555 0
vt 0.8603603 0.08164658 0
vt 0.8606231 0.08130826 0
vt 0.7817447 0.08782488 0
vt 0.7818904 0.08804547 0
vt 0.8764604 0.08814298 0
vt 0.8766055 0.08792239 0
vt 0.7975273 0.08066849 0
vt 0.7975142 0.081008 0
vt 0.7974018 0.08076065 0
vt 0.8606451 0.08061082 0
vt 0.8607718 0.08070179 0
vt 0.8606594 0.08094973 0
vt 0.7814212 0.08742592 0
vt 0.7815877 0.08764651 0
vt 0.8767618 0.08774402 0
vt 0.8769283 0.08752283 0
vt 0.7975249 0.08031353 0
vt 0.7972324 0.08044552 0
vt 0.86094 0.08038785 0
vt 0.8606481 0.08025526 0
vt 0.6333484 0.6407829 0
vt 0.7193814 0.641544 0
vt 0.6289062 0.6288068 0
vt 0.7247552 0.6289037 0
vt 0.6468596 0.6359489 0
vt 0.6470564 0.6358978 0
vt 0.7064843 0.6353454 0
vt 0.7066752 0.6353668 0
vt 0.6450206 0.623452 0
vt 0.6452091 0.623056 0
vt 0.6454725 0.6233955 0
vt 0.7084755 0.6234074 0
vt 0.7080165 0.6233385 0
vt 0.7082793 0.6230001 0
vt 0.6294009 0.6295168 0
vt 0.6295466 0.6297373 0
vt 0.7241166 0.6298349 0
vt 0.7242617 0.6296143 0
vt 0.6451835 0.6223604 0
vt 0.6451704 0.6226999 0
vt 0.6450581 0.6224525 0
vt 0.7083013 0.6223027 0
vt 0.708428 0.6223937 0
vt 0.7083156 0.6226416 0
vt 0.6290775 0.6291178 0
vt 0.629244 0.6293384 0
vt 0.7244181 0.6294359 0
vt 0.7245845 0.6292147 0
vt 0.6451811 0.6220054 0
vt 0.6448886 0.6221374 0
vt 0.7085962 0.6220797 0
vt 0.7083043 0.6219471 0
vt 0.7817859 0.1256573 0
vt 0.8678189 0.1264183 0
vt 0.7773438 0.1136812 0
vt 0.8731927 0.1137781 0
vt 0.7952971 0.1208233 0
vt 0.795494 0.1207722 0
vt 0.8549218 0.1202198 0
vt 0.8551127 0.1202412 0
vt 0.7934581 0.1083264 0
vt 0.7936466 0.1079304 0
vt 0.79391 0.1082699 0
vt 0.8569131 0.1082818 0
vt 0.8564541 0.1082128 0
vt 0.8567169 0.1078745 0
vt 0.7778384 0.1143911 0
vt 0.7779841 0.1146117 0
vt 0.8725541 0.1147092 0
vt 0.8726992 0.1144886 0
vt 0.793621 0.1072347 0
vt 0.7936079 0.1075742 0
vt 0.7934956 0.1073269 0
vt 0.8567389 0.1071771 0
vt 0.8568655 0.107268 0
vt 0.8567531 0.107516 0
vt 0.777515 0.1139922 0
vt 0.7776815 0.1142127 0
vt 0.8728556 0.1143103 0
vt 0.8730221 0.1140891 0
vt 0.7936186 0.1068798 0
vt 0.7933261 0.1070118 0
vt 0.8570338 0.1069541 0
vt 0.8567418 0.1068215 0
vt 0.4849109 0.02274201 0
vt 0.5709439 0.02350307 0
vt 0.4804688 0.01076594 0
vt 0.5763177 0.01086286 0
vt 0.4984221 0.01790806 0
vt 0.498619 0.01785692 0
vt 0.5580468 0.01730456 0
vt 0.5582377 0.01732596 0
vt 0.4965831 0.005411137 0
vt 0.4967716 0.005015145 0
vt 0.497035 0.005354651 0
vt 0.5600381 0.005366543 0
vt 0.5595791 0.005297572 0
vt 0.5598419 0.004959254 0
vt 0.4809634 0.01147587 0
vt 0.4811091 0.01169646 0
vt 0.5756791 0.01179397 0
vt 0.5758242 0.01157338 0
vt 0.496746 0.004319484 0
vt 0.4967329 0.004658991 0
vt 0.4966206 0.004411645 0
vt 0.5598639 0.00426181 0
vt 0.5599905 0.004352781 0
vt 0.5598781 0.004600722 0
vt 0.48064 0.01107691 0
vt 0.4808065 0.0112975 0
vt 0.5759806 0.01139501 0
vt 0.5761471 0.01117382 0
vt 0.4967436 0.003964519 0
vt 0.4964511 0.004096516 0
vt 0.5601588 0.004038842 0
vt 0.5598668 0.00390625 0
vt 0.008348372 0.02274201 0
vt 0.09438141 0.02350308 0
vt 0.00390625 0.01076594 0
vt 0.09975524 0.01086286 0
vt 0.02185965 0.01790806 0
vt 0.02205646 0.01785693 0
vt 0.08148433 0.01730456 0
vt 0.08167519 0.01732596 0
vt 0.02002061 0.005411137 0
vt 0.02020909 0.005015145 0
vt 0.02047249 0.005354652 0
vt 0.08347558 0.005366543 0
vt 0.08301657 0.005297572 0
vt 0.08327937 0.004959255 0
vt 0.004400942 0.01147587 0
vt 0.004546615 0.01169646 0
vt 0.09911666 0.01179397 0
vt 0.09926173 0.01157338 0
vt 0.02018353 0.004319484 0
vt 0.02017044 0.004658991 0
vt 0.02005807 0.004411645 0
vt 0.08330137 0.00426181 0
vt 0.08342802 0.004352781 0
vt 0.08331564 0.004600722 0
vt 0.00407749 0.01107691 0
vt 0.004243973 0.0112975 0
vt 0.09941811 0.01139501 0
vt 0.09958459 0.01117383 0
vt 0.02018115 0.003964519 0
vt 0.01988861 0.004096516 0
vt 0.08359628 0.004038842 0
vt 0.08330434 0.00390625 0
vt 0.7856921 0.07204815 0
vt 0.8717251 0.07280922 0
vt 0.78125 0.06007208 0
vt 0.877099 0.060169 0
vt 0.7992034 0.0672142 0
vt 0.7994002 0.06716307 0
vt 0.8588281 0.0666107 0
vt 0.8590189 0.0666321 0
vt 0.7973644 0.05471728 0
vt 0.7975528 0.05432129 0
vt 0.7978162 0.05466079 0
vt 0.8608193 0.05467268 0
vt 0.8603603 0.05460371 0
vt 0.8606231 0.0542654 0
vt 0.7817447 0.06078201 0
vt 0.7818904 0.0610026 0
vt 0.8764604 0.06110011 0
vt 0.8766055 0.06087952 0
vt 0.7975273 0.05362563 0
vt 0.7975142 0.05396513 0
vt 0.7974018 0.05371779 0
vt 0.8606451 0.05356795 0
vt 0.8607718 0.05365892 0
vt 0.8606594 0.05390686 0
vt 0.7814212 0.06038305 0
vt 0.7815877 0.06060364 0
vt 0.8767618 0.06070115 0
vt 0.8769283 0.06047997 0
vt 0.7975249 0.05327066 0
vt 0.7972324 0.05340266 0
vt 0.86094 0.05334498 0
vt 0.8606481 0.05321239 0
vt 0.5903796 0.02274201 0
vt 0.6764126 0.02350307 0
vt 0.5859375 0.01076594 0
vt 0.6817865 0.01086286 0
vt 0.6038909 0.01790806 0
vt 0.6040877 0.01785692 0
vt 0.6635156 0.01730456 0
vt 0.6637064 0.01732596 0
vt 0.6020519 0.005411137 0
vt 0.6022403 0.005015145 0
vt 0.6025037 0.005354651 0
vt 0.6655068 0.005366543 0
vt 0.6650478 0.005297572 0
vt 0.6653106 0.004959254 0
vt 0.5864322 0.01147587 0
vt 0.5865779 0.01169646 0
vt 0.6811479 0.01179397 0
vt 0.681293 0.01157338 0
vt 0.6022148 0.004319484 0
vt 0.6022017 0.004658991 0
vt 0.6020893 0.004411645 0
vt 0.6653326 0.00426181 0
vt 0.6654593 0.004352781 0
vt 0.6653469 0.004600722 0
vt 0.5861087 0.01107691 0
vt 0.5862752 0.0112975 0
vt 0.6814493 0.01139501 0
vt 0.6816158 0.01117382 0
vt 0.6022124 0.003964519 0
vt 0.6019199 0.004096516 0
vt 0.6656275 0.004038842 0
vt 0.6653356 0.00390625 0
vt 0.6476219 0.8668932 0
vt 0.6456399 0.9949629 0
vt 0.7307349 0.8676009 0
vt 0.7287667 0.9956924 0
vt 0.653164 0.8671892 0
vt 0.7252294 0.8679221 0
vt 0.7232233 0.9953953 0
vt 0.6511465 0.9946452 0
vt 0.7311478 0.8733415 0
vt 0.7291635 0.9899254 0
vt 0.6452339 0.9892223 0
vt 0.6472273 0.8726602 0
vt 0.6457672 0.8813944 0
vt 0.6462409 0.8781978 0
vt 0.6450343 0.8887809 0
vt 0.6452935 0.8855327 0
vt 0.6446742 0.8961261 0
vt 0.6448084 0.89291 0
vt 0.6444608 0.9034254 0
vt 0.6445446 0.9002265 0
vt 0.6443094 0.9106926 0
vt 0.6443725 0.9075063 0
vt 0.6441798 0.9179461 0
vt 0.644236 0.9147655 0
vt 0.6440559 0.9251949 0
vt 0.644111 0.9220155 0
vt 0.6439344 0.9324415 0
vt 0.6439883 0.9292621 0
vt 0.6438128 0.9396881 0
vt 0.6438667 0.9365087 0
vt 0.6436889 0.9469358 0
vt 0.6437428 0.9437552 0
vt 0.6435685 0.9541881 0
vt 0.6436201 0.9510052 0
vt 0.6434618 0.9614541 0
vt 0.6435054 0.9582621 0
vt 0.6434136 0.9687603 0
vt 0.6434228 0.9655454 0
vt 0.6435513 0.9761514 0
vt 0.6434538 0.9728917 0
vt 0.6442326 0.9836067 0
vt 0.643838 0.9803402 0
vt 0.7306259 0.9811889 0
vt 0.730151 0.9843867 0
vt 0.7313565 0.9738001 0
vt 0.7310973 0.9770484 0
vt 0.7317132 0.9664515 0
vt 0.7315802 0.9696699 0
vt 0.7319231 0.9591545 0
vt 0.7318371 0.9623499 0
vt 0.7320791 0.9518861 0
vt 0.7320172 0.9550758 0
vt 0.7322076 0.9446304 0
vt 0.7321525 0.9478132 0
vt 0.7323303 0.9373815 0
vt 0.7322775 0.9405621 0
vt 0.7324496 0.9301326 0
vt 0.7323968 0.9333132 0
vt 0.7325712 0.9228849 0
vt 0.7325184 0.9260655 0
vt 0.7326916 0.9156361 0
vt 0.7326388 0.9188166 0
vt 0.7328109 0.9083815 0
vt 0.7327593 0.9115655 0
vt 0.7329095 0.9011131 0
vt 0.7328694 0.9043063 0
vt 0.7329462 0.8938081 0
vt 0.7329428 0.8970207 0
vt 0.7328017 0.8864227 0
vt 0.7328877 0.8896778 0
vt 0.7321582 0.8789617 0
vt 0.7325666 0.8822328 0
vt 0.7212792 0.9954492 0
vt 0.6530528 0.9946968 0
vt 0.6551082 0.867133 0
vt 0.7233231 0.8678716 0
vt 0.7243233 0.8750344 0
vt 0.8943131 0.2439959 0
vt 0.8945619 0.2439883 0
vt 0.7223838 0.9882416 0
vt 0.8948221 0.1019421 0
vt 0.7224331 0.9882313 0
vt 0.6540059 0.8743417 0
vt 0.9825814 0.2441571 0
vt 0.6539577 0.874352 0
vt 0.6520561 0.9875328 0
vt 0.6520377 0.9874743 0
vt 0.9828416 0.1020957 0
vt 0.7231591 0.9892361 0
vt 0.7233552 0.9890709 0
vt 0.7234975 0.9894173 0
vt 0.7251044 0.8740893 0
vt 0.7254473 0.8738989 0
vt 0.7253108 0.8742407 0
vt 0.651275 0.9884779 0
vt 0.650932 0.9886683 0
vt 0.6510674 0.9883265 0
vt 0.6532306 0.8733484 0
vt 0.6530344 0.8735136 0
vt 0.6528922 0.873166 0
vt 0.8947828 0.112604 0
vt 0.7236867 0.9803287 0
vt 0.723252 0.9833877 0
vt 0.8948006 0.1086904 0
vt 0.8947777 0.1215154 0
vt 0.7243577 0.9733264 0
vt 0.7241352 0.9763969 0
vt 0.8947764 0.1176017 0
vt 0.8947676 0.1304178 0
vt 0.7246857 0.9661774 0
vt 0.7245607 0.9693258 0
vt 0.8947714 0.1265055 0
vt 0.8947523 0.1393203 0
vt 0.7249037 0.9589767 0
vt 0.7248222 0.9621389 0
vt 0.8947599 0.1354092 0
vt 0.8947371 0.1482228 0
vt 0.7250562 0.9517496 0
vt 0.7249931 0.954921 0
vt 0.8947434 0.1443117 0
vt 0.8947231 0.157124 0
vt 0.7251847 0.9445099 0
vt 0.7251308 0.9476882 0
vt 0.8947295 0.1532142 0
vt 0.8947066 0.166024 0
vt 0.7253074 0.9372645 0
vt 0.7252535 0.9404428 0
vt 0.8947142 0.1621141 0
vt 0.894685 0.1749239 0
vt 0.7254267 0.9300168 0
vt 0.7253739 0.9331962 0
vt 0.8946977 0.1710141 0
vt 0.8946647 0.1838251 0
vt 0.7255482 0.9227691 0
vt 0.7254943 0.9259496 0
vt 0.8946762 0.1799153 0
vt 0.8946546 0.1927289 0
vt 0.7256687 0.9155214 0
vt 0.7256148 0.9187008 0
vt 0.8946558 0.1888203 0
vt 0.8946381 0.2016288 0
vt 0.7257845 0.9082794 0
vt 0.7257352 0.9114565 0
vt 0.8946457 0.197719 0
vt 0.8946178 0.21053 0
vt 0.725882 0.90105 0
vt 0.725843 0.9042191 0
vt 0.8946279 0.2066202 0
vt 0.8945936 0.2194313 0
vt 0.7259222 0.8938539 0
vt 0.7259141 0.8970024 0
vt 0.8946063 0.2155214 0
vt 0.8945721 0.228335 0
vt 0.7258075 0.8867381 0
vt 0.7258912 0.8898418 0
vt 0.8945835 0.2244239 0
vt 0.894567 0.2372426 0
vt 0.7253624 0.8798311 0
vt 0.7255918 0.8828098 0
vt 0.8945644 0.2333327 0
vt 0.9828391 0.1088389 0
vt 0.6510123 0.982735 0
vt 0.6507703 0.9797541 0
vt 0.9828454 0.1127487 0
vt 0.9828403 0.1177426 0
vt 0.6505662 0.9758291 0
vt 0.6504847 0.9727266 0
vt 0.9828365 0.1216512 0
vt 0.9828302 0.1266451 0
vt 0.6504469 0.9687179 0
vt 0.6504538 0.9655706 0
vt 0.9828213 0.1305562 0
vt 0.9828124 0.1355489 0
vt 0.6504893 0.9615252 0
vt 0.6505306 0.9583562 0
vt 0.982801 0.1394587 0
vt 0.9827934 0.1444501 0
vt 0.6505925 0.9542959 0
vt 0.6506441 0.9511188 0
vt 0.9827857 0.1483612 0
vt 0.9827756 0.1533526 0
vt 0.650713 0.9470539 0
vt 0.6507669 0.9438745 0
vt 0.982773 0.1572649 0
vt 0.9827642 0.1622601 0
vt 0.6508368 0.9398085 0
vt 0.6508896 0.9366279 0
vt 0.9827578 0.1661725 0
vt 0.9827489 0.1711639 0
vt 0.6509584 0.9325608 0
vt 0.6510112 0.9293802 0
vt 0.9827426 0.1750775 0
vt 0.9827324 0.1800702 0
vt 0.6510788 0.9253131 0
vt 0.6511328 0.9221348 0
vt 0.9827235 0.1839825 0
vt 0.9827159 0.1889752 0
vt 0.6512027 0.9180677 0
vt 0.6512566 0.9148905 0
vt 0.982707 0.1928876 0
vt 0.9826981 0.1978815 0
vt 0.65133 0.9108291 0
vt 0.651392 0.9076566 0
vt 0.982688 0.2017939 0
vt 0.9826753 0.2067865 0
vt 0.6514814 0.9036032 0
vt 0.6515663 0.9004433 0
vt 0.9826651 0.2106963 0
vt 0.9826575 0.215689 0
vt 0.6517017 0.896406 0
vt 0.6518278 0.8932587 0
vt 0.9826474 0.2196001 0
vt 0.9826398 0.2245902 0
vt 0.652032 0.889258 0
vt 0.6522568 0.8861876 0
vt 0.9826372 0.2285026 0
vt 0.9826258 0.2335003 0
vt 0.6527053 0.8822558 0
vt 0.65314 0.8791957 0
vt 0.9826055 0.2374114 0
vt 0.6493102 0.9798711 0
vt 0.6495121 0.9798516 0
vt 0.6498241 0.9829461 0
vt 0.6496325 0.9829885 0
vt 0.6490074 0.9727507 0
vt 0.6492139 0.9727472 0
vt 0.6492999 0.9758762 0
vt 0.6490946 0.9758842 0
vt 0.6489776 0.9655626 0
vt 0.6491829 0.9655637 0
vt 0.6491772 0.9687236 0
vt 0.6489707 0.9687225 0
vt 0.6490556 0.9583367 0
vt 0.6492609 0.958339 0
vt 0.6492196 0.9615115 0
vt 0.6490143 0.9615103 0
vt 0.6491691 0.9510947 0
vt 0.6493745 0.9510993 0
vt 0.6493228 0.9542775 0
vt 0.6491175 0.9542729 0
vt 0.6492919 0.9438493 0
vt 0.6494972 0.9438539 0
vt 0.6494433 0.9470321 0
vt 0.6492368 0.9470298 0
vt 0.6494134 0.9366027 0
vt 0.6496199 0.9366062 0
vt 0.6495648 0.9397856 0
vt 0.6493595 0.9397833 0
vt 0.6495362 0.929355 0
vt 0.6497415 0.9293596 0
vt 0.6496887 0.932539 0
vt 0.6494823 0.9325356 0
vt 0.6496566 0.9221084 0
vt 0.6498631 0.9221119 0
vt 0.6498092 0.9252924 0
vt 0.6496038 0.925289 0
vt 0.6497816 0.914863 0
vt 0.6499869 0.9148676 0
vt 0.6499319 0.9180459 0
vt 0.6497266 0.9180413 0
vt 0.649917 0.9076222 0
vt 0.6501223 0.9076279 0
vt 0.6500603 0.9108027 0
vt 0.649855 0.9107993 0
vt 0.6500902 0.9003963 0
vt 0.6502955 0.9004032 0
vt 0.6502129 0.9035711 0
vt 0.6500064 0.9035654 0
vt 0.6503505 0.8932002 0
vt 0.6505558 0.8932082 0
vt 0.650432 0.8963589 0
vt 0.6502255 0.8963532 0
vt 0.6507921 0.8860465 0
vt 0.6509951 0.8860672 0
vt 0.6507634 0.8891915 0
vt 0.6505581 0.8891777 0
vt 0.6516959 0.8789319 0
vt 0.6518886 0.8789697 0
vt 0.6514493 0.8820849 0
vt 0.6512463 0.8820596 0
vt 0.7246949 0.9836515 0
vt 0.7245034 0.9836148 0
vt 0.7249415 0.9804996 0
vt 0.7251457 0.9805248 0
vt 0.725601 0.9765368 0
vt 0.7253957 0.976515 0
vt 0.7256285 0.9733918 0
vt 0.7258327 0.9734067 0
vt 0.726038 0.9693831 0
vt 0.7258327 0.9693751 0
vt 0.7259566 0.9662232 0
vt 0.7261619 0.9662278 0
vt 0.7262972 0.9621871 0
vt 0.7260919 0.9621802 0
vt 0.7261722 0.9590099 0
vt 0.7263787 0.9590145 0
vt 0.7264681 0.9549554 0
vt 0.7262628 0.9549497 0
vt 0.7263259 0.9517748 0
vt 0.7265324 0.9517806 0
vt 0.7266058 0.9477157 0
vt 0.7264004 0.9477123 0
vt 0.7264555 0.9445329 0
vt 0.7266608 0.9445363 0
vt 0.7267296 0.940468 0
vt 0.7265243 0.9404657 0
vt 0.7265771 0.9372852 0
vt 0.7267824 0.9372897 0
vt 0.7268501 0.9332214 0
vt 0.7266436 0.933218 0
vt 0.7266964 0.9300386 0
vt 0.7269028 0.9300409 0
vt 0.7269705 0.9259726 0
vt 0.7267652 0.9259703 0
vt 0.7268179 0.9227897 0
vt 0.7270233 0.922792 0
vt 0.7270909 0.918726 0
vt 0.7268856 0.9187226 0
vt 0.7269384 0.915542 0
vt 0.7271448 0.9155443 0
vt 0.7272114 0.9114783 0
vt 0.7270049 0.911476 0
vt 0.7270554 0.9082989 0
vt 0.7272607 0.9083012 0
vt 0.7273192 0.9042386 0
vt 0.7271139 0.9042352 0
vt 0.7271517 0.9010627 0
vt 0.7273582 0.9010638 0
vt 0.7273914 0.8970104 0
vt 0.7271861 0.8970093 0
vt 0.7271907 0.8938494 0
vt 0.727396 0.8938482 0
vt 0.7273673 0.8898178 0
vt 0.727162 0.8898212 0
vt 0.7270749 0.8866911 0
vt 0.7272813 0.8866819 0
vt 0.7270508 0.8826939 0
vt 0.7268478 0.8827123 0
vt 0.7265518 0.87962 0
vt 0.7267434 0.8795776 0
vt 0.7206402 0.2354583 0
vt 0.7206402 0.235576 0
vt 0.7206402 0.2744581 0
vt 0.7206402 0.2745758 0
vt 0.7206402 0.2762308 0
vt 0.7206402 0.2763485 0
vt 0.7206402 0.3152306 0
vt 0.7206402 0.3153483 0
vt 0.7206402 0.1460801 0
vt 0.7206402 0.1461978 0
vt 0.7206402 0.1850799 0
vt 0.7206402 0.1851976 0
vt 0.7206402 0.1868526 0
vt 0.7206402 0.1869703 0
vt 0.7206402 0.2258525 0
vt 0.7206402 0.2259701 0
vt 0.9595516 0.7335014 0
vt 0.9595516 0.7336192 0
vt 0.9595516 0.7725005 0
vt 0.9595516 0.7726179 0
vt 0.9595516 0.774273 0
vt 0.9595516 0.7743908 0
vt 0.9595516 0.8132721 0
vt 0.9595516 0.8133895 0
vt 0.354039 0.6741288 0
vt 0.354039 0.6740112 0
vt 0.354039 0.635129 0
vt 0.354039 0.6350114 0
vt 0.354039 0.6333563 0
vt 0.354039 0.6332387 0
vt 0.354039 0.5943565 0
vt 0.354039 0.5942389 0
vt 0.9650252 0.08380563 0
vt 0.9650252 0.08368795 0
vt 0.9650252 0.04480123 0
vt 0.9650252 0.04468356 0
vt 0.9650252 0.04302832 0
vt 0.9650252 0.04291065 0
vt 0.9650252 0.004023929 0
vt 0.9650252 0.00390625 0
vt 0.7441397 0.3147682 0
vt 0.7441397 0.3148859 0
vt 0.7441397 0.353768 0
vt 0.7441397 0.3538856 0
vt 0.7441397 0.3555407 0
vt 0.7441397 0.3556583 0
vt 0.7441397 0.3945405 0
vt 0.7441397 0.3946581 0
vt 0.7496134 0.1072082 0
vt 0.7496134 0.1070904 0
vt 0.7496134 0.06820473 0
vt 0.7496134 0.06808725 0
vt 0.7496134 0.06643203 0
vt 0.7496134 0.0663142 0
vt 0.7496134 0.02742855 0
vt 0.7496134 0.02731108 0
vt 0.9611088 0.9009933 0
vt 0.9611088 0.9008755 0
vt 0.9611088 0.8619943 0
vt 0.9611088 0.8618768 0
vt 0.9611088 0.8602214 0
vt 0.9611088 0.8601039 0
vt 0.9611088 0.8212227 0
vt 0.9611088 0.9026484 0
vt 0.1856262 0.7708996 0
vt 0.1856262 0.7707822 0
vt 0.1856262 0.731901 0
vt 0.1856262 0.7317832 0
vt 0.1856262 0.7301281 0
vt 0.1856262 0.7300107 0
vt 0.1856262 0.6911295 0
vt 0.1856262 0.6910117 0
vt 0.6533086 0.9874525 0
vt 0.9806239 0.1020805 0
vt 0.8970411 0.1019383 0
vt 0.7211726 0.9882233 0
vt 0.7230696 0.8751159 0
vt 0.8967809 0.2440023 0
vt 0.9803637 0.2441635 0
vt 0.6552171 0.8743577 0
vt 0.7232107 0.8736489 0
vt 0.7231878 0.8738519 0
vt 0.6551139 0.8731041 0
vt 0.6550978 0.8729011 0
vt 0.6531698 0.9889195 0
vt 0.6531916 0.9887165 0
vt 0.7212746 0.9894792 0
vt 0.7212918 0.9896822 0
vt 0.1738764 0.7217477 0
vt 0.1738764 0.8031732 0
vt 0.9805846 0.2333112 0
vt 0.1738764 0.7641746 0
vt 0.8966057 0.2331512 0
vt 0.1738764 0.764292 0
vt 0.1738764 0.7624017 0
vt 0.8966108 0.2374203 0
vt 0.1738764 0.7625196 0
vt 0.1738764 0.7234028 0
vt 0.9805592 0.2375828 0
vt 0.1738764 0.7235206 0
vt 0.983051 0.9033542 0
vt 0.983051 0.8219288 0
vt 0.980596 0.2244074 0
vt 0.983051 0.8609276 0
vt 0.896626 0.22425 0
vt 0.983051 0.8608101 0
vt 0.983051 0.8627004 0
vt 0.8966146 0.2285203 0
vt 0.983051 0.8625826 0
vt 0.983051 0.9016991 0
vt 0.9805934 0.2286803 0
vt 0.983051 0.9015817 0
vt 0.3775385 0.5848849 0
vt 0.3775385 0.6663122 0
vt 0.9806125 0.2155037 0
vt 0.3775385 0.6273124 0
vt 0.8966514 0.2153462 0
vt 0.3775385 0.6274301 0
vt 0.3775385 0.6255397 0
vt 0.8966361 0.2196191 0
vt 0.3775385 0.6256574 0
vt 0.3775385 0.5865399 0
vt 0.9806036 0.2197765 0
vt 0.3775385 0.5866576 0
vt 0.7715558 0.2584405 0
vt 0.7715558 0.1770131 0
vt 0.9806341 0.2065986 0
vt 0.7715558 0.216013 0
vt 0.8966717 0.2064438 0
vt 0.7715558 0.2158953 0
vt 0.7715558 0.2177857 0
vt 0.8966603 0.2107154 0
vt 0.7715558 0.217668 0
vt 0.7715558 0.2567855 0
vt 0.9806226 0.2108728 0
vt 0.7715558 0.2566678 0
vt 0.9908842 0.1748258 0
vt 0.9908842 0.09340041 0
vt 0.9806556 0.1976949 0
vt 0.9908842 0.1323992 0
vt 0.8966882 0.1975413 0
vt 0.9908842 0.1322817 0
vt 0.9908842 0.134172 0
vt 0.8966806 0.2018129 0
vt 0.9908842 0.1340542 0
vt 0.9908842 0.1731707 0
vt 0.9806442 0.201969 0
vt 0.9908842 0.1730533 0
vt 0.1605694 0.75874 0
vt 0.9806734 0.1887899 0
vt 0.1605694 0.8401654 0
vt 0.1605694 0.797621 0
vt 0.1605694 0.7977388 0
vt 0.8967009 0.1886413 0
vt 0.1605694 0.7993938 0
vt 0.1605694 0.7995117 0
vt 0.8966958 0.1929117 0
vt 0.1605694 0.8383929 0
vt 0.1605694 0.8385104 0
vt 0.9806633 0.193064 0
vt 0.7221975 0.3152306 0
vt 0.9806899 0.1798848 0
vt 0.7221975 0.2338033 0
vt 0.7221975 0.2762308 0
vt 0.8967187 0.1797401 0
vt 0.7221975 0.2763485 0
vt 0.7221975 0.2745758 0
vt 0.7221975 0.2744581 0
vt 0.8967072 0.1840105 0
vt 0.7221975 0.235576 0
vt 0.7221975 0.2354583 0
vt 0.9806798 0.184159 0
vt 0.7221975 0.1444251 0
vt 0.7221975 0.2258525 0
vt 0.9807064 0.1709811 0
vt 0.7221975 0.1868526 0
vt 0.8967402 0.1708389 0
vt 0.7221975 0.1869703 0
vt 0.7221975 0.1850799 0
vt 0.8967275 0.1751093 0
vt 0.7221975 0.1851976 0
vt 0.7221975 0.1460801 0
vt 0.9806988 0.1752552 0
vt 0.7221975 0.1461978 0
vt 0.9611088 0.7318464 0
vt 0.9611088 0.8132721 0
vt 0.9807216 0.1620748 0
vt 0.9611088 0.774273 0
vt 0.896758 0.161939 0
vt 0.9611088 0.7743908 0
vt 0.9611088 0.7725005 0
vt 0.8967491 0.1662093 0
vt 0.9611088 0.7726179 0
vt 0.9611088 0.7335014 0
vt 0.980714 0.1663489 0
vt 0.9611088 0.7336192 0
vt 0.3524818 0.6757839 0
vt 0.3524818 0.5943565 0
vt 0.9807343 0.1531698 0
vt 0.3524818 0.6333563 0
vt 0.8967732 0.1530377 0
vt 0.3524818 0.6332387 0
vt 0.3524818 0.635129 0
vt 0.8967644 0.1573068 0
vt 0.3524818 0.6350114 0
vt 0.3524818 0.6741288 0
vt 0.9807293 0.1574439 0
vt 0.3524818 0.6740112 0
vt 0.9634682 0.08546086 0
vt 0.9634682 0.004023929 0
vt 0.9807508 0.144266 0
vt 0.9634682 0.04302832 0
vt 0.8967872 0.1441353 0
vt 0.9634682 0.04291065 0
vt 0.9634682 0.04480123 0
vt 0.8967796 0.1484056 0
vt 0.9634682 0.04468356 0
vt 0.9634682 0.08380563 0
vt 0.980742 0.1485389 0
vt 0.9634682 0.08368795 0
vt 0.7456969 0.3131132 0
vt 0.7456969 0.3945405 0
vt 0.9807699 0.1353623 0
vt 0.7456969 0.3556583 0
vt 0.7456969 0.3555407 0
vt 0.8968037 0.1352315 0
vt 0.7456969 0.353768 0
vt 0.8967948 0.1395044 0
vt 0.7456969 0.3538856 0
vt 0.7456969 0.3147682 0
vt 0.9807585 0.1396351 0
vt 0.7456969 0.3148859 0
vt 0.7480563 0.02742855 0
vt 0.9807877 0.126461 0
vt 0.7480563 0.1088634 0
vt 0.7480563 0.0663142 0
vt 0.7480563 0.06643203 0
vt 0.8968139 0.1263278 0
vt 0.7480563 0.06808725 0
vt 0.7480563 0.06820473 0
vt 0.8968101 0.1306006 0
vt 0.7480563 0.1070904 0
vt 0.7480563 0.1072082 0
vt 0.9807775 0.1307314 0
vt 0.9595516 0.9026484 0
vt 0.9595516 0.8212227 0
vt 0.9807965 0.1175611 0
vt 0.9595516 0.8602214 0
vt 0.8968189 0.1174227 0
vt 0.9595516 0.8601039 0
vt 0.9595516 0.8619943 0
vt 0.8968215 0.1216969 0
vt 0.9595516 0.8618768 0
vt 0.9595516 0.9008755 0
vt 0.9595516 0.9009933 0
vt 0.980794 0.1218302 0
vt 0.1840689 0.772555 0
vt 0.1840689 0.6911295 0
vt 0.9807953 0.1086624 0
vt 0.1840689 0.7301281 0
vt 0.8968456 0.108519 0
vt 0.1840689 0.7300107 0
vt 0.1840689 0.731901 0
vt 0.8968266 0.1127906 0
vt 0.1840689 0.7317832 0
vt 0.1840689 0.7708996 0
vt 0.9808029 0.1129315 0
vt 0.1840689 0.7707822 0
vt 0.1621267 0.75874 0
vt 0.1621267 0.7586222 0
vt 0.1621267 0.7977388 0
vt 0.1621267 0.797621 0
vt 0.1621267 0.7995117 0
vt 0.1621267 0.7993938 0
vt 0.1621267 0.8385104 0
vt 0.1621267 0.8383929 0
vt 0.9924415 0.09340041 0
vt 0.9924415 0.0932826 0
vt 0.9924415 0.1323992 0
vt 0.9924415 0.1322817 0
vt 0.9924415 0.134172 0
vt 0.9924415 0.1340542 0
vt 0.9924415 0.1731707 0
vt 0.9924415 0.1730533 0
vt 0.773113 0.1770131 0
vt 0.773113 0.1768955 0
vt 0.773113 0.216013 0
vt 0.773113 0.2158953 0
vt 0.773113 0.2177857 0
vt 0.773113 0.217668 0
vt 0.773113 0.2567855 0
vt 0.773113 0.2566678 0
vt 0.3759813 0.6663122 0
vt 0.3759813 0.6664299 0
vt 0.3759813 0.6273124 0
vt 0.3759813 0.6274301 0
vt 0.3759813 0.6255397 0
vt 0.3759813 0.6256574 0
vt 0.3759813 0.5865399 0
vt 0.3759813 0.5866576 0
vt 0.9846083 0.8219288 0
vt 0.9846083 0.821811 0
vt 0.9846083 0.8609276 0
vt 0.9846083 0.8608101 0
vt 0.9846083 0.8627004 0
vt 0.9846083 0.8625826 0
vt 0.9846083 0.9016991 0
vt 0.9846083 0.9015817 0
vt 0.1723192 0.8031732 0
vt 0.1723192 0.803291 0
vt 0.1723192 0.7641746 0
vt 0.1723192 0.764292 0
vt 0.1723192 0.7624017 0
vt 0.1723192 0.7625196 0
vt 0.1723192 0.7234028 0
vt 0.1723192 0.7235206 0
vt 0.7425455 0.8668933 0
vt 0.7405635 0.9949629 0
vt 0.8256584 0.867601 0
vt 0.8236902 0.9956923 0
vt 0.7480876 0.8671892 0
vt 0.8201529 0.8679221 0
vt 0.8181469 0.9953953 0
vt 0.7460701 0.9946452 0
vt 0.8260713 0.8733415 0
vt 0.824087 0.9899254 0
vt 0.7401575 0.9892223 0
vt 0.7421509 0.8726602 0
vt 0.7406908 0.8813944 0
vt 0.7411645 0.8781978 0
vt 0.7399579 0.8887809 0
vt 0.7402171 0.8855327 0
vt 0.7395978 0.8961261 0
vt 0.739732 0.89291 0
vt 0.7393844 0.9034254 0
vt 0.7394682 0.9002265 0
vt 0.739233 0.9106926 0
vt 0.7392961 0.9075064 0
vt 0.7391034 0.9179461 0
vt 0.7391596 0.9147655 0
vt 0.7389795 0.9251949 0
vt 0.7390346 0.9220155 0
vt 0.738858 0.9324415 0
vt 0.7389119 0.9292621 0
vt 0.7387364 0.9396881 0
vt 0.7387903 0.9365087 0
vt 0.7386125 0.9469358 0
vt 0.7386664 0.9437552 0
vt 0.7384921 0.9541881 0
vt 0.7385437 0.9510052 0
vt 0.7383854 0.9614541 0
vt 0.738429 0.9582621 0
vt 0.7383372 0.9687603 0
vt 0.7383464 0.9655454 0
vt 0.7384749 0.9761514 0
vt 0.7383774 0.9728917 0
vt 0.7391562 0.9836067 0
vt 0.7387616 0.9803401 0
vt 0.8255494 0.9811889 0
vt 0.8250746 0.9843866 0
vt 0.8262801 0.9738001 0
vt 0.8260208 0.9770483 0
vt 0.8266368 0.9664515 0
vt 0.8265037 0.9696699 0
vt 0.8268467 0.9591544 0
vt 0.8267606 0.9623499 0
vt 0.8270026 0.9518861 0
vt 0.8269407 0.9550758 0
vt 0.8271311 0.9446304 0
vt 0.8270761 0.9478132 0
vt 0.8272538 0.9373815 0
vt 0.8272011 0.940562 0
vt 0.8273731 0.9301326 0
vt 0.8273204 0.9333132 0
vt 0.8274947 0.9228849 0
vt 0.8274419 0.9260655 0
vt 0.8276151 0.9156361 0
vt 0.8275624 0.9188166 0
vt 0.8277344 0.9083815 0
vt 0.8276828 0.9115655 0
vt 0.8278331 0.9011131 0
vt 0.8277929 0.9043063 0
vt 0.8278698 0.8938081 0
vt 0.8278663 0.8970208 0
vt 0.8277252 0.8864227 0
vt 0.8278113 0.8896778 0
vt 0.8270818 0.8789617 0
vt 0.8274901 0.8822329 0
vt 0.8162028 0.9954492 0
vt 0.7479764 0.9946968 0
vt 0.7500317 0.867133 0
vt 0.8182467 0.8678716 0
vt 0.8192468 0.8750345 0
vt 0.9050632 0.3903173 0
vt 0.905312 0.3903097 0
vt 0.8173073 0.9882416 0
vt 0.9055723 0.2482636 0
vt 0.8173566 0.9882313 0
vt 0.7489295 0.8743417 0
vt 0.9933314 0.3904785 0
vt 0.7488813 0.874352 0
vt 0.7469797 0.9875328 0
vt 0.7469613 0.9874743 0
vt 0.9935917 0.2484172 0
vt 0.8180827 0.989236 0
vt 0.8182788 0.9890709 0
vt 0.818421 0.9894173 0
vt 0.8200279 0.8740894 0
vt 0.8203709 0.873899 0
vt 0.8202344 0.8742408 0
vt 0.7461986 0.9884779 0
vt 0.7458556 0.9886683 0
vt 0.745991 0.9883265 0
vt 0.7481542 0.8733484 0
vt 0.747958 0.8735136 0
vt 0.7478158 0.8731661 0
vt 0.9055329 0.2589255 0
vt 0.8186103 0.9803287 0
vt 0.8181756 0.9833876 0
vt 0.9055507 0.2550118 0
vt 0.9055278 0.2678368 0
vt 0.8192812 0.9733264 0
vt 0.8190587 0.9763968 0
vt 0.9055266 0.2639232 0
vt 0.9055177 0.2767393 0
vt 0.8196093 0.9661773 0
vt 0.8194843 0.9693258 0
vt 0.9055215 0.2728269 0
vt 0.9055024 0.2856418 0
vt 0.8198272 0.9589767 0
vt 0.8197458 0.9621389 0
vt 0.9055101 0.2817307 0
vt 0.9054872 0.2945443 0
vt 0.8199797 0.9517496 0
vt 0.8199167 0.954921 0
vt 0.9054936 0.2906332 0
vt 0.9054732 0.3034455 0
vt 0.8201082 0.9445099 0
vt 0.8200543 0.9476882 0
vt 0.9054796 0.2995357 0
vt 0.9054567 0.3123454 0
vt 0.8202309 0.9372645 0
vt 0.820177 0.9404428 0
vt 0.9054644 0.3084356 0
vt 0.9054352 0.3212454 0
vt 0.8203502 0.9300168 0
vt 0.8202975 0.9331962 0
vt 0.9054479 0.3173355 0
vt 0.9054149 0.3301466 0
vt 0.8204718 0.9227691 0
vt 0.8204179 0.9259496 0
vt 0.9054263 0.3262367 0
vt 0.9054047 0.3390503 0
vt 0.8205922 0.9155214 0
vt 0.8205383 0.9187008 0
vt 0.905406 0.3351418 0
vt 0.9053882 0.3479503 0
vt 0.8207081 0.9082794 0
vt 0.8206588 0.9114565 0
vt 0.9053958 0.3440404 0
vt 0.9053679 0.3568515 0
vt 0.8208056 0.9010501 0
vt 0.8207666 0.9042191 0
vt 0.905378 0.3529416 0
vt 0.9053438 0.3657527 0
vt 0.8208457 0.893854 0
vt 0.8208377 0.8970024 0
vt 0.9053565 0.3618429 0
vt 0.9053222 0.3746564 0
vt 0.820731 0.8867382 0
vt 0.8208147 0.8898419 0
vt 0.9053336 0.3707453 0
vt 0.9053171 0.383564 0
vt 0.820286 0.8798311 0
vt 0.8205154 0.8828098 0
vt 0.9053146 0.3796542 0
vt 0.9935891 0.2551604 0
vt 0.7459359 0.982735 0
vt 0.7456939 0.979754 0
vt 0.9935955 0.2590702 0
vt 0.9935904 0.2640641 0
vt 0.7454897 0.9758291 0
vt 0.7454083 0.9727265 0
vt 0.9935866 0.2679727 0
vt 0.9935802 0.2729666 0
vt 0.7453705 0.9687179 0
vt 0.7453773 0.9655706 0
vt 0.9935714 0.2768777 0
vt 0.9935625 0.2818703 0
vt 0.7454129 0.9615252 0
vt 0.7454542 0.9583562 0
vt 0.9935511 0.2857802 0
vt 0.9935434 0.2907715 0
vt 0.7455161 0.9542959 0
vt 0.7455677 0.9511188 0
vt 0.9935358 0.2946826 0
vt 0.9935257 0.299674 0
vt 0.7456366 0.9470539 0
vt 0.7456905 0.9438745 0
vt 0.9935231 0.3035864 0
vt 0.9935142 0.3085816 0
vt 0.7457604 0.9398085 0
vt 0.7458132 0.9366279 0
vt 0.9935079 0.3124939 0
vt 0.993499 0.3174853 0
vt 0.745882 0.9325608 0
vt 0.7459348 0.9293802 0
vt 0.9934927 0.321399 0
vt 0.9934825 0.3263916 0
vt 0.7460024 0.9253131 0
vt 0.7460563 0.9221348 0
vt 0.9934736 0.330304 0
vt 0.993466 0.3352966 0
vt 0.7461263 0.9180677 0
vt 0.7461802 0.9148906 0
vt 0.9934571 0.339209 0
vt 0.9934482 0.3442029 0
vt 0.7462536 0.9108291 0
vt 0.7463156 0.9076566 0
vt 0.9934381 0.3481153 0
vt 0.9934254 0.3531079 0
vt 0.746405 0.9036032 0
vt 0.7464899 0.9004433 0
vt 0.9934152 0.3570178 0
vt 0.9934076 0.3620104 0
vt 0.7466252 0.896406 0
vt 0.7467514 0.8932587 0
vt 0.9933975 0.3659215 0
vt 0.9933898 0.3709116 0
vt 0.7469556 0.8892581 0
vt 0.7471804 0.8861876 0
vt 0.9933873 0.374824 0
vt 0.9933759 0.3798217 0
vt 0.7476288 0.8822558 0
vt 0.7480635 0.8791957 0
vt 0.9933556 0.3837328 0
vt 0.7442338 0.979871 0
vt 0.7444357 0.9798515 0
vt 0.7447477 0.9829461 0
vt 0.7445561 0.9829885 0
vt 0.743931 0.9727506 0
vt 0.7441375 0.9727472 0
vt 0.7442235 0.9758761 0
vt 0.7440182 0.9758842 0
vt 0.7439012 0.9655626 0
vt 0.7441065 0.9655637 0
vt 0.7441008 0.9687236 0
vt 0.7438943 0.9687225 0
vt 0.7439792 0.9583367 0
vt 0.7441845 0.9583389 0
vt 0.7441432 0.9615115 0
vt 0.7439379 0.9615103 0
vt 0.7440927 0.9510947 0
vt 0.744298 0.9510993 0
vt 0.7442464 0.9542775 0
vt 0.7440411 0.9542729 0
vt 0.7442155 0.9438493 0
vt 0.7444208 0.9438539 0
vt 0.7443669 0.9470321 0
vt 0.7441604 0.9470298 0
vt 0.744337 0.9366027 0
vt 0.7445435 0.9366061 0
vt 0.7444884 0.9397856 0
vt 0.7442831 0.9397833 0
vt 0.7444598 0.929355 0
vt 0.7446651 0.9293596 0
vt 0.7446123 0.932539 0
vt 0.7444059 0.9325356 0
vt 0.7445802 0.9221084 0
vt 0.7447867 0.9221119 0
vt 0.7447327 0.9252924 0
vt 0.7445274 0.925289 0
vt 0.7447052 0.914863 0
vt 0.7449105 0.9148676 0
vt 0.7448555 0.9180459 0
vt 0.7446502 0.9180413 0
vt 0.7448406 0.9076222 0
vt 0.7450459 0.9076279 0
vt 0.7449839 0.9108028 0
vt 0.7447786 0.9107993 0
vt 0.7450138 0.9003963 0
vt 0.7452191 0.9004032 0
vt 0.7451365 0.9035711 0
vt 0.74493 0.9035654 0
vt 0.7452741 0.8932002 0
vt 0.7454794 0.8932082 0
vt 0.7453556 0.896359 0
vt 0.7451491 0.8963532 0
vt 0.7457157 0.8860465 0
vt 0.7459187 0.8860672 0
vt 0.745687 0.8891915 0
vt 0.7454817 0.8891778 0
vt 0.7466195 0.8789319 0
vt 0.7468122 0.8789697 0
vt 0.7463729 0.8820849 0
vt 0.7461699 0.8820597 0
vt 0.8196185 0.9836514 0
vt 0.8194269 0.9836147 0
vt 0.819865 0.9804996 0
vt 0.8200692 0.9805248 0
vt 0.8205246 0.9765368 0
vt 0.8203192 0.976515 0
vt 0.8205521 0.9733918 0
vt 0.8207562 0.9734067 0
vt 0.8209616 0.9693831 0
vt 0.8207562 0.9693751 0
vt 0.8208801 0.9662232 0
vt 0.8210854 0.9662278 0
vt 0.8212208 0.962187 0
vt 0.8210155 0.9621801 0
vt 0.8210957 0.9590099 0
vt 0.8213022 0.9590145 0
vt 0.8213917 0.9549554 0
vt 0.8211864 0.9549496 0
vt 0.8212494 0.9517748 0
vt 0.8214559 0.9517806 0
vt 0.8215293 0.9477157 0
vt 0.821324 0.9477123 0
vt 0.821379 0.9445329 0
vt 0.8215844 0.9445363 0
vt 0.8216532 0.940468 0
vt 0.8214479 0.9404657 0
vt 0.8215006 0.9372852 0
vt 0.8217059 0.9372897 0
vt 0.8217736 0.9332214 0
vt 0.8215672 0.933218 0
vt 0.8216199 0.9300386 0
vt 0.8218264 0.9300409 0
vt 0.821894 0.9259726 0
vt 0.8216887 0.9259703 0
vt 0.8217415 0.9227897 0
vt 0.8219468 0.922792 0
vt 0.8220145 0.918726 0
vt 0.8218092 0.9187226 0
vt 0.8218619 0.915542 0
vt 0.8220684 0.9155443 0
vt 0.8221349 0.9114783 0
vt 0.8219284 0.911476 0
vt 0.8219789 0.9082989 0
vt 0.8221842 0.9083012 0
vt 0.8222427 0.9042386 0
vt 0.8220374 0.9042352 0
vt 0.8220753 0.9010627 0
vt 0.8222817 0.9010638 0
vt 0.822315 0.8970104 0
vt 0.8221097 0.8970093 0
vt 0.8221143 0.8938494 0
vt 0.8223196 0.8938482 0
vt 0.8222909 0.8898178 0
vt 0.8220856 0.8898212 0
vt 0.8219984 0.8866911 0
vt 0.8222049 0.886682 0
vt 0.8219743 0.8826939 0
vt 0.8217713 0.8827123 0
vt 0.8214754 0.8796201 0
vt 0.8216669 0.8795776 0
vt 0.73239 0.3051173 0
vt 0.73239 0.305235 0
vt 0.73239 0.3441171 0
vt 0.73239 0.3442348 0
vt 0.73239 0.3458898 0
vt 0.73239 0.3460075 0
vt 0.73239 0.3848896 0
vt 0.73239 0.3850073 0
vt 0.7989718 0.3237215 0
vt 0.7989718 0.3238391 0
vt 0.7989718 0.3627213 0
vt 0.7989718 0.3628389 0
vt 0.7989718 0.364494 0
vt 0.7989718 0.3646117 0
vt 0.7989718 0.4034938 0
vt 0.7989718 0.4036115 0
vt 0.9908842 0.7340897 0
vt 0.9908842 0.7342076 0
vt 0.9908842 0.7730888 0
vt 0.9908842 0.7732063 0
vt 0.9908842 0.7748613 0
vt 0.9908842 0.7749791 0
vt 0.9908842 0.8138604 0
vt 0.9908842 0.8139779 0
vt 0.6634488 0.7579124 0
vt 0.6634488 0.7577948 0
vt 0.6634488 0.7189126 0
vt 0.6634488 0.718795 0
vt 0.6634488 0.7171399 0
vt 0.6634488 0.7170223 0
vt 0.6634488 0.6781401 0
vt 0.6634488 0.6780225 0
vt 0.9532755 0.08380565 0
vt 0.9532755 0.08368798 0
vt 0.9532755 0.04480125 0
vt 0.9532755 0.04468357 0
vt 0.9532755 0.04302834 0
vt 0.9532755 0.04291066 0
vt 0.9532755 0.004023929 0
vt 0.9532755 0.00390625 0
vt 0.7872221 0.3283985 0
vt 0.7872221 0.3285161 0
vt 0.7872221 0.3673983 0
vt 0.7872221 0.3675159 0
vt 0.7872221 0.369171 0
vt 0.7872221 0.3692886 0
vt 0.7872221 0.4081708 0
vt 0.7872221 0.4082884 0
vt 0.976775 0.08380339 0
vt 0.976775 0.08368556 0
vt 0.976775 0.04479991 0
vt 0.976775 0.04468243 0
vt 0.976775 0.04302721 0
vt 0.976775 0.04290938 0
vt 0.976775 0.004023726 0
vt 0.976775 0.00390625 0
vt 0.9806917 0.8031429 0
vt 0.9806917 0.8030251 0
vt 0.9806917 0.7641438 0
vt 0.9806917 0.7640263 0
vt 0.9806917 0.762371 0
vt 0.9806917 0.7622535 0
vt 0.9806917 0.7233722 0
vt 0.9806917 0.8047979 0
vt 0.7652799 0.7468473 0
vt 0.7652799 0.7467299 0
vt 0.7652799 0.7078487 0
vt 0.7652799 0.7077309 0
vt 0.7652799 0.7060758 0
vt 0.7652799 0.7059584 0
vt 0.7652799 0.6670772 0
vt 0.7652799 0.6669594 0
vt 0.7482322 0.9874525 0
vt 0.991374 0.2484019 0
vt 0.9077912 0.2482598 0
vt 0.8160961 0.9882233 0
vt 0.8179932 0.8751159 0
vt 0.907531 0.3903237 0
vt 0.9911138 0.3904849 0
vt 0.7501407 0.8743578 0
vt 0.8181343 0.8736489 0
vt 0.8181113 0.873852 0
vt 0.7500375 0.8731041 0
vt 0.7500214 0.8729011 0
vt 0.7480934 0.9889195 0
vt 0.7481152 0.9887165 0
vt 0.8161982 0.9894792 0
vt 0.8162154 0.9896822 0
vt 0.1503769 0.7586222 0
vt 0.1503769 0.8400477 0
vt 0.9913346 0.3796326 0
vt 0.1503769 0.8010491 0
vt 0.9073558 0.3794726 0
vt 0.1503769 0.8011666 0
vt 0.1503769 0.7992762 0
vt 0.9073609 0.3837417 0
vt 0.1503769 0.7993941 0
vt 0.1503769 0.7602773 0
vt 0.9913092 0.3839042 0
vt 0.1503769 0.7603951 0
vt 0.9713013 0.8942917 0
vt 0.9713013 0.8128664 0
vt 0.9913461 0.3707288 0
vt 0.9713013 0.8518651 0
vt 0.9073761 0.3705714 0
vt 0.9713013 0.8517476 0
vt 0.9713013 0.8536379 0
vt 0.9073647 0.3748418 0
vt 0.9713013 0.8535201 0
vt 0.9713013 0.8926367 0
vt 0.9913435 0.3750017 0
vt 0.9713013 0.8925192 0
vt 0.3657888 0.5895619 0
vt 0.3657888 0.6709892 0
vt 0.9913626 0.3618251 0
vt 0.3657888 0.6319894 0
vt 0.9074015 0.3616677 0
vt 0.3657888 0.6321071 0
vt 0.3657888 0.6302167 0
vt 0.9073863 0.3659406 0
vt 0.3657888 0.6303344 0
vt 0.3657888 0.5912169 0
vt 0.9913537 0.366098 0
vt 0.3657888 0.5913346 0
vt 0.759806 0.2631175 0
vt 0.759806 0.1816901 0
vt 0.9913841 0.3529201 0
vt 0.759806 0.2206899 0
vt 0.9074218 0.3527652 0
vt 0.759806 0.2205723 0
vt 0.759806 0.2224626 0
vt 0.9074104 0.3570368 0
vt 0.759806 0.222345 0
vt 0.759806 0.2614625 0
vt 0.9913727 0.3571942 0
vt 0.759806 0.2613448 0
vt 0.9908842 0.7246015 0
vt 0.9908842 0.6431762 0
vt 0.9914057 0.3440163 0
vt 0.9908842 0.6821749 0
vt 0.9074383 0.3438627 0
vt 0.9908842 0.6820575 0
vt 0.9908842 0.6839478 0
vt 0.9074307 0.3481343 0
vt 0.9908842 0.68383 0
vt 0.9908842 0.7229465 0
vt 0.9913943 0.3482905 0
vt 0.9908842 0.7228291 0
vt 0.9869674 0.00402225 0
vt 0.9914235 0.3351113 0
vt 0.9869679 0.08545095 0
vt 0.9869676 0.04290493 0
vt 0.9869676 0.04302263 0
vt 0.907451 0.3349628 0
vt 0.9869676 0.04467775 0
vt 0.9869676 0.04479545 0
vt 0.9074459 0.3392331 0
vt 0.9869679 0.08367813 0
vt 0.9869679 0.08379583 0
vt 0.9914133 0.3393854 0
vt 0.7339472 0.3848896 0
vt 0.99144 0.3262063 0
vt 0.7339472 0.3034623 0
vt 0.7339472 0.3458898 0
vt 0.9074688 0.3260616 0
vt 0.7339472 0.3460075 0
vt 0.7339472 0.3442348 0
vt 0.7339472 0.3441171 0
vt 0.9074574 0.3303319 0
vt 0.7339472 0.305235 0
vt 0.7339472 0.3051173 0
vt 0.9914298 0.3304804 0
vt 0.8005291 0.3220664 0
vt 0.8005291 0.4034938 0
vt 0.9914565 0.3173025 0
vt 0.8005291 0.364494 0
vt 0.9074904 0.3171604 0
vt 0.8005291 0.3646117 0
vt 0.8005291 0.3627213 0
vt 0.9074777 0.3214307 0
vt 0.8005291 0.3628389 0
vt 0.8005291 0.3237215 0
vt 0.9914489 0.3215767 0
vt 0.8005291 0.3238391 0
vt 0.9924415 0.7324347 0
vt 0.9924415 0.8138604 0
vt 0.9914717 0.3083962 0
vt 0.9924415 0.7748613 0
vt 0.9075081 0.3082604 0
vt 0.9924415 0.7749791 0
vt 0.9924415 0.7730888 0
vt 0.9074993 0.3125308 0
vt 0.9924415 0.7732063 0
vt 0.9924415 0.7340897 0
vt 0.9914641 0.3126704 0
vt 0.9924415 0.7342076 0
vt 0.6618916 0.7595675 0
vt 0.6618916 0.6781401 0
vt 0.9914844 0.2994912 0
vt 0.6618916 0.7171399 0
vt 0.9075234 0.2993592 0
vt 0.6618916 0.7170223 0
vt 0.6618916 0.7189126 0
vt 0.9075145 0.3036283 0
vt 0.6618916 0.718795 0
vt 0.6618916 0.7579124 0
vt 0.9914793 0.3037654 0
vt 0.6618916 0.7577948 0
vt 0.9517184 0.08546089 0
vt 0.9517184 0.004023929 0
vt 0.9915009 0.2905875 0
vt 0.9517184 0.04302834 0
vt 0.9075373 0.2904567 0
vt 0.9517184 0.04291066 0
vt 0.9517184 0.04480125 0
vt 0.9075297 0.2947271 0
vt 0.9517184 0.04468357 0
vt 0.9517184 0.08380565 0
vt 0.991492 0.2948604 0
vt 0.9517184 0.08368798 0
vt 0.7887793 0.3267434 0
vt 0.7887793 0.4081708 0
vt 0.99152 0.2816837 0
vt 0.7887793 0.3692886 0
vt 0.7887793 0.369171 0
vt 0.9075538 0.281553 0
vt 0.7887793 0.3673983 0
vt 0.907545 0.2858259 0
vt 0.7887793 0.3675159 0
vt 0.7887793 0.3283985 0
vt 0.9915085 0.2859566 0
vt 0.7887793 0.3285161 0
vt 0.9752179 0.004023726 0
vt 0.9915377 0.2727825 0
vt 0.9752179 0.08545861 0
vt 0.9752179 0.04290938 0
vt 0.9752179 0.04302721 0
vt 0.907564 0.2726492 0
vt 0.9752179 0.04468243 0
vt 0.9752179 0.04479991 0
vt 0.9075602 0.2769221 0
vt 0.9752179 0.08368556 0
vt 0.9752179 0.08380339 0
vt 0.9915276 0.2770529 0
vt 0.9791345 0.8047979 0
vt 0.9791345 0.7233722 0
vt 0.9915466 0.2638826 0
vt 0.9791345 0.762371 0
vt 0.9075691 0.2637442 0
vt 0.9791345 0.7622535 0
vt 0.9791345 0.7641438 0
vt 0.9075716 0.2680184 0
vt 0.9791345 0.7640263 0
vt 0.9791345 0.8030251 0
vt 0.9791345 0.8031429 0
vt 0.9915441 0.2681517 0
vt 0.7637226 0.7485027 0
vt 0.7637226 0.6670772 0
vt 0.9915454 0.2549839 0
vt 0.7637226 0.7060758 0
vt 0.9075957 0.2548405 0
vt 0.7637226 0.7059584 0
vt 0.7637226 0.7078487 0
vt 0.9075767 0.2591121 0
vt 0.7637226 0.7077309 0
vt 0.7637226 0.7468473 0
vt 0.991553 0.259253 0
vt 0.7637226 0.7467299 0
vt 0.9885246 0.004022241 0
vt 0.9885246 0.00390454 0
vt 0.9885248 0.04302262 0
vt 0.9885248 0.04290492 0
vt 0.9885248 0.04479544 0
vt 0.9885248 0.04467774 0
vt 0.9885251 0.08379582 0
vt 0.9885251 0.08367812 0
vt 0.9924415 0.6431762 0
vt 0.9924415 0.6430584 0
vt 0.9924415 0.6821749 0
vt 0.9924415 0.6820575 0
vt 0.9924415 0.6839478 0
vt 0.9924415 0.68383 0
vt 0.9924415 0.7229465 0
vt 0.9924415 0.7228291 0
vt 0.7613633 0.1816901 0
vt 0.7613633 0.1815725 0
vt 0.7613633 0.2206899 0
vt 0.7613633 0.2205723 0
vt 0.7613633 0.2224626 0
vt 0.7613633 0.222345 0
vt 0.7613633 0.2614625 0
vt 0.7613633 0.2613448 0
vt 0.3642315 0.6709892 0
vt 0.3642315 0.6711069 0
vt 0.3642315 0.6319894 0
vt 0.3642315 0.6321071 0
vt 0.3642315 0.6302167 0
vt 0.3642315 0.6303344 0
vt 0.3642315 0.5912169 0
vt 0.3642315 0.5913346 0
vt 0.9728586 0.8128664 0
vt 0.9728586 0.8127485 0
vt 0.9728586 0.8518651 0
vt 0.9728586 0.8517476 0
vt 0.9728586 0.8536379 0
vt 0.9728586 0.8535201 0
vt 0.9728586 0.8926367 0
vt 0.9728586 0.8925192 0
vt 0.1488197 0.8400477 0
vt 0.1488197 0.8401655 0
vt 0.1488197 0.8010491 0
vt 0.1488197 0.8011666 0
vt 0.1488197 0.7992762 0
vt 0.1488197 0.7993941 0
vt 0.1488197 0.7602773 0
vt 0.1488197 0.7603951 0
vt 0.7191766 0.06165129 0
vt 0.00594373 0.05397974 0
vt 0.00859207 0.1103998 0
vt 0.7114766 0.1166948 0
vt 0.3879224 0.01300366 0
vt 0.2668552 0.01457741 0
vt 0.2880658 0.01181969 0
vt 0.6169645 0.6715619 0
vt 0.3856503 0.6715619 0
vt 0.6169645 0.6200783 0
vt 0.3856503 0.6200783 0
vt 0.164296 0.7152095 0
vt 0.007561862 0.7113287 0
vt 0.007640732 0.145446 0
vt 0.7094137 0.1496989 0
vt 0.1583773 0.1458782 0
vt 0.5583482 0.1436751 0
vt 0.7167147 0.07813909 0
vt 0.7169504 0.07649986 0
vt 0.404428 0.6715619 0
vt 0.4062936 0.6715619 0
vt 0.4062936 0.6200783 0
vt 0.404428 0.6200783 0
vt 0.01652087 0.6749412 0
vt 0.01529649 0.6754131 0
vt 0.01996883 0.7085078 0
vt 0.0212458 0.708199 0
vt 0.03182024 0.5871444 0
vt 0.0306835 0.5877499 0
vt 0.2789291 0.09813644 0
vt 0.30035 0.0974578 0
vt 0.3914034 0.09661738 0
vt 0.4595246 0.0964379 0
vt 0.5054731 0.1035595 0
vt 0.00390625 0.5640123 0
vt 0.7087666 0.5652348 0
vt 0.1902105 0.1231663 0
vt 0.1902691 0.1232841 0
vt 0.1901458 0.1231978 0
vt 0.5264764 0.1166032 0
vt 0.5263262 0.1166186 0
vt 0.526411 0.1165154 0
vt 0.5547585 0.10343 0
vt 0.5549873 0.1038044 0
vt 0.5546075 0.1036195 0
vt 0.5683353 0.04641217 0
vt 0.5682282 0.04636518 0
vt 0.01198339 0.7470717 0
vt 0.177089 0.04707233 0
vt 0.05442543 0.7376947 0
vt 0.1803675 0.096015 0
vt 0.05427845 0.7377203 0
vt 0.3912548 0.1044553 0
vt 0.3912509 0.1046541 0
vt 0.3846054 0.01350359 0
vt 0.3844044 0.01353594 0
vt 0.4517007 0.5685143 0
vt 0.4514539 0.5685143 0
vt 0.3883969 0.06362869 0
vt 0.3012436 0.1053327 0
vt 0.3012675 0.1055315 0
vt 0.2803057 0.1062563 0
vt 0.2802664 0.1060545 0
vt 0.5512105 0.5685143 0
vt 0.5509636 0.5685143 0
vt 0.2992469 0.06395992 0
vt 0.1159371 0.7410105 0
vt 0.2683673 0.06748796 0
vt 0.115786 0.7409768 0
vt 0.6169645 0.5685143 0
vt 0.2913836 0.01136366 0
vt 0.2633865 0.01495486 0
vt 0.2632378 0.01496796 0
vt 0.1598771 0.047657 0
vt 0.1596838 0.0476778 0
vt 0.163221 0.1050777 0
vt 0.1628806 0.1052796 0
vt 0.1631679 0.1049583 0
vt 0.3920543 0.06674384 0
vt 0.3920505 0.06693565 0
vt 0.2726803 0.06986207 0
vt 0.2726426 0.06967103 0
vt 0.2959823 0.06725687 0
vt 0.2960093 0.06745253 0
vt 0.2403775 0.6708257 0
vt 0.004049184 0.6800234 0
vt 0.2405434 0.6708931 0
vt 0.1716639 0.6839784 0
vt 0.1718635 0.6840458 0
vt 0.1717907 0.6841375 0
vt 0.04809991 0.6622942 0
vt 0.04811205 0.6625531 0
vt 0.04788686 0.66246 0
vt 0.4514539 0.6715619 0
vt 0.4517007 0.6715619 0
vt 0.1248907 0.6647672 0
vt 0.1250862 0.6649573 0
vt 0.1248678 0.6650207 0
vt 0.5509636 0.6715619 0
vt 0.5512105 0.6715619 0
vt 0.5509636 0.6200783 0
vt 0.5512105 0.6200783 0
vt 0.4517007 0.6200783 0
vt 0.4514539 0.6200783 0
vt 0.05237985 0.7006626 0
vt 0.0522059 0.7006855 0
vt 0.1197949 0.7035846 0
vt 0.1199702 0.7036116 0
vt 0.01982724 0.5932286 0
vt 0.2232928 0.5845811 0
vt 0.1563066 0.6002229 0
vt 0.1561218 0.6001771 0
vt 0.06004706 0.5719745 0
vt 0.05988795 0.5720366 0
vt 0.1227251 0.5773332 0
vt 0.1225768 0.5772685 0
vt 0.5464615 0.03575565 0
vt 0.5463012 0.03567246 0
vt 0.4517799 0.007119229 0
vt 0.4515988 0.007154664 0
vt 0.458299 0.1046225 0
vt 0.4583268 0.1044207 0
vt 0.5025713 0.1101518 0
vt 0.5025004 0.1103205 0
vt 0.4640872 0.06543353 0
vt 0.4643152 0.06531876 0
vt 0.4644092 0.0656654 0
vt 0.5201606 0.08137518 0
vt 0.520451 0.08125501 0
vt 0.5206467 0.08143681 0
vt 0.1784463 0.07072404 0
vt 0.4758414 0.05393583 0
vt 0.4758006 0.05391734 0
vt 0.2303656 0.07020832 0
vt 0.5140135 0.06733082 0
vt 0.5142231 0.06748565 0
vt 0.1780931 0.004927763 0
vt 0.1778626 0.004927261 0
vt 0.5320805 0.02863102 0
vt 0.2306688 0.005187711 0
vt 0.1544787 0.5643119 0
vt 0.5592132 0.5641848 0
vt 0.19091 0.146033 0
vt 0.1910301 0.145936 0
vt 0.1909893 0.1460577 0
vt 0.5230871 0.142411 0
vt 0.5230224 0.1424788 0
vt 0.522943 0.1423494 0
vt 0.3906955 0.1396202 0
vt 0.3906971 0.1394191 0
vt 0.284091 0.1414805 0
vt 0.2840871 0.141281 0
vt 0.3042224 0.1406177 0
vt 0.3042401 0.1408188 0
vt 0.4554781 0.1396379 0
vt 0.4554889 0.1394368 0
vt 0.4987213 0.1407502 0
vt 0.4987405 0.1409266 0
vt 0.1848584 0.5645353 0
vt 0.1850564 0.5645307 0
vt 0.2823093 0.5647194 0
vt 0.3033981 0.5647102 0
vt 0.3046499 0.1486505 0
vt 0.3046653 0.1488516 0
vt 0.3898798 0.5644891 0
vt 0.4999984 0.5642804 0
vt 0.4546816 0.5643551 0
vt 0.4996657 0.1477131 0
vt 0.4996934 0.1478802 0
vt 0.5287458 0.5642149 0
vt 0.5289422 0.5642149 0
vt 0.5286225 0.1459475 0
vt 0.528423 0.1462487 0
vt 0.5283175 0.1460962 0
vt 0.3906008 0.1476776 0
vt 0.3906015 0.1474751 0
vt 0.2839177 0.1493354 0
vt 0.2839161 0.1491389 0
vt 0.4550599 0.147673 0
vt 0.4550683 0.1474727 0
vt 0.1854454 0.1195188 0
vt 0.1855617 0.119401 0
vt 0.5315228 0.1141505 0
vt 0.5316167 0.114313 0
vt 0.187962 0.150544 0
vt 0.1878903 0.1506742 0
vt 0.1876939 0.1503483 0
vt 0.5649983 0.06134933 0
vt 0.5649829 0.06107664 0
vt 0.5650106 0.06125997 0
vt 0.5653411 0.06296776 0
vt 0.5650838 0.06302553 0
vt 0.5650299 0.06273898 0
vt 0.3900554 0.02969405 0
vt 0.3900215 0.02943137 0
vt 0.3898351 0.02798549 0
vt 0.3898012 0.02772282 0
vt 0.3865304 0.02834754 0
vt 0.404428 0.5685143 0
vt 0.3865073 0.02811645 0
vt 0.3866768 0.02965862 0
vt 0.3867114 0.02991744 0
vt 0.4062936 0.5685143 0
vt 0.4542325 0.02374183 0
vt 0.4544636 0.02379499 0
vt 0.4543011 0.02400297 0
vt 0.4538304 0.02232985 0
vt 0.453765 0.02207102 0
vt 0.4539398 0.02224126 0
vt 0.541352 0.04991633 0
vt 0.5412873 0.04979847 0
vt 0.5414798 0.04969448 0
vt 0.5405878 0.05110261 0
vt 0.5404499 0.05131753 0
vt 0.540359 0.05108028 0
vt 0.4701418 0.01860846 0
vt 0.1779375 0.02245712 0
vt 0.1779217 0.02415442 0
vt 0.4703383 0.0199465 0
vt 0.2305959 0.02270544 0
vt 0.5278307 0.04203679 0
vt 0.5277752 0.0432354 0
vt 0.2305903 0.02439881 0
vt 0.00684962 0.06972958 0
vt 0.006864256 0.06999533 0
vt 0.006947449 0.07153519 0
vt 0.006961315 0.07180095 0
vt 0.1601221 0.06474179 0
vt 0.1598763 0.06477029 0
vt 0.1598879 0.06450146 0
vt 0.1602253 0.0644614 0
vt 0.160441 0.06294773 0
vt 0.1604926 0.06267889 0
vt 0.1605973 0.06269276 0
vt 0.1605319 0.0629693 0
vt 0.1767516 0.06306097 0
vt 0.02603275 0.7434512 0
vt 0.1767131 0.06330901 0
vt 0.1767701 0.06173911 0
vt 0.1767832 0.06148876 0
vt 0.02491489 0.7445542 0
vt 0.8733868 0.5545168 0
vt 0.9341979 0.5545168 0
vt 0.8733868 0.6153279 0
vt 0.9341979 0.6153279 0
vt 0.6343409 0.9961087 0
vt 0.6343409 0.8983601 0
vt 0.003890793 0.9961087 0
vt 0.003890793 0.8983601 0
vt 0.6343409 0.9865198 0
vt 0.6343409 0.9852005 0
vt 0.6343409 0.9092682 0
vt 0.6343409 0.9079489 0
vt 0.003890793 0.9852005 0
vt 0.003890793 0.9865198 0
vt 0.003890793 0.9079489 0
vt 0.003890793 0.9092682 0
vt 0.6343409 0.9737927 0
vt 0.6343409 0.972592 0
vt 0.6343409 0.9218767 0
vt 0.6343409 0.920676 0
vt 0.003890793 0.920676 0
vt 0.003890793 0.9218767 0
vt 0.003890793 0.972592 0
vt 0.003890793 0.9737927 0
vt 0.2318412 0.05748789 0
vt 0.2602722 0.02984694 0
vt 0.2618896 0.05915787 0
vt 0.2460524 0.03135357 0
vt 0.2344095 0.04290392 0
vt 0.2468628 0.05958146 0
vt 0.2472092 0.05960521 0
vt 0.2476237 0.04568868 0
vt 0.2477755 0.04540694 0
vt 0.2478816 0.0456997 0
vt 0.2619803 0.04461299 0
vt 0.2619453 0.04428319 0
vt 0.3004346 0.0591278 0
vt 0.3795778 0.0617959 0
vt 0.3016058 0.02438657 0
vt 0.380749 0.02705467 0
vt 0.3006606 0.05242446 0
vt 0.3006505 0.05272206 0
vt 0.3797938 0.05539019 0
vt 0.3798038 0.05509259 0
vt 0.3010444 0.0410396 0
vt 0.3010343 0.04133722 0
vt 0.3801776 0.04400535 0
vt 0.3801876 0.04370773 0
vt 0.3012343 0.03540589 0
vt 0.3012243 0.03570348 0
vt 0.3803675 0.03837158 0
vt 0.3803775 0.03807399 0
vt 0.9125526 0.7277134 0
vt 0.9501372 0.7277134 0
vt 0.9125526 0.8404672 0
vt 0.9501372 0.8404672 0
vt 0.9125526 0.7590068 0
vt 0.9125526 0.7599546 0
vt 0.9125526 0.7710951 0
vt 0.9125526 0.7720723 0
vt 0.9501372 0.7720723 0
vt 0.9501372 0.7710951 0
vt 0.9501372 0.7599546 0
vt 0.9501372 0.7590068 0
vt 0.9125526 0.7961084 0
vt 0.9125526 0.7970856 0
vt 0.9125526 0.8082261 0
vt 0.9125526 0.8091738 0
vt 0.9501372 0.8091738 0
vt 0.9501372 0.8082261 0
vt 0.9501372 0.7970856 0
vt 0.9501372 0.7961084 0
vt 0.949893 0.4932079 0
vt 0.9673777 0.4610762 0
vt 0.9568648 0.4240434 0
vt 0.9255206 0.4051355 0
vt 0.9607416 0.4286239 0
vt 0.9681854 0.4549944 0
vt 0.9190081 0.4169421 0
vt 0.938447 0.4864535 0
vt 0.9635436 0.457497 0
vt 0.963447 0.4574314 0
vt 0.9635416 0.4574128 0
vt 0.9553125 0.4291892 0
vt 0.9553585 0.4292486 0
vt 0.9552616 0.4292769 0
vt 0.9451041 0.4903526 0
vt 0.9452206 0.4904216 0
vt 0.9228811 0.4099391 0
vt 0.9228157 0.4100577 0
vt 0.9538167 0.4286992 0
vt 0.9538755 0.4285718 0
vt 0.9623206 0.4585448 0
vt 0.9624354 0.4586232 0
vt 0.9629332 0.4559286 0
vt 0.9628012 0.4559772 0
vt 0.9555217 0.4306825 0
vt 0.9556604 0.4306557 0
vt 0.9603212 0.4569158 0
vt 0.9605091 0.4570726 0
vt 0.9603005 0.4571756 0
vt 0.9529384 0.4311254 0
vt 0.9527763 0.4309203 0
vt 0.9530118 0.4308999 0
vt 0.9217409 0.4120102 0
vt 0.9216759 0.4121276 0
vt 0.9430758 0.4891577 0
vt 0.9431914 0.4892259 0
vt 0.9682833 0.4580196 0
vt 0.9683164 0.4578456 0
vt 0.9594027 0.4260517 0
vt 0.9592884 0.425915 0
vt 0.9550732 0.4560519 0
vt 0.9550247 0.456045 0
vt 0.9487226 0.4346218 0
vt 0.9487161 0.4346348 0
vt 0.8359375 0.9362338 0
vt 0.8971795 0.1176753 0
vt 0.2999767 0.5890869 0
vt 0.8320312 0.707604 0
vt 0.9076452 0.3620396 0
vt 0.3391425 0.5887918 0
vt 0.8968558 0.2370496 0
vt 0.980417 0.13048 0
vt 0.2972345 0.5758518 0
vt 0.359375 0.7639113 0
vt 0.991129 0.2946077 0
vt 0.7464667 0.1761253 0
vt 0.9076021 0.379842 0
vt 0.8024733 0.3097703 0
vt 0.5 0.8421962 0
vt 0.8247983 0.6264793 0
vt 0.90779 0.2480071 0
vt 0.8398438 0.5355602 0
vt 0.7976241 0.1669433 0
vt 0.8943194 0.228335 0
vt 0.6069644 0.783214 0
vt 0.7792939 0.7386769 0
vt 0.7271257 0.6706244 0
vt 0.982985 0.1800714 0
vt 0.3288873 0.7011394 0
vt 0.7362115 0.2884732 0
vt 0.3393843 0.5885499 0
vt 0.7467086 0.1758835 0
vt 0.9911848 0.3301098 0
vt 0.3716495 0.5757067 0
vt 0.9805338 0.1303607 0
vt 0.7789738 0.1630403 0
vt 0.8970703 0.1837591 0
vt 0.8515625 0.6583462 0
vt 0.9937351 0.3263929 0
vt 0.3286938 0.7009217 0
vt 0.736018 0.2882555 0
vt 0.9802431 0.2195239 0
vt 0.9910782 0.3264576 0
vt 0.6174615 0.6706244 0
vt 0.9078407 0.3211806 0
vt 0.983098 0.1127487 0
vt 0.7897909 0.6260873 0
vt 0.6497266 0.6577812 0
vt 0.9912102 0.3176719 0
vt 0.8005291 0.4036115 0
vt 0.9936412 0.3709129 0
vt 0.8220561 0.6132441 0
vt 0.6067709 0.7829963 0
vt 0.991176 0.2730339 0
vt 0.9050696 0.3746564 0
vt 0.9933518 0.3907274 0
vt 0.7791004 0.7384592 0
vt 0.6172196 0.6708663 0
vt 0.9078395 0.2552124 0
vt 0.3880818 0.06343149 0
vt 0.8651383 0.4543777 0
vt 0.00390625 0.7900802 0
vt 0.9911023 0.312419 0
vt 0.7895491 0.6263292 0
vt 0.234375 0.8650621 0
vt 0.9077519 0.3086311 0
vt 0.8247983 0.3116425 0
vt 0.6289062 0.6078836 0
vt 0.7166286 0.7832139 0
vt 0.8145431 0.7388269 0
vt 0.9911493 0.3479185 0
vt 0.8250401 0.6262374 0
vt 0.9803434 0.1712312 0
vt 0.8944769 0.1532142 0
vt 0.9938138 0.2818703 0
vt 0.8573053 0.6133942 0
vt 0.8970601 0.1888939 0
vt 0.8143496 0.7386092 0
vt 0.9076782 0.3477637 0
vt 0.6524688 0.6710164 0
vt 0.7593908 0.6577812 0
vt 0.3710938 0.813226 0
vt 0.894402 0.1927289 0
vt 0.2897215 0.7014347 0
vt 0.3002185 0.5888451 0
vt 0.9803776 0.2105008 0
vt 0.991195 0.3265757 0
vt 0.7339472 0.3850073 0
vt 0.9826017 0.2444059 0
vt 0.9051622 0.3301453 0
vt 0.3324838 0.5760019 0
vt 0.9076935 0.3353334 0
vt 0.289528 0.701217 0
vt 0.2098953 0.6975715 0
vt 0.7578125 0.8039932 0
vt 0.8145431 0.4239901 0
vt 0.9077836 0.3530178 0
vt 0.8250401 0.3114007 0
vt 0.9803027 0.1928127 0
vt 0.8573053 0.2985575 0
vt 0.9802608 0.2106189 0
vt 0.9076554 0.3566674 0
vt 0.8143496 0.4237725 0
vt 0.8968519 0.2335206 0
vt 0.7202251 0.6580814 0
vt 0.7973822 0.4673126 0
vt 0.234375 0.815731 0
vt 0.9077823 0.2908274 0
vt 0.6422136 0.783364 0
vt 0.9910439 0.3442664 0
vt 0.983018 0.1622589 0
vt 0.9829761 0.1839838 0
vt 0.6527107 0.6707745 0
vt 0.6849759 0.6579313 0
vt 0.9077595 0.3032601 0
vt 0.6420201 0.7831464 0
vt 0.9908842 0.6430584 0
vt 0.9911595 0.3443857 0
vt 0.9937681 0.3085803 0
vt 0.8943651 0.2105288 0
vt 0.9911671 0.2768015 0
vt 0.1996401 0.8099192 0
vt 0.2101372 0.6973297 0
vt 0.8970487 0.1977939 0
vt 0.2424024 0.6844865 0
vt 0.9077227 0.3210613 0
vt 0.9051369 0.347949 0
vt 0.9051153 0.3568502 0
vt 0.1994466 0.8097015 0
vt 0.787127 0.5796603 0
vt 0.9911099 0.3657273 0
vt 0.8945251 0.1215141 0
vt 0.7976241 0.4670708 0
vt 0.9077709 0.3567867 0
vt 0.9830384 0.1483624 0
vt 0.8298893 0.4542276 0
vt 0.759806 0.1815725 0
vt 0.9911391 0.3532907 0
vt 0.7869335 0.5794426 0
vt 0.9076313 0.3655712 0
vt 0.9938329 0.2729679 0
vt 0.7164351 0.7829962 0
vt 0.7268838 0.6708663 0
vt 0.00390625 0.8394112 0
vt 0.9052981 0.2550106 0
vt 0.787127 0.279533 0
vt 0.907927 0.2729018 0
vt 0.8298894 0.1541 0
vt 0.7869335 0.2793153 0
vt 0.3856503 0.5685143 0
vt 0.7973822 0.1671851 0
vt 0.9052435 0.2906332 0
vt 0.9650252 0.08546086 0
vt 0.6367188 0.8488388 0
vt 0.8970678 0.1213249 0
vt 0.6774628 0.7835141 0
vt 0.6879599 0.6709246 0
vt 0.983046 0.1444513 0
vt 0.6772693 0.7832964 0
vt 0.687718 0.6711664 0
vt 0.2148438 0.7664742 0
vt 0.2544723 0.7012846 0
vt 0.00390625 0.6801515 0
vt 0.2649693 0.588695 0
vt 0.9077684 0.2997286 0
vt 0.2542788 0.7010669 0
vt 0.9595516 0.7318464 0
vt 0.2647275 0.5889368 0
vt 0.8085938 0.03912357 0
vt 0.9077252 0.3745917 0
vt 0.8223762 0.5798101 0
vt 0.9911823 0.255234 0
vt 0.8328733 0.4672209 0
vt 0.9830917 0.1088376 0
vt 0.8221827 0.5795924 0
vt 0.1772924 0.04708466 0
vt 0.8326314 0.4674627 0
vt 0.905213 0.3084356 0
vt 0.7441397 0.3131132 0
vt 0.7496134 0.1088634 0
vt 0.3710938 0.7145901 0
vt 0.759711 0.4352031 0
vt 0.9078839 0.2996105 0
vt 0.7702081 0.3226135 0
vt 0.9910884 0.3213241 0
vt 0.7595175 0.4349854 0
vt 0.7699662 0.3228553 0
vt 0.993843 0.2484083 0
vt 0.7206402 0.2338033 0
vt 0.9803649 0.2444148 0
vt 0.8359375 0.9855648 0
vt 0.9076922 0.3388624 0
vt 0.9803497 0.2283084 0
vt 0.7636276 0.132803 0
vt 0.8969979 0.2193678 0
vt 0.7741247 0.02021317 0
vt 0.8063899 0.007369951 0
vt 0.8968596 0.2281509 0
vt 0.8971198 0.1621903 0
vt 0.7634341 0.1325853 0
vt 0.9075297 0.3905763 0
vt 0.7738828 0.02045504 0
vt 0.7283783 0.132653 0
vt 0.9079296 0.2639968 0
vt 0.7388755 0.02006309 0
vt 0.9803891 0.1445161 0
vt 0.7711408 0.007219853 0
vt 0.2234479 0.5844449 0
vt 0.7281849 0.1324353 0
vt 0.2303795 0.07043832 0
vt 0.7386336 0.02030495 0
vt 0.8945416 0.2442358 0
vt 0.8970398 0.1016857 0
vt 0.3657888 0.6711069 0
vt 0.9911176 0.3621945 0
vt 0.8948031 0.1016945 0
vt 0.9924415 0.7246015 0
vt 0.9830637 0.1355489 0
vt 0.9830739 0.1305562 0
vt 0.9077481 0.3656892 0
vt 0.8943118 0.2333315 0
vt 0.9911214 0.2997413 0
vt 0.8943144 0.2372438 0
vt 0.8945479 0.1086891 0
vt 0.8945314 0.1126027 0
vt 0.9911099 0.3086476 0
vt 0.9830828 0.1266464 0
vt 0.9830891 0.1216525 0
vt 0.9830536 0.1394587 0
vt 0.9077988 0.3441153 0
vt 0.9830282 0.1533538 0
vt 0.9830244 0.1572649 0
vt 0.9912635 0.2855847 0
vt 0.9830003 0.1711639 0
vt 0.9830092 0.1661725 0
vt 0.9869674 0.003904549 0
vt 0.9911785 0.335482 0
vt 0.9829927 0.1750775 0
vt 0.9910528 0.3391341 0
vt 0.9829673 0.1889752 0
vt 0.991247 0.2944897 0
vt 0.9829495 0.1978815 0
vt 0.9829596 0.1928888 0
vt 0.9912052 0.321206 0
vt 0.9829279 0.2067878 0
vt 0.9829393 0.2017951 0
vt 0.9829076 0.2156903 0
vt 0.9077024 0.3299625 0
vt 0.9829178 0.2106976 0
vt 0.9910934 0.3175526 0
vt 0.9828911 0.2245915 0
vt 0.9828987 0.2196001 0
vt 0.9828771 0.2335003 0
vt 0.9913004 0.2677822 0
vt 0.9828898 0.2285013 0
vt 0.9078509 0.317413 0
vt 0.8945721 0.1019332 0
vt 0.9803205 0.1839076 0
vt 0.9911683 0.3390135 0
vt 0.8944934 0.1443117 0
vt 0.9828581 0.2374139 0
vt 0.9910224 0.3531727 0
vt 0.9830917 0.1177426 0
vt 0.9078775 0.3033782 0
vt 0.8945238 0.1176017 0
vt 0.8945187 0.1265067 0
vt 0.9078991 0.2907093 0
vt 0.8945149 0.1304166 0
vt 0.8970804 0.1799927 0
vt 0.8945073 0.1354092 0
vt 0.9911391 0.2908376 0
vt 0.894501 0.1393203 0
vt 0.8944845 0.1482228 0
vt 0.8944705 0.157124 0
vt 0.8971008 0.1710915 0
vt 0.8944629 0.1621141 0
vt 0.9078306 0.3263142 0
vt 0.8944553 0.166024 0
vt 0.9804551 0.1748846 0
vt 0.2308207 0.02440652 0
vt 0.8944451 0.1710141 0
vt 0.8944324 0.1749226 0
vt 0.9803599 0.1623261 0
vt 0.8944248 0.1799153 0
vt 0.9077176 0.379724 0
vt 0.8944121 0.1838239 0
vt 0.9802723 0.2068512 0
vt 0.9912915 0.2731519 0
vt 0.9752179 0.00390625 0
vt 0.8944045 0.1888191 0
vt 0.8970335 0.2066964 0
vt 0.8943931 0.197719 0
vt 0.907762 0.3619203 0
vt 0.8943867 0.2016276 0
vt 0.9079067 0.2855745 0
vt 0.8943753 0.2066189 0
vt 0.907861 0.3122794 0
vt 0.894355 0.2155214 0
vt 0.9910998 0.3746298 0
vt 0.8943423 0.2194313 0
vt 0.9079334 0.2677683 0
vt 0.8943309 0.2244239 0
vt 0.8969167 0.2068157 0
vt 0.9828314 0.2441673 0
vt 0.9802939 0.197945 0
vt 0.9830929 0.1020868 0
vt 0.8967796 0.2442549 0
vt 0.773113 0.2584405 0
vt 0.9828619 0.1018481 0
vt 0.9806264 0.1018291 0
vt 0.980497 0.1481682 0
vt 0.8969053 0.210346 0
vt 0.9924415 0.1748258 0
vt 0.9803789 0.1482863 0
vt 0.8971414 0.1481555 0
vt 0.8970246 0.1480362 0
vt 0.8970322 0.1445059 0
vt 0.8970208 0.2104653 0
vt 0.9079397 0.258862 0
vt 0.9634682 0.00390625 0
vt 0.9805046 0.1446354 0
vt 0.897149 0.1443879 0
vt 0.8969281 0.2014422 0
vt 0.8969319 0.1979132 0
vt 0.7456969 0.3946581 0
vt 0.9805249 0.1357329 0
vt 0.9805135 0.1392632 0
vt 0.9078141 0.2641136 0
vt 0.9938481 0.2590702 0
vt 0.9803104 0.1890412 0
vt 0.9803967 0.1393825 0
vt 0.8971566 0.139253 0
vt 0.9802837 0.2017164 0
vt 0.8970436 0.2015616 0
vt 0.8970398 0.139135 0
vt 0.8970474 0.1356034 0
vt 0.896871 0.2246194 0
vt 0.9713013 0.8127485 0
vt 0.9911011 0.3710995 0
vt 0.8968811 0.2192497 0
vt 0.8971338 0.1532891 0
vt 0.8968951 0.2157182 0
vt 0.7715558 0.1768955 0
vt 0.9803891 0.2069693 0
vt 0.1621267 0.8401654 0
vt 0.9804094 0.1980643 0
vt 0.9908842 0.0932826 0
vt 0.9803992 0.2015971 0
vt 0.9804284 0.1891605 0
vt 0.1605694 0.7586222 0
vt 0.9804183 0.1926921 0
vt 0.1738764 0.803291 0
vt 0.9803383 0.2336793 0
vt 0.9803167 0.2372096 0
vt 0.9935815 0.3904887 0
vt 0.1723192 0.7217477 0
vt 0.9803713 0.1534198 0
vt 0.3524818 0.5942389 0
vt 0.9804893 0.1535392 0
vt 0.9804855 0.157072 0
vt 0.9052689 0.2728282 0
vt 0.354039 0.6757839 0
vt 0.8970094 0.1569387 0
vt 0.8970182 0.1534071 0
vt 0.9803687 0.1571926 0
vt 0.9078103 0.2730199 0
vt 0.8971274 0.1570567 0
vt 0.8970119 0.2155989 0
vt 0.980252 0.2157537 0
vt 0.8969941 0.1658386 0
vt 0.8970017 0.1623096 0
vt 0.9077976 0.2819249 0
vt 0.9802329 0.2284277 0
vt 0.8969751 0.2282703 0
vt 0.7613633 0.2631175 0
vt 0.8971642 0.1354841 0
vt 0.9611088 0.9027658 0
vt 0.9803522 0.1660976 0
vt 0.8971109 0.165958 0
vt 0.8972061 0.1087716 0
vt 0.8969725 0.1747399 0
vt 0.9804322 0.1089125 0
vt 0.9803675 0.2158731 0
vt 0.3775385 0.6664299 0
vt 0.980469 0.1659783 0
vt 0.9803599 0.2194059 0
vt 0.3759813 0.5848849 0
vt 0.9611088 0.8133895 0
vt 0.9804779 0.1624455 0
vt 0.9805566 0.1125608 0
vt 0.8970728 0.1124212 0
vt 0.8970893 0.1088909 0
vt 0.8969878 0.2245013 0
vt 0.9077239 0.3834916 0
vt 0.9802329 0.2246588 0
vt 0.9804411 0.1126789 0
vt 0.8971896 0.1125405 0
vt 0.7221975 0.2259701 0
vt 0.9804601 0.1713505 0
vt 0.9804335 0.1215788 0
vt 0.7206402 0.1444251 0
vt 0.1840689 0.6910117 0
vt 0.9805503 0.1090331 0
vt 0.1856262 0.772555 0
vt 0.9801986 0.2373289 0
vt 0.8969738 0.2371702 0
vt 0.9913067 0.2588823 0
vt 0.8969852 0.1712108 0
vt 0.9804348 0.1178124 0
vt 0.9595516 0.9027658 0
vt 0.980351 0.2247781 0
vt 0.983051 0.821811 0
vt 0.9846083 0.9033542 0
vt 0.9803383 0.1750026 0
vt 0.8970906 0.1748592 0
vt 0.9805503 0.1179318 0
vt 0.9805503 0.1214608 0
vt 0.8969675 0.2334026 0
vt 0.9802215 0.2335612 0
vt 0.9077938 0.347883 0
vt 0.9803281 0.1801362 0
vt 0.8970639 0.1177921 0
vt 0.9804449 0.1802542 0
vt 0.7221975 0.3153483 0
vt 0.9804348 0.1837883 0
vt 0.8971833 0.1214468 0
vt 0.8969522 0.1836411 0
vt 0.8969637 0.1801108 0
vt 0.8971769 0.1265804 0
vt 0.9804259 0.1267124 0
vt 0.7480563 0.02731108 0
vt 0.9805414 0.1268304 0
vt 0.8970576 0.1926603 0
vt 0.9077443 0.3121601 0
vt 0.9938417 0.2551591 0
vt 0.8970551 0.13023 0
vt 0.907823 0.2587427 0
vt 0.8970601 0.1266984 0
vt 0.8971706 0.1303493 0
vt 0.8969421 0.192541 0
vt 0.9938392 0.2679739 0
vt 0.8969433 0.189012 0
vt 0.9804081 0.1356136 0
vt 0.7243416 0.8750929 0
vt 0.9055532 0.248016 0
vt 0.993824 0.2768777 0
vt 0.9052816 0.2589242 0
vt 0.905062 0.3796529 0
vt 0.9912394 0.2998606 0
vt 0.6618916 0.6780225 0
vt 0.9050645 0.3835653 0
vt 0.9052511 0.2856418 0
vt 0.991115 0.3907362 0
vt 0.9937961 0.2907728 0
vt 0.9938037 0.2857802 0
vt 0.9937783 0.2996753 0
vt 0.9937884 0.2946839 0
vt 0.9937745 0.3035864 0
vt 0.90779 0.2854565 0
vt 0.9937504 0.3174853 0
vt 0.9937592 0.3124939 0
vt 0.9937427 0.321399 0
vt 0.7887793 0.4082884 0
vt 0.991275 0.2820544 0
vt 0.9937173 0.3352966 0
vt 0.9937262 0.3303053 0
vt 0.9936996 0.3442029 0
vt 0.9937097 0.3392103 0
vt 0.9913004 0.2642532 0
vt 0.993678 0.3531092 0
vt 0.9936894 0.3481166 0
vt 0.7872221 0.3267434 0
vt 0.9053222 0.2482547 0
vt 0.9936577 0.3620117 0
vt 0.993612 0.2481696 0
vt 0.9936678 0.357019 0
vt 0.9936488 0.3659215 0
vt 0.9936272 0.3798217 0
vt 0.9936399 0.3748227 0
vt 0.9910706 0.3302291 0
vt 0.9078204 0.3300806 0
vt 0.9936082 0.3837354 0
vt 0.9938417 0.2640641 0
vt 0.9052739 0.2639232 0
vt 0.9052752 0.2678356 0
vt 0.9052651 0.276738 0
vt 0.9052574 0.2817307 0
vt 0.9052346 0.2945443 0
vt 0.9076059 0.383371 0
vt 0.905227 0.2995357 0
vt 0.9052206 0.3034455 0
vt 0.9052054 0.3123454 0
vt 0.9051952 0.3173355 0
vt 0.9051826 0.3212441 0
vt 0.9051749 0.3262367 0
vt 0.9051546 0.3351405 0
vt 0.9077747 0.2943577 0
vt 0.9051521 0.3390503 0
vt 0.9051432 0.3440404 0
vt 0.9051254 0.3529404 0
vt 0.9051051 0.3618429 0
vt 0.9076097 0.3744724 0
vt 0.9050924 0.3657527 0
vt 0.905081 0.3707453 0
vt 0.9052917 0.3905573 0
vt 0.9913765 0.2481506 0
vt 0.9076668 0.3531371 0
vt 0.9078915 0.294477 0
vt 0.9910109 0.3569403 0
vt 0.9912547 0.2909569 0
vt 0.9517184 0.00390625 0
vt 0.9532755 0.08546089 0
vt 0.907682 0.3442347 0
vt 0.9078103 0.3352154 0
vt 0.9910604 0.3353626 0
vt 0.9911468 0.285704 0
vt 0.9910338 0.3480379 0
vt 0.9076211 0.3709408 0
vt 0.9911277 0.3568223 0
vt 0.9885251 0.08545094 0
vt 0.1503769 0.8401655 0
vt 0.9910884 0.3800007 0
vt 0.9910668 0.383531 0
vt 0.1488197 0.7586222 0
vt 0.9912356 0.3033934 0
vt 0.6634488 0.7595675 0
vt 0.9909932 0.3658453 0
vt 0.9911188 0.303514 0
vt 0.991002 0.3620752 0
vt 0.9078699 0.3085118 0
vt 0.990983 0.3747491 0
vt 0.9079562 0.2550931 0
vt 0.3642315 0.5895619 0
vt 0.9924415 0.8139779 0
vt 0.991228 0.3087669 0
vt 0.9912191 0.3122997 0
vt 0.9908842 0.7324347 0
vt 0.9077379 0.3708228 0
vt 0.990983 0.3709802 0
vt 0.9911912 0.2590004 0
vt 0.7989718 0.3220664 0
vt 0.7637226 0.6669594 0
vt 0.9913004 0.2553546 0
vt 0.7652799 0.7485027 0
vt 0.9909487 0.3836503 0
vt 0.9077354 0.3175323 0
vt 0.9911848 0.2641339 0
vt 0.9791345 0.8049154 0
vt 0.9806917 0.8049154 0
vt 0.9728586 0.8942917 0
vt 0.9909716 0.3798827 0
vt 0.9078179 0.2676464 0
vt 0.73239 0.3034623 0
vt 0.9911836 0.2679003 0
vt 0.9077138 0.3264322 0
vt 0.9912839 0.2766822 0
vt 0.976775 0.08545861 0
vt 0.9078077 0.3389818 0
vt 0.9078052 0.2765514 0
vt 0.9079207 0.2766708 0
vt 0.9079144 0.2818056 0
vt 0.9911582 0.2819351 0
vt 0.8192652 0.875093 0
vt 0.4680558 0.00390625 0
vt 0.1777069 0.02245714 0
vt 0.2994018 0.06365334 0
vt 0.29158 0.0113367 0
vt 0.1769788 0.06164128 0
vt 0.2995574 0.06376041 0
vt 0.1595172 0.7508002 0
vt 0.2682002 0.06730232 0
vt 0.3865019 0.02980575 0
vt 0.388182 0.0633768 0
vt 0.2308264 0.0227072 0
vt 0.2308993 0.005189025 0
vt 0.1805778 0.09581318 0
vt 0.1769295 0.06316188 0
vt 0.2405313 0.6706895 0
vt 0.3863271 0.02828977 0
vt 0.2305951 0.07022791 0
vt 0.1776913 0.02416211 0
vt 0.1782169 0.07074395 0
vt 0.2681078 0.06741555 0
vt 0.1806894 0.09575848 0
vt 0.1784387 0.07095424 0
vt 0.2344989 0.0426005 0
#end 3259 textures vertices 

#begin 270 normals 
vn -0 1 -0
vn -0 -0 1
vn -0 -0 -1
vn -1 -0 -0
vn -0.5028 -0.5028 0.7031
vn -0.522 0.4415 0.7298
vn -0.5028 -0.5028 -0.7031
vn -0.5219 0.4415 -0.7298
vn -0 -0.5817 0.8134
vn -0 0.6126 0.7904
vn -0.5817 -0 0.8134
vn -0.7071 -0.7071 -0
vn -0.796 0.6052 -0
vn -0.5817 -0 -0.8134
vn -0 -0.5817 -0.8134
vn -0 0.6126 -0.7904
vn -0 -1 -0
vn -0.5028 -0.5029 0.7031
vn -0.5219 0.4415 0.7298
vn -0.522 0.4414 -0.7299
vn -0 0.6127 0.7903
vn -0.5219 0.4415 0.7299
vn -0.5028 -0.5029 0.703
vn -0.5219 0.4414 -0.7299
vn -0.5029 -0.5028 0.7031
vn -0.522 0.4414 0.7298
vn -0.522 0.4415 -0.7298
vn -0.796 0.6053 -0
vn -0.522 0.4414 -0.7298
vn -0.5028 -0.5029 -0.7031
vn -0.5219 0.4415 -0.7299
vn -0.5219 0.4416 0.7298
vn -0 -0 -1
vn -0 -1 -0
vn -1 -0 -0
vn -0 -0 1
vn -0.2859 -0.8709 0.3998
vn -0.2859 -0.8709 -0.3998
vn -0.497 -0.5198 0.6949
vn -0.497 -0.5198 -0.6949
vn -0.5817 -0 0.8134
vn -0.5817 -0 -0.8134
vn -0.6661 -0.7458 -0
vn -0 -0.5529 -0.8333
vn -0 -0.5529 0.8333
vn -0.6662 -0.7458 -0
vn -0 -0.5528 -0.8333
vn -0.497 -0.5199 0.6948
vn -0.4969 -0.5198 -0.6949
vn -0 -0.5529 0.8332
vn -0.497 -0.5198 -0.6948
vn -0.2858 -0.8709 -0.3998
vn -0.4969 -0.5198 0.6949
vn -0 -0.5528 0.8333
vn -0.286 -0.8709 0.3998
vn -0.497 -0.5198 0.6948
vn -0.4969 -0.5199 0.6948
vn -0.5818 -0 0.8134
vn -0.2858 -0.8709 0.3998
vn -0.4969 -0.5199 0.6949
vn -0 -0 1
vn -1 -0 -0
vn -0 1 -0
vn -0 -1 -0
vn -0 -0 -1
vn -0.5773 -0.5774 -0.5773
vn -0.5774 -0.5774 0.5774
vn -0.5774 0.5774 -0.5773
vn -0.5774 0.5773 0.5773
vn -0.9045 -0.3015 0.3015
vn -0.9045 -0.3015 -0.3015
vn -0.9045 0.3015 0.3015
vn -0.9045 0.3015 -0.3015
vn -0.9046 -0.3015 0.3014
vn -0.9046 -0.3015 -0.3015
vn -0.9046 -0.3015 -0.3014
vn -0.9046 -0.3015 0.3015
vn -0 0.7071 0.7071
vn -0 -0.7071 0.7071
vn -0 -0.7071 -0.7071
vn -0 0.7071 -0.7071
vn -0.7071 0.7071 -0
vn -0.7071 -0.7071 -0
vn -0 -0.7072 -0.7071
vn -0 0.7072 -0.7071
vn -0.7071 -0 0.7071
vn -0.7071 -0 -0.7071
vn -0 -0 1
vn -1 -0 -0
vn -0 1 -0
vn -0 -1 -0
vn -0 -0 -1
vn -0.5773 -0.5774 -0.5774
vn -0.5773 -0.5774 0.5774
vn -0.5773 0.5773 -0.5774
vn -0.5773 0.5773 0.5774
vn -0.9045 -0.3015 0.3015
vn -0.9045 -0.3015 -0.3015
vn -0.9045 0.3015 0.3015
vn -0.9045 0.3015 -0.3015
vn -0 0.7071 0.7071
vn -0 -0.7071 0.7071
vn -0 -0.7071 -0.7071
vn -0 0.7071 -0.7071
vn -0.7071 0.7071 -0
vn -0.7071 -0.7071 -0
vn -0 -0.7072 -0.7071
vn -0 0.7072 -0.7071
vn -0.7071 -0 0.7071
vn -0.7071 -0 -0.7071
vn 0.6306 -0.7761 -0
vn -1 -0 -0
vn -0 -1 -0
vn -0 0.0005 1
vn -0 -0 1
vn -0.6306 0.7761 -0
vn -0 -0.0001 1
vn -0 -0 -1
vn -0 -0.0001 -1
vn -0 0.0005 -1
vn -0 1 -0
vn -0 0.0002 -1
vn -0 0.0002 1
vn -0 0.496 0.8683
vn 0.0001 -0.0001 -1
vn -0 0.0003 -1
vn -0.0034 0.5906 -0.807
vn -0.8324 0.5542 -0
vn -0 0.0003 1
vn -0.5774 -0.5773 -0.5774
vn -0.5774 -0.5773 0.5774
vn -0.2981 -0.2982 0.9068
vn -0.8701 -0.3581 0.3386
vn -0.8701 -0.358 0.3387
vn -0.8999 -0.3302 -0.2848
vn -0.9046 -0.3014 0.3014
vn -0.7728 -0.4354 -0.4618
vn -0.0422 -0.663 -0.7475
vn -0.6199 0.4812 0.6198
vn -0.6199 0.481 -0.62
vn 0.1998 -0.5626 0.8022
vn 0.1998 -0.5627 -0.8021
vn -0.2921 -0.9058 0.3068
vn -0.2921 -0.9058 -0.3068
vn -0.5773 -0.5773 0.5774
vn -0.5773 -0.5773 -0.5774
vn -0.5774 0.5773 -0.5774
vn -0.5774 0.5773 0.5774
vn -0.3015 0.3015 0.9045
vn -0.3015 0.3015 -0.9045
vn -0.804 0.3868 0.4516
vn -0.4854 0.311 0.8171
vn -0.7775 0.2352 -0.5832
vn -0.5844 0.1768 -0.7919
vn -0.5844 0.177 0.7919
vn -0.7774 0.2354 0.5833
vn -0.7774 0.2354 -0.5832
vn -0.5844 0.177 -0.7919
vn -0.6785 0.3825 -0.6271
vn -0.6785 0.3825 -0.6272
vn -0.6397 0.4517 -0.6219
vn -0.6084 0.2941 0.7371
vn -0.7764 0.2349 0.5849
vn -0.7072 -0 0.7071
vn -0.707 -0.7072 -0
vn -0.7071 -0.7071 -0
vn -0.7071 -0.7072 -0
vn -0.5277 -0.8494 -0.0005
vn -0.3381 -0.0001 -0.9411
vn -0.7072 -0.0001 0.707
vn -0.2944 -0.9557 0.0001
vn -0.7072 -0.707 -0
vn 0.3346 -0.9424 -0
vn -0 -0.6839 0.7295
vn -0 -0.6856 -0.728
vn -0 -0.7071 0.7071
vn -0 -0.7071 -0.7071
vn -0 -0.6857 0.7279
vn -0 -0.6839 -0.7296
vn 0.4843 -0.5961 -0.6405
vn -0.4458 0.5487 -0.7072
vn -0.4459 0.5488 0.7071
vn 0.4843 -0.596 0.6405
vn -0.7072 -0.7071 -0
vn -0 -0.7071 -0.7072
vn -0.7071 -0 -0.7071
vn -0.7072 0.707 -0
vn -0.7071 0.7071 -0
vn -0.7072 0.7071 -0
vn -0 0.7071 0.7072
vn -0.7071 -0 0.7071
vn -0.707 0.7072 -0
vn -0 -0.7072 -0.7071
vn -0 0.7071 -0.7071
vn -0.626 0.417 0.659
vn -0.7071 0.0002 0.7071
vn -0.7071 0.0002 -0.7071
vn -0.626 0.417 -0.6589
vn -0.9572 0.2895 -0
vn -0.6261 0.4168 -0.659
vn -0.5475 0.6591 0.5156
vn -0.6232 0.4149 0.6629
vn -0.512 0.7035 -0.493
vn -0.0018 0.3107 -0.9505
vn -0.0018 0.3103 -0.9506
vn -0.6924 -0 0.7215
vn -0.6891 0.0004 -0.7246
vn -0.6892 0.0001 -0.7246
vn -0.6891 0.0004 0.7246
vn -0.6891 -0 -0.7246
vn -0.6891 0.0001 0.7246
vn -0.6891 -0 -0.7247
vn -0.7071 0.0004 0.7071
vn -0.7071 0.0001 0.7071
vn -0.7071 0.0001 -0.7071
vn -0.7071 0.0004 -0.7071
vn -0.707 -0 -0.7072
vn -0.7563 -0 -0.6542
vn -0.7734 -0 0.6339
vn -0.6903 -0 0.7235
vn 1 -0 -0
vn 0.9612 -0 -0.2759
vn -0.9612 0.0001 -0.2759
vn 0.4845 -0.0001 -0.8748
vn -0.4845 0.0001 -0.8748
vn 1 -0 -0
vn 0.8477 -0 -0.5304
vn -1 0.0001 -0
vn -0.8477 0.0001 -0.5304
vn -0 -0 -1
vn -0.5774 -0.5774 -0.5774
vn -0.7071 -0.7071 -0
vn -0.7071 -0 -0.7071
vn -0 -0.7071 -0.7071
vn -0 -1 -0
vn -1 -0 -0
vn -0 -0 -1
vn -0.7071 0.7071 -0
vn -1 -0 -0
vn -0 1 -0
vn -0.9239 -0 0.3827
vn -0.3827 -0 0.9239
vn -0.3827 -0 -0.9239
vn -0.9239 -0 -0.3827
vn -0.7071 -0 0.7071
vn -0 -0 1
vn -1 -0 -0
vn -0.7071 -0 -0.7071
vn -0 -0 -1
vn -0.5774 0.5772 -0.5774
vn -0.5774 0.5772 0.5774
vn -0.9045 -0.3015 0.3015
vn -0.9045 -0.3015 -0.3015
vn -0.7071 -0.0002 -0.7071
vn -0.7071 -0.0002 0.7071
vn -0.7071 -0.7071 -0
vn -0.7071 0.7071 -0
vn -0.7071 -0 -0.7071
vn -0.7071 -0 0.7071
vn -0 -0.7071 -0.7071
vn -0 -0.7071 0.7071
vn -0 0.707 -0.7072
vn -0 0.707 0.7072
vn -0 -0.0003 -1
vn -1 -0 -0
vn -0 1 -0
vn -0 -0.0003 1
vn -0 -1 -0
vn -0 -0 1
vn -0 -0 -1
#end 270 normals 

#begin 2252 faces
o Cube:005:001
usemtl 9
s 0
f 12/12/1 7/7/1 1/1/1 2/2/1 
f 22/22/1 12/12/1 2/2/1 4/4/1 
f 18/18/1 22/22/1 4/4/1 3/3/1 
f 5/5/2 8/2695/2 14/14/2 10/10/2 
f 21/21/3 23/23/3 17/17/3 16/16/3 
f 11/11/4 13/13/4 24/24/4 20/20/4 
f 9/9/5 10/10/5 11/11/5 
f 12/12/6 13/2714/6 14/2703/6 
f 19/19/7 20/20/7 21/21/7 
f 22/22/8 23/2705/8 24/2689/8 
f 9/9/9 6/6/9 5/5/9 10/10/9 
f 7/7/10 12/12/10 14/2703/10 8/8/10 
f 13/13/11 11/11/11 10/10/11 14/14/11 
f 19/19/12 9/9/12 11/11/12 20/20/12 
f 12/12/13 22/22/13 24/2689/13 13/2714/13 
f 23/23/14 21/21/14 20/20/14 24/24/14 
f 15/15/15 19/19/15 21/21/15 16/16/15 
f 22/22/16 18/18/16 17/2709/16 23/2705/16 
f 9/9/17 19/19/17 15/15/17 6/6/17 
f 36/36/1 31/31/1 25/25/1 26/26/1 
f 46/46/1 36/36/1 26/26/1 28/28/1 
f 42/42/1 46/46/1 28/28/1 27/27/1 
f 29/29/2 32/2681/2 38/38/2 34/34/2 
f 45/45/3 47/47/3 41/41/3 40/40/3 
f 35/35/4 37/37/4 48/48/4 44/44/4 
f 33/33/18 34/34/18 35/35/18 
f 36/36/19 37/2730/19 38/2699/19 
f 43/43/7 44/44/7 45/45/7 
f 46/46/20 47/2720/20 48/2737/20 
f 33/33/9 30/30/9 29/29/9 34/34/9 
f 31/31/21 36/36/21 38/2699/21 32/32/21 
f 37/37/11 35/35/11 34/34/11 38/38/11 
f 43/43/12 33/33/12 35/35/12 44/44/12 
f 36/36/13 46/46/13 48/2737/13 37/2730/13 
f 47/47/14 45/45/14 44/44/14 48/48/14 
f 39/39/15 43/43/15 45/45/15 40/40/15 
f 46/46/16 42/42/16 41/2725/16 47/2720/16 
f 33/33/17 43/43/17 39/39/17 30/30/17 
f 60/60/1 55/55/1 49/49/1 50/50/1 
f 70/70/1 60/60/1 50/50/1 52/52/1 
f 66/66/1 70/70/1 52/52/1 51/51/1 
f 53/53/2 56/2741/2 62/62/2 58/58/2 
f 69/69/3 71/71/3 65/65/3 64/64/3 
f 59/59/4 61/61/4 72/72/4 68/68/4 
f 57/57/5 58/58/5 59/59/5 
f 60/60/6 61/2751/6 62/2743/6 
f 67/67/7 68/68/7 69/69/7 
f 70/70/8 71/2745/8 72/2693/8 
f 57/57/9 54/54/9 53/53/9 58/58/9 
f 55/55/10 60/60/10 62/2743/10 56/56/10 
f 61/61/11 59/59/11 58/58/11 62/62/11 
f 67/67/12 57/57/12 59/59/12 68/68/12 
f 60/60/13 70/70/13 72/2693/13 61/2751/13 
f 71/71/14 69/69/14 68/68/14 72/72/14 
f 63/63/15 67/67/15 69/69/15 64/64/15 
f 70/70/16 66/66/16 65/2749/16 71/2745/16 
f 57/57/17 67/67/17 63/63/17 54/54/17 
f 84/84/1 79/79/1 73/73/1 74/74/1 
f 94/94/1 84/84/1 74/74/1 76/76/1 
f 90/90/1 94/94/1 76/76/1 75/75/1 
f 77/77/2 80/2755/2 86/86/2 82/82/2 
f 93/93/3 95/95/3 89/89/3 88/88/3 
f 83/83/4 85/85/4 96/96/4 92/92/4 
f 81/81/18 82/82/18 83/83/18 
f 84/84/6 85/2766/6 86/2757/6 
f 91/91/7 92/92/7 93/93/7 
f 94/94/20 95/2758/20 96/2680/20 
f 81/81/9 78/78/9 77/77/9 82/82/9 
f 79/79/21 84/84/21 86/2757/21 80/80/21 
f 85/85/11 83/83/11 82/82/11 86/86/11 
f 91/91/12 81/81/12 83/83/12 92/92/12 
f 84/84/13 94/94/13 96/2680/13 85/2766/13 
f 95/95/14 93/93/14 92/92/14 96/96/14 
f 87/87/15 91/91/15 93/93/15 88/88/15 
f 94/94/16 90/90/16 89/2764/16 95/2758/16 
f 81/81/17 91/91/17 87/87/17 78/78/17 
f 108/108/1 103/103/1 97/97/1 98/98/1 
f 118/118/1 108/108/1 98/98/1 100/100/1 
f 114/114/1 118/118/1 100/100/1 99/99/1 
f 101/101/2 104/2768/2 110/110/2 106/106/2 
f 117/117/3 119/119/3 113/113/3 112/112/3 
f 107/107/4 109/109/4 120/120/4 116/116/4 
f 105/105/5 106/106/5 107/107/5 
f 108/108/22 109/2776/22 110/2769/22 
f 115/115/7 116/116/7 117/117/7 
f 118/118/8 119/2771/8 120/2740/8 
f 105/105/9 102/102/9 101/101/9 106/106/9 
f 103/103/10 108/108/10 110/2769/10 104/104/10 
f 109/109/11 107/107/11 106/106/11 110/110/11 
f 115/115/12 105/105/12 107/107/12 116/116/12 
f 108/108/13 118/118/13 120/2740/13 109/2776/13 
f 119/119/14 117/117/14 116/116/14 120/120/14 
f 111/111/15 115/115/15 117/117/15 112/112/15 
f 118/118/16 114/114/16 113/2773/16 119/2771/16 
f 105/105/17 115/115/17 111/111/17 102/102/17 
f 132/132/1 127/127/1 121/121/1 122/122/1 
f 142/142/1 132/132/1 122/122/1 124/124/1 
f 138/138/1 142/142/1 124/124/1 123/123/1 
f 125/125/2 128/2780/2 134/134/2 130/130/2 
f 141/141/3 143/143/3 137/137/3 136/136/3 
f 131/131/4 133/133/4 144/144/4 140/140/4 
f 129/129/18 130/130/18 131/131/18 
f 132/132/6 133/2789/6 134/2782/6 
f 139/139/7 140/140/7 141/141/7 
f 142/142/20 143/2786/20 144/2753/20 
f 129/129/9 126/126/9 125/125/9 130/130/9 
f 127/127/21 132/132/21 134/2782/21 128/128/21 
f 133/133/11 131/131/11 130/130/11 134/134/11 
f 139/139/12 129/129/12 131/131/12 140/140/12 
f 132/132/13 142/142/13 144/2753/13 133/2789/13 
f 143/143/14 141/141/14 140/140/14 144/144/14 
f 135/135/15 139/139/15 141/141/15 136/136/15 
f 142/142/16 138/138/16 137/2787/16 143/2786/16 
f 129/129/17 139/139/17 135/135/17 126/126/17 
f 156/156/1 151/151/1 145/145/1 146/146/1 
f 166/166/1 156/156/1 146/146/1 148/148/1 
f 162/162/1 166/166/1 148/148/1 147/147/1 
f 149/149/2 152/2687/2 158/158/2 154/154/2 
f 165/165/3 167/167/3 161/161/3 160/160/3 
f 155/155/4 157/157/4 168/168/4 164/164/4 
f 153/153/5 154/154/5 155/155/5 
f 156/156/6 157/2802/6 158/2795/6 
f 163/163/7 164/164/7 165/165/7 
f 166/166/8 167/2796/8 168/2767/8 
f 153/153/9 150/150/9 149/149/9 154/154/9 
f 151/151/10 156/156/10 158/2795/10 152/152/10 
f 157/157/11 155/155/11 154/154/11 158/158/11 
f 163/163/12 153/153/12 155/155/12 164/164/12 
f 156/156/13 166/166/13 168/2767/13 157/2802/13 
f 167/167/14 165/165/14 164/164/14 168/168/14 
f 159/159/15 163/163/15 165/165/15 160/160/15 
f 166/166/16 162/162/16 161/2798/16 167/2796/16 
f 153/153/17 163/163/17 159/159/17 150/150/17 
f 180/180/1 175/175/1 169/169/1 170/170/1 
f 190/190/1 180/180/1 170/170/1 172/172/1 
f 186/186/1 190/190/1 172/172/1 171/171/1 
f 173/173/2 176/2735/2 182/182/2 178/178/2 
f 189/189/3 191/191/3 185/185/3 184/184/3 
f 179/179/4 181/181/4 192/192/4 188/188/4 
f 177/177/23 178/178/23 179/179/23 
f 180/180/19 181/2812/19 182/2803/19 
f 187/187/7 188/188/7 189/189/7 
f 190/190/24 191/2806/24 192/2779/24 
f 177/177/9 174/174/9 173/173/9 178/178/9 
f 175/175/21 180/180/21 182/2803/21 176/176/21 
f 181/181/11 179/179/11 178/178/11 182/182/11 
f 187/187/12 177/177/12 179/179/12 188/188/12 
f 180/180/13 190/190/13 192/2779/13 181/2812/13 
f 191/191/14 189/189/14 188/188/14 192/192/14 
f 183/183/15 187/187/15 189/189/15 184/184/15 
f 190/190/16 186/186/16 185/2809/16 191/2806/16 
f 177/177/17 187/187/17 183/183/17 174/174/17 
f 204/204/1 199/199/1 193/193/1 194/194/1 
f 214/214/1 204/204/1 194/194/1 196/196/1 
f 210/210/1 214/214/1 196/196/1 195/195/1 
f 197/197/2 200/2692/2 206/206/2 202/202/2 
f 213/213/3 215/215/3 209/209/3 208/208/3 
f 203/203/4 205/205/4 216/216/4 212/212/4 
f 201/201/25 202/202/25 203/203/25 
f 204/204/26 205/2713/26 206/2702/26 
f 211/211/7 212/212/7 213/213/7 
f 214/214/27 215/2704/27 216/2683/27 
f 201/201/9 198/198/9 197/197/9 202/202/9 
f 199/199/10 204/204/10 206/2702/10 200/200/10 
f 205/205/11 203/203/11 202/202/11 206/206/11 
f 211/211/12 201/201/12 203/203/12 212/212/12 
f 204/204/28 214/214/28 216/2683/28 205/2713/28 
f 215/215/14 213/213/14 212/212/14 216/216/14 
f 207/207/15 211/211/15 213/213/15 208/208/15 
f 214/214/16 210/210/16 209/2707/16 215/2704/16 
f 201/201/17 211/211/17 207/207/17 198/198/17 
f 228/228/1 223/223/1 217/217/1 218/218/1 
f 238/238/1 228/228/1 218/218/1 220/220/1 
f 234/234/1 238/238/1 220/220/1 219/219/1 
f 221/221/2 224/2678/2 230/230/2 226/226/2 
f 237/237/3 239/239/3 233/233/3 232/232/3 
f 227/227/4 229/229/4 240/240/4 236/236/4 
f 225/225/18 226/226/18 227/227/18 
f 228/228/6 229/2726/6 230/2698/6 
f 235/235/7 236/236/7 237/237/7 
f 238/238/20 239/2717/20 240/2731/20 
f 225/225/9 222/222/9 221/221/9 226/226/9 
f 223/223/21 228/228/21 230/2698/21 224/224/21 
f 229/229/11 227/227/11 226/226/11 230/230/11 
f 235/235/12 225/225/12 227/227/12 236/236/12 
f 228/228/28 238/238/28 240/2731/28 229/2726/28 
f 239/239/14 237/237/14 236/236/14 240/240/14 
f 231/231/15 235/235/15 237/237/15 232/232/15 
f 238/238/16 234/234/16 233/2721/16 239/2717/16 
f 225/225/17 235/235/17 231/231/17 222/222/17 
f 252/252/1 247/247/1 241/241/1 242/242/1 
f 262/262/1 252/252/1 242/242/1 244/244/1 
f 258/258/1 262/262/1 244/244/1 243/243/1 
f 245/245/2 248/2738/2 254/254/2 250/250/2 
f 261/261/3 263/263/3 257/257/3 256/256/3 
f 251/251/4 253/253/4 264/264/4 260/260/4 
f 249/249/5 250/250/5 251/251/5 
f 252/252/22 253/2815/22 254/2742/22 
f 259/259/7 260/260/7 261/261/7 
f 262/262/8 263/2700/8 264/2816/8 
f 249/249/9 246/246/9 245/245/9 250/250/9 
f 247/247/10 252/252/10 254/2742/10 248/248/10 
f 253/253/11 251/251/11 250/250/11 254/254/11 
f 259/259/12 249/249/12 251/251/12 260/260/12 
f 252/252/28 262/262/28 264/2816/28 253/2815/28 
f 263/263/14 261/261/14 260/260/14 264/264/14 
f 255/255/15 259/259/15 261/261/15 256/256/15 
f 262/262/16 258/258/16 257/2754/16 263/2700/16 
f 249/249/17 259/259/17 255/255/17 246/246/17 
f 276/276/1 271/271/1 265/265/1 266/266/1 
f 286/286/1 276/276/1 266/266/1 268/268/1 
f 282/282/1 286/286/1 268/268/1 267/267/1 
f 269/269/2 272/2817/2 278/278/2 274/274/2 
f 285/285/3 287/287/3 281/281/3 280/280/3 
f 275/275/4 277/277/4 288/288/4 284/284/4 
f 273/273/18 274/274/18 275/275/18 
f 276/276/6 277/2822/6 278/2819/6 
f 283/283/7 284/284/7 285/285/7 
f 286/286/24 287/2696/24 288/2824/24 
f 273/273/9 270/270/9 269/269/9 274/274/9 
f 271/271/21 276/276/21 278/2819/21 272/272/21 
f 277/277/11 275/275/11 274/274/11 278/278/11 
f 283/283/12 273/273/12 275/275/12 284/284/12 
f 276/276/28 286/286/28 288/2824/28 277/2822/28 
f 287/287/14 285/285/14 284/284/14 288/288/14 
f 279/279/15 283/283/15 285/285/15 280/280/15 
f 286/286/16 282/282/16 281/2821/16 287/2696/16 
f 273/273/17 283/283/17 279/279/17 270/270/17 
f 300/300/1 295/295/1 289/289/1 290/290/1 
f 310/310/1 300/300/1 290/290/1 292/292/1 
f 306/306/1 310/310/1 292/292/1 291/291/1 
f 293/293/2 296/2827/2 302/302/2 298/298/2 
f 309/309/3 311/311/3 305/305/3 304/304/3 
f 299/299/4 301/301/4 312/312/4 308/308/4 
f 297/297/5 298/298/5 299/299/5 
f 300/300/26 301/2832/26 302/2829/26 
f 307/307/7 308/308/7 309/309/7 
f 310/310/27 311/2830/27 312/2833/27 
f 297/297/9 294/294/9 293/293/9 298/298/9 
f 295/295/10 300/300/10 302/2829/10 296/296/10 
f 301/301/11 299/299/11 298/298/11 302/302/11 
f 307/307/12 297/297/12 299/299/12 308/308/12 
f 300/300/28 310/310/28 312/2833/28 301/2832/28 
f 311/311/14 309/309/14 308/308/14 312/312/14 
f 303/303/15 307/307/15 309/309/15 304/304/15 
f 310/310/16 306/306/16 305/2778/16 311/2830/16 
f 297/297/17 307/307/17 303/303/17 294/294/17 
f 324/324/1 319/319/1 313/313/1 314/314/1 
f 334/334/1 324/324/1 314/314/1 316/316/1 
f 330/330/1 334/334/1 316/316/1 315/315/1 
f 317/317/2 320/2834/2 326/326/2 322/322/2 
f 333/333/3 335/335/3 329/329/3 328/328/3 
f 323/323/4 325/325/4 336/336/4 332/332/4 
f 321/321/18 322/322/18 323/323/18 
f 324/324/6 325/2839/6 326/2835/6 
f 331/331/7 332/332/7 333/333/7 
f 334/334/29 335/2837/29 336/2841/29 
f 321/321/9 318/318/9 317/317/9 322/322/9 
f 319/319/21 324/324/21 326/2835/21 320/320/21 
f 325/325/11 323/323/11 322/322/11 326/326/11 
f 331/331/12 321/321/12 323/323/12 332/332/12 
f 324/324/28 334/334/28 336/2841/28 325/2839/28 
f 335/335/14 333/333/14 332/332/14 336/336/14 
f 327/327/15 331/331/15 333/333/15 328/328/15 
f 334/334/16 330/330/16 329/2686/16 335/2837/16 
f 321/321/17 331/331/17 327/327/17 318/318/17 
f 348/348/1 343/343/1 337/337/1 338/338/1 
f 358/358/1 348/348/1 338/338/1 340/340/1 
f 354/354/1 358/358/1 340/340/1 339/339/1 
f 341/341/2 344/2842/2 350/350/2 346/346/2 
f 357/357/3 359/359/3 353/353/3 352/352/3 
f 347/347/4 349/349/4 360/360/4 356/356/4 
f 345/345/5 346/346/5 347/347/5 
f 348/348/26 349/2848/26 350/2844/26 
f 355/355/7 356/356/7 357/357/7 
f 358/358/27 359/2846/27 360/2850/27 
f 345/345/9 342/342/9 341/341/9 346/346/9 
f 343/343/10 348/348/10 350/2844/10 344/344/10 
f 349/349/11 347/347/11 346/346/11 350/350/11 
f 355/355/12 345/345/12 347/347/12 356/356/12 
f 348/348/28 358/358/28 360/2850/28 349/2848/28 
f 359/359/14 357/357/14 356/356/14 360/360/14 
f 351/351/15 355/355/15 357/357/15 352/352/15 
f 358/358/16 354/354/16 353/2734/16 359/2846/16 
f 345/345/17 355/355/17 351/351/17 342/342/17 
f 372/372/1 367/367/1 361/361/1 362/362/1 
f 382/382/1 372/372/1 362/362/1 364/364/1 
f 378/378/1 382/382/1 364/364/1 363/363/1 
f 365/365/2 368/2854/2 374/374/2 370/370/2 
f 381/381/3 383/383/3 377/377/3 376/376/3 
f 371/371/4 373/373/4 384/384/4 380/380/4 
f 369/369/18 370/370/18 371/371/18 
f 372/372/6 373/2859/6 374/2855/6 
f 379/379/7 380/380/7 381/381/7 
f 382/382/29 383/2857/29 384/2860/29 
f 369/369/9 366/366/9 365/365/9 370/370/9 
f 367/367/21 372/372/21 374/2855/21 368/368/21 
f 373/373/11 371/371/11 370/370/11 374/374/11 
f 379/379/12 369/369/12 371/371/12 380/380/12 
f 372/372/28 382/382/28 384/2860/28 373/2859/28 
f 383/383/14 381/381/14 380/380/14 384/384/14 
f 375/375/15 379/379/15 381/381/15 376/376/15 
f 382/382/16 378/378/16 377/2691/16 383/2857/16 
f 369/369/17 379/379/17 375/375/17 366/366/17 
f 396/396/1 391/391/1 385/385/1 386/386/1 
f 406/406/1 396/396/1 386/386/1 388/388/1 
f 402/402/1 406/406/1 388/388/1 387/387/1 
f 389/389/2 392/2864/2 398/398/2 394/394/2 
f 405/405/3 407/407/3 401/401/3 400/400/3 
f 395/395/4 397/397/4 408/408/4 404/404/4 
f 393/393/5 394/394/5 395/395/5 
f 396/396/22 397/2873/22 398/2867/22 
f 403/403/30 404/404/30 405/405/30 
f 406/406/31 407/2869/31 408/2875/31 
f 393/393/9 390/390/9 389/389/9 394/394/9 
f 391/391/10 396/396/10 398/2867/10 392/392/10 
f 397/397/11 395/395/11 394/394/11 398/398/11 
f 403/403/12 393/393/12 395/395/12 404/404/12 
f 396/396/28 406/406/28 408/2875/28 397/2873/28 
f 407/407/14 405/405/14 404/404/14 408/408/14 
f 399/399/15 403/403/15 405/405/15 400/400/15 
f 406/406/16 402/402/16 401/2870/16 407/2869/16 
f 393/393/17 403/403/17 399/399/17 390/390/17 
f 420/420/1 415/415/1 409/409/1 410/410/1 
f 430/430/1 420/420/1 410/410/1 412/412/1 
f 426/426/1 430/430/1 412/412/1 411/411/1 
f 413/413/2 416/2711/2 422/422/2 418/418/2 
f 429/429/3 431/431/3 425/425/3 424/424/3 
f 419/419/4 421/421/4 432/432/4 428/428/4 
f 417/417/18 418/418/18 419/419/18 
f 420/420/32 421/2882/32 422/2876/32 
f 427/427/30 428/428/30 429/429/30 
f 430/430/31 431/2878/31 432/2884/31 
f 417/417/9 414/414/9 413/413/9 418/418/9 
f 415/415/21 420/420/21 422/2876/21 416/416/21 
f 421/421/11 419/419/11 418/418/11 422/422/11 
f 427/427/12 417/417/12 419/419/12 428/428/12 
f 420/420/28 430/430/28 432/2884/28 421/2882/28 
f 431/431/14 429/429/14 428/428/14 432/432/14 
f 423/423/15 427/427/15 429/429/15 424/424/15 
f 430/430/16 426/426/16 425/2880/16 431/2878/16 
f 417/417/17 427/427/17 423/423/17 414/414/17 
o Plane:075:001
usemtl 9
s 0
f 444/444/33 449/449/33 434/434/33 440/440/33 
f 442/442/34 452/452/34 456/456/34 446/446/34 
f 438/438/35 443/443/35 445/445/35 439/439/35 
f 446/446/34 456/456/34 459/459/34 450/450/34 
f 451/451/35 461/461/35 464/464/35 454/454/35 
f 447/447/34 458/458/34 452/452/34 442/442/34 
f 455/455/33 463/463/33 436/436/33 460/460/33 
f 457/457/36 435/435/36 462/462/36 453/453/36 
f 441/441/37 442/442/37 443/443/37 
f 444/444/38 445/445/38 446/446/38 
f 451/451/39 452/452/39 453/453/39 
f 454/454/40 455/455/40 456/456/40 
f 443/443/41 438/438/41 437/437/41 441/441/41 
f 439/439/42 445/445/42 444/444/42 440/440/42 
f 445/445/43 443/443/43 442/442/43 446/446/43 
f 449/449/44 444/444/44 446/446/44 450/450/44 
f 441/441/45 448/448/45 447/447/45 442/442/45 
f 456/456/46 452/452/46 451/451/46 454/454/46 
f 459/459/47 456/456/47 455/455/47 460/460/47 
f 452/452/45 458/458/45 457/457/45 453/453/45 
f 453/453/41 462/462/41 461/461/41 451/451/41 
f 463/463/42 455/455/42 454/454/42 464/464/42 
f 437/437/36 433/433/36 448/448/36 441/441/36 
f 476/476/33 481/481/33 466/466/33 472/472/33 
f 474/474/34 484/484/34 488/488/34 478/478/34 
f 470/470/35 475/475/35 477/477/35 471/471/35 
f 478/478/34 488/488/34 491/491/34 482/482/34 
f 483/483/35 493/493/35 496/496/35 486/486/35 
f 479/479/34 490/490/34 484/484/34 474/474/34 
f 487/487/33 495/495/33 468/468/33 492/492/33 
f 489/489/36 467/467/36 494/494/36 485/485/36 
f 473/473/37 474/474/37 475/475/37 
f 476/476/38 477/477/38 478/478/38 
f 483/483/48 484/484/48 485/485/48 
f 486/486/49 487/487/49 488/488/49 
f 475/475/41 470/470/41 469/469/41 473/473/41 
f 471/471/42 477/477/42 476/476/42 472/472/42 
f 477/477/43 475/475/43 474/474/43 478/478/43 
f 481/481/44 476/476/44 478/478/44 482/482/44 
f 473/473/50 480/480/50 479/479/50 474/474/50 
f 488/488/46 484/484/46 483/483/46 486/486/46 
f 491/491/47 488/488/47 487/487/47 492/492/47 
f 484/484/50 490/490/50 489/489/50 485/485/50 
f 485/485/41 494/494/41 493/493/41 483/483/41 
f 495/495/42 487/487/42 486/486/42 496/496/42 
f 469/469/36 465/465/36 480/480/36 473/473/36 
f 508/508/33 513/513/33 498/498/33 504/504/33 
f 506/506/34 516/516/34 520/520/34 510/510/34 
f 502/502/35 507/507/35 509/509/35 503/503/35 
f 510/510/34 520/520/34 523/523/34 514/514/34 
f 515/515/35 525/525/35 528/528/35 518/518/35 
f 511/511/34 522/522/34 516/516/34 506/506/34 
f 519/519/33 527/527/33 500/500/33 524/524/33 
f 521/521/36 499/499/36 526/526/36 517/517/36 
f 505/505/37 506/506/37 507/507/37 
f 508/508/38 509/509/38 510/510/38 
f 515/515/39 516/516/39 517/517/39 
f 518/518/40 519/519/40 520/520/40 
f 507/507/41 502/502/41 501/501/41 505/505/41 
f 503/503/42 509/509/42 508/508/42 504/504/42 
f 509/509/43 507/507/43 506/506/43 510/510/43 
f 513/513/44 508/508/44 510/510/44 514/514/44 
f 505/505/45 512/512/45 511/511/45 506/506/45 
f 520/520/46 516/516/46 515/515/46 518/518/46 
f 523/523/47 520/520/47 519/519/47 524/524/47 
f 516/516/45 522/522/45 521/521/45 517/517/45 
f 517/517/41 526/526/41 525/525/41 515/515/41 
f 527/527/42 519/519/42 518/518/42 528/528/42 
f 501/501/36 497/497/36 512/512/36 505/505/36 
f 540/540/33 545/545/33 530/530/33 536/536/33 
f 538/538/34 548/548/34 552/552/34 542/542/34 
f 534/534/35 539/539/35 541/541/35 535/535/35 
f 542/542/34 552/552/34 555/555/34 546/546/34 
f 547/547/35 557/557/35 560/560/35 550/550/35 
f 543/543/34 554/554/34 548/548/34 538/538/34 
f 551/551/33 559/559/33 532/532/33 556/556/33 
f 553/553/36 531/531/36 558/558/36 549/549/36 
f 537/537/37 538/538/37 539/539/37 
f 540/540/38 541/541/38 542/542/38 
f 547/547/48 548/548/48 549/549/48 
f 550/550/49 551/551/49 552/552/49 
f 539/539/41 534/534/41 533/533/41 537/537/41 
f 535/535/42 541/541/42 540/540/42 536/536/42 
f 541/541/43 539/539/43 538/538/43 542/542/43 
f 545/545/44 540/540/44 542/542/44 546/546/44 
f 537/537/50 544/544/50 543/543/50 538/538/50 
f 552/552/46 548/548/46 547/547/46 550/550/46 
f 555/555/47 552/552/47 551/551/47 556/556/47 
f 548/548/50 554/554/50 553/553/50 549/549/50 
f 549/549/41 558/558/41 557/557/41 547/547/41 
f 559/559/42 551/551/42 550/550/42 560/560/42 
f 533/533/36 529/529/36 544/544/36 537/537/36 
f 572/572/33 577/577/33 562/562/33 568/568/33 
f 570/570/34 580/580/34 584/584/34 574/574/34 
f 566/566/35 571/571/35 573/573/35 567/567/35 
f 574/574/34 584/584/34 587/587/34 578/578/34 
f 579/579/35 589/589/35 592/592/35 582/582/35 
f 575/575/34 586/586/34 580/580/34 570/570/34 
f 583/583/33 591/591/33 564/564/33 588/588/33 
f 585/585/36 563/563/36 590/590/36 581/581/36 
f 569/569/37 570/570/37 571/571/37 
f 572/572/38 573/573/38 574/574/38 
f 579/579/39 580/580/39 581/581/39 
f 582/582/40 583/583/40 584/584/40 
f 571/571/41 566/566/41 565/565/41 569/569/41 
f 567/567/42 573/573/42 572/572/42 568/568/42 
f 573/573/43 571/571/43 570/570/43 574/574/43 
f 577/577/44 572/572/44 574/574/44 578/578/44 
f 569/569/45 576/576/45 575/575/45 570/570/45 
f 584/584/46 580/580/46 579/579/46 582/582/46 
f 587/587/47 584/584/47 583/583/47 588/588/47 
f 580/580/45 586/586/45 585/585/45 581/581/45 
f 581/581/41 590/590/41 589/589/41 579/579/41 
f 591/591/42 583/583/42 582/582/42 592/592/42 
f 565/565/36 561/561/36 576/576/36 569/569/36 
f 604/604/33 609/609/33 594/594/33 600/600/33 
f 602/602/34 612/612/34 616/616/34 606/606/34 
f 598/598/35 603/603/35 605/605/35 599/599/35 
f 606/606/34 616/616/34 619/619/34 610/610/34 
f 611/611/35 621/621/35 624/624/35 614/614/35 
f 607/607/34 618/618/34 612/612/34 602/602/34 
f 615/615/33 623/623/33 596/596/33 620/620/33 
f 617/617/36 595/595/36 622/622/36 613/613/36 
f 601/601/37 602/602/37 603/603/37 
f 604/604/38 605/605/38 606/606/38 
f 611/611/48 612/612/48 613/613/48 
f 614/614/49 615/615/49 616/616/49 
f 603/603/41 598/598/41 597/597/41 601/601/41 
f 599/599/42 605/605/42 604/604/42 600/600/42 
f 605/605/43 603/603/43 602/602/43 606/606/43 
f 609/609/44 604/604/44 606/606/44 610/610/44 
f 601/601/50 608/608/50 607/607/50 602/602/50 
f 616/616/46 612/612/46 611/611/46 614/614/46 
f 619/619/47 616/616/47 615/615/47 620/620/47 
f 612/612/50 618/618/50 617/617/50 613/613/50 
f 613/613/41 622/622/41 621/621/41 611/611/41 
f 623/623/42 615/615/42 614/614/42 624/624/42 
f 597/597/36 593/593/36 608/608/36 601/601/36 
f 636/636/33 641/641/33 626/626/33 632/632/33 
f 634/634/34 644/644/34 648/648/34 638/638/34 
f 630/630/35 635/635/35 637/637/35 631/631/35 
f 638/638/34 648/648/34 651/651/34 642/642/34 
f 643/643/35 653/653/35 656/656/35 646/646/35 
f 639/639/34 650/650/34 644/644/34 634/634/34 
f 647/647/33 655/655/33 628/628/33 652/652/33 
f 649/649/36 627/627/36 654/654/36 645/645/36 
f 633/633/37 634/634/37 635/635/37 
f 636/636/38 637/637/38 638/638/38 
f 643/643/39 644/644/39 645/645/39 
f 646/646/40 647/647/40 648/648/40 
f 635/635/41 630/630/41 629/629/41 633/633/41 
f 631/631/42 637/637/42 636/636/42 632/632/42 
f 637/637/43 635/635/43 634/634/43 638/638/43 
f 641/641/44 636/636/44 638/638/44 642/642/44 
f 633/633/45 640/640/45 639/639/45 634/634/45 
f 648/648/46 644/644/46 643/643/46 646/646/46 
f 651/651/47 648/648/47 647/647/47 652/652/47 
f 644/644/45 650/650/45 649/649/45 645/645/45 
f 645/645/41 654/654/41 653/653/41 643/643/41 
f 655/655/42 647/647/42 646/646/42 656/656/42 
f 629/629/36 625/625/36 640/640/36 633/633/36 
f 668/668/33 673/673/33 658/658/33 664/664/33 
f 666/666/34 676/676/34 680/680/34 670/670/34 
f 662/662/35 667/667/35 669/669/35 663/663/35 
f 670/670/34 680/680/34 683/683/34 674/674/34 
f 675/675/35 685/685/35 688/688/35 678/678/35 
f 671/671/34 682/682/34 676/676/34 666/666/34 
f 679/679/33 687/687/33 660/660/33 684/684/33 
f 681/681/36 659/659/36 686/686/36 677/677/36 
f 665/665/37 666/666/37 667/667/37 
f 668/668/38 669/669/38 670/670/38 
f 675/675/48 676/676/48 677/677/48 
f 678/678/51 679/679/51 680/680/51 
f 667/667/41 662/662/41 661/661/41 665/665/41 
f 663/663/42 669/669/42 668/668/42 664/664/42 
f 669/669/43 667/667/43 666/666/43 670/670/43 
f 673/673/44 668/668/44 670/670/44 674/674/44 
f 665/665/50 672/672/50 671/671/50 666/666/50 
f 680/680/46 676/676/46 675/675/46 678/678/46 
f 683/683/47 680/680/47 679/679/47 684/684/47 
f 676/676/50 682/682/50 681/681/50 677/677/50 
f 677/677/41 686/686/41 685/685/41 675/675/41 
f 687/687/42 679/679/42 678/678/42 688/688/42 
f 661/661/36 657/657/36 672/672/36 665/665/36 
f 700/700/33 705/705/33 690/690/33 696/696/33 
f 698/698/34 708/708/34 712/712/34 702/702/34 
f 694/694/35 699/699/35 701/701/35 695/695/35 
f 702/702/34 712/712/34 715/715/34 706/706/34 
f 707/707/35 717/717/35 720/720/35 710/710/35 
f 703/703/34 714/714/34 708/708/34 698/698/34 
f 711/711/33 719/719/33 692/692/33 716/716/33 
f 713/713/36 691/691/36 718/718/36 709/709/36 
f 697/697/37 698/698/37 699/699/37 
f 700/700/38 701/701/38 702/702/38 
f 707/707/39 708/708/39 709/709/39 
f 710/710/40 711/711/40 712/712/40 
f 699/699/41 694/694/41 693/693/41 697/697/41 
f 695/695/42 701/701/42 700/700/42 696/696/42 
f 701/701/43 699/699/43 698/698/43 702/702/43 
f 705/705/44 700/700/44 702/702/44 706/706/44 
f 697/697/45 704/704/45 703/703/45 698/698/45 
f 712/712/46 708/708/46 707/707/46 710/710/46 
f 715/715/47 712/712/47 711/711/47 716/716/47 
f 708/708/45 714/714/45 713/713/45 709/709/45 
f 709/709/41 718/718/41 717/717/41 707/707/41 
f 719/719/42 711/711/42 710/710/42 720/720/42 
f 693/693/36 689/689/36 704/704/36 697/697/36 
f 732/732/33 737/737/33 722/722/33 728/728/33 
f 730/730/34 740/740/34 744/744/34 734/734/34 
f 726/726/35 731/731/35 733/733/35 727/727/35 
f 734/734/34 744/744/34 747/747/34 738/738/34 
f 739/739/35 749/749/35 752/752/35 742/742/35 
f 735/735/34 746/746/34 740/740/34 730/730/34 
f 743/743/33 751/751/33 724/724/33 748/748/33 
f 745/745/36 723/723/36 750/750/36 741/741/36 
f 729/729/37 730/730/37 731/731/37 
f 732/732/38 733/733/38 734/734/38 
f 739/739/48 740/740/48 741/741/48 
f 742/742/49 743/743/49 744/744/49 
f 731/731/41 726/726/41 725/725/41 729/729/41 
f 727/727/42 733/733/42 732/732/42 728/728/42 
f 733/733/43 731/731/43 730/730/43 734/734/43 
f 737/737/44 732/732/44 734/734/44 738/738/44 
f 729/729/50 736/736/50 735/735/50 730/730/50 
f 744/744/46 740/740/46 739/739/46 742/742/46 
f 747/747/47 744/744/47 743/743/47 748/748/47 
f 740/740/50 746/746/50 745/745/50 741/741/50 
f 741/741/41 750/750/41 749/749/41 739/739/41 
f 751/751/42 743/743/42 742/742/42 752/752/42 
f 725/725/36 721/721/36 736/736/36 729/729/36 
f 764/764/33 769/769/33 754/754/33 760/760/33 
f 762/762/34 772/772/34 776/776/34 766/766/34 
f 758/758/35 763/763/35 765/765/35 759/759/35 
f 766/766/34 776/776/34 779/779/34 770/770/34 
f 771/771/35 781/781/35 784/784/35 774/774/35 
f 767/767/34 778/778/34 772/772/34 762/762/34 
f 775/775/33 783/783/33 756/756/33 780/780/33 
f 777/777/36 755/755/36 782/782/36 773/773/36 
f 761/761/37 762/762/37 763/763/37 
f 764/764/52 765/765/52 766/766/52 
f 771/771/53 772/772/53 773/773/53 
f 774/774/40 775/775/40 776/776/40 
f 763/763/41 758/758/41 757/757/41 761/761/41 
f 759/759/42 765/765/42 764/764/42 760/760/42 
f 765/765/43 763/763/43 762/762/43 766/766/43 
f 769/769/44 764/764/44 766/766/44 770/770/44 
f 761/761/45 768/768/45 767/767/45 762/762/45 
f 776/776/46 772/772/46 771/771/46 774/774/46 
f 779/779/47 776/776/47 775/775/47 780/780/47 
f 772/772/54 778/778/54 777/777/54 773/773/54 
f 773/773/41 782/782/41 781/781/41 771/771/41 
f 783/783/42 775/775/42 774/774/42 784/784/42 
f 757/757/36 753/753/36 768/768/36 761/761/36 
f 796/796/33 801/801/33 786/786/33 792/792/33 
f 794/794/34 804/804/34 808/808/34 798/798/34 
f 790/790/35 795/795/35 797/797/35 791/791/35 
f 798/798/34 808/808/34 811/811/34 802/802/34 
f 803/803/35 813/813/35 816/816/35 806/806/35 
f 799/799/34 810/810/34 804/804/34 794/794/34 
f 807/807/33 815/815/33 788/788/33 812/812/33 
f 809/809/36 787/787/36 814/814/36 805/805/36 
f 793/793/55 794/794/55 795/795/55 
f 796/796/38 797/797/38 798/798/38 
f 803/803/56 804/804/56 805/805/56 
f 806/806/49 807/807/49 808/808/49 
f 795/795/41 790/790/41 789/789/41 793/793/41 
f 791/791/42 797/797/42 796/796/42 792/792/42 
f 797/797/46 795/795/46 794/794/46 798/798/46 
f 801/801/44 796/796/44 798/798/44 802/802/44 
f 793/793/50 800/800/50 799/799/50 794/794/50 
f 808/808/46 804/804/46 803/803/46 806/806/46 
f 811/811/47 808/808/47 807/807/47 812/812/47 
f 804/804/50 810/810/50 809/809/50 805/805/50 
f 805/805/41 814/814/41 813/813/41 803/803/41 
f 815/815/42 807/807/42 806/806/42 816/816/42 
f 789/789/36 785/785/36 800/800/36 793/793/36 
f 828/828/33 833/833/33 818/818/33 824/824/33 
f 826/826/34 836/836/34 840/840/34 830/830/34 
f 822/822/35 827/827/35 829/829/35 823/823/35 
f 830/830/34 840/840/34 843/843/34 834/834/34 
f 835/835/35 845/845/35 848/848/35 838/838/35 
f 831/831/34 842/842/34 836/836/34 826/826/34 
f 839/839/33 847/847/33 820/820/33 844/844/33 
f 841/841/36 819/819/36 846/846/36 837/837/36 
f 825/825/37 826/826/37 827/827/37 
f 828/828/52 829/829/52 830/830/52 
f 835/835/53 836/836/53 837/837/53 
f 838/838/49 839/839/49 840/840/49 
f 827/827/41 822/822/41 821/821/41 825/825/41 
f 823/823/42 829/829/42 828/828/42 824/824/42 
f 829/829/43 827/827/43 826/826/43 830/830/43 
f 833/833/44 828/828/44 830/830/44 834/834/44 
f 825/825/45 832/832/45 831/831/45 826/826/45 
f 840/840/46 836/836/46 835/835/46 838/838/46 
f 843/843/44 840/840/44 839/839/44 844/844/44 
f 836/836/45 842/842/45 841/841/45 837/837/45 
f 837/837/41 846/846/41 845/845/41 835/835/41 
f 847/847/42 839/839/42 838/838/42 848/848/42 
f 821/821/36 817/817/36 832/832/36 825/825/36 
f 860/860/33 865/865/33 850/850/33 856/856/33 
f 858/858/34 868/868/34 872/872/34 862/862/34 
f 854/854/35 859/859/35 861/861/35 855/855/35 
f 862/862/34 872/872/34 875/875/34 866/866/34 
f 867/867/35 877/877/35 880/880/35 870/870/35 
f 863/863/34 874/874/34 868/868/34 858/858/34 
f 871/871/33 879/879/33 852/852/33 876/876/33 
f 873/873/36 851/851/36 878/878/36 869/869/36 
f 857/857/37 858/858/37 859/859/37 
f 860/860/38 861/861/38 862/862/38 
f 867/867/57 868/868/57 869/869/57 
f 870/870/49 871/871/49 872/872/49 
f 859/859/41 854/854/41 853/853/41 857/857/41 
f 855/855/42 861/861/42 860/860/42 856/856/42 
f 861/861/46 859/859/46 858/858/46 862/862/46 
f 865/865/44 860/860/44 862/862/44 866/866/44 
f 857/857/50 864/864/50 863/863/50 858/858/50 
f 872/872/46 868/868/46 867/867/46 870/870/46 
f 875/875/44 872/872/44 871/871/44 876/876/44 
f 868/868/50 874/874/50 873/873/50 869/869/50 
f 869/869/58 878/878/58 877/877/58 867/867/58 
f 879/879/42 871/871/42 870/870/42 880/880/42 
f 853/853/36 849/849/36 864/864/36 857/857/36 
f 892/892/33 897/897/33 882/882/33 888/888/33 
f 890/890/34 900/900/34 904/904/34 894/894/34 
f 886/886/35 891/891/35 893/893/35 887/887/35 
f 894/894/34 904/904/34 907/907/34 898/898/34 
f 899/899/35 909/909/35 912/912/35 902/902/35 
f 895/895/34 906/906/34 900/900/34 890/890/34 
f 903/903/33 911/911/33 884/884/33 908/908/33 
f 905/905/36 883/883/36 910/910/36 901/901/36 
f 889/889/37 890/890/37 891/891/37 
f 892/892/38 893/893/38 894/894/38 
f 899/899/53 900/900/53 901/901/53 
f 902/902/49 903/903/49 904/904/49 
f 891/891/41 886/886/41 885/885/41 889/889/41 
f 887/887/42 893/893/42 892/892/42 888/888/42 
f 893/893/46 891/891/46 890/890/46 894/894/46 
f 897/897/44 892/892/44 894/894/44 898/898/44 
f 889/889/45 896/896/45 895/895/45 890/890/45 
f 904/904/46 900/900/46 899/899/46 902/902/46 
f 907/907/44 904/904/44 903/903/44 908/908/44 
f 900/900/45 906/906/45 905/905/45 901/901/45 
f 901/901/41 910/910/41 909/909/41 899/899/41 
f 911/911/42 903/903/42 902/902/42 912/912/42 
f 885/885/36 881/881/36 896/896/36 889/889/36 
f 924/924/33 929/929/33 914/914/33 920/920/33 
f 922/922/34 932/932/34 936/936/34 926/926/34 
f 918/918/35 923/923/35 925/925/35 919/919/35 
f 926/926/34 936/936/34 939/939/34 930/930/34 
f 931/931/35 941/941/35 944/944/35 934/934/35 
f 927/927/34 938/938/34 932/932/34 922/922/34 
f 935/935/33 943/943/33 916/916/33 940/940/33 
f 937/937/36 915/915/36 942/942/36 933/933/36 
f 921/921/59 922/922/59 923/923/59 
f 924/924/38 925/925/38 926/926/38 
f 931/931/60 932/932/60 933/933/60 
f 934/934/49 935/935/49 936/936/49 
f 923/923/41 918/918/41 917/917/41 921/921/41 
f 919/919/42 925/925/42 924/924/42 920/920/42 
f 925/925/43 923/923/43 922/922/43 926/926/43 
f 929/929/44 924/924/44 926/926/44 930/930/44 
f 921/921/50 928/928/50 927/927/50 922/922/50 
f 936/936/43 932/932/43 931/931/43 934/934/43 
f 939/939/44 936/936/44 935/935/44 940/940/44 
f 932/932/50 938/938/50 937/937/50 933/933/50 
f 933/933/58 942/942/58 941/941/58 931/931/58 
f 943/943/42 935/935/42 934/934/42 944/944/42 
f 917/917/36 913/913/36 928/928/36 921/921/36 
f 956/956/33 961/961/33 946/946/33 952/952/33 
f 954/954/34 964/964/34 968/968/34 958/958/34 
f 950/950/35 955/955/35 957/957/35 951/951/35 
f 958/958/34 968/968/34 971/971/34 962/962/34 
f 963/963/35 973/973/35 976/976/35 966/966/35 
f 959/959/34 970/970/34 964/964/34 954/954/34 
f 967/967/33 975/975/33 948/948/33 972/972/33 
f 969/969/36 947/947/36 974/974/36 965/965/36 
f 953/953/37 954/954/37 955/955/37 
f 956/956/38 957/957/38 958/958/38 
f 963/963/39 964/964/39 965/965/39 
f 966/966/40 967/967/40 968/968/40 
f 955/955/41 950/950/41 949/949/41 953/953/41 
f 951/951/42 957/957/42 956/956/42 952/952/42 
f 957/957/46 955/955/46 954/954/46 958/958/46 
f 961/961/44 956/956/44 958/958/44 962/962/44 
f 953/953/45 960/960/45 959/959/45 954/954/45 
f 968/968/46 964/964/46 963/963/46 966/966/46 
f 971/971/44 968/968/44 967/967/44 972/972/44 
f 964/964/45 970/970/45 969/969/45 965/965/45 
f 965/965/41 974/974/41 973/973/41 963/963/41 
f 975/975/42 967/967/42 966/966/42 976/976/42 
f 949/949/36 945/945/36 960/960/36 953/953/36 
f 988/988/33 993/993/33 978/978/33 984/984/33 
f 986/986/34 996/996/34 1000/1000/34 990/990/34 
f 982/982/35 987/987/35 989/989/35 983/983/35 
f 990/990/34 1000/1000/34 1003/1003/34 994/994/34 
f 995/995/35 1005/1005/35 1008/1008/35 998/998/35 
f 991/991/34 1002/1002/34 996/996/34 986/986/34 
f 999/999/33 1007/1007/33 980/980/33 1004/1004/33 
f 1001/1001/36 979/979/36 1006/1006/36 997/997/36 
f 985/985/37 986/986/37 987/987/37 
f 988/988/38 989/989/38 990/990/38 
f 995/995/48 996/996/48 997/997/48 
f 998/998/51 999/999/51 1000/1000/51 
f 987/987/41 982/982/41 981/981/41 985/985/41 
f 983/983/42 989/989/42 988/988/42 984/984/42 
f 989/989/43 987/987/43 986/986/43 990/990/43 
f 993/993/44 988/988/44 990/990/44 994/994/44 
f 985/985/50 992/992/50 991/991/50 986/986/50 
f 1000/1000/43 996/996/43 995/995/43 998/998/43 
f 1003/1003/44 1000/1000/44 999/999/44 1004/1004/44 
f 996/996/50 1002/1002/50 1001/1001/50 997/997/50 
f 997/997/41 1006/1006/41 1005/1005/41 995/995/41 
f 1007/1007/42 999/999/42 998/998/42 1008/1008/42 
f 981/981/36 977/977/36 992/992/36 985/985/36 
o Plane:011:001
usemtl 9
s 0
f 1435/1435/61 1424/1424/61 1088/1088/61 1097/1097/61 
f 1101/1101/62 1429/1429/62 1084/1084/62 1014/1014/62 
f 1243/1243/63 1182/1182/63 1179/1179/63 1238/1238/63 
f 1432/1432/62 1108/1108/62 1013/1013/62 1083/1083/62 
f 1019/1019/62 1049/1049/62 1232/1232/62 1104/1104/62 
f 1082/1082/62 1016/1016/62 1104/1104/62 1433/1433/62 
f 1285/1285/62 1288/1288/62 1021/1021/62 1022/1022/62 
f 1347/1347/64 1346/1346/64 1167/1167/64 1166/1166/64 
f 1015/1015/62 1081/1081/62 1436/1436/62 1099/1099/62 
f 1291/1291/64 1290/1290/64 1111/1111/64 1110/1110/64 
f 1607/1607/62 1422/1422/62 1096/1096/62 1169/1169/62 
f 1595/1595/62 1615/1615/62 1172/1172/62 1173/1173/62 
f 1009/1009/62 1013/1013/62 1108/1108/62 1020/1020/62 
f 1427/1427/62 1447/1447/62 1228/1228/62 1092/1092/62 
f 1439/1439/62 1459/1459/62 1224/1224/62 1225/1225/62 
f 1451/1451/62 1471/1471/62 1220/1220/62 1221/1221/62 
f 1463/1463/62 1483/1483/62 1216/1216/62 1217/1217/62 
f 1475/1475/62 1495/1495/62 1212/1212/62 1213/1213/62 
f 1487/1487/62 1508/1508/62 1208/1208/62 1209/1209/62 
f 1498/1498/62 1520/1520/62 1204/1204/62 1205/1205/62 
f 1510/1510/62 1531/1531/62 1200/1200/62 1201/1201/62 
f 1523/1523/62 1543/1543/62 1196/1196/62 1197/1197/62 
f 1535/1535/62 1555/1555/62 1192/1192/62 1193/1193/62 
f 1547/1547/62 1567/1567/62 1188/1188/62 1189/1189/62 
f 1559/1559/62 1579/1579/62 1184/1184/62 1185/1185/62 
f 1571/1571/62 1592/1592/62 1180/1180/62 1181/1181/62 
f 1582/1582/62 1604/1604/62 1176/1176/62 1177/1177/62 
f 1239/1239/63 1178/1178/63 1175/1175/63 1234/1234/63 
f 1431/1431/65 1428/1428/65 1091/1091/65 1106/1106/65 
f 1247/1247/63 1186/1186/63 1183/1183/63 1242/1242/63 
f 1251/1251/63 1190/1190/63 1187/1187/63 1246/1246/63 
f 1255/1255/63 1194/1194/63 1191/1191/63 1250/1250/63 
f 1259/1259/63 1198/1198/63 1195/1195/63 1254/1254/63 
f 1263/1263/63 1202/1202/63 1199/1199/63 1258/1258/63 
f 1267/1267/63 1206/1206/63 1203/1203/63 1262/1262/63 
f 1271/1271/63 1210/1210/63 1207/1207/63 1266/1266/63 
f 1275/1275/63 1214/1214/63 1211/1211/63 1270/1270/63 
f 1279/1279/63 1218/1218/63 1215/1215/63 1274/1274/63 
f 1283/1283/63 1222/1222/63 1219/1219/63 1278/1278/63 
f 1287/1287/63 1226/1226/63 1223/1223/63 1282/1282/63 
f 1229/1229/62 1232/1232/62 1049/1049/62 1050/1050/62 
f 1098/1098/64 1090/1090/64 1111/1111/64 1290/1290/64 
f 1053/1053/62 1054/1054/62 1293/1293/62 1296/1296/62 
f 1055/1055/62 1056/1056/62 1297/1297/62 1300/1300/62 
f 1057/1057/62 1058/1058/62 1301/1301/62 1304/1304/62 
f 1059/1059/62 1060/1060/62 1305/1305/62 1308/1308/62 
f 1061/1061/62 1062/1062/62 1309/1309/62 1312/1312/62 
f 1063/1063/62 1064/1064/62 1313/1313/62 1316/1316/62 
f 1065/1065/62 1066/1066/62 1317/1317/62 1320/1320/62 
f 1067/1067/62 1068/1068/62 1321/1321/62 1324/1324/62 
f 1069/1069/62 1070/1070/62 1325/1325/62 1328/1328/62 
f 1071/1071/62 1072/1072/62 1329/1329/62 1332/1332/62 
f 1073/1073/62 1074/1074/62 1333/1333/62 1336/1336/62 
f 1075/1075/62 1076/1076/62 1337/1337/62 1340/1340/62 
f 1077/1077/62 1078/1078/62 1341/1341/62 1344/1344/62 
f 1079/1079/62 1080/1080/62 1345/1345/62 1348/1348/62 
f 1014/1014/62 1011/1011/62 1017/1017/62 1101/1101/62 
f 1099/1099/62 1018/1018/62 1012/1012/62 1015/1015/62 
f 1019/1019/62 1104/1104/62 1016/1016/62 1010/1010/62 
f 1233/1233/62 1236/1236/62 1047/1047/62 1048/1048/62 
f 1237/1237/62 1240/1240/62 1045/1045/62 1046/1046/62 
f 1241/1241/62 1244/1244/62 1043/1043/62 1044/1044/62 
f 1245/1245/62 1248/1248/62 1041/1041/62 1042/1042/62 
f 1249/1249/62 1252/1252/62 1039/1039/62 1040/1040/62 
f 1253/1253/62 1256/1256/62 1037/1037/62 1038/1038/62 
f 1257/1257/62 1260/1260/62 1035/1035/62 1036/1036/62 
f 1261/1261/62 1264/1264/62 1033/1033/62 1034/1034/62 
f 1265/1265/62 1268/1268/62 1031/1031/62 1032/1032/62 
f 1269/1269/62 1272/1272/62 1029/1029/62 1030/1030/62 
f 1273/1273/62 1276/1276/62 1027/1027/62 1028/1028/62 
f 1277/1277/62 1280/1280/62 1025/1025/62 1026/1026/62 
f 1281/1281/62 1284/1284/62 1023/1023/62 1024/1024/62 
f 1087/1087/62 1165/1165/62 1444/1444/62 1426/1426/62 
f 1168/1168/62 1161/1161/62 1456/1456/62 1441/1441/62 
f 1164/1164/62 1157/1157/62 1468/1468/62 1453/1453/62 
f 1160/1160/62 1153/1153/62 1480/1480/62 1465/1465/62 
f 1156/1156/62 1149/1149/62 1492/1492/62 1477/1477/62 
f 1152/1152/62 1145/1145/62 1505/1505/62 1489/1489/62 
f 1148/1148/62 1141/1141/62 1517/1517/62 1502/1502/62 
f 1144/1144/62 1137/1137/62 1528/1528/62 1513/1513/62 
f 1140/1140/62 1133/1133/62 1540/1540/62 1525/1525/62 
f 1136/1136/62 1129/1129/62 1552/1552/62 1537/1537/62 
f 1132/1132/62 1125/1125/62 1564/1564/62 1549/1549/62 
f 1128/1128/62 1121/1121/62 1576/1576/62 1561/1561/62 
f 1124/1124/62 1117/1117/62 1589/1589/62 1574/1574/62 
f 1120/1120/62 1113/1113/62 1600/1600/62 1586/1586/62 
f 1116/1116/62 1109/1109/62 1612/1612/62 1597/1597/62 
f 1225/1225/62 1228/1228/62 1447/1447/62 1439/1439/62 
f 1221/1221/62 1224/1224/62 1459/1459/62 1451/1451/62 
f 1217/1217/62 1220/1220/62 1471/1471/62 1463/1463/62 
f 1213/1213/62 1216/1216/62 1483/1483/62 1475/1475/62 
f 1209/1209/62 1212/1212/62 1495/1495/62 1487/1487/62 
f 1205/1205/62 1208/1208/62 1508/1508/62 1498/1498/62 
f 1201/1201/62 1204/1204/62 1520/1520/62 1510/1510/62 
f 1197/1197/62 1200/1200/62 1531/1531/62 1523/1523/62 
f 1193/1193/62 1196/1196/62 1543/1543/62 1535/1535/62 
f 1189/1189/62 1192/1192/62 1555/1555/62 1547/1547/62 
f 1185/1185/62 1188/1188/62 1567/1567/62 1559/1559/62 
f 1181/1181/62 1184/1184/62 1579/1579/62 1571/1571/62 
f 1177/1177/62 1180/1180/62 1592/1592/62 1582/1582/62 
f 1173/1173/62 1176/1176/62 1604/1604/62 1595/1595/62 
f 1169/1169/62 1172/1172/62 1615/1615/62 1607/1607/62 
f 1609/1609/62 1612/1612/62 1109/1109/62 1112/1112/62 
f 1597/1597/62 1600/1600/62 1113/1113/62 1116/1116/62 
f 1586/1586/62 1589/1589/62 1117/1117/62 1120/1120/62 
f 1574/1574/62 1576/1576/62 1121/1121/62 1124/1124/62 
f 1561/1561/62 1564/1564/62 1125/1125/62 1128/1128/62 
f 1549/1549/62 1552/1552/62 1129/1129/62 1132/1132/62 
f 1537/1537/62 1540/1540/62 1133/1133/62 1136/1136/62 
f 1525/1525/62 1528/1528/62 1137/1137/62 1140/1140/62 
f 1513/1513/62 1517/1517/62 1141/1141/62 1144/1144/62 
f 1502/1502/62 1505/1505/62 1145/1145/62 1148/1148/62 
f 1489/1489/62 1492/1492/62 1149/1149/62 1152/1152/62 
f 1477/1477/62 1480/1480/62 1153/1153/62 1156/1156/62 
f 1465/1465/62 1468/1468/62 1157/1157/62 1160/1160/62 
f 1453/1453/62 1456/1456/62 1161/1161/62 1164/1164/62 
f 1441/1441/62 1444/1444/62 1165/1165/62 1168/1168/62 
f 1292/1292/62 1293/1293/62 1054/1054/62 1051/1051/62 
f 1296/1296/62 1297/1297/62 1056/1056/62 1053/1053/62 
f 1300/1300/62 1301/1301/62 1058/1058/62 1055/1055/62 
f 1304/1304/62 1305/1305/62 1060/1060/62 1057/1057/62 
f 1308/1308/62 1309/1309/62 1062/1062/62 1059/1059/62 
f 1312/1312/62 1313/1313/62 1064/1064/62 1061/1061/62 
f 1316/1316/62 1317/1317/62 1066/1066/62 1063/1063/62 
f 1320/1320/62 1321/1321/62 1068/1068/62 1065/1065/62 
f 1324/1324/62 1325/1325/62 1070/1070/62 1067/1067/62 
f 1328/1328/62 1329/1329/62 1072/1072/62 1069/1069/62 
f 1332/1332/62 1333/1333/62 1074/1074/62 1071/1071/62 
f 1336/1336/62 1337/1337/62 1076/1076/62 1073/1073/62 
f 1340/1340/62 1341/1341/62 1078/1078/62 1075/1075/62 
f 1344/1344/62 1345/1345/62 1080/1080/62 1077/1077/62 
f 1516/1516/65 1351/1351/65 1350/1350/65 1518/1518/65 
f 1050/1050/62 1047/1047/62 1236/1236/62 1229/1229/62 
f 1048/1048/62 1045/1045/62 1240/1240/62 1233/1233/62 
f 1046/1046/62 1043/1043/62 1244/1244/62 1237/1237/62 
f 1044/1044/62 1041/1041/62 1248/1248/62 1241/1241/62 
f 1042/1042/62 1039/1039/62 1252/1252/62 1245/1245/62 
f 1040/1040/62 1037/1037/62 1256/1256/62 1249/1249/62 
f 1038/1038/62 1035/1035/62 1260/1260/62 1253/1253/62 
f 1036/1036/62 1033/1033/62 1264/1264/62 1257/1257/62 
f 1034/1034/62 1031/1031/62 1268/1268/62 1261/1261/62 
f 1032/1032/62 1029/1029/62 1272/1272/62 1265/1265/62 
f 1030/1030/62 1027/1027/62 1276/1276/62 1269/1269/62 
f 1028/1028/62 1025/1025/62 1280/1280/62 1273/1273/62 
f 1026/1026/62 1023/1023/62 1284/1284/62 1277/1277/62 
f 1024/1024/62 1021/1021/62 1288/1288/62 1281/1281/62 
f 1051/1051/62 1052/1052/62 1289/1289/62 1292/1292/62 
f 1287/1287/63 1286/1286/63 1227/1227/63 1226/1226/63 
f 1283/1283/63 1282/1282/63 1223/1223/63 1222/1222/63 
f 1279/1279/63 1278/1278/63 1219/1219/63 1218/1218/63 
f 1275/1275/63 1274/1274/63 1215/1215/63 1214/1214/63 
f 1271/1271/63 1270/1270/63 1211/1211/63 1210/1210/63 
f 1267/1267/63 1266/1266/63 1207/1207/63 1206/1206/63 
f 1263/1263/63 1262/1262/63 1203/1203/63 1202/1202/63 
f 1259/1259/63 1258/1258/63 1199/1199/63 1198/1198/63 
f 1255/1255/63 1254/1254/63 1195/1195/63 1194/1194/63 
f 1251/1251/63 1250/1250/63 1191/1191/63 1190/1190/63 
f 1247/1247/63 1246/1246/63 1187/1187/63 1186/1186/63 
f 1243/1243/63 1242/1242/63 1183/1183/63 1182/1182/63 
f 1239/1239/63 1238/1238/63 1179/1179/63 1178/1178/63 
f 1235/1235/63 1234/1234/63 1175/1175/63 1174/1174/63 
f 1235/1235/63 1174/1174/63 1171/1171/63 1230/1230/63 
f 1112/1112/62 1089/1089/62 1423/1423/62 1609/1609/62 
f 1291/1291/64 1110/1110/64 1115/1115/64 1294/1294/64 
f 1295/1295/64 1294/1294/64 1115/1115/64 1114/1114/64 
f 1299/1299/64 1298/1298/64 1119/1119/64 1118/1118/64 
f 1303/1303/64 1302/1302/64 1123/1123/64 1122/1122/64 
f 1307/1307/64 1306/1306/64 1127/1127/64 1126/1126/64 
f 1311/1311/64 1310/1310/64 1131/1131/64 1130/1130/64 
f 1315/1315/64 1314/1314/64 1135/1135/64 1134/1134/64 
f 1319/1319/64 1318/1318/64 1139/1139/64 1138/1138/64 
f 1323/1323/64 1322/1322/64 1143/1143/64 1142/1142/64 
f 1327/1327/64 1326/1326/64 1147/1147/64 1146/1146/64 
f 1331/1331/64 1330/1330/64 1151/1151/64 1150/1150/64 
f 1335/1335/64 1334/1334/64 1155/1155/64 1154/1154/64 
f 1339/1339/64 1338/1338/64 1159/1159/64 1158/1158/64 
f 1343/1343/64 1342/1342/64 1163/1163/64 1162/1162/64 
f 1107/1107/63 1093/1093/63 1227/1227/63 1286/1286/63 
f 1231/1231/63 1230/1230/63 1171/1171/63 1170/1170/63 
f 1343/1343/64 1162/1162/64 1167/1167/64 1346/1346/64 
f 1339/1339/64 1158/1158/64 1163/1163/64 1342/1342/64 
f 1335/1335/64 1154/1154/64 1159/1159/64 1338/1338/64 
f 1331/1331/64 1150/1150/64 1155/1155/64 1334/1334/64 
f 1327/1327/64 1146/1146/64 1151/1151/64 1330/1330/64 
f 1323/1323/64 1142/1142/64 1147/1147/64 1326/1326/64 
f 1319/1319/64 1138/1138/64 1143/1143/64 1322/1322/64 
f 1315/1315/64 1134/1134/64 1139/1139/64 1318/1318/64 
f 1311/1311/64 1130/1130/64 1135/1135/64 1314/1314/64 
f 1307/1307/64 1126/1126/64 1131/1131/64 1310/1310/64 
f 1303/1303/64 1122/1122/64 1127/1127/64 1306/1306/64 
f 1231/1231/63 1170/1170/63 1095/1095/63 1105/1105/63 
f 1295/1295/64 1114/1114/64 1119/1119/64 1298/1298/64 
f 1099/1099/62 1289/1289/62 1052/1052/62 1018/1018/62 
f 1100/1100/65 1085/1085/65 1425/1425/65 1430/1430/65 
f 1103/1103/61 1094/1094/61 1421/1421/61 1434/1434/61 
f 1299/1299/64 1118/1118/64 1123/1123/64 1302/1302/64 
f 1022/1022/62 1020/1020/62 1108/1108/62 1285/1285/62 
f 1476/1476/64 1635/1635/64 1638/1638/64 1481/1481/64 
f 1563/1563/65 1383/1383/65 1382/1382/65 1568/1568/65 
f 1486/1486/61 1625/1625/61 1628/1628/61 1490/1490/61 
f 1560/1560/64 1385/1385/64 1384/1384/64 1565/1565/64 
f 1479/1479/65 1637/1637/65 1640/1640/65 1484/1484/65 
f 1566/1566/63 1381/1381/63 1388/2826/63 1557/1557/63 
f 1475/1475/62 1477/1477/62 1492/1492/62 1495/1495/62 
f 1558/1558/61 1387/1387/61 1386/1386/61 1562/1562/61 
f 1488/1488/64 1627/1627/64 1630/1630/64 1493/1493/64 
f 1578/1578/63 1389/1389/63 1396/2852/63 1569/1569/63 
f 1497/1497/61 1617/1617/61 1620/1620/61 1500/1500/61 
f 1575/1575/65 1391/1391/65 1390/1390/65 1580/1580/65 
f 1491/1491/65 1629/1629/65 1632/1632/65 1496/1496/65 
f 1573/1573/64 1393/1393/64 1392/1392/64 1577/1577/64 
f 1487/1487/62 1489/1489/62 1505/1505/62 1508/1508/62 
f 1083/1083/62 1084/1084/62 1429/1429/62 1432/1432/62 
f 1440/1440/64 1659/1659/64 1662/1662/64 1445/1445/64 
f 1452/1452/64 1651/1651/64 1654/1654/64 1457/1457/64 
f 1464/1464/64 1643/1643/64 1646/1646/64 1469/1469/64 
f 1482/1482/63 1639/1639/63 1634/2981/63 1473/1473/63 
f 1494/1494/63 1631/1631/63 1626/2986/63 1485/1485/63 
f 1507/1507/63 1623/1623/63 1618/3018/63 1499/1499/63 
f 1523/1523/62 1525/1525/62 1540/1540/62 1543/1543/62 
f 1535/1535/62 1537/1537/62 1552/1552/62 1555/1555/62 
f 1547/1547/62 1549/1549/62 1564/1564/62 1567/1567/62 
f 1559/1559/62 1561/1561/62 1576/1576/62 1579/1579/62 
f 1571/1571/62 1574/1574/62 1589/1589/62 1592/1592/62 
f 1582/1582/62 1586/1586/62 1600/1600/62 1604/1604/62 
f 1435/1435/61 1434/1434/61 1421/1421/61 1424/1424/61 
f 1431/1431/65 1430/1430/65 1425/1425/65 1428/1428/65 
f 1427/1427/62 1426/1426/62 1444/1444/62 1447/1447/62 
f 1433/1433/62 1436/1436/62 1081/1081/62 1082/1082/62 
f 1595/1595/62 1597/1597/62 1612/1612/62 1615/1615/62 
f 1446/1446/63 1663/1663/63 1658/3029/63 1437/1437/63 
f 1348/1348/62 1101/1101/62 1017/1017/62 1079/1079/62 
f 1546/1546/61 1379/1379/61 1378/1378/61 1550/1550/61 
f 1463/1463/62 1465/1465/62 1480/1480/62 1483/1483/62 
f 1554/1554/63 1373/1373/63 1380/3035/63 1545/1545/63 
f 1467/1467/65 1645/1645/65 1648/1648/65 1472/1472/65 
f 1548/1548/64 1377/1377/64 1376/1376/64 1553/1553/64 
f 1474/1474/61 1633/1633/61 1636/1636/61 1478/1478/61 
f 1551/1551/65 1375/1375/65 1374/1374/65 1556/1556/65 
f 1462/1462/61 1641/1641/61 1644/1644/61 1466/1466/61 
f 1534/1534/61 1371/1371/61 1370/1370/61 1538/1538/61 
f 1451/1451/62 1453/1453/62 1468/1468/62 1471/1471/62 
f 1536/1536/64 1369/1369/64 1368/1368/64 1541/1541/64 
f 1607/1607/62 1609/1609/62 1423/1423/62 1422/1422/62 
f 1455/1455/65 1653/1653/65 1656/1656/65 1460/1460/65 
f 1539/1539/65 1367/1367/65 1366/1366/65 1544/1544/65 
f 1606/1606/61 1419/1419/61 1418/1418/61 1610/1610/61 
f 1470/1470/63 1647/1647/63 1642/3060/63 1461/1461/63 
f 1542/1542/63 1365/1365/63 1372/2840/63 1533/1533/63 
f 1608/1608/64 1417/1417/64 1416/1416/64 1613/1613/64 
f 1450/1450/61 1649/1649/61 1652/1652/61 1454/1454/61 
f 1522/1522/61 1363/1363/61 1362/1362/61 1526/1526/61 
f 1611/1611/65 1415/1415/65 1414/1414/65 1616/1616/65 
f 1439/1439/62 1441/1441/62 1456/1456/62 1459/1459/62 
f 1530/1530/63 1357/1357/63 1364/3074/63 1521/1521/63 
f 1614/1614/63 1413/1413/63 1420/3077/63 1605/1605/63 
f 1443/1443/65 1661/1661/65 1664/1664/65 1448/1448/65 
f 1524/1524/64 1361/1361/64 1360/1360/64 1529/1529/64 
f 1594/1594/61 1411/1411/61 1410/1410/61 1598/1598/61 
f 1458/1458/63 1655/1655/63 1650/3086/63 1449/1449/63 
f 1527/1527/65 1359/1359/65 1358/1358/65 1532/1532/65 
f 1603/1603/63 1405/1405/63 1412/1412/63 1593/1593/63 
f 1438/1438/61 1657/1657/61 1660/1660/61 1442/1442/61 
f 1509/1509/61 1355/1355/61 1354/1354/61 1514/1514/61 
f 1596/1596/64 1409/1409/64 1408/1408/64 1601/1601/64 
f 1519/1519/63 1349/1349/63 1356/2862/63 1511/1511/63 
f 1599/1599/65 1407/1407/65 1406/1406/65 1602/1602/65 
f 1512/1512/64 1353/1353/64 1352/1352/64 1515/1515/64 
f 1581/1581/61 1403/1403/61 1402/1402/61 1584/1584/61 
f 1498/1498/62 1502/1502/62 1517/1517/62 1520/1520/62 
f 1591/1591/63 1397/1397/63 1404/2853/63 1583/1583/63 
f 1504/1504/65 1621/1621/65 1624/1624/65 1506/1506/65 
f 1585/1585/64 1401/1401/64 1400/1400/64 1587/1587/64 
f 1510/1510/62 1513/1513/62 1528/1528/62 1531/1531/62 
f 1588/1588/65 1399/1399/65 1398/1398/65 1590/1590/65 
f 1501/1501/64 1619/1619/64 1622/1622/64 1503/1503/64 
f 1570/1570/61 1395/1395/61 1394/1394/61 1572/1572/61 
f 1085/2885/66 1086/1086/66 1087/1087/66 
f 1088/2889/67 1089/1089/67 1090/2930/67 
f 1091/2762/68 1092/1092/68 1093/2977/68 
f 1094/2982/69 1095/2979/69 1096/1096/69 
f 1097/1097/70 1098/1098/70 1099/1099/70 
f 1100/1100/71 1101/1101/71 1102/1102/71 
f 1103/1103/72 1104/1104/72 1105/1105/72 
f 1106/1106/73 1107/1107/73 1108/1108/73 
f 1437/3026/72 1438/3092/72 1439/1439/72 
f 1440/2777/74 1441/1441/74 1442/3091/74 
f 1443/3079/75 1444/1444/75 1445/2684/75 
f 1446/3027/73 1447/1447/73 1448/3078/73 
f 1449/3084/72 1450/3068/72 1451/1451/72 
f 1452/3010/70 1453/1453/70 1454/3066/70 
f 1455/3047/76 1456/1456/76 1457/2871/76 
f 1458/2866/73 1459/1459/73 1460/3046/73 
f 1461/3056/72 1462/3042/72 1463/1463/72 
f 1464/3015/70 1465/1465/70 1466/3041/70 
f 1467/2868/71 1468/1468/71 1469/3013/71 
f 1470/3059/73 1471/1471/73 1472/2715/73 
f 1473/3017/72 1474/2960/72 1475/1475/72 
f 1476/2976/70 1477/1477/70 1478/2964/70 
f 1479/2991/71 1480/1480/71 1481/2985/71 
f 1482/2759/73 1483/1483/73 1484/2774/73 
f 1485/3019/72 1486/2978/72 1487/1487/72 
f 1488/2997/70 1489/1489/70 1490/2797/70 
f 1491/3007/75 1492/1492/75 1493/2996/75 
f 1494/3021/73 1495/1495/73 1496/3006/73 
f 1497/3003/72 1498/1498/72 1499/3022/72 
f 1500/2750/77 1501/3115/77 1502/1502/77 
f 1503/3113/76 1504/3106/76 1505/1505/76 
f 1506/2772/73 1507/3024/73 1508/1508/73 
f 1509/3094/72 1510/1510/72 1511/3096/72 
f 1512/3101/77 1513/1513/77 1514/2942/77 
f 1515/3100/71 1516/2710/71 1517/1517/71 
f 1518/2931/73 1519/3098/73 1520/1520/73 
f 1521/3072/72 1522/2746/72 1523/1523/72 
f 1524/3081/74 1525/1525/74 1526/2948/74 
f 1527/3088/75 1528/1528/75 1529/3054/75 
f 1530/2952/73 1531/1531/73 1532/3087/73 
f 1533/3062/72 1534/2956/72 1535/1535/72 
f 1536/3044/74 1537/1537/74 1538/2872/74 
f 1539/3052/75 1540/1540/75 1541/3043/75 
f 1542/3058/73 1543/1543/73 1544/3051/73 
f 1545/3032/72 1546/3030/72 1547/1547/72 
f 1548/3037/74 1549/1549/74 1550/3014/74 
f 1551/3040/76 1552/1552/76 1553/3036/76 
f 1554/3033/73 1555/1555/73 1556/3038/73 
f 1557/2994/72 1558/2879/72 1559/1559/72 
f 1560/2990/74 1561/1561/74 1562/2995/74 
f 1563/2988/75 1564/1564/75 1565/2989/75 
f 1566/2984/73 1567/1567/73 1568/2987/73 
f 1569/2999/72 1570/3116/72 1571/1571/72 
f 1572/3049/77 1573/3009/77 1574/1574/77 
f 1575/3005/75 1576/1576/75 1577/3008/75 
f 1578/3000/73 1579/1579/73 1580/3004/73 
f 1581/3103/72 1582/1582/72 1583/3105/72 
f 1584/3102/77 1585/3111/77 1586/1586/77 
f 1587/3109/75 1588/3112/75 1589/1589/75 
f 1590/2685/73 1591/2708/73 1592/1592/73 
f 1593/3089/72 1594/3082/72 1595/1595/72 
f 1596/3095/74 1597/1597/74 1598/2679/74 
f 1599/3099/75 1600/1600/75 1601/2828/75 
f 1602/3073/73 1603/3090/73 1604/1604/73 
f 1605/3076/72 1606/3055/72 1607/1607/72 
f 1608/3065/74 1609/1609/74 1610/3053/74 
f 1611/3070/71 1612/1612/71 1613/3064/71 
f 1614/3063/73 1615/1615/73 1616/3069/73 
f 1094/1094/78 1103/1103/78 1105/1105/78 1095/1095/78 
f 1097/1097/79 1088/1088/79 1090/1090/79 1098/1098/79 
f 1085/1085/80 1100/1100/80 1102/1102/80 1086/3117/80 
f 1106/1106/81 1091/1091/81 1093/1093/81 1107/1107/81 
f 1514/1514/79 1354/1354/79 1353/1353/79 1512/1512/79 
f 1445/1445/80 1662/1662/80 1661/1661/80 1443/1443/80 
f 1657/1657/78 1438/1438/78 1437/3025/78 1658/1658/78 
f 1616/1616/81 1414/1414/81 1413/1413/81 1614/1614/81 
f 1613/1613/80 1416/1416/80 1415/1415/80 1611/1611/80 
f 1419/1419/78 1606/1606/78 1605/3075/78 1420/1420/78 
f 1286/1286/82 1287/1287/82 1288/1288/82 1285/1285/82 
f 1226/2926/82 1227/2934/82 1228/1228/82 1225/1225/82 
f 1282/1282/82 1283/1283/82 1284/1284/82 1281/1281/82 
f 1222/2924/82 1223/2928/82 1224/1224/82 1221/1221/82 
f 1278/1278/82 1279/1279/82 1280/1280/82 1277/1277/82 
f 1218/2920/82 1219/2925/82 1220/1220/82 1217/1217/82 
f 1274/1274/82 1275/1275/82 1276/1276/82 1273/1273/82 
f 1214/2918/82 1215/2922/82 1216/1216/82 1213/1213/82 
f 1270/1270/82 1271/1271/82 1272/1272/82 1269/1269/82 
f 1210/2915/82 1211/2919/82 1212/1212/82 1209/1209/82 
f 1266/1266/82 1267/1267/82 1268/1268/82 1265/1265/82 
f 1206/2913/82 1207/2916/82 1208/1208/82 1205/1205/82 
f 1262/1262/82 1263/1263/82 1264/1264/82 1261/1261/82 
f 1202/2701/82 1203/2785/82 1204/1204/82 1201/1201/82 
f 1258/1258/82 1259/1259/82 1260/1260/82 1257/1257/82 
f 1198/2907/82 1199/2911/82 1200/1200/82 1197/1197/82 
f 1254/1254/82 1255/1255/82 1256/1256/82 1253/1253/82 
f 1194/2784/82 1195/2908/82 1196/1196/82 1193/1193/82 
f 1250/1250/82 1251/1251/82 1252/1252/82 1249/1249/82 
f 1190/2904/82 1191/2905/82 1192/1192/82 1189/1189/82 
f 1246/1246/82 1247/1247/82 1248/1248/82 1245/1245/82 
f 1186/2831/82 1187/2808/82 1188/1188/82 1185/1185/82 
f 1242/1242/82 1243/1243/82 1244/1244/82 1241/1241/82 
f 1182/2891/82 1183/2902/82 1184/1184/82 1181/1181/82 
f 1238/1238/82 1239/1239/82 1240/1240/82 1237/1237/82 
f 1178/2900/82 1179/2892/82 1180/1180/82 1177/1177/82 
f 1234/1234/82 1235/1235/82 1236/1236/82 1233/1233/82 
f 1174/2936/82 1175/2901/82 1176/1176/82 1173/1173/82 
f 1230/1230/82 1231/1231/82 1232/1232/82 1229/1229/82 
f 1170/2847/82 1171/2719/82 1172/1172/82 1169/1169/82 
f 1290/1290/83 1291/1291/83 1292/1292/83 1289/1289/83 
f 1110/2898/83 1111/2897/83 1112/1112/83 1109/1109/83 
f 1294/1294/83 1295/1295/83 1296/1296/83 1293/1293/83 
f 1114/2805/83 1115/2938/83 1116/1116/83 1113/1113/83 
f 1298/1298/83 1299/1299/83 1300/1300/83 1297/1297/83 
f 1118/2941/83 1119/2939/83 1120/1120/83 1117/1117/83 
f 1302/1302/83 1303/1303/83 1304/1304/83 1301/1301/83 
f 1122/2945/83 1123/2943/83 1124/1124/83 1121/1121/83 
f 1306/1306/83 1307/1307/83 1308/1308/83 1305/1305/83 
f 1126/2946/83 1127/2933/83 1128/1128/83 1125/1125/83 
f 1310/1310/83 1311/1311/83 1312/1312/83 1309/1309/83 
f 1130/2947/83 1131/2747/83 1132/1132/83 1129/1129/83 
f 1314/1314/83 1315/1315/83 1316/1316/83 1313/1313/83 
f 1134/2951/83 1135/2949/83 1136/1136/83 1133/1133/83 
f 1318/1318/83 1319/1319/83 1320/1320/83 1317/1317/83 
f 1138/2955/83 1139/2954/83 1140/1140/83 1137/1137/83 
f 1322/1322/83 1323/1323/83 1324/1324/83 1321/1321/83 
f 1142/2959/83 1143/2957/83 1144/1144/83 1141/1141/83 
f 1326/1326/83 1327/1327/83 1328/1328/83 1325/1325/83 
f 1146/2756/83 1147/2963/83 1148/1148/83 1145/1145/83 
f 1330/1330/83 1331/1331/83 1332/1332/83 1329/1329/83 
f 1150/2967/83 1151/2965/83 1152/1152/83 1149/1149/83 
f 1334/1334/83 1335/1335/83 1336/1336/83 1333/1333/83 
f 1154/2793/83 1155/2969/83 1156/1156/83 1153/1153/83 
f 1338/1338/83 1339/1339/83 1340/1340/83 1337/1337/83 
f 1158/2973/83 1159/2971/83 1160/1160/83 1157/1157/83 
f 1342/1342/83 1343/1343/83 1344/1344/83 1341/1341/83 
f 1162/2697/83 1163/2975/83 1164/1164/83 1161/1161/83 
f 1346/1346/83 1347/1347/83 1348/1348/83 1345/1345/83 
f 1166/2896/83 1167/2894/83 1168/1168/83 1165/1165/83 
f 1544/1544/81 1366/1366/81 1365/1365/81 1542/1542/81 
f 1371/1371/78 1534/1534/78 1533/3061/78 1372/1372/78 
f 1472/1472/81 1648/1648/81 1647/1647/81 1470/1470/81 
f 1466/1466/79 1644/1644/79 1643/1643/79 1464/1464/79 
f 1379/1379/78 1546/1546/78 1545/3031/78 1380/1380/78 
f 1568/1568/81 1382/1382/81 1381/1381/81 1566/1566/81 
f 1478/1478/79 1636/1636/79 1635/1635/79 1476/1476/79 
f 1496/1496/81 1632/1632/81 1631/1631/81 1494/1494/81 
f 1493/1493/80 1630/1630/80 1629/1629/80 1491/1491/80 
f 1490/1490/79 1628/1628/79 1627/1627/79 1488/1488/79 
f 1098/1098/83 1290/1290/83 1289/1289/83 1099/1099/83 
f 1111/2897/83 1090/2930/83 1089/1089/83 1112/1112/83 
f 1109/1109/83 1116/1116/83 1115/2938/83 1110/2898/83 
f 1173/1173/82 1172/1172/82 1171/2719/82 1174/2936/82 
f 1291/1291/83 1294/1294/83 1293/1293/83 1292/1292/83 
f 1169/1169/82 1096/1096/82 1095/2979/82 1170/2847/82 
f 1113/1113/83 1120/1120/83 1119/2939/83 1114/2805/83 
f 1177/1177/82 1176/1176/82 1175/2901/82 1178/2900/82 
f 1295/1295/83 1298/1298/83 1297/1297/83 1296/1296/83 
f 1117/1117/83 1124/1124/83 1123/2943/83 1118/2941/83 
f 1181/1181/82 1180/1180/82 1179/2892/82 1182/2891/82 
f 1299/1299/83 1302/1302/83 1301/1301/83 1300/1300/83 
f 1121/1121/83 1128/1128/83 1127/2933/83 1122/2945/83 
f 1185/1185/82 1184/1184/82 1183/2902/82 1186/2831/82 
f 1303/1303/83 1306/1306/83 1305/1305/83 1304/1304/83 
f 1125/1125/83 1132/1132/83 1131/2747/83 1126/2946/83 
f 1189/1189/82 1188/1188/82 1187/2808/82 1190/2904/82 
f 1307/1307/83 1310/1310/83 1309/1309/83 1308/1308/83 
f 1129/1129/83 1136/1136/83 1135/2949/83 1130/2947/83 
f 1193/1193/82 1192/1192/82 1191/2905/82 1194/2784/82 
f 1311/1311/83 1314/1314/83 1313/1313/83 1312/1312/83 
f 1133/1133/83 1140/1140/83 1139/2954/83 1134/2951/83 
f 1197/1197/82 1196/1196/82 1195/2908/82 1198/2907/82 
f 1315/1315/83 1318/1318/83 1317/1317/83 1316/1316/83 
f 1137/1137/83 1144/1144/83 1143/2957/83 1138/2955/83 
f 1201/1201/82 1200/1200/82 1199/2911/82 1202/2701/82 
f 1319/1319/83 1322/1322/83 1321/1321/83 1320/1320/83 
f 1141/1141/83 1148/1148/83 1147/2963/83 1142/2959/83 
f 1205/1205/82 1204/1204/82 1203/2785/82 1206/2913/82 
f 1323/1323/83 1326/1326/83 1325/1325/83 1324/1324/83 
f 1145/1145/83 1152/1152/83 1151/2965/83 1146/2756/83 
f 1209/1209/82 1208/1208/82 1207/2916/82 1210/2915/82 
f 1327/1327/83 1330/1330/83 1329/1329/83 1328/1328/83 
f 1149/1149/83 1156/1156/83 1155/2969/83 1150/2967/83 
f 1213/1213/82 1212/1212/82 1211/2919/82 1214/2918/82 
f 1331/1331/83 1334/1334/83 1333/1333/83 1332/1332/83 
f 1153/1153/83 1160/1160/83 1159/2971/83 1154/2793/83 
f 1217/1217/82 1216/1216/82 1215/2922/82 1218/2920/82 
f 1335/1335/83 1338/1338/83 1337/1337/83 1336/1336/83 
f 1157/1157/83 1164/1164/83 1163/2975/83 1158/2973/83 
f 1221/1221/82 1220/1220/82 1219/2925/82 1222/2924/82 
f 1339/1339/83 1342/1342/83 1341/1341/83 1340/1340/83 
f 1161/1161/83 1168/1168/83 1167/2894/83 1162/2697/83 
f 1225/1225/82 1224/1224/82 1223/2928/82 1226/2926/82 
f 1343/1343/83 1346/1346/83 1345/1345/83 1344/1344/83 
f 1165/1165/83 1087/1087/83 1086/1086/83 1166/2896/83 
f 1092/1092/82 1228/1228/82 1227/2934/82 1093/2977/82 
f 1347/1347/83 1102/1102/83 1101/1101/83 1348/1348/83 
f 1231/1231/82 1105/1105/82 1104/1104/82 1232/1232/82 
f 1235/1235/82 1230/1230/82 1229/1229/82 1236/1236/82 
f 1239/1239/82 1234/1234/82 1233/1233/82 1240/1240/82 
f 1243/1243/82 1238/1238/82 1237/1237/82 1244/1244/82 
f 1247/1247/82 1242/1242/82 1241/1241/82 1248/1248/82 
f 1251/1251/82 1246/1246/82 1245/1245/82 1252/1252/82 
f 1255/1255/82 1250/1250/82 1249/1249/82 1256/1256/82 
f 1259/1259/82 1254/1254/82 1253/1253/82 1260/1260/82 
f 1263/1263/82 1258/1258/82 1257/1257/82 1264/1264/82 
f 1267/1267/82 1262/1262/82 1261/1261/82 1268/1268/82 
f 1271/1271/82 1266/1266/82 1265/1265/82 1272/1272/82 
f 1275/1275/82 1270/1270/82 1269/1269/82 1276/1276/82 
f 1279/1279/82 1274/1274/82 1273/1273/82 1280/1280/82 
f 1283/1283/82 1278/1278/82 1277/1277/82 1284/1284/82 
f 1287/1287/82 1282/1282/82 1281/1281/82 1288/1288/82 
f 1107/1107/82 1286/1286/82 1285/1285/82 1108/1108/82 
f 1448/1448/81 1664/1664/81 1663/1663/81 1446/1446/81 
f 1411/3050/78 1594/3083/78 1593/1593/78 1412/1412/78 
f 1442/1442/79 1660/1660/79 1659/1659/79 1440/1440/79 
f 1363/1363/78 1522/1522/78 1521/3071/78 1364/1364/78 
f 1457/1457/84 1654/1654/84 1653/1653/84 1455/1455/84 
f 1610/1610/79 1418/1418/79 1417/1417/79 1608/1608/79 
f 1649/1649/78 1450/1450/78 1449/3085/78 1650/1650/78 
f 1538/1538/79 1370/1370/79 1369/1369/79 1536/1536/79 
f 1469/1469/80 1646/1646/80 1645/1645/80 1467/1467/80 
f 1553/1553/84 1376/1376/84 1375/1375/84 1551/1551/84 
f 1550/1550/79 1378/1378/79 1377/1377/79 1548/1548/79 
f 1633/1633/78 1474/1474/78 1473/3016/78 1634/1634/78 
f 1565/1565/80 1384/1384/80 1383/1383/80 1563/1563/80 
f 1569/2998/78 1396/1396/78 1395/1395/78 1570/1570/78 
f 1391/1391/80 1575/1575/80 1577/1577/80 1392/1392/80 
f 1580/1580/81 1390/1390/81 1389/1389/81 1578/1578/81 
f 1387/1387/78 1558/1558/78 1557/2993/78 1388/1388/78 
f 1484/1484/81 1640/1640/81 1639/1639/81 1482/1482/81 
f 1556/1556/85 1374/1374/85 1373/1373/85 1554/1554/85 
f 1454/1454/79 1652/1652/79 1651/1651/79 1452/1452/79 
f 1526/1526/79 1362/1362/79 1361/1361/79 1524/1524/79 
f 1541/1541/80 1368/1368/80 1367/1367/80 1539/1539/80 
f 1641/1641/78 1462/1462/78 1461/3057/78 1642/1642/78 
f 1481/1481/80 1638/1638/80 1637/1637/80 1479/1479/80 
f 1562/1562/79 1386/1386/79 1385/1385/79 1560/1560/79 
f 1625/1625/78 1486/1486/78 1485/3020/78 1626/1626/78 
f 1598/1598/79 1410/1410/79 1409/1409/79 1596/1596/79 
f 1532/1532/81 1358/1358/81 1357/1357/81 1530/1530/81 
f 1460/1460/85 1656/1656/85 1655/1655/85 1458/1458/85 
f 1529/1529/80 1360/1360/80 1359/1359/80 1527/1527/80 
f 1601/1601/80 1408/1408/80 1407/1407/80 1599/1599/80 
f 1606/3055/86 1610/3053/86 1609/1609/86 1607/1607/86 
f 1608/3065/83 1613/3064/83 1612/1612/83 1609/1609/83 
f 1611/3070/87 1616/3069/87 1615/1615/87 1612/1612/87 
f 1614/3063/82 1605/3076/82 1607/1607/82 1615/1615/82 
f 1594/3082/86 1598/2679/86 1597/1597/86 1595/1595/86 
f 1596/3095/83 1601/2828/83 1600/1600/83 1597/1597/83 
f 1599/3099/87 1602/3073/87 1604/1604/87 1600/1600/87 
f 1603/3090/82 1593/3089/82 1595/1595/82 1604/1604/82 
f 1581/3103/86 1584/3102/86 1586/1586/86 1582/1582/86 
f 1585/3111/83 1587/3109/83 1589/1589/83 1586/1586/83 
f 1588/3112/87 1590/2685/87 1592/1592/87 1589/1589/87 
f 1591/2708/82 1583/3105/82 1582/1582/82 1592/1592/82 
f 1570/3116/86 1572/3049/86 1574/1574/86 1571/1571/86 
f 1573/3009/83 1577/3008/83 1576/1576/83 1574/1574/83 
f 1575/3005/87 1580/3004/87 1579/1579/87 1576/1576/87 
f 1578/3000/82 1569/2999/82 1571/1571/82 1579/1579/82 
f 1558/2879/86 1562/2995/86 1561/1561/86 1559/1559/86 
f 1560/2990/83 1565/2989/83 1564/1564/83 1561/1561/83 
f 1563/2988/87 1568/2987/87 1567/1567/87 1564/1564/87 
f 1566/2984/82 1557/2994/82 1559/1559/82 1567/1567/82 
f 1546/3030/86 1550/3014/86 1549/1549/86 1547/1547/86 
f 1548/3037/83 1553/3036/83 1552/1552/83 1549/1549/83 
f 1551/3040/87 1556/3038/87 1555/1555/87 1552/1552/87 
f 1554/3033/82 1545/3032/82 1547/1547/82 1555/1555/82 
f 1534/2956/86 1538/2872/86 1537/1537/86 1535/1535/86 
f 1536/3044/83 1541/3043/83 1540/1540/83 1537/1537/83 
f 1539/3052/87 1544/3051/87 1543/1543/87 1540/1540/87 
f 1542/3058/82 1533/3062/82 1535/1535/82 1543/1543/82 
f 1522/2746/86 1526/2948/86 1525/1525/86 1523/1523/86 
f 1524/3081/83 1529/3054/83 1528/1528/83 1525/1525/83 
f 1527/3088/87 1532/3087/87 1531/1531/87 1528/1528/87 
f 1530/2952/82 1521/3072/82 1523/1523/82 1531/1531/82 
f 1509/3094/86 1514/2942/86 1513/1513/86 1510/1510/86 
f 1512/3101/83 1515/3100/83 1517/1517/83 1513/1513/83 
f 1516/2710/87 1518/2931/87 1520/1520/87 1517/1517/87 
f 1519/3098/82 1511/3096/82 1510/1510/82 1520/1520/82 
f 1497/3003/86 1500/2750/86 1502/1502/86 1498/1498/86 
f 1501/3115/83 1503/3113/83 1505/1505/83 1502/1502/83 
f 1504/3106/87 1506/2772/87 1508/1508/87 1505/1505/87 
f 1507/3024/82 1499/3022/82 1498/1498/82 1508/1508/82 
f 1486/2978/86 1490/2797/86 1489/1489/86 1487/1487/86 
f 1488/2997/83 1493/2996/83 1492/1492/83 1489/1489/83 
f 1491/3007/87 1496/3006/87 1495/1495/87 1492/1492/87 
f 1494/3021/82 1485/3019/82 1487/1487/82 1495/1495/82 
f 1474/2960/86 1478/2964/86 1477/1477/86 1475/1475/86 
f 1476/2976/83 1481/2985/83 1480/1480/83 1477/1477/83 
f 1479/2991/87 1484/2774/87 1483/1483/87 1480/1480/87 
f 1482/2759/82 1473/3017/82 1475/1475/82 1483/1483/82 
f 1462/3042/86 1466/3041/86 1465/1465/86 1463/1463/86 
f 1464/3015/83 1469/3013/83 1468/1468/83 1465/1465/83 
f 1467/2868/87 1472/2715/87 1471/1471/87 1468/1468/87 
f 1470/3059/82 1461/3056/82 1463/1463/82 1471/1471/82 
f 1450/3068/86 1454/3066/86 1453/1453/86 1451/1451/86 
f 1452/3010/83 1457/2871/83 1456/1456/83 1453/1453/83 
f 1455/3047/87 1460/3046/87 1459/1459/87 1456/1456/87 
f 1458/2866/82 1449/3084/82 1451/1451/82 1459/1459/82 
f 1438/3092/86 1442/3091/86 1441/1441/86 1439/1439/86 
f 1440/2777/83 1445/2684/83 1444/1444/83 1441/1441/83 
f 1443/3079/87 1448/3078/87 1447/1447/87 1444/1444/87 
f 1446/3027/82 1437/3026/82 1439/1439/82 1447/1447/82 
f 1426/1426/87 1427/1427/87 1428/2863/87 1425/2980/87 
f 1422/1422/86 1423/1423/86 1424/2886/86 1421/2983/86 
f 1434/1434/86 1435/1435/86 1436/1436/86 1433/1433/86 
f 1430/1430/87 1431/1431/87 1432/1432/87 1429/1429/87 
f 1099/1099/86 1436/1436/86 1435/1435/86 1097/1097/86 
f 1433/1433/86 1104/1104/86 1103/1103/86 1434/1434/86 
f 1423/1423/86 1089/1089/86 1088/2889/86 1424/2886/86 
f 1421/2983/86 1094/2982/86 1096/1096/86 1422/1422/86 
f 1108/1108/87 1432/1432/87 1431/1431/87 1106/1106/87 
f 1429/1429/87 1101/1101/87 1100/1100/87 1430/1430/87 
f 1427/1427/87 1092/1092/87 1091/2762/87 1428/2863/87 
f 1425/2980/87 1085/2885/87 1087/1087/87 1426/1426/87 
f 1355/1355/78 1509/1509/78 1511/3097/78 1356/1356/78 
f 1602/1602/81 1406/1406/81 1405/1405/81 1603/1603/81 
f 1515/1515/80 1352/1352/80 1351/1351/80 1516/1516/80 
f 1518/1518/81 1350/1350/81 1349/1349/81 1519/1519/81 
f 1584/1584/79 1402/1402/79 1401/1401/79 1585/1585/79 
f 1403/1403/78 1581/1581/78 1583/3104/78 1404/1404/78 
f 1587/1587/80 1400/1400/80 1399/1399/80 1588/1588/80 
f 1500/1500/79 1620/1620/79 1619/1619/79 1501/1501/79 
f 1617/1617/78 1497/1497/78 1499/3023/78 1618/1618/78 
f 1590/1590/81 1398/1398/81 1397/1397/81 1591/1591/81 
f 1503/1503/80 1622/1622/80 1621/1621/80 1504/1504/80 
f 1506/1506/81 1624/1624/81 1623/1623/81 1507/1507/81 
f 1572/1572/79 1394/1394/79 1393/1393/79 1573/1573/79 
f 1347/1347/64 1166/1166/64 1086/3117/64 1102/1102/64 
o Plane:011:002
usemtl 9
s 0
f 2091/2091/88 2080/2080/88 1744/1744/88 1753/1753/88 
f 1757/1757/89 2085/2085/89 1740/1740/89 1670/1670/89 
f 1899/1899/90 1838/1838/90 1835/1835/90 1894/1894/90 
f 2088/2088/89 1764/1764/89 1669/1669/89 1739/1739/89 
f 1675/1675/89 1705/1705/89 1888/1888/89 1760/1760/89 
f 1738/1738/89 1672/1672/89 1760/1760/89 2089/2089/89 
f 1941/1941/89 1944/1944/89 1677/1677/89 1678/1678/89 
f 2003/2003/91 2002/2002/91 1823/1823/91 1822/1822/91 
f 1671/1671/89 1737/1737/89 2092/2092/89 1755/1755/89 
f 1947/1947/91 1946/1946/91 1767/1767/91 1766/1766/91 
f 2263/2263/89 2078/2078/89 1752/1752/89 1825/1825/89 
f 2251/2251/89 2271/2271/89 1828/1828/89 1829/1829/89 
f 1665/1665/89 1669/1669/89 1764/1764/89 1676/1676/89 
f 2083/2083/89 2103/2103/89 1884/1884/89 1748/1748/89 
f 2095/2095/89 2115/2115/89 1880/1880/89 1881/1881/89 
f 2107/2107/89 2127/2127/89 1876/1876/89 1877/1877/89 
f 2119/2119/89 2139/2139/89 1872/1872/89 1873/1873/89 
f 2131/2131/89 2151/2151/89 1868/1868/89 1869/1869/89 
f 2143/2143/89 2164/2164/89 1864/1864/89 1865/1865/89 
f 2154/2154/89 2176/2176/89 1860/1860/89 1861/1861/89 
f 2166/2166/89 2187/2187/89 1856/1856/89 1857/1857/89 
f 2179/2179/89 2199/2199/89 1852/1852/89 1853/1853/89 
f 2191/2191/89 2211/2211/89 1848/1848/89 1849/1849/89 
f 2203/2203/89 2223/2223/89 1844/1844/89 1845/1845/89 
f 2215/2215/89 2235/2235/89 1840/1840/89 1841/1841/89 
f 2227/2227/89 2248/2248/89 1836/1836/89 1837/1837/89 
f 2238/2238/89 2260/2260/89 1832/1832/89 1833/1833/89 
f 1895/1895/90 1834/1834/90 1831/1831/90 1890/1890/90 
f 2087/2087/92 2084/2084/92 1747/1747/92 1762/1762/92 
f 1903/1903/90 1842/1842/90 1839/1839/90 1898/1898/90 
f 1907/1907/90 1846/1846/90 1843/1843/90 1902/1902/90 
f 1911/1911/90 1850/1850/90 1847/1847/90 1906/1906/90 
f 1915/1915/90 1854/1854/90 1851/1851/90 1910/1910/90 
f 1919/1919/90 1858/1858/90 1855/1855/90 1914/1914/90 
f 1923/1923/90 1862/1862/90 1859/1859/90 1918/1918/90 
f 1927/1927/90 1866/1866/90 1863/1863/90 1922/1922/90 
f 1931/1931/90 1870/1870/90 1867/1867/90 1926/1926/90 
f 1935/1935/90 1874/1874/90 1871/1871/90 1930/1930/90 
f 1939/1939/90 1878/1878/90 1875/1875/90 1934/1934/90 
f 1943/1943/90 1882/1882/90 1879/1879/90 1938/1938/90 
f 1885/1885/89 1888/1888/89 1705/1705/89 1706/1706/89 
f 1754/1754/91 1746/1746/91 1767/1767/91 1946/1946/91 
f 1709/1709/89 1710/1710/89 1949/1949/89 1952/1952/89 
f 1711/1711/89 1712/1712/89 1953/1953/89 1956/1956/89 
f 1713/1713/89 1714/1714/89 1957/1957/89 1960/1960/89 
f 1715/1715/89 1716/1716/89 1961/1961/89 1964/1964/89 
f 1717/1717/89 1718/1718/89 1965/1965/89 1968/1968/89 
f 1719/1719/89 1720/1720/89 1969/1969/89 1972/1972/89 
f 1721/1721/89 1722/1722/89 1973/1973/89 1976/1976/89 
f 1723/1723/89 1724/1724/89 1977/1977/89 1980/1980/89 
f 1725/1725/89 1726/1726/89 1981/1981/89 1984/1984/89 
f 1727/1727/89 1728/1728/89 1985/1985/89 1988/1988/89 
f 1729/1729/89 1730/1730/89 1989/1989/89 1992/1992/89 
f 1731/1731/89 1732/1732/89 1993/1993/89 1996/1996/89 
f 1733/1733/89 1734/1734/89 1997/1997/89 2000/2000/89 
f 1735/1735/89 1736/1736/89 2001/2001/89 2004/2004/89 
f 1670/1670/89 1667/1667/89 1673/1673/89 1757/1757/89 
f 1755/1755/89 1674/1674/89 1668/1668/89 1671/1671/89 
f 1675/1675/89 1760/1760/89 1672/1672/89 1666/1666/89 
f 1889/1889/89 1892/1892/89 1703/1703/89 1704/1704/89 
f 1893/1893/89 1896/1896/89 1701/1701/89 1702/1702/89 
f 1897/1897/89 1900/1900/89 1699/1699/89 1700/1700/89 
f 1901/1901/89 1904/1904/89 1697/1697/89 1698/1698/89 
f 1905/1905/89 1908/1908/89 1695/1695/89 1696/1696/89 
f 1909/1909/89 1912/1912/89 1693/1693/89 1694/1694/89 
f 1913/1913/89 1916/1916/89 1691/1691/89 1692/1692/89 
f 1917/1917/89 1920/1920/89 1689/1689/89 1690/1690/89 
f 1921/1921/89 1924/1924/89 1687/1687/89 1688/1688/89 
f 1925/1925/89 1928/1928/89 1685/1685/89 1686/1686/89 
f 1929/1929/89 1932/1932/89 1683/1683/89 1684/1684/89 
f 1933/1933/89 1936/1936/89 1681/1681/89 1682/1682/89 
f 1937/1937/89 1940/1940/89 1679/1679/89 1680/1680/89 
f 1743/1743/89 1821/1821/89 2100/2100/89 2082/2082/89 
f 1824/1824/89 1817/1817/89 2112/2112/89 2097/2097/89 
f 1820/1820/89 1813/1813/89 2124/2124/89 2109/2109/89 
f 1816/1816/89 1809/1809/89 2136/2136/89 2121/2121/89 
f 1812/1812/89 1805/1805/89 2148/2148/89 2133/2133/89 
f 1808/1808/89 1801/1801/89 2161/2161/89 2145/2145/89 
f 1804/1804/89 1797/1797/89 2173/2173/89 2158/2158/89 
f 1800/1800/89 1793/1793/89 2184/2184/89 2169/2169/89 
f 1796/1796/89 1789/1789/89 2196/2196/89 2181/2181/89 
f 1792/1792/89 1785/1785/89 2208/2208/89 2193/2193/89 
f 1788/1788/89 1781/1781/89 2220/2220/89 2205/2205/89 
f 1784/1784/89 1777/1777/89 2232/2232/89 2217/2217/89 
f 1780/1780/89 1773/1773/89 2245/2245/89 2230/2230/89 
f 1776/1776/89 1769/1769/89 2256/2256/89 2242/2242/89 
f 1772/1772/89 1765/1765/89 2268/2268/89 2253/2253/89 
f 1881/1881/89 1884/1884/89 2103/2103/89 2095/2095/89 
f 1877/1877/89 1880/1880/89 2115/2115/89 2107/2107/89 
f 1873/1873/89 1876/1876/89 2127/2127/89 2119/2119/89 
f 1869/1869/89 1872/1872/89 2139/2139/89 2131/2131/89 
f 1865/1865/89 1868/1868/89 2151/2151/89 2143/2143/89 
f 1861/1861/89 1864/1864/89 2164/2164/89 2154/2154/89 
f 1857/1857/89 1860/1860/89 2176/2176/89 2166/2166/89 
f 1853/1853/89 1856/1856/89 2187/2187/89 2179/2179/89 
f 1849/1849/89 1852/1852/89 2199/2199/89 2191/2191/89 
f 1845/1845/89 1848/1848/89 2211/2211/89 2203/2203/89 
f 1841/1841/89 1844/1844/89 2223/2223/89 2215/2215/89 
f 1837/1837/89 1840/1840/89 2235/2235/89 2227/2227/89 
f 1833/1833/89 1836/1836/89 2248/2248/89 2238/2238/89 
f 1829/1829/89 1832/1832/89 2260/2260/89 2251/2251/89 
f 1825/1825/89 1828/1828/89 2271/2271/89 2263/2263/89 
f 2265/2265/89 2268/2268/89 1765/1765/89 1768/1768/89 
f 2253/2253/89 2256/2256/89 1769/1769/89 1772/1772/89 
f 2242/2242/89 2245/2245/89 1773/1773/89 1776/1776/89 
f 2230/2230/89 2232/2232/89 1777/1777/89 1780/1780/89 
f 2217/2217/89 2220/2220/89 1781/1781/89 1784/1784/89 
f 2205/2205/89 2208/2208/89 1785/1785/89 1788/1788/89 
f 2193/2193/89 2196/2196/89 1789/1789/89 1792/1792/89 
f 2181/2181/89 2184/2184/89 1793/1793/89 1796/1796/89 
f 2169/2169/89 2173/2173/89 1797/1797/89 1800/1800/89 
f 2158/2158/89 2161/2161/89 1801/1801/89 1804/1804/89 
f 2145/2145/89 2148/2148/89 1805/1805/89 1808/1808/89 
f 2133/2133/89 2136/2136/89 1809/1809/89 1812/1812/89 
f 2121/2121/89 2124/2124/89 1813/1813/89 1816/1816/89 
f 2109/2109/89 2112/2112/89 1817/1817/89 1820/1820/89 
f 2097/2097/89 2100/2100/89 1821/1821/89 1824/1824/89 
f 1948/1948/89 1949/1949/89 1710/1710/89 1707/1707/89 
f 1952/1952/89 1953/1953/89 1712/1712/89 1709/1709/89 
f 1956/1956/89 1957/1957/89 1714/1714/89 1711/1711/89 
f 1960/1960/89 1961/1961/89 1716/1716/89 1713/1713/89 
f 1964/1964/89 1965/1965/89 1718/1718/89 1715/1715/89 
f 1968/1968/89 1969/1969/89 1720/1720/89 1717/1717/89 
f 1972/1972/89 1973/1973/89 1722/1722/89 1719/1719/89 
f 1976/1976/89 1977/1977/89 1724/1724/89 1721/1721/89 
f 1980/1980/89 1981/1981/89 1726/1726/89 1723/1723/89 
f 1984/1984/89 1985/1985/89 1728/1728/89 1725/1725/89 
f 1988/1988/89 1989/1989/89 1730/1730/89 1727/1727/89 
f 1992/1992/89 1993/1993/89 1732/1732/89 1729/1729/89 
f 1996/1996/89 1997/1997/89 1734/1734/89 1731/1731/89 
f 2000/2000/89 2001/2001/89 1736/1736/89 1733/1733/89 
f 2172/2172/92 2007/2007/92 2006/2006/92 2174/2174/92 
f 1706/1706/89 1703/1703/89 1892/1892/89 1885/1885/89 
f 1704/1704/89 1701/1701/89 1896/1896/89 1889/1889/89 
f 1702/1702/89 1699/1699/89 1900/1900/89 1893/1893/89 
f 1700/1700/89 1697/1697/89 1904/1904/89 1897/1897/89 
f 1698/1698/89 1695/1695/89 1908/1908/89 1901/1901/89 
f 1696/1696/89 1693/1693/89 1912/1912/89 1905/1905/89 
f 1694/1694/89 1691/1691/89 1916/1916/89 1909/1909/89 
f 1692/1692/89 1689/1689/89 1920/1920/89 1913/1913/89 
f 1690/1690/89 1687/1687/89 1924/1924/89 1917/1917/89 
f 1688/1688/89 1685/1685/89 1928/1928/89 1921/1921/89 
f 1686/1686/89 1683/1683/89 1932/1932/89 1925/1925/89 
f 1684/1684/89 1681/1681/89 1936/1936/89 1929/1929/89 
f 1682/1682/89 1679/1679/89 1940/1940/89 1933/1933/89 
f 1680/1680/89 1677/1677/89 1944/1944/89 1937/1937/89 
f 1707/1707/89 1708/1708/89 1945/1945/89 1948/1948/89 
f 1943/1943/90 1942/1942/90 1883/1883/90 1882/1882/90 
f 1939/1939/90 1938/1938/90 1879/1879/90 1878/1878/90 
f 1935/1935/90 1934/1934/90 1875/1875/90 1874/1874/90 
f 1931/1931/90 1930/1930/90 1871/1871/90 1870/1870/90 
f 1927/1927/90 1926/1926/90 1867/1867/90 1866/1866/90 
f 1923/1923/90 1922/1922/90 1863/1863/90 1862/1862/90 
f 1919/1919/90 1918/1918/90 1859/1859/90 1858/1858/90 
f 1915/1915/90 1914/1914/90 1855/1855/90 1854/1854/90 
f 1911/1911/90 1910/1910/90 1851/1851/90 1850/1850/90 
f 1907/1907/90 1906/1906/90 1847/1847/90 1846/1846/90 
f 1903/1903/90 1902/1902/90 1843/1843/90 1842/1842/90 
f 1899/1899/90 1898/1898/90 1839/1839/90 1838/1838/90 
f 1895/1895/90 1894/1894/90 1835/1835/90 1834/1834/90 
f 1891/1891/90 1890/1890/90 1831/1831/90 1830/1830/90 
f 1891/1891/90 1830/1830/90 1827/1827/90 1886/1886/90 
f 1768/1768/89 1745/1745/89 2079/2079/89 2265/2265/89 
f 1947/1947/91 1766/1766/91 1771/1771/91 1950/1950/91 
f 1951/1951/91 1950/1950/91 1771/1771/91 1770/1770/91 
f 1955/1955/91 1954/1954/91 1775/1775/91 1774/1774/91 
f 1959/1959/91 1958/1958/91 1779/1779/91 1778/1778/91 
f 1963/1963/91 1962/1962/91 1783/1783/91 1782/1782/91 
f 1967/1967/91 1966/1966/91 1787/1787/91 1786/1786/91 
f 1971/1971/91 1970/1970/91 1791/1791/91 1790/1790/91 
f 1975/1975/91 1974/1974/91 1795/1795/91 1794/1794/91 
f 1979/1979/91 1978/1978/91 1799/1799/91 1798/1798/91 
f 1983/1983/91 1982/1982/91 1803/1803/91 1802/1802/91 
f 1987/1987/91 1986/1986/91 1807/1807/91 1806/1806/91 
f 1991/1991/91 1990/1990/91 1811/1811/91 1810/1810/91 
f 1995/1995/91 1994/1994/91 1815/1815/91 1814/1814/91 
f 1999/1999/91 1998/1998/91 1819/1819/91 1818/1818/91 
f 1763/1763/90 1749/1749/90 1883/1883/90 1942/1942/90 
f 1887/1887/90 1886/1886/90 1827/1827/90 1826/1826/90 
f 1999/1999/91 1818/1818/91 1823/1823/91 2002/2002/91 
f 1995/1995/91 1814/1814/91 1819/1819/91 1998/1998/91 
f 1991/1991/91 1810/1810/91 1815/1815/91 1994/1994/91 
f 1987/1987/91 1806/1806/91 1811/1811/91 1990/1990/91 
f 1983/1983/91 1802/1802/91 1807/1807/91 1986/1986/91 
f 1979/1979/91 1798/1798/91 1803/1803/91 1982/1982/91 
f 1975/1975/91 1794/1794/91 1799/1799/91 1978/1978/91 
f 1971/1971/91 1790/1790/91 1795/1795/91 1974/1974/91 
f 1967/1967/91 1786/1786/91 1791/1791/91 1970/1970/91 
f 1963/1963/91 1782/1782/91 1787/1787/91 1966/1966/91 
f 1959/1959/91 1778/1778/91 1783/1783/91 1962/1962/91 
f 1887/1887/90 1826/1826/90 1751/1751/90 1761/1761/90 
f 1951/1951/91 1770/1770/91 1775/1775/91 1954/1954/91 
f 1755/1755/89 1945/1945/89 1708/1708/89 1674/1674/89 
f 1756/1756/92 1741/1741/92 2081/2081/92 2086/2086/92 
f 1759/1759/88 1750/1750/88 2077/2077/88 2090/2090/88 
f 1955/1955/91 1774/1774/91 1779/1779/91 1958/1958/91 
f 1678/1678/89 1676/1676/89 1764/1764/89 1941/1941/89 
f 2132/2132/91 2291/2291/91 2294/2294/91 2137/2137/91 
f 2219/2219/92 2039/2039/92 2038/2038/92 2224/2224/92 
f 2142/2142/88 2281/2281/88 2284/2284/88 2146/2146/88 
f 2216/2216/91 2041/2041/91 2040/2040/91 2221/2221/91 
f 2135/2135/92 2293/2293/92 2296/2296/92 2140/2140/92 
f 2222/2222/90 2037/2037/90 2044/3185/90 2213/2213/90 
f 2131/2131/89 2133/2133/89 2148/2148/89 2151/2151/89 
f 2214/2214/88 2043/2043/88 2042/2042/88 2218/2218/88 
f 2144/2144/91 2283/2283/91 2286/2286/91 2149/2149/91 
f 2234/2234/90 2045/2045/90 2052/3145/90 2225/2225/90 
f 2153/2153/88 2273/2273/88 2276/2276/88 2156/2156/88 
f 2231/2231/92 2047/2047/92 2046/2046/92 2236/2236/92 
f 2147/2147/92 2285/2285/92 2288/2288/92 2152/2152/92 
f 2229/2229/91 2049/2049/91 2048/2048/91 2233/2233/91 
f 2143/2143/89 2145/2145/89 2161/2161/89 2164/2164/89 
f 1739/1739/89 1740/1740/89 2085/2085/89 2088/2088/89 
f 2096/2096/91 2315/2315/91 2318/2318/91 2101/2101/91 
f 2108/2108/91 2307/2307/91 2310/2310/91 2113/2113/91 
f 2120/2120/91 2299/2299/91 2302/2302/91 2125/2125/91 
f 2138/2138/90 2295/2295/90 2290/3048/90 2129/2129/90 
f 2150/2150/90 2287/2287/90 2282/2890/90 2141/2141/90 
f 2163/2163/90 2279/2279/90 2274/3193/90 2155/2155/90 
f 2179/2179/89 2181/2181/89 2196/2196/89 2199/2199/89 
f 2191/2191/89 2193/2193/89 2208/2208/89 2211/2211/89 
f 2203/2203/89 2205/2205/89 2220/2220/89 2223/2223/89 
f 2215/2215/89 2217/2217/89 2232/2232/89 2235/2235/89 
f 2227/2227/89 2230/2230/89 2245/2245/89 2248/2248/89 
f 2238/2238/89 2242/2242/89 2256/2256/89 2260/2260/89 
f 2091/2091/88 2090/2090/88 2077/2077/88 2080/2080/88 
f 2087/2087/92 2086/2086/92 2081/2081/92 2084/2084/92 
f 2083/2083/89 2082/2082/89 2100/2100/89 2103/2103/89 
f 2089/2089/89 2092/2092/89 1737/1737/89 1738/1738/89 
f 2251/2251/89 2253/2253/89 2268/2268/89 2271/2271/89 
f 2102/2102/90 2319/2319/90 2314/3197/90 2093/2093/90 
f 2004/2004/89 1757/1757/89 1673/1673/89 1735/1735/89 
f 2202/2202/88 2035/2035/88 2034/2034/88 2206/2206/88 
f 2119/2119/89 2121/2121/89 2136/2136/89 2139/2139/89 
f 2210/2210/90 2029/2029/90 2036/3199/90 2201/2201/90 
f 2123/2123/92 2301/2301/92 2304/2304/92 2128/2128/92 
f 2204/2204/91 2033/2033/91 2032/2032/91 2209/2209/91 
f 2130/2130/88 2289/2289/88 2292/2292/88 2134/2134/88 
f 2207/2207/92 2031/2031/92 2030/2030/92 2212/2212/92 
f 2118/2118/88 2297/2297/88 2300/2300/88 2122/2122/88 
f 2190/2190/88 2027/2027/88 2026/2026/88 2194/2194/88 
f 2107/2107/89 2109/2109/89 2124/2124/89 2127/2127/89 
f 2192/2192/91 2025/2025/91 2024/2024/91 2197/2197/91 
f 2263/2263/89 2265/2265/89 2079/2079/89 2078/2078/89 
f 2111/2111/92 2309/2309/92 2312/2312/92 2116/2116/92 
f 2195/2195/92 2023/2023/92 2022/2022/92 2200/2200/92 
f 2262/2262/88 2075/2075/88 2074/2074/88 2266/2266/88 
f 2126/2126/90 2303/2303/90 2298/3206/90 2117/2117/90 
f 2198/2198/90 2021/2021/90 2028/3210/90 2189/2189/90 
f 2264/2264/91 2073/2073/91 2072/2072/91 2269/2269/91 
f 2106/2106/88 2305/2305/88 2308/2308/88 2110/2110/88 
f 2178/2178/88 2019/2019/88 2018/2018/88 2182/2182/88 
f 2267/2267/92 2071/2071/92 2070/2070/92 2272/2272/92 
f 2095/2095/89 2097/2097/89 2112/2112/89 2115/2115/89 
f 2186/2186/90 2013/2013/90 2020/3214/90 2177/2177/90 
f 2270/2270/90 2069/2069/90 2076/3217/90 2261/2261/90 
f 2099/2099/92 2317/2317/92 2320/2320/92 2104/2104/92 
f 2180/2180/91 2017/2017/91 2016/2016/91 2185/2185/91 
f 2250/2250/88 2067/2067/88 2066/2066/88 2254/2254/88 
f 2114/2114/90 2311/2311/90 2306/3223/90 2105/2105/90 
f 2183/2183/92 2015/2015/92 2014/2014/92 2188/2188/92 
f 2259/2259/90 2061/2061/90 2068/2068/90 2249/2249/90 
f 2094/2094/88 2313/2313/88 2316/2316/88 2098/2098/88 
f 2165/2165/88 2011/2011/88 2010/2010/88 2170/2170/88 
f 2252/2252/91 2065/2065/91 2064/2064/91 2257/2257/91 
f 2175/2175/90 2005/2005/90 2012/3226/90 2167/2167/90 
f 2255/2255/92 2063/2063/92 2062/2062/92 2258/2258/92 
f 2168/2168/91 2009/2009/91 2008/2008/91 2171/2171/91 
f 2237/2237/88 2059/2059/88 2058/2058/88 2240/2240/88 
f 2154/2154/89 2158/2158/89 2173/2173/89 2176/2176/89 
f 2247/2247/90 2053/2053/90 2060/3230/90 2239/2239/90 
f 2160/2160/92 2277/2277/92 2280/2280/92 2162/2162/92 
f 2241/2241/91 2057/2057/91 2056/2056/91 2243/2243/91 
f 2166/2166/89 2169/2169/89 2184/2184/89 2187/2187/89 
f 2244/2244/92 2055/2055/92 2054/2054/92 2246/2246/92 
f 2157/2157/91 2275/2275/91 2278/2278/91 2159/2159/91 
f 2226/2226/88 2051/2051/88 2050/2050/88 2228/2228/88 
f 1741/3178/93 1742/1742/93 1743/1743/93 
f 1744/3118/94 1745/1745/94 1746/3146/94 
f 1747/2729/95 1748/1748/95 1749/3028/95 
f 1750/3148/96 1751/2861/96 1752/1752/96 
f 1753/1753/97 1754/1754/97 1755/1755/97 
f 1756/1756/98 1757/1757/98 1758/1758/98 
f 1759/1759/99 1760/1760/99 1761/1761/99 
f 1762/1762/100 1763/1763/100 1764/1764/100 
f 2093/3195/99 2094/3224/99 2095/2095/99 
f 2096/2690/97 2097/2097/97 2098/2958/97 
f 2099/3067/98 2100/2100/98 2101/3162/98 
f 2102/3196/100 2103/2103/100 2104/3218/100 
f 2105/3012/99 2106/3212/99 2107/2107/99 
f 2108/3191/97 2109/2109/97 2110/3211/97 
f 2111/2843/98 2112/2112/98 2113/3175/98 
f 2114/2972/100 2115/2115/100 2116/3204/100 
f 2117/2888/99 2118/3202/99 2119/2119/99 
f 2120/2682/97 2121/2121/97 2122/2966/97 
f 2123/2893/98 2124/2124/98 2125/2813/98 
f 2126/2804/100 2127/2127/100 2128/3200/100 
f 2129/2811/99 2130/2935/99 2131/2131/99 
f 2132/3180/97 2133/2133/97 2134/2770/97 
f 2135/2807/98 2136/2136/98 2137/2775/98 
f 2138/3192/100 2139/2139/100 2140/3182/100 
f 2141/2791/99 2142/2783/99 2143/2143/99 
f 2144/3186/97 2145/2145/97 2146/2903/97 
f 2147/3093/98 2148/2148/98 2149/2752/98 
f 2150/2744/100 2151/2151/100 2152/3190/100 
f 2153/3188/99 2154/2154/99 2155/2910/99 
f 2156/3187/97 2157/2765/97 2158/2158/97 
f 2159/2865/98 2160/3231/98 2161/2161/98 
f 2162/2912/100 2163/2932/100 2164/2164/100 
f 2165/2716/99 2166/2166/99 2167/2760/99 
f 2168/3228/97 2169/2169/97 2170/2950/97 
f 2171/2921/98 2172/3154/98 2173/2173/98 
f 2174/3153/100 2175/2706/100 2176/2176/100 
f 2177/2722/99 2178/2923/99 2179/2179/99 
f 2180/3219/97 2181/2181/97 2182/2929/97 
f 2183/2718/98 2184/2184/98 2185/2799/98 
f 2186/2917/100 2187/2187/100 2188/2858/100 
f 2189/3208/99 2190/2899/99 2191/2191/99 
f 2192/2739/97 2193/2193/97 2194/3203/97 
f 2195/2970/98 2196/2196/98 2197/3107/98 
f 2198/3209/100 2199/2199/100 2200/2736/100 
f 2201/3122/99 2202/2895/99 2203/2203/99 
f 2204/2838/97 2205/2205/97 2206/2856/97 
f 2207/2937/98 2208/2208/98 2209/2788/98 
f 2210/3198/100 2211/2211/100 2212/3201/100 
f 2213/3183/99 2214/2944/99 2215/2215/99 
f 2216/2781/97 2217/2217/97 2218/2940/97 
f 2219/3181/98 2220/2220/98 2221/3170/98 
f 2222/2914/100 2223/2223/100 2224/2688/100 
f 2225/3137/99 2226/3235/99 2227/2227/99 
f 2228/3234/97 2229/3045/97 2230/2230/97 
f 2231/2968/98 2232/2232/98 2233/3132/98 
f 2234/2906/100 2235/2235/100 2236/3189/100 
f 2237/2727/99 2238/2238/99 2239/2961/99 
f 2240/2820/97 2241/3039/97 2242/2242/97 
f 2243/3232/98 2244/3233/98 2245/2245/98 
f 2246/2794/100 2247/3229/100 2248/2248/100 
f 2249/3142/99 2250/3220/99 2251/2251/99 
f 2252/3001/97 2253/2253/97 2254/2877/97 
f 2255/2974/98 2256/2256/98 2257/3225/98 
f 2258/3227/100 2259/2927/100 2260/2260/100 
f 2261/3216/99 2262/2845/99 2263/2263/99 
f 2264/2732/97 2265/2265/97 2266/3205/97 
f 2267/2992/98 2268/2268/98 2269/3110/98 
f 2270/3080/100 2271/2271/100 2272/3213/100 
f 1750/1750/101 1759/1759/101 1761/1761/101 1751/1751/101 
f 1753/1753/102 1744/1744/102 1746/1746/102 1754/1754/102 
f 1741/1741/103 1756/1756/103 1758/1758/103 1742/3236/103 
f 1762/1762/104 1747/1747/104 1749/1749/104 1763/1763/104 
f 2170/2170/102 2010/2010/102 2009/2009/102 2168/2168/102 
f 2101/2101/103 2318/2318/103 2317/2317/103 2099/2099/103 
f 2313/2313/101 2094/2094/101 2093/3194/101 2314/2314/101 
f 2272/2272/104 2070/2070/104 2069/2069/104 2270/2270/104 
f 2269/2269/103 2072/2072/103 2071/2071/103 2267/2267/103 
f 2075/2075/101 2262/2262/101 2261/3215/101 2076/2076/101 
f 1942/1942/105 1943/1943/105 1944/1944/105 1941/1941/105 
f 1882/3151/105 1883/3155/105 1884/1884/105 1881/1881/105 
f 1938/1938/105 1939/1939/105 1940/1940/105 1937/1937/105 
f 1878/2724/105 1879/3152/105 1880/1880/105 1877/1877/105 
f 1934/1934/105 1935/1935/105 1936/1936/105 1933/1933/105 
f 1874/3147/105 1875/3150/105 1876/1876/105 1873/1873/105 
f 1930/1930/105 1931/1931/105 1932/1932/105 1929/1929/105 
f 1870/3143/105 1871/3149/105 1872/1872/105 1869/1869/105 
f 1926/1926/105 1927/1927/105 1928/1928/105 1925/1925/105 
f 1866/3140/105 1867/3144/105 1868/1868/105 1865/1865/105 
f 1922/1922/105 1923/1923/105 1924/1924/105 1921/1921/105 
f 1862/3138/105 1863/3141/105 1864/1864/105 1861/1861/105 
f 1918/1918/105 1919/1919/105 1920/1920/105 1917/1917/105 
f 1858/2712/105 1859/3139/105 1860/1860/105 1857/1857/105 
f 1914/1914/105 1915/1915/105 1916/1916/105 1913/1913/105 
f 1854/3133/105 1855/3135/105 1856/1856/105 1853/1853/105 
f 1910/1910/105 1911/1911/105 1912/1912/105 1909/1909/105 
f 1850/2792/105 1851/3134/105 1852/1852/105 1849/1849/105 
f 1906/1906/105 1907/1907/105 1908/1908/105 1905/1905/105 
f 1846/3129/105 1847/3131/105 1848/1848/105 1845/1845/105 
f 1902/1902/105 1903/1903/105 1904/1904/105 1901/1901/105 
f 1842/3127/105 1843/3130/105 1844/1844/105 1841/1841/105 
f 1898/1898/105 1899/1899/105 1900/1900/105 1897/1897/105 
f 1838/2748/105 1839/3128/105 1840/1840/105 1837/1837/105 
f 1894/1894/105 1895/1895/105 1896/1896/105 1893/1893/105 
f 1834/2814/105 1835/3119/105 1836/1836/105 1833/1833/105 
f 1890/1890/105 1891/1891/105 1892/1892/105 1889/1889/105 
f 1830/3156/105 1831/3114/105 1832/1832/105 1829/1829/105 
f 1886/1886/105 1887/1887/105 1888/1888/105 1885/1885/105 
f 1826/3108/105 1827/3002/105 1828/1828/105 1825/1825/105 
f 1946/1946/106 1947/1947/106 1948/1948/106 1945/1945/106 
f 1766/3120/106 1767/2818/106 1768/1768/106 1765/1765/106 
f 1950/1950/106 1951/1951/106 1952/1952/106 1949/1949/106 
f 1770/3158/106 1771/3157/106 1772/1772/106 1769/1769/106 
f 1954/1954/106 1955/1955/106 1956/1956/106 1953/1953/106 
f 1774/3159/106 1775/3034/106 1776/1776/106 1773/1773/106 
f 1958/1958/106 1959/1959/106 1960/1960/106 1957/1957/106 
f 1778/3125/106 1779/3160/106 1780/1780/106 1777/1777/106 
f 1962/1962/106 1963/1963/106 1964/1964/106 1961/1961/106 
f 1782/3161/106 1783/2825/106 1784/1784/106 1781/1781/106 
f 1966/1966/106 1967/1967/106 1968/1968/106 1965/1965/106 
f 1786/3164/106 1787/3163/106 1788/1788/106 1785/1785/106 
f 1970/1970/106 1971/1971/106 1972/1972/106 1969/1969/106 
f 1790/3165/106 1791/2851/106 1792/1792/106 1789/1789/106 
f 1974/1974/106 1975/1975/106 1976/1976/106 1973/1973/106 
f 1794/3167/106 1795/3166/106 1796/1796/106 1793/1793/106 
f 1978/1978/106 1979/1979/106 1980/1980/106 1977/1977/106 
f 1798/2763/106 1799/3168/106 1800/1800/106 1797/1797/106 
f 1982/1982/106 1983/1983/106 1984/1984/106 1981/1981/106 
f 1802/3171/106 1803/3169/106 1804/1804/106 1801/1801/106 
f 1986/1986/106 1987/1987/106 1988/1988/106 1985/1985/106 
f 1806/2800/106 1807/3172/106 1808/1808/106 1805/1805/106 
f 1990/1990/106 1991/1991/106 1992/1992/106 1989/1989/106 
f 1810/2801/106 1811/3173/106 1812/1812/106 1809/1809/106 
f 1994/1994/106 1995/1995/106 1996/1996/106 1993/1993/106 
f 1814/3176/106 1815/3174/106 1816/1816/106 1813/1813/106 
f 1998/1998/106 1999/1999/106 2000/2000/106 1997/1997/106 
f 1818/2728/106 1819/3177/106 1820/1820/106 1817/1817/106 
f 2002/2002/106 2003/2003/106 2004/2004/106 2001/2001/106 
f 1822/3124/106 1823/3121/106 1824/1824/106 1821/1821/106 
f 2200/2200/104 2022/2022/104 2021/2021/104 2198/2198/104 
f 2027/2027/101 2190/2190/101 2189/3207/101 2028/2028/101 
f 2128/2128/104 2304/2304/104 2303/2303/104 2126/2126/104 
f 2122/2122/102 2300/2300/102 2299/2299/102 2120/2120/102 
f 2035/2035/101 2202/2202/101 2201/3123/101 2036/2036/101 
f 2224/2224/104 2038/2038/104 2037/2037/104 2222/2222/104 
f 2134/2134/102 2292/2292/102 2291/2291/102 2132/2132/102 
f 2152/2152/104 2288/2288/104 2287/2287/104 2150/2150/104 
f 2149/2149/103 2286/2286/103 2285/2285/103 2147/2147/103 
f 2146/2146/102 2284/2284/102 2283/2283/102 2144/2144/102 
f 1754/1754/106 1946/1946/106 1945/1945/106 1755/1755/106 
f 1767/2818/106 1746/3146/106 1745/1745/106 1768/1768/106 
f 1765/1765/106 1772/1772/106 1771/3157/106 1766/3120/106 
f 1829/1829/105 1828/1828/105 1827/3002/105 1830/3156/105 
f 1947/1947/106 1950/1950/106 1949/1949/106 1948/1948/106 
f 1825/1825/105 1752/1752/105 1751/2861/105 1826/3108/105 
f 1769/1769/106 1776/1776/106 1775/3034/106 1770/3158/106 
f 1833/1833/105 1832/1832/105 1831/3114/105 1834/2814/105 
f 1951/1951/106 1954/1954/106 1953/1953/106 1952/1952/106 
f 1773/1773/106 1780/1780/106 1779/3160/106 1774/3159/106 
f 1837/1837/105 1836/1836/105 1835/3119/105 1838/2748/105 
f 1955/1955/106 1958/1958/106 1957/1957/106 1956/1956/106 
f 1777/1777/106 1784/1784/106 1783/2825/106 1778/3125/106 
f 1841/1841/105 1840/1840/105 1839/3128/105 1842/3127/105 
f 1959/1959/106 1962/1962/106 1961/1961/106 1960/1960/106 
f 1781/1781/106 1788/1788/106 1787/3163/106 1782/3161/106 
f 1845/1845/105 1844/1844/105 1843/3130/105 1846/3129/105 
f 1963/1963/106 1966/1966/106 1965/1965/106 1964/1964/106 
f 1785/1785/106 1792/1792/106 1791/2851/106 1786/3164/106 
f 1849/1849/105 1848/1848/105 1847/3131/105 1850/2792/105 
f 1967/1967/106 1970/1970/106 1969/1969/106 1968/1968/106 
f 1789/1789/106 1796/1796/106 1795/3166/106 1790/3165/106 
f 1853/1853/105 1852/1852/105 1851/3134/105 1854/3133/105 
f 1971/1971/106 1974/1974/106 1973/1973/106 1972/1972/106 
f 1793/1793/106 1800/1800/106 1799/3168/106 1794/3167/106 
f 1857/1857/105 1856/1856/105 1855/3135/105 1858/2712/105 
f 1975/1975/106 1978/1978/106 1977/1977/106 1976/1976/106 
f 1797/1797/106 1804/1804/106 1803/3169/106 1798/2763/106 
f 1861/1861/105 1860/1860/105 1859/3139/105 1862/3138/105 
f 1979/1979/106 1982/1982/106 1981/1981/106 1980/1980/106 
f 1801/1801/106 1808/1808/106 1807/3172/106 1802/3171/106 
f 1865/1865/105 1864/1864/105 1863/3141/105 1866/3140/105 
f 1983/1983/106 1986/1986/106 1985/1985/106 1984/1984/106 
f 1805/1805/106 1812/1812/106 1811/3173/106 1806/2800/106 
f 1869/1869/105 1868/1868/105 1867/3144/105 1870/3143/105 
f 1987/1987/106 1990/1990/106 1989/1989/106 1988/1988/106 
f 1809/1809/106 1816/1816/106 1815/3174/106 1810/2801/106 
f 1873/1873/105 1872/1872/105 1871/3149/105 1874/3147/105 
f 1991/1991/106 1994/1994/106 1993/1993/106 1992/1992/106 
f 1813/1813/106 1820/1820/106 1819/3177/106 1814/3176/106 
f 1877/1877/105 1876/1876/105 1875/3150/105 1878/2724/105 
f 1995/1995/106 1998/1998/106 1997/1997/106 1996/1996/106 
f 1817/1817/106 1824/1824/106 1823/3121/106 1818/2728/106 
f 1881/1881/105 1880/1880/105 1879/3152/105 1882/3151/105 
f 1999/1999/106 2002/2002/106 2001/2001/106 2000/2000/106 
f 1821/1821/106 1743/1743/106 1742/1742/106 1822/3124/106 
f 1748/1748/105 1884/1884/105 1883/3155/105 1749/3028/105 
f 2003/2003/106 1758/1758/106 1757/1757/106 2004/2004/106 
f 1887/1887/105 1761/1761/105 1760/1760/105 1888/1888/105 
f 1891/1891/105 1886/1886/105 1885/1885/105 1892/1892/105 
f 1895/1895/105 1890/1890/105 1889/1889/105 1896/1896/105 
f 1899/1899/105 1894/1894/105 1893/1893/105 1900/1900/105 
f 1903/1903/105 1898/1898/105 1897/1897/105 1904/1904/105 
f 1907/1907/105 1902/1902/105 1901/1901/105 1908/1908/105 
f 1911/1911/105 1906/1906/105 1905/1905/105 1912/1912/105 
f 1915/1915/105 1910/1910/105 1909/1909/105 1916/1916/105 
f 1919/1919/105 1914/1914/105 1913/1913/105 1920/1920/105 
f 1923/1923/105 1918/1918/105 1917/1917/105 1924/1924/105 
f 1927/1927/105 1922/1922/105 1921/1921/105 1928/1928/105 
f 1931/1931/105 1926/1926/105 1925/1925/105 1932/1932/105 
f 1935/1935/105 1930/1930/105 1929/1929/105 1936/1936/105 
f 1939/1939/105 1934/1934/105 1933/1933/105 1940/1940/105 
f 1943/1943/105 1938/1938/105 1937/1937/105 1944/1944/105 
f 1763/1763/105 1942/1942/105 1941/1941/105 1764/1764/105 
f 2104/2104/104 2320/2320/104 2319/2319/104 2102/2102/104 
f 2067/3222/101 2250/3221/101 2249/2249/101 2068/2068/101 
f 2098/2098/102 2316/2316/102 2315/2315/102 2096/2096/102 
f 2019/2019/101 2178/2178/101 2177/2723/101 2020/2020/101 
f 2113/2113/107 2310/2310/107 2309/2309/107 2111/2111/107 
f 2266/2266/102 2074/2074/102 2073/2073/102 2264/2264/102 
f 2305/2305/101 2106/2106/101 2105/3011/101 2306/2306/101 
f 2194/2194/102 2026/2026/102 2025/2025/102 2192/2192/102 
f 2125/2125/103 2302/2302/103 2301/2301/103 2123/2123/103 
f 2209/2209/107 2032/2032/107 2031/2031/107 2207/2207/107 
f 2206/2206/102 2034/2034/102 2033/2033/102 2204/2204/102 
f 2289/2289/101 2130/2130/101 2129/2810/101 2290/2290/101 
f 2221/2221/103 2040/2040/103 2039/2039/103 2219/2219/103 
f 2225/3136/101 2052/2052/101 2051/2051/101 2226/2226/101 
f 2047/2047/103 2231/2231/103 2233/2233/103 2048/2048/103 
f 2236/2236/104 2046/2046/104 2045/2045/104 2234/2234/104 
f 2043/2043/101 2214/2214/101 2213/3184/101 2044/2044/101 
f 2140/2140/104 2296/2296/104 2295/2295/104 2138/2138/104 
f 2212/2212/108 2030/2030/108 2029/2029/108 2210/2210/108 
f 2110/2110/102 2308/2308/102 2307/2307/102 2108/2108/102 
f 2182/2182/102 2018/2018/102 2017/2017/102 2180/2180/102 
f 2197/2197/103 2024/2024/103 2023/2023/103 2195/2195/103 
f 2297/2297/101 2118/2118/101 2117/2887/101 2298/2298/101 
f 2137/2137/103 2294/2294/103 2293/2293/103 2135/2135/103 
f 2218/2218/102 2042/2042/102 2041/2041/102 2216/2216/102 
f 2281/2281/101 2142/2142/101 2141/2790/101 2282/2282/101 
f 2254/2254/102 2066/2066/102 2065/2065/102 2252/2252/102 
f 2188/2188/104 2014/2014/104 2013/2013/104 2186/2186/104 
f 2116/2116/108 2312/2312/108 2311/2311/108 2114/2114/108 
f 2185/2185/103 2016/2016/103 2015/2015/103 2183/2183/103 
f 2257/2257/103 2064/2064/103 2063/2063/103 2255/2255/103 
f 2262/2845/109 2266/3205/109 2265/2265/109 2263/2263/109 
f 2264/2732/106 2269/3110/106 2268/2268/106 2265/2265/106 
f 2267/2992/110 2272/3213/110 2271/2271/110 2268/2268/110 
f 2270/3080/105 2261/3216/105 2263/2263/105 2271/2271/105 
f 2250/3220/109 2254/2877/109 2253/2253/109 2251/2251/109 
f 2252/3001/106 2257/3225/106 2256/2256/106 2253/2253/106 
f 2255/2974/110 2258/3227/110 2260/2260/110 2256/2256/110 
f 2259/2927/105 2249/3142/105 2251/2251/105 2260/2260/105 
f 2237/2727/109 2240/2820/109 2242/2242/109 2238/2238/109 
f 2241/3039/106 2243/3232/106 2245/2245/106 2242/2242/106 
f 2244/3233/110 2246/2794/110 2248/2248/110 2245/2245/110 
f 2247/3229/105 2239/2961/105 2238/2238/105 2248/2248/105 
f 2226/3235/109 2228/3234/109 2230/2230/109 2227/2227/109 
f 2229/3045/106 2233/3132/106 2232/2232/106 2230/2230/106 
f 2231/2968/110 2236/3189/110 2235/2235/110 2232/2232/110 
f 2234/2906/105 2225/3137/105 2227/2227/105 2235/2235/105 
f 2214/2944/109 2218/2940/109 2217/2217/109 2215/2215/109 
f 2216/2781/106 2221/3170/106 2220/2220/106 2217/2217/106 
f 2219/3181/110 2224/2688/110 2223/2223/110 2220/2220/110 
f 2222/2914/105 2213/3183/105 2215/2215/105 2223/2223/105 
f 2202/2895/109 2206/2856/109 2205/2205/109 2203/2203/109 
f 2204/2838/106 2209/2788/106 2208/2208/106 2205/2205/106 
f 2207/2937/110 2212/3201/110 2211/2211/110 2208/2208/110 
f 2210/3198/105 2201/3122/105 2203/2203/105 2211/2211/105 
f 2190/2899/109 2194/3203/109 2193/2193/109 2191/2191/109 
f 2192/2739/106 2197/3107/106 2196/2196/106 2193/2193/106 
f 2195/2970/110 2200/2736/110 2199/2199/110 2196/2196/110 
f 2198/3209/105 2189/3208/105 2191/2191/105 2199/2199/105 
f 2178/2923/109 2182/2929/109 2181/2181/109 2179/2179/109 
f 2180/3219/106 2185/2799/106 2184/2184/106 2181/2181/106 
f 2183/2718/110 2188/2858/110 2187/2187/110 2184/2184/110 
f 2186/2917/105 2177/2722/105 2179/2179/105 2187/2187/105 
f 2165/2716/109 2170/2950/109 2169/2169/109 2166/2166/109 
f 2168/3228/106 2171/2921/106 2173/2173/106 2169/2169/106 
f 2172/3154/110 2174/3153/110 2176/2176/110 2173/2173/110 
f 2175/2706/105 2167/2760/105 2166/2166/105 2176/2176/105 
f 2153/3188/109 2156/3187/109 2158/2158/109 2154/2154/109 
f 2157/2765/106 2159/2865/106 2161/2161/106 2158/2158/106 
f 2160/3231/110 2162/2912/110 2164/2164/110 2161/2161/110 
f 2163/2932/105 2155/2910/105 2154/2154/105 2164/2164/105 
f 2142/2783/109 2146/2903/109 2145/2145/109 2143/2143/109 
f 2144/3186/106 2149/2752/106 2148/2148/106 2145/2145/106 
f 2147/3093/110 2152/3190/110 2151/2151/110 2148/2148/110 
f 2150/2744/105 2141/2791/105 2143/2143/105 2151/2151/105 
f 2130/2935/109 2134/2770/109 2133/2133/109 2131/2131/109 
f 2132/3180/106 2137/2775/106 2136/2136/106 2133/2133/106 
f 2135/2807/110 2140/3182/110 2139/2139/110 2136/2136/110 
f 2138/3192/105 2129/2811/105 2131/2131/105 2139/2139/105 
f 2118/3202/109 2122/2966/109 2121/2121/109 2119/2119/109 
f 2120/2682/106 2125/2813/106 2124/2124/106 2121/2121/106 
f 2123/2893/110 2128/3200/110 2127/2127/110 2124/2124/110 
f 2126/2804/105 2117/2888/105 2119/2119/105 2127/2127/105 
f 2106/3212/109 2110/3211/109 2109/2109/109 2107/2107/109 
f 2108/3191/106 2113/3175/106 2112/2112/106 2109/2109/106 
f 2111/2843/110 2116/3204/110 2115/2115/110 2112/2112/110 
f 2114/2972/105 2105/3012/105 2107/2107/105 2115/2115/105 
f 2094/3224/109 2098/2958/109 2097/2097/109 2095/2095/109 
f 2096/2690/106 2101/3162/106 2100/2100/106 2097/2097/106 
f 2099/3067/110 2104/3218/110 2103/2103/110 2100/2100/110 
f 2102/3196/105 2093/3195/105 2095/2095/105 2103/2103/105 
f 2082/2082/110 2083/2083/110 2084/3126/110 2081/2874/110 
f 2078/2078/109 2079/2079/109 2080/2694/109 2077/3179/109 
f 2090/2090/109 2091/2091/109 2092/2092/109 2089/2089/109 
f 2086/2086/110 2087/2087/110 2088/2088/110 2085/2085/110 
f 1755/1755/109 2092/2092/109 2091/2091/109 1753/1753/109 
f 2089/2089/109 1760/1760/109 1759/1759/109 2090/2090/109 
f 2079/2079/109 1745/1745/109 1744/3118/109 2080/2694/109 
f 2077/3179/109 1750/3148/109 1752/1752/109 2078/2078/109 
f 1764/1764/110 2088/2088/110 2087/2087/110 1762/1762/110 
f 2085/2085/110 1757/1757/110 1756/1756/110 2086/2086/110 
f 2083/2083/110 1748/1748/110 1747/2729/110 2084/3126/110 
f 2081/2874/110 1741/3178/110 1743/1743/110 2082/2082/110 
f 2011/2011/101 2165/2165/101 2167/2761/101 2012/2012/101 
f 2258/2258/104 2062/2062/104 2061/2061/104 2259/2259/104 
f 2171/2171/103 2008/2008/103 2007/2007/103 2172/2172/103 
f 2174/2174/104 2006/2006/104 2005/2005/104 2175/2175/104 
f 2240/2240/102 2058/2058/102 2057/2057/102 2241/2241/102 
f 2059/2059/101 2237/2237/101 2239/2962/101 2060/2060/101 
f 2243/2243/103 2056/2056/103 2055/2055/103 2244/2244/103 
f 2156/2156/102 2276/2276/102 2275/2275/102 2157/2157/102 
f 2273/2273/101 2153/2153/101 2155/2909/101 2274/2274/101 
f 2246/2246/104 2054/2054/104 2053/2053/104 2247/2247/104 
f 2159/2159/103 2278/2278/103 2277/2277/103 2160/2160/103 
f 2162/2162/104 2280/2280/104 2279/2279/104 2163/2163/104 
f 2228/2228/102 2050/2050/102 2049/2049/102 2229/2229/102 
f 2003/2003/91 1822/1822/91 1742/3236/91 1758/1758/91 
o Cube:019:001
usemtl 9
s 0
f 2416/2416/111 2411/2411/111 2433/2433/111 2436/2436/111 
f 2369/2369/112 2560/2560/112 2554/2554/112 2394/2394/112 
f 2401/2401/113 2350/2350/113 2502/2502/113 2396/2396/113 
f 2529/2529/114 2439/2439/114 2458/3237/114 2536/2536/114 
f 2426/2426/115 2347/2347/115 2344/2344/115 2413/2413/115 
f 2405/2405/116 2409/2409/116 2431/2431/116 2430/2430/116 
f 2384/2384/117 2390/2390/117 2330/2330/117 2422/2422/117 
f 2561/2561/115 2368/2368/115 2333/2333/115 2346/2346/115 
f 2377/2377/113 2385/2385/113 2421/2421/113 2423/2423/113 
f 2553/2553/118 2544/2544/118 2322/2322/118 2395/2395/118 
f 2393/3243/119 2387/2387/119 2428/2428/119 2332/2332/119 
f 2558/2558/112 2371/2371/112 2398/2398/112 2548/2548/112 
f 2523/2523/118 2378/2378/118 2424/2424/118 2342/2342/118 
f 2332/2332/119 2428/2428/119 2417/2417/119 2408/2408/119 2410/2410/119 
f 2342/2342/118 2424/2424/118 2414/2414/118 2341/2341/118 
f 2438/2438/120 2531/2531/120 2541/2541/120 2459/2459/120 
f 2476/2476/112 2441/2441/112 2444/2444/112 2477/2477/112 
f 2331/2331/118 2343/2343/118 2340/2340/118 2329/2329/118 
f 2391/2391/112 2386/2386/112 2403/2403/112 2327/2327/112 
f 2386/2386/112 2379/2379/112 2399/2399/112 2403/2403/112 
f 2423/2423/113 2421/2421/113 2419/2419/113 2415/2415/113 
f 2372/2372/115 2557/2557/115 2347/2347/115 2426/2426/115 
f 2388/2388/112 2392/2392/112 2326/2326/112 2402/2402/112 
f 2427/2427/113 2425/2425/113 2412/2412/113 2418/2418/113 
f 2345/2345/115 2406/2406/115 2429/2429/115 2349/2349/115 
f 2413/2413/115 2344/2344/115 2348/2348/115 2434/2434/115 
f 2494/2494/121 2488/2488/121 2478/2478/121 2467/2467/121 
f 2376/2823/118 2519/2519/118 2343/2343/118 2331/2331/118 
f 2354/2354/113 2443/2443/113 2442/2442/113 2353/2353/113 
f 2488/2488/121 2500/2500/121 2475/2475/121 2478/2478/121 
f 2483/2483/121 2498/2498/121 2471/2471/121 2474/2474/121 
f 2440/2440/112 2528/2528/112 2517/2517/112 2325/2325/112 
f 2537/2537/112 2457/2457/112 2460/2460/112 2540/2540/112 
f 2535/2535/122 2449/2449/122 2455/2455/122 2542/2542/122 
f 2446/2446/123 2525/2525/123 2539/2539/123 2453/2453/123 
f 2336/2336/118 2461/2461/118 2355/2355/118 2334/2334/118 
f 2335/2335/115 2356/2356/115 2462/2462/115 2337/2337/115 
f 2496/2496/121 2483/2483/121 2474/2474/121 2469/2469/121 
f 2350/2350/113 2383/2383/113 2357/2357/113 2502/2502/113 
f 2512/2512/112 2363/2363/112 2450/2450/112 2534/2534/112 
f 2497/2497/112 2481/2481/112 2480/2480/112 2506/2506/112 
f 2359/2359/118 2463/2463/118 2507/2507/118 2501/2501/118 
f 2503/2503/113 2362/2362/113 2443/2443/113 2354/2354/113 
f 2353/2353/113 2442/2442/113 2373/2373/113 2352/2352/113 
f 2352/2352/113 2373/2373/113 2380/2380/113 2351/2351/113 
f 2500/2500/121 2496/2496/121 2469/2469/121 2475/2475/121 
f 2336/2336/118 2397/2397/118 2501/2501/118 2507/2507/118 
f 2338/2338/124 2511/2511/124 2510/2510/124 2339/2339/124 
f 2493/2493/112 2490/2490/112 2486/2486/112 2489/2489/112 
f 2495/2495/112 2485/2485/112 2482/2482/112 2484/2484/112 
f 2466/2466/115 2360/2360/115 2504/2504/115 2492/2492/115 
f 2361/2361/112 2468/2468/112 2477/2477/112 2444/2444/112 
f 2397/2397/118 2323/2323/118 2547/2547/118 2549/2549/118 
f 2365/2365/113 2503/2503/113 2354/2354/113 2448/2448/113 
f 2498/2498/121 2505/2505/121 2465/2465/121 2471/2471/121 
f 2461/2461/118 2336/2336/118 2507/2507/118 2479/2479/118 
f 2481/2481/112 2497/2497/112 2484/2484/112 2482/2482/112 
f 2499/2499/112 2487/2487/112 2485/2485/112 2495/2495/112 
f 2487/2487/112 2499/2499/112 2489/2489/112 2486/2486/112 
f 2337/2337/115 2462/2462/115 2491/2491/115 2492/2492/115 
f 2451/2451/112 2538/2538/112 2543/2543/112 2454/2454/112 
f 2397/2397/118 2336/2336/118 2334/2334/118 2323/2323/118 
f 2351/2351/113 2380/2380/113 2383/2383/113 2350/2350/113 
f 2379/2379/112 2522/2522/112 2514/2514/112 2399/2399/112 
f 2422/2422/117 2330/2330/117 2328/2328/117 2420/2420/117 
f 2404/2404/113 2351/2351/113 2350/2350/113 2401/2401/113 
f 2364/2364/115 2337/2337/115 2492/2492/115 2504/2504/115 
f 2324/2324/115 2335/2335/115 2337/2337/115 2364/2364/115 
f 2408/2408/125 2417/2417/125 2435/2435/125 2432/2432/125 
f 2389/2389/113 2370/2370/113 2425/2425/113 2427/2427/113 
f 2346/2346/115 2333/2333/115 2407/2836/115 2406/2406/115 2345/2345/115 
f 2371/2371/112 2388/2388/112 2402/2402/112 2398/2398/112 
f 2374/2374/112 2470/2470/112 2473/2473/112 2381/2381/112 
f 2535/2535/126 2542/2542/126 2541/2541/126 2531/2531/126 
f 2545/2545/127 2552/2552/127 2550/2550/127 2546/2546/127 
f 2537/2537/112 2540/2540/112 2543/2543/112 2538/2538/112 
f 2518/2518/128 2516/2516/128 2515/2515/128 2521/2521/128 
f 2529/2529/129 2536/2536/129 2539/2539/129 2525/2525/129 
f 2342/2342/118 2341/2341/118 2340/2340/118 2343/2343/118 
f 2523/2523/118 2342/2342/118 2343/2343/118 2519/2519/118 
f 2524/2524/128 2515/2515/128 2516/2516/128 2527/2527/128 
f 2513/2513/128 2533/2533/128 2530/2530/128 2508/2508/128 
f 2345/2345/115 2349/2349/115 2348/2348/115 2344/2344/115 
f 2346/2346/115 2345/2345/115 2344/2344/115 2347/2347/115 
f 2561/2561/115 2346/2346/115 2347/2347/115 2557/2557/115 
f 2556/2556/128 2551/2551/128 2555/2555/128 2559/2559/128 
f 2367/2367/112 2509/2509/112 2532/2532/112 2437/2437/112 
f 2400/2400/113 2352/2352/113 2351/2351/113 2404/2404/113 
f 2382/2382/112 2472/2472/112 2464/2464/112 2358/2358/112 
f 2402/2402/112 2326/2326/112 2327/2327/112 2403/2403/112 
f 2472/2472/112 2382/2382/112 2381/2381/112 2473/2473/112 
f 2447/2447/113 2353/2353/113 2352/2352/113 2400/2400/113 
f 2441/2441/112 2476/2476/112 2470/2470/112 2374/2374/112 
f 2526/2526/112 2445/2445/112 2399/2399/112 2514/2514/112 
f 2520/2520/112 2375/2375/112 2325/2325/112 2517/2517/112 
f 2448/2448/113 2447/2447/113 2452/2452/113 2456/2456/113 
f 2448/2448/113 2354/2354/113 2353/2353/113 2447/2447/113 
f 2321/2321/115 2339/2339/115 2510/2510/115 2366/2366/115 
f 2338/2338/115 2324/2324/115 2364/2364/115 2511/2511/115 
f 2357/2357/130 2358/2358/130 2359/2359/130 
f 2360/2360/131 2361/2361/131 2362/2362/131 
f 2363/2363/132 2364/2364/132 2365/2365/132 
f 2370/3257/133 2371/2371/133 2372/3249/134 
f 2377/2733/135 2378/3246/135 2379/2379/135 
f 2384/3239/136 2385/3242/136 2386/2386/136 
f 2387/3244/137 2388/2388/137 2389/3256/137 
f 2396/2396/138 2397/2397/138 2398/2398/138 
f 2405/2405/139 2406/3251/139 2407/2407/139 
f 2408/2408/140 2409/2409/140 2410/2410/140 
f 2411/2411/141 2412/2412/141 2413/2413/141 
f 2416/2416/142 2417/2417/142 2418/2418/142 
f 2445/2445/143 2446/2446/143 2447/2447/143 
f 2448/2448/144 2449/2449/144 2450/2450/144 
f 2451/2451/145 2452/3258/145 2453/3255/145 
f 2454/2454/146 2455/3253/146 2456/2883/146 
f 2463/2463/147 2464/2464/147 2465/2465/147 
f 2466/2466/148 2467/2467/148 2468/2468/148 
f 2492/2492/149 2493/2493/149 2494/2494/149 
f 2505/2505/150 2506/2506/150 2507/2507/150 
f 2508/2508/151 2509/2509/151 2510/2510/151 
f 2511/2511/152 2512/2512/152 2513/2513/152 
f 2518/2518/153 2519/3252/153 2520/2520/153 
f 2521/2521/154 2522/2522/154 2523/3245/154 
f 2524/2524/155 2525/2525/155 2526/2526/155 
f 2527/2527/156 2528/2528/156 2529/2529/156 
f 2530/2530/157 2531/2531/157 2532/2532/157 
f 2533/2533/158 2534/2534/158 2535/2535/158 
f 2548/2548/159 2549/2549/159 2550/2550/159 2551/2551/160 
f 2552/2552/161 2553/2553/161 2554/2554/161 2555/2555/161 
f 2556/2556/162 2557/3250/162 2558/2558/162 
f 2559/2559/163 2560/2560/163 2561/3241/163 
f 2468/2468/164 2361/2361/164 2360/2360/164 2466/2466/164 
f 2404/2404/165 2401/2401/165 2402/2402/165 2403/2403/165 
f 2381/2381/165 2382/2382/165 2383/2383/165 2380/2380/165 
f 2380/2380/166 2373/2373/166 2374/2374/166 2381/2381/166 
f 2357/2357/167 2383/2383/167 2382/2382/167 2358/2358/167 
f 2398/2398/168 2402/2402/168 2401/2401/168 2396/2396/168 
f 2403/2403/165 2399/2399/165 2400/2400/165 2404/2404/165 
f 2387/3244/169 2393/2393/169 2392/2392/169 2388/2388/169 
f 2390/3240/170 2384/3239/170 2386/2386/170 2391/2391/170 
f 2370/3257/171 2389/3256/171 2388/2388/171 2371/2371/171 
f 2385/3242/172 2377/2733/172 2379/2379/172 2386/2386/172 
f 2411/2411/173 2416/2416/173 2418/2418/173 2412/2412/173 
f 2426/2426/174 2413/2413/174 2412/2412/174 2425/2425/174 
f 2428/2428/175 2387/2387/175 2389/2389/175 2427/2427/175 
f 2422/2422/176 2420/2420/176 2419/2419/176 2421/2421/176 
f 2424/2424/177 2378/2378/177 2377/2377/177 2423/2423/177 
f 2384/2384/176 2422/2422/176 2421/2421/176 2385/2385/176 
f 2414/2414/177 2424/2424/177 2423/2423/177 2415/2415/177 
f 2372/2372/178 2426/2426/178 2425/2425/178 2370/2370/178 
f 2417/2417/179 2428/2428/179 2427/2427/179 2418/2418/179 
f 2416/2416/180 2436/2436/180 2435/2435/180 2417/2417/180 
f 2431/2431/181 2409/2409/181 2408/2408/181 2432/2432/181 
f 2405/2405/182 2430/2430/182 2429/2881/182 2406/3251/182 
f 2433/2433/183 2411/2411/183 2413/2413/183 2434/2434/183 
f 2442/2442/172 2443/2443/172 2444/2444/172 2441/2441/172 
f 2365/2365/165 2448/2448/165 2450/2450/165 2363/2363/165 
f 2447/2447/165 2400/2400/165 2399/2399/165 2445/2445/165 
f 2373/2373/184 2442/2442/184 2441/2441/184 2374/2374/184 
f 2443/2443/184 2362/2362/184 2361/2361/184 2444/2444/184 
f 2451/2451/165 2454/2454/165 2456/2883/165 2452/3258/165 
f 2448/2448/185 2456/2456/185 2455/2455/185 2449/2449/185 
f 2452/2452/176 2447/2447/176 2446/2446/176 2453/2453/176 
f 2358/2358/186 2464/2464/186 2463/2463/186 2359/2359/186 
f 2476/2476/187 2477/2477/187 2478/2478/187 2475/2475/187 
f 2472/2472/188 2473/2473/188 2474/2474/188 2471/2471/188 
f 2471/2471/188 2465/2465/188 2464/2464/188 2472/2472/188 
f 2467/2467/187 2478/2478/187 2477/2477/187 2468/2468/187 
f 2475/2475/187 2469/2469/187 2470/2470/187 2476/2476/187 
f 2469/2469/189 2474/2474/189 2473/2473/189 2470/2470/189 
f 2466/2466/190 2492/2492/190 2494/2494/190 2467/2467/190 
f 2490/2490/191 2493/2493/191 2492/2492/191 2491/2491/191 
f 2500/2500/192 2488/2488/192 2489/2489/192 2499/2499/192 
f 2498/2498/192 2483/2483/192 2484/2484/192 2497/2497/192 
f 2493/2493/192 2489/2489/192 2488/2488/192 2494/2494/192 
f 2499/2499/192 2495/2495/192 2496/2496/192 2500/2500/192 
f 2495/2495/192 2484/2484/192 2483/2483/192 2496/2496/192 
f 2502/2502/193 2357/2357/193 2359/2359/193 2501/2501/193 
f 2465/2465/194 2505/2505/194 2507/2507/194 2463/2463/194 
f 2362/2362/176 2503/2503/176 2504/2504/176 2360/2360/176 
f 2506/2506/186 2480/2480/186 2479/2479/186 2507/2507/186 
f 2497/2497/192 2506/2506/192 2505/2505/192 2498/2498/192 
f 2396/2396/177 2502/2502/177 2501/2501/177 2397/2397/177 
f 2364/2364/176 2504/2504/176 2503/2503/176 2365/2365/176 
f 2524/2524/195 2527/2527/195 2529/2529/195 2525/2525/195 
f 2537/2537/196 2538/2538/196 2539/3254/196 2536/3238/196 
f 2541/3247/197 2542/2953/197 2543/2543/197 2540/2540/197 
f 2530/2530/198 2533/2533/198 2535/2535/198 2531/2531/198 
f 2526/2526/199 2514/2514/199 2515/2515/199 2524/2524/199 
f 2517/2517/199 2528/2528/199 2527/2527/199 2516/2516/199 
f 2518/2518/200 2521/2521/200 2523/3245/200 2519/3252/200 
f 2520/2520/199 2517/2517/199 2516/2516/199 2518/2518/199 
f 2514/2514/199 2522/2522/199 2521/2521/199 2515/2515/199 
f 2510/2510/201 2511/2511/201 2513/2513/201 2508/2508/201 
f 2512/2512/199 2534/2534/199 2533/2533/199 2513/2513/199 
f 2532/2532/199 2509/2509/199 2508/2508/199 2530/2530/199 
f 2556/2556/202 2559/2559/202 2561/3241/202 2557/3250/202 
f 2558/2558/199 2548/2548/199 2551/2551/199 2556/2556/199 
f 2550/2550/203 2552/2552/203 2555/2555/203 2551/2551/203 
f 2554/2554/199 2560/2560/199 2559/2559/199 2555/2555/199 
f 2544/2544/204 2553/2553/204 2552/2552/204 2545/2545/204 
f 2549/2549/205 2547/2547/205 2546/2546/205 2550/2550/205 
f 2509/2509/206 2367/2367/206 2366/2366/206 2510/2510/206 
f 2363/2363/206 2512/2512/206 2511/2511/206 2364/2364/206 
f 2531/2531/207 2438/2438/207 2437/2437/207 2532/2532/207 
f 2449/2449/208 2535/2535/208 2534/2534/208 2450/2450/208 
f 2439/2439/209 2529/2529/209 2528/2528/209 2440/2440/209 
f 2378/3246/210 2523/3245/210 2522/2522/210 2379/2379/210 
f 2525/2525/211 2446/2446/211 2445/2445/211 2526/2526/211 
f 2519/3252/212 2376/2376/212 2375/2375/212 2520/2520/212 
f 2457/2457/213 2537/2537/213 2536/3238/213 2458/2458/213 
f 2538/2538/214 2451/2451/214 2453/3255/214 2539/3254/214 
f 2454/2454/215 2543/2543/215 2542/2953/215 2455/3253/215 
f 2540/2540/216 2460/2460/216 2459/3248/216 2541/3247/216 
f 2394/2394/217 2554/2554/217 2553/2553/217 2395/2395/217 
f 2548/2548/218 2398/2398/218 2397/2397/218 2549/2549/218 
f 2557/3250/219 2372/3249/219 2371/2371/219 2558/2558/219 
f 2368/2849/220 2561/3241/220 2560/2560/220 2369/2369/220 
o Plane:192
s 0
f 2562/2562/221 2563/2563/221 2565/2565/221 2564/2564/221 
o Cube:765
s 0
f 2574/2574/222 2571/2571/222 2570/2570/222 2575/2575/222 
f 2572/2572/223 2577/2577/223 2576/2576/223 2573/2573/223 
f 2578/2578/224 2585/2585/224 2584/2584/224 2579/2579/224 
f 2582/2582/225 2581/2581/225 2580/2580/225 2583/2583/225 
f 2575/2575/226 2570/2570/226 2566/2566/226 2568/2568/226 
f 2585/2585/227 2578/2578/227 2571/2571/227 2574/2574/227 
f 2573/2573/228 2576/2576/228 2569/2569/228 2567/2567/228 
f 2577/2577/229 2572/2572/229 2581/2581/229 2582/2582/229 
f 2579/2579/230 2584/2584/230 2583/2583/230 2580/2580/230 
o Cube:766
s 0
f 2593/2593/231 2594/2594/231 2595/2595/231 
f 2593/2593/232 2590/2590/232 2589/3259/232 2594/2594/232 
f 2596/2596/233 2595/2595/233 2594/2594/233 2597/2597/233 
f 2591/2591/234 2593/2593/234 2595/2595/234 2592/2592/234 
f 2590/2590/235 2593/2593/235 2591/2591/235 2586/2586/235 
f 2589/2589/236 2587/2587/236 2597/2597/236 2594/2594/236 
f 2595/2595/237 2596/2596/237 2588/2588/237 2592/2592/237 
o Cube:768
s 0
f 2604/2604/238 2603/2603/238 2602/2602/238 2605/2605/238 
f 2608/2608/238 2607/2607/238 2606/2606/238 2609/2609/238 
f 2612/2612/238 2611/2611/238 2610/2610/238 2613/2613/238 
f 2603/2603/239 2604/2604/239 2599/2599/239 2598/2598/239 
f 2607/2607/240 2608/2608/240 2605/2605/240 2602/2602/240 
f 2609/2609/239 2606/2606/239 2611/2611/239 2612/2612/239 
f 2600/2600/240 2601/2601/240 2613/2613/240 2610/2610/240 
o Cube:769
s 0
f 2622/2622/241 2621/2621/241 2620/2620/241 2623/2623/241 
f 2618/2618/242 2625/2625/242 2624/2624/242 2619/2619/242 
f 2630/2630/243 2629/2629/243 2628/2628/243 2631/2631/243 
f 2626/2626/244 2633/2633/244 2632/2632/244 2627/2627/244 
f 2623/2623/245 2620/2620/245 2619/2619/245 2624/2624/245 
f 2614/2614/246 2615/2615/246 2625/2625/246 2618/2618/246 
f 2621/2621/247 2622/2622/247 2633/2633/247 2626/2626/247 
f 2631/2631/248 2628/2628/248 2627/2627/248 2632/2632/248 
f 2629/2629/249 2630/2630/249 2617/2617/249 2616/2616/249 
o Cube:767
s 0
f 2642/2642/250 2643/2643/250 2644/2644/250 
f 2645/2645/251 2646/2646/251 2647/2647/251 
f 2660/2660/252 2661/2661/252 2662/2662/252 
f 2663/2663/253 2664/2664/253 2665/2665/253 
f 2648/2648/254 2654/2654/254 2655/2655/254 2649/2649/254 
f 2654/2654/254 2643/2643/254 2642/2642/254 2655/2655/254 
f 2647/2647/255 2652/2652/255 2653/2653/255 2645/2645/255 
f 2652/2652/255 2651/2651/255 2650/2650/255 2653/2653/255 
f 2660/2660/256 2663/2663/256 2665/2665/256 2661/2661/256 
f 2659/2659/257 2656/2656/257 2657/2657/257 2658/2658/257 
f 2666/2666/258 2665/2665/258 2664/2664/258 2667/2667/258 
f 2661/2661/259 2669/2669/259 2668/2668/259 2662/2662/259 
f 2646/2646/257 2659/2659/257 2658/2658/257 2647/2647/257 
f 2656/2656/257 2644/2644/257 2643/2643/257 2657/2657/257 
f 2663/2663/260 2677/2677/260 2676/2676/260 2664/2664/260 
f 2674/2674/261 2660/2660/261 2662/2662/261 2675/2675/261 
f 2670/2670/262 2642/2642/262 2644/2644/262 2671/2671/262 
f 2645/2645/263 2673/2673/263 2672/2672/263 2646/2646/263 
f 2642/2642/264 2670/2670/264 2635/2635/264 2655/2655/264 
f 2643/2643/265 2654/2654/265 2661/2661/265 2657/2657/265 
f 2656/2656/266 2639/2639/266 2671/2671/266 2644/2644/266 
f 2653/2653/267 2636/2636/267 2673/2673/267 2645/2645/267 
f 2658/2658/265 2665/2665/265 2652/2652/265 2647/2647/265 
f 2646/2646/266 2672/2672/266 2638/2638/266 2659/2659/266 
f 2655/2655/264 2635/2635/264 2634/2634/264 2649/2649/264 
f 2654/2654/265 2648/2648/265 2669/2669/265 2661/2661/265 
f 2650/2650/267 2637/2637/267 2636/2636/267 2653/2653/267 
f 2665/2665/265 2666/2666/265 2651/2651/265 2652/2652/265 
f 2659/2659/266 2638/2638/266 2639/2639/266 2656/2656/266 
f 2665/2665/265 2658/2658/265 2657/2657/265 2661/2661/265 
f 2660/2660/268 2674/2674/268 2677/2677/268 2663/2663/268 
f 2668/2668/269 2641/2641/269 2675/2675/269 2662/2662/269 
f 2664/2664/270 2676/2676/270 2640/2640/270 2667/2667/270 
#end 2252 faces

#ZOMPROPERTIES_04{
#ZOMPROPERTIES_04 table {Mesh table {SymPlane table {Point vector3d 0 0 0 Normal vector3d 1 0 0 Threshold double 0.01 
#ZOMPROPERTIES_04 Enabled bool false EdgeID int -1 SymEdgeID int -1 UPos double 0.5 LocalMode bool false } RootGroup C
#ZOMPROPERTIES_04 SubMeshGroup {Children table {Tile_0_0 CSubMeshGroup {Children table {} BBoxUV box3d 0 0 0 0 0 0 BBo
#ZOMPROPERTIES_04 x3D box3d 0 0 0 0 0 0 Area3D double 0 AreaUV double 0.636898 IsRoot bool false Properties table {Sel
#ZOMPROPERTIES_04 ected bool false Box box3d 0 1 0 1 0 1 U int 0 V int 0 NU int 0 NV int 0 Tiling vector3d 1 1 1 TileR
#ZOMPROPERTIES_04 atioMode string "1:1" Overflow string "Off" Pack table {BoxFrameEdit bool false Behavior string "Fre
#ZOMPROPERTIES_04 e" } } IsTile bool true PolyIDs ints { 954 1176 958 1257 956 1269 960 1261 962 1260 964 1259 966 136
#ZOMPROPERTIES_04 0 1032 1258 969 1106 1012 1245 986 1247 1018 1107 1575 1712 1618 1851 1592 1853 1624 1713 1002 1250 
#ZOMPROPERTIES_04 1005 1109 1008 1108 1011 1110 1024 1352 1028 1354 1030 1357 1026 1353 1594 1861 1598 1860 1600 1869 
#ZOMPROPERTIES_04 1596 1781 988 1255 992 1254 994 1263 990 1175 970 1249 1000 1273 1015 1264 1006 1251 1630 1958 1634 
#ZOMPROPERTIES_04 1960 1636 1963 1632 1959 1577 1859 1597 1779 1609 1780 1601 1873 1014 1271 1020 1275 1022 1349 1017 
#ZOMPROPERTIES_04 1246 971 1253 991 1173 1003 1174 995 1267 1576 1855 1606 1879 1621 1870 1612 1857 1560 1782 1564 186
#ZOMPROPERTIES_04 3 1562 1875 1566 1867 1602 1858 1604 1872 1607 1777 1610 1778 1608 1856 1611 1715 1614 1714 1617 171
#ZOMPROPERTIES_04 6 1568 1866 1570 1865 1572 1966 1638 1864 1613 1871 1619 1880 1622 1878 1616 1854 996 1252 998 1266 
#ZOMPROPERTIES_04 1001 1171 1004 1172 1620 1877 1626 1881 1628 1955 1623 1852 1561 1786 1567 1785 1571 1784 1579 1876 
#ZOMPROPERTIES_04 1493 1957 1627 1956 1629 1711 1625 1954 887 1351 1021 1350 1023 1105 1019 1348 955 1180 961 1179 965
#ZOMPROPERTIES_04  1178 973 1270 1559 1874 1563 1868 1578 1783 1599 1862 953 1268 957 1262 972 1177 993 1256 1569 1961
#ZOMPROPERTIES_04  1637 1964 1633 1965 1580 1962 1007 1265 1013 1274 1016 1272 1010 1248 963 1355 1031 1358 1027 1359 
#ZOMPROPERTIES_04 974 1356 2196 2198 2202 2199 2201 2197 2200 266 277 273 280 275 283 268 267 38 49 45 52 47 55 40 39 
#ZOMPROPERTIES_04 76 87 83 90 85 93 78 77 114 125 121 128 123 131 116 115 152 163 159 166 161 169 154 153 190 201 197 
#ZOMPROPERTIES_04 204 199 207 192 191 228 239 235 242 237 245 230 229 19 30 26 33 28 36 21 20 133 144 140 147 142 150 
#ZOMPROPERTIES_04 135 134 95 106 102 109 104 112 97 96 171 182 178 185 180 188 173 172 57 68 64 71 66 74 59 58 247 258
#ZOMPROPERTIES_04  254 261 256 264 249 248 285 296 292 299 294 302 287 286 209 220 216 223 218 226 211 210 0 11 7 14 9
#ZOMPROPERTIES_04  17 2 1 304 315 311 318 313 321 306 305 323 334 330 337 332 340 325 324 480 495 483 498 486 501 484 
#ZOMPROPERTIES_04 500 487 499 485 481 494 482 492 502 496 493 488 490 497 491 489 526 541 529 544 532 547 530 546 533 
#ZOMPROPERTIES_04 545 531 527 540 528 538 548 542 539 534 536 543 537 535 434 449 437 452 445 455 440 438 454 441 453 
#ZOMPROPERTIES_04 439 435 448 436 446 456 450 447 442 444 451 443 388 403 391 406 394 409 392 408 395 407 393 389 402 
#ZOMPROPERTIES_04 390 400 410 404 401 396 398 405 399 397 503 518 506 521 514 524 509 507 523 510 522 508 504 517 505 
#ZOMPROPERTIES_04 515 525 519 516 511 513 520 512 411 426 414 429 417 432 415 431 418 430 416 412 425 413 423 433 427 
#ZOMPROPERTIES_04 424 419 421 428 422 420 365 380 368 383 371 386 369 385 372 384 370 366 379 367 377 387 381 378 373 
#ZOMPROPERTIES_04 375 382 376 374 342 357 345 360 348 363 346 362 349 361 347 343 356 344 354 364 358 355 350 352 359 
#ZOMPROPERTIES_04 353 351 572 587 575 590 578 593 576 592 579 591 577 573 586 574 584 594 588 585 580 582 589 583 581 
#ZOMPROPERTIES_04 457 472 460 475 468 478 463 461 477 464 476 462 458 471 459 469 479 473 470 465 467 474 466 549 564 
#ZOMPROPERTIES_04 552 567 560 570 555 553 569 556 568 554 550 563 551 561 571 565 562 557 559 566 558 618 633 621 636 
#ZOMPROPERTIES_04 624 639 622 638 625 637 623 619 632 620 630 640 634 631 626 628 635 629 627 641 656 644 659 647 662 
#ZOMPROPERTIES_04 645 661 648 660 646 642 655 643 653 663 657 654 649 651 658 652 650 595 610 598 613 606 616 601 599 
#ZOMPROPERTIES_04 615 602 614 600 596 609 597 607 617 611 608 603 605 612 604 710 725 713 728 721 731 716 714 730 717 
#ZOMPROPERTIES_04 729 715 711 724 712 722 732 726 723 718 720 727 719 733 748 736 751 739 754 737 753 740 752 738 734 
#ZOMPROPERTIES_04 747 735 745 755 749 746 741 743 750 744 742 664 679 667 682 675 685 668 684 671 683 669 665 678 666 
#ZOMPROPERTIES_04 676 686 680 677 672 674 681 670 673 687 702 690 705 693 708 691 707 694 706 692 688 701 689 699 709 
#ZOMPROPERTIES_04 703 700 695 697 704 698 696 2219 2224 2237 2243 2223 2244 2230 2221 2227 2248 2238 2232 2228 2247 22
#ZOMPROPERTIES_04 39 2235 2242 2236 2240 2245 2226 2225 2241 2246 2229 2222 2233 2251 2249 2220 2231 2234 2250 2203 22
#ZOMPROPERTIES_04 06 2207 2204 2208 2205 2209 1362 1708 1403 1371 1747 1791 1749 1404 1480 1405 1751 1798 1753 1801 17
#ZOMPROPERTIES_04 55 1804 1757 1807 1759 1810 1761 1813 1763 1816 1765 1819 1767 1822 1769 1825 1771 1828 1773 1831 17
#ZOMPROPERTIES_04 75 1834 1967 1709 1644 1951 1363 1574 1365 1374 1558 1850 1717 1849 1719 1848 1721 1432 1505 1431 15
#ZOMPROPERTIES_04 04 1846 1725 1845 1727 1844 1729 1428 1501 1427 1500 1842 1733 1841 1735 1425 1498 1840 1737 1424 14
#ZOMPROPERTIES_04 97 1423 1496 1838 1741 1422 1495 1421 1494 1836 1745 1402 1366 1835 1645 1947 1367 1420 1590 1370 14
#ZOMPROPERTIES_04 19 1554 1508 1479 1787 1946 1944 1556 1587 1707 1552 1540 1523 1522 1389 1837 1743 1521 1364 1520 13
#ZOMPROPERTIES_04 91 1839 1739 1519 1392 1499 1518 1393 1517 1426 1394 1516 1395 1843 1731 1502 1515 1396 1514 1429 13
#ZOMPROPERTIES_04 97 1503 1513 1430 1398 1512 1399 1847 1723 1506 1511 1400 1510 1433 1401 1507 1509 1368 1539 1710 13
#ZOMPROPERTIES_04 90 1588 1555 1945 1950 1646 1418 1593 1417 1369 1541 1492 1538 1416 1542 1491 1415 1537 1543 1490 14
#ZOMPROPERTIES_04 14 1536 1544 1489 1535 1413 1545 1488 1534 1412 1546 1487 1533 1411 1547 1486 1532 1410 1548 1485 15
#ZOMPROPERTIES_04 31 1409 1549 1484 1408 1530 1550 1483 1529 1407 1551 1528 1482 1557 1406 1481 1527 1553 1795 1526 15
#ZOMPROPERTIES_04 25 1643 756 1102 1037 1181 1141 1185 1143 1189 1145 1192 1147 1195 1149 1198 1151 1201 1153 1204 115
#ZOMPROPERTIES_04 5 1207 1157 1210 1159 1213 939 929 1161 807 882 806 883 808 1163 1219 1165 809 884 885 810 1167 1225
#ZOMPROPERTIES_04  886 811 1169 1228 1361 1103 1038 1345 757 968 759 768 952 1244 1111 1243 901 762 827 900 1242 1115 
#ZOMPROPERTIES_04 826 899 825 898 1240 1119 1239 897 824 823 896 1238 1123 822 895 1237 1125 821 894 820 893 1235 1129
#ZOMPROPERTIES_04  819 892 1234 1131 1233 1133 1232 1135 816 889 815 888 1230 1139 1229 760 796 814 761 1341 1338 984 
#ZOMPROPERTIES_04 764 813 950 981 1101 946 1039 934 917 916 783 1231 1137 890 915 758 817 914 785 891 913 818 786 912 
#ZOMPROPERTIES_04 787 911 788 1236 1127 910 789 909 790 908 791 1121 907 792 906 793 1241 1117 905 794 904 795 1113 90
#ZOMPROPERTIES_04 3 933 1104 784 982 949 1339 1344 1040 812 987 763 935 932 936 1222 931 937 930 938 1216 928 940 881 
#ZOMPROPERTIES_04 805 927 941 880 804 926 942 879 803 925 943 878 802 924 944 877 923 801 945 876 800 922 951 875 799 
#ZOMPROPERTIES_04 921 947 874 798 920 919 873 902 765 797 948 1340 2000 2181 2154 2180 2028 2179 2081 2128 2153 2178 2
#ZOMPROPERTIES_04 082 2043 2186 2210 2214 2211 2215 2216 2213 2217 2212 2218 307 316 310 314 322 320 308 319 309 312 3
#ZOMPROPERTIES_04 17 174 183 177 181 189 187 175 186 176 179 184 231 240 234 238 246 244 232 243 233 236 241 79 88 82 
#ZOMPROPERTIES_04 89 94 92 80 91 81 86 84 155 164 158 165 170 168 156 167 157 162 160 193 202 196 203 208 206 194 205 
#ZOMPROPERTIES_04 195 200 198 60 69 63 67 75 73 61 72 62 65 70 98 107 101 105 113 111 99 110 100 103 108 212 221 215 2
#ZOMPROPERTIES_04 19 227 225 213 224 214 217 222 117 126 120 127 132 130 118 129 119 124 122 22 31 25 32 37 35 23 34 2
#ZOMPROPERTIES_04 4 29 27 250 259 253 260 265 263 251 262 252 257 255 136 145 139 146 151 149 137 148 138 143 141 288 
#ZOMPROPERTIES_04 297 291 295 303 301 289 300 290 293 298 326 335 329 336 341 339 327 338 328 333 331 41 50 44 48 56 5
#ZOMPROPERTIES_04 4 42 53 43 46 51 3 12 6 13 18 16 4 15 5 10 8 269 278 272 279 284 282 270 281 271 276 274 1372 1949 1
#ZOMPROPERTIES_04 642 1792 1943 1948 1640 1788 1748 1789 1750 1793 1752 1466 1891 1697 1892 1585 1894 1692 1895 1693 1
#ZOMPROPERTIES_04 896 1694 1897 1460 1386 1584 1898 1688 1899 1468 1445 1467 1754 1796 1446 1799 1756 1802 1758 1469 1
#ZOMPROPERTIES_04 903 1685 1904 1582 1906 1680 1907 1681 1908 1581 1910 1676 1911 1677 1912 1635 1914 1672 1915 1472 1
#ZOMPROPERTIES_04 440 1814 1766 1817 1768 1820 1770 1823 1772 1476 1436 1603 1934 1652 1935 1477 1774 1826 1829 1776 1
#ZOMPROPERTIES_04 832 1639 1953 1434 1589 1942 1952 1641 1833 1718 1830 1720 1450 1376 1615 1936 1653 1654 1937 1651 1
#ZOMPROPERTIES_04 938 1648 1939 1478 1649 1940 1647 1941 1449 1650 1377 1827 1722 1451 1933 1655 1930 1595 1928 1661 1
#ZOMPROPERTIES_04 927 1660 1926 1565 1924 1665 1923 1664 1922 1663 1925 1453 1726 1821 1379 1452 1929 1659 1724 1824 1
#ZOMPROPERTIES_04 818 1728 1454 1381 1815 1730 1455 1812 1732 1456 1383 1809 1734 1457 1909 1806 1736 1458 1385 1803 1
#ZOMPROPERTIES_04 738 1459 1800 1740 1901 1687 1690 1900 1583 1902 1684 1683 1905 1384 1913 1675 1382 1917 1671 1674 1
#ZOMPROPERTIES_04 916 1631 1918 1668 1919 1473 1669 1920 1573 1439 1670 1921 1667 1380 1474 1666 1438 1475 1662 1437 1
#ZOMPROPERTIES_04 378 1656 1658 1375 1435 1932 1657 1931 1764 1811 1441 1471 1762 1808 1442 1760 1805 1443 1470 1673 1
#ZOMPROPERTIES_04 678 1682 1679 1686 1444 1689 1797 1742 1461 1388 1794 1744 1790 1746 1463 1373 1591 1884 1706 1885 1
#ZOMPROPERTIES_04 703 1882 1704 1883 1464 1705 1448 1886 1700 1887 1701 1888 1586 1447 1702 1889 1699 1465 1462 1890 1
#ZOMPROPERTIES_04 696 1695 1893 1387 1691 1698 1524 1605 766 1343 1036 1186 1140 1184 767 857 1279 1097 1276 1098 1277
#ZOMPROPERTIES_04  1099 1278 985 1280 1094 1281 859 841 1187 1146 1190 1148 1193 1150 1196 1152 1199 1154 1202 1156 12
#ZOMPROPERTIES_04 05 1158 1208 1160 867 833 1211 1162 868 832 1214 1164 869 831 1217 1166 1220 1168 871 829 1009 1332 
#ZOMPROPERTIES_04 1041 1335 1044 1334 983 1336 1346 1035 1227 1112 1224 1114 844 771 1221 1116 1218 1118 846 1323 1053
#ZOMPROPERTIES_04  1320 959 773 847 1319 1057 1316 967 1314 1064 1315 1061 1312 1062 1025 1310 1068 1311 1065 1308 102
#ZOMPROPERTIES_04 9 1306 1071 1305 1070 1304 975 1302 1076 1303 851 777 1203 1126 850 1307 776 1206 1124 849 1209 775 
#ZOMPROPERTIES_04 848 1122 1212 774 1120 1215 1128 1200 1130 852 1299 1077 1296 1078 1297 1079 1298 976 1300 1074 1301
#ZOMPROPERTIES_04  864 1075 837 1080 863 977 1294 1084 1295 853 780 1194 1134 1191 1136 855 1287 1089 1284 980 1282 10
#ZOMPROPERTIES_04 96 1283 856 782 1188 1138 1093 1095 1090 1285 1091 1286 979 1288 1086 1289 1087 1290 978 1292 1082 1
#ZOMPROPERTIES_04 293 862 1083 839 1088 1291 1085 854 861 840 1092 860 781 1132 1197 779 1081 838 778 1073 836 1069 86
#ZOMPROPERTIES_04 5 1072 835 1066 1309 866 1067 834 1063 1313 1058 1317 1059 1318 1060 1054 1321 1055 1322 1056 772 84
#ZOMPROPERTIES_04 5 1327 1052 1326 997 830 870 1325 1051 1050 1324 1049 989 1328 1045 1046 1329 1331 1048 770 843 769 
#ZOMPROPERTIES_04 1347 1033 1226 828 872 1333 1042 1043 1170 1223 1330 1047 1144 1183 842 1142 1182 918 999 1337 1342 
#ZOMPROPERTIES_04 1034 858 1100 1974 2032 2113 2115 1976 2114 1980 2047 1995 1985 2046 1982 2116 1988 1968 2122 1993 2
#ZOMPROPERTIES_04 050 1992 2038 1975 2052 1989 2117 2111 1991 2037 2112 1978 1981 2036 2119 2078 2120 2076 1973 2121 2
#ZOMPROPERTIES_04 075 2118 2110 1972 2051 2077 2187 2191 2192 2189 2195 2190 2194 2188 2193 1969 2182 1977 2168 2042 2
#ZOMPROPERTIES_04 169 2020 2029 2003 2023 2148 2008 2024 2017 2025 2026 2016 2139 2027 2004 2035 2066 2015 2065 2170 2
#ZOMPROPERTIES_04 087 2163 2054 2172 1983 2041 2001 2129 2063 2130 2079 2125 2061 2156 2091 2176 2002 2045 1971 2174 2
#ZOMPROPERTIES_04 092 2157 1999 2062 2177 2089 2158 2090 2175 2031 1987 2109 2072 2107 1986 2057 1990 2106 2073 2108 2
#ZOMPROPERTIES_04 039 1979 2184 2097 2164 2098 2185 2167 2053 2166 2165 2095 2183 2070 2104 2074 2150 2014 2009 2131 2
#ZOMPROPERTIES_04 083 2134 2022 2149 1998 2141 2005 2144 2013 2143 1997 2140 2142 1994 2138 2084 2135 2019 2099 2068 2
#ZOMPROPERTIES_04 147 2151 2021 2124 2069 2007 2171 2088 2162 2049 2155 2094 2173 2010 1996 2011 2012 2030 2006 2145 2
#ZOMPROPERTIES_04 067 2103 2056 2058 2040 2060 1984 2132 2126 2136 2102 2137 2101 2133 1970 2033 2100 2055 2059 2123 2
#ZOMPROPERTIES_04 064 2127 2018 2146 2105 2071 2160 2044 2048 2159 2152 2080 2093 2161 2034 2085 2086 2096 } } } BBoxU
#ZOMPROPERTIES_04 V box3d 0 0 0 0 0 0 BBox3D box3d 0 0 0 0 0 0 Area3D double 0 AreaUV double 0 IsRoot bool true Proper
#ZOMPROPERTIES_04 ties table {Selected bool false Box box3d 0 1 0 1 0 1 U int 0 V int 0 NU int 1 NV int 1 Tiling vecto
#ZOMPROPERTIES_04 r3d 1 1 1 TileRatioMode string "1:1" Overflow string "Off" Pack table {Rotate table {Mode int 0 Min 
#ZOMPROPERTIES_04 double 0 Max double 90 Step double 0 } PaddingSize double 0.0078125 MarginSize double 0.00390625 Res
#ZOMPROPERTIES_04 olution int 256 MapResolution int 2048 Scaling table {TexelDensity double 1024 Mode int 2 } LayoutSc
#ZOMPROPERTIES_04 alingMode int 2 MaxMutations int 1 } } IsTile bool false PolyIDs ints { } } Maps table {Density tabl
#ZOMPROPERTIES_04 e {PrimType string "Polygon" Size int 1 DefaultValue double 1 ScaleType string "Log" MergeMode strin
#ZOMPROPERTIES_04 g "Average" MinValue double 0.1 MaxValue double 4 Data doubles { r 2252 1 } } Pin table {PrimType st
#ZOMPROPERTIES_04 ring "Vertex" Size int 1 DefaultValue double 0 ScaleType string "Normalized" MergeMode string "Max" 
#ZOMPROPERTIES_04 MinValue double 0 MaxValue double 1 Data doubles { r 3259 0 } } Protect table {PrimType string "Vert
#ZOMPROPERTIES_04 ex" Size int 1 DefaultValue double 0 ScaleType string "Normalized" MergeMode string "Average" MinVal
#ZOMPROPERTIES_04 ue double -1 MaxValue double 1 Data doubles { r 3259 0 } } } } }
#ZOMPROPERTIES_04}


#ZOMSCENE_01{
#ZOMSCENE_01 CScene {Settings table {AxisSystem table {UpVector string "y" } Unit string "cm" TexelDensityDisplay
#ZOMSCENE_01 Unit string "tx/cm" } }
#ZOMSCENE_01}

#begin 0 fatal error vertex (that RizomUV cannot handle)
#end 0 fatal error vertex (that RizomUV cannot handle)

#begin 0 error vertex
#end 0 error vertex
