#File written by RizomUV 2022.1.57.gfabcfb8. Compilation :Sep 28 2022,23:52:22
mtllib 18 Low.mtl
#begin vertices
v -83.71606 -0.089294 -25.26218
v -75.0593 19.42666 -25.17578
v -83.71606 -0.089291 11.69696
v -75.0593 19.42666 11.61055
v -83.71606 2.30991 11.69696
v -83.69577 2.535189 11.61055
v -83.69577 2.535187 -25.17578
v -83.71606 2.309907 -25.26218
v -83.69577 8.468786 11.61055
v -83.69577 8.468784 -25.17578
v -74.88445 -0.089293 -12.20714
v -74.88445 -0.089292 -1.358092
v -75.0593 19.42666 -1.358093
v -75.0593 19.42666 -12.20714
v -83.69577 3.061558 11.61055
v -83.69577 3.061556 -25.17578
v -74.88445 -0.089293 -9.563317
v -74.88445 -0.089292 -4.001911
v -75.0593 19.42666 -4.001913
v -75.0593 19.42666 -9.563318
v -81.1751 8.468784 -9.563317
v -81.1751 3.061556 -9.563316
v -83.68377 19.42666 -25.17578
v -83.69577 19.41466 -25.17578
v -74.89691 -0.089294 -25.26218
v -74.88445 -0.089294 -25.25019
v -83.69577 19.41466 11.61055
v -83.68377 19.42666 11.61055
v -74.88445 -0.089291 11.68496
v -74.89691 -0.089291 11.69696
v -83.68377 18.0848 -25.18778
v -83.69577 18.0848 -25.17578
v -75.07162 18.0728 -25.17578
v -75.0473 18.0848 -25.18778
v -75.0593 18.0728 -25.16378
v -75.07162 18.0728 11.61055
v -75.0593 18.0728 11.59855
v -75.0473 18.0848 11.62255
v -83.68377 18.0848 11.62255
v -83.69577 18.0848 11.61055
v -83.68377 18.0848 -26.0666
v -83.69577 18.0968 -26.0666
v -83.68377 18.0968 -26.0786
v -83.69577 19.41466 -26.0666
v -83.68377 19.42666 -26.0666
v -83.68377 19.41466 -26.0786
v -74.16849 19.42666 -26.0666
v -74.15649 19.41466 -26.0666
v -74.16849 19.41466 -26.0786
v -74.16849 19.41466 12.51337
v -74.15649 19.41466 12.50137
v -74.16849 19.42666 12.50137
v -83.68377 19.42666 12.50137
v -83.69577 19.41466 12.50137
v -83.68377 19.41466 12.51337
v -74.15649 18.0968 -26.0666
v -74.16849 18.0848 -26.0666
v -74.16849 18.0968 -26.0786
v -74.15649 18.0968 12.50137
v -74.16849 18.0968 12.51337
v -74.16849 18.0848 12.50137
v -83.69577 18.0968 12.50137
v -83.68377 18.0848 12.50137
v -83.68377 18.0968 12.51337
v -75.05195 2.525706 -25.16687
v -75.07175 2.535186 -25.17578
v -75.0593 2.547186 -25.16378
v -74.89181 2.319386 -25.24601
v -74.88445 2.297907 -25.25019
v -74.89693 2.309907 -25.26218
v -75.05194 2.525709 11.60165
v -75.0593 2.547189 11.59855
v -75.07174 2.535189 11.61055
v -74.89181 2.319389 11.68079
v -74.89693 2.30991 11.69696
v -74.88445 2.29791 11.68496
v -75.0713 8.456784 -12.20714
v -75.0593 8.480784 -12.21914
v -75.0713 8.468784 -12.19514
v -75.0713 8.456785 -1.358093
v -75.0713 8.468785 -1.370093
v -75.0593 8.480785 -1.346093
v -75.07163 8.468786 11.61055
v -75.0593 8.468786 11.59855
v -75.0593 8.468783 -25.16378
v -75.07164 8.468783 -25.17578
v -75.0473 18.0848 -12.20714
v -75.0593 18.0728 -12.20714
v -75.0593 18.0728 -1.358093
v -75.0473 18.0848 -1.358093
v -74.16849 19.42666 -12.20714
v -74.15649 19.41466 -12.20714
v -74.15649 19.41466 -1.358093
v -74.16849 19.42666 -1.358093
v -74.15649 18.0968 -12.20714
v -74.16849 18.0848 -12.20714
v -74.16849 18.0848 -1.358093
v -74.15649 18.0968 -1.358093
v -75.0593 2.547187 -12.20714
v -75.05195 2.525707 -12.20714
v -75.05195 2.525708 -1.358092
v -75.0593 2.547188 -1.358092
v -74.89181 2.319387 -12.20714
v -74.88445 2.297908 -12.20714
v -74.88445 2.297909 -1.358092
v -74.89181 2.319388 -1.358092
v -75.0593 3.061558 11.59855
v -75.07167 3.061558 11.61055
v -75.0713 3.073556 -12.20714
v -75.0713 3.061556 -12.19514
v -75.0593 3.049556 -12.21914
v -75.0593 3.061555 -25.16378
v -75.07168 3.061555 -25.17578
v -75.0713 3.073557 -1.358092
v -75.0593 3.049557 -1.346092
v -75.0713 3.061557 -1.370092
v -81.17509 8.456785 -1.370093
v -81.1631 8.468785 -1.370093
v -81.1631 8.456785 -1.358093
v -81.1751 8.468784 -12.19514
v -81.1751 8.456784 -12.20714
v -81.1751 3.073556 -12.20714
v -81.1751 3.061556 -12.19514
v -81.17509 3.073557 -1.370092
v -81.1631 3.073557 -1.358092
v -81.1631 3.061557 -1.370092
v -75.0713 8.468784 -9.563318
v -75.0593 8.480784 -9.563318
v -75.0593 8.480785 -4.001912
v -75.0713 8.468785 -4.001912
v -74.89181 2.319388 -4.001911
v -74.88445 2.297909 -4.001911
v -74.88445 2.297908 -9.563317
v -74.89181 2.319387 -9.563317
v -75.0593 2.547188 -4.001911
v -75.05195 2.525708 -4.001911
v -75.05195 2.525707 -9.563317
v -75.0593 2.547187 -9.563317
v -75.0473 18.0848 -4.001913
v -75.0593 18.0728 -4.001913
v -75.0593 18.0728 -9.563318
v -75.0473 18.0848 -9.563318
v -74.15649 18.0968 -4.001913
v -74.16849 18.0848 -4.001913
v -74.16849 18.0848 -9.563318
v -74.15649 18.0968 -9.563318
v -74.16849 19.42666 -4.001913
v -74.15649 19.41466 -4.001913
v -74.15649 19.41466 -9.563319
v -74.16849 19.42666 -9.563319
v -75.0713 3.061557 -4.001911
v -75.0593 3.049557 -4.001911
v -75.0593 3.049556 -9.563317
v -75.0713 3.061556 -9.563317
v -81.1871 8.456785 -4.001911
v -81.1631 8.468785 -4.01391
v -81.1751 8.456785 -3.989911
v -81.1871 3.073557 -4.00191
v -81.1751 3.073557 -3.98991
v -81.1631 3.061557 -4.01391
v -93.37373 3.073556 -12.20713
v -93.38573 3.073556 -12.19514
v -93.37373 3.061556 -12.19514
v -93.37373 8.456784 -12.20713
v -93.37373 8.468784 -12.19514
v -93.38573 8.456784 -12.19514
v -93.37373 3.061556 -9.563315
v -93.38573 3.073556 -9.563315
v -93.37373 3.061557 -4.013909
v -93.38573 3.073557 -4.013909
v -93.37373 3.073557 -4.001909
v -93.38573 8.456784 -9.563316
v -93.37373 8.468784 -9.563316
v -93.37373 8.468785 -4.013909
v -93.37373 8.456785 -4.001909
v -93.38573 8.456785 -4.013909
v -70.31485 0.194292 -13.98608
v -73.08539 2.964831 -13.98608
v -70.66116 0.194292 -13.98608
v -70.66116 0.54061 -13.98608
v -71.00748 0.54061 -13.98608
v -71.00748 0.886927 -13.98608
v -71.3538 0.886927 -13.98608
v -71.3538 1.233245 -13.98608
v -71.70012 1.233245 -13.98608
v -71.70012 1.579562 -13.98608
v -72.04643 1.579562 -13.98608
v -72.04643 1.925879 -13.98608
v -72.39275 1.925879 -13.98608
v -72.39275 2.272197 -13.98608
v -72.73907 2.272197 -13.98608
v -72.73907 2.618514 -13.98608
v -73.08539 2.618514 -13.98608
v -70.31485 -0.024873 -13.98608
v -75.19252 2.964831 -13.98608
v -70.66116 -0.024873 -13.98608
v -71.00748 -0.024873 -13.98608
v -71.3538 -0.024873 -13.98608
v -71.70012 -0.024873 -13.98608
v -72.04643 -0.024873 -13.98608
v -72.39275 -0.024873 -13.98608
v -72.73907 -0.024873 -13.98608
v -73.08539 -0.024873 -13.98608
v -75.19252 -0.024873 -13.98608
v -75.19252 2.624639 -13.98608
v -73.08539 0.30555 -13.98608
v -73.08539 0.635974 -13.98608
v -73.08539 0.966397 -13.98608
v -73.08539 1.29682 -13.98608
v -73.08539 1.627244 -13.98608
v -73.08539 1.957667 -13.98608
v -73.08539 2.288091 -13.98608
v -75.19252 2.29345 -13.98608
v -75.19252 1.962261 -13.98608
v -75.19252 1.631072 -13.98608
v -75.19252 1.299883 -13.98608
v -75.19252 0.968694 -13.98608
v -75.19252 0.637505 -13.98608
v -75.19252 0.306316 -13.98608
v -72.73907 1.941773 -13.98608
v -72.73907 1.61135 -13.98608
v -72.39275 1.595456 -13.98608
v -72.73907 1.280926 -13.98608
v -72.39275 1.265032 -13.98608
v -72.04643 1.249139 -13.98608
v -72.73907 0.950503 -13.98608
v -72.39275 0.934609 -13.98608
v -72.04643 0.918715 -13.98608
v -71.70012 0.902821 -13.98608
v -72.73907 0.620079 -13.98608
v -72.39275 0.604186 -13.98608
v -72.04643 0.588292 -13.98608
v -71.70012 0.572398 -13.98608
v -71.3538 0.556503 -13.98608
v -72.73907 0.289656 -13.98608
v -72.39275 0.273762 -13.98608
v -72.04643 0.257868 -13.98608
v -71.70012 0.241974 -13.98608
v -71.3538 0.22608 -13.98608
v -71.00748 0.210186 -13.98608
v -70.31485 0.194293 0.42085
v -73.08539 2.964832 0.42085
v -70.66116 0.194293 0.42085
v -70.66116 0.540611 0.42085
v -71.00748 0.540611 0.42085
v -71.00748 0.886928 0.42085
v -71.3538 0.886928 0.42085
v -71.3538 1.233246 0.42085
v -71.70012 1.233246 0.42085
v -71.70012 1.579563 0.42085
v -72.04643 1.579563 0.42085
v -72.04643 1.92588 0.42085
v -72.39275 1.92588 0.42085
v -72.39275 2.272198 0.42085
v -72.73907 2.272198 0.42085
v -72.73907 2.618515 0.42085
v -73.08539 2.618515 0.42085
v -70.31485 -0.024872 0.42085
v -75.19252 2.964832 0.42085
v -70.66116 -0.024872 0.42085
v -71.00748 -0.024872 0.42085
v -71.3538 -0.024872 0.42085
v -71.70012 -0.024872 0.42085
v -72.04643 -0.024872 0.42085
v -72.39275 -0.024872 0.42085
v -72.73907 -0.024872 0.42085
v -73.08539 -0.024872 0.42085
v -75.19252 -0.024872 0.42085
v -75.19252 2.62464 0.42085
v -73.08539 0.305551 0.42085
v -73.08539 0.635975 0.42085
v -73.08539 0.966398 0.42085
v -73.08539 1.296821 0.42085
v -73.08539 1.627245 0.42085
v -73.08539 1.957668 0.42085
v -73.08539 2.288092 0.42085
v -75.19252 2.293451 0.42085
v -75.19252 1.962262 0.42085
v -75.19252 1.631073 0.42085
v -75.19252 1.299884 0.42085
v -75.19252 0.968695 0.42085
v -75.19252 0.637506 0.42085
v -75.19252 0.306317 0.42085
v -72.73907 1.941774 0.42085
v -72.73907 1.611351 0.42085
v -72.39275 1.595457 0.42085
v -72.73907 1.280927 0.42085
v -72.39275 1.265033 0.42085
v -72.04643 1.24914 0.42085
v -72.73907 0.950504 0.42085
v -72.39275 0.93461 0.42085
v -72.04643 0.918716 0.42085
v -71.70012 0.902822 0.42085
v -72.73907 0.62008 0.42085
v -72.39275 0.604187 0.42085
v -72.04643 0.588293 0.42085
v -71.70012 0.572399 0.42085
v -71.3538 0.556504 0.42085
v -72.73907 0.289657 0.42085
v -72.39275 0.273763 0.42085
v -72.04643 0.257869 0.42085
v -71.70012 0.241975 0.42085
v -71.3538 0.226081 0.42085
v -71.00748 0.210187 0.42085
v -75.19252 3.071749 -13.97407
v -75.19252 3.05975 -13.98608
v -70.21993 -0.024873 -13.98608
v -70.20793 -0.024873 -13.97407
v -72.97847 3.05975 -13.97407
v -72.99047 3.05975 -13.98608
v -72.99047 3.071749 -13.97407
v -72.97847 2.737432 -13.97407
v -72.96647 2.725432 -13.97407
v -72.99047 2.713432 -13.98608
v -72.64415 2.725432 -13.97407
v -72.63215 2.713432 -13.97407
v -72.64415 2.713432 -13.98608
v -72.63215 2.391115 -13.97407
v -72.62015 2.379115 -13.97407
v -72.64415 2.367115 -13.98608
v -72.29784 2.379115 -13.97407
v -72.28584 2.367115 -13.97407
v -72.29784 2.367115 -13.98608
v -72.28584 2.044797 -13.97407
v -72.27383 2.032797 -13.97407
v -72.29784 2.020797 -13.98608
v -71.95152 2.032797 -13.97407
v -71.93951 2.020797 -13.97407
v -71.95152 2.020797 -13.98608
v -71.93951 1.69848 -13.97407
v -71.92751 1.68648 -13.97407
v -71.95152 1.67448 -13.98608
v -71.6052 1.68648 -13.97407
v -71.5932 1.67448 -13.97407
v -71.6052 1.67448 -13.98608
v -71.5932 1.352163 -13.97407
v -71.5812 1.340163 -13.97407
v -71.6052 1.328163 -13.98608
v -71.25888 1.340163 -13.97407
v -71.24688 1.328163 -13.97407
v -71.25888 1.328163 -13.98608
v -71.24688 1.005845 -13.97407
v -71.23488 0.993845 -13.97407
v -71.25888 0.981845 -13.98608
v -70.91257 0.993845 -13.97407
v -70.90057 0.981845 -13.97407
v -70.91257 0.981845 -13.98608
v -70.90057 0.659528 -13.97407
v -70.88856 0.647528 -13.97407
v -70.91257 0.635528 -13.98608
v -70.56625 0.647528 -13.97407
v -70.55424 0.635528 -13.97407
v -70.56625 0.635528 -13.98608
v -70.55424 0.313211 -13.97407
v -70.54224 0.301211 -13.97407
v -70.56625 0.289211 -13.98608
v -70.21993 0.301211 -13.97407
v -70.20793 0.289211 -13.97407
v -70.21993 0.289211 -13.98608
v -75.19252 3.059751 0.42085
v -75.19252 3.07175 0.40885
v -70.20793 -0.024872 0.40885
v -70.21993 -0.024872 0.42085
v -72.99047 3.07175 0.40885
v -72.99047 3.059751 0.42085
v -72.97847 3.059751 0.40885
v -72.97847 2.737433 0.40885
v -72.99047 2.713433 0.42085
v -72.96647 2.725433 0.40885
v -72.64415 2.725433 0.40885
v -72.64415 2.713433 0.42085
v -72.63215 2.713433 0.40885
v -72.63215 2.391116 0.40885
v -72.64415 2.367116 0.42085
v -72.62015 2.379116 0.40885
v -72.29784 2.379116 0.40885
v -72.29784 2.367116 0.42085
v -72.28584 2.367116 0.40885
v -72.28584 2.044798 0.40885
v -72.29784 2.020798 0.42085
v -72.27383 2.032798 0.40885
v -71.95152 2.032798 0.40885
v -71.95152 2.020798 0.42085
v -71.93951 2.020798 0.40885
v -71.93951 1.698481 0.40885
v -71.95152 1.674481 0.42085
v -71.92751 1.686481 0.40885
v -71.6052 1.686481 0.40885
v -71.6052 1.674481 0.42085
v -71.5932 1.674481 0.40885
v -71.5932 1.352164 0.40885
v -71.6052 1.328164 0.42085
v -71.5812 1.340164 0.40885
v -71.25888 1.340164 0.40885
v -71.25888 1.328164 0.42085
v -71.24688 1.328164 0.40885
v -71.24688 1.005846 0.40885
v -71.25888 0.981846 0.42085
v -71.23488 0.993846 0.40885
v -70.91257 0.993846 0.40885
v -70.91257 0.981846 0.42085
v -70.90057 0.981846 0.40885
v -70.90057 0.659529 0.40885
v -70.91257 0.635529 0.42085
v -70.88856 0.647529 0.40885
v -70.56625 0.647529 0.40885
v -70.56625 0.635529 0.42085
v -70.55424 0.635529 0.40885
v -70.55424 0.313212 0.40885
v -70.56625 0.289212 0.42085
v -70.54224 0.301212 0.40885
v -70.21993 0.301212 0.40885
v -70.21993 0.289212 0.42085
v -70.20793 0.289212 0.40885
v -76.40898 10.44382 10.40257
v -76.40898 10.44382 7.574049
v -76.40898 10.06021 10.36857
v -76.40898 10.09422 10.40257
v -76.40898 10.09422 7.574049
v -76.40898 10.06021 7.608049
v -74.44298 10.06021 10.36857
v -74.40898 10.09422 10.36857
v -74.44298 10.09422 10.40257
v -74.44298 10.44382 10.40257
v -74.40898 10.44382 10.36857
v -74.44298 10.06021 7.608049
v -74.44298 10.09422 7.574049
v -74.40898 10.09422 7.608049
v -74.40898 10.44382 7.608049
v -74.44298 10.44382 7.574049
v -76.40898 10.44382 4.208105
v -76.40898 10.44382 1.37958
v -76.40898 10.06021 4.174105
v -76.40898 10.09421 4.208105
v -76.40898 10.09421 1.37958
v -76.40898 10.06021 1.41358
v -74.44298 10.06021 4.174105
v -74.40898 10.09421 4.174105
v -74.44298 10.09421 4.208105
v -74.44298 10.44382 4.208105
v -74.40898 10.44382 4.174105
v -74.44298 10.06021 1.41358
v -74.44298 10.09421 1.37958
v -74.40898 10.09421 1.41358
v -74.40898 10.44382 1.41358
v -74.44298 10.44382 1.37958
v -76.40898 10.44382 -1.986364
v -76.40898 10.44382 -4.814888
v -76.40898 10.06021 -2.020364
v -76.40898 10.09421 -1.986364
v -76.40898 10.09421 -4.814888
v -76.40898 10.06021 -4.780889
v -74.44298 10.06021 -2.020364
v -74.40898 10.09421 -2.020364
v -74.44298 10.09421 -1.986364
v -74.44298 10.44382 -1.986364
v -74.40898 10.44382 -2.020364
v -74.44298 10.06021 -4.780889
v -74.44298 10.09421 -4.814888
v -74.40898 10.09421 -4.780889
v -74.40898 10.44382 -4.780889
v -74.44298 10.44382 -4.814888
v -76.40898 10.44382 -8.180832
v -76.40898 10.44382 -11.00936
v -76.40898 10.06021 -8.214832
v -76.40898 10.09421 -8.180832
v -76.40898 10.09421 -11.00936
v -76.40898 10.06021 -10.97536
v -74.44298 10.06021 -8.214832
v -74.40898 10.09421 -8.214832
v -74.44298 10.09421 -8.180832
v -74.44298 10.44382 -8.180832
v -74.40898 10.44382 -8.214832
v -74.44298 10.06021 -10.97536
v -74.44298 10.09421 -11.00936
v -74.40898 10.09421 -10.97536
v -74.40898 10.44382 -10.97536
v -74.44298 10.44382 -11.00936
v -76.40898 10.44382 -14.3753
v -76.40898 10.44382 -17.20383
v -76.40898 10.06021 -14.4093
v -76.40898 10.09421 -14.3753
v -76.40898 10.09421 -17.20383
v -76.40898 10.06021 -17.16983
v -74.44298 10.06021 -14.4093
v -74.40898 10.09421 -14.4093
v -74.44298 10.09421 -14.3753
v -74.44298 10.44382 -14.3753
v -74.40898 10.44382 -14.4093
v -74.44298 10.06021 -17.16983
v -74.44298 10.09421 -17.20383
v -74.40898 10.09421 -17.16983
v -74.40898 10.44382 -17.16983
v -74.44298 10.44382 -17.20383
v -76.40898 10.44381 -20.56977
v -76.40898 10.44381 -23.3983
v -76.40898 10.06021 -20.60377
v -76.40898 10.09421 -20.56977
v -76.40898 10.09421 -23.3983
v -76.40898 10.06021 -23.3643
v -74.44298 10.06021 -20.60377
v -74.40898 10.09421 -20.60377
v -74.44298 10.09421 -20.56977
v -74.44298 10.44381 -20.56977
v -74.40898 10.44381 -20.60377
v -74.44298 10.06021 -23.3643
v -74.44298 10.09421 -23.3983
v -74.40898 10.09421 -23.3643
v -74.40898 10.44381 -23.3643
v -74.44298 10.44381 -23.3983
v -76.40898 6.526419 10.40257
v -76.40898 6.526419 7.574049
v -76.40898 6.142816 10.36857
v -76.40898 6.176816 10.40258
v -76.40898 6.176816 7.574049
v -76.40898 6.142816 7.608049
v -74.44298 6.142816 10.36857
v -74.40898 6.176816 10.36857
v -74.44298 6.176816 10.40258
v -74.44298 6.526419 10.40257
v -74.40898 6.526419 10.36857
v -74.44298 6.142816 7.608049
v -74.44298 6.176816 7.574049
v -74.40898 6.176816 7.608049
v -74.40898 6.526419 7.608049
v -74.44298 6.526419 7.574049
v -76.40898 6.526419 4.208106
v -76.40898 6.526418 1.37958
v -76.40898 6.142816 4.174106
v -76.40898 6.176816 4.208106
v -76.40898 6.176815 1.37958
v -76.40898 6.142815 1.413581
v -74.44298 6.142816 4.174106
v -74.40898 6.176816 4.174106
v -74.44298 6.176816 4.208106
v -74.44298 6.526419 4.208106
v -74.40898 6.526419 4.174106
v -74.44298 6.142815 1.413581
v -74.44298 6.176815 1.37958
v -74.40898 6.176815 1.413581
v -74.40898 6.526418 1.413581
v -74.44298 6.526418 1.37958
v -76.40898 6.526416 -23.31832
v -76.40898 6.526417 -20.4898
v -76.40898 6.142813 -23.28432
v -76.40898 6.176813 -23.31832
v -76.40898 6.176814 -20.4898
v -76.40898 6.142814 -20.5238
v -74.44299 6.142813 -23.28432
v -74.40898 6.176813 -23.28432
v -74.44299 6.176813 -23.31832
v -74.44299 6.526416 -23.31832
v -74.40898 6.526416 -23.28432
v -74.44299 6.142814 -20.5238
v -74.44299 6.176814 -20.4898
v -74.40898 6.176814 -20.5238
v -74.40898 6.526417 -20.5238
v -74.44299 6.526417 -20.4898
v -76.40898 6.526417 -17.28183
v -76.40898 6.526417 -14.45331
v -76.40898 6.142814 -17.24783
v -76.40898 6.176814 -17.28183
v -76.40898 6.176814 -14.45331
v -76.40898 6.142814 -14.48731
v -74.44299 6.142814 -17.24783
v -74.40898 6.176814 -17.24783
v -74.44299 6.176814 -17.28183
v -74.44299 6.526417 -17.28183
v -74.40898 6.526417 -17.24783
v -74.44299 6.142814 -14.48731
v -74.44299 6.176814 -14.45331
v -74.40898 6.176814 -14.48731
v -74.40898 6.526417 -14.48731
v -74.44299 6.526417 -14.45331
v -81.64754 2.820796 -6.077802
v -81.65755 2.820796 -6.087802
v -81.65755 8.780366 -6.087802
v -81.64754 8.780366 -6.077803
v -81.65755 2.820796 -7.477424
v -81.64754 2.820796 -7.487424
v -81.64754 8.780365 -7.487424
v -81.65755 8.780365 -7.477425
v -76.88638 2.820796 -6.087802
v -76.89638 2.820796 -6.077802
v -76.89638 8.780366 -6.077803
v -76.88638 8.780366 -6.087802
v -76.89638 2.820796 -7.487424
v -76.88638 2.820796 -7.477424
v -76.88638 8.780365 -7.477425
v -76.89638 8.780365 -7.487424
v -81.64754 8.135269 -6.077803
v -81.65755 8.135269 -6.087802
v -81.64967 8.119106 -6.092314
v -81.63191 8.116764 -6.083063
v -81.54583 8.037872 -6.14256
v -81.53795 8.021711 -6.145669
v -81.52795 8.021711 -6.13567
v -81.53405 8.040216 -6.130408
v -81.54583 3.563288 -6.14256
v -81.53405 3.560946 -6.130408
v -81.52795 3.579449 -6.13567
v -81.53795 3.579449 -6.145669
v -81.64967 3.482054 -6.092314
v -81.65755 3.465893 -6.087802
v -81.64754 3.465893 -6.077803
v -81.63191 3.484396 -6.083063
v -81.64754 3.465893 -7.487424
v -81.65755 3.465893 -7.477425
v -81.64967 3.482054 -7.472911
v -81.63191 3.484396 -7.482163
v -81.54583 3.563288 -7.422668
v -81.53795 3.579449 -7.419558
v -81.52795 3.579449 -7.429557
v -81.53405 3.560946 -7.434817
v -81.54583 8.037871 -7.422668
v -81.53405 8.040215 -7.434817
v -81.52795 8.02171 -7.429557
v -81.53795 8.02171 -7.419558
v -81.64967 8.119106 -7.472911
v -81.65755 8.135268 -7.477425
v -81.64754 8.135268 -7.487424
v -81.63191 8.116763 -7.482163
v -76.88638 3.465893 -7.477425
v -76.89638 3.465893 -7.487424
v -76.91202 3.484396 -7.482163
v -76.89426 3.482054 -7.472911
v -77.00987 3.560946 -7.434817
v -77.01598 3.579449 -7.429557
v -77.00597 3.579449 -7.419558
v -76.9981 3.563288 -7.422668
v -77.00987 8.040215 -7.434817
v -76.9981 8.037871 -7.422668
v -77.00597 8.02171 -7.419558
v -77.01598 8.02171 -7.429557
v -76.91202 8.116763 -7.482163
v -76.89638 8.135268 -7.487424
v -76.88638 8.135268 -7.477425
v -76.89426 8.119105 -7.472911
v -76.89638 3.465893 -6.077803
v -76.88638 3.465893 -6.087802
v -76.89426 3.482054 -6.092314
v -76.91202 3.484396 -6.083063
v -76.9981 3.563288 -6.14256
v -77.00597 3.579449 -6.145669
v -77.01598 3.579449 -6.13567
v -77.00987 3.560946 -6.130408
v -76.9981 8.037872 -6.14256
v -77.00987 8.040216 -6.130408
v -77.01598 8.021711 -6.13567
v -77.00597 8.021711 -6.145669
v -76.89426 8.119106 -6.092314
v -76.88638 8.135269 -6.087802
v -76.89638 8.135269 -6.077803
v -76.91202 8.116764 -6.083063
v -79.18903 2.955306 -3.651149
v -78.73511 2.955306 -3.580812
v -78.30364 2.955306 -3.423271
v -77.9112 2.955306 -3.184583
v -77.57286 2.955306 -2.873918
v -77.30164 2.955306 -2.503217
v -77.10793 2.955306 -2.086724
v -76.99921 2.955306 -1.640446
v -76.97965 2.955306 -1.181532
v -81.19208 2.955306 -2.719595
v -80.88142 2.955306 -3.057933
v -80.51071 2.955306 -3.329162
v -80.09422 2.955306 -3.522859
v -79.64794 2.955306 -3.631581
v -79.1887 4.422524 -3.656941
v -79.64876 4.422524 -3.637325
v -80.09614 4.422524 -3.528334
v -80.51366 4.422524 -3.334157
v -80.88528 4.422525 -3.062256
v -81.19672 4.422525 -2.723081
v -76.97385 4.422525 -1.18121
v -76.99347 4.422525 -1.64126
v -77.10246 4.422525 -2.088643
v -77.29664 4.422525 -2.506167
v -77.56853 4.422525 -2.877786
v -77.90771 4.422524 -3.18922
v -78.30113 4.422524 -3.428499
v -78.73367 4.422524 -3.586429
v -78.71882 8.83559 -3.644124
v -79.18539 8.83559 -3.716424
v -78.27531 8.83559 -3.482188
v -77.87192 8.83559 -3.236841
v -77.52414 8.83559 -2.917508
v -77.24535 8.83559 -2.536464
v -77.04624 8.83559 -2.10835
v -76.93449 8.83559 -1.64962
v -76.91438 8.83559 -1.177902
v -81.24434 8.83559 -2.758879
v -80.925 8.83559 -3.106656
v -80.54396 8.83559 -3.385453
v -80.11584 8.83559 -3.584555
v -79.65711 8.83559 -3.69631
v -79.19387 8.818817 -3.564056
v -78.75686 8.818817 -3.496337
v -78.34145 8.818817 -3.344662
v -77.96362 8.818817 -3.114859
v -77.63787 8.818817 -2.81576
v -77.37674 8.818817 -2.458859
v -77.19025 8.818817 -2.057871
v -77.08558 8.818817 -1.628206
v -77.06674 8.818817 -1.186377
v -81.12235 8.818817 -2.667182
v -80.82326 8.818817 -2.992924
v -80.46635 8.818817 -3.254056
v -80.06537 8.818817 -3.440542
v -79.6357 8.818817 -3.545217
v -79.1874 4.700047 -3.680419
v -78.72781 4.700047 -3.609201
v -78.29094 4.700047 -3.44969
v -77.89359 4.700047 -3.208015
v -77.55102 4.700047 -2.893464
v -77.27639 4.700047 -2.518125
v -77.08027 4.700047 -2.096421
v -76.97019 4.700047 -1.644559
v -76.95038 4.700047 -1.179904
v -81.21551 4.700047 -2.73721
v -80.90096 4.700047 -3.079781
v -80.52562 4.700047 -3.354403
v -80.10392 4.700047 -3.550524
v -79.65205 4.700047 -3.660606
v -79.18913 4.435884 -3.649314
v -79.64768 4.435884 -3.629761
v -80.09361 4.435884 -3.521125
v -80.50978 4.435884 -3.327579
v -80.88019 4.435885 -3.056563
v -81.19061 4.435885 -2.718491
v -76.98148 4.435885 -1.181634
v -77.00103 4.435885 -1.640188
v -77.10967 4.435885 -2.086116
v -77.30321 4.435885 -2.502283
v -77.57423 4.435885 -2.872693
v -77.91231 4.435884 -3.183114
v -78.30444 4.435884 -3.421615
v -78.73557 4.435884 -3.579032
v -78.95033 8.83559 -3.691726
v -78.49309 8.83559 -3.574042
v -78.06759 8.83559 -3.369415
v -77.69019 8.83559 -3.08571
v -77.37539 8.83559 -2.733829
v -77.13528 8.83559 -2.327294
v -76.9791 8.83559 -1.881728
v -76.91285 8.83559 -1.414255
v -81.0932 8.83559 -2.940605
v -80.74133 8.83559 -3.255407
v -80.33478 8.83559 -3.495511
v -79.88922 8.83559 -3.651691
v -79.42175 8.83559 -3.717945
v -78.96034 2.955306 -3.627121
v -78.51551 2.955306 -3.512631
v -78.10156 2.955306 -3.313559
v -77.73441 2.955306 -3.037555
v -77.42815 2.955306 -2.695225
v -77.19456 2.955306 -2.299724
v -77.04262 2.955306 -1.866253
v -76.97817 2.955306 -1.411469
v -81.04505 2.955306 -2.896389
v -80.70272 2.955306 -3.202646
v -80.30722 2.955306 -3.436233
v -79.87375 2.955306 -3.588173
v -79.41897 2.955306 -3.652628
v -79.41921 4.422524 -3.658424
v -79.87512 4.422524 -3.59381
v -80.30967 4.422524 -3.441493
v -80.70615 4.422524 -3.207328
v -81.04932 4.422525 -2.900312
v -76.97237 4.422525 -1.411716
v -77.03699 4.422525 -1.867627
v -77.1893 4.422525 -2.302171
v -77.42347 4.422525 -2.69865
v -77.73048 4.422525 -3.041828
v -78.09855 4.422524 -3.318516
v -78.51352 4.422524 -3.518081
v -78.95946 4.422524 -3.632854
v -79.42021 4.700047 -3.681917
v -79.88068 4.700047 -3.616655
v -80.31958 4.700047 -3.462814
v -80.72003 4.700047 -3.226304
v -81.06664 4.700047 -2.916215
v -76.94888 4.700047 -1.412718
v -77.01414 4.700047 -1.873192
v -77.16798 4.700047 -2.312086
v -77.40449 4.700047 -2.712535
v -77.71458 4.700047 -3.059148
v -78.08633 4.700047 -3.338605
v -78.50545 4.700047 -3.540168
v -78.95586 4.700047 -3.65609
v -77.12513 6.588607 -2.080698
v -77.01725 6.588607 -1.63789
v -77.92215 6.588606 -3.170019
v -79.64539 6.588606 -3.613543
v -79.19004 6.588606 -3.632957
v -78.73965 6.588606 -3.563168
v -78.31154 6.588606 -3.406852
v -80.86926 6.588607 -3.044354
v -80.50145 6.588606 -3.313474
v -77.58644 6.588607 -2.86177
v -77.31732 6.588607 -2.493952
v -76.99783 6.588607 -1.182544
v -81.17751 6.588607 -2.708647
v -80.0882 6.588606 -3.505666
v -79.41888 4.435884 -3.650792
v -79.87331 4.435884 -3.586388
v -80.30644 4.435884 -3.434566
v -80.70164 4.435884 -3.201162
v -81.04369 4.435885 -2.895146
v -76.98 4.435885 -1.411391
v -77.0444 4.435885 -1.865818
v -77.19623 4.435885 -2.298949
v -77.42963 4.435885 -2.694139
v -77.73565 4.435885 -3.036201
v -78.10252 4.435884 -3.311989
v -78.51614 4.435884 -3.510905
v -78.96062 4.435884 -3.625305
v -78.9737 8.818817 -3.540922
v -78.54543 8.818817 -3.430695
v -78.14689 8.818817 -3.239034
v -77.7934 8.818817 -2.973304
v -77.49855 8.818817 -2.643718
v -77.27366 8.818817 -2.262942
v -77.12737 8.818817 -1.845608
v -77.06531 8.818817 -1.407754
v -80.9808 8.818817 -2.837393
v -80.65121 8.818817 -3.132249
v -80.27044 8.818817 -3.35714
v -79.8531 8.818817 -3.503425
v -79.41524 8.818817 -3.56548
v -80.06448 6.534817 -3.438032
v -79.63533 6.534817 -3.542583
v -79.63534 4.700047 -3.542628
v -79.19402 4.700047 -3.561446
v -79.19402 6.534815 -3.5614
v -80.0645 4.700047 -3.438075
v -78.75751 4.700047 -3.493805
v -78.75752 6.534817 -3.493762
v -78.34258 4.700047 -3.342305
v -78.3426 6.534817 -3.342264
v -77.96519 4.700047 -3.112769
v -77.96521 6.534817 -3.112732
v -77.63982 4.700047 -2.814016
v -77.63985 6.534817 -2.813987
v -77.37899 4.700047 -2.457529
v -77.37903 6.534817 -2.457505
v -77.19272 4.700047 -2.057006
v -77.19276 6.534817 -2.05699
v -77.08817 4.700047 -1.627839
v -77.08821 6.534817 -1.627833
v -77.06935 4.700047 -1.186521
v -81.12026 4.700047 -2.66561
v -81.12023 6.534817 -2.665583
v -80.82151 4.700047 -2.990975
v -80.82148 6.534817 -2.990942
v -80.46503 4.700047 -3.251805
v -80.465 6.534817 -3.251765
v -79.18947 2.956519 -3.643241
v -78.73709 2.956519 -3.573141
v -78.30708 2.956519 -3.416133
v -77.91596 2.956519 -3.178251
v -77.57877 2.956519 -2.868637
v -77.30846 2.956519 -2.499189
v -77.11541 2.956519 -2.084104
v -77.00706 2.956519 -1.639334
v -76.98756 2.956519 -1.181972
v -81.18574 2.956519 -2.714835
v -80.87614 2.956519 -3.05203
v -80.50668 2.956519 -3.322342
v -80.0916 2.956519 -3.515385
v -79.64683 2.956519 -3.623738
v -78.96313 6.588606 -3.609117
v -77.74673 6.588607 -3.024134
v -77.21108 6.588607 -2.292042
v -77.06033 6.588607 -1.861941
v -78.11103 6.588606 -3.297992
v -79.41819 6.588606 -3.634425
v -78.52176 6.588606 -3.495517
v -80.69196 6.588606 -3.187943
v -77.44286 6.588607 -2.684466
v -79.85249 4.700047 -3.500885
v -78.54633 4.700047 -3.428239
v -78.14825 4.700047 -3.2368
v -77.79517 4.700047 -2.971378
v -77.50066 4.700047 -2.642174
v -77.27602 4.700047 -2.261839
v -77.12991 4.700047 -1.844988
v -77.06792 4.700047 -1.407642
v -80.97887 4.700047 -2.835625
v -80.64967 4.700047 -3.130139
v -80.26933 4.700047 -3.35477
v -79.41514 4.700047 -3.562869
v -80.29954 6.588606 -3.419713
v -79.86944 6.588606 -3.570472
v -76.99637 6.588607 -1.410694
v -81.03163 6.588607 -2.884067
v -78.9741 4.700047 -3.538339
v -80.26932 6.534817 -3.354728
v -80.64964 6.534817 -3.130102
v -80.97884 6.534817 -2.835594
v -77.06797 6.534817 -1.40764
v -77.12995 6.534817 -1.844977
v -77.27607 6.534817 -2.261821
v -77.50069 6.534817 -2.642148
v -77.7952 6.534817 -2.971344
v -78.14827 6.534817 -3.236762
v -78.54634 6.534817 -3.428196
v -78.97411 6.534817 -3.538295
v -79.41514 6.534815 -3.562824
v -79.85247 6.534817 -3.50084
v -78.96156 2.956519 -3.619294
v -78.51823 2.956519 -3.505191
v -78.10568 2.956519 -3.306792
v -77.73976 2.956519 -3.03172
v -77.43454 2.956519 -2.690547
v -77.20174 2.956519 -2.296384
v -77.05032 2.956519 -1.864379
v -76.98608 2.956519 -1.411132
v -81.03921 2.956519 -2.891031
v -80.69804 2.956519 -3.196253
v -80.30388 2.956519 -3.429051
v -79.87187 2.956519 -3.580478
v -79.41863 2.956519 -3.644715
v -79.18542 4.744453 -3.716115
v -79.18527 4.741816 -3.71876
v -78.71824 4.741816 -3.64639
v -78.7189 4.744453 -3.643825
v -78.2743 4.741816 -3.484298
v -78.27544 4.744453 -3.48191
v -77.87051 4.741816 -3.23871
v -77.8721 4.744453 -3.236593
v -77.52239 4.741816 -2.919069
v -77.52437 4.744454 -2.917301
v -77.24332 4.741816 -2.537653
v -77.2456 4.744454 -2.536305
v -77.04403 4.741816 -2.109124
v -77.04653 4.744454 -2.108248
v -76.93217 4.741816 -1.649948
v -76.93479 4.744454 -1.649576
v -76.91203 4.741816 -1.177771
v -76.91468 4.744454 -1.177919
v -81.24621 4.741816 -2.760284
v -81.24409 4.744454 -2.758693
v -80.92657 4.741816 -3.108401
v -80.9248 4.744454 -3.106426
v -80.54515 4.741816 -3.387469
v -80.5438 4.744453 -3.385186
v -80.11662 4.741816 -3.586763
v -80.11575 4.744453 -3.584262
v -79.65744 4.741816 -3.698627
v -79.65707 4.744453 -3.696003
v -79.42174 4.744453 -3.717635
v -79.42185 4.741816 -3.720284
v -79.88915 4.744453 -3.651392
v -79.88978 4.741816 -3.653965
v -80.33466 4.744453 -3.49523
v -80.33578 4.741816 -3.497633
v -80.74114 4.744453 -3.255157
v -80.74271 4.741816 -3.257295
v -81.09298 4.744454 -2.940396
v -81.09493 4.741816 -2.942189
v -76.91316 4.744454 -1.414241
v -76.91052 4.741816 -1.414354
v -76.97941 4.744454 -1.881654
v -76.97683 4.741816 -1.882281
v -77.13557 4.744454 -2.327163
v -77.13316 4.741816 -2.32828
v -77.37564 4.744454 -2.733645
v -77.3735 4.741816 -2.73521
v -77.6904 4.744454 -3.085482
v -77.68861 4.741816 -3.087434
v -78.06776 4.744453 -3.36915
v -78.06638 4.741816 -3.371414
v -78.4932 4.744453 -3.57375
v -78.49229 4.741816 -3.576241
v -78.95038 4.744453 -3.691419
v -78.94997 4.741816 -3.694038
v -79.63492 4.741823 -3.539674
v -79.63526 4.744453 -3.542103
v -79.19405 4.744453 -3.560916
v -79.19418 4.741823 -3.558466
v -78.75764 4.744453 -3.493291
v -78.75826 4.741823 -3.490916
v -78.34281 4.744453 -3.341827
v -78.34387 4.741823 -3.339617
v -77.9655 4.744454 -3.112345
v -77.96698 4.741823 -3.110384
v -77.64021 4.744454 -2.813663
v -77.64204 4.741823 -2.812027
v -77.37945 4.744454 -2.457259
v -77.38156 4.741823 -2.456012
v -77.19322 4.744454 -2.05683
v -77.19553 4.741823 -2.056019
v -77.08869 4.744454 -1.627764
v -77.09113 4.741823 -1.62742
v -77.06988 4.744454 -1.18655
v -77.07233 4.741823 -1.186687
v -81.11984 4.744454 -2.665292
v -81.11788 4.741823 -2.663817
v -80.82116 4.744454 -2.990581
v -80.81952 4.741823 -2.988751
v -80.46475 4.744453 -3.251348
v -80.46351 4.741823 -3.249235
v -80.06432 4.744453 -3.437574
v -80.06351 4.741823 -3.435258
v -79.85178 4.741823 -3.497985
v -79.85236 4.744453 -3.50037
v -80.26807 4.741823 -3.352064
v -80.26911 4.744453 -3.35429
v -80.64791 4.741823 -3.127732
v -80.64935 4.744454 -3.129711
v -80.97668 4.741823 -2.833606
v -80.97849 4.744454 -2.835267
v -77.07091 4.741823 -1.407514
v -77.06846 4.744454 -1.407619
v -77.13281 4.741823 -1.844282
v -77.13042 4.744454 -1.844862
v -77.27873 4.741823 -2.260581
v -77.27651 4.744454 -2.261616
v -77.50307 4.741823 -2.640413
v -77.50108 4.744454 -2.641861
v -77.79719 4.741823 -2.969181
v -77.79553 4.744454 -2.970988
v -78.1498 4.741823 -3.234251
v -78.14853 4.744453 -3.236346
v -78.54735 4.741823 -3.425436
v -78.54651 4.744453 -3.427741
v -78.97456 4.741823 -3.53539
v -78.97418 4.744453 -3.537814
v -79.41501 4.741823 -3.559886
v -79.41512 4.744453 -3.562339
v -79.18521 4.427063 -3.719759
v -79.18546 4.422524 -3.715236
v -78.71912 4.422524 -3.642972
v -78.71799 4.427063 -3.647358
v -78.27583 4.422524 -3.481116
v -78.27387 4.427063 -3.485198
v -77.87264 4.422524 -3.235889
v -77.86991 4.427063 -3.23951
v -77.52502 4.422525 -2.916715
v -77.52165 4.427063 -2.919734
v -77.24637 4.422525 -2.535859
v -77.24247 4.427063 -2.538162
v -77.04736 4.422525 -2.107956
v -77.04309 4.427063 -2.109454
v -76.93566 4.422525 -1.649453
v -76.93117 4.427063 -1.650088
v -76.91556 4.422525 -1.177967
v -76.91103 4.427063 -1.177716
v -81.24339 4.422525 -2.758163
v -81.247 4.427063 -2.760885
v -80.92421 4.422525 -3.10577
v -80.92723 4.427063 -3.109145
v -80.54335 4.422524 -3.384429
v -80.54565 4.427063 -3.388329
v -80.11546 4.422524 -3.583432
v -80.11695 4.427063 -3.587706
v -79.65695 4.422524 -3.695132
v -79.65758 4.427063 -3.699616
v -79.4217 4.422524 -3.716756
v -79.42189 4.427063 -3.721281
v -79.88894 4.422524 -3.650536
v -79.89002 4.427063 -3.654936
v -80.33429 4.422524 -3.494433
v -80.3362 4.427063 -3.498539
v -80.74062 4.422524 -3.254447
v -80.74329 4.427063 -3.258102
v -81.09233 4.422525 -2.9398
v -81.09566 4.427063 -2.942863
v -76.91404 4.422525 -1.414203
v -76.90951 4.427063 -1.414396
v -76.98026 4.422525 -1.881446
v -76.97586 4.427063 -1.882518
v -77.13636 4.422525 -2.326792
v -77.13226 4.427063 -2.328701
v -77.37635 4.422525 -2.733126
v -77.3727 4.427063 -2.7358
v -77.69099 4.422525 -3.084833
v -77.68793 4.427063 -3.088169
v -78.06821 4.422524 -3.368398
v -78.06586 4.427063 -3.372268
v -78.4935 4.422524 -3.572924
v -78.49194 4.427063 -3.577178
v -78.95052 4.422524 -3.69055
v -78.94982 4.427063 -3.695026
v -80.11608 6.548502 -3.585228
v -80.11707 6.552808 -3.588058
v -80.54584 6.552808 -3.388649
v -80.54432 6.548502 -3.386069
v -80.92548 6.548503 -3.107188
v -80.92748 6.552809 -3.109423
v -81.2449 6.548503 -2.759307
v -81.2473 6.552809 -2.76111
v -76.91067 6.552809 -1.177696
v -76.91366 6.548503 -1.177863
v -76.93378 6.548503 -1.64972
v -76.93081 6.552809 -1.650141
v -77.04556 6.548503 -2.108587
v -77.04274 6.552809 -2.109578
v -77.24215 6.552809 -2.538352
v -77.24473 6.548503 -2.536826
v -77.52361 6.548503 -2.917984
v -77.52137 6.552809 -2.919982
v -77.87149 6.548502 -3.237411
v -77.86968 6.552808 -3.239807
v -78.27371 6.552808 -3.485533
v -78.275 6.548502 -3.482831
v -78.71864 6.548502 -3.644815
v -78.7179 6.55281 -3.647719
v -79.18536 6.548502 -3.717138
v -79.18519 6.55281 -3.72013
v -79.65764 6.55281 -3.699986
v -79.65722 6.548502 -3.697017
v -79.63766 6.508259 -3.559098
v -79.63721 6.505198 -3.555866
v -79.19327 6.505198 -3.574796
v -79.19309 6.508259 -3.578054
v -78.75417 6.505198 -3.506754
v -78.75337 6.508259 -3.509914
v -78.33678 6.505198 -3.354356
v -78.33537 6.508259 -3.357296
v -77.95715 6.505198 -3.123456
v -77.95519 6.50826 -3.126065
v -77.62985 6.505198 -2.822932
v -77.62743 6.50826 -2.825108
v -77.36748 6.505198 -2.464329
v -77.36467 6.50826 -2.465988
v -77.1801 6.505198 -2.06143
v -77.17703 6.50826 -2.062509
v -77.07493 6.505198 -1.629715
v -77.0717 6.50826 -1.630173
v -81.13095 6.505198 -2.673645
v -81.13356 6.50826 -2.675606
v -80.83043 6.505198 -3.000941
v -80.8326 6.50826 -3.003372
v -80.47182 6.505198 -3.263318
v -80.47348 6.508259 -3.266128
v -80.06892 6.505198 -3.450693
v -80.07001 6.508259 -3.453773
v -80.74352 6.552808 -3.258403
v -80.74174 6.548502 -3.255984
v -76.90914 6.552809 -1.414412
v -76.91214 6.548503 -1.414284
v -77.37239 6.552809 -2.736021
v -77.37481 6.548503 -2.73425
v -78.49181 6.552808 -3.577528
v -78.49284 6.548502 -3.574713
v -79.8901 6.552808 -3.655298
v -79.88939 6.548502 -3.652385
v -81.09594 6.552809 -2.943115
v -81.09373 6.548503 -2.941088
v -76.97549 6.552809 -1.882607
v -76.97841 6.548503 -1.881896
v -77.68768 6.552809 -3.088444
v -77.68971 6.548503 -3.086236
v -78.94977 6.55281 -3.695394
v -78.95023 6.548502 -3.69243
v -79.42191 6.552808 -3.721653
v -79.42178 6.548502 -3.718657
v -78.06567 6.552808 -3.372586
v -78.06722 6.548502 -3.370024
v -77.13192 6.552809 -2.328858
v -77.13464 6.548503 -2.327595
v -80.33636 6.552808 -3.498878
v -80.33509 6.548502 -3.496158
v -79.85642 6.508259 -3.517046
v -79.85565 6.505198 -3.513875
v -80.27635 6.508259 -3.369853
v -80.27497 6.505198 -3.366894
v -80.65949 6.50826 -3.143564
v -80.65756 6.505198 -3.14093
v -80.99113 6.50826 -2.846875
v -80.98872 6.505198 -2.844668
v -77.05131 6.50826 -1.40835
v -77.05456 6.505198 -1.408211
v -77.11375 6.50826 -1.848925
v -77.11692 6.505198 -1.848153
v -77.26094 6.50826 -2.268853
v -77.2639 6.505198 -2.267478
v -77.48723 6.50826 -2.651996
v -77.48987 6.505198 -2.650069
v -77.78392 6.50826 -2.983631
v -77.78612 6.505198 -2.981227
v -78.1396 6.508259 -3.251013
v -78.1413 6.505198 -3.248224
v -78.54062 6.508259 -3.443865
v -78.54174 6.505198 -3.440799
v -78.97156 6.508259 -3.554776
v -78.97205 6.505198 -3.551553
v -79.41585 6.508259 -3.579488
v -79.41571 6.505198 -3.576227
v -80.0713 6.545398 -3.45747
v -80.07022 6.542146 -3.454388
v -79.63519 6.505816 -3.541652
v -79.63481 6.509122 -3.538933
v -79.19422 6.509122 -3.557719
v -79.19407 6.505816 -3.560462
v -78.75844 6.509122 -3.490191
v -78.75775 6.505816 -3.492851
v -78.3442 6.509122 -3.338943
v -78.34301 6.505816 -3.341418
v -77.96743 6.509123 -3.109786
v -77.96577 6.505817 -3.111981
v -77.6426 6.509123 -2.811527
v -77.64056 6.505817 -2.813359
v -77.3822 6.509123 -2.455631
v -77.37984 6.505817 -2.457027
v -77.19624 6.509123 -2.055772
v -77.19365 6.505817 -2.056679
v -77.09187 6.509123 -1.627316
v -77.08914 6.505817 -1.6277
v -81.11728 6.509123 -2.663368
v -81.11948 6.505817 -2.665019
v -80.81902 6.509123 -2.988194
v -80.82085 6.505817 -2.990241
v -80.46313 6.509122 -3.24859
v -80.46452 6.505816 -3.250957
v -80.06326 6.509122 -3.434552
v -80.06418 6.505816 -3.437145
v -79.63776 6.542146 -3.559743
v -79.63822 6.545398 -3.562978
v -79.19305 6.542146 -3.578707
v -79.19288 6.545398 -3.581966
v -78.7532 6.542146 -3.510546
v -78.75239 6.545398 -3.51371
v -78.33509 6.542146 -3.357884
v -78.33367 6.545398 -3.360827
v -77.9548 6.542146 -3.126586
v -77.95283 6.545398 -3.129197
v -77.62694 6.542146 -2.825542
v -77.6245 6.545398 -2.82772
v -77.3641 6.542146 -2.466321
v -77.3613 6.545398 -2.46798
v -77.17641 6.542146 -2.062725
v -77.17333 6.545398 -2.063804
v -77.07105 6.542146 -1.630265
v -77.06782 6.545398 -1.630723
v -81.13408 6.542146 -2.675997
v -81.1367 6.545398 -2.67796
v -80.83304 6.542146 -3.00386
v -80.83521 6.545398 -3.006293
v -80.47382 6.542146 -3.26669
v -80.47548 6.545398 -3.269501
v -80.278 6.545398 -3.373405
v -80.27663 6.542146 -3.370445
v -80.6618 6.545398 -3.146726
v -80.65987 6.542146 -3.14409
v -80.99401 6.545398 -2.849525
v -80.99161 6.542146 -2.847317
v -77.04739 6.545398 -1.408517
v -77.05066 6.542146 -1.408378
v -77.10994 6.545398 -1.849854
v -77.11311 6.542146 -1.84908
v -77.25739 6.545398 -2.270506
v -77.26035 6.542146 -2.269129
v -77.48407 6.545398 -2.65431
v -77.4867 6.542146 -2.652381
v -77.78127 6.545398 -2.986517
v -77.78348 6.542146 -2.984112
v -78.13757 6.545398 -3.254359
v -78.13927 6.542146 -3.25157
v -78.53928 6.545398 -3.447546
v -78.5404 6.542146 -3.444478
v -78.97096 6.545398 -3.55865
v -78.97146 6.542146 -3.555422
v -79.41602 6.545398 -3.583402
v -79.41587 6.542146 -3.580139
v -79.85735 6.545398 -3.520854
v -79.85658 6.542146 -3.51768
v -79.8516 6.509122 -3.497257
v -79.85225 6.505816 -3.499927
v -80.26776 6.509122 -3.351386
v -80.26892 6.505816 -3.353877
v -80.64747 6.509123 -3.127126
v -80.64909 6.505817 -3.129344
v -80.97613 6.509123 -2.833101
v -80.97815 6.505817 -2.834959
v -77.07166 6.509123 -1.407483
v -77.06891 6.505817 -1.407601
v -77.13354 6.509123 -1.844105
v -77.13087 6.505817 -1.844756
v -77.27941 6.509123 -2.260264
v -77.27692 6.505817 -2.261424
v -77.50367 6.509123 -2.639971
v -77.50145 6.505817 -2.641593
v -77.79769 6.509123 -2.968629
v -77.79584 6.505817 -2.970653
v -78.15019 6.509122 -3.23361
v -78.14877 6.505816 -3.235957
v -78.54761 6.509122 -3.424732
v -78.54666 6.505816 -3.427314
v -78.97467 6.509122 -3.534651
v -78.97425 6.505816 -3.537364
v -79.41498 6.509122 -3.559139
v -79.41509 6.505816 -3.561883
v -79.41601 4.744453 -3.583328
v -79.41554 4.744453 -3.572443
v -79.19348 4.744453 -3.571013
v -79.19288 4.744453 -3.581893
v -78.97263 4.744453 -3.547808
v -78.97096 4.744453 -3.558578
v -78.75512 4.744453 -3.503085
v -78.7524 4.744453 -3.513638
v -78.5393 4.744453 -3.447476
v -78.54304 4.744453 -3.43724
v -78.33371 4.744453 -3.360761
v -78.33843 4.744453 -3.350941
v -78.14327 4.744453 -3.244987
v -78.13761 4.744453 -3.254297
v -77.95288 4.744454 -3.129139
v -77.95943 4.744454 -3.12043
v -77.78869 4.744454 -2.978436
v -77.78132 4.744454 -2.986464
v -77.62456 4.744454 -2.827672
v -77.63268 4.744454 -2.820405
v -77.49292 4.744454 -2.647834
v -77.48413 4.744454 -2.654268
v -77.36136 4.744454 -2.467943
v -77.37074 4.744454 -2.462403
v -77.26733 4.744454 -2.265881
v -77.25745 4.744454 -2.270475
v -77.17339 4.744454 -2.063781
v -77.18368 4.744454 -2.060175
v -77.1206 4.744454 -1.847256
v -77.11002 4.744454 -1.849835
v -77.06789 4.744454 -1.630713
v -77.07868 4.744454 -1.629183
v -77.05835 4.744454 -1.40805
v -77.04747 4.744454 -1.408514
v -77.0489 4.751561 -1.185384
v -77.05978 4.751561 -1.185989
v -81.12792 4.751561 -2.671368
v -81.13663 4.751561 -2.677917
v -80.98593 4.744454 -2.842107
v -80.99396 4.744454 -2.849477
v -80.8279 4.744454 -2.998117
v -80.83517 4.744454 -3.006238
v -80.66177 4.744454 -3.146667
v -80.65533 4.744454 -3.137873
v -80.47544 4.744453 -3.269439
v -80.46989 4.744453 -3.260056
v -80.27338 4.744453 -3.36346
v -80.27797 4.744453 -3.373339
v -80.07127 4.744453 -3.457402
v -80.06767 4.744453 -3.447119
v -79.85475 4.744453 -3.510195
v -79.85733 4.744453 -3.520782
v -79.63821 4.744453 -3.562904
v -79.63668 4.744453 -3.552116
v -80.07127 4.759798 -3.457402
v -80.07103 4.760538 -3.456702
v -77.48413 4.759798 -2.654268
v -77.48473 4.760538 -2.65383
v -77.49232 4.760538 -2.64827
v -77.49292 4.759798 -2.647834
v -77.63268 4.759798 -2.820405
v -77.63213 4.760538 -2.8209
v -77.62456 4.759798 -2.827672
v -77.62511 4.760538 -2.827178
v -77.25813 4.760538 -2.270163
v -77.25745 4.759798 -2.270475
v -77.26666 4.760538 -2.266192
v -77.26733 4.759798 -2.265881
v -77.37074 4.759798 -2.462403
v -77.3701 4.760538 -2.46278
v -77.36199 4.760538 -2.467566
v -77.36136 4.759798 -2.467943
v -80.99342 4.760538 -2.848974
v -80.99396 4.759798 -2.849477
v -80.98593 4.759798 -2.842107
v -80.98648 4.760538 -2.842607
v -81.12792 4.759798 -2.671368
v -81.12852 4.760538 -2.671813
v -81.13604 4.760538 -2.67747
v -81.13663 4.759798 -2.677917
v -77.04747 4.759798 -1.408514
v -77.04821 4.760538 -1.408483
v -77.05761 4.760538 -1.408081
v -77.05835 4.759798 -1.40805
v -77.07868 4.759798 -1.629183
v -77.07794 4.760538 -1.629287
v -77.06863 4.760538 -1.630608
v -77.06789 4.759798 -1.630713
v -77.11073 4.760538 -1.84966
v -77.11002 4.759798 -1.849835
v -77.11988 4.760538 -1.847432
v -77.1206 4.759798 -1.847256
v -77.18368 4.759798 -2.060175
v -77.18298 4.760538 -2.060421
v -77.17339 4.759798 -2.063781
v -77.17409 4.760538 -2.063534
v -79.63668 4.759798 -3.552116
v -79.63678 4.760538 -3.55285
v -79.63821 4.759798 -3.562904
v -79.63811 4.760538 -3.562171
v -79.19288 4.759798 -3.581893
v -79.19292 4.760538 -3.581153
v -79.19348 4.759798 -3.571013
v -79.19344 4.760538 -3.571754
v -79.41558 4.760538 -3.573183
v -79.41554 4.759798 -3.572443
v -79.41598 4.760538 -3.582588
v -79.41601 4.759798 -3.583328
v -80.06767 4.759798 -3.447119
v -80.06792 4.760538 -3.447818
v -79.85493 4.760538 -3.510916
v -79.85475 4.759798 -3.510195
v -79.85716 4.760538 -3.520061
v -79.85733 4.759798 -3.520782
v -77.95332 4.760538 -3.128546
v -77.95288 4.759798 -3.129139
v -77.95898 4.760538 -3.121022
v -77.95943 4.759798 -3.12043
v -77.78818 4.760538 -2.978982
v -77.78869 4.759798 -2.978436
v -77.78132 4.759798 -2.986464
v -77.78182 4.760538 -2.985918
v -80.47544 4.759798 -3.269439
v -80.47506 4.760538 -3.2688
v -80.46989 4.759798 -3.260056
v -80.47028 4.760538 -3.260695
v -80.27338 4.759798 -3.36346
v -80.27369 4.760538 -3.364131
v -80.27797 4.759798 -3.373339
v -80.27766 4.760538 -3.372668
v -78.33403 4.760538 -3.360094
v -78.33371 4.759798 -3.360761
v -78.33843 4.759798 -3.350941
v -78.3381 4.760538 -3.351609
v -78.14288 4.760538 -3.24562
v -78.14327 4.759798 -3.244987
v -78.13799 4.760538 -3.253664
v -78.13761 4.759798 -3.254297
v -78.97263 4.759798 -3.547808
v -78.97252 4.760538 -3.548542
v -78.97096 4.759798 -3.558578
v -78.97108 4.760538 -3.557844
v -78.75494 4.760538 -3.503803
v -78.75512 4.759798 -3.503085
v -78.7524 4.759798 -3.513638
v -78.75259 4.760538 -3.51292
v -78.53956 4.760538 -3.44678
v -78.5393 4.759798 -3.447476
v -78.54304 4.759798 -3.43724
v -78.54279 4.760538 -3.437937
v -77.05904 4.760538 -1.185948
v -77.05978 4.759798 -1.185989
v -77.0489 4.759798 -1.185384
v -77.04964 4.760538 -1.185425
v -80.8279 4.759798 -2.998117
v -80.82839 4.760538 -2.998669
v -80.83517 4.759798 -3.006238
v -80.83467 4.760538 -3.005687
v -80.66132 4.760538 -3.14607
v -80.66177 4.759798 -3.146667
v -80.65577 4.760538 -3.138471
v -80.65533 4.759798 -3.137873
v -79.19111 4.694276 -3.613743
v -78.74445 4.694276 -3.54453
v -78.31988 4.694276 -3.389508
v -77.93371 4.694277 -3.154636
v -77.60078 4.694277 -2.848939
v -77.33389 4.694277 -2.484165
v -77.14329 4.694277 -2.074332
v -77.03631 4.694277 -1.635189
v -77.0608 4.694277 -1.260433
v -81.48708 4.694277 -1.946321
v -81.397 4.694277 -2.310914
v -81.16213 4.694277 -2.697083
v -80.85644 4.694277 -3.030011
v -80.49166 4.694276 -3.296904
v -80.08182 4.694276 -3.487504
v -79.64269 4.694276 -3.594488
v -79.20654 4.317351 -3.336333
v -79.6037 4.317351 -3.319398
v -79.98992 4.317351 -3.225307
v -80.35036 4.317352 -3.057674
v -80.67119 4.317352 -2.822943
v -80.94005 4.317352 -2.530134
v -81.14661 4.317352 -2.190499
v -81.26273 4.377898 -1.879337
v -77.29489 4.377898 -1.264489
v -77.31139 4.317352 -1.596201
v -77.40549 4.317352 -1.982426
v -77.57312 4.317352 -2.342873
v -77.80785 4.317352 -2.663691
v -78.10066 4.317352 -2.93255
v -78.44029 4.317352 -3.13912
v -78.8137 4.317351 -3.275461
v -79.60323 4.692964 -3.316111
v -79.59627 4.626204 -3.266994
v -79.20947 4.626204 -3.283486
v -79.20672 4.692964 -3.333018
v -79.98882 4.692964 -3.222173
v -79.97241 4.626204 -3.175358
v -80.34868 4.692964 -3.054815
v -80.32345 4.626204 -3.012101
v -80.66898 4.692964 -2.820468
v -80.6359 4.626204 -2.783497
v -80.93739 4.692964 -2.528139
v -80.89774 4.626204 -2.49833
v -81.14362 4.692964 -2.18906
v -81.09892 4.626204 -2.16756
v -81.24403 4.626204 -1.807071
v -81.29238 4.692964 -1.819516
v -77.28474 4.692964 -1.198501
v -77.33459 4.626204 -1.201273
v -77.31468 4.692964 -1.595735
v -77.3638 4.626204 -1.588774
v -77.40862 4.692964 -1.981328
v -77.45544 4.626204 -1.964918
v -77.57598 4.692964 -2.341184
v -77.61869 4.626204 -2.315957
v -77.81033 4.692964 -2.661477
v -77.8473 4.626204 -2.628401
v -78.10265 4.692964 -2.929896
v -78.13246 4.626204 -2.890243
v -78.44173 4.692964 -3.136127
v -78.46323 4.626204 -3.091421
v -78.81453 4.692964 -3.272245
v -78.8269 4.626204 -3.224203
v -79.41737 4.694276 -3.615199
v -79.86488 4.694276 -3.551774
v -80.29142 4.694276 -3.402262
v -80.68059 4.694276 -3.17241
v -81.01746 4.694277 -2.87105
v -81.28905 4.694277 -2.509763
v -81.47666 4.694277 -2.110042
v -77.02118 4.694277 -1.41963
v -77.07902 4.694277 -1.857386
v -77.22853 4.694277 -2.283926
v -77.45838 4.694277 -2.673103
v -77.75974 4.694277 -3.009959
v -78.12103 4.694276 -3.28155
v -78.52836 4.694276 -3.47744
v -78.96608 4.694276 -3.590099
v -79.40553 4.317351 -3.337614
v -79.79912 4.317351 -3.281832
v -80.17426 4.317352 -3.150337
v -80.51654 4.317352 -2.948183
v -80.8128 4.317352 -2.683137
v -81.05167 4.317352 -2.365386
v -81.22136 4.32504 -2.015039
v -77.29326 4.32504 -1.406349
v -77.34896 4.317352 -1.791623
v -77.48045 4.317352 -2.166764
v -77.68261 4.317352 -2.509043
v -77.94765 4.317352 -2.805307
v -78.2654 4.317352 -3.044171
v -78.62365 4.317351 -3.216455
v -79.00863 4.317351 -3.315538
v -79.59623 4.682649 -3.266743
v -79.40327 4.626204 -3.284733
v -79.20949 4.682649 -3.283234
v -79.40539 4.692964 -3.334296
v -79.97233 4.682649 -3.175119
v -79.78659 4.626204 -3.230407
v -79.79833 4.692964 -3.278605
v -80.32333 4.682649 -3.011883
v -80.15194 4.626204 -3.102345
v -80.17286 4.692964 -3.147326
v -80.63573 4.682649 -2.783309
v -80.48528 4.626204 -2.905467
v -80.51458 4.692964 -2.945503
v -80.89754 4.682649 -2.498178
v -80.77382 4.626204 -2.64734
v -80.81036 4.692964 -2.680892
v -81.09869 4.682649 -2.16745
v -81.00645 4.626204 -2.337883
v -81.04883 4.692964 -2.363661
v -81.24378 4.682649 -1.807008
v -81.17577 4.626204 -1.989384
v -81.22241 4.692964 -2.006409
v -77.36405 4.682649 -1.588738
v -77.34448 4.626204 -1.395693
v -77.33485 4.682649 -1.201288
v -77.29487 4.692964 -1.397805
v -77.45567 4.682649 -1.964834
v -77.40038 4.626204 -1.779095
v -77.35219 4.692964 -1.790837
v -77.61891 4.682649 -2.315828
v -77.52845 4.626204 -2.144444
v -77.48347 4.692964 -2.165363
v -77.84749 4.682649 -2.628232
v -77.72533 4.626204 -2.47779
v -77.68529 4.692964 -2.507082
v -78.13261 4.682649 -2.890041
v -77.98345 4.626204 -2.766321
v -77.94991 4.692964 -2.802861
v -78.46334 4.682649 -3.091193
v -78.29291 4.626204 -2.99895
v -78.26714 4.692964 -3.041334
v -78.82696 4.682649 -3.223958
v -78.64181 4.626204 -3.166737
v -78.62479 4.692964 -3.213336
v -79.01673 4.626204 -3.263235
v -79.00913 4.692964 -3.312257
v -79.20006 4.694112 -3.45282
v -79.62007 4.694112 -3.434911
v -79.97969 4.49435 -3.196119
v -79.59936 4.49435 -3.288775
v -79.20825 4.49435 -3.305452
v -80.02851 4.694112 -3.335406
v -78.82141 4.49435 -3.245508
v -78.78462 4.694112 -3.388445
v -80.4097 4.694112 -3.158129
v -80.33464 4.494351 -3.031043
v -80.65057 4.494351 -2.799892
v -80.74897 4.694113 -2.909893
v -80.91532 4.494351 -2.511549
v -81.0333 4.694113 -2.600238
v -81.11874 4.494351 -2.177094
v -81.25176 4.694113 -2.241062
v -81.26129 4.502039 -1.82008
v -81.39925 4.694113 -1.856762
v -77.34202 4.494351 -1.591861
v -77.3142 4.502039 -1.208447
v -77.17161 4.694113 -1.201655
v -77.19589 4.694113 -1.612572
v -77.43468 4.494351 -1.972195
v -77.29539 4.694113 -2.021018
v -77.47266 4.694113 -2.402203
v -77.59975 4.494351 -2.327144
v -77.7209 4.694113 -2.741478
v -77.8309 4.494351 -2.643069
v -78.03056 4.694113 -3.025807
v -78.11925 4.494351 -2.907828
v -78.4537 4.494351 -3.111247
v -78.38973 4.694112 -3.24426
v -80.79002 4.494351 -2.662219
v -78.63426 4.49435 -3.187402
v -80.16122 4.494351 -3.122293
v -77.96858 4.494351 -2.782526
v -79.01336 4.49435 -3.284974
v -77.70757 4.494351 -2.49078
v -77.5085 4.494351 -2.153721
v -81.02524 4.494351 -2.349314
v -80.22346 4.694112 -3.256123
v -81.19576 4.495632 -1.998183
v -77.32276 4.495632 -1.39803
v -77.37901 4.494351 -1.784302
v -77.37467 4.694113 -2.215961
v -79.79179 4.49435 -3.251781
v -78.99076 4.694112 -3.430829
v -78.58364 4.694112 -3.326045
v -78.20478 4.694113 -3.143849
v -78.28148 4.494351 -3.017746
v -77.86875 4.694113 -2.891243
v -77.58845 4.694113 -2.577933
v -77.23561 4.694113 -1.819237
v -77.17613 4.694113 -1.404554
v -81.33353 4.694113 -2.048777
v -81.15134 4.694113 -2.426012
v -80.89874 4.694113 -2.762044
v -80.58543 4.694113 -3.042338
v -80.49828 4.494351 -2.923222
v -79.40421 4.49435 -3.306713
v -79.82674 4.694112 -3.395183
v -79.40327 4.682649 -3.284481
v -79.78653 4.682649 -3.230162
v -80.15183 4.682649 -3.102116
v -80.48514 4.682649 -2.905263
v -80.77363 4.682649 -2.647169
v -81.00623 4.682649 -2.337751
v -81.17554 4.682649 -1.989298
v -77.34473 4.682649 -1.395683
v -77.40063 4.682649 -1.779035
v -77.52868 4.682649 -2.144338
v -77.72553 4.682649 -2.477641
v -77.98363 4.682649 -2.766135
v -78.29305 4.682649 -2.998734
v -78.64189 4.682649 -3.1665
v -79.01677 4.682649 -3.262985
v -79.4105 4.694112 -3.454174
v -81.22688 5.154459 -6.118051
v -81.21935 5.154459 -6.110051
v -81.21935 5.144693 -6.118051
v -79.35157 5.144693 -6.118051
v -79.35157 5.154459 -6.110051
v -79.34404 5.154459 -6.118051
v -81.22688 7.57641 -6.118051
v -81.21935 7.586176 -6.118051
v -81.21935 7.57641 -6.110051
v -79.34404 7.57641 -6.118051
v -79.35157 7.57641 -6.110051
v -79.35157 7.586176 -6.118051
v -81.21935 7.586176 -6.146369
v -81.22688 7.57641 -6.146369
v -81.22688 5.154459 -6.146369
v -81.21935 5.144693 -6.146369
v -79.35157 5.144693 -6.146369
v -79.34404 5.154459 -6.146369
v -79.34404 7.57641 -6.146369
v -79.35157 7.586176 -6.146369
v -79.15719 5.154459 -6.118051
v -79.14965 5.154459 -6.110051
v -79.14965 5.144693 -6.118051
v -77.28187 5.144693 -6.118051
v -77.28187 5.154459 -6.110051
v -77.27434 5.154459 -6.118051
v -79.15719 7.57641 -6.118051
v -79.14965 7.586176 -6.118051
v -79.14965 7.57641 -6.110051
v -77.27434 7.57641 -6.118051
v -77.28187 7.57641 -6.110051
v -77.28187 7.586176 -6.118051
v -79.14965 7.586176 -6.146369
v -79.15719 7.57641 -6.146369
v -79.15719 5.154459 -6.146369
v -79.14965 5.144693 -6.146369
v -77.28187 5.144693 -6.146369
v -77.27434 5.154459 -6.146369
v -77.27434 7.57641 -6.146369
v -77.28187 7.586176 -6.146369
v -81.22688 5.154459 -7.447176
v -81.21935 5.154459 -7.455175
v -81.21935 5.144693 -7.447176
v -79.35157 5.144693 -7.447176
v -79.35157 5.154459 -7.455175
v -79.34404 5.154459 -7.447176
v -81.22688 7.57641 -7.447176
v -81.21935 7.586176 -7.447176
v -81.21935 7.57641 -7.455175
v -79.34404 7.57641 -7.447176
v -79.35157 7.57641 -7.455175
v -79.35157 7.586176 -7.447176
v -81.21935 7.586176 -7.418857
v -81.22688 7.57641 -7.418857
v -81.22688 5.154459 -7.418857
v -81.21935 5.144693 -7.418857
v -79.35157 5.144693 -7.418857
v -79.34404 5.154459 -7.418857
v -79.34404 7.57641 -7.418857
v -79.35157 7.586176 -7.418857
v -79.15719 5.154459 -7.447176
v -79.14965 5.154459 -7.455175
v -79.14965 5.144693 -7.447176
v -77.28187 5.144693 -7.447176
v -77.28187 5.154459 -7.455175
v -77.27434 5.154459 -7.447176
v -79.15719 7.57641 -7.447176
v -79.14965 7.586176 -7.447176
v -79.14965 7.57641 -7.455175
v -77.27434 7.57641 -7.447176
v -77.28187 7.57641 -7.455175
v -77.28187 7.586176 -7.447176
v -79.14965 7.586176 -7.418857
v -79.15719 7.57641 -7.418857
v -79.15719 5.154459 -7.418857
v -79.14965 5.144693 -7.418857
v -77.28187 5.144693 -7.418857
v -77.27434 5.154459 -7.418857
v -77.27434 7.57641 -7.418857
v -77.28187 7.586176 -7.418857
v -76.40898 14.27416 10.40257
v -76.40898 14.27416 7.574049
v -76.40898 13.89056 10.36857
v -76.40898 13.92456 10.40257
v -76.40898 13.92456 7.574049
v -76.40898 13.89056 7.608049
v -74.44298 13.89056 10.36857
v -74.40898 13.92456 10.36857
v -74.44298 13.92456 10.40257
v -74.44298 14.27416 10.40257
v -74.40898 14.27416 10.36857
v -74.44298 13.89056 7.608049
v -74.44298 13.92456 7.574049
v -74.40898 13.92456 7.608049
v -74.40898 14.27416 7.608049
v -74.44298 14.27416 7.574049
v -76.40898 14.27416 4.208105
v -76.40898 14.27416 1.37958
v -76.40898 13.89056 4.174105
v -76.40898 13.92456 4.208105
v -76.40898 13.92456 1.37958
v -76.40898 13.89056 1.41358
v -74.44298 13.89056 4.174105
v -74.40898 13.92456 4.174105
v -74.44298 13.92456 4.208105
v -74.44298 14.27416 4.208105
v -74.40898 14.27416 4.174105
v -74.44298 13.89056 1.41358
v -74.44298 13.92456 1.37958
v -74.40898 13.92456 1.41358
v -74.40898 14.27416 1.41358
v -74.44298 14.27416 1.37958
v -76.40898 14.27416 -1.986364
v -76.40898 14.27416 -4.814888
v -76.40898 13.89056 -2.020364
v -76.40898 13.92456 -1.986364
v -76.40898 13.92456 -4.814888
v -76.40898 13.89056 -4.780889
v -74.44298 13.89056 -2.020364
v -74.40898 13.92456 -2.020364
v -74.44298 13.92456 -1.986364
v -74.44298 14.27416 -1.986364
v -74.40898 14.27416 -2.020364
v -74.44298 13.89056 -4.780889
v -74.44298 13.92456 -4.814888
v -74.40898 13.92456 -4.780889
v -74.40898 14.27416 -4.780889
v -74.44298 14.27416 -4.814888
v -76.40898 14.27416 -8.180832
v -76.40898 14.27416 -11.00936
v -76.40898 13.89056 -8.214832
v -76.40898 13.92456 -8.180832
v -76.40898 13.92456 -11.00936
v -76.40898 13.89056 -10.97536
v -74.44298 13.89056 -8.214832
v -74.40898 13.92456 -8.214832
v -74.44298 13.92456 -8.180832
v -74.44298 14.27416 -8.180832
v -74.40898 14.27416 -8.214832
v -74.44298 13.89056 -10.97536
v -74.44298 13.92456 -11.00936
v -74.40898 13.92456 -10.97536
v -74.40898 14.27416 -10.97536
v -74.44298 14.27416 -11.00936
v -76.40898 14.27416 -14.3753
v -76.40898 14.27416 -17.20383
v -76.40898 13.89056 -14.4093
v -76.40898 13.92456 -14.3753
v -76.40898 13.92456 -17.20383
v -76.40898 13.89056 -17.16983
v -74.44298 13.89056 -14.4093
v -74.40898 13.92456 -14.4093
v -74.44298 13.92456 -14.3753
v -74.44298 14.27416 -14.3753
v -74.40898 14.27416 -14.4093
v -74.44298 13.89056 -17.16983
v -74.44298 13.92456 -17.20383
v -74.40898 13.92456 -17.16983
v -74.40898 14.27416 -17.16983
v -74.44298 14.27416 -17.20383
v -76.40898 14.27416 -20.56977
v -76.40898 14.27416 -23.3983
v -76.40898 13.89056 -20.60377
v -76.40898 13.92456 -20.56977
v -76.40898 13.92456 -23.3983
v -76.40898 13.89056 -23.3643
v -74.44298 13.89056 -20.60377
v -74.40898 13.92456 -20.60377
v -74.44298 13.92456 -20.56977
v -74.44298 14.27416 -20.56977
v -74.40898 14.27416 -20.60377
v -74.44298 13.89056 -23.3643
v -74.44298 13.92456 -23.3983
v -74.40898 13.92456 -23.3643
v -74.40898 14.27416 -23.3643
v -74.44298 14.27416 -23.3983
#end vertices

#begin 1898 textures vertices 
vt 0.9960938 0.01080147 0
vt 0.831655 0.3915506 0
vt 0.00390625 0.009800509 0
vt 0.1652192 0.3913001 0
vt 0.006527993 0.05361703 0
vt 0.007208236 0.05797686 0
vt 0.9927926 0.05871034 0
vt 0.9933899 0.05437305 0
vt 0.01091906 0.1647724 0
vt 0.9886258 0.1651054 0
vt 0.5974679 0.004532463 0
vt 0.4017443 0.004984918 0
vt 0.3986599 0.3966569 0
vt 0.6015143 0.3968538 0
vt 0.007754507 0.06744195 0
vt 0.9923103 0.06819177 0
vt 0.5497653 0.004938075 0
vt 0.4494293 0.005105157 0
vt 0.4481125 0.3963839 0
vt 0.5512557 0.3965728 0
vt 0.4585521 0.9438728 0
vt 0.8615695 0.775965 0
vt 0.9860529 0.3868736 0
vt 0.9865723 0.3861523 0
vt 0.834922 0.003909993 0
vt 0.8345902 0.00390625 0
vt 0.01502421 0.3871141 0
vt 0.01545912 0.3879291 0
vt 0.1646599 0.003935773 0
vt 0.1643297 0.003946347 0
vt 0.9827753 0.337356 0
vt 0.9830471 0.3371805 0
vt 0.8322053 0.3384193 0
vt 0.8320399 0.3387121 0
vt 0.8317817 0.3384151 0
vt 0.1681452 0.3383281 0
vt 0.1685702 0.3383219 0
vt 0.1683172 0.3386177 0
vt 0.01475228 0.3382529 0
vt 0.01446398 0.3380758 0
vt 0.9806576 0.3513696 0
vt 0.9808427 0.3514278 0
vt 0.9806202 0.35164 0
vt 0.980249 0.3739858 0
vt 0.980113 0.3740908 0
vt 0.980122 0.3738113 0
vt 0.834989 0.376899 0
vt 0.8349245 0.3766004 0
vt 0.8350173 0.3765957 0
vt 0.1636349 0.3767654 0
vt 0.163725 0.3767685 0
vt 0.1636625 0.3770672 0
vt 0.01848469 0.373856 0
vt 0.01826015 0.3738166 0
vt 0.01847189 0.3735852 0
vt 0.8342006 0.3531062 0
vt 0.8342272 0.3528033 0
vt 0.834294 0.3531016 0
vt 0.1643486 0.3532967 0
vt 0.1642526 0.3532927 0
vt 0.1643175 0.3529939 0
vt 0.01987206 0.3514298 0
vt 0.01996778 0.3512552 0
vt 0.02001091 0.3515339 0
vt 0.8336263 0.05248649 0
vt 0.8347003 0.0525266 0
vt 0.8336504 0.05289354 0
vt 0.8336128 0.04790227 0
vt 0.8335825 0.04750159 0
vt 0.833623 0.04789992 0
vt 0.1653496 0.05251212 0
vt 0.1653225 0.05291851 0
vt 0.1642701 0.05253515 0
vt 0.1654059 0.04792801 0
vt 0.1653956 0.04791793 0
vt 0.1654384 0.04752828 0
vt 0.3517415 0.9941658 0
vt 0.5980927 0.1628256 0
vt 0.351734 0.9938646 0
vt 0.6069773 0.5991957 0
vt 0.3452505 0.8036471 0
vt 0.4011637 0.1628004 0
vt 0.1668322 0.1618445 0
vt 0.1671421 0.1618406 0
vt 0.8318779 0.1616772 0
vt 0.8321872 0.1616857 0
vt 0.599574 0.3390507 0
vt 0.5995535 0.3387409 0
vt 0.3994737 0.3384385 0
vt 0.3994503 0.3387497 0
vt 0.6007717 0.3802732 0
vt 0.6007577 0.3799574 0
vt 0.3987736 0.3800592 0
vt 0.3987564 0.3803756 0
vt 0.6002206 0.3554233 0
vt 0.6002127 0.3551072 0
vt 0.3993691 0.3551539 0
vt 0.3993577 0.3554706 0
vt 0.597687 0.05391486 0
vt 0.5976866 0.05349991 0
vt 0.4015431 0.05383745 0
vt 0.4015427 0.05425256 0
vt 0.5976692 0.04871506 0
vt 0.5976682 0.04829904 0
vt 0.4015545 0.04864553 0
vt 0.4015534 0.04906169 0
vt 0.1652382 0.06232481 0
vt 0.164915 0.06231902 0
vt 0.9954118 0.3994418 0
vt 0.9918221 0.8324479 0
vt 0.5979188 0.06309481 0
vt 0.8336716 0.06229884 0
vt 0.8339939 0.06228761 0
vt 0.9921482 0.6016285 0
vt 0.4013159 0.06343705 0
vt 0.9921479 0.601991 0
vt 0.7202375 0.5991957 0
vt 0.4526649 0.7977411 0
vt 0.7199229 0.5991957 0
vt 0.4593401 0.9906592 0
vt 0.8822437 0.4992502 0
vt 0.8822437 0.3994418 0
vt 0.8620433 0.8320821 0
vt 0.7202375 0.4993874 0
vt 0.7199229 0.4993874 0
vt 0.8630752 0.6006902 0
vt 0.350732 0.9472656 0
vt 0.5500493 0.163289 0
vt 0.4492857 0.163365 0
vt 0.3476822 0.8497132 0
vt 0.4493528 0.04917608 0
vt 0.4493533 0.04876088 0
vt 0.5498807 0.04860704 0
vt 0.5498817 0.04902225 0
vt 0.4493481 0.05436764 0
vt 0.4493485 0.05395242 0
vt 0.5498912 0.05379878 0
vt 0.5498921 0.05421401 0
vt 0.4482261 0.3391889 0
vt 0.4482267 0.3388777 0
vt 0.5509091 0.3391062 0
vt 0.5509115 0.3394174 0
vt 0.4481483 0.3556111 0
vt 0.4481495 0.3552999 0
vt 0.5511029 0.3555193 0
vt 0.5511058 0.3558303 0
vt 0.4480648 0.3800809 0
vt 0.4480635 0.3797704 0
vt 0.5512653 0.3799746 0
vt 0.5512655 0.3802855 0
vt 0.9914267 0.6582318 0
vt 0.4493415 0.06355563 0
vt 0.5499074 0.06340209 0
vt 0.9917914 0.7763719 0
vt 0.7691251 0.5991957 0
vt 0.4565727 0.8450988 0
vt 0.7688105 0.5991957 0
vt 0.7691251 0.4993874 0
vt 0.7688105 0.4993874 0
vt 0.8606479 0.6570811 0
vt 0.6560736 0.3994418 0
vt 0.655759 0.3994418 0
vt 0.6022301 0.8355873 0
vt 0.6560736 0.4992502 0
vt 0.6744502 0.9890595 0
vt 0.655759 0.4992502 0
vt 0.600467 0.7791802 0
vt 0.6069634 0.3994418 0
vt 0.6003407 0.6608453 0
vt 0.504074 0.3994418 0
vt 0.9950728 0.4993874 0
vt 0.6069634 0.4992502 0
vt 0.6750796 0.9424019 0
vt 0.6740144 0.843767 0
vt 0.9950728 0.5991957 0
vt 0.9953874 0.5991957 0
vt 0.2735496 0.8860011 0
vt 0.2715116 0.963536 0
vt 0.2757324 0.8920751 0
vt 0.2731369 0.8959917 0
vt 0.2753181 0.9018759 0
vt 0.2729484 0.9059049 0
vt 0.2748984 0.9115427 0
vt 0.2724741 0.9156934 0
vt 0.2745411 0.9211613 0
vt 0.2721254 0.9253825 0
vt 0.2741297 0.9307072 0
vt 0.2718004 0.9349977 0
vt 0.2737674 0.9401963 0
vt 0.2715407 0.9445514 0
vt 0.2734962 0.9496342 0
vt 0.2714068 0.9540745 0
vt 0.2736514 0.9589876 0
vt 0.2752298 0.8833306 0
vt 0.2764373 0.9937934 0
vt 0.2786683 0.8903439 0
vt 0.2824107 0.8968421 0
vt 0.2861713 0.9030917 0
vt 0.2897703 0.909176 0
vt 0.2932407 0.9150814 0
vt 0.2966053 0.920832 0
vt 0.2998657 0.9264475 0
vt 0.3030271 0.9319361 0
vt 0.3198738 0.9625539 0
vt 0.2827126 0.9899651 0
vt 0.2987888 0.9346543 0
vt 0.2947081 0.9375884 0
vt 0.2907818 0.940725 0
vt 0.2870082 0.9440493 0
vt 0.2833892 0.9475458 0
vt 0.2799351 0.9512016 0
vt 0.276671 0.955011 0
vt 0.2882024 0.9860969 0
vt 0.2932748 0.9822415 0
vt 0.2980366 0.9784818 0
vt 0.3025769 0.9748744 0
vt 0.3069708 0.9714574 0
vt 0.3112825 0.9682561 0
vt 0.3155674 0.9652857 0
vt 0.2768742 0.9457389 0
vt 0.2803828 0.9420198 0
vt 0.277296 0.9364119 0
vt 0.2840282 0.9384804 0
vt 0.2809538 0.9328178 0
vt 0.2777905 0.9270479 0
vt 0.2878147 0.9351293 0
vt 0.2847463 0.9294255 0
vt 0.2815792 0.9236003 0
vt 0.2783076 0.91764 0
vt 0.2917493 0.9319793 0
vt 0.2886878 0.9262513 0
vt 0.2855281 0.9203946 0
vt 0.2822802 0.9143966 0
vt 0.278984 0.9082329 0
vt 0.2958347 0.9290399 0
vt 0.2927774 0.9232998 0
vt 0.2896172 0.9174232 0
vt 0.2863545 0.9113922 0
vt 0.2829757 0.9051807 0
vt 0.2793902 0.8987832 0
vt 0.05072562 0.8859673 0
vt 0.05281637 0.9634522 0
vt 0.04853678 0.8920462 0
vt 0.05113468 0.8959554 0
vt 0.04894823 0.9018452 0
vt 0.05132263 0.905863 0
vt 0.04936951 0.9115075 0
vt 0.05180036 0.9156429 0
vt 0.04973167 0.9211199 0
vt 0.05215505 0.9253219 0
vt 0.05015107 0.9306583 0
vt 0.05248839 0.9349257 0
vt 0.05052343 0.9401402 0
vt 0.05275805 0.9444671 0
vt 0.05080603 0.9495739 0
vt 0.0529038 0.9539775 0
vt 0.0506668 0.9589391 0
vt 0.0490449 0.8832991 0
vt 0.04791014 0.9941875 0
vt 0.04559937 0.8903176 0
vt 0.04184769 0.896825 0
vt 0.03807805 0.9030892 0
vt 0.03447192 0.909193 0
vt 0.03099672 0.915122 0
vt 0.02763019 0.9208997 0
vt 0.02437128 0.9265453 0
vt 0.02121467 0.932068 0
vt 0.004484604 0.9628429 0
vt 0.04165839 0.9902819 0
vt 0.02546781 0.9347615 0
vt 0.02956143 0.9376747 0
vt 0.0334989 0.9407927 0
vt 0.03728197 0.9440992 0
vt 0.0409089 0.9475775 0
vt 0.04436975 0.9512128 0
vt 0.04764004 0.9549969 0
vt 0.03618274 0.9863678 0
vt 0.03111823 0.9824853 0
vt 0.02635958 0.9787119 0
vt 0.02181873 0.9751011 0
vt 0.01742093 0.9716892 0
vt 0.01310197 0.9685003 0
vt 0.008806135 0.965549 0
vt 0.04742079 0.9457131 0
vt 0.04390505 0.9420203 0
vt 0.04698626 0.936385 0
vt 0.04025164 0.9385026 0
vt 0.04331987 0.9328147 0
vt 0.04648097 0.9270234 0
vt 0.03645591 0.935171 0
vt 0.03951815 0.9294429 0
vt 0.04268307 0.9235963 0
vt 0.0459559 0.9176183 0
vt 0.03251088 0.9320398 0
vt 0.03556698 0.9262872 0
vt 0.03872499 0.9204084 0
vt 0.04197469 0.9143917 0
vt 0.04527545 0.9082133 0
vt 0.02841383 0.9291194 0
vt 0.03146735 0.9233529 0
vt 0.03462713 0.9174523 0
vt 0.03789276 0.9114007 0
vt 0.04127715 0.9051723 0
vt 0.04487055 0.8987623 0
vt 0.2742819 0.9950389 0
vt 0.2746089 0.9948537 0
vt 0.2730937 0.8812519 0
vt 0.2727073 0.8809439 0
vt 0.2705696 0.963373 0
vt 0.2706932 0.9634183 0
vt 0.2705645 0.9636093 0
vt 0.2708093 0.9588841 0
vt 0.2708124 0.9586445 0
vt 0.2712159 0.9588019 0
vt 0.270666 0.9541416 0
vt 0.2706686 0.9539049 0
vt 0.2707721 0.9540269 0
vt 0.2709042 0.9493969 0
vt 0.2709081 0.9491562 0
vt 0.2712738 0.9493239 0
vt 0.270814 0.9446273 0
vt 0.270819 0.9443893 0
vt 0.2709205 0.9445073 0
vt 0.2711062 0.9398598 0
vt 0.2711124 0.9396178 0
vt 0.2714852 0.9397979 0
vt 0.271059 0.935061 0
vt 0.2710658 0.9348217 0
vt 0.2711675 0.9349408 0
vt 0.2713903 0.9302665 0
vt 0.2713979 0.9300229 0
vt 0.2717803 0.9302175 0
vt 0.271369 0.9254325 0
vt 0.271377 0.9251914 0
vt 0.2714791 0.9253115 0
vt 0.271722 0.9206038 0
vt 0.2717302 0.9203582 0
vt 0.2721226 0.9205696 0
vt 0.2717102 0.9157261 0
vt 0.2717185 0.9154829 0
vt 0.2718208 0.9156048 0
vt 0.2720687 0.9108537 0
vt 0.2720769 0.9106056 0
vt 0.2724747 0.9108339 0
vt 0.2720578 0.9059235 0
vt 0.2720655 0.9056778 0
vt 0.2721825 0.9058003 0
vt 0.2723906 0.9009979 0
vt 0.2723969 0.9007466 0
vt 0.2728082 0.9010035 0
vt 0.2723386 0.8959978 0
vt 0.2723448 0.8957485 0
vt 0.2724505 0.8958716 0
vt 0.2726435 0.8910013 0
vt 0.2726477 0.8907459 0
vt 0.2730832 0.891029 0
vt 0.2725327 0.885915 0
vt 0.2725351 0.8856611 0
vt 0.2726757 0.8858146 0
vt 0.04973222 0.9952781 0
vt 0.05005739 0.9954695 0
vt 0.05157095 0.8809114 0
vt 0.05118394 0.8812195 0
vt 0.05376355 0.9634824 0
vt 0.05363403 0.9632955 0
vt 0.05375846 0.9632467 0
vt 0.05350981 0.9587757 0
vt 0.0531025 0.9587036 0
vt 0.05350645 0.9585367 0
vt 0.05364762 0.9540352 0
vt 0.05354105 0.9539211 0
vt 0.05364472 0.9537988 0
vt 0.05340168 0.9493041 0
vt 0.05303135 0.9492359 0
vt 0.05339759 0.9490637 0
vt 0.05348714 0.9445355 0
vt 0.05338029 0.9444167 0
vt 0.05348194 0.9442978 0
vt 0.05318875 0.9397808 0
vt 0.0528091 0.9397222 0
vt 0.05318243 0.939539 0
vt 0.05323186 0.9349824 0
vt 0.0531231 0.9348631 0
vt 0.05322479 0.9347432 0
vt 0.05289539 0.9301998 0
vt 0.05250463 0.9301535 0
vt 0.05288761 0.9299563 0
vt 0.05291333 0.9253657 0
vt 0.05280302 0.9252458 0
vt 0.05290516 0.9251248 0
vt 0.0525564 0.9205482 0
vt 0.05215498 0.9205162 0
vt 0.05254804 0.9203027 0
vt 0.05256602 0.9156698 0
vt 0.05245521 0.9155496 0
vt 0.05255753 0.9154267 0
vt 0.05220505 0.9108077 0
vt 0.05179823 0.9107895 0
vt 0.05219669 0.9105597 0
vt 0.0522152 0.9058761 0
vt 0.05209028 0.9057541 0
vt 0.05220733 0.9056304 0
vt 0.05188153 0.9009595 0
vt 0.05146314 0.9009663 0
vt 0.05187509 0.9007082 0
vt 0.0519344 0.8959567 0
vt 0.0518223 0.8958316 0
vt 0.05192809 0.8957074 0
vt 0.05163031 0.890968 0
vt 0.05119 0.8909965 0
vt 0.05162615 0.8907126 0
vt 0.05174374 0.8858778 0
vt 0.05160074 0.8857778 0
vt 0.05174155 0.8856239 0
vt 0.3030566 0.4600801 0
vt 0.2890625 0.4062476 0
vt 0.3002553 0.4546781 0
vt 0.3005954 0.4553736 0
vt 0.289454 0.411783 0
vt 0.2895261 0.4125581 0
vt 0.3281802 0.4448038 0
vt 0.3288376 0.4448184 0
vt 0.328607 0.4451952 0
vt 0.3325764 0.4475898 0
vt 0.333396 0.4456267 0
vt 0.3172365 0.4073658 0
vt 0.3174346 0.4067884 0
vt 0.3177955 0.4070257 0
vt 0.3215665 0.4039479 0
vt 0.3199243 0.4028331 0
vt 0.51392 0.1301512 0
vt 0.4765625 0.08894454 0
vt 0.5089329 0.126665 0
vt 0.5095565 0.1271236 0
vt 0.4794761 0.09366732 0
vt 0.4798994 0.09432059 0
vt 0.5290979 0.1049704 0
vt 0.5296722 0.1046754 0
vt 0.5296779 0.1051133 0
vt 0.534262 0.1053978 0
vt 0.5341156 0.1032761 0
vt 0.502044 0.07687166 0
vt 0.5019519 0.07626821 0
vt 0.5023818 0.07631109 0
vt 0.5042969 0.07183566 0
vt 0.5023246 0.0716094 0
vt 0.10767 0.4563031 0
vt 0.0703125 0.4150964 0
vt 0.1026829 0.4528169 0
vt 0.1033065 0.4532755 0
vt 0.07322605 0.4198192 0
vt 0.07364935 0.4204725 0
vt 0.1228479 0.4311223 0
vt 0.1234222 0.4308273 0
vt 0.1234279 0.4312652 0
vt 0.128012 0.4315497 0
vt 0.1278656 0.429428 0
vt 0.09579403 0.4030236 0
vt 0.09570192 0.4024201 0
vt 0.0961318 0.402463 0
vt 0.09804686 0.3979876 0
vt 0.09607462 0.3977613 0
vt 0.04126372 0.4548083 0
vt 0.00390625 0.4136017 0
vt 0.03627669 0.4513222 0
vt 0.03690023 0.4517808 0
vt 0.0068198 0.4183245 0
vt 0.007243096 0.4189777 0
vt 0.05644169 0.4296276 0
vt 0.05701592 0.4293326 0
vt 0.05702166 0.4297704 0
vt 0.06160576 0.4300549 0
vt 0.06145932 0.4279332 0
vt 0.02938778 0.4015288 0
vt 0.02929567 0.4009254 0
vt 0.02972555 0.4009682 0
vt 0.03164061 0.3964928 0
vt 0.02966837 0.3962666 0
vt 0.4475137 0.1302065 0
vt 0.4101562 0.08899981 0
vt 0.4425267 0.1267203 0
vt 0.4431502 0.1271789 0
vt 0.4130698 0.09372259 0
vt 0.4134931 0.09437586 0
vt 0.4626917 0.1050257 0
vt 0.4632659 0.1047307 0
vt 0.4632717 0.1051685 0
vt 0.4678558 0.1054531 0
vt 0.4677093 0.1033313 0
vt 0.4356378 0.07692693 0
vt 0.4355457 0.07632347 0
vt 0.4359756 0.07636636 0
vt 0.4378906 0.07189092 0
vt 0.4359184 0.07166467 0
vt 0.2816995 0.8562058 0
vt 0.2736632 0.8011716 0
vt 0.2795051 0.8505303 0
vt 0.2797673 0.8512588 0
vt 0.2734504 0.8067147 0
vt 0.2734375 0.807493 0
vt 0.3083411 0.8437636 0
vt 0.308993 0.8438499 0
vt 0.3087226 0.8441993 0
vt 0.3124066 0.8470133 0
vt 0.3134358 0.8451516 0
vt 0.3015485 0.8053549 0
vt 0.3018257 0.8047935 0
vt 0.3021344 0.8050881 0
vt 0.3062398 0.8024216 0
vt 0.304702 0.8011593 0
vt 0.2522753 0.4589149 0
vt 0.2382813 0.4050823 0
vt 0.249474 0.4535128 0
vt 0.2498142 0.4542083 0
vt 0.2386728 0.4106177 0
vt 0.2387449 0.4113928 0
vt 0.2773989 0.4436385 0
vt 0.2780564 0.4436532 0
vt 0.2778258 0.4440299 0
vt 0.2817952 0.4464245 0
vt 0.2826148 0.4444614 0
vt 0.2664552 0.4062005 0
vt 0.2666533 0.4056231 0
vt 0.2670143 0.4058604 0
vt 0.2707852 0.4027826 0
vt 0.2691431 0.4016678 0
vt 0.1526489 0.45714 0
vt 0.1367187 0.4038542 0
vt 0.149654 0.4518436 0
vt 0.1500186 0.4525263 0
vt 0.137312 0.4093696 0
vt 0.1374122 0.4101415 0
vt 0.1772046 0.4409696 0
vt 0.1778499 0.4409511 0
vt 0.1776662 0.4413487 0
vt 0.181679 0.4435832 0
vt 0.1824623 0.4416061 0
vt 0.1649166 0.4039499 0
vt 0.1651096 0.4033544 0
vt 0.1654577 0.4036011 0
vt 0.1691341 0.4003679 0
vt 0.1674291 0.3993417 0
vt 0.1875 0.4046486 0
vt 0.2025394 0.4581965 0
vt 0.1878048 0.4107279 0
vt 0.1877434 0.4099539 0
vt 0.2000891 0.4532174 0
vt 0.1997583 0.452516 0
vt 0.2168994 0.4051843 0
vt 0.2174553 0.4048556 0
vt 0.2170913 0.4046194 0
vt 0.219286 0.4005853 0
vt 0.2210044 0.4018376 0
vt 0.2263109 0.4430374 0
vt 0.2267711 0.4434407 0
vt 0.2269651 0.4430504 0
vt 0.2317734 0.4438097 0
vt 0.2309157 0.445601 0
vt 0.2777215 0.4683517 0
vt 0.2866709 0.5232468 0
vt 0.2773438 0.4744269 0
vt 0.2773694 0.4736509 0
vt 0.2847935 0.5180246 0
vt 0.2845433 0.5172906 0
vt 0.3068761 0.4721758 0
vt 0.3074653 0.4719114 0
vt 0.30713 0.4716359 0
vt 0.3097626 0.4678729 0
vt 0.31133 0.4693097 0
vt 0.3119902 0.5108446 0
vt 0.3124023 0.5112969 0
vt 0.3126389 0.5109308 0
vt 0.3173319 0.5122237 0
vt 0.316279 0.5139076 0
vt 0.7143737 0.8358757 0
vt 0.7139521 0.8358757 0
vt 0.7139521 0.995611 0
vt 0.7143737 0.995611 0
vt 0.6786853 0.8358757 0
vt 0.9951972 0.8358757 0
vt 0.9951972 0.995611 0
vt 0.9956188 0.995611 0
vt 0.8371521 0.8358757 0
vt 0.8367304 0.8358757 0
vt 0.8367304 0.995611 0
vt 0.8371521 0.995611 0
vt 0.8728405 0.8358757 0
vt 0.8724188 0.8358757 0
vt 0.8724188 0.995611 0
vt 0.8728405 0.995611 0
vt 0.7143737 0.9786021 0
vt 0.7139521 0.9786021 0
vt 0.7139521 0.9780732 0
vt 0.7143737 0.9780732 0
vt 0.7139521 0.9748045 0
vt 0.7139521 0.9743067 0
vt 0.7143737 0.9743067 0
vt 0.7143737 0.9748045 0
vt 0.7139521 0.8566822 0
vt 0.7143737 0.8566822 0
vt 0.7143737 0.85718 0
vt 0.7139521 0.85718 0
vt 0.7139521 0.8534134 0
vt 0.7139521 0.8528846 0
vt 0.7143737 0.8528846 0
vt 0.7143737 0.8534134 0
vt 0.9951972 0.8528846 0
vt 0.9956188 0.8528846 0
vt 0.6786853 0.8534134 0
vt 0.9951972 0.8534134 0
vt 0.6786853 0.8566822 0
vt 0.6786853 0.85718 0
vt 0.9951972 0.85718 0
vt 0.9951972 0.8566822 0
vt 0.6786853 0.9748045 0
vt 0.9951972 0.9748045 0
vt 0.9951972 0.9743067 0
vt 0.6786853 0.9743067 0
vt 0.6786853 0.9780732 0
vt 0.6786853 0.9786021 0
vt 0.9951972 0.9786021 0
vt 0.9951972 0.9780732 0
vt 0.8724188 0.8528846 0
vt 0.8728405 0.8528846 0
vt 0.8728405 0.8534134 0
vt 0.8724188 0.8534134 0
vt 0.8728405 0.8566822 0
vt 0.8728405 0.85718 0
vt 0.8724188 0.85718 0
vt 0.8724188 0.8566822 0
vt 0.8728405 0.9748045 0
vt 0.8724188 0.9748045 0
vt 0.8724188 0.9743067 0
vt 0.8728405 0.9743067 0
vt 0.8728405 0.9780732 0
vt 0.8728405 0.9786021 0
vt 0.8724188 0.9786021 0
vt 0.8724188 0.9780732 0
vt 0.8367304 0.8528846 0
vt 0.8371521 0.8528846 0
vt 0.8371521 0.8534134 0
vt 0.8367304 0.8534134 0
vt 0.8371521 0.8566822 0
vt 0.8371521 0.85718 0
vt 0.8367304 0.85718 0
vt 0.8367304 0.8566822 0
vt 0.8371521 0.9748045 0
vt 0.8367304 0.9748045 0
vt 0.8367304 0.9743067 0
vt 0.8371521 0.9743067 0
vt 0.8371521 0.9780732 0
vt 0.8371521 0.9786021 0
vt 0.8367304 0.9786021 0
vt 0.8367304 0.9780732 0
vt 0.1093608 0.6487465 0
vt 0.1296069 0.6488501 0
vt 0.149856 0.6488453 0
vt 0.1701003 0.6487325 0
vt 0.1903246 0.6485116 0
vt 0.2105125 0.6481879 0
vt 0.2306392 0.6477758 0
vt 0.2506642 0.6473142 0
vt 0.2705582 0.6468797 0
vt 0.008820903 0.6468854 0
vt 0.02873428 0.6473456 0
vt 0.04878523 0.6478152 0
vt 0.06893026 0.6482225 0
vt 0.0891297 0.6485363 0
vt 0.1097382 0.585504 0
vt 0.08973882 0.5852961 0
vt 0.06972937 0.5849676 0
vt 0.04969827 0.5845107 0
vt 0.02964648 0.5838842 0
vt 0.009631751 0.5832279 0
vt 0.2697898 0.583267 0
vt 0.2498003 0.5839029 0
vt 0.2297412 0.5845164 0
vt 0.2097108 0.5849639 0
vt 0.1897037 0.5852842 0
vt 0.1697084 0.5854962 0
vt 0.1497198 0.5855929 0
vt 0.1297309 0.5856034 0
vt 0.1271161 0.6626697 0
vt 0.1066116 0.6627265 0
vt 0.1476204 0.662729 0
vt 0.168124 0.6629041 0
vt 0.1886264 0.6631941 0
vt 0.209126 0.663595 0
vt 0.2296177 0.6640976 0
vt 0.2500825 0.6646783 0
vt 0.2704837 0.6652701 0
vt 0.004150579 0.6645201 0
vt 0.02460933 0.6640144 0
vt 0.04510047 0.6635538 0
vt 0.06560212 0.6631757 0
vt 0.08610662 0.662897 0
vt 0.1081556 0.8710226 0
vt 0.1272935 0.8709346 0
vt 0.1464376 0.8709761 0
vt 0.1655788 0.8711487 0
vt 0.184708 0.8714532 0
vt 0.2038221 0.8718937 0
vt 0.2229173 0.8724742 0
vt 0.2419983 0.8731936 0
vt 0.2610923 0.8740394 0
vt 0.01266974 0.87355 0
vt 0.03174346 0.87276 0
vt 0.05082176 0.8721085 0
vt 0.06991388 0.8716042 0
vt 0.0890267 0.8712443 0
vt 0.1099917 0.5538244 0
vt 0.1298217 0.5539146 0
vt 0.1496449 0.5539191 0
vt 0.1694751 0.5538083 0
vt 0.1892941 0.5536092 0
vt 0.2091116 0.5532951 0
vt 0.2289129 0.5528641 0
vt 0.2486719 0.552272 0
vt 0.2684758 0.5515506 0
vt 0.01099241 0.5514965 0
vt 0.0307884 0.5522559 0
vt 0.05054836 0.5528712 0
vt 0.07035035 0.5533105 0
vt 0.0901682 0.5536231 0
vt 0.1100828 0.5423639 0
vt 0.09032293 0.5421594 0
vt 0.07057251 0.5418417 0
vt 0.05083563 0.5413952 0
vt 0.03110533 0.5408007 0
vt 0.01133132 0.5400874 0
vt 0.2681377 0.5401381 0
vt 0.2483661 0.5408074 0
vt 0.2286365 0.5413848 0
vt 0.2088978 0.5418237 0
vt 0.1891449 0.5421404 0
vt 0.1693823 0.5423555 0
vt 0.1496165 0.5424562 0
vt 0.1298481 0.5424651 0
vt 0.1168631 0.6626838 0
vt 0.1373676 0.662685 0
vt 0.1578718 0.6628022 0
vt 0.1783745 0.663035 0
vt 0.1988759 0.6633812 0
vt 0.2193727 0.6638346 0
vt 0.2398549 0.6643809 0
vt 0.26029 0.6649778 0
vt 0.01437276 0.6642658 0
vt 0.03485194 0.6637755 0
vt 0.05535003 0.6633533 0
vt 0.07585338 0.6630234 0
vt 0.096358 0.662798 0
vt 0.119482 0.6488115 0
vt 0.1397312 0.6488612 0
vt 0.1599793 0.6488023 0
vt 0.1802149 0.6486353 0
vt 0.2004236 0.6483619 0
vt 0.2205848 0.6479911 0
vt 0.2406667 0.6475469 0
vt 0.260624 0.6470892 0
vt 0.01875739 0.6471074 0
vt 0.03874475 0.647585 0
vt 0.05884953 0.6480292 0
vt 0.07902399 0.6483918 0
vt 0.09924143 0.6486544 0
vt 0.0997405 0.5854001 0
vt 0.07973718 0.5851346 0
vt 0.05971545 0.5847663 0
vt 0.03967459 0.5842088 0
vt 0.01962606 0.5835034 0
vt 0.2598209 0.5835286 0
vt 0.2397685 0.5842185 0
vt 0.2197233 0.5847436 0
vt 0.1997059 0.5851242 0
vt 0.1797061 0.5853888 0
vt 0.1597134 0.585554 0
vt 0.1397257 0.585599 0
vt 0.1197359 0.585553 0
vt 0.1000794 0.5537762 0
vt 0.08025807 0.5535219 0
vt 0.06044654 0.5531496 0
vt 0.04066236 0.5526344 0
vt 0.02093719 0.551906 0
vt 0.2585198 0.5519257 0
vt 0.2387976 0.5526357 0
vt 0.2190153 0.5531372 0
vt 0.1992041 0.553505 0
vt 0.1793822 0.5537701 0
vt 0.1595592 0.5539179 0
vt 0.1397302 0.5539776 0
vt 0.1199048 0.5539235 0
vt 0.2264014 0.7762077 0
vt 0.2461395 0.7770161 0
vt 0.1668557 0.7749214 0
vt 0.08735695 0.7749958 0
vt 0.1072307 0.7747952 0
vt 0.1271061 0.7747082 0
vt 0.1469817 0.7747709 0
vt 0.02787228 0.7764757 0
vt 0.04764885 0.7757982 0
vt 0.186725 0.7752194 0
vt 0.2065813 0.7756371 0
vt 0.2657986 0.7779706 0
vt 0.008190648 0.7774661 0
vt 0.06749091 0.7753246 0
vt 0.1002023 0.5422856 0
vt 0.08044628 0.5420257 0
vt 0.06070244 0.5416456 0
vt 0.04097045 0.5411262 0
vt 0.02122873 0.5404539 0
vt 0.2582439 0.540485 0
vt 0.2385026 0.5411234 0
vt 0.2187699 0.5416307 0
vt 0.1990235 0.5420067 0
vt 0.1792658 0.5422666 0
vt 0.1595006 0.5424291 0
vt 0.1397336 0.5424785 0
vt 0.1199655 0.5424374 0
vt 0.1177241 0.870964 0
vt 0.1368656 0.870941 0
vt 0.1560089 0.8710481 0
vt 0.1751447 0.8712861 0
vt 0.1942669 0.8716583 0
vt 0.2133721 0.8721684 0
vt 0.2324605 0.8728184 0
vt 0.2515477 0.8736031 0
vt 0.02220404 0.8731402 0
vt 0.04128181 0.8724138 0
vt 0.06036543 0.8718404 0
vt 0.07946852 0.8714089 0
vt 0.09859014 0.8711186 0
vt 0.06738881 0.771453 0
vt 0.08729215 0.7711271 0
vt 0.09009762 0.5587865 0
vt 0.1099501 0.5589871 0
vt 0.1071965 0.7709279 0
vt 0.07024826 0.5584759 0
vt 0.1298042 0.5590803 0
vt 0.127104 0.7708629 0
vt 0.1496579 0.5590818 0
vt 0.1470045 0.7709003 0
vt 0.169512 0.5589755 0
vt 0.1669025 0.7710758 0
vt 0.1893627 0.5587731 0
vt 0.1868082 0.7713522 0
vt 0.2092103 0.5584614 0
vt 0.2067065 0.7717665 0
vt 0.2290451 0.5580337 0
vt 0.2265913 0.7723277 0
vt 0.2488285 0.5574444 0
vt 0.2463958 0.7731226 0
vt 0.2682725 0.556711 0
vt 0.01120299 0.5566606 0
vt 0.008068968 0.7736472 0
vt 0.03062556 0.557431 0
vt 0.02763085 0.7725796 0
vt 0.05041143 0.55804 0
vt 0.04749339 0.7719202 0
vt 0.1105229 0.4785103 0
vt 0.129987 0.4786105 0
vt 0.149451 0.4786031 0
vt 0.1689194 0.4784893 0
vt 0.1884026 0.4782686 0
vt 0.2079105 0.4779428 0
vt 0.2274622 0.4775179 0
vt 0.2470857 0.4770129 0
vt 0.2668106 0.4764711 0
vt 0.01272181 0.4764861 0
vt 0.0324232 0.4770512 0
vt 0.05202261 0.4775634 0
vt 0.0715554 0.4779854 0
vt 0.09104956 0.4783022 0
vt 0.1171681 0.7747153 0
vt 0.1767918 0.7750332 0
vt 0.2164988 0.7758764 0
vt 0.2362833 0.7765482 0
vt 0.1569195 0.7748228 0
vt 0.09729276 0.7748559 0
vt 0.1370435 0.7747147 0
vt 0.03774781 0.7760809 0
vt 0.1966565 0.775387 0
vt 0.08017292 0.5586223 0
vt 0.1397298 0.5590737 0
vt 0.159585 0.5590179 0
vt 0.1794354 0.5588675 0
vt 0.1992858 0.5586064 0
vt 0.2191289 0.5582401 0
vt 0.2389478 0.5577415 0
vt 0.2586532 0.5570191 0
vt 0.02080614 0.5569958 0
vt 0.04050727 0.5577383 0
vt 0.06032863 0.5582511 0
vt 0.1000245 0.5588755 0
vt 0.05756443 0.7755169 0
vt 0.07742142 0.7751188 0
vt 0.2559656 0.7775231 0
vt 0.01802402 0.7769202 0
vt 0.1198767 0.5590224 0
vt 0.05743959 0.7716685 0
vt 0.03755463 0.772223 0
vt 0.01776605 0.7730302 0
vt 0.2560874 0.7736921 0
vt 0.2365161 0.772689 0
vt 0.2166514 0.7720283 0
vt 0.196758 0.7715432 0
vt 0.1768572 0.7711928 0
vt 0.1569521 0.7709581 0
vt 0.1370561 0.77085 0
vt 0.1171495 0.7708752 0
vt 0.0972448 0.7710126 0
vt 0.07734056 0.7712741 0
vt 0.1202553 0.4785739 0
vt 0.1397185 0.4786201 0
vt 0.1591836 0.4785596 0
vt 0.1786585 0.4783923 0
vt 0.1981521 0.4781188 0
vt 0.217679 0.477742 0
vt 0.2372625 0.4772735 0
vt 0.2569339 0.4767422 0
vt 0.02258727 0.4767719 0
vt 0.04223296 0.477317 0
vt 0.06179491 0.4777871 0
vt 0.0813056 0.4781574 0
vt 0.1007876 0.47842 0
vt 0.1098689 0.5690037 0
vt 0.1098678 0.5691639 0
vt 0.1297713 0.5692587 0
vt 0.129772 0.5690985 0
vt 0.1496795 0.5692574 0
vt 0.1496793 0.5690973 0
vt 0.1695883 0.5691565 0
vt 0.1695872 0.5689964 0
vt 0.1894977 0.5689484 0
vt 0.1894955 0.5687882 0
vt 0.2094082 0.5686379 0
vt 0.2094051 0.5684777 0
vt 0.2293202 0.56821 0
vt 0.2293158 0.5680498 0
vt 0.2492507 0.5676044 0
vt 0.2492437 0.5674447 0
vt 0.2694342 0.5662726 0
vt 0.2694148 0.5661051 0
vt 0.01012732 0.566201 0
vt 0.01014447 0.5660341 0
vt 0.03018032 0.5675989 0
vt 0.03018799 0.5674391 0
vt 0.05012971 0.5682128 0
vt 0.05013425 0.5680527 0
vt 0.07004296 0.5686522 0
vt 0.07004627 0.5684921 0
vt 0.08996191 0.5689609 0
vt 0.08996376 0.5688007 0
vt 0.09991691 0.5688654 0
vt 0.09991513 0.5690274 0
vt 0.08000547 0.568616 0
vt 0.08000284 0.5687779 0
vt 0.06009519 0.5682421 0
vt 0.06009127 0.568404 0
vt 0.0401742 0.5677311 0
vt 0.04016873 0.5678927 0
vt 0.02018038 0.5669467 0
vt 0.02016747 0.5671068 0
vt 0.2592605 0.5669669 0
vt 0.259272 0.5671268 0
vt 0.2392705 0.5677342 0
vt 0.2392759 0.567896 0
vt 0.2193559 0.5682341 0
vt 0.2193596 0.568396 0
vt 0.1994463 0.5685999 0
vt 0.1994489 0.568762 0
vt 0.1795377 0.5688584 0
vt 0.1795394 0.5690203 0
vt 0.1596357 0.5690106 0
vt 0.1596367 0.5691726 0
vt 0.1397282 0.5690643 0
vt 0.1397281 0.5692263 0
vt 0.1198217 0.5690143 0
vt 0.1198208 0.5691763 0
vt 0.09007363 0.560582 0
vt 0.09007155 0.5607361 0
vt 0.1099344 0.560936 0
vt 0.1099355 0.5607819 0
vt 0.1297978 0.5610307 0
vt 0.129798 0.5608765 0
vt 0.1496624 0.5610304 0
vt 0.1496622 0.5608764 0
vt 0.1695263 0.5609264 0
vt 0.169525 0.560772 0
vt 0.1893881 0.560723 0
vt 0.189386 0.5605689 0
vt 0.2092474 0.5604118 0
vt 0.2092444 0.5602576 0
vt 0.2290965 0.5599856 0
vt 0.2290924 0.5598315 0
vt 0.2488987 0.5593981 0
vt 0.2488924 0.5592437 0
vt 0.2683279 0.5586824 0
vt 0.26832 0.5585258 0
vt 0.01115785 0.5586303 0
vt 0.0111643 0.5584739 0
vt 0.03055295 0.5593859 0
vt 0.03055943 0.5592315 0
vt 0.05035914 0.5599907 0
vt 0.05036316 0.5598365 0
vt 0.07020937 0.5604268 0
vt 0.07021229 0.5602727 0
vt 0.08014196 0.5604396 0
vt 0.0801394 0.5605955 0
vt 0.06028645 0.5600675 0
vt 0.06028269 0.5602235 0
vt 0.0404488 0.5595566 0
vt 0.04044395 0.5597125 0
vt 0.02073595 0.5588015 0
vt 0.02072787 0.5589563 0
vt 0.2587237 0.558825 0
vt 0.2587315 0.5589796 0
vt 0.2390038 0.5595591 0
vt 0.2390088 0.5597153 0
vt 0.2191705 0.560058 0
vt 0.219174 0.5602141 0
vt 0.1993157 0.5604238 0
vt 0.1993183 0.5605798 0
vt 0.1794548 0.5606841 0
vt 0.1794562 0.56084 0
vt 0.1595946 0.560835 0
vt 0.1595954 0.5609909 0
vt 0.1397296 0.5608906 0
vt 0.1397295 0.5610465 0
vt 0.1198674 0.5608392 0
vt 0.1198664 0.5609951 0
vt 0.1000043 0.5606922 0
vt 0.1000026 0.5608482 0
vt 0.1097601 0.5827051 0
vt 0.1097579 0.5829808 0
vt 0.1297386 0.5830806 0
vt 0.1297395 0.582805 0
vt 0.1497141 0.5830825 0
vt 0.1497135 0.5828065 0
vt 0.16969 0.5829723 0
vt 0.1696882 0.5826965 0
vt 0.1896715 0.5827628 0
vt 0.1896679 0.5824875 0
vt 0.2096647 0.5824444 0
vt 0.2096596 0.5821693 0
vt 0.2296794 0.5820008 0
vt 0.2296725 0.5817261 0
vt 0.24974 0.5813892 0
vt 0.249733 0.5811147 0
vt 0.2699096 0.5806387 0
vt 0.269919 0.5803492 0
vt 0.009469499 0.5806003 0
vt 0.009455072 0.5803111 0
vt 0.02971657 0.581369 0
vt 0.0297246 0.5810944 0
vt 0.04976175 0.5820076 0
vt 0.04976884 0.5817324 0
vt 0.06977728 0.5824601 0
vt 0.06978287 0.5821844 0
vt 0.0897707 0.5827746 0
vt 0.0897743 0.5824993 0
vt 0.0997659 0.5828994 0
vt 0.09976887 0.5826228 0
vt 0.07977723 0.5826343 0
vt 0.07978144 0.5823576 0
vt 0.05977028 0.5822439 0
vt 0.05977644 0.5819683 0
vt 0.03974136 0.5817169 0
vt 0.03974952 0.5814414 0
vt 0.01965278 0.5809805 0
vt 0.01965707 0.5807031 0
vt 0.2598078 0.5810045 0
vt 0.2598056 0.5807267 0
vt 0.2397035 0.5817259 0
vt 0.2396959 0.5814503 0
vt 0.2196719 0.5822464 0
vt 0.219666 0.5819703 0
vt 0.1996691 0.5826239 0
vt 0.1996649 0.5823474 0
vt 0.1796823 0.5828869 0
vt 0.1796795 0.5826104 0
vt 0.1597003 0.5830388 0
vt 0.1596988 0.5827624 0
vt 0.1397242 0.583097 0
vt 0.1397244 0.5828202 0
vt 0.1197486 0.5830515 0
vt 0.1197501 0.5827748 0
vt 0.06714089 0.7618384 0
vt 0.06713529 0.7616141 0
vt 0.04710178 0.762074 0
vt 0.0471105 0.7622984 0
vt 0.02700948 0.7629395 0
vt 0.0269956 0.762715 0
vt 0.006777864 0.7639462 0
vt 0.006747697 0.7637126 0
vt 0.2675962 0.7642298 0
vt 0.2675763 0.7644556 0
vt 0.2472139 0.7634786 0
vt 0.2472319 0.7632543 0
vt 0.227062 0.7627105 0
vt 0.2270725 0.7624864 0
vt 0.2070198 0.7619326 0
vt 0.2070129 0.7621568 0
vt 0.187011 0.7617453 0
vt 0.1870157 0.7615211 0
vt 0.1670295 0.7614595 0
vt 0.1670327 0.7612351 0
vt 0.1470596 0.7610664 0
vt 0.1470585 0.7612907 0
vt 0.1270894 0.7612477 0
vt 0.1270891 0.7610233 0
vt 0.1071167 0.7613203 0
vt 0.1071149 0.7610961 0
vt 0.08713321 0.7612923 0
vt 0.08713671 0.7615166 0
vt 0.08725757 0.7690236 0
vt 0.08726074 0.7692152 0
vt 0.10718 0.7690171 0
vt 0.1071785 0.7688256 0
vt 0.127101 0.7689493 0
vt 0.1271005 0.7687576 0
vt 0.1470155 0.7689882 0
vt 0.1470165 0.7687967 0
vt 0.166928 0.7691616 0
vt 0.1669306 0.7689698 0
vt 0.1868491 0.7694404 0
vt 0.186853 0.7692491 0
vt 0.2067685 0.7698541 0
vt 0.2067747 0.7696625 0
vt 0.2266865 0.7704129 0
vt 0.2266959 0.7702211 0
vt 0.2465458 0.7711933 0
vt 0.2465615 0.7710003 0
vt 0.007874937 0.7717364 0
vt 0.00785001 0.7715445 0
vt 0.02750844 0.7706561 0
vt 0.02749612 0.7704634 0
vt 0.04741595 0.7700044 0
vt 0.04740841 0.7698125 0
vt 0.06733829 0.76954 0
vt 0.06733311 0.7693483 0
vt 0.03706239 0.76239 0
vt 0.03707334 0.7626176 0
vt 0.2573902 0.7637858 0
vt 0.2573717 0.764016 0
vt 0.1970142 0.7617345 0
vt 0.1970084 0.7619619 0
vt 0.1370755 0.761053 0
vt 0.137075 0.7612803 0
vt 0.07713843 0.7614611 0
vt 0.07714297 0.7616886 0
vt 0.01689664 0.763161 0
vt 0.01691624 0.7633877 0
vt 0.2371334 0.7628565 0
vt 0.2371196 0.7630837 0
vt 0.1770226 0.7613869 0
vt 0.177019 0.7616143 0
vt 0.1171033 0.7610684 0
vt 0.1171043 0.761296 0
vt 0.09712641 0.7612027 0
vt 0.09712885 0.7614302 0
vt 0.1570458 0.7611582 0
vt 0.1570437 0.7613855 0
vt 0.2170377 0.7622127 0
vt 0.2170291 0.7624401 0
vt 0.0571258 0.7618485 0
vt 0.05713286 0.7620761 0
vt 0.07729608 0.7691489 0
vt 0.07730001 0.7693425 0
vt 0.05737044 0.7695413 0
vt 0.05737688 0.7697352 0
vt 0.03744748 0.7700921 0
vt 0.03745734 0.7702863 0
vt 0.01759511 0.7708922 0
vt 0.01761122 0.7710869 0
vt 0.2563046 0.7715826 0
vt 0.25628 0.7717751 0
vt 0.2366481 0.7705571 0
vt 0.236636 0.7707514 0
vt 0.216736 0.7699016 0
vt 0.2167283 0.7700954 0
vt 0.1968143 0.7694193 0
vt 0.196809 0.769613 0
vt 0.1768931 0.7690703 0
vt 0.1768899 0.7692638 0
vt 0.1569727 0.7688363 0
vt 0.1569707 0.7690297 0
vt 0.1370602 0.7687309 0
vt 0.1370598 0.7689242 0
vt 0.1171391 0.7687519 0
vt 0.1171402 0.7689454 0
vt 0.09721856 0.7688882 0
vt 0.09722089 0.7690818 0
vt 0.06729042 0.7676985 0
vt 0.06729538 0.7678957 0
vt 0.08727081 0.76983 0
vt 0.08727372 0.770014 0
vt 0.107187 0.7698158 0
vt 0.1071854 0.7696317 0
vt 0.1271022 0.769749 0
vt 0.127102 0.7695647 0
vt 0.1470108 0.7697874 0
vt 0.1470119 0.7696032 0
vt 0.1669172 0.7699613 0
vt 0.1669199 0.7697769 0
vt 0.186832 0.7702401 0
vt 0.1868359 0.7700561 0
vt 0.2067426 0.7706531 0
vt 0.2067486 0.770469 0
vt 0.2266466 0.7712135 0
vt 0.2266558 0.771029 0
vt 0.2464815 0.7719997 0
vt 0.2464963 0.7718138 0
vt 0.007983907 0.7725348 0
vt 0.007961549 0.772351 0
vt 0.02755989 0.77146 0
vt 0.02754812 0.7712748 0
vt 0.04744834 0.7708048 0
vt 0.04744099 0.7706203 0
vt 0.0673595 0.7703403 0
vt 0.06735439 0.7701561 0
vt 0.08723399 0.7675718 0
vt 0.08723043 0.7673746 0
vt 0.1071665 0.7673742 0
vt 0.1071646 0.7671772 0
vt 0.1270986 0.7673048 0
vt 0.127098 0.7671075 0
vt 0.1470244 0.7673449 0
vt 0.1470257 0.7671477 0
vt 0.1669505 0.7675169 0
vt 0.1669531 0.7673196 0
vt 0.1868842 0.767798 0
vt 0.1868884 0.7676009 0
vt 0.2068216 0.7682108 0
vt 0.2068279 0.7680138 0
vt 0.226768 0.7687671 0
vt 0.2267778 0.7685697 0
vt 0.2466829 0.769537 0
vt 0.2466998 0.7693382 0
vt 0.007710483 0.7700827 0
vt 0.007683293 0.7698841 0
vt 0.02740146 0.7690042 0
vt 0.02738864 0.768806 0
vt 0.04734909 0.7683582 0
vt 0.04734102 0.7681609 0
vt 0.05731674 0.7678717 0
vt 0.05732301 0.7680714 0
vt 0.03736322 0.7684203 0
vt 0.03737332 0.7686204 0
vt 0.01745299 0.7692156 0
vt 0.01747024 0.7694162 0
vt 0.2564684 0.7699164 0
vt 0.2564419 0.7701158 0
vt 0.2367533 0.7688848 0
vt 0.2367407 0.769085 0
vt 0.2168023 0.768233 0
vt 0.2167945 0.7684326 0
vt 0.1968577 0.7677517 0
vt 0.1968526 0.7679513 0
vt 0.1769211 0.7674034 0
vt 0.1769178 0.7676029 0
vt 0.1569886 0.7671708 0
vt 0.1569868 0.7673702 0
vt 0.1370633 0.7670657 0
vt 0.1370628 0.767265 0
vt 0.1171312 0.7670849 0
vt 0.117132 0.7672845 0
vt 0.09719795 0.7672205 0
vt 0.09720063 0.7674202 0
vt 0.07726129 0.7674806 0
vt 0.07726533 0.7676804 0
vt 0.07731693 0.7701501 0
vt 0.07731313 0.7699641 0
vt 0.05740302 0.7705434 0
vt 0.05739695 0.7703571 0
vt 0.03749788 0.7710953 0
vt 0.03748871 0.7709087 0
vt 0.01767741 0.7718997 0
vt 0.01766233 0.7717124 0
vt 0.256172 0.7725764 0
vt 0.2561941 0.772392 0
vt 0.2365858 0.7715608 0
vt 0.2365973 0.7713741 0
vt 0.2166961 0.7709035 0
vt 0.2167035 0.7707172 0
vt 0.1967876 0.7704201 0
vt 0.1967926 0.7702341 0
vt 0.1768763 0.7700698 0
vt 0.1768793 0.7698839 0
vt 0.1569629 0.7698366 0
vt 0.1569647 0.769651 0
vt 0.1370582 0.7697292 0
vt 0.1370587 0.7695434 0
vt 0.117144 0.7697522 0
vt 0.1171431 0.7695665 0
vt 0.09723084 0.7698891 0
vt 0.09722868 0.7697032 0
vt 0.09997845 0.5631155 0
vt 0.09999798 0.5612861 0
vt 0.109931 0.5613689 0
vt 0.1099161 0.5631772 0
vt 0.119864 0.5614336 0
vt 0.1198537 0.5632637 0
vt 0.1297963 0.5614637 0
vt 0.1297906 0.5632724 0
vt 0.1397292 0.5633138 0
vt 0.1397296 0.5614839 0
vt 0.1496674 0.563272 0
vt 0.1496633 0.5614638 0
vt 0.1595977 0.561429 0
vt 0.1596068 0.5632589 0
vt 0.169543 0.5631689 0
vt 0.1695295 0.5613595 0
vt 0.1794608 0.5612776 0
vt 0.1794795 0.5631074 0
vt 0.1894175 0.5629638 0
vt 0.1893938 0.561156 0
vt 0.1993253 0.5610185 0
vt 0.1993544 0.5628487 0
vt 0.2092908 0.5626534 0
vt 0.2092557 0.5608448 0
vt 0.2191839 0.5606519 0
vt 0.2192251 0.5624825 0
vt 0.2291565 0.5622284 0
vt 0.229108 0.5604193 0
vt 0.2390226 0.5601533 0
vt 0.2390808 0.5619835 0
vt 0.2489884 0.5616403 0
vt 0.2489156 0.5598318 0
vt 0.2587523 0.5594138 0
vt 0.2588661 0.5612306 0
vt 0.2684517 0.560194 0
vt 0.2683706 0.5592211 0
vt 0.01111896 0.5591682 0
vt 0.01104978 0.5601425 0
vt 0.02070689 0.5593901 0
vt 0.02059487 0.5612079 0
vt 0.0305354 0.5598201 0
vt 0.03046038 0.5616294 0
vt 0.04036966 0.5619811 0
vt 0.04042978 0.5601509 0
vt 0.0502975 0.5622323 0
vt 0.05034739 0.5604234 0
vt 0.06027249 0.5606621 0
vt 0.06022976 0.562492 0
vt 0.07016427 0.5626683 0
vt 0.07020057 0.5608599 0
vt 0.08013208 0.5610336 0
vt 0.08010171 0.5628643 0
vt 0.09004134 0.5629767 0
vt 0.09006568 0.5611686 0
vt 0.07017754 0.5620106 0
vt 0.07017839 0.5619657 0
vt 0.1993438 0.5621828 0
vt 0.1993432 0.5621375 0
vt 0.1993367 0.5617295 0
vt 0.199336 0.5616842 0
vt 0.1894025 0.5618139 0
vt 0.189403 0.5618587 0
vt 0.1894089 0.5623062 0
vt 0.1894083 0.5622614 0
vt 0.2192091 0.5617712 0
vt 0.2192101 0.5618166 0
vt 0.2191999 0.5613631 0
vt 0.2191988 0.5613178 0
vt 0.2092684 0.5615029 0
vt 0.2092694 0.5615478 0
vt 0.2092773 0.561951 0
vt 0.209278 0.5619957 0
vt 0.0206362 0.5605034 0
vt 0.02063184 0.5605487 0
vt 0.02066568 0.5600492 0
vt 0.02066222 0.5600948 0
vt 0.01135533 0.5594375 0
vt 0.01135045 0.5594795 0
vt 0.01129676 0.5598609 0
vt 0.011293 0.5599031 0
vt 0.2588293 0.5605718 0
vt 0.2588242 0.5605266 0
vt 0.2587974 0.5601182 0
vt 0.2587936 0.5600728 0
vt 0.248941 0.5604898 0
vt 0.2489433 0.5605349 0
vt 0.2489595 0.560938 0
vt 0.2489613 0.5609828 0
vt 0.2390581 0.5612722 0
vt 0.2390596 0.5613176 0
vt 0.2390451 0.5608646 0
vt 0.2390437 0.5608192 0
vt 0.2291256 0.5610773 0
vt 0.2291268 0.5611223 0
vt 0.2291388 0.5615706 0
vt 0.2291376 0.5615256 0
vt 0.0900567 0.5618264 0
vt 0.09005631 0.5618713 0
vt 0.09005022 0.5623191 0
vt 0.09005062 0.5622743 0
vt 0.1099215 0.5625195 0
vt 0.109922 0.5624747 0
vt 0.1099257 0.5620268 0
vt 0.1099252 0.5620717 0
vt 0.0999901 0.5619971 0
vt 0.09999087 0.5619517 0
vt 0.09998598 0.5624044 0
vt 0.09998552 0.5624498 0
vt 0.07018734 0.5615179 0
vt 0.07018648 0.5615627 0
vt 0.0801203 0.5617448 0
vt 0.08012103 0.5616993 0
vt 0.0801135 0.562153 0
vt 0.08011277 0.5621984 0
vt 0.1695379 0.5624661 0
vt 0.1695381 0.5625109 0
vt 0.1695346 0.5620625 0
vt 0.1695344 0.5620176 0
vt 0.1794682 0.5619885 0
vt 0.1794676 0.5619431 0
vt 0.1794727 0.5624417 0
vt 0.1794722 0.5623962 0
vt 0.05031558 0.5615745 0
vt 0.05031697 0.5615295 0
vt 0.05032939 0.5610816 0
vt 0.05032796 0.5611265 0
vt 0.06025698 0.5613277 0
vt 0.06025587 0.5613731 0
vt 0.06024531 0.5618263 0
vt 0.06024638 0.5617809 0
vt 0.1496659 0.5625695 0
vt 0.149666 0.5626143 0
vt 0.1496648 0.5621217 0
vt 0.1496652 0.5621667 0
vt 0.1596013 0.5621402 0
vt 0.1596009 0.5620947 0
vt 0.1596033 0.5625477 0
vt 0.1596034 0.562593 0
vt 0.1198602 0.5620992 0
vt 0.11986 0.5621447 0
vt 0.1198574 0.5625979 0
vt 0.1198577 0.5625525 0
vt 0.1297941 0.5621666 0
vt 0.1297943 0.5621217 0
vt 0.1297927 0.5626146 0
vt 0.1297929 0.5625697 0
vt 0.1397292 0.5626028 0
vt 0.1397293 0.5626482 0
vt 0.1397295 0.5621493 0
vt 0.1397293 0.5621947 0
vt 0.2681654 0.5595464 0
vt 0.2681647 0.5595041 0
vt 0.2681804 0.5599729 0
vt 0.2681805 0.5599306 0
vt 0.03050915 0.5604787 0
vt 0.03050714 0.5605234 0
vt 0.03048831 0.5609715 0
vt 0.03049035 0.5609266 0
vt 0.04039329 0.56127 0
vt 0.04039159 0.5613154 0
vt 0.04040651 0.5608621 0
vt 0.04040819 0.5608166 0
vt 0.7135514 0.6559642 0
vt 0.7318886 0.6559642 0
vt 0.7502257 0.6559642 0
vt 0.7685628 0.6559642 0
vt 0.7868999 0.6559642 0
vt 0.805237 0.6559642 0
vt 0.8235741 0.6559642 0
vt 0.8419112 0.6559642 0
vt 0.8596328 0.6559642 0
vt 0.5858071 0.6559642 0
vt 0.6035287 0.6559642 0
vt 0.6218658 0.6559642 0
vt 0.6402029 0.6559642 0
vt 0.65854 0.6559642 0
vt 0.6768772 0.6559642 0
vt 0.6952142 0.6559642 0
vt 0.7135514 0.6241458 0
vt 0.6952142 0.6241458 0
vt 0.6768772 0.6241458 0
vt 0.65854 0.6241458 0
vt 0.6402029 0.6241458 0
vt 0.6218658 0.6241458 0
vt 0.6035287 0.6241458 0
vt 0.5858071 0.6241458 0
vt 0.8596328 0.6241458 0
vt 0.8419112 0.6241458 0
vt 0.8235741 0.6241458 0
vt 0.805237 0.6241458 0
vt 0.7868999 0.6241458 0
vt 0.7685628 0.6241458 0
vt 0.7502257 0.6241458 0
vt 0.7318886 0.6241458 0
vt 0.6952142 0.6432382 0
vt 0.6952142 0.6383401 0
vt 0.7135514 0.6383401 0
vt 0.7135514 0.6432382 0
vt 0.6768772 0.6432382 0
vt 0.6768772 0.6383401 0
vt 0.65854 0.6432382 0
vt 0.65854 0.6383401 0
vt 0.6402029 0.6432382 0
vt 0.6402029 0.6383401 0
vt 0.6218658 0.6432382 0
vt 0.6218658 0.6383401 0
vt 0.6035287 0.6432382 0
vt 0.6035287 0.6383401 0
vt 0.5858071 0.6383401 0
vt 0.5858071 0.6432382 0
vt 0.8596328 0.6432382 0
vt 0.8596328 0.6383401 0
vt 0.8419112 0.6432382 0
vt 0.8419112 0.6383401 0
vt 0.8235741 0.6432382 0
vt 0.8235741 0.6383401 0
vt 0.805237 0.6432382 0
vt 0.805237 0.6383401 0
vt 0.7868999 0.6432382 0
vt 0.7868999 0.6383401 0
vt 0.7685628 0.6432382 0
vt 0.7685628 0.6383401 0
vt 0.7502257 0.6432382 0
vt 0.7502257 0.6383401 0
vt 0.7318886 0.6432382 0
vt 0.7318886 0.6383401 0
vt 0.7043829 0.6559642 0
vt 0.6860457 0.6559642 0
vt 0.6677086 0.6559642 0
vt 0.6493714 0.6559642 0
vt 0.6310343 0.6559642 0
vt 0.6126972 0.6559642 0
vt 0.5944448 0.6559642 0
vt 0.850995 0.6559642 0
vt 0.8327427 0.6559642 0
vt 0.8144056 0.6559642 0
vt 0.7960685 0.6559642 0
vt 0.7777313 0.6559642 0
vt 0.7593942 0.6559642 0
vt 0.7410571 0.6559642 0
vt 0.72272 0.6559642 0
vt 0.7043829 0.6241458 0
vt 0.6860457 0.6241458 0
vt 0.6677086 0.6241458 0
vt 0.6493714 0.6241458 0
vt 0.6310343 0.6241458 0
vt 0.6126972 0.6241458 0
vt 0.5944448 0.6241458 0
vt 0.850995 0.6241458 0
vt 0.8327427 0.6241458 0
vt 0.8144056 0.6241458 0
vt 0.7960685 0.6241458 0
vt 0.7777313 0.6241458 0
vt 0.7593942 0.6241458 0
vt 0.7410571 0.6241458 0
vt 0.72272 0.6241458 0
vt 0.6952142 0.6409164 0
vt 0.7043829 0.6383401 0
vt 0.7135514 0.6409164 0
vt 0.7043829 0.6432382 0
vt 0.6768772 0.6409164 0
vt 0.6860457 0.6383401 0
vt 0.6860457 0.6432382 0
vt 0.65854 0.6409164 0
vt 0.6677086 0.6383401 0
vt 0.6677086 0.6432382 0
vt 0.6402029 0.6409164 0
vt 0.6493714 0.6383401 0
vt 0.6493714 0.6432382 0
vt 0.6218658 0.6409164 0
vt 0.6310343 0.6383401 0
vt 0.6310343 0.6432382 0
vt 0.6035287 0.6409164 0
vt 0.6126972 0.6383401 0
vt 0.6126972 0.6432382 0
vt 0.5858071 0.6409164 0
vt 0.5944448 0.6383401 0
vt 0.5944448 0.6432382 0
vt 0.8419112 0.6409164 0
vt 0.850995 0.6383401 0
vt 0.8596328 0.6409164 0
vt 0.850995 0.6432382 0
vt 0.8235741 0.6409164 0
vt 0.8327427 0.6383401 0
vt 0.8327427 0.6432382 0
vt 0.805237 0.6409164 0
vt 0.8144056 0.6383401 0
vt 0.8144056 0.6432382 0
vt 0.7868999 0.6409164 0
vt 0.7960685 0.6383401 0
vt 0.7960685 0.6432382 0
vt 0.7685628 0.6409164 0
vt 0.7777313 0.6383401 0
vt 0.7777313 0.6432382 0
vt 0.7502257 0.6409164 0
vt 0.7593942 0.6383401 0
vt 0.7593942 0.6432382 0
vt 0.7318886 0.6409164 0
vt 0.7410571 0.6383401 0
vt 0.7410571 0.6432382 0
vt 0.72272 0.6383401 0
vt 0.72272 0.6432382 0
vt 0.7135514 0.6486951 0
vt 0.6952142 0.6486951 0
vt 0.6768772 0.6322548 0
vt 0.6952142 0.6322548 0
vt 0.7135514 0.6322548 0
vt 0.6768772 0.6486951 0
vt 0.7318886 0.6322548 0
vt 0.7318886 0.6486951 0
vt 0.65854 0.6486951 0
vt 0.65854 0.6322548 0
vt 0.6402029 0.6322548 0
vt 0.6402029 0.6486951 0
vt 0.6218658 0.6322548 0
vt 0.6218658 0.6486951 0
vt 0.6035287 0.6322548 0
vt 0.6035287 0.6486951 0
vt 0.5858071 0.6322548 0
vt 0.5858071 0.6486951 0
vt 0.8419112 0.6322548 0
vt 0.8596328 0.6322548 0
vt 0.8596328 0.6486951 0
vt 0.8419112 0.6486951 0
vt 0.8235741 0.6322548 0
vt 0.8235741 0.6486951 0
vt 0.805237 0.6486951 0
vt 0.805237 0.6322548 0
vt 0.7868999 0.6486951 0
vt 0.7868999 0.6322548 0
vt 0.7685628 0.6486951 0
vt 0.7685628 0.6322548 0
vt 0.7502257 0.6322548 0
vt 0.7502257 0.6486951 0
vt 0.6310343 0.6322548 0
vt 0.7410571 0.6322548 0
vt 0.6677086 0.6322548 0
vt 0.7777313 0.6322548 0
vt 0.72272 0.6322548 0
vt 0.7960685 0.6322548 0
vt 0.8144056 0.6322548 0
vt 0.6126972 0.6322548 0
vt 0.6677086 0.6486951 0
vt 0.5944448 0.6322548 0
vt 0.850995 0.6322548 0
vt 0.8327427 0.6322548 0
vt 0.8144056 0.6486951 0
vt 0.6860457 0.6322548 0
vt 0.72272 0.6486951 0
vt 0.7410571 0.6486951 0
vt 0.7593942 0.6486951 0
vt 0.7593942 0.6322548 0
vt 0.7777313 0.6486951 0
vt 0.7960685 0.6486951 0
vt 0.8327427 0.6486951 0
vt 0.850995 0.6486951 0
vt 0.5944448 0.6486951 0
vt 0.6126972 0.6486951 0
vt 0.6310343 0.6486951 0
vt 0.6493714 0.6486951 0
vt 0.6493714 0.6322548 0
vt 0.7043829 0.6322548 0
vt 0.6860457 0.6486951 0
vt 0.7043829 0.6409164 0
vt 0.6860457 0.6409164 0
vt 0.6677086 0.6409164 0
vt 0.6493714 0.6409164 0
vt 0.6310343 0.6409164 0
vt 0.6126972 0.6409164 0
vt 0.5944448 0.6409164 0
vt 0.850995 0.6409164 0
vt 0.8327427 0.6409164 0
vt 0.8144056 0.6409164 0
vt 0.7960685 0.6409164 0
vt 0.7777313 0.6409164 0
vt 0.7593942 0.6409164 0
vt 0.7410571 0.6409164 0
vt 0.72272 0.6409164 0
vt 0.7043829 0.6486951 0
vt 0.279524 0.7916657 0
vt 0.2795682 0.7910117 0
vt 0.2788266 0.7910631 0
vt 0.2788265 0.6768152 0
vt 0.2795701 0.6768716 0
vt 0.2795281 0.6762191 0
vt 0.427617 0.7916651 0
vt 0.4283186 0.791069 0
vt 0.427575 0.7910127 0
vt 0.4276211 0.6762185 0
vt 0.4275769 0.6768725 0
vt 0.4283185 0.6768211 0
vt 0.42998 0.7912655 0
vt 0.4277932 0.7933517 0
vt 0.279354 0.7933455 0
vt 0.2771564 0.7912683 0
vt 0.2771651 0.6766187 0
vt 0.2793519 0.6745326 0
vt 0.4277911 0.6745387 0
vt 0.4299886 0.6766159 0
vt 0.4326868 0.7914556 0
vt 0.432731 0.7908013 0
vt 0.4319895 0.7908527 0
vt 0.4319894 0.6766049 0
vt 0.432733 0.6766612 0
vt 0.432691 0.6760088 0
vt 0.58078 0.7914551 0
vt 0.5814815 0.7908586 0
vt 0.5807379 0.7908023 0
vt 0.5807839 0.676008 0
vt 0.5807397 0.6766621 0
vt 0.5814812 0.6766107 0
vt 0.583143 0.7910551 0
vt 0.5809561 0.7931416 0
vt 0.4325168 0.7931354 0
vt 0.4303193 0.7910578 0
vt 0.430328 0.6764084 0
vt 0.4325149 0.6743222 0
vt 0.5809539 0.6743283 0
vt 0.5831514 0.6764054 0
vt 0.2792983 0.5568375 0
vt 0.2793402 0.5574899 0
vt 0.2785967 0.557434 0
vt 0.278609 0.6716762 0
vt 0.2793528 0.6716195 0
vt 0.2793108 0.6722717 0
vt 0.4274036 0.5568251 0
vt 0.4281008 0.5574278 0
vt 0.4273592 0.5574791 0
vt 0.4273916 0.6722841 0
vt 0.4273474 0.6716298 0
vt 0.4280886 0.6716814 0
vt 0.429767 0.5572231 0
vt 0.4275735 0.5551425 0
vt 0.2791219 0.5551538 0
vt 0.2769311 0.5572378 0
vt 0.2769475 0.671873 0
vt 0.2791344 0.6739583 0
vt 0.4275615 0.6739639 0
vt 0.4297589 0.671887 0
vt 0.5808354 0.6722841 0
vt 0.5807912 0.6716296 0
vt 0.5815324 0.6716812 0
vt 0.5815444 0.5574277 0
vt 0.5808028 0.5574791 0
vt 0.5808472 0.5568251 0
vt 0.4327545 0.6722719 0
vt 0.4320526 0.6716761 0
vt 0.4327964 0.6716194 0
vt 0.4327422 0.5568373 0
vt 0.432784 0.5574897 0
vt 0.4320405 0.5574337 0
vt 0.4303911 0.6718729 0
vt 0.4325781 0.6739585 0
vt 0.5810053 0.673964 0
vt 0.5832027 0.6718867 0
vt 0.5832106 0.557223 0
vt 0.581017 0.5551424 0
vt 0.4325657 0.5551536 0
vt 0.4303749 0.5572376 0
vt 0.3871682 0.5244777 0
vt 0.379132 0.4694435 0
vt 0.3849739 0.5188022 0
vt 0.385236 0.5195306 0
vt 0.3789191 0.4749866 0
vt 0.3789063 0.4757649 0
vt 0.4138098 0.5120354 0
vt 0.4144617 0.5121217 0
vt 0.4141914 0.5124712 0
vt 0.4178754 0.5152852 0
vt 0.4189045 0.5134235 0
vt 0.4070172 0.4736268 0
vt 0.4072944 0.4730654 0
vt 0.4076031 0.47336 0
vt 0.4117086 0.4706935 0
vt 0.4101708 0.4694312 0
vt 0.3538378 0.4612454 0
vt 0.3398438 0.4074129 0
vt 0.3510365 0.4558434 0
vt 0.3513767 0.4565389 0
vt 0.3402353 0.4129482 0
vt 0.3403073 0.4137233 0
vt 0.3789614 0.445969 0
vt 0.3796189 0.4459837 0
vt 0.3793883 0.4463605 0
vt 0.3833577 0.4487551 0
vt 0.3841772 0.4467919 0
vt 0.3680177 0.4085311 0
vt 0.3682158 0.4079536 0
vt 0.3685768 0.408191 0
vt 0.3723477 0.4051131 0
vt 0.3707056 0.4039984 0
vt 0.404619 0.4616373 0
vt 0.390625 0.4078048 0
vt 0.4018177 0.4562353 0
vt 0.4021579 0.4569308 0
vt 0.3910165 0.4133402 0
vt 0.3910886 0.4141153 0
vt 0.4297427 0.446361 0
vt 0.4304001 0.4463757 0
vt 0.4301695 0.4467524 0
vt 0.4341389 0.449147 0
vt 0.4349585 0.4471839 0
vt 0.4187989 0.408923 0
vt 0.4189971 0.4083456 0
vt 0.419358 0.4085829 0
vt 0.423129 0.4055051 0
vt 0.4214868 0.4043904 0
vt 0.4554003 0.4614875 0
vt 0.4414063 0.407655 0
vt 0.452599 0.4560855 0
vt 0.4529392 0.456781 0
vt 0.4417978 0.4131904 0
vt 0.4418698 0.4139655 0
vt 0.4805239 0.4462112 0
vt 0.4811814 0.4462259 0
vt 0.4809508 0.4466026 0
vt 0.4849202 0.4489972 0
vt 0.4857397 0.4470341 0
vt 0.4695802 0.4087732 0
vt 0.4697783 0.4081958 0
vt 0.4701393 0.4084331 0
vt 0.4739102 0.4053553 0
vt 0.4722681 0.4042406 0
vt 0.3366087 0.5242093 0
vt 0.3283276 0.4692094 0
vt 0.3343897 0.5185412 0
vt 0.3346516 0.5192721 0
vt 0.3281385 0.4747556 0
vt 0.328125 0.4755309 0
vt 0.363194 0.5116458 0
vt 0.3638358 0.5117172 0
vt 0.3636009 0.5120821 0
vt 0.3672589 0.5148586 0
vt 0.3683113 0.5130112 0
vt 0.3562279 0.4732672 0
vt 0.3564817 0.4727105 0
vt 0.3568189 0.4729867 0
vt 0.360891 0.4703195 0
vt 0.3593734 0.4690386 0
vt 0.4379495 0.5243279 0
vt 0.4299132 0.4692937 0
vt 0.4357551 0.5186524 0
vt 0.4360173 0.5193808 0
vt 0.4297004 0.4748368 0
vt 0.4296875 0.475615 0
vt 0.4645911 0.5118856 0
vt 0.465243 0.5119719 0
vt 0.4649726 0.5123214 0
vt 0.4686566 0.5151354 0
vt 0.4696858 0.5132737 0
vt 0.4577985 0.473477 0
vt 0.4580757 0.4729156 0
vt 0.4583844 0.4732102 0
vt 0.4624898 0.4705436 0
vt 0.460952 0.4692814 0
vt 0.9956188 0.9780732 0
vt 0.9956188 0.8566822 0
vt 0.9956188 0.8358757 0
vt 0.6786853 0.8528846 0
vt 0.9956188 0.9743067 0
vt 0.9956188 0.85718 0
vt 0.9956188 0.8534134 0
vt 0.9956188 0.9748045 0
vt 0.6786853 0.995611 0
vt 0.9956188 0.9786021 0
vt 0.4016251 0.06388166 0
vt 0.549908 0.06371252 0
vt 0.5974831 0.06340705 0
vt 0.4017531 0.06374759 0
vt 0.5976494 0.1625204 0
vt 0.4493414 0.06386605 0
vt 0.4014743 0.1623593 0
vt 0.4016084 0.1624962 0
vt 0.5977819 0.1623833 0
vt 0.5976096 0.0635379 0
vt 0.5500472 0.1629786 0
vt 0.4492883 0.1630546 0
vt 0.8601153 0.6567267 0
vt 0.8603111 0.6565204 0
vt 0.8627173 0.6006366 0
vt 0.991822 0.8328104 0
vt 0.8630625 0.6003281 0
vt 0.5999793 0.6608192 0
vt 0.8620458 0.8324446 0
vt 0.6069773 0.4993874 0
vt 0.6001044 0.7791832 0
vt 0.6003126 0.6604839 0
vt 0.6022186 0.8359496 0
vt 0.6018704 0.8356284 0
vt 0.4526608 0.79744 0
vt 0.3452349 0.8033462 0
vt 0.9954118 0.4992502 0
vt 0.4568346 0.8446224 0
vt 0.4529608 0.7976875 0
vt 0.459345 0.9909604 0
vt 0.6744663 0.9893602 0
vt 0.6747497 0.9890895 0
vt 0.6753808 0.9424023 0
vt 0.6743147 0.8437439 0
vt 0.6740307 0.8434663 0
vt 0.4570091 0.8447952 0
vt 0.504074 0.4992502 0
vt 0.9953874 0.4993874 0
#end 1898 textures vertices 

#begin 1293 normals 
vn 1 -0 -0
vn -0 -0 1
vn -0 -0 -1
vn -0 -1 -0
vn -0 1 -0
vn -1 -0 -0
vn 0.79 0.6132 -0
vn -0 0.3581 0.9337
vn -0 0.3581 -0.9337
vn 0.79 0.6131 -0
vn 0.2965 -0.9052 -0.3044
vn 0.2964 -0.9052 0.3044
vn -0.5772 -0.5775 -0.5774
vn -0.5772 0.5775 -0.5774
vn 0.5773 0.5774 -0.5774
vn 0.5773 0.5774 0.5773
vn -0.5773 0.5774 0.5774
vn 0.5773 -0.5774 -0.5774
vn 0.5773 -0.5774 0.5773
vn -0.5773 -0.5774 0.5774
vn 0.5048 0.2901 -0.813
vn 0.8036 0.3663 -0.4691
vn 0.5049 0.2898 0.8131
vn 0.8037 0.366 0.4691
vn 0.9046 -0.3015 0.3015
vn 0.9045 -0.3015 -0.3015
vn 0.9045 0.3015 0.3015
vn 0.9045 0.3015 -0.3015
vn 0.5774 -0.5774 -0.5773
vn 0.5776 0.5772 -0.5773
vn 0.3015 -0.9046 -0.3014
vn 0.3015 0.9046 -0.3013
vn 0.5774 0.5771 0.5775
vn 0.5773 -0.5774 0.5774
vn 0.5774 0.5773 -0.5774
vn -0.4495 -0.8932 -0.0061
vn -0.0006 -0.894 0.448
vn -0.0006 -0.8941 -0.448
vn -0.707 -0 -0.7072
vn -0 0.7071 -0.7071
vn -0 0.7071 0.7071
vn 0.707 -0 -0.7072
vn 0.7071 -0 0.7071
vn -0.7071 -0 0.7071
vn -0 -0.7071 0.7071
vn -0 -0.7071 -0.7071
vn -0.4495 -0.8932 0.0061
vn -0.7069 0.7073 -0
vn -0.7069 0.7074 -0
vn 0.5482 0.6345 -0.5448
vn 0.5483 0.6344 0.5448
vn 0.6975 -0 0.7165
vn 0.6972 -0 0.7169
vn 0.6934 -0 -0.7206
vn 0.6934 -0 0.7205
vn 0.6972 -0 -0.7169
vn 0.6974 -0 -0.7167
vn 0.6973 -0 -0.7168
vn 0.6953 0.0001 0.7187
vn 0.6954 -0 0.7186
vn 0.6954 0.0001 0.7186
vn 0.6966 0.0001 -0.7174
vn 0.9461 0.3239 -0
vn 0.946 0.3241 -0
vn 0.7069 0.7073 -0
vn 0.707 0.7072 -0
vn 0.7071 -0.7071 -0
vn 0.707 -0.7072 -0
vn 0.7069 -0.7073 -0
vn 0.9459 0.3244 -0
vn 0.9461 0.324 -0
vn 0.946 0.3242 -0
vn 0.6951 -0 -0.7189
vn 0.7071 -0 -0.7071
vn 0.7073 -0 -0.7069
vn 0.7071 0.7071 -0
vn 0.7071 -0.7072 -0
vn 0.7072 -0.707 -0
vn 0.7074 0.7068 -0
vn 0.7071 0.7072 -0
vn -0 -0 -1
vn -0 1 -0
vn -0 -0 1
vn 1 -0 -0
vn 0.5773 0.5775 -0.5773
vn 0.3015 0.3013 -0.9046
vn 0.5773 0.5773 -0.5774
vn 0.3015 0.3017 -0.9045
vn 0.5772 0.5777 -0.5772
vn 0.3015 0.3015 -0.9045
vn 0.5774 0.5774 -0.5773
vn 0.3015 0.3016 -0.9045
vn 0.5773 0.5774 -0.5773
vn 0.5771 0.5777 0.5772
vn 0.3015 0.3013 0.9046
vn 0.5773 0.5775 0.5773
vn 0.3015 0.3017 0.9045
vn 0.5773 0.5774 0.5773
vn 0.5772 0.5777 0.5772
vn 0.5774 0.5774 0.5773
vn 0.5774 0.5773 0.5773
vn 0.5773 0.5773 0.5774
vn 0.3015 0.3015 0.9045
vn 0.5774 0.5773 0.5774
vn 0.7071 -0 -0.7071
vn -0 0.7071 -0.7071
vn -0 0.7072 -0.707
vn 0.707 0.7072 -0
vn 0.7071 -0 0.7071
vn -0 0.7071 0.7071
vn 0.7071 0.7071 -0
vn 0.7068 0.7074 -0
vn 1 -0 -0
vn -0 -0 -1
vn -0 -0 1
vn 0.5774 -0.5773 0.5774
vn 0.5774 -0.5773 -0.5774
vn -0 -0.7071 -0.7071
vn 0.7071 -0 -0.7071
vn 0.7071 -0.7071 -0
vn 0.7071 -0 0.7071
vn -0 -0.7071 0.7071
vn -0 -1 -0
vn 0.5774 -0.5773 0.5773
vn 0.5773 -0.5775 -0.5773
vn 0.5773 -0.5775 0.5773
vn 0.5774 -0.5773 -0.5773
vn 0.7072 -0.707 -0
vn 1 -0 -0
vn -0 -0 -1
vn -0 -0 1
vn 0.5774 -0.5773 0.5774
vn 0.5774 -0.5773 -0.5774
vn -0 -0.7071 -0.7071
vn 0.7071 -0 -0.7071
vn 0.7071 -0.7071 -0
vn 0.7071 -0 0.7071
vn -0 -0.7071 0.7071
vn -0 -1 -0
vn 0.5773 -0.5775 -0.5773
vn 0.5773 -0.5774 -0.5773
vn 0.5773 -0.5774 0.5774
vn 0.7071 -0.7072 -0
vn 0.5773 -0.5774 -0.5774
vn 0.5772 -0.5774 0.5774
vn 0.707 -0 0.7072
vn -0 -0 1
vn -0 -0.526 0.8505
vn -0 -0.526 -0.8505
vn 1 -0 -0
vn 0.6162 -0.7876 -0
vn -1 -0 -0
vn -0.6161 0.7876 -0
vn -0 -0 -1
vn -0.6161 -0.7876 -0
vn -0 0.526 -0.8505
vn 0.6162 0.7876 -0
vn -0 0.526 0.8505
vn -0.5111 -0.5363 0.6717
vn -0.6275 -0.4124 0.6604
vn -0.6275 0.4125 0.6604
vn -0.5111 0.5359 0.672
vn -0.511 0.5361 -0.6719
vn -0.6275 0.4123 -0.6605
vn -0.6275 -0.4126 -0.6603
vn -0.6275 -0.4125 -0.6603
vn -0.5111 -0.536 -0.6719
vn 0.5111 0.5361 -0.6718
vn 0.6275 0.4124 -0.6604
vn 0.6275 -0.4125 -0.6604
vn 0.511 -0.5363 -0.6718
vn 0.5111 0.5361 0.6718
vn 0.6275 0.4123 0.6605
vn 0.6274 -0.4126 0.6604
vn 0.511 -0.5362 0.6719
vn 0.3663 -0.7811 0.5057
vn -0 -0.2734 0.9619
vn -0.3662 -0.7811 0.5057
vn -0 -0.2735 0.9619
vn -0.3663 0.781 0.5058
vn -0 0.2734 0.9619
vn 0.3664 0.781 0.5057
vn -0 0.2735 0.9619
vn 0.3663 -0.781 -0.5058
vn 0.8989 -0.4381 -0
vn 0.899 -0.438 -0
vn 0.8989 0.4381 -0
vn 0.3664 0.781 -0.5057
vn 0.899 0.438 -0
vn -0.3663 -0.781 -0.5058
vn -0 -0.2735 -0.9619
vn -0 -0.2734 -0.9619
vn -0 0.2735 -0.9619
vn -0.3663 0.781 -0.5058
vn -0 0.2734 -0.9619
vn -0.8989 -0.4381 -0
vn -0.899 -0.438 -0
vn -0.8989 0.4381 -0
vn -0.899 0.438 -0
vn 0.707 -0 0.7072
vn -0.707 -0 0.7072
vn -0.7073 -0 0.7069
vn -0.7073 -0 -0.7069
vn -0.707 -0 -0.7072
vn 0.707 -0 -0.7072
vn -0 1 -0
vn 0.0426 -0 0.9991
vn -0.0555 -0 0.9985
vn -0.3308 0.0016 -0.9437
vn -0.2367 0.0016 -0.9716
vn -0.0097 -0.9997 -0.0208
vn -0.0117 -0.9997 -0.0197
vn -0.0169 -0.9997 -0.0155
vn -0.0176 -0.9997 -0.0147
vn -0.7689 0.0016 -0.6394
vn -0.7366 0.0016 -0.6763
vn -0.0076 -0.9997 -0.0216
vn 0.0227 -0.9997 -0.0032
vn 0.0223 -0.9997 -0.0054
vn 0.0057 -0.9997 -0.0222
vn 0.0035 -0.9997 -0.0227
vn 0.0229 -0.9997 -0.0021
vn 0.0171 -0.9997 -0.0153
vn 0.0155 -0.9997 -0.0169
vn 0.9991 0.0016 -0.0426
vn 1 0.0016 0.0065
vn 0.9901 0.0016 -0.1403
vn 0.0216 -0.9997 -0.0076
vn 0.0208 -0.9997 -0.0097
vn 0.0197 -0.9997 -0.0117
vn 0.0185 -0.9997 -0.0135
vn 0.0138 -0.9997 -0.0183
vn 0.6009 0.0016 -0.7993
vn 0.6763 0.0016 -0.7366
vn 0.0119 -0.9997 -0.0196
vn 0.0099 -0.9997 -0.0207
vn 0.0013 -0.9997 -0.0229
vn 0.0555 0.0016 -0.9985
vn 0.1531 0.0016 -0.9882
vn -0 -1 -0
vn 0.2648 0.9432 0.2006
vn 0.1344 0.9857 0.1018
vn 0.1343 0.9857 0.1017
vn -0.1682 0.9857 -0.0088
vn -0.001 -0.9997 -0.0229
vn -0.0032 -0.9997 -0.0227
vn 0.0555 0.0032 -0.9985
vn -0.0426 0.0032 -0.9991
vn -0.0105 0.9995 -0.0288
vn -0.0052 0.9999 -0.0144
vn 0.0133 0.9999 -0.0076
vn 0.0079 -0.9997 -0.0215
vn -0.1403 -0.0192 -0.9899
vn -0.0426 -0.0192 -0.9989
vn -0.3307 -0.0193 -0.9435
vn -0.2366 -0.0193 -0.9714
vn 0.0317 -0.9991 0.0291
vn 0.0287 -0.9991 0.0321
vn 0.0142 -0.9991 0.0407
vn 0.0102 -0.9991 0.0418
vn -0.6666 -0.0193 -0.7451
vn -0.5904 -0.0194 -0.8069
vn -0.7687 -0.0191 -0.6393
vn -0.7365 -0.0192 -0.6762
vn -0.0418 -0.9991 0.0102
vn -0.0426 -0.9991 0.006
vn -0.0391 -0.9991 0.0182
vn -0.0406 -0.9991 0.0142
vn 0.9899 -0.0194 -0.1403
vn 0.9956 -0.0195 -0.0915
vn -0.0348 -0.9991 0.0254
vn -0.0371 -0.9991 0.0219
vn 0.9435 -0.0191 -0.3307
vn 0.9714 -0.0191 -0.2367
vn -0.0291 -0.9991 0.0317
vn -0.0321 -0.9991 0.0287
vn 0.8609 -0.0193 -0.5084
vn 0.9066 -0.0191 -0.4216
vn -0.0224 -0.9991 0.0368
vn -0.0259 -0.9991 0.0344
vn 0.7451 -0.0192 -0.6666
vn 0.8069 -0.0193 -0.5904
vn -0.0148 -0.9991 0.0405
vn -0.0187 -0.9991 0.0388
vn 0.6008 -0.0191 -0.7992
vn 0.6762 -0.0192 -0.7365
vn -0.0066 -0.9991 0.0426
vn -0.0107 -0.9991 0.0417
vn 0.4333 -0.0193 -0.901
vn 0.5195 -0.0192 -0.8542
vn 0.5196 -0.0192 -0.8542
vn 0.0018 -0.9991 0.043
vn -0.0024 -0.9991 0.043
vn 0.2492 -0.0192 -0.9683
vn 0.3429 -0.0192 -0.9392
vn 0.0555 -0.0193 -0.9983
vn 0.1531 -0.0192 -0.988
vn 0.0182 -0.9991 0.0391
vn 0.1394 0.1171 0.9833
vn 0.0423 0.1171 0.9922
vn 0.4002 0.7998 0.4474
vn 0.3545 0.7998 0.4845
vn -0.1496 0.7998 0.5813
vn -0.2059 0.7998 0.5639
vn -0.5665 0.7998 0.1986
vn -0.5832 0.7998 0.1421
vn -0.5169 0.7998 0.3053
vn -0.5443 0.7998 0.2531
vn -0.0551 0.1171 0.9916
vn 0.3285 0.1171 0.9372
vn 0.2351 0.1171 0.9649
vn 0.505 0.1171 0.8551
vn 0.4188 0.1171 0.9005
vn 0.6622 0.1171 0.7401
vn 0.5864 0.1171 0.8015
vn -0.8551 0.1171 0.505
vn -0.9005 0.1171 0.4188
vn -0.9372 0.1171 0.3285
vn -0.7402 0.1171 0.6622
vn -0.8015 0.1171 0.5864
vn -0.5967 0.1171 0.7938
vn -0.6717 0.1171 0.7315
vn -0.4304 0.1171 0.895
vn -0.5161 0.1171 0.8485
vn -0.0555 -0.0309 0.998
vn -0.1531 -0.0309 0.9877
vn -0.2602 0.7998 0.541
vn -0.3119 0.7998 0.5129
vn -0.0919 0.7998 0.5932
vn -0.406 0.7998 0.4422
vn -0.4474 0.7998 0.4002
vn 0.0842 0.7998 0.5943
vn 0.0256 0.7998 0.5997
vn -0.5943 0.7998 0.0842
vn -0.3607 0.7998 0.4798
vn -0.0333 0.7998 0.5994
vn 0.3053 0.7998 0.5168
vn 0.4619 0.7994 0.3841
vn 0.4422 0.7998 0.406
vn -0.4844 0.7998 0.3545
vn 0.2361 -0.0713 0.9691
vn 0.33 -0.0713 0.9413
vn 0.3299 -0.0713 0.9413
vn -0.4323 -0.0713 0.8989
vn -0.3421 -0.0712 0.937
vn -0.2486 -0.0713 0.966
vn -0.5994 -0.0713 0.7973
vn -0.5183 -0.0714 0.8522
vn -0.7434 -0.0713 0.665
vn -0.6746 -0.0713 0.7347
vn -0.8588 -0.0713 0.5072
vn -0.805 -0.0713 0.589
vn -0.9413 -0.0712 0.3299
vn -0.9044 -0.0712 0.4206
vn -0.9876 -0.0713 0.14
vn -0.9691 -0.0712 0.2361
vn -0.9974 -0.0711 -0.0064
vn -0.9966 -0.0713 0.0425
vn 0.6651 -0.0712 0.7434
vn 0.7347 -0.0712 0.6746
vn 0.7669 -0.0711 0.6378
vn 0.5072 -0.0713 0.8589
vn 0.589 -0.0712 0.805
vn 0.4206 -0.0713 0.9044
vn -0.0554 -0.0713 0.9959
vn 0.0425 -0.0713 0.9966
vn 0.2531 0.7998 0.5443
vn 0.1986 0.7998 0.5665
vn 0.1403 0.0041 0.9901
vn 0.2367 0.0041 0.9716
vn -0.5981 0.7995 0.055
vn 0.1421 0.7998 0.5832
vn -0.2475 0.1171 0.9618
vn -0.3406 0.1171 0.9329
vn 0.7636 0.117 0.635
vn 0.7315 0.1171 0.6717
vn -0.1521 0.1171 0.9814
vn -0.9833 0.1171 0.1394
vn -0.9922 0.1171 0.0423
vn -0.9931 0.117 -0.0064
vn -0.9649 0.1171 0.2351
vn -0.2491 -0.0309 0.968
vn -0.3428 -0.0309 0.9389
vn -0.4332 -0.0309 0.9008
vn -0.5194 -0.0309 0.854
vn -0.6006 -0.0309 0.799
vn -0.676 -0.0309 0.7362
vn -0.7449 -0.0309 0.6664
vn -0.8067 -0.0309 0.5902
vn -0.8606 -0.0309 0.5083
vn -0.9063 -0.0309 0.4215
vn -0.9433 -0.0309 0.3306
vn -0.9711 -0.0309 0.2366
vn -0.9896 -0.0309 0.1403
vn -0.9986 -0.0309 0.0426
vn -0.9995 -0.0309 -0.0064
vn 0.7685 -0.0309 0.6391
vn 0.7362 -0.0309 0.676
vn 0.6664 -0.0309 0.7449
vn 0.5902 -0.0309 0.8067
vn 0.5083 -0.0309 0.8606
vn 0.4215 -0.0309 0.9063
vn 0.3306 -0.0309 0.9433
vn 0.2366 -0.0309 0.9711
vn 0.1403 -0.0309 0.9896
vn 0.0426 -0.0309 0.9986
vn -0.1527 -0.0713 0.9857
vn 0.3274 0.1421 0.9341
vn 0.2343 0.142 0.9617
vn 0.5034 0.1421 0.8523
vn 0.4174 0.1421 0.8975
vn 0.7291 0.1419 0.6695
vn 0.66 0.1419 0.7377
vn 0.5845 0.1421 0.7989
vn 0.7611 0.1418 0.6329
vn -0.9617 0.142 0.2343
vn -0.98 0.1422 0.1389
vn -0.9857 0.142 0.0906
vn -0.8976 0.1419 0.4174
vn -0.9341 0.1421 0.3274
vn -0.7989 0.1419 0.5845
vn -0.8523 0.142 0.5034
vn -0.6695 0.142 0.7291
vn -0.7377 0.1419 0.66
vn -0.5144 0.1421 0.8457
vn -0.5948 0.1422 0.7912
vn -0.3395 0.1421 0.9298
vn -0.429 0.142 0.8921
vn -0.1516 0.142 0.9782
vn -0.2467 0.1421 0.9586
vn 0.0422 0.1421 0.989
vn -0.055 0.1421 0.9883
vn 0.1389 0.142 0.9801
vn -0.2493 0.0041 0.9684
vn -0.1531 0.0041 0.9882
vn -0.0555 0.0041 0.9984
vn 0.0426 0.0041 0.9991
vn -0.343 0.0041 0.9393
vn -0.6009 0.0041 0.7993
vn -0.5196 0.0041 0.8544
vn -0.4334 0.0041 0.9012
vn -0.7453 0.0041 0.6667
vn -0.6763 0.0041 0.7366
vn -0.861 0.0041 0.5085
vn -0.807 0.0041 0.5905
vn -0.9437 0.0041 0.3308
vn -0.9067 0.0041 0.4217
vn -0.9901 0.0041 0.1403
vn -0.9716 0.0041 0.2367
vn -1 0.0041 -0.0065
vn -0.9991 0.0041 0.0426
vn 0.6667 0.0041 0.7453
vn 0.7366 0.0041 0.6763
vn 0.7688 0.0041 0.6394
vn 0.5085 0.0041 0.861
vn 0.5905 0.0041 0.807
vn 0.3308 0.0041 0.9437
vn 0.4217 0.0041 0.9067
vn 0.14 -0.0713 0.9876
vn -0.4217 0.0032 -0.9067
vn -0.5085 0.0032 -0.861
vn 0.6763 0.0032 -0.7366
vn 0.6009 0.0032 -0.7993
vn -0.6667 0.0032 -0.7453
vn -0.7366 0.0032 -0.6763
vn 0.4334 0.0032 -0.9012
vn 0.343 0.0032 -0.9393
vn -0.2367 0.0032 -0.9716
vn -0.3308 0.0032 -0.9437
vn 0.807 0.0032 -0.5905
vn 0.7453 0.0032 -0.6667
vn -0.5905 0.0032 -0.807
vn 0.5196 0.0032 -0.8544
vn -0.1403 0.0032 -0.9901
vn 0.9067 0.0032 -0.4217
vn 0.861 0.0032 -0.5085
vn 0.1531 0.0032 -0.9882
vn 0.9716 0.0032 -0.2367
vn 0.9437 0.0032 -0.3308
vn 0.2493 0.0032 -0.9684
vn -0.7689 0.0032 -0.6394
vn 1 0.0031 0.0064
vn 0.9991 0.0032 -0.0426
vn 0.9901 0.0032 -0.1403
vn -0.1403 -0.004 -0.9901
vn -0.0426 -0.004 -0.9991
vn 0.0555 -0.004 -0.9984
vn 0.4334 -0.004 -0.9012
vn 0.5196 -0.004 -0.8544
vn 0.6009 -0.004 -0.7993
vn 0.6763 -0.004 -0.7366
vn 0.7453 -0.004 -0.6667
vn 0.807 -0.004 -0.5905
vn 0.861 -0.004 -0.5085
vn 0.9067 -0.004 -0.4217
vn 0.9437 -0.004 -0.3308
vn 0.9716 -0.004 -0.2367
vn 0.9901 -0.004 -0.1403
vn 0.9991 -0.004 -0.0426
vn 1 -0.0039 0.0064
vn -0.7689 -0.0039 -0.6394
vn -0.7366 -0.004 -0.6763
vn -0.6667 -0.004 -0.7453
vn -0.5905 -0.004 -0.807
vn -0.5085 -0.004 -0.861
vn -0.4217 -0.004 -0.9067
vn -0.3308 -0.004 -0.9437
vn -0.2367 -0.004 -0.9716
vn 0.1531 -0.004 -0.9882
vn 0.2493 -0.004 -0.9684
vn 0.343 -0.004 -0.9393
vn -0.1403 0.0016 -0.9901
vn 0.006 -0.9991 0.0426
vn -0.0054 -0.9997 -0.0223
vn -0.0426 0.0016 -0.9991
vn 0.2493 0.0016 -0.9684
vn 0.343 0.0016 -0.9393
vn -0.0153 -0.9997 -0.0171
vn 0.5196 0.0016 -0.8544
vn 0.7453 0.0016 -0.6668
vn 0.8071 0.0016 -0.5905
vn 0.861 0.0016 -0.5085
vn 0.9067 0.0016 -0.4217
vn 0.9437 0.0016 -0.3308
vn 0.9716 0.0016 -0.2367
vn 0.4334 0.0016 -0.9012
vn -0.0135 -0.9997 -0.0185
vn -0.6668 0.0016 -0.7453
vn -0.5905 0.0016 -0.807
vn -0.5085 0.0016 -0.861
vn -0.4217 0.0016 -0.9067
vn -0.0429 -0.9991 0.004
vn 0.0332 -0.9991 0.0276
vn 0.0254 -0.9991 0.0348
vn -0.5084 -0.0193 -0.8609
vn -0.5085 -0.0193 -0.8609
vn -0.4216 -0.0192 -0.9066
vn 0.0219 -0.9991 0.0371
vn -0.0991 0.7085 -0.6987
vn -0.03 0.7087 -0.7048
vn -0.0301 0.7087 -0.7048
vn -0.099 0.7085 -0.6987
vn 0.0391 0.7088 -0.7043
vn 0.0392 0.7088 -0.7043
vn -0.2334 0.7086 -0.6658
vn -0.167 0.7086 -0.6855
vn -0.3588 0.7086 -0.6076
vn -0.2976 0.7085 -0.6399
vn -0.4704 0.7087 -0.5258
vn -0.4165 0.7089 -0.5693
vn -0.4704 0.7086 -0.5258
vn -0.5428 0.7081 -0.4515
vn -0.5196 0.7088 -0.4771
vn -0.5195 0.7089 -0.477
vn 0.6986 0.7086 -0.099
vn 0.7049 0.7087 -0.0301
vn 0.706 0.7082 0.0045
vn 0.6656 0.7089 -0.2333
vn 0.6856 0.7086 -0.167
vn 0.6855 0.7086 -0.167
vn 0.6657 0.7088 -0.2334
vn 0.6073 0.7089 -0.3587
vn 0.6398 0.7086 -0.2976
vn 0.5258 0.7086 -0.4704
vn 0.5694 0.7087 -0.4166
vn 0.5258 0.7087 -0.4704
vn 0.4242 0.7083 -0.5643
vn 0.477 0.7088 -0.5196
vn 0.4241 0.7083 -0.5643
vn 0.3058 0.7086 -0.6359
vn 0.3668 0.7083 -0.6031
vn 0.3667 0.7085 -0.6029
vn 0.1759 0.7085 -0.6834
vn 0.242 0.7087 -0.6627
vn 0.1758 0.7089 -0.6831
vn 0.108 0.7088 -0.697
vn 0.2419 0.6819 0.6902
vn 0.1731 0.6821 0.7105
vn 0.2418 0.6822 0.69
vn 0.1026 0.682 0.7241
vn 0.372 0.6819 0.6298
vn 0.3085 0.6819 0.6632
vn 0.3719 0.6819 0.6298
vn 0.4875 0.6822 0.545
vn 0.432 0.6819 0.5903
vn 0.4319 0.6819 0.5903
vn 0.4877 0.682 0.5451
vn 0.5628 0.6814 0.468
vn 0.5388 0.682 0.4947
vn 0.5386 0.6822 0.4945
vn -0.7242 0.6819 0.1026
vn -0.7308 0.6819 0.0312
vn -0.7241 0.682 0.1026
vn -0.7318 0.6815 -0.0047
vn -0.6902 0.682 0.242
vn -0.7106 0.682 0.1731
vn -0.6903 0.6818 0.242
vn -0.6298 0.6819 0.372
vn -0.663 0.6822 0.3083
vn -0.5451 0.6819 0.4877
vn -0.5902 0.682 0.4319
vn -0.4395 0.6818 0.5847
vn -0.4947 0.6819 0.5388
vn -0.4394 0.6822 0.5844
vn -0.317 0.6819 0.6592
vn -0.3801 0.682 0.6249
vn -0.317 0.682 0.6591
vn -0.1822 0.682 0.7082
vn -0.2508 0.682 0.687
vn -0.1823 0.682 0.7082
vn -0.0406 0.682 0.7302
vn -0.112 0.6818 0.7229
vn -0.112 0.682 0.7227
vn 0.0311 0.6821 0.7306
vn 0.0312 0.6821 0.7306
vn 0.0393 -0.7065 -0.7067
vn -0.0302 -0.7064 -0.7071
vn -0.0993 -0.7064 -0.7008
vn -0.1675 -0.7065 -0.6876
vn -0.2341 -0.7064 -0.6679
vn -0.2985 -0.7065 -0.6417
vn -0.2985 -0.7065 -0.6418
vn -0.36 -0.7064 -0.6095
vn -0.4179 -0.7065 -0.5712
vn -0.4719 -0.7065 -0.5274
vn -0.5215 -0.7063 -0.4788
vn -0.5214 -0.7065 -0.4787
vn -0.5446 -0.7059 -0.4529
vn 0.7081 -0.7061 0.0045
vn 0.7074 -0.7062 -0.0302
vn 0.7071 -0.7064 -0.0302
vn 0.701 -0.7062 -0.0993
vn 0.7008 -0.7064 -0.0993
vn 0.6876 -0.7065 -0.1675
vn 0.6679 -0.7065 -0.2341
vn 0.642 -0.7062 -0.2986
vn 0.6094 -0.7065 -0.3599
vn 0.5713 -0.7064 -0.4179
vn 0.5278 -0.7061 -0.4722
vn 0.5275 -0.7064 -0.4719
vn 0.479 -0.7061 -0.5216
vn 0.4787 -0.7064 -0.5214
vn 0.4253 -0.7065 -0.5657
vn 0.4253 -0.7065 -0.5656
vn 0.3679 -0.7063 -0.6048
vn 0.3677 -0.7065 -0.6046
vn 0.3069 -0.7062 -0.6381
vn 0.3068 -0.7062 -0.6381
vn 0.2428 -0.7063 -0.665
vn 0.1764 -0.7064 -0.6855
vn 0.1765 -0.7064 -0.6855
vn 0.1084 -0.7064 -0.6995
vn -0.5471 -0.5715 -0.6116
vn -0.4846 -0.5715 -0.6623
vn -0.4173 -0.5715 -0.7066
vn -0.4174 -0.5714 -0.7066
vn 0.8126 -0.5712 -0.1153
vn 0.8199 -0.5714 -0.035
vn 0.8125 -0.5715 -0.1151
vn 0.821 -0.5709 0.0053
vn 0.6114 -0.5716 -0.5472
vn 0.6624 -0.5712 -0.4847
vn 0.6624 -0.5712 -0.4846
vn 0.6115 -0.5715 -0.5472
vn 0.7067 -0.5712 -0.4174
vn 0.2046 -0.5713 -0.7948
vn 0.2815 -0.5712 -0.771
vn 0.3557 -0.5714 -0.7396
vn -0.2715 -0.5714 -0.7745
vn -0.1943 -0.5713 -0.7974
vn -0.1152 -0.5712 -0.8127
vn -0.6312 -0.571 -0.5249
vn -0.6045 -0.5715 -0.5549
vn -0.6045 -0.5715 -0.555
vn 0.7746 -0.5713 -0.2715
vn 0.7973 -0.5715 -0.1942
vn 0.4932 -0.5712 -0.656
vn 0.555 -0.5715 -0.6044
vn 0.5551 -0.5714 -0.6045
vn 0.4932 -0.5712 -0.6561
vn 0.0456 -0.5714 -0.8194
vn 0.1257 -0.5715 -0.811
vn -0.0351 -0.5716 -0.8197
vn -0.035 -0.5716 -0.8198
vn 0.4264 -0.5714 -0.7012
vn 0.4263 -0.5718 -0.701
vn 0.7442 -0.5713 -0.3461
vn 0.7441 -0.5714 -0.3461
vn -0.3461 -0.5714 -0.7442
vn -0.346 -0.5716 -0.744
vn -0.2264 -0.7292 -0.6458
vn -0.162 -0.7291 -0.6649
vn -0.096 -0.7292 -0.6775
vn -0.348 -0.7292 -0.5892
vn -0.2886 -0.7292 -0.6204
vn -0.3481 -0.7292 -0.5892
vn -0.4561 -0.7294 -0.5099
vn -0.4043 -0.7289 -0.5525
vn -0.4042 -0.7289 -0.5525
vn -0.5266 -0.7286 -0.4379
vn -0.5039 -0.7294 -0.4627
vn 0.6775 -0.7292 -0.096
vn 0.6819 -0.7288 -0.0627
vn 0.6458 -0.7292 -0.2263
vn 0.6648 -0.7292 -0.162
vn 0.6649 -0.7291 -0.162
vn 0.6459 -0.7291 -0.2263
vn 0.5891 -0.7293 -0.348
vn 0.6205 -0.7292 -0.2885
vn 0.6203 -0.7294 -0.2885
vn 0.5891 -0.7294 -0.3479
vn 0.51 -0.7293 -0.4562
vn 0.5521 -0.7294 -0.404
vn 0.5523 -0.7291 -0.4041
vn 0.5099 -0.7294 -0.4561
vn 0.4112 -0.7292 -0.547
vn 0.4628 -0.7292 -0.504
vn 0.4628 -0.7293 -0.504
vn 0.2966 -0.729 -0.6168
vn 0.3555 -0.7294 -0.5845
vn 0.2966 -0.7293 -0.6166
vn 0.1705 -0.7292 -0.6627
vn 0.2347 -0.7291 -0.6428
vn 0.2347 -0.7291 -0.6429
vn 0.1706 -0.7292 -0.6627
vn 0.038 -0.7292 -0.6832
vn 0.1048 -0.7293 -0.6762
vn -0.0291 -0.7293 -0.6836
vn -0.0292 -0.7293 -0.6836
vn -0.3588 -0.7087 -0.6074
vn -0.2975 -0.7088 -0.6397
vn -0.3587 -0.7087 -0.6074
vn -0.2334 -0.7087 -0.6658
vn -0.2333 -0.7087 -0.6658
vn -0.4704 -0.7086 -0.5259
vn -0.4166 -0.7086 -0.5695
vn -0.4705 -0.7085 -0.526
vn -0.5427 -0.7083 -0.4514
vn -0.5198 -0.7085 -0.4773
vn 0.6986 -0.7086 -0.099
vn 0.7031 -0.7081 -0.0646
vn 0.6987 -0.7085 -0.099
vn 0.6659 -0.7086 -0.2334
vn 0.6857 -0.7085 -0.167
vn 0.6858 -0.7084 -0.167
vn 0.6076 -0.7085 -0.3589
vn 0.6399 -0.7085 -0.2976
vn 0.5261 -0.7083 -0.4707
vn 0.5694 -0.7086 -0.4167
vn 0.5695 -0.7085 -0.4167
vn 0.424 -0.7085 -0.5641
vn 0.4773 -0.7085 -0.5198
vn 0.4771 -0.7087 -0.5196
vn 0.3058 -0.7086 -0.6359
vn 0.3668 -0.7083 -0.6031
vn 0.1758 -0.7087 -0.6832
vn 0.242 -0.7086 -0.6628
vn 0.1759 -0.7087 -0.6832
vn 0.0392 -0.7086 -0.7045
vn 0.1081 -0.7087 -0.6972
vn 0.108 -0.7087 -0.6972
vn -0.099 -0.7088 -0.6984
vn -0.0301 -0.7086 -0.705
vn -0.03 -0.7086 -0.705
vn -0.167 -0.7088 -0.6854
vn -0.167 -0.7086 -0.6856
vn 0.108 -0.6389 0.7616
vn 0.1821 -0.6389 0.7474
vn 0.1079 -0.6389 0.7616
vn 0.2544 -0.639 0.7259
vn 0.2543 -0.6392 0.7257
vn 0.3244 -0.6389 0.6976
vn 0.3244 -0.6391 0.6974
vn 0.3911 -0.6391 0.6622
vn 0.4543 -0.6388 0.6209
vn 0.5129 -0.6388 0.5735
vn 0.5667 -0.6388 0.5204
vn 0.5666 -0.6391 0.5201
vn 0.5917 -0.6386 0.4921
vn -0.7617 -0.6389 0.1079
vn -0.7662 -0.6387 0.0704
vn -0.7616 -0.639 0.1079
vn -0.7473 -0.639 0.1821
vn -0.7472 -0.6391 0.1821
vn -0.7259 -0.639 0.2544
vn -0.6974 -0.6391 0.3244
vn -0.6972 -0.6394 0.3242
vn -0.6622 -0.6391 0.3912
vn -0.6623 -0.639 0.3912
vn -0.6207 -0.6391 0.4541
vn -0.5732 -0.6391 0.5128
vn -0.5204 -0.6388 0.5667
vn -0.5203 -0.6388 0.5667
vn -0.4622 -0.6391 0.6148
vn -0.4621 -0.6391 0.6148
vn -0.3997 -0.6391 0.6571
vn -0.3334 -0.6391 0.6931
vn -0.2637 -0.6392 0.7224
vn -0.2638 -0.6392 0.7224
vn -0.1917 -0.6391 0.7449
vn -0.1178 -0.639 0.7601
vn -0.0427 -0.639 0.768
vn 0.0328 -0.6391 0.7684
vn 0.0266 0.9995 -0.0153
vn -0.3317 0.9432 -0.0173
vn 0.343 -0 -0.9393
vn 0.2493 -0 -0.9684
vn 0.7689 -0 0.6394
vn 0.7363 -0 0.6767
vn 0.7366 -0 0.6763
vn -0.4217 -0 -0.9067
vn -0.5085 -0 -0.861
vn 0.4217 -0 0.9067
vn 0.3308 -0 0.9437
vn 0.5085 -0 0.861
vn 0.6667 -0 0.7453
vn -0.9991 -0 0.0431
vn -1 -0 -0.0065
vn -0.9991 -0 0.0426
vn -0.601 0.0002 0.7993
vn 0.5905 -0 0.8071
vn -0.9437 -0 0.3308
vn -0.9716 -0 0.2367
vn 0.4334 -0 -0.9012
vn -0.9901 -0 0.1403
vn 0.2367 -0 0.9716
vn 0.1403 -0 0.9901
vn -0.6009 -0 0.7993
vn -0.6763 -0 0.7366
vn 0.9901 -0 -0.1403
vn 0.9716 -0 -0.2367
vn 0.9437 -0 -0.3308
vn 0.9991 -0 -0.0431
vn 0.9991 -0 -0.0426
vn -0.6668 -0 -0.7453
vn -0.7362 -0 -0.6767
vn -0.7366 -0 -0.6763
vn 0.9067 -0 -0.4217
vn 0.807 -0 -0.5905
vn 0.7453 -0 -0.6667
vn 0.6763 -0 -0.7366
vn 0.6009 -0 -0.7993
vn -0.343 -0 0.9393
vn -0.4334 -0 0.9012
vn 0.0555 -0 -0.9985
vn -0.0426 -0 -0.9991
vn -0.1531 -0 0.9882
vn -0.2493 -0 0.9684
vn 0.5196 -0 -0.8544
vn -0.9067 -0 0.4217
vn 1 -0 0.0064
vn -0.7689 -0 -0.6394
vn -0.5905 -0 -0.807
vn -0.3308 -0 -0.9437
vn 0.1531 -0 -0.9882
vn 0.861 -0 -0.5086
vn -0.5196 -0 0.8544
vn -0.7453 -0 0.6668
vn -0.8071 -0 0.5905
vn -0.861 -0 0.5085
vn -0.1403 -0 -0.9901
vn -0.2367 -0 -0.9716
vn 0.1673 0.7075 0.6866
vn 0.0992 0.7076 0.6996
vn 0.099 0.708 0.6993
vn 0.1673 0.7075 0.6867
vn 0.2424 0.7078 -0.6636
vn 0.1761 0.7076 -0.6843
vn 0.2422 0.7078 -0.6636
vn 0.4173 0.7075 0.5703
vn 0.3593 0.7076 0.6084
vn 0.3591 0.7078 0.6083
vn 0.4173 0.7076 0.5703
vn -0.6866 0.7076 0.1673
vn -0.6998 0.7074 0.0992
vn 0.6085 0.7075 -0.3594
vn 0.5703 0.7075 -0.4173
vn -0.478 0.7075 0.5205
vn -0.5267 0.7075 0.4712
vn 0.3063 0.7076 -0.6368
vn 0.1082 0.7077 -0.6982
vn 0.0391 0.7076 -0.7055
vn 0.0393 0.7076 -0.7055
vn 0.3672 0.7076 -0.6037
vn 0.298 0.7076 0.6407
vn -0.1673 0.7076 -0.6865
vn -0.2337 0.7076 -0.6669
vn -0.2337 0.7076 -0.6668
vn 0.6407 0.7076 -0.298
vn 0.5438 0.707 0.4522
vn 0.5205 0.7075 0.478
vn 0.5206 0.7075 0.478
vn 0.6866 0.7075 -0.1673
vn 0.667 0.7075 -0.2338
vn 0.6669 0.7075 -0.2338
vn 0.03 0.7078 0.7058
vn -0.0392 0.7075 0.7056
vn -0.0392 0.7076 0.7055
vn 0.03 0.7075 0.7061
vn -0.4173 0.7076 -0.5703
vn -0.4714 0.7073 -0.5269
vn -0.4713 0.7073 -0.5269
vn -0.4173 0.7075 -0.5703
vn -0.2978 0.7077 -0.6406
vn -0.1763 0.7072 0.6846
vn -0.2424 0.7075 0.6639
vn -0.1762 0.7075 0.6844
vn 0.4713 0.7074 0.5267
vn 0.4712 0.7075 0.5267
vn -0.7062 0.7074 0.0301
vn -0.7071 0.7071 -0.0045
vn -0.7061 0.7074 0.0301
vn -0.5703 0.7075 0.4173
vn -0.6082 0.7078 0.3594
vn -0.6085 0.7075 0.3594
vn 0.4246 0.7076 -0.5649
vn -0.3063 0.7076 0.6368
vn -0.3063 0.7075 0.6368
vn -0.3594 0.7075 -0.6085
vn -0.4246 0.7075 0.5649
vn 0.5267 0.7075 -0.4712
vn -0.5204 0.7076 -0.4779
vn -0.5437 0.7071 -0.4521
vn -0.5208 0.7073 -0.478
vn -0.0301 0.7074 -0.7061
vn -0.0991 0.7075 -0.6997
vn -0.0991 0.7076 -0.6996
vn -0.0302 0.7074 -0.7061
vn -0.1082 0.7075 0.6984
vn 0.478 0.7075 -0.5205
vn 0.6996 0.7076 -0.0992
vn 0.6997 0.7075 -0.0992
vn 0.2337 0.7075 0.6669
vn 0.2336 0.7077 0.6667
vn 0.7071 0.7071 0.0045
vn 0.706 0.7075 -0.0301
vn -0.6405 0.7078 0.2978
vn -0.6669 0.7075 0.2338
vn -0.6669 0.7076 0.2338
vn -0.6407 0.7076 0.298
vn -0.3672 0.7075 0.6038
vn 0.7874 -0.1722 0.5919
vn 0.7256 -0.1721 0.6662
vn 0.7261 -0.1684 0.6667
vn 0.7879 -0.1684 0.5923
vn 0.6568 -0.1721 0.7342
vn 0.6572 -0.1684 0.7346
vn 0.6577 -0.1645 0.7351
vn 0.7266 -0.1646 0.6671
vn 0.7884 -0.1646 0.5927
vn -0.2455 -0.1721 0.954
vn -0.3379 -0.1721 0.9253
vn -0.3381 -0.1684 0.9259
vn -0.2457 -0.1684 0.9546
vn -0.4269 -0.1721 0.8877
vn -0.4272 -0.1684 0.8883
vn -0.4275 -0.1646 0.8889
vn -0.3383 -0.1646 0.9265
vn -0.2459 -0.1646 0.9552
vn 0.5009 -0.1722 0.8482
vn 0.4154 -0.1721 0.8932
vn 0.4157 -0.1684 0.8938
vn 0.5013 -0.1684 0.8487
vn 0.3259 -0.1721 0.9296
vn 0.3261 -0.1684 0.9302
vn 0.3263 -0.1646 0.9308
vn 0.4159 -0.1646 0.8944
vn 0.5016 -0.1646 0.8493
vn -0.5919 -0.1721 0.7874
vn -0.6662 -0.1721 0.7256
vn -0.6667 -0.1684 0.7261
vn -0.5923 -0.1684 0.7879
vn -0.7342 -0.1721 0.6568
vn -0.7346 -0.1684 0.6572
vn -0.7351 -0.1646 0.6577
vn -0.6671 -0.1646 0.7265
vn -0.5927 -0.1645 0.7884
vn -0.0547 -0.1721 0.9836
vn -0.1508 -0.1721 0.9735
vn -0.1509 -0.1684 0.9741
vn -0.0547 -0.1684 0.9842
vn -0.151 -0.1646 0.9747
vn -0.0548 -0.1646 0.9848
vn -0.795 -0.1721 0.5817
vn -0.7955 -0.1684 0.5821
vn -0.8482 -0.1721 0.501
vn -0.8487 -0.1684 0.5013
vn -0.8493 -0.1646 0.5016
vn -0.796 -0.1646 0.5824
vn -0.8932 -0.1721 0.4154
vn -0.8938 -0.1684 0.4157
vn -0.9296 -0.1721 0.3258
vn -0.9302 -0.1684 0.3261
vn -0.9308 -0.1646 0.3263
vn -0.8944 -0.1646 0.4159
vn 0.8854 -0.1727 0.4316
vn 0.8416 -0.1721 0.5119
vn 0.8422 -0.1684 0.5122
vn 0.8864 -0.1687 0.4312
vn 0.8427 -0.1646 0.5126
vn 0.8871 -0.1647 0.4312
vn 0.0003 1 0.001
vn 0.0004 1 0.0009
vn 0.0022 1 0.0047
vn 0.0017 1 0.0049
vn 0.0005 1 0.0009
vn 0.0026 1 0.0044
vn 0.0049 1 0.0082
vn 0.004 1 0.0087
vn 0.0032 1 0.009
vn 0.9216 -0.1741 0.3469
vn 0.9115 -0.1736 0.373
vn 0.914 -0.1693 0.3686
vn 0.9229 -0.1685 0.3462
vn 0.915 -0.1648 0.3684
vn 0.9237 -0.1647 0.3458
vn -0.9745 -0.1727 0.1434
vn -0.9816 -0.1736 0.0797
vn -0.9827 -0.1693 0.0747
vn -0.9753 -0.1687 0.1427
vn -0.9834 -0.1742 0.0517
vn -0.9844 -0.1686 0.0507
vn -0.9851 -0.1647 0.0501
vn -0.9835 -0.1647 0.0742
vn -0.976 -0.1647 0.1425
vn -0.9571 -0.1721 0.2332
vn -0.9577 -0.1684 0.2333
vn -0.9583 -0.1646 0.2335
vn -0.001 1 0.0003
vn -0.0009 1 0.0004
vn -0.0047 1 0.0022
vn -0.0049 1 0.0017
vn -0.0009 1 0.0005
vn -0.0044 1 0.0026
vn -0.0082 1 0.0049
vn -0.0087 1 0.004
vn -0.009 1 0.0032
vn 0.2332 -0.1721 0.9571
vn 0.2333 -0.1684 0.9577
vn 0.1382 -0.1721 0.9753
vn 0.1383 -0.1684 0.976
vn 0.1384 -0.1646 0.9766
vn 0.2335 -0.1646 0.9583
vn -0.0003 1 0.001
vn -0.0002 1 0.001
vn -0.0008 1 0.0051
vn -0.0013 1 0.005
vn -0.0001 1 0.001
vn -0.0003 1 0.0052
vn -0.0005 1 0.0096
vn -0.0015 1 0.0095
vn -0.0024 1 0.0093
vn -0.0004 1 0.0009
vn -0.0018 1 0.0048
vn -0.0022 1 0.0047
vn -0.0033 1 0.009
vn -0.0041 1 0.0086
vn -0.0006 1 0.0008
vn -0.0005 1 0.0009
vn -0.0027 1 0.0044
vn -0.0031 1 0.0041
vn -0.005 1 0.0082
vn -0.0058 1 0.0077
vn -0.5119 -0.1721 0.8416
vn -0.5122 -0.1684 0.8422
vn -0.5126 -0.1645 0.8427
vn -0.0008 1 0.0007
vn -0.0007 1 0.0007
vn -0.0035 1 0.0038
vn -0.0038 1 0.0034
vn -0.0065 1 0.0071
vn -0.0071 1 0.0064
vn -0.0008 1 0.0006
vn -0.0042 1 0.003
vn -0.0077 1 0.0057
vn -0.001 1 0.0001
vn -0.001 1 0.0002
vn -0.005 1 0.0012
vn -0.0051 1 0.0007
vn -0.0093 1 0.0023
vn -0.0095 1 0.0014
vn -0.0013 1 -0.0001
vn -0.0011 1 -0
vn -0.0053 1 0.0003
vn -0.0063 1 0.0002
vn -0.0097 1 0.0007
vn -0.0099 1 0.0004
vn 0.0009 1 0.0004
vn 0.0011 1 0.0003
vn 0.005 1 0.0019
vn 0.0047 1 0.0023
vn 0.0012 1 0.0003
vn 0.006 1 0.0021
vn 0.0093 1 0.0033
vn 0.0091 1 0.0036
vn 0.0086 1 0.0042
vn 0.0008 1 0.0006
vn 0.0009 1 0.0005
vn 0.0044 1 0.0027
vn 0.0041 1 0.0031
vn 0.0082 1 0.005
vn 0.0077 1 0.0058
vn 0.0007 1 0.0008
vn 0.0007 1 0.0007
vn 0.0038 1 0.0035
vn 0.0034 1 0.0038
vn 0.0071 1 0.0065
vn 0.0064 1 0.0071
vn 0.0006 1 0.0008
vn 0.003 1 0.0042
vn 0.0057 1 0.0077
vn 0.5817 -0.1722 0.795
vn 0.5821 -0.1684 0.7955
vn 0.5824 -0.1645 0.796
vn 0.042 -0.1721 0.9842
vn 0.042 -0.1684 0.9848
vn 0.042 -0.1646 0.9855
vn 0.0001 1 0.001
vn 0.0002 1 0.001
vn 0.0012 1 0.005
vn 0.0007 1 0.0051
vn 0.0023 1 0.0093
vn 0.0013 1 0.0095
vn 0.1403 -0.0045 0.9901
vn 0.0426 -0.0045 0.9991
vn 0.0328 0.6395 0.7681
vn 0.1079 0.6395 0.7612
vn -0.0555 -0.0045 0.9984
vn -0.0427 0.6395 0.7676
vn -0.0113 0.9793 0.2023
vn 0.0086 0.9793 0.2024
vn 0.0284 0.9793 0.2006
vn 0.3308 -0.0045 0.9437
vn 0.2367 -0.0045 0.9716
vn 0.182 0.6395 0.7469
vn 0.2543 0.6395 0.7255
vn 0.048 0.9793 0.1968
vn 0.067 0.9793 0.1912
vn 0.5085 -0.0045 0.861
vn 0.4217 -0.0045 0.9067
vn 0.3242 0.6395 0.6971
vn 0.3909 0.6396 0.6619
vn 0.0854 0.9793 0.1837
vn 0.103 0.9793 0.1744
vn 0.6667 -0.0045 0.7453
vn 0.5905 -0.0045 0.807
vn 0.4539 0.6395 0.6204
vn 0.5126 0.6395 0.5729
vn 0.1196 0.9793 0.1635
vn 0.1351 0.9793 0.151
vn 0.7993 -0.0045 0.6009
vn 0.7366 -0.0045 0.6763
vn 0.5663 0.6395 0.52
vn 0.6145 0.6396 0.4619
vn 0.1492 0.9793 0.137
vn 0.1619 0.9793 0.1217
vn 0.8994 -0.0044 0.437
vn 0.8544 -0.0045 0.5196
vn 0.6568 0.6395 0.3995
vn 0.6921 0.6387 0.3363
vn 0.1731 0.9793 0.1053
vn 0.1822 0.9793 0.0885
vn 0.9365 -0.0046 0.3506
vn 0.9276 -0.0045 0.3735
vn 0.7169 0.6346 0.2887
vn 0.7119 0.6498 0.2665
vn 0.1879 0.9793 0.0755
vn 0.1896 0.9793 0.071
vn -0.9895 -0.0044 0.1443
vn -0.9972 -0.0047 0.0752
vn -0.7706 0.6346 0.0582
vn -0.7614 0.6387 0.1111
vn -0.9987 -0.0043 0.0508
vn -0.7591 0.6499 0.0386
vn -0.2022 0.9793 0.0103
vn -0.202 0.9793 0.0151
vn -0.2005 0.9793 0.0292
vn -0.9437 -0.0045 0.3308
vn -0.9716 -0.0045 0.2367
vn -0.7469 0.6395 0.182
vn -0.7255 0.6396 0.2543
vn -0.1968 0.9793 0.0479
vn -0.1912 0.9793 0.067
vn -0.861 -0.0045 0.5085
vn -0.9067 -0.0044 0.4217
vn -0.6971 0.6395 0.3242
vn -0.6619 0.6395 0.3909
vn -0.1837 0.9793 0.0854
vn -0.1744 0.9793 0.103
vn -0.7453 -0.0045 0.6667
vn -0.807 -0.0045 0.5905
vn -0.6204 0.6395 0.4539
vn -0.5729 0.6396 0.5126
vn -0.1635 0.9793 0.1196
vn -0.151 0.9793 0.1351
vn -0.6009 -0.0045 0.7993
vn -0.6763 -0.0045 0.7366
vn -0.52 0.6395 0.5663
vn -0.4619 0.6395 0.6145
vn -0.137 0.9793 0.1492
vn -0.1217 0.9793 0.1619
vn -0.4334 -0.0045 0.9012
vn -0.5196 -0.0045 0.8544
vn -0.3995 0.6395 0.6568
vn -0.3332 0.6396 0.6928
vn -0.1053 0.9793 0.1731
vn -0.0878 0.9793 0.1826
vn -0.2493 -0.0045 0.9684
vn -0.343 -0.0045 0.9393
vn -0.2637 0.6395 0.7221
vn -0.1916 0.6395 0.7445
vn -0.0695 0.9793 0.1903
vn -0.0505 0.9793 0.1962
vn -0.1531 -0.0045 0.9882
vn -0.1177 0.6395 0.7597
vn -0.031 0.9793 0.2002
vn -0 1 0.001
vn 0.0002 1 0.0052
vn 0.0004 1 0.0096
vn -0 -1 -0
vn -0 1 -0
vn -0 -0 1
vn -1 -0 -0
vn 1 -0 -0
vn -0.6359 -0.4889 0.5972
vn -0.6356 -0.4877 0.5985
vn -0.6345 -0.4891 0.5985
vn 0.6356 -0.4877 0.5985
vn 0.6359 -0.4889 0.5972
vn 0.6345 -0.4891 0.5985
vn -0.6359 0.489 0.5972
vn -0.6345 0.489 0.5986
vn -0.6357 0.4876 0.5985
vn 0.6359 0.489 0.5972
vn 0.6357 0.4876 0.5985
vn 0.6345 0.489 0.5986
vn -0.6348 -0.4895 0.5978
vn -0.6351 -0.4888 0.5981
vn 0.635 -0.4893 0.5977
vn -0.6348 0.4895 0.5979
vn -0.6345 0.4891 0.5985
vn -0.6351 0.4888 0.5981
vn 0.635 0.4893 0.5978
vn -0.7282 -0 0.6854
vn -0 -0.6337 0.7736
vn 0.7282 -0 0.6854
vn -0 0.6337 0.7736
vn 0.7917 0.6109 -0
vn 0.7917 -0.6109 -0
vn -0.7917 -0.6109 -0
vn -0.7917 0.6109 -0
vn -0.7278 -0 0.6858
vn -0.7914 -0.6113 0.0009
vn -0.7914 -0.6113 -0.0009
vn -0.7914 0.6113 -0.0009
vn -0.7914 0.6113 0.0009
vn -0 -0 -1
vn -0.6359 -0.4889 -0.5972
vn -0.6345 -0.4891 -0.5985
vn -0.6356 -0.4877 -0.5985
vn 0.6356 -0.4877 -0.5985
vn 0.6345 -0.4891 -0.5985
vn 0.6359 -0.4889 -0.5972
vn -0.635 0.4893 -0.5978
vn 0.635 0.4893 -0.5978
vn -0.6348 -0.4895 -0.5978
vn -0.6351 -0.4888 -0.5981
vn 0.635 -0.4893 -0.5977
vn -0.6345 0.4899 -0.5979
vn -0.7281 -0 -0.6855
vn -0 -0.6337 -0.7736
vn 0.7281 -0 -0.6855
vn -0 0.6336 -0.7736
vn 0.7921 0.6104 0.0005
vn 0.7921 0.6104 -0.0005
vn -0.7278 0.0005 -0.6858
vn -0.7278 -0.0005 -0.6858
vn 1 -0 -0
vn -0 -0 -1
vn -0 -0 1
vn 0.5774 -0.5773 0.5774
vn 0.5774 -0.5773 -0.5774
vn -0 -0.7071 -0.7071
vn 0.7071 -0 -0.7071
vn 0.7071 -0.7071 -0
vn 0.7071 -0 0.7071
vn -0 -0.7071 0.7071
vn -0 -1 -0
vn 0.5774 -0.5773 0.5773
vn 0.5773 -0.5775 -0.5773
vn 0.5773 -0.5775 0.5773
vn 0.5774 -0.5773 -0.5773
vn 0.7072 -0.707 -0
#end 1293 normals 

#begin 1622 faces
o Cube:762
s 1
f 82/82/1 89/89/1 37/37/1 84/84/1 
f 60/60/2 50/50/2 55/55/2 64/64/2 
f 10/10/3 32/32/3 33/33/3 86/86/3 
f 87/87/4 34/34/4 57/57/4 96/96/4 
f 12/12/1 105/105/1 76/76/1 29/29/1 
f 56/56/1 48/48/1 92/92/1 95/95/1 
f 2/2/5 14/14/5 91/91/5 47/47/5 
f 98/98/1 93/93/1 51/51/1 59/59/1 
f 23/23/5 2/2/5 47/47/5 45/45/5 
f 27/27/6 40/40/6 62/62/6 54/54/6 
f 83/83/2 36/36/2 40/40/2 9/9/2 
f 30/30/2 75/75/2 5/5/2 3/3/2 
f 1/1/3 8/8/3 70/70/3 25/25/3 
f 85/85/1 35/35/1 88/88/1 78/78/1 
f 26/26/1 69/69/1 104/104/1 11/11/1 
f 39/39/4 38/38/4 61/61/4 63/63/4 
f 65/65/7 100/100/7 103/103/7 68/68/7 
f 67/67/1 112/112/1 111/111/1 99/99/1 
f 73/73/2 108/108/2 15/15/2 6/6/2 
f 7/7/3 16/16/3 113/113/3 66/66/3 
f 34/34/4 31/31/4 41/41/4 57/57/4 
f 108/108/2 83/83/2 9/9/2 15/15/2 
f 13/13/5 4/4/5 52/52/5 94/94/5 
f 38/38/4 90/90/4 97/97/4 61/61/4 
f 73/73/8 6/6/8 5/5/8 75/75/8 
f 43/43/3 46/46/3 49/49/3 58/58/3 
f 133/133/1 17/17/1 11/11/1 104/104/1 
f 115/115/1 102/102/1 135/135/1 152/152/1 
f 149/149/1 146/146/1 95/95/1 92/92/1 
f 139/139/4 144/144/4 97/97/4 90/90/4 
f 137/137/7 134/134/7 103/103/7 100/100/7 
f 116/116/5 151/151/5 160/160/5 126/126/5 
f 4/4/5 28/28/5 53/53/5 52/52/5 
f 80/80/3 114/1880/3 125/125/3 119/119/3 
f 16/16/3 10/10/3 86/86/3 113/113/3 
f 141/141/1 128/128/1 78/78/1 88/88/1 
f 87/87/4 96/96/4 145/145/4 142/142/4 
f 7/7/9 66/66/9 70/70/9 8/8/9 
f 101/101/10 71/71/10 74/74/10 106/106/10 
f 102/102/1 115/115/1 107/107/1 72/72/1 
f 112/112/1 85/85/1 78/78/1 111/111/1 
f 154/154/5 110/110/5 123/123/5 22/22/5 
f 122/122/2 121/121/2 164/164/2 161/161/2 
f 79/79/4 127/127/4 21/21/4 120/120/4 
f 130/130/4 81/81/4 118/118/4 156/156/4 
f 117/117/1 124/124/1 159/159/1 157/157/1 
f 128/128/1 141/141/1 140/140/1 129/129/1 
f 115/115/1 82/82/1 84/84/1 107/107/1 
f 93/93/1 98/98/1 143/143/1 148/148/1 
f 20/20/5 150/150/5 91/91/5 14/14/5 
f 13/13/5 94/94/5 147/147/5 19/19/5 
f 101/101/10 106/106/10 131/131/7 136/136/7 
f 105/105/1 12/12/1 18/18/1 132/132/1 
f 153/153/1 138/138/1 99/99/1 111/111/1 
f 109/109/2 77/1887/2 121/121/2 122/122/2 
f 21/21/4 156/156/4 174/174/4 173/173/4 
f 172/172/1 168/168/1 162/162/1 166/166/1 
f 17/17/1 133/133/1 132/132/1 18/18/1 
f 154/154/5 22/22/5 160/160/5 151/151/5 
f 150/150/5 20/20/5 19/19/5 147/147/5 
f 146/146/1 149/149/1 148/148/1 143/143/1 
f 144/144/4 139/139/4 142/142/4 145/145/4 
f 138/138/1 153/153/1 152/152/1 135/135/1 
f 134/134/7 137/137/7 136/136/7 131/131/7 
f 130/130/4 156/156/4 21/21/4 127/127/4 
f 89/89/1 82/82/1 129/129/1 140/140/1 
f 168/168/1 172/172/1 176/1897/1 170/170/1 
f 120/120/4 21/21/4 173/173/4 165/165/4 
f 155/155/3 158/158/3 171/171/3 175/175/3 
f 22/22/5 123/123/5 163/163/5 167/167/5 
f 160/160/5 22/22/5 167/167/5 169/169/5 
f 33/33/11 34/34/11 35/35/11 
f 36/36/12 37/37/12 38/38/12 
f 41/41/13 42/42/13 43/43/13 
f 44/44/14 45/45/14 46/46/14 
f 47/47/15 48/48/15 49/49/15 
f 50/50/16 51/51/16 52/52/16 
f 53/53/17 54/54/17 55/55/17 
f 56/56/18 57/57/18 58/58/18 
f 59/59/19 60/60/19 61/61/19 
f 62/62/20 63/63/20 64/64/20 
f 65/65/21 66/66/21 67/67/21 
f 68/68/22 69/69/22 70/70/22 
f 71/71/23 72/72/23 73/73/23 
f 74/74/24 75/75/24 76/76/24 
f 77/1869/25 78/78/25 79/1865/25 
f 80/1867/26 81/1868/26 82/82/26 
f 109/1870/27 110/1863/27 111/111/27 
f 114/1861/28 115/115/28 116/1864/28 
f 117/1889/29 118/118/29 119/1885/29 
f 124/1875/30 125/1877/30 126/126/30 
f 155/1896/31 156/156/31 157/1888/31 
f 158/1873/32 159/1874/32 160/160/32 
f 161/1883/33 162/1884/33 163/163/33 
f 164/1891/34 165/165/34 166/1892/34 
f 169/169/35 170/1878/35 171/1882/35 
f 174/174/29 175/1895/29 176/1894/29 
f 32/32/36 42/42/36 41/41/36 31/31/36 
f 38/38/37 39/39/37 40/40/37 36/36/37 
f 31/31/38 34/34/38 33/33/38 32/32/38 
f 42/42/39 44/44/39 46/46/39 43/43/39 
f 45/45/40 47/47/40 49/49/40 46/46/40 
f 52/52/41 53/53/41 55/55/41 50/50/41 
f 48/48/42 56/56/42 58/58/42 49/49/42 
f 50/50/43 60/60/43 59/59/43 51/51/43 
f 54/54/44 62/62/44 64/64/44 55/55/44 
f 60/60/45 64/64/45 63/63/45 61/61/45 
f 43/43/46 58/58/46 57/57/46 41/41/46 
f 62/62/47 40/40/47 39/39/47 63/63/47 
f 23/23/48 45/45/48 44/44/48 24/24/48 
f 27/27/49 54/54/49 53/53/49 28/28/49 
f 65/65/50 68/68/50 70/70/50 66/66/50 
f 73/73/51 75/75/51 74/74/51 71/71/51 
f 36/36/52 83/83/53 84/84/53 37/37/52 
f 25/25/54 70/70/54 69/69/54 26/26/54 
f 75/75/55 30/30/55 29/29/55 76/76/55 
f 86/86/56 33/33/57 35/35/57 85/85/58 
f 108/108/59 73/73/60 72/72/60 107/107/61 
f 111/111/43 78/78/43 77/1869/43 109/1870/43 
f 113/113/62 86/86/56 85/85/58 112/112/62 
f 68/68/63 103/103/63 104/104/63 69/69/63 
f 106/106/64 74/74/64 76/76/64 105/105/64 
f 51/51/65 93/93/66 94/94/66 52/52/65 
f 92/92/66 48/48/65 47/47/65 91/91/66 
f 37/37/67 89/89/67 90/90/67 38/38/67 
f 98/98/68 59/59/69 61/61/69 97/97/68 
f 71/71/70 101/101/64 102/102/64 72/72/70 
f 88/88/68 35/35/67 34/34/67 87/87/68 
f 56/56/69 95/95/68 96/96/68 57/57/69 
f 100/100/71 65/65/72 67/67/72 99/99/71 
f 83/83/53 108/108/59 107/107/61 84/84/53 
f 66/66/73 113/113/62 112/112/62 67/67/73 
f 82/82/74 115/115/74 114/1861/74 80/1867/74 
f 119/119/75 125/125/75 124/124/75 117/117/75 
f 80/1886/46 119/1885/46 118/118/46 81/81/46 
f 121/1890/45 77/77/45 79/79/45 120/120/45 
f 123/123/41 110/110/41 109/1876/41 122/1879/41 
f 116/116/40 126/126/40 125/1877/40 114/114/40 
f 152/152/66 153/153/76 154/1862/76 151/1866/66 
f 157/157/75 159/159/75 158/158/75 155/155/75 
f 128/128/67 129/129/68 130/1872/68 127/1871/67 
f 148/148/76 149/149/76 150/150/76 147/147/76 
f 144/144/67 145/145/67 146/146/67 143/143/67 
f 140/140/67 141/141/77 142/142/77 139/139/67 
f 136/136/63 137/137/71 138/138/71 135/135/63 
f 132/132/71 133/133/63 134/134/63 131/131/71 
f 78/78/67 128/128/67 127/1871/67 79/1865/67 
f 139/139/67 90/90/67 89/89/67 140/140/67 
f 81/1868/68 130/1872/68 129/129/68 82/82/68 
f 87/87/68 142/142/77 141/141/77 88/88/68 
f 117/1889/78 157/1888/78 156/156/78 118/118/78 
f 131/131/71 106/106/64 105/105/64 132/132/71 
f 99/99/71 138/138/71 137/137/71 100/100/71 
f 133/133/63 104/104/63 103/103/63 134/134/63 
f 135/135/63 102/102/64 101/101/64 136/136/63 
f 151/1866/66 116/1864/66 115/115/66 152/152/66 
f 110/1863/76 154/1862/76 153/153/76 111/111/76 
f 143/143/67 98/98/68 97/97/68 144/144/67 
f 95/95/68 146/146/67 145/145/67 96/96/68 
f 147/147/76 94/94/66 93/93/66 148/148/76 
f 91/91/66 150/150/76 149/149/76 92/92/66 
f 159/1874/79 124/1875/79 126/126/79 160/160/79 
f 161/161/43 164/164/43 166/166/43 162/162/43 
f 168/1881/76 170/1878/76 169/169/76 167/167/76 
f 173/173/67 174/174/67 176/1894/67 172/1893/67 
f 175/175/74 171/171/74 170/1898/74 176/176/74 
f 172/1893/67 166/1892/67 165/165/67 173/173/67 
f 162/1884/80 168/1881/76 167/167/76 163/163/80 
f 171/1882/40 158/1873/40 160/160/40 169/169/40 
f 122/1879/41 161/1883/41 163/163/41 123/123/41 
f 120/120/45 165/165/45 164/1891/45 121/1890/45 
f 155/1896/46 175/1895/46 174/174/46 156/156/46 
f 32/32/6 24/24/6 44/44/6 42/42/6 
o Cube:763
s 1
f 178/178/81 310/310/81 314/314/81 193/193/81 
f 193/193/81 314/314/81 317/317/81 192/192/81 
f 192/192/81 317/317/81 320/320/81 191/191/81 
f 191/191/81 320/320/81 323/323/81 190/190/81 
f 190/190/81 323/323/81 326/326/81 189/189/81 
f 189/189/81 326/326/81 329/329/81 188/188/81 
f 188/188/81 329/329/81 332/332/81 187/187/81 
f 331/331/82 387/387/82 388/388/82 333/333/82 
f 184/184/81 341/341/81 344/344/81 183/183/81 
f 183/183/81 344/344/81 347/347/81 182/182/81 
f 182/182/81 347/347/81 350/350/81 181/181/81 
f 181/181/81 350/350/81 353/353/81 180/180/81 
f 180/180/81 353/353/81 356/356/81 179/179/81 
f 179/179/81 356/356/81 359/359/81 177/177/81 
f 259/259/83 242/242/83 365/365/83 360/360/83 
f 177/177/81 359/359/81 307/307/81 194/194/81 
f 193/193/81 205/205/81 195/195/81 178/178/81 
f 238/238/81 199/199/81 200/200/81 237/237/81 
f 179/179/81 196/196/81 197/197/81 240/240/81 
f 309/309/84 366/366/84 367/367/84 312/312/84 
f 313/313/82 369/369/82 370/370/82 315/315/82 
f 316/316/84 372/372/84 373/373/84 318/318/84 
f 319/319/82 375/375/82 376/376/82 321/321/82 
f 322/322/84 378/378/84 379/379/84 324/324/84 
f 325/325/82 381/381/82 382/382/82 327/327/82 
f 328/328/84 384/384/84 385/385/84 330/330/84 
f 334/334/84 390/390/84 391/391/84 336/336/84 
f 185/185/81 338/338/81 341/341/81 184/184/81 
f 337/337/82 393/393/82 394/394/82 339/339/82 
f 340/340/84 396/396/84 397/397/84 342/342/84 
f 343/343/82 399/399/82 400/400/82 345/345/82 
f 346/346/84 402/402/84 403/403/84 348/348/84 
f 349/349/82 405/405/82 406/406/82 351/351/82 
f 352/352/84 408/408/84 409/409/84 354/354/84 
f 355/355/82 411/411/82 412/412/82 357/357/82 
f 305/305/82 361/361/82 364/364/82 311/311/82 
f 358/358/84 414/414/84 362/362/84 308/308/84 
f 203/203/81 204/204/81 219/219/81 206/206/81 
f 210/210/81 215/215/81 214/214/81 211/211/81 
f 206/206/81 219/219/81 218/218/81 207/207/81 
f 239/239/81 198/198/81 199/199/81 238/238/81 
f 177/177/81 194/194/81 196/196/81 179/179/81 
f 209/209/81 216/216/81 215/215/81 210/210/81 
f 181/181/81 234/234/81 183/183/81 182/182/81 
f 208/208/81 217/217/81 216/216/81 209/209/81 
f 237/237/81 200/200/81 201/201/81 236/236/81 
f 207/207/81 218/218/81 217/217/81 208/208/81 
f 211/211/81 214/214/81 213/213/81 212/212/81 
f 187/187/81 332/332/81 335/335/81 186/186/81 
f 212/212/81 213/213/81 205/205/81 193/193/81 
f 235/235/81 202/202/81 203/203/81 206/206/81 
f 236/236/81 201/201/81 202/202/81 235/235/81 
f 192/192/81 191/191/81 212/212/81 193/193/81 
f 191/191/81 220/220/81 211/211/81 212/212/81 
f 190/190/81 189/189/81 220/220/81 191/191/81 
f 189/189/81 222/222/81 221/221/81 220/220/81 
f 220/220/81 221/221/81 210/210/81 211/211/81 
f 188/188/81 187/187/81 222/222/81 189/189/81 
f 187/187/81 225/225/81 224/224/81 222/222/81 
f 222/222/81 224/224/81 223/223/81 221/221/81 
f 221/221/81 223/223/81 209/209/81 210/210/81 
f 186/186/81 185/185/81 225/225/81 187/187/81 
f 185/185/81 229/229/81 228/228/81 225/225/81 
f 225/225/81 228/228/81 227/227/81 224/224/81 
f 224/224/81 227/227/81 226/226/81 223/223/81 
f 223/223/81 226/226/81 208/208/81 209/209/81 
f 184/184/81 183/183/81 229/229/81 185/185/81 
f 183/183/81 234/234/81 233/233/81 229/229/81 
f 229/229/81 233/233/81 232/232/81 228/228/81 
f 228/228/81 232/232/81 231/231/81 227/227/81 
f 227/227/81 231/231/81 230/230/81 226/226/81 
f 226/226/81 230/230/81 207/207/81 208/208/81 
f 240/240/81 239/239/81 234/234/81 181/181/81 
f 197/197/81 198/198/81 239/239/81 240/240/81 
f 234/234/81 239/239/81 238/238/81 233/233/81 
f 233/233/81 238/238/81 237/237/81 232/232/81 
f 232/232/81 237/237/81 236/236/81 231/231/81 
f 231/231/81 236/236/81 235/235/81 230/230/81 
f 230/230/81 235/235/81 206/206/81 207/207/81 
f 180/180/81 179/179/81 240/240/81 181/181/81 
f 257/257/83 242/242/83 259/259/83 269/269/83 
f 302/302/83 301/301/83 264/264/83 263/263/83 
f 243/243/83 304/304/83 261/261/83 260/260/83 
f 257/257/83 256/256/83 371/371/83 368/368/83 
f 256/256/83 255/255/83 374/374/83 371/371/83 
f 255/255/83 254/254/83 377/377/83 374/374/83 
f 254/254/83 253/253/83 380/380/83 377/377/83 
f 253/253/83 252/252/83 383/383/83 380/380/83 
f 252/252/83 251/251/83 386/386/83 383/383/83 
f 251/251/83 250/250/83 389/389/83 386/386/83 
f 250/250/83 249/249/83 392/392/83 389/389/83 
f 249/249/83 248/248/83 395/395/83 392/392/83 
f 248/248/83 247/247/83 398/398/83 395/395/83 
f 247/247/83 246/246/83 401/401/83 398/398/83 
f 246/246/83 245/245/83 404/404/83 401/401/83 
f 245/245/83 244/244/83 407/407/83 404/404/83 
f 244/244/83 243/243/83 410/410/83 407/407/83 
f 243/243/83 241/241/83 413/413/83 410/410/83 
f 241/241/83 258/258/83 363/363/83 413/413/83 
f 242/242/83 257/257/83 368/368/83 365/365/83 
f 267/267/83 270/270/83 283/283/83 268/268/83 
f 274/274/83 275/275/83 278/278/83 279/279/83 
f 270/270/83 271/271/83 282/282/83 283/283/83 
f 303/303/83 302/302/83 263/263/83 262/262/83 
f 241/241/83 243/243/83 260/260/83 258/258/83 
f 273/273/83 274/274/83 279/279/83 280/280/83 
f 245/245/83 246/246/83 247/247/83 298/298/83 
f 272/272/83 273/273/83 280/280/83 281/281/83 
f 301/301/83 300/300/83 265/265/83 264/264/83 
f 271/271/83 272/272/83 281/281/83 282/282/83 
f 275/275/83 276/276/83 277/277/83 278/278/83 
f 276/276/83 257/257/83 269/269/83 277/277/83 
f 299/299/83 270/270/83 267/267/83 266/266/83 
f 300/300/83 299/299/83 266/266/83 265/265/83 
f 256/256/83 257/257/83 276/276/83 255/255/83 
f 255/255/83 276/276/83 275/275/83 284/284/83 
f 254/254/83 255/255/83 284/284/83 253/253/83 
f 253/253/83 284/284/83 285/285/83 286/286/83 
f 284/284/83 275/275/83 274/274/83 285/285/83 
f 252/252/83 253/253/83 286/286/83 251/251/83 
f 251/251/83 286/286/83 288/288/83 289/289/83 
f 286/286/83 285/285/83 287/287/83 288/288/83 
f 285/285/83 274/274/83 273/273/83 287/287/83 
f 250/250/83 251/251/83 289/289/83 249/249/83 
f 249/249/83 289/289/83 292/292/83 293/293/83 
f 289/289/83 288/288/83 291/291/83 292/292/83 
f 288/288/83 287/287/83 290/290/83 291/291/83 
f 287/287/83 273/273/83 272/272/83 290/290/83 
f 248/248/83 249/249/83 293/293/83 247/247/83 
f 247/247/83 293/293/83 297/297/83 298/298/83 
f 293/293/83 292/292/83 296/296/83 297/297/83 
f 292/292/83 291/291/83 295/295/83 296/296/83 
f 291/291/83 290/290/83 294/294/83 295/295/83 
f 290/290/83 272/272/83 271/271/83 294/294/83 
f 304/304/83 245/245/83 298/298/83 303/303/83 
f 261/261/83 304/304/83 303/303/83 262/262/83 
f 298/298/83 297/297/83 302/302/83 303/303/83 
f 297/297/83 296/296/83 301/301/83 302/302/83 
f 296/296/83 295/295/83 300/300/83 301/301/83 
f 295/295/83 294/294/83 299/299/83 300/300/83 
f 294/294/83 271/271/83 270/270/83 299/299/83 
f 244/244/83 245/245/83 304/304/83 243/243/83 
f 186/186/81 335/335/81 338/338/81 185/185/81 
f 309/309/85 310/310/85 311/311/85 
f 312/312/86 313/313/86 314/314/86 
f 315/315/87 316/316/87 317/317/87 
f 318/318/88 319/319/88 320/320/88 
f 321/321/87 322/322/87 323/323/87 
f 324/324/88 325/325/88 326/326/88 
f 327/327/89 328/328/89 329/329/89 
f 330/330/86 331/331/86 332/332/86 
f 333/333/89 334/334/89 335/335/89 
f 336/336/90 337/337/90 338/338/90 
f 339/339/91 340/340/91 341/341/91 
f 342/342/88 343/343/88 344/344/88 
f 345/345/91 346/346/91 347/347/91 
f 348/348/88 349/349/88 350/350/88 
f 351/351/89 352/352/89 353/353/89 
f 354/354/92 355/355/92 356/356/92 
f 357/357/93 358/358/93 359/359/93 
f 364/364/94 365/365/94 366/366/94 
f 367/367/95 368/368/95 369/369/95 
f 370/370/96 371/371/96 372/372/96 
f 373/373/97 374/374/97 375/375/97 
f 376/376/98 377/377/98 378/378/98 
f 379/379/97 380/380/97 381/381/97 
f 382/382/99 383/383/99 384/384/99 
f 385/385/95 386/386/95 387/387/95 
f 388/388/99 389/389/99 390/390/99 
f 391/391/95 392/392/95 393/393/95 
f 394/394/100 395/395/100 396/396/100 
f 397/397/97 398/398/97 399/399/97 
f 400/400/101 401/401/101 402/402/101 
f 403/403/97 404/404/97 405/405/97 
f 406/406/102 407/407/102 408/408/102 
f 409/409/103 410/410/103 411/411/103 
f 412/412/104 413/413/104 414/414/104 
f 309/309/105 312/312/105 314/314/105 310/310/105 
f 313/313/106 315/315/106 317/317/106 314/314/106 
f 316/316/105 318/318/105 320/320/105 317/317/105 
f 319/319/106 321/321/106 323/323/106 320/320/106 
f 322/322/105 324/324/105 326/326/105 323/323/105 
f 325/325/106 327/327/106 329/329/106 326/326/106 
f 328/328/105 330/330/105 332/332/105 329/329/105 
f 331/331/106 333/333/106 335/335/106 332/332/106 
f 334/334/105 336/336/105 338/338/105 335/335/105 
f 337/337/106 339/339/106 341/341/106 338/338/106 
f 340/340/105 342/342/105 344/344/105 341/341/105 
f 343/343/106 345/345/106 347/347/106 344/344/106 
f 346/346/105 348/348/105 350/350/105 347/347/105 
f 349/349/106 351/351/106 353/353/106 350/350/106 
f 352/352/105 354/354/105 356/356/105 353/353/105 
f 355/355/106 357/357/106 359/359/106 356/356/106 
f 305/305/107 311/311/107 310/310/107 306/306/107 
f 358/358/105 308/308/105 307/307/105 359/359/105 
f 311/311/108 364/364/108 366/366/108 309/309/108 
f 365/365/109 368/368/109 367/367/109 366/366/109 
f 368/368/110 371/371/110 370/370/110 369/369/110 
f 371/371/109 374/374/109 373/373/109 372/372/109 
f 374/374/110 377/377/110 376/376/110 375/375/110 
f 377/377/109 380/380/109 379/379/109 378/378/109 
f 380/380/110 383/383/110 382/382/110 381/381/110 
f 383/383/109 386/386/109 385/385/109 384/384/109 
f 386/386/110 389/389/110 388/388/110 387/387/110 
f 389/389/109 392/392/109 391/391/109 390/390/109 
f 392/392/110 395/395/110 394/394/110 393/393/110 
f 395/395/109 398/398/109 397/397/109 396/396/109 
f 398/398/110 401/401/110 400/400/110 399/399/110 
f 401/401/109 404/404/109 403/403/109 402/402/109 
f 404/404/110 407/407/110 406/406/110 405/405/110 
f 407/407/109 410/410/109 409/409/109 408/408/109 
f 410/410/110 413/413/110 412/412/110 411/411/110 
f 360/360/110 365/365/110 364/364/110 361/361/110 
f 413/413/109 363/363/109 362/362/109 414/414/109 
f 414/414/111 358/358/111 357/357/111 412/412/111 
f 411/411/111 355/355/111 354/354/111 409/409/111 
f 408/408/111 352/352/111 351/351/111 406/406/111 
f 405/405/111 349/349/111 348/348/111 403/403/111 
f 402/402/111 346/346/111 345/345/111 400/400/111 
f 399/399/111 343/343/111 342/342/111 397/397/111 
f 396/396/111 340/340/111 339/339/111 394/394/111 
f 393/393/111 337/337/111 336/336/111 391/391/111 
f 390/390/111 334/334/111 333/333/111 388/388/111 
f 387/387/111 331/331/111 330/330/111 385/385/111 
f 384/384/111 328/328/111 327/327/111 382/382/111 
f 381/381/111 325/325/111 324/324/111 379/379/111 
f 378/378/111 322/322/111 321/321/111 376/376/111 
f 375/375/111 319/319/111 318/318/111 373/373/111 
f 372/372/111 316/316/111 315/315/111 370/370/111 
f 369/369/112 313/313/112 312/312/112 367/367/112 
f 195/195/81 306/306/81 310/310/81 178/178/81 
o Cube:764
s 1
f 428/428/113 429/429/113 425/425/113 422/422/113 
f 419/419/114 416/416/114 430/430/114 427/427/114 
f 423/423/115 424/424/115 415/415/115 418/418/115 
f 421/421/116 422/422/116 423/423/116 
f 426/426/117 427/427/117 428/428/117 
f 426/426/118 420/420/118 419/419/118 427/427/118 
f 429/429/119 428/428/119 427/427/119 430/430/119 
f 421/421/120 426/426/120 428/428/120 422/422/120 
f 424/424/121 423/423/121 422/422/121 425/425/121 
f 417/417/122 421/421/122 423/423/122 418/418/122 
f 420/420/123 426/426/123 421/421/123 417/417/123 
f 444/444/113 445/445/113 441/441/113 438/438/113 
f 435/435/114 432/432/114 446/446/114 443/443/114 
f 439/439/115 440/440/115 431/431/115 434/434/115 
f 437/437/124 438/438/124 439/439/124 
f 442/442/125 443/443/125 444/444/125 
f 442/442/118 436/436/118 435/435/118 443/443/118 
f 445/445/119 444/444/119 443/443/119 446/446/119 
f 437/437/120 442/442/120 444/444/120 438/438/120 
f 440/440/121 439/439/121 438/438/121 441/441/121 
f 433/433/122 437/437/122 439/439/122 434/434/122 
f 436/436/123 442/442/123 437/437/123 433/433/123 
f 460/460/113 461/461/113 457/457/113 454/454/113 
f 451/451/114 448/448/114 462/462/114 459/459/114 
f 455/455/115 456/456/115 447/447/115 450/450/115 
f 453/453/126 454/454/126 455/455/126 
f 458/458/127 459/459/127 460/460/127 
f 458/458/118 452/452/118 451/451/118 459/459/118 
f 461/461/119 460/460/119 459/459/119 462/462/119 
f 453/453/128 458/458/128 460/460/128 454/454/128 
f 456/456/121 455/455/121 454/454/121 457/457/121 
f 449/449/122 453/453/122 455/455/122 450/450/122 
f 452/452/123 458/458/123 453/453/123 449/449/123 
f 476/476/113 477/477/113 473/473/113 470/470/113 
f 467/467/114 464/464/114 478/478/114 475/475/114 
f 471/471/115 472/472/115 463/463/115 466/466/115 
f 469/469/124 470/470/124 471/471/124 
f 474/474/117 475/475/117 476/476/117 
f 474/474/118 468/468/118 467/467/118 475/475/118 
f 477/477/119 476/476/119 475/475/119 478/478/119 
f 469/469/128 474/474/128 476/476/128 470/470/128 
f 472/472/121 471/471/121 470/470/121 473/473/121 
f 465/465/122 469/469/122 471/471/122 466/466/122 
f 468/468/123 474/474/123 469/469/123 465/465/123 
f 492/492/113 493/493/113 489/489/113 486/486/113 
f 483/483/114 480/480/114 494/494/114 491/491/114 
f 487/487/115 488/488/115 479/479/115 482/482/115 
f 485/485/124 486/486/124 487/487/124 
f 490/490/127 491/491/127 492/492/127 
f 490/490/118 484/484/118 483/483/118 491/491/118 
f 493/493/119 492/492/119 491/491/119 494/494/119 
f 485/485/120 490/490/120 492/492/120 486/486/120 
f 488/488/121 487/487/121 486/486/121 489/489/121 
f 481/481/122 485/485/122 487/487/122 482/482/122 
f 484/484/123 490/490/123 485/485/123 481/481/123 
f 508/508/113 509/509/113 505/505/113 502/502/113 
f 499/499/114 496/496/114 510/510/114 507/507/114 
f 503/503/115 504/504/115 495/495/115 498/498/115 
f 501/501/116 502/502/116 503/503/116 
f 506/506/127 507/507/127 508/508/127 
f 506/506/118 500/500/118 499/499/118 507/507/118 
f 509/509/119 508/508/119 507/507/119 510/510/119 
f 501/501/128 506/506/128 508/508/128 502/502/128 
f 504/504/121 503/503/121 502/502/121 505/505/121 
f 497/497/122 501/501/122 503/503/122 498/498/122 
f 500/500/123 506/506/123 501/501/123 497/497/123 
o Cube:766
s 1
f 524/524/129 525/525/129 521/521/129 518/518/129 
f 515/515/130 512/512/130 526/526/130 523/523/130 
f 519/519/131 520/520/131 511/511/131 514/514/131 
f 517/517/132 518/518/132 519/519/132 
f 522/522/133 523/523/133 524/524/133 
f 522/522/134 516/516/134 515/515/134 523/523/134 
f 525/525/135 524/524/135 523/523/135 526/526/135 
f 517/517/136 522/522/136 524/524/136 518/518/136 
f 520/520/137 519/519/137 518/518/137 521/521/137 
f 513/513/138 517/517/138 519/519/138 514/514/138 
f 516/516/139 522/522/139 517/517/139 513/513/139 
f 540/540/129 541/541/129 537/537/129 534/534/129 
f 531/531/130 528/528/130 542/542/130 539/539/130 
f 535/535/131 536/536/131 527/527/131 530/530/131 
f 533/533/132 534/534/132 535/535/132 
f 538/538/140 539/539/140 540/540/140 
f 538/538/134 532/532/134 531/531/134 539/539/134 
f 541/541/135 540/540/135 539/539/135 542/542/135 
f 533/533/136 538/538/136 540/540/136 534/534/136 
f 536/536/137 535/535/137 534/534/137 537/537/137 
f 529/529/138 533/533/138 535/535/138 530/530/138 
f 532/532/139 538/538/139 533/533/139 529/529/139 
f 556/556/129 550/550/129 553/553/129 557/557/129 
f 547/547/131 555/555/131 558/558/131 544/544/131 
f 551/551/130 546/546/130 543/543/130 552/552/130 
f 549/549/141 551/551/141 550/550/141 
f 554/554/142 556/556/142 555/555/142 
f 554/554/138 555/555/138 547/547/138 548/548/138 
f 557/557/137 558/558/137 555/555/137 556/556/137 
f 549/549/143 550/550/143 556/556/143 554/554/143 
f 552/552/135 553/553/135 550/550/135 551/551/135 
f 545/545/134 546/546/134 551/551/134 549/549/134 
f 548/548/139 545/545/139 549/549/139 554/554/139 
f 572/572/129 566/566/129 569/569/129 573/573/129 
f 563/563/131 571/571/131 574/574/131 560/560/131 
f 567/567/130 562/562/130 559/559/130 568/568/130 
f 565/565/144 567/567/144 566/566/144 
f 570/570/145 572/572/145 571/571/145 
f 570/570/138 571/571/138 563/563/138 564/564/138 
f 573/573/146 574/574/146 571/571/146 572/572/146 
f 565/565/143 566/566/143 572/572/143 570/570/143 
f 568/568/135 569/569/135 566/566/135 567/567/135 
f 561/561/134 562/562/134 567/567/134 565/565/134 
f 564/564/139 561/561/139 565/565/139 570/570/139 
o Cube:767
s 1
f 584/584/147 639/639/147 605/605/147 575/575/147 
f 654/654/148 594/594/148 598/598/148 648/648/148 
f 622/622/149 635/635/149 631/631/149 616/616/149 
f 588/588/150 623/623/150 640/640/150 583/583/150 
f 638/638/151 651/651/151 647/647/151 632/632/151 
f 592/592/152 577/577/152 582/1859/152 620/620/152 
f 609/609/153 603/603/153 599/599/153 611/611/153 
f 637/637/150 589/589/150 586/586/150 652/652/150 
f 621/621/154 581/581/154 590/590/154 636/636/154 
f 653/653/147 585/585/147 578/578/147 591/591/147 
f 596/596/152 618/618/152 612/612/152 602/602/152 
f 593/593/155 619/619/155 615/615/155 595/595/155 
f 625/625/156 610/610/156 614/614/156 627/627/156 
f 633/633/150 650/650/150 644/644/150 629/629/150 
f 641/641/157 626/626/157 630/630/157 643/643/157 
f 617/617/154 634/634/154 628/628/154 613/613/154 
f 649/649/147 597/597/147 601/601/147 645/645/147 
f 606/606/158 642/642/158 646/646/158 600/600/158 
f 580/580/154 607/607/154 624/624/154 587/587/154 
f 591/591/159 592/592/159 593/593/159 594/594/159 
f 595/595/160 596/596/160 597/597/160 598/598/160 
f 599/599/161 600/600/161 601/601/161 602/602/161 
f 603/603/162 604/604/162 605/605/162 606/606/162 
f 607/607/163 608/608/163 609/1857/163 610/610/163 
f 611/1852/164 612/1856/164 613/613/164 614/614/164 
f 615/1858/165 616/616/166 617/617/165 618/1855/166 
f 619/1851/167 620/1860/167 621/621/167 622/622/167 
f 623/623/168 624/624/168 625/625/168 626/626/168 
f 627/627/169 628/628/169 629/629/169 630/630/169 
f 631/631/170 632/632/170 633/633/170 634/634/170 
f 635/635/171 636/636/171 637/637/171 638/638/171 
f 639/639/172 640/640/172 641/641/172 642/642/172 
f 643/643/173 644/644/173 645/645/173 646/646/173 
f 647/647/174 648/648/174 649/649/174 650/650/174 
f 651/651/175 652/652/175 653/653/175 654/654/175 
f 647/647/176 651/651/176 654/654/176 648/648/176 
f 653/653/177 591/591/177 594/594/177 654/654/177 
f 593/593/178 595/595/178 598/598/178 594/594/178 
f 597/597/179 649/649/179 648/648/179 598/598/179 
f 599/599/180 603/603/180 606/606/180 600/600/180 
f 605/605/181 639/639/181 642/642/181 606/606/181 
f 641/641/182 643/643/182 646/646/182 642/642/182 
f 645/645/183 601/601/183 600/600/183 646/646/183 
f 631/631/184 635/635/184 638/638/184 632/632/184 
f 637/637/185 652/652/185 651/651/185 638/638/185 
f 650/650/186 633/633/186 632/632/186 647/647/186 
f 640/640/187 623/623/187 626/626/187 641/641/187 
f 625/625/188 627/627/188 630/630/188 626/626/188 
f 629/629/189 644/644/189 643/643/189 630/630/189 
f 615/1858/190 619/1851/190 622/622/190 616/616/190 
f 621/621/191 636/636/191 635/635/191 622/622/191 
f 634/634/192 617/617/192 616/616/192 631/631/192 
f 624/624/193 607/607/193 610/610/193 625/625/193 
f 609/1857/194 611/1852/194 614/614/194 610/610/194 
f 613/613/195 628/628/195 627/627/195 614/614/195 
f 592/592/196 620/620/196 619/619/196 593/593/196 
f 618/618/197 596/596/197 595/595/197 615/615/197 
f 608/1854/198 604/604/198 603/603/198 609/609/198 
f 602/602/199 612/612/199 611/611/199 599/599/199 
f 652/652/200 586/586/200 585/585/200 653/653/200 
f 577/577/201 592/592/201 591/591/201 578/578/201 
f 644/644/200 650/650/200 649/649/200 645/645/200 
f 596/596/202 602/602/202 601/601/202 597/597/202 
f 617/617/203 613/613/203 612/1856/203 618/1855/203 
f 581/581/204 621/621/204 620/1860/204 582/582/204 
f 583/583/200 640/640/200 639/639/200 584/584/200 
f 604/604/201 576/576/201 575/575/201 605/605/201 
f 607/607/204 580/580/204 579/1853/204 608/608/204 
f 633/633/205 629/629/205 628/628/205 634/634/205 
f 623/623/205 588/588/205 587/587/205 624/624/205 
f 589/589/205 637/637/205 636/636/205 590/590/205 
f 576/576/152 604/604/152 608/1854/152 579/579/152 
o Cylinder:112
s 1
f 945/945/206 1337/1337/206 1338/1338/206 958/958/206 
f 1297/1297/207 1298/1298/208 1398/1398/208 1401/1401/207 
f 1087/1087/209 695/695/209 750/750/210 1148/1148/210 
f 1244/1244/211 1243/1243/212 1089/1089/212 1165/1165/211 
f 1248/1248/213 1239/1239/214 1092/1092/214 1151/1151/213 
f 1093/1093/215 692/692/215 747/747/216 1150/1150/216 
f 1192/1192/217 1244/1244/211 1165/1165/211 1086/1086/217 
f 1237/1237/218 1252/1252/219 1153/1153/219 1096/1096/218 
f 1225/1225/220 1264/1264/221 1157/1157/221 1108/1108/220 
f 1250/1250/222 1237/1237/218 1096/1096/218 1143/1143/222 
f 1231/1231/223 1258/1258/224 1155/1155/224 1102/1102/223 
f 1142/1142/225 746/746/225 691/691/226 1094/1094/226 
f 1097/1097/227 690/690/227 746/746/225 1142/1142/225 
f 1252/1252/219 1235/1235/228 1098/1098/228 1153/1153/219 
f 1254/1254/229 1233/1233/230 1101/1101/230 1163/1163/229 
f 1256/1256/231 1231/1231/223 1102/1102/223 1145/1145/231 
f 1258/1258/224 1229/1229/232 1104/1104/232 1155/1155/224 
f 1235/1235/228 1254/1254/229 1163/1163/229 1098/1098/228 
f 1105/1105/233 686/686/233 742/742/234 1154/1154/234 
f 1260/1260/235 1227/1227/236 1107/1107/236 1161/1161/235 
f 1264/1264/221 1223/1223/237 1110/1110/237 1157/1157/221 
f 1111/1111/238 684/684/238 739/739/239 1156/1156/239 
f 1345/1345/206 1004/1004/206 1007/1007/206 1346/1346/206 
f 927/927/206 1303/1303/206 1304/1304/206 974/974/206 
f 1341/1341/206 1002/1002/206 1009/1009/206 1342/1342/206 
f 1336/1336/206 1000/1000/206 1011/1011/206 1339/1339/206 
f 765/765/240 670/670/240 1058/1058/240 1060/1060/240 
f 766/766/240 671/671/240 1056/1056/240 1062/1062/240 
f 767/767/240 672/672/240 1054/1054/240 1064/1064/240 
f 768/768/240 673/673/240 1052/1052/240 1066/1066/240 
f 769/769/240 674/674/240 1050/1050/240 1068/1068/240 
f 1332/1332/241 998/998/241 1013/1013/242 1334/1334/243 
f 1327/1327/206 994/994/206 1015/1015/244 1328/1328/244 
f 1323/1323/206 992/992/206 1017/1017/206 1324/1324/206 
f 1319/1319/206 990/990/206 1019/1019/206 1320/1320/206 
f 1315/1315/206 988/988/206 1021/1021/206 1316/1316/206 
f 770/770/240 676/676/240 1046/1046/240 1070/1070/240 
f 1311/1311/206 986/986/206 1023/1023/206 1312/1312/206 
f 771/771/240 677/677/240 1044/1044/240 1072/1072/240 
f 1307/1307/206 984/984/206 1025/1025/206 1308/1308/206 
f 772/772/240 678/678/240 1042/1042/240 1074/1074/240 
f 1302/1302/206 982/982/206 1027/1027/206 1305/1305/206 
f 773/773/240 679/679/240 1040/1040/240 1076/1076/240 
f 976/976/206 1301/1301/206 1303/1303/206 927/927/206 
f 774/774/240 680/680/240 1038/1038/240 1078/1078/240 
f 929/929/206 1306/1306/206 1309/1309/206 972/972/206 
f 1266/1266/245 1221/1221/246 1113/1113/246 1159/1159/245 
f 673/673/240 769/769/240 1068/1068/240 1052/1052/240 
f 681/681/240 776/776/240 1082/1082/240 1036/1036/240 
f 947/947/206 1340/1340/206 1343/1343/206 956/956/206 
f 931/931/206 1310/1310/206 1313/1313/206 970/970/206 
f 672/672/240 768/768/240 1066/1066/240 1054/1054/240 
f 680/680/240 775/775/240 1080/1080/240 1038/1038/240 
f 949/949/206 1344/1344/206 1347/1347/206 954/954/206 
f 933/933/206 1314/1314/206 1317/1317/206 968/968/206 
f 671/671/240 767/767/240 1064/1064/240 1056/1056/240 
f 679/679/240 774/774/240 1078/1078/240 1040/1040/240 
f 935/935/206 1318/1318/206 1321/1321/206 966/966/206 
f 678/678/240 773/773/240 1076/1076/240 1042/1042/240 
f 925/925/247 1032/1032/247 1061/1061/248 953/953/248 
f 943/943/249 1333/1333/249 1335/1335/250 960/960/250 
f 682/682/240 777/777/240 1084/1084/240 1034/1034/240 
f 777/777/240 669/669/240 1033/1033/240 1084/1084/240 
f 675/675/240 770/770/240 1070/1070/240 1048/1048/240 
f 939/939/206 1326/1326/206 1329/1329/251 962/962/251 
f 676/676/240 771/771/240 1072/1072/240 1046/1046/240 
f 937/937/206 1322/1322/206 1325/1325/206 964/964/206 
f 677/677/240 772/772/240 1074/1074/240 1044/1044/240 
f 924/924/206 1299/1299/206 1301/1301/206 976/976/206 
f 1227/1227/236 1262/1262/252 1147/1147/252 1107/1107/236 
f 1114/1114/253 1220/1220/253 1267/1267/254 1190/1190/254 
f 1139/1139/255 1193/1193/255 1269/1269/256 1166/1166/256 
f 1173/1173/257 1134/1134/258 1215/1215/258 1277/1277/257 
f 1138/1138/259 1167/1167/260 1271/1271/260 1219/1219/259 
f 1135/1135/261 1240/1240/261 1247/1247/262 1170/1170/262 
f 1133/1133/263 1238/1238/263 1249/1249/264 1172/1172/264 
f 1177/1177/265 1130/1130/266 1211/1211/266 1281/1281/265 
f 1179/1179/267 1128/1128/268 1209/1209/268 1283/1283/267 
f 1131/1131/269 1236/1236/269 1251/1251/270 1174/1174/270 
f 1181/1181/271 1126/1126/272 1207/1207/272 1285/1285/271 
f 1129/1129/273 1234/1234/273 1253/1253/274 1176/1176/274 
f 1183/1183/275 1124/1124/276 1205/1205/276 1287/1287/275 
f 1127/1127/277 1232/1232/277 1255/1255/278 1178/1178/278 
f 1185/1185/279 1122/1122/280 1203/1203/280 1289/1289/279 
f 1125/1125/281 1230/1230/281 1257/1257/282 1180/1180/282 
f 1187/1187/283 1120/1120/284 1201/1201/284 1291/1291/283 
f 1123/1123/285 1228/1228/285 1259/1259/286 1182/1182/286 
f 1189/1189/287 1118/1118/288 1199/1199/288 1293/1293/287 
f 1121/1121/289 1226/1226/289 1261/1261/290 1184/1184/291 
f 1191/1191/292 1116/1116/293 1197/1197/293 1295/1295/292 
f 1119/1119/294 1224/1224/294 1263/1263/295 1186/1186/295 
f 1116/1116/293 1189/1189/287 1293/1293/287 1197/1197/293 
f 1117/1117/296 1222/1222/296 1265/1265/297 1188/1188/297 
f 1169/1169/298 1138/1138/259 1219/1219/259 1273/1273/298 
f 722/722/240 856/856/240 890/890/240 781/781/240 
f 781/781/240 890/890/240 854/854/240 721/721/240 
f 724/724/299 726/726/299 805/805/300 778/778/300 
f 855/855/301 899/899/302 879/879/302 798/798/301 
f 838/838/303 907/907/304 878/878/304 796/796/303 
f 848/848/305 902/902/306 875/875/306 791/791/305 
f 846/846/307 903/903/308 874/874/308 801/801/307 
f 805/805/300 725/725/309 711/711/309 778/778/300 
f 723/723/310 727/727/310 806/806/311 779/779/311 
f 806/806/311 726/726/299 724/724/299 779/779/311 
f 722/722/312 728/728/312 807/807/313 780/780/313 
f 807/807/313 727/727/310 723/723/310 780/780/313 
f 721/721/314 729/729/314 808/808/315 781/781/315 
f 808/808/315 728/728/312 722/722/312 781/781/315 
f 716/716/316 734/734/316 812/812/317 785/785/317 
f 812/812/317 733/733/318 717/717/318 785/785/317 
f 715/715/319 735/735/319 813/813/320 786/786/320 
f 813/813/320 734/734/316 716/716/316 786/786/320 
f 714/714/321 736/736/321 814/814/322 787/787/322 
f 814/814/322 735/735/319 715/715/319 787/787/322 
f 713/713/323 737/737/323 815/815/324 788/788/324 
f 815/815/324 736/736/321 714/714/321 788/788/324 
f 714/714/240 841/841/240 883/883/240 788/788/240 
f 795/795/325 872/872/326 818/818/326 697/697/325 
f 788/788/240 883/883/240 839/839/240 713/713/240 
f 840/840/327 906/906/328 876/876/328 797/797/327 
f 723/723/240 836/836/240 891/891/240 780/780/240 
f 908/908/329 838/838/303 796/796/303 872/872/329 
f 780/780/240 891/891/240 856/856/240 722/722/240 
f 715/715/240 843/843/240 884/884/240 787/787/240 
f 905/905/330 844/844/331 800/800/331 873/873/330 
f 832/832/332 909/909/333 877/877/333 794/794/332 
f 787/787/240 884/884/240 841/841/240 714/714/240 
f 903/903/308 848/848/305 791/791/305 874/874/308 
f 902/902/306 850/850/334 792/792/334 875/875/306 
f 906/906/328 842/842/335 793/793/335 876/876/328 
f 835/835/336 908/908/329 872/872/329 795/795/336 
f 724/724/240 833/833/240 881/881/240 779/779/240 
f 909/909/333 835/835/336 795/795/336 877/877/333 
f 779/779/240 881/881/240 836/836/240 723/723/240 
f 716/716/240 845/845/240 885/885/240 786/786/240 
f 907/907/304 840/840/327 797/797/327 878/878/304 
f 842/842/335 905/905/330 873/873/330 793/793/335 
f 786/786/240 885/885/240 843/843/240 715/715/240 
f 899/899/302 857/857/337 799/799/337 879/879/302 
f 717/717/240 847/847/240 886/886/240 785/785/240 
f 853/853/338 900/900/339 896/896/339 803/803/338 
f 904/904/340 846/846/307 801/801/307 880/880/340 
f 785/785/240 886/886/240 845/845/240 716/716/240 
f 1006/1006/341 1005/1005/342 836/836/343 881/881/341 
f 985/985/344 1026/1026/345 882/882/345 839/839/344 
f 1026/1026/345 983/983/346 837/837/346 882/882/345 
f 987/987/347 1024/1024/348 883/883/348 841/841/347 
f 1024/1024/348 985/985/344 839/839/344 883/883/348 
f 989/989/349 1022/1022/350 884/884/350 843/843/349 
f 1022/1022/350 987/987/347 841/841/347 884/884/350 
f 991/991/351 1020/1020/352 885/885/352 845/845/351 
f 1020/1020/352 989/989/349 843/843/349 885/885/352 
f 993/993/353 1018/1018/354 886/886/354 847/847/353 
f 1018/1018/354 991/991/351 845/845/351 886/886/354 
f 995/995/355 1016/1016/356 887/887/356 849/849/355 
f 1016/1016/356 993/993/353 847/847/353 887/887/356 
f 997/997/357 1014/1014/358 888/888/358 851/851/357 
f 1014/1014/358 995/995/355 849/849/355 888/888/358 
f 1001/1001/359 1012/1012/360 889/889/360 854/854/359 
f 1012/1012/360 999/999/361 852/852/361 889/889/360 
f 1003/1003/362 1010/1010/363 890/890/363 856/856/362 
f 1010/1010/363 1001/1001/359 854/854/359 890/890/363 
f 1005/1005/342 1008/1008/364 891/891/364 836/836/343 
f 1008/1008/364 1003/1003/362 856/856/362 891/891/364 
f 981/981/365 1030/1030/366 892/892/366 834/834/365 
f 857/857/337 898/898/367 893/893/367 799/799/337 
f 713/713/240 839/839/240 882/882/240 789/789/240 
f 882/882/240 837/837/240 712/712/240 789/789/240 
f 721/721/240 854/854/240 889/889/240 782/782/240 
f 889/889/240 852/852/240 720/720/240 782/782/240 
f 712/712/240 837/837/240 897/897/240 790/790/240 
f 898/898/367 831/831/368 804/804/368 893/893/367 
f 790/790/240 897/897/240 834/834/240 711/711/240 
f 871/871/369 726/726/369 806/806/370 922/922/370 
f 850/850/334 901/901/371 895/895/371 792/792/334 
f 719/719/240 851/851/240 888/888/240 783/783/240 
f 888/888/240 849/849/240 718/718/240 783/783/240 
f 718/718/240 849/849/240 887/887/240 784/784/240 
f 887/887/240 847/847/240 717/717/240 784/784/240 
f 910/910/372 832/832/332 794/794/332 894/894/372 
f 831/831/368 910/910/372 894/894/372 804/804/368 
f 900/900/339 855/855/301 798/798/301 896/896/339 
f 844/844/331 904/904/340 880/880/340 800/800/331 
f 711/711/240 834/834/240 892/892/240 778/778/240 
f 892/892/240 833/833/240 724/724/240 778/778/240 
f 712/712/373 738/738/373 816/816/374 789/789/374 
f 789/789/374 816/816/374 737/737/323 713/713/323 
f 720/720/375 730/730/375 809/809/376 782/782/376 
f 782/782/376 809/809/376 729/729/314 721/721/314 
f 711/711/309 725/725/309 817/817/377 790/790/377 
f 790/790/377 817/817/377 738/738/373 712/712/373 
f 718/718/378 732/732/378 810/810/379 783/783/379 
f 783/783/379 810/810/379 731/731/380 719/719/380 
f 717/717/318 733/733/318 811/811/381 784/784/381 
f 784/784/381 811/811/381 732/732/378 718/718/378 
f 818/818/326 872/872/326 796/796/382 698/698/382 
f 796/796/382 878/878/383 819/819/383 698/698/382 
f 819/819/383 878/878/383 797/797/384 699/699/384 
f 797/797/384 876/876/385 820/820/385 699/699/384 
f 820/820/385 876/876/385 793/793/386 700/700/386 
f 793/793/386 873/873/387 821/821/387 700/700/386 
f 821/821/387 873/873/387 800/800/388 701/701/388 
f 800/800/388 880/880/389 822/822/389 701/701/388 
f 822/822/389 880/880/389 801/801/390 702/702/390 
f 801/801/390 874/874/391 823/823/391 702/702/390 
f 823/823/391 874/874/391 791/791/392 703/703/392 
f 791/791/392 875/875/393 824/824/393 703/703/392 
f 824/824/393 875/875/393 792/792/394 704/704/394 
f 792/792/394 895/895/395 825/825/395 704/704/394 
f 825/825/395 895/895/395 802/802/396 705/705/396 
f 803/803/397 896/896/398 826/826/398 706/706/397 
f 826/826/398 896/896/398 798/798/399 707/707/399 
f 707/707/399 798/798/399 879/879/400 827/827/400 
f 879/879/400 799/799/401 708/708/401 827/827/400 
f 799/799/401 893/893/402 828/828/402 708/708/401 
f 828/828/402 893/893/402 804/804/403 709/709/403 
f 804/804/403 894/894/404 829/829/404 709/709/403 
f 829/829/404 894/894/404 794/794/405 710/710/405 
f 794/794/405 877/877/406 830/830/406 710/710/405 
f 830/830/406 877/877/406 795/795/325 697/697/325 
f 983/983/346 1028/1028/407 897/897/407 837/837/346 
f 1028/1028/407 981/981/365 834/834/365 897/897/407 
f 1218/1218/408 1270/1270/409 910/910/409 831/831/408 
f 1216/1216/410 1272/1272/411 898/898/411 857/857/410 
f 1272/1272/411 1218/1218/408 831/831/408 898/898/411 
f 1276/1276/412 1214/1214/413 855/855/413 900/900/412 
f 1214/1214/413 1274/1274/414 899/899/414 855/855/413 
f 1212/1212/415 1276/1276/412 900/900/412 853/853/415 
f 1280/1280/416 1210/1210/417 850/850/417 902/902/416 
f 1210/1210/417 1278/1278/418 901/901/418 850/850/417 
f 1282/1282/419 1208/1208/420 848/848/420 903/903/419 
f 1208/1208/420 1280/1280/416 902/902/416 848/848/420 
f 1284/1284/421 1206/1206/422 846/846/422 904/904/421 
f 1206/1206/422 1282/1282/419 903/903/419 846/846/422 
f 1286/1286/423 1204/1204/424 844/844/424 905/905/423 
f 1204/1204/424 1284/1284/421 904/904/421 844/844/424 
f 1288/1288/425 1202/1202/426 842/842/426 906/906/425 
f 1202/1202/426 1286/1286/423 905/905/423 842/842/426 
f 1290/1290/427 1200/1200/428 840/840/428 907/907/427 
f 1200/1200/428 1288/1288/425 906/906/425 840/840/428 
f 1292/1292/429 1198/1198/430 838/838/430 908/908/429 
f 1198/1198/430 1290/1290/427 907/907/427 838/838/430 
f 1294/1294/431 1196/1196/432 835/835/432 909/909/431 
f 1196/1196/432 1292/1292/429 908/908/429 835/835/432 
f 1195/1195/433 1294/1294/431 909/909/431 832/832/433 
f 1274/1274/414 1216/1216/410 857/857/410 899/899/414 
f 859/859/434 738/738/434 817/817/435 911/911/435 
f 911/911/435 817/817/435 725/725/436 858/858/436 
f 858/858/436 725/725/436 805/805/437 923/923/437 
f 912/912/438 816/816/438 738/738/434 859/859/434 
f 861/861/439 736/736/439 815/815/440 913/913/440 
f 913/913/440 815/815/440 737/737/441 860/860/441 
f 862/862/442 735/735/442 814/814/443 914/914/443 
f 914/914/443 814/814/443 736/736/439 861/861/439 
f 863/863/444 734/734/444 813/813/445 915/915/445 
f 915/915/445 813/813/445 735/735/442 862/862/442 
f 864/864/446 733/733/446 812/812/447 916/916/447 
f 916/916/447 812/812/447 734/734/444 863/863/444 
f 865/865/448 732/732/448 811/811/449 917/917/449 
f 917/917/449 811/811/449 733/733/446 864/864/446 
f 866/866/450 731/731/450 810/810/451 918/918/451 
f 918/918/451 810/810/451 732/732/448 865/865/448 
f 868/868/452 729/729/452 809/809/453 919/919/453 
f 919/919/453 809/809/453 730/730/454 867/867/454 
f 869/869/455 728/728/455 808/808/456 920/920/456 
f 920/920/456 808/808/456 729/729/452 868/868/452 
f 870/870/457 727/727/457 807/807/458 921/921/458 
f 921/921/458 807/807/458 728/728/455 869/869/455 
f 922/922/370 806/806/370 727/727/457 870/870/457 
f 1030/1030/366 978/978/459 833/833/459 892/892/366 
f 923/923/437 805/805/437 726/726/369 871/871/369 
f 670/670/240 766/766/240 1062/1062/240 1058/1058/240 
f 775/775/240 681/681/240 1036/1036/240 1080/1080/240 
f 957/957/460 1065/1065/460 1055/1055/461 946/946/461 
f 971/971/462 1079/1079/462 1039/1039/463 930/930/463 
f 944/944/464 1053/1053/464 1069/1069/465 961/961/465 
f 928/928/466 1037/1037/466 1083/1083/467 975/975/467 
f 955/955/468 1063/1063/468 1057/1057/469 948/948/469 
f 969/969/470 1077/1077/470 1041/1041/471 932/932/471 
f 946/946/461 1055/1055/461 1067/1067/472 959/959/472 
f 930/930/463 1039/1039/463 1081/1081/473 973/973/473 
f 953/953/248 1061/1061/248 1059/1059/474 950/950/474 
f 967/967/475 1075/1075/475 1043/1043/476 934/934/476 
f 948/948/469 1057/1057/469 1065/1065/460 957/957/460 
f 932/932/471 1041/1041/471 1079/1079/462 971/971/462 
f 977/977/477 1085/1085/477 1032/1032/247 925/925/247 
f 965/965/478 1073/1073/478 1045/1045/479 936/936/479 
f 950/950/474 1059/1059/474 1063/1063/468 955/955/468 
f 934/934/476 1043/1043/476 1077/1077/470 969/969/470 
f 973/973/473 1081/1081/473 1037/1037/466 928/928/466 
f 959/959/472 1067/1067/472 1053/1053/464 944/944/464 
f 926/926/480 1035/1035/480 1085/1085/477 977/977/477 
f 975/975/467 1083/1083/467 1035/1035/480 926/926/480 
f 776/776/240 682/682/240 1034/1034/240 1082/1082/240 
f 961/961/465 1069/1069/465 1051/1051/481 942/942/481 
f 940/940/482 1049/1049/482 1071/1071/483 963/963/483 
f 938/938/484 1047/1047/484 1073/1073/478 965/965/478 
f 963/963/483 1071/1071/483 1047/1047/484 938/938/484 
f 936/936/479 1045/1045/479 1075/1075/475 967/967/475 
f 670/670/485 765/765/486 764/764/486 668/668/485 
f 765/765/486 669/669/487 655/655/487 764/764/486 
f 681/681/488 775/775/489 754/754/489 657/657/488 
f 775/775/489 680/680/490 658/658/490 754/754/489 
f 680/680/490 774/774/491 755/755/491 658/658/490 
f 774/774/491 679/679/492 659/659/492 755/755/491 
f 679/679/492 773/773/493 756/756/493 659/659/492 
f 773/773/493 678/678/494 660/660/494 756/756/493 
f 678/678/494 772/772/495 757/757/495 660/660/494 
f 772/772/495 677/677/496 661/661/496 757/757/495 
f 677/677/496 771/771/497 758/758/497 661/661/496 
f 771/771/497 676/676/498 662/662/498 758/758/497 
f 676/676/498 770/770/499 759/759/499 662/662/498 
f 770/770/499 675/675/500 663/663/500 759/759/499 
f 674/674/501 769/769/502 760/760/502 664/664/501 
f 769/769/502 673/673/503 665/665/503 760/760/502 
f 673/673/503 768/768/504 761/761/504 665/665/503 
f 768/768/504 672/672/505 666/666/505 761/761/504 
f 672/672/505 767/767/506 762/762/506 666/666/505 
f 767/767/506 671/671/507 667/667/507 762/762/506 
f 671/671/507 766/766/508 763/763/508 667/667/507 
f 766/766/508 670/670/485 668/668/485 763/763/508 
f 669/669/487 777/777/509 752/752/509 655/655/487 
f 777/777/509 682/682/510 656/656/510 752/752/509 
f 682/682/510 776/776/511 753/753/511 656/656/510 
f 776/776/511 681/681/488 657/657/488 753/753/511 
f 860/860/441 737/737/441 816/816/438 912/912/438 
f 1148/1148/210 750/750/210 696/696/512 1112/1112/512 
f 1118/1118/288 1187/1187/283 1291/1291/283 1199/1199/288 
f 1270/1270/409 1195/1195/433 832/832/433 910/910/409 
f 1115/1115/513 1191/1191/292 1295/1295/292 1194/1194/513 
f 1221/1221/246 1268/1268/514 1149/1149/514 1113/1113/246 
f 1158/1158/515 751/751/515 684/684/238 1111/1111/238 
f 1109/1109/516 683/683/516 740/740/517 1146/1146/517 
f 1241/1241/518 1248/1248/213 1151/1151/213 1090/1090/518 
f 1160/1160/519 741/741/519 686/686/233 1105/1105/233 
f 1103/1103/520 687/687/520 743/743/521 1144/1144/521 
f 1100/1100/522 688/688/522 744/744/523 1162/1162/523 
f 1099/1099/524 689/689/524 745/745/525 1152/1152/525 
f 1162/1162/523 744/744/523 689/689/524 1099/1099/524 
f 1229/1229/232 1260/1260/235 1161/1161/235 1104/1104/232 
f 1106/1106/526 685/685/526 741/741/519 1160/1160/519 
f 1262/1262/252 1225/1225/220 1108/1108/220 1147/1147/252 
f 1223/1223/237 1266/1266/245 1159/1159/245 1110/1110/237 
f 1167/1167/260 1115/1115/513 1194/1194/513 1271/1271/260 
f 1268/1268/514 1192/1192/217 1086/1086/217 1149/1149/514 
f 1156/1156/239 739/739/239 683/683/516 1109/1109/516 
f 1146/1146/517 740/740/517 685/685/526 1106/1106/526 
f 1243/1243/212 1246/1246/527 1141/1141/527 1089/1089/212 
f 1150/1150/216 747/747/216 693/693/528 1091/1091/528 
f 1140/1140/529 748/748/529 694/694/530 1088/1088/530 
f 1233/1233/230 1256/1256/231 1145/1145/231 1101/1101/230 
f 1154/1154/234 742/742/234 687/687/520 1103/1103/520 
f 1144/1144/521 743/743/521 688/688/522 1100/1100/522 
f 1088/1088/530 694/694/530 749/749/531 1164/1164/531 
f 1246/1246/527 1241/1241/518 1090/1090/518 1141/1141/527 
f 1164/1164/531 749/749/531 695/695/209 1087/1087/209 
f 1112/1112/512 696/696/512 751/751/515 1158/1158/515 
f 1152/1152/525 745/745/525 690/690/227 1097/1097/227 
f 1091/1091/528 693/693/528 748/748/529 1140/1140/529 
f 1120/1120/284 1185/1185/279 1289/1289/279 1201/1201/284 
f 1190/1190/254 1267/1267/254 1222/1222/296 1117/1117/296 
f 1122/1122/280 1183/1183/275 1287/1287/275 1203/1203/280 
f 1188/1188/297 1265/1265/297 1224/1224/294 1119/1119/294 
f 1124/1124/276 1181/1181/271 1285/1285/271 1205/1205/276 
f 1186/1186/295 1263/1263/295 1226/1226/289 1121/1121/289 
f 1126/1126/272 1179/1179/267 1283/1283/267 1207/1207/272 
f 1184/1184/291 1261/1261/290 1228/1228/285 1123/1123/285 
f 1128/1128/268 1177/1177/265 1281/1281/265 1209/1209/268 
f 1182/1182/286 1259/1259/286 1230/1230/281 1125/1125/281 
f 1130/1130/266 1175/1175/532 1279/1279/532 1211/1211/266 
f 1180/1180/282 1257/1257/282 1232/1232/277 1127/1127/277 
f 1178/1178/278 1255/1255/278 1234/1234/273 1129/1129/273 
f 1176/1176/274 1253/1253/274 1236/1236/269 1131/1131/269 
f 1132/1132/533 1173/1173/257 1277/1277/257 1213/1213/533 
f 1134/1134/258 1171/1171/534 1275/1275/534 1215/1215/258 
f 1137/1137/535 1242/1242/536 1245/1245/537 1168/1168/537 
f 1136/1136/538 1169/1169/298 1273/1273/298 1217/1217/538 
f 1172/1172/264 1249/1249/264 1240/1240/261 1135/1135/261 
f 1170/1170/262 1247/1247/262 1242/1242/536 1137/1137/535 
f 1166/1166/256 1269/1269/256 1220/1220/253 1114/1114/253 
f 1168/1168/537 1245/1245/537 1193/1193/255 1139/1139/255 
f 978/978/459 1006/1006/341 881/881/341 833/833/459 
f 951/951/539 952/952/540 953/953/541 950/950/542 
f 952/952/540 924/924/543 925/925/544 953/953/541 
f 949/949/545 954/954/546 955/955/546 948/948/545 
f 954/954/546 951/951/539 950/950/542 955/955/546 
f 947/947/547 956/956/548 957/957/548 946/946/547 
f 956/956/548 949/949/545 948/948/545 957/957/548 
f 945/945/549 958/958/550 959/959/550 944/944/551 
f 958/958/550 947/947/547 946/946/547 959/959/550 
f 943/943/552 960/960/553 961/961/554 942/942/552 
f 960/960/553 945/945/549 944/944/551 961/961/554 
f 939/939/555 962/962/556 963/963/556 938/938/555 
f 962/962/556 941/941/557 940/940/557 963/963/556 
f 937/937/558 964/964/559 965/965/560 936/936/561 
f 964/964/559 939/939/555 938/938/555 965/965/560 
f 935/935/562 966/966/563 967/967/563 934/934/562 
f 966/966/563 937/937/558 936/936/561 967/967/563 
f 933/933/564 968/968/565 969/969/565 932/932/566 
f 968/968/565 935/935/562 934/934/562 969/969/565 
f 931/931/567 970/970/568 971/971/568 930/930/569 
f 970/970/568 933/933/564 932/932/566 971/971/568 
f 929/929/570 972/972/571 973/973/572 928/928/570 
f 972/972/571 931/931/567 930/930/569 973/973/572 
f 927/927/573 974/974/574 975/975/574 926/926/575 
f 974/974/574 929/929/570 928/928/570 975/975/574 
f 924/924/543 976/976/576 977/977/576 925/925/544 
f 976/976/576 927/927/573 926/926/575 977/977/576 
f 1005/1005/577 1006/1006/578 1007/1007/578 1004/1004/579 
f 979/979/580 1007/1007/578 1006/1006/578 978/978/580 
f 1003/1003/581 1008/1008/582 1009/1009/582 1002/1002/583 
f 1004/1004/579 1009/1009/582 1008/1008/582 1005/1005/577 
f 1001/1001/584 1010/1010/585 1011/1011/586 1000/1000/587 
f 1002/1002/583 1011/1011/586 1010/1010/585 1003/1003/581 
f 999/999/588 1012/1012/589 1013/1013/590 998/998/588 
f 1000/1000/587 1013/1013/590 1012/1012/589 1001/1001/584 
f 995/995/591 1014/1014/592 1015/1015/592 994/994/593 
f 996/996/594 1015/1015/592 1014/1014/592 997/997/594 
f 993/993/595 1016/1016/596 1017/1017/596 992/992/597 
f 994/994/593 1017/1017/596 1016/1016/596 995/995/591 
f 991/991/598 1018/1018/599 1019/1019/599 990/990/598 
f 992/992/597 1019/1019/599 1018/1018/599 993/993/595 
f 989/989/600 1020/1020/601 1021/1021/601 988/988/600 
f 990/990/598 1021/1021/601 1020/1020/601 991/991/598 
f 987/987/602 1022/1022/603 1023/1023/603 986/986/604 
f 988/988/600 1023/1023/603 1022/1022/603 989/989/600 
f 985/985/605 1024/1024/606 1025/1025/606 984/984/607 
f 986/986/604 1025/1025/606 1024/1024/606 987/987/602 
f 983/983/608 1026/1026/609 1027/1027/609 982/982/610 
f 984/984/607 1027/1027/609 1026/1026/609 985/985/605 
f 981/981/611 1028/1028/612 1029/1029/613 980/980/611 
f 982/982/610 1029/1029/613 1028/1028/612 983/983/608 
f 978/978/580 1030/1030/614 1031/1031/615 979/979/580 
f 980/980/611 1031/1031/615 1030/1030/614 981/981/611 
f 952/952/206 951/951/206 1348/1348/206 1296/1296/206 
f 1033/1033/616 1060/1060/617 1061/1061/617 1032/1032/616 
f 1060/1060/617 1058/1058/618 1059/1059/618 1061/1061/617 
f 1058/1058/618 1062/1062/619 1063/1063/619 1059/1059/618 
f 1062/1062/619 1056/1056/620 1057/1057/620 1063/1063/619 
f 1056/1056/620 1064/1064/621 1065/1065/622 1057/1057/620 
f 1064/1064/621 1054/1054/623 1055/1055/623 1065/1065/622 
f 1054/1054/623 1066/1066/624 1067/1067/624 1055/1055/623 
f 1066/1066/624 1052/1052/625 1053/1053/625 1067/1067/624 
f 1052/1052/625 1068/1068/626 1069/1069/627 1053/1053/625 
f 1068/1068/626 1050/1050/628 1051/1051/628 1069/1069/627 
f 1048/1048/629 1070/1070/630 1071/1071/631 1049/1049/629 
f 1070/1070/630 1046/1046/632 1047/1047/633 1071/1071/631 
f 1046/1046/632 1072/1072/634 1073/1073/634 1047/1047/633 
f 1072/1072/634 1044/1044/635 1045/1045/635 1073/1073/634 
f 1044/1044/635 1074/1074/636 1075/1075/636 1045/1045/635 
f 1074/1074/636 1042/1042/637 1043/1043/637 1075/1075/636 
f 1042/1042/637 1076/1076/638 1077/1077/638 1043/1043/637 
f 1076/1076/638 1040/1040/639 1041/1041/640 1077/1077/638 
f 1040/1040/639 1078/1078/641 1079/1079/642 1041/1041/640 
f 1078/1078/641 1038/1038/643 1039/1039/644 1079/1079/642 
f 1038/1038/643 1080/1080/645 1081/1081/646 1039/1039/644 
f 1080/1080/645 1036/1036/647 1037/1037/648 1081/1081/646 
f 1036/1036/647 1082/1082/649 1083/1083/649 1037/1037/648 
f 1082/1082/649 1034/1034/650 1035/1035/651 1083/1083/649 
f 1034/1034/650 1084/1084/652 1085/1085/652 1035/1035/651 
f 1084/1084/652 1033/1033/616 1032/1032/616 1085/1085/652 
f 669/669/240 765/765/240 1060/1060/240 1033/1033/240 
f 1171/1171/534 1136/1136/538 1217/1217/538 1275/1275/534 
f 1091/1091/653 1140/1140/654 1141/1141/654 1090/1090/653 
f 1140/1140/654 1088/1088/655 1089/1089/656 1141/1141/654 
f 1097/1097/657 1142/1142/658 1143/1143/658 1096/1096/659 
f 1142/1142/658 1094/1094/660 1095/1095/660 1143/1143/658 
f 1103/1103/661 1144/1144/662 1145/1145/663 1102/1102/664 
f 1144/1144/662 1100/1100/665 1101/1101/665 1145/1145/663 
f 1109/1109/666 1146/1146/667 1147/1147/667 1108/1108/666 
f 1146/1146/667 1106/1106/668 1107/1107/668 1147/1147/667 
f 1087/1087/669 1148/1148/670 1149/1149/670 1086/1086/669 
f 1148/1148/670 1112/1112/671 1113/1113/671 1149/1149/670 
f 1093/1093/672 1150/1150/673 1151/1151/674 1092/1092/672 
f 1150/1150/673 1091/1091/653 1090/1090/653 1151/1151/674 
f 1099/1099/675 1152/1152/676 1153/1153/676 1098/1098/675 
f 1152/1152/676 1097/1097/657 1096/1096/659 1153/1153/676 
f 1105/1105/677 1154/1154/678 1155/1155/679 1104/1104/680 
f 1154/1154/678 1103/1103/661 1102/1102/664 1155/1155/679 
f 1111/1111/681 1156/1156/682 1157/1157/682 1110/1110/681 
f 1156/1156/682 1109/1109/666 1108/1108/666 1157/1157/682 
f 1112/1112/671 1158/1158/683 1159/1159/684 1113/1113/671 
f 1158/1158/683 1111/1111/681 1110/1110/681 1159/1159/684 
f 1106/1106/668 1160/1160/685 1161/1161/686 1107/1107/668 
f 1160/1160/685 1105/1105/677 1104/1104/680 1161/1161/686 
f 1100/1100/665 1162/1162/687 1163/1163/688 1101/1101/665 
f 1162/1162/687 1099/1099/675 1098/1098/675 1163/1163/688 
f 1088/1088/655 1164/1164/689 1165/1165/690 1089/1089/656 
f 1164/1164/689 1087/1087/669 1086/1086/669 1165/1165/690 
f 1139/1139/691 1166/1166/692 1167/1167/692 1138/1138/691 
f 1166/1166/692 1114/1114/693 1115/1115/693 1167/1167/692 
f 1137/1137/694 1168/1168/695 1169/1169/695 1136/1136/696 
f 1168/1168/695 1139/1139/691 1138/1138/691 1169/1169/695 
f 1135/1135/697 1170/1170/698 1171/1171/699 1134/1134/697 
f 1170/1170/698 1137/1137/694 1136/1136/696 1171/1171/699 
f 1133/1133/700 1172/1172/701 1173/1173/701 1132/1132/700 
f 1172/1172/701 1135/1135/697 1134/1134/697 1173/1173/701 
f 1131/1131/702 1174/1174/703 1175/1175/703 1130/1130/702 
f 1129/1129/704 1176/1176/705 1177/1177/706 1128/1128/707 
f 1176/1176/705 1131/1131/702 1130/1130/702 1177/1177/706 
f 1127/1127/708 1178/1178/709 1179/1179/710 1126/1126/711 
f 1178/1178/709 1129/1129/704 1128/1128/707 1179/1179/710 
f 1125/1125/712 1180/1180/713 1181/1181/714 1124/1124/715 
f 1180/1180/713 1127/1127/708 1126/1126/711 1181/1181/714 
f 1123/1123/716 1182/1182/717 1183/1183/718 1122/1122/716 
f 1182/1182/717 1125/1125/712 1124/1124/715 1183/1183/718 
f 1121/1121/719 1184/1184/720 1185/1185/720 1120/1120/721 
f 1184/1184/720 1123/1123/716 1122/1122/716 1185/1185/720 
f 1119/1119/722 1186/1186/723 1187/1187/724 1118/1118/725 
f 1186/1186/723 1121/1121/719 1120/1120/721 1187/1187/724 
f 1117/1117/726 1188/1188/727 1189/1189/727 1116/1116/726 
f 1188/1188/727 1119/1119/722 1118/1118/725 1189/1189/727 
f 1114/1114/693 1190/1190/728 1191/1191/729 1115/1115/693 
f 1190/1190/728 1117/1117/726 1116/1116/726 1191/1191/729 
f 1243/1243/730 1244/1244/731 1245/1245/731 1242/1242/732 
f 1193/1193/733 1245/1245/731 1244/1244/731 1192/1192/734 
f 1241/1241/735 1246/1246/736 1247/1247/736 1240/1240/737 
f 1242/1242/732 1247/1247/736 1246/1246/736 1243/1243/730 
f 1239/1239/738 1248/1248/739 1249/1249/739 1238/1238/738 
f 1240/1240/737 1249/1249/739 1248/1248/739 1241/1241/735 
f 1237/1237/740 1250/1250/741 1251/1251/741 1236/1236/742 
f 1235/1235/743 1252/1252/744 1253/1253/745 1234/1234/743 
f 1236/1236/742 1253/1253/745 1252/1252/744 1237/1237/740 
f 1233/1233/746 1254/1254/747 1255/1255/747 1232/1232/746 
f 1234/1234/743 1255/1255/747 1254/1254/747 1235/1235/743 
f 1231/1231/748 1256/1256/749 1257/1257/750 1230/1230/748 
f 1232/1232/746 1257/1257/750 1256/1256/749 1233/1233/746 
f 1229/1229/751 1258/1258/752 1259/1259/753 1228/1228/751 
f 1230/1230/748 1259/1259/753 1258/1258/752 1231/1231/748 
f 1227/1227/754 1260/1260/755 1261/1261/755 1226/1226/754 
f 1228/1228/751 1261/1261/755 1260/1260/755 1229/1229/751 
f 1225/1225/756 1262/1262/757 1263/1263/757 1224/1224/758 
f 1226/1226/754 1263/1263/757 1262/1262/757 1227/1227/754 
f 1223/1223/759 1264/1264/760 1265/1265/761 1222/1222/759 
f 1224/1224/758 1265/1265/761 1264/1264/760 1225/1225/756 
f 1221/1221/762 1266/1266/763 1267/1267/764 1220/1220/762 
f 1222/1222/759 1267/1267/764 1266/1266/763 1223/1223/759 
f 1192/1192/734 1268/1268/765 1269/1269/766 1193/1193/733 
f 1220/1220/762 1269/1269/766 1268/1268/765 1221/1221/762 
f 1195/1195/767 1270/1270/768 1271/1271/768 1194/1194/769 
f 1219/1219/770 1271/1271/768 1270/1270/768 1218/1218/771 
f 1218/1218/771 1272/1272/772 1273/1273/773 1219/1219/770 
f 1217/1217/774 1273/1273/773 1272/1272/772 1216/1216/774 
f 1216/1216/774 1274/1274/775 1275/1275/775 1217/1217/774 
f 1215/1215/776 1275/1275/775 1274/1274/775 1214/1214/776 
f 1214/1214/776 1276/1276/777 1277/1277/778 1215/1215/776 
f 1213/1213/779 1277/1277/778 1276/1276/777 1212/1212/779 
f 1211/1211/780 1279/1279/781 1278/1278/781 1210/1210/782 
f 1210/1210/782 1280/1280/783 1281/1281/784 1211/1211/780 
f 1209/1209/785 1281/1281/784 1280/1280/783 1208/1208/785 
f 1208/1208/785 1282/1282/786 1283/1283/787 1209/1209/785 
f 1207/1207/788 1283/1283/787 1282/1282/786 1206/1206/789 
f 1206/1206/789 1284/1284/790 1285/1285/790 1207/1207/788 
f 1205/1205/791 1285/1285/790 1284/1284/790 1204/1204/791 
f 1204/1204/791 1286/1286/792 1287/1287/793 1205/1205/791 
f 1203/1203/794 1287/1287/793 1286/1286/792 1202/1202/795 
f 1202/1202/795 1288/1288/796 1289/1289/796 1203/1203/794 
f 1201/1201/797 1289/1289/796 1288/1288/796 1200/1200/797 
f 1200/1200/797 1290/1290/798 1291/1291/799 1201/1201/797 
f 1199/1199/800 1291/1291/799 1290/1290/798 1198/1198/800 
f 1198/1198/800 1292/1292/801 1293/1293/801 1199/1199/800 
f 1197/1197/802 1293/1293/801 1292/1292/801 1196/1196/802 
f 1196/1196/802 1294/1294/803 1295/1295/803 1197/1197/802 
f 1194/1194/769 1295/1295/803 1294/1294/803 1195/1195/767 
f 1297/1297/206 1349/1349/206 979/979/206 1031/1031/206 
f 952/952/206 1296/1296/206 1299/1299/206 924/924/206 
f 964/964/206 1325/1325/206 1326/1326/206 939/939/206 
f 962/962/251 1329/1329/251 1330/1330/804 941/941/804 
f 960/960/250 1335/1335/250 1337/1337/206 945/945/206 
f 966/966/206 1321/1321/206 1322/1322/206 937/937/206 
f 968/968/206 1317/1317/206 1318/1318/206 935/935/206 
f 954/954/206 1347/1347/206 1348/1348/206 951/951/206 
f 970/970/206 1313/1313/206 1314/1314/206 933/933/206 
f 956/956/206 1343/1343/206 1344/1344/206 949/949/206 
f 972/972/206 1309/1309/206 1310/1310/206 931/931/206 
f 1298/1298/206 980/980/206 1029/1029/206 1300/1300/206 
f 1300/1300/206 1029/1029/206 982/982/206 1302/1302/206 
f 1305/1305/206 1027/1027/206 984/984/206 1307/1307/206 
f 1308/1308/206 1025/1025/206 986/986/206 1311/1311/206 
f 1312/1312/206 1023/1023/206 988/988/206 1315/1315/206 
f 1316/1316/206 1021/1021/206 990/990/206 1319/1319/206 
f 1320/1320/206 1019/1019/206 992/992/206 1323/1323/206 
f 1324/1324/206 1017/1017/206 994/994/206 1327/1327/206 
f 1328/1328/244 1015/1015/244 996/996/805 1331/1331/805 
f 1334/1334/243 1013/1013/242 1000/1000/206 1336/1336/206 
f 1339/1339/206 1011/1011/206 1002/1002/206 1341/1341/206 
f 974/974/206 1304/1304/206 1306/1306/206 929/929/206 
f 1342/1342/206 1009/1009/206 1004/1004/206 1345/1345/206 
f 1346/1346/206 1007/1007/206 979/979/206 1349/1349/206 
f 958/958/206 1338/1338/206 1340/1340/206 947/947/206 
f 1331/1331/208 1330/1330/208 1448/1448/208 1449/1449/208 1446/1446/208 1447/1447/208 
f 1400/1400/206 1399/1399/206 1397/1397/206 1402/1402/206 
f 1304/1304/806 1303/1303/807 1440/1440/807 1443/1443/806 
f 1332/1332/808 1334/1334/809 1370/1370/810 1372/1372/808 
f 1343/1343/811 1340/1340/812 1418/1418/812 1424/1424/811 
f 1342/1342/813 1345/1345/814 1404/1404/814 1422/1422/813 
f 1341/1341/815 1342/1342/813 1422/1422/813 1420/1420/815 
f 1334/1334/809 1336/1336/816 1450/1450/816 1370/1370/810 
f 1429/1429/206 1430/1430/206 1432/1432/206 1426/1426/206 
f 1378/1378/206 1446/1446/206 1449/1449/206 1377/1377/206 
f 1371/1371/206 1451/1451/206 1453/1453/206 1368/1368/206 
f 1328/1328/817 1331/1331/818 1447/1447/818 1379/1379/819 
f 1435/1435/206 1438/1438/206 1441/1441/206 1437/1437/206 
f 1333/1333/820 1332/1332/820 1372/1372/820 1373/1373/820 1374/1374/820 1375/1375/820 
f 1386/1386/206 1381/1381/206 1382/1382/206 1384/1384/206 
f 1339/1339/821 1341/1341/815 1420/1420/815 1457/1457/821 
f 1381/1381/206 1378/1378/206 1377/1377/206 1382/1382/206 
f 1451/1451/206 1456/1456/206 1454/1454/206 1453/1453/206 
f 1323/1323/822 1324/1324/823 1387/1387/823 1388/1388/822 
f 1306/1306/824 1304/1304/806 1443/1443/806 1427/1427/824 
f 1327/1327/825 1328/1328/817 1379/1379/819 1380/1380/825 
f 1389/1389/206 1386/1386/206 1384/1384/206 1391/1391/206 
f 1346/1346/826 1349/1349/827 1392/1392/827 1407/1407/826 
f 1311/1311/828 1312/1312/829 1415/1415/829 1413/1413/828 
f 1326/1326/830 1325/1325/831 1385/1385/831 1383/1383/830 
f 1362/1362/206 1389/1389/206 1391/1391/206 1360/1360/206 
f 1297/1297/206 1031/1031/206 980/980/206 1298/1298/206 
f 1349/1349/827 1297/1297/207 1401/1401/207 1392/1392/827 
f 1325/1325/831 1322/1322/832 1390/1390/832 1385/1385/831 
f 1329/1329/833 1326/1326/830 1383/1383/830 1376/1376/834 
f 1337/1337/835 1335/1335/836 1369/1369/837 1452/1452/835 
f 1322/1322/832 1321/1321/838 1361/1361/838 1390/1390/832 
f 1317/1317/839 1314/1314/840 1358/1358/840 1352/1352/839 
f 1423/1423/206 1405/1405/206 1351/1351/206 1425/1425/206 
f 1313/1313/841 1310/1310/842 1411/1411/842 1416/1416/841 
f 1456/1456/206 1421/1421/206 1419/1419/206 1454/1454/206 
f 1305/1305/843 1307/1307/844 1428/1428/844 1444/1444/843 
f 1299/1299/845 1296/1296/846 1403/1403/846 1396/1396/845 
f 1300/1300/847 1302/1302/848 1439/1439/848 1434/1434/847 
f 1309/1309/849 1306/1306/824 1427/1427/824 1433/1433/849 
f 1412/1412/206 1414/1414/206 1417/1417/206 1410/1410/206 
f 1314/1314/840 1313/1313/841 1416/1416/841 1358/1358/840 
f 1357/1357/206 1354/1354/206 1353/1353/206 1359/1359/206 
f 1320/1320/850 1323/1323/822 1388/1388/822 1363/1363/850 
f 1324/1324/823 1327/1327/825 1380/1380/825 1387/1387/823 
f 1330/1330/851 1329/1329/833 1376/1376/834 1448/1448/851 
f 1335/1335/836 1333/1333/852 1375/1375/852 1369/1369/837 
f 1340/1340/812 1338/1338/853 1455/1455/853 1418/1418/812 
f 1302/1302/848 1305/1305/843 1444/1444/843 1439/1439/848 
f 1344/1344/854 1343/1343/811 1424/1424/811 1350/1350/854 
f 1393/1393/206 1400/1400/206 1402/1402/206 1395/1395/206 
f 1336/1336/816 1339/1339/821 1457/1457/821 1450/1450/816 
f 1303/1303/807 1301/1301/855 1436/1436/855 1440/1440/807 
f 1373/1373/206 1371/1371/206 1368/1368/206 1374/1374/206 
f 1345/1345/814 1346/1346/826 1407/1407/826 1404/1404/814 
f 1318/1318/856 1317/1317/839 1352/1352/839 1367/1367/856 
f 1438/1438/206 1445/1445/206 1442/1442/206 1441/1441/206 
f 1365/1365/206 1362/1362/206 1360/1360/206 1366/1366/206 
f 1406/1406/206 1393/1393/206 1395/1395/206 1408/1408/206 
f 1399/1399/206 1435/1435/206 1437/1437/206 1397/1397/206 
f 1307/1307/844 1308/1308/857 1431/1431/857 1428/1428/844 
f 1312/1312/829 1315/1315/858 1356/1356/858 1415/1415/829 
f 1338/1338/853 1337/1337/835 1452/1452/835 1455/1455/853 
f 1445/1445/206 1429/1429/206 1426/1426/206 1442/1442/206 
f 1421/1421/206 1423/1423/206 1425/1425/206 1419/1419/206 
f 1316/1316/859 1319/1319/860 1364/1364/860 1355/1355/859 
f 1430/1430/206 1412/1412/206 1410/1410/206 1432/1432/206 
f 1298/1298/208 1300/1300/847 1434/1434/847 1398/1398/208 
f 1414/1414/206 1357/1357/206 1359/1359/206 1417/1417/206 
f 1310/1310/842 1309/1309/849 1433/1433/849 1411/1411/842 
f 1321/1321/838 1318/1318/856 1367/1367/856 1361/1361/838 
f 1301/1301/855 1299/1299/845 1396/1396/845 1436/1436/855 
f 1315/1315/858 1316/1316/859 1355/1355/859 1356/1356/858 
f 1405/1405/206 1406/1406/206 1408/1408/206 1351/1351/206 
f 1354/1354/206 1365/1365/206 1366/1366/206 1353/1353/206 
f 1296/1296/846 1348/1348/861 1394/1394/861 1403/1403/846 
f 1319/1319/860 1320/1320/850 1363/1363/850 1364/1364/860 
f 1308/1308/857 1311/1311/828 1413/1413/828 1431/1431/857 
f 1348/1348/861 1347/1347/862 1409/1409/862 1394/1394/861 
f 1407/1407/863 1392/1392/864 1393/1393/865 1406/1406/866 
f 1443/1443/867 1440/1440/868 1441/1441/868 1442/1442/869 
f 1457/1457/870 1420/1420/871 1421/1421/872 1456/1456/873 
f 1387/1387/874 1380/1380/875 1381/1381/875 1386/1386/874 
f 1367/1367/876 1352/1352/877 1353/1353/877 1366/1366/876 
f 1415/1415/878 1356/1356/879 1357/1357/879 1414/1414/878 
f 1427/1427/880 1443/1443/867 1442/1442/869 1426/1426/880 
f 1440/1440/868 1436/1436/881 1437/1437/881 1441/1441/868 
f 1436/1436/881 1396/1396/882 1397/1397/883 1437/1437/881 
f 1433/1433/884 1427/1427/880 1426/1426/880 1432/1432/884 
f 1420/1420/871 1422/1422/885 1423/1423/885 1421/1421/872 
f 1409/1409/886 1350/1350/887 1351/1351/888 1408/1408/886 
f 1361/1361/889 1367/1367/876 1366/1366/876 1360/1360/889 
f 1372/1372/890 1370/1370/891 1371/1371/892 1373/1373/890 
f 1385/1385/893 1390/1390/894 1391/1391/895 1384/1384/893 
f 1401/1401/896 1398/1398/897 1399/1399/898 1400/1400/899 
f 1455/1455/900 1452/1452/901 1453/1453/902 1454/1454/903 
f 1350/1350/887 1424/1424/904 1425/1425/904 1351/1351/888 
f 1439/1439/905 1444/1444/906 1445/1445/906 1438/1438/907 
f 1370/1370/891 1450/1450/908 1451/1451/909 1371/1371/892 
f 1379/1379/910 1447/1447/911 1446/1446/911 1378/1378/912 
f 1390/1390/894 1361/1361/889 1360/1360/889 1391/1391/895 
f 1355/1355/913 1364/1364/914 1365/1365/915 1354/1354/913 
f 1411/1411/916 1433/1433/884 1432/1432/884 1410/1410/916 
f 1444/1444/906 1428/1428/917 1429/1429/918 1445/1445/906 
f 1424/1424/904 1418/1418/919 1419/1419/919 1425/1425/904 
f 1413/1413/920 1415/1415/878 1414/1414/878 1412/1412/920 
f 1352/1352/877 1358/1358/921 1359/1359/921 1353/1353/877 
f 1356/1356/879 1355/1355/913 1354/1354/913 1357/1357/879 
f 1369/1369/922 1375/1375/923 1374/1374/923 1368/1368/924 
f 1380/1380/875 1379/1379/910 1378/1378/912 1381/1381/875 
f 1403/1403/925 1394/1394/926 1395/1395/927 1402/1402/928 
f 1396/1396/882 1403/1403/925 1402/1402/928 1397/1397/883 
f 1450/1450/908 1457/1457/870 1456/1456/873 1451/1451/909 
f 1394/1394/926 1409/1409/886 1408/1408/886 1395/1395/927 
f 1398/1398/897 1434/1434/929 1435/1435/929 1399/1399/898 
f 1392/1392/864 1401/1401/896 1400/1400/899 1393/1393/865 
f 1358/1358/921 1416/1416/930 1417/1417/930 1359/1359/921 
f 1383/1383/931 1385/1385/893 1384/1384/893 1382/1382/932 
f 1422/1422/885 1404/1404/933 1405/1405/934 1423/1423/885 
f 1418/1418/919 1455/1455/900 1454/1454/903 1419/1419/919 
f 1448/1448/935 1376/1376/936 1377/1377/936 1449/1449/935 
f 1363/1363/937 1388/1388/938 1389/1389/939 1362/1362/940 
f 1431/1431/941 1413/1413/920 1412/1412/920 1430/1430/941 
f 1434/1434/929 1439/1439/905 1438/1438/907 1435/1435/929 
f 1428/1428/917 1431/1431/941 1430/1430/941 1429/1429/918 
f 1416/1416/930 1411/1411/916 1410/1410/916 1417/1417/930 
f 1404/1404/933 1407/1407/863 1406/1406/866 1405/1405/934 
f 1364/1364/914 1363/1363/937 1362/1362/940 1365/1365/915 
f 1376/1376/936 1383/1383/931 1382/1382/932 1377/1377/936 
f 1452/1452/901 1369/1369/922 1368/1368/924 1453/1453/902 
f 1388/1388/938 1387/1387/874 1386/1386/874 1389/1389/939 
f 1347/1347/862 1344/1344/854 1350/1350/854 1409/1409/862 
o Cylinder:113
s 1
f 1479/1479/942 1541/1541/943 1630/1630/944 1610/1610/945 
f 1541/1541/943 1478/1478/946 1608/1608/947 1630/1630/944 
f 1630/1630/944 1608/1608/947 1499/1499/948 1566/1566/949 
f 1610/1610/945 1630/1630/944 1566/1566/949 1501/1501/950 
f 1489/1489/951 1550/1550/952 1631/1631/953 1604/1604/954 
f 1550/1550/952 1488/1488/955 1628/1628/956 1631/1631/953 
f 1631/1631/953 1628/1628/956 1519/1519/957 1594/1594/958 
f 1604/1604/954 1631/1631/953 1594/1594/958 1521/1521/959 
f 1477/1477/960 1539/1539/961 1632/1632/962 1607/1607/963 
f 1539/1539/961 1476/1476/964 1600/1600/965 1632/1632/962 
f 1632/1632/962 1600/1600/965 1495/1495/966 1560/1560/967 
f 1607/1607/963 1632/1632/962 1560/1560/967 1497/1497/968 
f 1487/1487/969 1548/1548/970 1633/1633/971 1627/1627/972 
f 1548/1548/970 1486/1486/973 1625/1625/974 1633/1633/971 
f 1633/1633/971 1625/1625/974 1515/1515/975 1588/1588/976 
f 1627/1627/972 1633/1633/971 1588/1588/976 1517/1517/977 
f 1474/1474/978 1551/1551/979 1634/1634/980 1602/1602/981 
f 1551/1551/979 1489/1489/951 1604/1604/954 1634/1634/980 
f 1634/1634/980 1604/1604/954 1521/1521/959 1596/1596/982 
f 1602/1602/981 1634/1634/980 1596/1596/982 1492/1492/983 
f 1486/1486/973 1547/1547/984 1635/1635/985 1625/1625/974 
f 1547/1547/984 1485/1485/986 1623/1623/987 1635/1635/985 
f 1635/1635/985 1623/1623/987 1513/1513/988 1585/1585/989 
f 1625/1625/974 1635/1635/985 1585/1585/989 1515/1515/975 
f 1485/1485/986 1546/1546/990 1636/1636/991 1623/1623/987 
f 1546/1546/990 1484/1484/992 1620/1620/993 1636/1636/991 
f 1636/1636/991 1620/1620/993 1511/1511/994 1582/1582/995 
f 1623/1623/987 1636/1636/991 1582/1582/995 1513/1513/988 
f 1480/1480/996 1542/1542/997 1637/1637/998 1612/1612/999 
f 1542/1542/997 1479/1479/942 1610/1610/945 1637/1637/998 
f 1637/1637/998 1610/1610/945 1501/1501/950 1569/1569/1000 
f 1612/1612/999 1637/1637/998 1569/1569/1000 1503/1503/1001 
f 1472/1472/1002 1524/1524/1003 1638/1638/1004 1603/1603/1005 
f 1524/1524/1003 1471/1471/1006 1606/1606/1007 1638/1638/1004 
f 1638/1638/1004 1606/1606/1007 1496/1496/1008 1561/1561/1009 
f 1603/1603/1005 1638/1638/1004 1561/1561/1009 1494/1494/1010 
f 1481/1481/1011 1543/1543/1012 1639/1639/1013 1614/1614/1014 
f 1543/1543/1012 1480/1480/996 1612/1612/999 1639/1639/1013 
f 1639/1639/1013 1612/1612/999 1503/1503/1001 1572/1572/1015 
f 1614/1614/1014 1639/1639/1013 1572/1572/1015 1504/1504/1016 
f 1483/1483/1017 1544/1544/1018 1640/1640/1019 1616/1616/1020 
f 1544/1544/1018 1482/1482/1021 1617/1617/1022 1640/1640/1019 
f 1640/1640/1019 1617/1617/1022 1507/1507/1023 1575/1575/1024 
f 1616/1616/1020 1640/1640/1019 1575/1575/1024 1509/1509/1025 
f 1484/1484/992 1545/1545/1026 1641/1641/1027 1620/1620/993 
f 1545/1545/1026 1483/1483/1017 1616/1616/1020 1641/1641/1027 
f 1641/1641/1027 1616/1616/1020 1509/1509/1025 1579/1579/1028 
f 1620/1620/993 1641/1641/1027 1579/1579/1028 1511/1511/994 
f 1464/1464/1029 1531/1531/1030 1642/1642/1031 1621/1621/1032 
f 1531/1531/1030 1463/1463/1033 1622/1622/1034 1642/1642/1031 
f 1642/1642/1031 1622/1622/1034 1512/1512/1035 1583/1583/1036 
f 1621/1621/1032 1642/1642/1031 1583/1583/1036 1510/1510/1037 
f 1476/1476/964 1538/1538/1038 1643/1643/1039 1600/1600/965 
f 1538/1538/1038 1475/1475/1040 1601/1601/1041 1643/1643/1039 
f 1643/1643/1039 1601/1601/1041 1491/1491/1042 1557/1557/1043 
f 1600/1600/965 1643/1643/1039 1557/1557/1043 1495/1495/966 
f 1459/1459/1044 1536/1536/1045 1644/1644/1046 1605/1605/1047 
f 1536/1536/1045 1458/1458/1048 1598/1598/1049 1644/1644/1046 
f 1644/1644/1046 1598/1598/1049 1493/1493/1050 1597/1597/1051 
f 1605/1605/1047 1644/1644/1046 1597/1597/1051 1520/1520/1052 
f 1460/1460/1053 1535/1535/1044 1645/1645/1054 1629/1629/1055 
f 1535/1535/1044 1459/1459/1044 1605/1605/1047 1645/1645/1054 
f 1645/1645/1054 1605/1605/1047 1520/1520/1052 1595/1595/1056 
f 1629/1629/1055 1645/1645/1054 1595/1595/1056 1518/1518/1057 
f 1461/1461/1058 1534/1534/1059 1646/1646/1060 1626/1626/1061 
f 1534/1534/1059 1460/1460/1053 1629/1629/1055 1646/1646/1060 
f 1646/1646/1060 1629/1629/1055 1518/1518/1057 1592/1592/1062 
f 1626/1626/1061 1646/1646/1060 1592/1592/1062 1516/1516/1063 
f 1488/1488/955 1549/1549/1064 1647/1647/1065 1628/1628/956 
f 1549/1549/1064 1487/1487/969 1627/1627/972 1647/1647/1065 
f 1647/1647/1065 1627/1627/972 1517/1517/977 1591/1591/1066 
f 1628/1628/956 1647/1647/1065 1591/1591/1066 1519/1519/957 
f 1462/1462/1067 1533/1533/1068 1648/1648/1069 1624/1624/1070 
f 1533/1533/1068 1461/1461/1058 1626/1626/1061 1648/1648/1069 
f 1648/1648/1069 1626/1626/1061 1516/1516/1063 1589/1589/1071 
f 1624/1624/1070 1648/1648/1069 1589/1589/1071 1514/1514/1072 
f 1463/1463/1033 1532/1532/1073 1649/1649/1074 1622/1622/1034 
f 1532/1532/1073 1462/1462/1067 1624/1624/1070 1649/1649/1074 
f 1649/1649/1074 1624/1624/1070 1514/1514/1072 1586/1586/1075 
f 1622/1622/1034 1649/1649/1074 1586/1586/1075 1512/1512/1035 
f 1465/1465/1076 1530/1530/1077 1650/1650/1078 1619/1619/1079 
f 1530/1530/1077 1464/1464/1029 1621/1621/1032 1650/1650/1078 
f 1650/1650/1078 1621/1621/1032 1510/1510/1037 1580/1580/1080 
f 1619/1619/1079 1650/1650/1078 1580/1580/1080 1508/1508/1081 
f 1466/1466/1082 1529/1529/1083 1651/1651/1084 1618/1618/1085 
f 1529/1529/1083 1465/1465/1076 1619/1619/1079 1651/1651/1084 
f 1651/1651/1084 1619/1619/1079 1508/1508/1081 1577/1577/1086 
f 1618/1618/1085 1651/1651/1084 1577/1577/1086 1506/1506/1087 
f 1468/1468/1088 1528/1528/1089 1652/1652/1090 1613/1613/1091 
f 1528/1528/1089 1467/1467/1092 1615/1615/1093 1652/1652/1090 
f 1652/1652/1090 1615/1615/1093 1505/1505/1094 1573/1573/1095 
f 1613/1613/1091 1652/1652/1090 1573/1573/1095 1502/1502/1096 
f 1469/1469/1097 1527/1527/1098 1653/1653/1099 1611/1611/1100 
f 1527/1527/1098 1468/1468/1088 1613/1613/1091 1653/1653/1099 
f 1653/1653/1099 1613/1613/1091 1502/1502/1096 1570/1570/1101 
f 1611/1611/1100 1653/1653/1099 1570/1570/1101 1500/1500/1102 
f 1470/1470/1103 1526/1526/1104 1654/1654/1105 1609/1609/1106 
f 1526/1526/1104 1469/1469/1097 1611/1611/1100 1654/1654/1105 
f 1654/1654/1105 1611/1611/1100 1500/1500/1102 1567/1567/1107 
f 1609/1609/1106 1654/1654/1105 1567/1567/1107 1498/1498/1108 
f 1471/1471/1006 1525/1525/1109 1655/1655/1110 1606/1606/1007 
f 1525/1525/1109 1470/1470/1103 1609/1609/1106 1655/1655/1110 
f 1655/1655/1110 1609/1609/1106 1498/1498/1108 1564/1564/1111 
f 1606/1606/1007 1655/1655/1110 1564/1564/1111 1496/1496/1008 
f 1478/1478/946 1540/1540/1112 1656/1656/1113 1608/1608/947 
f 1540/1540/1112 1477/1477/960 1607/1607/963 1656/1656/1113 
f 1656/1656/1113 1607/1607/963 1497/1497/968 1563/1563/1114 
f 1608/1608/947 1656/1656/1113 1563/1563/1114 1499/1499/948 
f 1475/1475/1040 1537/1537/1115 1657/1657/1116 1601/1601/1041 
f 1537/1537/1115 1474/1474/978 1602/1602/981 1657/1657/1116 
f 1657/1657/1116 1602/1602/981 1492/1492/983 1553/1553/1117 
f 1601/1601/1041 1657/1657/1116 1553/1553/1117 1491/1491/1042 
f 1473/1473/1118 1523/1523/1119 1658/1658/1120 1599/1599/1121 
f 1523/1523/1119 1472/1472/1002 1603/1603/1005 1658/1658/1120 
f 1658/1658/1120 1603/1603/1005 1494/1494/1010 1558/1558/1122 
f 1599/1599/1121 1658/1658/1120 1558/1558/1122 1490/1490/1123 
f 1491/1491/1124 1553/1553/1125 1659/1659/1126 1552/1552/1127 
f 1553/1553/1125 1492/1492/1128 1554/1554/1129 1659/1659/1126 
f 1659/1659/1126 1554/1554/1129 1493/1493/1130 1555/1555/1131 
f 1552/1552/1127 1659/1659/1126 1555/1555/1131 1490/1490/1132 
f 1495/1495/1133 1557/1557/1134 1660/1660/1135 1556/1556/1136 
f 1557/1557/1134 1491/1491/1124 1552/1552/1127 1660/1660/1135 
f 1660/1660/1135 1552/1552/1127 1490/1490/1132 1558/1558/1137 
f 1556/1556/1136 1660/1660/1135 1558/1558/1137 1494/1494/1138 
f 1497/1497/1139 1560/1560/1140 1661/1661/1141 1559/1559/1142 
f 1560/1560/1140 1495/1495/1133 1556/1556/1136 1661/1661/1141 
f 1661/1661/1141 1556/1556/1136 1494/1494/1138 1561/1561/1143 
f 1559/1559/1142 1661/1661/1141 1561/1561/1143 1496/1496/1144 
f 1499/1499/1145 1563/1563/1146 1662/1662/1147 1562/1562/1148 
f 1563/1563/1146 1497/1497/1139 1559/1559/1142 1662/1662/1147 
f 1662/1662/1147 1559/1559/1142 1496/1496/1144 1564/1564/1149 
f 1562/1562/1148 1662/1662/1147 1564/1564/1149 1498/1498/1150 
f 1501/1501/1151 1566/1566/1152 1663/1663/1153 1565/1565/1154 
f 1566/1566/1152 1499/1499/1145 1562/1562/1148 1663/1663/1153 
f 1663/1663/1153 1562/1562/1148 1498/1498/1150 1567/1567/1155 
f 1565/1565/1154 1663/1663/1153 1567/1567/1155 1500/1500/1156 
f 1503/1503/1157 1569/1569/1158 1664/1664/1159 1568/1568/1160 
f 1569/1569/1158 1501/1501/1151 1565/1565/1154 1664/1664/1159 
f 1664/1664/1159 1565/1565/1154 1500/1500/1156 1570/1570/1161 
f 1568/1568/1160 1664/1664/1159 1570/1570/1161 1502/1502/1162 
f 1504/1504/1163 1572/1572/1164 1665/1665/1165 1571/1571/1166 
f 1572/1572/1164 1503/1503/1157 1568/1568/1160 1665/1665/1165 
f 1665/1665/1165 1568/1568/1160 1502/1502/1162 1573/1573/1167 
f 1571/1571/1166 1665/1665/1165 1573/1573/1167 1505/1505/1168 
f 1509/1509/1169 1575/1575/1170 1666/1666/1171 1574/1574/1172 
f 1575/1575/1170 1507/1507/1173 1576/1576/1174 1666/1666/1171 
f 1666/1666/1171 1576/1576/1174 1506/1506/1175 1577/1577/1176 
f 1574/1574/1172 1666/1666/1171 1577/1577/1176 1508/1508/1177 
f 1511/1511/1178 1579/1579/1179 1667/1667/1180 1578/1578/1181 
f 1579/1579/1179 1509/1509/1169 1574/1574/1172 1667/1667/1180 
f 1667/1667/1180 1574/1574/1172 1508/1508/1177 1580/1580/1182 
f 1578/1578/1181 1667/1667/1180 1580/1580/1182 1510/1510/1183 
f 1513/1513/1184 1582/1582/1185 1668/1668/1186 1581/1581/1187 
f 1582/1582/1185 1511/1511/1178 1578/1578/1181 1668/1668/1186 
f 1668/1668/1186 1578/1578/1181 1510/1510/1183 1583/1583/1188 
f 1581/1581/1187 1668/1668/1186 1583/1583/1188 1512/1512/1189 
f 1515/1515/1190 1585/1585/1191 1669/1669/1192 1584/1584/1193 
f 1585/1585/1191 1513/1513/1184 1581/1581/1187 1669/1669/1192 
f 1669/1669/1192 1581/1581/1187 1512/1512/1189 1586/1586/1194 
f 1584/1584/1193 1669/1669/1192 1586/1586/1194 1514/1514/1195 
f 1517/1517/1196 1588/1588/1197 1670/1670/1198 1587/1587/1199 
f 1588/1588/1197 1515/1515/1190 1584/1584/1193 1670/1670/1198 
f 1670/1670/1198 1584/1584/1193 1514/1514/1195 1589/1589/1200 
f 1587/1587/1199 1670/1670/1198 1589/1589/1200 1516/1516/1201 
f 1519/1519/1202 1591/1591/1203 1671/1671/1204 1590/1590/1205 
f 1591/1591/1203 1517/1517/1196 1587/1587/1199 1671/1671/1204 
f 1671/1671/1204 1587/1587/1199 1516/1516/1201 1592/1592/1206 
f 1590/1590/1205 1671/1671/1204 1592/1592/1206 1518/1518/1207 
f 1521/1521/1208 1594/1594/1209 1672/1672/1210 1593/1593/1211 
f 1594/1594/1209 1519/1519/1202 1590/1590/1205 1672/1672/1210 
f 1672/1672/1210 1590/1590/1205 1518/1518/1207 1595/1595/1212 
f 1593/1593/1211 1672/1672/1210 1595/1595/1212 1520/1520/1213 
f 1492/1492/1128 1596/1596/1214 1673/1673/1215 1554/1554/1129 
f 1596/1596/1214 1521/1521/1208 1593/1593/1211 1673/1673/1215 
f 1673/1673/1215 1593/1593/1211 1520/1520/1213 1597/1597/1216 
f 1554/1554/1129 1673/1673/1215 1597/1597/1216 1493/1493/1130 
f 1458/1458/1048 1522/1522/1217 1674/1674/1218 1598/1598/1049 
f 1522/1522/1217 1473/1473/1118 1599/1599/1121 1674/1674/1218 
f 1674/1674/1218 1599/1599/1121 1490/1490/1123 1555/1555/1219 
f 1598/1598/1049 1674/1674/1218 1555/1555/1219 1493/1493/1050 
o Plane:189
s 1
f 1677/1677/1220 1690/1690/1220 1691/1691/1220 1678/1678/1220 
f 1686/1686/1221 1694/1694/1221 1687/1687/1221 1682/1682/1221 
f 1676/1676/1222 1679/1679/1222 1685/1685/1222 1683/1683/1222 
f 1701/1701/1223 1708/1708/1223 1709/1709/1223 1695/1695/1223 
f 1680/1680/1224 1692/1692/1224 1693/1693/1224 1684/1684/1224 
f 1697/1697/1220 1710/1710/1220 1711/1711/1220 1698/1698/1220 
f 1706/1706/1221 1714/1714/1221 1707/1707/1221 1702/1702/1221 
f 1696/1696/1222 1699/1699/1222 1705/1705/1222 1703/1703/1222 
f 1700/1700/1224 1712/1712/1224 1713/1713/1224 1704/1704/1224 
f 1675/1675/1225 1677/1677/1226 1676/1676/1227 
f 1678/1678/1228 1680/1680/1229 1679/1679/1230 
f 1681/1681/1231 1683/1683/1232 1682/1682/1233 
f 1684/1684/1234 1686/1686/1235 1685/1685/1236 
f 1695/1695/1237 1697/1697/1238 1696/1696/1227 
f 1698/1698/1239 1700/1700/1239 1699/1699/1239 
f 1701/1701/1240 1703/1703/1241 1702/1702/1242 
f 1704/1704/1243 1706/1706/1243 1705/1705/1243 
f 1683/1683/1244 1681/1681/1244 1675/1675/1244 1676/1676/1244 
f 1676/1676/1245 1677/1677/1245 1678/1678/1245 1679/1679/1245 
f 1679/1679/1246 1680/1680/1246 1684/1684/1246 1685/1685/1246 
f 1685/1685/1247 1686/1686/1247 1682/1682/1247 1683/1683/1247 
f 1686/1686/1248 1684/1684/1248 1693/1693/1248 1694/1694/1248 
f 1691/1691/1249 1692/1692/1249 1680/1680/1249 1678/1678/1249 
f 1677/1677/1250 1675/1675/1250 1689/1689/1250 1690/1690/1250 
f 1687/1687/1251 1688/1688/1251 1681/1681/1251 1682/1682/1251 
f 1703/1703/1252 1701/1701/1252 1695/1695/1252 1696/1696/1252 
f 1696/1696/1245 1697/1697/1245 1698/1698/1245 1699/1699/1245 
f 1699/1699/1246 1700/1700/1246 1704/1704/1246 1705/1705/1246 
f 1705/1705/1247 1706/1706/1247 1702/1702/1247 1703/1703/1247 
f 1706/1706/1248 1704/1704/1248 1713/1713/1248 1714/1714/1248 
f 1711/1711/1249 1712/1712/1249 1700/1700/1249 1698/1698/1249 
f 1697/1697/1253 1695/1695/1254 1709/1709/1253 1710/1710/1254 
f 1707/1707/1255 1708/1708/1256 1701/1701/1255 1702/1702/1256 
f 1681/1681/1223 1688/1688/1223 1689/1689/1223 1675/1675/1223 
f 1717/1717/1220 1718/1718/1220 1731/1731/1220 1730/1730/1220 
f 1726/1726/1221 1722/1722/1221 1727/1727/1221 1734/1734/1221 
f 1716/1716/1257 1723/1723/1257 1725/1725/1257 1719/1719/1257 
f 1741/1741/1223 1735/1735/1223 1749/1749/1223 1748/1748/1223 
f 1720/1720/1224 1724/1724/1224 1733/1733/1224 1732/1732/1224 
f 1737/1737/1220 1738/1738/1220 1751/1751/1220 1750/1750/1220 
f 1746/1746/1221 1742/1742/1221 1747/1747/1221 1754/1754/1221 
f 1736/1736/1257 1743/1743/1257 1745/1745/1257 1739/1739/1257 
f 1740/1740/1224 1744/1744/1224 1753/1753/1224 1752/1752/1224 
f 1715/1715/1258 1716/1716/1259 1717/1717/1260 
f 1718/1718/1261 1719/1719/1262 1720/1720/1263 
f 1721/1721/1264 1722/1722/1264 1723/1723/1264 
f 1724/1724/1265 1725/1725/1265 1726/1726/1265 
f 1735/1735/1266 1736/1736/1259 1737/1737/1267 
f 1738/1738/1268 1739/1739/1268 1740/1740/1268 
f 1741/1741/1269 1742/1742/1269 1743/1743/1269 
f 1744/1744/1265 1745/1745/1265 1746/1746/1265 
f 1723/1723/1270 1716/1716/1270 1715/1715/1270 1721/1721/1270 
f 1716/1716/1271 1719/1719/1271 1718/1718/1271 1717/1717/1271 
f 1719/1719/1272 1725/1725/1272 1724/1724/1272 1720/1720/1272 
f 1725/1725/1273 1723/1723/1273 1722/1722/1273 1726/1726/1273 
f 1726/1726/1274 1734/1734/1275 1733/1733/1274 1724/1724/1275 
f 1731/1731/1249 1718/1718/1249 1720/1720/1249 1732/1732/1249 
f 1717/1717/1250 1730/1730/1250 1729/1729/1250 1715/1715/1250 
f 1727/1727/1251 1722/1722/1251 1721/1721/1251 1728/1728/1251 
f 1743/1743/1276 1736/1736/1277 1735/1735/1276 1741/1741/1277 
f 1736/1736/1271 1739/1739/1271 1738/1738/1271 1737/1737/1271 
f 1739/1739/1272 1745/1745/1272 1744/1744/1272 1740/1740/1272 
f 1745/1745/1273 1743/1743/1273 1742/1742/1273 1746/1746/1273 
f 1746/1746/1248 1754/1754/1248 1753/1753/1248 1744/1744/1248 
f 1751/1751/1249 1738/1738/1249 1740/1740/1249 1752/1752/1249 
f 1737/1737/1254 1750/1750/1253 1749/1749/1254 1735/1735/1253 
f 1747/1747/1251 1742/1742/1251 1741/1741/1251 1748/1748/1251 
f 1721/1721/1223 1715/1715/1223 1729/1729/1223 1728/1728/1223 
o Cube:768
s 1
f 1768/1768/1278 1769/1769/1278 1765/1765/1278 1762/1762/1278 
f 1759/1759/1279 1756/1756/1279 1770/1770/1279 1767/1767/1279 
f 1763/1763/1280 1764/1764/1280 1755/1755/1280 1758/1758/1280 
f 1761/1761/1281 1762/1762/1281 1763/1763/1281 
f 1766/1766/1282 1767/1767/1282 1768/1768/1282 
f 1766/1766/1283 1760/1760/1283 1759/1759/1283 1767/1767/1283 
f 1769/1769/1284 1768/1768/1284 1767/1767/1284 1770/1770/1284 
f 1761/1761/1285 1766/1766/1285 1768/1768/1285 1762/1762/1285 
f 1764/1764/1286 1763/1763/1286 1762/1762/1286 1765/1765/1286 
f 1757/1757/1287 1761/1761/1287 1763/1763/1287 1758/1758/1287 
f 1760/1760/1288 1766/1766/1288 1761/1761/1288 1757/1757/1288 
f 1784/1784/1278 1785/1785/1278 1781/1781/1278 1778/1778/1278 
f 1775/1775/1279 1772/1772/1279 1786/1786/1279 1783/1783/1279 
f 1779/1779/1280 1780/1780/1280 1771/1771/1280 1774/1774/1280 
f 1777/1777/1289 1778/1778/1289 1779/1779/1289 
f 1782/1782/1290 1783/1783/1290 1784/1784/1290 
f 1782/1782/1283 1776/1776/1283 1775/1775/1283 1783/1783/1283 
f 1785/1785/1284 1784/1784/1284 1783/1783/1284 1786/1786/1284 
f 1777/1777/1285 1782/1782/1285 1784/1784/1285 1778/1778/1285 
f 1780/1780/1286 1779/1779/1286 1778/1778/1286 1781/1781/1286 
f 1773/1773/1287 1777/1777/1287 1779/1779/1287 1774/1774/1287 
f 1776/1776/1288 1782/1782/1288 1777/1777/1288 1773/1773/1288 
f 1800/1800/1278 1801/1801/1278 1797/1797/1278 1794/1794/1278 
f 1791/1791/1279 1788/1788/1279 1802/1802/1279 1799/1799/1279 
f 1795/1795/1280 1796/1796/1280 1787/1787/1280 1790/1790/1280 
f 1793/1793/1291 1794/1794/1291 1795/1795/1291 
f 1798/1798/1292 1799/1799/1292 1800/1800/1292 
f 1798/1798/1283 1792/1792/1283 1791/1791/1283 1799/1799/1283 
f 1801/1801/1284 1800/1800/1284 1799/1799/1284 1802/1802/1284 
f 1793/1793/1293 1798/1798/1293 1800/1800/1293 1794/1794/1293 
f 1796/1796/1286 1795/1795/1286 1794/1794/1286 1797/1797/1286 
f 1789/1789/1287 1793/1793/1287 1795/1795/1287 1790/1790/1287 
f 1792/1792/1288 1798/1798/1288 1793/1793/1288 1789/1789/1288 
f 1816/1816/1278 1817/1817/1278 1813/1813/1278 1810/1810/1278 
f 1807/1807/1279 1804/1804/1279 1818/1818/1279 1815/1815/1279 
f 1811/1811/1280 1812/1812/1280 1803/1803/1280 1806/1806/1280 
f 1809/1809/1289 1810/1810/1289 1811/1811/1289 
f 1814/1814/1282 1815/1815/1282 1816/1816/1282 
f 1814/1814/1283 1808/1808/1283 1807/1807/1283 1815/1815/1283 
f 1817/1817/1284 1816/1816/1284 1815/1815/1284 1818/1818/1284 
f 1809/1809/1293 1814/1814/1293 1816/1816/1293 1810/1810/1293 
f 1812/1812/1286 1811/1811/1286 1810/1810/1286 1813/1813/1286 
f 1805/1805/1287 1809/1809/1287 1811/1811/1287 1806/1806/1287 
f 1808/1808/1288 1814/1814/1288 1809/1809/1288 1805/1805/1288 
f 1832/1832/1278 1833/1833/1278 1829/1829/1278 1826/1826/1278 
f 1823/1823/1279 1820/1820/1279 1834/1834/1279 1831/1831/1279 
f 1827/1827/1280 1828/1828/1280 1819/1819/1280 1822/1822/1280 
f 1825/1825/1289 1826/1826/1289 1827/1827/1289 
f 1830/1830/1292 1831/1831/1292 1832/1832/1292 
f 1830/1830/1283 1824/1824/1283 1823/1823/1283 1831/1831/1283 
f 1833/1833/1284 1832/1832/1284 1831/1831/1284 1834/1834/1284 
f 1825/1825/1285 1830/1830/1285 1832/1832/1285 1826/1826/1285 
f 1828/1828/1286 1827/1827/1286 1826/1826/1286 1829/1829/1286 
f 1821/1821/1287 1825/1825/1287 1827/1827/1287 1822/1822/1287 
f 1824/1824/1288 1830/1830/1288 1825/1825/1288 1821/1821/1288 
f 1848/1848/1278 1849/1849/1278 1845/1845/1278 1842/1842/1278 
f 1839/1839/1279 1836/1836/1279 1850/1850/1279 1847/1847/1279 
f 1843/1843/1280 1844/1844/1280 1835/1835/1280 1838/1838/1280 
f 1841/1841/1281 1842/1842/1281 1843/1843/1281 
f 1846/1846/1292 1847/1847/1292 1848/1848/1292 
f 1846/1846/1283 1840/1840/1283 1839/1839/1283 1847/1847/1283 
f 1849/1849/1284 1848/1848/1284 1847/1847/1284 1850/1850/1284 
f 1841/1841/1293 1846/1846/1293 1848/1848/1293 1842/1842/1293 
f 1844/1844/1286 1843/1843/1286 1842/1842/1286 1845/1845/1286 
f 1837/1837/1287 1841/1841/1287 1843/1843/1287 1838/1838/1287 
f 1840/1840/1288 1846/1846/1288 1841/1841/1288 1837/1837/1288 
#end 1622 faces

#ZOMPROPERTIES_04{
#ZOMPROPERTIES_04 table {Mesh table {SymPlane table {Point vector3d 0 0 0 Normal vector3d 1 0 0 Threshold double 0.01 
#ZOMPROPERTIES_04 Enabled bool false EdgeID int -1 SymEdgeID int -1 UPos double 0.5 LocalMode bool false } RootGroup C
#ZOMPROPERTIES_04 SubMeshGroup {Children table {Tile_0_0 CSubMeshGroup {Children table {} BBoxUV box3d 0 0 0 0 0 0 BBo
#ZOMPROPERTIES_04 x3D box3d 0 0 0 0 0 0 Area3D double 0 AreaUV double 0.863783 IsRoot bool false Properties table {Sel
#ZOMPROPERTIES_04 ected bool false Box box3d 0 1 0 1 0 1 U int 0 V int 0 NU int 0 NV int 0 Tiling vector3d 1 1 1 TileR
#ZOMPROPERTIES_04 atioMode string "1:1" Overflow string "Off" Pack table {BoxFrameEdit bool false Behavior string "Fre
#ZOMPROPERTIES_04 e" } } IsTile bool true PolyIDs ints { 503 511 506 512 505 513 508 504 509 507 510 1589 1597 1592 15
#ZOMPROPERTIES_04 96 1599 1594 1593 1595 1590 1598 1591 1578 1586 1581 1585 1588 1583 1582 1584 1579 1587 1580 1556 15
#ZOMPROPERTIES_04 64 1559 1563 1566 1561 1560 1557 1562 1565 1558 1567 1575 1570 1574 1577 1572 1571 1573 1568 1576 15
#ZOMPROPERTIES_04 69 1611 1619 1614 1618 1621 1616 1615 1612 1617 1620 1613 459 467 462 466 469 464 463 460 465 468 46
#ZOMPROPERTIES_04 1 492 500 495 501 494 502 497 493 498 496 499 426 434 429 433 436 431 430 432 427 435 428 437 445 44
#ZOMPROPERTIES_04 0 444 447 442 441 443 438 446 439 404 412 407 411 414 409 408 410 405 413 406 415 423 418 422 425 42
#ZOMPROPERTIES_04 0 419 421 416 424 417 448 456 451 455 458 453 452 454 449 457 450 1600 1608 1603 1607 1610 1605 1601
#ZOMPROPERTIES_04  1606 1604 1609 1602 481 489 484 488 491 486 485 482 487 490 483 470 478 473 477 480 475 474 476 471
#ZOMPROPERTIES_04  479 472 1308 1337 1338 1339 1444 1447 1450 1399 1396 1397 1401 1400 1405 1404 1407 1410 1439 1442 1
#ZOMPROPERTIES_04 441 1436 1437 1432 1433 1428 1431 1430 1427 1486 1423 1420 1421 1340 1343 1434 1342 1411 1438 1408 1
#ZOMPROPERTIES_04 409 1341 1435 1422 1485 1484 1365 1364 1369 1368 1371 1478 1475 1474 1375 1372 1373 1381 1380 1385 1
#ZOMPROPERTIES_04 384 1387 1358 1357 1356 1389 1388 1391 1458 1455 1452 1457 1354 1351 1350 1453 1454 1395 1394 1392 1
#ZOMPROPERTIES_04 393 1349 1348 1353 1352 1355 1334 1333 1332 1329 1328 1321 1320 1377 1376 1313 1312 1315 1314 1477 1
#ZOMPROPERTIES_04 476 1481 1482 1483 1480 1327 1326 1325 1324 1417 1416 1419 1362 1361 1360 1363 1317 1316 1413 1412 1
#ZOMPROPERTIES_04 309 1415 1310 1311 1440 1445 1414 1319 1318 1424 1425 1426 1418 1366 1367 1479 1379 1472 1378 1473 1
#ZOMPROPERTIES_04 468 1469 1464 1465 1460 1461 1462 1359 1459 1456 1335 1463 1466 1330 1467 1386 1331 1470 1383 1382 1
#ZOMPROPERTIES_04 322 1323 1471 1390 1374 1370 1487 1429 1443 1406 1446 1403 1402 1398 1451 1448 1347 1346 1345 1336 1
#ZOMPROPERTIES_04 344 1449 1488 1510 1498 1507 1500 1508 1499 1505 1497 1506 1521 1511 1490 1512 1489 1509 1492 1522 1
#ZOMPROPERTIES_04 544 1526 1543 1523 1546 1533 1539 1531 1545 1555 1524 1541 1540 1542 1534 1532 1491 1519 1501 1514 1
#ZOMPROPERTIES_04 502 1515 1504 1517 1496 1494 1520 1516 1503 1513 1495 1518 1493 1525 1553 1527 1552 1536 1549 1538 1
#ZOMPROPERTIES_04 550 1537 1528 1554 1551 1530 1529 1547 1548 1535 173 189 403 366 316 350 317 351 174 175 225 222 220
#ZOMPROPERTIES_04  211 215 217 219 212 210 223 224 218 190 248 247 245 246 213 191 214 188 367 209 386 271 277 255 308
#ZOMPROPERTIES_04  276 254 281 286 285 273 275 282 280 278 274 283 284 253 187 385 208 333 369 192 334 370 256 257 258
#ZOMPROPERTIES_04  372 195 400 194 401 193 318 335 352 371 319 353 176 177 227 228 229 232 233 237 238 243 244 250 242
#ZOMPROPERTIES_04  236 235 239 181 360 327 361 182 183 362 204 390 205 389 206 388 207 387 384 365 348 383 269 268 382
#ZOMPROPERTIES_04  267 279 302 309 303 310 304 311 305 312 306 299 294 290 289 288 292 260 259 374 197 398 196 399 354
#ZOMPROPERTIES_04  320 373 321 355 178 179 230 221 315 358 325 359 326 393 202 379 344 392 203 391 380 345 266 265 301
#ZOMPROPERTIES_04  264 263 296 297 262 376 340 375 198 397 356 322 396 323 180 395 199 377 342 394 378 341 324 357 343
#ZOMPROPERTIES_04  201 234 339 338 261 293 291 298 295 300 307 381 314 331 364 185 184 363 252 347 330 346 328 329 200
#ZOMPROPERTIES_04  216 240 231 241 337 336 287 402 368 272 313 270 349 332 186 249 251 226 33 133 45 139 68 165 586 11
#ZOMPROPERTIES_04 75 975 972 973 970 639 1157 1254 1307 1266 1289 1234 1226 1177 1270 1290 1235 1263 1262 1228 1247 12
#ZOMPROPERTIES_04 13 1251 1286 1020 968 867 873 863 1024 1025 1026 859 1027 1028 876 865 974 977 976 646 1154 1206 130
#ZOMPROPERTIES_04 5 1271 1295 1223 1280 1180 635 1159 1225 1272 1209 1294 1181 1230 1198 1203 587 1202 1019 1018 855 7
#ZOMPROPERTIES_04 70 769 758 807 750 1016 1017 1162 1161 1243 1214 1299 1273 1279 1239 1232 1256 1178 1195 1172 991 98
#ZOMPROPERTIES_04 8 989 866 1041 1042 1043 1044 1045 1046 871 645 1021 1047 612 885 906 857 613 641 904 903 614 902 63
#ZOMPROPERTIES_04 7 615 901 900 633 616 899 1030 1029 880 905 1023 1022 886 907 908 909 910 887 888 889 890 891 892 89
#ZOMPROPERTIES_04 3 894 895 896 897 898 649 1031 881 979 1153 1221 1205 1304 1293 1190 1258 1285 1192 1185 1296 1176 1
#ZOMPROPERTIES_04 187 1169 1003 742 761 762 777 778 846 847 844 845 842 843 840 841 838 839 836 837 911 835 832 833 83
#ZOMPROPERTIES_04 4 856 759 854 852 853 850 851 848 849 773 774 754 681 747 744 745 1000 617 1179 1183 1274 1268 1189 
#ZOMPROPERTIES_04 1222 1284 1229 1186 1193 1288 1227 1191 1182 610 996 997 1173 994 729 967 717 719 688 691 706 748 70
#ZOMPROPERTIES_04 8 690 693 680 749 746 999 998 611 689 682 608 995 1174 1150 1171 1257 1265 1240 1211 1170 1001 755 6
#ZOMPROPERTIES_04 92 687 775 776 756 753 771 731 806 730 1015 1014 627 1163 1212 1236 1253 1164 623 1165 1011 1008 621
#ZOMPROPERTIES_04  1248 1241 1252 1303 1233 1250 1218 1283 1260 1237 1281 1216 1244 1292 1301 1278 1242 1298 1300 1184
#ZOMPROPERTIES_04  1245 1215 631 1264 1261 1160 636 1158 1217 1208 640 1156 1231 1259 1246 1267 1276 1207 1155 983 982
#ZOMPROPERTIES_04  643 985 874 868 1036 1037 644 626 1038 628 642 1039 870 864 984 987 860 986 1040 630 638 1035 884 8
#ZOMPROPERTIES_04 72 1034 624 653 1033 651 622 1032 882 883 978 981 1152 652 1204 1200 650 980 1269 1197 1201 1297 130
#ZOMPROPERTIES_04 6 1210 1282 1199 1219 1194 619 1168 1005 740 763 764 779 695 725 728 739 738 1007 1006 620 1167 1009
#ZOMPROPERTIES_04  1166 1004 736 720 723 696 699 709 712 735 732 733 704 700 772 752 1013 1012 702 701 1010 698 734 73
#ZOMPROPERTIES_04 7 697 694 741 1002 1220 618 1277 625 780 743 1196 1275 858 634 879 647 648 877 993 990 878 609 629 9
#ZOMPROPERTIES_04 92 654 1151 969 862 875 1224 1188 1255 1302 1249 1238 861 869 971 1287 1291 42 162 56 66 54 514 580 
#ZOMPROPERTIES_04 585 571 520 572 535 576 524 570 534 552 515 550 533 569 525 519 574 523 573 521 584 544 564 522 578 
#ZOMPROPERTIES_04 540 563 539 577 538 567 526 566 532 581 537 583 517 579 545 560 528 562 546 556 531 554 575 555 527 
#ZOMPROPERTIES_04 559 518 558 549 548 543 565 516 582 529 557 547 542 561 541 568 551 530 553 536 43 67 166 94 170 164
#ZOMPROPERTIES_04  96 171 91 150 44 64 134 89 55 135 588 912 942 917 607 931 918 932 926 920 604 937 921 938 922 924 9
#ZOMPROPERTIES_04 23 943 598 597 1052 1051 595 1106 664 958 666 1107 1108 593 599 1061 603 600 1071 936 601 1053 596 1
#ZOMPROPERTIES_04 064 602 1063 925 605 1115 1118 655 927 1117 676 948 678 1119 606 594 1066 1055 1065 928 632 1121 112
#ZOMPROPERTIES_04 4 916 930 1057 1058 592 589 1073 1074 941 939 935 944 934 591 1059 590 1104 661 963 660 964 1103 933
#ZOMPROPERTIES_04  940 1049 1060 919 1102 1105 1100 961 1077 962 1048 1080 1079 960 1130 1131 811 767 797 796 798 799 
#ZOMPROPERTIES_04 800 801 802 803 804 805 703 781 782 783 784 785 786 787 788 789 790 791 792 793 794 795 760 815 1133
#ZOMPROPERTIES_04  1134 662 955 1083 1085 1084 953 663 1087 1086 668 1109 1110 956 1112 1089 1088 949 667 1091 954 670
#ZOMPROPERTIES_04  1114 672 1113 952 1116 674 1092 1093 669 1142 1141 823 820 710 722 821 818 1138 665 951 1137 819 81
#ZOMPROPERTIES_04 6 713 686 817 685 714 814 1135 1136 727 1139 768 1140 822 715 825 705 1143 945 671 1095 950 1094 913
#ZOMPROPERTIES_04  673 1097 677 1096 1099 946 656 1098 1076 965 657 1123 966 1101 1075 1078 679 659 1126 808 766 765 9
#ZOMPROPERTIES_04 14 830 828 718 1148 1149 915 675 829 826 707 1146 827 684 824 1144 1145 1147 716 1125 929 711 810 80
#ZOMPROPERTIES_04 9 1128 1129 831 724 683 812 751 757 1127 721 947 1090 1111 957 726 813 1132 959 658 1082 1081 1050 1
#ZOMPROPERTIES_04 067 1122 1068 1120 1056 1069 1070 1054 1072 1062 31 161 92 168 95 163 167 69 41 58 136 169 93 70 90 
#ZOMPROPERTIES_04 137 0 113 10 98 15 106 1 105 9 110 32 22 50 59 49 6 8 109 74 100 172 97 99 71 116 119 34 19 37 12 11
#ZOMPROPERTIES_04 4 82 120 14 26 57 52 4 115 11 24 18 21 130 117 39 27 62 53 17 129 16 152 30 63 51 38 121 112 126 83 
#ZOMPROPERTIES_04 154 151 144 145 81 156 87 118 40 85 146 140 148 65 46 143 61 29 23 125 7 104 76 122 48 60 28 5 103 7
#ZOMPROPERTIES_04 8 107 25 101 75 73 20 128 3 36 158 123 160 142 141 157 159 149 127 13 35 147 124 86 132 88 138 155 4
#ZOMPROPERTIES_04 7 84 153 111 131 2 102 77 79 80 108 72 } } } BBoxUV box3d 0 0 0 0 0 0 BBox3D box3d 0 0 0 0 0 0 Area3
#ZOMPROPERTIES_04 D double 0 AreaUV double 0 IsRoot bool true Properties table {Selected bool false Box box3d 0 1 0 1 
#ZOMPROPERTIES_04 0 1 U int 0 V int 0 NU int 1 NV int 1 Tiling vector3d 1 1 1 TileRatioMode string "1:1" Overflow stri
#ZOMPROPERTIES_04 ng "Off" Pack table {Rotate table {Mode int 0 Min double 0 Max double 90 Step double 0 } PaddingSize
#ZOMPROPERTIES_04  double 0.0078125 MarginSize double 0.00390625 Resolution int 256 MapResolution int 2048 Scaling tab
#ZOMPROPERTIES_04 le {TexelDensity double 1024 Mode int 2 } LayoutScalingMode int 2 MaxMutations int 1 } } IsTile bool
#ZOMPROPERTIES_04  false PolyIDs ints { } } Maps table {Density table {PrimType string "Polygon" Size int 1 DefaultVal
#ZOMPROPERTIES_04 ue double 1 ScaleType string "Log" MergeMode string "Average" MinValue double 0.1 MaxValue double 4 
#ZOMPROPERTIES_04 Data doubles { r 1622 1 } } Pin table {PrimType string "Vertex" Size int 1 DefaultValue double 0 Sca
#ZOMPROPERTIES_04 leType string "Normalized" MergeMode string "Max" MinValue double 0 MaxValue double 1 Data doubles {
#ZOMPROPERTIES_04  r 1898 0 } } Protect table {PrimType string "Vertex" Size int 1 DefaultValue double 0 ScaleType str
#ZOMPROPERTIES_04 ing "Normalized" MergeMode string "Average" MinValue double -1 MaxValue double 1 Data doubles { r 18
#ZOMPROPERTIES_04 98 0 } } } } }
#ZOMPROPERTIES_04}


#ZOMSCENE_01{
#ZOMSCENE_01 CScene {Settings table {AxisSystem table {UpVector string "y" } Unit string "cm" TexelDensityDisplay
#ZOMSCENE_01 Unit string "tx/cm" } }
#ZOMSCENE_01}

#begin 0 fatal error vertex (that RizomUV cannot handle)
#end 0 fatal error vertex (that RizomUV cannot handle)

#begin 0 error vertex
#end 0 error vertex
