#File written by RizomUV 2022.1.57.gfabcfb8. Compilation :Sep 28 2022,23:52:22
mtllib Boton.mtl
#begin vertices
v 0.032016 1.274695 0.171064
v 0.032016 1.322708 0.219077
v 0.032016 1.27835 0.189438
v 0.032016 1.288758 0.205014
v 0.032016 1.304334 0.215423
v 0.032016 1.914583 0.219077
v 0.032016 1.962597 0.171064
v 0.032016 1.932957 0.215423
v 0.032016 1.948534 0.205015
v 0.032016 1.958942 0.189438
v 0.032016 1.322708 -0.225616
v 0.032016 1.274695 -0.177602
v 0.032016 1.304334 -0.221961
v 0.032016 1.288758 -0.211553
v 0.032016 1.27835 -0.195976
v 0.032016 1.962597 -0.177602
v 0.032016 1.914583 -0.225616
v 0.032016 1.958942 -0.195976
v 0.032016 1.948534 -0.211553
v 0.032016 1.932957 -0.221961
v 0.215956 1.322708 0.219077
v 0.215956 1.27835 0.189438
v 0.234791 1.282761 0.189898
v 0.247465 1.291199 0.188943
v 0.243677 1.294988 0.198784
v 0.260315 1.322708 0.189438
v 0.249907 1.322708 0.205014
v 0.255904 1.303874 0.189898
v 0.247465 1.30483 0.202573
v 0.215956 1.304334 0.215423
v 0.215956 1.288758 0.205014
v 0.23433 1.322708 0.215423
v 0.234791 1.303874 0.211012
v 0.233835 1.291199 0.202573
v 0.215956 1.962597 0.171064
v 0.215956 1.914583 0.219077
v 0.215956 1.958942 0.189438
v 0.215956 1.948534 0.205015
v 0.23433 1.958942 0.171064
v 0.234791 1.954531 0.189898
v 0.233835 1.946093 0.202573
v 0.243677 1.942304 0.198784
v 0.23433 1.914583 0.215423
v 0.249907 1.914583 0.205015
v 0.215956 1.932957 0.215423
v 0.234791 1.933418 0.211012
v 0.247465 1.932462 0.202573
v 0.260315 1.932957 0.171064
v 0.249907 1.948534 0.171064
v 0.260315 1.914583 0.189438
v 0.255904 1.933418 0.189898
v 0.247465 1.946093 0.188943
v 0.215956 1.322708 -0.225616
v 0.215956 1.27835 -0.195976
v 0.215956 1.288758 -0.211553
v 0.234791 1.282761 -0.196437
v 0.233835 1.291199 -0.209112
v 0.243677 1.294988 -0.205323
v 0.23433 1.322708 -0.221961
v 0.249907 1.322708 -0.211553
v 0.215956 1.304334 -0.221961
v 0.234791 1.303874 -0.21755
v 0.247465 1.30483 -0.209112
v 0.260315 1.322708 -0.195976
v 0.255904 1.303874 -0.196437
v 0.247465 1.291199 -0.195481
v 0.215956 1.962597 -0.177602
v 0.215956 1.914583 -0.225616
v 0.23433 1.958942 -0.177602
v 0.249907 1.948534 -0.177602
v 0.215956 1.958942 -0.195976
v 0.234791 1.954531 -0.196437
v 0.247465 1.946093 -0.195481
v 0.243677 1.942304 -0.205323
v 0.260315 1.914583 -0.195976
v 0.249907 1.914583 -0.211553
v 0.260315 1.932957 -0.177602
v 0.255904 1.933418 -0.196437
v 0.247465 1.932462 -0.209111
v 0.215956 1.932957 -0.221961
v 0.215956 1.948534 -0.211553
v 0.23433 1.914583 -0.221961
v 0.234791 1.933418 -0.21755
v 0.233835 1.946093 -0.209111
v 0.260315 1.501885 -0.195976
v 0.249907 1.501885 -0.211553
v 0.23433 1.501885 -0.221961
v 0.215956 1.501885 -0.225616
v 0.215956 1.501885 0.219077
v 0.23433 1.501885 0.215423
v 0.249907 1.501885 0.205014
v 0.260315 1.501885 0.189438
v 0.032016 1.501885 0.219077
v 0.032016 1.501885 -0.225616
v 0.215956 1.274695 0.171064
v 0.23433 1.27835 0.171064
v 0.249907 1.288758 0.171064
v 0.260315 1.304334 0.171064
v 0.26397 1.322708 0.171064
v 0.23433 1.27835 -0.177602
v 0.215956 1.274695 -0.177602
v 0.249907 1.288758 -0.177602
v 0.26397 1.322708 -0.177602
v 0.260315 1.304334 -0.177602
v 0.26397 1.88906 0.14554
v 0.26397 1.88906 -0.152079
v 0.26397 1.527408 0.14554
v 0.26397 1.527408 -0.152079
v 0.26397 1.914583 0.171064
v 0.26397 1.914583 -0.177602
v 0.26397 1.501885 0.171064
v 0.26397 1.501885 -0.177602
v 0.036932 1.274695 -0.177602
v 0.036932 1.27835 -0.195976
v 0.036932 1.288758 -0.211553
v 0.036932 1.304334 -0.221961
v 0.036932 1.322708 -0.225616
v 0.036932 1.962597 -0.177602
v 0.036932 1.958942 -0.195976
v 0.036932 1.948534 -0.211553
v 0.036932 1.932957 -0.221961
v 0.036932 1.914583 -0.225616
v 0.036932 1.274695 0.171064
v 0.036932 1.27835 0.189438
v 0.036932 1.288758 0.205014
v 0.036932 1.304334 0.215423
v 0.036932 1.322708 0.219077
v 0.036932 1.962597 0.171064
v 0.036932 1.958942 0.189438
v 0.036932 1.948534 0.205015
v 0.036932 1.932957 0.215423
v 0.036932 1.914583 0.219077
v 0.036932 1.501885 0.219077
v 0.036932 1.501885 -0.225616
v 0.215956 1.274695 0.120144
v 0.215876 1.275509 0.119329
v 0.215945 1.274804 0.119737
v 0.215916 1.275102 0.119438
v 0.263156 1.322789 0.119329
v 0.26397 1.322708 0.120144
v 0.263563 1.322749 0.119438
v 0.263861 1.322719 0.119737
v 0.23433 1.27835 0.120144
v 0.234012 1.279117 0.119329
v 0.234288 1.278452 0.119737
v 0.234171 1.278733 0.119438
v 0.24932 1.289345 0.119329
v 0.249907 1.288758 0.120144
v 0.249613 1.289051 0.119438
v 0.249828 1.288836 0.119737
v 0.260315 1.304334 0.120144
v 0.259548 1.304652 0.119329
v 0.260212 1.304377 0.119737
v 0.259932 1.304493 0.119438
v 0.215956 1.274695 -0.126682
v 0.215876 1.275509 -0.125868
v 0.215945 1.274804 -0.126275
v 0.215916 1.275102 -0.125977
v 0.263156 1.322789 -0.125868
v 0.26397 1.322708 -0.126682
v 0.263563 1.322749 -0.125977
v 0.263861 1.322719 -0.126275
v 0.23433 1.27835 -0.126682
v 0.234012 1.279117 -0.125868
v 0.234288 1.278452 -0.126275
v 0.234171 1.278733 -0.125977
v 0.260315 1.304334 -0.126682
v 0.259548 1.304652 -0.125868
v 0.260212 1.304377 -0.126275
v 0.259932 1.304493 -0.125977
v 0.24932 1.289345 -0.125868
v 0.249907 1.288758 -0.126682
v 0.249613 1.289051 -0.125977
v 0.249828 1.288836 -0.126275
v 0.26397 1.450965 -0.126682
v 0.263156 1.450151 -0.125868
v 0.263861 1.450558 -0.126275
v 0.263563 1.45026 -0.125977
v 0.263156 1.450151 0.119329
v 0.26397 1.450965 0.120144
v 0.263563 1.45026 0.119438
v 0.263861 1.450558 0.119737
v 0.082936 1.274695 -0.126682
v 0.08375 1.275509 -0.125868
v 0.083343 1.274804 -0.126275
v 0.083641 1.275102 -0.125977
v 0.08375 1.275509 0.119329
v 0.082936 1.274695 0.120144
v 0.083641 1.275102 0.119438
v 0.083343 1.274804 0.119737
v 0.214068 1.293864 0.119329
v 0.213988 1.294677 0.118515
v 0.214028 1.294271 0.11922
v 0.213999 1.294568 0.118922
v 0.213988 1.294677 -0.125054
v 0.214068 1.293864 -0.125868
v 0.213999 1.294568 -0.125461
v 0.214028 1.294271 -0.125759
v 0.226965 1.29613 -0.125868
v 0.226646 1.2969 -0.125054
v 0.226806 1.296515 -0.125759
v 0.226689 1.296797 -0.125461
v 0.226965 1.29613 0.119329
v 0.226646 1.2969 0.118515
v 0.226806 1.296515 0.11922
v 0.226689 1.296797 0.118922
v 0.235709 1.302956 -0.125054
v 0.236298 1.302366 -0.125868
v 0.235788 1.302877 -0.125461
v 0.236004 1.302661 -0.125759
v 0.235709 1.302956 0.118515
v 0.236298 1.302366 0.119329
v 0.235788 1.302877 0.118922
v 0.236004 1.302661 0.11922
v 0.242535 1.311699 -0.125868
v 0.241764 1.312018 -0.125054
v 0.24215 1.311859 -0.125759
v 0.241868 1.311976 -0.125461
v 0.242535 1.311699 0.119329
v 0.241764 1.312018 0.118515
v 0.24215 1.311859 0.11922
v 0.241868 1.311976 0.118922
v 0.243988 1.324677 -0.125054
v 0.2448 1.324597 -0.125868
v 0.244096 1.324666 -0.125461
v 0.244394 1.324637 -0.125759
v 0.243988 1.324677 0.118515
v 0.2448 1.324597 0.119329
v 0.244096 1.324666 0.118922
v 0.244394 1.324637 0.11922
v 0.08375 1.293961 0.119329
v 0.084565 1.294773 0.118515
v 0.08386 1.294367 0.11922
v 0.084158 1.294665 0.118922
v 0.084565 1.294773 -0.125054
v 0.08375 1.293961 -0.125868
v 0.084158 1.294665 -0.125461
v 0.08386 1.294367 -0.125759
v 0.243891 1.449336 -0.125054
v 0.244703 1.450151 -0.125868
v 0.244 1.449744 -0.125461
v 0.244297 1.450042 -0.125759
v 0.244703 1.450151 0.119329
v 0.243891 1.449336 0.118515
v 0.244297 1.450042 0.11922
v 0.244 1.449743 0.118922
v 0.087282 1.275509 -0.125868
v 0.086491 1.274695 -0.126682
v 0.087177 1.275102 -0.125977
v 0.086887 1.274804 -0.126275
v 0.087233 1.293958 -0.125868
v 0.087231 1.294771 -0.125054
v 0.087232 1.294365 -0.125759
v 0.087232 1.294662 -0.125461
v 0.086491 1.274695 0.120144
v 0.087282 1.275509 0.119329
v 0.086887 1.274804 0.119737
v 0.087177 1.275102 0.119438
v 0.087231 1.294771 0.118515
v 0.087233 1.293958 0.119329
v 0.087232 1.294662 0.118922
v 0.087232 1.294365 0.11922
v 0.191584 1.867036 -0.130054
v 0.191584 1.867036 0.123516
v 0.264927 1.535562 0.129169
v 0.264927 1.535562 -0.135707
v 0.274177 1.535309 -0.136189
v 0.275572 1.522531 -0.151402
v 0.275572 1.522531 0.144863
v 0.274177 1.535309 0.129651
v 0.265032 1.521226 0.145841
v 0.264915 1.872848 0.137706
v 0.264916 1.881218 0.129333
v 0.27402 1.88363 0.130876
v 0.274015 1.874382 0.140163
v 0.271978 1.896157 0.142145
v 0.261432 1.895036 0.141567
v 0.272023 1.88676 0.15228
v 0.271978 1.896157 -0.148684
v 0.261432 1.895036 -0.148105
v 0.261495 1.886038 -0.157663
v 0.272023 1.88676 -0.158819
v 0.274015 1.874382 -0.146702
v 0.27402 1.88363 -0.137415
v 0.264915 1.872848 -0.144245
v 0.264916 1.881218 -0.135871
v 0.265032 1.521226 -0.15238
v 0.261495 1.886038 0.151125
v 0.255931 1.872877 0.124564
v 0.253632 1.872465 0.124315
v 0.201993 1.871395 0.123799
v 0.196121 1.870705 0.123618
v 0.196121 1.870705 -0.130156
v 0.201993 1.871395 -0.130337
v 0.190714 1.867237 -0.122537
v 0.191106 1.867138 -0.128211
v 0.192153 1.868088 -0.129964
v 0.192853 1.868959 -0.129923
v 0.193724 1.869659 -0.129964
v 0.190714 1.858184 -0.130256
v 0.191106 1.865026 -0.130157
v 0.190407 1.867326 0.102844
v 0.190714 1.867237 0.115998
v 0.191106 1.867138 0.121673
v 0.191106 1.865026 0.123618
v 0.190714 1.858184 0.123718
v 0.193724 1.869659 0.123425
v 0.192853 1.868959 0.123385
v 0.192153 1.868088 0.123425
v 0.192153 1.866945 0.124568
v 0.192853 1.866905 0.125439
v 0.193724 1.866945 0.126139
v 0.201993 1.867318 0.127875
v 0.196121 1.867138 0.127185
v 0.191106 1.551442 0.123618
v 0.190714 1.558284 0.123718
v 0.190407 1.574607 0.123806
v 0.192153 1.548381 0.123425
v 0.193724 1.546809 0.123425
v 0.196121 1.545763 0.123618
v 0.201993 1.545074 0.123799
v 0.193724 1.546809 -0.129964
v 0.192153 1.548381 -0.129964
v 0.201993 1.545074 -0.130337
v 0.196121 1.545763 -0.130156
v 0.255931 1.543591 -0.131103
v 0.253632 1.544003 -0.130853
v 0.253632 1.544003 0.124315
v 0.255931 1.543591 0.124564
v 0.260795 1.540698 0.126244
v 0.258688 1.542402 0.125266
v 0.264943 1.572796 0.140813
v 0.26494 1.555333 0.139964
v 0.264936 1.547183 0.138851
v 0.264929 1.541365 0.135772
v 0.264928 1.539167 0.133812
v 0.264927 1.537224 0.131602
v 0.26388 1.536323 0.128726
v 0.262362 1.538499 0.12749
v 0.264928 1.534199 0.125939
v 0.264929 1.533123 0.118955
v 0.264931 1.532312 0.104662
v 0.260795 1.540698 -0.132783
v 0.258688 1.542402 -0.131804
v 0.264929 1.533123 -0.125494
v 0.264928 1.534199 -0.132478
v 0.26388 1.536323 -0.135264
v 0.262362 1.538499 -0.134029
v 0.274148 1.533053 -0.125837
v 0.274163 1.534031 -0.132892
v 0.27567 1.519951 -0.139948
v 0.275619 1.521078 -0.14777
v 0.274669 1.534663 -0.136994
v 0.274485 1.53509 -0.136473
v 0.265156 1.518368 -0.140765
v 0.265092 1.519633 -0.148677
v 0.275133 1.522125 -0.151859
v 0.275447 1.522277 -0.151697
v 0.265092 1.519633 0.142139
v 0.265156 1.518368 0.134226
v 0.265217 1.517411 0.11811
v 0.275717 1.519116 0.11742
v 0.27567 1.519951 0.133409
v 0.275619 1.521078 0.141231
v 0.274134 1.532338 0.104929
v 0.274148 1.533053 0.119298
v 0.274163 1.534031 0.126354
v 0.275603 1.523578 0.143626
v 0.275615 1.522943 0.144379
v 0.264921 1.527937 0.153495
v 0.264946 1.525408 0.151219
v 0.264983 1.52316 0.148656
v 0.275532 1.524331 0.147615
v 0.275503 1.526455 0.15013
v 0.275485 1.52887 0.152383
v 0.274188 1.536911 0.132151
v 0.274198 1.538821 0.134432
v 0.274206 1.54101 0.136476
v 0.264695 1.562401 0.158981
v 0.264847 1.54345 0.158236
v 0.2649 1.534523 0.157043
v 0.275474 1.53526 0.156005
v 0.275426 1.544105 0.157319
v 0.275275 1.562979 0.158262
v 0.27422 1.546883 0.139789
v 0.274224 1.555092 0.141052
v 0.274224 1.572633 0.142068
v 0.264926 1.861243 0.140167
v 0.26492 1.869423 0.139085
v 0.273574 1.874203 0.13996
v 0.274032 1.870692 0.141573
v 0.274058 1.862247 0.142597
v 0.262361 1.871013 0.134455
v 0.263875 1.872313 0.13676
v 0.258688 1.868785 0.130547
v 0.260795 1.869764 0.13225
v 0.253632 1.867834 0.128946
v 0.255931 1.868084 0.129357
v 0.258688 1.874066 0.125266
v 0.260795 1.87577 0.126244
v 0.264925 1.884556 0.104734
v 0.264922 1.88372 0.119056
v 0.264919 1.882614 0.126071
v 0.263876 1.880277 0.128795
v 0.262361 1.877974 0.127493
v 0.264913 1.879521 0.131799
v 0.264912 1.877543 0.134037
v 0.264913 1.875309 0.136016
v 0.274021 1.887293 0.105435
v 0.274023 1.88638 0.120025
v 0.274023 1.885167 0.127322
v 0.274015 1.881755 0.133636
v 0.27401 1.879566 0.136144
v 0.274009 1.877097 0.138339
v 0.271983 1.899949 0.114657
v 0.271979 1.898996 0.130456
v 0.271977 1.897738 0.138333
v 0.274323 1.884363 0.131521
v 0.27426 1.883912 0.13112
v 0.271981 1.894241 0.145099
v 0.27199 1.892014 0.147802
v 0.272003 1.889509 0.150209
v 0.274321 1.875085 0.140877
v 0.274255 1.874646 0.140439
v 0.261439 1.893207 0.144366
v 0.261451 1.891075 0.146915
v 0.26147 1.888674 0.14918
v 0.271494 1.887064 0.152557
v 0.271836 1.886978 0.152487
v 0.261438 1.898623 0.114478
v 0.261434 1.897727 0.130162
v 0.261431 1.896538 0.137904
v 0.274023 1.88638 -0.126564
v 0.274023 1.885167 -0.13386
v 0.272286 1.895164 -0.147785
v 0.272128 1.895774 -0.148336
v 0.271977 1.897738 -0.144872
v 0.271979 1.898996 -0.136994
v 0.261431 1.896538 -0.144442
v 0.261434 1.897727 -0.1367
v 0.26147 1.888674 -0.155718
v 0.261451 1.891075 -0.153454
v 0.261439 1.893207 -0.150904
v 0.271981 1.894241 -0.151638
v 0.27199 1.892014 -0.15434
v 0.272003 1.889509 -0.156748
v 0.261625 1.873587 -0.160621
v 0.261533 1.882373 -0.159274
v 0.272059 1.882975 -0.160527
v 0.27215 1.874076 -0.161912
v 0.274032 1.870692 -0.148111
v 0.274058 1.862247 -0.149136
v 0.274321 1.875085 -0.147416
v 0.274255 1.874646 -0.146977
v 0.274015 1.881755 -0.140175
v 0.27401 1.879566 -0.142682
v 0.274009 1.877097 -0.144878
v 0.26492 1.869423 -0.145624
v 0.264926 1.861243 -0.146705
v 0.264913 1.879521 -0.138338
v 0.264912 1.877543 -0.140576
v 0.264913 1.875309 -0.142555
v 0.263875 1.872313 -0.143299
v 0.262361 1.871012 -0.140993
v 0.263876 1.880277 -0.135334
v 0.262361 1.877974 -0.134031
v 0.264919 1.882614 -0.132609
v 0.264922 1.88372 -0.125594
v 0.258688 1.874066 -0.131804
v 0.260795 1.87577 -0.132783
v 0.253632 1.872465 -0.130853
v 0.255931 1.872877 -0.131103
v 0.253632 1.867834 -0.135484
v 0.255931 1.868084 -0.135896
v 0.258688 1.868785 -0.137085
v 0.260795 1.869764 -0.138789
v 0.264936 1.547183 -0.14539
v 0.26494 1.555333 -0.146502
v 0.264943 1.572796 -0.147351
v 0.264927 1.537224 -0.138141
v 0.264928 1.539167 -0.14035
v 0.264929 1.541365 -0.14231
v 0.274188 1.536911 -0.138689
v 0.274198 1.538821 -0.14097
v 0.274206 1.54101 -0.143015
v 0.27422 1.546883 -0.146327
v 0.274224 1.555092 -0.147591
v 0.274224 1.572633 -0.148606
v 0.275532 1.524331 -0.154154
v 0.275503 1.526455 -0.156669
v 0.275485 1.52887 -0.158921
v 0.275474 1.535261 -0.162544
v 0.275426 1.544105 -0.163858
v 0.275275 1.562979 -0.1648
v 0.264983 1.52316 -0.155195
v 0.264946 1.525408 -0.157758
v 0.264921 1.527937 -0.160034
v 0.2649 1.534523 -0.163582
v 0.264847 1.54345 -0.164774
v 0.264695 1.562401 -0.165519
v 0.190407 1.574607 -0.130344
v 0.190714 1.558284 -0.130256
v 0.191106 1.551442 -0.130157
v 0.193724 1.866945 -0.132678
v 0.192853 1.866905 -0.131978
v 0.192153 1.866945 -0.131106
v 0.201993 1.867318 -0.134413
v 0.196121 1.867138 -0.133724
v 0.261533 1.882373 0.152736
v 0.261625 1.873587 0.154082
v 0.27215 1.874076 0.155374
v 0.272059 1.882975 0.153988
v 0.275447 1.522276 0.145158
v 0.275133 1.522125 0.145321
v 0.271789 1.896372 0.142345
v 0.271446 1.896447 0.142426
v 0.271789 1.896372 -0.148884
v 0.271446 1.896447 -0.148964
v 0.271836 1.886978 -0.159026
v 0.271494 1.887064 -0.159096
v 0.273694 1.535403 -0.136037
v 0.273579 1.883425 0.130708
v 0.273574 1.874203 -0.146498
v 0.273579 1.883425 -0.137247
v 0.273694 1.535403 0.129499
v 0.274485 1.53509 0.129935
v 0.274669 1.534663 0.130455
v 0.27426 1.883912 -0.137658
v 0.274323 1.884363 -0.13806
v 0.275615 1.522943 -0.150917
v 0.275603 1.523578 -0.150165
v 0.272128 1.895774 0.141797
v 0.272286 1.895164 0.141247
v 0.272173 1.886378 0.15191
v 0.272327 1.885773 0.151321
v 0.272173 1.886378 -0.158449
v 0.272327 1.885773 -0.15786
v 0.253575 1.874351 0.103048
v 0.25586 1.874864 0.103135
v 0.253595 1.873873 0.116348
v 0.255885 1.874356 0.116487
v 0.253615 1.873247 0.122219
v 0.25591 1.873695 0.122414
v 0.201947 1.872936 0.102887
v 0.201963 1.872556 0.116085
v 0.201979 1.872047 0.121835
v 0.195953 1.872055 0.102857
v 0.196006 1.871712 0.116027
v 0.196064 1.871263 0.121729
v 0.201963 1.872556 -0.122623
v 0.196006 1.871712 -0.122565
v 0.201979 1.872047 -0.128373
v 0.196064 1.871263 -0.128268
v 0.193394 1.870347 -0.122516
v 0.192358 1.869454 -0.122507
v 0.191465 1.868417 -0.122516
v 0.193553 1.87003 -0.128165
v 0.192591 1.869221 -0.128145
v 0.191781 1.868258 -0.128165
v 0.189614 1.858244 -0.122597
v 0.190099 1.858213 -0.128326
v 0.190099 1.86514 -0.122565
v 0.190548 1.865082 -0.128268
v 0.189249 1.858274 0.102874
v 0.189756 1.865193 0.102857
v 0.189614 1.858244 0.116058
v 0.190099 1.86514 0.116027
v 0.190099 1.858212 0.121787
v 0.190548 1.865082 0.121729
v 0.191211 1.868554 0.102835
v 0.192163 1.869648 0.102831
v 0.193258 1.870601 0.102835
v 0.191465 1.868417 0.115977
v 0.192358 1.869454 0.115969
v 0.193394 1.870347 0.115977
v 0.191781 1.868258 0.121626
v 0.192591 1.869221 0.121607
v 0.193553 1.87003 0.121626
v 0.193394 1.858163 0.126827
v 0.192358 1.858154 0.125934
v 0.191465 1.858163 0.124897
v 0.193553 1.864979 0.126511
v 0.192591 1.86496 0.125701
v 0.191781 1.864979 0.124739
v 0.19338 1.868431 0.124912
v 0.193887 1.869227 0.124405
v 0.19397 1.868679 0.125159
v 0.193887 1.867925 0.125708
v 0.193133 1.867841 0.125159
v 0.192584 1.867925 0.124405
v 0.193133 1.868679 0.124322
v 0.202002 1.87059 0.125025
v 0.202005 1.869638 0.126119
v 0.202002 1.868545 0.127071
v 0.196167 1.87003 0.124738
v 0.196187 1.86922 0.125701
v 0.196167 1.868258 0.12651
v 0.201963 1.85827 0.129037
v 0.196006 1.858212 0.128192
v 0.201979 1.865188 0.128527
v 0.196064 1.865082 0.127743
v 0.201947 1.574564 0.129417
v 0.201963 1.558198 0.129037
v 0.201979 1.55128 0.128527
v 0.195953 1.574594 0.128535
v 0.196006 1.558256 0.128192
v 0.196064 1.551386 0.127743
v 0.191211 1.574616 0.125034
v 0.192163 1.574619 0.126128
v 0.193258 1.574616 0.127081
v 0.191465 1.558306 0.124897
v 0.192358 1.558314 0.125934
v 0.193394 1.558306 0.126827
v 0.191781 1.551489 0.124739
v 0.192591 1.551509 0.125701
v 0.193553 1.551489 0.126511
v 0.188871 1.574561 0.10289
v 0.189249 1.574577 0.116089
v 0.189756 1.574594 0.12184
v 0.189249 1.558194 0.102874
v 0.189614 1.558224 0.116058
v 0.190099 1.558256 0.121787
v 0.189756 1.551275 0.102857
v 0.190099 1.551328 0.116027
v 0.190548 1.551386 0.121729
v 0.193258 1.545867 0.102835
v 0.191211 1.547915 0.102835
v 0.193394 1.546122 0.115977
v 0.191465 1.548051 0.115977
v 0.193553 1.546438 0.121626
v 0.191781 1.54821 0.121626
v 0.193887 1.548544 0.125708
v 0.19397 1.547789 0.125159
v 0.193887 1.547241 0.124405
v 0.192584 1.548544 0.124405
v 0.193133 1.548627 0.125159
v 0.201947 1.543532 0.102887
v 0.195953 1.544413 0.102857
v 0.201963 1.543912 0.116085
v 0.196006 1.544757 0.116027
v 0.201979 1.544421 0.121835
v 0.196064 1.545205 0.121729
v 0.202002 1.547923 0.127071
v 0.202005 1.54683 0.126119
v 0.202002 1.545878 0.125025
v 0.196167 1.54821 0.12651
v 0.196187 1.547248 0.125701
v 0.196167 1.546438 0.124738
v 0.191465 1.548051 -0.122516
v 0.193394 1.546122 -0.122516
v 0.191781 1.54821 -0.128165
v 0.193553 1.546438 -0.128165
v 0.201963 1.543912 -0.122623
v 0.201979 1.544421 -0.128373
v 0.196006 1.544757 -0.122565
v 0.196064 1.545205 -0.128268
v 0.253595 1.542595 -0.122887
v 0.255885 1.542112 -0.123026
v 0.253615 1.543222 -0.128757
v 0.25591 1.542774 -0.128953
v 0.253575 1.542117 0.103048
v 0.253595 1.542595 0.116348
v 0.253615 1.543222 0.122219
v 0.25586 1.541604 0.103135
v 0.255885 1.542112 0.116487
v 0.25591 1.542774 0.122414
v 0.253642 1.544943 0.125679
v 0.253646 1.546036 0.126913
v 0.253642 1.547269 0.128005
v 0.255944 1.544568 0.125976
v 0.255948 1.545698 0.127251
v 0.255944 1.546972 0.12838
v 0.253575 1.574402 0.130831
v 0.25586 1.574315 0.131345
v 0.253595 1.557934 0.130353
v 0.255885 1.557795 0.130836
v 0.253615 1.550897 0.129727
v 0.25591 1.550701 0.130175
v 0.258631 1.574075 0.132812
v 0.26079 1.573746 0.134862
v 0.258651 1.55741 0.132223
v 0.260792 1.55688 0.134179
v 0.258671 1.550156 0.131467
v 0.260793 1.549403 0.133307
v 0.258698 1.54613 0.129462
v 0.260795 1.544943 0.131012
v 0.258702 1.54473 0.128218
v 0.260796 1.543352 0.129596
v 0.258698 1.543486 0.126818
v 0.260795 1.541937 0.128006
v 0.2639 1.572933 0.139891
v 0.263894 1.555562 0.13907
v 0.263888 1.547514 0.137996
v 0.262387 1.573334 0.137401
v 0.262378 1.556213 0.136639
v 0.262369 1.54845 0.135656
v 0.263879 1.541902 0.13504
v 0.263877 1.539795 0.133166
v 0.263878 1.537928 0.131054
v 0.262357 1.543417 0.133022
v 0.262355 1.541569 0.13138
v 0.262357 1.539927 0.129532
v 0.263895 1.533132 0.10452
v 0.262387 1.53555 0.104117
v 0.26389 1.533937 0.118723
v 0.262378 1.536312 0.118069
v 0.263885 1.534995 0.125604
v 0.262369 1.537294 0.124665
v 0.26079 1.538087 0.103705
v 0.258631 1.540136 0.103376
v 0.260792 1.53877 0.117403
v 0.258651 1.540725 0.116873
v 0.260793 1.539642 0.123712
v 0.258671 1.541481 0.122959
v 0.258651 1.540725 -0.123411
v 0.260792 1.53877 -0.123941
v 0.258671 1.541481 -0.129498
v 0.260793 1.539642 -0.130251
v 0.26389 1.533937 -0.125262
v 0.263885 1.534995 -0.132143
v 0.262378 1.536312 -0.124608
v 0.262369 1.537294 -0.131204
v 0.273679 1.53412 -0.132741
v 0.273664 1.533136 -0.125691
v 0.275645 1.522141 -0.146561
v 0.27569 1.521028 -0.138802
v 0.27566 1.521496 -0.147296
v 0.275709 1.520375 -0.139499
v 0.275236 1.519523 -0.140368
v 0.275183 1.520661 -0.148215
v 0.275548 1.519686 -0.14022
v 0.275496 1.520818 -0.148057
v 0.275183 1.520661 0.141676
v 0.275236 1.519523 0.133829
v 0.275286 1.518679 0.11779
v 0.275496 1.520818 0.141519
v 0.275548 1.519686 0.133681
v 0.275597 1.518847 0.11766
v 0.275733 1.520204 0.116406
v 0.27569 1.521028 0.132263
v 0.275645 1.522141 0.140022
v 0.275754 1.519545 0.117023
v 0.275709 1.520375 0.13296
v 0.27566 1.521496 0.140758
v 0.275042 1.528498 0.152865
v 0.275061 1.526071 0.150606
v 0.275092 1.523936 0.148083
v 0.275357 1.528632 0.152692
v 0.275376 1.526212 0.150435
v 0.275407 1.524082 0.147916
v 0.275568 1.52536 0.146357
v 0.275542 1.527465 0.148852
v 0.275526 1.52986 0.151088
v 0.275577 1.524735 0.147122
v 0.275549 1.526851 0.149629
v 0.275531 1.529258 0.151875
v 0.274825 1.562691 0.158734
v 0.274981 1.543777 0.157802
v 0.275031 1.534911 0.156492
v 0.275143 1.562793 0.158571
v 0.275297 1.543893 0.157632
v 0.275347 1.535035 0.156319
v 0.275517 1.536206 0.154686
v 0.275473 1.544998 0.155998
v 0.275334 1.563763 0.156949
v 0.275522 1.535631 0.155488
v 0.275475 1.544455 0.156802
v 0.275329 1.563286 0.157748
v 0.273736 1.546996 0.139626
v 0.273741 1.555201 0.140883
v 0.273742 1.57273 0.141891
v 0.273614 1.862089 0.142393
v 0.27359 1.870521 0.141367
v 0.263889 1.860952 0.139156
v 0.262378 1.860257 0.136642
v 0.263881 1.869012 0.138095
v 0.262369 1.86802 0.13566
v 0.260792 1.859588 0.134179
v 0.258651 1.859058 0.132223
v 0.260793 1.867065 0.133307
v 0.258671 1.866312 0.131467
v 0.253595 1.858534 0.130353
v 0.253615 1.865572 0.129727
v 0.255885 1.858673 0.130836
v 0.25591 1.865767 0.130175
v 0.253642 1.869199 0.128005
v 0.253646 1.870432 0.126913
v 0.253642 1.871525 0.125679
v 0.255944 1.869496 0.12838
v 0.255948 1.87077 0.127251
v 0.255944 1.8719 0.125976
v 0.258698 1.872982 0.126818
v 0.260795 1.874532 0.128006
v 0.258702 1.871738 0.128218
v 0.260796 1.873116 0.129596
v 0.258698 1.870338 0.129462
v 0.260795 1.871525 0.131012
v 0.258631 1.876332 0.103376
v 0.26079 1.878381 0.103705
v 0.258651 1.875743 0.116873
v 0.260792 1.877698 0.117403
v 0.258671 1.874987 0.122959
v 0.260793 1.876827 0.123712
v 0.263893 1.883505 0.104551
v 0.263887 1.88269 0.118766
v 0.263881 1.881618 0.125659
v 0.262387 1.880924 0.104118
v 0.262378 1.880162 0.118071
v 0.262369 1.87918 0.124667
v 0.263872 1.878657 0.131138
v 0.263871 1.876775 0.133261
v 0.263872 1.874653 0.135143
v 0.262357 1.876546 0.129535
v 0.262355 1.874902 0.131383
v 0.262357 1.873055 0.133026
v 0.273582 1.884956 0.127165
v 0.273582 1.886165 0.119883
v 0.27358 1.887074 0.105314
v 0.273568 1.876911 0.138141
v 0.273569 1.879373 0.135954
v 0.273574 1.881555 0.133457
v 0.272285 1.896743 0.137453
v 0.272287 1.897998 0.12962
v 0.27229 1.898948 0.113917
v 0.272128 1.897354 0.137992
v 0.27213 1.898611 0.130131
v 0.272133 1.899563 0.114369
v 0.272308 1.888522 0.149269
v 0.272296 1.891025 0.146876
v 0.272289 1.89325 0.144187
v 0.272153 1.889127 0.149846
v 0.27214 1.891632 0.147444
v 0.272132 1.893858 0.144746
v 0.27145 1.894534 0.145377
v 0.271459 1.89231 0.148078
v 0.271473 1.889809 0.150485
v 0.271793 1.894457 0.1453
v 0.271802 1.892231 0.148004
v 0.271816 1.889727 0.150414
v 0.271451 1.900233 0.114899
v 0.271447 1.899281 0.130726
v 0.271445 1.898026 0.138613
v 0.271794 1.900163 0.114824
v 0.271791 1.899211 0.130644
v 0.271789 1.897953 0.13853
v 0.272287 1.897998 -0.136159
v 0.272285 1.896743 -0.143992
v 0.27213 1.898611 -0.13667
v 0.272128 1.897354 -0.14453
v 0.271445 1.898026 -0.145152
v 0.271447 1.899281 -0.137264
v 0.271789 1.897953 -0.145069
v 0.271791 1.899211 -0.137183
v 0.271473 1.889809 -0.157024
v 0.271459 1.89231 -0.154617
v 0.27145 1.894534 -0.151916
v 0.271816 1.889727 -0.156952
v 0.271802 1.892231 -0.154543
v 0.271793 1.894457 -0.151839
v 0.271623 1.874375 -0.162202
v 0.27153 1.883282 -0.160807
v 0.271965 1.874287 -0.16213
v 0.271872 1.883193 -0.160738
v 0.272361 1.881994 -0.159544
v 0.272447 1.873129 -0.160901
v 0.272207 1.882595 -0.160148
v 0.272297 1.873708 -0.161522
v 0.272289 1.89325 -0.150726
v 0.272296 1.891025 -0.153414
v 0.272308 1.888522 -0.155807
v 0.272132 1.893858 -0.151285
v 0.27214 1.891632 -0.153982
v 0.272153 1.889127 -0.156385
v 0.27359 1.870521 -0.147906
v 0.273614 1.862089 -0.148931
v 0.273574 1.881555 -0.139995
v 0.273569 1.879373 -0.142493
v 0.273568 1.876911 -0.14468
v 0.263888 1.860952 -0.145695
v 0.263881 1.869012 -0.144633
v 0.262378 1.860257 -0.143181
v 0.262369 1.86802 -0.142199
v 0.263872 1.874653 -0.141682
v 0.263871 1.876775 -0.1398
v 0.263872 1.878657 -0.137676
v 0.262357 1.873055 -0.139565
v 0.262355 1.874902 -0.137922
v 0.262357 1.876546 -0.136074
v 0.263887 1.88269 -0.125304
v 0.262378 1.880162 -0.124609
v 0.263881 1.881618 -0.132198
v 0.262369 1.87918 -0.131206
v 0.273582 1.886165 -0.126422
v 0.273582 1.884956 -0.133704
v 0.260792 1.877698 -0.123941
v 0.258651 1.875743 -0.123411
v 0.260793 1.876827 -0.130251
v 0.258671 1.874987 -0.129498
v 0.253595 1.873873 -0.122887
v 0.253615 1.873247 -0.128757
v 0.255885 1.874356 -0.123026
v 0.25591 1.873695 -0.128953
v 0.253642 1.871525 -0.132218
v 0.253646 1.870432 -0.133451
v 0.253642 1.869199 -0.134544
v 0.255944 1.8719 -0.132515
v 0.255948 1.87077 -0.133789
v 0.255944 1.869496 -0.134919
v 0.258698 1.872982 -0.133357
v 0.258702 1.871738 -0.134757
v 0.258698 1.870338 -0.136001
v 0.260795 1.874532 -0.134544
v 0.260796 1.873116 -0.136135
v 0.260795 1.871525 -0.137551
v 0.253595 1.858534 -0.136892
v 0.255885 1.858673 -0.137375
v 0.253615 1.865572 -0.136266
v 0.25591 1.865767 -0.136713
v 0.258651 1.859058 -0.138762
v 0.260792 1.859589 -0.140717
v 0.258671 1.866312 -0.138006
v 0.260793 1.867065 -0.139845
v 0.253575 1.574402 -0.13737
v 0.253595 1.557935 -0.136892
v 0.253615 1.550897 -0.136266
v 0.25586 1.574315 -0.137883
v 0.255885 1.557795 -0.137375
v 0.25591 1.550701 -0.136713
v 0.26079 1.573746 -0.1414
v 0.258631 1.574075 -0.139351
v 0.260792 1.55688 -0.140717
v 0.258651 1.55741 -0.138762
v 0.260793 1.549403 -0.139845
v 0.258671 1.550156 -0.138006
v 0.2639 1.572933 -0.14643
v 0.262387 1.573334 -0.143939
v 0.263894 1.555562 -0.145609
v 0.262378 1.556213 -0.143178
v 0.263888 1.547514 -0.144535
v 0.262369 1.54845 -0.142195
v 0.263878 1.537928 -0.137593
v 0.263877 1.539795 -0.139705
v 0.263879 1.541902 -0.141579
v 0.262357 1.539927 -0.136071
v 0.262355 1.541569 -0.137918
v 0.262357 1.543417 -0.139561
v 0.258698 1.54613 -0.136001
v 0.258702 1.54473 -0.134757
v 0.258698 1.543486 -0.133357
v 0.260795 1.544943 -0.137551
v 0.260796 1.543352 -0.136135
v 0.260795 1.541937 -0.134544
v 0.273722 1.541118 -0.142861
v 0.273714 1.538925 -0.140818
v 0.273705 1.53701 -0.138538
v 0.273742 1.57273 -0.14843
v 0.273741 1.555201 -0.147421
v 0.273736 1.546996 -0.146165
v 0.275525 1.52986 -0.157627
v 0.275542 1.527465 -0.155391
v 0.275568 1.52536 -0.152896
v 0.275531 1.529258 -0.158414
v 0.275549 1.526851 -0.156168
v 0.275577 1.524735 -0.153661
v 0.275334 1.563763 -0.163488
v 0.275473 1.544998 -0.162537
v 0.275517 1.536206 -0.161225
v 0.275329 1.563286 -0.164287
v 0.275475 1.544455 -0.163341
v 0.275522 1.535631 -0.162027
v 0.275092 1.523936 -0.154621
v 0.275061 1.526071 -0.157144
v 0.275042 1.528498 -0.159404
v 0.275407 1.524082 -0.154454
v 0.275376 1.526212 -0.156974
v 0.275357 1.528632 -0.159231
v 0.275031 1.534911 -0.163031
v 0.274981 1.543777 -0.164341
v 0.274825 1.562691 -0.165272
v 0.275347 1.535035 -0.162858
v 0.275297 1.543893 -0.164171
v 0.275143 1.562793 -0.165109
v 0.253642 1.547269 -0.134544
v 0.253646 1.546036 -0.133451
v 0.253642 1.544943 -0.132218
v 0.255944 1.546972 -0.134919
v 0.255948 1.545698 -0.133789
v 0.255944 1.544568 -0.132515
v 0.201947 1.574564 -0.135955
v 0.195953 1.574594 -0.135074
v 0.201963 1.558198 -0.135575
v 0.196006 1.558256 -0.134731
v 0.201979 1.55128 -0.135066
v 0.196064 1.551386 -0.134282
v 0.202002 1.545878 -0.131564
v 0.202005 1.54683 -0.132657
v 0.202002 1.547923 -0.133609
v 0.196167 1.546438 -0.131277
v 0.196187 1.547248 -0.132239
v 0.196167 1.54821 -0.133049
v 0.193258 1.574616 -0.13362
v 0.192163 1.574619 -0.132667
v 0.191211 1.574616 -0.131573
v 0.193394 1.558306 -0.133365
v 0.192358 1.558314 -0.132473
v 0.191465 1.558306 -0.131436
v 0.193553 1.551489 -0.133049
v 0.192591 1.551509 -0.13224
v 0.191781 1.551489 -0.131277
v 0.193887 1.548544 -0.132246
v 0.193133 1.548627 -0.131698
v 0.192584 1.548544 -0.130944
v 0.193887 1.547241 -0.130944
v 0.19397 1.547789 -0.131698
v 0.189249 1.574577 -0.122627
v 0.189614 1.558224 -0.122597
v 0.190099 1.551328 -0.122565
v 0.189756 1.574594 -0.128379
v 0.190099 1.558256 -0.128326
v 0.190548 1.551386 -0.128268
v 0.191465 1.858163 -0.131436
v 0.192358 1.858154 -0.132473
v 0.193394 1.858163 -0.133365
v 0.191781 1.864979 -0.131277
v 0.192591 1.86496 -0.13224
v 0.193553 1.864979 -0.133049
v 0.201963 1.85827 -0.135575
v 0.201979 1.865188 -0.135066
v 0.196006 1.858212 -0.134731
v 0.196064 1.865082 -0.134282
v 0.202002 1.868545 -0.133609
v 0.202005 1.869638 -0.132657
v 0.202002 1.87059 -0.131564
v 0.196167 1.868258 -0.133049
v 0.196187 1.86922 -0.132239
v 0.196167 1.87003 -0.131277
v 0.19338 1.868432 -0.13145
v 0.193887 1.869227 -0.130944
v 0.193133 1.868679 -0.13086
v 0.192584 1.867925 -0.130944
v 0.193133 1.867841 -0.131698
v 0.193887 1.867925 -0.132246
v 0.19397 1.868679 -0.131698
v 0.27153 1.883282 0.154269
v 0.271623 1.874375 0.155663
v 0.271872 1.883193 0.154199
v 0.271965 1.874287 0.155592
v 0.272447 1.873129 0.154362
v 0.272361 1.881994 0.153006
v 0.272297 1.873708 0.154984
v 0.272207 1.882595 0.153609
v 0.273705 1.53701 0.131999
v 0.273714 1.538925 0.13428
v 0.273722 1.541118 0.136322
v 0.27365 1.532417 0.104798
v 0.273664 1.533136 0.119152
v 0.273679 1.53412 0.126202
v 0.274301 1.862492 0.142882
v 0.274273 1.87095 0.141853
v 0.274369 1.862908 0.143341
v 0.274339 1.871383 0.142302
v 0.274527 1.572452 -0.148918
v 0.27453 1.554887 -0.147898
v 0.274527 1.546668 -0.14663
v 0.274699 1.572122 -0.149475
v 0.274708 1.554512 -0.148456
v 0.274706 1.546272 -0.147185
v 0.274513 1.540792 -0.143308
v 0.274505 1.538601 -0.141261
v 0.274496 1.536692 -0.138977
v 0.274693 1.54038 -0.143851
v 0.274686 1.538184 -0.141796
v 0.274678 1.536269 -0.139504
v 0.274254 1.882033 -0.140427
v 0.274249 1.87984 -0.142944
v 0.274248 1.877366 -0.145147
v 0.274318 1.882481 -0.140838
v 0.274314 1.880285 -0.143364
v 0.274313 1.877809 -0.145576
v 0.274273 1.87095 -0.148392
v 0.274301 1.862492 -0.149421
v 0.274339 1.871383 -0.14884
v 0.274369 1.862908 -0.14988
v 0.274262 1.886669 -0.126781
v 0.274262 1.885453 -0.134094
v 0.274325 1.887126 -0.127149
v 0.274326 1.885907 -0.134484
v 0.274248 1.877366 0.138609
v 0.274249 1.87984 0.136405
v 0.274254 1.882033 0.133889
v 0.274313 1.877809 0.139038
v 0.274314 1.880285 0.136825
v 0.274318 1.882481 0.134299
v 0.274262 1.885453 0.127556
v 0.274262 1.886669 0.120243
v 0.27426 1.887584 0.105625
v 0.274326 1.885907 0.127945
v 0.274325 1.887126 0.12061
v 0.274324 1.888044 0.105948
v 0.274527 1.546668 0.140092
v 0.27453 1.554887 0.14136
v 0.274527 1.572452 0.142379
v 0.274706 1.546272 0.140646
v 0.274708 1.554512 0.141918
v 0.274699 1.572122 0.142937
v 0.274496 1.536692 0.132438
v 0.274505 1.538601 0.134722
v 0.274513 1.540792 0.13677
v 0.274678 1.536269 0.132966
v 0.274686 1.538184 0.135257
v 0.274693 1.54038 0.137312
v 0.274444 1.532123 0.105166
v 0.274458 1.532836 0.119565
v 0.274472 1.533813 0.126633
v 0.274634 1.531686 0.105595
v 0.274645 1.532402 0.120049
v 0.274657 1.533382 0.127143
v 0.274472 1.533813 -0.133172
v 0.274458 1.532836 -0.126104
v 0.274657 1.533382 -0.133681
v 0.274645 1.532402 -0.126588
v 0.360364 1.702833 -0.071696
v 0.358403 1.702833 -0.081605
v 0.360364 1.689829 -0.070415
v 0.360364 1.715837 -0.070415
v 0.358403 1.71777 -0.080134
v 0.360364 1.728341 -0.066622
v 0.358403 1.732133 -0.075777
v 0.360364 1.739865 -0.060462
v 0.358403 1.74537 -0.068702
v 0.360364 1.749966 -0.052173
v 0.358403 1.756973 -0.05918
v 0.360364 1.758255 -0.042072
v 0.358403 1.766495 -0.047577
v 0.360364 1.764415 -0.030548
v 0.358403 1.77357 -0.03434
v 0.360364 1.768208 -0.018044
v 0.358403 1.777927 -0.019977
v 0.360364 1.769489 -0.00504
v 0.358403 1.779398 -0.00504
v 0.360364 1.768208 0.007964
v 0.358403 1.777927 0.009897
v 0.360364 1.764415 0.020468
v 0.358403 1.77357 0.02426
v 0.360364 1.758255 0.031992
v 0.358403 1.766495 0.037497
v 0.360364 1.749966 0.042093
v 0.358403 1.756973 0.0491
v 0.360364 1.739865 0.050382
v 0.358403 1.74537 0.058622
v 0.360364 1.728341 0.056542
v 0.358403 1.732133 0.065697
v 0.360364 1.715837 0.060335
v 0.358403 1.71777 0.070054
v 0.360364 1.702833 0.061616
v 0.358403 1.702833 0.071525
v 0.360364 1.689829 0.060335
v 0.358403 1.687896 0.070054
v 0.360364 1.677325 0.056542
v 0.358403 1.673533 0.065697
v 0.360364 1.665801 0.050382
v 0.358403 1.660296 0.058622
v 0.360364 1.6557 0.042093
v 0.358403 1.648693 0.0491
v 0.360364 1.647411 0.031992
v 0.358403 1.639171 0.037497
v 0.360364 1.641251 0.020468
v 0.358403 1.632096 0.02426
v 0.360364 1.637458 0.007964
v 0.358403 1.627739 0.009897
v 0.360364 1.636177 -0.00504
v 0.358403 1.626268 -0.00504
v 0.360364 1.637458 -0.018044
v 0.358403 1.627739 -0.019977
v 0.360364 1.641251 -0.030548
v 0.358403 1.632096 -0.03434
v 0.360364 1.647411 -0.042072
v 0.358403 1.639171 -0.047577
v 0.360364 1.6557 -0.052173
v 0.358403 1.648693 -0.05918
v 0.360364 1.665801 -0.060462
v 0.358403 1.660296 -0.068702
v 0.360364 1.677325 -0.066622
v 0.358403 1.673533 -0.075777
v 0.352817 1.670318 -0.083538
v 0.358403 1.687896 -0.080134
v 0.352817 1.686257 -0.088373
v 0.344456 1.685162 -0.093879
v 0.352817 1.702833 -0.090006
v 0.344456 1.702833 -0.095619
v 0.352817 1.719409 -0.088373
v 0.344456 1.720504 -0.093879
v 0.352817 1.735348 -0.083538
v 0.344456 1.737496 -0.088724
v 0.352817 1.750038 -0.075687
v 0.344456 1.753156 -0.080354
v 0.352817 1.762913 -0.06512
v 0.344456 1.766882 -0.069089
v 0.352817 1.77348 -0.052245
v 0.344456 1.778147 -0.055363
v 0.352817 1.781331 -0.037555
v 0.344456 1.786517 -0.039703
v 0.352817 1.786166 -0.021616
v 0.344456 1.791672 -0.022711
v 0.352817 1.787799 -0.00504
v 0.344456 1.793412 -0.00504
v 0.352817 1.786166 0.011536
v 0.344456 1.791672 0.012631
v 0.352817 1.781331 0.027475
v 0.344456 1.786517 0.029623
v 0.352817 1.77348 0.042165
v 0.344456 1.778147 0.045283
v 0.352817 1.762913 0.05504
v 0.344456 1.766882 0.059009
v 0.352817 1.750038 0.065607
v 0.344456 1.753156 0.070274
v 0.352817 1.735348 0.073458
v 0.344456 1.737496 0.078644
v 0.352817 1.719409 0.078293
v 0.344456 1.720504 0.083799
v 0.352817 1.702833 0.079926
v 0.344456 1.702833 0.085539
v 0.352817 1.686257 0.078293
v 0.344456 1.685162 0.083799
v 0.352817 1.670318 0.073458
v 0.344456 1.66817 0.078644
v 0.352817 1.655629 0.065607
v 0.344456 1.65251 0.070274
v 0.352817 1.642753 0.05504
v 0.344456 1.638784 0.059009
v 0.352817 1.632187 0.042165
v 0.344456 1.627519 0.045283
v 0.352817 1.624335 0.027475
v 0.344456 1.619149 0.029623
v 0.352817 1.6195 0.011536
v 0.344456 1.613994 0.012631
v 0.352817 1.617867 -0.00504
v 0.344456 1.612254 -0.00504
v 0.352817 1.6195 -0.021616
v 0.344456 1.613994 -0.022711
v 0.352817 1.624335 -0.037555
v 0.344456 1.619149 -0.039703
v 0.352817 1.632187 -0.052245
v 0.344456 1.627519 -0.055363
v 0.352817 1.642753 -0.06512
v 0.344456 1.638784 -0.069089
v 0.352817 1.655629 -0.075687
v 0.344456 1.65251 -0.080354
v 0.334595 1.651415 -0.081993
v 0.344456 1.66817 -0.088724
v 0.334595 1.667416 -0.090545
v 0.334595 1.684777 -0.095812
v 0.268146 1.667416 -0.090545
v 0.268146 1.651415 -0.081993
v 0.268146 1.684777 -0.095812
v 0.268146 1.702833 -0.09759
v 0.334595 1.702833 -0.09759
v 0.268146 1.720889 -0.095812
v 0.334595 1.720889 -0.095812
v 0.268146 1.73825 -0.090545
v 0.334595 1.73825 -0.090545
v 0.268146 1.754251 -0.081993
v 0.334595 1.754251 -0.081993
v 0.268146 1.768276 -0.070483
v 0.334595 1.768276 -0.070483
v 0.268146 1.779786 -0.056458
v 0.334595 1.779786 -0.056458
v 0.268146 1.788338 -0.040457
v 0.334595 1.788338 -0.040457
v 0.268146 1.793605 -0.023096
v 0.334595 1.793605 -0.023096
v 0.268146 1.795383 -0.00504
v 0.334595 1.795383 -0.00504
v 0.268146 1.793605 0.013016
v 0.334595 1.793605 0.013016
v 0.268146 1.788338 0.030377
v 0.334595 1.788338 0.030377
v 0.268146 1.779786 0.046378
v 0.334595 1.779786 0.046378
v 0.268146 1.768276 0.060403
v 0.334595 1.768276 0.060403
v 0.268146 1.754251 0.071913
v 0.334595 1.754251 0.071913
v 0.268146 1.73825 0.080465
v 0.334595 1.73825 0.080465
v 0.268146 1.720889 0.085732
v 0.334595 1.720889 0.085732
v 0.268146 1.702833 0.08751
v 0.334595 1.702833 0.08751
v 0.268146 1.684777 0.085732
v 0.334595 1.684777 0.085732
v 0.268146 1.667416 0.080465
v 0.334595 1.667416 0.080465
v 0.268146 1.651415 0.071913
v 0.334595 1.651415 0.071913
v 0.268146 1.63739 0.060403
v 0.334595 1.63739 0.060403
v 0.268146 1.62588 0.046378
v 0.334595 1.62588 0.046378
v 0.268146 1.617328 0.030377
v 0.334595 1.617328 0.030377
v 0.268146 1.612061 0.013016
v 0.334595 1.612061 0.013016
v 0.268146 1.610283 -0.00504
v 0.334595 1.610283 -0.00504
v 0.268146 1.612061 -0.023096
v 0.334595 1.612061 -0.023096
v 0.268146 1.617328 -0.040457
v 0.334595 1.617328 -0.040457
v 0.268146 1.62588 -0.056458
v 0.334595 1.62588 -0.056458
v 0.268146 1.63739 -0.070483
v 0.334595 1.63739 -0.070483
v 0.360364 1.659288 -0.049383
v 0.360364 1.672839 -0.054815
v 0.360364 1.687542 -0.05816
v 0.360364 1.702833 -0.059289
v 0.360364 1.718124 -0.05816
v 0.360364 1.732827 -0.054815
v 0.360364 1.746378 -0.049383
v 0.360364 1.654448 -0.035963
v 0.360364 1.669505 -0.039987
v 0.360364 1.685843 -0.042465
v 0.360364 1.702833 -0.043302
v 0.360364 1.719823 -0.042465
v 0.360364 1.736161 -0.039987
v 0.360364 1.751218 -0.035963
v 0.360364 1.651468 -0.020918
v 0.360364 1.667452 -0.023054
v 0.360364 1.684796 -0.02437
v 0.360364 1.702833 -0.024814
v 0.360364 1.72087 -0.02437
v 0.360364 1.738214 -0.023054
v 0.360364 1.754198 -0.020918
v 0.360364 1.650462 -0.00504
v 0.360364 1.666759 -0.00504
v 0.360364 1.684443 -0.00504
v 0.360364 1.702833 -0.00504
v 0.360364 1.721223 -0.00504
v 0.360364 1.738907 -0.00504
v 0.360364 1.755204 -0.00504
v 0.360364 1.651468 0.010838
v 0.360364 1.667452 0.012974
v 0.360364 1.684796 0.01429
v 0.360364 1.702833 0.014734
v 0.360364 1.72087 0.01429
v 0.360364 1.738214 0.012974
v 0.360364 1.754198 0.010838
v 0.360364 1.654448 0.025883
v 0.360364 1.669505 0.029907
v 0.360364 1.685843 0.032385
v 0.360364 1.702833 0.033222
v 0.360364 1.719823 0.032385
v 0.360364 1.736161 0.029907
v 0.360364 1.751218 0.025883
v 0.360364 1.659288 0.039303
v 0.360364 1.672839 0.044735
v 0.360364 1.687542 0.04808
v 0.360364 1.702833 0.04921
v 0.360364 1.718124 0.04808
v 0.360364 1.732827 0.044735
v 0.360364 1.746378 0.039303
v 0.175264 1.702833 -0.112897
v 0.175264 1.681791 -0.110824
v 0.175264 1.723875 -0.110824
v 0.289098 1.702833 -0.112897
v 0.290489 1.702833 -0.112522
v 0.289098 1.723875 -0.110824
v 0.289098 1.681791 -0.110824
v 0.290489 1.681864 -0.110457
v 0.289098 1.661558 -0.104687
v 0.290489 1.661701 -0.104341
v 0.289098 1.642911 -0.094719
v 0.175264 1.661558 -0.104687
v 0.175264 1.642911 -0.094719
v 0.175264 1.626567 -0.081306
v 0.175264 1.613153 -0.064962
v 0.289098 1.626567 -0.081306
v 0.290489 1.626832 -0.081041
v 0.289098 1.613154 -0.064962
v 0.290489 1.613465 -0.064754
v 0.289098 1.603186 -0.046315
v 0.290489 1.603532 -0.046172
v 0.289098 1.597049 -0.026082
v 0.175264 1.603186 -0.046315
v 0.175264 1.597049 -0.026082
v 0.175264 1.594976 -0.00504
v 0.175264 1.597049 0.016002
v 0.289098 1.594976 -0.00504
v 0.290489 1.595351 -0.00504
v 0.289098 1.597049 0.016002
v 0.290489 1.597416 0.015929
v 0.289098 1.603186 0.036235
v 0.290489 1.603532 0.036092
v 0.289098 1.613154 0.054882
v 0.175264 1.603186 0.036235
v 0.175264 1.613153 0.054882
v 0.175264 1.626567 0.071226
v 0.175264 1.642911 0.08464
v 0.289098 1.626567 0.071226
v 0.290489 1.626832 0.070961
v 0.289098 1.642911 0.08464
v 0.290489 1.643119 0.084328
v 0.289098 1.661558 0.094607
v 0.290489 1.661701 0.094261
v 0.289098 1.681791 0.100744
v 0.175264 1.661558 0.094607
v 0.175264 1.681791 0.100744
v 0.175264 1.702833 0.102817
v 0.175264 1.723875 0.100744
v 0.289098 1.702833 0.102817
v 0.290489 1.702833 0.102442
v 0.289098 1.723875 0.100744
v 0.290489 1.723802 0.100377
v 0.289098 1.744108 0.094607
v 0.290489 1.743965 0.094261
v 0.289098 1.762755 0.08464
v 0.175264 1.744108 0.094607
v 0.175264 1.762755 0.08464
v 0.175264 1.779099 0.071226
v 0.175264 1.792513 0.054882
v 0.289098 1.779099 0.071226
v 0.290489 1.778834 0.070961
v 0.289098 1.792513 0.054882
v 0.290489 1.792201 0.054674
v 0.289098 1.80248 0.036235
v 0.290489 1.802134 0.036092
v 0.289098 1.808617 0.016002
v 0.175264 1.80248 0.036235
v 0.175264 1.808617 0.016002
v 0.175264 1.81069 -0.00504
v 0.175264 1.808617 -0.026082
v 0.289098 1.81069 -0.00504
v 0.290489 1.810315 -0.00504
v 0.289098 1.808617 -0.026082
v 0.290489 1.80825 -0.026009
v 0.289098 1.80248 -0.046315
v 0.290489 1.802134 -0.046172
v 0.289098 1.792513 -0.064962
v 0.175264 1.80248 -0.046315
v 0.175264 1.792513 -0.064962
v 0.175264 1.779099 -0.081306
v 0.175264 1.762755 -0.094719
v 0.289098 1.779099 -0.081306
v 0.290489 1.778834 -0.081041
v 0.289098 1.762755 -0.094719
v 0.290489 1.762547 -0.094408
v 0.289098 1.744108 -0.104687
v 0.290489 1.743965 -0.104341
v 0.175264 1.744108 -0.104687
v 0.291507 1.743573 -0.103395
v 0.290489 1.723802 -0.110457
v 0.291507 1.723602 -0.109453
v 0.29188 1.72333 -0.108083
v 0.291507 1.702833 -0.111499
v 0.29188 1.702833 -0.110102
v 0.291507 1.682064 -0.109453
v 0.29188 1.682337 -0.108083
v 0.291507 1.662093 -0.103395
v 0.29188 1.662628 -0.102104
v 0.291507 1.643688 -0.093557
v 0.29188 1.644464 -0.092395
v 0.291507 1.627555 -0.080318
v 0.290489 1.643119 -0.094408
v 0.29188 1.628543 -0.07933
v 0.291507 1.614316 -0.064185
v 0.29188 1.615478 -0.063409
v 0.291507 1.604478 -0.04578
v 0.29188 1.605769 -0.045245
v 0.291507 1.59842 -0.025809
v 0.29188 1.59979 -0.025536
v 0.291507 1.596374 -0.00504
v 0.290489 1.597416 -0.026009
v 0.29188 1.597772 -0.00504
v 0.291507 1.59842 0.015729
v 0.29188 1.59979 0.015457
v 0.291507 1.604478 0.0357
v 0.29188 1.605769 0.035165
v 0.291507 1.614316 0.054106
v 0.29188 1.615478 0.053329
v 0.291507 1.627555 0.070238
v 0.290489 1.613465 0.054674
v 0.29188 1.628543 0.06925
v 0.291507 1.643688 0.083478
v 0.29188 1.644464 0.082316
v 0.291507 1.662093 0.093315
v 0.29188 1.662628 0.092024
v 0.291507 1.682064 0.099374
v 0.29188 1.682337 0.098003
v 0.291507 1.702833 0.101419
v 0.290489 1.681864 0.100377
v 0.29188 1.702833 0.100022
v 0.291507 1.723602 0.099374
v 0.29188 1.72333 0.098003
v 0.291507 1.743573 0.093315
v 0.29188 1.743038 0.092024
v 0.291507 1.761979 0.083478
v 0.29188 1.761202 0.082316
v 0.291507 1.778111 0.070238
v 0.290489 1.762547 0.084328
v 0.29188 1.777123 0.06925
v 0.291507 1.79135 0.054106
v 0.29188 1.790189 0.053329
v 0.291507 1.801188 0.0357
v 0.29188 1.799897 0.035165
v 0.291507 1.807247 0.015729
v 0.29188 1.805876 0.015457
v 0.291507 1.809292 -0.00504
v 0.290489 1.80825 0.015929
v 0.29188 1.807895 -0.00504
v 0.291507 1.807247 -0.025809
v 0.29188 1.805876 -0.025536
v 0.291507 1.801188 -0.04578
v 0.29188 1.799897 -0.045245
v 0.291507 1.79135 -0.064185
v 0.29188 1.790189 -0.063409
v 0.291507 1.778111 -0.080318
v 0.290489 1.792201 -0.064754
v 0.29188 1.777123 -0.07933
v 0.291507 1.761979 -0.093557
v 0.29188 1.761202 -0.092395
v 0.29188 1.743038 -0.102104
v 0.29188 1.755804 -0.084317
v 0.291507 1.755028 -0.083155
v 0.29188 1.73932 -0.093127
v 0.29188 1.770252 -0.072459
v 0.291507 1.769264 -0.071471
v 0.29188 1.78211 -0.058011
v 0.291507 1.780948 -0.057235
v 0.29188 1.79092 -0.041527
v 0.291507 1.789629 -0.040992
v 0.29188 1.796346 -0.023641
v 0.291507 1.794976 -0.023368
v 0.29188 1.798178 -0.00504
v 0.291507 1.796781 -0.00504
v 0.29188 1.796346 0.013561
v 0.291507 1.794976 0.013288
v 0.29188 1.79092 0.031447
v 0.291507 1.789629 0.030912
v 0.29188 1.78211 0.047931
v 0.291507 1.780948 0.047155
v 0.29188 1.770252 0.062379
v 0.291507 1.769264 0.061391
v 0.29188 1.755804 0.074237
v 0.291507 1.755028 0.073075
v 0.29188 1.73932 0.083048
v 0.291507 1.738785 0.081756
v 0.29188 1.721434 0.088473
v 0.291507 1.721161 0.087103
v 0.29188 1.702833 0.090305
v 0.291507 1.702833 0.088908
v 0.29188 1.684232 0.088473
v 0.291507 1.684505 0.087103
v 0.29188 1.666346 0.083048
v 0.291507 1.666881 0.081756
v 0.29188 1.649862 0.074237
v 0.291507 1.650638 0.073075
v 0.29188 1.635414 0.062379
v 0.291507 1.636402 0.061391
v 0.29188 1.623556 0.047931
v 0.291507 1.624718 0.047155
v 0.29188 1.614746 0.031447
v 0.291507 1.616037 0.030912
v 0.29188 1.60932 0.013561
v 0.291507 1.610691 0.013288
v 0.29188 1.607488 -0.00504
v 0.291507 1.608885 -0.00504
v 0.29188 1.60932 -0.023641
v 0.291507 1.610691 -0.023368
v 0.29188 1.614746 -0.041527
v 0.291507 1.616037 -0.040992
v 0.29188 1.623556 -0.058011
v 0.291507 1.624718 -0.057235
v 0.29188 1.635414 -0.072459
v 0.291507 1.636402 -0.071471
v 0.29188 1.649862 -0.084317
v 0.291507 1.650638 -0.083155
v 0.29188 1.666346 -0.093127
v 0.291507 1.666881 -0.091836
v 0.29188 1.684232 -0.098553
v 0.291507 1.684505 -0.097182
v 0.29188 1.702833 -0.100385
v 0.291507 1.702833 -0.098988
v 0.29188 1.721434 -0.098553
v 0.291507 1.721161 -0.097182
v 0.290489 1.720962 -0.096179
v 0.291507 1.738785 -0.091836
v 0.290489 1.738394 -0.090891
v 0.289098 1.73825 -0.090545
v 0.290489 1.754459 -0.082304
v 0.289098 1.754251 -0.081993
v 0.290489 1.768541 -0.070748
v 0.289098 1.768276 -0.070483
v 0.290489 1.780097 -0.056666
v 0.289098 1.779786 -0.056458
v 0.290489 1.788684 -0.040601
v 0.289098 1.788338 -0.040457
v 0.290489 1.793972 -0.023169
v 0.289098 1.793605 -0.023096
v 0.290489 1.795758 -0.00504
v 0.289098 1.795383 -0.00504
v 0.290489 1.793972 0.013089
v 0.289098 1.793605 0.013016
v 0.290489 1.788684 0.030521
v 0.289098 1.788338 0.030377
v 0.290489 1.780097 0.046586
v 0.289098 1.779786 0.046378
v 0.290489 1.768541 0.060668
v 0.289098 1.768276 0.060403
v 0.290489 1.754459 0.072224
v 0.289098 1.754251 0.071913
v 0.290489 1.738394 0.080811
v 0.289098 1.73825 0.080465
v 0.290489 1.720962 0.086099
v 0.289098 1.720889 0.085732
v 0.290489 1.702833 0.087885
v 0.289098 1.702833 0.08751
v 0.290489 1.684704 0.086099
v 0.289098 1.684777 0.085732
v 0.290489 1.667272 0.080811
v 0.289098 1.667416 0.080465
v 0.290489 1.651207 0.072224
v 0.289098 1.651415 0.071913
v 0.290489 1.637125 0.060668
v 0.289098 1.63739 0.060403
v 0.290489 1.625569 0.046586
v 0.289098 1.62588 0.046378
v 0.290489 1.616982 0.030521
v 0.289098 1.617328 0.030377
v 0.290489 1.611694 0.013089
v 0.289098 1.612061 0.013016
v 0.290489 1.609908 -0.00504
v 0.289098 1.610283 -0.00504
v 0.290489 1.611694 -0.023169
v 0.289098 1.612061 -0.023096
v 0.290489 1.616982 -0.040601
v 0.289098 1.617328 -0.040457
v 0.290489 1.625569 -0.056666
v 0.289098 1.62588 -0.056458
v 0.290489 1.637125 -0.070748
v 0.289098 1.63739 -0.070483
v 0.290489 1.651207 -0.082304
v 0.289098 1.651415 -0.081993
v 0.290489 1.667272 -0.090891
v 0.289098 1.667416 -0.090545
v 0.290489 1.684704 -0.096179
v 0.289098 1.684777 -0.095812
v 0.290489 1.702833 -0.097965
v 0.289098 1.702833 -0.09759
v 0.289098 1.720889 -0.095812
v 0.270167 1.702833 -0.09759
v 0.270167 1.720889 -0.095812
v 0.270167 1.684777 -0.095812
v 0.270167 1.667416 -0.090545
v 0.270167 1.651415 -0.081993
v 0.270167 1.63739 -0.070483
v 0.270167 1.62588 -0.056458
v 0.270167 1.617328 -0.040457
v 0.270167 1.612061 -0.023096
v 0.270167 1.610283 -0.00504
v 0.270167 1.612061 0.013016
v 0.270167 1.617328 0.030377
v 0.270167 1.62588 0.046378
v 0.270167 1.63739 0.060403
v 0.270167 1.651415 0.071913
v 0.270167 1.667416 0.080465
v 0.270167 1.684777 0.085732
v 0.270167 1.702833 0.08751
v 0.270167 1.720889 0.085732
v 0.270167 1.73825 0.080465
v 0.270167 1.754251 0.071913
v 0.270167 1.768276 0.060403
v 0.270167 1.779786 0.046378
v 0.270167 1.788338 0.030377
v 0.270167 1.793605 0.013016
v 0.270167 1.795383 -0.00504
v 0.270167 1.793605 -0.023096
v 0.270167 1.788338 -0.040457
v 0.270167 1.779786 -0.056458
v 0.270167 1.768276 -0.070483
v 0.270167 1.754251 -0.081993
v 0.270167 1.73825 -0.090545
v 0.032016 1.275304 0.116015
v 0.032016 1.349509 0.218468
v 0.032016 1.279475 0.188971
v 0.032016 1.289619 0.204153
v 0.032016 1.304801 0.214297
v 0.032016 1.848863 0.218468
v 0.032016 1.961988 0.116015
v 0.032016 1.932491 0.214297
v 0.032016 1.947673 0.204153
v 0.032016 1.957817 0.188972
v 0.032016 1.349509 -0.225007
v 0.032016 1.275304 -0.122554
v 0.032016 1.304801 -0.220836
v 0.032016 1.289619 -0.210692
v 0.032016 1.279475 -0.19551
v 0.032016 1.961988 -0.122554
v 0.032016 1.848863 -0.225007
v 0.032016 1.957817 -0.19551
v 0.032016 1.947673 -0.210692
v 0.032016 1.932491 -0.220836
v 0.032016 1.540805 0.219077
v 0.032016 1.540805 -0.225616
v 0.031441 1.255202 -0.124859
v 0.031441 1.261084 -0.203469
v 0.031441 1.27553 -0.22478
v 0.031441 1.296842 -0.239227
v 0.031441 1.346869 -0.245125
v 0.031441 1.976208 -0.203469
v 0.031441 1.98209 -0.124859
v 0.031441 1.961762 -0.22478
v 0.031441 1.94045 -0.239227
v 0.031441 1.851502 -0.245125
v 0.031441 1.261083 0.19693
v 0.031441 1.255202 0.118321
v 0.031441 1.27553 0.218242
v 0.031441 1.296842 0.232689
v 0.031441 1.346869 0.238587
v 0.031441 1.98209 0.118321
v 0.031441 1.976208 0.19693
v 0.031441 1.961762 0.218242
v 0.031441 1.94045 0.232689
v 0.031441 1.851502 0.238587
v 0.031441 1.540805 0.239488
v 0.031441 1.540805 -0.246026
v 0.000369 1.25464 -0.124924
v 0.000369 1.260569 -0.203691
v 0.000369 1.275136 -0.225175
v 0.000369 1.296619 -0.239742
v 0.000369 1.346795 -0.245688
v 0.000369 1.976723 -0.203691
v 0.000369 1.982652 -0.124924
v 0.000369 1.962156 -0.225174
v 0.000369 1.940673 -0.239742
v 0.000369 1.851576 -0.245688
v 0.000369 1.260569 0.197153
v 0.000369 1.25464 0.118385
v 0.000369 1.275136 0.218636
v 0.000369 1.296619 0.233203
v 0.000369 1.346795 0.239149
v 0.000369 1.982652 0.118385
v 0.000369 1.976723 0.197153
v 0.000369 1.962156 0.218636
v 0.000369 1.940673 0.233203
v 0.000369 1.851576 0.239149
v 0.000369 1.540805 0.240059
v 0.000369 1.540805 -0.246597
v 0.032016 1.276739 -0.17985
v 0.032016 1.283802 -0.203599
v 0.032016 1.296712 -0.216509
v 0.032016 1.31693 -0.223572
v 0.032016 1.960553 -0.17985
v 0.032016 1.95349 -0.203599
v 0.032016 1.94058 -0.216509
v 0.032016 1.915497 -0.223572
v 0.032016 1.276739 0.173311
v 0.032016 1.283802 0.19706
v 0.032016 1.296712 0.20997
v 0.032016 1.31693 0.217033
v 0.032016 1.960553 0.173311
v 0.032016 1.95349 0.19706
v 0.032016 1.94058 0.20997
v 0.032016 1.915497 0.217033
v 0.032016 1.704884 0.219001
v 0.032016 1.962445 -0.003269
v 0.032016 1.704884 -0.22554
v 0.032016 1.420512 -0.22554
v 0.032016 1.420512 0.219001
v 0.032016 1.274847 -0.003269
v 0.031944 1.974869 0.196351
v 0.031441 1.970053 0.208171
v 0.032016 1.948254 0.204735
v 0.031944 1.974869 -0.202889
v 0.031441 1.980077 -0.184818
v 0.032016 1.962818 -0.122649
v 0.031944 1.980626 0.118153
v 0.031441 1.980077 0.17828
v 0.031944 1.297421 -0.237888
v 0.031441 1.31192 -0.243098
v 0.032016 1.3494 -0.225837
v 0.031944 1.540805 -0.244541
v 0.031441 1.705965 -0.245902
v 0.032016 1.848972 -0.225837
v 0.031944 1.276556 -0.223755
v 0.031441 1.285601 -0.233072
v 0.031944 1.347061 0.237122
v 0.031441 1.31192 0.236559
v 0.032016 1.304472 0.215056
v 0.031441 1.982729 -0.003269
v 0.031441 1.267238 0.208171
v 0.000369 1.266775 0.208481
v 0.029704 1.260633 0.197125
v 0.031441 1.41943 -0.245902
v 0.000369 1.4194 -0.246471
v 0.029704 1.540805 -0.246526
v 0.031441 1.970053 -0.214709
v 0.000369 1.970517 -0.21502
v 0.029704 1.976658 -0.203664
v 0.000369 1.285291 -0.233536
v 0.029704 1.296647 -0.239677
v 0.031441 1.254563 -0.003269
v 0.000369 1.253996 -0.003269
v 0.029704 1.25471 -0.124916
v 0.031441 1.41943 0.239363
v 0.000369 1.4194 0.239932
v 0.029704 1.346804 0.239079
v 0.000369 1.970517 0.208481
v 0.029704 1.962106 0.218587
v 0.031441 1.285601 0.226534
v 0.000369 1.285291 0.226997
v 0.000369 1.983296 -0.003269
v 0.029704 1.982582 0.118377
v 0.031441 1.95169 -0.233072
v 0.000369 1.952001 -0.233536
v 0.000369 1.31178 -0.243644
v 0.000369 1.705996 -0.246471
v 0.029704 1.851567 -0.245618
v 0.031441 1.95169 0.226534
v 0.000369 1.952001 0.226997
v 0.029704 1.940645 0.233139
v 0.000369 1.31178 0.237105
v 0.031441 1.257215 -0.184818
v 0.000369 1.256669 -0.184957
v 0.029704 1.260633 -0.203664
v 0.031441 1.257215 0.17828
v 0.000369 1.256669 0.178418
v 0.031441 1.920507 -0.243097
v 0.000369 1.920647 -0.243644
v 0.000369 1.980623 -0.184957
v 0.031441 1.920507 0.236559
v 0.000369 1.920647 0.237105
v 0.029704 1.851567 0.239079
v 0.031441 1.267238 -0.214709
v 0.000369 1.266775 -0.21502
v 0.031441 1.705965 0.239363
v 0.000369 1.705996 0.239932
v 0.000369 1.980623 0.178419
v 0.031944 1.262422 0.196351
v 0.032016 1.274474 0.11611
v 0.032016 1.93282 0.215056
v 0.031944 1.960736 -0.223755
v 0.032016 1.274474 -0.122649
v 0.032016 1.848972 0.219299
v 0.031944 1.939871 -0.237888
v 0.031944 1.276556 0.217216
v 0.032016 1.278716 -0.195839
v 0.032016 1.540805 0.21992
v 0.032016 1.958576 0.1893
v 0.032016 1.958576 -0.195839
v 0.032016 1.962818 0.11611
v 0.032016 1.304472 -0.221595
v 0.032016 1.540805 -0.226458
v 0.032016 1.289037 -0.211273
v 0.032016 1.3494 0.219299
v 0.032016 1.278716 0.1893
v 0.032016 1.948254 -0.211273
v 0.032016 1.93282 -0.221595
v 0.032016 1.289037 0.204735
v 0.031944 1.960736 0.217216
v 0.031944 1.980626 -0.124691
v 0.031944 1.347061 -0.243661
v 0.031944 1.85131 -0.243661
v 0.031944 1.297421 0.23135
v 0.031944 1.256665 0.118153
v 0.031944 1.939871 0.23135
v 0.031944 1.256665 -0.124692
v 0.031944 1.85131 0.237122
v 0.031944 1.262422 -0.202889
v 0.031944 1.540805 0.238002
v 0.029704 1.275185 0.218587
v 0.029704 1.346804 -0.245618
v 0.029704 1.962106 -0.225125
v 0.029704 1.275185 -0.225125
v 0.029704 1.25471 0.118377
v 0.029704 1.540805 0.239987
v 0.029704 1.976658 0.197125
v 0.029704 1.296647 0.233139
v 0.029704 1.982582 -0.124916
v 0.029704 1.940645 -0.239677
v 0.031944 1.968848 0.207362
v 0.031944 1.978655 -0.184456
v 0.031944 1.978655 0.177918
v 0.031944 1.312284 -0.241676
v 0.031944 1.705887 -0.244419
v 0.031944 1.28641 -0.231867
v 0.031944 1.312284 0.235137
v 0.031944 1.981252 -0.003269
v 0.031944 1.258636 0.177918
v 0.031944 1.950882 0.225328
v 0.031944 1.968848 -0.2139
v 0.031944 1.25604 -0.003269
v 0.031944 1.920142 0.235138
v 0.031944 1.950882 -0.231867
v 0.031944 1.268444 0.207362
v 0.031944 1.258636 -0.184457
v 0.031944 1.920142 -0.241676
v 0.031944 1.28641 0.225328
v 0.031944 1.705887 0.237881
v 0.031944 1.268444 -0.2139
v 0.031944 1.419509 0.237881
v 0.031944 1.419509 -0.244419
v 0.032016 1.420467 -0.22638
v 0.032016 1.420467 0.219842
v 0.032016 1.283118 -0.204057
v 0.032016 1.704929 0.219842
v 0.032016 1.296253 0.210654
v 0.032016 1.915704 -0.224378
v 0.032016 1.275933 -0.180055
v 0.032016 1.283118 0.197519
v 0.032016 1.941038 -0.217192
v 0.032016 1.915704 0.217839
v 0.032016 1.27401 -0.003269
v 0.032016 1.954174 -0.204057
v 0.032016 1.941038 0.210654
v 0.032016 1.275933 0.173516
v 0.032016 1.963282 -0.003269
v 0.032016 1.316723 0.217839
v 0.032016 1.296253 -0.217192
v 0.032016 1.704929 -0.22638
v 0.032016 1.316723 -0.224378
v 0.032016 1.961359 0.173516
v 0.032016 1.961359 -0.180055
v 0.032016 1.954174 0.197519
v 0.029704 1.980554 0.178401
v 0.029704 1.705992 0.239861
v 0.029704 1.266833 -0.214981
v 0.029704 1.92063 0.237037
v 0.029704 1.980554 -0.18494
v 0.029704 1.92063 -0.243575
v 0.029704 1.256737 0.178401
v 0.029704 1.256737 -0.18494
v 0.029704 1.311797 0.237037
v 0.029704 1.951962 0.226939
v 0.029704 1.705992 -0.2464
v 0.029704 1.311797 -0.243575
v 0.029704 1.951962 -0.233478
v 0.029704 1.983225 -0.003269
v 0.029704 1.285329 0.226939
v 0.029704 1.970459 0.208443
v 0.029704 1.419404 0.239861
v 0.029704 1.254066 -0.003269
v 0.029704 1.28533 -0.233478
v 0.029704 1.970459 -0.214981
v 0.029704 1.419404 -0.2464
v 0.029704 1.266833 0.208443
#end vertices

#begin 2046 textures vertices 
vt 0.3121582 0.5949481 0
vt 0.2722335 0.5839156 0
vt 0.3019048 0.5927962 0
vt 0.2915806 0.5906016 0
vt 0.2814544 0.5881439 0
vt 0.1383293 0.2582493 0
vt 0.144148 0.23851 0
vt 0.1353062 0.2524956 0
vt 0.1366569 0.2473046 0
vt 0.1401236 0.2427363 0
vt 0.4923798 0.4357051 0
vt 0.4933573 0.4780951 0
vt 0.4932651 0.4463406 0
vt 0.4937013 0.4571989 0
vt 0.4928399 0.4684405 0
vt 0.2953877 0.1126805 0
vt 0.3119072 0.1227832 0
vt 0.2989585 0.1111409 0
vt 0.3033873 0.1137883 0
vt 0.3075664 0.1183123 0
vt 0.4679362 0.6489534 0
vt 0.4596055 0.6010914 0
vt 0.4717169 0.6064157 0
vt 0.4810546 0.6109245 0
vt 0.4773105 0.6173245 0
vt 0.4986187 0.6250594 0
vt 0.4885605 0.6331999 0
vt 0.4889129 0.6171118 0
vt 0.4813738 0.6235778 0
vt 0.4603693 0.634141 0
vt 0.4572623 0.6176938 0
vt 0.4782257 0.6410465 0
vt 0.4722588 0.6284126 0
vt 0.4700224 0.6174532 0
vt 0.7728939 0.9920407 0
vt 0.7084085 0.9782632 0
vt 0.7560361 0.9959152 0
vt 0.7388563 0.9950774 0
vt 0.7670478 0.980406 0
vt 0.7528171 0.9830896 0
vt 0.7412464 0.9826263 0
vt 0.7426395 0.9755648 0
vt 0.7183499 0.9698368 0
vt 0.7282721 0.9615156 0
vt 0.7226446 0.9888978 0
vt 0.7304049 0.9782837 0
vt 0.7369322 0.9703999 0
vt 0.755162 0.9573185 0
vt 0.7612377 0.9687887 0
vt 0.7384045 0.9535552 0
vt 0.7448965 0.9644352 0
vt 0.7498631 0.9732161 0
vt 0.812034 0.4399987 0
vt 0.7736308 0.4105914 0
vt 0.7893507 0.4160967 0
vt 0.7726836 0.4237024 0
vt 0.7832186 0.4272757 0
vt 0.7797084 0.4336502 0
vt 0.800245 0.4454248 0
vt 0.7885322 0.4509292 0
vt 0.8024499 0.4264271 0
vt 0.7918627 0.434308 0
vt 0.7833485 0.4401254 0
vt 0.7766326 0.4560167 0
vt 0.7741033 0.4437652 0
vt 0.7722904 0.4339764 0
vt 0.9760473 0.8683324 0
vt 0.9931549 0.804554 0
vt 0.9683191 0.8577602 0
vt 0.9606024 0.8472335 0
vt 0.9871403 0.8550016 0
vt 0.9771771 0.8462868 0
vt 0.9697308 0.8391346 0
vt 0.9751121 0.8337739 0
vt 0.9574405 0.8199345 0
vt 0.9691426 0.8145568 0
vt 0.9531579 0.836559 0
vt 0.9641764 0.8306914 0
vt 0.9731132 0.8263289 0
vt 0.9960938 0.8220607 0
vt 0.9942052 0.8393038 0
vt 0.9810894 0.8095321 0
vt 0.9831064 0.8241195 0
vt 0.9820321 0.8357588 0
vt 0.8157911 0.5686576 0
vt 0.8280631 0.5633743 0
vt 0.8402356 0.5580529 0
vt 0.8522948 0.5526995 0
vt 0.5489813 0.7370864 0
vt 0.5593066 0.7288487 0
vt 0.5696589 0.7205296 0
vt 0.5800145 0.7120943 0
vt 0.1982351 0.5120638 0
vt 0.4760557 0.3300629 0
vt 0.4665298 0.5859769 0
vt 0.4771485 0.5935613 0
vt 0.4877529 0.6010146 0
vt 0.4981322 0.6086467 0
vt 0.5082236 0.6164064 0
vt 0.7587647 0.422548 0
vt 0.7571961 0.410066 0
vt 0.7603602 0.4351947 0
vt 0.764499 0.4605416 0
vt 0.7622973 0.447889 0
vt 0.7539676 0.9216104 0
vt 0.9219717 0.8191606 0
vt 0.6153605 0.7091256 0
vt 0.7968944 0.5986272 0
vt 0.7487864 0.9460314 0
vt 0.946029 0.8257248 0
vt 0.5903805 0.7035936 0
vt 0.8034427 0.5738971 0
vt 0.4945622 0.4811068 0
vt 0.4963298 0.469316 0
vt 0.4972888 0.457696 0
vt 0.4968542 0.4463547 0
vt 0.4959612 0.4350827 0
vt 0.2930473 0.109874 0
vt 0.2988889 0.1076688 0
vt 0.3046332 0.1104663 0
vt 0.3095964 0.1154036 0
vt 0.3147765 0.1205413 0
vt 0.3141531 0.5976524 0
vt 0.3021276 0.5959173 0
vt 0.2908236 0.5937505 0
vt 0.2800399 0.5907518 0
vt 0.2698131 0.5866403 0
vt 0.1420388 0.2355451 0
vt 0.1372603 0.2406172 0
vt 0.1333366 0.2459931 0
vt 0.1317402 0.2524154 0
vt 0.1348341 0.2592972 0
vt 0.194847 0.5133453 0
vt 0.4791653 0.3281816 0
vt 0.4947262 0.5569612 0
vt 0.4957628 0.5564582 0
vt 0.4950652 0.5567824 0
vt 0.4954123 0.5566161 0
vt 0.5299623 0.5905404 0
vt 0.5294361 0.5911865 0
vt 0.5297836 0.5907524 0
vt 0.5296071 0.5909671 0
vt 0.5020283 0.5669691 0
vt 0.5027501 0.5664882 0
vt 0.5022671 0.5668088 0
vt 0.502508 0.5666481 0
vt 0.5110248 0.5751505 0
vt 0.5104146 0.5757185 0
vt 0.5108208 0.5753391 0
vt 0.5106169 0.5755289 0
vt 0.5195552 0.5837478 0
vt 0.5200734 0.5831309 0
vt 0.5197283 0.5835425 0
vt 0.5199011 0.5833368 0
vt 0.6050898 0.5301568 0
vt 0.6048567 0.5310898 0
vt 0.6050244 0.5304689 0
vt 0.6049448 0.5307798 0
vt 0.7313756 0.4677281 0
vt 0.7321923 0.4675622 0
vt 0.7316465 0.4676683 0
vt 0.7319184 0.4676118 0
vt 0.7237776 0.4317861 0
vt 0.7230061 0.4321667 0
vt 0.7235212 0.4319114 0
vt 0.7232638 0.4320381 0
vt 0.7302537 0.4554634 0
vt 0.7294613 0.455614 0
vt 0.7299894 0.4555141 0
vt 0.7297255 0.4555642 0
vt 0.7266999 0.4438112 0
vt 0.7274939 0.4435645 0
vt 0.7269643 0.443728 0
vt 0.7272293 0.4436457 0
vt 0.7547607 0.5590318 0
vt 0.753736 0.5586048 0
vt 0.7543767 0.5588935 0
vt 0.7540255 0.5587513 0
vt 0.6000096 0.652635 0
vt 0.5999179 0.6537424 0
vt 0.6000068 0.6529594 0
vt 0.5999714 0.6533373 0
vt 0.4985042 0.5221637 0
vt 0.4984717 0.5233016 0
vt 0.4984264 0.5225865 0
vt 0.4984016 0.5229752 0
vt 0.3503757 0.6163785 0
vt 0.3493341 0.6159161 0
vt 0.3501147 0.616172 0
vt 0.3497527 0.6160267 0
vt 0.50989 0.5522176 0
vt 0.4179207 0.9833261 0
vt 0.5101773 0.5521245 0
vt 0.5104594 0.5520265 0
vt 0.4331607 0.7842465 0
vt 0.7070554 0.4314429 0
vt 0.6007908 0.5449873 0
vt 0.7068354 0.4316498 0
vt 0.7123618 0.4393674 0
vt 0.4436464 0.7849316 0
vt 0.7121027 0.4395221 0
vt 0.7118447 0.4396747 0
vt 0.5142302 0.5606031 0
vt 0.4283779 0.984226 0
vt 0.5144902 0.5604505 0
vt 0.4283497 0.9845691 0
vt 0.4525297 0.7855898 0
vt 0.7152047 0.4483026 0
vt 0.7146391 0.4484894 0
vt 0.7149223 0.4483967 0
vt 0.437258 0.9849156 0
vt 0.5205647 0.5672647 0
vt 0.5209991 0.5668568 0
vt 0.5207824 0.5670616 0
vt 0.7171593 0.4579671 0
vt 0.4614118 0.7862734 0
vt 0.7168727 0.4580269 0
vt 0.7165838 0.4580843 0
vt 0.5280335 0.5734867 0
vt 0.446137 0.9855802 0
vt 0.5282213 0.5732616 0
vt 0.5284079 0.5730332 0
vt 0.4718849 0.7871738 0
vt 0.7193892 0.4694581 0
vt 0.7188143 0.4695731 0
vt 0.7191029 0.4695173 0
vt 0.4566085 0.9862667 0
vt 0.5370873 0.5807448 0
vt 0.5374573 0.5802902 0
vt 0.5372733 0.5805193 0
vt 0.3596421 0.6261049 0
vt 0.3128674 0.9747764 0
vt 0.3598777 0.6263277 0
vt 0.3602095 0.626488 0
vt 0.3272894 0.7770354 0
vt 0.5031766 0.536224 0
vt 0.5032685 0.5369022 0
vt 0.5032711 0.5365322 0
vt 0.5729372 0.7956105 0
vt 0.742865 0.5518812 0
vt 0.7422602 0.5515837 0
vt 0.742592 0.5517286 0
vt 0.5991271 0.6402229 0
vt 0.558713 0.9930062 0
vt 0.5991157 0.6399102 0
vt 0.5991384 0.6395478 0
vt 0.5028156 0.5232938 0
vt 0.5022742 0.5223552 0
vt 0.5027594 0.5229906 0
vt 0.5025569 0.5226763 0
vt 0.5036943 0.536503 0
vt 0.3294635 0.7771776 0
vt 0.5036447 0.5368118 0
vt 0.3294844 0.7768339 0
vt 0.3480445 0.6194309 0
vt 0.3486664 0.6202907 0
vt 0.3482156 0.6198113 0
vt 0.3484151 0.6201183 0
vt 0.3150385 0.9749556 0
vt 0.3602314 0.6267794 0
vt 0.3608318 0.6269505 0
vt 0.3605313 0.6268662 0
vt 0.7327165 0.05702894 0
vt 0.917946 0.1075179 0
vt 0.06733038 0.09765354 0
vt 0.01332858 0.08033777 0
vt 0.0119281 0.08169436 0
vt 0.007964202 0.08337913 0
vt 0.07037549 0.1029052 0
vt 0.06785744 0.09950759 0
vt 0.07107439 0.1050494 0
vt 0.08575847 0.02807222 0
vt 0.08479304 0.02624218 0
vt 0.0863014 0.02493016 0
vt 0.08767003 0.02755511 0
vt 0.08939863 0.02316626 0
vt 0.09105888 0.02164539 0
vt 0.09079948 0.0256062 0
vt 0.02951323 0.006384498 0
vt 0.02895733 0.00422351 0
vt 0.0255022 0.006040927 0
vt 0.02702373 0.007737291 0
vt 0.02871411 0.01096433 0
vt 0.03116912 0.0095328 0
vt 0.03008692 0.01234783 0
vt 0.03169731 0.01142815 0
vt 0.006286083 0.08488551 0
vt 0.09298265 0.02490731 0
vt 0.9534644 0.08551873 0
vt 0.9518834 0.08668316 0
vt 0.9227819 0.1029913 0
vt 0.9199684 0.1048455 0
vt 0.7324291 0.0534516 0
vt 0.7311338 0.05024209 0
vt 0.7367898 0.05800121 0
vt 0.7337639 0.05732272 0
vt 0.7328319 0.05632954 0
vt 0.7328757 0.05566043 0
vt 0.7328119 0.05498759 0
vt 0.7314233 0.06180542 0
vt 0.7324309 0.05818262 0
vt 0.90556 0.1036395 0
vt 0.913534 0.1059602 0
vt 0.9168239 0.1071431 0
vt 0.9176802 0.1086033 0
vt 0.9171394 0.1121711 0
vt 0.9188517 0.1058465 0
vt 0.9184612 0.1063424 0
vt 0.9181734 0.1068963 0
vt 0.9186729 0.1077058 0
vt 0.9193634 0.1078159 0
vt 0.9200534 0.1078172 0
vt 0.9248989 0.1065309 0
vt 0.9216216 0.1075714 0
vt 0.8539153 0.3406606 0
vt 0.8555723 0.336924 0
vt 0.8591395 0.3275075 0
vt 0.8533128 0.3425034 0
vt 0.8532496 0.3438239 0
vt 0.8535784 0.3453297 0
vt 0.8547993 0.3485082 0
vt 0.6659611 0.2917676 0
vt 0.6665648 0.2905333 0
vt 0.6624596 0.2952599 0
vt 0.6649639 0.2929891 0
vt 0.6352342 0.3176029 0
vt 0.6366369 0.3161963 0
vt 0.8685207 0.378842 0
vt 0.8691882 0.3806952 0
vt 0.8709118 0.3852976 0
vt 0.8700734 0.3830838 0
vt 0.07119028 0.09190714 0
vt 0.07011765 0.09503389 0
vt 0.06947181 0.09632335 0
vt 0.06863471 0.09705583 0
vt 0.06822451 0.09731244 0
vt 0.06778767 0.0975128 0
vt 0.8727932 0.3897301 0
vt 0.871825 0.3875464 0
vt 0.06676338 0.09772331 0
vt 0.06555858 0.09760333 0
vt 0.06296486 0.09694984 0
vt 0.6317029 0.3210661 0
vt 0.6334141 0.3194113 0
vt 0.01486507 0.08113864 0
vt 0.01378018 0.08067946 0
vt 0.6280111 0.3241501 0
vt 0.6298865 0.3226788 0
vt 0.01401828 0.08295979 0
vt 0.01256935 0.08221458 0
vt 0.01002706 0.08469633 0
vt 0.008581651 0.08390454 0
vt 0.01169208 0.08179858 0
vt 0.01183467 0.08174036 0
vt 0.008960863 0.08680439 0
vt 0.007101705 0.08562331 0
vt 0.00782061 0.08345792 0
vt 0.007886958 0.08341386 0
vt 0.07000546 0.1052801 0
vt 0.06787186 0.1053693 0
vt 0.06375915 0.1048547 0
vt 0.06427122 0.1025487 0
vt 0.06785012 0.103018 0
vt 0.0695588 0.1030538 0
vt 0.06244665 0.09888867 0
vt 0.06544855 0.09957803 0
vt 0.0670421 0.09964617 0
vt 0.0701712 0.1026398 0
vt 0.0702959 0.1028007 0
vt 0.07355949 0.103842 0
vt 0.07277889 0.1043412 0
vt 0.0719475 0.1047436 0
vt 0.07103643 0.102677 0
vt 0.07167337 0.1023855 0
vt 0.0722801 0.1020382 0
vt 0.06852183 0.09928246 0
vt 0.06915864 0.09898347 0
vt 0.06976712 0.09861371 0
vt 0.07837165 0.09609871 0
vt 0.07644653 0.1005296 0
vt 0.07509182 0.1025265 0
vt 0.07343122 0.1009775 0
vt 0.07441619 0.09933393 0
vt 0.07611181 0.09542245 0
vt 0.07092149 0.09754947 0
vt 0.07188298 0.09595491 0
vt 0.07315943 0.0924506 0
vt 0.08559133 0.03016568 0
vt 0.08581739 0.02870936 0
vt 0.08756391 0.02759458 0
vt 0.08781425 0.02843313 0
vt 0.08766393 0.03030081 0
vt 0.9656768 0.09224621 0
vt 0.08544436 0.02815218 0
vt 0.9611015 0.09373503 0
vt 0.9633853 0.09305423 0
vt 0.9566651 0.09491144 0
vt 0.958609 0.09441193 0
vt 0.9555179 0.08402617 0
vt 0.9574187 0.08263014 0
vt 0.08081045 0.02425062 0
vt 0.08327714 0.02518489 0
vt 0.08435193 0.02581745 0
vt 0.9614132 0.07976923 0
vt 0.9593834 0.08120846 0
vt 0.08510408 0.02665938 0
vt 0.08537082 0.02710815 0
vt 0.08559058 0.02758113 0
vt 0.08154889 0.02230683 0
vt 0.08435601 0.02345104 0
vt 0.08569545 0.02431511 0
vt 0.08674266 0.02553513 0
vt 0.08712137 0.02617994 0
vt 0.08743486 0.02685431 0
vt 0.08431084 0.02014068 0
vt 0.08740465 0.02166169 0
vt 0.08879144 0.02258629 0
vt 0.08649202 0.02481788 0
vt 0.0863806 0.02488035 0
vt 0.0898461 0.02372629 0
vt 0.09023533 0.02432555 0
vt 0.09055479 0.02495616 0
vt 0.08787298 0.02743859 0
vt 0.08775736 0.02750967 0
vt 0.09165567 0.02238323 0
vt 0.09217675 0.02317637 0
vt 0.09261902 0.02401977 0
vt 0.09092368 0.02554013 0
vt 0.09085909 0.02556939 0
vt 0.08494705 0.01789523 0
vt 0.08855969 0.01963004 0
vt 0.09027271 0.02085781 0
vt 0.03355011 0.009503036 0
vt 0.03199034 0.009383779 0
vt 0.02965019 0.006629949 0
vt 0.02956659 0.006480725 0
vt 0.03034062 0.006217274 0
vt 0.03198774 0.006192063 0
vt 0.03010958 0.003971684 0
vt 0.03243233 0.00390625 0
vt 0.02628989 0.005457403 0
vt 0.02712937 0.004956135 0
vt 0.02801974 0.004543269 0
vt 0.02883151 0.006624685 0
vt 0.02818006 0.006932649 0
vt 0.02757325 0.00730573 0
vt 0.02326454 0.009132821 0
vt 0.02466563 0.006910639 0
vt 0.0264371 0.00833422 0
vt 0.0254599 0.00991095 0
vt 0.0281743 0.01162398 0
vt 0.0274454 0.01325588 0
vt 0.02859791 0.01076505 0
vt 0.02866192 0.01088259 0
vt 0.03049149 0.009781308 0
vt 0.0298494 0.01010714 0
vt 0.02925216 0.01050158 0
vt 0.02976832 0.01283547 0
vt 0.02932744 0.01412939 0
vt 0.03125552 0.01157478 0
vt 0.03083493 0.01178098 0
vt 0.03044285 0.01204041 0
vt 0.7006456 0.01577493 0
vt 0.7020791 0.01780562 0
vt 0.713124 0.008884344 0
vt 0.7140348 0.01119503 0
vt 0.03224238 0.01136663 0
vt 0.03335196 0.01157283 0
vt 0.715511 0.01574671 0
vt 0.7148154 0.01348815 0
vt 0.716818 0.02006985 0
vt 0.7162507 0.01818172 0
vt 0.708115 0.02491467 0
vt 0.7067842 0.02343794 0
vt 0.7050976 0.02151579 0
vt 0.7035678 0.01971205 0
vt 0.01206576 0.07817969 0
vt 0.01211225 0.07677007 0
vt 0.01267227 0.07358275 0
vt 0.01299988 0.07999248 0
vt 0.01271198 0.07960973 0
vt 0.0124691 0.07919485 0
vt 0.01146272 0.08117926 0
vt 0.01105553 0.08061784 0
vt 0.01070405 0.08001172 0
vt 0.01020274 0.0785494 0
vt 0.01012495 0.07672544 0
vt 0.01068436 0.07311244 0
vt 0.007516049 0.08286184 0
vt 0.007117712 0.08230319 0
vt 0.006771141 0.08171265 0
vt 0.006309251 0.08025412 0
vt 0.006267466 0.07838611 0
vt 0.006676729 0.07425504 0
vt 0.005684686 0.08418758 0
vt 0.005170319 0.08343164 0
vt 0.004748967 0.08262134 0
vt 0.004087345 0.08075424 0
vt 0.00390625 0.07840966 0
vt 0.004372393 0.07375242 0
vt 0.6705541 0.2742936 0
vt 0.6678556 0.2844472 0
vt 0.667045 0.2885778 0
vt 0.7309092 0.05610387 0
vt 0.7314574 0.05649333 0
vt 0.7320564 0.05678624 0
vt 0.7276517 0.05226439 0
vt 0.7297772 0.05500358 0
vt 0.09325001 0.02606317 0
vt 0.09333295 0.02865645 0
vt 0.09103333 0.02827311 0
vt 0.0909938 0.02641683 0
vt 0.0704248 0.1029735 0
vt 0.07046002 0.1030443 0
vt 0.08946076 0.02313039 0
vt 0.08951999 0.02308595 0
vt 0.02948006 0.006321368 0
vt 0.02945418 0.006252518 0
vt 0.02699146 0.007675968 0
vt 0.02695099 0.007618616 0
vt 0.01201977 0.08162854 0
vt 0.08621484 0.0249963 0
vt 0.02878556 0.01105053 0
vt 0.03120478 0.009634543 0
vt 0.06781263 0.09940644 0
vt 0.06791387 0.09959243 0
vt 0.06800584 0.09971145 0
vt 0.03113091 0.009448371 0
vt 0.03107235 0.009335755 0
vt 0.008086172 0.08332774 0
vt 0.008275378 0.08324929 0
vt 0.08930152 0.02321931 0
vt 0.08915032 0.02330095 0
vt 0.09070756 0.02566604 0
vt 0.09056488 0.02576036 0
vt 0.02707191 0.007834459 0
vt 0.02714598 0.007986498 0
vt 0.9331947 0.06368254 0
vt 0.9339256 0.06206267 0
vt 0.9450968 0.07732075 0
vt 0.9462599 0.07590261 0
vt 0.9500871 0.08402098 0
vt 0.9515093 0.08270094 0
vt 0.9102668 0.09497005 0
vt 0.9186657 0.09915586 0
vt 0.9218195 0.1018625 0
vt 0.9080637 0.09882156 0
vt 0.915985 0.102031 0
vt 0.9190461 0.1039966 0
vt 0.7363865 0.0489214 0
vt 0.7367593 0.05310078 0
vt 0.7324766 0.04973734 0
vt 0.7335622 0.05317832 0
vt 0.7368536 0.05515085 0
vt 0.7368572 0.05609746 0
vt 0.7368349 0.05704091 0
vt 0.7338383 0.05492518 0
vt 0.733878 0.0557211 0
vt 0.733845 0.05651209 0
vt 0.7363702 0.06426165 0
vt 0.7327069 0.06244652 0
vt 0.7367056 0.05950139 0
vt 0.7335605 0.05860781 0
vt 0.902596 0.1096534 0
vt 0.9048443 0.1051015 0
vt 0.9117305 0.1113375 0
vt 0.9129829 0.1072563 0
vt 0.9157303 0.111957 0
vt 0.9164364 0.1082912 0
vt 0.9060293 0.1026781 0
vt 0.9065025 0.1017326 0
vt 0.9069876 0.1007896 0
vt 0.9139335 0.1051428 0
vt 0.9143641 0.1043581 0
vt 0.9148384 0.1035964 0
vt 0.9171318 0.1064528 0
vt 0.9174883 0.1058099 0
vt 0.9179185 0.1052081 0
vt 0.9200326 0.1125279 0
vt 0.9190699 0.1124336 0
vt 0.9181123 0.1123144 0
vt 0.9201556 0.1089237 0
vt 0.9193369 0.1088841 0
vt 0.918521 0.1087708 0
vt 0.9193675 0.1068712 0
vt 0.9193585 0.1062731 0
vt 0.9197283 0.1067041 0
vt 0.9199306 0.1072135 0
vt 0.9193673 0.1072537 0
vt 0.9188017 0.1071291 0
vt 0.9190029 0.1066558 0
vt 0.9234045 0.1038327 0
vt 0.9239659 0.1046975 0
vt 0.9244587 0.1055969 0
vt 0.9204879 0.105492 0
vt 0.9209448 0.1061379 0
vt 0.9212994 0.1068317 0
vt 0.9264138 0.1126785 0
vt 0.9221257 0.1126337 0
vt 0.925471 0.1079829 0
vt 0.9219499 0.1088035 0
vt 0.8683991 0.3316003 0
vt 0.8630677 0.3417674 0
vt 0.8596996 0.3454616 0
vt 0.8642773 0.3296555 0
vt 0.8598585 0.3392382 0
vt 0.8573584 0.3427738 0
vt 0.8601629 0.3279036 0
vt 0.8611707 0.3283049 0
vt 0.8621771 0.3287166 0
vt 0.8564603 0.3373042 0
vt 0.8573136 0.3377125 0
vt 0.8581437 0.3381588 0
vt 0.8546709 0.3409512 0
vt 0.8553724 0.3412876 0
vt 0.8560307 0.341696 0
vt 0.8444718 0.3217733 0
vt 0.8536904 0.325321 0
vt 0.8576972 0.3269423 0
vt 0.8422203 0.3333471 0
vt 0.8505434 0.3352776 0
vt 0.8542674 0.336425 0
vt 0.8414207 0.3382937 0
vt 0.8493358 0.3396933 0
vt 0.8527502 0.3403186 0
vt 0.8407452 0.3429863 0
vt 0.8410242 0.34091 0
vt 0.8487733 0.3439243 0
vt 0.8489208 0.3420684 0
vt 0.852136 0.3439238 0
vt 0.8522416 0.3423658 0
vt 0.8548839 0.3431576 0
vt 0.8544346 0.3435119 0
vt 0.8538956 0.3437065 0
vt 0.8539439 0.3426238 0
vt 0.8544611 0.3428157 0
vt 0.8401217 0.3495901 0
vt 0.8404947 0.3451957 0
vt 0.8493504 0.3498731 0
vt 0.8488099 0.3459197 0
vt 0.8533989 0.3490206 0
vt 0.8523639 0.3456221 0
vt 0.8575994 0.3470705 0
vt 0.8567012 0.3476099 0
vt 0.855768 0.3480849 0
vt 0.8557694 0.3442517 0
vt 0.8550902 0.3446849 0
vt 0.8543591 0.3450229 0
vt 0.670167 0.2921831 0
vt 0.6693673 0.293881 0
vt 0.6674734 0.2909062 0
vt 0.6667914 0.2923819 0
vt 0.6662587 0.2992597 0
vt 0.6633562 0.296425 0
vt 0.6684109 0.2956806 0
vt 0.6657882 0.2938443 0
vt 0.6431481 0.3253703 0
vt 0.6422785 0.3269347 0
vt 0.6383536 0.3188155 0
vt 0.6371329 0.3203664 0
vt 0.8422543 0.3884317 0
vt 0.8585357 0.3831629 0
vt 0.8657951 0.3801415 0
vt 0.8420307 0.3902046 0
vt 0.8587691 0.3849966 0
vt 0.8662712 0.3820345 0
vt 0.8705146 0.3778089 0
vt 0.8724724 0.3767241 0
vt 0.8744028 0.3755954 0
vt 0.8713318 0.3795855 0
vt 0.8734265 0.3784266 0
vt 0.8754968 0.3772217 0
vt 0.9020738 0.3527949 0
vt 0.9037373 0.3535116 0
vt 0.8864855 0.3670087 0
vt 0.8878834 0.3681793 0
vt 0.8789694 0.3726539 0
vt 0.8802968 0.3740698 0
vt 0.9059654 0.3545493 0
vt 0.9080903 0.3555913 0
vt 0.8896187 0.3698544 0
vt 0.8911357 0.3715632 0
vt 0.8819846 0.3759737 0
vt 0.883509 0.3777837 0
vt 0.8768767 0.3793511 0
vt 0.8781369 0.3813325 0
vt 0.8746539 0.380658 0
vt 0.8757709 0.3827072 0
vt 0.8723927 0.3818895 0
vt 0.8733731 0.3840154 0
vt 0.9123754 0.3577045 0
vt 0.8937757 0.3754306 0
vt 0.0692351 0.09613453 0
vt 0.9102464 0.3566792 0
vt 0.8925274 0.3734537 0
vt 0.8849795 0.3796786 0
vt 0.0684573 0.09681986 0
vt 0.8780453 0.3868678 0
vt 0.8754441 0.3883224 0
vt 0.8794035 0.383393 0
vt 0.8769122 0.3848131 0
vt 0.8743968 0.386196 0
vt 0.8412572 0.3996803 0
vt 0.8414514 0.3973752 0
vt 0.8616145 0.3938923 0
vt 0.8606176 0.391825 0
vt 0.8694554 0.3911317 0
vt 0.8684988 0.3890098 0
vt 0.8416139 0.394973 0
vt 0.8417963 0.392628 0
vt 0.85981 0.3896186 0
vt 0.8592241 0.3873931 0
vt 0.8676656 0.3867544 0
vt 0.8669614 0.3844898 0
vt 0.6410013 0.3289988 0
vt 0.6397042 0.3309393 0
vt 0.6355004 0.3223634 0
vt 0.6339366 0.3241866 0
vt 0.6370204 0.3348511 0
vt 0.6304283 0.3273321 0
vt 0.6383237 0.3329112 0
vt 0.632243 0.3259117 0
vt 0.01265405 0.08213795 0
vt 0.01408776 0.08287095 0
vt 0.008896979 0.08377465 0
vt 0.01034635 0.08455425 0
vt 0.008705219 0.08385353 0
vt 0.01015234 0.08464005 0
vt 0.009891398 0.08479879 0
vt 0.00844055 0.08399201 0
vt 0.009948717 0.0847373 0
vt 0.008503866 0.08394047 0
vt 0.06963813 0.1031981 0
vt 0.06791905 0.1031722 0
vt 0.06431004 0.1027087 0
vt 0.06960922 0.1031228 0
vt 0.06789759 0.1030913 0
vt 0.0643041 0.1026263 0
vt 0.06412306 0.1022534 0
vt 0.06764855 0.1027387 0
vt 0.06934781 0.1027877 0
vt 0.06421343 0.1024323 0
vt 0.06777075 0.1029082 0
vt 0.06947619 0.1029494 0
vt 0.07237834 0.1021742 0
vt 0.07176613 0.102523 0
vt 0.07112562 0.1028161 0
vt 0.07233018 0.102109 0
vt 0.07172322 0.1024551 0
vt 0.07108603 0.1027465 0
vt 0.07083443 0.1024054 0
vt 0.07147239 0.1021107 0
vt 0.07208159 0.1017577 0
vt 0.07095743 0.10257 0
vt 0.07159455 0.1022775 0
vt 0.07220195 0.1019279 0
vt 0.07624379 0.09552059 0
vt 0.07453117 0.09945764 0
vt 0.07353278 0.1011048 0
vt 0.07617329 0.09548025 0
vt 0.07446869 0.0994037 0
vt 0.07347944 0.1010464 0
vt 0.07324275 0.1006982 0
vt 0.07421333 0.0990504 0
vt 0.07587476 0.09518348 0
vt 0.0733574 0.1008679 0
vt 0.07433689 0.09922241 0
vt 0.0760186 0.09532883 0
vt 0.07083928 0.09746995 0
vt 0.07179208 0.09589034 0
vt 0.07305627 0.0924029 0
vt 0.08755199 0.03031515 0
vt 0.08770503 0.0284628 0
vt 0.9734663 0.1067701 0
vt 0.9710335 0.1068858 0
vt 0.9695782 0.09520266 0
vt 0.9673928 0.09619319 0
vt 0.9686263 0.107037 0
vt 0.9662875 0.1071329 0
vt 0.9650722 0.09685284 0
vt 0.9627143 0.09731771 0
vt 0.9620443 0.1070759 0
vt 0.9581726 0.09797863 0
vt 0.9638473 0.1071474 0
vt 0.9601517 0.09772652 0
vt 0.9555441 0.09280872 0
vt 0.9543732 0.09074418 0
vt 0.9531574 0.08870148 0
vt 0.9573993 0.09212686 0
vt 0.9561424 0.08989935 0
vt 0.9548379 0.08770048 0
vt 0.957013 0.0864023 0
vt 0.9590049 0.08517998 0
vt 0.9584352 0.0887883 0
vt 0.9605181 0.08773612 0
vt 0.9597864 0.0912235 0
vt 0.9619659 0.09035008 0
vt 0.9349817 0.05988075 0
vt 0.936037 0.05778743 0
vt 0.9479076 0.07412424 0
vt 0.9495725 0.07255024 0
vt 0.9534119 0.08102248 0
vt 0.9552113 0.07949087 0
vt 0.9382099 0.05347333 0
vt 0.9534338 0.06979867 0
vt 0.9590955 0.07662474 0
vt 0.9371365 0.05564726 0
vt 0.9514146 0.07109488 0
vt 0.9571028 0.07800892 0
vt 0.08483766 0.02684674 0
vt 0.9647727 0.08543293 0
vt 0.9664068 0.08833241 0
vt 0.9610448 0.08389678 0
vt 0.9626365 0.08661342 0
vt 0.9641769 0.08938352 0
vt 0.08561518 0.02439107 0
vt 0.08428645 0.02353557 0
vt 0.0814935 0.02240238 0
vt 0.08733658 0.02690016 0
vt 0.08702782 0.02623145 0
vt 0.08665255 0.02559328 0
vt 0.08853867 0.02271187 0
vt 0.08715286 0.02180452 0
vt 0.08409102 0.02031614 0
vt 0.08869255 0.02263571 0
vt 0.08730591 0.02171808 0
vt 0.0842249 0.0202102 0
vt 0.0903049 0.02510616 0
vt 0.08998421 0.02447228 0
vt 0.08959526 0.02387045 0
vt 0.09045654 0.02501469 0
vt 0.09013687 0.02438297 0
vt 0.08974779 0.02378303 0
vt 0.089972 0.02364727 0
vt 0.09036349 0.02425007 0
vt 0.09068528 0.02488427 0
vt 0.08990918 0.02368899 0
vt 0.0902987 0.02428829 0
vt 0.09061857 0.02491904 0
vt 0.0844014 0.02002247 0
vt 0.08751668 0.02156017 0
vt 0.08890915 0.02250077 0
vt 0.0843636 0.02009094 0
vt 0.08746639 0.02162081 0
vt 0.08885397 0.0225513 0
vt 0.03210841 0.006458617 0
vt 0.03048017 0.006460581 0
vt 0.03203406 0.006297034 0
vt 0.03039535 0.006312556 0
vt 0.03029006 0.006081782 0
vt 0.0319627 0.006043026 0
vt 0.03030805 0.006154037 0
vt 0.03196302 0.006121571 0
vt 0.02749862 0.00717833 0
vt 0.02810978 0.006802471 0
vt 0.0287663 0.006492183 0
vt 0.02753798 0.00724177 0
vt 0.02814519 0.006868317 0
vt 0.02879761 0.006560238 0
vt 0.02534787 0.009804921 0
vt 0.02635341 0.008214766 0
vt 0.02541381 0.009848202 0
vt 0.02640331 0.008269556 0
vt 0.02656022 0.008599068 0
vt 0.02562136 0.01017672 0
vt 0.02648509 0.008437645 0
vt 0.02552392 0.01001465 0
vt 0.02896832 0.00687752 0
vt 0.02831784 0.00718675 0
vt 0.02770986 0.007560361 0
vt 0.02888503 0.006723966 0
vt 0.02823416 0.007032174 0
vt 0.02762715 0.007405456 0
vt 0.02825458 0.01170256 0
vt 0.02753692 0.01332119 0
vt 0.03053558 0.009877125 0
vt 0.02990066 0.01019854 0
vt 0.0293118 0.01058985 0
vt 0.6871392 0.026684 0
vt 0.6970313 0.01841888 0
vt 0.689156 0.02804971 0
vt 0.6983435 0.02042887 0
vt 0.7036948 0.01395466 0
vt 0.7068016 0.01220943 0
vt 0.7099388 0.01050454 0
vt 0.7050243 0.01602727 0
vt 0.7079725 0.01434927 0
vt 0.7109625 0.01274269 0
vt 0.7272852 0.00390625 0
vt 0.7274404 0.006348687 0
vt 0.7171238 0.007261207 0
vt 0.7180147 0.009493952 0
vt 0.03355648 0.009614399 0
vt 0.0320143 0.00949194 0
vt 0.7276395 0.0087504 0
vt 0.7277894 0.01107548 0
vt 0.7186197 0.01183292 0
vt 0.7190798 0.01417864 0
vt 0.7278457 0.01527293 0
vt 0.7198435 0.0186331 0
vt 0.7278677 0.01349314 0
vt 0.7195317 0.01669925 0
vt 0.7145966 0.02120654 0
vt 0.7124127 0.02239385 0
vt 0.7102522 0.02362486 0
vt 0.7138282 0.01941156 0
vt 0.7114589 0.02069427 0
vt 0.7091154 0.02202851 0
vt 0.7128373 0.01709088 0
vt 0.7102315 0.01848375 0
vt 0.7076657 0.0199566 0
vt 0.7119257 0.01494622 0
vt 0.7091156 0.0164481 0
vt 0.706348 0.01803359 0
vt 0.6966984 0.03291903 0
vt 0.6951327 0.03203406 0
vt 0.705105 0.02685996 0
vt 0.7035891 0.02558957 0
vt 0.6930685 0.03074204 0
vt 0.6911297 0.02943538 0
vt 0.7016695 0.02387393 0
vt 0.6999437 0.02222406 0
vt 0.620715 0.2749456 0
vt 0.6269743 0.295961 0
vt 0.6306573 0.3050475 0
vt 0.618924 0.2747085 0
vt 0.6251916 0.2962836 0
vt 0.6288254 0.3056492 0
vt 0.6141303 0.2742519 0
vt 0.6164839 0.2744539 0
vt 0.6207055 0.2976081 0
vt 0.6228648 0.2968774 0
vt 0.6242354 0.3073386 0
vt 0.626441 0.3065016 0
vt 0.609375 0.2738408 0
vt 0.6117253 0.2740687 0
vt 0.61648 0.2996406 0
vt 0.618556 0.2985553 0
vt 0.6198787 0.3092223 0
vt 0.622022 0.3082597 0
vt 0.6262649 0.3213743 0
vt 0.6246208 0.3185926 0
vt 0.6230143 0.3158765 0
vt 0.6282009 0.3200055 0
vt 0.6266162 0.3173486 0
vt 0.6250959 0.3146807 0
vt 0.6292373 0.3123252 0
vt 0.6305514 0.3147174 0
vt 0.6319418 0.3170648 0
vt 0.6271973 0.3134825 0
vt 0.6286175 0.3160281 0
vt 0.6301155 0.3185385 0
vt 0.0108036 0.07997066 0
vt 0.01115193 0.08056779 0
vt 0.01155658 0.08112277 0
vt 0.01079768 0.07312024 0
vt 0.01023549 0.07671345 0
vt 0.01031319 0.07852062 0
vt 0.007085611 0.08157075 0
vt 0.007432189 0.08216676 0
vt 0.007829589 0.08272742 0
vt 0.006894711 0.08165696 0
vt 0.007241123 0.08224954 0
vt 0.007639001 0.0828087 0
vt 0.006998283 0.0741639 0
vt 0.006583197 0.07824391 0
vt 0.006613397 0.08010978 0
vt 0.006802879 0.07421946 0
vt 0.006391239 0.07832998 0
vt 0.006428445 0.08019759 0
vt 0.00736806 0.08293749 0
vt 0.006967312 0.08237525 0
vt 0.00661671 0.08178024 0
vt 0.007437883 0.0828972 0
vt 0.007039004 0.08233822 0
vt 0.006691578 0.08174832 0
vt 0.006156911 0.08031247 0
vt 0.006106504 0.07843523 0
vt 0.006514191 0.07427596 0
vt 0.006232669 0.08028908 0
vt 0.006187483 0.0784198 0
vt 0.006595271 0.07427511 0
vt 0.6331544 0.3101332 0
vt 0.6342657 0.3121815 0
vt 0.6354221 0.3142022 0
vt 0.6314388 0.3110729 0
vt 0.6326481 0.3132758 0
vt 0.6339051 0.3154487 0
vt 0.6604038 0.2734515 0
vt 0.6649742 0.2737386 0
vt 0.6591877 0.2850829 0
vt 0.6631341 0.2844047 0
vt 0.6599808 0.2900714 0
vt 0.6632176 0.2888235 0
vt 0.6618705 0.2943953 0
vt 0.6613378 0.2935033 0
vt 0.6608685 0.2925706 0
vt 0.6644873 0.2923296 0
vt 0.6640639 0.2916683 0
vt 0.663732 0.290944 0
vt 0.6672821 0.2739214 0
vt 0.6683708 0.2740359 0
vt 0.6694563 0.2741592 0
vt 0.6651047 0.2842835 0
vt 0.6660184 0.2842919 0
vt 0.6669304 0.2843476 0
vt 0.664828 0.2884985 0
vt 0.6655623 0.2884467 0
vt 0.666295 0.2884795 0
vt 0.6649868 0.2903816 0
vt 0.6654957 0.2902734 0
vt 0.6660043 0.290344 0
vt 0.6655042 0.2913543 0
vt 0.6651692 0.2909192 0
vt 0.6764414 0.2749589 0
vt 0.6728018 0.2855301 0
vt 0.6711041 0.2899399 0
vt 0.6721036 0.2744795 0
vt 0.6691808 0.2846528 0
vt 0.6681442 0.288824 0
vt 0.7305402 0.06135708 0
vt 0.729683 0.06089998 0
vt 0.7288354 0.06042147 0
vt 0.7316843 0.05785251 0
vt 0.7309788 0.05748754 0
vt 0.7303055 0.05705602 0
vt 0.723457 0.0569232 0
vt 0.7264741 0.05325356 0
vt 0.7270407 0.05931323 0
vt 0.7289228 0.05593864 0
vt 0.7284725 0.05166913 0
vt 0.72932 0.05113196 0
vt 0.7302076 0.05066152 0
vt 0.7303973 0.05451505 0
vt 0.7310206 0.05408465 0
vt 0.7317004 0.05375269 0
vt 0.7319101 0.05563048 0
vt 0.7322077 0.05509192 0
vt 0.7323012 0.05564035 0
vt 0.7322294 0.05618578 0
vt 0.7317241 0.05597892 0
vt 0.7312985 0.05562494 0
vt 0.731706 0.05527628 0
vt 0.0911274 0.02635473 0
vt 0.09118314 0.02823264 0
vt 0.09105615 0.02637745 0
vt 0.09110432 0.02823924 0
vt 0.09076207 0.0284328 0
vt 0.09075211 0.02658611 0
vt 0.09092668 0.02833497 0
vt 0.09089936 0.02648288 0
vt 0.06846994 0.09918839 0
vt 0.06910128 0.0988934 0
vt 0.06970218 0.09852913 0
vt 0.06245015 0.09877819 0
vt 0.06543162 0.09946852 0
vt 0.06700887 0.09953869 0
vt 0.08775582 0.03026349 0
vt 0.08790271 0.02838837 0
vt 0.08787523 0.03019314 0
vt 0.0880182 0.02831267 0
vt 0.01058272 0.07312594 0
vt 0.01002743 0.07675565 0
vt 0.01010527 0.07858793 0
vt 0.01044145 0.07316189 0
vt 0.009891186 0.0768138 0
vt 0.009967519 0.07865315 0
vt 0.01061336 0.08005217 0
vt 0.01096411 0.08065887 0
vt 0.01137077 0.081222 0
vt 0.01048017 0.08011435 0
vt 0.01082803 0.08071672 0
vt 0.01123277 0.08127983 0
vt 0.03045097 0.009699985 0
vt 0.02980592 0.01002717 0
vt 0.02920535 0.0104218 0
vt 0.03039287 0.009589355 0
vt 0.02974721 0.009916613 0
vt 0.02914513 0.01030912 0
vt 0.02811861 0.01154299 0
vt 0.02738244 0.0131806 0
vt 0.02805434 0.01142292 0
vt 0.02731103 0.01306405 0
vt 0.0335235 0.009411996 0
vt 0.03195505 0.009295579 0
vt 0.03347013 0.009294331 0
vt 0.03189579 0.009180241 0
vt 0.08751766 0.02680914 0
vt 0.08720166 0.02613396 0
vt 0.08682203 0.02548769 0
vt 0.0876292 0.02674216 0
vt 0.0873116 0.02606976 0
vt 0.086932 0.02542458 0
vt 0.08577363 0.0242627 0
vt 0.08442836 0.02339295 0
vt 0.08161127 0.02223925 0
vt 0.08588633 0.02420207 0
vt 0.08453532 0.02332679 0
vt 0.08170654 0.02216094 0
vt 0.07098742 0.09763143 0
vt 0.07195378 0.09602949 0
vt 0.07324177 0.09251172 0
vt 0.07107496 0.09775689 0
vt 0.07204463 0.09614795 0
vt 0.07334821 0.09261243 0
vt 0.06857866 0.09936369 0
vt 0.06921602 0.0990633 0
vt 0.06982493 0.09869352 0
vt 0.06866761 0.09948025 0
vt 0.06930326 0.0991795 0
vt 0.06990793 0.09881318 0
vt 0.06247235 0.09898283 0
vt 0.06549147 0.09966975 0
vt 0.06709605 0.09973437 0
vt 0.06253213 0.09911058 0
vt 0.06557384 0.09979321 0
vt 0.06719172 0.09985329 0
vt 0.01247575 0.08226381 0
vt 0.0139326 0.08301774 0
vt 0.01232959 0.08231893 0
vt 0.01379435 0.08308008 0
vt 0.2226774 0.852817 0
vt 0.2321314 0.8545658 0
vt 0.2238304 0.8393256 0
vt 0.2188935 0.8658506 0
vt 0.2278534 0.8694199 0
vt 0.2126091 0.8778948 0
vt 0.220712 0.8831587 0
vt 0.2040531 0.888442 0
vt 0.2109605 0.8951556 0
vt 0.193573 0.897084 0
vt 0.198972 0.9049355 0
vt 0.1816638 0.9035715 0
vt 0.1853993 0.9123383 0
vt 0.1687937 0.907612 0
vt 0.1707545 0.916974 0
vt 0.1554627 0.9089918 0
vt 0.1555853 0.9185445 0
vt 0.1421741 0.9076518 0
vt 0.1404853 0.9169262 0
vt 0.1294133 0.9037433 0
vt 0.1259864 0.9124195 0
vt 0.117654 0.8974985 0
vt 0.1125857 0.9053328 0
vt 0.1073791 0.8891279 0
vt 0.1008898 0.8958362 0
vt 0.09899151 0.8789201 0
vt 0.09136182 0.884242 0
vt 0.09277734 0.8672463 0
vt 0.0843477 0.8709414 0
vt 0.08889885 0.8545688 0
vt 0.07991919 0.8565227 0
vt 0.08752936 0.8413797 0
vt 0.07834149 0.8415234 0
vt 0.08873806 0.8281785 0
vt 0.07970195 0.8265225 0
vt 0.09250055 0.8154582 0
vt 0.08395195 0.8120753 0
vt 0.09869877 0.8036787 0
vt 0.09104974 0.7987272 0
vt 0.1070166 0.7932351 0
vt 0.1004966 0.7868337 0
vt 0.117165 0.7845567 0
vt 0.1120308 0.7769503 0
vt 0.1287646 0.7779707 0
vt 0.1252078 0.7694178 0
vt 0.1413999 0.7737885 0
vt 0.139574 0.7646158 0
vt 0.1546019 0.7722336 0
vt 0.1546091 0.7628805 0
vt 0.1678608 0.7733203 0
vt 0.1696896 0.7641645 0
vt 0.1806743 0.7769712 0
vt 0.1842534 0.7683287 0
vt 0.1925653 0.783033 0
vt 0.1977822 0.7752329 0
vt 0.203074 0.791258 0
vt 0.2097755 0.7845418 0
vt 0.2117421 0.8013896 0
vt 0.219661 0.7960239 0
vt 0.2182304 0.8130904 0
vt 0.2270183 0.8093453 0
vt 0.2223138 0.8259075 0
vt 0.2316763 0.823943 0
vt 0.2407012 0.8220292 0
vt 0.233438 0.8392097 0
vt 0.2427237 0.8390673 0
vt 0.251665 0.8389663 0
vt 0.2413299 0.8562586 0
vt 0.2499979 0.8578433 0
vt 0.2365051 0.8728851 0
vt 0.2448428 0.8761627 0
vt 0.2285525 0.8882793 0
vt 0.2361415 0.8932011 0
vt 0.217649 0.901684 0
vt 0.224154 0.9080276 0
vt 0.2041224 0.9124241 0
vt 0.2091163 0.9196778 0
vt 0.1890297 0.9207786 0
vt 0.192514 0.9289007 0
vt 0.1726721 0.9260314 0
vt 0.1745048 0.9347824 0
vt 0.1557196 0.9278152 0
vt 0.1558059 0.936812 0
vt 0.1388523 0.9259329 0
vt 0.1372721 0.9344096 0
vt 0.1226777 0.9207279 0
vt 0.1195879 0.9286485 0
vt 0.1076791 0.9128816 0
vt 0.1029969 0.920177 0
vt 0.09459911 0.9023071 0
vt 0.08855402 0.9085755 0
vt 0.08402669 0.889354 0
vt 0.07678028 0.8943965 0
vt 0.07625881 0.8745243 0
vt 0.06852159 0.8779095 0
vt 0.07125812 0.858424 0
vt 0.06290163 0.8602204 0
vt 0.06947175 0.841682 0
vt 0.06093288 0.8417971 0
vt 0.07090479 0.8249029 0
vt 0.06259606 0.8233761 0
vt 0.07566818 0.8087687 0
vt 0.06760693 0.8055624 0
vt 0.08370733 0.7939501 0
vt 0.07657451 0.7893226 0
vt 0.09422616 0.780696 0
vt 0.08817801 0.7747345 0
vt 0.1070526 0.7696466 0
vt 0.1022757 0.7626185 0
vt 0.1217368 0.7611705 0
vt 0.1183931 0.7532241 0
vt 0.1377882 0.7557126 0
vt 0.1360718 0.7470479 0
vt 0.1546084 0.7538466 0
vt 0.1546774 0.7451602 0
vt 0.1714847 0.7552789 0
vt 0.1732139 0.7469151 0
vt 0.1877341 0.7600171 0
vt 0.191055 0.7520198 0
vt 0.2028214 0.7677556 0
vt 0.2075855 0.7605952 0
vt 0.2162728 0.7780726 0
vt 0.2224955 0.771813 0
vt 0.2273289 0.7908391 0
vt 0.2347497 0.7857815 0
vt 0.2354298 0.8057592 0
vt 0.2434773 0.8022664 0
vt 0.2510687 0.7990898 0
vt 0.2495263 0.8201686 0
vt 0.2577061 0.8184193 0
vt 0.2602567 0.8388081 0
vt 0.3077646 0.808796 0
vt 0.2989136 0.7795238 0
vt 0.3108011 0.8392444 0
vt 0.3078222 0.8696671 0
vt 0.258635 0.8594081 0
vt 0.2989107 0.8988234 0
vt 0.2528305 0.879341 0
vt 0.2844249 0.9255456 0
vt 0.2432614 0.897819 0
vt 0.2649263 0.9487842 0
vt 0.2304806 0.9142629 0
vt 0.2424169 0.9691038 0
vt 0.2138404 0.9265706 0
vt 0.2155131 0.9828394 0
vt 0.1958857 0.9366732 0
vt 0.1865408 0.9910111 0
vt 0.1762949 0.9429739 0
vt 0.1565991 0.9932754 0
vt 0.1558945 0.9456075 0
vt 0.1266509 0.9913951 0
vt 0.1356431 0.9428429 0
vt 0.09761628 0.9837212 0
vt 0.1166002 0.9360696 0
vt 0.07149514 0.968954 0
vt 0.09862981 0.9270727 0
vt 0.04869197 0.9495136 0
vt 0.0827926 0.914638 0
vt 0.03011425 0.9260578 0
vt 0.06959651 0.8993478 0
vt 0.01479537 0.9003339 0
vt 0.06122376 0.8810334 0
vt 0.006541817 0.8716481 0
vt 0.05503818 0.8619519 0
vt 0.00390625 0.8419597 0
vt 0.0527126 0.8419843 0
vt 0.007044126 0.8123802 0
vt 0.05430033 0.8218645 0
vt 0.01588402 0.7840398 0
vt 0.05973247 0.8023582 0
vt 0.02843326 0.7570785 0
vt 0.07010362 0.7850797 0
vt 0.04737815 0.7342746 0
vt 0.08230666 0.7690675 0
vt 0.07031206 0.7155579 0
vt 0.09751124 0.7557492 0
vt 0.09638911 0.7017113 0
vt 0.115143 0.7456196 0
vt 0.1246671 0.6933101 0
vt 0.1344143 0.7387786 0
vt 0.1539483 0.688903 0
vt 0.1547358 0.7368241 0
vt 0.1836993 0.6903906 0
vt 0.1749823 0.7385904 0
vt 0.2128213 0.6976957 0
vt 0.1943388 0.7443573 0
vt 0.2402056 0.7105013 0
vt 0.2119721 0.7540014 0
vt 0.2635626 0.7298753 0
vt 0.2284208 0.7657424 0
vt 0.2828429 0.7534551 0
vt 0.2422159 0.7807393 0
vt 0.2084633 0.804313 0
vt 0.2116296 0.8189639 0
vt 0.2123959 0.834619 0
vt 0.2106643 0.8505884 0
vt 0.2064778 0.8661378 0
vt 0.200018 0.8805399 0
vt 0.1915961 0.8931623 0
vt 0.19589 0.796765 0
vt 0.1974264 0.812543 0
vt 0.1970248 0.8297645 0
vt 0.1946278 0.8476142 0
vt 0.1903168 0.8651522 0
vt 0.1843259 0.8814553 0
vt 0.1770134 0.8957785 0
vt 0.1811795 0.7908126 0
vt 0.1805065 0.8070428 0
vt 0.1786034 0.8250896 0
vt 0.1755111 0.8440767 0
vt 0.1713832 0.8629196 0
vt 0.1664701 0.8805372 0
vt 0.1610699 0.8960788 0
vt 0.1651936 0.7868026 0
vt 0.1620349 0.8028739 0
vt 0.1585029 0.8209828 0
vt 0.1547866 0.8402536 0
vt 0.1511059 0.8595657 0
vt 0.1476817 0.8777879 0
vt 0.1446729 0.8940116 0
vt 0.1488883 0.7850049 0
vt 0.1433994 0.8003786 0
vt 0.1384189 0.8178096 0
vt 0.134262 0.8364843 0
vt 0.1311936 0.8553767 0
vt 0.1293614 0.8734321 0
vt 0.1287884 0.8897605 0
vt 0.1332197 0.7855472 0
vt 0.1259528 0.7997265 0
vt 0.1199795 0.8158072 0
vt 0.1156608 0.8330863 0
vt 0.1132527 0.8507251 0
vt 0.1128361 0.8678452 0
vt 0.1143509 0.8836458 0
vt 0.1190373 0.7883665 0
vt 0.1107939 0.8008782 0
vt 0.1044148 0.8150377 0
vt 0.1002337 0.8302761 0
vt 0.09845963 0.8459653 0
vt 0.09913213 0.8614305 0
vt 0.1021569 0.8760162 0
vt 0.3492372 0.216059 0
vt 0.3429686 0.2041607 0
vt 0.3552354 0.2281197 0
vt 0.2877916 0.2464869 0
vt 0.2870118 0.2468765 0
vt 0.2929405 0.2572485 0
vt 0.2823811 0.2358335 0
vt 0.2816095 0.2362442 0
vt 0.2765976 0.2253611 0
vt 0.2758378 0.2257906 0
vt 0.2705866 0.2149921 0
vt 0.3366022 0.1923367 0
vt 0.3299727 0.1806843 0
vt 0.3230969 0.1692093 0
vt 0.3158751 0.158035 0
vt 0.2642871 0.2047577 0
vt 0.2635659 0.2052215 0
vt 0.2577112 0.1946057 0
vt 0.2570035 0.1950996 0
vt 0.2507455 0.1845833 0
vt 0.2500582 0.1851128 0
vt 0.243325 0.1746695 0
vt 0.3085143 0.1470673 0
vt 0.3011004 0.1363087 0
vt 0.2937914 0.1257612 0
vt 0.4090639 0.5155558 0
vt 0.235239 0.164883 0
vt 0.2345648 0.1655769 0
vt 0.3396342 0.5132945 0
vt 0.3387759 0.5131406 0
vt 0.340804 0.5010278 0
vt 0.3399383 0.5009329 0
vt 0.3414706 0.4888214 0
vt 0.4095986 0.5024182 0
vt 0.4100727 0.489231 0
vt 0.4103148 0.4759368 0
vt 0.4100984 0.4625603 0
vt 0.3417287 0.4767156 0
vt 0.3408677 0.4766988 0
vt 0.3417528 0.4646905 0
vt 0.3408864 0.4647008 0
vt 0.3412987 0.4527062 0
vt 0.3404269 0.4527424 0
vt 0.3405821 0.4407677 0
vt 0.4097642 0.4491612 0
vt 0.4091256 0.4357419 0
vt 0.4079729 0.4223329 0
vt 0.4065061 0.408947 0
vt 0.3396855 0.4288628 0
vt 0.3388176 0.4289409 0
vt 0.3385032 0.4169885 0
vt 0.3376318 0.4170886 0
vt 0.3369275 0.405167 0
vt 0.3360625 0.4052874 0
vt 0.3350864 0.3933943 0
vt 0.4049235 0.3955664 0
vt 0.40303 0.3822141 0
vt 0.4006271 0.3689406 0
vt 0.397921 0.3557244 0
vt 0.3330474 0.3816599 0
vt 0.332185 0.3818203 0
vt 0.3307882 0.3699656 0
vt 0.3299381 0.3701437 0
vt 0.3282143 0.3583316 0
vt 0.3273552 0.3585327 0
vt 0.3253083 0.3467747 0
vt 0.3949072 0.3425798 0
vt 0.3917836 0.3294616 0
vt 0.3881534 0.3164687 0
vt 0.3842176 0.3035705 0
vt 0.322221 0.3352682 0
vt 0.3213807 0.3355062 0
vt 0.3188786 0.3238289 0
vt 0.3180411 0.3240877 0
vt 0.3151567 0.3125067 0
vt 0.3143251 0.3127843 0
vt 0.3112266 0.3012573 0
vt 0.3801677 0.2907114 0
vt 0.3758139 0.2779494 0
vt 0.3709675 0.2653631 0
vt 0.3660141 0.2528255 0
vt 0.3071145 0.2900725 0
vt 0.3062966 0.2903895 0
vt 0.3026336 0.2790268 0
vt 0.3018286 0.2793614 0
vt 0.2978961 0.2680908 0
vt 0.2970952 0.268445 0
vt 0.3607673 0.240408 0
vt 0.2962924 0.2687999 0
vt 0.2921607 0.257615 0
vt 0.2913806 0.2579817 0
vt 0.2906012 0.2583479 0
vt 0.2862341 0.2472652 0
vt 0.2854549 0.2476541 0
vt 0.280838 0.2366549 0
vt 0.2800674 0.2370651 0
vt 0.2750778 0.2262206 0
vt 0.2743162 0.2266521 0
vt 0.2691025 0.2158851 0
vt 0.2683611 0.2163325 0
vt 0.2628442 0.2056867 0
vt 0.2698447 0.2154383 0
vt 0.2621263 0.206151 0
vt 0.2562958 0.1955947 0
vt 0.2555887 0.1960906 0
vt 0.2493713 0.1856443 0
vt 0.2486832 0.1861785 0
vt 0.2420186 0.1758331 0
vt 0.2413676 0.1764201 0
vt 0.2339231 0.166299 0
vt 0.2426713 0.1752495 0
vt 0.2333027 0.1670353 0
vt 0.3379166 0.5129836 0
vt 0.3370557 0.512823 0
vt 0.3390705 0.5008367 0
vt 0.338206 0.5007384 0
vt 0.3397481 0.4887198 0
vt 0.3388864 0.4886671 0
vt 0.3400066 0.4766813 0
vt 0.3406096 0.4887712 0
vt 0.3391449 0.4766622 0
vt 0.3400205 0.46471 0
vt 0.3391551 0.4647186 0
vt 0.3395546 0.4527782 0
vt 0.3386802 0.4528134 0
vt 0.338858 0.4408808 0
vt 0.3379954 0.4409373 0
vt 0.3379522 0.4290188 0
vt 0.33972 0.4408244 0
vt 0.3370854 0.4290974 0
vt 0.3367611 0.4171886 0
vt 0.3358904 0.4172889 0
vt 0.3351973 0.4054078 0
vt 0.334335 0.4055281 0
vt 0.3333808 0.3936722 0
vt 0.3325285 0.3938108 0
vt 0.3313244 0.3819803 0
vt 0.3342342 0.3935331 0
vt 0.3304593 0.3821411 0
vt 0.3290883 0.3703215 0
vt 0.3282392 0.370499 0
vt 0.3264943 0.358734 0
vt 0.3256379 0.3589341 0
vt 0.3236358 0.3472066 0
vt 0.3227994 0.3474223 0
vt 0.3205427 0.3357434 0
vt 0.324472 0.3469907 0
vt 0.3197031 0.3359804 0
vt 0.3172042 0.3243463 0
vt 0.3163672 0.3246044 0
vt 0.3134933 0.313062 0
vt 0.3126616 0.3133394 0
vt 0.3096016 0.3018419 0
vt 0.3087898 0.3021339 0
vt 0.3054792 0.2907058 0
vt 0.3104142 0.3015494 0
vt 0.3046597 0.2910233 0
vt 0.3010234 0.2796961 0
vt 0.3002182 0.2800309 0
vt 0.2954938 0.2691529 0
vt 0.2948188 0.2822903 0
vt 0.2940106 0.2826238 0
vt 0.2902228 0.2714952 0
vt 0.2991779 0.2931667 0
vt 0.298364 0.2934803 0
vt 0.3032224 0.304147 0
vt 0.302406 0.3044428 0
vt 0.3071869 0.3151803 0
vt 0.3063549 0.3154593 0
vt 0.3107628 0.3263524 0
vt 0.3099276 0.3266078 0
vt 0.3140604 0.3375955 0
vt 0.3132225 0.3378307 0
vt 0.3170652 0.3489065 0
vt 0.3162272 0.3491237 0
vt 0.3199823 0.3602565 0
vt 0.3191246 0.3604575 0
vt 0.3224277 0.3717143 0
vt 0.3215761 0.3718924 0
vt 0.3247695 0.3831963 0
vt 0.3239086 0.3833559 0
vt 0.3266851 0.3947553 0
vt 0.3258306 0.394893 0
vt 0.3285174 0.4063171 0
vt 0.3276487 0.4064389 0
vt 0.3300473 0.417936 0
vt 0.3291787 0.4180361 0
vt 0.3312576 0.4295983 0
vt 0.3303934 0.4296768 0
vt 0.3321955 0.4412942 0
vt 0.3313311 0.441351 0
vt 0.3329329 0.4530224 0
vt 0.3320564 0.453054 0
vt 0.3332399 0.4647675 0
vt 0.3323753 0.4647715 0
vt 0.3333382 0.4765073 0
vt 0.3324752 0.4764855 0
vt 0.333097 0.4882739 0
vt 0.3322306 0.488216 0
vt 0.3324636 0.5000323 0
vt 0.3315928 0.4999252 0
vt 0.3311784 0.5116588 0
vt 0.3303089 0.5114853 0
vt 0.3291634 0.5229139 0
vt 0.3282994 0.52262 0
vt 0.2369939 0.1804738 0
vt 0.2363444 0.1810794 0
vt 0.244162 0.1897609 0
vt 0.2434765 0.1903055 0
vt 0.2508499 0.1994538 0
vt 0.2501406 0.1999562 0
vt 0.257193 0.2093527 0
vt 0.256475 0.2098229 0
vt 0.2633772 0.2193415 0
vt 0.2626356 0.2197959 0
vt 0.2693201 0.2294936 0
vt 0.2685608 0.2299258 0
vt 0.2749083 0.2398343 0
vt 0.2741382 0.2402428 0
vt 0.2802243 0.250293 0
vt 0.279447 0.2506809 0
vt 0.285258 0.2608687 0
vt 0.284477 0.2612386 0
vt 0.2836954 0.2616082 0
vt 0.289422 0.2718513 0
vt 0.2886234 0.272206 0
vt 0.2878228 0.272561 0
vt 0.2932043 0.2829565 0
vt 0.2923979 0.2832891 0
vt 0.297546 0.2937956 0
vt 0.2967292 0.2941105 0
vt 0.3015912 0.3047379 0
vt 0.3007757 0.3050333 0
vt 0.3055255 0.3157376 0
vt 0.3046945 0.3160169 0
vt 0.3090921 0.3268636 0
vt 0.3082571 0.3271194 0
vt 0.3123799 0.3380673 0
vt 0.3115386 0.3383036 0
vt 0.3153877 0.3493409 0
vt 0.314548 0.3495578 0
vt 0.3182698 0.3606575 0
vt 0.3174134 0.3608573 0
vt 0.320726 0.3720699 0
vt 0.3198754 0.3722472 0
vt 0.3230437 0.3835162 0
vt 0.3221805 0.3836762 0
vt 0.3249748 0.3950305 0
vt 0.3241184 0.3951684 0
vt 0.3267856 0.4065596 0
vt 0.3259203 0.4066812 0
vt 0.3283097 0.4181366 0
vt 0.3274415 0.418237 0
vt 0.329524 0.4297556 0
vt 0.3286557 0.4298343 0
vt 0.3304657 0.4414075 0
vt 0.3296001 0.4414638 0
vt 0.3311856 0.4530854 0
vt 0.3303127 0.4531162 0
vt 0.3315098 0.4647758 0
vt 0.3306438 0.4647798 0
vt 0.3316077 0.4764632 0
vt 0.3307409 0.4764405 0
vt 0.3313659 0.4881577 0
vt 0.3305011 0.4880991 0
vt 0.3307233 0.4998185 0
vt 0.3298526 0.4997128 0
vt 0.3294375 0.5113141 0
vt 0.3285654 0.5111461 0
vt 0.3274357 0.522351 0
vt 0.3265698 0.5221245 0
vt 0.2356927 0.1816842 0
vt 0.2350395 0.1822869 0
vt 0.242792 0.1908494 0
vt 0.2421058 0.1913934 0
vt 0.2494333 0.2004582 0
vt 0.248726 0.2009604 0
vt 0.2557526 0.2102962 0
vt 0.2550306 0.2107696 0
vt 0.2618958 0.2202494 0
vt 0.2611561 0.2207033 0
vt 0.2678036 0.2303574 0
vt 0.2670451 0.2307907 0
vt 0.2733687 0.2406517 0
vt 0.2725993 0.2410608 0
vt 0.2786653 0.2510712 0
vt 0.2778847 0.2514611 0
vt 0.282913 0.261978 0
vt 0.26764 0.2565915 0
vt 0.2725764 0.2668585 0
vt 0.262489 0.2464563 0
vt 0.2570907 0.2364766 0
vt 0.2514092 0.2266813 0
vt 0.2454965 0.2170497 0
vt 0.2394092 0.2076116 0
vt 0.2330738 0.1985024 0
vt 0.2263428 0.1898711 0
vt 0.3151777 0.5199595 0
vt 0.3171275 0.5091743 0
vt 0.3184396 0.4983317 0
vt 0.3191096 0.4873034 0
vt 0.3193326 0.4761192 0
vt 0.319226 0.4648434 0
vt 0.3188641 0.4535212 0
vt 0.3181882 0.4421995 0
vt 0.317251 0.4308704 0
vt 0.3160488 0.4195552 0
vt 0.3145646 0.4082647 0
vt 0.3128215 0.3969981 0
vt 0.3108856 0.3857578 0
vt 0.3086646 0.3745862 0
vt 0.3062192 0.3634559 0
vt 0.3034653 0.3524105 0
vt 0.3004999 0.3414066 0
vt 0.2972908 0.3304859 0
vt 0.293807 0.3196563 0
vt 0.2900173 0.308923 0
vt 0.286027 0.2982429 0
vt 0.2818005 0.2876671 0
vt 0.2773283 0.2772003 0
vt 0.9118703 0.4027748 0
vt 0.8880401 0.4160801 0
vt 0.8967821 0.4029156 0
vt 0.8935891 0.4047349 0
vt 0.8910355 0.4074379 0
vt 0.8784355 0.523241 0
vt 0.8995462 0.5488641 0
vt 0.8798488 0.5404584 0
vt 0.8819247 0.5435084 0
vt 0.8847676 0.5458927 0
vt 0.9843017 0.4254459 0
vt 0.9633789 0.4079072 0
vt 0.9830413 0.4164801 0
vt 0.9809705 0.4133788 0
vt 0.9781623 0.4109592 0
vt 0.9508964 0.5537256 0
vt 0.9761432 0.5324164 0
vt 0.9659322 0.5535316 0
vt 0.9691023 0.5517272 0
vt 0.971613 0.549052 0
vt 0.8821955 0.4566168 0
vt 0.9829736 0.4664328 0
vt 0.9643772 0.4035848 0
vt 0.9803442 0.4072949 0
vt 0.9841759 0.4105516 0
vt 0.9869652 0.4147708 0
vt 0.9887117 0.4248679 0
vt 0.9673684 0.5575283 0
vt 0.9510358 0.5581576 0
vt 0.9717464 0.5550285 0
vt 0.9751954 0.551383 0
vt 0.9804092 0.5336608 0
vt 0.8953722 0.3989023 0
vt 0.9117681 0.3983433 0
vt 0.8909916 0.4014256 0
vt 0.8874576 0.4050667 0
vt 0.883822 0.4146681 0
vt 0.8985903 0.5531933 0
vt 0.8826306 0.5495753 0
vt 0.8787452 0.5463563 0
vt 0.8759678 0.5421727 0
vt 0.8740166 0.5237219 0
vt 0.8777482 0.4562147 0
vt 0.9874278 0.4667287 0
vt 0.9653583 0.3968177 0
vt 0.9836842 0.4019011 0
vt 0.9890293 0.4062417 0
vt 0.9926353 0.4120184 0
vt 0.9955074 0.4243005 0
vt 0.9695864 0.5633705 0
vt 0.9507345 0.5649885 0
vt 0.9756415 0.560172 0
vt 0.980308 0.5551361 0
vt 0.9871171 0.5349256 0
vt 0.8931718 0.3930272 0
vt 0.9121302 0.3915152 0
vt 0.8870202 0.3961627 0
vt 0.8824244 0.4012335 0
vt 0.8772629 0.4127932 0
vt 0.8976695 0.5599676 0
vt 0.879437 0.5549639 0
vt 0.8740532 0.55074 0
vt 0.8701921 0.5450081 0
vt 0.8671875 0.5237826 0
vt 0.870984 0.4556013 0
vt 0.9942013 0.4671786 0
vt 0.9751818 0.409943 0
vt 0.9796459 0.4120569 0
vt 0.9821243 0.4148555 0
vt 0.9837018 0.4188843 0
vt 0.9628217 0.5539432 0
vt 0.9675853 0.5527639 0
vt 0.9704515 0.5504806 0
vt 0.9728967 0.5458811 0
vt 0.8999032 0.4025052 0
vt 0.8951201 0.4036892 0
vt 0.8922146 0.4059873 0
vt 0.8899348 0.4097095 0
vt 0.8877672 0.5468896 0
vt 0.8832624 0.5448116 0
vt 0.8807662 0.5420546 0
vt 0.8791478 0.5371396 0
vt 0.8795487 0.4921126 0
vt 0.9252099 0.5515447 0
vt 0.980196 0.5017734 0
vt 0.9842811 0.4405004 0
vt 0.8852113 0.4308452 0
vt 0.9376368 0.4050914 0
vt 0.8827949 0.5492975 0
vt 0.8805905 0.5481162 0
vt 0.8817909 0.5436263 0
vt 0.9672548 0.5572276 0
vt 0.9636693 0.5582223 0
vt 0.9509 0.5539071 0
vt 0.898666 0.5528613 0
vt 0.886141 0.5509371 0
vt 0.9866691 0.4149056 0
vt 0.9878801 0.4177074 0
vt 0.9844823 0.4254265 0
vt 0.9870873 0.4667063 0
vt 0.9846023 0.5024484 0
vt 0.9763181 0.5324675 0
vt 0.9839367 0.4107656 0
vt 0.9857287 0.4125766 0
vt 0.8841459 0.4147809 0
vt 0.8860221 0.4077902 0
vt 0.8908829 0.4073451 0
vt 0.9247907 0.5559613 0
vt 0.8930981 0.3999804 0
vt 0.8900125 0.3943482 0
vt 0.8952539 0.3985453 0
vt 0.9887423 0.4404437 0
vt 0.9955424 0.440649 0
vt 0.9878204 0.4667544 0
vt 0.9696363 0.5564542 0
vt 0.9727047 0.5620242 0
vt 0.9674878 0.5578836 0
vt 0.9910729 0.409033 0
vt 0.9873128 0.4146198 0
vt 0.9380972 0.400679 0
vt 0.9387855 0.3939202 0
vt 0.9644444 0.4031953 0
vt 0.880832 0.4299958 0
vt 0.8741057 0.428989 0
vt 0.8834399 0.4145605 0
vt 0.8766098 0.5530844 0
vt 0.8784648 0.5466089 0
vt 0.8890747 0.4031256 0
vt 0.8845066 0.3985694 0
vt 0.9241639 0.5627266 0
vt 0.8985272 0.5535835 0
vt 0.9735939 0.5532874 0
vt 0.9782668 0.5578778 0
vt 0.9941339 0.4157966 0
vt 0.9913516 0.5031511 0
vt 0.9807956 0.533745 0
vt 0.8771867 0.5443429 0
vt 0.8718894 0.5480071 0
vt 0.8756236 0.5423163 0
vt 0.8802483 0.4046789 0
vt 0.9768506 0.4059024 0
vt 0.9791614 0.3996801 0
vt 0.9805312 0.4069652 0
vt 0.8990862 0.3982192 0
vt 0.8980184 0.3916863 0
vt 0.9768551 0.5477685 0
vt 0.9829537 0.5504819 0
vt 0.9647831 0.5647413 0
vt 0.8749258 0.5383222 0
vt 0.8684277 0.5398889 0
vt 0.8736217 0.5237382 0
vt 0.9823352 0.4087981 0
vt 0.9865715 0.4037715 0
vt 0.8750917 0.492092 0
vt 0.8683193 0.4917308 0
vt 0.883916 0.5571705 0
vt 0.8954846 0.3992044 0
vt 0.911868 0.4025933 0
vt 0.879684 0.5405249 0
vt 0.9715487 0.5547791 0
vt 0.9634187 0.4077299 0
vt 0.8782542 0.523261 0
vt 0.9749295 0.5511965 0
vt 0.8911821 0.4016726 0
vt 0.978251 0.4108043 0
vt 0.8820128 0.4566003 0
vt 0.8846803 0.5460483 0
vt 0.9659879 0.553701 0
vt 0.8995085 0.5490417 0
vt 0.9832065 0.4164118 0
vt 0.9831565 0.4664447 0
vt 0.9811054 0.4132622 0
vt 0.8878663 0.4160265 0
vt 0.8967277 0.4027459 0
vt 0.9692171 0.5518632 0
vt 0.9717656 0.5491424 0
vt 0.8934754 0.4045976 0
vt 0.8789832 0.5461423 0
vt 0.9510224 0.5578171 0
vt 0.9883732 0.4249172 0
vt 0.9800819 0.5335633 0
vt 0.8877234 0.4052555 0
vt 0.9117788 0.3986836 0
vt 0.8762576 0.5420379 0
vt 0.9642982 0.4039162 0
vt 0.8743559 0.5236822 0
vt 0.9801738 0.407571 0
vt 0.8780882 0.4562458 0
vt 0.8907678 0.4011342 0
vt 0.9891066 0.4248349 0
vt 0.9719795 0.5553232 0
vt 0.9844584 0.4102988 0
vt 0.9117806 0.3979481 0
vt 0.8773564 0.456179 0
vt 0.882451 0.5499063 0
vt 0.8871444 0.4048514 0
vt 0.9510266 0.5585529 0
vt 0.9755141 0.551589 0
vt 0.8807919 0.5478664 0
vt 0.9636012 0.557895 0
vt 0.8862664 0.5506272 0
vt 0.987562 0.4178027 0
vt 0.9842648 0.5023969 0
vt 0.9854582 0.412752 0
vt 0.8863178 0.407945 0
vt 0.9248224 0.5556229 0
vt 0.8991523 0.398547 0
vt 0.8774564 0.5441686 0
vt 0.9694812 0.5561759 0
vt 0.9380624 0.4010171 0
vt 0.8752493 0.5382284 0
vt 0.9733646 0.5530737 0
vt 0.8932524 0.4002604 0
vt 0.9767208 0.4062113 0
vt 0.9765526 0.5476194 0
vt 0.8893065 0.4033483 0
vt 0.8754329 0.4920939 0
vt 0.9821348 0.4090416 0
vt 0.8811672 0.4300622 0
vt 0.9884004 0.4404496 0
vt 0.9844642 0.4404978 0
vt 0.8850314 0.4308098 0
vt 0.9797608 0.4119203 0
vt 0.8793654 0.4921122 0
vt 0.8920784 0.4058717 0
vt 0.9730615 0.54595 0
vt 0.9752421 0.4097743 0
vt 0.8950341 0.4035328 0
vt 0.9705885 0.5505945 0
vt 0.8789732 0.5371789 0
vt 0.937656 0.4049102 0
vt 0.9676725 0.5529196 0
vt 0.880615 0.5421496 0
vt 0.8998788 0.4023281 0
vt 0.9251924 0.5517261 0
vt 0.8897709 0.4096378 0
vt 0.9822757 0.414761 0
vt 0.980377 0.5018014 0
vt 0.9838763 0.4188437 0
vt 0.8877084 0.5470587 0
vt 0.9628473 0.5541202 0
vt 0.883149 0.5449496 0
vt 0.8860276 0.5513101 0
vt 0.8746986 0.4920769 0
vt 0.9825706 0.4085136 0
vt 0.8745397 0.5383956 0
vt 0.963715 0.5586094 0
vt 0.9772227 0.5479093 0
vt 0.8990432 0.3978315 0
vt 0.9769696 0.40553 0
vt 0.8856671 0.4076308 0
vt 0.8768711 0.5445488 0
vt 0.984993 0.5024949 0
vt 0.9882572 0.4176193 0
vt 0.973861 0.5535395 0
vt 0.9247541 0.5563531 0
vt 0.8888042 0.4028624 0
vt 0.8803537 0.5484088 0
vt 0.8804431 0.4299316 0
vt 0.9381375 0.4002876 0
vt 0.9860456 0.4123697 0
vt 0.969819 0.5567805 0
vt 0.9891364 0.4404495 0
vt 0.8929161 0.3996523 0
vt 0.4461146 0.9859241 0
vt 0.5590312 0.9933676 0
vt 0.5147482 0.560298 0
vt 0.4614415 0.7859299 0
vt 0.4178933 0.9836693 0
vt 0.437232 0.9852589 0
vt 0.456586 0.98661 0
vt 0.4719137 0.786831 0
vt 0.4525558 0.7852465 0
vt 0.5733042 0.7953004 0
vt 0.3269706 0.7766768 0
vt 0.5035928 0.5371199 0
vt 0.3150081 0.9752985 0
vt 0.4436701 0.7845881 0
vt 0.4331849 0.7839031 0
vt 0.3125 0.9750842 0
vt 0.7178158 0.4205067 0
vt 0.2240486 0.6899296 0
vt 0.2559973 0.70132 0
vt 0.3023585 0.005045619 0
vt 0.3111127 0.7139447 0
vt 0.2721511 0.7046618 0
vt 0.2399345 0.6962821 0
vt 0.2084693 0.6822864 0
vt 0.3114054 0.7140643 0
vt 0.08615914 0.576062 0
vt 0.3117039 0.7141707 0
vt 0.3120198 0.7142292 0
vt 0.3256369 0.7165967 0
vt 0.0307386 0.1653644 0
vt 0.6147426 0.4908497 0
vt 0.02212061 0.1844481 0
vt 0.2806608 0.00390625 0
vt 0.3238828 0.007263975 0
vt 0.3449921 0.01147066 0
vt 0.6271338 0.4245048 0
vt 0.5950951 0.2675871 0
vt 0.6252951 0.4415466 0
vt 0.6222539 0.4584084 0
vt 0.6189139 0.4748485 0
vt 0.7184345 0.4200327 0
vt 0.3262587 0.7167157 0
vt 0.3259496 0.7166524 0
vt 0.7066132 0.4318493 0
vt 0.6008685 0.5446814 0
vt 0.7181214 0.4202634 0
vt 0.7175154 0.4207571 0
vt 0.3649587 0.01819507 0
vt 0.6009549 0.5443756 0
vt 0.01522116 0.2044958 0
vt 0.009457718 0.2248506 0
vt 0.00390625 0.2453723 0
vt 0.2191142 0.1817547 0
vt 0.3350822 0.5249341 0
vt 0.2274907 0.1739644 0
vt 0.3378659 0.5257248 0
vt 0.2292733 0.1719205 0
vt 0.3359997 0.5252272 0
vt 0.408417 0.5285418 0
vt 0.3369263 0.5254968 0
vt 0.2281063 0.1733143 0
vt 0.2286967 0.1726286 0
vt 0.03333047 0.01189605 0
vt 0.08528792 0.02770244 0
vt 0.08068744 0.02454936 0
vt 0.08311425 0.02546378 0
vt 0.06302352 0.09666658 0
vt 0.08526894 0.03016038 0
vt 0.08455362 0.02645787 0
vt 0.08414396 0.02606383 0
vt 0.01236242 0.07812136 0
vt 0.08508308 0.02726451 0
vt 0.8806235 0.385459 0
vt 0.96797 0.09128683 0
vt 0.08549392 0.02873993 0
vt 0.8863502 0.3815853 0
vt 0.03100253 0.01206244 0
vt 0.06985088 0.09488962 0
vt 0.0313814 0.01187379 0
vt 0.0317755 0.01173801 0
vt 0.03226531 0.01169061 0
vt 0.9631209 0.0825703 0
vt 0.07090258 0.09180749 0
vt 0.0680823 0.09704979 0
vt 0.03064593 0.01229418 0
vt 0.06558163 0.09731264 0
vt 0.06726696 0.09736896 0
vt 0.06674507 0.09743128 0
vt 0.06768185 0.09723257 0
vt 0.01296386 0.07944751 0
vt 0.01323202 0.07980313 0
vt 0.02961325 0.01427753 0
vt 0.01273611 0.07906707 0
vt 0.01395462 0.08044216 0
vt 0.01353367 0.08012718 0
vt 0.01500636 0.08088276 0
vt 0.0300404 0.01301314 0
vt 0.01297235 0.07363362 0
vt 0.01241522 0.07677353 0
vt 0.03032479 0.01256638 0
#end 2046 textures vertices 

#begin 1899 normals 
vn 0.1004 -0.9899 0.1004
vn 0.3792 -0.9201 0.0981
vn 0.3673 -0.8545 0.3673
vn 0.0981 -0.9201 0.3792
vn 0.7041 -0.7041 0.0919
vn 0.6663 -0.6663 0.3347
vn 0.3347 -0.6663 0.6663
vn 0.0919 -0.7041 0.7041
vn 0.5773 -0.5774 0.5774
vn 0.9899 -0.1004 0.1004
vn 0.9201 -0.0981 0.3792
vn 0.8545 -0.3673 0.3673
vn 0.9201 -0.3792 0.0981
vn 0.7041 -0.0919 0.7041
vn 0.6663 -0.3347 0.6663
vn 0.1004 -0.1004 0.9899
vn 0.0981 -0.3792 0.9201
vn 0.3673 -0.3673 0.8545
vn 0.3792 -0.0981 0.9201
vn 0.1004 0.9899 0.1004
vn 0.0981 0.9201 0.3792
vn 0.3673 0.8545 0.3673
vn 0.3792 0.9201 0.0981
vn 0.0919 0.7041 0.7041
vn 0.3347 0.6663 0.6663
vn 0.6663 0.6663 0.3347
vn 0.7041 0.7041 0.0919
vn 0.5774 0.5774 0.5774
vn 0.1004 0.1004 0.9899
vn 0.3792 0.0981 0.9201
vn 0.3673 0.3673 0.8545
vn 0.0981 0.3792 0.9201
vn 0.7041 0.0919 0.7041
vn 0.6663 0.3347 0.6663
vn 0.9899 0.1004 0.1004
vn 0.9201 0.3792 0.0981
vn 0.8545 0.3673 0.3673
vn 0.9201 0.0981 0.3792
vn 0.1004 -0.9899 -0.1004
vn 0.0981 -0.9201 -0.3792
vn 0.3673 -0.8545 -0.3673
vn 0.3792 -0.9201 -0.0981
vn 0.0919 -0.7041 -0.7041
vn 0.3347 -0.6663 -0.6663
vn 0.6663 -0.6663 -0.3347
vn 0.7041 -0.7041 -0.0919
vn 0.5774 -0.5774 -0.5774
vn 0.1004 -0.1004 -0.9899
vn 0.3792 -0.0981 -0.9201
vn 0.3673 -0.3673 -0.8545
vn 0.0981 -0.3792 -0.9201
vn 0.7041 -0.0919 -0.7041
vn 0.6663 -0.3347 -0.6663
vn 0.9899 -0.1004 -0.1004
vn 0.9201 -0.3792 -0.0981
vn 0.8545 -0.3673 -0.3673
vn 0.9201 -0.0981 -0.3792
vn 0.1004 0.9899 -0.1004
vn 0.3792 0.9201 -0.0981
vn 0.3673 0.8545 -0.3673
vn 0.0981 0.9201 -0.3792
vn 0.7041 0.7041 -0.0919
vn 0.6663 0.6663 -0.3347
vn 0.3347 0.6663 -0.6663
vn 0.0919 0.7041 -0.7041
vn 0.5774 0.5774 -0.5774
vn 0.9899 0.1004 -0.1004
vn 0.9201 0.0981 -0.3792
vn 0.8545 0.3673 -0.3673
vn 0.9201 0.3792 -0.0981
vn 0.7041 0.0919 -0.7041
vn 0.6663 0.3347 -0.6663
vn 0.1004 0.1004 -0.9899
vn 0.0981 0.3792 -0.9201
vn 0.3673 0.3673 -0.8545
vn 0.3792 0.0981 -0.9201
vn -0 -0.9952 -0.098
vn -0 -0.9239 -0.3827
vn -0 -0.7071 -0.7071
vn -0 -0.3827 -0.9239
vn -0 -0.098 -0.9952
vn -0 0.9952 -0.098
vn -0 0.9239 -0.3827
vn -0 0.7071 -0.7071
vn -0 0.3827 -0.9239
vn -0 0.098 -0.9952
vn 0.9952 -0 -0.098
vn 0.9239 -0 -0.3827
vn 0.7071 -0 -0.7071
vn 0.3827 -0 -0.9239
vn 0.098 -0 -0.9952
vn 0.098 -0 0.9952
vn 0.3827 -0 0.9239
vn 0.7071 -0 0.7071
vn 0.9239 -0 0.3827
vn 0.9952 -0 0.098
vn -0 -0.9952 0.098
vn -0 -0.9239 0.3827
vn -0 -0.7071 0.7071
vn -0 -0.3827 0.9239
vn -0 -0.098 0.9952
vn -0 0.9952 0.098
vn -0 0.9239 0.3827
vn -0 0.7071 0.7071
vn -0 0.3827 0.9239
vn -0 0.098 0.9952
vn -0 -0 1
vn -0 -0 -1
vn 1 -0 -0
vn 0.961 -0.0946 -0.26
vn 0.8912 -0.3692 -0.2635
vn 0.804 -0.333 -0.4926
vn 0.8649 -0.0852 -0.4947
vn 0.4778 -0.1979 -0.8559
vn 0.5079 -0.05 -0.86
vn 0.2348 -0.0973 -0.9672
vn 0.2564 -0.0253 -0.9662
vn 0.8952 -0.3586 -0.2646
vn 0.9622 -0.0833 -0.2594
vn 0.8586 -0.0744 -0.5072
vn 0.791 -0.3169 -0.5233
vn 0.4864 -0.0423 -0.8727
vn 0.4324 -0.1735 -0.8848
vn 0.2572 -0.0225 -0.9661
vn 0.2349 -0.0945 -0.9674
vn 0.961 -0.0946 0.26
vn 0.9825 -0.1316 0.1316
vn 0.9555 -0.2085 0.2085
vn 0.8649 -0.0852 0.4947
vn 0.6875 -0.5135 0.5135
vn 0.5079 -0.05 0.86
vn 0.3544 -0.6612 0.6612
vn 0.2564 -0.0253 0.9662
vn 0.9827 -0.1306 0.1314
vn 0.9622 -0.0833 0.2594
vn 0.8586 -0.0744 0.5072
vn 0.8826 -0.3322 0.3327
vn 0.4864 -0.0423 0.8727
vn 0.555 -0.5881 0.5883
vn 0.2572 -0.0225 0.9661
vn 0.3551 -0.6608 0.6613
vn 0.6821 -0.6821 -0.2635
vn 0.3692 -0.8912 -0.2635
vn 0.333 -0.804 -0.4926
vn 0.6154 -0.6154 -0.4926
vn 0.1979 -0.4778 -0.8559
vn 0.3657 -0.3657 -0.8559
vn 0.0973 -0.2348 -0.9672
vn 0.1797 -0.1797 -0.9672
vn 0.3586 -0.8952 -0.2646
vn 0.6819 -0.6819 -0.2646
vn 0.6029 -0.6029 -0.5224
vn 0.3169 -0.791 -0.5233
vn 0.3305 -0.3305 -0.884
vn 0.1735 -0.4324 -0.8848
vn 0.179 -0.179 -0.9674
vn 0.0945 -0.2348 -0.9674
vn -0 -0.9659 0.2588
vn 0.0946 -0.961 0.26
vn 0.0852 -0.8649 0.4947
vn -0 -0.866 0.5
vn 0.05 -0.5079 0.86
vn -0 -0.5 0.866
vn 0.0253 -0.2564 0.9662
vn -0 -0.2588 0.9659
vn -0.0007 -0.966 0.2584
vn 0.1307 -0.9827 0.1314
vn 0.3323 -0.8825 0.3328
vn -0.0006 -0.8664 0.4994
vn 0.5882 -0.5549 0.5884
vn -0.0004 -0.5006 0.8657
vn 0.6608 -0.3549 0.6613
vn -0.0002 -0.2592 0.9658
vn 0.0946 -0.961 -0.26
vn 0.0852 -0.8649 -0.4947
vn 0.05 -0.5079 -0.86
vn 0.0253 -0.2564 -0.9662
vn 0.0833 -0.9621 -0.2595
vn 0.0744 -0.8586 -0.5072
vn 0.0423 -0.4864 -0.8727
vn 0.0225 -0.2572 -0.9661
vn 0.6821 -0.6821 0.2635
vn 0.8912 -0.3692 0.2635
vn 0.804 -0.333 0.4926
vn 0.6154 -0.6154 0.4926
vn 0.4778 -0.1979 0.8559
vn 0.3657 -0.3657 0.8559
vn 0.2348 -0.0973 0.9672
vn 0.1797 -0.1797 0.9672
vn 0.8952 -0.3586 0.2646
vn 0.6819 -0.6819 0.2646
vn 0.6029 -0.6029 0.5224
vn 0.791 -0.3169 0.5233
vn 0.3305 -0.3305 0.884
vn 0.4324 -0.1735 0.8848
vn 0.179 -0.179 0.9674
vn 0.2349 -0.0945 0.9674
vn 0.0973 -0.2348 0.9672
vn 0.1979 -0.4778 0.8559
vn 0.333 -0.804 0.4926
vn 0.3692 -0.8912 0.2635
vn -0 -0.2588 -0.9659
vn -0 -0.5 -0.866
vn -0 -0.866 -0.5
vn -0 -0.9659 -0.2588
vn 0.6612 -0.3543 0.6612
vn 0.6612 -0.3543 -0.6612
vn 0.5135 -0.6875 -0.5135
vn 0.5135 -0.6875 0.5135
vn 0.2085 -0.9555 -0.2085
vn 0.2085 -0.9555 0.2085
vn 0.1317 -0.9825 -0.1316
vn 0.1317 -0.9825 0.1316
vn 0.3544 -0.6612 -0.6612
vn 0.6875 -0.5135 -0.5135
vn 0.9555 -0.2085 -0.2085
vn 0.9825 -0.1316 -0.1316
vn 0.0225 -0.2572 0.9661
vn 0.0945 -0.2348 0.9674
vn 0.1735 -0.4324 0.8848
vn 0.0423 -0.4864 0.8727
vn 0.3169 -0.791 0.5233
vn 0.0744 -0.8586 0.5072
vn 0.3586 -0.8952 0.2646
vn 0.0833 -0.9622 0.2595
vn -0.0002 -0.2593 -0.9658
vn 0.6608 -0.3549 -0.6613
vn 0.5882 -0.5549 -0.5884
vn -0.0004 -0.5006 -0.8657
vn 0.3323 -0.8825 -0.3328
vn -0.0006 -0.8664 -0.4994
vn 0.1307 -0.9827 -0.1314
vn -0.0007 -0.9661 -0.2584
vn 0.3551 -0.6608 -0.6613
vn 0.555 -0.5881 -0.5883
vn 0.8826 -0.3322 -0.3327
vn 0.9827 -0.1306 -0.1314
vn 0.098 -0.9952 -0
vn 0.3827 -0.9239 -0
vn -0 -1 -0
vn 0.9239 -0.3827 -0
vn 0.9952 -0.098 -0
vn 0.7071 -0.7071 -0
vn 0.0864 -0.9963 -0
vn 0.3723 -0.9281 -0
vn -0.0007 -1 -0
vn 0.9281 -0.3723 -0
vn 0.9963 -0.0864 -0
vn 1 0.0008 -0
vn 0.1536 -0.9856 -0.0705
vn 0.0692 -0.9959 -0.0584
vn 0.0715 -0.9972 -0.0198
vn 0.1608 -0.9867 -0.0247
vn 0.1513 -0.962 -0.2272
vn 0.0655 -0.9771 -0.2022
vn 0.3126 -0.9495 -0.0255
vn 0.3012 -0.9508 -0.0718
vn 0.2987 -0.9273 -0.2255
vn 0.5802 -0.8115 -0.0693
vn 0.5803 -0.7881 -0.2052
vn 0.5794 -0.7157 -0.39
vn 0.2976 -0.8438 -0.4466
vn 0.1508 -0.8763 -0.4575
vn 0.0597 -0.8991 -0.4336
vn 0.2847 -0.9418 -0.1788
vn 0.3023 -0.9518 -0.0518
vn 0.2568 -0.8821 -0.3948
vn 0.5945 -0.8029 -0.0423
vn 0.5768 -0.8046 -0.1413
vn 0.6026 -0.7979 -0.0153
vn 0.3123 -0.9498 -0.018
vn 0.5386 -0.7794 -0.32
vn 0.3023 -0.9518 0.0518
vn 0.0692 -0.9959 0.0584
vn 0.2847 -0.9418 0.1788
vn 0.0655 -0.9771 0.2022
vn 0.5945 -0.803 0.0421
vn 0.5768 -0.8046 0.1413
vn 0.5386 -0.7794 0.32
vn 0.2568 -0.8821 0.3948
vn 0.7065 -0.7065 0.0403
vn 0.7008 -0.7008 0.1337
vn 0.8029 -0.5946 0.0421
vn 0.8045 -0.5768 0.1413
vn 0.0597 -0.8991 0.4336
vn 0.9104 -0.411 0.0473
vn 0.9068 -0.3893 0.1615
vn 0.8627 -0.3524 0.3627
vn 0.7794 -0.5386 0.32
vn 0.6741 -0.6741 0.3021
vn 0.707 -0.707 -0.0148
vn 0.7979 -0.6026 -0.0153
vn 0.9061 -0.4227 -0.0167
vn 0.9974 -0.0461 0.0558
vn 0.9801 -0.0433 0.1939
vn 0.9697 -0.1637 0.1811
vn 0.9831 -0.1756 0.0525
vn 0.906 -0.0389 0.4216
vn 0.905 -0.1453 0.3999
vn 0.983 -0.1829 -0.0182
vn 0.9987 -0.048 -0.0191
vn 0.7071 0.012 0.7071
vn 0.7067 -0.0332 0.7067
vn 0.8033 -0.0347 0.5946
vn 0.798 0.0123 0.6026
vn 0.9831 -0.1756 -0.0525
vn 0.9974 -0.0461 -0.0558
vn 0.9697 -0.1637 -0.1811
vn 0.9801 -0.0433 -0.1939
vn 0.9104 -0.411 -0.0473
vn 0.9069 -0.3893 -0.1615
vn 0.8627 -0.3524 -0.3627
vn 0.905 -0.1453 -0.3999
vn 0.906 -0.0388 -0.4216
vn 0.7065 -0.7065 -0.0403
vn 0.8029 -0.5946 -0.0421
vn 0.7008 -0.7008 -0.1337
vn 0.8045 -0.5768 -0.1413
vn 0.6741 -0.6741 -0.3021
vn 0.7794 -0.5386 -0.32
vn 0.0691 0.0482 -0.9964
vn 0.3023 0.0427 -0.9522
vn 0.3123 0.0145 -0.9499
vn 0.0715 0.0159 -0.9973
vn 0.5946 -0.0346 -0.8032
vn 0.7067 -0.0332 -0.7067
vn 0.702 -0.1201 -0.702
vn 0.5776 -0.1271 -0.8064
vn 0.8032 -0.0347 -0.5947
vn 0.8064 -0.1271 -0.5776
vn 0.285 -0.1617 -0.9448
vn 0.5399 -0.3111 -0.7821
vn 0.2574 -0.3847 -0.8864
vn 0.7821 -0.3111 -0.5399
vn 0.676 -0.2935 -0.676
vn 0.3023 -0.0427 -0.9523
vn 0.0526 -0.7061 -0.7061
vn 0.2177 -0.6901 -0.6901
vn 0.2286 -0.7896 -0.5695
vn 0.0543 -0.7964 -0.6023
vn 0.4861 -0.7262 -0.4861
vn 0.459 -0.6282 -0.6282
vn 0.5773 -0.5773 -0.5774
vn 0.6282 -0.6282 -0.459
vn 0.4861 -0.4861 -0.7262
vn 0.6282 -0.459 -0.6282
vn 0.7262 -0.4861 -0.4861
vn 0.2286 -0.5695 -0.7896
vn 0.0543 -0.6023 -0.7964
vn 0.0598 -0.423 -0.9042
vn 0.5751 -0.641 -0.5083
vn 0.7779 -0.4925 -0.3903
vn 0.778 -0.4443 -0.4443
vn 0.5747 -0.5787 -0.5787
vn 0.0691 -0.0482 -0.9964
vn 0.0655 -0.1835 -0.9808
vn 0.6026 0.0123 -0.798
vn 0.7071 0.012 -0.7071
vn 0.798 0.0123 -0.6026
vn 0.9012 0.0134 -0.4333
vn 0.0655 0.1835 -0.9808
vn 0.285 0.1617 -0.9448
vn 0.0543 0.6023 -0.7964
vn 0.2286 0.5695 -0.7896
vn 0.5947 0.0346 -0.8032
vn 0.4861 0.4861 -0.7262
vn 0.5776 0.1271 -0.8064
vn 0.7067 0.0332 -0.7067
vn 0.8032 0.0346 -0.5947
vn 0.702 0.1201 -0.702
vn 0.8064 0.1271 -0.5776
vn 0.6282 0.459 -0.6282
vn 0.7262 0.4861 -0.4861
vn 0.7794 0.5386 -0.32
vn 0.905 0.1453 -0.3999
vn 0.906 0.0388 -0.4216
vn 0.9982 0.0153 -0.0581
vn 0.9997 0.0157 -0.0196
vn 0.9793 0.0146 -0.2017
vn 0.6026 0.7979 -0.0153
vn 0.7979 0.6026 -0.0153
vn 0.8029 0.5946 -0.0421
vn 0.5946 0.803 -0.0421
vn 0.9974 0.0461 -0.0558
vn 0.9987 0.048 -0.019
vn 0.9801 0.0433 -0.1939
vn 0.9831 0.1756 -0.0525
vn 0.983 0.183 -0.0182
vn 0.9697 0.1637 -0.1811
vn 0.8045 0.5768 -0.1413
vn 0.5768 0.8045 -0.1413
vn 0.5386 0.7794 -0.32
vn 0.459 0.6282 -0.6282
vn 0.4861 0.7262 -0.4861
vn 0.3023 0.9518 -0.0518
vn 0.2847 0.9418 -0.1789
vn 0.3123 0.9498 -0.018
vn 0.2177 0.6901 -0.6901
vn 0.2285 0.7896 -0.5695
vn 0.0715 0.9972 -0.0198
vn 0.0692 0.9959 -0.0584
vn 0.2568 0.8821 -0.3948
vn 0.0655 0.9771 -0.2022
vn 0.0597 0.8991 -0.4336
vn 0.0526 0.7061 -0.7061
vn 0.0543 0.7964 -0.6023
vn 0.8029 0.5946 0.0421
vn 0.5946 0.8029 0.0421
vn 0.5768 0.8045 0.1413
vn 0.8045 0.5768 0.1413
vn 0.3023 0.9518 0.0518
vn 0.5386 0.7794 0.32
vn 0.7794 0.5386 0.32
vn 0.2847 0.9418 0.1788
vn 0.2568 0.8821 0.3948
vn 0.9697 0.1637 0.1811
vn 0.905 0.1453 0.3999
vn 0.9831 0.1757 0.0525
vn 0.0692 0.9959 0.0584
vn 0.0655 0.9771 0.2022
vn 0.1535 0.9856 0.0705
vn 0.1513 0.962 0.2272
vn 0.0597 0.8991 0.4336
vn 0.3012 0.9509 0.0718
vn 0.2986 0.9273 0.2255
vn 0.5802 0.8115 0.0693
vn 0.5803 0.7881 0.2052
vn 0.5794 0.7157 0.39
vn 0.2976 0.8438 0.4466
vn 0.1508 0.8763 0.4575
vn 0.1607 0.9867 -0.0247
vn 0.3126 0.9495 -0.0255
vn 0.591 0.8063 -0.0251
vn 0.1536 0.9856 -0.0705
vn 0.3012 0.9508 -0.0718
vn 0.1513 0.962 -0.2272
vn 0.2987 0.9273 -0.2255
vn 0.5803 0.7881 -0.2052
vn 0.2976 0.8438 -0.4466
vn 0.5794 0.7157 -0.39
vn 0.1508 0.8763 -0.4575
vn 0.5802 0.8115 -0.0693
vn 0.149 0.7783 -0.61
vn 0.1487 0.6992 -0.6992
vn 0.2933 0.676 -0.676
vn 0.2938 0.7508 -0.5915
vn 0.149 0.61 -0.7783
vn 0.2939 0.5911 -0.7511
vn 0.1506 0.2069 -0.9667
vn 0.2975 0.2056 -0.9323
vn 0.5747 0.5787 -0.5787
vn 0.5751 0.641 -0.5083
vn 0.1606 0.0199 -0.9868
vn 0.153 0.0584 -0.9865
vn 0.3123 0.0205 -0.9498
vn 0.3003 0.0595 -0.952
vn 0.5789 0.0578 -0.8133
vn 0.5789 0.1881 -0.7934
vn 0.5751 0.5083 -0.641
vn 0.773 0.0497 -0.6324
vn 0.7778 0.1521 -0.6098
vn 0.5906 0.0203 -0.8067
vn 0.8766 0.0403 -0.4796
vn 0.8795 0.118 -0.461
vn 0.8808 0.2928 -0.3722
vn 0.7779 0.3903 -0.4925
vn 0.778 0.4443 -0.4443
vn 0.7778 0.4925 -0.3903
vn 0.7799 0.548 -0.3024
vn 0.8808 0.3349 -0.3348
vn 0.8806 0.3726 -0.2929
vn 0.8809 0.4148 -0.228
vn 0.658 0.1982 -0.7265
vn 0.6532 0.4677 -0.5954
vn 0.7429 0.4139 -0.5262
vn 0.7425 0.1714 -0.6475
vn 0.7437 0.0598 -0.6658
vn 0.8783 0.0145 -0.4779
vn 0.7496 0.0217 -0.6615
vn 0.6632 0.0254 -0.748
vn 0.6565 0.0706 -0.751
vn 0.7773 0.0178 -0.6288
vn 0.7393 0.531 -0.414
vn 0.7412 0.4755 -0.4738
vn 0.7359 0.5939 -0.3253
vn 0.6505 0.5381 -0.536
vn 0.6474 0.6013 -0.4683
vn 0.644 0.6708 -0.3677
vn 0.7251 0.6882 -0.027
vn 0.877 0.4801 -0.0179
vn 0.876 0.4799 -0.0478
vn 0.7249 0.6852 -0.0712
vn 0.8792 0.4591 -0.1276
vn 0.7294 0.6584 -0.1856
vn 0.7741 0.6302 -0.0592
vn 0.7787 0.6053 -0.1651
vn 0.7777 0.6283 -0.0219
vn 0.6365 0.7408 -0.2146
vn 0.6256 0.7756 -0.0839
vn 0.6225 0.782 -0.0315
vn 0.7786 0.6054 0.1651
vn 0.7799 0.548 0.3024
vn 0.7741 0.6302 0.0592
vn 0.876 0.4799 0.0478
vn 0.8792 0.4591 0.1276
vn 0.8809 0.4148 0.228
vn 0.7249 0.6852 0.0712
vn 0.6256 0.7756 0.0839
vn 0.7294 0.6584 0.1856
vn 0.7359 0.5939 0.3253
vn 0.6365 0.7408 0.2146
vn 0.644 0.6708 0.3677
vn 0.1314 0.9606 0.2449
vn 0.0915 0.9916 0.0916
vn 0.2003 0.9746 0.0997
vn 0.2537 0.9315 0.2606
vn 0.1749 0.8784 0.4448
vn 0.3039 0.8437 0.4425
vn 0.0701 0.997 -0.0339
vn 0.1724 0.9843 -0.0367
vn 0.9992 0.041 0.0028
vn 0.9988 0.0486 0.0009
vn 0.9996 -0.0271 -0.006
vn 0.9996 -0.0261 -0.0138
vn 0.9969 -0.0771 -0.0145
vn 0.9975 -0.064 -0.0307
vn 0.9995 -0.0201 -0.0224
vn 0.9976 -0.0538 -0.0432
vn 0.9994 0.0339 0.0055
vn 0.9985 0.0539 -0.0002
vn 0.9997 -0.025 0.0026
vn 0.9967 -0.0811 0.006
vn 0.7688 -0.172 0.616
vn 0.7966 -0.3834 0.4673
vn 0.9508 -0.1953 0.2406
vn 0.9416 -0.0803 0.3269
vn 0.347 -0.9329 -0.0969
vn 0.3645 -0.8966 -0.2515
vn 0.7625 -0.6241 -0.1706
vn 0.7452 -0.6634 -0.0679
vn 0.9211 -0.3879 -0.034
vn 0.917 -0.3986 0.0135
vn 0.7395 -0.6727 0.0261
vn 0.3811 -0.8156 -0.4353
vn 0.7845 -0.5466 -0.293
vn 0.9462 -0.2853 -0.1527
vn 0.9337 -0.3479 -0.0847
vn 0.1112 -0.9879 0.1082
vn 0.12 -0.9919 0.0412
vn 0.3445 -0.9381 0.0362
vn 0.347 -0.9328 0.0969
vn 0.3645 -0.8966 0.2515
vn 0.7452 -0.6634 0.0678
vn 0.7625 -0.6241 0.1706
vn 0.9211 -0.3878 0.034
vn 0.9337 -0.3479 0.0847
vn 0.7845 -0.5466 0.293
vn 0.9462 -0.2853 0.1527
vn 0.3811 -0.8156 0.4353
vn 0.9767 0.2066 -0.0581
vn 0.9992 0.041 -0.0028
vn 0.9988 0.0487 -0.0009
vn 0.9678 0.2503 -0.0263
vn 0.9996 -0.0271 0.006
vn 0.9996 -0.0262 0.0138
vn 0.081 -0.71 0.6995
vn 0.0875 -0.7869 0.6109
vn 0.3868 -0.7355 0.5564
vn 0.3864 -0.6648 0.6393
vn 0.9994 0.0339 -0.0055
vn 0.9995 -0.0201 0.0224
vn 0.9976 -0.0538 0.0432
vn 0.9975 -0.064 0.0307
vn 0.9969 -0.0772 0.0145
vn 0.3834 -0.5876 0.7126
vn 0.7968 -0.4337 0.4207
vn 0.7948 -0.4818 0.3688
vn 0.9498 -0.2463 0.1928
vn 0.9507 -0.2208 0.2179
vn 0.3503 -0.2631 0.8989
vn 0.9851 0.108 -0.1337
vn 0.9998 0.0156 -0.0137
vn 0.9997 0.021 -0.0111
vn 0.9846 0.1251 -0.122
vn 0.9996 0.0271 -0.0085
vn 0.9994 -0.0192 0.0276
vn 0.9995 -0.0185 0.0258
vn 0.9994 -0.0195 0.0291
vn 0.9998 0.0082 -0.016
vn 0.9991 -0.0075 0.0427
vn 0.9968 -0.0217 0.077
vn 0.9973 -0.0437 0.0586
vn 0.9974 -0.0467 0.0546
vn 0.9975 -0.0493 0.0501
vn 0.037 -0.0876 0.9955
vn 0.0541 -0.2642 0.9629
vn 0.3186 -0.0927 0.9433
vn 0.2902 -0.0291 0.9565
vn 0.7503 -0.0585 0.6586
vn 0.7319 -0.0155 0.6812
vn 0.9816 0.009 -0.1905
vn 1 0.0083 -0.0041
vn 0.9999 0.008 -0.0134
vn 0.9817 0.0214 -0.1893
vn 0.929 -0.024 0.3693
vn 0.9183 -0.0027 0.3959
vn 0.0727 0.1112 0.9911
vn 0.5411 0.0973 0.8353
vn 0.9987 0.0024 0.051
vn 0.998 0.0066 0.0629
vn 0.9942 0.0042 0.1076
vn 0.9957 -0.0042 0.0928
vn 0.9821 0.0286 0.1861
vn 0.9644 0.0365 0.2619
vn 0.3785 0.0849 -0.9217
vn 0.3914 0.0314 -0.9197
vn 0.2409 0.0392 -0.9698
vn 0.2344 0.0998 -0.967
vn 0.35 0.0403 -0.9359
vn 0.3489 0.103 -0.9315
vn 0.2395 0.2683 -0.9331
vn 0.3618 0.2702 -0.8922
vn 0.4841 -0.0744 -0.8719
vn 0.5015 -0.2135 -0.8384
vn 0.3808 -0.2168 -0.8989
vn 0.3448 -0.0726 -0.9359
vn 0.4395 -0.0769 -0.8949
vn 0.4053 -0.325 -0.8544
vn 0.4972 -0.3078 -0.8113
vn 0.4798 -0.2232 -0.8485
vn 0.7737 -0.0551 -0.6312
vn 0.8788 -0.0398 -0.4755
vn 0.8823 -0.1165 -0.4561
vn 0.7791 -0.1575 -0.6067
vn 0.773 -0.0497 -0.6324
vn 0.7778 -0.1521 -0.6099
vn 0.7803 -0.2961 -0.5509
vn 0.8845 -0.2206 -0.411
vn 0.705 -0.0649 -0.7063
vn 0.7161 -0.1817 -0.674
vn 0.7849 -0.2926 -0.5462
vn 0.7227 -0.327 -0.6089
vn 0.5789 -0.0578 -0.8133
vn 0.5789 -0.1881 -0.7934
vn 0.3003 -0.0595 -0.952
vn 0.2975 -0.2056 -0.9323
vn 0.2978 -0.4362 -0.8491
vn 0.5798 -0.3813 -0.72
vn 0.1531 -0.0584 -0.9865
vn 0.1506 -0.2069 -0.9667
vn 0.1509 -0.4467 -0.8819
vn 0.149 -0.61 -0.7783
vn 0.1487 -0.6992 -0.6992
vn 0.2933 -0.676 -0.676
vn 0.2938 -0.5915 -0.7508
vn 0.149 -0.7783 -0.61
vn 0.2938 -0.7511 -0.5912
vn 0.5751 -0.5083 -0.641
vn 0.8844 -0.409 -0.2249
vn 0.884 -0.3676 -0.289
vn 0.7799 -0.548 -0.3024
vn 0.7778 -0.3904 -0.4925
vn 0.8841 -0.3305 -0.3304
vn 0.884 -0.2889 -0.3675
vn 0.7787 -0.6053 -0.1651
vn 0.591 -0.8063 -0.0251
vn 0.7777 -0.6282 -0.0219
vn 0.7741 -0.6303 -0.0592
vn 0.8799 -0.4729 -0.0472
vn 0.8829 -0.4523 -0.1258
vn 0.7795 -0.623 -0.0655
vn 0.8809 -0.4729 -0.0177
vn 0.7817 -0.6232 -0.0247
vn 0.7816 -0.6001 -0.1704
vn 0.7848 -0.543 -0.2987
vn 0.7148 -0.6987 -0.0289
vn 0.7137 -0.6963 -0.0768
vn 0.7193 -0.6667 -0.1953
vn 0.7221 -0.6059 -0.3338
vn 0.7865 -0.3804 -0.4865
vn 0.7865 -0.4369 -0.4365
vn 0.7223 -0.545 -0.4256
vn 0.786 -0.487 -0.3809
vn 0.7231 -0.4886 -0.4882
vn 0.7232 -0.425 -0.5443
vn 0.5026 -0.8598 -0.0907
vn 0.5042 -0.8629 -0.0347
vn 0.3647 -0.9303 -0.04
vn 0.3715 -0.9227 -0.1033
vn 0.7741 -0.6302 0.0592
vn 0.5802 -0.8115 0.0693
vn 0.5803 -0.7881 0.2052
vn 0.7786 -0.6054 0.165
vn 0.4524 -0.8909 -0.0413
vn 0.4631 -0.8798 -0.1069
vn 0.3927 -0.8833 -0.2561
vn 0.4897 -0.8332 -0.257
vn 0.4096 -0.8003 -0.4378
vn 0.51 -0.7519 -0.4178
vn 0.5149 -0.6069 -0.6054
vn 0.5134 -0.6768 -0.5277
vn 0.4163 -0.7202 -0.555
vn 0.4202 -0.6445 -0.6388
vn 1 -0.0093 -0.0013
vn 0.9757 0.2188 0.0092
vn 0.9777 0.2087 0.0225
vn 1 -0.0053 -0.0028
vn 0.5187 -0.6765 -0.5227
vn 0.5229 -0.6058 -0.5996
vn 0.4202 -0.5548 -0.7181
vn 0.5225 -0.5232 -0.6732
vn 0.4132 -0.5071 -0.7564
vn 0.5198 -0.4754 -0.7098
vn 0.9813 0.1854 0.0508
vn 0.9578 0.2858 0.0302
vn 0.9642 0.2558 0.0692
vn 0.9543 0.2985 0.0123
vn 0.9357 0.3524 0.0173
vn 0.942 0.333 0.0425
vn 0.952 0.292 0.092
vn 0.9698 0.2167 0.1123
vn 0.9579 0.2526 0.1364
vn 0.9842 0.1571 0.0817
vn 1 -0.0055 -0.0029
vn 0.9853 0.1386 0.1
vn 0.9858 0.1248 0.1124
vn 1 -0.0051 -0.004
vn 0.986 0.1109 0.1243
vn 0.9728 0.1718 0.1554
vn 0.9732 0.1524 0.1725
vn 0.9719 0.1908 0.1377
vn 0.9603 0.2255 0.1645
vn 0.9614 0.2039 0.1849
vn 0.9618 0.1816 0.2047
vn 0.9721 0.1239 0.1991
vn 0.9611 0.1504 0.2319
vn 0.9857 0.0905 0.1422
vn -0.1741 0.7172 0.6748
vn -0.1773 0.6312 0.7551
vn 0.1106 0.6459 0.7554
vn 0.1128 0.7294 0.6747
vn 0.1121 0.8015 0.5874
vn 0.6042 0.5861 0.5398
vn 0.6006 0.6457 0.4715
vn 0.6039 0.5195 0.6045
vn 0.1027 0.511 0.8534
vn 0.5912 0.4152 0.6914
vn 0.84 0.2737 0.4684
vn 0.8458 0.3479 0.4046
vn 0.845 0.3944 0.3612
vn 0.8414 0.4381 0.3165
vn 0.5865 0.717 0.3767
vn 0.8319 0.4948 0.251
vn 0.1055 0.8792 0.4647
vn -0.1638 0.9812 0.1023
vn -0.1667 0.9506 0.262
vn 0.0893 0.957 0.276
vn 0.07 0.9913 0.1114
vn 0.0581 0.9974 0.043
vn 0.5282 0.8439 0.094
vn 0.511 0.8588 0.037
vn 0.5573 0.7988 0.2268
vn 0.8055 0.575 0.1431
vn 0.7755 0.6286 0.0588
vn 0.7609 0.6484 0.0237
vn 0.07 0.9913 -0.1114
vn 0.5282 0.8439 -0.094
vn 0.9777 0.2087 -0.0225
vn 0.9578 0.2858 -0.0302
vn 1 0.0007 0.0032
vn 0.9813 0.1855 -0.0508
vn 1 -0.0053 0.0028
vn 0.9642 0.2558 -0.0692
vn 0.942 0.333 -0.0425
vn 0.9842 0.1571 -0.0817
vn 0.9698 0.2167 -0.1123
vn 0.9579 0.2526 -0.1365
vn 0.952 0.292 -0.092
vn 0.0893 0.957 -0.276
vn 0.5573 0.7987 -0.2268
vn 0.7755 0.6286 -0.0588
vn 0.8055 0.575 -0.1431
vn 0.5865 0.717 -0.3767
vn 0.832 0.4948 -0.251
vn 0.1055 0.8792 -0.4647
vn -0.1741 0.7172 -0.6748
vn -0.1714 0.7919 -0.5861
vn 0.112 0.8015 -0.5874
vn 0.1128 0.7294 -0.6747
vn 0.1106 0.6459 -0.7554
vn 0.6042 0.5861 -0.5398
vn 0.6039 0.5195 -0.6045
vn 0.6006 0.6457 -0.4715
vn 0.8414 0.438 -0.3165
vn 0.8449 0.3944 -0.3613
vn 0.8457 0.3479 -0.4046
vn 0.5912 0.4152 -0.6914
vn 0.84 0.2737 -0.4684
vn 0.1027 0.511 -0.8534
vn 0.0727 0.1112 -0.9911
vn 0.0865 0.2926 -0.9523
vn 0.5631 0.2422 -0.7901
vn 0.5411 0.0973 -0.8353
vn 0.8147 0.1505 -0.56
vn 0.7926 0.063 -0.6064
vn 0.9837 0.057 -0.1703
vn 0.9821 0.0286 -0.1861
vn 0.9644 0.0365 -0.2619
vn 0.9678 0.0763 -0.2397
vn 0.9491 0.0489 -0.3113
vn 0.9566 0.1017 -0.273
vn 0.9721 0.1239 -0.1991
vn 0.9611 0.1504 -0.2319
vn 0.9857 0.0905 -0.1422
vn 1 -0.0038 0.006
vn 0.986 0.1109 -0.1242
vn 0.9858 0.1248 -0.1124
vn 1 -0.0051 0.004
vn 0.9853 0.1386 -0.1
vn 0.9728 0.1719 -0.1554
vn 0.9719 0.1908 -0.1377
vn 0.9732 0.1524 -0.1725
vn 0.9618 0.1816 -0.2047
vn 0.9614 0.2039 -0.1849
vn 0.9603 0.2255 -0.1645
vn 0.7777 -0.1521 0.6099
vn 0.8823 -0.1165 0.4561
vn 0.8845 -0.2206 0.411
vn 0.7803 -0.2961 0.5509
vn 0.3808 -0.2168 0.8989
vn 0.3448 -0.0726 0.9359
vn 0.4395 -0.0769 0.8949
vn 0.4798 -0.2232 0.8485
vn 0.4053 -0.325 0.8544
vn 0.4972 -0.3077 0.8112
vn 0.5149 -0.6069 0.6054
vn 0.5153 -0.5274 0.6755
vn 0.4202 -0.5548 0.7181
vn 0.4203 -0.6445 0.6388
vn 0.4132 -0.5071 0.7564
vn 0.5197 -0.4754 0.7098
vn 0.5225 -0.5232 0.6733
vn 0.5229 -0.6058 0.5996
vn 0.4163 -0.7202 0.555
vn 0.5187 -0.6766 0.5227
vn 0.4097 -0.8003 0.4378
vn 0.5101 -0.7519 0.4178
vn 0.7791 -0.1575 0.6068
vn 0.8788 -0.0398 0.4755
vn 0.7737 -0.0551 0.6312
vn 0.7799 -0.548 0.3024
vn 0.7778 -0.4925 0.3904
vn 0.884 -0.3676 0.289
vn 0.8844 -0.409 0.2249
vn 0.7849 -0.2926 0.5462
vn 0.705 -0.0649 0.7063
vn 0.7161 -0.1817 0.674
vn 0.7227 -0.327 0.6089
vn 0.773 -0.0497 0.6324
vn 0.7865 -0.4369 0.4365
vn 0.8841 -0.3305 0.3304
vn 0.884 -0.2889 0.3675
vn 0.7865 -0.3805 0.4863
vn 0.786 -0.4871 0.3807
vn 0.7848 -0.543 0.2987
vn 0.7232 -0.425 0.5443
vn 0.7231 -0.4886 0.4882
vn 0.7223 -0.545 0.4256
vn 0.7222 -0.6059 0.3337
vn 0.778 -0.4443 0.4443
vn 0.7778 -0.3904 0.4925
vn 0.7795 -0.623 0.0655
vn 0.8799 -0.4729 0.0472
vn 0.8829 -0.4523 0.1258
vn 0.7816 -0.6 0.1704
vn 0.7193 -0.6667 0.1953
vn 0.7137 -0.6963 0.0768
vn 0.2395 0.2683 0.9331
vn 0.2295 0.6194 0.7508
vn 0.3619 0.5927 0.7196
vn 0.3622 0.2701 0.8921
vn 0.3927 -0.8833 0.2561
vn 0.4897 -0.8331 0.257
vn 0.3714 -0.9227 0.1033
vn 0.4631 -0.8799 0.1069
vn 0.3012 -0.9509 0.0718
vn 0.5794 -0.7157 0.39
vn 0.2987 -0.9273 0.2255
vn 0.2976 -0.8438 0.4466
vn 0.1535 -0.9856 0.0705
vn 0.1513 -0.962 0.2272
vn 0.1508 -0.8763 0.4575
vn 0.149 -0.7783 0.61
vn 0.1487 -0.6992 0.6992
vn 0.2933 -0.676 0.676
vn 0.2938 -0.7508 0.5915
vn 0.149 -0.61 0.7783
vn 0.2939 -0.5912 0.7511
vn 0.2978 -0.4362 0.8491
vn 0.5798 -0.3813 0.7201
vn 0.5752 -0.5083 0.641
vn 0.1508 -0.4467 0.8819
vn 0.5747 -0.5787 0.5787
vn 0.5751 -0.641 0.5083
vn 0.1531 -0.0584 0.9865
vn 0.3003 -0.0595 0.952
vn 0.2975 -0.2056 0.9323
vn 0.1507 -0.2069 0.9667
vn 0.5789 -0.0578 0.8133
vn 0.5789 -0.1881 0.7934
vn 0.1606 0.0199 0.9868
vn 0.3123 0.0205 0.9498
vn 0.5906 0.0203 0.8067
vn 0.7773 0.0178 0.6288
vn 0.8783 0.0145 0.4779
vn 0.153 0.0584 0.9865
vn 0.3003 0.0595 0.952
vn 0.1506 0.2069 0.9667
vn 0.2975 0.2056 0.9323
vn 0.149 0.61 0.7783
vn 0.2939 0.5911 0.7511
vn 0.5789 0.0578 0.8133
vn 0.5751 0.5083 0.641
vn 0.5789 0.1881 0.7934
vn 0.773 0.0497 0.6324
vn 0.7778 0.1521 0.6098
vn 0.7779 0.3903 0.4925
vn 0.8766 0.0403 0.4796
vn 0.7496 0.0217 0.6615
vn 0.7437 0.0598 0.6658
vn 0.8808 0.2928 0.3722
vn 0.8795 0.118 0.461
vn 0.6632 0.0254 0.748
vn 0.7425 0.1714 0.6475
vn 0.7429 0.4139 0.5262
vn 0.6532 0.4677 0.5954
vn 0.658 0.1982 0.7265
vn 0.778 0.4443 0.4443
vn 0.8808 0.3349 0.3348
vn 0.6565 0.0706 0.751
vn 0.7412 0.4755 0.4738
vn 0.7393 0.531 0.414
vn 0.8806 0.3726 0.2929
vn 0.6474 0.6013 0.4683
vn 0.6505 0.5381 0.536
vn 0.7778 0.4926 0.3904
vn 0.2933 0.676 0.676
vn 0.5747 0.5787 0.5787
vn 0.5751 0.641 0.5083
vn 0.2939 0.7511 0.5912
vn 0.3499 0.666 0.6588
vn 0.3425 0.7434 0.5745
vn 0.2011 0.789 0.5806
vn 0.2174 0.7077 0.6723
vn 0.3326 0.7563 0.5634
vn 0.3496 0.6771 0.6475
vn 0.3785 0.0849 0.9217
vn 0.3723 0.2404 0.8964
vn 0.2343 0.0997 0.967
vn 0.3489 0.103 0.9315
vn 0.2409 0.0392 0.9698
vn 0.35 0.0403 0.9359
vn 0.9998 0.0156 0.0137
vn 0.9997 0.021 0.0111
vn 0.9994 -0.0192 -0.0276
vn 0.9994 -0.0195 -0.029
vn 0.9996 0.0271 0.0085
vn 0.9995 -0.0185 -0.0258
vn 0.9975 -0.0493 -0.0501
vn 0.9974 -0.0467 -0.0546
vn 0.9973 -0.0437 -0.0585
vn 0.9998 0.0082 0.016
vn 0.9991 -0.0076 -0.0427
vn 0.9845 0.05 0.1684
vn 0.9999 0.008 0.0135
vn 0.9817 0.0214 0.1893
vn 1 0.0083 0.0041
vn 0.9987 0.0024 -0.051
vn 0.998 0.0066 -0.0629
vn 0.9968 -0.0217 -0.077
vn 0.9957 -0.0042 -0.0929
vn 0.9942 0.0042 -0.1076
vn 0.081 -0.71 -0.6995
vn 0.0746 -0.623 -0.7786
vn 0.3835 -0.5876 -0.7125
vn 0.3863 -0.6648 -0.6393
vn 0.3868 -0.7355 -0.5564
vn 0.7968 -0.4337 -0.4207
vn 0.7948 -0.4819 -0.3688
vn 0.7966 -0.3834 -0.4673
vn 0.3503 -0.2631 -0.8989
vn 0.7688 -0.1719 -0.6159
vn 0.9417 -0.0803 -0.3269
vn 0.9508 -0.1953 -0.2406
vn 0.9507 -0.2208 -0.2179
vn 0.9498 -0.2464 -0.1928
vn 0.037 -0.0876 -0.9955
vn 0.0165 -0.0245 -0.9996
vn 0.2902 -0.0291 -0.9565
vn 0.3186 -0.0927 -0.9433
vn 0.7503 -0.0585 -0.6585
vn 0.7319 -0.0155 -0.6812
vn 0.9183 -0.0027 -0.3958
vn 0.929 -0.024 -0.3693
vn 0.0715 0.0159 0.9973
vn 0.3123 0.0145 0.9499
vn 0.3023 0.0427 0.9523
vn 0.0692 0.0482 0.9964
vn 0.1487 0.6992 0.6992
vn 0.149 0.7783 0.61
vn 0.0655 0.1835 0.9808
vn 0.0543 0.6023 0.7964
vn 0.0526 0.7061 0.7061
vn 0.0543 0.7964 0.6023
vn 0.2849 0.1617 0.9448
vn 0.5947 0.0346 0.8032
vn 0.5776 0.1271 0.8064
vn 0.4861 0.4861 0.7262
vn 0.2286 0.5695 0.7896
vn 0.2175 0.6902 0.6902
vn 0.2286 0.7896 0.5695
vn 0.459 0.6282 0.6282
vn 0.4861 0.7262 0.4861
vn 0.6282 0.459 0.6282
vn 0.7262 0.4861 0.4861
vn 0.6026 0.0123 0.798
vn 0.7067 0.0332 0.7067
vn 0.8032 0.0346 0.5947
vn 0.702 0.1201 0.702
vn 0.8064 0.1271 0.5776
vn 0.9012 0.0134 0.4333
vn 0.906 0.0388 0.4216
vn 0.9982 0.0153 0.058
vn 0.9974 0.0461 0.0558
vn 0.9801 0.0433 0.1939
vn 0.9793 0.0146 0.2017
vn 0.5946 -0.0346 0.8032
vn 0.3023 -0.0427 0.9523
vn 0.702 -0.1201 0.702
vn 0.8064 -0.1271 0.5776
vn 0.5776 -0.1271 0.8064
vn 0.285 -0.1617 0.9448
vn 0.2574 -0.3847 0.8864
vn 0.5399 -0.3111 0.7821
vn 0.676 -0.2935 0.676
vn 0.7821 -0.3111 0.5399
vn 0.0655 -0.1835 0.9808
vn 0.0691 -0.0482 0.9964
vn 0.0599 -0.423 0.9042
vn 0.0526 -0.7061 0.7061
vn 0.2182 -0.6901 0.6901
vn 0.2286 -0.5695 0.7896
vn 0.0543 -0.6023 0.7964
vn 0.0543 -0.7964 0.6023
vn 0.2286 -0.7896 0.5695
vn 0.4861 -0.7262 0.4861
vn 0.459 -0.6282 0.6282
vn 0.4861 -0.4861 0.7262
vn 0.6282 -0.6282 0.459
vn 0.5774 -0.5773 0.5773
vn 0.7262 -0.4861 0.4861
vn 0.6282 -0.459 0.6282
vn 0.0865 0.2927 0.9523
vn 0.5631 0.2422 0.7901
vn 0.7926 0.063 0.6065
vn 0.8147 0.1505 0.5601
vn 1 -0.0017 -0.0073
vn 0.9838 0.057 0.1702
vn 0.9998 -0.0006 -0.0213
vn 0.9679 0.0763 0.2397
vn 0.9491 0.0489 0.3112
vn 0.9566 0.1017 0.273
vn 0.3499 0.666 -0.6588
vn 0.3565 0.5799 -0.7326
vn 0.2295 0.6194 -0.7508
vn 0.2174 0.7077 -0.6723
vn 0.9836 0.1436 0.1094
vn 0.9846 0.1251 0.122
vn 0.3614 0.5928 -0.7197
vn 0.3496 0.6771 -0.6475
vn 0.2011 0.789 -0.5806
vn 0.3326 0.7563 -0.5634
vn 0.1749 0.8784 -0.4448
vn 0.3039 0.8437 -0.4425
vn 0.3042 0.9476 -0.0974
vn 0.3197 0.913 -0.2535
vn 0.1314 0.9606 -0.2449
vn 0.0915 0.9916 -0.0916
vn 0.2537 0.9315 -0.2606
vn 0.2003 0.9746 -0.0997
vn -0.1757 0.2712 0.9463
vn -0.167 0.1022 0.9806
vn -0.1796 0.4923 0.8517
vn 0.0541 -0.2642 -0.9629
vn -0.167 0.1022 -0.9806
vn 0.0875 -0.7869 -0.6109
vn 0.0954 -0.8718 -0.4805
vn -0.1757 0.2712 -0.9463
vn -0.1796 0.4923 -0.8517
vn -0.1772 0.6312 -0.7551
vn -0.1696 0.8726 -0.4581
vn -0.1667 0.9506 -0.262
vn -0.1638 0.9812 -0.1023
vn -0.1653 0.9855 0.0392
vn -0.1696 0.8726 0.4581
vn -0.1715 0.7919 0.5861
vn 0.0165 -0.0245 0.9996
vn 0.0746 -0.623 0.7786
vn 0.0954 -0.8718 0.4805
vn 0.1037 -0.955 0.2778
vn 0.1112 -0.9879 -0.1082
vn 0.1037 -0.955 -0.2778
vn 0.2959 0.9545 -0.0371
vn 0.3336 0.8292 -0.4485
vn 0.3425 0.7434 -0.5745
vn 0.3723 0.2404 -0.8964
vn 0.3914 0.0314 0.9197
vn 0.3565 0.5799 0.7326
vn 0.3336 0.8292 0.4485
vn 0.5026 -0.8598 0.0907
vn 0.5083 -0.8286 0.2345
vn 0.5123 -0.7529 0.4132
vn 0.5133 -0.6768 0.5277
vn 0.5141 -0.4845 0.7078
vn 0.4841 -0.0744 0.8719
vn 0.5014 -0.2135 0.8384
vn 0.5078 -0.3201 0.7998
vn 0.5153 -0.5274 -0.6755
vn 0.5123 -0.7529 -0.4132
vn 0.5141 -0.4843 -0.7079
vn 0.5084 -0.8286 -0.2345
vn 0.5079 -0.3201 -0.7998
vn 0.3042 0.9476 0.0974
vn 0.3197 0.913 0.2535
vn 0.9201 -0.0316 -0.3903
vn 0.9375 -0.0851 -0.3375
vn 0.7765 -0.0397 -0.6289
vn 0.8051 -0.1194 -0.581
vn 0.8348 -0.2417 -0.4947
vn 0.9462 -0.1486 -0.2875
vn 1 -0.0013 -0.006
vn 0.8662 0.0216 0.4992
vn 0.871 0.0532 0.4885
vn 0.9816 0.0091 0.1905
vn 0.888 0.1303 0.4411
vn 0.7246 0.026 0.6886
vn 0.7297 0.0642 0.6808
vn 0.7509 0.1706 0.638
vn 0.7662 0.4095 0.4952
vn 0.8912 0.2878 0.3507
vn 0.9851 0.108 0.1337
vn 0.8882 0.3316 0.3181
vn 0.8824 0.377 0.2816
vn 0.7595 0.4733 0.4463
vn 0.7472 0.5379 0.3903
vn 0.7203 0.6245 0.3019
vn 0.8724 0.4336 0.2258
vn 0.9818 0.1676 0.0898
vn 0.9466 -0.256 0.196
vn 0.9475 -0.228 0.2243
vn 1 -0.0055 0.0029
vn 0.9472 -0.1964 0.2533
vn 0.8356 -0.485 0.2582
vn 0.8428 -0.428 0.3264
vn 0.9459 -0.2841 0.1568
vn 0.8453 -0.3801 0.3755
vn 0.8443 -0.3257 0.4255
vn 0.8347 -0.2418 0.4947
vn 0.9462 -0.1486 0.2875
vn 1 -0.0013 0.006
vn 0.9201 -0.0316 0.3903
vn 0.9998 -0.0006 0.0213
vn 1 -0.0029 0.002
vn 0.9375 -0.0851 0.3375
vn 1 -0.0017 0.0073
vn 0.805 -0.1195 0.5811
vn 0.7765 -0.0397 0.6289
vn 0.9279 -0.3701 0.0452
vn 0.941 -0.3236 0.0992
vn 0.791 -0.6088 0.0605
vn 0.8148 -0.5606 0.1479
vn 0.9208 -0.3896 -0.0183
vn 0.7806 -0.6245 -0.0242
vn 0.9472 -0.1964 -0.2533
vn 0.9475 -0.228 -0.2243
vn 1 -0.0038 -0.006
vn 0.9466 -0.256 -0.196
vn 0.8443 -0.3257 -0.4255
vn 0.8453 -0.3801 -0.3755
vn 0.8428 -0.428 -0.3264
vn 0.8356 -0.4849 -0.2582
vn 0.9459 -0.2841 -0.1568
vn 1 -0.0029 -0.002
vn 0.941 -0.3235 -0.0992
vn 0.9279 -0.3701 -0.0452
vn 1 0.0007 -0.0032
vn 0.8148 -0.5605 -0.1479
vn 0.791 -0.6089 -0.0605
vn 0.8662 0.0216 -0.4992
vn 0.7246 0.026 -0.6886
vn 0.888 0.1303 -0.4411
vn 0.871 0.0532 -0.4885
vn 0.9845 0.05 -0.1683
vn 0.8912 0.2878 -0.3507
vn 0.7509 0.1706 -0.638
vn 0.7297 0.0642 -0.6808
vn 0.8824 0.3769 -0.2816
vn 0.8882 0.3316 -0.3181
vn 0.9836 0.1436 -0.1094
vn 0.7203 0.6245 -0.3019
vn 0.7472 0.5379 -0.3903
vn 0.8724 0.4335 -0.2258
vn 0.7595 0.4733 -0.4463
vn 0.7662 0.4095 -0.4952
vn 0.9818 0.1676 -0.0898
vn 0.784 0.6203 -0.0226
vn 0.8049 0.5905 -0.0584
vn 0.9623 0.2716 -0.0106
vn 0.8454 0.5159 -0.1387
vn 0.581 0.8136 -0.0241
vn 0.6061 0.793 -0.0623
vn 0.661 0.7327 -0.162
vn 0.8454 0.5159 0.1388
vn 0.8049 0.5905 0.0584
vn 0.9678 0.2503 0.0263
vn 0.9767 0.2066 0.0581
vn 0.661 0.7327 0.162
vn 0.6061 0.793 0.0623
vn 0.9202 -0 -0.3915
vn 0.9202 0.0764 -0.384
vn 0.9946 0.0202 -0.1016
vn 0.9946 -0 -0.1036
vn 0.9202 -0.0764 -0.384
vn 0.9946 -0.0202 -0.1016
vn 0.9202 0.1498 -0.3617
vn 0.9946 0.0396 -0.0957
vn 0.9202 0.2175 -0.3255
vn 0.9946 0.0576 -0.0861
vn 0.9202 0.2768 -0.2768
vn 0.9946 0.0732 -0.0732
vn 0.9202 0.3255 -0.2175
vn 0.9946 0.0861 -0.0576
vn 0.9202 0.3617 -0.1498
vn 0.9946 0.0957 -0.0396
vn 0.9202 0.384 -0.0764
vn 0.9946 0.1016 -0.0202
vn 0.9202 0.3915 -0
vn 0.9946 0.1036 -0
vn 0.9202 0.384 0.0764
vn 0.9946 0.1016 0.0202
vn 0.9202 0.3617 0.1498
vn 0.9946 0.0957 0.0396
vn 0.9202 0.3255 0.2175
vn 0.9946 0.0861 0.0576
vn 0.9202 0.2768 0.2768
vn 0.9946 0.0732 0.0732
vn 0.9202 0.2175 0.3255
vn 0.9946 0.0576 0.0861
vn 0.9202 0.1498 0.3617
vn 0.9946 0.0396 0.0957
vn 0.9202 0.0764 0.384
vn 0.9946 0.0202 0.1016
vn 0.9202 -0 0.3915
vn 0.9946 -0 0.1036
vn 0.9202 -0.0764 0.384
vn 0.9946 -0.0202 0.1016
vn 0.9202 -0.1498 0.3617
vn 0.9946 -0.0396 0.0957
vn 0.9202 -0.2175 0.3255
vn 0.9946 -0.0576 0.0861
vn 0.9202 -0.2768 0.2768
vn 0.9946 -0.0732 0.0732
vn 0.9202 -0.3255 0.2175
vn 0.9946 -0.0861 0.0576
vn 0.9202 -0.3617 0.1498
vn 0.9946 -0.0957 0.0396
vn 0.9202 -0.384 0.0764
vn 0.9946 -0.1016 0.0202
vn 0.9202 -0.3915 -0
vn 0.9946 -0.1036 -0
vn 0.9202 -0.384 -0.0764
vn 0.9946 -0.1016 -0.0202
vn 0.9202 -0.3617 -0.1498
vn 0.9946 -0.0957 -0.0396
vn 0.9202 -0.3255 -0.2175
vn 0.9946 -0.0861 -0.0576
vn 0.9202 -0.2768 -0.2768
vn 0.9946 -0.0732 -0.0732
vn 0.9202 -0.2175 -0.3255
vn 0.9946 -0.0576 -0.0861
vn 0.9202 -0.1498 -0.3617
vn 0.9946 -0.0396 -0.0957
vn 0.7026 -0.3953 -0.5916
vn 0.7026 -0.2723 -0.6574
vn 0.7026 -0.1388 -0.6979
vn 0.7026 -0 -0.7115
vn 0.3799 -0.354 -0.8546
vn 0.3799 -0.1805 -0.9073
vn 0.3799 -0 -0.925
vn 0.3799 0.1805 -0.9073
vn 0.7026 0.1388 -0.6979
vn 0.3799 0.354 -0.8546
vn 0.7026 0.2723 -0.6574
vn 0.3799 0.5139 -0.7691
vn 0.7026 0.3953 -0.5916
vn 0.3799 0.6541 -0.6541
vn 0.7026 0.5031 -0.5031
vn 0.3799 0.7691 -0.5139
vn 0.7026 0.5916 -0.3953
vn 0.3799 0.8546 -0.354
vn 0.7026 0.6574 -0.2723
vn 0.3799 0.9073 -0.1805
vn 0.7026 0.6979 -0.1388
vn 0.3799 0.925 -0
vn 0.7026 0.7115 -0
vn 0.3799 0.9073 0.1805
vn 0.7026 0.6979 0.1388
vn 0.3799 0.8546 0.354
vn 0.7026 0.6574 0.2723
vn 0.3799 0.7691 0.5139
vn 0.7026 0.5916 0.3953
vn 0.3799 0.6541 0.6541
vn 0.7026 0.5031 0.5031
vn 0.3799 0.5139 0.7691
vn 0.7026 0.3953 0.5916
vn 0.3799 0.354 0.8546
vn 0.7026 0.2723 0.6574
vn 0.3799 0.1805 0.9073
vn 0.7026 0.1388 0.6979
vn 0.3799 -0 0.925
vn 0.7026 -0 0.7115
vn 0.3799 -0.1805 0.9073
vn 0.7026 -0.1388 0.6979
vn 0.3799 -0.354 0.8546
vn 0.7026 -0.2723 0.6574
vn 0.3799 -0.5139 0.7691
vn 0.7026 -0.3953 0.5916
vn 0.3799 -0.6541 0.6541
vn 0.7026 -0.5031 0.5031
vn 0.3799 -0.7691 0.5139
vn 0.7026 -0.5916 0.3953
vn 0.3799 -0.8546 0.354
vn 0.7026 -0.6574 0.2723
vn 0.3799 -0.9073 0.1805
vn 0.7026 -0.6979 0.1388
vn 0.3799 -0.925 -0
vn 0.7026 -0.7115 -0
vn 0.3799 -0.9073 -0.1805
vn 0.7026 -0.6979 -0.1388
vn 0.3799 -0.8546 -0.354
vn 0.7026 -0.6574 -0.2723
vn 0.3799 -0.7691 -0.5139
vn 0.7026 -0.5916 -0.3953
vn 0.3799 -0.6541 -0.6541
vn 0.7026 -0.5031 -0.5031
vn 0.3799 -0.5139 -0.7691
vn 0.0979 -0.7037 -0.7037
vn 0.0979 -0.5529 -0.8275
vn 0.0979 -0.3808 -0.9194
vn 0.0979 -0.1942 -0.9761
vn -0 -0.1951 -0.9808
vn -0 -0.3827 -0.9239
vn -0 -0.5556 -0.8315
vn -0 -0 -1
vn 0.0979 -0 -0.9952
vn -0 0.1951 -0.9808
vn 0.0979 0.1942 -0.9761
vn -0 0.3827 -0.9239
vn 0.0979 0.3808 -0.9194
vn -0 0.5556 -0.8315
vn 0.0979 0.5529 -0.8275
vn -0 0.7071 -0.7071
vn 0.0979 0.7037 -0.7037
vn -0 0.8315 -0.5556
vn 0.0979 0.8275 -0.5529
vn -0 0.9239 -0.3827
vn 0.0979 0.9194 -0.3808
vn -0 0.9808 -0.1951
vn 0.0979 0.9761 -0.1942
vn -0 1 -0
vn 0.0979 0.9952 -0
vn -0 0.9808 0.1951
vn 0.0979 0.9761 0.1942
vn -0 0.9239 0.3827
vn 0.0979 0.9194 0.3808
vn -0 0.8315 0.5556
vn 0.0979 0.8275 0.5529
vn -0 0.7071 0.7071
vn 0.0979 0.7037 0.7037
vn -0 0.5556 0.8315
vn 0.0979 0.5529 0.8275
vn -0 0.3827 0.9239
vn 0.0979 0.3808 0.9194
vn -0 0.1951 0.9808
vn 0.0979 0.1942 0.9761
vn -0 -0 1
vn 0.0979 -0 0.9952
vn -0 -0.1951 0.9808
vn 0.0979 -0.1942 0.9761
vn -0 -0.3827 0.9239
vn 0.0979 -0.3808 0.9194
vn -0 -0.5556 0.8315
vn 0.0979 -0.5529 0.8275
vn -0 -0.7071 0.7071
vn 0.0979 -0.7037 0.7037
vn -0 -0.8315 0.5556
vn 0.0979 -0.8275 0.5529
vn -0 -0.9239 0.3827
vn 0.0979 -0.9194 0.3808
vn -0 -0.9808 0.1951
vn 0.0979 -0.9761 0.1942
vn -0 -1 -0
vn 0.0979 -0.9952 -0
vn -0 -0.9808 -0.1951
vn 0.0979 -0.9761 -0.1942
vn -0 -0.9239 -0.3827
vn 0.0979 -0.9194 -0.3808
vn -0 -0.8315 -0.5556
vn 0.0979 -0.8275 -0.5529
vn -0 -0.7071 -0.7071
vn 1 -0 -0
vn 0.1301 -0 -0.9915
vn 0.1301 -0.1934 -0.9725
vn 0.1301 0.1934 -0.9725
vn 0.4947 -0 -0.8691
vn 0.4947 -0.1695 -0.8524
vn 0.4947 0.1695 -0.8524
vn 0.4947 -0.3326 -0.8029
vn 0.1301 -0.3794 -0.916
vn 0.4947 -0.4828 -0.7226
vn 0.1301 -0.5508 -0.8244
vn 0.1301 -0.7011 -0.7011
vn 0.1301 -0.8244 -0.5508
vn 0.4947 -0.6145 -0.6145
vn 0.4947 -0.7226 -0.4828
vn 0.4947 -0.8029 -0.3326
vn 0.1301 -0.916 -0.3794
vn 0.4947 -0.8524 -0.1696
vn 0.1301 -0.9725 -0.1934
vn 0.1301 -0.9915 -0
vn 0.1301 -0.9725 0.1934
vn 0.4947 -0.8691 -0
vn 0.4947 -0.8524 0.1695
vn 0.4947 -0.8029 0.3326
vn 0.1301 -0.916 0.3794
vn 0.4947 -0.7226 0.4828
vn 0.1301 -0.8244 0.5508
vn 0.1301 -0.7011 0.7011
vn 0.1301 -0.5509 0.8244
vn 0.4947 -0.6145 0.6145
vn 0.4947 -0.4828 0.7226
vn 0.4947 -0.3326 0.8029
vn 0.1301 -0.3794 0.916
vn 0.4947 -0.1695 0.8524
vn 0.1301 -0.1934 0.9725
vn 0.1301 -0 0.9915
vn 0.1301 0.1934 0.9725
vn 0.4947 -0 0.8691
vn 0.4947 0.1695 0.8524
vn 0.4947 0.3326 0.8029
vn 0.1301 0.3794 0.916
vn 0.4947 0.4828 0.7226
vn 0.1301 0.5509 0.8244
vn 0.1301 0.7011 0.7011
vn 0.1301 0.8244 0.5508
vn 0.4947 0.6145 0.6145
vn 0.4947 0.7226 0.4828
vn 0.4947 0.8029 0.3326
vn 0.1301 0.916 0.3794
vn 0.4947 0.8524 0.1696
vn 0.1301 0.9725 0.1934
vn 0.1301 0.9915 -0
vn 0.1301 0.9725 -0.1934
vn 0.4947 0.8691 -0
vn 0.4947 0.8524 -0.1696
vn 0.4947 0.8029 -0.3326
vn 0.1301 0.916 -0.3794
vn 0.4947 0.7226 -0.4828
vn 0.1301 0.8244 -0.5508
vn 0.1301 0.7011 -0.7011
vn 0.1301 0.5508 -0.8244
vn 0.4947 0.6145 -0.6145
vn 0.4947 0.4828 -0.7226
vn 0.4947 0.3326 -0.8029
vn 0.1301 0.3794 -0.916
vn 0.86 0.2835 -0.4244
vn 0.86 0.1953 -0.4715
vn 0.86 0.0996 -0.5006
vn 0.86 -0 -0.5104
vn 0.9904 0.0269 -0.1352
vn 0.9904 -0 -0.1379
vn 0.9904 0.0528 -0.1274
vn 0.9904 -0.0269 -0.1352
vn 0.86 -0.0996 -0.5006
vn 0.9904 -0.0528 -0.1274
vn 0.86 -0.1953 -0.4715
vn 0.9904 -0.0766 -0.1147
vn 0.86 -0.2835 -0.4244
vn 0.9904 -0.0975 -0.0975
vn 0.86 -0.3609 -0.3609
vn 0.9904 -0.1147 -0.0766
vn 0.86 -0.4243 -0.2835
vn 0.9904 -0.1274 -0.0528
vn 0.86 -0.4715 -0.1953
vn 0.9904 -0.1352 -0.0269
vn 0.86 -0.5006 -0.0996
vn 0.9904 -0.1379 -0
vn 0.86 -0.5104 -0
vn 0.9904 -0.1352 0.0269
vn 0.86 -0.5006 0.0996
vn 0.9904 -0.1274 0.0528
vn 0.86 -0.4715 0.1953
vn 0.9904 -0.1147 0.0766
vn 0.86 -0.4243 0.2835
vn 0.9904 -0.0975 0.0975
vn 0.86 -0.3609 0.3609
vn 0.9904 -0.0766 0.1147
vn 0.86 -0.2835 0.4243
vn 0.9904 -0.0528 0.1274
vn 0.86 -0.1953 0.4715
vn 0.9904 -0.0269 0.1352
vn 0.86 -0.0996 0.5006
vn 0.9904 -0 0.1379
vn 0.86 -0 0.5104
vn 0.9904 0.0269 0.1352
vn 0.86 0.0996 0.5006
vn 0.9904 0.0528 0.1274
vn 0.86 0.1953 0.4715
vn 0.9904 0.0766 0.1147
vn 0.86 0.2835 0.4243
vn 0.9904 0.0975 0.0975
vn 0.86 0.3609 0.3609
vn 0.9904 0.1147 0.0766
vn 0.86 0.4243 0.2835
vn 0.9904 0.1274 0.0528
vn 0.86 0.4715 0.1953
vn 0.9904 0.1352 0.0269
vn 0.86 0.5006 0.0996
vn 0.9904 0.1379 -0
vn 0.86 0.5104 -0
vn 0.9904 0.1352 -0.0269
vn 0.86 0.5006 -0.0996
vn 0.9904 0.1274 -0.0528
vn 0.86 0.4715 -0.1953
vn 0.9904 0.1147 -0.0766
vn 0.86 0.4243 -0.2835
vn 0.9904 0.0975 -0.0975
vn 0.86 0.3609 -0.3609
vn 0.9904 0.0766 -0.1147
vn 0.9925 -0.0677 0.1014
vn 0.9925 -0.0467 0.1127
vn 0.9925 -0.0862 0.0862
vn 0.8739 -0.3437 0.3437
vn 0.8739 -0.2701 0.4042
vn 0.8739 -0.186 0.4491
vn 0.8739 -0.4042 0.2701
vn 0.9925 -0.1014 0.0677
vn 0.8739 -0.4491 0.186
vn 0.9925 -0.1127 0.0467
vn 0.8739 -0.4768 0.0948
vn 0.9925 -0.1196 0.0238
vn 0.8739 -0.4861 -0
vn 0.9925 -0.1219 -0
vn 0.8739 -0.4768 -0.0948
vn 0.9925 -0.1196 -0.0238
vn 0.8739 -0.4491 -0.186
vn 0.9925 -0.1127 -0.0467
vn 0.8739 -0.4042 -0.2701
vn 0.9925 -0.1014 -0.0677
vn 0.8739 -0.3437 -0.3437
vn 0.9925 -0.0862 -0.0862
vn 0.8739 -0.2701 -0.4042
vn 0.9925 -0.0677 -0.1014
vn 0.8739 -0.186 -0.4491
vn 0.9925 -0.0467 -0.1126
vn 0.8739 -0.0948 -0.4768
vn 0.9925 -0.0238 -0.1196
vn 0.8739 -0 -0.4861
vn 0.9925 -0 -0.1219
vn 0.8739 0.0948 -0.4768
vn 0.9925 0.0238 -0.1196
vn 0.8739 0.186 -0.4491
vn 0.9925 0.0467 -0.1126
vn 0.8739 0.2701 -0.4042
vn 0.9925 0.0677 -0.1014
vn 0.8739 0.3437 -0.3437
vn 0.9925 0.0862 -0.0862
vn 0.8739 0.4042 -0.2701
vn 0.9925 0.1014 -0.0677
vn 0.8739 0.4491 -0.186
vn 0.9925 0.1127 -0.0467
vn 0.8739 0.4768 -0.0948
vn 0.9925 0.1196 -0.0238
vn 0.8739 0.4861 -0
vn 0.9925 0.1219 -0
vn 0.8739 0.4768 0.0948
vn 0.9925 0.1196 0.0238
vn 0.8739 0.4491 0.186
vn 0.9925 0.1127 0.0467
vn 0.8739 0.4042 0.2701
vn 0.9925 0.1014 0.0677
vn 0.8739 0.3437 0.3437
vn 0.9925 0.0862 0.0862
vn 0.8739 0.2701 0.4042
vn 0.9925 0.0677 0.1014
vn 0.8739 0.186 0.4491
vn 0.9925 0.0467 0.1127
vn 0.8739 0.0948 0.4768
vn 0.9925 0.0238 0.1196
vn 0.8739 -0 0.4861
vn 0.9925 -0 0.1219
vn 0.8739 -0.0948 0.4768
vn 0.9925 -0.0238 0.1196
vn 0.5087 -0.168 0.8444
vn 0.5087 -0 0.8609
vn 0.5087 -0.3295 0.7954
vn 0.5087 -0.4783 0.7158
vn 0.1322 -0.5507 0.8242
vn 0.1322 -0.3793 0.9158
vn 0.1322 -0.1934 0.9722
vn 0.1322 -0.7009 0.7009
vn 0.5087 -0.6088 0.6088
vn 0.1322 -0.8242 0.5507
vn 0.5087 -0.7158 0.4783
vn 0.1322 -0.9158 0.3793
vn 0.5087 -0.7954 0.3295
vn 0.1322 -0.9722 0.1934
vn 0.5087 -0.8444 0.168
vn 0.1322 -0.9912 -0
vn 0.5087 -0.8609 -0
vn 0.1322 -0.9722 -0.1934
vn 0.5087 -0.8444 -0.168
vn 0.1322 -0.9158 -0.3793
vn 0.5087 -0.7954 -0.3295
vn 0.1322 -0.8242 -0.5507
vn 0.5087 -0.7158 -0.4783
vn 0.1322 -0.7009 -0.7009
vn 0.5087 -0.6088 -0.6088
vn 0.1322 -0.5507 -0.8242
vn 0.5087 -0.4783 -0.7158
vn 0.1322 -0.3793 -0.9158
vn 0.5087 -0.3295 -0.7954
vn 0.1322 -0.1934 -0.9722
vn 0.5087 -0.168 -0.8444
vn 0.1322 -0 -0.9912
vn 0.5087 -0 -0.8609
vn 0.1322 0.1934 -0.9722
vn 0.5087 0.168 -0.8444
vn 0.1322 0.3793 -0.9158
vn 0.5087 0.3295 -0.7954
vn 0.1322 0.5507 -0.8242
vn 0.5087 0.4783 -0.7158
vn 0.1322 0.7009 -0.7009
vn 0.5087 0.6088 -0.6088
vn 0.1322 0.8242 -0.5507
vn 0.5087 0.7158 -0.4783
vn 0.1322 0.9158 -0.3793
vn 0.5087 0.7954 -0.3295
vn 0.1322 0.9722 -0.1934
vn 0.5087 0.8444 -0.168
vn 0.1322 0.9912 -0
vn 0.5087 0.8609 -0
vn 0.1322 0.9722 0.1934
vn 0.5087 0.8444 0.168
vn 0.1322 0.9158 0.3793
vn 0.5087 0.7954 0.3295
vn 0.1322 0.8242 0.5507
vn 0.5087 0.7158 0.4783
vn 0.1322 0.7009 0.7009
vn 0.5087 0.6088 0.6088
vn 0.1322 0.5507 0.8242
vn 0.5087 0.4783 0.7158
vn 0.1322 0.3793 0.9158
vn 0.5087 0.3295 0.7954
vn 0.1322 0.1934 0.9722
vn 0.5087 0.168 0.8444
vn 0.1322 -0 0.9912
vn 0.9827 0.1532 0.1037
vn 0.982 0.1776 0.0644
vn 0.9458 0.3043 0.1137
vn 0.945 0.2709 0.1832
vn 0.9826 0.1312 0.1312
vn 0.9449 0.2316 0.2316
vn 0.9829 0.1829 -0.0207
vn 0.982 0.1776 -0.0644
vn 0.9458 0.3043 -0.1137
vn 0.945 0.3244 -0.0409
vn 0.9843 0.1764 -0.0033
vn 0.9455 0.3257 -0.0066
vn 0.9829 0.1829 0.0207
vn 0.9843 0.1764 0.0033
vn 0.9455 0.3257 0.0066
vn 0.945 0.3244 0.0409
vn 0.9829 -0.0274 -0.1821
vn 0.9824 -0.0682 -0.1739
vn 0.9457 -0.1201 -0.3021
vn 0.9456 -0.0518 -0.3211
vn 0.9843 -0.0058 -0.1767
vn 0.9458 -0.0115 -0.3244
vn 0.9849 0.0005 -0.1734
vn 0.985 -0 -0.1727
vn 0.9471 -0 -0.321
vn 0.9467 0.001 -0.322
vn 0.9844 0.0029 -0.1761
vn 0.9456 0.0059 -0.3254
vn 0.9827 -0.1037 -0.1532
vn 0.9826 -0.1312 -0.1312
vn 0.9449 -0.2316 -0.2316
vn 0.945 -0.1832 -0.2709
vn 0.9829 -0.0274 0.1821
vn 0.9843 -0.0058 0.1767
vn 0.9459 -0.0115 0.3244
vn 0.9456 -0.0518 0.3211
vn 0.9824 -0.0682 0.1739
vn 0.9457 -0.1201 0.3021
vn 0.9846 0.1746 -0
vn 0.9462 0.3236 -0
vn 0.1421 -0.8198 0.5548
vn 0.1419 -0.6999 0.6999
vn -0 -0.7071 0.7071
vn -0 -0.8281 0.5605
vn 0.1425 -0.9285 0.3429
vn 0.0001 -0.9383 0.3459
vn 0.1456 -0.0059 -0.9893
vn 0.1441 -0.0343 -0.989
vn -0 -0.0345 -0.9994
vn -0 -0.0059 -1
vn 0.146 -0.0001 -0.9893
vn -0 -0.0001 -1
vn 0.1421 0.8198 -0.5548
vn 0.1419 0.6999 -0.6999
vn -0 0.7071 -0.7071
vn -0 0.8281 -0.5605
vn 0.1425 0.9285 -0.3429
vn 0.0001 0.9383 -0.3459
vn 0.1421 -0.5548 -0.8198
vn 0.1419 -0.7 -0.6999
vn -0 -0.7071 -0.7071
vn -0 -0.5605 -0.8281
vn 0.1427 -0.3641 -0.9204
vn -0 -0.3677 -0.9299
vn 0.1448 -0.9895 -0
vn 0.1437 -0.9894 0.0194
vn 0.0001 -0.9998 0.0195
vn -0 -1 -0
vn 0.1437 -0.9894 -0.0194
vn 0.0001 -0.9998 -0.0195
vn 0.1456 -0.0059 0.9893
vn 0.1461 -0.0001 0.9893
vn -0 -0.0001 1
vn -0 -0.0059 1
vn 0.1441 -0.0343 0.989
vn -0 -0.0345 0.9994
vn 0.1421 0.8198 0.5548
vn 0.1425 0.9285 0.3429
vn 0.0001 0.9383 0.3459
vn -0 0.8281 0.5605
vn 0.1419 0.6999 0.7
vn -0 0.7071 0.7071
vn 0.1421 -0.5548 0.8198
vn 0.1427 -0.3641 0.9203
vn -0 -0.3677 0.9299
vn -0 -0.5605 0.8281
vn 0.1448 0.9895 -0
vn 0.1437 0.9894 -0.0194
vn 0.0001 0.9998 -0.0195
vn -0 1 -0
vn 0.1437 0.9894 0.0194
vn -0 0.9998 0.0195
vn 0.1421 0.5548 -0.8198
vn 0.1425 0.337 -0.9307
vn -0 0.3399 -0.9405
vn -0 0.5605 -0.8281
vn 0.1429 -0.1535 -0.9778
vn -0 -0.1545 -0.988
vn 0.1456 0.003 -0.9893
vn -0 0.0031 -1
vn 0.1439 0.0174 -0.9894
vn -0 0.0175 -0.9998
vn 0.1421 0.5548 0.8198
vn -0 0.5605 0.8281
vn 0.1425 0.337 0.9307
vn -0 0.3399 0.9405
vn 0.1429 -0.1535 0.9778
vn -0 -0.1545 0.988
vn 0.1423 -0.9827 -0.1188
vn -0 -0.9929 -0.1192
vn 0.1425 -0.9285 -0.3429
vn -0 -0.9383 -0.3459
vn 0.1423 -0.9827 0.1188
vn -0 -0.9929 0.1192
vn 0.1422 0.1104 -0.9837
vn -0 0.1108 -0.9938
vn 0.1423 0.9827 -0.1188
vn -0 0.9929 -0.1192
vn 0.1422 0.1104 0.9837
vn -0 0.1108 0.9938
vn 0.1439 0.0174 0.9894
vn -0 0.0175 0.9998
vn 0.1421 -0.8198 -0.5548
vn -0 -0.8281 -0.5605
vn 0.1456 0.003 0.9893
vn -0 0.0031 1
vn 0.1423 0.9827 0.1188
vn -0 0.9929 0.1192
vn 1 -0 -0
vn 0.9848 -0.001 -0.1735
vn 0.9829 -0.1829 0.0207
vn 0.982 -0.1776 0.0644
vn 0.9458 -0.3043 0.1137
vn 0.945 -0.3244 0.0409
vn 0.9843 -0.1764 0.0033
vn 0.9455 -0.3257 0.0066
vn 0.9827 0.1037 0.1532
vn 0.945 0.1832 0.2709
vn 0.9819 0.0633 0.1786
vn 0.9458 0.1119 0.3049
vn 0.9827 0.1532 -0.1037
vn 0.9826 0.1312 -0.1312
vn 0.9449 0.2316 -0.2316
vn 0.945 0.2709 -0.1832
vn 0.9846 -0.1746 -0
vn 0.9462 -0.3236 -0
vn 0.9843 -0.1764 -0.0033
vn 0.9455 -0.3257 -0.0066
vn 0.983 0.0191 0.1828
vn 0.9449 0.0383 0.3251
vn 0.9844 0.0029 0.1761
vn 0.9456 0.0059 0.3253
vn 0.9827 0.1037 -0.1532
vn 0.9819 0.0633 -0.1786
vn 0.9458 0.112 -0.3049
vn 0.945 0.1832 -0.2709
vn 0.9827 -0.1532 0.1037
vn 0.9826 -0.1312 0.1312
vn 0.9449 -0.2316 0.2316
vn 0.945 -0.2709 0.1832
vn 0.9829 -0.1829 -0.0207
vn 0.945 -0.3244 -0.0409
vn 0.982 -0.1776 -0.0644
vn 0.9458 -0.3043 -0.1137
vn 0.983 0.0191 -0.1828
vn 0.9449 0.0383 -0.3251
vn 0.9827 -0.1037 0.1532
vn 0.945 -0.1832 0.2709
vn 0.9849 0.0005 0.1734
vn 0.9468 0.001 0.322
vn 0.985 -0 0.1727
vn 0.9471 -0 0.321
vn 0.9827 -0.1532 -0.1037
vn 0.945 -0.2709 -0.1832
vn 0.9848 -0.001 0.1735
vn 0.9468 -0.0019 0.3219
vn 0.9468 -0.0019 -0.3219
vn 1 0.0001 -0
vn 0.2726 0.9033 0.3313
vn 0.2709 0.956 0.1127
vn 0.2721 0.9621 0.0185
vn 0.2761 -0.0001 0.9611
vn 0.2752 0.0029 0.9614
vn 0.2724 0.0165 0.962
vn 0.2704 -0.6808 -0.6808
vn 0.2707 -0.7972 -0.5396
vn 0.2726 -0.9033 -0.3313
vn 0.2706 0.1045 0.957
vn 0.2727 0.3253 0.9054
vn 0.272 0.9621 -0.0185
vn 0.2709 0.956 -0.1127
vn 0.2726 0.9033 -0.3313
vn 0.2727 0.3253 -0.9054
vn 0.2706 0.1045 -0.957
vn 0.2724 0.0165 -0.962
vn 0.272 -0.9621 0.0185
vn 0.2709 -0.956 0.1127
vn 0.2726 -0.9033 0.3313
vn 0.2709 -0.956 -0.1127
vn 0.2721 -0.9621 -0.0185
vn 0.2725 -0.353 0.8951
vn 0.2723 -0.1469 0.9509
vn 0.273 -0.0327 0.9615
vn 0.2707 0.5396 0.7972
vn 0.2704 0.6808 0.6808
vn 0.2752 0.0029 -0.9614
vn 0.2761 -0.0001 -0.9611
vn 0.273 -0.0327 -0.9615
vn 0.2723 -0.1469 -0.9509
vn 0.2725 -0.353 -0.8951
vn 0.2704 0.6808 -0.6808
vn 0.2707 0.5396 -0.7972
vn 0.2737 0.9618 -0
vn 0.2704 -0.6808 0.6808
vn 0.2708 -0.5396 0.7972
vn 0.2707 0.7972 0.5396
vn 0.2753 -0.0056 0.9613
vn 0.2737 -0.9618 -0
vn 0.2708 -0.5396 -0.7972
vn 0.2707 0.7972 -0.5396
vn 0.2753 -0.0056 -0.9613
vn 0.2707 -0.7972 0.5396
#end 1899 normals 

#begin 1821 faces
o Cube:009
usemtl blanco
s 1
f 95/95/1 96/96/2 23/23/3 22/22/4 
f 96/96/2 97/97/5 24/24/6 23/23/3 
f 22/22/4 23/23/3 34/34/7 31/31/8 
f 23/23/3 24/24/6 25/25/9 34/34/7 
f 99/99/10 26/26/11 28/28/12 98/98/13 
f 26/26/11 27/27/14 29/29/15 28/28/12 
f 98/98/13 28/28/12 24/24/6 97/97/5 
f 28/28/12 29/29/15 25/25/9 24/24/6 
f 21/21/16 30/30/17 33/33/18 32/32/19 
f 30/30/17 31/31/8 34/34/7 33/33/18 
f 32/32/19 33/33/18 29/29/15 27/27/14 
f 33/33/18 34/34/7 25/25/9 29/29/15 
f 35/35/20 37/37/21 40/40/22 39/39/23 
f 37/37/21 38/38/24 41/41/25 40/40/22 
f 39/39/23 40/40/22 52/52/26 49/49/27 
f 40/40/22 41/41/25 42/42/28 52/52/26 
f 36/36/29 43/43/30 46/46/31 45/45/32 
f 43/43/30 44/44/33 47/47/34 46/46/31 
f 45/45/32 46/46/31 41/41/25 38/38/24 
f 46/46/31 47/47/34 42/42/28 41/41/25 
f 109/109/35 48/48/36 51/51/37 50/50/38 
f 48/48/36 49/49/27 52/52/26 51/51/37 
f 50/50/38 51/51/37 47/47/34 44/44/33 
f 51/51/37 52/52/26 42/42/28 47/47/34 
f 101/101/39 54/54/40 56/56/41 100/100/42 
f 54/54/40 55/55/43 57/57/44 56/56/41 
f 100/100/42 56/56/41 66/66/45 102/102/46 
f 56/56/41 57/57/44 58/58/47 66/66/45 
f 53/53/48 59/59/49 62/62/50 61/61/51 
f 59/59/49 60/60/52 63/63/53 62/62/50 
f 61/61/51 62/62/50 57/57/44 55/55/43 
f 62/62/50 63/63/53 58/58/47 57/57/44 
f 103/103/54 104/104/55 65/65/56 64/64/57 
f 104/104/55 102/102/46 66/66/45 65/65/56 
f 64/64/57 65/65/56 63/63/53 60/60/52 
f 65/65/56 66/66/45 58/58/47 63/63/53 
f 67/67/58 69/69/59 72/72/60 71/71/61 
f 69/69/59 70/70/62 73/73/63 72/72/60 
f 71/71/61 72/72/60 84/84/64 81/81/65 
f 72/72/60 73/73/63 74/74/66 84/84/64 
f 110/110/67 75/75/68 78/78/69 77/77/70 
f 75/75/68 76/76/71 79/79/72 78/78/69 
f 77/77/70 78/78/69 73/73/63 70/70/62 
f 78/78/69 79/79/72 74/74/66 73/73/63 
f 68/68/73 80/80/74 83/83/75 82/82/76 
f 80/80/74 81/81/65 84/84/64 83/83/75 
f 82/82/76 83/83/75 79/79/72 76/76/71 
f 83/83/75 84/84/64 74/74/66 79/79/72 
f 113/113/77 12/12/77 15/15/78 114/114/78 
f 114/114/78 15/15/78 14/14/79 115/115/79 
f 115/115/79 14/14/79 13/13/80 116/116/80 
f 116/116/80 13/13/80 11/11/81 117/117/81 
f 118/118/82 67/1979/58 71/1966/61 119/119/83 
f 119/119/83 71/1966/61 81/1980/65 120/120/84 
f 120/120/84 81/1980/65 80/1981/74 121/121/85 
f 121/121/85 80/1981/74 68/1994/73 122/122/86 
f 112/112/87 103/103/54 64/64/57 85/85/88 
f 85/85/88 64/64/57 60/60/52 86/86/89 
f 86/86/89 60/60/52 59/59/49 87/87/90 
f 87/87/90 59/59/49 53/53/48 88/88/91 
f 67/67/58 35/35/20 39/39/23 69/69/59 
f 69/69/59 39/39/23 49/49/27 70/70/62 
f 70/70/62 49/49/27 48/48/36 77/77/70 
f 77/77/70 48/48/36 109/109/35 110/110/67 
f 89/89/92 21/21/16 32/32/19 90/90/93 
f 90/90/93 32/32/19 27/27/14 91/91/94 
f 91/91/94 27/27/14 26/26/11 92/92/95 
f 92/92/95 26/26/11 99/99/10 111/111/96 
f 123/123/97 95/1968/1 22/1965/4 124/124/98 
f 124/124/98 22/1965/4 31/1969/8 125/125/99 
f 125/125/99 31/1969/8 30/1964/17 126/126/100 
f 126/126/100 30/1964/17 21/1970/16 127/127/101 
f 128/128/102 7/7/102 10/10/103 129/129/103 
f 129/129/103 10/10/103 9/9/104 130/130/104 
f 130/130/104 9/9/104 8/8/105 131/131/105 
f 131/131/105 8/8/105 6/6/106 132/132/106 
f 133/133/107 132/132/106 6/6/106 93/93/107 
f 118/118/82 16/16/82 7/7/102 128/128/102 
f 134/134/108 122/122/86 68/1994/73 88/1983/91 
f 117/117/81 134/134/108 88/1983/91 53/1982/48 
f 127/127/101 133/133/107 93/93/107 2/2/101 
f 50/50/38 92/92/95 111/111/96 109/109/35 
f 44/44/33 91/91/94 92/92/95 50/50/38 
f 43/43/30 90/90/93 91/91/94 44/44/33 
f 36/36/29 89/89/92 90/90/93 43/43/30 
f 82/82/76 87/87/90 88/88/91 68/68/73 
f 76/76/71 86/86/89 87/87/90 82/82/76 
f 75/75/68 85/85/88 86/86/89 76/76/71 
f 110/110/67 112/112/87 85/85/88 75/75/68 
f 105/105/109 106/106/109 110/110/67 109/109/35 
f 107/107/109 105/105/109 109/109/35 111/111/96 
f 106/106/109 108/108/109 112/112/87 110/110/67 
f 108/108/109 107/107/109 111/111/96 112/112/87 
f 21/1970/16 89/1972/92 133/133/107 127/127/101 
f 11/11/81 94/94/108 134/134/108 117/117/81 
f 94/94/108 17/17/86 122/122/86 134/134/108 
f 67/1979/58 118/118/82 128/128/102 35/1976/20 
f 89/1972/92 36/1998/29 132/132/106 133/133/107 
f 45/1997/32 131/131/105 132/132/106 36/1998/29 
f 38/1996/24 130/130/104 131/131/105 45/1997/32 
f 37/1978/21 129/129/103 130/130/104 38/1996/24 
f 35/1976/20 128/128/102 129/129/103 37/1978/21 
f 5/5/100 126/126/100 127/127/101 2/2/101 
f 4/4/99 125/125/99 126/126/100 5/5/100 
f 3/3/98 124/124/98 125/125/99 4/4/99 
f 1/1/97 123/123/97 124/124/98 3/3/98 
f 20/20/85 121/121/85 122/122/86 17/17/86 
f 19/19/84 120/120/84 121/121/85 20/20/85 
f 18/18/83 119/119/83 120/120/84 19/19/84 
f 16/16/82 118/118/82 119/119/83 18/18/83 
f 61/1984/51 116/116/80 117/117/81 53/1982/48 
f 55/1985/43 115/115/79 116/116/80 61/1984/51 
f 54/1986/40 114/114/78 115/115/79 55/1985/43 
f 101/1977/39 113/113/77 114/114/78 54/1986/40 
f 140/140/110 151/151/111 153/153/112 142/142/113 
f 142/142/113 153/153/112 154/154/114 141/141/115 
f 141/141/115 154/154/114 152/152/116 139/139/117 
f 221/221/123 230/230/122 228/228/124 219/219/125 
f 160/160/126 175/175/127 177/177/128 162/162/129 
f 162/162/129 177/177/128 178/178/130 161/161/131 
f 161/161/131 178/178/130 176/176/132 159/159/133 
f 242/242/139 226/226/138 224/224/140 240/240/141 
f 148/148/142 143/143/143 145/145/144 150/150/145 
f 150/150/145 145/145/144 146/146/146 149/149/147 
f 149/149/147 146/146/146 144/144/148 147/147/149 
f 205/205/155 214/214/154 212/212/156 203/203/157 
f 248/248/158 155/155/159 157/157/160 250/250/161 
f 250/250/161 157/157/160 158/158/162 249/249/163 
f 249/249/163 158/158/162 156/156/164 247/247/165 
f 253/253/171 238/238/170 236/236/172 251/251/173 
f 143/143/143 135/135/174 137/137/175 145/145/144 
f 145/145/144 137/137/175 138/138/176 146/146/146 
f 146/146/146 138/138/176 136/136/177 144/144/148 
f 193/193/180 205/205/155 203/203/157 191/191/181 
f 172/172/182 167/167/183 169/169/184 174/174/185 
f 174/174/185 169/169/184 170/170/186 173/173/187 
f 173/173/187 170/170/186 168/168/188 171/171/189 
f 217/217/195 210/210/194 208/208/196 215/215/197 
f 147/147/149 152/152/116 154/154/114 149/149/147 
f 149/149/147 154/154/114 153/153/112 150/150/145 
f 150/150/145 153/153/112 151/151/111 148/148/142 
f 164/164/198 156/1993/164 158/1963/162 166/166/199 
f 166/166/199 158/1963/162 157/1992/160 165/165/200 
f 165/165/200 157/1992/160 155/1987/159 163/163/201 
f 171/171/189 164/164/198 166/166/199 173/173/187 
f 173/173/187 166/166/199 165/165/200 174/174/185 
f 174/174/185 165/165/200 163/163/201 172/172/182 
f 159/159/133 168/168/188 170/170/186 161/161/131 
f 161/161/131 170/170/186 169/169/184 162/162/129 
f 162/162/129 169/169/184 167/167/183 160/160/126 
f 256/256/202 136/1974/177 138/1973/176 258/258/203 
f 258/258/203 138/1973/176 137/1971/175 257/257/204 
f 257/257/204 137/1971/175 135/1967/174 255/255/205 
f 184/184/206 187/187/207 189/189/208 186/186/209 
f 186/186/209 189/189/208 190/190/210 185/185/211 
f 185/185/211 190/190/210 188/188/212 183/183/213 
f 139/139/117 179/179/214 181/181/215 141/141/115 
f 141/141/115 181/181/215 182/182/216 142/142/113 
f 142/142/113 182/182/216 180/180/217 140/140/110 
f 179/179/214 176/176/132 178/178/130 181/181/215 
f 181/181/215 178/178/130 177/177/128 182/182/216 
f 182/182/216 177/177/128 175/175/127 180/180/217 
f 196/196/218 199/199/219 201/201/220 198/198/221 
f 198/198/221 201/201/220 202/202/222 197/1990/223 
f 199/199/219 208/208/196 210/210/194 201/201/220 
f 201/201/220 210/210/194 209/209/192 202/202/222 
f 219/219/125 212/212/156 214/214/154 221/221/123 
f 221/221/123 214/214/154 213/213/152 222/222/121 
f 215/215/197 224/224/140 226/226/138 217/217/195 
f 217/217/195 226/226/138 225/225/136 218/218/193 
f 260/260/226 231/231/227 233/233/228 262/262/229 
f 262/262/229 233/233/228 234/234/230 261/261/231 
f 231/231/227 236/236/172 238/238/170 233/233/228 
f 233/233/228 238/238/170 237/237/168 234/234/230 
f 240/240/141 243/243/234 245/245/235 242/242/139 
f 242/242/139 245/245/235 246/246/236 241/241/137 
f 243/243/234 228/228/124 230/230/122 245/245/235 
f 245/245/235 230/230/122 229/229/120 246/246/236 
f 183/183/213 248/248/158 250/250/161 185/185/211 
f 185/185/211 250/250/161 249/249/163 186/186/209 
f 186/186/209 249/249/163 247/247/165 184/184/206 
f 198/1991/221 253/253/171 251/251/173 196/1995/218 
f 187/187/207 256/256/202 258/258/203 189/189/208 
f 189/189/208 258/258/203 257/257/204 190/190/210 
f 190/190/210 257/257/204 255/255/205 188/188/212 
f 191/1975/181 260/260/226 262/262/229 193/1989/180 
f 193/1989/180 262/262/229 261/261/231 194/1988/179 
f 135/135/238 143/143/239 96/96/2 95/95/1 
f 144/144/108 136/136/108 191/191/108 203/203/108 
f 255/255/240 135/1967/238 95/1968/1 123/123/97 
f 136/1974/108 256/256/108 260/260/108 191/1975/108 
f 151/151/241 140/140/242 99/99/10 98/98/13 
f 140/140/242 180/180/109 111/111/96 99/99/10 
f 139/139/108 152/152/108 219/219/108 228/228/108 
f 179/179/108 139/139/108 228/228/108 243/243/108 
f 143/143/239 148/148/243 97/97/5 96/96/2 
f 147/147/108 144/144/108 203/203/108 212/212/108 
f 148/148/243 151/151/241 98/98/13 97/97/5 
f 152/152/108 147/147/108 212/212/108 219/219/108 
f 155/155/238 248/248/240 113/113/77 101/1977/39 
f 247/247/107 156/156/107 196/1995/107 251/251/107 
f 156/1993/107 164/164/107 199/199/107 196/196/107 
f 163/163/239 155/1987/238 101/101/39 100/100/42 
f 175/175/109 160/160/242 103/103/54 112/112/87 
f 159/159/107 176/176/107 240/240/107 224/224/107 
f 168/168/107 159/159/107 224/224/107 215/215/107 
f 160/160/242 167/167/241 104/104/55 103/103/54 
f 172/172/243 163/163/239 100/100/42 102/102/46 
f 164/164/107 171/171/107 208/208/107 199/199/107 
f 167/167/241 172/172/243 102/102/46 104/104/55 
f 171/171/107 168/168/107 215/215/107 208/208/107 
f 180/180/109 175/175/109 112/112/87 111/111/96 
f 176/176/240 179/179/240 243/243/240 240/240/240 
f 184/184/107 247/247/107 251/251/107 236/236/107 
f 187/187/109 184/184/109 236/236/109 231/231/109 
f 248/248/240 183/183/240 12/12/77 113/113/77 
f 183/183/240 188/188/240 1/1/97 12/12/77 
f 188/188/240 255/255/240 123/123/97 1/1/97 
f 256/256/108 187/187/108 231/231/108 260/260/108 
usemtl metal_1
f 220/220/118 227/227/119 229/1953/120 222/1947/121 
f 222/222/121 229/229/120 230/230/122 221/221/123 
f 239/239/134 223/223/135 225/1954/136 241/1956/137 
f 241/241/137 225/225/136 226/226/138 242/242/139 
f 204/204/150 211/211/151 213/1952/152 206/206/153 
f 206/1949/153 213/213/152 214/214/154 205/205/155 
f 252/252/166 235/235/167 237/1957/168 254/254/169 
f 254/1958/169 237/237/168 238/238/170 253/253/171 
f 192/192/178 204/204/150 206/206/153 194/1951/179 
f 194/194/179 206/1949/153 205/205/155 193/193/180 
f 216/216/190 207/207/191 209/1955/192 218/1950/193 
f 218/218/193 209/209/192 210/210/194 217/217/195 
f 197/1961/223 202/1960/222 200/200/224 195/195/225 
f 202/1960/222 209/1955/192 207/207/191 200/200/224 
f 222/1947/121 213/1952/152 211/211/151 220/220/118 
f 218/1950/193 225/1954/136 223/223/135 216/216/190 
f 261/1959/231 234/1962/230 232/232/232 259/259/233 
f 234/1962/230 237/1957/168 235/235/167 232/232/232 
f 241/1956/137 246/1948/236 244/244/237 239/239/134 
f 246/1948/236 229/1953/120 227/227/119 244/244/237 
f 195/195/225 252/252/166 254/254/169 197/1961/223 
f 197/197/223 254/1958/169 253/253/171 198/1991/221 
f 194/1951/179 261/1959/231 259/259/233 192/192/178 
f 192/192/244 195/195/244 200/200/245 204/204/245 
f 252/252/246 195/195/244 192/192/244 259/259/246 
f 204/204/245 200/200/245 207/207/243 211/211/243 
f 211/211/243 207/207/243 216/216/247 220/220/247 
f 220/220/247 216/216/247 223/223/248 227/227/248 
f 223/223/248 239/239/249 244/244/249 227/227/248 
f 235/235/246 252/252/246 259/259/246 232/232/246 
o Cube:010
usemtl blanco
s 1
f 540/540/250 545/545/251 544/544/252 538/538/253 
f 542/542/254 546/546/255 545/545/251 540/540/250 
f 538/538/253 539/539/256 541/541/257 540/540/250 
f 540/540/250 541/541/257 543/543/258 542/542/254 
f 541/541/257 800/800/259 802/802/260 543/543/258 
f 543/543/258 802/802/260 399/399/261 289/289/262 
f 542/542/254 543/543/258 289/289/262 290/290/263 
f 542/542/254 290/290/263 291/291/264 546/546/255 
f 546/546/255 549/549/265 548/548/266 545/545/251 
f 291/291/264 292/292/267 549/549/265 546/546/255 
f 575/575/268 548/548/266 549/549/265 578/578/269 
f 572/572/270 547/547/271 548/548/266 575/575/268 
f 578/578/269 549/549/265 292/292/267 307/307/272 
f 545/545/251 548/548/266 547/547/271 544/544/252 
f 544/544/252 547/547/271 551/551/273 550/550/274 
f 550/550/274 551/551/273 553/553/275 552/552/276 
f 554/554/277 551/551/273 547/547/271 572/572/270 
f 551/551/273 554/554/277 557/557/278 553/553/275 
f 553/553/275 557/557/278 299/299/279 293/293/280 
f 554/554/277 555/555/281 558/558/282 557/557/278 
f 555/555/281 556/556/283 559/559/284 558/558/282 
f 552/552/276 553/553/275 293/293/280 294/294/285 
f 556/556/283 295/295/286 296/296/287 559/559/284 
f 559/559/284 296/296/287 263/263/288 297/297/289 
f 558/558/282 559/559/284 297/297/289 298/298/290 
f 557/557/278 558/558/282 298/298/290 299/299/279 
f 555/555/281 571/571/291 570/570/292 556/556/283 
f 554/554/277 572/572/270 571/571/291 555/555/281 
f 556/556/283 570/570/292 302/302/293 295/295/286 
f 560/560/294 561/561/295 563/563/296 562/562/297 
f 561/561/295 300/300/298 301/301/299 563/563/296 
f 563/563/296 301/301/299 263/263/288 296/296/287 
f 562/562/297 563/563/296 296/296/287 295/295/286 
f 562/562/297 565/565/300 564/564/301 560/560/294 
f 1002/1002/302 1022/1022/303 1021/1021/304 1003/1003/305 
f 562/562/297 295/295/286 302/302/293 565/565/300 
f 564/564/301 565/565/300 567/567/306 566/566/307 
f 566/566/307 567/567/306 569/569/308 568/568/309 
f 565/565/300 302/302/293 303/303/310 567/567/306 
f 567/567/306 303/303/310 304/304/311 569/569/308 
f 569/569/308 304/304/311 264/264/312 305/305/313 
f 568/568/309 569/569/308 305/305/313 306/306/314 
f 570/570/292 571/571/291 574/574/315 573/573/316 
f 571/571/291 572/572/270 575/575/268 574/574/315 
f 573/573/316 574/574/315 577/577/317 576/576/318 
f 574/574/315 575/575/268 578/578/269 577/577/317 
f 577/577/317 578/578/269 307/307/272 308/308/319 
f 576/576/318 577/577/317 308/308/319 309/309/320 
f 304/304/311 576/576/318 309/309/320 264/264/312 
f 303/303/310 573/573/316 576/576/318 304/304/311 
f 302/302/293 570/570/292 573/573/316 303/303/310 
f 603/603/321 606/606/322 605/605/323 602/602/324 
f 579/579/325 580/580/326 583/583/327 582/582/328 
f 580/580/326 581/581/329 584/584/330 583/583/327 
f 601/601/331 582/582/328 312/312/332 314/314/333 
f 581/581/329 306/306/314 305/305/313 584/584/330 
f 584/584/330 305/305/313 264/264/312 310/310/334 
f 583/583/327 584/584/330 310/310/334 311/311/335 
f 582/582/328 583/583/327 311/311/335 312/312/332 
f 599/599/336 579/579/325 582/582/328 601/601/331 
f 593/593/337 596/596/338 595/595/339 592/592/340 
f 586/586/341 587/587/342 585/585/343 591/591/344 
f 588/588/345 589/589/346 585/585/343 587/587/342 
f 590/590/347 591/591/344 585/585/343 589/589/346 
f 595/595/339 596/596/338 587/587/342 586/586/341 
f 596/596/338 597/597/348 588/588/345 587/587/342 
f 307/307/272 586/586/341 591/591/344 308/308/319 
f 312/312/332 311/311/335 589/589/346 588/588/345 
f 597/597/348 314/314/333 312/312/332 588/588/345 
f 264/264/312 309/309/320 590/590/347 310/310/334 
f 309/309/320 308/308/319 591/591/344 590/590/347 
f 310/310/334 590/590/347 589/589/346 311/311/335 
f 594/594/349 597/597/348 596/596/338 593/593/337 
f 313/313/350 314/314/333 597/597/348 594/594/349 
f 792/792/351 793/793/352 795/795/353 794/794/354 
f 291/291/264 592/592/340 595/595/339 292/292/267 
f 598/598/355 599/599/336 601/601/331 600/600/356 
f 600/600/356 601/601/331 314/314/333 313/313/350 
f 292/292/267 595/595/339 586/586/341 307/307/272 
f 602/602/324 605/605/323 599/599/336 598/598/355 
f 579/579/325 599/599/336 605/605/323 610/610/357 
f 580/580/326 609/609/358 608/608/359 581/581/329 
f 579/579/325 610/610/357 609/609/358 580/580/326 
f 581/581/329 608/608/359 317/317/360 306/306/314 
f 604/604/361 607/607/362 606/606/322 603/603/321 
f 643/643/363 646/646/364 607/607/362 604/604/361 
f 610/610/357 605/605/323 606/606/322 613/613/365 
f 607/607/362 646/646/364 632/632/366 616/616/367 
f 608/608/359 609/609/358 612/612/368 611/611/369 
f 609/609/358 610/610/357 613/613/365 612/612/368 
f 611/611/369 612/612/368 615/615/370 614/614/371 
f 612/612/368 613/613/365 616/616/367 615/615/370 
f 613/613/365 606/606/322 607/607/362 616/616/367 
f 615/615/370 636/636/372 635/635/373 614/614/371 
f 614/614/371 635/635/373 318/318/374 315/315/375 
f 316/316/376 611/611/369 614/614/371 315/315/375 
f 317/317/360 608/608/359 611/611/369 316/316/376 
f 566/566/307 618/618/377 617/617/378 564/564/301 
f 568/568/309 619/619/379 618/618/377 566/566/307 
f 626/626/380 627/627/381 629/629/382 628/628/383 
f 568/568/309 306/306/314 317/317/360 619/619/379 
f 617/617/378 618/618/377 621/621/384 620/620/385 
f 618/618/377 619/619/379 622/622/386 621/621/384 
f 620/620/385 621/621/384 624/624/387 623/623/388 
f 621/621/384 622/622/386 625/625/389 624/624/387 
f 631/631/390 625/625/389 315/315/375 318/318/374 
f 619/619/379 317/317/360 316/316/376 622/622/386 
f 622/622/386 316/316/376 315/315/375 625/625/389 
f 629/629/382 624/624/387 625/625/389 631/631/390 
f 627/627/381 623/623/388 624/624/387 629/629/382 
f 628/628/383 629/629/382 631/631/390 630/630/391 
f 630/630/391 631/631/390 318/318/374 319/319/392 
f 635/635/373 636/636/372 633/633/393 634/634/394 
f 640/640/395 628/628/383 630/630/391 642/642/396 
f 638/638/397 626/626/380 628/628/383 640/640/395 
f 632/632/366 633/633/393 636/636/372 
f 318/318/374 635/635/373 634/634/394 319/319/392 
f 616/616/367 632/632/366 636/636/372 615/615/370 
f 647/647/398 648/648/399 634/634/394 633/633/393 
f 637/637/400 638/638/397 640/640/395 639/639/401 
f 648/648/399 320/320/402 319/319/392 634/634/394 
f 639/639/401 640/640/395 642/642/396 641/641/403 
f 641/641/403 642/642/396 320/320/402 321/321/404 
f 646/646/364 647/647/398 633/633/393 632/632/366 
f 644/644/405 647/647/398 646/646/364 643/643/363 
f 645/645/406 648/648/399 647/647/398 644/644/405 
f 320/320/402 648/648/399 645/645/406 321/321/404 
f 642/642/396 630/630/391 319/319/392 320/320/402 
f 649/649/407 627/627/381 626/626/380 650/650/408 
f 649/649/407 650/650/408 652/652/409 651/651/410 
f 626/626/380 638/638/397 655/655/411 650/650/408 
f 651/651/410 652/652/409 322/322/412 323/323/413 
f 655/655/411 656/656/414 652/652/409 650/650/408 
f 656/656/414 325/325/415 322/322/412 652/652/409 
f 1020/1020/416 651/651/410 323/323/413 503/503/417 
f 1017/1017/418 623/623/388 627/627/381 649/649/407 
f 1017/1017/418 649/649/407 651/651/410 1020/1020/416 
f 655/655/411 638/638/397 637/637/400 653/653/419 
f 654/654/420 656/656/414 655/655/411 653/653/419 
f 653/653/419 657/657/421 659/659/422 654/654/420 
f 324/324/423 325/325/415 656/656/414 654/654/420 
f 657/657/421 658/658/424 660/660/425 659/659/422 
f 658/658/424 715/715/426 717/717/427 660/660/425 
f 660/660/425 717/717/427 344/344/428 326/326/429 
f 659/659/422 660/660/425 326/326/429 327/327/430 
f 661/661/431 657/657/421 653/653/419 637/637/400 
f 657/657/421 661/661/431 664/664/432 658/658/424 
f 664/664/432 710/710/433 715/715/426 658/658/424 
f 661/661/431 662/662/434 665/665/435 664/664/432 
f 662/662/434 663/663/436 666/666/437 665/665/435 
f 714/714/438 666/666/437 329/329/439 331/331/440 
f 663/663/436 328/328/441 329/329/439 666/666/437 
f 712/712/442 665/665/435 666/666/437 714/714/438 
f 710/710/433 664/664/432 665/665/435 712/712/442 
f 641/641/403 663/663/436 662/662/434 639/639/401 
f 639/639/401 662/662/434 661/661/431 637/637/400 
f 321/321/404 328/328/441 663/663/436 641/641/403 
f 667/667/443 668/668/444 671/671/445 670/670/446 
f 668/668/444 669/669/447 672/672/448 671/671/445 
f 677/677/449 678/678/450 672/672/448 669/669/447 
f 671/671/445 687/687/451 689/689/452 670/670/446 
f 670/670/446 689/689/452 331/331/440 329/329/439 
f 328/328/441 667/667/443 670/670/446 329/329/439 
f 643/643/363 669/669/447 668/668/444 644/644/405 
f 644/644/405 668/668/444 667/667/443 645/645/406 
f 677/677/449 669/669/447 643/643/363 604/604/361 
f 667/667/443 328/328/441 321/321/404 645/645/406 
f 602/602/324 673/673/453 675/675/454 603/603/321 
f 603/603/321 675/675/454 677/677/449 604/604/361 
f 673/673/453 674/674/455 676/676/456 675/675/454 
f 675/675/454 676/676/456 678/678/450 677/677/449 
f 676/676/456 681/681/457 683/683/458 678/678/450 
f 678/678/450 683/683/458 685/685/459 672/672/448 
f 681/681/457 682/682/460 684/684/461 683/683/458 
f 674/674/455 679/679/462 681/681/457 676/676/456 
f 695/695/463 696/696/464 684/684/461 682/682/460 
f 696/696/464 700/700/465 686/686/466 684/684/461 
f 687/687/451 688/688/467 690/690/468 689/689/452 
f 689/689/452 690/690/468 330/330/469 331/331/440 
f 672/672/448 685/685/459 687/687/451 671/671/445 
f 685/685/459 686/686/466 688/688/467 687/687/451 
f 701/701/470 702/702/471 690/690/468 688/688/467 
f 702/702/471 339/339/472 330/330/469 690/690/468 
f 334/334/473 335/335/474 697/697/475 693/693/476 
f 692/692/477 695/695/463 694/694/478 691/691/479 
f 693/2022/476 696/696/464 695/695/463 692/692/477 
f 697/2019/475 700/700/465 696/696/464 693/2022/476 
f 332/332/480 333/333/481 692/2024/477 691/2029/479 
f 333/333/481 334/334/473 693/693/476 692/2024/477 
f 694/694/478 695/695/463 682/682/460 680/680/482 
f 699/699/483 702/702/471 701/701/470 698/698/484 
f 338/338/485 339/339/472 702/702/471 699/699/483 
f 335/335/474 336/336/486 698/2030/484 697/697/475 
f 336/336/486 337/337/487 699/2035/483 698/2030/484 
f 337/337/487 265/265/488 338/2033/485 699/2035/483 
f 703/703/489 704/704/490 706/706/491 705/705/492 
f 700/700/465 701/701/470 688/688/467 686/686/466 
f 705/705/492 706/706/491 708/708/493 707/707/494 
f 707/707/494 708/708/493 339/339/472 338/338/485 
f 706/706/491 711/711/495 713/713/496 708/708/493 
f 708/708/493 713/713/496 330/330/469 339/339/472 
f 709/709/497 710/710/433 712/712/442 711/711/495 
f 340/340/498 707/2034/494 338/2033/485 265/265/488 
f 341/341/499 705/2032/492 707/2034/494 340/340/498 
f 342/342/500 703/2013/489 705/2032/492 341/341/499 
f 711/711/495 712/712/442 714/714/438 713/713/496 
f 704/704/490 709/709/497 711/711/495 706/706/491 
f 713/713/496 714/714/438 331/331/440 330/330/469 
f 717/717/427 718/718/501 343/343/502 344/344/428 
f 715/715/426 710/710/433 709/709/497 716/716/503 
f 715/715/426 716/716/503 718/718/501 717/717/427 
f 709/709/497 704/704/490 721/721/504 716/716/503 
f 654/654/420 659/659/422 327/327/430 324/324/423 
f 721/721/504 722/722/505 718/718/501 716/716/503 
f 722/722/505 348/348/506 343/343/502 718/718/501 
f 721/721/504 704/704/490 703/703/489 719/719/507 
f 703/2013/489 342/342/500 345/345/508 719/2042/507 
f 720/720/509 722/722/505 721/721/504 719/719/507 
f 347/347/510 348/348/506 722/722/505 720/720/509 
f 345/345/508 346/346/511 720/2040/509 719/2042/507 
f 346/346/511 266/266/512 347/2041/510 720/2040/509 
f 698/698/484 701/701/470 700/700/465 697/2019/475 
f 774/774/631 691/691/479 694/694/478 775/775/632 
f 774/774/631 775/775/632 777/777/633 776/776/634 
f 778/778/635 775/775/632 694/694/478 680/680/482 
f 775/775/632 778/778/635 780/780/636 777/777/633 
f 777/777/633 780/780/636 396/396/637 393/393/638 
f 774/2014/631 388/388/639 332/332/480 691/2029/479 
f 389/389/640 776/2021/634 394/394/641 272/272/642 
f 388/388/639 774/2014/631 776/2021/634 389/389/640 
f 778/778/635 779/779/643 781/781/644 780/780/636 
f 776/776/634 777/777/633 393/393/638 394/2020/641 
f 784/784/645 785/785/646 781/781/644 779/779/643 
f 785/785/646 398/398/647 395/395/648 781/781/644 
f 778/778/635 680/680/482 679/679/462 779/779/643 
f 685/685/459 683/683/458 684/684/461 686/686/466 
f 784/784/645 779/779/643 679/679/462 674/674/455 
f 782/782/649 783/783/650 785/785/646 784/784/645 
f 783/783/650 397/397/651 398/398/647 785/785/646 
f 780/780/636 781/781/644 395/395/648 396/396/637 
f 673/673/453 782/782/649 784/784/645 674/674/455 
f 679/679/462 680/680/482 682/682/460 681/681/457 
f 600/600/356 783/783/650 782/782/649 598/598/355 
f 313/313/350 397/397/651 783/783/650 600/600/356 
f 782/782/649 673/673/453 602/602/324 598/598/355 
f 786/786/652 787/787/653 790/790/654 789/789/655 
f 787/787/653 788/788/656 791/791/657 790/790/654 
f 289/289/262 399/399/261 792/792/351 791/791/657 
f 788/788/656 290/290/263 289/289/262 791/791/657 
f 791/791/657 792/792/351 794/794/354 790/790/654 
f 790/790/654 794/794/354 796/796/658 789/789/655 
f 789/789/655 796/796/658 395/395/648 398/398/647 
f 405/405/659 813/813/660 793/793/352 400/400/661 
f 397/397/651 786/786/652 789/789/655 398/398/647 
f 592/592/340 788/788/656 787/787/653 593/593/337 
f 593/593/337 787/787/653 786/786/652 594/594/349 
f 291/291/264 290/290/263 788/788/656 592/592/340 
f 786/786/652 397/397/651 313/313/350 594/594/349 
f 794/794/354 795/795/353 797/797/662 796/796/658 
f 399/399/261 400/400/661 793/793/352 792/792/351 
f 796/796/658 797/797/662 396/396/637 395/395/648 
f 813/813/660 814/814/663 795/795/353 793/793/352 
f 814/814/663 815/815/664 797/797/662 795/795/353 
f 815/815/664 393/393/638 396/396/637 797/797/662 
f 802/802/260 803/803/665 400/400/661 399/399/261 
f 798/798/666 799/799/667 801/801/668 800/800/259 
f 800/800/259 801/801/668 803/803/665 802/802/260 
f 539/539/256 798/798/666 800/800/259 541/541/257 
f 808/808/669 809/809/670 803/803/665 801/801/668 
f 809/809/670 405/405/659 400/400/661 803/803/665 
f 805/805/671 808/808/669 807/807/672 804/804/673 
f 806/806/674 809/809/670 808/808/669 805/805/671 
f 404/404/675 405/405/659 809/809/670 806/806/674 
f 401/401/676 402/402/677 805/2012/671 804/2011/673 
f 402/402/677 403/403/678 806/2016/674 805/2012/671 
f 403/403/678 273/273/679 404/2015/675 806/2016/674 
f 807/807/672 808/808/669 801/801/668 799/799/667 
f 812/812/680 815/815/664 814/814/663 811/811/681 
f 393/393/638 815/815/664 812/812/680 394/2020/641 
f 273/273/679 406/406/682 810/810/683 404/2015/675 
f 406/406/682 407/407/684 811/2018/681 810/810/683 
f 407/407/684 408/408/685 812/2010/680 811/2018/681 
f 408/408/685 272/272/642 394/394/641 812/2010/680 
f 404/404/675 810/2028/683 813/813/660 405/405/659 
f 895/895/690 896/896/691 898/898/692 897/897/693 
f 922/922/826 882/882/827 464/464/828 476/476/829 
f 880/880/848 882/882/827 881/881/849 879/879/850 
f 470/470/851 912/912/852 888/888/853 466/466/854 
f 463/463/855 464/464/828 882/882/827 880/880/848 
f 459/459/856 458/458/857 880/2043/848 879/2038/850 
f 458/458/857 285/285/858 463/2046/855 880/2043/848 
f 920/920/859 881/881/849 882/882/827 922/922/826 
f 884/884/860 887/887/861 886/886/862 883/883/863 
f 885/885/864 888/888/853 887/887/861 884/884/860 
f 465/465/865 466/466/854 888/888/853 885/885/864 
f 285/285/858 462/462/866 883/2031/863 463/2046/855 
f 462/462/866 461/461/867 884/2023/860 883/2031/863 
f 461/461/867 460/460/868 885/2025/864 884/2023/860 
f 460/460/868 286/286/869 465/2026/865 885/2025/864 
f 463/463/855 883/883/863 886/886/862 464/464/828 
f 912/912/852 913/913/870 887/887/861 888/888/853 
f 913/913/870 914/914/871 886/886/862 887/887/861 
f 914/914/871 476/476/829 464/464/828 886/886/862 
f 889/889/872 890/890/873 892/892/874 891/891/875 
f 890/890/873 895/895/690 897/897/693 892/892/874 
f 892/892/874 897/897/693 470/470/851 466/466/854 
f 467/467/876 891/2027/875 465/2026/865 286/286/869 
f 468/468/877 889/2009/872 891/2027/875 467/467/876 
f 889/889/872 804/804/673 807/807/672 890/890/873 
f 811/811/681 814/814/663 813/813/660 810/2028/683 
f 895/895/690 890/890/873 807/807/672 799/799/667 
f 889/2009/872 468/468/877 401/401/676 804/2011/673 
f 901/901/886 896/896/691 798/798/666 539/539/256 
f 891/891/875 892/892/874 466/466/854 465/465/865 
f 897/897/693 898/898/692 469/469/887 470/470/851 
f 901/901/886 902/902/888 898/898/692 896/896/691 
f 902/902/888 472/472/889 469/469/887 898/898/692 
f 895/895/690 799/799/667 798/798/666 896/896/691 
f 899/899/890 538/538/253 544/544/252 550/550/274 
f 552/552/276 900/900/891 899/899/890 550/550/274 
f 538/538/253 899/899/890 901/901/886 539/539/256 
f 552/552/276 294/294/285 471/471/892 900/900/891 
f 899/899/890 900/900/891 902/902/888 901/901/886 
f 900/900/891 471/471/892 472/472/889 902/902/888 
f 903/903/893 904/904/894 907/907/895 906/906/896 
f 904/904/894 905/905/897 908/908/898 907/907/895 
f 474/474/899 475/475/900 911/911/901 908/908/898 
f 905/905/897 473/473/902 474/474/899 908/908/898 
f 908/908/898 911/911/901 910/910/903 907/907/895 
f 907/907/895 910/910/903 909/909/904 906/906/896 
f 906/906/896 909/909/904 469/469/887 472/472/889 
f 471/471/892 903/903/893 906/906/896 472/472/889 
f 910/910/903 913/913/870 912/912/852 909/909/904 
f 911/911/901 914/914/871 913/913/870 910/910/903 
f 475/475/900 476/476/829 914/914/871 911/911/901 
f 469/469/887 909/909/904 912/912/852 470/470/851 
f 915/915/905 916/916/906 918/918/907 917/917/908 
f 916/916/906 919/919/909 921/921/910 918/918/907 
f 918/918/907 921/921/910 475/475/900 474/474/899 
f 917/917/908 918/918/907 474/474/899 473/473/902 
f 919/919/909 920/920/859 922/922/826 921/921/910 
f 921/921/910 922/922/826 476/476/829 475/475/900 
f 915/915/905 923/923/911 926/926/912 916/916/906 
f 926/926/912 930/930/913 919/919/909 916/916/906 
f 929/929/914 920/920/859 919/919/909 930/930/913 
f 929/929/914 936/936/915 881/881/849 920/920/859 
f 923/923/911 924/924/916 927/927/917 926/926/912 
f 924/924/916 925/925/918 928/928/919 927/927/917 
f 925/925/918 983/983/920 986/986/921 928/928/919 
f 930/930/913 926/926/912 927/927/917 932/932/922 
f 928/928/919 986/986/921 947/947/923 934/934/924 
f 931/931/925 932/932/922 934/934/924 933/933/926 
f 947/947/923 950/950/927 933/933/926 934/934/924 
f 932/932/922 927/927/917 928/928/919 934/934/924 
f 936/936/915 929/929/914 931/931/925 938/938/928 
f 935/935/929 879/879/850 881/881/849 936/936/915 
f 935/935/929 936/936/915 938/938/928 937/937/930 
f 933/933/926 950/950/927 946/946/931 940/940/932 
f 935/2044/929 479/479/933 459/459/856 879/2038/850 
f 937/937/930 938/938/928 940/940/932 939/939/934 
f 943/943/935 939/939/934 940/940/932 946/946/931 
f 938/938/928 931/931/925 933/933/926 940/940/932 
f 482/482/936 477/477/937 939/2017/934 943/2039/935 
f 950/950/927 951/951/938 945/945/939 946/946/931 
f 478/478/940 937/2045/930 939/2017/934 477/477/937 
f 479/479/933 935/2044/929 937/2045/930 478/478/940 
f 943/943/935 946/946/931 945/945/939 942/942/941 
f 347/347/510 941/941/942 944/944/943 348/348/506 
f 266/266/512 480/480/944 941/2037/942 347/2041/510 
f 480/480/944 481/481/945 942/2036/941 941/2037/942 
f 481/481/945 482/482/936 943/2039/935 942/2036/941 
f 942/942/941 945/945/939 944/944/943 941/941/942 
f 951/951/938 952/952/946 944/944/943 945/945/939 
f 952/952/946 343/343/502 348/348/506 944/944/943 
f 986/986/921 987/987/947 948/948/948 947/947/923 
f 948/948/948 951/951/938 950/950/927 947/947/923 
f 949/949/949 952/952/946 951/951/938 948/948/948 
f 343/343/502 952/952/946 949/949/949 344/344/428 
f 987/987/947 988/988/950 949/949/949 948/948/948 
f 988/988/950 326/326/429 344/344/428 949/949/949 
f 989/989/1005 990/990/1006 992/992/1007 991/991/1008 
f 983/983/920 984/984/1009 987/987/947 986/986/921 
f 984/984/1009 985/985/1010 988/988/950 987/987/947 
f 929/929/914 930/930/913 932/932/922 931/931/925 
f 985/985/1010 327/327/430 326/326/429 988/988/950 
f 923/923/911 989/989/1005 991/991/1008 924/924/916 
f 924/924/916 991/991/1008 993/993/1011 925/925/918 
f 993/993/1011 997/997/1012 983/983/920 925/925/918 
f 983/983/920 997/997/1012 996/996/1013 984/984/1009 
f 984/984/1009 996/996/1013 995/995/1014 985/985/1010 
f 995/995/1014 324/324/423 327/327/430 985/985/1010 
f 991/991/1008 992/992/1007 994/994/1015 993/993/1011 
f 992/992/1007 1004/1004/1016 1007/1007/1017 994/994/1015 
f 994/994/1015 1007/1007/1017 1010/1010/1018 1000/1000/1019 
f 997/997/1012 1000/1000/1019 999/999/1020 996/996/1013 
f 324/324/423 995/995/1014 998/998/1021 325/325/415 
f 996/996/1013 999/999/1020 998/998/1021 995/995/1014 
f 999/999/1020 1014/1014/1022 1013/1013/1023 998/998/1021 
f 998/998/1021 1013/1013/1023 322/322/412 325/325/415 
f 1013/1013/1023 1014/1014/1022 1011/1011/1024 1012/1012/1025 
f 1001/1001/1026 1002/1002/302 1005/1005/1027 1004/1004/1016 
f 1002/1002/302 1003/1003/305 1006/1006/1028 1005/1005/1027 
f 1004/1004/1016 1005/1005/1027 1008/1008/1029 1007/1007/1017 
f 1005/1005/1027 1006/1006/1028 1009/1009/1030 1008/1008/1029 
f 990/990/1006 1001/1001/1026 1004/1004/1016 992/992/1007 
f 323/323/413 1012/1012/1025 1009/1009/1030 503/503/417 
f 1003/1003/305 501/501/1031 502/502/1032 1006/1006/1028 
f 1006/1006/1028 502/502/1032 503/503/417 1009/1009/1030 
f 1009/1009/1030 1012/1012/1025 1011/1011/1024 1008/1008/1029 
f 1008/1008/1029 1011/1011/1024 1010/1010/1018 1007/1007/1017 
f 1010/1010/1018 1011/1011/1024 1014/1014/1022 
f 322/322/412 1013/1013/1023 1012/1012/1025 323/323/413 
f 1000/1000/1019 1010/1010/1018 1014/1014/1022 999/999/1020 
f 1015/1015/1033 1016/1016/1034 1019/1019/1035 1018/1018/1036 
f 1016/1016/1034 1017/1017/418 1020/1020/416 1019/1019/1035 
f 1019/1019/1035 1020/1020/416 503/503/417 502/502/1032 
f 1018/1018/1036 1019/1019/1035 502/502/1032 501/501/1031 
f 560/560/294 1015/1015/1033 1018/1018/1036 561/561/295 
f 1018/1018/1036 501/501/1031 300/300/298 561/561/295 
f 1001/1001/1026 1023/1023/1037 1022/1022/303 1002/1002/302 
f 990/990/1006 1029/1029/1038 1023/1023/1037 1001/1001/1026 
f 1021/1021/304 1022/1022/303 1025/1025/1039 1024/1024/1040 
f 1022/1022/303 1023/1023/1037 1026/1026/1041 1025/1025/1039 
f 1029/1029/1038 1030/1030/1042 1026/1026/1041 1023/1023/1037 
f 1030/1030/1042 508/508/1043 504/504/1044 1026/1026/1041 
f 1025/1025/1039 1026/1026/1041 504/504/1044 505/505/1045 
f 1024/1024/1040 1025/1025/1039 505/505/1045 506/506/1046 
f 301/301/299 1024/1024/1040 506/506/1046 263/263/288 
f 300/300/298 1021/1021/304 1024/1024/1040 301/301/299 
f 1028/1028/1047 1030/1030/1042 1029/1029/1038 1027/1027/1048 
f 507/507/1049 508/508/1043 1030/1030/1042 1028/1028/1047 
f 1003/1003/305 1021/1021/304 300/300/298 501/501/1031 
f 989/989/1005 1027/1027/1048 1029/1029/1038 990/990/1006 
f 997/997/1012 993/993/1011 994/994/1015 1000/1000/1019 
f 917/917/908 1028/1028/1047 1027/1027/1048 915/915/905 
f 473/473/902 507/507/1049 1028/1028/1047 917/917/908 
f 1032/1032/1050 1035/1035/1051 1034/1034/1052 1031/1031/1053 
f 1027/1027/1048 989/989/1005 923/923/911 915/915/905 
f 1033/1033/1054 1036/1036/1055 1035/1035/1051 1032/1032/1050 
f 293/293/280 1036/1036/1055 1033/1033/1054 294/294/285 
f 293/293/280 299/299/279 1038/1038/1056 1036/1036/1055 
f 507/507/1049 1031/1031/1053 1034/1034/1052 508/508/1043 
f 1036/1036/1055 1038/1038/1056 1043/1043/1057 1035/1035/1051 
f 1035/1035/1051 1043/1043/1057 1042/1042/1058 1034/1034/1052 
f 1034/1034/1052 1042/1042/1058 504/504/1044 508/508/1043 
f 903/903/893 1033/1033/1054 1032/1032/1050 904/904/894 
f 904/904/894 1032/1032/1050 1031/1031/1053 905/905/897 
f 471/471/892 294/294/285 1033/1033/1054 903/903/893 
f 1031/1031/1053 507/507/1049 473/473/902 905/905/897 
f 1038/1038/1056 1039/1039/1059 1037/1037/1060 1043/1043/1057 
f 1040/1040/1061 1041/1041/1062 1037/1037/1060 1039/1039/1059 
f 1042/1042/1058 1043/1043/1057 1037/1037/1060 1041/1041/1062 
f 299/299/279 298/298/290 1039/1039/1059 1038/1038/1056 
f 263/263/288 506/506/1046 1040/1040/1061 297/297/289 
f 506/506/1046 505/505/1045 1041/1041/1062 1040/1040/1061 
f 297/297/289 1040/1040/1061 1039/1039/1059 298/298/290 
f 504/504/1044 1042/1042/1058 1041/1041/1062 505/505/1045 
f 1015/1015/1033 617/617/378 620/620/385 1016/1016/1034 
f 1016/1016/1034 620/620/385 623/623/388 1017/1017/418 
f 617/617/378 1015/1015/1033 560/560/294 564/564/301 
usemtl metal_1
f 723/723/513 724/724/514 349/349/515 350/350/516 
f 521/521/517 723/723/513 350/350/516 267/267/518 
f 1055/1055/519 365/365/520 349/349/515 724/724/514 
f 725/725/521 726/726/522 728/728/523 727/727/524 
f 727/727/524 728/728/523 351/351/525 352/352/526 
f 530/530/527 727/727/524 352/352/526 268/268/528 
f 531/531/529 725/725/521 727/727/524 530/530/527 
f 726/726/522 739/739/530 742/742/531 728/728/523 
f 742/742/531 362/362/532 351/351/525 728/728/523 
f 762/762/533 748/748/534 375/375/535 382/382/536 
f 729/729/537 730/730/538 732/732/539 731/731/540 
f 731/731/540 351/351/541 362/362/542 738/738/543 
f 730/730/538 357/357/544 358/358/545 732/732/539 
f 732/732/539 358/358/545 268/268/546 352/352/547 
f 731/731/540 732/732/539 352/352/547 351/351/541 
f 360/360/548 361/361/549 735/735/550 734/734/551 
f 733/733/552 734/734/551 737/737/553 736/736/554 
f 734/734/551 735/735/550 738/738/543 737/737/553 
f 737/737/553 738/738/543 362/362/542 363/363/555 
f 736/736/554 737/737/553 363/363/555 364/364/556 
f 513/513/557 736/736/554 364/364/556 269/269/558 
f 514/514/559 733/733/552 736/736/554 513/513/557 
f 1117/1117/560 741/741/561 740/740/562 1116/1116/563 
f 739/739/530 740/740/562 743/743/564 742/742/531 
f 740/740/562 741/741/561 744/744/565 743/743/564 
f 371/371/566 372/372/567 747/747/568 746/746/569 
f 741/741/561 368/368/570 369/369/571 744/744/565 
f 744/744/565 369/369/571 269/269/572 364/364/573 
f 743/743/564 744/744/565 364/364/573 363/363/574 
f 742/742/531 743/743/564 363/363/574 362/362/532 
f 745/745/575 746/746/569 749/749/576 748/748/534 
f 746/746/569 747/747/568 750/750/577 749/749/576 
f 735/735/550 729/729/537 731/731/540 738/738/543 
f 747/747/568 514/514/559 513/513/557 750/750/577 
f 750/750/577 513/513/557 269/269/558 373/373/578 
f 749/749/576 750/750/577 373/373/578 374/374/579 
f 748/748/534 749/749/576 374/374/579 375/375/535 
f 759/759/580 745/745/575 748/748/534 762/762/533 
f 1111/1111/581 753/753/582 752/752/583 1110/1110/584 
f 751/751/585 752/752/583 755/755/586 754/754/587 
f 752/752/583 753/753/582 756/756/588 755/755/586 
f 753/753/582 763/763/589 766/766/590 756/756/588 
f 756/756/588 766/766/590 382/382/591 375/375/592 
f 755/755/586 756/756/588 375/375/592 374/374/593 
f 754/754/587 755/755/586 374/374/593 373/373/594 
f 369/369/571 754/754/587 373/373/594 269/269/572 
f 368/368/570 751/751/585 754/754/587 369/369/571 
f 380/380/595 381/381/596 759/759/580 758/758/597 
f 757/757/598 758/758/597 761/761/599 760/760/600 
f 758/758/597 759/759/580 762/762/533 761/761/599 
f 1105/1105/601 765/765/602 764/764/603 1104/1104/604 
f 761/761/599 762/762/533 382/382/536 383/383/605 
f 760/760/600 761/761/599 383/383/605 384/384/606 
f 1045/1045/607 757/757/598 760/760/600 1047/1047/608 
f 763/763/589 764/764/603 767/767/609 766/766/590 
f 764/764/603 765/765/602 768/768/610 767/767/609 
f 767/767/609 768/768/610 384/384/611 383/383/612 
f 766/766/590 767/767/609 383/383/612 382/382/591 
f 765/765/602 1048/1048/613 1050/1050/614 768/768/610 
f 333/333/615 332/332/616 771/771/617 770/770/618 
f 770/770/618 771/771/617 387/387/619 386/386/620 
f 769/769/621 770/770/618 386/386/620 385/385/622 
f 388/388/623 389/389/624 773/773/625 772/772/626 
f 771/771/617 332/332/616 388/388/623 772/772/626 
f 772/772/626 392/392/627 387/387/619 771/771/617 
f 773/773/625 390/390/628 275/275/629 391/391/630 
f 772/772/626 773/773/625 391/391/630 392/392/627 
f 402/402/686 401/401/687 818/818/688 817/817/689 
f 817/817/689 818/818/688 409/409/694 410/410/695 
f 816/816/696 817/817/689 410/410/695 411/411/697 
f 522/522/698 816/816/696 411/411/697 274/274/699 
f 407/407/700 406/406/701 821/821/702 820/820/703 
f 1099/1099/704 824/824/705 823/823/706 1098/1098/707 
f 821/821/702 522/522/698 274/274/699 412/412/708 
f 820/820/703 821/821/702 412/412/708 413/413/709 
f 819/819/710 820/820/703 413/413/709 414/414/711 
f 390/390/712 819/819/710 414/414/711 275/275/713 
f 822/822/714 823/823/706 826/826/715 825/825/716 
f 823/823/706 824/824/705 827/827/717 826/826/715 
f 826/826/715 827/827/717 415/415/718 416/416/719 
f 825/825/716 826/826/715 416/416/719 417/417/720 
f 532/532/721 825/825/716 417/417/720 276/276/722 
f 533/533/723 822/822/714 825/825/716 532/532/721 
f 1093/1093/724 830/830/725 829/829/726 1092/1092/727 
f 828/828/728 829/829/726 832/832/729 831/831/730 
f 829/829/726 830/830/725 833/833/731 832/832/729 
f 830/830/725 533/533/723 532/532/721 833/833/731 
f 833/833/731 532/532/721 276/276/722 420/420/732 
f 832/832/729 833/833/731 420/420/732 421/421/733 
f 831/831/730 832/832/729 421/421/733 422/422/734 
f 534/534/735 831/831/730 422/422/734 278/278/736 
f 535/535/737 828/828/728 831/831/730 534/534/735 
f 426/426/738 427/427/739 836/836/740 835/835/741 
f 834/834/742 835/835/741 838/838/743 837/837/744 
f 835/835/741 836/836/740 839/839/745 838/838/743 
f 836/836/740 428/428/746 429/429/747 839/839/745 
f 839/839/745 429/429/747 278/278/748 422/422/749 
f 838/838/743 839/839/745 422/422/749 421/421/750 
f 837/837/744 838/838/743 421/421/750 420/420/751 
f 515/515/752 837/837/744 420/420/751 276/276/753 
f 516/516/754 834/834/742 837/837/744 515/515/752 
f 431/431/755 432/432/756 842/842/757 841/841/758 
f 840/840/759 841/841/758 844/844/760 843/843/761 
f 841/841/758 842/842/757 845/845/762 844/844/760 
f 842/842/757 516/516/754 515/515/752 845/845/762 
f 845/845/762 515/515/752 276/276/753 417/417/763 
f 844/844/760 845/845/762 417/417/763 416/416/764 
f 843/843/761 844/844/760 416/416/764 415/415/765 
f 851/851/766 840/840/759 843/843/761 853/853/767 
f 824/824/705 846/846/768 848/848/769 827/827/717 
f 1087/1087/770 847/847/771 846/846/768 1086/1086/772 
f 846/846/768 847/847/771 849/849/773 848/848/769 
f 848/848/769 438/438/774 415/415/718 827/827/717 
f 847/847/771 435/435/775 436/436/776 849/849/773 
f 849/849/773 436/436/776 279/279/777 437/437/778 
f 848/848/769 849/849/773 437/437/778 438/438/774 
f 850/850/779 851/851/766 853/853/767 852/852/780 
f 843/843/761 415/415/765 438/438/781 853/853/767 
f 852/852/780 853/853/767 438/438/781 437/437/782 
f 517/517/783 852/852/780 437/437/782 279/279/784 
f 518/518/785 850/850/779 852/852/780 517/517/783 
f 442/442/786 443/443/787 856/856/788 855/855/789 
f 854/854/790 855/855/789 858/858/791 857/857/792 
f 855/855/789 856/856/788 859/859/793 858/858/791 
f 856/856/788 518/518/785 517/517/783 859/859/793 
f 859/859/793 517/517/783 279/279/784 444/444/794 
f 858/858/791 859/859/793 444/444/794 445/445/795 
f 857/857/792 858/858/791 445/445/795 446/446/796 
f 519/519/797 857/857/792 446/446/796 282/282/798 
f 520/520/799 854/854/790 857/857/792 519/519/797 
f 860/860/800 861/861/801 863/863/802 862/862/803 
f 861/861/801 520/520/799 519/519/797 863/863/802 
f 863/863/802 519/519/797 282/282/798 449/449/804 
f 862/862/803 863/863/802 449/449/804 450/450/805 
f 864/864/806 865/865/807 867/867/808 866/866/809 
f 866/866/809 867/867/808 450/450/810 449/449/811 
f 536/536/812 866/866/809 449/449/811 282/282/813 
f 537/537/814 864/864/806 866/866/809 536/536/812 
f 1079/1079/815 870/870/816 869/869/817 1078/1078/818 
f 868/868/819 869/869/817 872/872/820 871/871/821 
f 869/869/817 870/870/816 873/873/822 872/872/820 
f 870/870/816 537/537/814 536/536/812 873/873/822 
f 873/873/822 536/536/812 282/282/813 446/446/823 
f 872/872/820 873/873/822 446/446/823 445/445/824 
f 871/871/821 872/872/820 445/445/824 444/444/825 
f 436/436/776 871/871/821 444/444/825 279/279/777 
f 435/435/775 868/868/819 871/871/821 436/436/776 
f 874/874/830 875/875/831 452/452/832 451/451/833 
f 523/523/834 874/874/830 451/451/833 283/283/835 
f 461/461/836 462/462/837 878/878/838 877/877/839 
f 878/878/838 523/523/840 283/283/841 457/457/842 
f 877/877/839 878/878/838 457/457/842 456/456/843 
f 876/876/844 877/877/839 456/456/843 455/455/845 
f 524/524/846 876/876/844 455/455/845 284/284/847 
f 958/958/878 953/953/879 485/485/880 486/486/881 
f 894/894/882 524/524/846 284/284/847 434/434/883 
f 893/893/884 894/894/882 434/434/883 433/433/885 
f 893/893/884 433/433/885 409/409/694 818/818/688 
f 481/481/951 480/480/952 955/955/953 954/954/954 
f 955/955/953 521/521/517 267/267/518 483/483/955 
f 954/954/954 955/955/953 483/483/955 484/484/956 
f 953/953/879 954/954/954 484/484/956 485/485/880 
f 478/478/957 477/477/958 958/958/878 957/957/959 
f 957/957/959 958/958/878 486/486/881 487/487/960 
f 956/956/961 957/957/959 487/487/960 488/488/962 
f 959/959/963 960/960/964 963/963/965 962/962/966 
f 960/960/964 961/961/967 964/964/968 963/963/965 
f 961/961/967 531/531/529 530/530/527 964/964/968 
f 964/964/968 530/530/527 268/268/528 489/489/969 
f 963/963/965 964/964/968 489/489/969 490/490/970 
f 962/962/966 963/963/965 490/490/970 491/491/971 
f 967/967/972 959/959/963 962/962/966 970/970/973 
f 1067/1067/974 967/967/972 966/966/975 1066/1066/976 
f 965/965/977 966/966/975 969/969/978 968/968/979 
f 966/966/975 967/967/972 970/970/973 969/969/978 
f 969/969/978 970/970/973 492/492/980 493/493/981 
f 968/968/979 969/969/978 493/493/981 494/494/982 
f 496/496/983 497/497/984 973/973/985 972/972/986 
f 971/971/987 972/972/986 975/975/988 974/974/989 
f 972/972/986 973/973/985 976/976/990 975/975/988 
f 973/973/985 977/977/991 980/980/992 976/976/990 
f 976/976/990 980/980/992 492/492/993 491/491/994 
f 975/975/988 976/976/990 491/491/994 490/490/995 
f 974/974/989 975/975/988 490/490/995 489/489/996 
f 358/358/545 974/974/989 489/489/996 268/268/546 
f 357/357/544 971/971/987 974/974/989 358/358/545 
f 499/499/997 500/500/998 979/979/999 978/978/1000 
f 977/977/991 978/978/1000 981/981/1001 980/980/992 
f 978/978/1000 979/979/999 982/982/1002 981/981/1001 
f 981/981/1001 982/982/1002 494/494/1003 493/493/1004 
f 980/980/992 981/981/1001 493/493/1004 492/492/993 
f 979/979/999 860/860/800 862/862/803 982/982/1002 
f 862/862/803 450/450/805 494/494/1003 982/982/1002 
f 865/865/807 965/965/977 968/968/979 867/867/808 
f 968/968/979 494/494/982 450/450/810 867/867/808 
f 956/956/961 488/488/962 452/452/832 875/875/831 
f 1044/1044/1063 1045/1045/607 1047/1047/608 1046/1046/1064 
f 760/760/600 384/384/606 511/511/1065 1047/1047/608 
f 1046/1046/1064 1047/1047/608 511/511/1065 512/512/1066 
f 429/429/747 1046/1046/1064 512/512/1066 278/278/748 
f 428/428/746 1044/1044/1063 1046/1046/1064 429/429/747 
f 1061/1061/1067 1049/1049/1068 1048/1048/613 1060/1060/1069 
f 1048/1048/613 1049/1049/1068 1051/1051/1070 1050/1050/614 
f 1050/1050/614 511/511/1071 384/384/611 768/768/610 
f 1049/1049/1068 535/535/737 534/534/735 1051/1051/1070 
f 1051/1051/1070 534/534/735 278/278/736 512/512/1072 
f 1050/1050/614 1051/1051/1070 512/512/1072 511/511/1071 
f 336/336/1073 335/335/1074 1054/1054/1075 1053/1053/1076 
f 1073/1073/1077 961/961/967 960/960/964 1072/1072/1078 
f 1053/1053/1076 1054/1054/1075 378/378/1079 377/377/1080 
f 1052/1052/1081 1053/1053/1076 377/377/1080 376/376/1082 
f 525/525/1083 1052/1052/1081 376/376/1082 270/270/1084 
f 341/341/1085 340/340/1086 1057/1057/1087 1056/1056/1088 
f 1057/1057/1087 525/525/1083 270/270/1084 367/367/1089 
f 1056/1056/1088 1057/1057/1087 367/367/1089 366/366/1090 
f 1055/1055/519 1056/1056/1088 366/366/1090 365/365/520 
f 509/509/1091 510/510/1092 1045/1045/607 1044/1044/1063 
f 1044/1044/1063 428/428/746 288/288/1093 509/509/1091 
f 498/498/1094 499/499/997 978/978/1000 977/977/991 
f 977/977/991 973/973/985 497/497/984 498/498/1094 
f 447/447/1095 860/860/800 979/979/999 500/500/998 
f 495/495/1096 496/496/983 972/972/986 971/971/987 
f 971/971/987 357/357/544 287/287/1097 495/495/1096 
f 447/447/1095 448/448/1098 861/861/801 860/860/800 
f 281/281/1099 520/520/799 861/861/801 448/448/1098 
f 441/441/1100 442/442/786 855/855/789 854/854/790 
f 280/280/1101 518/518/785 856/856/788 443/443/787 
f 854/854/790 520/520/799 281/281/1099 441/441/1100 
f 439/439/1102 440/440/1103 851/851/766 850/850/779 
f 850/850/779 518/518/785 280/280/1101 439/439/1102 
f 430/430/1104 840/840/759 851/851/766 440/440/1103 
f 430/430/1104 431/431/755 841/841/758 840/840/759 
f 277/277/1105 516/516/754 842/842/757 432/432/756 
f 425/425/1106 426/426/738 835/835/741 834/834/742 
f 288/288/1093 428/428/746 836/836/740 427/427/739 
f 834/834/742 516/516/754 277/277/1105 425/425/1106 
f 379/379/1107 757/757/598 1045/1045/607 510/510/1092 
f 379/379/1107 380/380/595 758/758/597 757/757/598 
f 370/370/1108 745/745/575 759/759/580 381/381/596 
f 370/370/1108 371/371/566 746/746/569 745/745/575 
f 271/271/1109 514/514/559 747/747/568 372/372/567 
f 359/359/1110 360/360/548 734/734/551 733/733/552 
f 355/355/1111 356/356/1112 730/730/538 729/729/537 
f 733/733/552 514/514/559 271/271/1109 359/359/1110 
f 287/287/1097 357/357/544 730/730/538 356/356/1112 
f 355/355/1111 729/729/537 735/735/550 361/361/549 
f 342/342/1113 341/341/1085 1056/1056/1088 1055/1055/519 
f 265/265/1114 525/525/1083 1057/1057/1087 340/340/1086 
f 337/337/1115 336/336/1073 1053/1053/1076 1052/1052/1081 
f 334/334/1116 769/769/621 1054/1054/1075 335/335/1074 
f 1052/1052/1081 525/525/1083 265/265/1114 337/337/1115 
f 479/479/1117 478/478/957 957/957/959 956/956/961 
f 477/477/958 482/482/1118 953/953/879 958/958/878 
f 482/482/1118 481/481/951 954/954/954 953/953/879 
f 266/266/1119 521/521/517 955/955/953 480/480/952 
f 468/468/1120 467/467/1121 894/894/882 893/893/884 
f 286/286/1122 524/524/846 894/894/882 467/467/1121 
f 460/460/1123 461/461/836 877/877/839 876/876/844 
f 285/285/1124 523/523/840 878/878/838 462/462/837 
f 876/876/844 524/524/846 286/286/1122 460/460/1123 
f 459/459/1125 479/479/1117 956/956/961 875/875/831 
f 458/458/1126 459/459/1125 875/875/831 874/874/830 
f 874/874/830 523/523/834 285/285/1127 458/458/1126 
f 408/408/1128 407/407/700 820/820/703 819/819/710 
f 273/273/1129 522/522/698 821/821/702 406/406/701 
f 819/819/710 390/390/712 272/272/1130 408/408/1128 
f 403/403/1131 402/402/686 817/817/689 816/816/696 
f 816/816/696 522/522/698 273/273/1129 403/403/1131 
f 272/272/1132 390/390/628 773/773/625 389/389/624 
f 468/468/1120 893/893/884 818/818/688 401/401/687 
f 1054/1054/1075 769/769/621 385/385/622 378/378/1079 
f 334/334/1116 333/333/615 770/770/618 769/769/621 
f 345/345/1133 342/342/1113 1055/1055/519 724/724/514 
f 346/346/1134 345/345/1133 724/724/514 723/723/513 
f 723/723/513 521/521/517 266/266/1119 346/346/1134 
f 1058/1058/1135 1059/1059/1136 1061/1061/1067 1060/1060/1069 
f 392/392/1137 391/391/1138 1059/1059/1136 1058/1058/1135 
f 391/391/1138 275/275/1139 424/424/1140 1059/1059/1136 
f 1059/1059/1136 424/424/1140 423/423/1141 1061/1061/1067 
f 1062/1062/1142 1063/1063/1143 1066/1066/976 1065/1065/1144 
f 1063/1063/1143 1064/1064/1145 1067/1067/974 1066/1066/976 
f 488/488/1146 487/487/1147 1063/1063/1143 1062/1062/1142 
f 487/487/1147 486/486/1148 1064/1064/1145 1063/1063/1143 
f 485/485/1149 1068/1068/1150 1064/1064/1145 486/486/1148 
f 1064/1064/1145 1068/1068/1150 1071/1071/1151 1067/1067/974 
f 1068/1068/1150 1069/1069/1152 1072/1072/1078 1071/1071/1151 
f 1069/1069/1152 1070/1070/1153 1073/1073/1077 1072/1072/1078 
f 485/485/1149 484/484/1154 1069/1069/1152 1068/1068/1150 
f 484/484/1154 483/483/1155 1070/1070/1153 1069/1069/1152 
f 483/483/1155 267/267/1156 354/354/1157 1070/1070/1153 
f 1070/1070/1153 354/354/1157 353/353/1158 1073/1073/1077 
f 1074/1074/1159 1075/1075/1160 1078/1078/818 1077/1077/1161 
f 1075/1075/1160 1076/1076/1162 1079/1079/815 1078/1078/818 
f 284/284/1163 455/455/1164 1074/1074/1159 528/528/1165 
f 455/455/1164 456/456/1166 1075/1075/1160 1074/1074/1159 
f 456/456/1166 457/457/1167 1076/1076/1162 1075/1075/1160 
f 457/457/1167 283/283/1168 454/454/1169 1076/1076/1162 
f 1076/1076/1162 454/454/1169 453/453/1170 1079/1079/815 
f 1081/1081/1171 1062/1062/1142 1065/1065/1144 1083/1083/1172 
f 528/528/1165 1074/1074/1159 1077/1077/1161 529/529/1173 
f 1080/1080/1174 1081/1081/1171 1083/1083/1172 1082/1082/1175 
f 283/283/1168 451/451/1176 1080/1080/1174 454/454/1169 
f 451/451/1176 452/452/1177 1081/1081/1171 1080/1080/1174 
f 454/454/1169 1080/1080/1174 1082/1082/1175 453/453/1170 
f 1084/1084/1178 1085/1085/1179 1087/1087/770 1086/1086/772 
f 433/433/1180 434/434/1181 1085/1085/1179 1084/1084/1178 
f 434/434/1181 284/284/1163 528/528/1165 1085/1085/1179 
f 1085/1085/1179 528/528/1165 529/529/1173 1087/1087/770 
f 1096/1096/1182 1084/1084/1178 1086/1086/772 1099/1099/704 
f 409/409/1183 433/433/1180 1084/1084/1178 1096/1096/1182 
f 1088/1088/1184 1089/1089/1185 1092/1092/727 1091/1091/1186 
f 1089/1089/1185 1090/1090/1187 1093/1093/724 1092/1092/727 
f 275/275/1139 414/414/1188 1088/1088/1184 424/424/1140 
f 414/414/1188 413/413/1189 1089/1089/1185 1088/1088/1184 
f 413/413/1189 412/412/1190 1090/1090/1187 1089/1089/1185 
f 412/412/1190 274/274/1191 419/419/1192 1090/1090/1187 
f 1090/1090/1187 419/419/1192 418/418/1193 1093/1093/724 
f 424/424/1140 1088/1088/1184 1091/1091/1186 423/423/1141 
f 1094/1094/1194 1095/1095/1195 1098/1098/707 1097/1097/1196 
f 1095/1095/1195 1096/1096/1182 1099/1099/704 1098/1098/707 
f 274/274/1191 411/411/1197 1094/1094/1194 419/419/1192 
f 411/411/1197 410/410/1198 1095/1095/1195 1094/1094/1194 
f 410/410/1198 409/409/1183 1096/1096/1182 1095/1095/1195 
f 419/419/1192 1094/1094/1194 1097/1097/1196 418/418/1193 
f 1102/1102/1199 1058/1058/1135 1060/1060/1069 1105/1105/601 
f 387/387/1200 392/392/1137 1058/1058/1135 1102/1102/1199 
f 1100/1100/1201 1101/1101/1202 1104/1104/604 1103/1103/1203 
f 1101/1101/1202 1102/1102/1199 1105/1105/601 1104/1104/604 
f 1108/1108/1204 1100/1100/1201 1103/1103/1203 1111/1111/581 
f 385/385/1205 386/386/1206 1101/1101/1202 1100/1100/1201 
f 386/386/1206 387/387/1200 1102/1102/1199 1101/1101/1202 
f 1106/1106/1207 1107/1107/1208 1110/1110/584 1109/1109/1209 
f 1107/1107/1208 1108/1108/1204 1111/1111/581 1110/1110/584 
f 270/270/1210 376/376/1211 1106/1106/1207 526/526/1212 
f 376/376/1211 377/377/1213 1107/1107/1208 1106/1106/1207 
f 377/377/1213 378/378/1214 1108/1108/1204 1107/1107/1208 
f 526/526/1212 1106/1106/1207 1109/1109/1209 527/527/1215 
f 1112/1112/1216 1113/1113/1217 1116/1116/563 1115/1115/1218 
f 1113/1113/1217 1114/1114/1219 1117/1117/560 1116/1116/563 
f 365/365/1220 366/366/1221 1113/1113/1217 1112/1112/1216 
f 366/366/1221 367/367/1222 1114/1114/1219 1113/1113/1217 
f 367/367/1222 270/270/1210 526/526/1212 1114/1114/1219 
f 1114/1114/1219 526/526/1212 527/527/1215 1117/1117/560 
f 378/378/1214 385/385/1205 1100/1100/1201 1108/1108/1204 
f 1118/1118/1223 1119/1119/1224 1121/1121/1225 1120/1120/1226 
f 267/267/1156 350/350/1227 1118/1118/1223 354/354/1157 
f 350/350/1227 349/349/1228 1119/1119/1224 1118/1118/1223 
f 354/354/1157 1118/1118/1223 1120/1120/1226 353/353/1158 
f 423/423/1141 535/535/737 1049/1049/1068 1061/1061/1067 
f 970/970/973 962/962/966 491/491/971 492/492/980 
f 1066/1066/976 966/966/975 965/965/977 1065/1065/1144 
f 1071/1071/1151 959/959/963 967/967/972 1067/1067/974 
f 1072/1072/1078 960/960/964 959/959/963 1071/1071/1151 
f 353/353/1158 531/531/529 961/961/967 1073/1073/1077 
f 1078/1078/818 869/869/817 868/868/819 1077/1077/1161 
f 453/453/1170 537/537/814 870/870/816 1079/1079/815 
f 868/868/819 435/435/775 529/529/1173 1077/1077/1161 
f 1083/1083/1172 1065/1065/1144 965/965/977 865/865/807 
f 1083/1083/1172 865/865/807 864/864/806 1082/1082/1175 
f 452/452/1177 488/488/1146 1062/1062/1142 1081/1081/1171 
f 864/864/806 537/537/814 453/453/1170 1082/1082/1175 
f 529/529/1173 435/435/775 847/847/771 1087/1087/770 
f 824/824/705 1099/1099/704 1086/1086/772 846/846/768 
f 1092/1092/727 829/829/726 828/828/728 1091/1091/1186 
f 418/418/1193 533/533/723 830/830/725 1093/1093/724 
f 828/828/728 535/535/737 423/423/1141 1091/1091/1186 
f 1098/1098/707 823/823/706 822/822/714 1097/1097/1196 
f 822/822/714 533/533/723 418/418/1193 1097/1097/1196 
f 765/765/602 1105/1105/601 1060/1060/1069 1048/1048/613 
f 1104/1104/604 764/764/603 763/763/589 1103/1103/1203 
f 1110/1110/584 752/752/583 751/751/585 1109/1109/1209 
f 751/751/585 368/368/570 527/527/1215 1109/1109/1209 
f 1116/1116/563 740/740/562 739/739/530 1115/1115/1218 
f 527/527/1215 368/368/570 741/741/561 1117/1117/560 
f 763/763/589 753/753/582 1111/1111/581 1103/1103/1203 
f 1119/1119/1224 1112/1112/1216 1115/1115/1218 1121/1121/1225 
f 726/726/522 1121/1121/1225 1115/1115/1218 739/739/530 
f 1121/1121/1225 726/726/522 725/725/521 1120/1120/1226 
f 349/349/1228 365/365/1220 1112/1112/1216 1119/1119/1224 
f 725/725/521 531/531/529 353/353/1158 1120/1120/1226 
o flecha_4_(1):009
usemtl boton1:019
s 1
f 1123/1123/1229 1126/1126/1230 1125/1125/1231 1122/1122/1232 
f 1186/1186/1233 1123/1123/1229 1122/1122/1232 1124/1124/1234 
f 1126/1126/1230 1128/1128/1235 1127/1127/1236 1125/1125/1231 
f 1128/1128/1235 1130/1130/1237 1129/1129/1238 1127/1127/1236 
f 1130/1130/1237 1132/1132/1239 1131/1131/1240 1129/1129/1238 
f 1132/1132/1239 1134/1134/1241 1133/1133/1242 1131/1131/1240 
f 1134/1134/1241 1136/1136/1243 1135/1135/1244 1133/1133/1242 
f 1136/1136/1243 1138/1138/1245 1137/1137/1246 1135/1135/1244 
f 1138/1138/1245 1140/1140/1247 1139/1139/1248 1137/1137/1246 
f 1140/1140/1247 1142/1142/1249 1141/1141/1250 1139/1139/1248 
f 1142/1142/1249 1144/1144/1251 1143/1143/1252 1141/1141/1250 
f 1144/1144/1251 1146/1146/1253 1145/1145/1254 1143/1143/1252 
f 1146/1146/1253 1148/1148/1255 1147/1147/1256 1145/1145/1254 
f 1148/1148/1255 1150/1150/1257 1149/1149/1258 1147/1147/1256 
f 1150/1150/1257 1152/1152/1259 1151/1151/1260 1149/1149/1258 
f 1152/1152/1259 1154/1154/1261 1153/1153/1262 1151/1151/1260 
f 1154/1154/1261 1156/1156/1263 1155/1155/1264 1153/1153/1262 
f 1156/1156/1263 1158/1158/1265 1157/1157/1266 1155/1155/1264 
f 1158/1158/1265 1160/1160/1267 1159/1159/1268 1157/1157/1266 
f 1160/1160/1267 1162/1162/1269 1161/1161/1270 1159/1159/1268 
f 1162/1162/1269 1164/1164/1271 1163/1163/1272 1161/1161/1270 
f 1164/1164/1271 1166/1166/1273 1165/1165/1274 1163/1163/1272 
f 1166/1166/1273 1168/1168/1275 1167/1167/1276 1165/1165/1274 
f 1168/1168/1275 1170/1170/1277 1169/1169/1278 1167/1167/1276 
f 1170/1170/1277 1172/1172/1279 1171/1171/1280 1169/1169/1278 
f 1172/1172/1279 1174/1174/1281 1173/1173/1282 1171/1171/1280 
f 1174/1174/1281 1176/1176/1283 1175/1175/1284 1173/1173/1282 
f 1176/1176/1283 1178/1178/1285 1177/1177/1286 1175/1175/1284 
f 1178/1178/1285 1180/1180/1287 1179/1179/1288 1177/1177/1286 
f 1180/1180/1287 1182/1182/1289 1181/1181/1290 1179/1179/1288 
f 1182/1182/1289 1184/1184/1291 1183/1183/1292 1181/1181/1290 
f 1184/1184/1291 1186/1186/1233 1124/1124/1234 1183/1183/1292 
f 1247/1247/1293 1185/1185/1294 1184/1184/1291 1182/1182/1289 
f 1185/1185/1294 1187/1187/1295 1186/1186/1233 1184/1184/1291 
f 1187/1187/1295 1189/1189/1296 1123/1123/1229 1186/1186/1233 
f 1250/1250/1297 1188/1188/1298 1187/1187/1295 1185/1185/1294 
f 1188/1188/1298 1190/1190/1299 1189/1189/1296 1187/1187/1295 
f 1190/1190/1299 1192/1192/1300 1191/1191/1301 1189/1189/1296 
f 1189/1189/1296 1191/1191/1301 1126/1126/1230 1123/1123/1229 
f 1192/1192/1300 1194/1194/1302 1193/1193/1303 1191/1191/1301 
f 1191/1191/1301 1193/1193/1303 1128/1128/1235 1126/1126/1230 
f 1194/1194/1302 1196/1196/1304 1195/1195/1305 1193/1193/1303 
f 1193/1193/1303 1195/1195/1305 1130/1130/1237 1128/1128/1235 
f 1196/1196/1304 1198/1198/1306 1197/1197/1307 1195/1195/1305 
f 1195/1195/1305 1197/1197/1307 1132/1132/1239 1130/1130/1237 
f 1198/1198/1306 1200/1200/1308 1199/1199/1309 1197/1197/1307 
f 1197/1197/1307 1199/1199/1309 1134/1134/1241 1132/1132/1239 
f 1200/1200/1308 1202/1202/1310 1201/1201/1311 1199/1199/1309 
f 1199/1199/1309 1201/1201/1311 1136/1136/1243 1134/1134/1241 
f 1202/1202/1310 1204/1204/1312 1203/1203/1313 1201/1201/1311 
f 1201/1201/1311 1203/1203/1313 1138/1138/1245 1136/1136/1243 
f 1204/1204/1312 1206/1206/1314 1205/1205/1315 1203/1203/1313 
f 1203/1203/1313 1205/1205/1315 1140/1140/1247 1138/1138/1245 
f 1206/1206/1314 1208/1208/1316 1207/1207/1317 1205/1205/1315 
f 1205/1205/1315 1207/1207/1317 1142/1142/1249 1140/1140/1247 
f 1208/1208/1316 1210/1210/1318 1209/1209/1319 1207/1207/1317 
f 1207/1207/1317 1209/1209/1319 1144/1144/1251 1142/1142/1249 
f 1210/1210/1318 1212/1212/1320 1211/1211/1321 1209/1209/1319 
f 1209/1209/1319 1211/1211/1321 1146/1146/1253 1144/1144/1251 
f 1212/1212/1320 1214/1214/1322 1213/1213/1323 1211/1211/1321 
f 1211/1211/1321 1213/1213/1323 1148/1148/1255 1146/1146/1253 
f 1214/1214/1322 1216/1216/1324 1215/1215/1325 1213/1213/1323 
f 1213/1213/1323 1215/1215/1325 1150/1150/1257 1148/1148/1255 
f 1216/1216/1324 1218/1218/1326 1217/1217/1327 1215/1215/1325 
f 1215/1215/1325 1217/1217/1327 1152/1152/1259 1150/1150/1257 
f 1218/1218/1326 1220/1220/1328 1219/1219/1329 1217/1217/1327 
f 1217/1217/1327 1219/1219/1329 1154/1154/1261 1152/1152/1259 
f 1220/1220/1328 1222/1222/1330 1221/1221/1331 1219/1219/1329 
f 1219/1219/1329 1221/1221/1331 1156/1156/1263 1154/1154/1261 
f 1222/1222/1330 1224/1224/1332 1223/1223/1333 1221/1221/1331 
f 1221/1221/1331 1223/1223/1333 1158/1158/1265 1156/1156/1263 
f 1224/1224/1332 1226/1226/1334 1225/1225/1335 1223/1223/1333 
f 1223/1223/1333 1225/1225/1335 1160/1160/1267 1158/1158/1265 
f 1226/1226/1334 1228/1228/1336 1227/1227/1337 1225/1225/1335 
f 1225/1225/1335 1227/1227/1337 1162/1162/1269 1160/1160/1267 
f 1228/1228/1336 1230/1230/1338 1229/1229/1339 1227/1227/1337 
f 1227/1227/1337 1229/1229/1339 1164/1164/1271 1162/1162/1269 
f 1230/1230/1338 1232/1232/1340 1231/1231/1341 1229/1229/1339 
f 1229/1229/1339 1231/1231/1341 1166/1166/1273 1164/1164/1271 
f 1232/1232/1340 1234/1234/1342 1233/1233/1343 1231/1231/1341 
f 1231/1231/1341 1233/1233/1343 1168/1168/1275 1166/1166/1273 
f 1234/1234/1342 1236/1236/1344 1235/1235/1345 1233/1233/1343 
f 1233/1233/1343 1235/1235/1345 1170/1170/1277 1168/1168/1275 
f 1236/1236/1344 1238/1238/1346 1237/1237/1347 1235/1235/1345 
f 1235/1235/1345 1237/1237/1347 1172/1172/1279 1170/1170/1277 
f 1238/1238/1346 1240/1240/1348 1239/1239/1349 1237/1237/1347 
f 1237/1237/1347 1239/1239/1349 1174/1174/1281 1172/1172/1279 
f 1240/1240/1348 1242/1242/1350 1241/1241/1351 1239/1239/1349 
f 1239/1239/1349 1241/1241/1351 1176/1176/1283 1174/1174/1281 
f 1242/1242/1350 1244/1244/1352 1243/1243/1353 1241/1241/1351 
f 1241/1241/1351 1243/1243/1353 1178/1178/1285 1176/1176/1283 
f 1244/1244/1352 1246/1246/1354 1245/1245/1355 1243/1243/1353 
f 1243/1243/1353 1245/1245/1355 1180/1180/1287 1178/1178/1285 
f 1246/1246/1354 1248/1248/1356 1247/1247/1293 1245/1245/1355 
f 1245/1245/1355 1247/1247/1293 1182/1182/1289 1180/1180/1287 
f 1248/1248/1356 1250/1250/1297 1185/1185/1294 1247/1247/1293 
f 1313/1313/1357 1249/1249/1358 1248/1248/1356 1246/1246/1354 
f 1249/1249/1358 1251/1251/1359 1250/1250/1297 1248/1248/1356 
f 1251/1251/1359 1252/1252/1360 1188/1188/1298 1250/1250/1297 
f 1255/1255/1361 1252/1252/1360 1251/1251/1359 1253/1253/1362 
f 1253/1253/1362 1251/1251/1359 1249/1249/1358 1254/1254/1363 
f 1256/1256/1364 1257/1257/1365 1252/1252/1360 1255/1255/1361 
f 1258/1258/1366 1259/1259/1367 1257/1257/1365 1256/1256/1364 
f 1260/1260/1368 1261/1261/1369 1259/1259/1367 1258/1258/1366 
f 1262/1262/1370 1263/1263/1371 1261/1261/1369 1260/1260/1368 
f 1264/1264/1372 1265/1265/1373 1263/1263/1371 1262/1262/1370 
f 1266/1266/1374 1267/1267/1375 1265/1265/1373 1264/1264/1372 
f 1268/1268/1376 1269/1269/1377 1267/1267/1375 1266/1266/1374 
f 1270/1270/1378 1271/1271/1379 1269/1269/1377 1268/1268/1376 
f 1272/1272/1380 1273/1273/1381 1271/1271/1379 1270/1270/1378 
f 1274/1274/1382 1275/1275/1383 1273/1273/1381 1272/1272/1380 
f 1276/1276/1384 1277/1277/1385 1275/1275/1383 1274/1274/1382 
f 1278/1278/1386 1279/1279/1387 1277/1277/1385 1276/1276/1384 
f 1280/1280/1388 1281/1281/1389 1279/1279/1387 1278/1278/1386 
f 1282/1282/1390 1283/1283/1391 1281/1281/1389 1280/1280/1388 
f 1284/1284/1392 1285/1285/1393 1283/1283/1391 1282/1282/1390 
f 1286/1286/1394 1287/1287/1395 1285/1285/1393 1284/1284/1392 
f 1288/1288/1396 1289/1289/1397 1287/1287/1395 1286/1286/1394 
f 1290/1290/1398 1291/1291/1399 1289/1289/1397 1288/1288/1396 
f 1292/1292/1400 1293/1293/1401 1291/1291/1399 1290/1290/1398 
f 1294/1294/1402 1295/1295/1403 1293/1293/1401 1292/1292/1400 
f 1296/1296/1404 1297/1297/1405 1295/1295/1403 1294/1294/1402 
f 1298/1298/1406 1299/1299/1407 1297/1297/1405 1296/1296/1404 
f 1300/1300/1408 1301/1301/1409 1299/1299/1407 1298/1298/1406 
f 1302/1302/1410 1303/1303/1411 1301/1301/1409 1300/1300/1408 
f 1304/1304/1412 1305/1305/1413 1303/1303/1411 1302/1302/1410 
f 1306/1306/1414 1307/1307/1415 1305/1305/1413 1304/1304/1412 
f 1308/1308/1416 1309/1309/1417 1307/1307/1415 1306/1306/1414 
f 1310/1310/1418 1311/1311/1419 1309/1309/1417 1308/1308/1416 
f 1312/1312/1420 1313/1313/1357 1311/1311/1419 1310/1310/1418 
f 1254/1254/1363 1249/1249/1358 1313/1313/1357 1312/1312/1420 
f 1311/1311/1419 1313/1313/1357 1246/1246/1354 1244/1244/1352 
f 1309/1309/1417 1311/1311/1419 1244/1244/1352 1242/1242/1350 
f 1307/1307/1415 1309/1309/1417 1242/1242/1350 1240/1240/1348 
f 1305/1305/1413 1307/1307/1415 1240/1240/1348 1238/1238/1346 
f 1303/1303/1411 1305/1305/1413 1238/1238/1346 1236/1236/1344 
f 1301/1301/1409 1303/1303/1411 1236/1236/1344 1234/1234/1342 
f 1299/1299/1407 1301/1301/1409 1234/1234/1342 1232/1232/1340 
f 1297/1297/1405 1299/1299/1407 1232/1232/1340 1230/1230/1338 
f 1295/1295/1403 1297/1297/1405 1230/1230/1338 1228/1228/1336 
f 1293/1293/1401 1295/1295/1403 1228/1228/1336 1226/1226/1334 
f 1291/1291/1399 1293/1293/1401 1226/1226/1334 1224/1224/1332 
f 1289/1289/1397 1291/1291/1399 1224/1224/1332 1222/1222/1330 
f 1287/1287/1395 1289/1289/1397 1222/1222/1330 1220/1220/1328 
f 1285/1285/1393 1287/1287/1395 1220/1220/1328 1218/1218/1326 
f 1283/1283/1391 1285/1285/1393 1218/1218/1326 1216/1216/1324 
f 1281/1281/1389 1283/1283/1391 1216/1216/1324 1214/1214/1322 
f 1279/1279/1387 1281/1281/1389 1214/1214/1322 1212/1212/1320 
f 1277/1277/1385 1279/1279/1387 1212/1212/1320 1210/1210/1318 
f 1275/1275/1383 1277/1277/1385 1210/1210/1318 1208/1208/1316 
f 1273/1273/1381 1275/1275/1383 1208/1208/1316 1206/1206/1314 
f 1271/1271/1379 1273/1273/1381 1206/1206/1314 1204/1204/1312 
f 1269/1269/1377 1271/1271/1379 1204/1204/1312 1202/1202/1310 
f 1267/1267/1375 1269/1269/1377 1202/1202/1310 1200/1200/1308 
f 1265/1265/1373 1267/1267/1375 1200/1200/1308 1198/1198/1306 
f 1263/1263/1371 1265/1265/1373 1198/1198/1306 1196/1196/1304 
f 1261/1261/1369 1263/1263/1371 1196/1196/1304 1194/1194/1302 
f 1259/1259/1367 1261/1261/1369 1194/1194/1302 1192/1192/1300 
f 1257/1257/1365 1259/1259/1367 1192/1192/1300 1190/1190/1299 
f 1252/1252/1360 1257/1257/1365 1190/1190/1299 1188/1188/1298 
f 1181/1181/1290 1314/1314/1421 1177/1177/1286 1179/1179/1288 
f 1314/1314/1421 1321/1321/1421 1175/1175/1284 1177/1177/1286 
f 1321/1321/1421 1328/1328/1421 1173/1173/1282 1175/1175/1284 
f 1328/1328/1421 1335/1335/1421 1171/1171/1280 1173/1173/1282 
f 1335/1335/1421 1342/1342/1421 1169/1169/1278 1171/1171/1280 
f 1342/1342/1421 1349/1349/1421 1167/1167/1276 1169/1169/1278 
f 1349/1349/1421 1356/1356/1421 1165/1165/1274 1167/1167/1276 
f 1356/1356/1421 1161/1161/1270 1163/1163/1272 1165/1165/1274 
f 1183/1183/1292 1315/1315/1421 1314/1314/1421 1181/1181/1290 
f 1315/1315/1421 1322/1322/1421 1321/1321/1421 1314/1314/1421 
f 1322/1322/1421 1329/1329/1421 1328/1328/1421 1321/1321/1421 
f 1329/1329/1421 1336/1336/1421 1335/1335/1421 1328/1328/1421 
f 1336/1336/1421 1343/1343/1421 1342/1342/1421 1335/1335/1421 
f 1343/1343/1421 1350/1350/1421 1349/1349/1421 1342/1342/1421 
f 1350/1350/1421 1357/1357/1421 1356/1356/1421 1349/1349/1421 
f 1357/1357/1421 1159/1159/1268 1161/1161/1270 1356/1356/1421 
f 1124/1124/1234 1316/1316/1421 1315/1315/1421 1183/1183/1292 
f 1316/1316/1421 1323/1323/1421 1322/1322/1421 1315/1315/1421 
f 1323/1323/1421 1330/1330/1421 1329/1329/1421 1322/1322/1421 
f 1330/1330/1421 1337/1337/1421 1336/1336/1421 1329/1329/1421 
f 1337/1337/1421 1344/1344/1421 1343/1343/1421 1336/1336/1421 
f 1344/1344/1421 1351/1351/1421 1350/1350/1421 1343/1343/1421 
f 1351/1351/1421 1358/1358/1421 1357/1357/1421 1350/1350/1421 
f 1358/1358/1421 1157/1157/1266 1159/1159/1268 1357/1357/1421 
f 1122/1122/1232 1317/1317/1421 1316/1316/1421 1124/1124/1234 
f 1317/1317/1421 1324/1324/1421 1323/1323/1421 1316/1316/1421 
f 1324/1324/1421 1331/1331/1421 1330/1330/1421 1323/1323/1421 
f 1331/1331/1421 1338/1338/1421 1337/1337/1421 1330/1330/1421 
f 1338/1338/1421 1345/1345/1421 1344/1344/1421 1337/1337/1421 
f 1345/1345/1421 1352/1352/1421 1351/1351/1421 1344/1344/1421 
f 1352/1352/1421 1359/1359/1421 1358/1358/1421 1351/1351/1421 
f 1359/1359/1421 1155/1155/1264 1157/1157/1266 1358/1358/1421 
f 1125/1125/1231 1318/1318/1421 1317/1317/1421 1122/1122/1232 
f 1318/1318/1421 1325/1325/1421 1324/1324/1421 1317/1317/1421 
f 1325/1325/1421 1332/1332/1421 1331/1331/1421 1324/1324/1421 
f 1332/1332/1421 1339/1339/1421 1338/1338/1421 1331/1331/1421 
f 1339/1339/1421 1346/1346/1421 1345/1345/1421 1338/1338/1421 
f 1346/1346/1421 1353/1353/1421 1352/1352/1421 1345/1345/1421 
f 1353/1353/1421 1360/1360/1421 1359/1359/1421 1352/1352/1421 
f 1360/1360/1421 1153/1153/1262 1155/1155/1264 1359/1359/1421 
f 1127/1127/1236 1319/1319/1421 1318/1318/1421 1125/1125/1231 
f 1319/1319/1421 1326/1326/1421 1325/1325/1421 1318/1318/1421 
f 1326/1326/1421 1333/1333/1421 1332/1332/1421 1325/1325/1421 
f 1333/1333/1421 1340/1340/1421 1339/1339/1421 1332/1332/1421 
f 1340/1340/1421 1347/1347/1421 1346/1346/1421 1339/1339/1421 
f 1347/1347/1421 1354/1354/1421 1353/1353/1421 1346/1346/1421 
f 1354/1354/1421 1361/1361/1421 1360/1360/1421 1353/1353/1421 
f 1361/1361/1421 1151/1151/1260 1153/1153/1262 1360/1360/1421 
f 1129/1129/1238 1320/1320/1421 1319/1319/1421 1127/1127/1236 
f 1320/1320/1421 1327/1327/1421 1326/1326/1421 1319/1319/1421 
f 1327/1327/1421 1334/1334/1421 1333/1333/1421 1326/1326/1421 
f 1334/1334/1421 1341/1341/1421 1340/1340/1421 1333/1333/1421 
f 1341/1341/1421 1348/1348/1421 1347/1347/1421 1340/1340/1421 
f 1348/1348/1421 1355/1355/1421 1354/1354/1421 1347/1347/1421 
f 1355/1355/1421 1362/1362/1421 1361/1361/1421 1354/1354/1421 
f 1362/1362/1421 1149/1149/1258 1151/1151/1260 1361/1361/1421 
f 1131/1131/1240 1133/1133/1242 1320/1320/1421 1129/1129/1238 
f 1133/1133/1242 1135/1135/1244 1327/1327/1421 1320/1320/1421 
f 1135/1135/1244 1137/1137/1246 1334/1334/1421 1327/1327/1421 
f 1137/1137/1246 1139/1139/1248 1341/1341/1421 1334/1334/1421 
f 1139/1139/1248 1141/1141/1250 1348/1348/1421 1341/1341/1421 
f 1141/1141/1250 1143/1143/1252 1355/1355/1421 1348/1348/1421 
f 1143/1143/1252 1145/1145/1254 1362/1362/1421 1355/1355/1421 
f 1145/1145/1254 1147/1147/1256 1149/1149/1258 1362/1362/1421 
usemtl metal_1:022
f 1363/1363/1364 1366/1366/1422 1369/1369/1423 1364/1364/1361 
f 1365/1365/1366 1368/1368/1424 1366/1366/1422 1363/1363/1364 
f 1367/1367/1425 1370/1370/1426 1369/1369/1423 1366/1366/1422 
f 1452/1452/1427 1367/1367/1425 1366/1366/1422 1368/1368/1424 
f 1370/1370/1426 1372/1372/1428 1371/1371/1429 1369/1369/1423 
f 1364/1364/1361 1369/1369/1423 1371/1371/1429 1374/1374/1362 
f 1372/1372/1428 1464/1464/1430 1373/1373/1431 1371/1371/1429 
f 1374/1374/1362 1371/1371/1429 1373/1373/1431 1375/1375/1363 
f 1375/1375/1363 1373/1373/1431 1378/1378/1432 1376/1376/1420 
f 1376/1376/1420 1378/1378/1432 1380/1380/1433 1377/1377/1418 
f 1464/1464/1430 1379/1379/1434 1378/1378/1432 1373/1373/1431 
f 1379/1379/1434 1381/1381/1435 1380/1380/1433 1378/1378/1432 
f 1381/1381/1435 1383/1383/1436 1382/1382/1437 1380/1380/1433 
f 1377/1377/1418 1380/1380/1433 1382/1382/1437 1385/1385/1416 
f 1383/1383/1436 1473/1473/1438 1384/1384/1439 1382/1382/1437 
f 1385/1385/1416 1382/1382/1437 1384/1384/1439 1386/1386/1414 
f 1386/1386/1414 1384/1384/1439 1389/1389/1440 1387/1387/1412 
f 1387/2005/1412 1389/2002/1440 1391/1391/1441 1388/1388/1410 
f 1473/1473/1438 1390/1390/1442 1389/1389/1440 1384/1384/1439 
f 1390/2006/1442 1392/1392/1443 1391/1391/1441 1389/2002/1440 
f 1392/1392/1443 1394/1394/1444 1393/1393/1445 1391/1391/1441 
f 1388/1388/1410 1391/1391/1441 1393/1393/1445 1396/1396/1408 
f 1394/1394/1444 1482/1482/1446 1395/1395/1447 1393/1393/1445 
f 1396/1396/1408 1393/1393/1445 1395/1395/1447 1397/1397/1406 
f 1397/1397/1406 1395/1395/1447 1400/1400/1448 1398/1398/1404 
f 1398/1398/1404 1400/1400/1448 1402/1402/1449 1399/1399/1402 
f 1482/1482/1446 1401/1401/1450 1400/1400/1448 1395/1395/1447 
f 1401/1401/1450 1403/1403/1451 1402/1402/1449 1400/1400/1448 
f 1403/1403/1451 1405/1405/1452 1404/1404/1453 1402/1402/1449 
f 1399/1399/1402 1402/1402/1449 1404/1404/1453 1407/1407/1400 
f 1405/1405/1452 1491/1491/1454 1406/1406/1455 1404/1404/1453 
f 1407/1407/1400 1404/1404/1453 1406/1406/1455 1408/1408/1398 
f 1408/1408/1398 1406/1406/1455 1411/1411/1456 1409/1409/1396 
f 1409/1409/1396 1411/1411/1456 1413/1413/1457 1410/1410/1394 
f 1491/1491/1454 1412/1412/1458 1411/1411/1456 1406/1406/1455 
f 1412/1412/1458 1414/1414/1459 1413/1413/1457 1411/1411/1456 
f 1414/1414/1459 1416/1416/1460 1415/1415/1461 1413/1413/1457 
f 1410/1410/1394 1413/1413/1457 1415/1415/1461 1418/1418/1392 
f 1416/1416/1460 1500/1500/1462 1417/1417/1463 1415/1415/1461 
f 1418/1418/1392 1415/1415/1461 1417/1417/1463 1419/1419/1390 
f 1419/1419/1390 1417/1417/1463 1422/1422/1464 1420/1420/1388 
f 1420/1420/1388 1422/1422/1464 1424/1424/1465 1421/1421/1386 
f 1500/1500/1462 1423/1423/1466 1422/1422/1464 1417/1417/1463 
f 1423/1423/1466 1425/1425/1467 1424/1424/1465 1422/1422/1464 
f 1425/1425/1467 1427/1427/1468 1426/1426/1469 1424/1424/1465 
f 1421/1421/1386 1424/1424/1465 1426/1426/1469 1429/1429/1384 
f 1427/1427/1468 1509/1509/1470 1428/1428/1471 1426/1426/1469 
f 1429/1429/1384 1426/1426/1469 1428/1428/1471 1430/1430/1382 
f 1430/1430/1382 1428/1428/1471 1433/1433/1472 1431/1431/1380 
f 1431/1431/1380 1433/1433/1472 1435/1435/1473 1432/1432/1378 
f 1509/1509/1470 1434/1434/1474 1433/1433/1472 1428/1428/1471 
f 1434/1434/1474 1436/1436/1475 1435/1435/1473 1433/1433/1472 
f 1436/1436/1475 1438/1438/1476 1437/1437/1477 1435/1435/1473 
f 1432/1432/1378 1435/1435/1473 1437/1437/1477 1440/1440/1376 
f 1438/1438/1476 1518/1518/1478 1439/1439/1479 1437/1437/1477 
f 1440/1440/1376 1437/1437/1477 1439/1439/1479 1441/1441/1374 
f 1441/1441/1374 1439/1439/1479 1444/1444/1480 1442/1442/1372 
f 1442/1442/1372 1444/1444/1480 1446/1446/1481 1443/1443/1370 
f 1518/1518/1478 1445/1445/1482 1444/1444/1480 1439/1439/1479 
f 1445/1445/1482 1447/1447/1483 1446/1446/1481 1444/1444/1480 
f 1447/1447/1483 1449/1449/1484 1448/1448/1485 1446/1446/1481 
f 1443/1443/1370 1446/1446/1481 1448/1448/1485 1450/1450/1368 
f 1449/1449/1484 1452/1452/1427 1368/1368/1424 1448/1448/1485 
f 1450/1450/1368 1448/1448/1485 1368/1368/1424 1365/1365/1366 
f 1520/1520/1486 1451/1451/1487 1449/1449/1484 1447/1447/1483 
f 1451/1451/1487 1453/1453/1488 1452/1452/1427 1449/1449/1484 
f 1453/1453/1488 1455/1455/1489 1367/1367/1425 1452/1452/1427 
f 1454/1454/1490 1456/1456/1491 1455/1455/1489 1453/1453/1488 
f 1522/1522/1492 1454/1454/1490 1453/1453/1488 1451/1451/1487 
f 1456/1456/1491 1458/1458/1493 1457/1457/1494 1455/1455/1489 
f 1455/1455/1489 1457/1457/1494 1370/1370/1426 1367/1367/1425 
f 1458/1458/1493 1460/1460/1495 1459/1459/1496 1457/1457/1494 
f 1457/1457/1494 1459/1459/1496 1372/1372/1428 1370/1370/1426 
f 1460/1460/1495 1462/1462/1497 1461/1461/1498 1459/1459/1496 
f 1459/1459/1496 1461/1461/1498 1464/1464/1430 1372/1372/1428 
f 1462/1462/1497 1465/1465/1499 1463/1463/1500 1461/1461/1498 
f 1461/1461/1498 1463/1463/1500 1379/1379/1434 1464/1464/1430 
f 1465/1465/1499 1467/1467/1501 1466/1466/1502 1463/1463/1500 
f 1463/1463/1500 1466/1466/1502 1381/1381/1435 1379/1379/1434 
f 1467/1467/1501 1469/1469/1503 1468/1468/1504 1466/1466/1502 
f 1466/1466/1502 1468/1468/1504 1383/1383/1436 1381/1381/1435 
f 1469/1469/1503 1471/1471/1505 1470/1470/1506 1468/1468/1504 
f 1468/1468/1504 1470/1470/1506 1473/1473/1438 1383/1383/1436 
f 1471/1471/1505 1474/1474/1507 1472/1472/1508 1470/1470/1506 
f 1470/1470/1506 1472/1472/1508 1390/1390/1442 1473/1473/1438 
f 1474/2000/1507 1476/1476/1509 1475/1475/1510 1472/2004/1508 
f 1472/2004/1508 1475/1475/1510 1392/1392/1443 1390/2006/1442 
f 1476/1476/1509 1478/1478/1511 1477/1477/1512 1475/1475/1510 
f 1475/1475/1510 1477/1477/1512 1394/1394/1444 1392/1392/1443 
f 1478/1478/1511 1480/1480/1513 1479/1479/1514 1477/1477/1512 
f 1477/1477/1512 1479/1479/1514 1482/1482/1446 1394/1394/1444 
f 1480/1480/1513 1483/1483/1515 1481/1481/1516 1479/1479/1514 
f 1479/1479/1514 1481/1481/1516 1401/1401/1450 1482/1482/1446 
f 1483/1483/1515 1485/1485/1517 1484/1484/1518 1481/1481/1516 
f 1481/1481/1516 1484/1484/1518 1403/1403/1451 1401/1401/1450 
f 1485/1485/1517 1487/1487/1519 1486/1486/1520 1484/1484/1518 
f 1484/1484/1518 1486/1486/1520 1405/1405/1452 1403/1403/1451 
f 1487/1487/1519 1489/1489/1521 1488/1488/1522 1486/1486/1520 
f 1486/1486/1520 1488/1488/1522 1491/1491/1454 1405/1405/1452 
f 1489/1489/1521 1492/1492/1523 1490/1490/1524 1488/1488/1522 
f 1488/1488/1522 1490/1490/1524 1412/1412/1458 1491/1491/1454 
f 1492/1492/1523 1494/1494/1525 1493/1493/1526 1490/1490/1524 
f 1490/1490/1524 1493/1493/1526 1414/1414/1459 1412/1412/1458 
f 1494/1494/1525 1496/1496/1527 1495/1495/1528 1493/1493/1526 
f 1493/1493/1526 1495/1495/1528 1416/1416/1460 1414/1414/1459 
f 1496/1496/1527 1498/1498/1529 1497/1497/1530 1495/1495/1528 
f 1495/1495/1528 1497/1497/1530 1500/1500/1462 1416/1416/1460 
f 1498/1498/1529 1501/1501/1531 1499/1499/1532 1497/1497/1530 
f 1497/1497/1530 1499/1499/1532 1423/1423/1466 1500/1500/1462 
f 1501/1501/1531 1503/1503/1533 1502/1502/1534 1499/1499/1532 
f 1499/1499/1532 1502/1502/1534 1425/1425/1467 1423/1423/1466 
f 1503/1503/1533 1505/1505/1535 1504/1504/1536 1502/1502/1534 
f 1502/1502/1534 1504/1504/1536 1427/1427/1468 1425/1425/1467 
f 1505/1505/1535 1507/1507/1537 1506/1506/1538 1504/1504/1536 
f 1504/1504/1536 1506/1506/1538 1509/1509/1470 1427/1427/1468 
f 1507/1507/1537 1510/1510/1539 1508/1508/1540 1506/1506/1538 
f 1506/1506/1538 1508/1508/1540 1434/1434/1474 1509/1509/1470 
f 1510/1510/1539 1512/1512/1541 1511/1511/1542 1508/1508/1540 
f 1508/1508/1540 1511/1511/1542 1436/1436/1475 1434/1434/1474 
f 1512/1512/1541 1514/1514/1543 1513/1513/1544 1511/1511/1542 
f 1511/1511/1542 1513/1513/1544 1438/1438/1476 1436/1436/1475 
f 1514/1514/1543 1516/1516/1545 1515/1515/1546 1513/1513/1544 
f 1513/1513/1544 1515/1515/1546 1518/1518/1478 1438/1438/1476 
f 1516/1516/1545 1519/1519/1547 1517/1517/1548 1515/1515/1546 
f 1515/1515/1546 1517/1517/1548 1445/1445/1482 1518/1518/1478 
f 1519/1519/1547 1521/1521/1549 1520/1520/1486 1517/1517/1548 
f 1517/1517/1548 1520/1520/1486 1447/1447/1483 1445/1445/1482 
f 1521/1521/1549 1522/1522/1492 1451/1451/1487 1520/1520/1486 
f 1523/1523/1550 1525/1525/1551 1522/1522/1492 1521/1521/1549 
f 1526/1526/1552 1523/1523/1550 1521/1521/1549 1519/1519/1547 
f 1527/1527/1553 1524/1524/1554 1523/1523/1550 1526/1526/1552 
f 1524/1524/1554 1587/1587/1555 1525/1525/1551 1523/1523/1550 
f 1529/1529/1556 1527/1527/1553 1526/1526/1552 1528/1528/1557 
f 1528/1528/1557 1526/1526/1552 1519/1519/1547 1516/1516/1545 
f 1531/1531/1558 1529/1529/1556 1528/1528/1557 1530/1530/1559 
f 1530/1530/1559 1528/1528/1557 1516/1516/1545 1514/1514/1543 
f 1533/1533/1560 1531/1531/1558 1530/1530/1559 1532/1532/1561 
f 1532/1532/1561 1530/1530/1559 1514/1514/1543 1512/1512/1541 
f 1535/1535/1562 1533/1533/1560 1532/1532/1561 1534/1534/1563 
f 1534/1534/1563 1532/1532/1561 1512/1512/1541 1510/1510/1539 
f 1537/1537/1564 1535/1535/1562 1534/1534/1563 1536/1536/1565 
f 1536/1536/1565 1534/1534/1563 1510/1510/1539 1507/1507/1537 
f 1539/1539/1566 1537/1537/1564 1536/1536/1565 1538/1538/1567 
f 1538/1538/1567 1536/1536/1565 1507/1507/1537 1505/1505/1535 
f 1541/1541/1568 1539/1539/1566 1538/1538/1567 1540/1540/1569 
f 1540/1540/1569 1538/1538/1567 1505/1505/1535 1503/1503/1533 
f 1543/1543/1570 1541/1541/1568 1540/1540/1569 1542/1542/1571 
f 1542/1542/1571 1540/1540/1569 1503/1503/1533 1501/1501/1531 
f 1545/1545/1572 1543/1543/1570 1542/1542/1571 1544/1544/1573 
f 1544/1544/1573 1542/1542/1571 1501/1501/1531 1498/1498/1529 
f 1547/1547/1574 1545/1545/1572 1544/1544/1573 1546/1546/1575 
f 1546/1546/1575 1544/1544/1573 1498/1498/1529 1496/1496/1527 
f 1549/1549/1576 1547/1547/1574 1546/1546/1575 1548/1548/1577 
f 1548/1548/1577 1546/1546/1575 1496/1496/1527 1494/1494/1525 
f 1551/1551/1578 1549/1549/1576 1548/1548/1577 1550/1550/1579 
f 1550/1550/1579 1548/1548/1577 1494/1494/1525 1492/1492/1523 
f 1553/1553/1580 1551/1551/1578 1550/1550/1579 1552/1552/1581 
f 1552/1552/1581 1550/1550/1579 1492/1492/1523 1489/1489/1521 
f 1555/1555/1582 1553/1553/1580 1552/1552/1581 1554/1554/1583 
f 1554/1554/1583 1552/1552/1581 1489/1489/1521 1487/1487/1519 
f 1557/1557/1584 1555/1555/1582 1554/1554/1583 1556/1556/1585 
f 1556/1556/1585 1554/1554/1583 1487/1487/1519 1485/1485/1517 
f 1559/1559/1586 1557/1557/1584 1556/1556/1585 1558/1558/1587 
f 1558/1558/1587 1556/1556/1585 1485/1485/1517 1483/1483/1515 
f 1561/1561/1588 1559/1559/1586 1558/1558/1587 1560/1560/1589 
f 1560/1560/1589 1558/1558/1587 1483/1483/1515 1480/1480/1513 
f 1563/1563/1590 1561/1561/1588 1560/1560/1589 1562/1562/1591 
f 1562/1562/1591 1560/1560/1589 1480/1480/1513 1478/1478/1511 
f 1565/1565/1592 1563/1563/1590 1562/1562/1591 1564/1564/1593 
f 1564/1564/1593 1562/1562/1591 1478/1478/1511 1476/1476/1509 
f 1567/1567/1594 1565/1565/1592 1564/1564/1593 1566/1566/1595 
f 1566/1566/1595 1564/1564/1593 1476/1476/1509 1474/2000/1507 
f 1569/1569/1596 1567/2008/1594 1566/2003/1595 1568/1568/1597 
f 1568/1568/1597 1566/2003/1595 1474/1474/1507 1471/1471/1505 
f 1571/1571/1598 1569/1569/1596 1568/1568/1597 1570/1570/1599 
f 1570/1570/1599 1568/1568/1597 1471/1471/1505 1469/1469/1503 
f 1573/1573/1600 1571/1571/1598 1570/1570/1599 1572/1572/1601 
f 1572/1572/1601 1570/1570/1599 1469/1469/1503 1467/1467/1501 
f 1575/1575/1602 1573/1573/1600 1572/1572/1601 1574/1574/1603 
f 1574/1574/1603 1572/1572/1601 1467/1467/1501 1465/1465/1499 
f 1577/1577/1604 1575/1575/1602 1574/1574/1603 1576/1576/1605 
f 1576/1576/1605 1574/1574/1603 1465/1465/1499 1462/1462/1497 
f 1579/1579/1606 1577/1577/1604 1576/1576/1605 1578/1578/1607 
f 1578/1578/1607 1576/1576/1605 1462/1462/1497 1460/1460/1495 
f 1581/1581/1608 1579/1579/1606 1578/1578/1607 1580/1580/1609 
f 1580/1580/1609 1578/1578/1607 1460/1460/1495 1458/1458/1493 
f 1583/1583/1610 1581/1581/1608 1580/1580/1609 1582/1582/1611 
f 1582/1582/1611 1580/1580/1609 1458/1458/1493 1456/1456/1491 
f 1585/1585/1612 1583/1583/1610 1582/1582/1611 1584/1584/1613 
f 1584/1584/1613 1582/1582/1611 1456/1456/1491 1454/1454/1490 
f 1587/1587/1555 1585/1585/1612 1584/1584/1613 1525/1525/1551 
f 1525/1525/1551 1584/1584/1613 1454/1454/1490 1522/1522/1492 
f 1586/1586/1614 1648/1648/1615 1583/1583/1610 1585/1585/1612 
f 1588/1588/1616 1586/1586/1614 1585/1585/1612 1587/1587/1555 
f 1590/1590/1617 1588/1588/1616 1587/1587/1555 1524/1524/1554 
f 1591/1591/1618 1589/1589/1619 1588/1588/1616 1590/1590/1617 
f 1589/1589/1619 1650/1650/1620 1586/1586/1614 1588/1588/1616 
f 1593/1593/1621 1591/1591/1618 1590/1590/1617 1592/1592/1622 
f 1592/1592/1622 1590/1590/1617 1524/1524/1554 1527/1527/1553 
f 1595/1595/1623 1593/1593/1621 1592/1592/1622 1594/1594/1624 
f 1594/1594/1624 1592/1592/1622 1527/1527/1553 1529/1529/1556 
f 1597/1597/1625 1595/1595/1623 1594/1594/1624 1596/1596/1626 
f 1596/1596/1626 1594/1594/1624 1529/1529/1556 1531/1531/1558 
f 1599/1599/1627 1597/1597/1625 1596/1596/1626 1598/1598/1628 
f 1598/1598/1628 1596/1596/1626 1531/1531/1558 1533/1533/1560 
f 1601/1601/1629 1599/1599/1627 1598/1598/1628 1600/1600/1630 
f 1600/1600/1630 1598/1598/1628 1533/1533/1560 1535/1535/1562 
f 1603/1603/1631 1601/1601/1629 1600/1600/1630 1602/1602/1632 
f 1602/1602/1632 1600/1600/1630 1535/1535/1562 1537/1537/1564 
f 1605/1605/1633 1603/1603/1631 1602/1602/1632 1604/1604/1634 
f 1604/1604/1634 1602/1602/1632 1537/1537/1564 1539/1539/1566 
f 1607/1607/1635 1605/1605/1633 1604/1604/1634 1606/1606/1636 
f 1606/1606/1636 1604/1604/1634 1539/1539/1566 1541/1541/1568 
f 1609/1609/1637 1607/1607/1635 1606/1606/1636 1608/1608/1638 
f 1608/1608/1638 1606/1606/1636 1541/1541/1568 1543/1543/1570 
f 1611/1611/1639 1609/1609/1637 1608/1608/1638 1610/1610/1640 
f 1610/1610/1640 1608/1608/1638 1543/1543/1570 1545/1545/1572 
f 1613/1613/1641 1611/1611/1639 1610/1610/1640 1612/1612/1642 
f 1612/1612/1642 1610/1610/1640 1545/1545/1572 1547/1547/1574 
f 1615/1615/1643 1613/1613/1641 1612/1612/1642 1614/1614/1644 
f 1614/1614/1644 1612/1612/1642 1547/1547/1574 1549/1549/1576 
f 1617/1617/1645 1615/1615/1643 1614/1614/1644 1616/1616/1646 
f 1616/1616/1646 1614/1614/1644 1549/1549/1576 1551/1551/1578 
f 1619/1619/1647 1617/1617/1645 1616/1616/1646 1618/1618/1648 
f 1618/1618/1648 1616/1616/1646 1551/1551/1578 1553/1553/1580 
f 1621/1621/1649 1619/1619/1647 1618/1618/1648 1620/1620/1650 
f 1620/1620/1650 1618/1618/1648 1553/1553/1580 1555/1555/1582 
f 1623/1623/1651 1621/1621/1649 1620/1620/1650 1622/1622/1652 
f 1622/1622/1652 1620/1620/1650 1555/1555/1582 1557/1557/1584 
f 1625/1625/1653 1623/1623/1651 1622/1622/1652 1624/1624/1654 
f 1624/1624/1654 1622/1622/1652 1557/1557/1584 1559/1559/1586 
f 1627/1627/1655 1625/1625/1653 1624/1624/1654 1626/1626/1656 
f 1626/1626/1656 1624/1624/1654 1559/1559/1586 1561/1561/1588 
f 1629/1629/1657 1627/1627/1655 1626/1626/1656 1628/1628/1658 
f 1628/1628/1658 1626/1626/1656 1561/1561/1588 1563/1563/1590 
f 1631/1631/1659 1629/1629/1657 1628/1628/1658 1630/1630/1660 
f 1630/1630/1660 1628/1628/1658 1563/1563/1590 1565/1565/1592 
f 1633/1633/1661 1631/1631/1659 1630/1630/1660 1632/1632/1662 
f 1632/1632/1662 1630/1630/1660 1565/1565/1592 1567/1567/1594 
f 1635/1635/1663 1633/2001/1661 1632/2007/1662 1634/1634/1664 
f 1634/1634/1664 1632/2007/1662 1567/2008/1594 1569/1569/1596 
f 1637/1637/1665 1635/1635/1663 1634/1634/1664 1636/1636/1666 
f 1636/1636/1666 1634/1634/1664 1569/1569/1596 1571/1571/1598 
f 1639/1639/1667 1637/1637/1665 1636/1636/1666 1638/1638/1668 
f 1638/1638/1668 1636/1636/1666 1571/1571/1598 1573/1573/1600 
f 1641/1641/1669 1639/1639/1667 1638/1638/1668 1640/1640/1670 
f 1640/1640/1670 1638/1638/1668 1573/1573/1600 1575/1575/1602 
f 1643/1643/1671 1641/1641/1669 1640/1640/1670 1642/1642/1672 
f 1642/1642/1672 1640/1640/1670 1575/1575/1602 1577/1577/1604 
f 1645/1645/1673 1643/1643/1671 1642/1642/1672 1644/1644/1674 
f 1644/1644/1674 1642/1642/1672 1577/1577/1604 1579/1579/1606 
f 1647/1647/1675 1645/1645/1673 1644/1644/1674 1646/1646/1676 
f 1646/1646/1676 1644/1644/1674 1579/1579/1606 1581/1581/1608 
f 1649/1649/1677 1647/1647/1675 1646/1646/1676 1648/1648/1615 
f 1648/1648/1615 1646/1646/1676 1581/1581/1608 1583/1583/1610 
f 1650/1650/1620 1649/1649/1677 1648/1648/1615 1586/1586/1614 
f 1649/1649/1677 1650/1650/1620 1652/1652/1398 1651/1651/1396 
f 1647/1647/1675 1649/1649/1677 1651/1651/1396 1653/1653/1394 
f 1645/1645/1673 1647/1647/1675 1653/1653/1394 1654/1654/1392 
f 1643/1643/1671 1645/1645/1673 1654/1654/1392 1655/1655/1390 
f 1641/1641/1669 1643/1643/1671 1655/1655/1390 1656/1656/1388 
f 1639/1639/1667 1641/1641/1669 1656/1656/1388 1657/1657/1386 
f 1637/1637/1665 1639/1639/1667 1657/1657/1386 1658/1658/1384 
f 1635/1635/1663 1637/1637/1665 1658/1658/1384 1659/1659/1382 
f 1633/2001/1661 1635/1635/1663 1659/1659/1382 1660/1999/1380 
f 1631/1631/1659 1633/1633/1661 1660/1660/1380 1661/1661/1378 
f 1629/1629/1657 1631/1631/1659 1661/1661/1378 1662/1662/1376 
f 1627/1627/1655 1629/1629/1657 1662/1662/1376 1663/1663/1374 
f 1625/1625/1653 1627/1627/1655 1663/1663/1374 1664/1664/1372 
f 1623/1623/1651 1625/1625/1653 1664/1664/1372 1665/1665/1370 
f 1621/1621/1649 1623/1623/1651 1665/1665/1370 1666/1666/1368 
f 1619/1619/1647 1621/1621/1649 1666/1666/1368 1667/1667/1366 
f 1617/1617/1645 1619/1619/1647 1667/1667/1366 1668/1668/1364 
f 1615/1615/1643 1617/1617/1645 1668/1668/1364 1669/1669/1361 
f 1613/1613/1641 1615/1615/1643 1669/1669/1361 1670/1670/1362 
f 1611/1611/1639 1613/1613/1641 1670/1670/1362 1671/1671/1363 
f 1609/1609/1637 1611/1611/1639 1671/1671/1363 1672/1672/1420 
f 1607/1607/1635 1609/1609/1637 1672/1672/1420 1673/1673/1418 
f 1605/1605/1633 1607/1607/1635 1673/1673/1418 1674/1674/1416 
f 1603/1603/1631 1605/1605/1633 1674/1674/1416 1675/1675/1414 
f 1601/1601/1629 1603/1603/1631 1675/1675/1414 1676/1676/1412 
f 1599/1599/1627 1601/1601/1629 1676/1676/1412 1677/1677/1410 
f 1597/1597/1625 1599/1599/1627 1677/1677/1410 1678/1678/1408 
f 1595/1595/1623 1597/1597/1625 1678/1678/1408 1679/1679/1406 
f 1593/1593/1621 1595/1595/1623 1679/1679/1406 1680/1680/1404 
f 1591/1591/1618 1593/1593/1621 1680/1680/1404 1681/1681/1402 
f 1589/1589/1619 1591/1591/1618 1681/1681/1402 1682/1682/1400 
f 1650/1650/1620 1589/1589/1619 1682/1682/1400 1652/1652/1398 
o Cube:001
usemtl blanco
s 1
f 1881/1881/1678 1771/1771/1679 1721/1721/1680 1772/1772/1681 
f 1860/1860/1682 1881/1881/1678 1772/1772/1681 1722/1722/1683 
f 1882/1882/1684 1774/1774/1685 1710/1710/1686 1775/1775/1687 
f 1861/1861/1688 1882/1882/1684 1775/1775/1687 1711/1711/1689 
f 1883/1883/1690 1777/1777/1691 1720/1720/1692 1778/1778/1693 
f 1771/1771/1679 1883/1883/1690 1778/1778/1693 1721/1721/1680 
f 1884/1884/1694 1779/1779/1695 1708/1708/1696 1780/1780/1697 
f 1862/1862/1698 1884/1884/1694 1780/1780/1697 1709/1709/1699 
f 1885/1885/1700 1782/1782/1701 1726/1726/1702 1783/1783/1703 
f 1863/1863/1704 1885/1885/1700 1783/1783/1703 1714/1714/1705 
f 1886/1886/1706 1785/1785/1707 1707/1707/1708 1786/1786/1709 
f 1779/1779/1695 1886/1886/1706 1786/1786/1709 1708/1708/1696 
f 1887/1887/1710 1787/1787/1711 1719/1719/1712 1788/1788/1713 
f 1864/1864/1714 1887/1887/1710 1788/1788/1713 1718/1718/1715 
f 1888/1888/1716 1861/1861/1688 1711/1711/1689 1790/1790/1717 
f 1777/1777/1691 1888/1888/1716 1790/1790/1717 1720/1720/1692 
f 1946/1946/1718 1871/1871/1719 1739/1739/1720 1792/1792/1721 
f 1793/1793/1722 1946/1946/1718 1792/1792/1721 1737/1737/1723 
f 1945/1945/1724 1872/1872/1725 1731/1731/1726 1795/1795/1727 
f 1796/1796/1728 1945/1945/1724 1795/1795/1727 1748/1748/1729 
f 1944/1944/1730 1873/1873/1731 1734/1734/1732 1798/1798/1733 
f 1799/1799/1734 1944/1944/1730 1798/1798/1733 1732/1732/1735 
f 1943/1943/1736 1874/1874/1737 1729/1729/1738 1800/1800/1739 
f 1801/1801/1740 1943/1943/1736 1800/1800/1739 1730/1730/1741 
f 1942/1942/1742 1875/1875/1743 1738/1738/1744 1803/1803/1745 
f 1804/1804/1746 1942/1942/1742 1803/1803/1745 1727/1727/1747 
f 1941/1941/1748 1876/1876/1749 1747/1747/1750 1806/1806/1751 
f 1807/1807/1752 1941/1941/1748 1806/1806/1751 1741/1741/1753 
f 1940/1940/1754 1877/1877/1755 1743/1743/1756 1808/1808/1757 
f 1809/1809/1758 1940/1940/1754 1808/1808/1757 1744/1744/1759 
f 1939/1939/1760 1878/1878/1761 1740/1740/1762 1811/1811/1763 
f 1871/1871/1719 1939/1939/1760 1811/1811/1763 1739/1739/1720 
f 1938/1938/1764 1879/1879/1765 1733/1733/1766 1812/1812/1767 
f 1813/1813/1768 1938/1938/1764 1812/1812/1767 1742/1742/1769 
f 1937/1937/1770 1880/1880/1771 1735/1735/1772 1815/1815/1773 
f 1873/1873/1731 1937/1937/1770 1815/1815/1773 1734/1734/1732 
f 1936/1936/1774 1801/1801/1740 1730/1730/1741 1816/1816/1775 
f 1872/1872/1725 1936/1936/1774 1816/1816/1775 1731/1731/1726 
f 1935/1935/1776 1796/1796/1728 1748/1748/1729 1817/1817/1777 
f 1818/1818/1778 1935/1935/1776 1817/1817/1777 1736/1736/1779 
f 1934/1934/1780 1809/1809/1758 1744/1744/1759 1820/1820/1781 
f 1821/1821/1782 1934/1934/1780 1820/1820/1781 1745/1745/1783 
f 1933/1933/1784 1807/1807/1752 1741/1741/1753 1822/1822/1785 
f 1878/1878/1761 1933/1933/1784 1822/1822/1785 1740/1740/1762 
f 1932/1932/1786 1804/1804/1746 1727/1727/1747 1824/1824/1787 
f 1825/1825/1788 1932/1932/1786 1824/1824/1787 1728/1728/1789 
f 1931/1931/1790 1793/1793/1722 1737/1737/1723 1827/1827/1791 
f 1875/1875/1743 1931/1931/1790 1827/1827/1791 1738/1738/1744 
f 1930/1930/1792 1818/1818/1778 1736/1736/1779 1829/1829/1793 
f 1880/1880/1771 1930/1930/1792 1829/1829/1793 1735/1735/1772 
f 1929/1929/1794 1799/1799/1734 1732/1732/1735 1830/1830/1795 
f 1879/1879/1765 1929/1929/1794 1830/1830/1795 1733/1733/1766 
f 1928/1928/1796 1821/1821/1782 1745/1745/1783 1832/1832/1797 
f 1833/1833/1798 1928/1928/1796 1832/1832/1797 1746/1746/1799 
f 1927/1927/1800 1825/1825/1788 1728/1728/1789 1835/1835/1801 
f 1874/1874/1737 1927/1927/1800 1835/1835/1801 1729/1729/1738 
f 1926/1926/1802 1833/1833/1798 1746/1746/1799 1837/1837/1803 
f 1876/1876/1749 1926/1926/1802 1837/1837/1803 1747/1747/1750 
f 1925/1925/1804 1813/1813/1768 1742/1742/1769 1838/1838/1805 
f 1877/1877/1755 1925/1925/1804 1838/1838/1805 1743/1743/1756 
f 1781/1781/1806 1862/1862/1698 1902/1902/1807 1903/1903/1806 
f 1889/1889/1808 1839/1839/1809 1715/1715/1810 1826/1826/1811 
f 1865/1865/1812 1889/1889/1808 1826/1826/1811 1716/1716/1813 
f 1890/1890/1814 1860/1860/1682 1722/1722/1683 1819/1819/1815 
f 1866/1866/1816 1890/1890/1814 1819/1819/1815 1723/1723/1817 
f 1891/1891/1818 1842/1842/1819 1712/1712/1820 1797/1797/1821 
f 1774/1774/1685 1891/1891/1818 1797/1797/1821 1710/1710/1686 
f 1892/1892/1822 1865/1865/1812 1716/1716/1813 1802/1802/1823 
f 1867/1867/1824 1892/1892/1822 1802/1802/1823 1705/1705/1825 
f 1893/1893/1826 1866/1866/1816 1723/1723/1817 1831/1831/1827 
f 1868/1868/1828 1893/1893/1826 1831/1831/1827 1724/1724/1829 
f 1894/1894/1830 1845/1845/1831 1713/1713/1832 1814/1814/1833 
f 1842/1842/1819 1894/1894/1830 1814/1814/1833 1712/1712/1820 
f 1895/1895/1834 1846/1846/1835 1717/1717/1836 1791/1791/1837 
f 1839/1839/1809 1895/1895/1834 1791/1791/1837 1715/1715/1810 
f 1896/1896/1838 1867/1867/1824 1705/1705/1825 1823/1823/1839 
f 1869/1869/1840 1896/1896/1838 1823/1823/1839 1706/1706/1841 
f 1897/1897/1842 1863/1863/1704 1714/1714/1705 1828/1828/1843 
f 1845/1845/1831 1897/1897/1842 1828/1828/1843 1713/1713/1832 
f 1898/1898/1844 1864/1864/1714 1718/1718/1715 1810/1810/1845 
f 1846/1846/1835 1898/1898/1844 1810/1810/1845 1717/1717/1836 
f 1899/1899/1846 1868/1868/1828 1724/1724/1829 1836/1836/1847 
f 1870/1870/1848 1899/1899/1846 1836/1836/1847 1725/1725/1849 
f 1900/1900/1850 1869/1869/1840 1706/1706/1841 1834/1834/1851 
f 1785/1785/1707 1900/1900/1850 1834/1834/1851 1707/1707/1708 
f 1901/1901/1852 1870/1870/1848 1725/1725/1849 1805/1805/1853 
f 1787/1787/1711 1901/1901/1852 1805/1805/1853 1719/1719/1712 
f 1902/1902/1807 1862/1862/1698 1709/1709/1699 1794/1794/1854 
f 1782/1782/1701 1902/1902/1807 1794/1794/1854 1726/1726/1702 
f 1704/1704/1806 1768/1768/1806 1903/1903/1806 1853/1853/1806 
f 1768/1768/1806 1693/1693/1806 1781/1781/1806 1903/1903/1806 
f 1848/1848/1806 1870/1870/1848 1901/1901/1852 1904/1904/1806 
f 1904/1904/1806 1901/1901/1852 1787/1787/1711 1855/1855/1806 
f 1684/1684/1806 1769/1769/1806 1904/1904/1806 1855/1855/1806 
f 1769/1769/1806 1703/1703/1806 1848/1848/1806 1904/1904/1806 
f 1847/1847/1806 1869/1869/1840 1900/1900/1850 1905/1905/1806 
f 1905/1905/1806 1900/1900/1850 1785/1785/1707 1854/1854/1806 
f 1696/1696/1806 1750/1750/1806 1905/1905/1806 1854/1854/1806 
f 1750/1750/1806 1697/1697/1806 1847/1847/1806 1905/1905/1806 
f 1844/1844/1806 1868/1868/1828 1899/1899/1846 1906/1906/1806 
f 1906/1906/1806 1899/1899/1846 1870/1870/1848 1848/1848/1806 
f 1703/1703/1806 1765/1765/1806 1906/1906/1806 1848/1848/1806 
f 1765/1765/1806 1688/1688/1806 1844/1844/1806 1906/1906/1806 
f 1789/1789/1806 1864/1864/1714 1898/1898/1844 1907/1907/1806 
f 1907/1907/1806 1898/1898/1844 1846/1846/1835 1859/1859/1806 
f 1686/1686/1806 1759/1759/1806 1907/1907/1806 1859/1859/1806 
f 1759/1759/1806 1687/1687/1806 1789/1789/1806 1907/1907/1806 
f 1784/1784/1806 1863/1863/1704 1897/1897/1842 1908/1908/1806 
f 1908/1908/1806 1897/1897/1842 1845/1845/1831 1858/1858/1806 
f 1702/1702/1806 1756/1756/1806 1908/1908/1806 1858/1858/1806 
f 1756/1756/1806 1699/1699/1806 1784/1784/1806 1908/1908/1806 
f 1843/1843/1806 1867/1867/1824 1896/1896/1838 1909/1909/1806 
f 1909/1909/1806 1896/1896/1838 1869/1869/1840 1847/1847/1806 
f 1697/1697/1806 1749/1749/1806 1909/1909/1806 1847/1847/1806 
f 1749/1749/1806 1694/1694/1806 1843/1843/1806 1909/1909/1806 
f 1859/1859/1806 1846/1846/1835 1895/1895/1834 1910/1910/1806 
f 1910/1910/1806 1895/1895/1834 1839/1839/1809 1856/1856/1806 
f 1685/1685/1806 1758/1758/1806 1910/1910/1806 1856/1856/1806 
f 1758/1758/1806 1686/1686/1806 1859/1859/1806 1910/1910/1806 
f 1858/1858/1806 1845/1845/1831 1894/1894/1830 1911/1911/1806 
f 1911/1911/1806 1894/1894/1830 1842/1842/1819 1857/1857/1806 
f 1701/1701/1806 1755/1755/1806 1911/1911/1806 1857/1857/1806 
f 1755/1755/1806 1702/1702/1806 1858/1858/1806 1911/1911/1806 
f 1841/1841/1806 1866/1866/1816 1893/1893/1826 1912/1912/1806 
f 1912/1912/1806 1893/1893/1826 1868/1868/1828 1844/1844/1806 
f 1688/1688/1806 1764/1764/1806 1912/1912/1806 1844/1844/1806 
f 1764/1764/1806 1690/1690/1806 1841/1841/1806 1912/1912/1806 
f 1840/1840/1806 1865/1865/1812 1892/1892/1822 1913/1913/1855 
f 1913/1913/1855 1892/1892/1822 1867/1867/1824 1843/1843/1806 
f 1694/1694/1806 1770/1770/1806 1913/1913/1855 1843/1843/1806 
f 1770/1770/1806 1683/1683/1806 1840/1840/1806 1913/1913/1855 
f 1857/1857/1806 1842/1842/1819 1891/1891/1818 1914/1914/1806 
f 1914/1914/1806 1891/1891/1818 1774/1774/1685 1850/1850/1806 
f 1700/1700/1806 1754/1754/1806 1914/1914/1806 1850/1850/1806 
f 1754/1754/1806 1701/1701/1806 1857/1857/1806 1914/1914/1806 
f 1773/1773/1806 1860/1860/1682 1890/1890/1814 1915/1915/1806 
f 1915/1915/1806 1890/1890/1814 1866/1866/1816 1841/1841/1806 
f 1690/1690/1806 1763/1763/1806 1915/1915/1806 1841/1841/1806 
f 1763/1763/1806 1691/1691/1806 1773/1773/1806 1915/1915/1806 
f 1856/1856/1806 1839/1839/1809 1889/1889/1808 1916/1916/1806 
f 1916/1916/1806 1889/1889/1808 1865/1865/1812 1840/1840/1806 
f 1683/1683/1806 1757/1757/1806 1916/1916/1806 1840/1840/1806 
f 1757/1757/1806 1685/1685/1806 1856/1856/1806 1916/1916/1806 
f 1776/1776/1806 1861/1861/1688 1888/1888/1716 1917/1917/1806 
f 1917/1917/1806 1888/1888/1716 1777/1777/1691 1851/1851/1806 
f 1689/1689/1806 1766/1766/1806 1917/1917/1806 1851/1851/1806 
f 1766/1766/1806 1698/1698/1806 1776/1776/1806 1917/1917/1806 
f 1855/1855/1806 1787/1787/1711 1887/1887/1710 1918/1918/1806 
f 1918/1918/1806 1887/1887/1710 1864/1864/1714 1789/1789/1806 
f 1687/1687/1806 1760/1760/1806 1918/1918/1806 1789/1789/1806 
f 1760/1760/1806 1684/1684/1806 1855/1855/1806 1918/1918/1806 
f 1854/1854/1806 1785/1785/1707 1886/1886/1706 1919/1919/1806 
f 1919/1919/1806 1886/1886/1706 1779/1779/1695 1852/1852/1806 
f 1695/1695/1806 1751/1751/1806 1919/1919/1806 1852/1852/1806 
f 1751/1751/1806 1696/1696/1806 1854/1854/1806 1919/1919/1806 
f 1853/1853/1806 1782/1782/1701 1885/1885/1700 1920/1920/1806 
f 1920/1920/1806 1885/1885/1700 1863/1863/1704 1784/1784/1806 
f 1699/1699/1806 1767/1767/1806 1920/1920/1806 1784/1784/1806 
f 1767/1767/1806 1704/1704/1806 1853/1853/1806 1920/1920/1806 
f 1852/1852/1806 1779/1779/1695 1884/1884/1694 1921/1921/1806 
f 1921/1921/1806 1884/1884/1694 1862/1862/1698 1781/1781/1806 
f 1693/1693/1806 1752/1752/1806 1921/1921/1806 1781/1781/1806 
f 1752/1752/1806 1695/1695/1806 1852/1852/1806 1921/1921/1806 
f 1851/1851/1806 1777/1777/1691 1883/1883/1690 1922/1922/1806 
f 1922/1922/1806 1883/1883/1690 1771/1771/1679 1849/1849/1806 
f 1692/1692/1806 1761/1761/1806 1922/1922/1806 1849/1849/1806 
f 1761/1761/1806 1689/1689/1806 1851/1851/1806 1922/1922/1806 
f 1850/1850/1806 1774/1774/1685 1882/1882/1684 1923/1923/1806 
f 1923/1923/1806 1882/1882/1684 1861/1861/1688 1776/1776/1806 
f 1698/1698/1806 1753/1753/1806 1923/1923/1806 1776/1776/1806 
f 1753/1753/1806 1700/1700/1806 1850/1850/1806 1923/1923/1806 
f 1849/1849/1806 1771/1771/1679 1881/1881/1678 1924/1924/1806 
f 1924/1924/1806 1881/1881/1678 1860/1860/1682 1773/1773/1806 
f 1691/1691/1806 1762/1762/1806 1924/1924/1806 1773/1773/1806 
f 1762/1762/1806 1692/1692/1806 1849/1849/1806 1924/1924/1806 
f 1721/1721/1856 1778/1778/1857 1925/1925/1804 1877/1877/1755 
f 1778/1778/1857 1720/1720/1858 1813/1813/1768 1925/1925/1804 
f 1725/1725/1859 1836/1836/1860 1926/1926/1802 1876/1876/1749 
f 1836/1836/1860 1724/1724/1861 1833/1833/1798 1926/1926/1802 
f 1707/1707/1862 1834/1834/1863 1927/1927/1800 1874/1874/1737 
f 1834/1834/1863 1706/1706/1864 1825/1825/1788 1927/1927/1800 
f 1724/1724/1861 1831/1831/1865 1928/1928/1796 1833/1833/1798 
f 1831/1831/1865 1723/1723/1866 1821/1821/1782 1928/1928/1796 
f 1711/1711/1867 1775/1775/1868 1929/1929/1794 1879/1879/1765 
f 1775/1775/1868 1710/1710/1869 1799/1799/1734 1929/1929/1794 
f 1713/1713/1870 1828/1828/1871 1930/1930/1792 1880/1880/1771 
f 1828/1828/1871 1714/1714/1872 1818/1818/1778 1930/1930/1792 
f 1716/1716/1873 1826/1826/1874 1931/1931/1790 1875/1875/1743 
f 1826/1826/1874 1715/1715/1875 1793/1793/1722 1931/1931/1790 
f 1706/1706/1864 1823/1823/1876 1932/1932/1786 1825/1825/1788 
f 1823/1823/1876 1705/1705/1877 1804/1804/1746 1932/1932/1786 
f 1718/1718/1878 1788/1788/1879 1933/1933/1784 1878/1878/1761 
f 1788/1788/1879 1719/1719/1880 1807/1807/1752 1933/1933/1784 
f 1723/1723/1866 1819/1819/1881 1934/1934/1780 1821/1821/1782 
f 1819/1819/1881 1722/1722/1882 1809/1809/1758 1934/1934/1780 
f 1714/1714/1872 1783/1783/1883 1935/1935/1776 1818/1818/1778 
f 1783/1783/1883 1726/1726/1884 1796/1796/1728 1935/1935/1776 
f 1709/1709/1885 1780/1780/1886 1936/1936/1774 1872/1872/1725 
f 1780/1780/1886 1708/1708/1887 1801/1801/1740 1936/1936/1774 
f 1712/1712/1888 1814/1814/1889 1937/1937/1770 1873/1873/1731 
f 1814/1814/1889 1713/1713/1870 1880/1880/1771 1937/1937/1770 
f 1720/1720/1858 1790/1790/1890 1938/1938/1764 1813/1813/1768 
f 1790/1790/1890 1711/1711/1867 1879/1879/1765 1938/1938/1764 
f 1717/1717/1891 1810/1810/1892 1939/1939/1760 1871/1871/1719 
f 1810/1810/1892 1718/1718/1878 1878/1878/1761 1939/1939/1760 
f 1722/1722/1882 1772/1772/1893 1940/1940/1754 1809/1809/1758 
f 1772/1772/1893 1721/1721/1856 1877/1877/1755 1940/1940/1754 
f 1719/1719/1880 1805/1805/1894 1941/1941/1748 1807/1807/1752 
f 1805/1805/1894 1725/1725/1859 1876/1876/1749 1941/1941/1748 
f 1705/1705/1877 1802/1802/1895 1942/1942/1742 1804/1804/1746 
f 1802/1802/1895 1716/1716/1873 1875/1875/1743 1942/1942/1742 
f 1708/1708/1887 1786/1786/1896 1943/1943/1736 1801/1801/1740 
f 1786/1786/1896 1707/1707/1862 1874/1874/1737 1943/1943/1736 
f 1710/1710/1869 1797/1797/1897 1944/1944/1730 1799/1799/1734 
f 1797/1797/1897 1712/1712/1888 1873/1873/1731 1944/1944/1730 
f 1726/1726/1884 1794/1794/1898 1945/1945/1724 1796/1796/1728 
f 1794/1794/1898 1709/1709/1885 1872/1872/1725 1945/1945/1724 
f 1715/1715/1875 1791/1791/1899 1946/1946/1718 1793/1793/1722 
f 1791/1791/1899 1717/1717/1891 1871/1871/1719 1946/1946/1718 
f 1903/1903/1806 1902/1902/1807 1782/1782/1701 1853/1853/1806 
#end 1821 faces

#ZOMPROPERTIES_04{
#ZOMPROPERTIES_04 table {Mesh table {SymPlane table {Point vector3d 0 0 0 Normal vector3d 1 0 0 Threshold double 0.01 
#ZOMPROPERTIES_04 Enabled bool false EdgeID int -1 SymEdgeID int -1 UPos double 0.5 LocalMode bool false } RootGroup C
#ZOMPROPERTIES_04 SubMeshGroup {Children table {Tile_0_0 CSubMeshGroup {Children table {} BBoxUV box3d 0 0 0 0 0 0 BBo
#ZOMPROPERTIES_04 x3D box3d 0 0 0 0 0 0 Area3D double 0 AreaUV double 0.558958 IsRoot bool false Properties table {Sel
#ZOMPROPERTIES_04 ected bool false Box box3d 0 1 0 1 0 1 U int 0 V int 0 NU int 0 NV int 0 Tiling vector3d 1 1 1 TileR
#ZOMPROPERTIES_04 atioMode string "1:1" Overflow string "Off" Pack table {BoxFrameEdit bool false Behavior string "Fre
#ZOMPROPERTIES_04 e" } } IsTile bool true PolyIDs ints { 432 437 980 768 772 476 436 478 771 775 985 984 1033 1036 103
#ZOMPROPERTIES_04 9 1038 770 769 979 958 916 918 1044 1041 1040 1079 1080 755 735 1082 1051 1050 922 956 959 443 451 4
#ZOMPROPERTIES_04 52 921 955 453 465 468 469 617 963 867 962 619 611 613 871 872 991 989 881 883 884 885 903 844 843 1
#ZOMPROPERTIES_04 067 1069 1012 1009 1007 1066 1059 902 882 988 1068 990 904 856 970 969 607 538 614 960 539 544 545 8
#ZOMPROPERTIES_04 58 860 859 1005 1004 1003 861 862 968 966 546 547 555 556 560 978 776 522 523 975 976 524 528 529 78
#ZOMPROPERTIES_04 0 973 782 783 784 1022 1019 1072 1074 800 913 914 915 911 910 1057 987 986 1021 785 974 972 530 531 
#ZOMPROPERTIES_04 477 977 774 1026 1077 767 764 759 1078 1083 1037 747 749 752 745 744 743 742 949 952 950 725 730 729
#ZOMPROPERTIES_04  736 754 753 728 737 738 732 733 1081 1046 1047 1048 1049 924 923 1087 711 709 982 710 1054 1055 105
#ZOMPROPERTIES_04 3 1084 1086 1085 1088 1056 999 998 868 997 869 870 863 996 992 994 993 1061 1060 874 875 876 715 714
#ZOMPROPERTIES_04  713 717 720 741 719 721 722 893 892 891 890 1058 880 899 898 897 895 929 932 839 840 838 831 832 83
#ZOMPROPERTIES_04 5 853 848 1063 847 849 850 851 845 841 842 901 900 846 837 852 1064 1006 1001 1000 1065 1008 1016 10
#ZOMPROPERTIES_04 70 819 820 824 821 788 787 818 1071 1017 1013 1014 865 964 866 1018 1031 777 1028 1027 1030 1029 103
#ZOMPROPERTIES_04 2 1025 1024 1020 1073 792 794 795 796 790 814 808 807 806 798 793 799 805 908 907 905 762 906 761 76
#ZOMPROPERTIES_04 5 766 763 751 760 718 746 739 740 734 948 947 756 946 945 925 926 943 804 801 803 802 942 944 941 81
#ZOMPROPERTIES_04 3 810 812 811 940 939 817 826 827 828 829 938 937 935 830 833 825 834 823 822 854 816 815 789 786 79
#ZOMPROPERTIES_04 1 809 909 757 758 912 797 1076 1075 778 779 864 965 1015 781 855 836 934 936 933 927 896 928 886 930
#ZOMPROPERTIES_04  931 953 951 894 887 888 889 879 878 877 954 723 724 726 712 1062 917 995 716 981 731 727 750 748 10
#ZOMPROPERTIES_04 35 1023 1002 857 971 1010 967 873 1011 961 618 983 442 957 919 920 441 1042 1043 1045 1052 1034 773 
#ZOMPROPERTIES_04 1601 1807 1806 1795 1664 1602 1773 1774 1775 1766 1765 1606 1605 1777 1802 1803 1633 1652 1784 1785 
#ZOMPROPERTIES_04 1603 1667 1814 1815 1621 1622 1651 1636 1635 1650 1649 1640 1639 1620 1816 1817 1688 1661 1761 1760 
#ZOMPROPERTIES_04 1607 1799 1798 1638 1637 1624 1623 1656 1655 1646 1645 1626 1625 1811 1788 1648 1647 1618 1617 1632 
#ZOMPROPERTIES_04 1631 1644 1643 1628 1627 1658 1778 1683 1682 1671 1725 1726 1727 1738 1737 1736 1724 1670 1783 1782 
#ZOMPROPERTIES_04 1654 1653 1642 1641 1794 1657 1779 1665 1739 1703 1702 1695 1694 1751 1748 1749 1750 1707 1704 1705 
#ZOMPROPERTIES_04 1706 1719 1716 1717 1675 1662 1740 1743 1742 1741 1728 1668 1663 1669 1729 1712 1715 1730 1731 1714 
#ZOMPROPERTIES_04 1699 1696 1697 1752 1611 1612 1753 1813 1780 1685 1755 1754 1698 1684 1781 1677 1676 1791 1790 1713 
#ZOMPROPERTIES_04 1810 1718 1818 1674 1681 1804 1819 1680 1805 1614 1613 1793 1792 1687 1808 1686 1692 1693 1701 1700 
#ZOMPROPERTIES_04 1809 1789 1812 1619 1608 1763 1762 1691 1690 1759 1758 1711 1710 1709 1708 1678 1610 1609 1797 1689 
#ZOMPROPERTIES_04 1820 1756 1757 1796 1787 1679 1786 1672 1801 1720 1721 1722 1723 1735 1734 1771 1768 1769 1770 1747 
#ZOMPROPERTIES_04 1744 1745 1746 1767 1764 1616 1615 1604 1733 1732 1666 1673 1800 1634 1659 1660 1776 1629 1630 1772 
#ZOMPROPERTIES_04 1313 1315 1316 1314 1376 1375 1378 1379 1380 1382 1500 1502 1501 1503 1506 1505 1568 1569 1600 1599 
#ZOMPROPERTIES_04 1598 1597 1596 1595 1594 1593 1592 1591 1590 1589 1588 1587 1586 1585 1584 1583 1582 1581 1580 1579 
#ZOMPROPERTIES_04 1578 1550 1551 1483 1484 1398 1400 1402 1480 1478 1477 1475 1543 1541 1539 1538 1471 1473 1474 1476 
#ZOMPROPERTIES_04 1406 1407 1409 1341 1342 1344 1345 1347 1413 1415 1348 1349 1350 1352 1353 1355 1356 1423 1425 1357 
#ZOMPROPERTIES_04 1358 1354 1360 1361 1363 1429 1431 1364 1365 1367 1368 1369 1371 1372 1373 1439 1438 1440 1381 1504 
#ZOMPROPERTIES_04 1441 1444 1507 1508 1511 1510 1512 1513 1515 1447 1448 1434 1432 1450 1452 1451 1449 1517 1519 1518 
#ZOMPROPERTIES_04 1520 1521 1453 1455 1457 1525 1527 1526 1528 1529 1531 1530 1533 1532 1535 1534 1536 1537 1469 1467 
#ZOMPROPERTIES_04 1468 1414 1416 1418 1464 1463 1465 1462 1460 1459 1461 1422 1420 1421 1458 1424 1426 1456 1454 1428 
#ZOMPROPERTIES_04 1419 1417 1466 1470 1472 1410 1408 1412 1524 1523 1522 1516 1430 1435 1437 1436 1446 1445 1443 1514 
#ZOMPROPERTIES_04 1442 1377 1370 1374 1433 1366 1362 1427 1359 1351 1346 1411 1343 1338 1337 1339 1405 1403 1401 1333 
#ZOMPROPERTIES_04 1335 1336 1334 1330 1332 1399 1340 1404 1540 1542 1544 1545 1547 1479 1481 1482 1546 1549 1548 1509 
#ZOMPROPERTIES_04 1570 1566 1564 1565 1563 1562 1560 1573 1572 1574 1558 1556 1557 1559 1561 1493 1495 1497 1498 1384 
#ZOMPROPERTIES_04 1385 1383 1317 1319 1323 1389 1388 1386 1496 1494 1492 1490 1488 1487 1485 1486 1396 1394 1392 1393 
#ZOMPROPERTIES_04 1395 1327 1328 1326 1322 1324 1325 1321 1329 1331 1397 1391 1390 1553 1552 1577 1576 1575 1554 1555 
#ZOMPROPERTIES_04 1489 1491 1387 1320 1318 1499 1567 1571 219 238 247 237 221 234 246 229 245 244 232 231 239 225 248 
#ZOMPROPERTIES_04 235 241 227 223 242 243 236 233 1089 1127 1123 1125 1126 1247 1246 1245 1193 1192 1194 1244 1132 113
#ZOMPROPERTIES_04 3 1135 1094 1095 1096 1097 1098 1143 1142 1144 1145 1147 1149 1151 1102 1103 1104 1105 1106 1159 116
#ZOMPROPERTIES_04 1 1107 1272 1271 1270 1278 1277 1285 1293 1294 1302 1303 1295 1287 1279 1288 1286 1296 1304 1312 110
#ZOMPROPERTIES_04 1 1311 1100 1310 1099 1309 1301 1300 1308 1299 1307 1298 1297 1305 1093 1092 1131 1129 1128 1130 109
#ZOMPROPERTIES_04 1 1289 1290 1282 1283 1284 1276 1268 1260 1259 1251 1115 1116 1179 1181 1183 1121 1119 1120 1090 127
#ZOMPROPERTIES_04 3 1274 1266 1258 1250 1249 1118 1117 1257 1267 1265 1122 1124 1184 1186 1185 1219 1189 1188 1187 124
#ZOMPROPERTIES_04 8 1190 1218 1217 1216 1222 1223 1215 1214 1224 1172 1174 1175 1173 1171 1112 1113 1253 1252 1114 125
#ZOMPROPERTIES_04 4 1255 1111 1169 1168 1170 1226 1225 1213 1212 1211 1210 1209 1208 1230 1231 1207 1206 1205 1204 120
#ZOMPROPERTIES_04 3 1235 1236 1202 1201 1200 1199 1239 1240 1140 1138 1241 1197 1196 1195 1198 1242 1243 1136 1134 113
#ZOMPROPERTIES_04 9 1141 1238 1237 1148 1150 1152 1154 1155 1156 1158 1232 1157 1233 1234 1160 1162 1164 1166 1167 116
#ZOMPROPERTIES_04 5 1109 1256 1264 1110 1108 1228 1227 1229 1163 1263 1262 1261 1177 1176 1178 1221 1220 1180 1182 126
#ZOMPROPERTIES_04 9 1275 1291 1281 1306 1292 1280 1153 1146 1137 1191 249 567 569 561 516 253 252 255 497 495 494 499 
#ZOMPROPERTIES_04 500 509 488 482 481 479 483 485 489 486 487 492 506 322 326 303 317 314 311 312 310 315 327 313 309 
#ZOMPROPERTIES_04 321 504 503 324 505 258 257 259 261 295 294 292 260 262 263 265 266 264 270 570 572 565 564 533 553 
#ZOMPROPERTIES_04 552 557 519 525 559 514 515 513 508 501 510 323 498 507 511 526 527 512 475 480 472 474 473 471 433 
#ZOMPROPERTIES_04 438 490 422 484 421 428 409 426 427 410 411 406 413 412 407 408 414 417 419 418 416 493 491 328 329 
#ZOMPROPERTIES_04 331 330 337 345 355 351 350 346 347 286 288 289 297 296 319 298 293 299 291 275 276 268 269 271 277 
#ZOMPROPERTIES_04 284 282 285 287 278 281 280 272 702 704 699 698 701 274 689 688 687 694 696 573 578 581 584 563 536 
#ZOMPROPERTIES_04 549 542 543 562 554 541 548 551 534 537 535 604 605 603 632 600 602 599 601 606 609 615 620 616 622 
#ZOMPROPERTIES_04 463 462 466 464 444 455 450 454 401 399 400 405 415 375 374 367 361 364 372 336 334 333 341 335 340 
#ZOMPROPERTIES_04 366 342 339 343 354 357 353 352 707 706 708 666 667 279 677 676 675 674 671 672 673 693 705 700 692 
#ZOMPROPERTIES_04 685 690 697 684 588 576 574 575 587 590 589 540 593 592 586 598 595 634 635 640 682 636 597 596 637 
#ZOMPROPERTIES_04 630 631 627 628 626 625 621 612 624 623 392 391 459 458 396 402 397 398 403 404 394 386 368 363 348 
#ZOMPROPERTIES_04 377 384 358 378 381 382 647 660 654 383 380 385 664 663 665 655 680 283 668 649 653 629 681 686 683 
#ZOMPROPERTIES_04 678 585 641 651 658 642 659 661 646 645 638 639 461 388 390 387 389 393 644 633 648 657 652 669 650 
#ZOMPROPERTIES_04 670 656 359 379 362 370 376 360 365 369 371 395 457 643 591 583 582 550 577 695 679 703 662 356 344 
#ZOMPROPERTIES_04 338 373 456 449 448 446 447 440 439 470 445 429 425 435 434 424 430 431 460 467 608 610 594 579 580 
#ZOMPROPERTIES_04 691 273 318 305 304 290 349 332 302 306 307 316 320 301 308 300 325 420 423 558 532 521 520 517 518 
#ZOMPROPERTIES_04 496 254 566 571 568 267 256 250 502 251 0 187 195 197 6 1 3 2 9 8 10 5 7 66 82 81 90 89 91 88 87 86 
#ZOMPROPERTIES_04 85 59 28 30 25 27 26 24 202 143 142 141 144 208 210 205 168 169 222 175 174 212 194 193 198 138 116 
#ZOMPROPERTIES_04 115 157 158 114 192 191 4 67 211 92 203 206 32 34 29 31 35 57 33 209 207 146 134 135 145 148 147 119
#ZOMPROPERTIES_04  120 159 160 118 149 56 161 156 139 123 124 132 131 188 133 125 166 167 220 177 176 117 224 228 196 
#ZOMPROPERTIES_04 130 122 140 204 121 230 165 164 162 201 163 137 136 58 44 45 38 36 60 12 14 21 23 22 17 83 65 64 84 
#ZOMPROPERTIES_04 16 18 13 15 19 20 62 61 42 37 39 43 47 46 41 40 63 11 48 49 50 51 94 95 106 55 78 54 53 52 96 101 10
#ZOMPROPERTIES_04 0 73 74 75 76 97 93 80 102 71 70 69 68 189 152 151 150 182 218 190 185 186 171 173 172 129 226 240 1
#ZOMPROPERTIES_04 81 200 128 127 179 180 153 154 155 216 217 105 184 178 215 199 126 183 214 213 170 104 103 98 99 72 
#ZOMPROPERTIES_04 77 109 108 107 79 110 111 112 113 } } } BBoxUV box3d 0 0 0 0 0 0 BBox3D box3d 0 0 0 0 0 0 Area3D dou
#ZOMPROPERTIES_04 ble 0 AreaUV double 0 IsRoot bool true Properties table {Selected bool false Box box3d 0 1 0 1 0 1 U
#ZOMPROPERTIES_04  int 0 V int 0 NU int 1 NV int 1 Tiling vector3d 1 1 1 TileRatioMode string "1:1" Overflow string "O
#ZOMPROPERTIES_04 ff" Pack table {Rotate table {Mode int 0 Min double 0 Max double 90 Step double 0 } PaddingSize doub
#ZOMPROPERTIES_04 le 0.0078125 MarginSize double 0.00390625 Resolution int 256 MapResolution int 2048 Scaling table {T
#ZOMPROPERTIES_04 exelDensity double 1024 Mode int 2 } LayoutScalingMode int 2 MaxMutations int 1 } } IsTile bool fals
#ZOMPROPERTIES_04 e PolyIDs ints { } } Maps table {Density table {PrimType string "Polygon" Size int 1 DefaultValue do
#ZOMPROPERTIES_04 uble 1 ScaleType string "Log" MergeMode string "Average" MinValue double 0.1 MaxValue double 4 Data 
#ZOMPROPERTIES_04 doubles { r 1821 1 } } Pin table {PrimType string "Vertex" Size int 1 DefaultValue double 0 ScaleTyp
#ZOMPROPERTIES_04 e string "Normalized" MergeMode string "Max" MinValue double 0 MaxValue double 1 Data doubles { r 20
#ZOMPROPERTIES_04 46 0 } } Protect table {PrimType string "Vertex" Size int 1 DefaultValue double 0 ScaleType string "
#ZOMPROPERTIES_04 Normalized" MergeMode string "Average" MinValue double -1 MaxValue double 1 Data doubles { r 2046 0 
#ZOMPROPERTIES_04 } } } } }
#ZOMPROPERTIES_04}


#ZOMSCENE_01{
#ZOMSCENE_01 CScene {Settings table {AxisSystem table {UpVector string "y" } Unit string "cm" TexelDensityDisplay
#ZOMSCENE_01 Unit string "tx/cm" } }
#ZOMSCENE_01}

#begin 0 fatal error vertex (that RizomUV cannot handle)
#end 0 fatal error vertex (that RizomUV cannot handle)

#begin 0 error vertex
#end 0 error vertex
