# Blender 5.0.1
# www.blender.org
mtllib Boton.mtl
o Cube.009
v 0.032016 1.274695 0.171064
v 0.032016 1.322708 0.219077
v 0.032016 1.278350 0.189438
v 0.032016 1.288758 0.205014
v 0.032016 1.304334 0.215423
v 0.032016 1.914583 0.219077
v 0.032016 1.962597 0.171064
v 0.032016 1.932957 0.215423
v 0.032016 1.948534 0.205015
v 0.032016 1.958942 0.189438
v 0.032016 1.322708 -0.225616
v 0.032016 1.274695 -0.177602
v 0.032016 1.304334 -0.221961
v 0.032016 1.288758 -0.211553
v 0.032016 1.278350 -0.195976
v 0.032016 1.962597 -0.177602
v 0.032016 1.914583 -0.225616
v 0.032016 1.958942 -0.195976
v 0.032016 1.948534 -0.211553
v 0.032016 1.932957 -0.221961
v 0.215956 1.322708 0.219077
v 0.215956 1.278350 0.189438
v 0.234791 1.282761 0.189898
v 0.247465 1.291199 0.188943
v 0.243677 1.294988 0.198784
v 0.260315 1.322708 0.189438
v 0.249907 1.322708 0.205014
v 0.255904 1.303874 0.189898
v 0.247465 1.304830 0.202573
v 0.215956 1.304334 0.215423
v 0.215956 1.288758 0.205014
v 0.234330 1.322708 0.215423
v 0.234791 1.303874 0.211012
v 0.233835 1.291199 0.202573
v 0.215956 1.962597 0.171064
v 0.215956 1.914583 0.219077
v 0.215956 1.958942 0.189438
v 0.215956 1.948534 0.205015
v 0.234330 1.958942 0.171064
v 0.234791 1.954531 0.189898
v 0.233835 1.946093 0.202573
v 0.243677 1.942304 0.198784
v 0.234330 1.914583 0.215423
v 0.249907 1.914583 0.205015
v 0.215956 1.932957 0.215423
v 0.234791 1.933418 0.211012
v 0.247465 1.932462 0.202573
v 0.260315 1.932957 0.171064
v 0.249907 1.948534 0.171064
v 0.260315 1.914583 0.189438
v 0.255904 1.933418 0.189898
v 0.247465 1.946093 0.188943
v 0.215956 1.322708 -0.225616
v 0.215956 1.278350 -0.195976
v 0.215956 1.288758 -0.211553
v 0.234791 1.282761 -0.196437
v 0.233835 1.291199 -0.209112
v 0.243677 1.294988 -0.205323
v 0.234330 1.322708 -0.221961
v 0.249907 1.322708 -0.211553
v 0.215956 1.304334 -0.221961
v 0.234791 1.303874 -0.217550
v 0.247465 1.304830 -0.209112
v 0.260315 1.322708 -0.195976
v 0.255904 1.303874 -0.196437
v 0.247465 1.291199 -0.195481
v 0.215956 1.962597 -0.177602
v 0.215956 1.914583 -0.225616
v 0.234330 1.958942 -0.177602
v 0.249907 1.948534 -0.177602
v 0.215956 1.958942 -0.195976
v 0.234791 1.954531 -0.196437
v 0.247465 1.946093 -0.195481
v 0.243677 1.942304 -0.205323
v 0.260315 1.914583 -0.195976
v 0.249907 1.914583 -0.211553
v 0.260315 1.932957 -0.177602
v 0.255904 1.933418 -0.196437
v 0.247465 1.932462 -0.209111
v 0.215956 1.932957 -0.221961
v 0.215956 1.948534 -0.211553
v 0.234330 1.914583 -0.221961
v 0.234791 1.933418 -0.217550
v 0.233835 1.946093 -0.209111
v 0.260315 1.501885 -0.195976
v 0.249907 1.501885 -0.211553
v 0.234330 1.501885 -0.221961
v 0.215956 1.501885 -0.225616
v 0.215956 1.501885 0.219077
v 0.234330 1.501885 0.215423
v 0.249907 1.501885 0.205014
v 0.260315 1.501885 0.189438
v 0.032016 1.501885 0.219077
v 0.032016 1.501885 -0.225616
v 0.215956 1.274695 0.171064
v 0.234330 1.278350 0.171064
v 0.249907 1.288758 0.171064
v 0.260315 1.304334 0.171064
v 0.263970 1.322708 0.171064
v 0.234330 1.278350 -0.177602
v 0.215956 1.274695 -0.177602
v 0.249907 1.288758 -0.177602
v 0.263970 1.322708 -0.177602
v 0.260315 1.304334 -0.177602
v 0.263970 1.889060 0.145540
v 0.263970 1.889060 -0.152079
v 0.263970 1.527408 0.145540
v 0.263970 1.527408 -0.152079
v 0.263970 1.914583 0.171064
v 0.263970 1.914583 -0.177602
v 0.263970 1.501885 0.171064
v 0.263970 1.501885 -0.177602
v 0.036932 1.274695 -0.177602
v 0.036932 1.278350 -0.195976
v 0.036932 1.288758 -0.211553
v 0.036932 1.304334 -0.221961
v 0.036932 1.322708 -0.225616
v 0.036932 1.962597 -0.177602
v 0.036932 1.958942 -0.195976
v 0.036932 1.948534 -0.211553
v 0.036932 1.932957 -0.221961
v 0.036932 1.914583 -0.225616
v 0.036932 1.274695 0.171064
v 0.036932 1.278350 0.189438
v 0.036932 1.288758 0.205014
v 0.036932 1.304334 0.215423
v 0.036932 1.322708 0.219077
v 0.036932 1.962597 0.171064
v 0.036932 1.958942 0.189438
v 0.036932 1.948534 0.205015
v 0.036932 1.932957 0.215423
v 0.036932 1.914583 0.219077
v 0.036932 1.501885 0.219077
v 0.036932 1.501885 -0.225616
v 0.215956 1.274695 0.120144
v 0.215876 1.275509 0.119329
v 0.215945 1.274804 0.119737
v 0.215916 1.275102 0.119438
v 0.263156 1.322789 0.119329
v 0.263970 1.322708 0.120144
v 0.263563 1.322749 0.119438
v 0.263861 1.322719 0.119737
v 0.234330 1.278350 0.120144
v 0.234012 1.279117 0.119329
v 0.234288 1.278452 0.119737
v 0.234171 1.278733 0.119438
v 0.249320 1.289345 0.119329
v 0.249907 1.288758 0.120144
v 0.249613 1.289051 0.119438
v 0.249828 1.288836 0.119737
v 0.260315 1.304334 0.120144
v 0.259548 1.304652 0.119329
v 0.260212 1.304377 0.119737
v 0.259932 1.304493 0.119438
v 0.215956 1.274695 -0.126682
v 0.215876 1.275509 -0.125868
v 0.215945 1.274804 -0.126275
v 0.215916 1.275102 -0.125977
v 0.263156 1.322789 -0.125868
v 0.263970 1.322708 -0.126682
v 0.263563 1.322749 -0.125977
v 0.263861 1.322719 -0.126275
v 0.234330 1.278350 -0.126682
v 0.234012 1.279117 -0.125868
v 0.234288 1.278452 -0.126275
v 0.234171 1.278733 -0.125977
v 0.260315 1.304334 -0.126682
v 0.259548 1.304652 -0.125868
v 0.260212 1.304377 -0.126275
v 0.259932 1.304493 -0.125977
v 0.249320 1.289345 -0.125868
v 0.249907 1.288758 -0.126682
v 0.249613 1.289051 -0.125977
v 0.249828 1.288836 -0.126275
v 0.263970 1.450965 -0.126682
v 0.263156 1.450151 -0.125868
v 0.263861 1.450558 -0.126275
v 0.263563 1.450260 -0.125977
v 0.263156 1.450151 0.119329
v 0.263970 1.450965 0.120144
v 0.263563 1.450260 0.119438
v 0.263861 1.450558 0.119737
v 0.082936 1.274695 -0.126682
v 0.083750 1.275509 -0.125868
v 0.083343 1.274804 -0.126275
v 0.083641 1.275102 -0.125977
v 0.083750 1.275509 0.119329
v 0.082936 1.274695 0.120144
v 0.083641 1.275102 0.119438
v 0.083343 1.274804 0.119737
v 0.214068 1.293864 0.119329
v 0.213988 1.294677 0.118515
v 0.214028 1.294271 0.119220
v 0.213999 1.294568 0.118922
v 0.213988 1.294677 -0.125054
v 0.214068 1.293864 -0.125868
v 0.213999 1.294568 -0.125461
v 0.214028 1.294271 -0.125759
v 0.226965 1.296130 -0.125868
v 0.226646 1.296900 -0.125054
v 0.226806 1.296515 -0.125759
v 0.226689 1.296797 -0.125461
v 0.226965 1.296130 0.119329
v 0.226646 1.296900 0.118515
v 0.226806 1.296515 0.119220
v 0.226689 1.296797 0.118922
v 0.235709 1.302956 -0.125054
v 0.236298 1.302366 -0.125868
v 0.235788 1.302877 -0.125461
v 0.236004 1.302661 -0.125759
v 0.235709 1.302956 0.118515
v 0.236298 1.302366 0.119329
v 0.235788 1.302877 0.118922
v 0.236004 1.302661 0.119220
v 0.242535 1.311699 -0.125868
v 0.241764 1.312018 -0.125054
v 0.242150 1.311859 -0.125759
v 0.241868 1.311976 -0.125461
v 0.242535 1.311699 0.119329
v 0.241764 1.312018 0.118515
v 0.242150 1.311859 0.119220
v 0.241868 1.311976 0.118922
v 0.243988 1.324677 -0.125054
v 0.244800 1.324597 -0.125868
v 0.244096 1.324666 -0.125461
v 0.244394 1.324637 -0.125759
v 0.243988 1.324677 0.118515
v 0.244800 1.324597 0.119329
v 0.244096 1.324666 0.118922
v 0.244394 1.324637 0.119220
v 0.083750 1.293961 0.119329
v 0.084565 1.294773 0.118515
v 0.083860 1.294367 0.119220
v 0.084158 1.294665 0.118922
v 0.084565 1.294773 -0.125054
v 0.083750 1.293961 -0.125868
v 0.084158 1.294665 -0.125461
v 0.083860 1.294367 -0.125759
v 0.243891 1.449336 -0.125054
v 0.244703 1.450151 -0.125868
v 0.244000 1.449744 -0.125461
v 0.244297 1.450042 -0.125759
v 0.244703 1.450151 0.119329
v 0.243891 1.449336 0.118515
v 0.244297 1.450042 0.119220
v 0.244000 1.449743 0.118922
v 0.087282 1.275509 -0.125868
v 0.086491 1.274695 -0.126682
v 0.087177 1.275102 -0.125977
v 0.086887 1.274804 -0.126275
v 0.087233 1.293958 -0.125868
v 0.087231 1.294771 -0.125054
v 0.087232 1.294365 -0.125759
v 0.087232 1.294662 -0.125461
v 0.086491 1.274695 0.120144
v 0.087282 1.275509 0.119329
v 0.086887 1.274804 0.119737
v 0.087177 1.275102 0.119438
v 0.087231 1.294771 0.118515
v 0.087233 1.293958 0.119329
v 0.087232 1.294662 0.118922
v 0.087232 1.294365 0.119220
vn 0.1004 -0.9899 0.1004
vn 0.3792 -0.9201 0.0981
vn 0.3673 -0.8545 0.3673
vn 0.0981 -0.9201 0.3792
vn 0.7041 -0.7041 0.0919
vn 0.6663 -0.6663 0.3347
vn 0.3347 -0.6663 0.6663
vn 0.0919 -0.7041 0.7041
vn 0.5773 -0.5774 0.5774
vn 0.9899 -0.1004 0.1004
vn 0.9201 -0.0981 0.3792
vn 0.8545 -0.3673 0.3673
vn 0.9201 -0.3792 0.0981
vn 0.7041 -0.0919 0.7041
vn 0.6663 -0.3347 0.6663
vn 0.1004 -0.1004 0.9899
vn 0.0981 -0.3792 0.9201
vn 0.3673 -0.3673 0.8545
vn 0.3792 -0.0981 0.9201
vn 0.1004 0.9899 0.1004
vn 0.0981 0.9201 0.3792
vn 0.3673 0.8545 0.3673
vn 0.3792 0.9201 0.0981
vn 0.0919 0.7041 0.7041
vn 0.3347 0.6663 0.6663
vn 0.6663 0.6663 0.3347
vn 0.7041 0.7041 0.0919
vn 0.5774 0.5774 0.5774
vn 0.1004 0.1004 0.9899
vn 0.3792 0.0981 0.9201
vn 0.3673 0.3673 0.8545
vn 0.0981 0.3792 0.9201
vn 0.7041 0.0919 0.7041
vn 0.6663 0.3347 0.6663
vn 0.9899 0.1004 0.1004
vn 0.9201 0.3792 0.0981
vn 0.8545 0.3673 0.3673
vn 0.9201 0.0981 0.3792
vn 0.1004 -0.9899 -0.1004
vn 0.0981 -0.9201 -0.3792
vn 0.3673 -0.8545 -0.3673
vn 0.3792 -0.9201 -0.0981
vn 0.0919 -0.7041 -0.7041
vn 0.3347 -0.6663 -0.6663
vn 0.6663 -0.6663 -0.3347
vn 0.7041 -0.7041 -0.0919
vn 0.5774 -0.5774 -0.5774
vn 0.1004 -0.1004 -0.9899
vn 0.3792 -0.0981 -0.9201
vn 0.3673 -0.3673 -0.8545
vn 0.0981 -0.3792 -0.9201
vn 0.7041 -0.0919 -0.7041
vn 0.6663 -0.3347 -0.6663
vn 0.9899 -0.1004 -0.1004
vn 0.9201 -0.3792 -0.0981
vn 0.8545 -0.3673 -0.3673
vn 0.9201 -0.0981 -0.3792
vn 0.1004 0.9899 -0.1004
vn 0.3792 0.9201 -0.0981
vn 0.3673 0.8545 -0.3673
vn 0.0981 0.9201 -0.3792
vn 0.7041 0.7041 -0.0919
vn 0.6663 0.6663 -0.3347
vn 0.3347 0.6663 -0.6663
vn 0.0919 0.7041 -0.7041
vn 0.5774 0.5774 -0.5774
vn 0.9899 0.1004 -0.1004
vn 0.9201 0.0981 -0.3792
vn 0.8545 0.3673 -0.3673
vn 0.9201 0.3792 -0.0981
vn 0.7041 0.0919 -0.7041
vn 0.6663 0.3347 -0.6663
vn 0.1004 0.1004 -0.9899
vn 0.0981 0.3792 -0.9201
vn 0.3673 0.3673 -0.8545
vn 0.3792 0.0981 -0.9201
vn -0.0000 -0.9952 -0.0980
vn -0.0000 -0.9239 -0.3827
vn -0.0000 -0.7071 -0.7071
vn -0.0000 -0.3827 -0.9239
vn -0.0000 -0.0980 -0.9952
vn -0.0000 0.9952 -0.0980
vn -0.0000 0.9239 -0.3827
vn -0.0000 0.7071 -0.7071
vn -0.0000 0.3827 -0.9239
vn -0.0000 0.0980 -0.9952
vn 0.9952 -0.0000 -0.0980
vn 0.9239 -0.0000 -0.3827
vn 0.7071 -0.0000 -0.7071
vn 0.3827 -0.0000 -0.9239
vn 0.0980 -0.0000 -0.9952
vn 0.0980 -0.0000 0.9952
vn 0.3827 -0.0000 0.9239
vn 0.7071 -0.0000 0.7071
vn 0.9239 -0.0000 0.3827
vn 0.9952 -0.0000 0.0980
vn -0.0000 -0.9952 0.0980
vn -0.0000 -0.9239 0.3827
vn -0.0000 -0.7071 0.7071
vn -0.0000 -0.3827 0.9239
vn -0.0000 -0.0980 0.9952
vn -0.0000 0.9952 0.0980
vn -0.0000 0.9239 0.3827
vn -0.0000 0.7071 0.7071
vn -0.0000 0.3827 0.9239
vn -0.0000 0.0980 0.9952
vn -0.0000 -0.0000 1.0000
vn -0.0000 -0.0000 -1.0000
vn 1.0000 -0.0000 -0.0000
vn 0.9610 -0.0946 -0.2600
vn 0.8912 -0.3692 -0.2635
vn 0.8040 -0.3330 -0.4926
vn 0.8649 -0.0852 -0.4947
vn 0.4778 -0.1979 -0.8559
vn 0.5079 -0.0500 -0.8600
vn 0.2348 -0.0973 -0.9672
vn 0.2564 -0.0253 -0.9662
vn 0.8952 -0.3586 -0.2646
vn 0.9622 -0.0833 -0.2594
vn 0.8586 -0.0744 -0.5072
vn 0.7910 -0.3169 -0.5233
vn 0.4864 -0.0423 -0.8727
vn 0.4324 -0.1735 -0.8848
vn 0.2572 -0.0225 -0.9661
vn 0.2349 -0.0945 -0.9674
vn 0.9610 -0.0946 0.2600
vn 0.9825 -0.1316 0.1316
vn 0.9555 -0.2085 0.2085
vn 0.8649 -0.0852 0.4947
vn 0.6875 -0.5135 0.5135
vn 0.5079 -0.0500 0.8600
vn 0.3544 -0.6612 0.6612
vn 0.2564 -0.0253 0.9662
vn 0.9827 -0.1306 0.1314
vn 0.9622 -0.0833 0.2594
vn 0.8586 -0.0744 0.5072
vn 0.8826 -0.3322 0.3327
vn 0.4864 -0.0423 0.8727
vn 0.5550 -0.5881 0.5883
vn 0.2572 -0.0225 0.9661
vn 0.3551 -0.6608 0.6613
vn 0.6821 -0.6821 -0.2635
vn 0.3692 -0.8912 -0.2635
vn 0.3330 -0.8040 -0.4926
vn 0.6154 -0.6154 -0.4926
vn 0.1979 -0.4778 -0.8559
vn 0.3657 -0.3657 -0.8559
vn 0.0973 -0.2348 -0.9672
vn 0.1797 -0.1797 -0.9672
vn 0.3586 -0.8952 -0.2646
vn 0.6819 -0.6819 -0.2646
vn 0.6029 -0.6029 -0.5224
vn 0.3169 -0.7910 -0.5233
vn 0.3305 -0.3305 -0.8840
vn 0.1735 -0.4324 -0.8848
vn 0.1790 -0.1790 -0.9674
vn 0.0945 -0.2348 -0.9674
vn -0.0000 -0.9659 0.2588
vn 0.0946 -0.9610 0.2600
vn 0.0852 -0.8649 0.4947
vn -0.0000 -0.8660 0.5000
vn 0.0500 -0.5079 0.8600
vn -0.0000 -0.5000 0.8660
vn 0.0253 -0.2564 0.9662
vn -0.0000 -0.2588 0.9659
vn -0.0007 -0.9660 0.2584
vn 0.1307 -0.9827 0.1314
vn 0.3323 -0.8825 0.3328
vn -0.0006 -0.8664 0.4994
vn 0.5882 -0.5549 0.5884
vn -0.0004 -0.5006 0.8657
vn 0.6608 -0.3549 0.6613
vn -0.0002 -0.2592 0.9658
vn 0.0946 -0.9610 -0.2600
vn 0.0852 -0.8649 -0.4947
vn 0.0500 -0.5079 -0.8600
vn 0.0253 -0.2564 -0.9662
vn 0.0833 -0.9621 -0.2595
vn 0.0744 -0.8586 -0.5072
vn 0.0423 -0.4864 -0.8727
vn 0.0225 -0.2572 -0.9661
vn 0.6821 -0.6821 0.2635
vn 0.8912 -0.3692 0.2635
vn 0.8040 -0.3330 0.4926
vn 0.6154 -0.6154 0.4926
vn 0.4778 -0.1979 0.8559
vn 0.3657 -0.3657 0.8559
vn 0.2348 -0.0973 0.9672
vn 0.1797 -0.1797 0.9672
vn 0.8952 -0.3586 0.2646
vn 0.6819 -0.6819 0.2646
vn 0.6029 -0.6029 0.5224
vn 0.7910 -0.3169 0.5233
vn 0.3305 -0.3305 0.8840
vn 0.4324 -0.1735 0.8848
vn 0.1790 -0.1790 0.9674
vn 0.2349 -0.0945 0.9674
vn 0.0973 -0.2348 0.9672
vn 0.1979 -0.4778 0.8559
vn 0.3330 -0.8040 0.4926
vn 0.3692 -0.8912 0.2635
vn -0.0000 -0.2588 -0.9659
vn -0.0000 -0.5000 -0.8660
vn -0.0000 -0.8660 -0.5000
vn -0.0000 -0.9659 -0.2588
vn 0.6612 -0.3543 0.6612
vn 0.6612 -0.3543 -0.6612
vn 0.5135 -0.6875 -0.5135
vn 0.5135 -0.6875 0.5135
vn 0.2085 -0.9555 -0.2085
vn 0.2085 -0.9555 0.2085
vn 0.1317 -0.9825 -0.1316
vn 0.1317 -0.9825 0.1316
vn 0.3544 -0.6612 -0.6612
vn 0.6875 -0.5135 -0.5135
vn 0.9555 -0.2085 -0.2085
vn 0.9825 -0.1316 -0.1316
vn 0.0225 -0.2572 0.9661
vn 0.0945 -0.2348 0.9674
vn 0.1735 -0.4324 0.8848
vn 0.0423 -0.4864 0.8727
vn 0.3169 -0.7910 0.5233
vn 0.0744 -0.8586 0.5072
vn 0.3586 -0.8952 0.2646
vn 0.0833 -0.9622 0.2595
vn -0.0002 -0.2593 -0.9658
vn 0.6608 -0.3549 -0.6613
vn 0.5882 -0.5549 -0.5884
vn -0.0004 -0.5006 -0.8657
vn 0.3323 -0.8825 -0.3328
vn -0.0006 -0.8664 -0.4994
vn 0.1307 -0.9827 -0.1314
vn -0.0007 -0.9661 -0.2584
vn 0.3551 -0.6608 -0.6613
vn 0.5550 -0.5881 -0.5883
vn 0.8826 -0.3322 -0.3327
vn 0.9827 -0.1306 -0.1314
vn 0.0980 -0.9952 -0.0000
vn 0.3827 -0.9239 -0.0000
vn -0.0000 -1.0000 -0.0000
vn 0.9239 -0.3827 -0.0000
vn 0.9952 -0.0980 -0.0000
vn 0.7071 -0.7071 -0.0000
vn 0.0864 -0.9963 -0.0000
vn 0.3723 -0.9281 -0.0000
vn -0.0007 -1.0000 -0.0000
vn 0.9281 -0.3723 -0.0000
vn 0.9963 -0.0864 -0.0000
vn 1.0000 0.0008 -0.0000
vt 0.323251 0.723007
vt 0.343054 0.723007
vt 0.343551 0.733596
vt 0.323251 0.733337
vt 0.375000 0.723007
vt 0.375000 0.733059
vt 0.358760 0.766240
vt 0.349125 0.775875
vt 0.377458 0.753488
vt 0.392449 0.723007
vt 0.392449 0.733337
vt 0.385604 0.733596
vt 0.385772 0.723007
vt 0.392449 0.750000
vt 0.385952 0.750000
vt 0.392449 0.801749
vt 0.385772 0.801749
vt 0.385604 0.781449
vt 0.392449 0.781946
vt 0.676749 0.723007
vt 0.676749 0.733337
vt 0.656449 0.733596
vt 0.656946 0.723007
vt 0.650875 0.775875
vt 0.641240 0.766240
vt 0.625000 0.733058
vt 0.625000 0.723007
vt 0.629832 0.746197
vt 0.607551 0.801749
vt 0.607551 0.781946
vt 0.614396 0.781449
vt 0.614228 0.801749
vt 0.607551 0.750000
vt 0.614048 0.750000
vt 0.607551 0.723007
vt 0.614228 0.723007
vt 0.614396 0.733596
vt 0.607551 0.733337
vt 0.323251 0.526993
vt 0.323251 0.516663
vt 0.343551 0.516404
vt 0.343054 0.526993
vt 0.349125 0.474125
vt 0.358760 0.483760
vt 0.375000 0.516941
vt 0.375000 0.526993
vt 0.370168 0.503803
vt 0.392449 0.448251
vt 0.392449 0.468054
vt 0.385604 0.468551
vt 0.385772 0.448251
vt 0.392449 0.500000
vt 0.385952 0.500000
vt 0.392449 0.526993
vt 0.385772 0.526993
vt 0.385604 0.516404
vt 0.392449 0.516663
vt 0.676749 0.526993
vt 0.656946 0.526993
vt 0.656450 0.516404
vt 0.676749 0.516663
vt 0.625000 0.526993
vt 0.625000 0.516941
vt 0.641240 0.483760
vt 0.650875 0.474125
vt 0.622542 0.496512
vt 0.607551 0.526993
vt 0.607551 0.516663
vt 0.614396 0.516404
vt 0.614228 0.526993
vt 0.607551 0.500000
vt 0.614048 0.500000
vt 0.607551 0.448251
vt 0.614228 0.448251
vt 0.614395 0.468551
vt 0.607551 0.468054
vt 0.130299 0.526993
vt 0.125000 0.526993
vt 0.125000 0.516663
vt 0.130299 0.516663
vt 0.125000 0.500000
vt 0.130990 0.499308
vt 0.374308 0.255990
vt 0.375000 0.250000
vt 0.385772 0.250000
vt 0.385772 0.255299
vt 0.392449 0.250000
vt 0.392449 0.255299
vt 0.869701 0.526993
vt 0.869701 0.516663
vt 0.869010 0.499308
vt 0.625692 0.255990
vt 0.614228 0.255299
vt 0.607551 0.255299
vt 0.457566 0.526993
vt 0.457566 0.516663
vt 0.457566 0.500000
vt 0.457566 0.468054
vt 0.457566 0.448251
vt 0.457566 0.801749
vt 0.457566 0.781946
vt 0.457566 0.750000
vt 0.457566 0.733337
vt 0.457566 0.723007
vt 0.130299 0.723007
vt 0.130299 0.733337
vt 0.130990 0.750692
vt 0.374308 0.994010
vt 0.385772 0.994701
vt 0.392449 0.994701
vt 0.869701 0.723007
vt 0.875000 0.723007
vt 0.875000 0.733337
vt 0.869701 0.733337
vt 0.875000 0.750000
vt 0.869010 0.750692
vt 0.625692 0.994010
vt 0.625000 1.000000
vt 0.614228 1.000000
vt 0.614228 0.994701
vt 0.607551 1.000000
vt 0.607551 0.994701
vt 0.457566 0.994701
vt 0.457566 1.000000
vt 0.875000 0.526993
vt 0.457566 0.255299
vt 0.392449 1.000000
vt 0.598275 0.708659
vt 0.598275 0.541341
vt 0.466842 0.708659
vt 0.466842 0.541341
vt 0.457566 0.250000
vt 0.607551 0.250000
vt 0.385772 1.000000
vt 0.375000 1.000000
vt 0.125000 0.733337
vt 0.125000 0.750000
vt 0.125000 0.723007
vt 0.614228 0.250000
vt 0.625000 0.250000
vt 0.875000 0.516663
vt 0.875000 0.500000
vt 0.392449 0.694381
vt 0.385772 0.694381
vt 0.385769 0.694152
vt 0.392449 0.694152
vt 0.385772 0.693923
vt 0.392449 0.693923
vt 0.385772 0.693465
vt 0.392449 0.693465
vt 0.392450 0.693694
vt 0.385776 0.693694
vt 0.392449 0.555619
vt 0.439061 0.555619
vt 0.438913 0.555848
vt 0.392449 0.555848
vt 0.438785 0.556046
vt 0.392449 0.556077
vt 0.438765 0.556077
vt 0.438464 0.556535
vt 0.392449 0.556535
vt 0.392450 0.556306
vt 0.438615 0.556306
vt 0.392449 0.556077
vt 0.438745 0.556108
vt 0.375000 0.694381
vt 0.343054 0.694381
vt 0.343061 0.694152
vt 0.374988 0.694152
vt 0.343054 0.693923
vt 0.375000 0.693923
vt 0.343054 0.693465
vt 0.375000 0.693465
vt 0.375021 0.693694
vt 0.343041 0.693694
vt 0.183458 0.555619
vt 0.323251 0.555619
vt 0.323251 0.555848
vt 0.183883 0.555848
vt 0.323251 0.556077
vt 0.184206 0.556077
vt 0.184328 0.556077
vt 0.184784 0.556535
vt 0.181701 0.556535
vt 0.181230 0.556306
vt 0.184784 0.556306
vt 0.180822 0.556108
vt 0.184774 0.556077
vt 0.180759 0.556077
vt 0.184764 0.556077
vt 0.323251 0.694381
vt 0.323251 0.694152
vt 0.323251 0.693923
vt 0.323251 0.693465
vt 0.323250 0.693694
vt 0.375000 0.555619
vt 0.385772 0.555619
vt 0.385769 0.555848
vt 0.374988 0.555848
vt 0.385772 0.556077
vt 0.375000 0.556077
vt 0.385772 0.556077
vt 0.385772 0.556535
vt 0.375000 0.556535
vt 0.375021 0.556306
vt 0.385776 0.556306
vt 0.343054 0.556077
vt 0.343061 0.555848
vt 0.343054 0.555619
vt 0.184328 0.693923
vt 0.184207 0.693923
vt 0.183883 0.694152
vt 0.183458 0.694381
vt 0.180759 0.556077
vt 0.180759 0.693923
vt 0.180704 0.693954
vt 0.180704 0.556046
vt 0.180320 0.694152
vt 0.180320 0.555848
vt 0.179882 0.694381
vt 0.179882 0.555619
vt 0.438765 0.693923
vt 0.438785 0.693954
vt 0.438913 0.694152
vt 0.439061 0.694381
vt 0.343041 0.556306
vt 0.323250 0.556306
vt 0.343054 0.556535
vt 0.323251 0.556535
vt 0.184764 0.693923
vt 0.180822 0.693892
vt 0.184774 0.693923
vt 0.181230 0.693694
vt 0.184784 0.693694
vt 0.181701 0.693465
vt 0.184784 0.693465
vt 0.438745 0.693893
vt 0.438615 0.693694
vt 0.438464 0.693465
s 1
usemtl blanco
f 95/1/1 96/2/2 23/3/3 22/4/4
f 96/2/2 97/5/5 24/6/6 23/3/3
f 22/4/4 23/3/3 34/7/7 31/8/8
f 23/3/3 24/6/6 25/9/9 34/7/7
f 99/10/10 26/11/11 28/12/12 98/13/13
f 26/11/11 27/14/14 29/15/15 28/12/12
f 98/13/13 28/12/12 24/6/6 97/5/5
f 28/12/12 29/15/15 25/9/9 24/6/6
f 21/16/16 30/17/17 33/18/18 32/19/19
f 30/17/17 31/8/8 34/7/7 33/18/18
f 32/19/19 33/18/18 29/15/15 27/14/14
f 33/18/18 34/7/7 25/9/9 29/15/15
f 35/20/20 37/21/21 40/22/22 39/23/23
f 37/21/21 38/24/24 41/25/25 40/22/22
f 39/23/23 40/22/22 52/26/26 49/27/27
f 40/22/22 41/25/25 42/28/28 52/26/26
f 36/29/29 43/30/30 46/31/31 45/32/32
f 43/30/30 44/33/33 47/34/34 46/31/31
f 45/32/32 46/31/31 41/25/25 38/24/24
f 46/31/31 47/34/34 42/28/28 41/25/25
f 109/35/35 48/36/36 51/37/37 50/38/38
f 48/36/36 49/27/27 52/26/26 51/37/37
f 50/38/38 51/37/37 47/34/34 44/33/33
f 51/37/37 52/26/26 42/28/28 47/34/34
f 101/39/39 54/40/40 56/41/41 100/42/42
f 54/40/40 55/43/43 57/44/44 56/41/41
f 100/42/42 56/41/41 66/45/45 102/46/46
f 56/41/41 57/44/44 58/47/47 66/45/45
f 53/48/48 59/49/49 62/50/50 61/51/51
f 59/49/49 60/52/52 63/53/53 62/50/50
f 61/51/51 62/50/50 57/44/44 55/43/43
f 62/50/50 63/53/53 58/47/47 57/44/44
f 103/54/54 104/55/55 65/56/56 64/57/57
f 104/55/55 102/46/46 66/45/45 65/56/56
f 64/57/57 65/56/56 63/53/53 60/52/52
f 65/56/56 66/45/45 58/47/47 63/53/53
f 67/58/58 69/59/59 72/60/60 71/61/61
f 69/59/59 70/62/62 73/63/63 72/60/60
f 71/61/61 72/60/60 84/64/64 81/65/65
f 72/60/60 73/63/63 74/66/66 84/64/64
f 110/67/67 75/68/68 78/69/69 77/70/70
f 75/68/68 76/71/71 79/72/72 78/69/69
f 77/70/70 78/69/69 73/63/63 70/62/62
f 78/69/69 79/72/72 74/66/66 73/63/63
f 68/73/73 80/74/74 83/75/75 82/76/76
f 80/74/74 81/65/65 84/64/64 83/75/75
f 82/76/76 83/75/75 79/72/72 76/71/71
f 83/75/75 84/64/64 74/66/66 79/72/72
f 113/77/77 12/78/77 15/79/78 114/80/78
f 114/80/78 15/79/78 14/81/79 115/82/79
f 115/83/79 14/84/79 13/85/80 116/86/80
f 116/86/80 13/85/80 11/87/81 117/88/81
f 118/89/82 67/58/58 71/61/61 119/90/83
f 119/90/83 71/61/61 81/65/65 120/91/84
f 120/92/84 81/65/65 80/74/74 121/93/85
f 121/93/85 80/74/74 68/73/73 122/94/86
f 112/95/87 103/54/54 64/57/57 85/96/88
f 85/96/88 64/57/57 60/52/52 86/97/89
f 86/97/89 60/52/52 59/49/49 87/98/90
f 87/98/90 59/49/49 53/48/48 88/99/91
f 67/58/58 35/20/20 39/23/23 69/59/59
f 69/59/59 39/23/23 49/27/27 70/62/62
f 70/62/62 49/27/27 48/36/36 77/70/70
f 77/70/70 48/36/36 109/35/35 110/67/67
f 89/100/92 21/16/16 32/19/19 90/101/93
f 90/101/93 32/19/19 27/14/14 91/102/94
f 91/102/94 27/14/14 26/11/11 92/103/95
f 92/103/95 26/11/11 99/10/10 111/104/96
f 123/105/97 95/1/1 22/4/4 124/106/98
f 124/106/98 22/4/4 31/8/8 125/107/99
f 125/108/99 31/8/8 30/17/17 126/109/100
f 126/109/100 30/17/17 21/16/16 127/110/101
f 128/111/102 7/112/102 10/113/103 129/114/103
f 129/114/103 10/113/103 9/115/104 130/116/104
f 130/117/104 9/118/104 8/119/105 131/120/105
f 131/120/105 8/119/105 6/121/106 132/122/106
f 133/123/107 132/122/106 6/121/106 93/124/107
f 118/89/82 16/125/82 7/112/102 128/111/102
f 134/126/108 122/94/86 68/73/73 88/99/91
f 117/88/81 134/126/108 88/99/91 53/48/48
f 127/110/101 133/123/107 93/124/107 2/127/101
f 50/38/38 92/103/95 111/104/96 109/35/35
f 44/33/33 91/102/94 92/103/95 50/38/38
f 43/30/30 90/101/93 91/102/94 44/33/33
f 36/29/29 89/100/92 90/101/93 43/30/30
f 82/76/76 87/98/90 88/99/91 68/73/73
f 76/71/71 86/97/89 87/98/90 82/76/76
f 75/68/68 85/96/88 86/97/89 76/71/71
f 110/67/67 112/95/87 85/96/88 75/68/68
f 105/128/109 106/129/109 110/67/67 109/35/35
f 107/130/109 105/128/109 109/35/35 111/104/96
f 106/129/109 108/131/109 112/95/87 110/67/67
f 108/131/109 107/130/109 111/104/96 112/95/87
f 21/16/16 89/100/92 133/123/107 127/110/101
f 11/87/81 94/132/108 134/126/108 117/88/81
f 94/132/108 17/133/86 122/94/86 134/126/108
f 67/58/58 118/89/82 128/111/102 35/20/20
f 89/100/92 36/29/29 132/122/106 133/123/107
f 45/32/32 131/120/105 132/122/106 36/29/29
f 38/24/24 130/117/104 131/120/105 45/32/32
f 37/21/21 129/114/103 130/116/104 38/24/24
f 35/20/20 128/111/102 129/114/103 37/21/21
f 5/134/100 126/109/100 127/110/101 2/127/101
f 4/135/99 125/108/99 126/109/100 5/134/100
f 3/136/98 124/106/98 125/107/99 4/137/99
f 1/138/97 123/105/97 124/106/98 3/136/98
f 20/139/85 121/93/85 122/94/86 17/133/86
f 19/140/84 120/92/84 121/93/85 20/139/85
f 18/141/83 119/90/83 120/91/84 19/142/84
f 16/125/82 118/89/82 119/90/83 18/141/83
f 61/51/51 116/86/80 117/88/81 53/48/48
f 55/43/43 115/83/79 116/86/80 61/51/51
f 54/40/40 114/80/78 115/82/79 55/43/43
f 101/39/39 113/77/77 114/80/78 54/40/40
f 140/143/110 151/144/111 153/145/112 142/146/113
f 142/146/113 153/145/112 154/147/114 141/148/115
f 141/148/115 154/147/114 152/147/116 139/148/117
f 221/147/123 230/148/122 228/148/124 219/147/125
f 160/153/126 175/154/127 177/155/128 162/156/129
f 162/156/129 177/155/128 178/157/130 161/158/131
f 161/158/131 178/157/130 176/159/132 159/158/133
f 242/165/139 226/164/138 224/164/140 240/159/141
f 148/166/142 143/167/143 145/168/144 150/169/145
f 150/169/145 145/168/144 146/170/146 149/171/147
f 149/171/147 146/170/146 144/170/148 147/171/149
f 205/170/155 214/171/154 212/171/156 203/170/157
f 248/176/158 155/177/159 157/178/160 250/179/161
f 250/179/161 157/178/160 158/180/162 249/181/163
f 249/181/163 158/180/162 156/180/164 247/182/165
f 253/188/171 238/187/170 236/189/172 251/190/173
f 143/167/143 135/191/174 137/192/175 145/168/144
f 145/168/144 137/192/175 138/193/176 146/170/146
f 146/170/146 138/193/176 136/193/177 144/170/148
f 193/193/180 205/170/155 203/170/157 191/193/181
f 172/196/182 167/197/183 169/198/184 174/199/185
f 174/199/185 169/198/184 170/200/186 173/201/187
f 173/201/187 170/200/186 168/202/188 171/201/189
f 217/202/195 210/201/194 208/201/196 215/202/197
f 147/171/149 152/147/116 154/147/114 149/171/147
f 149/171/147 154/147/114 153/145/112 150/169/145
f 150/169/145 153/145/112 151/144/111 148/166/142
f 164/207/198 156/180/164 158/180/162 166/207/199
f 166/207/199 158/180/162 157/178/160 165/208/200
f 165/208/200 157/178/160 155/177/159 163/209/201
f 171/201/189 164/207/198 166/207/199 173/201/187
f 173/201/187 166/207/199 165/208/200 174/199/185
f 174/199/185 165/208/200 163/209/201 172/196/182
f 159/158/133 168/202/188 170/200/186 161/158/131
f 161/158/131 170/200/186 169/198/184 162/156/129
f 162/156/129 169/198/184 167/197/183 160/153/126
f 256/210/202 136/193/177 138/193/176 258/211/203
f 258/211/203 138/193/176 137/192/175 257/212/204
f 257/212/204 137/192/175 135/191/174 255/213/205
f 184/214/206 187/215/207 189/216/208 186/217/209
f 186/217/209 189/216/208 190/218/210 185/219/211
f 185/219/211 190/218/210 188/220/212 183/221/213
f 139/148/117 179/222/214 181/223/215 141/148/115
f 141/148/115 181/223/215 182/224/216 142/146/113
f 142/146/113 182/224/216 180/225/217 140/143/110
f 179/222/214 176/159/132 178/157/130 181/223/215
f 181/223/215 178/157/130 177/155/128 182/224/216
f 182/224/216 177/155/128 175/154/127 180/225/217
f 196/180/218 199/207/219 201/207/220 198/180/221
f 198/180/221 201/207/220 202/226/222 197/227/223
f 199/207/219 208/201/196 210/201/194 201/207/220
f 201/207/220 210/201/194 209/205/192 202/226/222
f 219/147/125 212/171/156 214/171/154 221/147/123
f 221/147/123 214/171/154 213/174/152 222/152/121
f 215/202/197 224/164/140 226/164/138 217/202/195
f 217/202/195 226/164/138 225/162/136 218/206/193
f 260/230/226 231/215/227 233/231/228 262/232/229
f 262/232/229 233/231/228 234/233/230 261/234/231
f 231/215/227 236/189/172 238/187/170 233/231/228
f 233/231/228 238/187/170 237/185/168 234/233/230
f 240/159/141 243/222/234 245/237/235 242/165/139
f 242/165/139 245/237/235 246/238/236 241/163/137
f 243/222/234 228/148/124 230/148/122 245/237/235
f 245/237/235 230/148/122 229/151/120 246/238/236
f 183/221/213 248/176/158 250/179/161 185/219/211
f 185/219/211 250/179/161 249/181/163 186/217/209
f 186/217/209 249/181/163 247/182/165 184/214/206
f 198/180/221 253/188/171 251/190/173 196/180/218
f 187/215/207 256/210/202 258/211/203 189/216/208
f 189/216/208 258/211/203 257/212/204 190/218/210
f 190/218/210 257/212/204 255/213/205 188/220/212
f 191/193/181 260/230/226 262/232/229 193/193/180
f 193/193/180 262/232/229 261/234/231 194/195/179
f 135/191/238 143/167/239 96/2/2 95/1/1
f 144/170/108 136/193/108 191/193/108 203/170/108
f 255/213/240 135/191/238 95/1/1 123/105/97
f 136/193/108 256/210/108 260/230/108 191/193/108
f 151/144/241 140/143/242 99/10/10 98/13/13
f 140/143/242 180/225/109 111/104/96 99/10/10
f 139/148/108 152/147/108 219/147/108 228/148/108
f 179/222/108 139/148/108 228/148/108 243/222/108
f 143/167/239 148/166/243 97/5/5 96/2/2
f 147/171/108 144/170/108 203/170/108 212/171/108
f 148/166/243 151/144/241 98/13/13 97/5/5
f 152/147/108 147/171/108 212/171/108 219/147/108
f 155/177/238 248/176/240 113/77/77 101/39/39
f 247/182/107 156/180/107 196/180/107 251/190/107
f 156/180/107 164/207/107 199/207/107 196/180/107
f 163/209/239 155/177/238 101/39/39 100/42/42
f 175/154/109 160/153/242 103/54/54 112/95/87
f 159/158/107 176/159/107 240/159/107 224/164/107
f 168/202/107 159/158/107 224/164/107 215/202/107
f 160/153/242 167/197/241 104/55/55 103/54/54
f 172/196/243 163/209/239 100/42/42 102/46/46
f 164/207/107 171/201/107 208/201/107 199/207/107
f 167/197/241 172/196/243 102/46/46 104/55/55
f 171/201/107 168/202/107 215/202/107 208/201/107
f 180/225/109 175/154/109 112/95/87 111/104/96
f 176/159/240 179/222/240 243/222/240 240/159/240
f 184/214/107 247/182/107 251/190/107 236/189/107
f 187/215/109 184/214/109 236/189/109 231/215/109
f 248/176/240 183/221/240 12/78/77 113/77/77
f 183/221/240 188/220/240 1/138/97 12/78/77
f 188/220/240 255/213/240 123/105/97 1/138/97
f 256/210/108 187/215/108 231/215/108 260/230/108
usemtl metal_1
f 220/149/118 227/150/119 229/151/120 222/152/121
f 222/152/121 229/151/120 230/148/122 221/147/123
f 239/160/134 223/161/135 225/162/136 241/163/137
f 241/163/137 225/162/136 226/164/138 242/165/139
f 204/172/150 211/173/151 213/174/152 206/175/153
f 206/175/153 213/174/152 214/171/154 205/170/155
f 252/183/166 235/184/167 237/185/168 254/186/169
f 254/186/169 237/185/168 238/187/170 253/188/171
f 192/194/178 204/172/150 206/175/153 194/195/179
f 194/195/179 206/175/153 205/170/155 193/193/180
f 216/203/190 207/204/191 209/205/192 218/206/193
f 218/206/193 209/205/192 210/201/194 217/202/195
f 197/227/223 202/226/222 200/228/224 195/229/225
f 202/226/222 209/205/192 207/204/191 200/228/224
f 222/152/121 213/174/152 211/173/151 220/149/118
f 218/206/193 225/162/136 223/161/135 216/203/190
f 261/234/231 234/233/230 232/235/232 259/236/233
f 234/233/230 237/185/168 235/184/167 232/235/232
f 241/163/137 246/238/236 244/239/237 239/160/134
f 246/238/236 229/151/120 227/150/119 244/239/237
f 195/229/225 252/183/166 254/186/169 197/227/223
f 197/227/223 254/186/169 253/188/171 198/180/221
f 194/195/179 261/234/231 259/236/233 192/194/178
f 192/194/244 195/229/244 200/228/245 204/172/245
f 252/183/246 195/229/244 192/194/244 259/236/246
f 204/172/245 200/228/245 207/204/243 211/173/243
f 211/173/243 207/204/243 216/203/247 220/149/247
f 220/149/247 216/203/247 223/161/248 227/150/248
f 223/161/248 239/160/249 244/239/249 227/150/248
f 235/184/246 252/183/246 259/236/246 232/235/246
o Cube.010
v 0.191584 1.867036 -0.130054
v 0.191584 1.867036 0.123516
v 0.264927 1.535562 0.129169
v 0.264927 1.535562 -0.135707
v 0.274177 1.535309 -0.136189
v 0.275572 1.522531 -0.151402
v 0.275572 1.522531 0.144863
v 0.274177 1.535309 0.129651
v 0.265032 1.521226 0.145841
v 0.264915 1.872848 0.137706
v 0.264916 1.881218 0.129333
v 0.274020 1.883630 0.130876
v 0.274015 1.874382 0.140163
v 0.271978 1.896157 0.142145
v 0.261432 1.895036 0.141567
v 0.272023 1.886760 0.152280
v 0.271978 1.896157 -0.148684
v 0.261432 1.895036 -0.148105
v 0.261495 1.886038 -0.157663
v 0.272023 1.886760 -0.158819
v 0.274015 1.874382 -0.146702
v 0.274020 1.883630 -0.137415
v 0.264915 1.872848 -0.144245
v 0.264916 1.881218 -0.135871
v 0.265032 1.521226 -0.152380
v 0.261495 1.886038 0.151125
v 0.255931 1.872877 0.124564
v 0.253632 1.872465 0.124315
v 0.201993 1.871395 0.123799
v 0.196121 1.870705 0.123618
v 0.196121 1.870705 -0.130156
v 0.201993 1.871395 -0.130337
v 0.190714 1.867237 -0.122537
v 0.191106 1.867138 -0.128211
v 0.192153 1.868088 -0.129964
v 0.192853 1.868959 -0.129923
v 0.193724 1.869659 -0.129964
v 0.190714 1.858184 -0.130256
v 0.191106 1.865026 -0.130157
v 0.190407 1.867326 0.102844
v 0.190714 1.867237 0.115998
v 0.191106 1.867138 0.121673
v 0.191106 1.865026 0.123618
v 0.190714 1.858184 0.123718
v 0.193724 1.869659 0.123425
v 0.192853 1.868959 0.123385
v 0.192153 1.868088 0.123425
v 0.192153 1.866945 0.124568
v 0.192853 1.866905 0.125439
v 0.193724 1.866945 0.126139
v 0.201993 1.867318 0.127875
v 0.196121 1.867138 0.127185
v 0.191106 1.551442 0.123618
v 0.190714 1.558284 0.123718
v 0.190407 1.574607 0.123806
v 0.192153 1.548381 0.123425
v 0.193724 1.546809 0.123425
v 0.196121 1.545763 0.123618
v 0.201993 1.545074 0.123799
v 0.193724 1.546809 -0.129964
v 0.192153 1.548381 -0.129964
v 0.201993 1.545074 -0.130337
v 0.196121 1.545763 -0.130156
v 0.255931 1.543591 -0.131103
v 0.253632 1.544003 -0.130853
v 0.253632 1.544003 0.124315
v 0.255931 1.543591 0.124564
v 0.260795 1.540698 0.126244
v 0.258688 1.542402 0.125266
v 0.264943 1.572796 0.140813
v 0.264940 1.555333 0.139964
v 0.264936 1.547183 0.138851
v 0.264929 1.541365 0.135772
v 0.264928 1.539167 0.133812
v 0.264927 1.537224 0.131602
v 0.263880 1.536323 0.128726
v 0.262362 1.538499 0.127490
v 0.264928 1.534199 0.125939
v 0.264929 1.533123 0.118955
v 0.264931 1.532312 0.104662
v 0.260795 1.540698 -0.132783
v 0.258688 1.542402 -0.131804
v 0.264929 1.533123 -0.125494
v 0.264928 1.534199 -0.132478
v 0.263880 1.536323 -0.135264
v 0.262362 1.538499 -0.134029
v 0.274148 1.533053 -0.125837
v 0.274163 1.534031 -0.132892
v 0.275670 1.519951 -0.139948
v 0.275619 1.521078 -0.147770
v 0.274669 1.534663 -0.136994
v 0.274485 1.535090 -0.136473
v 0.265156 1.518368 -0.140765
v 0.265092 1.519633 -0.148677
v 0.275133 1.522125 -0.151859
v 0.275447 1.522277 -0.151697
v 0.265092 1.519633 0.142139
v 0.265156 1.518368 0.134226
v 0.265217 1.517411 0.118110
v 0.275717 1.519116 0.117420
v 0.275670 1.519951 0.133409
v 0.275619 1.521078 0.141231
v 0.274134 1.532338 0.104929
v 0.274148 1.533053 0.119298
v 0.274163 1.534031 0.126354
v 0.275603 1.523578 0.143626
v 0.275615 1.522943 0.144379
v 0.264921 1.527937 0.153495
v 0.264946 1.525408 0.151219
v 0.264983 1.523160 0.148656
v 0.275532 1.524331 0.147615
v 0.275503 1.526455 0.150130
v 0.275485 1.528870 0.152383
v 0.274188 1.536911 0.132151
v 0.274198 1.538821 0.134432
v 0.274206 1.541010 0.136476
v 0.264695 1.562401 0.158981
v 0.264847 1.543450 0.158236
v 0.264900 1.534523 0.157043
v 0.275474 1.535260 0.156005
v 0.275426 1.544105 0.157319
v 0.275275 1.562979 0.158262
v 0.274220 1.546883 0.139789
v 0.274224 1.555092 0.141052
v 0.274224 1.572633 0.142068
v 0.264926 1.861243 0.140167
v 0.264920 1.869423 0.139085
v 0.273574 1.874203 0.139960
v 0.274032 1.870692 0.141573
v 0.274058 1.862247 0.142597
v 0.262361 1.871013 0.134455
v 0.263875 1.872313 0.136760
v 0.258688 1.868785 0.130547
v 0.260795 1.869764 0.132250
v 0.253632 1.867834 0.128946
v 0.255931 1.868084 0.129357
v 0.258688 1.874066 0.125266
v 0.260795 1.875770 0.126244
v 0.264925 1.884556 0.104734
v 0.264922 1.883720 0.119056
v 0.264919 1.882614 0.126071
v 0.263876 1.880277 0.128795
v 0.262361 1.877974 0.127493
v 0.264913 1.879521 0.131799
v 0.264912 1.877543 0.134037
v 0.264913 1.875309 0.136016
v 0.274021 1.887293 0.105435
v 0.274023 1.886380 0.120025
v 0.274023 1.885167 0.127322
v 0.274015 1.881755 0.133636
v 0.274010 1.879566 0.136144
v 0.274009 1.877097 0.138339
v 0.271983 1.899949 0.114657
v 0.271979 1.898996 0.130456
v 0.271977 1.897738 0.138333
v 0.274323 1.884363 0.131521
v 0.274260 1.883912 0.131120
v 0.271981 1.894241 0.145099
v 0.271990 1.892014 0.147802
v 0.272003 1.889509 0.150209
v 0.274321 1.875085 0.140877
v 0.274255 1.874646 0.140439
v 0.261439 1.893207 0.144366
v 0.261451 1.891075 0.146915
v 0.261470 1.888674 0.149180
v 0.271494 1.887064 0.152557
v 0.271836 1.886978 0.152487
v 0.261438 1.898623 0.114478
v 0.261434 1.897727 0.130162
v 0.261431 1.896538 0.137904
v 0.274023 1.886380 -0.126564
v 0.274023 1.885167 -0.133860
v 0.272286 1.895164 -0.147785
v 0.272128 1.895774 -0.148336
v 0.271977 1.897738 -0.144872
v 0.271979 1.898996 -0.136994
v 0.261431 1.896538 -0.144442
v 0.261434 1.897727 -0.136700
v 0.261470 1.888674 -0.155718
v 0.261451 1.891075 -0.153454
v 0.261439 1.893207 -0.150904
v 0.271981 1.894241 -0.151638
v 0.271990 1.892014 -0.154340
v 0.272003 1.889509 -0.156748
v 0.261625 1.873587 -0.160621
v 0.261533 1.882373 -0.159274
v 0.272059 1.882975 -0.160527
v 0.272150 1.874076 -0.161912
v 0.274032 1.870692 -0.148111
v 0.274058 1.862247 -0.149136
v 0.274321 1.875085 -0.147416
v 0.274255 1.874646 -0.146977
v 0.274015 1.881755 -0.140175
v 0.274010 1.879566 -0.142682
v 0.274009 1.877097 -0.144878
v 0.264920 1.869423 -0.145624
v 0.264926 1.861243 -0.146705
v 0.264913 1.879521 -0.138338
v 0.264912 1.877543 -0.140576
v 0.264913 1.875309 -0.142555
v 0.263875 1.872313 -0.143299
v 0.262361 1.871012 -0.140993
v 0.263876 1.880277 -0.135334
v 0.262361 1.877974 -0.134031
v 0.264919 1.882614 -0.132609
v 0.264922 1.883720 -0.125594
v 0.258688 1.874066 -0.131804
v 0.260795 1.875770 -0.132783
v 0.253632 1.872465 -0.130853
v 0.255931 1.872877 -0.131103
v 0.253632 1.867834 -0.135484
v 0.255931 1.868084 -0.135896
v 0.258688 1.868785 -0.137085
v 0.260795 1.869764 -0.138789
v 0.264936 1.547183 -0.145390
v 0.264940 1.555333 -0.146502
v 0.264943 1.572796 -0.147351
v 0.264927 1.537224 -0.138141
v 0.264928 1.539167 -0.140350
v 0.264929 1.541365 -0.142310
v 0.274188 1.536911 -0.138689
v 0.274198 1.538821 -0.140970
v 0.274206 1.541010 -0.143015
v 0.274220 1.546883 -0.146327
v 0.274224 1.555092 -0.147591
v 0.274224 1.572633 -0.148606
v 0.275532 1.524331 -0.154154
v 0.275503 1.526455 -0.156669
v 0.275485 1.528870 -0.158921
v 0.275474 1.535261 -0.162544
v 0.275426 1.544105 -0.163858
v 0.275275 1.562979 -0.164800
v 0.264983 1.523160 -0.155195
v 0.264946 1.525408 -0.157758
v 0.264921 1.527937 -0.160034
v 0.264900 1.534523 -0.163582
v 0.264847 1.543450 -0.164774
v 0.264695 1.562401 -0.165519
v 0.190407 1.574607 -0.130344
v 0.190714 1.558284 -0.130256
v 0.191106 1.551442 -0.130157
v 0.193724 1.866945 -0.132678
v 0.192853 1.866905 -0.131978
v 0.192153 1.866945 -0.131106
v 0.201993 1.867318 -0.134413
v 0.196121 1.867138 -0.133724
v 0.261533 1.882373 0.152736
v 0.261625 1.873587 0.154082
v 0.272150 1.874076 0.155374
v 0.272059 1.882975 0.153988
v 0.275447 1.522276 0.145158
v 0.275133 1.522125 0.145321
v 0.271789 1.896372 0.142345
v 0.271446 1.896447 0.142426
v 0.271789 1.896372 -0.148884
v 0.271446 1.896447 -0.148964
v 0.271836 1.886978 -0.159026
v 0.271494 1.887064 -0.159096
v 0.273694 1.535403 -0.136037
v 0.273579 1.883425 0.130708
v 0.273574 1.874203 -0.146498
v 0.273579 1.883425 -0.137247
v 0.273694 1.535403 0.129499
v 0.274485 1.535090 0.129935
v 0.274669 1.534663 0.130455
v 0.274260 1.883912 -0.137658
v 0.274323 1.884363 -0.138060
v 0.275615 1.522943 -0.150917
v 0.275603 1.523578 -0.150165
v 0.272128 1.895774 0.141797
v 0.272286 1.895164 0.141247
v 0.272173 1.886378 0.151910
v 0.272327 1.885773 0.151321
v 0.272173 1.886378 -0.158449
v 0.272327 1.885773 -0.157860
v 0.253575 1.874351 0.103048
v 0.255860 1.874864 0.103135
v 0.253595 1.873873 0.116348
v 0.255885 1.874356 0.116487
v 0.253615 1.873247 0.122219
v 0.255910 1.873695 0.122414
v 0.201947 1.872936 0.102887
v 0.201963 1.872556 0.116085
v 0.201979 1.872047 0.121835
v 0.195953 1.872055 0.102857
v 0.196006 1.871712 0.116027
v 0.196064 1.871263 0.121729
v 0.201963 1.872556 -0.122623
v 0.196006 1.871712 -0.122565
v 0.201979 1.872047 -0.128373
v 0.196064 1.871263 -0.128268
v 0.193394 1.870347 -0.122516
v 0.192358 1.869454 -0.122507
v 0.191465 1.868417 -0.122516
v 0.193553 1.870030 -0.128165
v 0.192591 1.869221 -0.128145
v 0.191781 1.868258 -0.128165
v 0.189614 1.858244 -0.122597
v 0.190099 1.858213 -0.128326
v 0.190099 1.865140 -0.122565
v 0.190548 1.865082 -0.128268
v 0.189249 1.858274 0.102874
v 0.189756 1.865193 0.102857
v 0.189614 1.858244 0.116058
v 0.190099 1.865140 0.116027
v 0.190099 1.858212 0.121787
v 0.190548 1.865082 0.121729
v 0.191211 1.868554 0.102835
v 0.192163 1.869648 0.102831
v 0.193258 1.870601 0.102835
v 0.191465 1.868417 0.115977
v 0.192358 1.869454 0.115969
v 0.193394 1.870347 0.115977
v 0.191781 1.868258 0.121626
v 0.192591 1.869221 0.121607
v 0.193553 1.870030 0.121626
v 0.193394 1.858163 0.126827
v 0.192358 1.858154 0.125934
v 0.191465 1.858163 0.124897
v 0.193553 1.864979 0.126511
v 0.192591 1.864960 0.125701
v 0.191781 1.864979 0.124739
v 0.193380 1.868431 0.124912
v 0.193887 1.869227 0.124405
v 0.193970 1.868679 0.125159
v 0.193887 1.867925 0.125708
v 0.193133 1.867841 0.125159
v 0.192584 1.867925 0.124405
v 0.193133 1.868679 0.124322
v 0.202002 1.870590 0.125025
v 0.202005 1.869638 0.126119
v 0.202002 1.868545 0.127071
v 0.196167 1.870030 0.124738
v 0.196187 1.869220 0.125701
v 0.196167 1.868258 0.126510
v 0.201963 1.858270 0.129037
v 0.196006 1.858212 0.128192
v 0.201979 1.865188 0.128527
v 0.196064 1.865082 0.127743
v 0.201947 1.574564 0.129417
v 0.201963 1.558198 0.129037
v 0.201979 1.551280 0.128527
v 0.195953 1.574594 0.128535
v 0.196006 1.558256 0.128192
v 0.196064 1.551386 0.127743
v 0.191211 1.574616 0.125034
v 0.192163 1.574619 0.126128
v 0.193258 1.574616 0.127081
v 0.191465 1.558306 0.124897
v 0.192358 1.558314 0.125934
v 0.193394 1.558306 0.126827
v 0.191781 1.551489 0.124739
v 0.192591 1.551509 0.125701
v 0.193553 1.551489 0.126511
v 0.188871 1.574561 0.102890
v 0.189249 1.574577 0.116089
v 0.189756 1.574594 0.121840
v 0.189249 1.558194 0.102874
v 0.189614 1.558224 0.116058
v 0.190099 1.558256 0.121787
v 0.189756 1.551275 0.102857
v 0.190099 1.551328 0.116027
v 0.190548 1.551386 0.121729
v 0.193258 1.545867 0.102835
v 0.191211 1.547915 0.102835
v 0.193394 1.546122 0.115977
v 0.191465 1.548051 0.115977
v 0.193553 1.546438 0.121626
v 0.191781 1.548210 0.121626
v 0.193887 1.548544 0.125708
v 0.193970 1.547789 0.125159
v 0.193887 1.547241 0.124405
v 0.192584 1.548544 0.124405
v 0.193133 1.548627 0.125159
v 0.201947 1.543532 0.102887
v 0.195953 1.544413 0.102857
v 0.201963 1.543912 0.116085
v 0.196006 1.544757 0.116027
v 0.201979 1.544421 0.121835
v 0.196064 1.545205 0.121729
v 0.202002 1.547923 0.127071
v 0.202005 1.546830 0.126119
v 0.202002 1.545878 0.125025
v 0.196167 1.548210 0.126510
v 0.196187 1.547248 0.125701
v 0.196167 1.546438 0.124738
v 0.191465 1.548051 -0.122516
v 0.193394 1.546122 -0.122516
v 0.191781 1.548210 -0.128165
v 0.193553 1.546438 -0.128165
v 0.201963 1.543912 -0.122623
v 0.201979 1.544421 -0.128373
v 0.196006 1.544757 -0.122565
v 0.196064 1.545205 -0.128268
v 0.253595 1.542595 -0.122887
v 0.255885 1.542112 -0.123026
v 0.253615 1.543222 -0.128757
v 0.255910 1.542774 -0.128953
v 0.253575 1.542117 0.103048
v 0.253595 1.542595 0.116348
v 0.253615 1.543222 0.122219
v 0.255860 1.541604 0.103135
v 0.255885 1.542112 0.116487
v 0.255910 1.542774 0.122414
v 0.253642 1.544943 0.125679
v 0.253646 1.546036 0.126913
v 0.253642 1.547269 0.128005
v 0.255944 1.544568 0.125976
v 0.255948 1.545698 0.127251
v 0.255944 1.546972 0.128380
v 0.253575 1.574402 0.130831
v 0.255860 1.574315 0.131345
v 0.253595 1.557934 0.130353
v 0.255885 1.557795 0.130836
v 0.253615 1.550897 0.129727
v 0.255910 1.550701 0.130175
v 0.258631 1.574075 0.132812
v 0.260790 1.573746 0.134862
v 0.258651 1.557410 0.132223
v 0.260792 1.556880 0.134179
v 0.258671 1.550156 0.131467
v 0.260793 1.549403 0.133307
v 0.258698 1.546130 0.129462
v 0.260795 1.544943 0.131012
v 0.258702 1.544730 0.128218
v 0.260796 1.543352 0.129596
v 0.258698 1.543486 0.126818
v 0.260795 1.541937 0.128006
v 0.263900 1.572933 0.139891
v 0.263894 1.555562 0.139070
v 0.263888 1.547514 0.137996
v 0.262387 1.573334 0.137401
v 0.262378 1.556213 0.136639
v 0.262369 1.548450 0.135656
v 0.263879 1.541902 0.135040
v 0.263877 1.539795 0.133166
v 0.263878 1.537928 0.131054
v 0.262357 1.543417 0.133022
v 0.262355 1.541569 0.131380
v 0.262357 1.539927 0.129532
v 0.263895 1.533132 0.104520
v 0.262387 1.535550 0.104117
v 0.263890 1.533937 0.118723
v 0.262378 1.536312 0.118069
v 0.263885 1.534995 0.125604
v 0.262369 1.537294 0.124665
v 0.260790 1.538087 0.103705
v 0.258631 1.540136 0.103376
v 0.260792 1.538770 0.117403
v 0.258651 1.540725 0.116873
v 0.260793 1.539642 0.123712
v 0.258671 1.541481 0.122959
v 0.258651 1.540725 -0.123411
v 0.260792 1.538770 -0.123941
v 0.258671 1.541481 -0.129498
v 0.260793 1.539642 -0.130251
v 0.263890 1.533937 -0.125262
v 0.263885 1.534995 -0.132143
v 0.262378 1.536312 -0.124608
v 0.262369 1.537294 -0.131204
v 0.273679 1.534120 -0.132741
v 0.273664 1.533136 -0.125691
v 0.275645 1.522141 -0.146561
v 0.275690 1.521028 -0.138802
v 0.275660 1.521496 -0.147296
v 0.275709 1.520375 -0.139499
v 0.275236 1.519523 -0.140368
v 0.275183 1.520661 -0.148215
v 0.275548 1.519686 -0.140220
v 0.275496 1.520818 -0.148057
v 0.275183 1.520661 0.141676
v 0.275236 1.519523 0.133829
v 0.275286 1.518679 0.117790
v 0.275496 1.520818 0.141519
v 0.275548 1.519686 0.133681
v 0.275597 1.518847 0.117660
v 0.275733 1.520204 0.116406
v 0.275690 1.521028 0.132263
v 0.275645 1.522141 0.140022
v 0.275754 1.519545 0.117023
v 0.275709 1.520375 0.132960
v 0.275660 1.521496 0.140758
v 0.275042 1.528498 0.152865
v 0.275061 1.526071 0.150606
v 0.275092 1.523936 0.148083
v 0.275357 1.528632 0.152692
v 0.275376 1.526212 0.150435
v 0.275407 1.524082 0.147916
v 0.275568 1.525360 0.146357
v 0.275542 1.527465 0.148852
v 0.275526 1.529860 0.151088
v 0.275577 1.524735 0.147122
v 0.275549 1.526851 0.149629
v 0.275531 1.529258 0.151875
v 0.274825 1.562691 0.158734
v 0.274981 1.543777 0.157802
v 0.275031 1.534911 0.156492
v 0.275143 1.562793 0.158571
v 0.275297 1.543893 0.157632
v 0.275347 1.535035 0.156319
v 0.275517 1.536206 0.154686
v 0.275473 1.544998 0.155998
v 0.275334 1.563763 0.156949
v 0.275522 1.535631 0.155488
v 0.275475 1.544455 0.156802
v 0.275329 1.563286 0.157748
v 0.273736 1.546996 0.139626
v 0.273741 1.555201 0.140883
v 0.273742 1.572730 0.141891
v 0.273614 1.862089 0.142393
v 0.273590 1.870521 0.141367
v 0.263889 1.860952 0.139156
v 0.262378 1.860257 0.136642
v 0.263881 1.869012 0.138095
v 0.262369 1.868020 0.135660
v 0.260792 1.859588 0.134179
v 0.258651 1.859058 0.132223
v 0.260793 1.867065 0.133307
v 0.258671 1.866312 0.131467
v 0.253595 1.858534 0.130353
v 0.253615 1.865572 0.129727
v 0.255885 1.858673 0.130836
v 0.255910 1.865767 0.130175
v 0.253642 1.869199 0.128005
v 0.253646 1.870432 0.126913
v 0.253642 1.871525 0.125679
v 0.255944 1.869496 0.128380
v 0.255948 1.870770 0.127251
v 0.255944 1.871900 0.125976
v 0.258698 1.872982 0.126818
v 0.260795 1.874532 0.128006
v 0.258702 1.871738 0.128218
v 0.260796 1.873116 0.129596
v 0.258698 1.870338 0.129462
v 0.260795 1.871525 0.131012
v 0.258631 1.876332 0.103376
v 0.260790 1.878381 0.103705
v 0.258651 1.875743 0.116873
v 0.260792 1.877698 0.117403
v 0.258671 1.874987 0.122959
v 0.260793 1.876827 0.123712
v 0.263893 1.883505 0.104551
v 0.263887 1.882690 0.118766
v 0.263881 1.881618 0.125659
v 0.262387 1.880924 0.104118
v 0.262378 1.880162 0.118071
v 0.262369 1.879180 0.124667
v 0.263872 1.878657 0.131138
v 0.263871 1.876775 0.133261
v 0.263872 1.874653 0.135143
v 0.262357 1.876546 0.129535
v 0.262355 1.874902 0.131383
v 0.262357 1.873055 0.133026
v 0.273582 1.884956 0.127165
v 0.273582 1.886165 0.119883
v 0.273580 1.887074 0.105314
v 0.273568 1.876911 0.138141
v 0.273569 1.879373 0.135954
v 0.273574 1.881555 0.133457
v 0.272285 1.896743 0.137453
v 0.272287 1.897998 0.129620
v 0.272290 1.898948 0.113917
v 0.272128 1.897354 0.137992
v 0.272130 1.898611 0.130131
v 0.272133 1.899563 0.114369
v 0.272308 1.888522 0.149269
v 0.272296 1.891025 0.146876
v 0.272289 1.893250 0.144187
v 0.272153 1.889127 0.149846
v 0.272140 1.891632 0.147444
v 0.272132 1.893858 0.144746
v 0.271450 1.894534 0.145377
v 0.271459 1.892310 0.148078
v 0.271473 1.889809 0.150485
v 0.271793 1.894457 0.145300
v 0.271802 1.892231 0.148004
v 0.271816 1.889727 0.150414
v 0.271451 1.900233 0.114899
v 0.271447 1.899281 0.130726
v 0.271445 1.898026 0.138613
v 0.271794 1.900163 0.114824
v 0.271791 1.899211 0.130644
v 0.271789 1.897953 0.138530
v 0.272287 1.897998 -0.136159
v 0.272285 1.896743 -0.143992
v 0.272130 1.898611 -0.136670
v 0.272128 1.897354 -0.144530
v 0.271445 1.898026 -0.145152
v 0.271447 1.899281 -0.137264
v 0.271789 1.897953 -0.145069
v 0.271791 1.899211 -0.137183
v 0.271473 1.889809 -0.157024
v 0.271459 1.892310 -0.154617
v 0.271450 1.894534 -0.151916
v 0.271816 1.889727 -0.156952
v 0.271802 1.892231 -0.154543
v 0.271793 1.894457 -0.151839
v 0.271623 1.874375 -0.162202
v 0.271530 1.883282 -0.160807
v 0.271965 1.874287 -0.162130
v 0.271872 1.883193 -0.160738
v 0.272361 1.881994 -0.159544
v 0.272447 1.873129 -0.160901
v 0.272207 1.882595 -0.160148
v 0.272297 1.873708 -0.161522
v 0.272289 1.893250 -0.150726
v 0.272296 1.891025 -0.153414
v 0.272308 1.888522 -0.155807
v 0.272132 1.893858 -0.151285
v 0.272140 1.891632 -0.153982
v 0.272153 1.889127 -0.156385
v 0.273590 1.870521 -0.147906
v 0.273614 1.862089 -0.148931
v 0.273574 1.881555 -0.139995
v 0.273569 1.879373 -0.142493
v 0.273568 1.876911 -0.144680
v 0.263888 1.860952 -0.145695
v 0.263881 1.869012 -0.144633
v 0.262378 1.860257 -0.143181
v 0.262369 1.868020 -0.142199
v 0.263872 1.874653 -0.141682
v 0.263871 1.876775 -0.139800
v 0.263872 1.878657 -0.137676
v 0.262357 1.873055 -0.139565
v 0.262355 1.874902 -0.137922
v 0.262357 1.876546 -0.136074
v 0.263887 1.882690 -0.125304
v 0.262378 1.880162 -0.124609
v 0.263881 1.881618 -0.132198
v 0.262369 1.879180 -0.131206
v 0.273582 1.886165 -0.126422
v 0.273582 1.884956 -0.133704
v 0.260792 1.877698 -0.123941
v 0.258651 1.875743 -0.123411
v 0.260793 1.876827 -0.130251
v 0.258671 1.874987 -0.129498
v 0.253595 1.873873 -0.122887
v 0.253615 1.873247 -0.128757
v 0.255885 1.874356 -0.123026
v 0.255910 1.873695 -0.128953
v 0.253642 1.871525 -0.132218
v 0.253646 1.870432 -0.133451
v 0.253642 1.869199 -0.134544
v 0.255944 1.871900 -0.132515
v 0.255948 1.870770 -0.133789
v 0.255944 1.869496 -0.134919
v 0.258698 1.872982 -0.133357
v 0.258702 1.871738 -0.134757
v 0.258698 1.870338 -0.136001
v 0.260795 1.874532 -0.134544
v 0.260796 1.873116 -0.136135
v 0.260795 1.871525 -0.137551
v 0.253595 1.858534 -0.136892
v 0.255885 1.858673 -0.137375
v 0.253615 1.865572 -0.136266
v 0.255910 1.865767 -0.136713
v 0.258651 1.859058 -0.138762
v 0.260792 1.859589 -0.140717
v 0.258671 1.866312 -0.138006
v 0.260793 1.867065 -0.139845
v 0.253575 1.574402 -0.137370
v 0.253595 1.557935 -0.136892
v 0.253615 1.550897 -0.136266
v 0.255860 1.574315 -0.137883
v 0.255885 1.557795 -0.137375
v 0.255910 1.550701 -0.136713
v 0.260790 1.573746 -0.141400
v 0.258631 1.574075 -0.139351
v 0.260792 1.556880 -0.140717
v 0.258651 1.557410 -0.138762
v 0.260793 1.549403 -0.139845
v 0.258671 1.550156 -0.138006
v 0.263900 1.572933 -0.146430
v 0.262387 1.573334 -0.143939
v 0.263894 1.555562 -0.145609
v 0.262378 1.556213 -0.143178
v 0.263888 1.547514 -0.144535
v 0.262369 1.548450 -0.142195
v 0.263878 1.537928 -0.137593
v 0.263877 1.539795 -0.139705
v 0.263879 1.541902 -0.141579
v 0.262357 1.539927 -0.136071
v 0.262355 1.541569 -0.137918
v 0.262357 1.543417 -0.139561
v 0.258698 1.546130 -0.136001
v 0.258702 1.544730 -0.134757
v 0.258698 1.543486 -0.133357
v 0.260795 1.544943 -0.137551
v 0.260796 1.543352 -0.136135
v 0.260795 1.541937 -0.134544
v 0.273722 1.541118 -0.142861
v 0.273714 1.538925 -0.140818
v 0.273705 1.537010 -0.138538
v 0.273742 1.572730 -0.148430
v 0.273741 1.555201 -0.147421
v 0.273736 1.546996 -0.146165
v 0.275525 1.529860 -0.157627
v 0.275542 1.527465 -0.155391
v 0.275568 1.525360 -0.152896
v 0.275531 1.529258 -0.158414
v 0.275549 1.526851 -0.156168
v 0.275577 1.524735 -0.153661
v 0.275334 1.563763 -0.163488
v 0.275473 1.544998 -0.162537
v 0.275517 1.536206 -0.161225
v 0.275329 1.563286 -0.164287
v 0.275475 1.544455 -0.163341
v 0.275522 1.535631 -0.162027
v 0.275092 1.523936 -0.154621
v 0.275061 1.526071 -0.157144
v 0.275042 1.528498 -0.159404
v 0.275407 1.524082 -0.154454
v 0.275376 1.526212 -0.156974
v 0.275357 1.528632 -0.159231
v 0.275031 1.534911 -0.163031
v 0.274981 1.543777 -0.164341
v 0.274825 1.562691 -0.165272
v 0.275347 1.535035 -0.162858
v 0.275297 1.543893 -0.164171
v 0.275143 1.562793 -0.165109
v 0.253642 1.547269 -0.134544
v 0.253646 1.546036 -0.133451
v 0.253642 1.544943 -0.132218
v 0.255944 1.546972 -0.134919
v 0.255948 1.545698 -0.133789
v 0.255944 1.544568 -0.132515
v 0.201947 1.574564 -0.135955
v 0.195953 1.574594 -0.135074
v 0.201963 1.558198 -0.135575
v 0.196006 1.558256 -0.134731
v 0.201979 1.551280 -0.135066
v 0.196064 1.551386 -0.134282
v 0.202002 1.545878 -0.131564
v 0.202005 1.546830 -0.132657
v 0.202002 1.547923 -0.133609
v 0.196167 1.546438 -0.131277
v 0.196187 1.547248 -0.132239
v 0.196167 1.548210 -0.133049
v 0.193258 1.574616 -0.133620
v 0.192163 1.574619 -0.132667
v 0.191211 1.574616 -0.131573
v 0.193394 1.558306 -0.133365
v 0.192358 1.558314 -0.132473
v 0.191465 1.558306 -0.131436
v 0.193553 1.551489 -0.133049
v 0.192591 1.551509 -0.132240
v 0.191781 1.551489 -0.131277
v 0.193887 1.548544 -0.132246
v 0.193133 1.548627 -0.131698
v 0.192584 1.548544 -0.130944
v 0.193887 1.547241 -0.130944
v 0.193970 1.547789 -0.131698
v 0.189249 1.574577 -0.122627
v 0.189614 1.558224 -0.122597
v 0.190099 1.551328 -0.122565
v 0.189756 1.574594 -0.128379
v 0.190099 1.558256 -0.128326
v 0.190548 1.551386 -0.128268
v 0.191465 1.858163 -0.131436
v 0.192358 1.858154 -0.132473
v 0.193394 1.858163 -0.133365
v 0.191781 1.864979 -0.131277
v 0.192591 1.864960 -0.132240
v 0.193553 1.864979 -0.133049
v 0.201963 1.858270 -0.135575
v 0.201979 1.865188 -0.135066
v 0.196006 1.858212 -0.134731
v 0.196064 1.865082 -0.134282
v 0.202002 1.868545 -0.133609
v 0.202005 1.869638 -0.132657
v 0.202002 1.870590 -0.131564
v 0.196167 1.868258 -0.133049
v 0.196187 1.869220 -0.132239
v 0.196167 1.870030 -0.131277
v 0.193380 1.868432 -0.131450
v 0.193887 1.869227 -0.130944
v 0.193133 1.868679 -0.130860
v 0.192584 1.867925 -0.130944
v 0.193133 1.867841 -0.131698
v 0.193887 1.867925 -0.132246
v 0.193970 1.868679 -0.131698
v 0.271530 1.883282 0.154269
v 0.271623 1.874375 0.155663
v 0.271872 1.883193 0.154199
v 0.271965 1.874287 0.155592
v 0.272447 1.873129 0.154362
v 0.272361 1.881994 0.153006
v 0.272297 1.873708 0.154984
v 0.272207 1.882595 0.153609
v 0.273705 1.537010 0.131999
v 0.273714 1.538925 0.134280
v 0.273722 1.541118 0.136322
v 0.273650 1.532417 0.104798
v 0.273664 1.533136 0.119152
v 0.273679 1.534120 0.126202
v 0.274301 1.862492 0.142882
v 0.274273 1.870950 0.141853
v 0.274369 1.862908 0.143341
v 0.274339 1.871383 0.142302
v 0.274527 1.572452 -0.148918
v 0.274530 1.554887 -0.147898
v 0.274527 1.546668 -0.146630
v 0.274699 1.572122 -0.149475
v 0.274708 1.554512 -0.148456
v 0.274706 1.546272 -0.147185
v 0.274513 1.540792 -0.143308
v 0.274505 1.538601 -0.141261
v 0.274496 1.536692 -0.138977
v 0.274693 1.540380 -0.143851
v 0.274686 1.538184 -0.141796
v 0.274678 1.536269 -0.139504
v 0.274254 1.882033 -0.140427
v 0.274249 1.879840 -0.142944
v 0.274248 1.877366 -0.145147
v 0.274318 1.882481 -0.140838
v 0.274314 1.880285 -0.143364
v 0.274313 1.877809 -0.145576
v 0.274273 1.870950 -0.148392
v 0.274301 1.862492 -0.149421
v 0.274339 1.871383 -0.148840
v 0.274369 1.862908 -0.149880
v 0.274262 1.886669 -0.126781
v 0.274262 1.885453 -0.134094
v 0.274325 1.887126 -0.127149
v 0.274326 1.885907 -0.134484
v 0.274248 1.877366 0.138609
v 0.274249 1.879840 0.136405
v 0.274254 1.882033 0.133889
v 0.274313 1.877809 0.139038
v 0.274314 1.880285 0.136825
v 0.274318 1.882481 0.134299
v 0.274262 1.885453 0.127556
v 0.274262 1.886669 0.120243
v 0.274260 1.887584 0.105625
v 0.274326 1.885907 0.127945
v 0.274325 1.887126 0.120610
v 0.274324 1.888044 0.105948
v 0.274527 1.546668 0.140092
v 0.274530 1.554887 0.141360
v 0.274527 1.572452 0.142379
v 0.274706 1.546272 0.140646
v 0.274708 1.554512 0.141918
v 0.274699 1.572122 0.142937
v 0.274496 1.536692 0.132438
v 0.274505 1.538601 0.134722
v 0.274513 1.540792 0.136770
v 0.274678 1.536269 0.132966
v 0.274686 1.538184 0.135257
v 0.274693 1.540380 0.137312
v 0.274444 1.532123 0.105166
v 0.274458 1.532836 0.119565
v 0.274472 1.533813 0.126633
v 0.274634 1.531686 0.105595
v 0.274645 1.532402 0.120049
v 0.274657 1.533382 0.127143
v 0.274472 1.533813 -0.133172
v 0.274458 1.532836 -0.126104
v 0.274657 1.533382 -0.133681
v 0.274645 1.532402 -0.126588
vn 0.1536 -0.9856 -0.0705
vn 0.0692 -0.9959 -0.0584
vn 0.0715 -0.9972 -0.0198
vn 0.1608 -0.9867 -0.0247
vn 0.1513 -0.9620 -0.2272
vn 0.0655 -0.9771 -0.2022
vn 0.3126 -0.9495 -0.0255
vn 0.3012 -0.9508 -0.0718
vn 0.2987 -0.9273 -0.2255
vn 0.5802 -0.8115 -0.0693
vn 0.5803 -0.7881 -0.2052
vn 0.5794 -0.7157 -0.3900
vn 0.2976 -0.8438 -0.4466
vn 0.1508 -0.8763 -0.4575
vn 0.0597 -0.8991 -0.4336
vn 0.2847 -0.9418 -0.1788
vn 0.3023 -0.9518 -0.0518
vn 0.2568 -0.8821 -0.3948
vn 0.5945 -0.8029 -0.0423
vn 0.5768 -0.8046 -0.1413
vn 0.6026 -0.7979 -0.0153
vn 0.3123 -0.9498 -0.0180
vn 0.5386 -0.7794 -0.3200
vn 0.3023 -0.9518 0.0518
vn 0.0692 -0.9959 0.0584
vn 0.2847 -0.9418 0.1788
vn 0.0655 -0.9771 0.2022
vn 0.5945 -0.8030 0.0421
vn 0.5768 -0.8046 0.1413
vn 0.5386 -0.7794 0.3200
vn 0.2568 -0.8821 0.3948
vn 0.7065 -0.7065 0.0403
vn 0.7008 -0.7008 0.1337
vn 0.8029 -0.5946 0.0421
vn 0.8045 -0.5768 0.1413
vn 0.0597 -0.8991 0.4336
vn 0.9104 -0.4110 0.0473
vn 0.9068 -0.3893 0.1615
vn 0.8627 -0.3524 0.3627
vn 0.7794 -0.5386 0.3200
vn 0.6741 -0.6741 0.3021
vn 0.7070 -0.7070 -0.0148
vn 0.7979 -0.6026 -0.0153
vn 0.9061 -0.4227 -0.0167
vn 0.9974 -0.0461 0.0558
vn 0.9801 -0.0433 0.1939
vn 0.9697 -0.1637 0.1811
vn 0.9831 -0.1756 0.0525
vn 0.9060 -0.0389 0.4216
vn 0.9050 -0.1453 0.3999
vn 0.9830 -0.1829 -0.0182
vn 0.9987 -0.0480 -0.0191
vn 0.7071 0.0120 0.7071
vn 0.7067 -0.0332 0.7067
vn 0.8033 -0.0347 0.5946
vn 0.7980 0.0123 0.6026
vn 0.9831 -0.1756 -0.0525
vn 0.9974 -0.0461 -0.0558
vn 0.9697 -0.1637 -0.1811
vn 0.9801 -0.0433 -0.1939
vn 0.9104 -0.4110 -0.0473
vn 0.9069 -0.3893 -0.1615
vn 0.8627 -0.3524 -0.3627
vn 0.9050 -0.1453 -0.3999
vn 0.9060 -0.0388 -0.4216
vn 0.7065 -0.7065 -0.0403
vn 0.8029 -0.5946 -0.0421
vn 0.7008 -0.7008 -0.1337
vn 0.8045 -0.5768 -0.1413
vn 0.6741 -0.6741 -0.3021
vn 0.7794 -0.5386 -0.3200
vn 0.0691 0.0482 -0.9964
vn 0.3023 0.0427 -0.9522
vn 0.3123 0.0145 -0.9499
vn 0.0715 0.0159 -0.9973
vn 0.5946 -0.0346 -0.8032
vn 0.7067 -0.0332 -0.7067
vn 0.7020 -0.1201 -0.7020
vn 0.5776 -0.1271 -0.8064
vn 0.8032 -0.0347 -0.5947
vn 0.8064 -0.1271 -0.5776
vn 0.2850 -0.1617 -0.9448
vn 0.5399 -0.3111 -0.7821
vn 0.2574 -0.3847 -0.8864
vn 0.7821 -0.3111 -0.5399
vn 0.6760 -0.2935 -0.6760
vn 0.3023 -0.0427 -0.9523
vn 0.0526 -0.7061 -0.7061
vn 0.2177 -0.6901 -0.6901
vn 0.2286 -0.7896 -0.5695
vn 0.0543 -0.7964 -0.6023
vn 0.4861 -0.7262 -0.4861
vn 0.4590 -0.6282 -0.6282
vn 0.5773 -0.5773 -0.5774
vn 0.6282 -0.6282 -0.4590
vn 0.4861 -0.4861 -0.7262
vn 0.6282 -0.4590 -0.6282
vn 0.7262 -0.4861 -0.4861
vn 0.2286 -0.5695 -0.7896
vn 0.0543 -0.6023 -0.7964
vn 0.0598 -0.4230 -0.9042
vn 0.5751 -0.6410 -0.5083
vn 0.7779 -0.4925 -0.3903
vn 0.7780 -0.4443 -0.4443
vn 0.5747 -0.5787 -0.5787
vn 0.0691 -0.0482 -0.9964
vn 0.0655 -0.1835 -0.9808
vn 0.6026 0.0123 -0.7980
vn 0.7071 0.0120 -0.7071
vn 0.7980 0.0123 -0.6026
vn 0.9012 0.0134 -0.4333
vn 0.0655 0.1835 -0.9808
vn 0.2850 0.1617 -0.9448
vn 0.0543 0.6023 -0.7964
vn 0.2286 0.5695 -0.7896
vn 0.5947 0.0346 -0.8032
vn 0.4861 0.4861 -0.7262
vn 0.5776 0.1271 -0.8064
vn 0.7067 0.0332 -0.7067
vn 0.8032 0.0346 -0.5947
vn 0.7020 0.1201 -0.7020
vn 0.8064 0.1271 -0.5776
vn 0.6282 0.4590 -0.6282
vn 0.7262 0.4861 -0.4861
vn 0.7794 0.5386 -0.3200
vn 0.9050 0.1453 -0.3999
vn 0.9060 0.0388 -0.4216
vn 0.9982 0.0153 -0.0581
vn 0.9997 0.0157 -0.0196
vn 0.9793 0.0146 -0.2017
vn 0.6026 0.7979 -0.0153
vn 0.7979 0.6026 -0.0153
vn 0.8029 0.5946 -0.0421
vn 0.5946 0.8030 -0.0421
vn 0.9974 0.0461 -0.0558
vn 0.9987 0.0480 -0.0190
vn 0.9801 0.0433 -0.1939
vn 0.9831 0.1756 -0.0525
vn 0.9830 0.1830 -0.0182
vn 0.9697 0.1637 -0.1811
vn 0.8045 0.5768 -0.1413
vn 0.5768 0.8045 -0.1413
vn 0.5386 0.7794 -0.3200
vn 0.4590 0.6282 -0.6282
vn 0.4861 0.7262 -0.4861
vn 0.3023 0.9518 -0.0518
vn 0.2847 0.9418 -0.1789
vn 0.3123 0.9498 -0.0180
vn 0.2177 0.6901 -0.6901
vn 0.2285 0.7896 -0.5695
vn 0.0715 0.9972 -0.0198
vn 0.0692 0.9959 -0.0584
vn 0.2568 0.8821 -0.3948
vn 0.0655 0.9771 -0.2022
vn 0.0597 0.8991 -0.4336
vn 0.0526 0.7061 -0.7061
vn 0.0543 0.7964 -0.6023
vn 0.8029 0.5946 0.0421
vn 0.5946 0.8029 0.0421
vn 0.5768 0.8045 0.1413
vn 0.8045 0.5768 0.1413
vn 0.3023 0.9518 0.0518
vn 0.5386 0.7794 0.3200
vn 0.7794 0.5386 0.3200
vn 0.2847 0.9418 0.1788
vn 0.2568 0.8821 0.3948
vn 0.9697 0.1637 0.1811
vn 0.9050 0.1453 0.3999
vn 0.9831 0.1757 0.0525
vn 0.0692 0.9959 0.0584
vn 0.0655 0.9771 0.2022
vn 0.1535 0.9856 0.0705
vn 0.1513 0.9620 0.2272
vn 0.0597 0.8991 0.4336
vn 0.3012 0.9509 0.0718
vn 0.2986 0.9273 0.2255
vn 0.5802 0.8115 0.0693
vn 0.5803 0.7881 0.2052
vn 0.5794 0.7157 0.3900
vn 0.2976 0.8438 0.4466
vn 0.1508 0.8763 0.4575
vn 0.1607 0.9867 -0.0247
vn 0.3126 0.9495 -0.0255
vn 0.5910 0.8063 -0.0251
vn 0.1536 0.9856 -0.0705
vn 0.3012 0.9508 -0.0718
vn 0.1513 0.9620 -0.2272
vn 0.2987 0.9273 -0.2255
vn 0.5803 0.7881 -0.2052
vn 0.2976 0.8438 -0.4466
vn 0.5794 0.7157 -0.3900
vn 0.1508 0.8763 -0.4575
vn 0.5802 0.8115 -0.0693
vn 0.1490 0.7783 -0.6100
vn 0.1487 0.6992 -0.6992
vn 0.2933 0.6760 -0.6760
vn 0.2938 0.7508 -0.5915
vn 0.1490 0.6100 -0.7783
vn 0.2939 0.5911 -0.7511
vn 0.1506 0.2069 -0.9667
vn 0.2975 0.2056 -0.9323
vn 0.5747 0.5787 -0.5787
vn 0.5751 0.6410 -0.5083
vn 0.1606 0.0199 -0.9868
vn 0.1530 0.0584 -0.9865
vn 0.3123 0.0205 -0.9498
vn 0.3003 0.0595 -0.9520
vn 0.5789 0.0578 -0.8133
vn 0.5789 0.1881 -0.7934
vn 0.5751 0.5083 -0.6410
vn 0.7730 0.0497 -0.6324
vn 0.7778 0.1521 -0.6098
vn 0.5906 0.0203 -0.8067
vn 0.8766 0.0403 -0.4796
vn 0.8795 0.1180 -0.4610
vn 0.8808 0.2928 -0.3722
vn 0.7779 0.3903 -0.4925
vn 0.7780 0.4443 -0.4443
vn 0.7778 0.4925 -0.3903
vn 0.7799 0.5480 -0.3024
vn 0.8808 0.3349 -0.3348
vn 0.8806 0.3726 -0.2929
vn 0.8809 0.4148 -0.2280
vn 0.6580 0.1982 -0.7265
vn 0.6532 0.4677 -0.5954
vn 0.7429 0.4139 -0.5262
vn 0.7425 0.1714 -0.6475
vn 0.7437 0.0598 -0.6658
vn 0.8783 0.0145 -0.4779
vn 0.7496 0.0217 -0.6615
vn 0.6632 0.0254 -0.7480
vn 0.6565 0.0706 -0.7510
vn 0.7773 0.0178 -0.6288
vn 0.7393 0.5310 -0.4140
vn 0.7412 0.4755 -0.4738
vn 0.7359 0.5939 -0.3253
vn 0.6505 0.5381 -0.5360
vn 0.6474 0.6013 -0.4683
vn 0.6440 0.6708 -0.3677
vn 0.7251 0.6882 -0.0270
vn 0.8770 0.4801 -0.0179
vn 0.8760 0.4799 -0.0478
vn 0.7249 0.6852 -0.0712
vn 0.8792 0.4591 -0.1276
vn 0.7294 0.6584 -0.1856
vn 0.7741 0.6302 -0.0592
vn 0.7787 0.6053 -0.1651
vn 0.7777 0.6283 -0.0219
vn 0.6365 0.7408 -0.2146
vn 0.6256 0.7756 -0.0839
vn 0.6225 0.7820 -0.0315
vn 0.7786 0.6054 0.1651
vn 0.7799 0.5480 0.3024
vn 0.7741 0.6302 0.0592
vn 0.8760 0.4799 0.0478
vn 0.8792 0.4591 0.1276
vn 0.8809 0.4148 0.2280
vn 0.7249 0.6852 0.0712
vn 0.6256 0.7756 0.0839
vn 0.7294 0.6584 0.1856
vn 0.7359 0.5939 0.3253
vn 0.6365 0.7408 0.2146
vn 0.6440 0.6708 0.3677
vn 0.1314 0.9606 0.2449
vn 0.0915 0.9916 0.0916
vn 0.2003 0.9746 0.0997
vn 0.2537 0.9315 0.2606
vn 0.1749 0.8784 0.4448
vn 0.3039 0.8437 0.4425
vn 0.0701 0.9970 -0.0339
vn 0.1724 0.9843 -0.0367
vn 0.9992 0.0410 0.0028
vn 0.9988 0.0486 0.0009
vn 0.9996 -0.0271 -0.0060
vn 0.9996 -0.0261 -0.0138
vn 0.9969 -0.0771 -0.0145
vn 0.9975 -0.0640 -0.0307
vn 0.9995 -0.0201 -0.0224
vn 0.9976 -0.0538 -0.0432
vn 0.9994 0.0339 0.0055
vn 0.9985 0.0539 -0.0002
vn 0.9997 -0.0250 0.0026
vn 0.9967 -0.0811 0.0060
vn 0.7688 -0.1720 0.6160
vn 0.7966 -0.3834 0.4673
vn 0.9508 -0.1953 0.2406
vn 0.9416 -0.0803 0.3269
vn 0.3470 -0.9329 -0.0969
vn 0.3645 -0.8966 -0.2515
vn 0.7625 -0.6241 -0.1706
vn 0.7452 -0.6634 -0.0679
vn 0.9211 -0.3879 -0.0340
vn 0.9170 -0.3986 0.0135
vn 0.7395 -0.6727 0.0261
vn 0.3811 -0.8156 -0.4353
vn 0.7845 -0.5466 -0.2930
vn 0.9462 -0.2853 -0.1527
vn 0.9337 -0.3479 -0.0847
vn 0.1112 -0.9879 0.1082
vn 0.1200 -0.9919 0.0412
vn 0.3445 -0.9381 0.0362
vn 0.3470 -0.9328 0.0969
vn 0.3645 -0.8966 0.2515
vn 0.7452 -0.6634 0.0678
vn 0.7625 -0.6241 0.1706
vn 0.9211 -0.3878 0.0340
vn 0.9337 -0.3479 0.0847
vn 0.7845 -0.5466 0.2930
vn 0.9462 -0.2853 0.1527
vn 0.3811 -0.8156 0.4353
vn 0.9767 0.2066 -0.0581
vn 0.9992 0.0410 -0.0028
vn 0.9988 0.0487 -0.0009
vn 0.9678 0.2503 -0.0263
vn 0.9996 -0.0271 0.0060
vn 0.9996 -0.0262 0.0138
vn 0.0810 -0.7100 0.6995
vn 0.0875 -0.7869 0.6109
vn 0.3868 -0.7355 0.5564
vn 0.3864 -0.6648 0.6393
vn 0.9994 0.0339 -0.0055
vn 0.9995 -0.0201 0.0224
vn 0.9976 -0.0538 0.0432
vn 0.9975 -0.0640 0.0307
vn 0.9969 -0.0772 0.0145
vn 0.3834 -0.5876 0.7126
vn 0.7968 -0.4337 0.4207
vn 0.7948 -0.4818 0.3688
vn 0.9498 -0.2463 0.1928
vn 0.9507 -0.2208 0.2179
vn 0.3503 -0.2631 0.8989
vn 0.9851 0.1080 -0.1337
vn 0.9998 0.0156 -0.0137
vn 0.9997 0.0210 -0.0111
vn 0.9846 0.1251 -0.1220
vn 0.9996 0.0271 -0.0085
vn 0.9994 -0.0192 0.0276
vn 0.9995 -0.0185 0.0258
vn 0.9994 -0.0195 0.0291
vn 0.9998 0.0082 -0.0160
vn 0.9991 -0.0075 0.0427
vn 0.9968 -0.0217 0.0770
vn 0.9973 -0.0437 0.0586
vn 0.9974 -0.0467 0.0546
vn 0.9975 -0.0493 0.0501
vn 0.0370 -0.0876 0.9955
vn 0.0541 -0.2642 0.9629
vn 0.3186 -0.0927 0.9433
vn 0.2902 -0.0291 0.9565
vn 0.7503 -0.0585 0.6586
vn 0.7319 -0.0155 0.6812
vn 0.9816 0.0090 -0.1905
vn 1.0000 0.0083 -0.0041
vn 0.9999 0.0080 -0.0134
vn 0.9817 0.0214 -0.1893
vn 0.9290 -0.0240 0.3693
vn 0.9183 -0.0027 0.3959
vn 0.0727 0.1112 0.9911
vn 0.5411 0.0973 0.8353
vn 0.9987 0.0024 0.0510
vn 0.9980 0.0066 0.0629
vn 0.9942 0.0042 0.1076
vn 0.9957 -0.0042 0.0928
vn 0.9821 0.0286 0.1861
vn 0.9644 0.0365 0.2619
vn 0.3785 0.0849 -0.9217
vn 0.3914 0.0314 -0.9197
vn 0.2409 0.0392 -0.9698
vn 0.2344 0.0998 -0.9670
vn 0.3500 0.0403 -0.9359
vn 0.3489 0.1030 -0.9315
vn 0.2395 0.2683 -0.9331
vn 0.3618 0.2702 -0.8922
vn 0.4841 -0.0744 -0.8719
vn 0.5015 -0.2135 -0.8384
vn 0.3808 -0.2168 -0.8989
vn 0.3448 -0.0726 -0.9359
vn 0.4395 -0.0769 -0.8949
vn 0.4053 -0.3250 -0.8544
vn 0.4972 -0.3078 -0.8113
vn 0.4798 -0.2232 -0.8485
vn 0.7737 -0.0551 -0.6312
vn 0.8788 -0.0398 -0.4755
vn 0.8823 -0.1165 -0.4561
vn 0.7791 -0.1575 -0.6067
vn 0.7730 -0.0497 -0.6324
vn 0.7778 -0.1521 -0.6099
vn 0.7803 -0.2961 -0.5509
vn 0.8845 -0.2206 -0.4110
vn 0.7050 -0.0649 -0.7063
vn 0.7161 -0.1817 -0.6740
vn 0.7849 -0.2926 -0.5462
vn 0.7227 -0.3270 -0.6089
vn 0.5789 -0.0578 -0.8133
vn 0.5789 -0.1881 -0.7934
vn 0.3003 -0.0595 -0.9520
vn 0.2975 -0.2056 -0.9323
vn 0.2978 -0.4362 -0.8491
vn 0.5798 -0.3813 -0.7200
vn 0.1531 -0.0584 -0.9865
vn 0.1506 -0.2069 -0.9667
vn 0.1509 -0.4467 -0.8819
vn 0.1490 -0.6100 -0.7783
vn 0.1487 -0.6992 -0.6992
vn 0.2933 -0.6760 -0.6760
vn 0.2938 -0.5915 -0.7508
vn 0.1490 -0.7783 -0.6100
vn 0.2938 -0.7511 -0.5912
vn 0.5751 -0.5083 -0.6410
vn 0.8844 -0.4090 -0.2249
vn 0.8840 -0.3676 -0.2890
vn 0.7799 -0.5480 -0.3024
vn 0.7778 -0.3904 -0.4925
vn 0.8841 -0.3305 -0.3304
vn 0.8840 -0.2889 -0.3675
vn 0.7787 -0.6053 -0.1651
vn 0.5910 -0.8063 -0.0251
vn 0.7777 -0.6282 -0.0219
vn 0.7741 -0.6303 -0.0592
vn 0.8799 -0.4729 -0.0472
vn 0.8829 -0.4523 -0.1258
vn 0.7795 -0.6230 -0.0655
vn 0.8809 -0.4729 -0.0177
vn 0.7817 -0.6232 -0.0247
vn 0.7816 -0.6001 -0.1704
vn 0.7848 -0.5430 -0.2987
vn 0.7148 -0.6987 -0.0289
vn 0.7137 -0.6963 -0.0768
vn 0.7193 -0.6667 -0.1953
vn 0.7221 -0.6059 -0.3338
vn 0.7865 -0.3804 -0.4865
vn 0.7865 -0.4369 -0.4365
vn 0.7223 -0.5450 -0.4256
vn 0.7860 -0.4870 -0.3809
vn 0.7231 -0.4886 -0.4882
vn 0.7232 -0.4250 -0.5443
vn 0.5026 -0.8598 -0.0907
vn 0.5042 -0.8629 -0.0347
vn 0.3647 -0.9303 -0.0400
vn 0.3715 -0.9227 -0.1033
vn 0.7741 -0.6302 0.0592
vn 0.5802 -0.8115 0.0693
vn 0.5803 -0.7881 0.2052
vn 0.7786 -0.6054 0.1650
vn 0.4524 -0.8909 -0.0413
vn 0.4631 -0.8798 -0.1069
vn 0.3927 -0.8833 -0.2561
vn 0.4897 -0.8332 -0.2570
vn 0.4096 -0.8003 -0.4378
vn 0.5100 -0.7519 -0.4178
vn 0.5149 -0.6069 -0.6054
vn 0.5134 -0.6768 -0.5277
vn 0.4163 -0.7202 -0.5550
vn 0.4202 -0.6445 -0.6388
vn 1.0000 -0.0093 -0.0013
vn 0.9757 0.2188 0.0092
vn 0.9777 0.2087 0.0225
vn 1.0000 -0.0053 -0.0028
vn 0.5187 -0.6765 -0.5227
vn 0.5229 -0.6058 -0.5996
vn 0.4202 -0.5548 -0.7181
vn 0.5225 -0.5232 -0.6732
vn 0.4132 -0.5071 -0.7564
vn 0.5198 -0.4754 -0.7098
vn 0.9813 0.1854 0.0508
vn 0.9578 0.2858 0.0302
vn 0.9642 0.2558 0.0692
vn 0.9543 0.2985 0.0123
vn 0.9357 0.3524 0.0173
vn 0.9420 0.3330 0.0425
vn 0.9520 0.2920 0.0920
vn 0.9698 0.2167 0.1123
vn 0.9579 0.2526 0.1364
vn 0.9842 0.1571 0.0817
vn 1.0000 -0.0055 -0.0029
vn 0.9853 0.1386 0.1000
vn 0.9858 0.1248 0.1124
vn 1.0000 -0.0051 -0.0040
vn 0.9860 0.1109 0.1243
vn 0.9728 0.1718 0.1554
vn 0.9732 0.1524 0.1725
vn 0.9719 0.1908 0.1377
vn 0.9603 0.2255 0.1645
vn 0.9614 0.2039 0.1849
vn 0.9618 0.1816 0.2047
vn 0.9721 0.1239 0.1991
vn 0.9611 0.1504 0.2319
vn 0.9857 0.0905 0.1422
vn -0.1741 0.7172 0.6748
vn -0.1773 0.6312 0.7551
vn 0.1106 0.6459 0.7554
vn 0.1128 0.7294 0.6747
vn 0.1121 0.8015 0.5874
vn 0.6042 0.5861 0.5398
vn 0.6006 0.6457 0.4715
vn 0.6039 0.5195 0.6045
vn 0.1027 0.5110 0.8534
vn 0.5912 0.4152 0.6914
vn 0.8400 0.2737 0.4684
vn 0.8458 0.3479 0.4046
vn 0.8450 0.3944 0.3612
vn 0.8414 0.4381 0.3165
vn 0.5865 0.7170 0.3767
vn 0.8319 0.4948 0.2510
vn 0.1055 0.8792 0.4647
vn -0.1638 0.9812 0.1023
vn -0.1667 0.9506 0.2620
vn 0.0893 0.9570 0.2760
vn 0.0700 0.9913 0.1114
vn 0.0581 0.9974 0.0430
vn 0.5282 0.8439 0.0940
vn 0.5110 0.8588 0.0370
vn 0.5573 0.7988 0.2268
vn 0.8055 0.5750 0.1431
vn 0.7755 0.6286 0.0588
vn 0.7609 0.6484 0.0237
vn 0.0700 0.9913 -0.1114
vn 0.5282 0.8439 -0.0940
vn 0.9777 0.2087 -0.0225
vn 0.9578 0.2858 -0.0302
vn 1.0000 0.0007 0.0032
vn 0.9813 0.1855 -0.0508
vn 1.0000 -0.0053 0.0028
vn 0.9642 0.2558 -0.0692
vn 0.9420 0.3330 -0.0425
vn 0.9842 0.1571 -0.0817
vn 0.9698 0.2167 -0.1123
vn 0.9579 0.2526 -0.1365
vn 0.9520 0.2920 -0.0920
vn 0.0893 0.9570 -0.2760
vn 0.5573 0.7987 -0.2268
vn 0.7755 0.6286 -0.0588
vn 0.8055 0.5750 -0.1431
vn 0.5865 0.7170 -0.3767
vn 0.8320 0.4948 -0.2510
vn 0.1055 0.8792 -0.4647
vn -0.1741 0.7172 -0.6748
vn -0.1714 0.7919 -0.5861
vn 0.1120 0.8015 -0.5874
vn 0.1128 0.7294 -0.6747
vn 0.1106 0.6459 -0.7554
vn 0.6042 0.5861 -0.5398
vn 0.6039 0.5195 -0.6045
vn 0.6006 0.6457 -0.4715
vn 0.8414 0.4380 -0.3165
vn 0.8449 0.3944 -0.3613
vn 0.8457 0.3479 -0.4046
vn 0.5912 0.4152 -0.6914
vn 0.8400 0.2737 -0.4684
vn 0.1027 0.5110 -0.8534
vn 0.0727 0.1112 -0.9911
vn 0.0865 0.2926 -0.9523
vn 0.5631 0.2422 -0.7901
vn 0.5411 0.0973 -0.8353
vn 0.8147 0.1505 -0.5600
vn 0.7926 0.0630 -0.6064
vn 0.9837 0.0570 -0.1703
vn 0.9821 0.0286 -0.1861
vn 0.9644 0.0365 -0.2619
vn 0.9678 0.0763 -0.2397
vn 0.9491 0.0489 -0.3113
vn 0.9566 0.1017 -0.2730
vn 0.9721 0.1239 -0.1991
vn 0.9611 0.1504 -0.2319
vn 0.9857 0.0905 -0.1422
vn 1.0000 -0.0038 0.0060
vn 0.9860 0.1109 -0.1242
vn 0.9858 0.1248 -0.1124
vn 1.0000 -0.0051 0.0040
vn 0.9853 0.1386 -0.1000
vn 0.9728 0.1719 -0.1554
vn 0.9719 0.1908 -0.1377
vn 0.9732 0.1524 -0.1725
vn 0.9618 0.1816 -0.2047
vn 0.9614 0.2039 -0.1849
vn 0.9603 0.2255 -0.1645
vn 0.7777 -0.1521 0.6099
vn 0.8823 -0.1165 0.4561
vn 0.8845 -0.2206 0.4110
vn 0.7803 -0.2961 0.5509
vn 0.3808 -0.2168 0.8989
vn 0.3448 -0.0726 0.9359
vn 0.4395 -0.0769 0.8949
vn 0.4798 -0.2232 0.8485
vn 0.4053 -0.3250 0.8544
vn 0.4972 -0.3077 0.8112
vn 0.5149 -0.6069 0.6054
vn 0.5153 -0.5274 0.6755
vn 0.4202 -0.5548 0.7181
vn 0.4203 -0.6445 0.6388
vn 0.4132 -0.5071 0.7564
vn 0.5197 -0.4754 0.7098
vn 0.5225 -0.5232 0.6733
vn 0.5229 -0.6058 0.5996
vn 0.4163 -0.7202 0.5550
vn 0.5187 -0.6766 0.5227
vn 0.4097 -0.8003 0.4378
vn 0.5101 -0.7519 0.4178
vn 0.7791 -0.1575 0.6068
vn 0.8788 -0.0398 0.4755
vn 0.7737 -0.0551 0.6312
vn 0.7799 -0.5480 0.3024
vn 0.7778 -0.4925 0.3904
vn 0.8840 -0.3676 0.2890
vn 0.8844 -0.4090 0.2249
vn 0.7849 -0.2926 0.5462
vn 0.7050 -0.0649 0.7063
vn 0.7161 -0.1817 0.6740
vn 0.7227 -0.3270 0.6089
vn 0.7730 -0.0497 0.6324
vn 0.7865 -0.4369 0.4365
vn 0.8841 -0.3305 0.3304
vn 0.8840 -0.2889 0.3675
vn 0.7865 -0.3805 0.4863
vn 0.7860 -0.4871 0.3807
vn 0.7848 -0.5430 0.2987
vn 0.7232 -0.4250 0.5443
vn 0.7231 -0.4886 0.4882
vn 0.7223 -0.5450 0.4256
vn 0.7222 -0.6059 0.3337
vn 0.7780 -0.4443 0.4443
vn 0.7778 -0.3904 0.4925
vn 0.7795 -0.6230 0.0655
vn 0.8799 -0.4729 0.0472
vn 0.8829 -0.4523 0.1258
vn 0.7816 -0.6000 0.1704
vn 0.7193 -0.6667 0.1953
vn 0.7137 -0.6963 0.0768
vn 0.2395 0.2683 0.9331
vn 0.2295 0.6194 0.7508
vn 0.3619 0.5927 0.7196
vn 0.3622 0.2701 0.8921
vn 0.3927 -0.8833 0.2561
vn 0.4897 -0.8331 0.2570
vn 0.3714 -0.9227 0.1033
vn 0.4631 -0.8799 0.1069
vn 0.3012 -0.9509 0.0718
vn 0.5794 -0.7157 0.3900
vn 0.2987 -0.9273 0.2255
vn 0.2976 -0.8438 0.4466
vn 0.1535 -0.9856 0.0705
vn 0.1513 -0.9620 0.2272
vn 0.1508 -0.8763 0.4575
vn 0.1490 -0.7783 0.6100
vn 0.1487 -0.6992 0.6992
vn 0.2933 -0.6760 0.6760
vn 0.2938 -0.7508 0.5915
vn 0.1490 -0.6100 0.7783
vn 0.2939 -0.5912 0.7511
vn 0.2978 -0.4362 0.8491
vn 0.5798 -0.3813 0.7201
vn 0.5752 -0.5083 0.6410
vn 0.1508 -0.4467 0.8819
vn 0.5747 -0.5787 0.5787
vn 0.5751 -0.6410 0.5083
vn 0.1531 -0.0584 0.9865
vn 0.3003 -0.0595 0.9520
vn 0.2975 -0.2056 0.9323
vn 0.1507 -0.2069 0.9667
vn 0.5789 -0.0578 0.8133
vn 0.5789 -0.1881 0.7934
vn 0.1606 0.0199 0.9868
vn 0.3123 0.0205 0.9498
vn 0.5906 0.0203 0.8067
vn 0.7773 0.0178 0.6288
vn 0.8783 0.0145 0.4779
vn 0.1530 0.0584 0.9865
vn 0.3003 0.0595 0.9520
vn 0.1506 0.2069 0.9667
vn 0.2975 0.2056 0.9323
vn 0.1490 0.6100 0.7783
vn 0.2939 0.5911 0.7511
vn 0.5789 0.0578 0.8133
vn 0.5751 0.5083 0.6410
vn 0.5789 0.1881 0.7934
vn 0.7730 0.0497 0.6324
vn 0.7778 0.1521 0.6098
vn 0.7779 0.3903 0.4925
vn 0.8766 0.0403 0.4796
vn 0.7496 0.0217 0.6615
vn 0.7437 0.0598 0.6658
vn 0.8808 0.2928 0.3722
vn 0.8795 0.1180 0.4610
vn 0.6632 0.0254 0.7480
vn 0.7425 0.1714 0.6475
vn 0.7429 0.4139 0.5262
vn 0.6532 0.4677 0.5954
vn 0.6580 0.1982 0.7265
vn 0.7780 0.4443 0.4443
vn 0.8808 0.3349 0.3348
vn 0.6565 0.0706 0.7510
vn 0.7412 0.4755 0.4738
vn 0.7393 0.5310 0.4140
vn 0.8806 0.3726 0.2929
vn 0.6474 0.6013 0.4683
vn 0.6505 0.5381 0.5360
vn 0.7778 0.4926 0.3904
vn 0.2933 0.6760 0.6760
vn 0.5747 0.5787 0.5787
vn 0.5751 0.6410 0.5083
vn 0.2939 0.7511 0.5912
vn 0.3499 0.6660 0.6588
vn 0.3425 0.7434 0.5745
vn 0.2011 0.7890 0.5806
vn 0.2174 0.7077 0.6723
vn 0.3326 0.7563 0.5634
vn 0.3496 0.6771 0.6475
vn 0.3785 0.0849 0.9217
vn 0.3723 0.2404 0.8964
vn 0.2343 0.0997 0.9670
vn 0.3489 0.1030 0.9315
vn 0.2409 0.0392 0.9698
vn 0.3500 0.0403 0.9359
vn 0.9998 0.0156 0.0137
vn 0.9997 0.0210 0.0111
vn 0.9994 -0.0192 -0.0276
vn 0.9994 -0.0195 -0.0290
vn 0.9996 0.0271 0.0085
vn 0.9995 -0.0185 -0.0258
vn 0.9975 -0.0493 -0.0501
vn 0.9974 -0.0467 -0.0546
vn 0.9973 -0.0437 -0.0585
vn 0.9998 0.0082 0.0160
vn 0.9991 -0.0076 -0.0427
vn 0.9845 0.0500 0.1684
vn 0.9999 0.0080 0.0135
vn 0.9817 0.0214 0.1893
vn 1.0000 0.0083 0.0041
vn 0.9987 0.0024 -0.0510
vn 0.9980 0.0066 -0.0629
vn 0.9968 -0.0217 -0.0770
vn 0.9957 -0.0042 -0.0929
vn 0.9942 0.0042 -0.1076
vn 0.0810 -0.7100 -0.6995
vn 0.0746 -0.6230 -0.7786
vn 0.3835 -0.5876 -0.7125
vn 0.3863 -0.6648 -0.6393
vn 0.3868 -0.7355 -0.5564
vn 0.7968 -0.4337 -0.4207
vn 0.7948 -0.4819 -0.3688
vn 0.7966 -0.3834 -0.4673
vn 0.3503 -0.2631 -0.8989
vn 0.7688 -0.1719 -0.6159
vn 0.9417 -0.0803 -0.3269
vn 0.9508 -0.1953 -0.2406
vn 0.9507 -0.2208 -0.2179
vn 0.9498 -0.2464 -0.1928
vn 0.0370 -0.0876 -0.9955
vn 0.0165 -0.0245 -0.9996
vn 0.2902 -0.0291 -0.9565
vn 0.3186 -0.0927 -0.9433
vn 0.7503 -0.0585 -0.6585
vn 0.7319 -0.0155 -0.6812
vn 0.9183 -0.0027 -0.3958
vn 0.9290 -0.0240 -0.3693
vn 0.0715 0.0159 0.9973
vn 0.3123 0.0145 0.9499
vn 0.3023 0.0427 0.9523
vn 0.0692 0.0482 0.9964
vn 0.1487 0.6992 0.6992
vn 0.1490 0.7783 0.6100
vn 0.0655 0.1835 0.9808
vn 0.0543 0.6023 0.7964
vn 0.0526 0.7061 0.7061
vn 0.0543 0.7964 0.6023
vn 0.2849 0.1617 0.9448
vn 0.5947 0.0346 0.8032
vn 0.5776 0.1271 0.8064
vn 0.4861 0.4861 0.7262
vn 0.2286 0.5695 0.7896
vn 0.2175 0.6902 0.6902
vn 0.2286 0.7896 0.5695
vn 0.4590 0.6282 0.6282
vn 0.4861 0.7262 0.4861
vn 0.6282 0.4590 0.6282
vn 0.7262 0.4861 0.4861
vn 0.6026 0.0123 0.7980
vn 0.7067 0.0332 0.7067
vn 0.8032 0.0346 0.5947
vn 0.7020 0.1201 0.7020
vn 0.8064 0.1271 0.5776
vn 0.9012 0.0134 0.4333
vn 0.9060 0.0388 0.4216
vn 0.9982 0.0153 0.0580
vn 0.9974 0.0461 0.0558
vn 0.9801 0.0433 0.1939
vn 0.9793 0.0146 0.2017
vn 0.5946 -0.0346 0.8032
vn 0.3023 -0.0427 0.9523
vn 0.7020 -0.1201 0.7020
vn 0.8064 -0.1271 0.5776
vn 0.5776 -0.1271 0.8064
vn 0.2850 -0.1617 0.9448
vn 0.2574 -0.3847 0.8864
vn 0.5399 -0.3111 0.7821
vn 0.6760 -0.2935 0.6760
vn 0.7821 -0.3111 0.5399
vn 0.0655 -0.1835 0.9808
vn 0.0691 -0.0482 0.9964
vn 0.0599 -0.4230 0.9042
vn 0.0526 -0.7061 0.7061
vn 0.2182 -0.6901 0.6901
vn 0.2286 -0.5695 0.7896
vn 0.0543 -0.6023 0.7964
vn 0.0543 -0.7964 0.6023
vn 0.2286 -0.7896 0.5695
vn 0.4861 -0.7262 0.4861
vn 0.4590 -0.6282 0.6282
vn 0.4861 -0.4861 0.7262
vn 0.6282 -0.6282 0.4590
vn 0.5774 -0.5773 0.5773
vn 0.7262 -0.4861 0.4861
vn 0.6282 -0.4590 0.6282
vn 0.0865 0.2927 0.9523
vn 0.5631 0.2422 0.7901
vn 0.7926 0.0630 0.6065
vn 0.8147 0.1505 0.5601
vn 1.0000 -0.0017 -0.0073
vn 0.9838 0.0570 0.1702
vn 0.9998 -0.0006 -0.0213
vn 0.9679 0.0763 0.2397
vn 0.9491 0.0489 0.3112
vn 0.9566 0.1017 0.2730
vn 0.3499 0.6660 -0.6588
vn 0.3565 0.5799 -0.7326
vn 0.2295 0.6194 -0.7508
vn 0.2174 0.7077 -0.6723
vn 0.9836 0.1436 0.1094
vn 0.9846 0.1251 0.1220
vn 0.3614 0.5928 -0.7197
vn 0.3496 0.6771 -0.6475
vn 0.2011 0.7890 -0.5806
vn 0.3326 0.7563 -0.5634
vn 0.1749 0.8784 -0.4448
vn 0.3039 0.8437 -0.4425
vn 0.3042 0.9476 -0.0974
vn 0.3197 0.9130 -0.2535
vn 0.1314 0.9606 -0.2449
vn 0.0915 0.9916 -0.0916
vn 0.2537 0.9315 -0.2606
vn 0.2003 0.9746 -0.0997
vn -0.1757 0.2712 0.9463
vn -0.1670 0.1022 0.9806
vn -0.1796 0.4923 0.8517
vn 0.0541 -0.2642 -0.9629
vn -0.1670 0.1022 -0.9806
vn 0.0875 -0.7869 -0.6109
vn 0.0954 -0.8718 -0.4805
vn -0.1757 0.2712 -0.9463
vn -0.1796 0.4923 -0.8517
vn -0.1772 0.6312 -0.7551
vn -0.1696 0.8726 -0.4581
vn -0.1667 0.9506 -0.2620
vn -0.1638 0.9812 -0.1023
vn -0.1653 0.9855 0.0392
vn -0.1696 0.8726 0.4581
vn -0.1715 0.7919 0.5861
vn 0.0165 -0.0245 0.9996
vn 0.0746 -0.6230 0.7786
vn 0.0954 -0.8718 0.4805
vn 0.1037 -0.9550 0.2778
vn 0.1112 -0.9879 -0.1082
vn 0.1037 -0.9550 -0.2778
vn 0.2959 0.9545 -0.0371
vn 0.3336 0.8292 -0.4485
vn 0.3425 0.7434 -0.5745
vn 0.3723 0.2404 -0.8964
vn 0.3914 0.0314 0.9197
vn 0.3565 0.5799 0.7326
vn 0.3336 0.8292 0.4485
vn 0.5026 -0.8598 0.0907
vn 0.5083 -0.8286 0.2345
vn 0.5123 -0.7529 0.4132
vn 0.5133 -0.6768 0.5277
vn 0.5141 -0.4845 0.7078
vn 0.4841 -0.0744 0.8719
vn 0.5014 -0.2135 0.8384
vn 0.5078 -0.3201 0.7998
vn 0.5153 -0.5274 -0.6755
vn 0.5123 -0.7529 -0.4132
vn 0.5141 -0.4843 -0.7079
vn 0.5084 -0.8286 -0.2345
vn 0.5079 -0.3201 -0.7998
vn 0.3042 0.9476 0.0974
vn 0.3197 0.9130 0.2535
vn 0.9201 -0.0316 -0.3903
vn 0.9375 -0.0851 -0.3375
vn 0.7765 -0.0397 -0.6289
vn 0.8051 -0.1194 -0.5810
vn 0.8348 -0.2417 -0.4947
vn 0.9462 -0.1486 -0.2875
vn 1.0000 -0.0013 -0.0060
vn 0.8662 0.0216 0.4992
vn 0.8710 0.0532 0.4885
vn 0.9816 0.0091 0.1905
vn 0.8880 0.1303 0.4411
vn 0.7246 0.0260 0.6886
vn 0.7297 0.0642 0.6808
vn 0.7509 0.1706 0.6380
vn 0.7662 0.4095 0.4952
vn 0.8912 0.2878 0.3507
vn 0.9851 0.1080 0.1337
vn 0.8882 0.3316 0.3181
vn 0.8824 0.3770 0.2816
vn 0.7595 0.4733 0.4463
vn 0.7472 0.5379 0.3903
vn 0.7203 0.6245 0.3019
vn 0.8724 0.4336 0.2258
vn 0.9818 0.1676 0.0898
vn 0.9466 -0.2560 0.1960
vn 0.9475 -0.2280 0.2243
vn 1.0000 -0.0055 0.0029
vn 0.9472 -0.1964 0.2533
vn 0.8356 -0.4850 0.2582
vn 0.8428 -0.4280 0.3264
vn 0.9459 -0.2841 0.1568
vn 0.8453 -0.3801 0.3755
vn 0.8443 -0.3257 0.4255
vn 0.8347 -0.2418 0.4947
vn 0.9462 -0.1486 0.2875
vn 1.0000 -0.0013 0.0060
vn 0.9201 -0.0316 0.3903
vn 0.9998 -0.0006 0.0213
vn 1.0000 -0.0029 0.0020
vn 0.9375 -0.0851 0.3375
vn 1.0000 -0.0017 0.0073
vn 0.8050 -0.1195 0.5811
vn 0.7765 -0.0397 0.6289
vn 0.9279 -0.3701 0.0452
vn 0.9410 -0.3236 0.0992
vn 0.7910 -0.6088 0.0605
vn 0.8148 -0.5606 0.1479
vn 0.9208 -0.3896 -0.0183
vn 0.7806 -0.6245 -0.0242
vn 0.9472 -0.1964 -0.2533
vn 0.9475 -0.2280 -0.2243
vn 1.0000 -0.0038 -0.0060
vn 0.9466 -0.2560 -0.1960
vn 0.8443 -0.3257 -0.4255
vn 0.8453 -0.3801 -0.3755
vn 0.8428 -0.4280 -0.3264
vn 0.8356 -0.4849 -0.2582
vn 0.9459 -0.2841 -0.1568
vn 1.0000 -0.0029 -0.0020
vn 0.9410 -0.3235 -0.0992
vn 0.9279 -0.3701 -0.0452
vn 1.0000 0.0007 -0.0032
vn 0.8148 -0.5605 -0.1479
vn 0.7910 -0.6089 -0.0605
vn 0.8662 0.0216 -0.4992
vn 0.7246 0.0260 -0.6886
vn 0.8880 0.1303 -0.4411
vn 0.8710 0.0532 -0.4885
vn 0.9845 0.0500 -0.1683
vn 0.8912 0.2878 -0.3507
vn 0.7509 0.1706 -0.6380
vn 0.7297 0.0642 -0.6808
vn 0.8824 0.3769 -0.2816
vn 0.8882 0.3316 -0.3181
vn 0.9836 0.1436 -0.1094
vn 0.7203 0.6245 -0.3019
vn 0.7472 0.5379 -0.3903
vn 0.8724 0.4335 -0.2258
vn 0.7595 0.4733 -0.4463
vn 0.7662 0.4095 -0.4952
vn 0.9818 0.1676 -0.0898
vn 0.7840 0.6203 -0.0226
vn 0.8049 0.5905 -0.0584
vn 0.9623 0.2716 -0.0106
vn 0.8454 0.5159 -0.1387
vn 0.5810 0.8136 -0.0241
vn 0.6061 0.7930 -0.0623
vn 0.6610 0.7327 -0.1620
vn 0.8454 0.5159 0.1388
vn 0.8049 0.5905 0.0584
vn 0.9678 0.2503 0.0263
vn 0.9767 0.2066 0.0581
vn 0.6610 0.7327 0.1620
vn 0.6061 0.7930 0.0623
vt 0.592810 0.693177
vt 0.592779 0.692126
vt 0.592801 0.684683
vt 0.592809 0.687412
vt 0.592810 0.695720
vt 0.592715 0.695423
vt 0.592809 0.689331
vt 0.592809 0.693819
vt 0.592809 0.695891
vt 0.593079 0.693970
vt 0.592938 0.696158
vt 0.592728 0.697313
vt 0.592810 0.697014
vt 0.592810 0.696881
vt 0.592535 0.696650
vt 0.592498 0.695376
vt 0.592602 0.692097
vt 0.592294 0.696581
vt 0.592035 0.692068
vt 0.591962 0.695314
vt 0.592066 0.684654
vt 0.592642 0.684667
vt 0.591824 0.696462
vt 0.592603 0.557845
vt 0.592780 0.556427
vt 0.592498 0.554616
vt 0.592717 0.554393
vt 0.592035 0.557932
vt 0.591962 0.554686
vt 0.591824 0.553538
vt 0.592294 0.553419
vt 0.591580 0.557938
vt 0.591528 0.554701
vt 0.591053 0.557932
vt 0.591017 0.554686
vt 0.592536 0.553349
vt 0.590492 0.557918
vt 0.590467 0.554654
vt 0.590432 0.553474
vt 0.590958 0.553538
vt 0.591435 0.553571
vt 0.591605 0.684652
vt 0.591073 0.684654
vt 0.590508 0.684659
vt 0.587094 0.557887
vt 0.587084 0.554599
vt 0.589628 0.554624
vt 0.589644 0.557903
vt 0.587074 0.553381
vt 0.589608 0.553419
vt 0.589657 0.684667
vt 0.587103 0.684675
vt 0.483997 0.551660
vt 0.587061 0.551698
vt 0.587065 0.552513
vt 0.483996 0.552482
vt 0.589644 0.692097
vt 0.587094 0.692113
vt 0.589628 0.695376
vt 0.587084 0.695401
vt 0.590492 0.692082
vt 0.590467 0.695346
vt 0.590432 0.696526
vt 0.589608 0.696581
vt 0.587074 0.696619
vt 0.591580 0.692062
vt 0.591053 0.692068
vt 0.591528 0.695298
vt 0.591017 0.695314
vt 0.591435 0.696429
vt 0.590958 0.696462
vt 0.476780 0.700204
vt 0.476804 0.700204
vt 0.480257 0.700204
vt 0.480245 0.700204
vt 0.588203 0.699041
vt 0.587440 0.698314
vt 0.589625 0.698223
vt 0.589730 0.698897
vt 0.587113 0.697488
vt 0.589594 0.697431
vt 0.589906 0.699727
vt 0.590390 0.698680
vt 0.590467 0.699406
vt 0.590390 0.697340
vt 0.590369 0.698078
vt 0.589311 0.699919
vt 0.591633 0.698384
vt 0.591529 0.698223
vt 0.591964 0.697431
vt 0.592143 0.697529
vt 0.591606 0.697221
vt 0.591297 0.697865
vt 0.591159 0.697652
vt 0.591297 0.697151
vt 0.590881 0.698343
vt 0.590836 0.697865
vt 0.590881 0.697221
vt 0.591017 0.698897
vt 0.591080 0.699173
vt 0.590513 0.699780
vt 0.592385 0.698223
vt 0.592689 0.698831
vt 0.592301 0.699736
vt 0.591963 0.699048
vt 0.589380 0.700161
vt 0.589945 0.700061
vt 0.480402 0.699309
vt 0.482908 0.698416
vt 0.483860 0.697528
vt 0.483993 0.696645
vt 0.475306 0.700204
vt 0.475342 0.700204
vt 0.474040 0.699312
vt 0.474105 0.699243
vt 0.476870 0.699292
vt 0.474238 0.698558
vt 0.475385 0.699243
vt 0.477677 0.698388
vt 0.478005 0.697498
vt 0.475493 0.698326
vt 0.475523 0.697444
vt 0.474282 0.697934
vt 0.474236 0.697230
vt 0.474159 0.696462
vt 0.475509 0.696581
vt 0.478043 0.696619
vt 0.483982 0.692127
vt 0.483977 0.684684
vt 0.483988 0.695421
vt 0.472978 0.688909
vt 0.474041 0.684820
vt 0.474063 0.692126
vt 0.473059 0.693453
vt 0.478023 0.692113
vt 0.478014 0.684676
vt 0.478033 0.695401
vt 0.475473 0.692097
vt 0.475460 0.684667
vt 0.475489 0.695376
vt 0.474100 0.695322
vt 0.473153 0.695487
vt 0.473293 0.696462
vt 0.473821 0.697935
vt 0.473511 0.697230
vt 0.472492 0.694808
vt 0.472616 0.695715
vt 0.472400 0.693888
vt 0.473590 0.698326
vt 0.473153 0.697444
vt 0.472313 0.693901
vt 0.472337 0.694836
vt 0.472823 0.696581
vt 0.472402 0.695762
vt 0.472582 0.696650
vt 0.473485 0.698421
vt 0.472974 0.697534
vt 0.474057 0.557875
vt 0.472897 0.556494
vt 0.472929 0.554511
vt 0.474092 0.554679
vt 0.472307 0.556409
vt 0.473054 0.553543
vt 0.474150 0.553539
vt 0.472307 0.554447
vt 0.472307 0.553436
vt 0.475489 0.554624
vt 0.475509 0.553419
vt 0.475473 0.557903
vt 0.472307 0.556371
vt 0.472307 0.554391
vt 0.472320 0.557741
vt 0.472419 0.554412
vt 0.472307 0.553362
vt 0.472270 0.557664
vt 0.472396 0.554307
vt 0.471980 0.557453
vt 0.472191 0.554018
vt 0.472457 0.552696
vt 0.472612 0.553049
vt 0.472623 0.553172
vt 0.472272 0.684775
vt 0.472178 0.684833
vt 0.471699 0.685010
vt 0.472309 0.692264
vt 0.472232 0.692353
vt 0.472406 0.695593
vt 0.472350 0.695709
vt 0.471985 0.696055
vt 0.472565 0.696959
vt 0.472248 0.697336
vt 0.472609 0.696830
vt 0.471809 0.692622
vt 0.472953 0.697691
vt 0.473408 0.698491
vt 0.473337 0.698576
vt 0.472900 0.697808
vt 0.473930 0.699188
vt 0.473848 0.699229
vt 0.475304 0.700031
vt 0.475278 0.700068
vt 0.473066 0.698868
vt 0.472612 0.698159
vt 0.482831 0.700247
vt 0.477550 0.700184
vt 0.483752 0.700364
vt 0.477831 0.700264
vt 0.477742 0.700715
vt 0.475097 0.700387
vt 0.473594 0.699471
vt 0.477551 0.701645
vt 0.474831 0.701123
vt 0.483802 0.700964
vt 0.477262 0.703123
vt 0.474479 0.702484
vt 0.472650 0.701125
vt 0.473195 0.700016
vt 0.472611 0.699417
vt 0.472098 0.698726
vt 0.471665 0.697890
vt 0.471977 0.700395
vt 0.471379 0.699566
vt 0.470862 0.698584
vt 0.473509 0.705647
vt 0.471569 0.703863
vt 0.471959 0.702847
vt 0.473898 0.704487
vt 0.475854 0.705088
vt 0.483398 0.703684
vt 0.479835 0.705622
vt 0.475745 0.706691
vt 0.474627 0.706169
vt 0.483682 0.702102
vt 0.470454 0.700694
vt 0.471182 0.701806
vt 0.469824 0.699454
vt 0.470747 0.702600
vt 0.469925 0.701338
vt 0.469103 0.700076
vt 0.468695 0.689949
vt 0.469825 0.685641
vt 0.470088 0.693419
vt 0.469002 0.695136
vt 0.470433 0.697078
vt 0.469363 0.697844
vt 0.471048 0.692987
vt 0.471317 0.696535
vt 0.470852 0.685246
vt 0.468765 0.698346
vt 0.468427 0.696616
vt 0.468089 0.694886
vt 0.471717 0.553606
vt 0.472071 0.552173
vt 0.471382 0.557158
vt 0.470427 0.556725
vt 0.470837 0.553063
vt 0.471272 0.551477
vt 0.469154 0.554923
vt 0.468454 0.553385
vt 0.469541 0.552212
vt 0.470002 0.550569
vt 0.468790 0.551655
vt 0.469126 0.549925
vt 0.468862 0.551875
vt 0.468486 0.554637
vt 0.469347 0.550135
vt 0.468142 0.690210
vt 0.468885 0.551984
vt 0.468495 0.555221
vt 0.468483 0.554644
vt 0.468859 0.551881
vt 0.469344 0.550140
vt 0.469389 0.550189
vt 0.468158 0.688354
vt 0.468139 0.690202
vt 0.000000 0.000000
vt 0.468867 0.698017
vt 0.468861 0.698016
vt 0.468469 0.694780
vt 0.468476 0.694791
vt 0.468457 0.695356
vt 0.468835 0.698118
vt 0.469368 0.699807
vt 0.469323 0.699857
vt 0.471632 0.703695
vt 0.471632 0.703710
vt 0.470789 0.702530
vt 0.470791 0.702516
vt 0.470021 0.701233
vt 0.470776 0.702553
vt 0.469995 0.701264
vt 0.471614 0.703753
vt 0.473757 0.705497
vt 0.473681 0.705539
vt 0.471569 0.703863
vt 0.481124 0.706575
vt 0.481134 0.706586
vt 0.476132 0.706103
vt 0.476123 0.706090
vt 0.475661 0.706123
vt 0.479612 0.706615
vt 0.475745 0.706690
vt 0.474627 0.706169
vt 0.588983 0.706138
vt 0.589455 0.706159
vt 0.475746 0.706686
vt 0.474638 0.706140
vt 0.473551 0.705539
vt 0.588164 0.705541
vt 0.591128 0.704926
vt 0.591251 0.705473
vt 0.588283 0.706103
vt 0.588236 0.706100
vt 0.592525 0.704668
vt 0.592522 0.704662
vt 0.591243 0.705468
vt 0.588096 0.705027
vt 0.587901 0.703626
vt 0.590720 0.703092
vt 0.591021 0.704429
vt 0.587706 0.702147
vt 0.590383 0.701735
vt 0.591313 0.701199
vt 0.591758 0.702427
vt 0.592190 0.703678
vt 0.592350 0.704149
vt 0.588584 0.700826
vt 0.590201 0.700650
vt 0.589501 0.700204
vt 0.590124 0.700204
vt 0.590747 0.700204
vt 0.590954 0.700335
vt 0.589460 0.700204
vt 0.590061 0.700204
vt 0.590661 0.700204
vt 0.591202 0.699384
vt 0.591741 0.698558
vt 0.591797 0.698665
vt 0.591277 0.699447
vt 0.592276 0.697723
vt 0.592306 0.697849
vt 0.591491 0.699775
vt 0.593835 0.698515
vt 0.593395 0.699666
vt 0.593048 0.697827
vt 0.591854 0.700529
vt 0.592926 0.700707
vt 0.592392 0.701630
vt 0.593400 0.696401
vt 0.593192 0.689299
vt 0.594025 0.685304
vt 0.593733 0.692899
vt 0.594682 0.693215
vt 0.594270 0.696925
vt 0.595739 0.693589
vt 0.595043 0.685371
vt 0.596082 0.685602
vt 0.595319 0.697459
vt 0.594833 0.699217
vt 0.596474 0.685688
vt 0.596148 0.693728
vt 0.595734 0.697660
vt 0.595232 0.699481
vt 0.592979 0.702771
vt 0.593674 0.701717
vt 0.594645 0.700854
vt 0.594288 0.700528
vt 0.593969 0.702100
vt 0.593205 0.703203
vt 0.596904 0.685943
vt 0.596597 0.693937
vt 0.594068 0.556956
vt 0.593287 0.556001
vt 0.593129 0.553773
vt 0.593800 0.553458
vt 0.596901 0.685783
vt 0.596595 0.693881
vt 0.596191 0.697887
vt 0.596188 0.697878
vt 0.595674 0.699772
vt 0.595670 0.699767
vt 0.595039 0.701212
vt 0.594294 0.702520
vt 0.596913 0.687079
vt 0.596931 0.688363
vt 0.596619 0.694788
vt 0.596605 0.694337
vt 0.595035 0.701208
vt 0.594291 0.702516
vt 0.593453 0.703679
vt 0.593450 0.703674
vt 0.596229 0.698025
vt 0.596632 0.695360
vt 0.596256 0.698123
vt 0.596950 0.690206
vt 0.596999 0.694886
vt 0.596663 0.696616
vt 0.596327 0.698345
vt 0.595771 0.699864
vt 0.595990 0.700075
vt 0.595725 0.699818
vt 0.595051 0.701223
vt 0.595076 0.701248
vt 0.594315 0.702551
vt 0.594297 0.702530
vt 0.593477 0.703736
vt 0.594328 0.702572
vt 0.593496 0.703779
vt 0.595104 0.701276
vt 0.595175 0.701346
vt 0.594359 0.702618
vt 0.593543 0.703889
vt 0.592587 0.704818
vt 0.592726 0.705160
vt 0.592556 0.704747
vt 0.596645 0.555212
vt 0.596659 0.554640
vt 0.596231 0.552052
vt 0.596253 0.551976
vt 0.596631 0.555663
vt 0.596281 0.551878
vt 0.596690 0.553384
vt 0.595746 0.550186
vt 0.595793 0.550140
vt 0.596014 0.549924
vt 0.596352 0.551654
vt 0.591359 0.544503
vt 0.588983 0.543898
vt 0.589455 0.543878
vt 0.591436 0.544461
vt 0.590490 0.543832
vt 0.591608 0.544353
vt 0.592589 0.545214
vt 0.592726 0.544875
vt 0.592559 0.545284
vt 0.593463 0.546322
vt 0.593484 0.546289
vt 0.594326 0.547467
vt 0.594308 0.547488
vt 0.595093 0.548762
vt 0.594340 0.547446
vt 0.595121 0.548734
vt 0.593502 0.546246
vt 0.593548 0.546138
vt 0.594370 0.547400
vt 0.595192 0.548662
vt 0.590292 0.548877
vt 0.590629 0.547531
vt 0.591718 0.548206
vt 0.591273 0.549424
vt 0.591252 0.544562
vt 0.588283 0.543933
vt 0.588237 0.543936
vt 0.591244 0.544566
vt 0.592529 0.545362
vt 0.592526 0.545368
vt 0.594035 0.548001
vt 0.593230 0.546956
vt 0.593460 0.546346
vt 0.594306 0.547498
vt 0.593457 0.546351
vt 0.594303 0.547501
vt 0.595055 0.548799
vt 0.595051 0.548803
vt 0.595695 0.550234
vt 0.595691 0.550238
vt 0.590975 0.545910
vt 0.587807 0.546890
vt 0.588048 0.545258
vt 0.593452 0.552110
vt 0.593019 0.551275
vt 0.593731 0.550442
vt 0.594246 0.551423
vt 0.592171 0.546664
vt 0.588138 0.544626
vt 0.591104 0.545269
vt 0.592342 0.546046
vt 0.587613 0.548359
vt 0.593788 0.548458
vt 0.593135 0.549616
vt 0.592462 0.548889
vt 0.593019 0.547508
vt 0.594469 0.549533
vt 0.595055 0.550754
vt 0.594748 0.549184
vt 0.595360 0.550506
vt 0.592507 0.550582
vt 0.591922 0.549981
vt 0.595927 0.556337
vt 0.595022 0.556640
vt 0.594676 0.552935
vt 0.595541 0.552469
vt 0.595862 0.552303
vt 0.596259 0.556233
vt 0.473552 0.544426
vt 0.471620 0.546222
vt 0.471574 0.546111
vt 0.473509 0.544317
vt 0.596215 0.552115
vt 0.596212 0.552124
vt 0.596623 0.556063
vt 0.596621 0.556120
vt 0.592864 0.554947
vt 0.592869 0.552664
vt 0.592764 0.553954
vt 0.592552 0.553042
vt 0.592800 0.554979
vt 0.592710 0.554065
vt 0.592508 0.553171
vt 0.592164 0.552303
vt 0.591713 0.551455
vt 0.591785 0.551367
vt 0.592217 0.552184
vt 0.591201 0.550622
vt 0.591284 0.550575
vt 0.590747 0.549796
vt 0.590941 0.549921
vt 0.591528 0.550452
vt 0.590661 0.549796
vt 0.592053 0.551106
vt 0.592506 0.551838
vt 0.589458 0.549796
vt 0.589500 0.549796
vt 0.590124 0.549796
vt 0.590059 0.549796
vt 0.588547 0.549376
vt 0.590165 0.549595
vt 0.482830 0.549741
vt 0.483745 0.549596
vt 0.483766 0.548854
vt 0.483613 0.547544
vt 0.483329 0.545955
vt 0.477549 0.549799
vt 0.477821 0.549679
vt 0.475303 0.549948
vt 0.475268 0.549862
vt 0.473932 0.550795
vt 0.473856 0.550713
vt 0.477694 0.549025
vt 0.473629 0.550267
vt 0.475050 0.549298
vt 0.477458 0.547848
vt 0.474740 0.548264
vt 0.473263 0.549472
vt 0.477168 0.546363
vt 0.479807 0.544210
vt 0.475816 0.544682
vt 0.472720 0.548359
vt 0.474388 0.546896
vt 0.475745 0.543271
vt 0.473862 0.545242
vt 0.471991 0.546929
vt 0.472816 0.550265
vt 0.472185 0.549285
vt 0.474627 0.543794
vt 0.471272 0.548055
vt 0.470599 0.549257
vt 0.471713 0.550326
vt 0.469942 0.548654
vt 0.470758 0.547382
vt 0.472430 0.551169
vt 0.473360 0.551388
vt 0.473171 0.550969
vt 0.472782 0.551787
vt 0.472938 0.552180
vt 0.470013 0.548724
vt 0.470788 0.547429
vt 0.474638 0.543823
vt 0.475746 0.543275
vt 0.471638 0.546265
vt 0.470800 0.547452
vt 0.470787 0.547430
vt 0.471620 0.546222
vt 0.470038 0.548757
vt 0.470012 0.548727
vt 0.473757 0.544468
vt 0.473681 0.544426
vt 0.473752 0.544482
vt 0.476132 0.543861
vt 0.476124 0.543874
vt 0.481134 0.543380
vt 0.475661 0.543841
vt 0.479612 0.543350
vt 0.480381 0.549810
vt 0.483852 0.550056
vt 0.477985 0.550116
vt 0.476827 0.549841
vt 0.473415 0.551499
vt 0.472965 0.552306
vt 0.475308 0.549939
vt 0.474034 0.550827
vt 0.473460 0.551618
vt 0.472884 0.552476
vt 0.475483 0.550278
vt 0.478052 0.550994
vt 0.475529 0.551108
vt 0.474230 0.551657
vt 0.474092 0.551104
vt 0.473522 0.551780
vt 0.472929 0.552577
vt 0.473775 0.552137
vt 0.473372 0.552783
vt 0.474278 0.552136
vt 0.474230 0.552779
vt 0.483996 0.550947
vt 0.478056 0.551698
vt 0.478052 0.552513
vt 0.475539 0.551779
vt 0.475529 0.552569
vt 0.483993 0.553355
vt 0.478043 0.553381
vt 0.483982 0.557873
vt 0.478023 0.557887
vt 0.478033 0.554599
vt 0.483988 0.554579
vt 0.587065 0.550994
vt 0.587084 0.550116
vt 0.589578 0.551779
vt 0.589588 0.552569
vt 0.589588 0.551108
vt 0.589628 0.550278
vt 0.590467 0.550594
vt 0.590390 0.551320
vt 0.590369 0.551922
vt 0.590390 0.552660
vt 0.589658 0.549942
vt 0.587103 0.549843
vt 0.590512 0.550221
vt 0.591633 0.551616
vt 0.591529 0.551777
vt 0.591017 0.551103
vt 0.591080 0.550827
vt 0.592143 0.552471
vt 0.591965 0.552569
vt 0.591606 0.552779
vt 0.591297 0.552135
vt 0.590881 0.551657
vt 0.591297 0.552849
vt 0.591160 0.552348
vt 0.590881 0.552779
vt 0.590836 0.552135
vt 0.591297 0.705498
vt 0.591358 0.705532
vt 0.588611 0.706116
vt 0.591435 0.705574
vt 0.590490 0.706206
vt 0.591608 0.705683
vt 0.471614 0.703753
vt 0.470777 0.702554
vt 0.470043 0.548769
vt 0.470803 0.547467
vt 0.469997 0.701267
vt 0.469326 0.699862
vt 0.468837 0.698125
vt 0.468460 0.695364
vt 0.588283 0.706101
vt 0.591248 0.705471
vt 0.592522 0.704667
vt 0.592532 0.704703
vt 0.479607 0.543355
vt 0.475657 0.543847
vt 0.481124 0.543391
vt 0.473678 0.544433
vt 0.471620 0.546229
vt 0.471639 0.546280
vt 0.470789 0.547437
vt 0.470014 0.548732
vt 0.469347 0.550143
vt 0.469395 0.550196
vt 0.595052 0.548802
vt 0.594302 0.547501
vt 0.595068 0.548788
vt 0.593456 0.546348
vt 0.595693 0.550236
vt 0.592525 0.545364
vt 0.592536 0.545328
vt 0.588283 0.543934
vt 0.588611 0.543920
vt 0.595715 0.550217
vt 0.591250 0.544563
vt 0.591298 0.544537
vt 0.596621 0.556062
vt 0.596214 0.552116
vt 0.596902 0.685946
vt 0.593449 0.703677
vt 0.594290 0.702517
vt 0.593456 0.703703
vt 0.595036 0.701209
vt 0.595672 0.699769
vt 0.595695 0.699788
vt 0.596190 0.697886
vt 0.596596 0.693938
vt 0.596206 0.697950
vt 0.479607 0.706609
vt 0.473678 0.705532
vt 0.475657 0.706116
vt 0.473751 0.705483
vt 0.471614 0.703746
vt 0.469997 0.701258
vt 0.470777 0.702546
vt 0.470026 0.701221
vt 0.469326 0.699854
vt 0.469374 0.699800
vt 0.468143 0.690211
vt 0.468460 0.695362
vt 0.468166 0.688374
vt 0.468838 0.698119
vt 0.468862 0.551880
vt 0.468487 0.554639
vt 0.468502 0.555209
vt 0.468892 0.551982
s 1
usemtl blanco
f 540/240/250 545/241/251 544/242/252 538/243/253
f 542/244/254 546/245/255 545/241/251 540/240/250
f 538/243/253 539/246/256 541/247/257 540/240/250
f 540/240/250 541/247/257 543/248/258 542/244/254
f 541/247/257 800/249/259 802/250/260 543/248/258
f 543/248/258 802/250/260 399/251/261 289/252/262
f 542/244/254 543/248/258 289/252/262 290/253/263
f 542/244/254 290/253/263 291/254/264 546/245/255
f 546/245/255 549/255/265 548/256/266 545/241/251
f 291/254/264 292/257/267 549/255/265 546/245/255
f 575/258/268 548/256/266 549/255/265 578/259/269
f 572/260/270 547/261/271 548/256/266 575/258/268
f 578/259/269 549/255/265 292/257/267 307/262/272
f 545/241/251 548/256/266 547/261/271 544/242/252
f 544/242/252 547/261/271 551/263/273 550/264/274
f 550/264/274 551/263/273 553/265/275 552/266/276
f 554/267/277 551/263/273 547/261/271 572/260/270
f 551/263/273 554/267/277 557/268/278 553/265/275
f 553/265/275 557/268/278 299/269/279 293/270/280
f 554/267/277 555/271/281 558/272/282 557/268/278
f 555/271/281 556/273/283 559/274/284 558/272/282
f 552/266/276 553/265/275 293/270/280 294/275/285
f 556/273/283 295/276/286 296/277/287 559/274/284
f 559/274/284 296/277/287 263/278/288 297/279/289
f 558/272/282 559/274/284 297/279/289 298/280/290
f 557/268/278 558/272/282 298/280/290 299/269/279
f 555/271/281 571/281/291 570/282/292 556/273/283
f 554/267/277 572/260/270 571/281/291 555/271/281
f 556/273/283 570/282/292 302/283/293 295/276/286
f 560/284/294 561/285/295 563/286/296 562/287/297
f 561/285/295 300/288/298 301/289/299 563/286/296
f 563/286/296 301/289/299 263/278/288 296/277/287
f 562/287/297 563/286/296 296/277/287 295/276/286
f 562/287/297 565/290/300 564/291/301 560/284/294
f 1002/292/302 1022/293/303 1021/294/304 1003/295/305
f 562/287/297 295/276/286 302/283/293 565/290/300
f 564/291/301 565/290/300 567/296/306 566/297/307
f 566/297/307 567/296/306 569/298/308 568/299/309
f 565/290/300 302/283/293 303/300/310 567/296/306
f 567/296/306 303/300/310 304/301/311 569/298/308
f 569/298/308 304/301/311 264/302/312 305/303/313
f 568/299/309 569/298/308 305/303/313 306/304/314
f 570/282/292 571/281/291 574/305/315 573/306/316
f 571/281/291 572/260/270 575/258/268 574/305/315
f 573/306/316 574/305/315 577/307/317 576/308/318
f 574/305/315 575/258/268 578/259/269 577/307/317
f 577/307/317 578/259/269 307/262/272 308/309/319
f 576/308/318 577/307/317 308/309/319 309/310/320
f 304/301/311 576/308/318 309/310/320 264/302/312
f 303/300/310 573/306/316 576/308/318 304/301/311
f 302/283/293 570/282/292 573/306/316 303/300/310
f 603/311/321 606/312/322 605/313/323 602/314/324
f 579/315/325 580/316/326 583/317/327 582/318/328
f 580/316/326 581/319/329 584/320/330 583/317/327
f 601/321/331 582/318/328 312/322/332 314/323/333
f 581/319/329 306/304/314 305/303/313 584/320/330
f 584/320/330 305/303/313 264/302/312 310/324/334
f 583/317/327 584/320/330 310/324/334 311/325/335
f 582/318/328 583/317/327 311/325/335 312/322/332
f 599/326/336 579/315/325 582/318/328 601/321/331
f 593/327/337 596/328/338 595/329/339 592/330/340
f 586/331/341 587/332/342 585/333/343 591/334/344
f 588/335/345 589/336/346 585/333/343 587/332/342
f 590/337/347 591/334/344 585/333/343 589/336/346
f 595/329/339 596/328/338 587/332/342 586/331/341
f 596/328/338 597/338/348 588/335/345 587/332/342
f 307/262/272 586/331/341 591/334/344 308/309/319
f 312/322/332 311/325/335 589/336/346 588/335/345
f 597/338/348 314/323/333 312/322/332 588/335/345
f 264/302/312 309/310/320 590/337/347 310/324/334
f 309/310/320 308/309/319 591/334/344 590/337/347
f 310/324/334 590/337/347 589/336/346 311/325/335
f 594/339/349 597/338/348 596/328/338 593/327/337
f 313/340/350 314/323/333 597/338/348 594/339/349
f 792/341/351 793/342/352 795/343/353 794/344/354
f 291/254/264 592/330/340 595/329/339 292/257/267
f 598/345/355 599/326/336 601/321/331 600/346/356
f 600/346/356 601/321/331 314/323/333 313/340/350
f 292/257/267 595/329/339 586/331/341 307/262/272
f 602/314/324 605/313/323 599/326/336 598/345/355
f 579/315/325 599/326/336 605/313/323 610/347/357
f 580/316/326 609/348/358 608/349/359 581/319/329
f 579/315/325 610/347/357 609/348/358 580/316/326
f 581/319/329 608/349/359 317/350/360 306/304/314
f 604/351/361 607/352/362 606/312/322 603/311/321
f 643/353/363 646/354/364 607/352/362 604/351/361
f 610/347/357 605/313/323 606/312/322 613/355/365
f 607/352/362 646/354/364 632/356/366 616/357/367
f 608/349/359 609/348/358 612/358/368 611/359/369
f 609/348/358 610/347/357 613/355/365 612/358/368
f 611/359/369 612/358/368 615/360/370 614/361/371
f 612/358/368 613/355/365 616/357/367 615/360/370
f 613/355/365 606/312/322 607/352/362 616/357/367
f 615/360/370 636/362/372 635/363/373 614/361/371
f 614/361/371 635/363/373 318/364/374 315/365/375
f 316/366/376 611/359/369 614/361/371 315/365/375
f 317/350/360 608/349/359 611/359/369 316/366/376
f 566/297/307 618/367/377 617/368/378 564/291/301
f 568/299/309 619/369/379 618/367/377 566/297/307
f 626/370/380 627/371/381 629/372/382 628/373/383
f 568/299/309 306/304/314 317/350/360 619/369/379
f 617/368/378 618/367/377 621/374/384 620/375/385
f 618/367/377 619/369/379 622/376/386 621/374/384
f 620/375/385 621/374/384 624/377/387 623/378/388
f 621/374/384 622/376/386 625/379/389 624/377/387
f 631/380/390 625/379/389 315/365/375 318/364/374
f 619/369/379 317/350/360 316/366/376 622/376/386
f 622/376/386 316/366/376 315/365/375 625/379/389
f 629/372/382 624/377/387 625/379/389 631/380/390
f 627/371/381 623/378/388 624/377/387 629/372/382
f 628/373/383 629/372/382 631/380/390 630/381/391
f 630/381/391 631/380/390 318/364/374 319/382/392
f 635/363/373 636/362/372 633/383/393 634/384/394
f 640/385/395 628/373/383 630/381/391 642/386/396
f 638/387/397 626/370/380 628/373/383 640/385/395
f 632/356/366 633/383/393 636/362/372
f 318/364/374 635/363/373 634/384/394 319/382/392
f 616/357/367 632/356/366 636/362/372 615/360/370
f 647/388/398 648/389/399 634/384/394 633/383/393
f 637/390/400 638/387/397 640/385/395 639/391/401
f 648/389/399 320/392/402 319/382/392 634/384/394
f 639/391/401 640/385/395 642/386/396 641/393/403
f 641/393/403 642/386/396 320/392/402 321/394/404
f 646/354/364 647/388/398 633/383/393 632/356/366
f 644/395/405 647/388/398 646/354/364 643/353/363
f 645/396/406 648/389/399 647/388/398 644/395/405
f 320/392/402 648/389/399 645/396/406 321/394/404
f 642/386/396 630/381/391 319/382/392 320/392/402
f 649/397/407 627/371/381 626/370/380 650/398/408
f 649/397/407 650/398/408 652/399/409 651/400/410
f 626/370/380 638/387/397 655/401/411 650/398/408
f 651/400/410 652/399/409 322/402/412 323/403/413
f 655/401/411 656/404/414 652/399/409 650/398/408
f 656/404/414 325/405/415 322/402/412 652/399/409
f 1020/406/416 651/400/410 323/403/413 503/407/417
f 1017/408/418 623/378/388 627/371/381 649/397/407
f 1017/408/418 649/397/407 651/400/410 1020/406/416
f 655/401/411 638/387/397 637/390/400 653/409/419
f 654/410/420 656/404/414 655/401/411 653/409/419
f 653/409/419 657/411/421 659/412/422 654/410/420
f 324/413/423 325/405/415 656/404/414 654/410/420
f 657/411/421 658/414/424 660/415/425 659/412/422
f 658/414/424 715/416/426 717/417/427 660/415/425
f 660/415/425 717/417/427 344/418/428 326/419/429
f 659/412/422 660/415/425 326/419/429 327/420/430
f 661/421/431 657/411/421 653/409/419 637/390/400
f 657/411/421 661/421/431 664/422/432 658/414/424
f 664/422/432 710/423/433 715/416/426 658/414/424
f 661/421/431 662/424/434 665/425/435 664/422/432
f 662/424/434 663/426/436 666/427/437 665/425/435
f 714/428/438 666/427/437 329/429/439 331/430/440
f 663/426/436 328/431/441 329/429/439 666/427/437
f 712/432/442 665/425/435 666/427/437 714/428/438
f 710/423/433 664/422/432 665/425/435 712/432/442
f 641/393/403 663/426/436 662/424/434 639/391/401
f 639/391/401 662/424/434 661/421/431 637/390/400
f 321/394/404 328/431/441 663/426/436 641/393/403
f 667/433/443 668/434/444 671/435/445 670/436/446
f 668/434/444 669/437/447 672/438/448 671/435/445
f 677/439/449 678/440/450 672/438/448 669/437/447
f 671/435/445 687/441/451 689/442/452 670/436/446
f 670/436/446 689/442/452 331/430/440 329/429/439
f 328/431/441 667/433/443 670/436/446 329/429/439
f 643/353/363 669/437/447 668/434/444 644/395/405
f 644/395/405 668/434/444 667/433/443 645/396/406
f 677/439/449 669/437/447 643/353/363 604/351/361
f 667/433/443 328/431/441 321/394/404 645/396/406
f 602/314/324 673/443/453 675/444/454 603/311/321
f 603/311/321 675/444/454 677/439/449 604/351/361
f 673/443/453 674/445/455 676/446/456 675/444/454
f 675/444/454 676/446/456 678/440/450 677/439/449
f 676/446/456 681/447/457 683/448/458 678/440/450
f 678/440/450 683/448/458 685/449/459 672/438/448
f 681/447/457 682/450/460 684/451/461 683/448/458
f 674/445/455 679/452/462 681/447/457 676/446/456
f 695/453/463 696/454/464 684/451/461 682/450/460
f 696/454/464 700/455/465 686/456/466 684/451/461
f 687/441/451 688/457/467 690/458/468 689/442/452
f 689/442/452 690/458/468 330/459/469 331/430/440
f 672/438/448 685/449/459 687/441/451 671/435/445
f 685/449/459 686/456/466 688/457/467 687/441/451
f 701/460/470 702/461/471 690/458/468 688/457/467
f 702/461/471 339/462/472 330/459/469 690/458/468
f 334/463/473 335/464/474 697/465/475 693/466/476
f 692/467/477 695/453/463 694/468/478 691/469/479
f 693/466/476 696/454/464 695/453/463 692/467/477
f 697/465/475 700/455/465 696/454/464 693/466/476
f 332/470/480 333/471/481 692/467/477 691/469/479
f 333/471/481 334/463/473 693/466/476 692/467/477
f 694/468/478 695/453/463 682/450/460 680/472/482
f 699/473/483 702/461/471 701/460/470 698/474/484
f 338/475/485 339/462/472 702/461/471 699/473/483
f 335/464/474 336/476/486 698/474/484 697/465/475
f 336/476/486 337/477/487 699/473/483 698/474/484
f 337/477/487 265/478/488 338/475/485 699/473/483
f 703/479/489 704/480/490 706/481/491 705/482/492
f 700/455/465 701/460/470 688/457/467 686/456/466
f 705/482/492 706/481/491 708/483/493 707/484/494
f 707/484/494 708/483/493 339/462/472 338/475/485
f 706/481/491 711/485/495 713/486/496 708/483/493
f 708/483/493 713/486/496 330/459/469 339/462/472
f 709/487/497 710/423/433 712/432/442 711/485/495
f 340/488/498 707/484/494 338/475/485 265/478/488
f 341/489/499 705/482/492 707/484/494 340/488/498
f 342/490/500 703/479/489 705/482/492 341/489/499
f 711/485/495 712/432/442 714/428/438 713/486/496
f 704/480/490 709/487/497 711/485/495 706/481/491
f 713/486/496 714/428/438 331/430/440 330/459/469
f 717/417/427 718/491/501 343/492/502 344/418/428
f 715/416/426 710/423/433 709/487/497 716/493/503
f 715/416/426 716/493/503 718/491/501 717/417/427
f 709/487/497 704/480/490 721/494/504 716/493/503
f 654/410/420 659/412/422 327/420/430 324/413/423
f 721/494/504 722/495/505 718/491/501 716/493/503
f 722/495/505 348/496/506 343/492/502 718/491/501
f 721/494/504 704/480/490 703/479/489 719/497/507
f 703/479/489 342/490/500 345/498/508 719/497/507
f 720/499/509 722/495/505 721/494/504 719/497/507
f 347/500/510 348/496/506 722/495/505 720/499/509
f 345/498/508 346/501/511 720/499/509 719/497/507
f 346/501/511 266/502/512 347/500/510 720/499/509
f 698/474/484 701/460/470 700/455/465 697/465/475
f 774/556/631 691/469/479 694/468/478 775/557/632
f 774/556/631 775/557/632 777/558/633 776/559/634
f 778/560/635 775/557/632 694/468/478 680/472/482
f 775/557/632 778/560/635 780/561/636 777/558/633
f 777/558/633 780/561/636 396/562/637 393/563/638
f 774/556/631 388/548/639 332/470/480 691/469/479
f 389/549/640 776/559/634 394/564/641 272/565/642
f 388/548/639 774/556/631 776/559/634 389/549/640
f 778/560/635 779/566/643 781/567/644 780/561/636
f 776/559/634 777/558/633 393/563/638 394/564/641
f 784/568/645 785/569/646 781/567/644 779/566/643
f 785/569/646 398/570/647 395/571/648 781/567/644
f 778/560/635 680/472/482 679/452/462 779/566/643
f 685/449/459 683/448/458 684/451/461 686/456/466
f 784/568/645 779/566/643 679/452/462 674/445/455
f 782/572/649 783/573/650 785/569/646 784/568/645
f 783/573/650 397/574/651 398/570/647 785/569/646
f 780/561/636 781/567/644 395/571/648 396/562/637
f 673/443/453 782/572/649 784/568/645 674/445/455
f 679/452/462 680/472/482 682/450/460 681/447/457
f 600/346/356 783/573/650 782/572/649 598/345/355
f 313/340/350 397/574/651 783/573/650 600/346/356
f 782/572/649 673/443/453 602/314/324 598/345/355
f 786/575/652 787/576/653 790/577/654 789/578/655
f 787/576/653 788/579/656 791/580/657 790/577/654
f 289/252/262 399/251/261 792/341/351 791/580/657
f 788/579/656 290/253/263 289/252/262 791/580/657
f 791/580/657 792/341/351 794/344/354 790/577/654
f 790/577/654 794/344/354 796/581/658 789/578/655
f 789/578/655 796/581/658 395/571/648 398/570/647
f 405/582/659 813/583/660 793/342/352 400/584/661
f 397/574/651 786/575/652 789/578/655 398/570/647
f 592/330/340 788/579/656 787/576/653 593/327/337
f 593/327/337 787/576/653 786/575/652 594/339/349
f 291/254/264 290/253/263 788/579/656 592/330/340
f 786/575/652 397/574/651 313/340/350 594/339/349
f 794/344/354 795/343/353 797/585/662 796/581/658
f 399/251/261 400/584/661 793/342/352 792/341/351
f 796/581/658 797/585/662 396/562/637 395/571/648
f 813/583/660 814/586/663 795/343/353 793/342/352
f 814/586/663 815/587/664 797/585/662 795/343/353
f 815/587/664 393/563/638 396/562/637 797/585/662
f 802/250/260 803/588/665 400/584/661 399/251/261
f 798/589/666 799/590/667 801/591/668 800/249/259
f 800/249/259 801/591/668 803/588/665 802/250/260
f 539/246/256 798/589/666 800/249/259 541/247/257
f 808/592/669 809/593/670 803/588/665 801/591/668
f 809/593/670 405/582/659 400/584/661 803/588/665
f 805/594/671 808/592/669 807/595/672 804/596/673
f 806/597/674 809/593/670 808/592/669 805/594/671
f 404/598/675 405/582/659 809/593/670 806/597/674
f 401/599/676 402/600/677 805/594/671 804/596/673
f 402/600/677 403/601/678 806/597/674 805/594/671
f 403/601/678 273/602/679 404/598/675 806/597/674
f 807/595/672 808/592/669 801/591/668 799/590/667
f 812/603/680 815/587/664 814/586/663 811/604/681
f 393/563/638 815/587/664 812/603/680 394/564/641
f 273/602/679 406/605/682 810/606/683 404/598/675
f 406/605/682 407/607/684 811/604/681 810/606/683
f 407/607/684 408/608/685 812/603/680 811/604/681
f 408/608/685 272/565/642 394/564/641 812/603/680
f 404/598/675 810/606/683 813/583/660 405/582/659
f 895/611/690 896/612/691 898/613/692 897/614/693
f 922/686/826 882/687/827 464/688/828 476/689/829
f 880/706/848 882/687/827 881/707/849 879/708/850
f 470/709/851 912/710/852 888/711/853 466/712/854
f 463/713/855 464/688/828 882/687/827 880/706/848
f 459/714/856 458/715/857 880/706/848 879/708/850
f 458/715/857 285/716/858 463/713/855 880/706/848
f 920/717/859 881/707/849 882/687/827 922/686/826
f 884/718/860 887/719/861 886/720/862 883/721/863
f 885/722/864 888/711/853 887/719/861 884/718/860
f 465/723/865 466/712/854 888/711/853 885/722/864
f 285/716/858 462/697/866 883/721/863 463/713/855
f 462/697/866 461/696/867 884/718/860 883/721/863
f 461/696/867 460/724/868 885/722/864 884/718/860
f 460/724/868 286/725/869 465/723/865 885/722/864
f 463/713/855 883/721/863 886/720/862 464/688/828
f 912/710/852 913/726/870 887/719/861 888/711/853
f 913/726/870 914/727/871 886/720/862 887/719/861
f 914/727/871 476/689/829 464/688/828 886/720/862
f 889/728/872 890/729/873 892/730/874 891/731/875
f 890/729/873 895/611/690 897/614/693 892/730/874
f 892/730/874 897/614/693 470/709/851 466/712/854
f 467/732/876 891/731/875 465/723/865 286/725/869
f 468/733/877 889/728/872 891/731/875 467/732/876
f 889/728/872 804/596/673 807/595/672 890/729/873
f 811/604/681 814/586/663 813/583/660 810/606/683
f 895/611/690 890/729/873 807/595/672 799/590/667
f 889/728/872 468/733/877 401/599/676 804/596/673
f 901/742/886 896/612/691 798/589/666 539/246/256
f 891/731/875 892/730/874 466/712/854 465/723/865
f 897/614/693 898/613/692 469/743/887 470/709/851
f 901/742/886 902/744/888 898/613/692 896/612/691
f 902/744/888 472/745/889 469/743/887 898/613/692
f 895/611/690 799/590/667 798/589/666 896/612/691
f 899/746/890 538/243/253 544/242/252 550/264/274
f 552/266/276 900/747/891 899/746/890 550/264/274
f 538/243/253 899/746/890 901/742/886 539/246/256
f 552/266/276 294/275/285 471/748/892 900/747/891
f 899/746/890 900/747/891 902/744/888 901/742/886
f 900/747/891 471/748/892 472/745/889 902/744/888
f 903/749/893 904/750/894 907/751/895 906/752/896
f 904/750/894 905/753/897 908/754/898 907/751/895
f 474/755/899 475/756/900 911/757/901 908/754/898
f 905/753/897 473/758/902 474/755/899 908/754/898
f 908/754/898 911/757/901 910/759/903 907/751/895
f 907/751/895 910/759/903 909/760/904 906/752/896
f 906/752/896 909/760/904 469/743/887 472/745/889
f 471/748/892 903/749/893 906/752/896 472/745/889
f 910/759/903 913/726/870 912/710/852 909/760/904
f 911/757/901 914/727/871 913/726/870 910/759/903
f 475/756/900 476/689/829 914/727/871 911/757/901
f 469/743/887 909/760/904 912/710/852 470/709/851
f 915/761/905 916/762/906 918/763/907 917/764/908
f 916/762/906 919/765/909 921/766/910 918/763/907
f 918/763/907 921/766/910 475/756/900 474/755/899
f 917/764/908 918/763/907 474/755/899 473/758/902
f 919/765/909 920/717/859 922/686/826 921/766/910
f 921/766/910 922/686/826 476/689/829 475/756/900
f 915/761/905 923/767/911 926/768/912 916/762/906
f 926/768/912 930/769/913 919/765/909 916/762/906
f 929/770/914 920/717/859 919/765/909 930/769/913
f 929/770/914 936/771/915 881/707/849 920/717/859
f 923/767/911 924/772/916 927/773/917 926/768/912
f 924/772/916 925/774/918 928/775/919 927/773/917
f 925/774/918 983/776/920 986/777/921 928/775/919
f 930/769/913 926/768/912 927/773/917 932/778/922
f 928/775/919 986/777/921 947/779/923 934/780/924
f 931/781/925 932/778/922 934/780/924 933/782/926
f 947/779/923 950/783/927 933/782/926 934/780/924
f 932/778/922 927/773/917 928/775/919 934/780/924
f 936/771/915 929/770/914 931/781/925 938/784/928
f 935/785/929 879/708/850 881/707/849 936/771/915
f 935/785/929 936/771/915 938/784/928 937/786/930
f 933/782/926 950/783/927 946/787/931 940/788/932
f 935/785/929 479/789/933 459/714/856 879/708/850
f 937/786/930 938/784/928 940/788/932 939/790/934
f 943/791/935 939/790/934 940/788/932 946/787/931
f 938/784/928 931/781/925 933/782/926 940/788/932
f 482/736/936 477/737/937 939/790/934 943/791/935
f 950/783/927 951/792/938 945/793/939 946/787/931
f 478/794/940 937/786/930 939/790/934 477/737/937
f 479/789/933 935/785/929 937/786/930 478/794/940
f 943/791/935 946/787/931 945/793/939 942/795/941
f 347/500/510 941/796/942 944/797/943 348/496/506
f 266/502/512 480/798/944 941/796/942 347/500/510
f 480/798/944 481/799/945 942/795/941 941/796/942
f 481/799/945 482/736/936 943/791/935 942/795/941
f 942/795/941 945/793/939 944/797/943 941/796/942
f 951/792/938 952/800/946 944/797/943 945/793/939
f 952/800/946 343/492/502 348/496/506 944/797/943
f 986/777/921 987/801/947 948/802/948 947/779/923
f 948/802/948 951/792/938 950/783/927 947/779/923
f 949/803/949 952/800/946 951/792/938 948/802/948
f 343/492/502 952/800/946 949/803/949 344/418/428
f 987/801/947 988/804/950 949/803/949 948/802/948
f 988/804/950 326/419/429 344/418/428 949/803/949
f 989/823/1005 990/824/1006 992/825/1007 991/826/1008
f 983/776/920 984/827/1009 987/801/947 986/777/921
f 984/827/1009 985/828/1010 988/804/950 987/801/947
f 929/770/914 930/769/913 932/778/922 931/781/925
f 985/828/1010 327/420/430 326/419/429 988/804/950
f 923/767/911 989/823/1005 991/826/1008 924/772/916
f 924/772/916 991/826/1008 993/829/1011 925/774/918
f 993/829/1011 997/830/1012 983/776/920 925/774/918
f 983/776/920 997/830/1012 996/831/1013 984/827/1009
f 984/827/1009 996/831/1013 995/832/1014 985/828/1010
f 995/832/1014 324/413/423 327/420/430 985/828/1010
f 991/826/1008 992/825/1007 994/833/1015 993/829/1011
f 992/825/1007 1004/834/1016 1007/835/1017 994/833/1015
f 994/833/1015 1007/835/1017 1010/836/1018 1000/837/1019
f 997/830/1012 1000/837/1019 999/838/1020 996/831/1013
f 324/413/423 995/832/1014 998/839/1021 325/405/415
f 996/831/1013 999/838/1020 998/839/1021 995/832/1014
f 999/838/1020 1014/840/1022 1013/841/1023 998/839/1021
f 998/839/1021 1013/841/1023 322/402/412 325/405/415
f 1013/841/1023 1014/840/1022 1011/842/1024 1012/843/1025
f 1001/844/1026 1002/292/302 1005/845/1027 1004/834/1016
f 1002/292/302 1003/295/305 1006/846/1028 1005/845/1027
f 1004/834/1016 1005/845/1027 1008/847/1029 1007/835/1017
f 1005/845/1027 1006/846/1028 1009/848/1030 1008/847/1029
f 990/824/1006 1001/844/1026 1004/834/1016 992/825/1007
f 323/403/413 1012/843/1025 1009/848/1030 503/407/417
f 1003/295/305 501/849/1031 502/850/1032 1006/846/1028
f 1006/846/1028 502/850/1032 503/407/417 1009/848/1030
f 1009/848/1030 1012/843/1025 1011/842/1024 1008/847/1029
f 1008/847/1029 1011/842/1024 1010/836/1018 1007/835/1017
f 1010/836/1018 1011/842/1024 1014/840/1022
f 322/402/412 1013/841/1023 1012/843/1025 323/403/413
f 1000/837/1019 1010/836/1018 1014/840/1022 999/838/1020
f 1015/851/1033 1016/852/1034 1019/853/1035 1018/854/1036
f 1016/852/1034 1017/408/418 1020/406/416 1019/853/1035
f 1019/853/1035 1020/406/416 503/407/417 502/850/1032
f 1018/854/1036 1019/853/1035 502/850/1032 501/849/1031
f 560/284/294 1015/851/1033 1018/854/1036 561/285/295
f 1018/854/1036 501/849/1031 300/288/298 561/285/295
f 1001/844/1026 1023/855/1037 1022/293/303 1002/292/302
f 990/824/1006 1029/856/1038 1023/855/1037 1001/844/1026
f 1021/294/304 1022/293/303 1025/857/1039 1024/858/1040
f 1022/293/303 1023/855/1037 1026/859/1041 1025/857/1039
f 1029/856/1038 1030/860/1042 1026/859/1041 1023/855/1037
f 1030/860/1042 508/861/1043 504/862/1044 1026/859/1041
f 1025/857/1039 1026/859/1041 504/862/1044 505/863/1045
f 1024/858/1040 1025/857/1039 505/863/1045 506/864/1046
f 301/289/299 1024/858/1040 506/864/1046 263/278/288
f 300/288/298 1021/294/304 1024/858/1040 301/289/299
f 1028/865/1047 1030/860/1042 1029/856/1038 1027/866/1048
f 507/867/1049 508/861/1043 1030/860/1042 1028/865/1047
f 1003/295/305 1021/294/304 300/288/298 501/849/1031
f 989/823/1005 1027/866/1048 1029/856/1038 990/824/1006
f 997/830/1012 993/829/1011 994/833/1015 1000/837/1019
f 917/764/908 1028/865/1047 1027/866/1048 915/761/905
f 473/758/902 507/867/1049 1028/865/1047 917/764/908
f 1032/868/1050 1035/869/1051 1034/870/1052 1031/871/1053
f 1027/866/1048 989/823/1005 923/767/911 915/761/905
f 1033/872/1054 1036/873/1055 1035/869/1051 1032/868/1050
f 293/270/280 1036/873/1055 1033/872/1054 294/275/285
f 293/270/280 299/269/279 1038/874/1056 1036/873/1055
f 507/867/1049 1031/871/1053 1034/870/1052 508/861/1043
f 1036/873/1055 1038/874/1056 1043/875/1057 1035/869/1051
f 1035/869/1051 1043/875/1057 1042/876/1058 1034/870/1052
f 1034/870/1052 1042/876/1058 504/862/1044 508/861/1043
f 903/749/893 1033/872/1054 1032/868/1050 904/750/894
f 904/750/894 1032/868/1050 1031/871/1053 905/753/897
f 471/748/892 294/275/285 1033/872/1054 903/749/893
f 1031/871/1053 507/867/1049 473/758/902 905/753/897
f 1038/874/1056 1039/877/1059 1037/878/1060 1043/875/1057
f 1040/879/1061 1041/880/1062 1037/878/1060 1039/877/1059
f 1042/876/1058 1043/875/1057 1037/878/1060 1041/880/1062
f 299/269/279 298/280/290 1039/877/1059 1038/874/1056
f 263/278/288 506/864/1046 1040/879/1061 297/279/289
f 506/864/1046 505/863/1045 1041/880/1062 1040/879/1061
f 297/279/289 1040/879/1061 1039/877/1059 298/280/290
f 504/862/1044 1042/876/1058 1041/880/1062 505/863/1045
f 1015/851/1033 617/368/378 620/375/385 1016/852/1034
f 1016/852/1034 620/375/385 623/378/388 1017/408/418
f 617/368/378 1015/851/1033 560/284/294 564/291/301
usemtl metal_1
f 723/503/513 724/504/514 349/498/515 350/501/516
f 521/505/517 723/503/513 350/501/516 267/502/518
f 1055/506/519 365/490/520 349/498/515 724/504/514
f 725/507/521 726/508/522 728/509/523 727/510/524
f 727/510/524 728/509/523 351/498/525 352/501/526
f 530/511/527 727/510/524 352/501/526 268/502/528
f 531/512/529 725/507/521 727/510/524 530/511/527
f 726/508/522 739/513/530 742/514/531 728/509/523
f 742/514/531 362/490/532 351/498/525 728/509/523
f 762/515/533 748/515/534 375/515/535 382/515/536
f 729/515/537 730/515/538 732/515/539 731/515/540
f 731/515/540 351/515/541 362/515/542 738/515/543
f 730/515/538 357/515/544 358/515/545 732/515/539
f 732/515/539 358/515/545 268/515/546 352/515/547
f 731/515/540 732/515/539 352/515/547 351/515/541
f 360/515/548 361/515/549 735/515/550 734/515/551
f 733/515/552 734/515/551 737/515/553 736/515/554
f 734/515/551 735/515/550 738/515/543 737/515/553
f 737/515/553 738/515/543 362/515/542 363/515/555
f 736/515/554 737/515/553 363/515/555 364/515/556
f 513/515/557 736/515/554 364/515/556 269/515/558
f 514/515/559 733/515/552 736/515/554 513/515/557
f 1117/516/560 741/517/561 740/518/562 1116/519/563
f 739/513/530 740/518/562 743/520/564 742/514/531
f 740/518/562 741/517/561 744/521/565 743/520/564
f 371/515/566 372/515/567 747/515/568 746/515/569
f 741/517/561 368/522/570 369/523/571 744/521/565
f 744/521/565 369/523/571 269/478/572 364/488/573
f 743/520/564 744/521/565 364/488/573 363/489/574
f 742/514/531 743/520/564 363/489/574 362/490/532
f 745/515/575 746/515/569 749/515/576 748/515/534
f 746/515/569 747/515/568 750/515/577 749/515/576
f 735/515/550 729/515/537 731/515/540 738/515/543
f 747/515/568 514/515/559 513/515/557 750/515/577
f 750/515/577 513/515/557 269/515/558 373/515/578
f 749/515/576 750/515/577 373/515/578 374/515/579
f 748/515/534 749/515/576 374/515/579 375/515/535
f 759/515/580 745/515/575 748/515/534 762/515/533
f 1111/524/581 753/525/582 752/526/583 1110/527/584
f 751/528/585 752/526/583 755/529/586 754/530/587
f 752/526/583 753/525/582 756/531/588 755/529/586
f 753/525/582 763/532/589 766/533/590 756/531/588
f 756/531/588 766/533/590 382/463/591 375/534/592
f 755/529/586 756/531/588 375/534/592 374/476/593
f 754/530/587 755/529/586 374/476/593 373/477/594
f 369/523/571 754/530/587 373/477/594 269/478/572
f 368/522/570 751/528/585 754/530/587 369/523/571
f 380/515/595 381/515/596 759/515/580 758/515/597
f 757/515/598 758/515/597 761/515/599 760/515/600
f 758/515/597 759/515/580 762/515/533 761/515/599
f 1105/535/601 765/536/602 764/537/603 1104/538/604
f 761/515/599 762/515/533 382/515/536 383/515/605
f 760/515/600 761/515/599 383/515/605 384/515/606
f 1045/515/607 757/515/598 760/515/600 1047/515/608
f 763/532/589 764/537/603 767/539/609 766/533/590
f 764/537/603 765/536/602 768/540/610 767/539/609
f 767/539/609 768/540/610 384/541/611 383/542/612
f 766/533/590 767/539/609 383/542/612 382/463/591
f 765/536/602 1048/543/613 1050/544/614 768/540/610
f 333/471/615 332/470/616 771/545/617 770/546/618
f 770/546/618 771/545/617 387/541/619 386/542/620
f 769/547/621 770/546/618 386/542/620 385/463/622
f 388/548/623 389/549/624 773/550/625 772/551/626
f 771/545/617 332/470/616 388/548/623 772/551/626
f 772/551/626 392/552/627 387/541/619 771/545/617
f 773/550/625 390/553/628 275/554/629 391/555/630
f 772/551/626 773/550/625 391/555/630 392/552/627
f 402/600/686 401/599/687 818/609/688 817/610/689
f 817/610/689 818/609/688 409/615/694 410/616/695
f 816/617/696 817/610/689 410/616/695 411/618/697
f 522/619/698 816/617/696 411/618/697 274/620/699
f 407/607/700 406/605/701 821/621/702 820/622/703
f 1099/623/704 824/624/705 823/625/706 1098/626/707
f 821/621/702 522/619/698 274/620/699 412/627/708
f 820/622/703 821/621/702 412/627/708 413/628/709
f 819/629/710 820/622/703 413/628/709 414/630/711
f 390/553/712 819/629/710 414/630/711 275/554/713
f 822/631/714 823/625/706 826/632/715 825/633/716
f 823/625/706 824/624/705 827/634/717 826/632/715
f 826/632/715 827/634/717 415/635/718 416/636/719
f 825/633/716 826/632/715 416/636/719 417/637/720
f 532/638/721 825/633/716 417/637/720 276/639/722
f 533/640/723 822/631/714 825/633/716 532/638/721
f 1093/641/724 830/642/725 829/643/726 1092/644/727
f 828/645/728 829/643/726 832/646/729 831/647/730
f 829/643/726 830/642/725 833/648/731 832/646/729
f 830/642/725 533/640/723 532/638/721 833/648/731
f 833/648/731 532/638/721 276/639/722 420/649/732
f 832/646/729 833/648/731 420/649/732 421/650/733
f 831/647/730 832/646/729 421/650/733 422/651/734
f 534/652/735 831/647/730 422/651/734 278/653/736
f 535/654/737 828/645/728 831/647/730 534/652/735
f 426/515/738 427/515/739 836/515/740 835/515/741
f 834/515/742 835/515/741 838/515/743 837/515/744
f 835/515/741 836/515/740 839/515/745 838/515/743
f 836/515/740 428/515/746 429/515/747 839/515/745
f 839/515/745 429/515/747 278/515/748 422/515/749
f 838/515/743 839/515/745 422/515/749 421/515/750
f 837/515/744 838/515/743 421/515/750 420/515/751
f 515/515/752 837/515/744 420/515/751 276/515/753
f 516/515/754 834/515/742 837/515/744 515/515/752
f 431/515/755 432/515/756 842/515/757 841/515/758
f 840/515/759 841/515/758 844/515/760 843/515/761
f 841/515/758 842/515/757 845/515/762 844/515/760
f 842/515/757 516/515/754 515/515/752 845/515/762
f 845/515/762 515/515/752 276/515/753 417/515/763
f 844/515/760 845/515/762 417/515/763 416/515/764
f 843/515/761 844/515/760 416/515/764 415/515/765
f 851/515/766 840/515/759 843/515/761 853/515/767
f 824/624/705 846/655/768 848/656/769 827/634/717
f 1087/657/770 847/658/771 846/655/768 1086/659/772
f 846/655/768 847/658/771 849/660/773 848/656/769
f 848/656/769 438/661/774 415/635/718 827/634/717
f 847/658/771 435/662/775 436/663/776 849/660/773
f 849/660/773 436/663/776 279/664/777 437/665/778
f 848/656/769 849/660/773 437/665/778 438/661/774
f 850/515/779 851/515/766 853/515/767 852/515/780
f 843/515/761 415/515/765 438/515/781 853/515/767
f 852/515/780 853/515/767 438/515/781 437/515/782
f 517/515/783 852/515/780 437/515/782 279/515/784
f 518/515/785 850/515/779 852/515/780 517/515/783
f 442/515/786 443/515/787 856/515/788 855/515/789
f 854/515/790 855/515/789 858/515/791 857/515/792
f 855/515/789 856/515/788 859/515/793 858/515/791
f 856/515/788 518/515/785 517/515/783 859/515/793
f 859/515/793 517/515/783 279/515/784 444/515/794
f 858/515/791 859/515/793 444/515/794 445/515/795
f 857/515/792 858/515/791 445/515/795 446/515/796
f 519/515/797 857/515/792 446/515/796 282/515/798
f 520/515/799 854/515/790 857/515/792 519/515/797
f 860/515/800 861/515/801 863/515/802 862/515/803
f 861/515/801 520/515/799 519/515/797 863/515/802
f 863/515/802 519/515/797 282/515/798 449/515/804
f 862/515/803 863/515/802 449/515/804 450/515/805
f 864/666/806 865/667/807 867/668/808 866/669/809
f 866/669/809 867/668/808 450/670/810 449/671/811
f 536/672/812 866/669/809 449/671/811 282/673/813
f 537/674/814 864/666/806 866/669/809 536/672/812
f 1079/675/815 870/676/816 869/677/817 1078/678/818
f 868/679/819 869/677/817 872/680/820 871/681/821
f 869/677/817 870/676/816 873/682/822 872/680/820
f 870/676/816 537/674/814 536/672/812 873/682/822
f 873/682/822 536/672/812 282/673/813 446/683/823
f 872/680/820 873/682/822 446/683/823 445/684/824
f 871/681/821 872/680/820 445/684/824 444/685/825
f 436/663/776 871/681/821 444/685/825 279/664/777
f 435/662/775 868/679/819 871/681/821 436/663/776
f 874/690/830 875/691/831 452/692/832 451/693/833
f 523/694/834 874/690/830 451/693/833 283/695/835
f 461/696/836 462/697/837 878/698/838 877/699/839
f 878/698/838 523/694/840 283/695/841 457/700/842
f 877/699/839 878/698/838 457/700/842 456/701/843
f 876/702/844 877/699/839 456/701/843 455/703/845
f 524/704/846 876/702/844 455/703/845 284/705/847
f 958/734/878 953/735/879 485/736/880 486/737/881
f 894/738/882 524/704/846 284/705/847 434/739/883
f 893/740/884 894/738/882 434/739/883 433/741/885
f 893/740/884 433/741/885 409/615/694 818/609/688
f 481/799/951 480/798/952 955/805/953 954/806/954
f 955/805/953 521/505/517 267/502/518 483/798/955
f 954/806/954 955/805/953 483/798/955 484/799/956
f 953/735/879 954/806/954 484/799/956 485/736/880
f 478/794/957 477/737/958 958/734/878 957/807/959
f 957/807/959 958/734/878 486/737/881 487/794/960
f 956/808/961 957/807/959 487/794/960 488/789/962
f 959/809/963 960/810/964 963/811/965 962/812/966
f 960/810/964 961/813/967 964/814/968 963/811/965
f 961/813/967 531/512/529 530/511/527 964/814/968
f 964/814/968 530/511/527 268/502/528 489/798/969
f 963/811/965 964/814/968 489/798/969 490/799/970
f 962/812/966 963/811/965 490/799/970 491/736/971
f 967/815/972 959/809/963 962/812/966 970/816/973
f 1067/817/974 967/815/972 966/818/975 1066/819/976
f 965/820/977 966/818/975 969/821/978 968/822/979
f 966/818/975 967/815/972 970/816/973 969/821/978
f 969/821/978 970/816/973 492/737/980 493/794/981
f 968/822/979 969/821/978 493/794/981 494/789/982
f 496/515/983 497/515/984 973/515/985 972/515/986
f 971/515/987 972/515/986 975/515/988 974/515/989
f 972/515/986 973/515/985 976/515/990 975/515/988
f 973/515/985 977/515/991 980/515/992 976/515/990
f 976/515/990 980/515/992 492/515/993 491/515/994
f 975/515/988 976/515/990 491/515/994 490/515/995
f 974/515/989 975/515/988 490/515/995 489/515/996
f 358/515/545 974/515/989 489/515/996 268/515/546
f 357/515/544 971/515/987 974/515/989 358/515/545
f 499/515/997 500/515/998 979/515/999 978/515/1000
f 977/515/991 978/515/1000 981/515/1001 980/515/992
f 978/515/1000 979/515/999 982/515/1002 981/515/1001
f 981/515/1001 982/515/1002 494/515/1003 493/515/1004
f 980/515/992 981/515/1001 493/515/1004 492/515/993
f 979/515/999 860/515/800 862/515/803 982/515/1002
f 862/515/803 450/515/805 494/515/1003 982/515/1002
f 865/667/807 965/820/977 968/822/979 867/668/808
f 968/822/979 494/789/982 450/670/810 867/668/808
f 956/808/961 488/789/962 452/692/832 875/691/831
f 1044/515/1063 1045/515/607 1047/515/608 1046/515/1064
f 760/515/600 384/515/606 511/515/1065 1047/515/608
f 1046/515/1064 1047/515/608 511/515/1065 512/515/1066
f 429/515/747 1046/515/1064 512/515/1066 278/515/748
f 428/515/746 1044/515/1063 1046/515/1064 429/515/747
f 1061/881/1067 1049/882/1068 1048/543/613 1060/883/1069
f 1048/543/613 1049/882/1068 1051/884/1070 1050/544/614
f 1050/544/614 511/885/1071 384/541/611 768/540/610
f 1049/882/1068 535/654/737 534/652/735 1051/884/1070
f 1051/884/1070 534/652/735 278/653/736 512/886/1072
f 1050/544/614 1051/884/1070 512/886/1072 511/885/1071
f 336/476/1073 335/464/1074 1054/887/1075 1053/888/1076
f 1073/889/1077 961/813/967 960/810/964 1072/890/1078
f 1053/888/1076 1054/887/1075 378/534/1079 377/476/1080
f 1052/891/1081 1053/888/1076 377/476/1080 376/477/1082
f 525/892/1083 1052/891/1081 376/477/1082 270/478/1084
f 341/489/1085 340/488/1086 1057/893/1087 1056/894/1088
f 1057/893/1087 525/892/1083 270/478/1084 367/488/1089
f 1056/894/1088 1057/893/1087 367/488/1089 366/489/1090
f 1055/506/519 1056/894/1088 366/489/1090 365/490/520
f 509/515/1091 510/515/1092 1045/515/607 1044/515/1063
f 1044/515/1063 428/515/746 288/515/1093 509/515/1091
f 498/515/1094 499/515/997 978/515/1000 977/515/991
f 977/515/991 973/515/985 497/515/984 498/515/1094
f 447/515/1095 860/515/800 979/515/999 500/515/998
f 495/515/1096 496/515/983 972/515/986 971/515/987
f 971/515/987 357/515/544 287/515/1097 495/515/1096
f 447/515/1095 448/515/1098 861/515/801 860/515/800
f 281/515/1099 520/515/799 861/515/801 448/515/1098
f 441/515/1100 442/515/786 855/515/789 854/515/790
f 280/515/1101 518/515/785 856/515/788 443/515/787
f 854/515/790 520/515/799 281/515/1099 441/515/1100
f 439/515/1102 440/515/1103 851/515/766 850/515/779
f 850/515/779 518/515/785 280/515/1101 439/515/1102
f 430/515/1104 840/515/759 851/515/766 440/515/1103
f 430/515/1104 431/515/755 841/515/758 840/515/759
f 277/515/1105 516/515/754 842/515/757 432/515/756
f 425/515/1106 426/515/738 835/515/741 834/515/742
f 288/515/1093 428/515/746 836/515/740 427/515/739
f 834/515/742 516/515/754 277/515/1105 425/515/1106
f 379/515/1107 757/515/598 1045/515/607 510/515/1092
f 379/515/1107 380/515/595 758/515/597 757/515/598
f 370/515/1108 745/515/575 759/515/580 381/515/596
f 370/515/1108 371/515/566 746/515/569 745/515/575
f 271/515/1109 514/515/559 747/515/568 372/515/567
f 359/515/1110 360/515/548 734/515/551 733/515/552
f 355/515/1111 356/515/1112 730/515/538 729/515/537
f 733/515/552 514/515/559 271/515/1109 359/515/1110
f 287/515/1097 357/515/544 730/515/538 356/515/1112
f 355/515/1111 729/515/537 735/515/550 361/515/549
f 342/490/1113 341/489/1085 1056/894/1088 1055/506/519
f 265/478/1114 525/892/1083 1057/893/1087 340/488/1086
f 337/477/1115 336/476/1073 1053/888/1076 1052/891/1081
f 334/463/1116 769/547/621 1054/887/1075 335/464/1074
f 1052/891/1081 525/892/1083 265/478/1114 337/477/1115
f 479/789/1117 478/794/957 957/807/959 956/808/961
f 477/737/958 482/736/1118 953/735/879 958/734/878
f 482/736/1118 481/799/951 954/806/954 953/735/879
f 266/502/1119 521/505/517 955/805/953 480/798/952
f 468/733/1120 467/732/1121 894/738/882 893/740/884
f 286/725/1122 524/704/846 894/738/882 467/732/1121
f 460/724/1123 461/696/836 877/699/839 876/702/844
f 285/716/1124 523/694/840 878/698/838 462/697/837
f 876/702/844 524/704/846 286/725/1122 460/724/1123
f 459/714/1125 479/789/1117 956/808/961 875/691/831
f 458/715/1126 459/714/1125 875/691/831 874/690/830
f 874/690/830 523/694/834 285/716/1127 458/715/1126
f 408/608/1128 407/607/700 820/622/703 819/629/710
f 273/602/1129 522/619/698 821/621/702 406/605/701
f 819/629/710 390/553/712 272/565/1130 408/608/1128
f 403/601/1131 402/600/686 817/610/689 816/617/696
f 816/617/696 522/619/698 273/602/1129 403/601/1131
f 272/565/1132 390/553/628 773/550/625 389/549/624
f 468/733/1120 893/740/884 818/609/688 401/599/687
f 1054/887/1075 769/547/621 385/463/622 378/534/1079
f 334/463/1116 333/471/615 770/546/618 769/547/621
f 345/498/1133 342/490/1113 1055/506/519 724/504/514
f 346/501/1134 345/498/1133 724/504/514 723/503/513
f 723/503/513 521/505/517 266/502/1119 346/501/1134
f 1058/895/1135 1059/896/1136 1061/881/1067 1060/883/1069
f 392/552/1137 391/555/1138 1059/896/1136 1058/895/1135
f 391/555/1138 275/554/1139 424/897/1140 1059/896/1136
f 1059/896/1136 424/897/1140 423/898/1141 1061/881/1067
f 1062/899/1142 1063/900/1143 1066/819/976 1065/901/1144
f 1063/900/1143 1064/902/1145 1067/817/974 1066/819/976
f 488/789/1146 487/794/1147 1063/900/1143 1062/899/1142
f 487/794/1147 486/737/1148 1064/902/1145 1063/900/1143
f 485/736/1149 1068/903/1150 1064/902/1145 486/737/1148
f 1064/902/1145 1068/903/1150 1071/904/1151 1067/817/974
f 1068/903/1150 1069/905/1152 1072/890/1078 1071/904/1151
f 1069/905/1152 1070/906/1153 1073/889/1077 1072/890/1078
f 485/736/1149 484/799/1154 1069/905/1152 1068/903/1150
f 484/799/1154 483/798/1155 1070/906/1153 1069/905/1152
f 483/798/1155 267/502/1156 354/907/1157 1070/906/1153
f 1070/906/1153 354/907/1157 353/908/1158 1073/889/1077
f 1074/909/1159 1075/910/1160 1078/678/818 1077/911/1161
f 1075/910/1160 1076/912/1162 1079/675/815 1078/678/818
f 284/705/1163 455/703/1164 1074/909/1159 528/913/1165
f 455/703/1164 456/701/1166 1075/910/1160 1074/909/1159
f 456/701/1166 457/700/1167 1076/912/1162 1075/910/1160
f 457/700/1167 283/695/1168 454/914/1169 1076/912/1162
f 1076/912/1162 454/914/1169 453/915/1170 1079/675/815
f 1081/916/1171 1062/899/1142 1065/901/1144 1083/917/1172
f 528/913/1165 1074/909/1159 1077/911/1161 529/918/1173
f 1080/919/1174 1081/916/1171 1083/917/1172 1082/920/1175
f 283/695/1168 451/693/1176 1080/919/1174 454/914/1169
f 451/693/1176 452/692/1177 1081/916/1171 1080/919/1174
f 454/914/1169 1080/919/1174 1082/920/1175 453/915/1170
f 1084/921/1178 1085/922/1179 1087/657/770 1086/659/772
f 433/741/1180 434/739/1181 1085/922/1179 1084/921/1178
f 434/739/1181 284/705/1163 528/913/1165 1085/922/1179
f 1085/922/1179 528/913/1165 529/918/1173 1087/657/770
f 1096/923/1182 1084/921/1178 1086/659/772 1099/623/704
f 409/615/1183 433/741/1180 1084/921/1178 1096/923/1182
f 1088/924/1184 1089/925/1185 1092/644/727 1091/926/1186
f 1089/925/1185 1090/927/1187 1093/641/724 1092/644/727
f 275/554/1139 414/630/1188 1088/924/1184 424/897/1140
f 414/630/1188 413/628/1189 1089/925/1185 1088/924/1184
f 413/628/1189 412/627/1190 1090/927/1187 1089/925/1185
f 412/627/1190 274/620/1191 419/928/1192 1090/927/1187
f 1090/927/1187 419/928/1192 418/929/1193 1093/641/724
f 424/897/1140 1088/924/1184 1091/926/1186 423/898/1141
f 1094/930/1194 1095/931/1195 1098/626/707 1097/932/1196
f 1095/931/1195 1096/923/1182 1099/623/704 1098/626/707
f 274/620/1191 411/618/1197 1094/930/1194 419/928/1192
f 411/618/1197 410/616/1198 1095/931/1195 1094/930/1194
f 410/616/1198 409/615/1183 1096/923/1182 1095/931/1195
f 419/928/1192 1094/930/1194 1097/932/1196 418/929/1193
f 1102/933/1199 1058/895/1135 1060/883/1069 1105/535/601
f 387/541/1200 392/552/1137 1058/895/1135 1102/933/1199
f 1100/934/1201 1101/935/1202 1104/538/604 1103/936/1203
f 1101/935/1202 1102/933/1199 1105/535/601 1104/538/604
f 1108/937/1204 1100/934/1201 1103/936/1203 1111/524/581
f 385/463/1205 386/542/1206 1101/935/1202 1100/934/1201
f 386/542/1206 387/541/1200 1102/933/1199 1101/935/1202
f 1106/938/1207 1107/939/1208 1110/527/584 1109/940/1209
f 1107/939/1208 1108/937/1204 1111/524/581 1110/527/584
f 270/478/1210 376/477/1211 1106/938/1207 526/941/1212
f 376/477/1211 377/476/1213 1107/939/1208 1106/938/1207
f 377/476/1213 378/534/1214 1108/937/1204 1107/939/1208
f 526/941/1212 1106/938/1207 1109/940/1209 527/942/1215
f 1112/943/1216 1113/944/1217 1116/519/563 1115/945/1218
f 1113/944/1217 1114/946/1219 1117/516/560 1116/519/563
f 365/490/1220 366/489/1221 1113/944/1217 1112/943/1216
f 366/489/1221 367/488/1222 1114/946/1219 1113/944/1217
f 367/488/1222 270/478/1210 526/941/1212 1114/946/1219
f 1114/946/1219 526/941/1212 527/942/1215 1117/516/560
f 378/534/1214 385/463/1205 1100/934/1201 1108/937/1204
f 1118/947/1223 1119/948/1224 1121/949/1225 1120/950/1226
f 267/502/1156 350/501/1227 1118/947/1223 354/907/1157
f 350/501/1227 349/498/1228 1119/948/1224 1118/947/1223
f 354/907/1157 1118/947/1223 1120/950/1226 353/908/1158
f 423/898/1141 535/654/737 1049/882/1068 1061/881/1067
f 970/816/973 962/812/966 491/736/971 492/737/980
f 1066/819/976 966/818/975 965/820/977 1065/901/1144
f 1071/904/1151 959/809/963 967/815/972 1067/817/974
f 1072/890/1078 960/810/964 959/809/963 1071/904/1151
f 353/908/1158 531/512/529 961/813/967 1073/889/1077
f 1078/678/818 869/677/817 868/679/819 1077/911/1161
f 453/915/1170 537/674/814 870/676/816 1079/675/815
f 868/679/819 435/662/775 529/918/1173 1077/911/1161
f 1083/917/1172 1065/901/1144 965/820/977 865/667/807
f 1083/917/1172 865/667/807 864/666/806 1082/920/1175
f 452/692/1177 488/789/1146 1062/899/1142 1081/916/1171
f 864/666/806 537/674/814 453/915/1170 1082/920/1175
f 529/918/1173 435/662/775 847/658/771 1087/657/770
f 824/624/705 1099/623/704 1086/659/772 846/655/768
f 1092/644/727 829/643/726 828/645/728 1091/926/1186
f 418/929/1193 533/640/723 830/642/725 1093/641/724
f 828/645/728 535/654/737 423/898/1141 1091/926/1186
f 1098/626/707 823/625/706 822/631/714 1097/932/1196
f 822/631/714 533/640/723 418/929/1193 1097/932/1196
f 765/536/602 1105/535/601 1060/883/1069 1048/543/613
f 1104/538/604 764/537/603 763/532/589 1103/936/1203
f 1110/527/584 752/526/583 751/528/585 1109/940/1209
f 751/528/585 368/522/570 527/942/1215 1109/940/1209
f 1116/519/563 740/518/562 739/513/530 1115/945/1218
f 527/942/1215 368/522/570 741/517/561 1117/516/560
f 763/532/589 753/525/582 1111/524/581 1103/936/1203
f 1119/948/1224 1112/943/1216 1115/945/1218 1121/949/1225
f 726/508/522 1121/949/1225 1115/945/1218 739/513/530
f 1121/949/1225 726/508/522 725/507/521 1120/950/1226
f 349/498/1228 365/490/1220 1112/943/1216 1119/948/1224
f 725/507/521 531/512/529 353/908/1158 1120/950/1226
o flecha_4_(1).009
v 0.360364 1.702833 -0.071696
v 0.358403 1.702833 -0.081605
v 0.360364 1.689829 -0.070415
v 0.360364 1.715837 -0.070415
v 0.358403 1.717770 -0.080134
v 0.360364 1.728341 -0.066622
v 0.358403 1.732133 -0.075777
v 0.360364 1.739865 -0.060462
v 0.358403 1.745370 -0.068702
v 0.360364 1.749966 -0.052173
v 0.358403 1.756973 -0.059180
v 0.360364 1.758255 -0.042072
v 0.358403 1.766495 -0.047577
v 0.360364 1.764415 -0.030548
v 0.358403 1.773570 -0.034340
v 0.360364 1.768208 -0.018044
v 0.358403 1.777927 -0.019977
v 0.360364 1.769489 -0.005040
v 0.358403 1.779398 -0.005040
v 0.360364 1.768208 0.007964
v 0.358403 1.777927 0.009897
v 0.360364 1.764415 0.020468
v 0.358403 1.773570 0.024260
v 0.360364 1.758255 0.031992
v 0.358403 1.766495 0.037497
v 0.360364 1.749966 0.042093
v 0.358403 1.756973 0.049100
v 0.360364 1.739865 0.050382
v 0.358403 1.745370 0.058622
v 0.360364 1.728341 0.056542
v 0.358403 1.732133 0.065697
v 0.360364 1.715837 0.060335
v 0.358403 1.717770 0.070054
v 0.360364 1.702833 0.061616
v 0.358403 1.702833 0.071525
v 0.360364 1.689829 0.060335
v 0.358403 1.687896 0.070054
v 0.360364 1.677325 0.056542
v 0.358403 1.673533 0.065697
v 0.360364 1.665801 0.050382
v 0.358403 1.660296 0.058622
v 0.360364 1.655700 0.042093
v 0.358403 1.648693 0.049100
v 0.360364 1.647411 0.031992
v 0.358403 1.639171 0.037497
v 0.360364 1.641251 0.020468
v 0.358403 1.632096 0.024260
v 0.360364 1.637458 0.007964
v 0.358403 1.627739 0.009897
v 0.360364 1.636177 -0.005040
v 0.358403 1.626268 -0.005040
v 0.360364 1.637458 -0.018044
v 0.358403 1.627739 -0.019977
v 0.360364 1.641251 -0.030548
v 0.358403 1.632096 -0.034340
v 0.360364 1.647411 -0.042072
v 0.358403 1.639171 -0.047577
v 0.360364 1.655700 -0.052173
v 0.358403 1.648693 -0.059180
v 0.360364 1.665801 -0.060462
v 0.358403 1.660296 -0.068702
v 0.360364 1.677325 -0.066622
v 0.358403 1.673533 -0.075777
v 0.352817 1.670318 -0.083538
v 0.358403 1.687896 -0.080134
v 0.352817 1.686257 -0.088373
v 0.344456 1.685162 -0.093879
v 0.352817 1.702833 -0.090006
v 0.344456 1.702833 -0.095619
v 0.352817 1.719409 -0.088373
v 0.344456 1.720504 -0.093879
v 0.352817 1.735348 -0.083538
v 0.344456 1.737496 -0.088724
v 0.352817 1.750038 -0.075687
v 0.344456 1.753156 -0.080354
v 0.352817 1.762913 -0.065120
v 0.344456 1.766882 -0.069089
v 0.352817 1.773480 -0.052245
v 0.344456 1.778147 -0.055363
v 0.352817 1.781331 -0.037555
v 0.344456 1.786517 -0.039703
v 0.352817 1.786166 -0.021616
v 0.344456 1.791672 -0.022711
v 0.352817 1.787799 -0.005040
v 0.344456 1.793412 -0.005040
v 0.352817 1.786166 0.011536
v 0.344456 1.791672 0.012631
v 0.352817 1.781331 0.027475
v 0.344456 1.786517 0.029623
v 0.352817 1.773480 0.042165
v 0.344456 1.778147 0.045283
v 0.352817 1.762913 0.055040
v 0.344456 1.766882 0.059009
v 0.352817 1.750038 0.065607
v 0.344456 1.753156 0.070274
v 0.352817 1.735348 0.073458
v 0.344456 1.737496 0.078644
v 0.352817 1.719409 0.078293
v 0.344456 1.720504 0.083799
v 0.352817 1.702833 0.079926
v 0.344456 1.702833 0.085539
v 0.352817 1.686257 0.078293
v 0.344456 1.685162 0.083799
v 0.352817 1.670318 0.073458
v 0.344456 1.668170 0.078644
v 0.352817 1.655629 0.065607
v 0.344456 1.652510 0.070274
v 0.352817 1.642753 0.055040
v 0.344456 1.638784 0.059009
v 0.352817 1.632187 0.042165
v 0.344456 1.627519 0.045283
v 0.352817 1.624335 0.027475
v 0.344456 1.619149 0.029623
v 0.352817 1.619500 0.011536
v 0.344456 1.613994 0.012631
v 0.352817 1.617867 -0.005040
v 0.344456 1.612254 -0.005040
v 0.352817 1.619500 -0.021616
v 0.344456 1.613994 -0.022711
v 0.352817 1.624335 -0.037555
v 0.344456 1.619149 -0.039703
v 0.352817 1.632187 -0.052245
v 0.344456 1.627519 -0.055363
v 0.352817 1.642753 -0.065120
v 0.344456 1.638784 -0.069089
v 0.352817 1.655629 -0.075687
v 0.344456 1.652510 -0.080354
v 0.334595 1.651415 -0.081993
v 0.344456 1.668170 -0.088724
v 0.334595 1.667416 -0.090545
v 0.334595 1.684777 -0.095812
v 0.268146 1.667416 -0.090545
v 0.268146 1.651415 -0.081993
v 0.268146 1.684777 -0.095812
v 0.268146 1.702833 -0.097590
v 0.334595 1.702833 -0.097590
v 0.268146 1.720889 -0.095812
v 0.334595 1.720889 -0.095812
v 0.268146 1.738250 -0.090545
v 0.334595 1.738250 -0.090545
v 0.268146 1.754251 -0.081993
v 0.334595 1.754251 -0.081993
v 0.268146 1.768276 -0.070483
v 0.334595 1.768276 -0.070483
v 0.268146 1.779786 -0.056458
v 0.334595 1.779786 -0.056458
v 0.268146 1.788338 -0.040457
v 0.334595 1.788338 -0.040457
v 0.268146 1.793605 -0.023096
v 0.334595 1.793605 -0.023096
v 0.268146 1.795383 -0.005040
v 0.334595 1.795383 -0.005040
v 0.268146 1.793605 0.013016
v 0.334595 1.793605 0.013016
v 0.268146 1.788338 0.030377
v 0.334595 1.788338 0.030377
v 0.268146 1.779786 0.046378
v 0.334595 1.779786 0.046378
v 0.268146 1.768276 0.060403
v 0.334595 1.768276 0.060403
v 0.268146 1.754251 0.071913
v 0.334595 1.754251 0.071913
v 0.268146 1.738250 0.080465
v 0.334595 1.738250 0.080465
v 0.268146 1.720889 0.085732
v 0.334595 1.720889 0.085732
v 0.268146 1.702833 0.087510
v 0.334595 1.702833 0.087510
v 0.268146 1.684777 0.085732
v 0.334595 1.684777 0.085732
v 0.268146 1.667416 0.080465
v 0.334595 1.667416 0.080465
v 0.268146 1.651415 0.071913
v 0.334595 1.651415 0.071913
v 0.268146 1.637390 0.060403
v 0.334595 1.637390 0.060403
v 0.268146 1.625880 0.046378
v 0.334595 1.625880 0.046378
v 0.268146 1.617328 0.030377
v 0.334595 1.617328 0.030377
v 0.268146 1.612061 0.013016
v 0.334595 1.612061 0.013016
v 0.268146 1.610283 -0.005040
v 0.334595 1.610283 -0.005040
v 0.268146 1.612061 -0.023096
v 0.334595 1.612061 -0.023096
v 0.268146 1.617328 -0.040457
v 0.334595 1.617328 -0.040457
v 0.268146 1.625880 -0.056458
v 0.334595 1.625880 -0.056458
v 0.268146 1.637390 -0.070483
v 0.334595 1.637390 -0.070483
v 0.360364 1.659288 -0.049383
v 0.360364 1.672839 -0.054815
v 0.360364 1.687542 -0.058160
v 0.360364 1.702833 -0.059289
v 0.360364 1.718124 -0.058160
v 0.360364 1.732827 -0.054815
v 0.360364 1.746378 -0.049383
v 0.360364 1.654448 -0.035963
v 0.360364 1.669505 -0.039987
v 0.360364 1.685843 -0.042465
v 0.360364 1.702833 -0.043302
v 0.360364 1.719823 -0.042465
v 0.360364 1.736161 -0.039987
v 0.360364 1.751218 -0.035963
v 0.360364 1.651468 -0.020918
v 0.360364 1.667452 -0.023054
v 0.360364 1.684796 -0.024370
v 0.360364 1.702833 -0.024814
v 0.360364 1.720870 -0.024370
v 0.360364 1.738214 -0.023054
v 0.360364 1.754198 -0.020918
v 0.360364 1.650462 -0.005040
v 0.360364 1.666759 -0.005040
v 0.360364 1.684443 -0.005040
v 0.360364 1.702833 -0.005040
v 0.360364 1.721223 -0.005040
v 0.360364 1.738907 -0.005040
v 0.360364 1.755204 -0.005040
v 0.360364 1.651468 0.010838
v 0.360364 1.667452 0.012974
v 0.360364 1.684796 0.014290
v 0.360364 1.702833 0.014734
v 0.360364 1.720870 0.014290
v 0.360364 1.738214 0.012974
v 0.360364 1.754198 0.010838
v 0.360364 1.654448 0.025883
v 0.360364 1.669505 0.029907
v 0.360364 1.685843 0.032385
v 0.360364 1.702833 0.033222
v 0.360364 1.719823 0.032385
v 0.360364 1.736161 0.029907
v 0.360364 1.751218 0.025883
v 0.360364 1.659288 0.039303
v 0.360364 1.672839 0.044735
v 0.360364 1.687542 0.048080
v 0.360364 1.702833 0.049210
v 0.360364 1.718124 0.048080
v 0.360364 1.732827 0.044735
v 0.360364 1.746378 0.039303
v 0.175264 1.702833 -0.112897
v 0.175264 1.681791 -0.110824
v 0.175264 1.723875 -0.110824
v 0.289098 1.702833 -0.112897
v 0.290489 1.702833 -0.112522
v 0.289098 1.723875 -0.110824
v 0.289098 1.681791 -0.110824
v 0.290489 1.681864 -0.110457
v 0.289098 1.661558 -0.104687
v 0.290489 1.661701 -0.104341
v 0.289098 1.642911 -0.094719
v 0.175264 1.661558 -0.104687
v 0.175264 1.642911 -0.094719
v 0.175264 1.626567 -0.081306
v 0.175264 1.613153 -0.064962
v 0.289098 1.626567 -0.081306
v 0.290489 1.626832 -0.081041
v 0.289098 1.613154 -0.064962
v 0.290489 1.613465 -0.064754
v 0.289098 1.603186 -0.046315
v 0.290489 1.603532 -0.046172
v 0.289098 1.597049 -0.026082
v 0.175264 1.603186 -0.046315
v 0.175264 1.597049 -0.026082
v 0.175264 1.594976 -0.005040
v 0.175264 1.597049 0.016002
v 0.289098 1.594976 -0.005040
v 0.290489 1.595351 -0.005040
v 0.289098 1.597049 0.016002
v 0.290489 1.597416 0.015929
v 0.289098 1.603186 0.036235
v 0.290489 1.603532 0.036092
v 0.289098 1.613154 0.054882
v 0.175264 1.603186 0.036235
v 0.175264 1.613153 0.054882
v 0.175264 1.626567 0.071226
v 0.175264 1.642911 0.084640
v 0.289098 1.626567 0.071226
v 0.290489 1.626832 0.070961
v 0.289098 1.642911 0.084640
v 0.290489 1.643119 0.084328
v 0.289098 1.661558 0.094607
v 0.290489 1.661701 0.094261
v 0.289098 1.681791 0.100744
v 0.175264 1.661558 0.094607
v 0.175264 1.681791 0.100744
v 0.175264 1.702833 0.102817
v 0.175264 1.723875 0.100744
v 0.289098 1.702833 0.102817
v 0.290489 1.702833 0.102442
v 0.289098 1.723875 0.100744
v 0.290489 1.723802 0.100377
v 0.289098 1.744108 0.094607
v 0.290489 1.743965 0.094261
v 0.289098 1.762755 0.084640
v 0.175264 1.744108 0.094607
v 0.175264 1.762755 0.084640
v 0.175264 1.779099 0.071226
v 0.175264 1.792513 0.054882
v 0.289098 1.779099 0.071226
v 0.290489 1.778834 0.070961
v 0.289098 1.792513 0.054882
v 0.290489 1.792201 0.054674
v 0.289098 1.802480 0.036235
v 0.290489 1.802134 0.036092
v 0.289098 1.808617 0.016002
v 0.175264 1.802480 0.036235
v 0.175264 1.808617 0.016002
v 0.175264 1.810690 -0.005040
v 0.175264 1.808617 -0.026082
v 0.289098 1.810690 -0.005040
v 0.290489 1.810315 -0.005040
v 0.289098 1.808617 -0.026082
v 0.290489 1.808250 -0.026009
v 0.289098 1.802480 -0.046315
v 0.290489 1.802134 -0.046172
v 0.289098 1.792513 -0.064962
v 0.175264 1.802480 -0.046315
v 0.175264 1.792513 -0.064962
v 0.175264 1.779099 -0.081306
v 0.175264 1.762755 -0.094719
v 0.289098 1.779099 -0.081306
v 0.290489 1.778834 -0.081041
v 0.289098 1.762755 -0.094719
v 0.290489 1.762547 -0.094408
v 0.289098 1.744108 -0.104687
v 0.290489 1.743965 -0.104341
v 0.175264 1.744108 -0.104687
v 0.291507 1.743573 -0.103395
v 0.290489 1.723802 -0.110457
v 0.291507 1.723602 -0.109453
v 0.291880 1.723330 -0.108083
v 0.291507 1.702833 -0.111499
v 0.291880 1.702833 -0.110102
v 0.291507 1.682064 -0.109453
v 0.291880 1.682337 -0.108083
v 0.291507 1.662093 -0.103395
v 0.291880 1.662628 -0.102104
v 0.291507 1.643688 -0.093557
v 0.291880 1.644464 -0.092395
v 0.291507 1.627555 -0.080318
v 0.290489 1.643119 -0.094408
v 0.291880 1.628543 -0.079330
v 0.291507 1.614316 -0.064185
v 0.291880 1.615478 -0.063409
v 0.291507 1.604478 -0.045780
v 0.291880 1.605769 -0.045245
v 0.291507 1.598420 -0.025809
v 0.291880 1.599790 -0.025536
v 0.291507 1.596374 -0.005040
v 0.290489 1.597416 -0.026009
v 0.291880 1.597772 -0.005040
v 0.291507 1.598420 0.015729
v 0.291880 1.599790 0.015457
v 0.291507 1.604478 0.035700
v 0.291880 1.605769 0.035165
v 0.291507 1.614316 0.054106
v 0.291880 1.615478 0.053329
v 0.291507 1.627555 0.070238
v 0.290489 1.613465 0.054674
v 0.291880 1.628543 0.069250
v 0.291507 1.643688 0.083478
v 0.291880 1.644464 0.082316
v 0.291507 1.662093 0.093315
v 0.291880 1.662628 0.092024
v 0.291507 1.682064 0.099374
v 0.291880 1.682337 0.098003
v 0.291507 1.702833 0.101419
v 0.290489 1.681864 0.100377
v 0.291880 1.702833 0.100022
v 0.291507 1.723602 0.099374
v 0.291880 1.723330 0.098003
v 0.291507 1.743573 0.093315
v 0.291880 1.743038 0.092024
v 0.291507 1.761979 0.083478
v 0.291880 1.761202 0.082316
v 0.291507 1.778111 0.070238
v 0.290489 1.762547 0.084328
v 0.291880 1.777123 0.069250
v 0.291507 1.791350 0.054106
v 0.291880 1.790189 0.053329
v 0.291507 1.801188 0.035700
v 0.291880 1.799897 0.035165
v 0.291507 1.807247 0.015729
v 0.291880 1.805876 0.015457
v 0.291507 1.809292 -0.005040
v 0.290489 1.808250 0.015929
v 0.291880 1.807895 -0.005040
v 0.291507 1.807247 -0.025809
v 0.291880 1.805876 -0.025536
v 0.291507 1.801188 -0.045780
v 0.291880 1.799897 -0.045245
v 0.291507 1.791350 -0.064185
v 0.291880 1.790189 -0.063409
v 0.291507 1.778111 -0.080318
v 0.290489 1.792201 -0.064754
v 0.291880 1.777123 -0.079330
v 0.291507 1.761979 -0.093557
v 0.291880 1.761202 -0.092395
v 0.291880 1.743038 -0.102104
v 0.291880 1.755804 -0.084317
v 0.291507 1.755028 -0.083155
v 0.291880 1.739320 -0.093127
v 0.291880 1.770252 -0.072459
v 0.291507 1.769264 -0.071471
v 0.291880 1.782110 -0.058011
v 0.291507 1.780948 -0.057235
v 0.291880 1.790920 -0.041527
v 0.291507 1.789629 -0.040992
v 0.291880 1.796346 -0.023641
v 0.291507 1.794976 -0.023368
v 0.291880 1.798178 -0.005040
v 0.291507 1.796781 -0.005040
v 0.291880 1.796346 0.013561
v 0.291507 1.794976 0.013288
v 0.291880 1.790920 0.031447
v 0.291507 1.789629 0.030912
v 0.291880 1.782110 0.047931
v 0.291507 1.780948 0.047155
v 0.291880 1.770252 0.062379
v 0.291507 1.769264 0.061391
v 0.291880 1.755804 0.074237
v 0.291507 1.755028 0.073075
v 0.291880 1.739320 0.083048
v 0.291507 1.738785 0.081756
v 0.291880 1.721434 0.088473
v 0.291507 1.721161 0.087103
v 0.291880 1.702833 0.090305
v 0.291507 1.702833 0.088908
v 0.291880 1.684232 0.088473
v 0.291507 1.684505 0.087103
v 0.291880 1.666346 0.083048
v 0.291507 1.666881 0.081756
v 0.291880 1.649862 0.074237
v 0.291507 1.650638 0.073075
v 0.291880 1.635414 0.062379
v 0.291507 1.636402 0.061391
v 0.291880 1.623556 0.047931
v 0.291507 1.624718 0.047155
v 0.291880 1.614746 0.031447
v 0.291507 1.616037 0.030912
v 0.291880 1.609320 0.013561
v 0.291507 1.610691 0.013288
v 0.291880 1.607488 -0.005040
v 0.291507 1.608885 -0.005040
v 0.291880 1.609320 -0.023641
v 0.291507 1.610691 -0.023368
v 0.291880 1.614746 -0.041527
v 0.291507 1.616037 -0.040992
v 0.291880 1.623556 -0.058011
v 0.291507 1.624718 -0.057235
v 0.291880 1.635414 -0.072459
v 0.291507 1.636402 -0.071471
v 0.291880 1.649862 -0.084317
v 0.291507 1.650638 -0.083155
v 0.291880 1.666346 -0.093127
v 0.291507 1.666881 -0.091836
v 0.291880 1.684232 -0.098553
v 0.291507 1.684505 -0.097182
v 0.291880 1.702833 -0.100385
v 0.291507 1.702833 -0.098988
v 0.291880 1.721434 -0.098553
v 0.291507 1.721161 -0.097182
v 0.290489 1.720962 -0.096179
v 0.291507 1.738785 -0.091836
v 0.290489 1.738394 -0.090891
v 0.289098 1.738250 -0.090545
v 0.290489 1.754459 -0.082304
v 0.289098 1.754251 -0.081993
v 0.290489 1.768541 -0.070748
v 0.289098 1.768276 -0.070483
v 0.290489 1.780097 -0.056666
v 0.289098 1.779786 -0.056458
v 0.290489 1.788684 -0.040601
v 0.289098 1.788338 -0.040457
v 0.290489 1.793972 -0.023169
v 0.289098 1.793605 -0.023096
v 0.290489 1.795758 -0.005040
v 0.289098 1.795383 -0.005040
v 0.290489 1.793972 0.013089
v 0.289098 1.793605 0.013016
v 0.290489 1.788684 0.030521
v 0.289098 1.788338 0.030377
v 0.290489 1.780097 0.046586
v 0.289098 1.779786 0.046378
v 0.290489 1.768541 0.060668
v 0.289098 1.768276 0.060403
v 0.290489 1.754459 0.072224
v 0.289098 1.754251 0.071913
v 0.290489 1.738394 0.080811
v 0.289098 1.738250 0.080465
v 0.290489 1.720962 0.086099
v 0.289098 1.720889 0.085732
v 0.290489 1.702833 0.087885
v 0.289098 1.702833 0.087510
v 0.290489 1.684704 0.086099
v 0.289098 1.684777 0.085732
v 0.290489 1.667272 0.080811
v 0.289098 1.667416 0.080465
v 0.290489 1.651207 0.072224
v 0.289098 1.651415 0.071913
v 0.290489 1.637125 0.060668
v 0.289098 1.637390 0.060403
v 0.290489 1.625569 0.046586
v 0.289098 1.625880 0.046378
v 0.290489 1.616982 0.030521
v 0.289098 1.617328 0.030377
v 0.290489 1.611694 0.013089
v 0.289098 1.612061 0.013016
v 0.290489 1.609908 -0.005040
v 0.289098 1.610283 -0.005040
v 0.290489 1.611694 -0.023169
v 0.289098 1.612061 -0.023096
v 0.290489 1.616982 -0.040601
v 0.289098 1.617328 -0.040457
v 0.290489 1.625569 -0.056666
v 0.289098 1.625880 -0.056458
v 0.290489 1.637125 -0.070748
v 0.289098 1.637390 -0.070483
v 0.290489 1.651207 -0.082304
v 0.289098 1.651415 -0.081993
v 0.290489 1.667272 -0.090891
v 0.289098 1.667416 -0.090545
v 0.290489 1.684704 -0.096179
v 0.289098 1.684777 -0.095812
v 0.290489 1.702833 -0.097965
v 0.289098 1.702833 -0.097590
v 0.289098 1.720889 -0.095812
v 0.270167 1.702833 -0.097590
v 0.270167 1.720889 -0.095812
v 0.270167 1.684777 -0.095812
v 0.270167 1.667416 -0.090545
v 0.270167 1.651415 -0.081993
v 0.270167 1.637390 -0.070483
v 0.270167 1.625880 -0.056458
v 0.270167 1.617328 -0.040457
v 0.270167 1.612061 -0.023096
v 0.270167 1.610283 -0.005040
v 0.270167 1.612061 0.013016
v 0.270167 1.617328 0.030377
v 0.270167 1.625880 0.046378
v 0.270167 1.637390 0.060403
v 0.270167 1.651415 0.071913
v 0.270167 1.667416 0.080465
v 0.270167 1.684777 0.085732
v 0.270167 1.702833 0.087510
v 0.270167 1.720889 0.085732
v 0.270167 1.738250 0.080465
v 0.270167 1.754251 0.071913
v 0.270167 1.768276 0.060403
v 0.270167 1.779786 0.046378
v 0.270167 1.788338 0.030377
v 0.270167 1.793605 0.013016
v 0.270167 1.795383 -0.005040
v 0.270167 1.793605 -0.023096
v 0.270167 1.788338 -0.040457
v 0.270167 1.779786 -0.056458
v 0.270167 1.768276 -0.070483
v 0.270167 1.754251 -0.081993
v 0.270167 1.738250 -0.090545
vn 0.9202 -0.0000 -0.3915
vn 0.9202 0.0764 -0.3840
vn 0.9946 0.0202 -0.1016
vn 0.9946 -0.0000 -0.1036
vn 0.9202 -0.0764 -0.3840
vn 0.9946 -0.0202 -0.1016
vn 0.9202 0.1498 -0.3617
vn 0.9946 0.0396 -0.0957
vn 0.9202 0.2175 -0.3255
vn 0.9946 0.0576 -0.0861
vn 0.9202 0.2768 -0.2768
vn 0.9946 0.0732 -0.0732
vn 0.9202 0.3255 -0.2175
vn 0.9946 0.0861 -0.0576
vn 0.9202 0.3617 -0.1498
vn 0.9946 0.0957 -0.0396
vn 0.9202 0.3840 -0.0764
vn 0.9946 0.1016 -0.0202
vn 0.9202 0.3915 -0.0000
vn 0.9946 0.1036 -0.0000
vn 0.9202 0.3840 0.0764
vn 0.9946 0.1016 0.0202
vn 0.9202 0.3617 0.1498
vn 0.9946 0.0957 0.0396
vn 0.9202 0.3255 0.2175
vn 0.9946 0.0861 0.0576
vn 0.9202 0.2768 0.2768
vn 0.9946 0.0732 0.0732
vn 0.9202 0.2175 0.3255
vn 0.9946 0.0576 0.0861
vn 0.9202 0.1498 0.3617
vn 0.9946 0.0396 0.0957
vn 0.9202 0.0764 0.3840
vn 0.9946 0.0202 0.1016
vn 0.9202 -0.0000 0.3915
vn 0.9946 -0.0000 0.1036
vn 0.9202 -0.0764 0.3840
vn 0.9946 -0.0202 0.1016
vn 0.9202 -0.1498 0.3617
vn 0.9946 -0.0396 0.0957
vn 0.9202 -0.2175 0.3255
vn 0.9946 -0.0576 0.0861
vn 0.9202 -0.2768 0.2768
vn 0.9946 -0.0732 0.0732
vn 0.9202 -0.3255 0.2175
vn 0.9946 -0.0861 0.0576
vn 0.9202 -0.3617 0.1498
vn 0.9946 -0.0957 0.0396
vn 0.9202 -0.3840 0.0764
vn 0.9946 -0.1016 0.0202
vn 0.9202 -0.3915 -0.0000
vn 0.9946 -0.1036 -0.0000
vn 0.9202 -0.3840 -0.0764
vn 0.9946 -0.1016 -0.0202
vn 0.9202 -0.3617 -0.1498
vn 0.9946 -0.0957 -0.0396
vn 0.9202 -0.3255 -0.2175
vn 0.9946 -0.0861 -0.0576
vn 0.9202 -0.2768 -0.2768
vn 0.9946 -0.0732 -0.0732
vn 0.9202 -0.2175 -0.3255
vn 0.9946 -0.0576 -0.0861
vn 0.9202 -0.1498 -0.3617
vn 0.9946 -0.0396 -0.0957
vn 0.7026 -0.3953 -0.5916
vn 0.7026 -0.2723 -0.6574
vn 0.7026 -0.1388 -0.6979
vn 0.7026 -0.0000 -0.7115
vn 0.3799 -0.3540 -0.8546
vn 0.3799 -0.1805 -0.9073
vn 0.3799 -0.0000 -0.9250
vn 0.3799 0.1805 -0.9073
vn 0.7026 0.1388 -0.6979
vn 0.3799 0.3540 -0.8546
vn 0.7026 0.2723 -0.6574
vn 0.3799 0.5139 -0.7691
vn 0.7026 0.3953 -0.5916
vn 0.3799 0.6541 -0.6541
vn 0.7026 0.5031 -0.5031
vn 0.3799 0.7691 -0.5139
vn 0.7026 0.5916 -0.3953
vn 0.3799 0.8546 -0.3540
vn 0.7026 0.6574 -0.2723
vn 0.3799 0.9073 -0.1805
vn 0.7026 0.6979 -0.1388
vn 0.3799 0.9250 -0.0000
vn 0.7026 0.7115 -0.0000
vn 0.3799 0.9073 0.1805
vn 0.7026 0.6979 0.1388
vn 0.3799 0.8546 0.3540
vn 0.7026 0.6574 0.2723
vn 0.3799 0.7691 0.5139
vn 0.7026 0.5916 0.3953
vn 0.3799 0.6541 0.6541
vn 0.7026 0.5031 0.5031
vn 0.3799 0.5139 0.7691
vn 0.7026 0.3953 0.5916
vn 0.3799 0.3540 0.8546
vn 0.7026 0.2723 0.6574
vn 0.3799 0.1805 0.9073
vn 0.7026 0.1388 0.6979
vn 0.3799 -0.0000 0.9250
vn 0.7026 -0.0000 0.7115
vn 0.3799 -0.1805 0.9073
vn 0.7026 -0.1388 0.6979
vn 0.3799 -0.3540 0.8546
vn 0.7026 -0.2723 0.6574
vn 0.3799 -0.5139 0.7691
vn 0.7026 -0.3953 0.5916
vn 0.3799 -0.6541 0.6541
vn 0.7026 -0.5031 0.5031
vn 0.3799 -0.7691 0.5139
vn 0.7026 -0.5916 0.3953
vn 0.3799 -0.8546 0.3540
vn 0.7026 -0.6574 0.2723
vn 0.3799 -0.9073 0.1805
vn 0.7026 -0.6979 0.1388
vn 0.3799 -0.9250 -0.0000
vn 0.7026 -0.7115 -0.0000
vn 0.3799 -0.9073 -0.1805
vn 0.7026 -0.6979 -0.1388
vn 0.3799 -0.8546 -0.3540
vn 0.7026 -0.6574 -0.2723
vn 0.3799 -0.7691 -0.5139
vn 0.7026 -0.5916 -0.3953
vn 0.3799 -0.6541 -0.6541
vn 0.7026 -0.5031 -0.5031
vn 0.3799 -0.5139 -0.7691
vn 0.0979 -0.7037 -0.7037
vn 0.0979 -0.5529 -0.8275
vn 0.0979 -0.3808 -0.9194
vn 0.0979 -0.1942 -0.9761
vn -0.0000 -0.1951 -0.9808
vn -0.0000 -0.3827 -0.9239
vn -0.0000 -0.5556 -0.8315
vn -0.0000 -0.0000 -1.0000
vn 0.0979 -0.0000 -0.9952
vn -0.0000 0.1951 -0.9808
vn 0.0979 0.1942 -0.9761
vn -0.0000 0.3827 -0.9239
vn 0.0979 0.3808 -0.9194
vn -0.0000 0.5556 -0.8315
vn 0.0979 0.5529 -0.8275
vn -0.0000 0.7071 -0.7071
vn 0.0979 0.7037 -0.7037
vn -0.0000 0.8315 -0.5556
vn 0.0979 0.8275 -0.5529
vn -0.0000 0.9239 -0.3827
vn 0.0979 0.9194 -0.3808
vn -0.0000 0.9808 -0.1951
vn 0.0979 0.9761 -0.1942
vn -0.0000 1.0000 -0.0000
vn 0.0979 0.9952 -0.0000
vn -0.0000 0.9808 0.1951
vn 0.0979 0.9761 0.1942
vn -0.0000 0.9239 0.3827
vn 0.0979 0.9194 0.3808
vn -0.0000 0.8315 0.5556
vn 0.0979 0.8275 0.5529
vn -0.0000 0.7071 0.7071
vn 0.0979 0.7037 0.7037
vn -0.0000 0.5556 0.8315
vn 0.0979 0.5529 0.8275
vn -0.0000 0.3827 0.9239
vn 0.0979 0.3808 0.9194
vn -0.0000 0.1951 0.9808
vn 0.0979 0.1942 0.9761
vn -0.0000 -0.0000 1.0000
vn 0.0979 -0.0000 0.9952
vn -0.0000 -0.1951 0.9808
vn 0.0979 -0.1942 0.9761
vn -0.0000 -0.3827 0.9239
vn 0.0979 -0.3808 0.9194
vn -0.0000 -0.5556 0.8315
vn 0.0979 -0.5529 0.8275
vn -0.0000 -0.7071 0.7071
vn 0.0979 -0.7037 0.7037
vn -0.0000 -0.8315 0.5556
vn 0.0979 -0.8275 0.5529
vn -0.0000 -0.9239 0.3827
vn 0.0979 -0.9194 0.3808
vn -0.0000 -0.9808 0.1951
vn 0.0979 -0.9761 0.1942
vn -0.0000 -1.0000 -0.0000
vn 0.0979 -0.9952 -0.0000
vn -0.0000 -0.9808 -0.1951
vn 0.0979 -0.9761 -0.1942
vn -0.0000 -0.9239 -0.3827
vn 0.0979 -0.9194 -0.3808
vn -0.0000 -0.8315 -0.5556
vn 0.0979 -0.8275 -0.5529
vn -0.0000 -0.7071 -0.7071
vn 1.0000 -0.0000 -0.0000
vn 0.1301 -0.0000 -0.9915
vn 0.1301 -0.1934 -0.9725
vn 0.1301 0.1934 -0.9725
vn 0.4947 -0.0000 -0.8691
vn 0.4947 -0.1695 -0.8524
vn 0.4947 0.1695 -0.8524
vn 0.4947 -0.3326 -0.8029
vn 0.1301 -0.3794 -0.9160
vn 0.4947 -0.4828 -0.7226
vn 0.1301 -0.5508 -0.8244
vn 0.1301 -0.7011 -0.7011
vn 0.1301 -0.8244 -0.5508
vn 0.4947 -0.6145 -0.6145
vn 0.4947 -0.7226 -0.4828
vn 0.4947 -0.8029 -0.3326
vn 0.1301 -0.9160 -0.3794
vn 0.4947 -0.8524 -0.1696
vn 0.1301 -0.9725 -0.1934
vn 0.1301 -0.9915 -0.0000
vn 0.1301 -0.9725 0.1934
vn 0.4947 -0.8691 -0.0000
vn 0.4947 -0.8524 0.1695
vn 0.4947 -0.8029 0.3326
vn 0.1301 -0.9160 0.3794
vn 0.4947 -0.7226 0.4828
vn 0.1301 -0.8244 0.5508
vn 0.1301 -0.7011 0.7011
vn 0.1301 -0.5509 0.8244
vn 0.4947 -0.6145 0.6145
vn 0.4947 -0.4828 0.7226
vn 0.4947 -0.3326 0.8029
vn 0.1301 -0.3794 0.9160
vn 0.4947 -0.1695 0.8524
vn 0.1301 -0.1934 0.9725
vn 0.1301 -0.0000 0.9915
vn 0.1301 0.1934 0.9725
vn 0.4947 -0.0000 0.8691
vn 0.4947 0.1695 0.8524
vn 0.4947 0.3326 0.8029
vn 0.1301 0.3794 0.9160
vn 0.4947 0.4828 0.7226
vn 0.1301 0.5509 0.8244
vn 0.1301 0.7011 0.7011
vn 0.1301 0.8244 0.5508
vn 0.4947 0.6145 0.6145
vn 0.4947 0.7226 0.4828
vn 0.4947 0.8029 0.3326
vn 0.1301 0.9160 0.3794
vn 0.4947 0.8524 0.1696
vn 0.1301 0.9725 0.1934
vn 0.1301 0.9915 -0.0000
vn 0.1301 0.9725 -0.1934
vn 0.4947 0.8691 -0.0000
vn 0.4947 0.8524 -0.1696
vn 0.4947 0.8029 -0.3326
vn 0.1301 0.9160 -0.3794
vn 0.4947 0.7226 -0.4828
vn 0.1301 0.8244 -0.5508
vn 0.1301 0.7011 -0.7011
vn 0.1301 0.5508 -0.8244
vn 0.4947 0.6145 -0.6145
vn 0.4947 0.4828 -0.7226
vn 0.4947 0.3326 -0.8029
vn 0.1301 0.3794 -0.9160
vn 0.8600 0.2835 -0.4244
vn 0.8600 0.1953 -0.4715
vn 0.8600 0.0996 -0.5006
vn 0.8600 -0.0000 -0.5104
vn 0.9904 0.0269 -0.1352
vn 0.9904 -0.0000 -0.1379
vn 0.9904 0.0528 -0.1274
vn 0.9904 -0.0269 -0.1352
vn 0.8600 -0.0996 -0.5006
vn 0.9904 -0.0528 -0.1274
vn 0.8600 -0.1953 -0.4715
vn 0.9904 -0.0766 -0.1147
vn 0.8600 -0.2835 -0.4244
vn 0.9904 -0.0975 -0.0975
vn 0.8600 -0.3609 -0.3609
vn 0.9904 -0.1147 -0.0766
vn 0.8600 -0.4243 -0.2835
vn 0.9904 -0.1274 -0.0528
vn 0.8600 -0.4715 -0.1953
vn 0.9904 -0.1352 -0.0269
vn 0.8600 -0.5006 -0.0996
vn 0.9904 -0.1379 -0.0000
vn 0.8600 -0.5104 -0.0000
vn 0.9904 -0.1352 0.0269
vn 0.8600 -0.5006 0.0996
vn 0.9904 -0.1274 0.0528
vn 0.8600 -0.4715 0.1953
vn 0.9904 -0.1147 0.0766
vn 0.8600 -0.4243 0.2835
vn 0.9904 -0.0975 0.0975
vn 0.8600 -0.3609 0.3609
vn 0.9904 -0.0766 0.1147
vn 0.8600 -0.2835 0.4243
vn 0.9904 -0.0528 0.1274
vn 0.8600 -0.1953 0.4715
vn 0.9904 -0.0269 0.1352
vn 0.8600 -0.0996 0.5006
vn 0.9904 -0.0000 0.1379
vn 0.8600 -0.0000 0.5104
vn 0.9904 0.0269 0.1352
vn 0.8600 0.0996 0.5006
vn 0.9904 0.0528 0.1274
vn 0.8600 0.1953 0.4715
vn 0.9904 0.0766 0.1147
vn 0.8600 0.2835 0.4243
vn 0.9904 0.0975 0.0975
vn 0.8600 0.3609 0.3609
vn 0.9904 0.1147 0.0766
vn 0.8600 0.4243 0.2835
vn 0.9904 0.1274 0.0528
vn 0.8600 0.4715 0.1953
vn 0.9904 0.1352 0.0269
vn 0.8600 0.5006 0.0996
vn 0.9904 0.1379 -0.0000
vn 0.8600 0.5104 -0.0000
vn 0.9904 0.1352 -0.0269
vn 0.8600 0.5006 -0.0996
vn 0.9904 0.1274 -0.0528
vn 0.8600 0.4715 -0.1953
vn 0.9904 0.1147 -0.0766
vn 0.8600 0.4243 -0.2835
vn 0.9904 0.0975 -0.0975
vn 0.8600 0.3609 -0.3609
vn 0.9904 0.0766 -0.1147
vn 0.9925 -0.0677 0.1014
vn 0.9925 -0.0467 0.1127
vn 0.9925 -0.0862 0.0862
vn 0.8739 -0.3437 0.3437
vn 0.8739 -0.2701 0.4042
vn 0.8739 -0.1860 0.4491
vn 0.8739 -0.4042 0.2701
vn 0.9925 -0.1014 0.0677
vn 0.8739 -0.4491 0.1860
vn 0.9925 -0.1127 0.0467
vn 0.8739 -0.4768 0.0948
vn 0.9925 -0.1196 0.0238
vn 0.8739 -0.4861 -0.0000
vn 0.9925 -0.1219 -0.0000
vn 0.8739 -0.4768 -0.0948
vn 0.9925 -0.1196 -0.0238
vn 0.8739 -0.4491 -0.1860
vn 0.9925 -0.1127 -0.0467
vn 0.8739 -0.4042 -0.2701
vn 0.9925 -0.1014 -0.0677
vn 0.8739 -0.3437 -0.3437
vn 0.9925 -0.0862 -0.0862
vn 0.8739 -0.2701 -0.4042
vn 0.9925 -0.0677 -0.1014
vn 0.8739 -0.1860 -0.4491
vn 0.9925 -0.0467 -0.1126
vn 0.8739 -0.0948 -0.4768
vn 0.9925 -0.0238 -0.1196
vn 0.8739 -0.0000 -0.4861
vn 0.9925 -0.0000 -0.1219
vn 0.8739 0.0948 -0.4768
vn 0.9925 0.0238 -0.1196
vn 0.8739 0.1860 -0.4491
vn 0.9925 0.0467 -0.1126
vn 0.8739 0.2701 -0.4042
vn 0.9925 0.0677 -0.1014
vn 0.8739 0.3437 -0.3437
vn 0.9925 0.0862 -0.0862
vn 0.8739 0.4042 -0.2701
vn 0.9925 0.1014 -0.0677
vn 0.8739 0.4491 -0.1860
vn 0.9925 0.1127 -0.0467
vn 0.8739 0.4768 -0.0948
vn 0.9925 0.1196 -0.0238
vn 0.8739 0.4861 -0.0000
vn 0.9925 0.1219 -0.0000
vn 0.8739 0.4768 0.0948
vn 0.9925 0.1196 0.0238
vn 0.8739 0.4491 0.1860
vn 0.9925 0.1127 0.0467
vn 0.8739 0.4042 0.2701
vn 0.9925 0.1014 0.0677
vn 0.8739 0.3437 0.3437
vn 0.9925 0.0862 0.0862
vn 0.8739 0.2701 0.4042
vn 0.9925 0.0677 0.1014
vn 0.8739 0.1860 0.4491
vn 0.9925 0.0467 0.1127
vn 0.8739 0.0948 0.4768
vn 0.9925 0.0238 0.1196
vn 0.8739 -0.0000 0.4861
vn 0.9925 -0.0000 0.1219
vn 0.8739 -0.0948 0.4768
vn 0.9925 -0.0238 0.1196
vn 0.5087 -0.1680 0.8444
vn 0.5087 -0.0000 0.8609
vn 0.5087 -0.3295 0.7954
vn 0.5087 -0.4783 0.7158
vn 0.1322 -0.5507 0.8242
vn 0.1322 -0.3793 0.9158
vn 0.1322 -0.1934 0.9722
vn 0.1322 -0.7009 0.7009
vn 0.5087 -0.6088 0.6088
vn 0.1322 -0.8242 0.5507
vn 0.5087 -0.7158 0.4783
vn 0.1322 -0.9158 0.3793
vn 0.5087 -0.7954 0.3295
vn 0.1322 -0.9722 0.1934
vn 0.5087 -0.8444 0.1680
vn 0.1322 -0.9912 -0.0000
vn 0.5087 -0.8609 -0.0000
vn 0.1322 -0.9722 -0.1934
vn 0.5087 -0.8444 -0.1680
vn 0.1322 -0.9158 -0.3793
vn 0.5087 -0.7954 -0.3295
vn 0.1322 -0.8242 -0.5507
vn 0.5087 -0.7158 -0.4783
vn 0.1322 -0.7009 -0.7009
vn 0.5087 -0.6088 -0.6088
vn 0.1322 -0.5507 -0.8242
vn 0.5087 -0.4783 -0.7158
vn 0.1322 -0.3793 -0.9158
vn 0.5087 -0.3295 -0.7954
vn 0.1322 -0.1934 -0.9722
vn 0.5087 -0.1680 -0.8444
vn 0.1322 -0.0000 -0.9912
vn 0.5087 -0.0000 -0.8609
vn 0.1322 0.1934 -0.9722
vn 0.5087 0.1680 -0.8444
vn 0.1322 0.3793 -0.9158
vn 0.5087 0.3295 -0.7954
vn 0.1322 0.5507 -0.8242
vn 0.5087 0.4783 -0.7158
vn 0.1322 0.7009 -0.7009
vn 0.5087 0.6088 -0.6088
vn 0.1322 0.8242 -0.5507
vn 0.5087 0.7158 -0.4783
vn 0.1322 0.9158 -0.3793
vn 0.5087 0.7954 -0.3295
vn 0.1322 0.9722 -0.1934
vn 0.5087 0.8444 -0.1680
vn 0.1322 0.9912 -0.0000
vn 0.5087 0.8609 -0.0000
vn 0.1322 0.9722 0.1934
vn 0.5087 0.8444 0.1680
vn 0.1322 0.9158 0.3793
vn 0.5087 0.7954 0.3295
vn 0.1322 0.8242 0.5507
vn 0.5087 0.7158 0.4783
vn 0.1322 0.7009 0.7009
vn 0.5087 0.6088 0.6088
vn 0.1322 0.5507 0.8242
vn 0.5087 0.4783 0.7158
vn 0.1322 0.3793 0.9158
vn 0.5087 0.3295 0.7954
vn 0.1322 0.1934 0.9722
vn 0.5087 0.1680 0.8444
vn 0.1322 -0.0000 0.9912
vt 0.250000 0.448548
vt 0.211265 0.444733
vt 0.216279 0.419530
vt 0.250000 0.422851
vt 0.288735 0.444733
vt 0.283722 0.419530
vt 0.174019 0.433434
vt 0.183853 0.409694
vt 0.139693 0.415087
vt 0.153969 0.393721
vt 0.109605 0.390395
vt 0.127776 0.372224
vt 0.084913 0.360307
vt 0.106280 0.346031
vt 0.066566 0.325981
vt 0.090306 0.316147
vt 0.055267 0.288735
vt 0.080470 0.283722
vt 0.051452 0.250000
vt 0.077149 0.250000
vt 0.055267 0.211265
vt 0.080470 0.216279
vt 0.066566 0.174019
vt 0.090306 0.183853
vt 0.084913 0.139693
vt 0.106279 0.153969
vt 0.109605 0.109605
vt 0.127776 0.127776
vt 0.139693 0.084913
vt 0.153969 0.106280
vt 0.174019 0.066566
vt 0.183853 0.090306
vt 0.211265 0.055267
vt 0.216278 0.080470
vt 0.250000 0.051452
vt 0.250000 0.077149
vt 0.288735 0.055267
vt 0.283722 0.080470
vt 0.325981 0.066566
vt 0.316147 0.090306
vt 0.360307 0.084913
vt 0.346031 0.106279
vt 0.390395 0.109605
vt 0.372224 0.127776
vt 0.415087 0.139693
vt 0.393721 0.153969
vt 0.433434 0.174019
vt 0.409694 0.183853
vt 0.444733 0.211265
vt 0.419530 0.216278
vt 0.448548 0.250000
vt 0.422851 0.250000
vt 0.444733 0.288735
vt 0.419530 0.283722
vt 0.433434 0.325981
vt 0.409694 0.316147
vt 0.415087 0.360307
vt 0.393721 0.346031
vt 0.390395 0.390395
vt 0.372224 0.372224
vt 0.360307 0.415087
vt 0.346031 0.393720
vt 0.325981 0.433434
vt 0.316147 0.409694
vt 0.383232 0.449396
vt 0.341772 0.471556
vt 0.296785 0.485203
vt 0.250000 0.489811
vt 0.937500 0.957029
vt 0.968750 0.957029
vt 0.968750 1.000000
vt 0.937500 1.000000
vt 0.999667 0.957029
vt 0.998720 1.000000
vt 0.000333 0.957029
vt 0.031250 0.957029
vt 0.031250 1.000000
vt 0.001280 1.000000
vt 0.203215 0.485203
vt 0.062500 0.957029
vt 0.062500 1.000000
vt 0.158228 0.471556
vt 0.093750 0.957029
vt 0.093750 1.000000
vt 0.116768 0.449396
vt 0.125000 0.957029
vt 0.125000 1.000000
vt 0.080428 0.419572
vt 0.156250 0.957029
vt 0.156250 1.000000
vt 0.050604 0.383232
vt 0.187500 0.957029
vt 0.187500 1.000000
vt 0.028443 0.341772
vt 0.218750 0.957029
vt 0.218750 1.000000
vt 0.014797 0.296785
vt 0.250000 0.957029
vt 0.250000 1.000000
vt 0.010189 0.250000
vt 0.281250 0.957029
vt 0.281250 1.000000
vt 0.014797 0.203215
vt 0.312500 0.957029
vt 0.312500 1.000000
vt 0.028443 0.158228
vt 0.343750 0.957029
vt 0.343750 1.000000
vt 0.050604 0.116768
vt 0.375000 0.957029
vt 0.375000 1.000000
vt 0.080428 0.080428
vt 0.406250 0.957029
vt 0.406250 1.000000
vt 0.116768 0.050604
vt 0.437500 0.957029
vt 0.437500 1.000000
vt 0.158228 0.028443
vt 0.468750 0.957029
vt 0.468750 1.000000
vt 0.203215 0.014797
vt 0.500000 0.957029
vt 0.500000 1.000000
vt 0.250000 0.010189
vt 0.531250 0.957029
vt 0.531250 1.000000
vt 0.296785 0.014797
vt 0.562500 0.957029
vt 0.562500 1.000000
vt 0.341772 0.028443
vt 0.593750 0.957029
vt 0.593750 1.000000
vt 0.383232 0.050604
vt 0.625000 0.957029
vt 0.625000 1.000000
vt 0.419572 0.080428
vt 0.656250 0.957029
vt 0.656250 1.000000
vt 0.449396 0.116768
vt 0.687500 0.957029
vt 0.687500 1.000000
vt 0.471557 0.158228
vt 0.718750 0.957029
vt 0.718750 1.000000
vt 0.485203 0.203215
vt 0.750000 0.957029
vt 0.750000 1.000000
vt 0.489811 0.250000
vt 0.781250 0.957029
vt 0.781250 1.000000
vt 0.485203 0.296785
vt 0.812500 0.957029
vt 0.812500 1.000000
vt 0.471556 0.341772
vt 0.843750 0.957029
vt 0.843750 1.000000
vt 0.449396 0.383232
vt 0.875000 0.957029
vt 0.875000 1.000000
vt 0.419572 0.419572
vt 0.906250 0.957029
vt 0.906250 1.000000
vt 0.875000 0.930390
vt 0.906250 0.930390
vt 0.937500 0.930390
vt 0.968750 0.930390
vt 0.968750 0.815007
vt 0.937500 0.815007
vt 0.906250 0.815007
vt 1.000000 0.815007
vt 1.000000 0.930390
vt 0.031250 0.815007
vt 0.031250 0.930390
vt 0.000000 0.930390
vt 0.000000 0.815007
vt 0.062500 0.815007
vt 0.062500 0.930390
vt 0.093750 0.815007
vt 0.093750 0.930390
vt 0.125000 0.815007
vt 0.125000 0.930390
vt 0.156250 0.815007
vt 0.156250 0.930390
vt 0.187500 0.815007
vt 0.187500 0.930390
vt 0.218750 0.815007
vt 0.218750 0.930390
vt 0.250000 0.815007
vt 0.250000 0.930390
vt 0.281250 0.815007
vt 0.281250 0.930390
vt 0.312500 0.815007
vt 0.312500 0.930390
vt 0.343750 0.815007
vt 0.343750 0.930390
vt 0.375000 0.815007
vt 0.375000 0.930390
vt 0.406250 0.815007
vt 0.406250 0.930390
vt 0.437500 0.815007
vt 0.437500 0.930390
vt 0.468750 0.815007
vt 0.468750 0.930390
vt 0.500000 0.815007
vt 0.500000 0.930390
vt 0.531250 0.815007
vt 0.531250 0.930390
vt 0.562500 0.815007
vt 0.562500 0.930390
vt 0.593750 0.815007
vt 0.593750 0.930390
vt 0.625000 0.815007
vt 0.625000 0.930390
vt 0.656250 0.815007
vt 0.656250 0.930390
vt 0.687500 0.815007
vt 0.687500 0.930390
vt 0.718750 0.815007
vt 0.718750 0.930390
vt 0.750000 0.815007
vt 0.750000 0.930390
vt 0.781250 0.815007
vt 0.781250 0.930390
vt 0.812500 0.815007
vt 0.812500 0.930390
vt 0.843750 0.815007
vt 0.843750 0.930390
vt 0.875000 0.815007
vt 0.351911 0.351911
vt 0.361024 0.318252
vt 0.367247 0.284424
vt 0.369410 0.250000
vt 0.367247 0.215576
vt 0.361024 0.181748
vt 0.351911 0.148089
vt 0.318252 0.361024
vt 0.322997 0.322997
vt 0.326490 0.286478
vt 0.327735 0.250000
vt 0.326490 0.213522
vt 0.322997 0.177003
vt 0.318252 0.138976
vt 0.284424 0.367247
vt 0.286478 0.326490
vt 0.288052 0.288052
vt 0.288620 0.250000
vt 0.288052 0.211948
vt 0.286478 0.173510
vt 0.284424 0.132753
vt 0.250000 0.369410
vt 0.250000 0.327735
vt 0.250000 0.288620
vt 0.250000 0.250000
vt 0.250000 0.211380
vt 0.250000 0.172265
vt 0.250000 0.130590
vt 0.215576 0.367247
vt 0.213522 0.326491
vt 0.211948 0.288052
vt 0.211380 0.250000
vt 0.211948 0.211948
vt 0.213522 0.173510
vt 0.215576 0.132753
vt 0.181748 0.361024
vt 0.177003 0.322997
vt 0.173510 0.286478
vt 0.172265 0.250000
vt 0.173510 0.213522
vt 0.177003 0.177003
vt 0.181748 0.138976
vt 0.148089 0.351911
vt 0.138976 0.318252
vt 0.132753 0.284424
vt 0.130590 0.250000
vt 0.132753 0.215576
vt 0.138976 0.181748
vt 0.148089 0.148089
vt 1.000000 0.500000
vt 1.000000 0.807493
vt 0.968750 0.807493
vt 0.968750 0.500000
vt 0.031250 0.500000
vt 0.031250 0.807493
vt 0.000000 0.807493
vt 0.000000 0.500000
vt 0.999946 0.811250
vt 0.968750 0.811250
vt 0.031250 0.811250
vt 0.000054 0.811250
vt 0.937500 0.811250
vt 0.937500 0.807493
vt 0.937500 0.500000
vt 0.906250 0.811250
vt 0.906250 0.807493
vt 0.906250 0.500000
vt 0.875000 0.807493
vt 0.875000 0.500000
vt 0.843750 0.807493
vt 0.843750 0.500000
vt 0.875000 0.811250
vt 0.843750 0.811250
vt 0.812500 0.811250
vt 0.812500 0.807493
vt 0.812500 0.500000
vt 0.781250 0.811250
vt 0.781250 0.807493
vt 0.781250 0.500000
vt 0.750000 0.807493
vt 0.750000 0.500000
vt 0.718750 0.807493
vt 0.718750 0.500000
vt 0.750000 0.811250
vt 0.718750 0.811250
vt 0.687500 0.811250
vt 0.687500 0.807493
vt 0.687500 0.500000
vt 0.656250 0.811250
vt 0.656250 0.807493
vt 0.656250 0.500000
vt 0.625000 0.807493
vt 0.625000 0.500000
vt 0.593750 0.807493
vt 0.593750 0.500000
vt 0.625000 0.811250
vt 0.593750 0.811250
vt 0.562500 0.811250
vt 0.562500 0.807493
vt 0.562500 0.500000
vt 0.531250 0.811250
vt 0.531250 0.807493
vt 0.531250 0.500000
vt 0.500000 0.807493
vt 0.500000 0.500000
vt 0.468750 0.807493
vt 0.468750 0.500000
vt 0.500000 0.811250
vt 0.468750 0.811250
vt 0.437500 0.811250
vt 0.437500 0.807493
vt 0.437500 0.500000
vt 0.406250 0.811250
vt 0.406250 0.807493
vt 0.406250 0.500000
vt 0.375000 0.807493
vt 0.375000 0.500000
vt 0.343750 0.807493
vt 0.343750 0.500000
vt 0.375000 0.811250
vt 0.343750 0.811250
vt 0.312500 0.811250
vt 0.312500 0.807493
vt 0.312500 0.500000
vt 0.281250 0.811250
vt 0.281250 0.807493
vt 0.281250 0.500000
vt 0.250000 0.807493
vt 0.250000 0.500000
vt 0.218750 0.807493
vt 0.218750 0.500000
vt 0.250000 0.811250
vt 0.218750 0.811250
vt 0.187500 0.811250
vt 0.187500 0.807493
vt 0.187500 0.500000
vt 0.156250 0.811250
vt 0.156250 0.807493
vt 0.156250 0.500000
vt 0.125000 0.807493
vt 0.125000 0.500000
vt 0.093750 0.807493
vt 0.093750 0.500000
vt 0.125000 0.811250
vt 0.093750 0.811250
vt 0.062500 0.811250
vt 0.062500 0.807493
vt 0.062500 0.500000
vt 0.093750 0.815007
vt 0.000000 0.815007
vt 0.062500 0.815007
vt 1.000000 0.815007
vt 0.968750 0.815007
vt 1.000000 0.815007
vt 0.937500 0.815007
vt 0.937500 0.815007
vt 0.906250 0.815007
vt 0.875000 0.815007
vt 0.875000 0.815007
vt 0.843750 0.815007
vt 0.812500 0.815007
vt 0.781250 0.815007
vt 0.781250 0.815007
vt 0.750000 0.815007
vt 0.750000 0.815007
vt 0.718750 0.815007
vt 0.687500 0.815007
vt 0.656250 0.815007
vt 0.656250 0.815007
vt 0.625000 0.815007
vt 0.593750 0.815007
vt 0.593750 0.815007
vt 0.562500 0.815007
vt 0.531250 0.815007
vt 0.531250 0.815007
vt 0.500000 0.815007
vt 0.468750 0.815007
vt 0.468750 0.815007
vt 0.437500 0.815007
vt 0.437500 0.815007
vt 0.406250 0.815007
vt 0.406250 0.815007
vt 0.375000 0.815007
vt 0.375000 0.815007
vt 0.343750 0.815007
vt 0.343750 0.815007
vt 0.312500 0.815007
vt 0.281250 0.815007
vt 0.218750 0.815007
vt 0.218750 0.815007
vt 0.187500 0.815007
vt 0.187500 0.815007
vt 0.156250 0.815007
vt 0.156250 0.815007
vt 0.125000 0.815007
vt 0.093750 0.815007
vt 0.093750 0.815007
vt 0.062500 0.815007
vt 0.125000 0.815007
vt 0.156250 0.815007
vt 0.187500 0.815007
vt 0.187500 0.815007
vt 0.218750 0.815007
vt 0.218750 0.815007
vt 0.250000 0.815007
vt 0.250000 0.815007
vt 0.281250 0.815007
vt 0.281250 0.815007
vt 0.312500 0.815007
vt 0.312500 0.815007
vt 0.343750 0.815007
vt 0.375000 0.815007
vt 0.406250 0.815007
vt 0.437500 0.815007
vt 0.468750 0.815007
vt 0.500000 0.815007
vt 0.562500 0.815007
vt 0.562500 0.815007
vt 0.593750 0.815007
vt 0.625000 0.815007
vt 0.656250 0.815007
vt 0.687500 0.815007
vt 0.687500 0.815007
vt 0.718750 0.815007
vt 0.750000 0.815007
vt 0.781250 0.815007
vt 0.812500 0.815007
vt 0.812500 0.815007
vt 0.843750 0.815007
vt 0.843750 0.815007
vt 0.906250 0.815007
vt 0.906250 0.815007
vt 0.968750 0.815007
vt 0.968750 0.815007
vt 1.000000 0.815007
vt 0.031250 0.815007
vt 0.031250 0.815007
vt -0.000063 0.815007
vt 0.062500 0.815007
vt 0.093750 0.815007
vt 0.093750 0.815007
vt 0.062500 0.815007
vt 0.156250 0.815007
vt 0.187500 0.815007
vt 0.187500 0.815007
vt 0.218750 0.815007
vt 0.250000 0.815007
vt 0.281250 0.815007
vt 0.281250 0.815007
vt 0.312500 0.815007
vt 0.343750 0.815007
vt 0.343750 0.815007
vt 0.406250 0.815007
vt 0.406250 0.815007
vt 0.437500 0.815007
vt 0.437500 0.815007
vt 0.468750 0.815007
vt 0.500000 0.815007
vt 0.500000 0.815007
vt 0.531250 0.815007
vt 0.562500 0.815007
vt 0.562500 0.815007
vt 0.625000 0.815007
vt 0.625000 0.815007
vt 0.656250 0.815007
vt 0.687500 0.815007
vt 0.687500 0.815007
vt 0.718750 0.815007
vt 0.750000 0.815007
vt 0.750000 0.815007
vt 0.781250 0.815007
vt 0.781250 0.815007
vt 0.843750 0.815007
vt 0.843750 0.815007
vt 0.906250 0.815007
vt 0.937500 0.815007
vt 0.968750 0.815007
vt 1.000063 0.815007
s 1
usemtl boton1.019
f 1123/951/1229 1126/952/1230 1125/953/1231 1122/954/1232
f 1186/955/1233 1123/951/1229 1122/954/1232 1124/956/1234
f 1126/952/1230 1128/957/1235 1127/958/1236 1125/953/1231
f 1128/957/1235 1130/959/1237 1129/960/1238 1127/958/1236
f 1130/959/1237 1132/961/1239 1131/962/1240 1129/960/1238
f 1132/961/1239 1134/963/1241 1133/964/1242 1131/962/1240
f 1134/963/1241 1136/965/1243 1135/966/1244 1133/964/1242
f 1136/965/1243 1138/967/1245 1137/968/1246 1135/966/1244
f 1138/967/1245 1140/969/1247 1139/970/1248 1137/968/1246
f 1140/969/1247 1142/971/1249 1141/972/1250 1139/970/1248
f 1142/971/1249 1144/973/1251 1143/974/1252 1141/972/1250
f 1144/973/1251 1146/975/1253 1145/976/1254 1143/974/1252
f 1146/975/1253 1148/977/1255 1147/978/1256 1145/976/1254
f 1148/977/1255 1150/979/1257 1149/980/1258 1147/978/1256
f 1150/979/1257 1152/981/1259 1151/982/1260 1149/980/1258
f 1152/981/1259 1154/983/1261 1153/984/1262 1151/982/1260
f 1154/983/1261 1156/985/1263 1155/986/1264 1153/984/1262
f 1156/985/1263 1158/987/1265 1157/988/1266 1155/986/1264
f 1158/987/1265 1160/989/1267 1159/990/1268 1157/988/1266
f 1160/989/1267 1162/991/1269 1161/992/1270 1159/990/1268
f 1162/991/1269 1164/993/1271 1163/994/1272 1161/992/1270
f 1164/993/1271 1166/995/1273 1165/996/1274 1163/994/1272
f 1166/995/1273 1168/997/1275 1167/998/1276 1165/996/1274
f 1168/997/1275 1170/999/1277 1169/1000/1278 1167/998/1276
f 1170/999/1277 1172/1001/1279 1171/1002/1280 1169/1000/1278
f 1172/1001/1279 1174/1003/1281 1173/1004/1282 1171/1002/1280
f 1174/1003/1281 1176/1005/1283 1175/1006/1284 1173/1004/1282
f 1176/1005/1283 1178/1007/1285 1177/1008/1286 1175/1006/1284
f 1178/1007/1285 1180/1009/1287 1179/1010/1288 1177/1008/1286
f 1180/1009/1287 1182/1011/1289 1181/1012/1290 1179/1010/1288
f 1182/1011/1289 1184/1013/1291 1183/1014/1292 1181/1012/1290
f 1184/1013/1291 1186/955/1233 1124/956/1234 1183/1014/1292
f 1247/1015/1293 1185/1016/1294 1184/1013/1291 1182/1011/1289
f 1185/1016/1294 1187/1017/1295 1186/955/1233 1184/1013/1291
f 1187/1017/1295 1189/1018/1296 1123/951/1229 1186/955/1233
f 1250/1019/1297 1188/1020/1298 1187/1021/1295 1185/1022/1294
f 1188/1020/1298 1190/1023/1299 1189/1024/1296 1187/1021/1295
f 1190/1025/1299 1192/1026/1300 1191/1027/1301 1189/1028/1296
f 1189/1018/1296 1191/1029/1301 1126/952/1230 1123/951/1229
f 1192/1026/1300 1194/1030/1302 1193/1031/1303 1191/1027/1301
f 1191/1029/1301 1193/1032/1303 1128/957/1235 1126/952/1230
f 1194/1030/1302 1196/1033/1304 1195/1034/1305 1193/1031/1303
f 1193/1032/1303 1195/1035/1305 1130/959/1237 1128/957/1235
f 1196/1033/1304 1198/1036/1306 1197/1037/1307 1195/1034/1305
f 1195/1035/1305 1197/1038/1307 1132/961/1239 1130/959/1237
f 1198/1036/1306 1200/1039/1308 1199/1040/1309 1197/1037/1307
f 1197/1038/1307 1199/1041/1309 1134/963/1241 1132/961/1239
f 1200/1039/1308 1202/1042/1310 1201/1043/1311 1199/1040/1309
f 1199/1041/1309 1201/1044/1311 1136/965/1243 1134/963/1241
f 1202/1042/1310 1204/1045/1312 1203/1046/1313 1201/1043/1311
f 1201/1044/1311 1203/1047/1313 1138/967/1245 1136/965/1243
f 1204/1045/1312 1206/1048/1314 1205/1049/1315 1203/1046/1313
f 1203/1047/1313 1205/1050/1315 1140/969/1247 1138/967/1245
f 1206/1048/1314 1208/1051/1316 1207/1052/1317 1205/1049/1315
f 1205/1050/1315 1207/1053/1317 1142/971/1249 1140/969/1247
f 1208/1051/1316 1210/1054/1318 1209/1055/1319 1207/1052/1317
f 1207/1053/1317 1209/1056/1319 1144/973/1251 1142/971/1249
f 1210/1054/1318 1212/1057/1320 1211/1058/1321 1209/1055/1319
f 1209/1056/1319 1211/1059/1321 1146/975/1253 1144/973/1251
f 1212/1057/1320 1214/1060/1322 1213/1061/1323 1211/1058/1321
f 1211/1059/1321 1213/1062/1323 1148/977/1255 1146/975/1253
f 1214/1060/1322 1216/1063/1324 1215/1064/1325 1213/1061/1323
f 1213/1062/1323 1215/1065/1325 1150/979/1257 1148/977/1255
f 1216/1063/1324 1218/1066/1326 1217/1067/1327 1215/1064/1325
f 1215/1065/1325 1217/1068/1327 1152/981/1259 1150/979/1257
f 1218/1066/1326 1220/1069/1328 1219/1070/1329 1217/1067/1327
f 1217/1068/1327 1219/1071/1329 1154/983/1261 1152/981/1259
f 1220/1069/1328 1222/1072/1330 1221/1073/1331 1219/1070/1329
f 1219/1071/1329 1221/1074/1331 1156/985/1263 1154/983/1261
f 1222/1072/1330 1224/1075/1332 1223/1076/1333 1221/1073/1331
f 1221/1074/1331 1223/1077/1333 1158/987/1265 1156/985/1263
f 1224/1075/1332 1226/1078/1334 1225/1079/1335 1223/1076/1333
f 1223/1077/1333 1225/1080/1335 1160/989/1267 1158/987/1265
f 1226/1078/1334 1228/1081/1336 1227/1082/1337 1225/1079/1335
f 1225/1080/1335 1227/1083/1337 1162/991/1269 1160/989/1267
f 1228/1081/1336 1230/1084/1338 1229/1085/1339 1227/1082/1337
f 1227/1083/1337 1229/1086/1339 1164/993/1271 1162/991/1269
f 1230/1084/1338 1232/1087/1340 1231/1088/1341 1229/1085/1339
f 1229/1086/1339 1231/1089/1341 1166/995/1273 1164/993/1271
f 1232/1087/1340 1234/1090/1342 1233/1091/1343 1231/1088/1341
f 1231/1089/1341 1233/1092/1343 1168/997/1275 1166/995/1273
f 1234/1090/1342 1236/1093/1344 1235/1094/1345 1233/1091/1343
f 1233/1092/1343 1235/1095/1345 1170/999/1277 1168/997/1275
f 1236/1093/1344 1238/1096/1346 1237/1097/1347 1235/1094/1345
f 1235/1095/1345 1237/1098/1347 1172/1001/1279 1170/999/1277
f 1238/1096/1346 1240/1099/1348 1239/1100/1349 1237/1097/1347
f 1237/1098/1347 1239/1101/1349 1174/1003/1281 1172/1001/1279
f 1240/1099/1348 1242/1102/1350 1241/1103/1351 1239/1100/1349
f 1239/1101/1349 1241/1104/1351 1176/1005/1283 1174/1003/1281
f 1242/1102/1350 1244/1105/1352 1243/1106/1353 1241/1103/1351
f 1241/1104/1351 1243/1107/1353 1178/1007/1285 1176/1005/1283
f 1244/1105/1352 1246/1108/1354 1245/1109/1355 1243/1106/1353
f 1243/1107/1353 1245/1110/1355 1180/1009/1287 1178/1007/1285
f 1246/1108/1354 1248/1111/1356 1247/1112/1293 1245/1109/1355
f 1245/1110/1355 1247/1015/1293 1182/1011/1289 1180/1009/1287
f 1248/1111/1356 1250/1019/1297 1185/1022/1294 1247/1112/1293
f 1313/1113/1357 1249/1114/1358 1248/1111/1356 1246/1108/1354
f 1249/1114/1358 1251/1115/1359 1250/1019/1297 1248/1111/1356
f 1251/1115/1359 1252/1116/1360 1188/1020/1298 1250/1019/1297
f 1255/1117/1361 1252/1116/1360 1251/1115/1359 1253/1118/1362
f 1253/1118/1362 1251/1115/1359 1249/1114/1358 1254/1119/1363
f 1256/1120/1364 1257/1121/1365 1252/1116/1360 1255/1117/1361
f 1258/1122/1366 1259/1123/1367 1257/1124/1365 1256/1125/1364
f 1260/1126/1368 1261/1127/1369 1259/1123/1367 1258/1122/1366
f 1262/1128/1370 1263/1129/1371 1261/1127/1369 1260/1126/1368
f 1264/1130/1372 1265/1131/1373 1263/1129/1371 1262/1128/1370
f 1266/1132/1374 1267/1133/1375 1265/1131/1373 1264/1130/1372
f 1268/1134/1376 1269/1135/1377 1267/1133/1375 1266/1132/1374
f 1270/1136/1378 1271/1137/1379 1269/1135/1377 1268/1134/1376
f 1272/1138/1380 1273/1139/1381 1271/1137/1379 1270/1136/1378
f 1274/1140/1382 1275/1141/1383 1273/1139/1381 1272/1138/1380
f 1276/1142/1384 1277/1143/1385 1275/1141/1383 1274/1140/1382
f 1278/1144/1386 1279/1145/1387 1277/1143/1385 1276/1142/1384
f 1280/1146/1388 1281/1147/1389 1279/1145/1387 1278/1144/1386
f 1282/1148/1390 1283/1149/1391 1281/1147/1389 1280/1146/1388
f 1284/1150/1392 1285/1151/1393 1283/1149/1391 1282/1148/1390
f 1286/1152/1394 1287/1153/1395 1285/1151/1393 1284/1150/1392
f 1288/1154/1396 1289/1155/1397 1287/1153/1395 1286/1152/1394
f 1290/1156/1398 1291/1157/1399 1289/1155/1397 1288/1154/1396
f 1292/1158/1400 1293/1159/1401 1291/1157/1399 1290/1156/1398
f 1294/1160/1402 1295/1161/1403 1293/1159/1401 1292/1158/1400
f 1296/1162/1404 1297/1163/1405 1295/1161/1403 1294/1160/1402
f 1298/1164/1406 1299/1165/1407 1297/1163/1405 1296/1162/1404
f 1300/1166/1408 1301/1167/1409 1299/1165/1407 1298/1164/1406
f 1302/1168/1410 1303/1169/1411 1301/1167/1409 1300/1166/1408
f 1304/1170/1412 1305/1171/1413 1303/1169/1411 1302/1168/1410
f 1306/1172/1414 1307/1173/1415 1305/1171/1413 1304/1170/1412
f 1308/1174/1416 1309/1175/1417 1307/1173/1415 1306/1172/1414
f 1310/1176/1418 1311/1177/1419 1309/1175/1417 1308/1174/1416
f 1312/1178/1420 1313/1113/1357 1311/1177/1419 1310/1176/1418
f 1254/1119/1363 1249/1114/1358 1313/1113/1357 1312/1178/1420
f 1311/1177/1419 1313/1113/1357 1246/1108/1354 1244/1105/1352
f 1309/1175/1417 1311/1177/1419 1244/1105/1352 1242/1102/1350
f 1307/1173/1415 1309/1175/1417 1242/1102/1350 1240/1099/1348
f 1305/1171/1413 1307/1173/1415 1240/1099/1348 1238/1096/1346
f 1303/1169/1411 1305/1171/1413 1238/1096/1346 1236/1093/1344
f 1301/1167/1409 1303/1169/1411 1236/1093/1344 1234/1090/1342
f 1299/1165/1407 1301/1167/1409 1234/1090/1342 1232/1087/1340
f 1297/1163/1405 1299/1165/1407 1232/1087/1340 1230/1084/1338
f 1295/1161/1403 1297/1163/1405 1230/1084/1338 1228/1081/1336
f 1293/1159/1401 1295/1161/1403 1228/1081/1336 1226/1078/1334
f 1291/1157/1399 1293/1159/1401 1226/1078/1334 1224/1075/1332
f 1289/1155/1397 1291/1157/1399 1224/1075/1332 1222/1072/1330
f 1287/1153/1395 1289/1155/1397 1222/1072/1330 1220/1069/1328
f 1285/1151/1393 1287/1153/1395 1220/1069/1328 1218/1066/1326
f 1283/1149/1391 1285/1151/1393 1218/1066/1326 1216/1063/1324
f 1281/1147/1389 1283/1149/1391 1216/1063/1324 1214/1060/1322
f 1279/1145/1387 1281/1147/1389 1214/1060/1322 1212/1057/1320
f 1277/1143/1385 1279/1145/1387 1212/1057/1320 1210/1054/1318
f 1275/1141/1383 1277/1143/1385 1210/1054/1318 1208/1051/1316
f 1273/1139/1381 1275/1141/1383 1208/1051/1316 1206/1048/1314
f 1271/1137/1379 1273/1139/1381 1206/1048/1314 1204/1045/1312
f 1269/1135/1377 1271/1137/1379 1204/1045/1312 1202/1042/1310
f 1267/1133/1375 1269/1135/1377 1202/1042/1310 1200/1039/1308
f 1265/1131/1373 1267/1133/1375 1200/1039/1308 1198/1036/1306
f 1263/1129/1371 1265/1131/1373 1198/1036/1306 1196/1033/1304
f 1261/1127/1369 1263/1129/1371 1196/1033/1304 1194/1030/1302
f 1259/1123/1367 1261/1127/1369 1194/1030/1302 1192/1026/1300
f 1257/1124/1365 1259/1123/1367 1192/1026/1300 1190/1025/1299
f 1252/1116/1360 1257/1121/1365 1190/1023/1299 1188/1020/1298
f 1181/1012/1290 1314/1179/1421 1177/1008/1286 1179/1010/1288
f 1314/1179/1421 1321/1180/1421 1175/1006/1284 1177/1008/1286
f 1321/1180/1421 1328/1181/1421 1173/1004/1282 1175/1006/1284
f 1328/1181/1421 1335/1182/1421 1171/1002/1280 1173/1004/1282
f 1335/1182/1421 1342/1183/1421 1169/1000/1278 1171/1002/1280
f 1342/1183/1421 1349/1184/1421 1167/998/1276 1169/1000/1278
f 1349/1184/1421 1356/1185/1421 1165/996/1274 1167/998/1276
f 1356/1185/1421 1161/992/1270 1163/994/1272 1165/996/1274
f 1183/1014/1292 1315/1186/1421 1314/1179/1421 1181/1012/1290
f 1315/1186/1421 1322/1187/1421 1321/1180/1421 1314/1179/1421
f 1322/1187/1421 1329/1188/1421 1328/1181/1421 1321/1180/1421
f 1329/1188/1421 1336/1189/1421 1335/1182/1421 1328/1181/1421
f 1336/1189/1421 1343/1190/1421 1342/1183/1421 1335/1182/1421
f 1343/1190/1421 1350/1191/1421 1349/1184/1421 1342/1183/1421
f 1350/1191/1421 1357/1192/1421 1356/1185/1421 1349/1184/1421
f 1357/1192/1421 1159/990/1268 1161/992/1270 1356/1185/1421
f 1124/956/1234 1316/1193/1421 1315/1186/1421 1183/1014/1292
f 1316/1193/1421 1323/1194/1421 1322/1187/1421 1315/1186/1421
f 1323/1194/1421 1330/1195/1421 1329/1188/1421 1322/1187/1421
f 1330/1195/1421 1337/1196/1421 1336/1189/1421 1329/1188/1421
f 1337/1196/1421 1344/1197/1421 1343/1190/1421 1336/1189/1421
f 1344/1197/1421 1351/1198/1421 1350/1191/1421 1343/1190/1421
f 1351/1198/1421 1358/1199/1421 1357/1192/1421 1350/1191/1421
f 1358/1199/1421 1157/988/1266 1159/990/1268 1357/1192/1421
f 1122/954/1232 1317/1200/1421 1316/1193/1421 1124/956/1234
f 1317/1200/1421 1324/1201/1421 1323/1194/1421 1316/1193/1421
f 1324/1201/1421 1331/1202/1421 1330/1195/1421 1323/1194/1421
f 1331/1202/1421 1338/1203/1421 1337/1196/1421 1330/1195/1421
f 1338/1203/1421 1345/1204/1421 1344/1197/1421 1337/1196/1421
f 1345/1204/1421 1352/1205/1421 1351/1198/1421 1344/1197/1421
f 1352/1205/1421 1359/1206/1421 1358/1199/1421 1351/1198/1421
f 1359/1206/1421 1155/986/1264 1157/988/1266 1358/1199/1421
f 1125/953/1231 1318/1207/1421 1317/1200/1421 1122/954/1232
f 1318/1207/1421 1325/1208/1421 1324/1201/1421 1317/1200/1421
f 1325/1208/1421 1332/1209/1421 1331/1202/1421 1324/1201/1421
f 1332/1209/1421 1339/1210/1421 1338/1203/1421 1331/1202/1421
f 1339/1210/1421 1346/1211/1421 1345/1204/1421 1338/1203/1421
f 1346/1211/1421 1353/1212/1421 1352/1205/1421 1345/1204/1421
f 1353/1212/1421 1360/1213/1421 1359/1206/1421 1352/1205/1421
f 1360/1213/1421 1153/984/1262 1155/986/1264 1359/1206/1421
f 1127/958/1236 1319/1214/1421 1318/1207/1421 1125/953/1231
f 1319/1214/1421 1326/1215/1421 1325/1208/1421 1318/1207/1421
f 1326/1215/1421 1333/1216/1421 1332/1209/1421 1325/1208/1421
f 1333/1216/1421 1340/1217/1421 1339/1210/1421 1332/1209/1421
f 1340/1217/1421 1347/1218/1421 1346/1211/1421 1339/1210/1421
f 1347/1218/1421 1354/1219/1421 1353/1212/1421 1346/1211/1421
f 1354/1219/1421 1361/1220/1421 1360/1213/1421 1353/1212/1421
f 1361/1220/1421 1151/982/1260 1153/984/1262 1360/1213/1421
f 1129/960/1238 1320/1221/1421 1319/1214/1421 1127/958/1236
f 1320/1221/1421 1327/1222/1421 1326/1215/1421 1319/1214/1421
f 1327/1222/1421 1334/1223/1421 1333/1216/1421 1326/1215/1421
f 1334/1223/1421 1341/1224/1421 1340/1217/1421 1333/1216/1421
f 1341/1224/1421 1348/1225/1421 1347/1218/1421 1340/1217/1421
f 1348/1225/1421 1355/1226/1421 1354/1219/1421 1347/1218/1421
f 1355/1226/1421 1362/1227/1421 1361/1220/1421 1354/1219/1421
f 1362/1227/1421 1149/980/1258 1151/982/1260 1361/1220/1421
f 1131/962/1240 1133/964/1242 1320/1221/1421 1129/960/1238
f 1133/964/1242 1135/966/1244 1327/1222/1421 1320/1221/1421
f 1135/966/1244 1137/968/1246 1334/1223/1421 1327/1222/1421
f 1137/968/1246 1139/970/1248 1341/1224/1421 1334/1223/1421
f 1139/970/1248 1141/972/1250 1348/1225/1421 1341/1224/1421
f 1141/972/1250 1143/974/1252 1355/1226/1421 1348/1225/1421
f 1143/974/1252 1145/976/1254 1362/1227/1421 1355/1226/1421
f 1145/976/1254 1147/978/1256 1149/980/1258 1362/1227/1421
usemtl metal_1.022
f 1363/1228/1364 1366/1229/1422 1369/1230/1423 1364/1231/1361
f 1365/1232/1366 1368/1233/1424 1366/1234/1422 1363/1235/1364
f 1367/1236/1425 1370/1237/1426 1369/1230/1423 1366/1229/1422
f 1452/1238/1427 1367/1239/1425 1366/1234/1422 1368/1233/1424
f 1370/1237/1426 1372/1240/1428 1371/1241/1429 1369/1230/1423
f 1364/1231/1361 1369/1230/1423 1371/1241/1429 1374/1242/1362
f 1372/1240/1428 1464/1243/1430 1373/1244/1431 1371/1241/1429
f 1374/1242/1362 1371/1241/1429 1373/1244/1431 1375/1245/1363
f 1375/1245/1363 1373/1244/1431 1378/1246/1432 1376/1247/1420
f 1376/1247/1420 1378/1246/1432 1380/1248/1433 1377/1249/1418
f 1464/1243/1430 1379/1250/1434 1378/1246/1432 1373/1244/1431
f 1379/1250/1434 1381/1251/1435 1380/1248/1433 1378/1246/1432
f 1381/1251/1435 1383/1252/1436 1382/1253/1437 1380/1248/1433
f 1377/1249/1418 1380/1248/1433 1382/1253/1437 1385/1254/1416
f 1383/1252/1436 1473/1255/1438 1384/1256/1439 1382/1253/1437
f 1385/1254/1416 1382/1253/1437 1384/1256/1439 1386/1257/1414
f 1386/1257/1414 1384/1256/1439 1389/1258/1440 1387/1259/1412
f 1387/1259/1412 1389/1258/1440 1391/1260/1441 1388/1261/1410
f 1473/1255/1438 1390/1262/1442 1389/1258/1440 1384/1256/1439
f 1390/1262/1442 1392/1263/1443 1391/1260/1441 1389/1258/1440
f 1392/1263/1443 1394/1264/1444 1393/1265/1445 1391/1260/1441
f 1388/1261/1410 1391/1260/1441 1393/1265/1445 1396/1266/1408
f 1394/1264/1444 1482/1267/1446 1395/1268/1447 1393/1265/1445
f 1396/1266/1408 1393/1265/1445 1395/1268/1447 1397/1269/1406
f 1397/1269/1406 1395/1268/1447 1400/1270/1448 1398/1271/1404
f 1398/1271/1404 1400/1270/1448 1402/1272/1449 1399/1273/1402
f 1482/1267/1446 1401/1274/1450 1400/1270/1448 1395/1268/1447
f 1401/1274/1450 1403/1275/1451 1402/1272/1449 1400/1270/1448
f 1403/1275/1451 1405/1276/1452 1404/1277/1453 1402/1272/1449
f 1399/1273/1402 1402/1272/1449 1404/1277/1453 1407/1278/1400
f 1405/1276/1452 1491/1279/1454 1406/1280/1455 1404/1277/1453
f 1407/1278/1400 1404/1277/1453 1406/1280/1455 1408/1281/1398
f 1408/1281/1398 1406/1280/1455 1411/1282/1456 1409/1283/1396
f 1409/1283/1396 1411/1282/1456 1413/1284/1457 1410/1285/1394
f 1491/1279/1454 1412/1286/1458 1411/1282/1456 1406/1280/1455
f 1412/1286/1458 1414/1287/1459 1413/1284/1457 1411/1282/1456
f 1414/1287/1459 1416/1288/1460 1415/1289/1461 1413/1284/1457
f 1410/1285/1394 1413/1284/1457 1415/1289/1461 1418/1290/1392
f 1416/1288/1460 1500/1291/1462 1417/1292/1463 1415/1289/1461
f 1418/1290/1392 1415/1289/1461 1417/1292/1463 1419/1293/1390
f 1419/1293/1390 1417/1292/1463 1422/1294/1464 1420/1295/1388
f 1420/1295/1388 1422/1294/1464 1424/1296/1465 1421/1297/1386
f 1500/1291/1462 1423/1298/1466 1422/1294/1464 1417/1292/1463
f 1423/1298/1466 1425/1299/1467 1424/1296/1465 1422/1294/1464
f 1425/1299/1467 1427/1300/1468 1426/1301/1469 1424/1296/1465
f 1421/1297/1386 1424/1296/1465 1426/1301/1469 1429/1302/1384
f 1427/1300/1468 1509/1303/1470 1428/1304/1471 1426/1301/1469
f 1429/1302/1384 1426/1301/1469 1428/1304/1471 1430/1305/1382
f 1430/1305/1382 1428/1304/1471 1433/1306/1472 1431/1307/1380
f 1431/1307/1380 1433/1306/1472 1435/1308/1473 1432/1309/1378
f 1509/1303/1470 1434/1310/1474 1433/1306/1472 1428/1304/1471
f 1434/1310/1474 1436/1311/1475 1435/1308/1473 1433/1306/1472
f 1436/1311/1475 1438/1312/1476 1437/1313/1477 1435/1308/1473
f 1432/1309/1378 1435/1308/1473 1437/1313/1477 1440/1314/1376
f 1438/1312/1476 1518/1315/1478 1439/1316/1479 1437/1313/1477
f 1440/1314/1376 1437/1313/1477 1439/1316/1479 1441/1317/1374
f 1441/1317/1374 1439/1316/1479 1444/1318/1480 1442/1319/1372
f 1442/1319/1372 1444/1318/1480 1446/1320/1481 1443/1321/1370
f 1518/1315/1478 1445/1322/1482 1444/1318/1480 1439/1316/1479
f 1445/1322/1482 1447/1323/1483 1446/1320/1481 1444/1318/1480
f 1447/1323/1483 1449/1324/1484 1448/1325/1485 1446/1320/1481
f 1443/1321/1370 1446/1320/1481 1448/1325/1485 1450/1326/1368
f 1449/1324/1484 1452/1238/1427 1368/1233/1424 1448/1325/1485
f 1450/1326/1368 1448/1325/1485 1368/1233/1424 1365/1232/1366
f 1520/1327/1486 1451/1126/1487 1449/1324/1484 1447/1323/1483
f 1451/1126/1487 1453/1122/1488 1452/1238/1427 1449/1324/1484
f 1453/1122/1488 1455/1328/1489 1367/1239/1425 1452/1238/1427
f 1454/1122/1490 1456/1328/1491 1455/1328/1489 1453/1122/1488
f 1522/1329/1492 1454/1122/1490 1453/1122/1488 1451/1126/1487
f 1456/1330/1491 1458/1117/1493 1457/1331/1494 1455/1332/1489
f 1455/1332/1489 1457/1331/1494 1370/1237/1426 1367/1236/1425
f 1458/1117/1493 1460/1333/1495 1459/1334/1496 1457/1331/1494
f 1457/1331/1494 1459/1334/1496 1372/1240/1428 1370/1237/1426
f 1460/1333/1495 1462/1119/1497 1461/1335/1498 1459/1334/1496
f 1459/1334/1496 1461/1335/1498 1464/1243/1430 1372/1240/1428
f 1462/1119/1497 1465/1336/1499 1463/1337/1500 1461/1335/1498
f 1461/1335/1498 1463/1337/1500 1379/1250/1434 1464/1243/1430
f 1465/1336/1499 1467/1176/1501 1466/1338/1502 1463/1337/1500
f 1463/1337/1500 1466/1338/1502 1381/1251/1435 1379/1250/1434
f 1467/1176/1501 1469/1174/1503 1468/1339/1504 1466/1338/1502
f 1466/1338/1502 1468/1339/1504 1383/1252/1436 1381/1251/1435
f 1469/1174/1503 1471/1340/1505 1470/1341/1506 1468/1339/1504
f 1468/1339/1504 1470/1341/1506 1473/1255/1438 1383/1252/1436
f 1471/1340/1505 1474/1342/1507 1472/1343/1508 1470/1341/1506
f 1470/1341/1506 1472/1343/1508 1390/1262/1442 1473/1255/1438
f 1474/1342/1507 1476/1344/1509 1475/1344/1510 1472/1343/1508
f 1472/1343/1508 1475/1344/1510 1392/1263/1443 1390/1262/1442
f 1476/1344/1509 1478/1345/1511 1477/1345/1512 1475/1344/1510
f 1475/1344/1510 1477/1345/1512 1394/1264/1444 1392/1263/1443
f 1478/1345/1511 1480/1346/1513 1479/1347/1514 1477/1345/1512
f 1477/1345/1512 1479/1347/1514 1482/1267/1446 1394/1264/1444
f 1480/1346/1513 1483/1162/1515 1481/1348/1516 1479/1347/1514
f 1479/1347/1514 1481/1348/1516 1401/1274/1450 1482/1267/1446
f 1483/1162/1515 1485/1349/1517 1484/1350/1518 1481/1348/1516
f 1481/1348/1516 1484/1350/1518 1403/1275/1451 1401/1274/1450
f 1485/1349/1517 1487/1351/1519 1486/1351/1520 1484/1350/1518
f 1484/1350/1518 1486/1351/1520 1405/1276/1452 1403/1275/1451
f 1487/1351/1519 1489/1352/1521 1488/1353/1522 1486/1351/1520
f 1486/1351/1520 1488/1353/1522 1491/1279/1454 1405/1276/1452
f 1489/1352/1521 1492/1354/1523 1490/1154/1524 1488/1353/1522
f 1488/1353/1522 1490/1154/1524 1412/1286/1458 1491/1279/1454
f 1492/1354/1523 1494/1355/1525 1493/1356/1526 1490/1154/1524
f 1490/1154/1524 1493/1356/1526 1414/1287/1459 1412/1286/1458
f 1494/1355/1525 1496/1357/1527 1495/1358/1528 1493/1356/1526
f 1493/1356/1526 1495/1358/1528 1416/1288/1460 1414/1287/1459
f 1496/1357/1527 1498/1359/1529 1497/1360/1530 1495/1358/1528
f 1495/1358/1528 1497/1360/1530 1500/1291/1462 1416/1288/1460
f 1498/1359/1529 1501/1361/1531 1499/1362/1532 1497/1360/1530
f 1497/1360/1530 1499/1362/1532 1423/1298/1466 1500/1291/1462
f 1501/1361/1531 1503/1363/1533 1502/1364/1534 1499/1362/1532
f 1499/1362/1532 1502/1364/1534 1425/1299/1467 1423/1298/1466
f 1503/1363/1533 1505/1365/1535 1504/1142/1536 1502/1364/1534
f 1502/1364/1534 1504/1142/1536 1427/1300/1468 1425/1299/1467
f 1505/1365/1535 1507/1140/1537 1506/1366/1538 1504/1142/1536
f 1504/1142/1536 1506/1366/1538 1509/1303/1470 1427/1300/1468
f 1507/1140/1537 1510/1138/1539 1508/1138/1540 1506/1366/1538
f 1506/1366/1538 1508/1138/1540 1434/1310/1474 1509/1303/1470
f 1510/1138/1539 1512/1367/1541 1511/1368/1542 1508/1138/1540
f 1508/1138/1540 1511/1368/1542 1436/1311/1475 1434/1310/1474
f 1512/1367/1541 1514/1369/1543 1513/1370/1544 1511/1368/1542
f 1511/1368/1542 1513/1370/1544 1438/1312/1476 1436/1311/1475
f 1514/1369/1543 1516/1371/1545 1515/1372/1546 1513/1370/1544
f 1513/1370/1544 1515/1372/1546 1518/1315/1478 1438/1312/1476
f 1516/1371/1545 1519/1373/1547 1517/1373/1548 1515/1372/1546
f 1515/1372/1546 1517/1373/1548 1445/1322/1482 1518/1315/1478
f 1519/1373/1547 1521/1374/1549 1520/1327/1486 1517/1373/1548
f 1517/1373/1548 1520/1327/1486 1447/1323/1483 1445/1322/1482
f 1521/1374/1549 1522/1329/1492 1451/1126/1487 1520/1327/1486
f 1523/1375/1550 1525/1376/1551 1522/1329/1492 1521/1374/1549
f 1526/1377/1552 1523/1375/1550 1521/1374/1549 1519/1373/1547
f 1527/1373/1553 1524/1128/1554 1523/1375/1550 1526/1377/1552
f 1524/1128/1554 1587/1376/1555 1525/1376/1551 1523/1375/1550
f 1529/1378/1556 1527/1373/1553 1526/1377/1552 1528/1378/1557
f 1528/1378/1557 1526/1377/1552 1519/1373/1547 1516/1371/1545
f 1531/1379/1558 1529/1378/1556 1528/1378/1557 1530/1380/1559
f 1530/1380/1559 1528/1378/1557 1516/1371/1545 1514/1369/1543
f 1533/1381/1560 1531/1379/1558 1530/1380/1559 1532/1382/1561
f 1532/1382/1561 1530/1380/1559 1514/1369/1543 1512/1367/1541
f 1535/1383/1562 1533/1381/1560 1532/1382/1561 1534/1384/1563
f 1534/1384/1563 1532/1382/1561 1512/1367/1541 1510/1138/1539
f 1537/1385/1564 1535/1383/1562 1534/1384/1563 1536/1386/1565
f 1536/1386/1565 1534/1384/1563 1510/1138/1539 1507/1140/1537
f 1539/1387/1566 1537/1385/1564 1536/1386/1565 1538/1388/1567
f 1538/1388/1567 1536/1386/1565 1507/1140/1537 1505/1365/1535
f 1541/1389/1568 1539/1387/1566 1538/1388/1567 1540/1144/1569
f 1540/1144/1569 1538/1388/1567 1505/1365/1535 1503/1363/1533
f 1543/1146/1570 1541/1389/1568 1540/1144/1569 1542/1390/1571
f 1542/1390/1571 1540/1144/1569 1503/1363/1533 1501/1361/1531
f 1545/1391/1572 1543/1146/1570 1542/1390/1571 1544/1148/1573
f 1544/1148/1573 1542/1390/1571 1501/1361/1531 1498/1359/1529
f 1547/1392/1574 1545/1391/1572 1544/1148/1573 1546/1358/1575
f 1546/1358/1575 1544/1148/1573 1498/1359/1529 1496/1357/1527
f 1549/1393/1576 1547/1392/1574 1546/1358/1575 1548/1152/1577
f 1548/1152/1577 1546/1358/1575 1496/1357/1527 1494/1355/1525
f 1551/1154/1578 1549/1393/1576 1548/1152/1577 1550/1394/1579
f 1550/1394/1579 1548/1152/1577 1494/1355/1525 1492/1354/1523
f 1553/1353/1580 1551/1154/1578 1550/1394/1579 1552/1156/1581
f 1552/1156/1581 1550/1394/1579 1492/1354/1523 1489/1352/1521
f 1555/1395/1582 1553/1353/1580 1552/1156/1581 1554/1396/1583
f 1554/1396/1583 1552/1156/1581 1489/1352/1521 1487/1351/1519
f 1557/1397/1584 1555/1395/1582 1554/1396/1583 1556/1160/1585
f 1556/1160/1585 1554/1396/1583 1487/1351/1519 1485/1349/1517
f 1559/1162/1586 1557/1397/1584 1556/1160/1585 1558/1398/1587
f 1558/1398/1587 1556/1160/1585 1485/1349/1517 1483/1162/1515
f 1561/1399/1588 1559/1162/1586 1558/1398/1587 1560/1164/1589
f 1560/1164/1589 1558/1398/1587 1483/1162/1515 1480/1346/1513
f 1563/1400/1590 1561/1399/1588 1560/1164/1589 1562/1401/1591
f 1562/1401/1591 1560/1164/1589 1480/1346/1513 1478/1345/1511
f 1565/1168/1592 1563/1400/1590 1562/1401/1591 1564/1402/1593
f 1564/1402/1593 1562/1401/1591 1478/1345/1511 1476/1344/1509
f 1567/1170/1594 1565/1168/1592 1564/1402/1593 1566/1403/1595
f 1566/1403/1595 1564/1402/1593 1476/1344/1509 1474/1342/1507
f 1569/1404/1596 1567/1170/1594 1566/1403/1595 1568/1172/1597
f 1568/1172/1597 1566/1403/1595 1474/1342/1507 1471/1340/1505
f 1571/1405/1598 1569/1404/1596 1568/1172/1597 1570/1406/1599
f 1570/1406/1599 1568/1172/1597 1471/1340/1505 1469/1174/1503
f 1573/1407/1600 1571/1405/1598 1570/1406/1599 1572/1408/1601
f 1572/1408/1601 1570/1406/1599 1469/1174/1503 1467/1176/1501
f 1575/1178/1602 1573/1407/1600 1572/1408/1601 1574/1336/1603
f 1574/1336/1603 1572/1408/1601 1467/1176/1501 1465/1336/1499
f 1577/1409/1604 1575/1178/1602 1574/1336/1603 1576/1410/1605
f 1576/1410/1605 1574/1336/1603 1465/1336/1499 1462/1119/1497
f 1579/1334/1606 1577/1409/1604 1576/1410/1605 1578/1118/1607
f 1578/1118/1607 1576/1410/1605 1462/1119/1497 1460/1333/1495
f 1581/1411/1608 1579/1334/1606 1578/1118/1607 1580/1412/1609
f 1580/1412/1609 1578/1118/1607 1460/1333/1495 1458/1117/1493
f 1583/1332/1610 1581/1411/1608 1580/1412/1609 1582/1413/1611
f 1582/1413/1611 1580/1412/1609 1458/1117/1493 1456/1330/1491
f 1585/1414/1612 1583/1125/1610 1582/1125/1611 1584/1122/1613
f 1584/1122/1613 1582/1125/1611 1456/1328/1491 1454/1122/1490
f 1587/1376/1555 1585/1414/1612 1584/1122/1613 1525/1376/1551
f 1525/1376/1551 1584/1122/1613 1454/1122/1490 1522/1329/1492
f 1586/1415/1614 1648/1416/1615 1583/1125/1610 1585/1414/1612
f 1588/1417/1616 1586/1415/1614 1585/1414/1612 1587/1376/1555
f 1590/1418/1617 1588/1417/1616 1587/1376/1555 1524/1128/1554
f 1591/1419/1618 1589/1420/1619 1588/1417/1616 1590/1418/1617
f 1589/1420/1619 1650/1122/1620 1586/1415/1614 1588/1417/1616
f 1593/1130/1621 1591/1419/1618 1590/1418/1617 1592/1130/1622
f 1592/1130/1622 1590/1418/1617 1524/1128/1554 1527/1373/1553
f 1595/1132/1623 1593/1130/1621 1592/1130/1622 1594/1421/1624
f 1594/1421/1624 1592/1130/1622 1527/1373/1553 1529/1378/1556
f 1597/1422/1625 1595/1132/1623 1594/1421/1624 1596/1423/1626
f 1596/1423/1626 1594/1421/1624 1529/1378/1556 1531/1379/1558
f 1599/1367/1627 1597/1422/1625 1596/1423/1626 1598/1424/1628
f 1598/1424/1628 1596/1423/1626 1531/1379/1558 1533/1381/1560
f 1601/1425/1629 1599/1367/1627 1598/1424/1628 1600/1138/1630
f 1600/1138/1630 1598/1424/1628 1533/1381/1560 1535/1383/1562
f 1603/1426/1631 1601/1425/1629 1600/1138/1630 1602/1427/1632
f 1602/1427/1632 1600/1138/1630 1535/1383/1562 1537/1385/1564
f 1605/1142/1633 1603/1426/1631 1602/1427/1632 1604/1428/1634
f 1604/1428/1634 1602/1427/1632 1537/1385/1564 1539/1387/1566
f 1607/1429/1635 1605/1142/1633 1604/1428/1634 1606/1430/1636
f 1606/1430/1636 1604/1428/1634 1539/1387/1566 1541/1389/1568
f 1609/1146/1637 1607/1429/1635 1606/1430/1636 1608/1362/1638
f 1608/1362/1638 1606/1430/1636 1541/1389/1568 1543/1146/1570
f 1611/1431/1639 1609/1146/1637 1608/1362/1638 1610/1432/1640
f 1610/1432/1640 1608/1362/1638 1543/1146/1570 1545/1391/1572
f 1613/1433/1641 1611/1431/1639 1610/1432/1640 1612/1434/1642
f 1612/1434/1642 1610/1432/1640 1545/1391/1572 1547/1392/1574
f 1615/1152/1643 1613/1433/1641 1612/1434/1642 1614/1435/1644
f 1614/1435/1644 1612/1434/1642 1547/1392/1574 1549/1393/1576
f 1617/1436/1645 1615/1152/1643 1614/1435/1644 1616/1437/1646
f 1616/1437/1646 1614/1435/1644 1549/1393/1576 1551/1154/1578
f 1619/1353/1647 1617/1436/1645 1616/1437/1646 1618/1438/1648
f 1618/1438/1648 1616/1437/1646 1551/1154/1578 1553/1353/1580
f 1621/1439/1649 1619/1353/1647 1618/1438/1648 1620/1440/1650
f 1620/1440/1650 1618/1438/1648 1553/1353/1580 1555/1395/1582
f 1623/1160/1651 1621/1439/1649 1620/1440/1650 1622/1160/1652
f 1622/1160/1652 1620/1440/1650 1555/1395/1582 1557/1397/1584
f 1625/1441/1653 1623/1160/1651 1622/1160/1652 1624/1442/1654
f 1624/1442/1654 1622/1160/1652 1557/1397/1584 1559/1162/1586
f 1627/1164/1655 1625/1441/1653 1624/1442/1654 1626/1443/1656
f 1626/1443/1656 1624/1442/1654 1559/1162/1586 1561/1399/1588
f 1629/1444/1657 1627/1164/1655 1626/1443/1656 1628/1445/1658
f 1628/1445/1658 1626/1443/1656 1561/1399/1588 1563/1400/1590
f 1631/1344/1659 1629/1444/1657 1628/1445/1658 1630/1446/1660
f 1630/1446/1660 1628/1445/1658 1563/1400/1590 1565/1168/1592
f 1633/1447/1661 1631/1344/1659 1630/1446/1660 1632/1448/1662
f 1632/1448/1662 1630/1446/1660 1565/1168/1592 1567/1170/1594
f 1635/1449/1663 1633/1447/1661 1632/1448/1662 1634/1450/1664
f 1634/1450/1664 1632/1448/1662 1567/1170/1594 1569/1404/1596
f 1637/1174/1665 1635/1449/1663 1634/1450/1664 1636/1405/1666
f 1636/1405/1666 1634/1450/1664 1569/1404/1596 1571/1405/1598
f 1639/1451/1667 1637/1174/1665 1636/1405/1666 1638/1452/1668
f 1638/1452/1668 1636/1405/1666 1571/1405/1598 1573/1407/1600
f 1641/1178/1669 1639/1451/1667 1638/1452/1668 1640/1178/1670
f 1640/1178/1670 1638/1452/1668 1573/1407/1600 1575/1178/1602
f 1643/1453/1671 1641/1178/1669 1640/1178/1670 1642/1453/1672
f 1642/1453/1672 1640/1178/1670 1575/1178/1602 1577/1409/1604
f 1645/1454/1673 1643/1453/1671 1642/1453/1672 1644/1334/1674
f 1644/1334/1674 1642/1453/1672 1577/1409/1604 1579/1334/1606
f 1647/1412/1675 1645/1454/1673 1644/1334/1674 1646/1455/1676
f 1646/1455/1676 1644/1334/1674 1579/1334/1606 1581/1411/1608
f 1649/1120/1677 1647/1412/1675 1646/1455/1676 1648/1456/1615
f 1648/1456/1615 1646/1455/1676 1581/1411/1608 1583/1332/1610
f 1650/1122/1620 1649/1125/1677 1648/1416/1615 1586/1415/1614
f 1649/1125/1677 1650/1122/1620 1652/1122/1398 1651/1125/1396
f 1647/1412/1675 1649/1120/1677 1651/1120/1396 1653/1117/1394
f 1645/1454/1673 1647/1412/1675 1653/1117/1394 1654/1118/1392
f 1643/1453/1671 1645/1454/1673 1654/1118/1392 1655/1119/1390
f 1641/1178/1669 1643/1453/1671 1655/1119/1390 1656/1178/1388
f 1639/1451/1667 1641/1178/1669 1656/1178/1388 1657/1176/1386
f 1637/1174/1665 1639/1451/1667 1657/1176/1386 1658/1174/1384
f 1635/1449/1663 1637/1174/1665 1658/1174/1384 1659/1172/1382
f 1633/1447/1661 1635/1449/1663 1659/1172/1382 1660/1170/1380
f 1631/1344/1659 1633/1447/1661 1660/1170/1380 1661/1168/1378
f 1629/1444/1657 1631/1344/1659 1661/1168/1378 1662/1166/1376
f 1627/1164/1655 1629/1444/1657 1662/1166/1376 1663/1164/1374
f 1625/1441/1653 1627/1164/1655 1663/1164/1374 1664/1162/1372
f 1623/1160/1651 1625/1441/1653 1664/1162/1372 1665/1160/1370
f 1621/1439/1649 1623/1160/1651 1665/1160/1370 1666/1158/1368
f 1619/1353/1647 1621/1439/1649 1666/1158/1368 1667/1156/1366
f 1617/1436/1645 1619/1353/1647 1667/1156/1366 1668/1154/1364
f 1615/1152/1643 1617/1436/1645 1668/1154/1364 1669/1152/1361
f 1613/1433/1641 1615/1152/1643 1669/1152/1361 1670/1150/1362
f 1611/1431/1639 1613/1433/1641 1670/1150/1362 1671/1148/1363
f 1609/1146/1637 1611/1431/1639 1671/1148/1363 1672/1146/1420
f 1607/1429/1635 1609/1146/1637 1672/1146/1420 1673/1144/1418
f 1605/1142/1633 1607/1429/1635 1673/1144/1418 1674/1142/1416
f 1603/1426/1631 1605/1142/1633 1674/1142/1416 1675/1140/1414
f 1601/1425/1629 1603/1426/1631 1675/1140/1414 1676/1138/1412
f 1599/1367/1627 1601/1425/1629 1676/1138/1412 1677/1136/1410
f 1597/1422/1625 1599/1367/1627 1677/1136/1410 1678/1134/1408
f 1595/1132/1623 1597/1422/1625 1678/1134/1408 1679/1132/1406
f 1593/1130/1621 1595/1132/1623 1679/1132/1406 1680/1130/1404
f 1591/1419/1618 1593/1130/1621 1680/1130/1404 1681/1128/1402
f 1589/1420/1619 1591/1419/1618 1681/1128/1402 1682/1126/1400
f 1650/1122/1620 1589/1420/1619 1682/1126/1400 1652/1122/1398
o Cube.001
v 0.032016 1.275304 0.116015
v 0.032016 1.349509 0.218468
v 0.032016 1.279475 0.188971
v 0.032016 1.289619 0.204153
v 0.032016 1.304801 0.214297
v 0.032016 1.848863 0.218468
v 0.032016 1.961988 0.116015
v 0.032016 1.932491 0.214297
v 0.032016 1.947673 0.204153
v 0.032016 1.957817 0.188972
v 0.032016 1.349509 -0.225007
v 0.032016 1.275304 -0.122554
v 0.032016 1.304801 -0.220836
v 0.032016 1.289619 -0.210692
v 0.032016 1.279475 -0.195510
v 0.032016 1.961988 -0.122554
v 0.032016 1.848863 -0.225007
v 0.032016 1.957817 -0.195510
v 0.032016 1.947673 -0.210692
v 0.032016 1.932491 -0.220836
v 0.032016 1.540805 0.219077
v 0.032016 1.540805 -0.225616
v 0.031441 1.255202 -0.124859
v 0.031441 1.261084 -0.203469
v 0.031441 1.275530 -0.224780
v 0.031441 1.296842 -0.239227
v 0.031441 1.346869 -0.245125
v 0.031441 1.976208 -0.203469
v 0.031441 1.982090 -0.124859
v 0.031441 1.961762 -0.224780
v 0.031441 1.940450 -0.239227
v 0.031441 1.851502 -0.245125
v 0.031441 1.261083 0.196930
v 0.031441 1.255202 0.118321
v 0.031441 1.275530 0.218242
v 0.031441 1.296842 0.232689
v 0.031441 1.346869 0.238587
v 0.031441 1.982090 0.118321
v 0.031441 1.976208 0.196930
v 0.031441 1.961762 0.218242
v 0.031441 1.940450 0.232689
v 0.031441 1.851502 0.238587
v 0.031441 1.540805 0.239488
v 0.031441 1.540805 -0.246026
v 0.000369 1.254640 -0.124924
v 0.000369 1.260569 -0.203691
v 0.000369 1.275136 -0.225175
v 0.000369 1.296619 -0.239742
v 0.000369 1.346795 -0.245688
v 0.000369 1.976723 -0.203691
v 0.000369 1.982652 -0.124924
v 0.000369 1.962156 -0.225174
v 0.000369 1.940673 -0.239742
v 0.000369 1.851576 -0.245688
v 0.000369 1.260569 0.197153
v 0.000369 1.254640 0.118385
v 0.000369 1.275136 0.218636
v 0.000369 1.296619 0.233203
v 0.000369 1.346795 0.239149
v 0.000369 1.982652 0.118385
v 0.000369 1.976723 0.197153
v 0.000369 1.962156 0.218636
v 0.000369 1.940673 0.233203
v 0.000369 1.851576 0.239149
v 0.000369 1.540805 0.240059
v 0.000369 1.540805 -0.246597
v 0.032016 1.276739 -0.179850
v 0.032016 1.283802 -0.203599
v 0.032016 1.296712 -0.216509
v 0.032016 1.316930 -0.223572
v 0.032016 1.960553 -0.179850
v 0.032016 1.953490 -0.203599
v 0.032016 1.940580 -0.216509
v 0.032016 1.915497 -0.223572
v 0.032016 1.276739 0.173311
v 0.032016 1.283802 0.197060
v 0.032016 1.296712 0.209970
v 0.032016 1.316930 0.217033
v 0.032016 1.960553 0.173311
v 0.032016 1.953490 0.197060
v 0.032016 1.940580 0.209970
v 0.032016 1.915497 0.217033
v 0.032016 1.704884 0.219001
v 0.032016 1.962445 -0.003269
v 0.032016 1.704884 -0.225540
v 0.032016 1.420512 -0.225540
v 0.032016 1.420512 0.219001
v 0.032016 1.274847 -0.003269
v 0.031944 1.974869 0.196351
v 0.031441 1.970053 0.208171
v 0.032016 1.948254 0.204735
v 0.031944 1.974869 -0.202889
v 0.031441 1.980077 -0.184818
v 0.032016 1.962818 -0.122649
v 0.031944 1.980626 0.118153
v 0.031441 1.980077 0.178280
v 0.031944 1.297421 -0.237888
v 0.031441 1.311920 -0.243098
v 0.032016 1.349400 -0.225837
v 0.031944 1.540805 -0.244541
v 0.031441 1.705965 -0.245902
v 0.032016 1.848972 -0.225837
v 0.031944 1.276556 -0.223755
v 0.031441 1.285601 -0.233072
v 0.031944 1.347061 0.237122
v 0.031441 1.311920 0.236559
v 0.032016 1.304472 0.215056
v 0.031441 1.982729 -0.003269
v 0.031441 1.267238 0.208171
v 0.000369 1.266775 0.208481
v 0.029704 1.260633 0.197125
v 0.031441 1.419430 -0.245902
v 0.000369 1.419400 -0.246471
v 0.029704 1.540805 -0.246526
v 0.031441 1.970053 -0.214709
v 0.000369 1.970517 -0.215020
v 0.029704 1.976658 -0.203664
v 0.000369 1.285291 -0.233536
v 0.029704 1.296647 -0.239677
v 0.031441 1.254563 -0.003269
v 0.000369 1.253996 -0.003269
v 0.029704 1.254710 -0.124916
v 0.031441 1.419430 0.239363
v 0.000369 1.419400 0.239932
v 0.029704 1.346804 0.239079
v 0.000369 1.970517 0.208481
v 0.029704 1.962106 0.218587
v 0.031441 1.285601 0.226534
v 0.000369 1.285291 0.226997
v 0.000369 1.983296 -0.003269
v 0.029704 1.982582 0.118377
v 0.031441 1.951690 -0.233072
v 0.000369 1.952001 -0.233536
v 0.000369 1.311780 -0.243644
v 0.000369 1.705996 -0.246471
v 0.029704 1.851567 -0.245618
v 0.031441 1.951690 0.226534
v 0.000369 1.952001 0.226997
v 0.029704 1.940645 0.233139
v 0.000369 1.311780 0.237105
v 0.031441 1.257215 -0.184818
v 0.000369 1.256669 -0.184957
v 0.029704 1.260633 -0.203664
v 0.031441 1.257215 0.178280
v 0.000369 1.256669 0.178418
v 0.031441 1.920507 -0.243097
v 0.000369 1.920647 -0.243644
v 0.000369 1.980623 -0.184957
v 0.031441 1.920507 0.236559
v 0.000369 1.920647 0.237105
v 0.029704 1.851567 0.239079
v 0.031441 1.267238 -0.214709
v 0.000369 1.266775 -0.215020
v 0.031441 1.705965 0.239363
v 0.000369 1.705996 0.239932
v 0.000369 1.980623 0.178419
v 0.031944 1.262422 0.196351
v 0.032016 1.274474 0.116110
v 0.032016 1.932820 0.215056
v 0.031944 1.960736 -0.223755
v 0.032016 1.274474 -0.122649
v 0.032016 1.848972 0.219299
v 0.031944 1.939871 -0.237888
v 0.031944 1.276556 0.217216
v 0.032016 1.278716 -0.195839
v 0.032016 1.540805 0.219920
v 0.032016 1.958576 0.189300
v 0.032016 1.958576 -0.195839
v 0.032016 1.962818 0.116110
v 0.032016 1.304472 -0.221595
v 0.032016 1.540805 -0.226458
v 0.032016 1.289037 -0.211273
v 0.032016 1.349400 0.219299
v 0.032016 1.278716 0.189300
v 0.032016 1.948254 -0.211273
v 0.032016 1.932820 -0.221595
v 0.032016 1.289037 0.204735
v 0.031944 1.960736 0.217216
v 0.031944 1.980626 -0.124691
v 0.031944 1.347061 -0.243661
v 0.031944 1.851310 -0.243661
v 0.031944 1.297421 0.231350
v 0.031944 1.256665 0.118153
v 0.031944 1.939871 0.231350
v 0.031944 1.256665 -0.124692
v 0.031944 1.851310 0.237122
v 0.031944 1.262422 -0.202889
v 0.031944 1.540805 0.238002
v 0.029704 1.275185 0.218587
v 0.029704 1.346804 -0.245618
v 0.029704 1.962106 -0.225125
v 0.029704 1.275185 -0.225125
v 0.029704 1.254710 0.118377
v 0.029704 1.540805 0.239987
v 0.029704 1.976658 0.197125
v 0.029704 1.296647 0.233139
v 0.029704 1.982582 -0.124916
v 0.029704 1.940645 -0.239677
v 0.031944 1.968848 0.207362
v 0.031944 1.978655 -0.184456
v 0.031944 1.978655 0.177918
v 0.031944 1.312284 -0.241676
v 0.031944 1.705887 -0.244419
v 0.031944 1.286410 -0.231867
v 0.031944 1.312284 0.235137
v 0.031944 1.981252 -0.003269
v 0.031944 1.258636 0.177918
v 0.031944 1.950882 0.225328
v 0.031944 1.968848 -0.213900
v 0.031944 1.256040 -0.003269
v 0.031944 1.920142 0.235138
v 0.031944 1.950882 -0.231867
v 0.031944 1.268444 0.207362
v 0.031944 1.258636 -0.184457
v 0.031944 1.920142 -0.241676
v 0.031944 1.286410 0.225328
v 0.031944 1.705887 0.237881
v 0.031944 1.268444 -0.213900
v 0.031944 1.419509 0.237881
v 0.031944 1.419509 -0.244419
v 0.032016 1.420467 -0.226380
v 0.032016 1.420467 0.219842
v 0.032016 1.283118 -0.204057
v 0.032016 1.704929 0.219842
v 0.032016 1.296253 0.210654
v 0.032016 1.915704 -0.224378
v 0.032016 1.275933 -0.180055
v 0.032016 1.283118 0.197519
v 0.032016 1.941038 -0.217192
v 0.032016 1.915704 0.217839
v 0.032016 1.274010 -0.003269
v 0.032016 1.954174 -0.204057
v 0.032016 1.941038 0.210654
v 0.032016 1.275933 0.173516
v 0.032016 1.963282 -0.003269
v 0.032016 1.316723 0.217839
v 0.032016 1.296253 -0.217192
v 0.032016 1.704929 -0.226380
v 0.032016 1.316723 -0.224378
v 0.032016 1.961359 0.173516
v 0.032016 1.961359 -0.180055
v 0.032016 1.954174 0.197519
v 0.029704 1.980554 0.178401
v 0.029704 1.705992 0.239861
v 0.029704 1.266833 -0.214981
v 0.029704 1.920630 0.237037
v 0.029704 1.980554 -0.184940
v 0.029704 1.920630 -0.243575
v 0.029704 1.256737 0.178401
v 0.029704 1.256737 -0.184940
v 0.029704 1.311797 0.237037
v 0.029704 1.951962 0.226939
v 0.029704 1.705992 -0.246400
v 0.029704 1.311797 -0.243575
v 0.029704 1.951962 -0.233478
v 0.029704 1.983225 -0.003269
v 0.029704 1.285329 0.226939
v 0.029704 1.970459 0.208443
v 0.029704 1.419404 0.239861
v 0.029704 1.254066 -0.003269
v 0.029704 1.285330 -0.233478
v 0.029704 1.970459 -0.214981
v 0.029704 1.419404 -0.246400
v 0.029704 1.266833 0.208443
vn 0.9827 0.1532 0.1037
vn 0.9820 0.1776 0.0644
vn 0.9458 0.3043 0.1137
vn 0.9450 0.2709 0.1832
vn 0.9826 0.1312 0.1312
vn 0.9449 0.2316 0.2316
vn 0.9829 0.1829 -0.0207
vn 0.9820 0.1776 -0.0644
vn 0.9458 0.3043 -0.1137
vn 0.9450 0.3244 -0.0409
vn 0.9843 0.1764 -0.0033
vn 0.9455 0.3257 -0.0066
vn 0.9829 0.1829 0.0207
vn 0.9843 0.1764 0.0033
vn 0.9455 0.3257 0.0066
vn 0.9450 0.3244 0.0409
vn 0.9829 -0.0274 -0.1821
vn 0.9824 -0.0682 -0.1739
vn 0.9457 -0.1201 -0.3021
vn 0.9456 -0.0518 -0.3211
vn 0.9843 -0.0058 -0.1767
vn 0.9458 -0.0115 -0.3244
vn 0.9849 0.0005 -0.1734
vn 0.9850 -0.0000 -0.1727
vn 0.9471 -0.0000 -0.3210
vn 0.9467 0.0010 -0.3220
vn 0.9844 0.0029 -0.1761
vn 0.9456 0.0059 -0.3254
vn 0.9827 -0.1037 -0.1532
vn 0.9826 -0.1312 -0.1312
vn 0.9449 -0.2316 -0.2316
vn 0.9450 -0.1832 -0.2709
vn 0.9829 -0.0274 0.1821
vn 0.9843 -0.0058 0.1767
vn 0.9459 -0.0115 0.3244
vn 0.9456 -0.0518 0.3211
vn 0.9824 -0.0682 0.1739
vn 0.9457 -0.1201 0.3021
vn 0.9846 0.1746 -0.0000
vn 0.9462 0.3236 -0.0000
vn 0.1421 -0.8198 0.5548
vn 0.1419 -0.6999 0.6999
vn -0.0000 -0.7071 0.7071
vn -0.0000 -0.8281 0.5605
vn 0.1425 -0.9285 0.3429
vn 0.0001 -0.9383 0.3459
vn 0.1456 -0.0059 -0.9893
vn 0.1441 -0.0343 -0.9890
vn -0.0000 -0.0345 -0.9994
vn -0.0000 -0.0059 -1.0000
vn 0.1460 -0.0001 -0.9893
vn -0.0000 -0.0001 -1.0000
vn 0.1421 0.8198 -0.5548
vn 0.1419 0.6999 -0.6999
vn -0.0000 0.7071 -0.7071
vn -0.0000 0.8281 -0.5605
vn 0.1425 0.9285 -0.3429
vn 0.0001 0.9383 -0.3459
vn 0.1421 -0.5548 -0.8198
vn 0.1419 -0.7000 -0.6999
vn -0.0000 -0.7071 -0.7071
vn -0.0000 -0.5605 -0.8281
vn 0.1427 -0.3641 -0.9204
vn -0.0000 -0.3677 -0.9299
vn 0.1448 -0.9895 -0.0000
vn 0.1437 -0.9894 0.0194
vn 0.0001 -0.9998 0.0195
vn -0.0000 -1.0000 -0.0000
vn 0.1437 -0.9894 -0.0194
vn 0.0001 -0.9998 -0.0195
vn 0.1456 -0.0059 0.9893
vn 0.1461 -0.0001 0.9893
vn -0.0000 -0.0001 1.0000
vn -0.0000 -0.0059 1.0000
vn 0.1441 -0.0343 0.9890
vn -0.0000 -0.0345 0.9994
vn 0.1421 0.8198 0.5548
vn 0.1425 0.9285 0.3429
vn 0.0001 0.9383 0.3459
vn -0.0000 0.8281 0.5605
vn 0.1419 0.6999 0.7000
vn -0.0000 0.7071 0.7071
vn 0.1421 -0.5548 0.8198
vn 0.1427 -0.3641 0.9203
vn -0.0000 -0.3677 0.9299
vn -0.0000 -0.5605 0.8281
vn 0.1448 0.9895 -0.0000
vn 0.1437 0.9894 -0.0194
vn 0.0001 0.9998 -0.0195
vn -0.0000 1.0000 -0.0000
vn 0.1437 0.9894 0.0194
vn -0.0000 0.9998 0.0195
vn 0.1421 0.5548 -0.8198
vn 0.1425 0.3370 -0.9307
vn -0.0000 0.3399 -0.9405
vn -0.0000 0.5605 -0.8281
vn 0.1429 -0.1535 -0.9778
vn -0.0000 -0.1545 -0.9880
vn 0.1456 0.0030 -0.9893
vn -0.0000 0.0031 -1.0000
vn 0.1439 0.0174 -0.9894
vn -0.0000 0.0175 -0.9998
vn 0.1421 0.5548 0.8198
vn -0.0000 0.5605 0.8281
vn 0.1425 0.3370 0.9307
vn -0.0000 0.3399 0.9405
vn 0.1429 -0.1535 0.9778
vn -0.0000 -0.1545 0.9880
vn 0.1423 -0.9827 -0.1188
vn -0.0000 -0.9929 -0.1192
vn 0.1425 -0.9285 -0.3429
vn -0.0000 -0.9383 -0.3459
vn 0.1423 -0.9827 0.1188
vn -0.0000 -0.9929 0.1192
vn 0.1422 0.1104 -0.9837
vn -0.0000 0.1108 -0.9938
vn 0.1423 0.9827 -0.1188
vn -0.0000 0.9929 -0.1192
vn 0.1422 0.1104 0.9837
vn -0.0000 0.1108 0.9938
vn 0.1439 0.0174 0.9894
vn -0.0000 0.0175 0.9998
vn 0.1421 -0.8198 -0.5548
vn -0.0000 -0.8281 -0.5605
vn 0.1456 0.0030 0.9893
vn -0.0000 0.0031 1.0000
vn 0.1423 0.9827 0.1188
vn -0.0000 0.9929 0.1192
vn 1.0000 -0.0000 -0.0000
vn 0.9848 -0.0010 -0.1735
vn 0.9829 -0.1829 0.0207
vn 0.9820 -0.1776 0.0644
vn 0.9458 -0.3043 0.1137
vn 0.9450 -0.3244 0.0409
vn 0.9843 -0.1764 0.0033
vn 0.9455 -0.3257 0.0066
vn 0.9827 0.1037 0.1532
vn 0.9450 0.1832 0.2709
vn 0.9819 0.0633 0.1786
vn 0.9458 0.1119 0.3049
vn 0.9827 0.1532 -0.1037
vn 0.9826 0.1312 -0.1312
vn 0.9449 0.2316 -0.2316
vn 0.9450 0.2709 -0.1832
vn 0.9846 -0.1746 -0.0000
vn 0.9462 -0.3236 -0.0000
vn 0.9843 -0.1764 -0.0033
vn 0.9455 -0.3257 -0.0066
vn 0.9830 0.0191 0.1828
vn 0.9449 0.0383 0.3251
vn 0.9844 0.0029 0.1761
vn 0.9456 0.0059 0.3253
vn 0.9827 0.1037 -0.1532
vn 0.9819 0.0633 -0.1786
vn 0.9458 0.1120 -0.3049
vn 0.9450 0.1832 -0.2709
vn 0.9827 -0.1532 0.1037
vn 0.9826 -0.1312 0.1312
vn 0.9449 -0.2316 0.2316
vn 0.9450 -0.2709 0.1832
vn 0.9829 -0.1829 -0.0207
vn 0.9450 -0.3244 -0.0409
vn 0.9820 -0.1776 -0.0644
vn 0.9458 -0.3043 -0.1137
vn 0.9830 0.0191 -0.1828
vn 0.9449 0.0383 -0.3251
vn 0.9827 -0.1037 0.1532
vn 0.9450 -0.1832 0.2709
vn 0.9849 0.0005 0.1734
vn 0.9468 0.0010 0.3220
vn 0.9850 -0.0000 0.1727
vn 0.9471 -0.0000 0.3210
vn 0.9827 -0.1532 -0.1037
vn 0.9450 -0.2709 -0.1832
vn 0.9848 -0.0010 0.1735
vn 0.9468 -0.0019 0.3219
vn 0.9468 -0.0019 -0.3219
vn 1.0000 0.0001 -0.0000
vn 0.2726 0.9033 0.3313
vn 0.2709 0.9560 0.1127
vn 0.2721 0.9621 0.0185
vn 0.2761 -0.0001 0.9611
vn 0.2752 0.0029 0.9614
vn 0.2724 0.0165 0.9620
vn 0.2704 -0.6808 -0.6808
vn 0.2707 -0.7972 -0.5396
vn 0.2726 -0.9033 -0.3313
vn 0.2706 0.1045 0.9570
vn 0.2727 0.3253 0.9054
vn 0.2720 0.9621 -0.0185
vn 0.2709 0.9560 -0.1127
vn 0.2726 0.9033 -0.3313
vn 0.2727 0.3253 -0.9054
vn 0.2706 0.1045 -0.9570
vn 0.2724 0.0165 -0.9620
vn 0.2720 -0.9621 0.0185
vn 0.2709 -0.9560 0.1127
vn 0.2726 -0.9033 0.3313
vn 0.2709 -0.9560 -0.1127
vn 0.2721 -0.9621 -0.0185
vn 0.2725 -0.3530 0.8951
vn 0.2723 -0.1469 0.9509
vn 0.2730 -0.0327 0.9615
vn 0.2707 0.5396 0.7972
vn 0.2704 0.6808 0.6808
vn 0.2752 0.0029 -0.9614
vn 0.2761 -0.0001 -0.9611
vn 0.2730 -0.0327 -0.9615
vn 0.2723 -0.1469 -0.9509
vn 0.2725 -0.3530 -0.8951
vn 0.2704 0.6808 -0.6808
vn 0.2707 0.5396 -0.7972
vn 0.2737 0.9618 -0.0000
vn 0.2704 -0.6808 0.6808
vn 0.2708 -0.5396 0.7972
vn 0.2707 0.7972 0.5396
vn 0.2753 -0.0056 0.9613
vn 0.2737 -0.9618 -0.0000
vn 0.2708 -0.5396 -0.7972
vn 0.2707 0.7972 -0.5396
vn 0.2753 -0.0056 -0.9613
vn 0.2707 -0.7972 0.5396
vt 0.875000 0.741821
vt 0.875000 0.734299
vt 0.875000 0.734392
vt 0.875000 0.741812
vt 0.875000 0.750098
vt 0.875000 0.750000
vt 0.875000 0.524994
vt 0.875000 0.515789
vt 0.875000 0.516663
vt 0.875000 0.525683
vt 0.875000 0.555391
vt 0.875000 0.557949
vt 0.875000 0.725028
vt 0.875000 0.694609
vt 0.875000 0.692051
vt 0.875000 0.724427
vt 0.390258 0.250000
vt 0.385091 0.250000
vt 0.385090 0.250000
vt 0.390249 0.250000
vt 0.402208 0.250000
vt 0.402196 0.250000
vt 0.534313 0.250000
vt 0.471711 0.250000
vt 0.471711 0.250000
vt 0.533825 0.250000
vt 0.607521 0.250000
vt 0.607551 0.250000
vt 0.380277 0.250000
vt 0.374937 0.250000
vt 0.375000 0.250000
vt 0.380293 0.250000
vt 0.390272 1.000000
vt 0.402208 1.000000
vt 0.402196 1.000000
vt 0.390320 1.000000
vt 0.385148 1.000000
vt 0.385772 1.000000
vt 0.875000 0.625000
vt 0.875000 0.625000
vt 0.125000 0.741778
vt 0.125000 0.750000
vt 0.125000 0.741669
vt 0.125000 0.734305
vt 0.125000 0.733337
vt 0.427994 0.250000
vt 0.402190 0.250000
vt 0.392449 0.250000
vt 0.425008 0.250000
vt 0.471711 0.250000
vt 0.457566 0.250000
vt 0.875000 0.508331
vt 0.875000 0.500000
vt 0.875000 0.508332
vt 0.875000 0.516663
vt 0.875000 0.516663
vt 0.380300 0.250000
vt 0.375000 0.250000
vt 0.375000 0.250000
vt 0.380386 0.250000
vt 0.385090 0.250000
vt 0.385772 0.250000
vt 0.125000 0.625000
vt 0.125000 0.694639
vt 0.125000 0.723007
vt 0.125000 0.625000
vt 0.125000 0.555361
vt 0.125000 0.526993
vt 0.427994 1.000000
vt 0.471711 1.000000
vt 0.457566 1.000000
vt 0.425008 1.000000
vt 0.402190 1.000000
vt 0.392449 1.000000
vt 0.875000 0.741780
vt 0.875000 0.734304
vt 0.875000 0.733337
vt 0.875000 0.741669
vt 0.875000 0.750000
vt 0.380386 1.000000
vt 0.385772 1.000000
vt 0.380386 1.000000
vt 0.375000 1.000000
vt 0.375000 1.000000
vt 0.875000 0.625000
vt 0.875000 0.555362
vt 0.875000 0.526993
vt 0.875000 0.694638
vt 0.875000 0.723007
vt 0.619686 0.250000
vt 0.614854 0.250000
vt 0.614228 0.250000
vt 0.619614 0.250000
vt 0.625000 0.250000
vt 0.390244 0.250000
vt 0.389111 0.250000
vt 0.531838 0.250000
vt 0.532559 0.250000
vt 0.585657 0.250000
vt 0.619700 1.000000
vt 0.625000 1.000000
vt 0.619614 1.000000
vt 0.614911 1.000000
vt 0.614228 1.000000
vt 0.390329 1.000000
vt 0.389111 1.000000
vt 0.125000 0.524942
vt 0.125000 0.521828
vt 0.125000 0.515695
vt 0.125000 0.516663
vt 0.125000 0.725058
vt 0.125000 0.728172
vt 0.608473 0.250000
vt 0.610889 0.250000
vt 0.875000 0.525053
vt 0.875000 0.521828
vt 0.607988 1.000000
vt 0.610889 1.000000
vt 0.583665 1.000000
vt 0.607551 1.000000
vt 0.125000 0.508222
vt 0.125000 0.508332
vt 0.125000 0.500000
vt 0.531340 1.000000
vt 0.532559 1.000000
vt 0.875000 0.725057
vt 0.875000 0.728172
vt 0.401327 0.250000
vt 0.428005 0.250000
vt 0.427466 0.250000
vt 0.125000 0.725014
vt 0.125000 0.734212
vt 0.125000 0.694618
vt 0.619709 1.000000
vt 0.625063 1.000000
vt 0.625000 1.000000
vt 0.619707 1.000000
vt 0.614849 1.000000
vt 0.614910 1.000000
vt 0.875000 0.508202
vt 0.875000 0.499903
vt 0.125000 0.555382
vt 0.608453 1.000000
vt 0.607983 1.000000
vt 0.585633 1.000000
vt 0.583659 1.000000
vt 0.619637 0.250000
vt 0.614217 0.250000
vt 0.619636 0.250000
vt 0.625063 0.250000
vt 0.625000 0.250000
vt 0.125000 0.741797
vt 0.125000 0.750098
vt 0.125000 0.524986
vt 0.125000 0.515788
vt 0.610869 0.250000
vt 0.380291 1.000000
vt 0.374937 1.000000
vt 0.531826 1.000000
vt 0.531336 1.000000
vt 0.471711 1.000000
vt 0.471711 1.000000
vt 0.125000 0.508202
vt 0.125000 0.499903
vt 0.428005 1.000000
vt 0.427998 1.000000
vt 0.427998 0.250000
vt 0.470532 0.250000
vt 0.470532 1.000000
vt 0.427466 1.000000
vt 0.401327 1.000000
vt 0.125000 0.515753
vt 0.125000 0.508370
vt 0.125000 0.500342
vt 0.587705 1.000000
vt 0.532073 1.000000
vt 0.385136 1.000000
vt 0.380399 1.000000
vt 0.375221 1.000000
vt 0.585707 0.250000
vt 0.608523 0.250000
vt 0.614864 0.250000
vt 0.125000 0.552707
vt 0.125000 0.524231
vt 0.125000 0.749658
vt 0.125000 0.741540
vt 0.125000 0.733421
vt 0.125000 0.733337
vt 0.619601 0.250000
vt 0.624779 0.250000
vt 0.614817 1.000000
vt 0.609014 1.000000
vt 0.125000 0.697294
vt 0.875000 0.500342
vt 0.875000 0.508378
vt 0.875000 0.515755
vt 0.624779 1.000000
vt 0.619589 1.000000
vt 0.125000 0.725687
vt 0.875000 0.552707
vt 0.875000 0.625000
vt 0.875000 0.697293
vt 0.390004 1.000000
vt 0.375221 0.250000
vt 0.380399 0.250000
vt 0.385136 0.250000
vt 0.531574 0.250000
vt 0.390004 0.250000
vt 0.875000 0.725769
vt 0.875000 0.734245
vt 0.875000 0.524231
vt 0.875000 0.741622
vt 0.875000 0.749658
s 1
usemtl blanco
f 1881/1457/1678 1771/1458/1679 1721/1459/1680 1772/1460/1681
f 1860/1461/1682 1881/1457/1678 1772/1460/1681 1722/1462/1683
f 1882/1463/1684 1774/1464/1685 1710/1465/1686 1775/1466/1687
f 1861/1467/1688 1882/1463/1684 1775/1466/1687 1711/1468/1689
f 1883/1469/1690 1777/1470/1691 1720/1471/1692 1778/1472/1693
f 1771/1458/1679 1883/1469/1690 1778/1472/1693 1721/1459/1680
f 1884/1473/1694 1779/1474/1695 1708/1475/1696 1780/1476/1697
f 1862/1477/1698 1884/1473/1694 1780/1476/1697 1709/1478/1699
f 1885/1479/1700 1782/1480/1701 1726/1481/1702 1783/1482/1703
f 1863/1483/1704 1885/1479/1700 1783/1482/1703 1714/1484/1705
f 1886/1485/1706 1785/1486/1707 1707/1487/1708 1786/1488/1709
f 1779/1474/1695 1886/1485/1706 1786/1488/1709 1708/1475/1696
f 1887/1489/1710 1787/1490/1711 1719/1491/1712 1788/1492/1713
f 1864/1493/1714 1887/1489/1710 1788/1492/1713 1718/1494/1715
f 1888/1495/1716 1861/1467/1688 1711/1468/1689 1790/1496/1717
f 1777/1470/1691 1888/1495/1716 1790/1496/1717 1720/1471/1692
f 1946/1497/1718 1871/1498/1719 1739/1498/1720 1792/1499/1721
f 1793/1500/1722 1946/1497/1718 1792/1499/1721 1737/1501/1723
f 1945/1502/1724 1872/1503/1725 1731/1504/1726 1795/1505/1727
f 1796/1506/1728 1945/1502/1724 1795/1505/1727 1748/1507/1729
f 1944/1508/1730 1873/1509/1731 1734/1509/1732 1798/1510/1733
f 1799/1511/1734 1944/1508/1730 1798/1510/1733 1732/1512/1735
f 1943/1513/1736 1874/1514/1737 1729/1515/1738 1800/1516/1739
f 1801/1517/1740 1943/1513/1736 1800/1516/1739 1730/1518/1741
f 1942/1519/1742 1875/1520/1743 1738/1521/1744 1803/1522/1745
f 1804/1523/1746 1942/1519/1742 1803/1522/1745 1727/1524/1747
f 1941/1525/1748 1876/1526/1749 1747/1527/1750 1806/1528/1751
f 1807/1529/1752 1941/1525/1748 1806/1528/1751 1741/1530/1753
f 1940/1531/1754 1877/1532/1755 1743/1533/1756 1808/1534/1757
f 1809/1535/1758 1940/1531/1754 1808/1534/1757 1744/1535/1759
f 1939/1536/1760 1878/1537/1761 1740/1494/1762 1811/1538/1763
f 1871/1539/1719 1939/1536/1760 1811/1538/1763 1739/1540/1720
f 1938/1541/1764 1879/1542/1765 1733/1543/1766 1812/1541/1767
f 1813/1544/1768 1938/1541/1764 1812/1541/1767 1742/1545/1769
f 1937/1546/1770 1880/1547/1771 1735/1548/1772 1815/1549/1773
f 1873/1550/1731 1937/1546/1770 1815/1549/1773 1734/1550/1732
f 1936/1551/1774 1801/1517/1740 1730/1518/1741 1816/1552/1775
f 1872/1503/1725 1936/1551/1774 1816/1552/1775 1731/1504/1726
f 1935/1553/1776 1796/1506/1728 1748/1507/1729 1817/1554/1777
f 1818/1555/1778 1935/1553/1776 1817/1554/1777 1736/1484/1779
f 1934/1556/1780 1809/1557/1758 1744/1557/1759 1820/1558/1781
f 1821/1559/1782 1934/1556/1780 1820/1558/1781 1745/1560/1783
f 1933/1561/1784 1807/1529/1752 1741/1530/1753 1822/1562/1785
f 1878/1537/1761 1933/1561/1784 1822/1562/1785 1740/1494/1762
f 1932/1563/1786 1804/1523/1746 1727/1524/1747 1824/1564/1787
f 1825/1565/1788 1932/1563/1786 1824/1564/1787 1728/1566/1789
f 1931/1567/1790 1793/1500/1722 1737/1501/1723 1827/1568/1791
f 1875/1520/1743 1931/1567/1790 1827/1568/1791 1738/1521/1744
f 1930/1569/1792 1818/1555/1778 1736/1484/1779 1829/1570/1793
f 1880/1547/1771 1930/1569/1792 1829/1570/1793 1735/1548/1772
f 1929/1571/1794 1799/1511/1734 1732/1512/1735 1830/1572/1795
f 1879/1542/1765 1929/1571/1794 1830/1572/1795 1733/1543/1766
f 1928/1573/1796 1821/1559/1782 1745/1560/1783 1832/1574/1797
f 1833/1575/1798 1928/1573/1796 1832/1574/1797 1746/1576/1799
f 1927/1577/1800 1825/1565/1788 1728/1566/1789 1835/1578/1801
f 1874/1579/1737 1927/1577/1800 1835/1578/1801 1729/1579/1738
f 1926/1580/1802 1833/1575/1798 1746/1576/1799 1837/1581/1803
f 1876/1526/1749 1926/1580/1802 1837/1581/1803 1747/1527/1750
f 1925/1582/1804 1813/1544/1768 1742/1545/1769 1838/1583/1805
f 1877/1532/1755 1925/1582/1804 1838/1583/1805 1743/1533/1756
f 1781/1584/1806 1862/1477/1698 1902/1585/1807 1903/1586/1806
f 1889/1587/1808 1839/1588/1809 1715/1501/1810 1826/1568/1811
f 1865/1589/1812 1889/1587/1808 1826/1568/1811 1716/1521/1813
f 1890/1590/1814 1860/1591/1682 1722/1592/1683 1819/1593/1815
f 1866/1594/1816 1890/1590/1814 1819/1593/1815 1723/1595/1817
f 1891/1596/1818 1842/1597/1819 1712/1509/1820 1797/1510/1821
f 1774/1464/1685 1891/1596/1818 1797/1510/1821 1710/1465/1686
f 1892/1519/1822 1865/1589/1812 1716/1521/1813 1802/1522/1823
f 1867/1598/1824 1892/1519/1822 1802/1522/1823 1705/1524/1825
f 1893/1599/1826 1866/1594/1816 1723/1595/1817 1831/1600/1827
f 1868/1601/1828 1893/1599/1826 1831/1600/1827 1724/1602/1829
f 1894/1603/1830 1845/1604/1831 1713/1548/1832 1814/1605/1833
f 1842/1606/1819 1894/1603/1830 1814/1605/1833 1712/1607/1820
f 1895/1608/1834 1846/1609/1835 1717/1498/1836 1791/1499/1837
f 1839/1588/1809 1895/1608/1834 1791/1499/1837 1715/1501/1810
f 1896/1610/1838 1867/1598/1824 1705/1524/1825 1823/1564/1839
f 1869/1611/1840 1896/1610/1838 1823/1564/1839 1706/1566/1841
f 1897/1612/1842 1863/1483/1704 1714/1484/1705 1828/1570/1843
f 1845/1604/1831 1897/1612/1842 1828/1570/1843 1713/1548/1832
f 1898/1613/1844 1864/1493/1714 1718/1494/1715 1810/1538/1845
f 1846/1614/1835 1898/1613/1844 1810/1538/1845 1717/1540/1836
f 1899/1615/1846 1868/1601/1828 1724/1602/1829 1836/1616/1847
f 1870/1617/1848 1899/1615/1846 1836/1616/1847 1725/1618/1849
f 1900/1619/1850 1869/1611/1840 1706/1566/1841 1834/1578/1851
f 1785/1620/1707 1900/1619/1850 1834/1578/1851 1707/1579/1708
f 1901/1621/1852 1870/1617/1848 1725/1618/1849 1805/1622/1853
f 1787/1490/1711 1901/1621/1852 1805/1622/1853 1719/1491/1712
f 1902/1585/1807 1862/1477/1698 1709/1478/1699 1794/1623/1854
f 1782/1480/1701 1902/1585/1807 1794/1623/1854 1726/1481/1702
f 1704/1507/1806 1768/1505/1806 1903/1586/1806 1853/1624/1806
f 1768/1505/1806 1693/1504/1806 1781/1584/1806 1903/1586/1806
f 1848/1625/1806 1870/1617/1848 1901/1621/1852 1904/1626/1806
f 1904/1626/1806 1901/1621/1852 1787/1490/1711 1855/1627/1806
f 1684/1530/1806 1769/1528/1806 1904/1626/1806 1855/1627/1806
f 1769/1528/1806 1703/1527/1806 1848/1625/1806 1904/1626/1806
f 1847/1628/1806 1869/1611/1840 1900/1619/1850 1905/1629/1806
f 1905/1629/1806 1900/1619/1850 1785/1620/1707 1854/1630/1806
f 1696/1579/1806 1750/1578/1806 1905/1629/1806 1854/1630/1806
f 1750/1578/1806 1697/1566/1806 1847/1628/1806 1905/1629/1806
f 1844/1631/1806 1868/1601/1828 1899/1615/1846 1906/1632/1806
f 1906/1632/1806 1899/1615/1846 1870/1617/1848 1848/1625/1806
f 1703/1527/1806 1765/1581/1806 1906/1632/1806 1848/1625/1806
f 1765/1581/1806 1688/1576/1806 1844/1631/1806 1906/1632/1806
f 1789/1633/1806 1864/1493/1714 1898/1613/1844 1907/1634/1806
f 1907/1634/1806 1898/1613/1844 1846/1614/1835 1859/1635/1806
f 1686/1540/1806 1759/1538/1806 1907/1634/1806 1859/1635/1806
f 1759/1538/1806 1687/1494/1806 1789/1633/1806 1907/1634/1806
f 1784/1636/1806 1863/1483/1704 1897/1612/1842 1908/1637/1806
f 1908/1637/1806 1897/1612/1842 1845/1604/1831 1858/1638/1806
f 1702/1548/1806 1756/1570/1806 1908/1637/1806 1858/1638/1806
f 1756/1570/1806 1699/1484/1806 1784/1636/1806 1908/1637/1806
f 1843/1639/1806 1867/1598/1824 1896/1610/1838 1909/1640/1806
f 1909/1640/1806 1896/1610/1838 1869/1611/1840 1847/1628/1806
f 1697/1566/1806 1749/1564/1806 1909/1640/1806 1847/1628/1806
f 1749/1564/1806 1694/1524/1806 1843/1639/1806 1909/1640/1806
f 1859/1641/1806 1846/1609/1835 1895/1608/1834 1910/1642/1806
f 1910/1642/1806 1895/1608/1834 1839/1588/1809 1856/1643/1806
f 1685/1644/1806 1758/1499/1806 1910/1642/1806 1856/1643/1806
f 1758/1499/1806 1686/1498/1806 1859/1641/1806 1910/1642/1806
f 1858/1638/1806 1845/1604/1831 1894/1603/1830 1911/1645/1806
f 1911/1645/1806 1894/1603/1830 1842/1606/1819 1857/1646/1806
f 1701/1550/1806 1755/1549/1806 1911/1645/1806 1857/1646/1806
f 1755/1549/1806 1702/1548/1806 1858/1638/1806 1911/1645/1806
f 1841/1647/1806 1866/1594/1816 1893/1599/1826 1912/1648/1806
f 1912/1648/1806 1893/1599/1826 1868/1601/1828 1844/1631/1806
f 1688/1576/1806 1764/1574/1806 1912/1648/1806 1844/1631/1806
f 1764/1574/1806 1690/1560/1806 1841/1647/1806 1912/1648/1806
f 1840/1649/1806 1865/1589/1812 1892/1519/1822 1913/1519/1855
f 1913/1519/1855 1892/1519/1822 1867/1598/1824 1843/1639/1806
f 1694/1524/1806 1770/1522/1806 1913/1519/1855 1843/1639/1806
f 1770/1522/1806 1683/1521/1806 1840/1649/1806 1913/1519/1855
f 1857/1650/1806 1842/1597/1819 1891/1596/1818 1914/1651/1806
f 1914/1651/1806 1891/1596/1818 1774/1464/1685 1850/1652/1806
f 1700/1465/1806 1754/1510/1806 1914/1651/1806 1850/1652/1806
f 1754/1510/1806 1701/1509/1806 1857/1650/1806 1914/1651/1806
f 1773/1653/1806 1860/1591/1682 1890/1590/1814 1915/1654/1806
f 1915/1654/1806 1890/1590/1814 1866/1594/1816 1841/1647/1806
f 1690/1560/1806 1763/1558/1806 1915/1654/1806 1841/1647/1806
f 1763/1558/1806 1691/1557/1806 1773/1653/1806 1915/1654/1806
f 1856/1643/1806 1839/1588/1809 1889/1587/1808 1916/1655/1806
f 1916/1655/1806 1889/1587/1808 1865/1589/1812 1840/1649/1806
f 1683/1521/1806 1757/1568/1806 1916/1655/1806 1840/1649/1806
f 1757/1568/1806 1685/1644/1806 1856/1643/1806 1916/1655/1806
f 1776/1656/1806 1861/1467/1688 1888/1495/1716 1917/1657/1806
f 1917/1657/1806 1888/1495/1716 1777/1470/1691 1851/1658/1806
f 1689/1545/1806 1766/1541/1806 1917/1657/1806 1851/1658/1806
f 1766/1541/1806 1698/1543/1806 1776/1656/1806 1917/1657/1806
f 1855/1627/1806 1787/1490/1711 1887/1489/1710 1918/1659/1806
f 1918/1659/1806 1887/1489/1710 1864/1493/1714 1789/1633/1806
f 1687/1494/1806 1760/1562/1806 1918/1659/1806 1789/1633/1806
f 1760/1562/1806 1684/1530/1806 1855/1627/1806 1918/1659/1806
f 1854/1660/1806 1785/1486/1707 1886/1485/1706 1919/1661/1806
f 1919/1661/1806 1886/1485/1706 1779/1474/1695 1852/1662/1806
f 1695/1518/1806 1751/1516/1806 1919/1661/1806 1852/1662/1806
f 1751/1516/1806 1696/1515/1806 1854/1660/1806 1919/1661/1806
f 1853/1624/1806 1782/1480/1701 1885/1479/1700 1920/1663/1806
f 1920/1663/1806 1885/1479/1700 1863/1483/1704 1784/1636/1806
f 1699/1484/1806 1767/1554/1806 1920/1663/1806 1784/1636/1806
f 1767/1554/1806 1704/1507/1806 1853/1624/1806 1920/1663/1806
f 1852/1662/1806 1779/1474/1695 1884/1473/1694 1921/1664/1806
f 1921/1664/1806 1884/1473/1694 1862/1477/1698 1781/1584/1806
f 1693/1504/1806 1752/1552/1806 1921/1664/1806 1781/1584/1806
f 1752/1552/1806 1695/1518/1806 1852/1662/1806 1921/1664/1806
f 1851/1658/1806 1777/1470/1691 1883/1469/1690 1922/1665/1806
f 1922/1665/1806 1883/1469/1690 1771/1458/1679 1849/1666/1806
f 1692/1533/1806 1761/1583/1806 1922/1665/1806 1849/1666/1806
f 1761/1583/1806 1689/1545/1806 1851/1658/1806 1922/1665/1806
f 1850/1652/1806 1774/1464/1685 1882/1463/1684 1923/1667/1806
f 1923/1667/1806 1882/1463/1684 1861/1467/1688 1776/1656/1806
f 1698/1543/1806 1753/1572/1806 1923/1667/1806 1776/1656/1806
f 1753/1572/1806 1700/1465/1806 1850/1652/1806 1923/1667/1806
f 1849/1666/1806 1771/1458/1679 1881/1457/1678 1924/1668/1806
f 1924/1668/1806 1881/1457/1678 1860/1461/1682 1773/1669/1806
f 1691/1535/1806 1762/1534/1806 1924/1668/1806 1773/1669/1806
f 1762/1534/1806 1692/1533/1806 1849/1666/1806 1924/1668/1806
f 1721/1459/1856 1778/1472/1857 1925/1582/1804 1877/1532/1755
f 1778/1472/1857 1720/1471/1858 1813/1544/1768 1925/1582/1804
f 1725/1618/1859 1836/1616/1860 1926/1580/1802 1876/1526/1749
f 1836/1616/1860 1724/1602/1861 1833/1575/1798 1926/1580/1802
f 1707/1579/1862 1834/1578/1863 1927/1577/1800 1874/1579/1737
f 1834/1578/1863 1706/1566/1864 1825/1565/1788 1927/1577/1800
f 1724/1602/1861 1831/1600/1865 1928/1573/1796 1833/1575/1798
f 1831/1600/1865 1723/1595/1866 1821/1559/1782 1928/1573/1796
f 1711/1468/1867 1775/1466/1868 1929/1571/1794 1879/1542/1765
f 1775/1466/1868 1710/1465/1869 1799/1511/1734 1929/1571/1794
f 1713/1548/1870 1828/1570/1871 1930/1569/1792 1880/1547/1771
f 1828/1570/1871 1714/1484/1872 1818/1555/1778 1930/1569/1792
f 1716/1521/1873 1826/1568/1874 1931/1567/1790 1875/1520/1743
f 1826/1568/1874 1715/1501/1875 1793/1500/1722 1931/1567/1790
f 1706/1566/1864 1823/1564/1876 1932/1563/1786 1825/1565/1788
f 1823/1564/1876 1705/1524/1877 1804/1523/1746 1932/1563/1786
f 1718/1494/1878 1788/1492/1879 1933/1561/1784 1878/1537/1761
f 1788/1492/1879 1719/1491/1880 1807/1529/1752 1933/1561/1784
f 1723/1595/1866 1819/1593/1881 1934/1556/1780 1821/1559/1782
f 1819/1593/1881 1722/1592/1882 1809/1557/1758 1934/1556/1780
f 1714/1484/1872 1783/1482/1883 1935/1553/1776 1818/1555/1778
f 1783/1482/1883 1726/1481/1884 1796/1506/1728 1935/1553/1776
f 1709/1478/1885 1780/1476/1886 1936/1551/1774 1872/1503/1725
f 1780/1476/1886 1708/1475/1887 1801/1517/1740 1936/1551/1774
f 1712/1607/1888 1814/1605/1889 1937/1546/1770 1873/1550/1731
f 1814/1605/1889 1713/1548/1870 1880/1547/1771 1937/1546/1770
f 1720/1471/1858 1790/1496/1890 1938/1541/1764 1813/1544/1768
f 1790/1496/1890 1711/1468/1867 1879/1542/1765 1938/1541/1764
f 1717/1540/1891 1810/1538/1892 1939/1536/1760 1871/1539/1719
f 1810/1538/1892 1718/1494/1878 1878/1537/1761 1939/1536/1760
f 1722/1462/1882 1772/1460/1893 1940/1531/1754 1809/1535/1758
f 1772/1460/1893 1721/1459/1856 1877/1532/1755 1940/1531/1754
f 1719/1491/1880 1805/1622/1894 1941/1525/1748 1807/1529/1752
f 1805/1622/1894 1725/1618/1859 1876/1526/1749 1941/1525/1748
f 1705/1524/1877 1802/1522/1895 1942/1519/1742 1804/1523/1746
f 1802/1522/1895 1716/1521/1873 1875/1520/1743 1942/1519/1742
f 1708/1475/1887 1786/1488/1896 1943/1513/1736 1801/1517/1740
f 1786/1488/1896 1707/1487/1862 1874/1514/1737 1943/1513/1736
f 1710/1465/1869 1797/1510/1897 1944/1508/1730 1799/1511/1734
f 1797/1510/1897 1712/1509/1888 1873/1509/1731 1944/1508/1730
f 1726/1481/1884 1794/1623/1898 1945/1502/1724 1796/1506/1728
f 1794/1623/1898 1709/1478/1885 1872/1503/1725 1945/1502/1724
f 1715/1501/1875 1791/1499/1899 1946/1497/1718 1793/1500/1722
f 1791/1499/1899 1717/1498/1891 1871/1498/1719 1946/1497/1718
f 1903/1586/1806 1902/1585/1807 1782/1480/1701 1853/1624/1806
