#File written by RizomUV 2022.1.57.gfabcfb8. Compilation :Sep 28 2022,23:52:22
mtllib Edificio 17 low.mtl
#begin vertices
v -75.9623 0.013626 -47.32477
v -75.9623 3.794004 -47.32477
v -75.9623 0.013626 -25.99072
v -75.9623 3.794004 -25.99072
v -75.9623 3.615535 -26.16919
v -75.9623 0.192095 -26.16919
v -75.9623 3.615536 -47.1463
v -75.9623 0.192095 -47.1463
v -75.80795 3.615535 -26.16919
v -75.79752 3.625967 -26.15875
v -75.79752 0.181663 -26.15875
v -75.80795 0.192095 -26.16919
v -75.80796 3.615536 -47.1463
v -75.79752 3.625967 -47.15673
v -75.80796 0.192095 -47.1463
v -75.79752 0.181663 -47.15673
v -75.80795 3.794004 -25.99072
v -75.79752 3.783573 -26.00115
v -75.79752 3.794004 -26.00115
v -75.79752 0.024057 -26.00115
v -75.80795 0.013626 -25.99072
v -75.79752 0.013626 -26.00115
v -75.79752 3.783573 -47.31433
v -75.80796 3.794004 -47.32477
v -75.79752 3.794004 -47.31433
v -75.80796 0.013626 -47.32477
v -75.79752 0.024057 -47.31433
v -75.79752 0.013626 -47.31433
v -79.93177 -0.082997 -35.65774
v -79.93177 2.530483 -35.65774
v -79.93177 -0.082997 -37.65774
v -79.93177 2.530483 -37.65774
v -79.93177 3.101309 -35.65774
v -79.93177 3.101309 -37.65774
v -79.96017 3.590312 -35.65774
v -79.96017 3.590312 -37.65774
v -79.96017 3.911194 -35.65774
v -79.96017 3.911194 -37.65774
v -77.93177 -0.082997 -35.66674
v -77.94181 -0.082997 -35.65774
v -77.93177 2.530483 -35.66674
v -77.94186 2.530483 -35.65774
v -77.94181 -0.082997 -37.65774
v -77.93177 -0.082997 -37.64874
v -77.94186 2.530483 -37.65774
v -77.93177 2.530483 -37.64874
v -77.56281 3.101309 -37.65774
v -77.55263 3.101309 -37.64874
v -77.55263 3.101309 -35.66674
v -77.56281 3.101309 -35.65774
v -76.93248 3.590312 -37.65774
v -76.92236 3.590312 -37.64874
v -76.92236 3.590312 -35.66674
v -76.93248 3.590312 -35.65774
v -76.92236 3.911194 -37.64874
v -76.93243 3.911194 -37.65774
v -76.93243 3.911194 -35.65774
v -76.92236 3.911194 -35.66674
v -84.37306 4.404003 -47.32477
v -84.37305 4.404003 -25.99072
v -84.37306 25.16208 -47.32477
v -84.37305 25.16208 -25.99072
v -72.53786 4.404003 -47.32477
v -72.52886 4.404003 -47.31576
v -72.52885 4.404003 -25.99972
v -72.53786 4.404003 -25.99072
v -72.52885 4.404003 -37.08962
v -72.51986 4.404003 -37.08062
v -72.51986 4.404003 -36.23487
v -72.52885 4.404003 -36.22587
v -70.55397 4.404003 -36.24387
v -70.56297 4.404003 -36.23487
v -70.56297 4.404003 -37.08062
v -70.55397 4.404003 -37.07162
v -72.52886 25.16208 -47.31576
v -72.53786 25.16208 -47.32477
v -72.53786 25.16208 -25.99072
v -72.52885 25.16208 -25.99972
v -70.56297 25.16208 -36.23487
v -70.55397 25.16208 -36.24387
v -70.55397 25.16208 -37.07162
v -70.56297 25.16208 -37.08062
v -72.52885 25.16208 -36.22587
v -72.51986 25.16208 -36.23487
v -72.51986 25.16208 -37.08062
v -72.52885 25.16208 -37.08962
v -84.37306 0.013626 -47.32477
v -84.37305 0.013626 -25.99072
v -84.37306 3.794005 -47.32477
v -84.37305 3.794004 -25.99072
v -84.37306 4.401924 -47.32477
v -78.80175 4.401924 -47.32477
v -84.37305 4.401923 -25.99072
v -78.80175 4.401923 -25.99072
v -78.80175 3.785005 -47.31576
v -78.81074 3.803005 -47.32477
v -78.79275 3.794005 -47.31576
v -72.21353 3.794004 -47.31576
v -72.21353 3.803004 -47.32477
v -72.20454 3.803004 -47.31576
v -72.21353 3.803004 -25.99072
v -72.21353 3.794004 -25.99972
v -72.20453 3.803004 -25.99972
v -78.81074 0.013626 -47.32477
v -78.80175 0.013626 -47.31576
v -78.80175 0.013626 -25.99972
v -78.81074 0.013626 -25.99072
v -78.80175 3.785005 -25.99972
v -78.79275 3.794004 -25.99972
v -78.81074 3.803004 -25.99072
v -72.20454 4.401923 -47.31576
v -72.21353 4.401923 -47.32477
v -72.21353 4.401923 -25.99072
v -72.20453 4.401923 -25.99972
v -75.92358 0.10286 -38.39635
v -75.92358 3.70477 -38.39635
v -75.92358 3.70477 -38.21789
v -75.92358 0.10286 -38.21789
v -75.92358 0.10286 -34.91913
v -75.92358 3.70477 -34.91913
v -75.92358 3.70477 -35.09759
v -75.92358 0.10286 -35.09759
v -75.83813 3.70477 -38.21789
v -75.82613 3.70477 -38.22989
v -75.82613 0.10286 -38.22989
v -75.83813 0.10286 -38.21789
v -75.82613 3.70477 -38.38436
v -75.83813 3.70477 -38.39635
v -75.83813 0.10286 -38.39635
v -75.82613 0.10286 -38.38436
v -75.82613 3.70477 -35.08559
v -75.83813 3.70477 -35.09759
v -75.83813 0.10286 -35.09759
v -75.82613 0.10286 -35.08559
v -75.83813 3.70477 -34.91913
v -75.82613 3.70477 -34.93113
v -75.82613 0.10286 -34.93113
v -75.83813 0.10286 -34.91913
v -75.9098 1.11574 -37.91978
v -75.9098 1.11574 -37.85151
v -75.9098 1.288206 -37.91678
v -75.9098 1.285206 -37.91978
v -75.9098 1.285206 -37.85151
v -75.9098 1.288206 -37.85451
v -75.83165 1.285206 -37.85151
v -75.82865 1.285206 -37.85451
v -75.83165 1.288206 -37.85451
v -75.82865 1.11574 -37.85451
v -75.83165 1.11574 -37.85151
v -75.83165 1.288206 -37.91678
v -75.82865 1.285206 -37.91678
v -75.83165 1.285206 -37.91978
v -75.83165 1.11574 -37.91978
v -75.82865 1.11574 -37.91678
v -78.80001 0.013626 -47.15999
v -78.80001 3.794004 -47.15999
v -75.9623 0.013626 -47.15999
v -75.9623 3.794004 -47.15999
v -75.9623 3.794004 -47.32477
v -75.9623 0.013626 -47.32477
v -78.80001 3.794004 -47.32476
v -78.80001 0.013626 -47.32476
v -76.12741 3.628898 -47.15999
v -76.14077 3.615535 -47.17336
v -76.14077 0.192095 -47.17336
v -76.12741 0.178732 -47.15999
v -78.6349 3.628898 -47.15999
v -78.62154 3.615536 -47.17335
v -78.6349 0.178732 -47.15999
v -78.62154 0.192095 -47.17335
v -76.14077 3.615535 -47.31141
v -76.12741 3.628898 -47.32477
v -76.12741 0.178732 -47.32477
v -76.14077 0.192095 -47.31141
v -78.62154 3.615536 -47.3114
v -78.6349 3.628898 -47.32476
v -78.62154 0.192095 -47.3114
v -78.6349 0.178732 -47.32476
v -78.80001 0.013626 -26.15549
v -78.80001 3.794004 -26.15549
v -75.9623 0.013626 -26.15549
v -75.9623 3.794004 -26.15549
v -75.9623 3.794004 -25.99072
v -75.9623 0.013626 -25.99072
v -78.80001 3.794004 -25.99072
v -78.80001 0.013626 -25.99072
v -76.12741 3.628898 -26.15549
v -76.14077 3.615535 -26.14213
v -76.14077 0.192095 -26.14213
v -76.12741 0.178732 -26.15549
v -78.6349 3.628898 -26.15549
v -78.62154 3.615536 -26.14213
v -78.6349 0.178732 -26.15549
v -78.62154 0.192095 -26.14213
v -76.14077 3.615535 -26.00408
v -76.12741 3.628898 -25.99072
v -76.12741 0.178732 -25.99072
v -76.14077 0.192095 -26.00408
v -78.62154 3.615536 -26.00408
v -78.6349 3.628898 -25.99072
v -78.62154 0.192095 -26.00408
v -78.6349 0.178732 -25.99072
v -73.70766 -0.086984 -46.11476
v -73.70766 3.894615 -46.11476
v -73.27377 -0.086984 -46.01573
v -73.27377 3.894615 -46.01573
v -72.92583 -0.086984 -45.73825
v -72.92583 3.894615 -45.73825
v -72.73273 -0.086984 -45.33728
v -72.73273 3.894615 -45.33728
v -72.73273 -0.086984 -44.89223
v -72.73273 3.894615 -44.89223
v -72.92583 -0.086984 -44.49127
v -72.92583 3.894615 -44.49127
v -73.27377 -0.086984 -44.21379
v -73.27377 3.894615 -44.21379
v -73.70766 -0.086984 -44.11476
v -73.70766 3.894615 -44.11476
v -74.14154 -0.086984 -44.21379
v -74.14154 3.894615 -44.21379
v -74.48949 -0.086984 -44.49127
v -74.48949 3.894615 -44.49127
v -74.68259 -0.086984 -44.89223
v -74.68259 3.894615 -44.89223
v -74.68259 -0.086984 -45.33728
v -74.68259 3.894615 -45.33728
v -74.48949 -0.086984 -45.73825
v -74.48949 3.894615 -45.73825
v -74.14154 -0.086984 -46.01573
v -74.14154 3.894615 -46.01573
v -73.70766 -0.086984 -27.20073
v -73.70766 3.894615 -27.20073
v -73.27377 -0.086984 -27.29977
v -73.27377 3.894615 -27.29977
v -72.92583 -0.086984 -27.57724
v -72.92583 3.894615 -27.57724
v -72.73273 -0.086984 -27.97821
v -72.73273 3.894615 -27.97821
v -72.73273 -0.086984 -28.42325
v -72.73273 3.894615 -28.42325
v -72.92583 -0.086984 -28.82422
v -72.92583 3.894615 -28.82422
v -73.27377 -0.086984 -29.1017
v -73.27377 3.894615 -29.1017
v -73.70766 -0.086984 -29.20073
v -73.70766 3.894615 -29.20073
v -74.14154 -0.086984 -29.1017
v -74.14154 3.894615 -29.1017
v -74.48949 -0.086984 -28.82422
v -74.48949 3.894615 -28.82422
v -74.68259 -0.086984 -28.42325
v -74.68259 3.894615 -28.42325
v -74.68259 -0.086984 -27.97821
v -74.68259 3.894615 -27.97821
v -74.48949 -0.086984 -27.57724
v -74.48949 3.894615 -27.57724
v -74.14154 -0.086984 -27.29977
v -74.14154 3.894615 -27.29977
v -73.70766 -0.086984 -41.344
v -73.70766 3.894615 -41.344
v -73.27377 -0.086984 -41.24497
v -73.27377 3.894615 -41.24497
v -72.92583 -0.086984 -40.96749
v -72.92583 3.894615 -40.96749
v -72.73273 -0.086984 -40.56652
v -72.73273 3.894615 -40.56652
v -72.73273 -0.086984 -40.12147
v -72.73273 3.894615 -40.12147
v -72.92583 -0.086984 -39.72051
v -72.92583 3.894615 -39.72051
v -73.27377 -0.086984 -39.44303
v -73.27377 3.894615 -39.44303
v -73.70766 -0.086984 -39.344
v -73.70766 3.894615 -39.344
v -74.14154 -0.086984 -39.44303
v -74.14154 3.894615 -39.44303
v -74.48949 -0.086984 -39.72051
v -74.48949 3.894615 -39.72051
v -74.68259 -0.086984 -40.12147
v -74.68259 3.894615 -40.12147
v -74.68259 -0.086984 -40.56652
v -74.68259 3.894615 -40.56652
v -74.48949 -0.086984 -40.96749
v -74.48949 3.894615 -40.96749
v -74.14154 -0.086984 -41.24497
v -74.14154 3.894615 -41.24497
v -73.70766 -0.086984 -31.97149
v -73.70766 3.894615 -31.97149
v -73.27377 -0.086984 -32.07053
v -73.27377 3.894615 -32.07053
v -72.92583 -0.086984 -32.348
v -72.92583 3.894615 -32.348
v -72.73273 -0.086984 -32.74897
v -72.73273 3.894615 -32.74897
v -72.73273 -0.086984 -33.19402
v -72.73273 3.894615 -33.19402
v -72.92583 -0.086984 -33.59498
v -72.92583 3.894615 -33.59498
v -73.27377 -0.086984 -33.87246
v -73.27377 3.894615 -33.87246
v -73.70766 -0.086984 -33.97149
v -73.70766 3.894615 -33.97149
v -74.14154 -0.086984 -33.87246
v -74.14154 3.894615 -33.87246
v -74.48949 -0.086984 -33.59498
v -74.48949 3.894615 -33.59498
v -74.68259 -0.086984 -33.19402
v -74.68259 3.894615 -33.19402
v -74.68259 -0.086984 -32.74897
v -74.68259 3.894615 -32.74897
v -74.48949 -0.086984 -32.348
v -74.48949 3.894615 -32.348
v -74.14154 -0.086984 -32.07053
v -74.14154 3.894615 -32.07053
v -78.8869 0.005811 -39.10277
v -78.8869 0.005811 -41.10277
v -78.8869 2.772991 -39.10277
v -78.8869 2.781991 -39.11177
v -78.8869 2.781991 -41.09377
v -78.8869 2.772991 -41.10277
v -78.62335 0.005811 -39.40732
v -78.61435 0.005811 -39.39879
v -78.62335 2.430489 -39.41633
v -78.61435 2.440315 -39.39881
v -78.62335 2.421489 -39.40732
v -78.61435 0.005811 -40.80675
v -78.62335 0.005811 -40.79822
v -78.62335 2.421489 -40.79822
v -78.61435 2.440315 -40.80674
v -78.62335 2.430489 -40.78922
v -78.62335 2.781991 -41.09377
v -78.61435 2.772165 -41.09426
v -78.62335 2.772991 -41.10277
v -78.62335 0.005811 -41.10277
v -78.61435 0.005811 -41.09424
v -78.61435 0.005811 -39.11131
v -78.62335 0.005811 -39.10277
v -78.62335 2.781991 -39.11177
v -78.62335 2.772991 -39.10277
v -78.61435 2.772165 -39.11129
v -78.71542 2.421489 -40.79822
v -78.71542 2.430489 -40.78922
v -78.72442 2.421489 -40.78922
v -78.71542 0.005811 -40.79822
v -78.72442 0.005811 -40.78922
v -78.72442 0.005811 -39.41633
v -78.71542 0.005811 -39.40732
v -78.71542 2.430489 -39.41633
v -78.71542 2.421489 -39.40732
v -78.72442 2.421489 -39.41633
v -78.8869 0.005811 -34.21271
v -78.8869 0.005811 -32.21271
v -78.8869 2.772991 -34.21271
v -78.8869 2.781991 -34.20371
v -78.8869 2.781991 -32.22171
v -78.8869 2.772991 -32.21271
v -78.62335 0.005811 -33.90816
v -78.61435 0.005811 -33.91669
v -78.62335 2.430489 -33.89916
v -78.61435 2.440315 -33.91667
v -78.62335 2.421489 -33.90816
v -78.61435 0.005811 -32.50873
v -78.62335 0.005811 -32.51726
v -78.62335 2.421489 -32.51726
v -78.61435 2.440315 -32.50875
v -78.62335 2.430489 -32.52626
v -78.62335 2.781991 -32.22171
v -78.61435 2.772165 -32.22123
v -78.62335 2.772991 -32.21271
v -78.62335 0.005811 -32.21271
v -78.61435 0.005811 -32.22125
v -78.61435 0.005811 -34.20418
v -78.62335 0.005811 -34.21271
v -78.62335 2.781991 -34.20371
v -78.62335 2.772991 -34.21271
v -78.61435 2.772165 -34.2042
v -78.71542 2.421489 -32.51726
v -78.71542 2.430489 -32.52626
v -78.72442 2.421489 -32.52626
v -78.71542 0.005811 -32.51726
v -78.72442 0.005811 -32.52626
v -78.72442 0.005811 -33.89916
v -78.71542 0.005811 -33.90816
v -78.71542 2.430489 -33.89916
v -78.71542 2.421489 -33.90816
v -78.72442 2.421489 -33.89916
v -77.70039 0.570319 -45.75938
v -77.6807 0.510319 -45.70271
v -77.73737 0.570319 -45.68301
v -77.69463 0.527892 -45.74279
v -77.72479 0.535678 -45.72406
v -77.72077 0.527892 -45.68878
v -77.7347 0.570319 -45.72886
v -77.43793 0.510319 -45.00423
v -77.41823 0.570319 -44.94756
v -77.4946 0.570319 -44.98454
v -77.424 0.527892 -44.96416
v -77.45927 0.535678 -44.96014
v -77.46407 0.570319 -44.95023
v -77.478 0.527892 -44.99031
v -77.70039 0.7055 -45.75938
v -77.73737 0.7055 -45.68301
v -77.6807 0.7655 -45.70271
v -77.7347 0.7055 -45.72886
v -77.72479 0.740141 -45.72406
v -77.72077 0.747927 -45.68878
v -77.69463 0.747927 -45.74279
v -77.41823 0.7055 -44.94756
v -77.43793 0.7655 -45.00423
v -77.4946 0.7055 -44.98454
v -77.424 0.747927 -44.96416
v -77.45927 0.740141 -44.96014
v -77.478 0.747927 -44.99031
v -77.46407 0.7055 -44.95023
v -76.86889 0.570319 -46.04839
v -76.79252 0.570319 -46.01141
v -76.8492 0.510319 -45.99171
v -76.82305 0.570319 -46.04572
v -76.82784 0.535678 -46.03581
v -76.80912 0.527892 -46.00565
v -76.86312 0.527892 -46.03179
v -76.58672 0.570319 -45.23656
v -76.60642 0.510319 -45.29324
v -76.54975 0.570319 -45.31294
v -76.5925 0.527892 -45.25317
v -76.56233 0.535678 -45.27189
v -76.56635 0.527892 -45.30717
v -76.55242 0.570319 -45.26709
v -76.86889 0.7055 -46.04839
v -76.8492 0.7655 -45.99171
v -76.79252 0.7055 -46.01141
v -76.86312 0.747927 -46.03179
v -76.82784 0.740141 -46.03581
v -76.80912 0.747927 -46.00565
v -76.82305 0.7055 -46.04572
v -76.58672 0.7055 -45.23656
v -76.54975 0.7055 -45.31294
v -76.60642 0.7655 -45.29324
v -76.55242 0.7055 -45.26709
v -76.56233 0.740141 -45.27189
v -76.56635 0.747927 -45.30717
v -76.5925 0.747927 -45.25317
v -75.92358 0.10286 -42.83295
v -75.92358 3.70477 -42.83295
v -75.92358 3.70477 -42.65448
v -75.92358 0.10286 -42.65448
v -75.92358 0.10286 -30.48253
v -75.92358 3.70477 -30.48253
v -75.92358 3.70477 -30.661
v -75.92358 0.10286 -30.661
v -75.83813 3.70477 -42.65448
v -75.82613 3.70477 -42.66648
v -75.82613 0.10286 -42.66648
v -75.83813 0.10286 -42.65448
v -75.82613 3.70477 -42.82095
v -75.83813 3.70477 -42.83295
v -75.83813 0.10286 -42.83295
v -75.82613 0.10286 -42.82095
v -75.82613 3.70477 -30.649
v -75.83813 3.70477 -30.661
v -75.83813 0.10286 -30.661
v -75.82613 0.10286 -30.649
v -75.83813 3.70477 -30.48253
v -75.82613 3.70477 -30.49453
v -75.82613 0.10286 -30.49453
v -75.83813 0.10286 -30.48253
v -77.68148 0.559414 -45.6867
v -77.66782 0.623461 -45.64742
v -77.73617 0.612234 -45.67958
v -77.6703 0.582823 -45.65453
v -77.70248 0.58822 -45.65214
v -77.70897 0.620172 -45.64949
v -77.71863 0.574884 -45.67727
v -77.71415 1.28729 -45.78069
v -77.73518 1.328883 -45.84119
v -77.78249 1.276063 -45.81286
v -77.72183 1.321351 -45.80281
v -77.75305 1.313041 -45.79767
v -77.77016 1.313412 -45.82555
v -77.7553 1.284002 -45.78277
v -77.72929 0.52846 -45.82425
v -77.78398 0.58128 -45.81713
v -77.75031 0.570053 -45.88475
v -77.76643 0.543931 -45.81482
v -77.77031 0.544302 -45.8473
v -77.7813 0.573341 -45.8576
v -77.74263 0.535992 -45.86264
v -77.78298 1.29793 -45.97875
v -77.79664 1.233882 -46.01803
v -77.83031 1.24511 -45.95041
v -77.79417 1.27452 -46.01092
v -77.82089 1.269123 -45.99283
v -77.82763 1.237171 -45.99088
v -77.81797 1.282459 -45.9631
v -76.83864 0.559414 -45.97964
v -76.79132 0.612234 -46.00798
v -76.82499 0.623461 -45.94036
v -76.80366 0.574884 -45.99529
v -76.80074 0.58822 -45.96556
v -76.794 0.620172 -45.96751
v -76.82746 0.582823 -45.94747
v -76.89234 1.328883 -46.13414
v -76.87131 1.28729 -46.07364
v -76.83765 1.276063 -46.14126
v -76.879 1.321351 -46.09575
v -76.85132 1.313041 -46.11108
v -76.84032 1.284002 -46.10079
v -76.85519 1.313412 -46.14357
v -76.88645 0.52846 -46.1172
v -76.90748 0.570053 -46.1777
v -76.83913 0.58128 -46.14553
v -76.8998 0.535992 -46.15558
v -76.86857 0.544302 -46.16072
v -76.86633 0.573341 -46.17562
v -76.85146 0.543931 -46.13284
v -76.94015 1.29793 -46.27169
v -76.88545 1.24511 -46.27881
v -76.9538 1.233882 -46.31098
v -76.903 1.282459 -46.28112
v -76.91915 1.269123 -46.30625
v -76.91266 1.237171 -46.3089
v -76.95133 1.27452 -46.30386
v -76.46526 0.510319 -45.31469
v -76.44259 0.534319 -45.32258
v -76.45737 0.534319 -45.29202
v -76.44923 0.517348 -45.32027
v -76.44762 0.520462 -45.30616
v -76.44366 0.534319 -45.30424
v -76.45969 0.517348 -45.29866
v -76.44259 0.974102 -45.32258
v -76.46526 0.998102 -45.31469
v -76.45737 0.974102 -45.29202
v -76.44923 0.991073 -45.32027
v -76.44762 0.987959 -45.30616
v -76.45969 0.991073 -45.29866
v -76.44366 0.974102 -45.30424
v -76.56403 0.510319 -45.28037
v -76.55615 0.534319 -45.25769
v -76.58669 0.534319 -45.27248
v -76.55846 0.517348 -45.26434
v -76.57256 0.520462 -45.26273
v -76.57449 0.534319 -45.25876
v -76.58006 0.517348 -45.27479
v -76.56403 0.998102 -45.28037
v -76.58669 0.974102 -45.27248
v -76.55615 0.974102 -45.25769
v -76.58006 0.991073 -45.27479
v -76.57256 0.987959 -45.26273
v -76.57449 0.974102 -45.25876
v -76.55846 0.991073 -45.26434
v -76.76473 0.510319 -46.17633
v -76.77261 0.534319 -46.199
v -76.74206 0.534319 -46.18421
v -76.77031 0.517348 -46.19236
v -76.7562 0.520462 -46.19397
v -76.75428 0.534319 -46.19793
v -76.7487 0.517348 -46.1819
v -76.76473 0.998102 -46.17633
v -76.74206 0.974102 -46.18421
v -76.77261 0.974102 -46.199
v -76.7487 0.991073 -46.1819
v -76.7562 0.987959 -46.19397
v -76.75428 0.974102 -46.19793
v -76.77031 0.991073 -46.19236
v -76.8635 0.510319 -46.142
v -76.88618 0.534319 -46.13412
v -76.87138 0.534319 -46.16467
v -76.87953 0.517348 -46.13643
v -76.88114 0.520462 -46.15054
v -76.88511 0.534319 -46.15246
v -76.86908 0.517348 -46.15803
v -76.8635 0.998102 -46.142
v -76.87138 0.974102 -46.16467
v -76.88618 0.974102 -46.13412
v -76.86908 0.991073 -46.15803
v -76.88114 0.987959 -46.15054
v -76.88511 0.974102 -46.15246
v -76.87953 0.991073 -46.13643
v -77.56196 0.510319 -44.93351
v -77.58463 0.534319 -44.92563
v -77.55409 0.534319 -44.91084
v -77.578 0.517348 -44.92794
v -77.5705 0.520462 -44.91587
v -77.57242 0.534319 -44.91191
v -77.55639 0.517348 -44.91748
v -77.58463 0.974102 -44.92563
v -77.56196 0.998102 -44.93351
v -77.55409 0.974102 -44.91084
v -77.578 0.991073 -44.92794
v -77.5705 0.987959 -44.91587
v -77.55639 0.991073 -44.91748
v -77.57242 0.974102 -44.91191
v -77.46319 0.510319 -44.96784
v -77.45531 0.534319 -44.94517
v -77.44052 0.534319 -44.97572
v -77.45762 0.517348 -44.95181
v -77.44556 0.520462 -44.9593
v -77.44159 0.534319 -44.95738
v -77.44716 0.517348 -44.97341
v -77.46319 0.998102 -44.96784
v -77.44052 0.974102 -44.97572
v -77.45531 0.974102 -44.94517
v -77.44716 0.991073 -44.97341
v -77.44556 0.987959 -44.9593
v -77.44159 0.974102 -44.95738
v -77.45762 0.991073 -44.95181
v -77.86144 0.510319 -45.79515
v -77.86932 0.534319 -45.81782
v -77.88411 0.534319 -45.78727
v -77.86701 0.517348 -45.81118
v -77.87908 0.520462 -45.80369
v -77.88304 0.534319 -45.80561
v -77.87747 0.517348 -45.78958
v -77.86144 0.998102 -45.79515
v -77.88411 0.974102 -45.78727
v -77.86932 0.974102 -45.81782
v -77.87747 0.991073 -45.78958
v -77.87908 0.987959 -45.80369
v -77.88304 0.974102 -45.80561
v -77.86701 0.991073 -45.81118
v -77.76267 0.510319 -45.82948
v -77.74 0.534319 -45.83736
v -77.77055 0.534319 -45.85215
v -77.74664 0.517348 -45.83505
v -77.75414 0.520462 -45.84712
v -77.75221 0.534319 -45.85108
v -77.76824 0.517348 -45.84551
v -77.76267 0.998102 -45.82948
v -77.77055 0.974102 -45.85215
v -77.74 0.974102 -45.83736
v -77.76824 0.991073 -45.84551
v -77.75414 0.987959 -45.84712
v -77.75221 0.974102 -45.85108
v -77.74664 0.991073 -45.83505
v -77.83916 0.473773 -45.77772
v -77.83752 0.468773 -45.773
v -77.84225 0.473773 -45.77136
v -77.54598 0.468773 -44.93419
v -77.54433 0.473773 -44.92947
v -77.5507 0.473773 -44.93255
v -77.83916 0.516975 -45.77772
v -77.84225 0.516975 -45.77136
v -77.83752 0.521975 -45.773
v -77.54433 0.516975 -44.92947
v -77.54598 0.521975 -44.93419
v -77.5507 0.516975 -44.93255
v -76.7714 0.473773 -46.14885
v -76.76503 0.473773 -46.14577
v -76.76975 0.468773 -46.14413
v -76.47657 0.473773 -45.30059
v -76.47821 0.468773 -45.30532
v -76.47349 0.473773 -45.30696
v -76.7714 0.516975 -46.14885
v -76.76975 0.521975 -46.14413
v -76.76503 0.516975 -46.14577
v -76.47657 0.516975 -45.30059
v -76.47349 0.516975 -45.30696
v -76.47821 0.521975 -45.30532
v -76.58419 0.12677 -45.31843
v -76.58167 0.12677 -45.32359
v -76.56323 0.12677 -45.27055
v -76.56841 0.12677 -45.27303
v -76.66777 0.488769 -45.35339
v -76.6703 0.488769 -45.34823
v -76.65452 0.488769 -45.30283
v -76.64934 0.488769 -45.30035
v -76.522 0.12677 -45.34433
v -76.51683 0.12677 -45.34184
v -76.50105 0.12677 -45.29644
v -76.50357 0.12677 -45.29128
v -76.60294 0.488769 -45.37164
v -76.60811 0.488769 -45.37413
v -76.58968 0.488769 -45.32108
v -76.58715 0.488769 -45.32624
v -77.47098 0.12677 -45.01021
v -77.47617 0.12677 -45.01269
v -77.45773 0.12677 -44.95965
v -77.45521 0.12677 -44.96481
v -77.4271 0.488769 -45.08947
v -77.42192 0.488769 -45.08699
v -77.40614 0.488769 -45.04158
v -77.40866 0.488769 -45.03643
v -77.53583 0.12677 -44.99195
v -77.53835 0.12677 -44.98679
v -77.52257 0.12677 -44.94139
v -77.51739 0.12677 -44.93891
v -77.48928 0.488769 -45.06357
v -77.48676 0.488769 -45.06873
v -77.46832 0.488769 -45.01569
v -77.4735 0.488769 -45.01817
v -76.84476 0.12677 -46.06811
v -76.83958 0.12677 -46.06563
v -76.85802 0.12677 -46.11868
v -76.86053 0.12677 -46.11351
v -76.88864 0.488769 -45.98885
v -76.89382 0.488769 -45.99133
v -76.9096 0.488769 -46.03674
v -76.90708 0.488769 -46.04189
v -76.77992 0.12677 -46.08637
v -76.7774 0.12677 -46.09153
v -76.79318 0.12677 -46.13692
v -76.79836 0.12677 -46.13941
v -76.82645 0.488769 -46.01475
v -76.82898 0.488769 -46.00959
v -76.84741 0.488769 -46.06263
v -76.84224 0.488769 -46.06015
v -77.73155 0.12677 -45.75989
v -77.73407 0.12677 -45.75473
v -77.75251 0.12677 -45.80777
v -77.74733 0.12677 -45.80529
v -77.64796 0.488769 -45.72493
v -77.64545 0.488769 -45.73009
v -77.66122 0.488769 -45.77549
v -77.6664 0.488769 -45.77798
v -77.79373 0.12677 -45.73399
v -77.79891 0.12677 -45.73648
v -77.81469 0.12677 -45.78188
v -77.81217 0.12677 -45.78704
v -77.71281 0.488769 -45.70668
v -77.70763 0.488769 -45.70419
v -77.72607 0.488769 -45.75724
v -77.72858 0.488769 -45.75208
v -72.66621 4.401923 -31.17975
v -72.66621 4.401923 -42.13574
v -72.7599 5.242764 -43.41359
v -72.7599 5.242764 -29.9019
v -71.38068 5.242764 -30.97805
v -71.38068 5.242764 -42.33743
v -70.86842 5.242764 -32.64159
v -70.54641 5.242764 -34.57883
v -70.43658 5.242764 -36.65774
v -70.54641 5.242764 -38.73665
v -70.86842 5.242764 -40.67388
v -72.66621 4.401923 -43.00269
v -72.66621 4.401923 -30.31279
v -72.66621 4.401923 -41.26313
v -72.66621 4.401923 -32.05235
v -72.66621 4.401923 -39.91425
v -72.66621 4.401923 -38.34343
v -72.66621 4.401923 -36.65774
v -72.66621 4.401923 -34.97205
v -72.66621 4.401923 -33.40124
v -72.66621 6.996683 -31.17975
v -72.66621 6.996683 -42.13574
v -72.7599 7.837524 -43.41359
v -72.7599 7.837524 -29.9019
v -71.38068 7.837524 -30.97805
v -71.38068 7.837524 -42.33743
v -70.86842 7.837524 -32.64159
v -70.54641 7.837524 -34.57883
v -70.43658 7.837524 -36.65774
v -70.54641 7.837524 -38.73665
v -70.86842 7.837524 -40.67388
v -72.66621 6.996683 -43.00269
v -72.66621 6.996683 -30.31279
v -72.66621 6.996683 -41.26313
v -72.66621 6.996683 -32.05235
v -72.66621 6.996683 -39.91425
v -72.66621 6.996683 -38.34343
v -72.66621 6.996683 -36.65774
v -72.66621 6.996683 -34.97205
v -72.66621 6.996683 -33.40124
v -72.66621 9.591443 -31.17975
v -72.66621 9.591443 -42.13574
v -72.7599 10.43228 -43.41359
v -72.7599 10.43228 -29.9019
v -71.38068 10.43228 -30.97805
v -71.38068 10.43228 -42.33743
v -70.86842 10.43228 -32.64159
v -70.54641 10.43228 -34.57883
v -70.43658 10.43228 -36.65774
v -70.54641 10.43228 -38.73665
v -70.86842 10.43228 -40.67388
v -72.66621 9.591443 -43.00269
v -72.66621 9.591443 -30.31279
v -72.66621 9.591443 -41.26313
v -72.66621 9.591443 -32.05235
v -72.66621 9.591443 -39.91425
v -72.66621 9.591443 -38.34343
v -72.66621 9.591443 -36.65774
v -72.66621 9.591443 -34.97205
v -72.66621 9.591443 -33.40124
v -72.66621 12.1862 -31.17975
v -72.66621 12.1862 -42.13574
v -72.7599 13.02704 -43.41359
v -72.7599 13.02704 -29.9019
v -71.38068 13.02704 -30.97805
v -71.38068 13.02704 -42.33743
v -70.86842 13.02704 -32.64159
v -70.54641 13.02704 -34.57883
v -70.43658 13.02704 -36.65774
v -70.54641 13.02704 -38.73665
v -70.86842 13.02704 -40.67388
v -72.66621 12.1862 -43.00269
v -72.66621 12.1862 -30.31279
v -72.66621 12.1862 -41.26313
v -72.66621 12.1862 -32.05235
v -72.66621 12.1862 -39.91425
v -72.66621 12.1862 -38.34343
v -72.66621 12.1862 -36.65774
v -72.66621 12.1862 -34.97205
v -72.66621 12.1862 -33.40124
v -72.66621 14.78096 -31.17975
v -72.66621 14.78096 -42.13574
v -72.7599 15.6218 -43.41359
v -72.7599 15.6218 -29.9019
v -71.38068 15.6218 -30.97805
v -71.38068 15.6218 -42.33743
v -70.86842 15.6218 -32.64159
v -70.54641 15.6218 -34.57883
v -70.43658 15.6218 -36.65774
v -70.54641 15.6218 -38.73665
v -70.86842 15.6218 -40.67388
v -72.66621 14.78096 -43.00269
v -72.66621 14.78096 -30.31279
v -72.66621 14.78096 -41.26313
v -72.66621 14.78096 -32.05235
v -72.66621 14.78096 -39.91425
v -72.66621 14.78096 -38.34343
v -72.66621 14.78096 -36.65774
v -72.66621 14.78096 -34.97205
v -72.66621 14.78096 -33.40124
v -72.66621 17.37572 -31.17975
v -72.66621 17.37572 -42.13574
v -72.7599 18.21656 -43.41359
v -72.7599 18.21656 -29.9019
v -71.38068 18.21656 -30.97805
v -71.38068 18.21656 -42.33743
v -70.86842 18.21656 -32.64159
v -70.54641 18.21656 -34.57883
v -70.43658 18.21656 -36.65774
v -70.54641 18.21656 -38.73665
v -70.86842 18.21656 -40.67388
v -72.66621 17.37572 -43.00269
v -72.66621 17.37572 -30.31279
v -72.66621 17.37572 -41.26313
v -72.66621 17.37572 -32.05235
v -72.66621 17.37572 -39.91425
v -72.66621 17.37572 -38.34343
v -72.66621 17.37572 -36.65774
v -72.66621 17.37572 -34.97205
v -72.66621 17.37572 -33.40124
v -72.66621 19.97048 -31.17975
v -72.66621 19.97048 -42.13574
v -72.7599 20.81133 -43.41359
v -72.7599 20.81133 -29.9019
v -71.38068 20.81133 -30.97805
v -71.38068 20.81133 -42.33743
v -70.86842 20.81133 -32.64159
v -70.54641 20.81133 -34.57883
v -70.43658 20.81133 -36.65774
v -70.54641 20.81133 -38.73665
v -70.86842 20.81133 -40.67388
v -72.66621 19.97048 -43.00269
v -72.66621 19.97048 -30.31279
v -72.66621 19.97048 -41.26313
v -72.66621 19.97048 -32.05235
v -72.66621 19.97048 -39.91425
v -72.66621 19.97048 -38.34343
v -72.66621 19.97048 -36.65774
v -72.66621 19.97048 -34.97205
v -72.66621 19.97048 -33.40124
v -72.66621 22.56524 -31.17975
v -72.66621 22.56524 -42.13574
v -72.7599 23.40608 -43.41359
v -72.7599 23.40608 -29.9019
v -71.38068 23.40608 -30.97805
v -71.38068 23.40608 -42.33743
v -70.86842 23.40608 -32.64159
v -70.54641 23.40608 -34.57883
v -70.43658 23.40608 -36.65774
v -70.54641 23.40608 -38.73665
v -70.86842 23.40608 -40.67388
v -72.66621 22.56524 -43.00269
v -72.66621 22.56524 -30.31279
v -72.66621 22.56524 -41.26313
v -72.66621 22.56524 -32.05235
v -72.66621 22.56524 -39.91425
v -72.66621 22.56524 -38.34343
v -72.66621 22.56524 -36.65774
v -72.66621 22.56524 -34.97205
v -72.66621 22.56524 -33.40124
v -71.80919 5.242764 -43.40523
v -71.82154 5.242764 -43.41359
v -71.82154 5.242764 -29.9019
v -71.80919 5.242764 -29.91025
v -71.80919 4.410923 -43.40523
v -71.81873 4.401923 -43.40432
v -71.82154 4.410923 -43.41359
v -71.80919 4.410923 -29.91025
v -71.82154 4.410923 -29.9019
v -71.81873 4.401923 -29.91116
v -72.7599 4.410923 -43.41359
v -72.75779 4.401923 -43.40433
v -72.75779 4.401923 -29.91115
v -72.7599 4.410923 -29.9019
v -71.38812 4.401923 -42.33121
v -71.38068 4.410923 -42.33743
v -71.38068 4.410923 -30.97805
v -71.38812 4.401923 -30.98427
v -70.87674 4.401923 -40.67037
v -70.86842 4.410923 -40.67388
v -70.55507 4.401923 -38.73504
v -70.54641 4.410923 -38.73665
v -70.44534 4.401923 -36.65774
v -70.43658 4.410923 -36.65774
v -70.55507 4.401923 -34.58044
v -70.54641 4.410923 -34.57883
v -70.87674 4.401923 -32.64511
v -70.86842 4.410923 -32.64159
v -71.80919 7.837524 -43.40523
v -71.82154 7.837524 -43.41359
v -71.82154 7.837524 -29.9019
v -71.80919 7.837524 -29.91025
v -71.80919 7.005683 -43.40523
v -71.81873 6.996683 -43.40432
v -71.82154 7.005683 -43.41359
v -71.80919 7.005683 -29.91025
v -71.82154 7.005683 -29.9019
v -71.81873 6.996683 -29.91116
v -72.7599 7.005683 -43.41359
v -72.75779 6.996683 -43.40433
v -72.75779 6.996683 -29.91115
v -72.7599 7.005683 -29.9019
v -71.38812 6.996683 -42.33121
v -71.38068 7.005683 -42.33743
v -71.38068 7.005683 -30.97805
v -71.38812 6.996683 -30.98427
v -70.87674 6.996683 -40.67037
v -70.86842 7.005683 -40.67388
v -70.55507 6.996683 -38.73504
v -70.54641 7.005683 -38.73665
v -70.44534 6.996683 -36.65774
v -70.43658 7.005683 -36.65774
v -70.55507 6.996683 -34.58044
v -70.54641 7.005683 -34.57883
v -70.87674 6.996683 -32.64511
v -70.86842 7.005683 -32.64159
v -71.80919 10.43228 -43.40523
v -71.82154 10.43228 -43.41359
v -71.82154 10.43228 -29.9019
v -71.80919 10.43228 -29.91025
v -71.80919 9.600443 -43.40523
v -71.81873 9.591443 -43.40432
v -71.82154 9.600443 -43.41359
v -71.80919 9.600443 -29.91025
v -71.82154 9.600443 -29.9019
v -71.81873 9.591443 -29.91116
v -72.7599 9.600443 -43.41359
v -72.75779 9.591443 -43.40433
v -72.75779 9.591443 -29.91115
v -72.7599 9.600443 -29.9019
v -71.38812 9.591443 -42.33121
v -71.38068 9.600443 -42.33743
v -71.38068 9.600443 -30.97805
v -71.38812 9.591443 -30.98427
v -70.87674 9.591443 -40.67037
v -70.86842 9.600443 -40.67388
v -70.55507 9.591443 -38.73504
v -70.54641 9.600443 -38.73665
v -70.44534 9.591443 -36.65774
v -70.43658 9.600443 -36.65774
v -70.55507 9.591443 -34.58044
v -70.54641 9.600443 -34.57883
v -70.87674 9.591443 -32.64511
v -70.86842 9.600443 -32.64159
v -71.80919 13.02704 -43.40523
v -71.82154 13.02704 -43.41359
v -71.82154 13.02704 -29.9019
v -71.80919 13.02704 -29.91025
v -71.80919 12.1952 -43.40523
v -71.81873 12.1862 -43.40432
v -71.82154 12.1952 -43.41359
v -71.80919 12.1952 -29.91025
v -71.82154 12.1952 -29.9019
v -71.81873 12.1862 -29.91116
v -72.7599 12.1952 -43.41359
v -72.75779 12.1862 -43.40433
v -72.75779 12.1862 -29.91115
v -72.7599 12.1952 -29.9019
v -71.38812 12.1862 -42.33121
v -71.38068 12.1952 -42.33743
v -71.38068 12.1952 -30.97805
v -71.38812 12.1862 -30.98427
v -70.87674 12.1862 -40.67037
v -70.86842 12.1952 -40.67388
v -70.55507 12.1862 -38.73504
v -70.54641 12.1952 -38.73665
v -70.44534 12.1862 -36.65774
v -70.43658 12.1952 -36.65774
v -70.55507 12.1862 -34.58044
v -70.54641 12.1952 -34.57883
v -70.87674 12.1862 -32.64511
v -70.86842 12.1952 -32.64159
v -71.80919 15.6218 -43.40523
v -71.82154 15.6218 -43.41359
v -71.82154 15.6218 -29.9019
v -71.80919 15.6218 -29.91025
v -71.80919 14.78996 -43.40523
v -71.81873 14.78096 -43.40432
v -71.82154 14.78996 -43.41359
v -71.80919 14.78996 -29.91025
v -71.82154 14.78996 -29.9019
v -71.81873 14.78096 -29.91116
v -72.7599 14.78996 -43.41359
v -72.75779 14.78096 -43.40433
v -72.75779 14.78096 -29.91115
v -72.7599 14.78996 -29.9019
v -71.38812 14.78096 -42.33121
v -71.38068 14.78996 -42.33743
v -71.38068 14.78996 -30.97805
v -71.38812 14.78096 -30.98427
v -70.87674 14.78096 -40.67037
v -70.86842 14.78996 -40.67388
v -70.55507 14.78096 -38.73504
v -70.54641 14.78996 -38.73665
v -70.44534 14.78096 -36.65774
v -70.43658 14.78996 -36.65774
v -70.55507 14.78096 -34.58044
v -70.54641 14.78996 -34.57883
v -70.87674 14.78096 -32.64511
v -70.86842 14.78996 -32.64159
v -71.80919 18.21656 -43.40523
v -71.82154 18.21656 -43.41359
v -71.82154 18.21656 -29.9019
v -71.80919 18.21656 -29.91025
v -71.80919 17.38472 -43.40523
v -71.81873 17.37572 -43.40432
v -71.82154 17.38472 -43.41359
v -71.80919 17.38472 -29.91025
v -71.82154 17.38472 -29.9019
v -71.81873 17.37572 -29.91116
v -72.7599 17.38472 -43.41359
v -72.75779 17.37572 -43.40433
v -72.75779 17.37572 -29.91115
v -72.7599 17.38472 -29.9019
v -71.38812 17.37572 -42.33121
v -71.38068 17.38472 -42.33743
v -71.38068 17.38472 -30.97805
v -71.38812 17.37572 -30.98427
v -70.87674 17.37572 -40.67037
v -70.86842 17.38472 -40.67388
v -70.55507 17.37572 -38.73504
v -70.54641 17.38472 -38.73665
v -70.44534 17.37572 -36.65774
v -70.43658 17.38472 -36.65774
v -70.55507 17.37572 -34.58044
v -70.54641 17.38472 -34.57883
v -70.87674 17.37572 -32.64511
v -70.86842 17.38472 -32.64159
v -71.80919 20.81133 -43.40523
v -71.82154 20.81133 -43.41359
v -71.82154 20.81133 -29.9019
v -71.80919 20.81133 -29.91025
v -71.80919 19.97948 -43.40523
v -71.81873 19.97048 -43.40432
v -71.82154 19.97948 -43.41359
v -71.80919 19.97948 -29.91025
v -71.82154 19.97948 -29.9019
v -71.81873 19.97048 -29.91116
v -72.7599 19.97948 -43.41359
v -72.75779 19.97048 -43.40433
v -72.75779 19.97048 -29.91115
v -72.7599 19.97948 -29.9019
v -71.38812 19.97048 -42.33121
v -71.38068 19.97948 -42.33743
v -71.38068 19.97948 -30.97805
v -71.38812 19.97048 -30.98427
v -70.87674 19.97048 -40.67037
v -70.86842 19.97948 -40.67388
v -70.55507 19.97048 -38.73504
v -70.54641 19.97948 -38.73665
v -70.44534 19.97048 -36.65774
v -70.43658 19.97948 -36.65774
v -70.55507 19.97048 -34.58044
v -70.54641 19.97948 -34.57883
v -70.87674 19.97048 -32.64511
v -70.86842 19.97948 -32.64159
v -71.80919 23.40608 -43.40523
v -71.82154 23.40608 -43.41359
v -71.82154 23.40608 -29.9019
v -71.80919 23.40608 -29.91025
v -71.80919 22.57424 -43.40523
v -71.81873 22.56524 -43.40432
v -71.82154 22.57424 -43.41359
v -71.80919 22.57424 -29.91025
v -71.82154 22.57424 -29.9019
v -71.81873 22.56524 -29.91116
v -72.7599 22.57424 -43.41359
v -72.75779 22.56524 -43.40433
v -72.75779 22.56524 -29.91115
v -72.7599 22.57424 -29.9019
v -71.38812 22.56524 -42.33121
v -71.38068 22.57424 -42.33743
v -71.38068 22.57424 -30.97805
v -71.38812 22.56524 -30.98427
v -70.87674 22.56524 -40.67037
v -70.86842 22.57424 -40.67388
v -70.55507 22.56524 -38.73504
v -70.54641 22.57424 -38.73665
v -70.44534 22.56524 -36.65774
v -70.43658 22.57424 -36.65774
v -70.55507 22.56524 -34.58044
v -70.54641 22.57424 -34.57883
v -70.87674 22.56524 -32.64511
v -70.86842 22.57424 -32.64159
v -84.37306 25.67805 -47.32477
v -84.37305 25.67805 -25.99072
v -84.37306 25.16208 -47.32477
v -84.37305 25.16208 -25.99072
v -72.52886 25.67805 -47.31576
v -72.53786 25.67805 -47.32477
v -72.53786 25.67805 -25.99072
v -72.52885 25.67805 -25.99972
v -72.53786 25.16208 -47.32477
v -72.52886 25.16208 -47.31576
v -72.52885 25.16208 -25.99972
v -72.53786 25.16208 -25.99072
v -70.56297 25.67805 -36.23487
v -70.55397 25.67805 -36.24387
v -70.55397 25.67805 -37.07162
v -70.56297 25.67805 -37.08062
v -72.52885 25.67805 -36.22587
v -72.51986 25.67805 -36.23487
v -72.51986 25.67805 -37.08062
v -72.52885 25.67805 -37.08962
v -72.52885 25.16208 -37.08962
v -72.51986 25.16208 -37.08062
v -72.51986 25.16208 -36.23487
v -72.52885 25.16208 -36.22587
v -70.55397 25.16208 -36.24387
v -70.56297 25.16208 -36.23487
v -70.56297 25.16208 -37.08062
v -70.55397 25.16208 -37.07162
#end vertices

#begin 1296 textures vertices 
vt 0.9915237 0.6855443 0
vt 0.9903124 0.8504818 0
vt 0.00509348 0.6852566 0
vt 0.00390625 0.8501896 0
vt 0.02083478 0.8353067 0
vt 0.02203929 0.7002733 0
vt 0.973368 0.8354616 0
vt 0.974595 0.7004252 0
vt 0.01936441 0.841938 0
vt 0.01883706 0.8425963 0
vt 0.01998521 0.692966 0
vt 0.02050944 0.6936254 0
vt 0.9748972 0.8421093 0
vt 0.9754214 0.8427689 0
vt 0.976065 0.6937942 0
vt 0.9765924 0.6931357 0
vt 0.01094916 0.8502165 0
vt 0.01162561 0.8497625 0
vt 0.01162481 0.8502385 0
vt 0.01280689 0.6857895 0
vt 0.012137 0.6853262 0
vt 0.01280747 0.6853135 0
vt 0.9825992 0.8499456 0
vt 0.9832693 0.8504106 0
vt 0.9825983 0.8504216 0
vt 0.9844811 0.6855158 0
vt 0.9838043 0.6859696 0
vt 0.9838051 0.6854935 0
vt 0.04251952 0.4422717 0
vt 0.02845313 0.5333698 0
vt 0.2502502 0.4273126 0
vt 0.2706036 0.5251245 0
vt 0.0221035 0.5524304 0
vt 0.2796246 0.5439474 0
vt 0.01427851 0.5689914 0
vt 0.2894859 0.5606774 0
vt 0.009137338 0.5806336 0
vt 0.2951287 0.5719696 0
vt 0.1122263 0.4552973 0
vt 0.111781 0.4552254 0
vt 0.1076443 0.557229 0
vt 0.1070407 0.5571419 0
vt 0.1790699 0.4492538 0
vt 0.1786314 0.4493263 0
vt 0.1966758 0.5544037 0
vt 0.19608 0.5545629 0
vt 0.1947614 0.582148 0
vt 0.1941821 0.582197 0
vt 0.1105094 0.5839747 0
vt 0.1099312 0.5839508 0
vt 0.1851023 0.6109863 0
vt 0.1848426 0.6112478 0
vt 0.119708 0.6110428 0
vt 0.1194368 0.6108539 0
vt 0.1878623 0.6232129 0
vt 0.1887271 0.6230543 0
vt 0.1162273 0.6231469 0
vt 0.1170195 0.6233266 0
vt 0.9960937 0.00390625 0
vt 0.00390625 0.00390625 0
vt 0.9960937 0.4247411 0
vt 0.00390625 0.4247411 0
vt 0.7561551 0.00390625 0
vt 0.755897 0.00390625 0
vt 0.2441029 0.00390625 0
vt 0.2438448 0.00390625 0
vt 0.5485792 0.00390625 0
vt 0.5483213 0.00390625 0
vt 0.4516787 0.00390625 0
vt 0.4514207 0.00390625 0
vt 0.4916093 0.00390625 0
vt 0.4913514 0.00390625 0
vt 0.5086485 0.00390625 0
vt 0.5083906 0.00390625 0
vt 0.755897 0.4247411 0
vt 0.7561551 0.4247411 0
vt 0.2438448 0.4247411 0
vt 0.2441029 0.4247411 0
vt 0.4913514 0.4247411 0
vt 0.4916093 0.4247411 0
vt 0.5083906 0.4247411 0
vt 0.5086485 0.4247411 0
vt 0.4514207 0.4247411 0
vt 0.4516787 0.4247411 0
vt 0.5483213 0.4247411 0
vt 0.5485792 0.4247411 0
vt 0.9630089 0.4427212 0
vt 0.3991642 0.4425084 0
vt 0.9845321 0.5101887 0
vt 0.3768162 0.5045148 0
vt 0.9886162 0.5202707 0
vt 0.8900806 0.5513439 0
vt 0.3719974 0.5145788 0
vt 0.4696594 0.5511109 0
vt 0.8809147 0.5446414 0
vt 0.8811942 0.5447211 0
vt 0.8809232 0.5448974 0
vt 0.8745224 0.6643873 0
vt 0.8746386 0.6645416 0
vt 0.874582 0.664602 0
vt 0.4866579 0.6675311 0
vt 0.4867664 0.6673741 0
vt 0.4867089 0.6675895 0
vt 0.8735786 0.475018 0
vt 0.8734073 0.47503 0
vt 0.4876458 0.4755581 0
vt 0.4874975 0.4754774 0
vt 0.4788147 0.5446814 0
vt 0.4788021 0.5449405 0
vt 0.4785248 0.5447694 0
vt 0.8775938 0.6746649 0
vt 0.8788305 0.6738157 0
vt 0.4824598 0.6767384 0
vt 0.483781 0.6775874 0
vt 0.3286387 0.5284048 0
vt 0.3286387 0.6835029 0
vt 0.3131675 0.6835029 0
vt 0.3131675 0.5284048 0
vt 0.3295615 0.5284048 0
vt 0.3295615 0.6835029 0
vt 0.3450326 0.6835029 0
vt 0.3450326 0.5284048 0
vt 0.3168466 0.6835029 0
vt 0.3175773 0.6835029 0
vt 0.3175773 0.5284048 0
vt 0.3168466 0.5284048 0
vt 0.3242289 0.6835029 0
vt 0.3249596 0.6835029 0
vt 0.3249596 0.5284048 0
vt 0.3242289 0.5284048 0
vt 0.3406227 0.6835029 0
vt 0.3413535 0.6835029 0
vt 0.3413535 0.5284048 0
vt 0.3406227 0.5284048 0
vt 0.3332406 0.6835029 0
vt 0.3339714 0.6835029 0
vt 0.3339714 0.5284048 0
vt 0.3332406 0.5284048 0
vt 0.3666893 0.5424058 0
vt 0.3666893 0.560056 0
vt 0.3666893 0.5498895 0
vt 0.3666893 0.5497068 0
vt 0.3666893 0.552755 0
vt 0.3666893 0.5525723 0
vt 0.3633226 0.552755 0
vt 0.3631398 0.5525723 0
vt 0.3633226 0.5525723 0
vt 0.3631398 0.560056 0
vt 0.3633226 0.560056 0
vt 0.3633226 0.5498895 0
vt 0.3631398 0.5497068 0
vt 0.3633226 0.5497068 0
vt 0.3633226 0.5424058 0
vt 0.3631398 0.5424058 0
vt 0.9700094 0.8343779 0
vt 0.628901 0.7207821 0
vt 0.7566004 0.816639 0
vt 0.7882507 0.7062182 0
vt 0.7956785 0.7063582 0
vt 0.9638489 0.7072584 0
vt 0.7942926 0.8333527 0
vt 0.4385217 0.448612 0
vt 0.6345107 0.8110974 0
vt 0.8075479 0.7190141 0
vt 0.9519466 0.7198891 0
vt 0.7510387 0.8110833 0
vt 0.6344645 0.7263387 0
vt 0.8062059 0.8207267 0
vt 0.7509755 0.7262764 0
vt 0.9506986 0.8216062 0
vt 0.8037783 0.7146329 0
vt 0.8030298 0.713843 0
vt 0.9563458 0.7146337 0
vt 0.9555801 0.7154112 0
vt 0.8025718 0.8252031 0
vt 0.8018041 0.8259794 0
vt 0.9544737 0.8259815 0
vt 0.9552218 0.8267726 0
vt 0.8192305 0.7279028 0
vt 0.598155 0.7045641 0
vt 0.7831459 0.8330892 0
vt 0.9375122 0.8168708 0
vt 0.605572 0.8329936 0
vt 0.7756336 0.8330631 0
vt 0.6056673 0.7045886 0
vt 0.7757349 0.70467 0
vt 0.932356 0.8117129 0
vt 0.6176704 0.8202902 0
vt 0.7636873 0.8202124 0
vt 0.8243144 0.811692 0
vt 0.93241 0.7331275 0
vt 0.6176139 0.7174395 0
vt 0.8243834 0.7330611 0
vt 0.7636331 0.717373 0
vt 0.6138342 0.8246878 0
vt 0.6130717 0.8254819 0
vt 0.7681069 0.8255556 0
vt 0.7673379 0.8247651 0
vt 0.6139632 0.712887 0
vt 0.6131942 0.7120965 0
vt 0.76747 0.7129756 0
vt 0.7682334 0.7121815 0
vt 0.4123621 0.7424659 0
vt 0.4123621 0.8338491 0
vt 0.4021477 0.7424659 0
vt 0.4021477 0.8338491 0
vt 0.3919334 0.7424659 0
vt 0.3919334 0.8338491 0
vt 0.3817191 0.7424659 0
vt 0.3817191 0.8338491 0
vt 0.3715047 0.7424659 0
vt 0.3715047 0.8338491 0
vt 0.3612904 0.7424659 0
vt 0.3612904 0.8338491 0
vt 0.351076 0.7424659 0
vt 0.351076 0.8338491 0
vt 0.3408617 0.7424659 0
vt 0.3408617 0.8338491 0
vt 0.3306474 0.7424659 0
vt 0.3306474 0.8338491 0
vt 0.3204331 0.7424659 0
vt 0.3204331 0.8338491 0
vt 0.3102187 0.7424659 0
vt 0.4532194 0.8338491 0
vt 0.443005 0.7424659 0
vt 0.443005 0.8338491 0
vt 0.4327907 0.7424659 0
vt 0.4327907 0.8338491 0
vt 0.4225764 0.7424659 0
vt 0.4225764 0.8338491 0
vt 0.484549 0.7424659 0
vt 0.484549 0.8338491 0
vt 0.4947633 0.7424659 0
vt 0.4947633 0.8338491 0
vt 0.5049776 0.7424659 0
vt 0.5049776 0.8338491 0
vt 0.515192 0.7424659 0
vt 0.515192 0.8338491 0
vt 0.5254063 0.7424659 0
vt 0.5254063 0.8338491 0
vt 0.5356207 0.7424659 0
vt 0.5356207 0.8338491 0
vt 0.545835 0.7424659 0
vt 0.545835 0.8338491 0
vt 0.5560493 0.7424659 0
vt 0.5560493 0.8338491 0
vt 0.5662636 0.7424659 0
vt 0.5662636 0.8338491 0
vt 0.5764779 0.7424659 0
vt 0.5764779 0.8338491 0
vt 0.5866923 0.7424659 0
vt 0.5866923 0.8338491 0
vt 0.453906 0.7424659 0
vt 0.5969066 0.8338491 0
vt 0.4641204 0.7424659 0
vt 0.4641204 0.8338491 0
vt 0.4743347 0.7424659 0
vt 0.4743347 0.8338491 0
vt 0.1248681 0.7424659 0
vt 0.1248681 0.8338491 0
vt 0.1146538 0.7424659 0
vt 0.1146538 0.8338491 0
vt 0.1044395 0.7424659 0
vt 0.1044395 0.8338491 0
vt 0.09422516 0.7424659 0
vt 0.09422516 0.8338491 0
vt 0.08401073 0.7424659 0
vt 0.08401073 0.8338491 0
vt 0.07379643 0.7424659 0
vt 0.07379643 0.8338491 0
vt 0.06358209 0.7424659 0
vt 0.06358209 0.8338491 0
vt 0.05336777 0.7424659 0
vt 0.05336777 0.8338491 0
vt 0.04315345 0.7424659 0
vt 0.04315345 0.8338491 0
vt 0.03293911 0.7424659 0
vt 0.03293911 0.8338491 0
vt 0.02272481 0.7424659 0
vt 0.1657255 0.8338491 0
vt 0.1555111 0.7424659 0
vt 0.1555111 0.8338491 0
vt 0.1452968 0.7424659 0
vt 0.1452968 0.8338491 0
vt 0.1350824 0.7424659 0
vt 0.1350824 0.8338491 0
vt 0.1967143 0.7424659 0
vt 0.1967143 0.8338491 0
vt 0.2069286 0.7424659 0
vt 0.2069286 0.8338491 0
vt 0.2171429 0.7424659 0
vt 0.2171429 0.8338491 0
vt 0.2273572 0.7424659 0
vt 0.2273572 0.8338491 0
vt 0.2375716 0.7424659 0
vt 0.2375716 0.8338491 0
vt 0.2477859 0.7424659 0
vt 0.2477859 0.8338491 0
vt 0.2580002 0.7424659 0
vt 0.2580002 0.8338491 0
vt 0.2682146 0.7424659 0
vt 0.2682146 0.8338491 0
vt 0.2784289 0.7424659 0
vt 0.2784289 0.8338491 0
vt 0.2886432 0.7424659 0
vt 0.2886432 0.8338491 0
vt 0.2988575 0.7424659 0
vt 0.2988575 0.8338491 0
vt 0.1660713 0.7424659 0
vt 0.3090719 0.8338491 0
vt 0.1762856 0.7424659 0
vt 0.1762856 0.8338491 0
vt 0.1864999 0.7424659 0
vt 0.1864999 0.8338491 0
vt 0.889761 0.5763311 0
vt 0.994795 0.5770885 0
vt 0.9001011 0.6825143 0
vt 0.9015131 0.6837607 0
vt 0.984459 0.6823333 0
vt 0.9857854 0.6809991 0
vt 0.9115504 0.5737656 0
vt 0.9110744 0.5738204 0
vt 0.917352 0.6640524 0
vt 0.916493 0.6644018 0
vt 0.9168029 0.6635162 0
vt 0.9737161 0.5747879 0
vt 0.9732386 0.5747469 0
vt 0.9684584 0.6620698 0
vt 0.9687755 0.6629304 0
vt 0.9679006 0.6626057 0
vt 0.9785595 0.6756282 0
vt 0.9783589 0.6752644 0
vt 0.9787067 0.6754888 0
vt 0.9851201 0.5759077 0
vt 0.9846502 0.5758586 0
vt 0.9001269 0.5750904 0
vt 0.8996587 0.5751453 0
vt 0.9069721 0.6773913 0
vt 0.9068083 0.6772357 0
vt 0.9071524 0.6770149 0
vt 0.9659748 0.6604131 0
vt 0.9658562 0.6605511 0
vt 0.9656196 0.6602282 0
vt 0.9696889 0.5744487 0
vt 0.9691921 0.5744126 0
vt 0.9156166 0.57333 0
vt 0.9151217 0.5733829 0
vt 0.9193618 0.6619378 0
vt 0.9192225 0.6618162 0
vt 0.9195761 0.661627 0
vt 0.4687756 0.5668137 0
vt 0.3637395 0.5675749 0
vt 0.4584336 0.6729994 0
vt 0.4570215 0.6742456 0
vt 0.3740775 0.6728158 0
vt 0.3727513 0.6714816 0
vt 0.4469861 0.564246 0
vt 0.4474622 0.5643009 0
vt 0.441184 0.6545374 0
vt 0.4420428 0.6548856 0
vt 0.441733 0.6539997 0
vt 0.3848182 0.5652751 0
vt 0.3852958 0.565234 0
vt 0.390079 0.6525529 0
vt 0.3897619 0.653413 0
vt 0.3906371 0.6530873 0
vt 0.3799776 0.666111 0
vt 0.3801783 0.6657472 0
vt 0.3798304 0.6659715 0
vt 0.3734145 0.5663943 0
vt 0.3738844 0.5663453 0
vt 0.4584096 0.565572 0
vt 0.4588779 0.565627 0
vt 0.4515633 0.6678756 0
vt 0.451727 0.66772 0
vt 0.451383 0.6674991 0
vt 0.3925629 0.6508957 0
vt 0.3926822 0.6510339 0
vt 0.3929187 0.650711 0
vt 0.3888455 0.5649358 0
vt 0.3893418 0.5648992 0
vt 0.4429193 0.5638106 0
vt 0.4434146 0.563863 0
vt 0.439175 0.6524215 0
vt 0.4393137 0.6523001 0
vt 0.4389606 0.6521106 0
vt 0.1469082 0.6815862 0
vt 0.1426101 0.6772688 0
vt 0.1473607 0.677015 0
vt 0.1441848 0.6800712 0
vt 0.1453997 0.6788863 0
vt 0.1449958 0.67709 0
vt 0.1472503 0.6793038 0
vt 0.1426204 0.6382887 0
vt 0.1469074 0.6339721 0
vt 0.1473616 0.6385434 0
vt 0.1441853 0.6354878 0
vt 0.1454011 0.6366714 0
vt 0.1472507 0.6362543 0
vt 0.1449916 0.6384675 0
vt 0.1547863 0.6816486 0
vt 0.1543524 0.67702 0
vt 0.1591021 0.677278 0
vt 0.1544565 0.6792818 0
vt 0.1563073 0.678898 0
vt 0.1567167 0.6770979 0
vt 0.1575213 0.6800878 0
vt 0.1547843 0.6339078 0
vt 0.1590926 0.6382789 0
vt 0.154352 0.6385369 0
vt 0.1575202 0.635469 0
vt 0.1563059 0.6366579 0
vt 0.1567216 0.6384585 0
vt 0.1544555 0.6362748 0
vt 0.28176 0.6339039 0
vt 0.2821989 0.6385316 0
vt 0.2774489 0.6382751 0
vt 0.2820923 0.6362699 0
vt 0.2802422 0.636655 0
vt 0.2798345 0.6384544 0
vt 0.2790269 0.6354662 0
vt 0.2817527 0.6815713 0
vt 0.2774579 0.6772658 0
vt 0.2821987 0.677013 0
vt 0.2790272 0.6800644 0
vt 0.2802405 0.6788789 0
vt 0.2798287 0.6770871 0
vt 0.2820929 0.6792862 0
vt 0.2896377 0.6339615 0
vt 0.2939408 0.6382773 0
vt 0.2891904 0.6385333 0
vt 0.2923629 0.6354745 0
vt 0.2911495 0.6366606 0
vt 0.291555 0.6384572 0
vt 0.2892985 0.6362439 0
vt 0.2896279 0.6816482 0
vt 0.2891898 0.6770061 0
vt 0.2939301 0.6772658 0
vt 0.2892958 0.6792844 0
vt 0.2911447 0.6788912 0
vt 0.2915595 0.6770866 0
vt 0.2923616 0.6800782 0
vt 0.3614266 0.5284048 0
vt 0.3614266 0.6835029 0
vt 0.3459555 0.6835029 0
vt 0.3459555 0.5284048 0
vt 0.2962271 0.5284048 0
vt 0.2962271 0.6835029 0
vt 0.3116982 0.6835029 0
vt 0.3116982 0.5284048 0
vt 0.3496345 0.6835029 0
vt 0.3503652 0.6835029 0
vt 0.3503652 0.5284048 0
vt 0.3496345 0.5284048 0
vt 0.3570168 0.6835029 0
vt 0.3577475 0.6835029 0
vt 0.3577475 0.5284048 0
vt 0.3570168 0.5284048 0
vt 0.3072884 0.6835029 0
vt 0.3080191 0.6835029 0
vt 0.3080191 0.5284048 0
vt 0.3072884 0.5284048 0
vt 0.2999062 0.6835029 0
vt 0.300637 0.6835029 0
vt 0.300637 0.5284048 0
vt 0.2999062 0.5284048 0
vt 0.1360488 0.6366559 0
vt 0.139834 0.6405141 0
vt 0.1356719 0.6407402 0
vt 0.1384524 0.6380426 0
vt 0.1373877 0.6390835 0
vt 0.1377438 0.6406705 0
vt 0.1357718 0.6387299 0
vt 0.1398295 0.6753585 0
vt 0.1360556 0.6792074 0
vt 0.1356747 0.6751365 0
vt 0.1384573 0.6778254 0
vt 0.1373918 0.6767863 0
vt 0.1357754 0.6771321 0
vt 0.1377515 0.6752041 0
vt 0.1277692 0.636724 0
vt 0.1281637 0.64074 0
vt 0.1240123 0.6405224 0
vt 0.1280595 0.6387374 0
vt 0.1264436 0.6391012 0
vt 0.1260907 0.6406762 0
vt 0.1253778 0.6380654 0
vt 0.1277719 0.6791608 0
vt 0.123999 0.675352 0
vt 0.1281664 0.675132 0
vt 0.1253775 0.6778147 0
vt 0.1264418 0.6767767 0
vt 0.1260895 0.6751973 0
vt 0.1280591 0.677149 0
vt 0.01015353 0.6367094 0
vt 0.01054786 0.6407382 0
vt 0.00639642 0.6405177 0
vt 0.01044282 0.6387207 0
vt 0.008828232 0.6390924 0
vt 0.00847479 0.6406721 0
vt 0.007761902 0.6380568 0
vt 0.01015653 0.6791552 0
vt 0.00638458 0.6753466 0
vt 0.01055171 0.6751267 0
vt 0.007762697 0.6778092 0
vt 0.008827012 0.6767711 0
vt 0.008474875 0.675192 0
vt 0.01044407 0.6771435 0
vt 0.01843563 0.6366606 0
vt 0.02222181 0.6405087 0
vt 0.01805491 0.6407316 0
vt 0.02083875 0.6380408 0
vt 0.01977462 0.6390823 0
vt 0.02013161 0.6406642 0
vt 0.01815712 0.6387362 0
vt 0.01843906 0.6792027 0
vt 0.01806068 0.6751313 0
vt 0.02221137 0.675354 0
vt 0.01815969 0.6771272 0
vt 0.01977497 0.6767819 0
vt 0.02013336 0.6751992 0
vt 0.02084063 0.6778209 0
vt 0.3669909 0.4323259 0
vt 0.3698692 0.4352647 0
vt 0.3667168 0.435406 0
vt 0.3688271 0.4333772 0
vt 0.3680229 0.4341587 0
vt 0.3682923 0.4353644 0
vt 0.3668021 0.4338661 0
vt 0.3698732 0.4735364 0
vt 0.3669921 0.476475 0
vt 0.3667169 0.473395 0
vt 0.3688278 0.4754238 0
vt 0.3680238 0.4746418 0
vt 0.3668029 0.4749349 0
vt 0.3682903 0.4734362 0
vt 0.3574357 0.4323018 0
vt 0.3577021 0.435402 0
vt 0.3545519 0.4352596 0
vt 0.3576204 0.4338735 0
vt 0.3564001 0.4341524 0
vt 0.3561284 0.4353595 0
vt 0.3555956 0.4333699 0
vt 0.3574363 0.4765001 0
vt 0.3545459 0.473542 0
vt 0.3577039 0.4734003 0
vt 0.3555953 0.4754322 0
vt 0.3563992 0.4746489 0
vt 0.3561283 0.473442 0
vt 0.3576209 0.4749285 0
vt 0.2783333 0.4321851 0
vt 0.2786093 0.435263 0
vt 0.2754593 0.4351213 0
vt 0.2785232 0.4337243 0
vt 0.2773038 0.4340167 0
vt 0.2770352 0.4352212 0
vt 0.2764997 0.4332359 0
vt 0.2783323 0.4763017 0
vt 0.2754531 0.4733643 0
vt 0.2786071 0.4732238 0
vt 0.2764978 0.4752509 0
vt 0.2773013 0.4744696 0
vt 0.277035 0.4732646 0
vt 0.2785215 0.4747624 0
vt 0.2878805 0.4321585 0
vt 0.2907639 0.4351144 0
vt 0.2876158 0.4352566 0
vt 0.2897202 0.4332255 0
vt 0.2889168 0.4340077 0
vt 0.2891883 0.4352142 0
vt 0.2876971 0.4337294 0
vt 0.2878826 0.4763269 0
vt 0.2876157 0.4732293 0
vt 0.2907716 0.473371 0
vt 0.2876985 0.4747562 0
vt 0.2889193 0.4744771 0
vt 0.28919 0.4732711 0
vt 0.2897225 0.4752599 0
vt 0.3575468 0.4822919 0
vt 0.3546554 0.4852647 0
vt 0.3578129 0.4854081 0
vt 0.3557009 0.4833678 0
vt 0.3565081 0.4841515 0
vt 0.3562361 0.4853648 0
vt 0.3577315 0.4838667 0
vt 0.3546497 0.5236382 0
vt 0.3575472 0.5266103 0
vt 0.357815 0.5234944 0
vt 0.3557011 0.5255351 0
vt 0.3565077 0.5247502 0
vt 0.3577321 0.5250356 0
vt 0.3562363 0.5235374 0
vt 0.3671248 0.4823306 0
vt 0.3668484 0.4854092 0
vt 0.3700144 0.4852686 0
vt 0.3669351 0.4838752 0
vt 0.3681594 0.4841635 0
vt 0.3684278 0.4853688 0
vt 0.3689648 0.4833792 0
vt 0.3671257 0.5265728 0
vt 0.3700093 0.5236338 0
vt 0.3668509 0.5234939 0
vt 0.3689656 0.5255234 0
vt 0.3681595 0.5247403 0
vt 0.3684286 0.5235344 0
vt 0.3669361 0.5250281 0
vt 0.2872702 0.4823241 0
vt 0.2869935 0.4854115 0
vt 0.290159 0.4852695 0
vt 0.2870804 0.483868 0
vt 0.2883044 0.4841619 0
vt 0.2885724 0.48537 0
vt 0.2891101 0.4833776 0
vt 0.2872715 0.5265792 0
vt 0.2901546 0.5236329 0
vt 0.2869968 0.5234916 0
vt 0.2891114 0.5255249 0
vt 0.288305 0.5247419 0
vt 0.2885739 0.5235332 0
vt 0.2870819 0.5250353 0
vt 0.2776921 0.4822982 0
vt 0.2748006 0.4852636 0
vt 0.2779588 0.4854059 0
vt 0.275847 0.4833691 0
vt 0.2766536 0.4841532 0
vt 0.2763813 0.4853635 0
vt 0.2778769 0.4838738 0
vt 0.2776921 0.526604 0
vt 0.2779602 0.5234967 0
vt 0.2747942 0.5236392 0
vt 0.277877 0.5250285 0
vt 0.2766525 0.5247485 0
vt 0.2763808 0.5235387 0
vt 0.2758467 0.5255339 0
vt 0.3655706 0.7402614 0
vt 0.3655706 0.7399688 0
vt 0.3658632 0.7402614 0
vt 0.3655706 0.7032167 0
vt 0.3658632 0.702924 0
vt 0.3658632 0.7032167 0
vt 0.3655706 0.7420494 0
vt 0.3658632 0.7420494 0
vt 0.3655706 0.742342 0
vt 0.3676511 0.702924 0
vt 0.3679438 0.7032167 0
vt 0.3676511 0.7032167 0
vt 0.3187867 0.7402614 0
vt 0.318494 0.7402614 0
vt 0.3187867 0.7399688 0
vt 0.318494 0.702924 0
vt 0.3187867 0.7032167 0
vt 0.318494 0.7032167 0
vt 0.3187867 0.7420494 0
vt 0.3164134 0.7399688 0
vt 0.318494 0.7420494 0
vt 0.316706 0.702924 0
vt 0.316706 0.7032167 0
vt 0.3187867 0.7008434 0
vt 0.1188588 0.4462611 0
vt 0.1057707 0.4462611 0
vt 0.1159205 0.4462611 0
vt 0.1162342 0.4462611 0
vt 0.1057707 0.4258773 0
vt 0.105457 0.4258773 0
vt 0.1162342 0.4258773 0
vt 0.1159205 0.4258773 0
vt 0.1092197 0.4462611 0
vt 0.1095331 0.4462611 0
vt 0.1121578 0.4462611 0
vt 0.1124715 0.4462611 0
vt 0.1095331 0.4258773 0
vt 0.1092197 0.4258773 0
vt 0.1124715 0.4258773 0
vt 0.1121578 0.4258773 0
vt 0.1052554 0.4462611 0
vt 0.1049417 0.4462611 0
vt 0.09479184 0.4462611 0
vt 0.09447844 0.4462611 0
vt 0.1049417 0.4258773 0
vt 0.09185377 0.4258773 0
vt 0.09447844 0.4258773 0
vt 0.09479184 0.4258773 0
vt 0.1014926 0.4462611 0
vt 0.1011791 0.4462611 0
vt 0.09855459 0.4462611 0
vt 0.09824088 0.4462611 0
vt 0.1011791 0.4258773 0
vt 0.1014926 0.4258773 0
vt 0.09824088 0.4258773 0
vt 0.09855459 0.4258773 0
vt 0.1321877 0.425876 0
vt 0.1190977 0.425876 0
vt 0.1292491 0.425876 0
vt 0.1295626 0.425876 0
vt 0.1325014 0.4462624 0
vt 0.1321877 0.4462624 0
vt 0.1295626 0.4462624 0
vt 0.1292491 0.4462624 0
vt 0.1225472 0.425876 0
vt 0.1228609 0.425876 0
vt 0.1254858 0.425876 0
vt 0.1257994 0.425876 0
vt 0.1228609 0.4462624 0
vt 0.1225472 0.4462624 0
vt 0.1257994 0.4462624 0
vt 0.1254858 0.4462624 0
vt 0.07841475 0.425876 0
vt 0.07810113 0.425876 0
vt 0.0813534 0.425876 0
vt 0.08103964 0.425876 0
vt 0.09150459 0.4462624 0
vt 0.07841475 0.4462624 0
vt 0.08103964 0.4462624 0
vt 0.0813534 0.4462624 0
vt 0.0880551 0.425876 0
vt 0.08774131 0.425876 0
vt 0.0851165 0.425876 0
vt 0.0848029 0.425876 0
vt 0.08774131 0.4462624 0
vt 0.0880551 0.4462624 0
vt 0.0848029 0.4462624 0
vt 0.0851165 0.4462624 0
vt 0.4708133 0.9582864 0
vt 0.2909938 0.9596449 0
vt 0.2578125 0.9443928 0
vt 0.503797 0.9469514 0
vt 0.4756795 0.924754 0
vt 0.2880915 0.925626 0
vt 0.4469805 0.9188564 0
vt 0.4149366 0.9158441 0
vt 0.3811673 0.9151936 0
vt 0.3475521 0.9168148 0
vt 0.3160472 0.9204228 0
vt 0.2765191 0.9558079 0
vt 0.4852274 0.955975 0
vt 0.30565 0.9618201 0
vt 0.4569418 0.9599432 0
vt 0.3281853 0.9634674 0
vt 0.3541364 0.9643794 0
vt 0.3818062 0.9644548 0
vt 0.4093776 0.9636734 0
vt 0.4349968 0.9621007 0
vt 0.9630008 0.9208266 0
vt 0.7831813 0.9221851 0
vt 0.75 0.906933 0
vt 0.9959845 0.9094916 0
vt 0.967867 0.8872942 0
vt 0.780279 0.8881663 0
vt 0.939168 0.8813966 0
vt 0.9071241 0.8783843 0
vt 0.8733548 0.8777338 0
vt 0.8397396 0.879355 0
vt 0.8082347 0.8829631 0
vt 0.7687066 0.9183481 0
vt 0.9774149 0.9185152 0
vt 0.7978375 0.9243603 0
vt 0.9491293 0.9224834 0
vt 0.8203728 0.9260076 0
vt 0.8463239 0.9269196 0
vt 0.8739937 0.926995 0
vt 0.9015651 0.9262136 0
vt 0.9271843 0.9246409 0
vt 0.4708134 0.9012142 0
vt 0.2909938 0.9025725 0
vt 0.2578125 0.8873203 0
vt 0.5037972 0.8898781 0
vt 0.4756794 0.8676819 0
vt 0.2880915 0.8685536 0
vt 0.4469805 0.8617842 0
vt 0.4149366 0.8587719 0
vt 0.3811673 0.8581214 0
vt 0.3475522 0.8597425 0
vt 0.3160472 0.8633505 0
vt 0.2765191 0.8987354 0
vt 0.4852277 0.8989027 0
vt 0.30565 0.9047477 0
vt 0.4569418 0.902871 0
vt 0.3281853 0.906395 0
vt 0.3541364 0.9073071 0
vt 0.3818062 0.9073825 0
vt 0.4093776 0.9066012 0
vt 0.4349968 0.9050285 0
vt 0.2169072 0.9582386 0
vt 0.03708754 0.9595969 0
vt 0.00390625 0.9443447 0
vt 0.2498909 0.9469025 0
vt 0.2217731 0.9247063 0
vt 0.03418525 0.925578 0
vt 0.1930743 0.9188086 0
vt 0.1610304 0.9157963 0
vt 0.1272611 0.9151458 0
vt 0.09364592 0.9167669 0
vt 0.06214095 0.9203749 0
vt 0.0226128 0.9557598 0
vt 0.2313215 0.9559271 0
vt 0.05174378 0.9617721 0
vt 0.2030355 0.9598954 0
vt 0.07427904 0.9634194 0
vt 0.1002301 0.9643315 0
vt 0.1278999 0.9644069 0
vt 0.1554714 0.9636256 0
vt 0.1810906 0.9620529 0
vt 0.2169072 0.9011663 0
vt 0.03708754 0.9025246 0
vt 0.00390625 0.8872724 0
vt 0.2498909 0.8898302 0
vt 0.2217731 0.867634 0
vt 0.03418525 0.8685058 0
vt 0.1930743 0.8617363 0
vt 0.1610304 0.858724 0
vt 0.1272611 0.8580735 0
vt 0.09364592 0.8596946 0
vt 0.06214095 0.8633026 0
vt 0.0226128 0.8986876 0
vt 0.2313215 0.8988548 0
vt 0.05174378 0.9046998 0
vt 0.2030355 0.9028231 0
vt 0.07427904 0.9063472 0
vt 0.1002301 0.9072592 0
vt 0.1278999 0.9073346 0
vt 0.1554714 0.9065533 0
vt 0.1810906 0.9049806 0
vt 0.5447023 0.9214091 0
vt 0.7245222 0.9200505 0
vt 0.7577029 0.9353028 0
vt 0.5117188 0.9327443 0
vt 0.5398363 0.9549415 0
vt 0.7274243 0.9540695 0
vt 0.5685353 0.960839 0
vt 0.6005792 0.9638512 0
vt 0.6343484 0.9645016 0
vt 0.6679636 0.9628805 0
vt 0.6994685 0.9592725 0
vt 0.7389968 0.9238878 0
vt 0.5302882 0.9237206 0
vt 0.7098659 0.9178753 0
vt 0.5585739 0.9197522 0
vt 0.6873305 0.9162279 0
vt 0.6613794 0.9153159 0
vt 0.6337096 0.9152405 0
vt 0.6061381 0.9160219 0
vt 0.5805188 0.9175946 0
vt 0.5447024 0.8643384 0
vt 0.7245221 0.8629799 0
vt 0.7577033 0.8782323 0
vt 0.5117188 0.8756737 0
vt 0.5398364 0.8978709 0
vt 0.7274242 0.8969988 0
vt 0.5685353 0.9037684 0
vt 0.6005792 0.9067805 0
vt 0.6343485 0.907431 0
vt 0.6679636 0.9058098 0
vt 0.6994686 0.9022019 0
vt 0.7389968 0.866817 0
vt 0.5302882 0.8666499 0
vt 0.7098658 0.8608047 0
vt 0.558574 0.8626815 0
vt 0.6873305 0.8591573 0
vt 0.6613794 0.8582452 0
vt 0.6337096 0.8581698 0
vt 0.6061381 0.8589512 0
vt 0.5805189 0.8605239 0
vt 0.7829836 0.9498954 0
vt 0.9628032 0.9485369 0
vt 0.995984 0.9637887 0
vt 0.75 0.9612304 0
vt 0.7781175 0.9834278 0
vt 0.9657056 0.9825558 0
vt 0.8068164 0.9893254 0
vt 0.8388603 0.9923377 0
vt 0.8726296 0.9929882 0
vt 0.9062448 0.9913671 0
vt 0.9377498 0.987759 0
vt 0.9772778 0.952374 0
vt 0.7685695 0.9522068 0
vt 0.9481469 0.9463618 0
vt 0.7968552 0.9482387 0
vt 0.9256116 0.9447145 0
vt 0.8996606 0.9438025 0
vt 0.8719907 0.9437271 0
vt 0.8444193 0.9445085 0
vt 0.8188001 0.9460811 0
vt 0.2691863 0.9319864 0
vt 0.2689477 0.9321668 0
vt 0.4950034 0.9339552 0
vt 0.4947755 0.9337538 0
vt 0.2757295 0.9425879 0
vt 0.2757321 0.9427666 0
vt 0.2755665 0.9426926 0
vt 0.4868139 0.9428051 0
vt 0.486954 0.9429347 0
vt 0.4867964 0.9429944 0
vt 0.2689371 0.9538402 0
vt 0.2691574 0.9539332 0
vt 0.4927804 0.9549559 0
vt 0.4930166 0.9549004 0
vt 0.291911 0.9386129 0
vt 0.2918019 0.9384197 0
vt 0.4711593 0.9375288 0
vt 0.4710513 0.9377176 0
vt 0.3181122 0.9338309 0
vt 0.3180633 0.9336309 0
vt 0.3485965 0.9303264 0
vt 0.3485719 0.9301258 0
vt 0.3812813 0.9287493 0
vt 0.381279 0.9285476 0
vt 0.4140264 0.9293932 0
vt 0.4140489 0.9291919 0
vt 0.4446951 0.9323155 0
vt 0.4447531 0.9321173 0
vt 0.7613738 0.8945267 0
vt 0.7611352 0.894707 0
vt 0.9871909 0.8964955 0
vt 0.986963 0.896294 0
vt 0.767917 0.9051281 0
vt 0.7679196 0.9053068 0
vt 0.767754 0.9052328 0
vt 0.9790014 0.9053453 0
vt 0.9791415 0.9054749 0
vt 0.9789839 0.9055346 0
vt 0.7611246 0.9163804 0
vt 0.7613449 0.9164734 0
vt 0.9849679 0.9174961 0
vt 0.9852041 0.9174406 0
vt 0.7840985 0.9011531 0
vt 0.7839894 0.9009599 0
vt 0.9633468 0.900069 0
vt 0.9632388 0.9002579 0
vt 0.8102997 0.8963711 0
vt 0.8102508 0.8961711 0
vt 0.840784 0.8928666 0
vt 0.8407594 0.892666 0
vt 0.8734688 0.8912895 0
vt 0.8734665 0.8910878 0
vt 0.9062139 0.8919334 0
vt 0.9062364 0.8917321 0
vt 0.9368826 0.8948558 0
vt 0.9369406 0.8946575 0
vt 0.2691864 0.874914 0
vt 0.2689477 0.8750943 0
vt 0.495003 0.8768821 0
vt 0.4947752 0.8766811 0
vt 0.2757295 0.8855154 0
vt 0.2757321 0.8856941 0
vt 0.2755665 0.8856202 0
vt 0.4868141 0.8857328 0
vt 0.4869542 0.8858626 0
vt 0.4867966 0.8859221 0
vt 0.2689371 0.8967678 0
vt 0.2691574 0.8968607 0
vt 0.4927809 0.8978834 0
vt 0.4930171 0.8978278 0
vt 0.291911 0.8815405 0
vt 0.2918019 0.8813473 0
vt 0.4711593 0.8804566 0
vt 0.4710513 0.8806454 0
vt 0.3181123 0.8767585 0
vt 0.3180633 0.8765585 0
vt 0.3485966 0.8732541 0
vt 0.3485719 0.8730534 0
vt 0.3812813 0.871677 0
vt 0.381279 0.8714754 0
vt 0.4140265 0.872321 0
vt 0.414049 0.8721196 0
vt 0.4446951 0.8752434 0
vt 0.4447531 0.8750451 0
vt 0.01528011 0.9319384 0
vt 0.01504145 0.9321187 0
vt 0.2410967 0.9339065 0
vt 0.240869 0.9337055 0
vt 0.02182324 0.9425398 0
vt 0.02182589 0.9427185 0
vt 0.02166027 0.9426446 0
vt 0.2329078 0.9427572 0
vt 0.233048 0.942887 0
vt 0.2328903 0.9429465 0
vt 0.01503084 0.9537922 0
vt 0.01525116 0.9538851 0
vt 0.2388747 0.9549078 0
vt 0.2391109 0.9548522 0
vt 0.03800478 0.9385649 0
vt 0.03789564 0.9383717 0
vt 0.217253 0.937481 0
vt 0.2171451 0.9376698 0
vt 0.06420601 0.9337829 0
vt 0.06415702 0.9335829 0
vt 0.09469031 0.9302785 0
vt 0.09466567 0.9300778 0
vt 0.1273751 0.9287014 0
vt 0.1273728 0.9284998 0
vt 0.1601202 0.9293454 0
vt 0.1601427 0.929144 0
vt 0.1907889 0.9322678 0
vt 0.1908469 0.9320695 0
vt 0.01528011 0.8748661 0
vt 0.01504145 0.8750465 0
vt 0.2410967 0.8768343 0
vt 0.240869 0.8766332 0
vt 0.02182324 0.8854676 0
vt 0.02182589 0.8856463 0
vt 0.02166027 0.8855723 0
vt 0.2329078 0.8856849 0
vt 0.233048 0.8858147 0
vt 0.2328903 0.8858742 0
vt 0.01503084 0.8967199 0
vt 0.01525116 0.8968129 0
vt 0.2388747 0.8978355 0
vt 0.2391109 0.89778 0
vt 0.03800478 0.8814926 0
vt 0.03789564 0.8812994 0
vt 0.217253 0.8804087 0
vt 0.2171451 0.8805976 0
vt 0.06420601 0.8767106 0
vt 0.06415702 0.8765106 0
vt 0.09469031 0.8732062 0
vt 0.09466567 0.8730056 0
vt 0.1273751 0.8716291 0
vt 0.1273728 0.8714275 0
vt 0.1601202 0.8722731 0
vt 0.1601427 0.8720717 0
vt 0.1907889 0.8751955 0
vt 0.1908469 0.8749972 0
vt 0.7463296 0.947709 0
vt 0.7465682 0.9475286 0
vt 0.5205125 0.9457404 0
vt 0.5207404 0.9459419 0
vt 0.7397859 0.9371078 0
vt 0.7397832 0.9369291 0
vt 0.7399489 0.9370031 0
vt 0.5287018 0.9368905 0
vt 0.5285618 0.9367609 0
vt 0.5287193 0.9367012 0
vt 0.7465787 0.9258555 0
vt 0.7463584 0.9257626 0
vt 0.5227352 0.9247398 0
vt 0.522499 0.9247953 0
vt 0.7236046 0.9410826 0
vt 0.7237137 0.9412759 0
vt 0.5443565 0.9421667 0
vt 0.5444644 0.9419778 0
vt 0.6974035 0.9458645 0
vt 0.6974525 0.9460645 0
vt 0.6669192 0.9493689 0
vt 0.6669438 0.9495696 0
vt 0.6342345 0.950946 0
vt 0.6342367 0.9511477 0
vt 0.6014893 0.9503021 0
vt 0.6014668 0.9505035 0
vt 0.5708206 0.9473798 0
vt 0.5707626 0.9475781 0
vt 0.7463294 0.8906385 0
vt 0.746568 0.8904582 0
vt 0.5205125 0.8886697 0
vt 0.5207404 0.8888712 0
vt 0.7397863 0.880037 0
vt 0.7397836 0.8798583 0
vt 0.7399492 0.8799323 0
vt 0.5287018 0.8798198 0
vt 0.5285618 0.8796902 0
vt 0.5287194 0.8796305 0
vt 0.7465788 0.8687848 0
vt 0.7463585 0.8686918 0
vt 0.5227353 0.8676691 0
vt 0.522499 0.8677246 0
vt 0.7236047 0.8840119 0
vt 0.7237139 0.8842052 0
vt 0.5443565 0.885096 0
vt 0.5444645 0.8849071 0
vt 0.6974035 0.8887938 0
vt 0.6974525 0.8889938 0
vt 0.6669192 0.8922982 0
vt 0.6669439 0.8924989 0
vt 0.6342345 0.8938753 0
vt 0.6342367 0.894077 0
vt 0.6014893 0.8932314 0
vt 0.6014668 0.8934328 0
vt 0.5708207 0.8903091 0
vt 0.5707627 0.8905074 0
vt 0.9846109 0.9761952 0
vt 0.9848494 0.9760148 0
vt 0.7587936 0.9742266 0
vt 0.7590215 0.974428 0
vt 0.9780671 0.965594 0
vt 0.9780645 0.9654154 0
vt 0.9782301 0.9654894 0
vt 0.766983 0.9653767 0
vt 0.7668429 0.9652472 0
vt 0.7670005 0.9651875 0
vt 0.9848597 0.9543416 0
vt 0.9846394 0.9542487 0
vt 0.7610166 0.953226 0
vt 0.7607804 0.9532815 0
vt 0.9618858 0.969569 0
vt 0.9619949 0.9697622 0
vt 0.7826377 0.970653 0
vt 0.7827456 0.9704642 0
vt 0.9356847 0.974351 0
vt 0.9357337 0.974551 0
vt 0.9052004 0.9778555 0
vt 0.905225 0.9780561 0
vt 0.8725156 0.9794326 0
vt 0.8725179 0.9796342 0
vt 0.8397705 0.9787886 0
vt 0.839748 0.97899 0
vt 0.8091018 0.9758663 0
vt 0.8090438 0.9760645 0
vt 0.4301335 0.4273144 0
vt 0.9112892 0.4384665 0
vt 0.4301335 0.4374599 0
vt 0.9112892 0.448612 0
vt 0.6630976 0.4273144 0
vt 0.6628473 0.4273144 0
vt 0.6785755 0.4384665 0
vt 0.6783252 0.4384665 0
vt 0.6628473 0.4374599 0
vt 0.6630976 0.4374599 0
vt 0.6783252 0.448612 0
vt 0.6785755 0.448612 0
vt 0.4385217 0.4384665 0
vt 0.9194272 0.4273144 0
vt 0.9031513 0.4273144 0
vt 0.9029011 0.4273144 0
vt 0.47725 0.4384665 0
vt 0.4769998 0.4384665 0
vt 0.864423 0.4273144 0
vt 0.8641728 0.4273144 0
vt 0.8641728 0.4374599 0
vt 0.864423 0.4374599 0
vt 0.4769998 0.448612 0
vt 0.47725 0.448612 0
vt 0.9194272 0.4374599 0
vt 0.9196774 0.4374599 0
vt 0.9029011 0.4374599 0
vt 0.9031513 0.4374599 0
vt 0.3102187 0.8338491 0
vt 0.1660713 0.8338491 0
vt 0.4532194 0.7424659 0
vt 0.5969066 0.7424659 0
vt 0.1657255 0.7424659 0
vt 0.453906 0.8338491 0
vt 0.02272481 0.8338491 0
vt 0.3090719 0.7424659 0
vt 0.1382946 0.4419096 0
vt 0.1379081 0.4419096 0
vt 0.1379081 0.4507761 0
vt 0.1382946 0.4507761 0
vt 0.7868587 0.8332238 0
vt 0.6289487 0.8166599 0
vt 0.9712824 0.7073706 0
vt 0.7565337 0.7207131 0
vt 0.7504725 0.8104964 0
vt 0.6350763 0.810511 0
vt 0.6350292 0.7269257 0
vt 0.7504118 0.7268632 0
vt 0.2913379 0.5274314 0
vt 0.9196774 0.4273144 0
vt 0.9625807 0.8342545 0
vt 0.3535956 0.4814707 0
vt 0.1425346 0.4465361 0
vt 0.1336681 0.4465361 0
vt 0.1336681 0.4461497 0
vt 0.1425346 0.4461497 0
vt 0.9318316 0.8111683 0
vt 0.8248394 0.8111488 0
vt 0.9318864 0.7336717 0
vt 0.8249061 0.7336053 0
vt 0.5980578 0.8329806 0
vt 0.9375687 0.727976 0
vt 0.7832491 0.7046843 0
vt 0.8191573 0.8168427 0
vt 0.09185377 0.4462611 0
vt 0.105457 0.4462611 0
vt 0.1052554 0.4258773 0
vt 0.1188588 0.4258773 0
vt 0.09150459 0.425876 0
vt 0.1325014 0.425876 0
vt 0.07810113 0.4462624 0
vt 0.1190977 0.4462624 0
vt 0.0077708 0.5983364 0
vt 0.007771174 0.6253703 0
vt 0.04218423 0.62537 0
vt 0.04218388 0.5983362 0
vt 0.3655706 0.701136 0
vt 0.3655706 0.7008434 0
vt 0.3658632 0.7399688 0
vt 0.3655706 0.702924 0
vt 0.3676511 0.7399688 0
vt 0.3679438 0.7399688 0
vt 0.316706 0.7399688 0
vt 0.318494 0.7399688 0
vt 0.3187867 0.702924 0
vt 0.3187867 0.701136 0
vt 0.3164134 0.7032167 0
vt 0.3187867 0.742342 0
vt 0.2107862 0.6815943 0
vt 0.2759974 0.6815943 0
vt 0.1628561 0.6815943 0
vt 0.1653652 0.6815943 0
vt 0.2661023 0.6815943 0
vt 0.2686113 0.6815943 0
vt 0.205768 0.6815943 0
vt 0.208277 0.6815943 0
vt 0.2181722 0.6815943 0
vt 0.2231903 0.6815943 0
vt 0.2635931 0.6815943 0
vt 0.2206814 0.6815943 0
vt 0.1628561 0.6334967 0
vt 0.205768 0.6334967 0
vt 0.160347 0.6334967 0
vt 0.208277 0.6334967 0
vt 0.1653652 0.6334967 0
vt 0.2107862 0.6334967 0
vt 0.2181722 0.6334967 0
vt 0.2206814 0.6334967 0
vt 0.2231903 0.6334967 0
vt 0.2635931 0.6334967 0
vt 0.2661023 0.6334967 0
vt 0.2686113 0.6334967 0
vt 0.160347 0.6815943 0
vt 0.2759974 0.6334967 0
vt 0.08498238 0.6353311 0
vt 0.03887432 0.6353311 0
vt 0.02714532 0.6353311 0
vt 0.02505171 0.6353311 0
vt 0.0367807 0.6353311 0
vt 0.03468702 0.6353311 0
vt 0.02295804 0.6353311 0
vt 0.08916969 0.6353311 0
vt 0.07744065 0.6353311 0
vt 0.07534693 0.6353311 0
vt 0.07325327 0.6353311 0
vt 0.08707597 0.6353311 0
vt 0.07325327 0.6805322 0
vt 0.02505171 0.6805322 0
vt 0.07744065 0.6805322 0
vt 0.08916969 0.6805322 0
vt 0.02714532 0.6805322 0
vt 0.08707597 0.6805322 0
vt 0.07534693 0.6805322 0
vt 0.1235486 0.6805322 0
vt 0.08498238 0.6805322 0
vt 0.03887432 0.6805322 0
vt 0.0367807 0.6805322 0
vt 0.03468702 0.6805322 0
vt 0.02295804 0.6805322 0
vt 0.1235486 0.6353311 0
vt 0.2913379 0.4814707 0
vt 0.3206158 0.4314206 0
vt 0.3243178 0.4814707 0
vt 0.346476 0.4314206 0
vt 0.3455505 0.4314206 0
vt 0.3153473 0.4773813 0
vt 0.344625 0.4314206 0
vt 0.3224668 0.4314206 0
vt 0.3215413 0.4314206 0
vt 0.3153473 0.4314206 0
vt 0.3535956 0.5274314 0
vt 0.3206158 0.4773813 0
vt 0.3144218 0.4773813 0
vt 0.3224668 0.4773813 0
vt 0.3233922 0.5274314 0
vt 0.344625 0.4773813 0
vt 0.3215413 0.4773813 0
vt 0.2931889 0.5274314 0
vt 0.3455505 0.4773813 0
vt 0.3224668 0.5274314 0
vt 0.346476 0.4773813 0
vt 0.3517445 0.4773813 0
vt 0.3314374 0.5274314 0
vt 0.3535955 0.4773813 0
vt 0.3134962 0.4773813 0
vt 0.3003085 0.5274314 0
vt 0.3134962 0.4314206 0
vt 0.3305118 0.4814707 0
vt 0.291338 0.4314206 0
vt 0.2984574 0.5274314 0
vt 0.35267 0.4314206 0
vt 0.3314374 0.4814707 0
vt 0.3517445 0.4314206 0
vt 0.35267 0.4773813 0
vt 0.3144218 0.4314206 0
vt 0.299383 0.4814707 0
vt 0.2984574 0.4814707 0
vt 0.299383 0.5274314 0
vt 0.2922634 0.5274314 0
vt 0.2931889 0.4814707 0
vt 0.2922634 0.4814707 0
vt 0.3305118 0.5274314 0
vt 0.3295864 0.4814707 0
vt 0.3295864 0.5274314 0
vt 0.3243178 0.5274314 0
vt 0.3224668 0.4814707 0
vt 0.3003085 0.4814707 0
vt 0.3233922 0.4814707 0
vt 0.3535955 0.4314206 0
vt 0.291338 0.4773813 0
#end 1296 textures vertices 

#begin 410 normals 
vn 1 -0 -0
vn -0 -0 1
vn -0 -1 -0
vn -0 1 -0
vn -0 -0 -1
vn 0.7071 -0 0.7071
vn 0.7071 -0 -0.7071
vn 0.7071 -0.7071 -0
vn 0.7071 0.7071 -0
vn 0.6666 -0 -0.7454
vn 0.6666 -0 0.7454
vn 0.6076 -0.4035 0.6841
vn 0.6076 -0.4035 -0.6841
vn 0.5042 -0.6499 0.5687
vn 0.5042 -0.6499 -0.5687
vn 0.6651 -0 0.7467
vn 0.6651 -0 -0.7467
vn 1 -0 -0
vn -0 -0 1
vn 0.833 -0.5533 -0
vn -0 -0 -1
vn 0.613 -0.7901 -0
vn 0.7071 -0 0.7071
vn 0.7071 -0 -0.7071
vn -0 -0 -1
vn 1 -0 -0
vn -0 -0 1
vn 0.3015 -0.3015 -0.9045
vn 0.5774 -0.5773 -0.5774
vn 0.5774 -0.5773 0.5774
vn 0.3015 -0.3015 0.9045
vn 0.7071 -0 -0.7071
vn -0 -0.7071 -0.7071
vn 0.7071 -0 0.7071
vn 0.7071 -0.7071 -0
vn -0 -0.7071 0.7071
vn -0 -0 -1
vn -0 -1 -0
vn 1 -0 -0
vn -0 -0 1
vn 0.7071 -0 0.7071
vn 0.7071 -0 -0.7071
vn -0 -0 1
vn 1 -0 -0
vn -0 -0 -1
vn 0.5774 0.5774 0.5773
vn 0.5774 0.5774 -0.5773
vn -0 0.7071 -0.7071
vn 0.7071 -0 0.7071
vn 0.7071 -0 -0.7071
vn 0.7071 0.7071 -0
vn -0 0.7071 0.7071
vn -0 -0 -1
vn -0 1 -0
vn -0 -0 1
vn 1 -0 -0
vn -1 -0 -0
vn -0 -0 1
vn -0 1 -0
vn -0 -1 -0
vn -0 -0 -1
vn 1 -0 -0
vn -0.7071 -0 0.7071
vn -0 -0.7071 0.7071
vn 0.7071 -0 0.7071
vn -0 0.7071 0.7071
vn -0.7071 -0 -0.7071
vn -0 -0.7071 -0.7071
vn 0.7071 -0 -0.7071
vn -0 0.7071 -0.7071
vn -0 -0 -1
vn 0.4339 -0 -0.901
vn 0.7818 -0 -0.6235
vn 0.9749 -0 -0.2225
vn 0.9749 -0 0.2225
vn 0.7818 -0 0.6235
vn 0.4339 -0 0.901
vn -0 -0 1
vn -0.4339 -0 0.901
vn -0.7818 -0 0.6235
vn -0.9749 -0 0.2225
vn -0.9749 -0 -0.2225
vn -0.7818 -0 -0.6235
vn -0.4339 -0 -0.901
vn -0 -0 -1
vn 0.4339 -0 -0.901
vn 0.7818 -0 -0.6235
vn 0.9749 -0 -0.2225
vn 0.9749 -0 0.2225
vn 0.7818 -0 0.6235
vn 0.4339 -0 0.901
vn -0 -0 1
vn -0.4339 -0 0.901
vn -0.7818 -0 0.6235
vn -0.9749 -0 0.2225
vn -0.9749 -0 -0.2225
vn -0.7818 -0 -0.6235
vn -0.4339 -0 -0.901
vn 0.9066 -0.2984 -0.2984
vn 0.9066 -0.2984 0.2984
vn 0.5916 0.5701 -0.5701
vn 0.5916 0.5701 0.5701
vn 0.5773 -0.5774 0.5774
vn 0.5773 -0.5774 -0.5774
vn -0 0.7071 -0.7071
vn 0.6876 -0 -0.7261
vn 0.7071 -0 0.7071
vn 0.7374 0.6754 -0
vn 0.6876 -0 0.7261
vn -0 0.7071 0.7071
vn 0.7374 -0.6754 -0
vn 0.7071 -0.7071 -0
vn 0.7071 -0 -0.7071
vn -0 -0.7071 -0.7071
vn -0 -0.7071 0.7071
vn -0 -0 1
vn -0 1 -0
vn -0 -0 -1
vn 1 -0 -0
vn -0 -1 -0
vn 0.5917 0.57 0.5701
vn 0.5917 0.57 -0.5701
vn 0.5774 -0.5774 -0.5773
vn 0.5774 -0.5773 0.5774
vn -0.487 -0.1794 -0.8548
vn -0.2283 -0.9673 -0.1105
vn -0.9726 -0.1794 0.1481
vn -0.3917 -0.6965 -0.6012
vn -0.7349 -0.5774 -0.3558
vn -0.7145 -0.6965 0.0657
vn -0.8866 -0.1726 -0.4292
vn -0.1105 -0.9673 0.2283
vn 0.1481 -0.1794 0.9726
vn -0.8548 -0.1794 0.487
vn 0.0657 -0.6965 0.7145
vn -0.3558 -0.5774 0.7349
vn -0.4292 -0.1726 0.8866
vn -0.6012 -0.6965 0.3917
vn -0.487 0.1794 -0.8548
vn -0.9726 0.1794 0.1481
vn -0.2283 0.9673 -0.1105
vn -0.8866 0.1726 -0.4292
vn -0.7349 0.5774 -0.3558
vn -0.7145 0.6965 0.0657
vn -0.3917 0.6965 -0.6012
vn 0.1481 0.1794 0.9726
vn -0.1105 0.9673 0.2283
vn -0.8548 0.1794 0.487
vn 0.0657 0.6965 0.7145
vn -0.3558 0.5774 0.7349
vn -0.6012 0.6965 0.3917
vn -0.4292 0.1726 0.8866
vn -0.1481 -0.1794 -0.9726
vn 0.8548 -0.1794 -0.487
vn 0.1105 -0.9673 -0.2283
vn 0.4292 -0.1726 -0.8866
vn 0.3558 -0.5774 -0.7349
vn 0.6012 -0.6965 -0.3917
vn -0.0657 -0.6965 -0.7145
vn 0.487 -0.1794 0.8548
vn 0.2283 -0.9673 0.1105
vn 0.9726 -0.1794 -0.1481
vn 0.3917 -0.6965 0.6012
vn 0.7349 -0.5774 0.3558
vn 0.7145 -0.6965 -0.0657
vn 0.8866 -0.1726 0.4292
vn -0.1481 0.1794 -0.9726
vn 0.1105 0.9673 -0.2283
vn 0.8548 0.1794 -0.487
vn -0.0657 0.6965 -0.7145
vn 0.3558 0.5774 -0.7349
vn 0.6012 0.6965 -0.3917
vn 0.4292 0.1726 -0.8866
vn 0.487 0.1794 0.8548
vn 0.9726 0.1794 -0.1481
vn 0.2283 0.9673 0.1105
vn 0.8866 0.1726 0.4292
vn 0.7349 0.5774 0.3558
vn 0.7145 0.6965 -0.0657
vn 0.3917 0.6965 0.6012
vn 0.7071 -0 0.7071
vn 0.7071 -0 -0.7071
vn -0 -0 1
vn 1 -0 -0
vn -0 -0 -1
vn -0.0458 -0.9089 0.4146
vn 0.1534 0.0257 0.9878
vn -0.8438 -0.1382 0.5185
vn 0.1082 -0.5365 0.837
vn -0.3205 -0.4447 0.8364
vn -0.4224 -0.024 0.9061
vn -0.5549 -0.6454 0.5249
vn 0.129 0.3766 0.9174
vn -0.1778 0.9834 0.0346
vn -0.8683 0.2127 0.4481
vn 0.0131 0.8261 0.5634
vn -0.3994 0.6848 0.6096
vn -0.65 0.7172 0.2513
vn -0.446 0.3136 0.8383
vn -0.161 -0.9834 0.0831
vn -0.959 -0.2127 0.1871
vn -0.4678 -0.3766 -0.7996
vn -0.6658 -0.7172 0.206
vn -0.6913 -0.6848 -0.2305
vn -0.8698 -0.3136 -0.381
vn -0.3391 -0.8261 -0.4501
vn -0.293 0.9089 -0.2968
vn -0.4923 -0.0257 -0.8701
vn -0.9835 0.1382 0.1166
vn -0.4342 0.5365 -0.7236
vn -0.7702 0.4447 -0.4573
vn -0.8933 0.024 -0.4487
vn -0.7609 0.6454 -0.0676
vn 0.293 -0.9089 0.2968
vn 0.9835 -0.1382 -0.1166
vn 0.4923 0.0257 0.8701
vn 0.7609 -0.6454 0.0676
vn 0.7702 -0.4447 0.4573
vn 0.8933 -0.024 0.4487
vn 0.4342 -0.5365 0.7236
vn 0.161 0.9834 -0.0831
vn 0.4678 0.3766 0.7996
vn 0.959 0.2127 -0.1871
vn 0.3391 0.8261 0.4501
vn 0.6913 0.6848 0.2305
vn 0.8698 0.3136 0.381
vn 0.6658 0.7172 -0.206
vn 0.1778 -0.9834 -0.0346
vn -0.129 -0.3766 -0.9174
vn 0.8683 -0.2127 -0.4481
vn -0.0131 -0.8261 -0.5634
vn 0.3994 -0.6848 -0.6096
vn 0.446 -0.3136 -0.8383
vn 0.65 -0.7172 -0.2513
vn 0.0458 0.9089 -0.4146
vn 0.8438 0.1382 -0.5185
vn -0.1534 -0.0257 -0.9878
vn 0.5549 0.6454 -0.5249
vn 0.3205 0.4447 -0.8364
vn 0.4224 0.024 -0.9061
vn -0.1082 0.5365 -0.837
vn 0.2283 -0.9673 0.1105
vn 0.9726 -0.1794 -0.1481
vn 0.487 -0.1794 0.8548
vn 0.7145 -0.6965 -0.0657
vn 0.7349 -0.5774 0.3558
vn 0.8866 -0.1726 0.4292
vn 0.3917 -0.6965 0.6012
vn 0.9726 0.1794 -0.1481
vn 0.2283 0.9673 0.1105
vn 0.487 0.1794 0.8548
vn 0.7145 0.6965 -0.0657
vn 0.7349 0.5774 0.3558
vn 0.3917 0.6965 0.6012
vn 0.8866 0.1726 0.4292
vn -0.1105 -0.9673 0.2283
vn 0.1481 -0.1794 0.9726
vn -0.8548 -0.1794 0.487
vn 0.0657 -0.6965 0.7145
vn -0.3558 -0.5773 0.7349
vn -0.4292 -0.1726 0.8866
vn -0.6012 -0.6965 0.3917
vn -0.1105 0.9673 0.2283
vn -0.8548 0.1794 0.487
vn 0.1481 0.1794 0.9726
vn -0.6012 0.6965 0.3917
vn -0.3558 0.5774 0.7349
vn -0.4292 0.1726 0.8866
vn 0.0657 0.6965 0.7145
vn 0.1105 -0.9673 -0.2283
vn -0.1481 -0.1794 -0.9726
vn 0.8548 -0.1794 -0.487
vn -0.0657 -0.6965 -0.7145
vn 0.3558 -0.5774 -0.7349
vn 0.4292 -0.1726 -0.8866
vn 0.6012 -0.6965 -0.3917
vn 0.1105 0.9673 -0.2283
vn 0.8548 0.1794 -0.487
vn -0.1481 0.1794 -0.9726
vn 0.6012 0.6965 -0.3917
vn 0.3558 0.5773 -0.7349
vn 0.4292 0.1726 -0.8866
vn -0.0657 0.6965 -0.7145
vn -0.2283 -0.9673 -0.1105
vn -0.9726 -0.1794 0.1481
vn -0.487 -0.1794 -0.8548
vn -0.7145 -0.6965 0.0657
vn -0.7349 -0.5774 -0.3558
vn -0.8866 -0.1726 -0.4292
vn -0.3917 -0.6965 -0.6012
vn -0.2283 0.9673 -0.1105
vn -0.487 0.1794 -0.8548
vn -0.9726 0.1794 0.1481
vn -0.3917 0.6965 -0.6012
vn -0.7349 0.5774 -0.3558
vn -0.8866 0.1726 -0.4292
vn -0.7145 0.6965 0.0657
vn -0.3558 0.5773 0.7349
vn 0.7349 -0.5773 0.3558
vn 0.7349 0.5773 0.3558
vn -0.7349 -0.5773 -0.3558
vn -0.7349 0.5773 -0.3558
vn 0.3558 0.5774 -0.7349
vn -0.7349 -0.5774 -0.3558
vn -0.3558 -0.5774 0.7349
vn -0.7349 0.5774 -0.3558
vn -0.3558 0.5774 0.7349
vn 0.3558 -0.5774 -0.7349
vn 0.7349 -0.5774 0.3558
vn 0.3558 0.5774 -0.7349
vn 0.7349 0.5774 0.3558
vn -0.9001 -0 -0.4358
vn -0.6679 -0.7071 0.2321
vn -0.4358 -0 0.9001
vn -0.6679 0.7071 0.2321
vn -0.2321 0.7071 -0.6679
vn 0.2321 0.7071 0.6679
vn 0.6679 0.7071 -0.2321
vn 0.4358 -0 -0.9001
vn 0.9001 -0 0.4358
vn 0.6679 -0.7071 -0.2321
vn -0.2321 -0.7071 -0.6679
vn 0.2321 -0.7071 0.6679
vn -0.3283 -0 -0.9446
vn -0.9446 -0 0.3283
vn -0 -1 -0
vn 0.3283 -0 0.9446
vn -0 1 -0
vn 0.9446 -0 -0.3283
vn -0.8717 -0.2424 -0.4259
vn -0.4324 -0.0287 0.9012
vn 0.4324 0.0287 -0.9012
vn 0.8717 0.2424 0.4259
vn -0.3244 -0.154 -0.9333
vn -0.9266 -0.1939 0.3221
vn 0.3244 0.154 0.9333
vn 0.9266 0.1939 -0.3221
vn 0.4196 -0.2424 -0.8747
vn 0.8981 -0.0287 0.4388
vn -0.8981 0.0287 -0.4388
vn -0.4196 0.2424 0.8747
vn 0.9266 -0.1939 -0.3221
vn -0.9266 0.1939 0.3221
vn -0.4196 -0.2424 0.8747
vn -0.8981 -0.0287 -0.4388
vn 0.8981 0.0287 0.4388
vn 0.4196 0.2424 -0.8747
vn 0.3244 -0.154 0.9333
vn -0.3244 0.154 -0.9333
vn 0.8717 -0.2424 0.4259
vn 0.4324 -0.0287 -0.9012
vn -0.4324 0.0287 0.9012
vn -0.8717 0.2424 -0.4259
vn 0.6333 -0.4635 -0.6198
vn 0.3928 -0.7146 -0.5788
vn 0.3387 -0.4648 -0.8181
vn 0.6333 -0.4635 0.6198
vn 0.3387 -0.4648 0.8181
vn 0.3928 -0.7146 0.5788
vn 0.6333 -0.4634 -0.6198
vn 0.6333 -0.4634 0.6198
vn 0.3386 -0.4648 0.8181
vn 0.3928 -0.7146 0.5789
vn 0.5602 -0 -0.8284
vn 0.5602 -0 0.8284
vn -0 -0.7172 0.6969
vn -0 -0.7172 -0.6969
vn 0.6655 -0.71 0.2303
vn 0.6932 -0.7028 0.1597
vn 0.691 -0.7033 0.1666
vn 0.6608 -0.7116 0.2388
vn 0.7117 -0.6983 0.0763
vn 0.7114 -0.6984 0.079
vn 0.7169 -0.6972 -0
vn 0.7117 -0.6983 -0.0763
vn 0.7114 -0.6984 -0.079
vn 0.6932 -0.7028 -0.1597
vn 0.691 -0.7033 -0.1666
vn 0.6655 -0.71 -0.2303
vn 0.6608 -0.7116 -0.2388
vn 0.691 -0.7034 0.1666
vn 0.691 -0.7034 -0.1666
vn -0 -0.7171 0.697
vn -0 -0.7171 -0.697
vn 0.6911 -0.7033 0.1666
vn 0.6608 -0.7115 0.2388
vn 0.7118 -0.6983 0.0763
vn 0.7114 -0.6983 0.079
vn 0.7169 -0.6971 -0
vn 0.7118 -0.6983 -0.0763
vn 0.7114 -0.6983 -0.079
vn 0.6911 -0.7033 -0.1666
vn 0.6608 -0.7115 -0.2389
vn 0.9281 -0 -0.3724
vn 0.9427 -0 -0.3336
vn -0 -0 -1
vn -0 -0 1
vn 0.9427 -0 0.3336
vn 0.9281 -0 0.3724
vn -0 -1 -0
vn 0.9733 -0 -0.2296
vn 0.9733 -0 0.2296
vn 0.9941 -0 -0.1085
vn 1 -0 -0
vn 0.9941 -0 0.1085
vn 0.7071 -0 -0.7071
vn 0.7071 -0 0.7071
vn -0 -0 -1
vn 1 -0 -0
vn -0 -0 1
#end 410 normals 

#begin 824 faces
o Cube:564
s 0
f 16/16/1 11/11/1 20/20/1 22/22/1 28/28/1 27/27/1 
f 7/7/2 8/8/2 15/15/2 13/13/2 
f 5/5/3 7/7/3 13/13/3 9/9/3 
f 11/11/1 10/10/1 18/18/1 20/20/1 
f 4/4/2 3/3/2 21/21/2 17/17/2 
f 8/8/4 6/6/4 12/12/4 15/15/4 
f 1/1/5 2/2/5 24/24/5 26/26/5 
f 14/14/1 16/16/1 27/27/1 23/23/1 
f 10/10/1 14/14/1 23/23/1 25/25/1 19/19/1 18/18/1 
f 17/17/6 18/18/6 19/19/6 
f 20/20/6 21/21/6 22/22/6 
f 23/23/7 24/24/7 25/25/7 
f 26/26/7 27/27/7 28/28/7 
f 10/10/7 11/11/7 12/12/7 9/9/7 
f 9/9/8 13/13/8 14/14/8 10/10/8 
f 13/13/6 15/15/6 16/16/6 14/14/6 
f 15/15/9 12/12/9 11/11/9 16/16/9 
f 17/17/6 21/21/6 20/20/6 18/18/6 
f 23/23/7 27/27/7 26/26/7 24/24/7 
f 6/6/5 5/5/5 9/9/5 12/12/5 
o Cube:571
s 0
f 46/46/10 44/44/10 43/43/10 45/45/10 
f 42/42/11 40/40/11 39/39/11 41/41/11 
f 41/41/12 49/49/12 50/50/12 42/42/12 
f 48/48/13 46/46/13 45/45/13 47/47/13 
f 49/49/14 53/53/14 54/54/14 50/50/14 
f 52/52/15 48/48/15 47/47/15 51/51/15 
f 53/53/16 58/58/16 57/57/16 54/54/16 
f 51/51/17 56/56/17 55/55/17 52/52/17 
f 44/44/18 46/46/18 41/41/18 39/39/18 
f 40/40/19 42/42/19 30/30/19 29/29/19 
f 41/41/20 46/46/20 48/48/20 49/49/20 
f 30/30/19 42/42/19 50/50/19 33/33/19 
f 31/31/21 32/32/21 45/45/21 43/43/21 
f 45/45/21 32/32/21 34/34/21 47/47/21 
f 47/47/21 34/34/21 36/36/21 51/51/21 
f 49/49/22 48/48/22 52/52/22 53/53/22 
f 33/33/19 50/50/19 54/54/19 35/35/19 
f 51/51/21 36/36/21 38/38/21 56/56/21 
f 53/53/18 52/52/18 55/55/18 58/58/18 
f 35/35/19 54/54/19 57/57/19 37/37/19 
o Cube:583
s 0
f 83/83/23 70/70/23 69/69/23 84/84/23 
f 67/67/24 86/86/24 85/85/24 68/68/24 
f 75/75/24 64/64/24 63/63/24 76/76/24 
f 77/77/23 66/66/23 65/65/23 78/78/23 
f 79/79/23 72/72/23 71/71/23 80/80/23 
f 73/73/24 82/82/24 81/81/24 74/74/24 
f 59/59/25 61/61/25 76/76/25 63/63/25 
f 64/64/26 75/75/26 86/86/26 67/67/26 
f 66/66/27 77/77/27 62/62/27 60/60/27 
f 70/70/26 83/83/26 78/78/26 65/65/26 
f 68/68/25 85/85/25 82/82/25 73/73/25 
f 69/69/27 72/72/27 79/79/27 84/84/27 
f 71/71/26 74/74/26 81/81/26 80/80/26 
o Cube:563
s 0
f 95/95/28 96/96/28 97/97/28 
f 98/98/29 99/99/29 100/100/29 
f 101/101/30 102/102/30 103/103/30 
f 108/108/31 109/109/31 110/110/31 
f 95/95/32 105/105/32 104/104/32 96/96/32 
f 96/96/33 99/99/33 98/98/33 97/97/33 
f 111/111/32 100/100/32 99/99/32 112/112/32 
f 113/113/34 101/101/34 103/103/34 114/114/34 
f 100/100/35 103/103/35 102/102/35 98/98/35 
f 108/108/35 95/95/35 97/97/35 109/109/35 
f 101/101/36 110/110/36 109/109/36 102/102/36 
f 110/110/34 107/107/34 106/106/34 108/108/34 
f 96/96/37 92/92/37 112/112/37 99/99/37 
f 87/87/37 89/89/37 96/96/37 104/104/37 
f 89/89/37 91/91/37 92/92/37 96/96/37 
f 97/97/38 98/98/38 102/102/38 109/109/38 
f 105/105/39 95/95/39 108/108/39 106/106/39 
f 100/100/39 111/111/39 114/114/39 103/103/39 
f 101/101/40 113/113/40 94/94/40 110/110/40 
f 107/107/40 110/110/40 90/90/40 88/88/40 
f 110/110/40 94/94/40 93/93/40 90/90/40 
o Cube:566
s 0
f 123/123/41 126/126/41 125/125/41 124/124/41 
f 127/127/42 130/130/42 129/129/42 128/128/42 
f 131/131/42 134/134/42 133/133/42 132/132/42 
f 135/135/41 138/138/41 137/137/41 136/136/41 
f 117/117/43 118/118/43 126/126/43 123/123/43 
f 124/124/44 125/125/44 130/130/44 127/127/44 
f 115/115/45 116/116/45 128/128/45 129/129/45 
f 121/121/45 132/132/45 133/133/45 122/122/45 
f 131/131/44 136/136/44 137/137/44 134/134/44 
f 119/119/43 138/138/43 135/135/43 120/120/43 
o Cube:567
s 0
f 145/145/46 146/146/46 147/147/46 
f 150/150/47 151/151/47 152/152/47 
f 152/152/48 142/142/48 141/141/48 150/150/48 
f 145/145/49 149/149/49 148/148/49 146/146/49 
f 151/151/50 154/154/50 153/153/50 152/152/50 
f 146/146/51 151/151/51 150/150/51 147/147/51 
f 143/143/52 145/145/52 147/147/52 144/144/52 
f 139/139/53 142/142/53 152/152/53 153/153/53 
f 150/150/54 141/141/54 144/144/54 147/147/54 
f 143/143/55 140/140/55 149/149/55 145/145/55 
f 146/146/56 148/148/56 154/154/56 151/151/56 
o Cube:568
s 0
f 165/165/57 164/164/57 171/171/57 174/174/57 
f 169/169/58 167/167/58 156/156/58 155/1150/58 
f 156/1147/59 158/158/59 159/159/59 161/161/59 
f 157/1149/60 155/155/60 162/1157/60 160/160/60 
f 172/172/61 176/176/61 161/161/61 159/159/61 
f 178/178/61 173/173/61 160/160/61 162/1157/61 
f 176/176/61 178/178/61 162/1157/61 161/161/61 
f 158/1145/62 157/1144/62 160/1143/62 159/1146/62 
f 173/173/61 172/172/61 159/159/61 160/160/61 
f 167/167/58 163/163/58 158/1148/58 156/156/58 
f 170/170/59 165/165/59 174/174/59 177/177/59 
f 164/164/60 168/168/60 175/175/60 171/171/60 
f 166/166/58 169/169/58 155/1150/58 157/157/58 
f 168/168/62 170/170/62 177/177/62 175/175/62 
f 164/1152/63 165/1151/63 166/166/63 163/163/63 
f 163/163/64 167/167/64 168/1153/64 164/1152/64 
f 167/167/65 169/169/65 170/1154/65 168/1153/65 
f 169/169/66 166/166/66 165/1151/66 170/1154/66 
f 172/172/67 173/173/67 174/174/67 171/171/67 
f 171/171/68 175/175/68 176/176/68 172/172/68 
f 175/175/69 177/177/69 178/178/69 176/176/69 
f 177/177/70 174/174/70 173/173/70 178/178/70 
f 166/166/58 157/157/58 158/1148/58 163/163/58 
f 189/189/57 198/198/57 195/195/57 188/188/57 
f 193/193/61 179/179/61 180/1168/61 191/191/61 
f 180/180/59 185/185/59 183/183/59 182/1167/59 
f 181/181/60 184/184/60 186/186/60 179/1169/60 
f 196/196/58 183/183/58 185/185/58 200/200/58 
f 202/202/58 186/186/58 184/184/58 197/197/58 
f 200/200/58 185/185/58 186/186/58 202/202/58 
f 182/1160/62 183/1161/62 184/1162/62 181/1159/62 
f 197/197/58 184/184/58 183/183/58 196/196/58 
f 191/191/61 180/1168/61 182/182/61 187/187/61 
f 194/194/59 201/201/59 198/198/59 189/189/59 
f 188/188/60 195/195/60 199/199/60 192/192/60 
f 190/190/61 181/1170/61 179/179/61 193/193/61 
f 192/192/62 199/199/62 201/201/62 194/194/62 
f 188/1163/67 187/187/67 190/190/67 189/1164/67 
f 187/187/68 188/1163/68 192/1165/68 191/191/68 
f 191/191/69 192/1165/69 194/1166/69 193/193/69 
f 193/193/70 194/1166/70 189/1164/70 190/190/70 
f 196/196/63 195/195/63 198/198/63 197/197/63 
f 195/195/64 196/196/64 200/200/64 199/199/64 
f 199/199/65 200/200/65 202/202/65 201/201/65 
f 201/201/66 202/202/66 197/197/66 198/198/66 
f 190/190/61 187/187/61 182/182/61 181/1170/61 
o Cylinder:015
s 1
f 203/203/71 204/204/71 206/206/72 205/205/72 
f 205/205/72 206/206/72 208/208/73 207/207/73 
f 207/207/73 208/208/73 210/210/74 209/209/74 
f 209/209/74 210/210/74 212/212/75 211/211/75 
f 211/211/75 212/212/75 214/214/76 213/213/76 
f 213/213/76 214/214/76 216/216/77 215/215/77 
f 215/215/77 216/216/77 218/218/78 217/217/78 
f 217/217/78 218/218/78 220/220/79 219/219/79 
f 219/219/79 220/220/79 222/222/80 221/221/80 
f 221/221/80 222/222/80 224/1135/81 223/223/81 
f 223/1137/81 224/224/81 226/226/82 225/225/82 
f 225/225/82 226/226/82 228/228/83 227/227/83 
f 227/227/83 228/228/83 230/230/84 229/229/84 
f 229/229/84 230/230/84 204/204/71 203/203/71 
f 231/231/78 233/233/77 234/234/77 232/232/78 
f 233/233/77 235/235/76 236/236/76 234/234/77 
f 235/235/76 237/237/75 238/238/75 236/236/76 
f 237/237/75 239/239/74 240/240/74 238/238/75 
f 239/239/74 241/241/73 242/242/73 240/240/74 
f 241/241/73 243/243/72 244/244/72 242/242/73 
f 243/243/72 245/245/71 246/246/71 244/244/72 
f 245/245/71 247/247/84 248/248/84 246/246/71 
f 247/247/84 249/249/83 250/250/83 248/248/84 
f 249/249/83 251/251/82 252/252/82 250/250/83 
f 251/251/82 253/1138/81 254/254/81 252/252/82 
f 253/253/81 255/255/80 256/256/80 254/1140/81 
f 255/255/80 257/257/79 258/258/79 256/256/80 
f 257/257/79 231/231/78 232/232/78 258/258/79 
o Cylinder:014
s 1
f 259/259/85 260/260/85 262/262/86 261/261/86 
f 261/261/86 262/262/86 264/264/87 263/263/87 
f 263/263/87 264/264/87 266/266/88 265/265/88 
f 265/265/88 266/266/88 268/268/89 267/267/89 
f 267/267/89 268/268/89 270/270/90 269/269/90 
f 269/269/90 270/270/90 272/272/91 271/271/91 
f 271/271/91 272/272/91 274/274/92 273/273/92 
f 273/273/92 274/274/92 276/276/93 275/275/93 
f 275/275/93 276/276/93 278/278/94 277/277/94 
f 277/277/94 278/278/94 280/1141/95 279/279/95 
f 279/1139/95 280/280/95 282/282/96 281/281/96 
f 281/281/96 282/282/96 284/284/97 283/283/97 
f 283/283/97 284/284/97 286/286/98 285/285/98 
f 285/285/98 286/286/98 260/260/85 259/259/85 
f 287/287/92 289/289/91 290/290/91 288/288/92 
f 289/289/91 291/291/90 292/292/90 290/290/91 
f 291/291/90 293/293/89 294/294/89 292/292/90 
f 293/293/89 295/295/88 296/296/88 294/294/89 
f 295/295/88 297/297/87 298/298/87 296/296/88 
f 297/297/87 299/299/86 300/300/86 298/298/87 
f 299/299/86 301/301/85 302/302/85 300/300/86 
f 301/301/85 303/303/98 304/304/98 302/302/85 
f 303/303/98 305/305/97 306/306/97 304/304/98 
f 305/305/97 307/307/96 308/308/96 306/306/97 
f 307/307/96 309/1142/95 310/310/95 308/308/96 
f 309/309/95 311/311/94 312/312/94 310/1136/95 
f 311/311/94 313/313/93 314/314/93 312/312/94 
f 313/313/93 287/287/92 288/288/92 314/314/93 
o Cube:572
s 0
f 323/323/99 324/324/99 325/325/99 
f 328/328/100 329/329/100 330/330/100 
f 331/331/101 332/332/101 333/333/101 
f 338/338/102 339/339/102 340/340/102 
f 341/341/103 342/342/103 343/343/103 
f 348/348/104 349/349/104 350/350/104 
f 319/319/105 331/331/105 333/333/105 320/320/105 
f 332/332/106 335/335/106 334/334/106 333/333/106 
f 343/343/107 345/345/107 344/344/107 341/341/107 
f 331/331/108 338/338/108 340/340/108 332/332/108 
f 339/339/109 337/337/109 336/336/109 340/340/109 
f 338/338/110 318/318/110 317/317/110 339/339/110 
f 328/328/109 327/327/109 326/326/109 329/329/109 
f 329/329/111 324/324/111 323/323/111 330/330/111 
f 324/324/106 322/322/106 321/321/106 325/325/106 
f 342/342/112 348/348/112 350/350/112 343/343/112 
f 349/349/113 347/347/113 346/346/113 350/350/113 
f 348/348/114 323/323/114 325/325/114 349/349/114 
f 341/341/115 328/328/115 330/330/115 342/342/115 
f 337/337/116 339/339/116 317/317/116 315/315/116 
f 331/331/117 319/319/117 318/318/117 338/338/117 
f 316/316/118 320/320/118 333/333/118 334/334/118 
f 322/322/119 324/324/119 340/340/119 336/336/119 
f 325/325/118 321/321/118 347/347/118 349/349/118 
f 330/330/120 323/323/120 348/348/120 342/342/120 
f 324/324/119 329/329/119 332/332/119 340/340/119 
f 327/327/116 328/328/116 341/341/116 344/344/116 
f 329/329/119 326/326/119 335/335/119 332/332/119 
f 345/345/119 343/343/119 350/350/119 346/346/119 
f 359/359/100 361/361/100 360/360/100 
f 364/364/99 366/366/99 365/365/99 
f 367/367/121 369/369/121 368/368/121 
f 374/374/122 376/376/122 375/375/122 
f 377/377/123 379/379/123 378/378/123 
f 384/384/124 386/386/124 385/385/124 
f 355/355/110 356/356/110 369/369/110 367/367/110 
f 368/368/109 369/369/109 370/370/109 371/371/109 
f 379/379/113 377/377/113 380/380/113 381/381/113 
f 367/367/108 368/368/108 376/376/108 374/374/108 
f 375/375/106 376/376/106 372/372/106 373/373/106 
f 374/374/105 375/375/105 353/353/105 354/354/105 
f 364/364/106 365/365/106 362/362/106 363/363/106 
f 365/365/111 366/366/111 359/359/111 360/360/111 
f 360/360/109 361/361/109 357/357/109 358/358/109 
f 378/378/112 379/379/112 386/386/112 384/384/112 
f 385/385/107 386/386/107 382/382/107 383/383/107 
f 384/384/115 385/385/115 361/361/115 359/359/115 
f 377/377/114 378/378/114 366/366/114 364/364/114 
f 373/373/118 351/351/118 353/353/118 375/375/118 
f 367/367/117 374/374/117 354/354/117 355/355/117 
f 352/352/116 370/370/116 369/369/116 356/356/116 
f 358/358/119 372/372/119 376/376/119 360/360/119 
f 361/361/116 385/385/116 383/383/116 357/357/116 
f 366/366/120 378/378/120 384/384/120 359/359/120 
f 360/360/119 376/376/119 368/368/119 365/365/119 
f 363/363/118 380/380/118 377/377/118 364/364/118 
f 365/365/119 368/368/119 371/371/119 362/362/119 
f 381/381/119 382/382/119 386/386/119 379/379/119 
o Cube:573
s 1
f 387/387/125 390/390/128 391/391/129 393/393/131 
f 388/388/126 392/392/130 391/391/129 390/390/128 
f 389/389/127 393/393/131 391/391/129 392/392/130 
f 394/394/132 397/397/135 398/398/136 400/400/138 
f 395/395/133 399/399/137 398/398/136 397/397/135 
f 396/396/134 400/400/138 398/398/136 399/399/137 
f 401/401/139 404/404/142 405/405/143 407/407/145 
f 402/402/140 406/406/144 405/405/143 404/404/142 
f 403/403/141 407/407/145 405/405/143 406/406/144 
f 408/408/146 411/411/149 412/412/150 414/414/152 
f 409/409/147 413/413/151 412/412/150 411/411/149 
f 410/410/148 414/414/152 412/412/150 413/413/151 
f 415/415/153 418/418/156 419/419/157 421/421/159 
f 416/416/154 420/420/158 419/419/157 418/418/156 
f 417/417/155 421/421/159 419/419/157 420/420/158 
f 422/422/160 425/425/163 426/426/164 428/428/166 
f 423/423/161 427/427/165 426/426/164 425/425/163 
f 424/424/162 428/428/166 426/426/164 427/427/165 
f 429/429/167 432/432/170 433/433/171 435/435/173 
f 430/430/168 434/434/172 433/433/171 432/432/170 
f 431/431/169 435/435/173 433/433/171 434/434/172 
f 436/436/174 439/439/177 440/440/178 442/442/180 
f 437/437/175 441/441/179 440/440/178 439/439/177 
f 438/438/176 442/442/180 440/440/178 441/441/179 
f 401/401/139 387/387/125 393/393/131 404/404/142 
f 404/404/142 393/393/131 389/389/127 402/402/140 
f 388/388/126 394/394/132 400/400/138 392/392/130 
f 392/392/130 400/400/138 396/396/134 389/389/127 
f 395/395/133 408/408/146 414/414/152 399/399/137 
f 399/399/137 414/414/152 410/410/148 396/396/134 
f 409/409/147 403/403/141 406/406/144 413/413/151 
f 413/413/151 406/406/144 402/402/140 410/410/148 
f 429/1218/167 401/1200/139 407/1199/145 432/1217/170 
f 432/1217/170 407/1199/145 403/1205/141 430/1216/168 
f 408/1203/146 436/1213/174 442/1214/180 411/1206/149 
f 411/1206/149 442/1214/180 438/1215/176 409/1204/147 
f 437/437/175 431/431/169 434/434/172 441/441/179 
f 441/441/179 434/434/172 430/430/168 438/438/176 
f 415/415/153 429/429/167 435/435/173 418/418/156 
f 418/418/156 435/435/173 431/431/169 416/416/154 
f 436/436/174 422/422/160 428/428/166 439/439/177 
f 439/439/177 428/428/166 424/424/162 437/437/175 
f 423/423/161 417/417/155 420/420/158 427/427/165 
f 427/427/165 420/420/158 416/416/154 424/424/162 
f 387/1219/125 415/1209/153 421/1207/159 390/1197/128 
f 390/1197/128 421/1207/159 417/1211/155 388/1198/126 
f 422/1212/160 395/1195/133 397/1202/135 425/1210/163 
f 425/1210/163 397/1202/135 394/1201/132 423/1208/161 
f 401/1200/139 429/1218/167 415/1220/153 387/1196/125 
f 389/389/127 396/396/134 410/410/148 402/402/140 
f 417/1211/155 423/1208/161 394/1201/132 388/1198/126 
f 436/1213/174 408/1203/146 395/1195/133 422/1212/160 
f 403/1205/141 409/1204/147 438/1215/176 430/1216/168 
f 431/431/169 437/437/175 424/424/162 416/416/154 
o Cube:574
s 0
f 451/451/181 454/454/181 453/453/181 452/452/181 
f 455/455/182 458/458/182 457/457/182 456/456/182 
f 459/459/182 462/462/182 461/461/182 460/460/182 
f 463/463/181 466/466/181 465/465/181 464/464/181 
f 445/445/183 446/446/183 454/454/183 451/451/183 
f 452/452/184 453/453/184 458/458/184 455/455/184 
f 443/443/185 444/444/185 456/456/185 457/457/185 
f 449/449/185 460/460/185 461/461/185 450/450/185 
f 459/459/184 464/464/184 465/465/184 462/462/184 
f 447/447/183 466/466/183 463/463/183 448/448/183 
o Cube:578
s 1
f 467/467/186 470/470/189 471/471/190 473/473/192 
f 468/468/187 472/472/191 471/471/190 470/470/189 
f 469/469/188 473/473/192 471/471/190 472/472/191 
f 474/474/193 477/477/196 478/478/197 480/480/199 
f 475/475/194 479/479/198 478/478/197 477/477/196 
f 476/476/195 480/480/199 478/478/197 479/479/198 
f 481/481/200 484/484/203 485/485/204 487/487/206 
f 482/482/201 486/486/205 485/485/204 484/484/203 
f 483/483/202 487/487/206 485/485/204 486/486/205 
f 488/488/207 491/491/210 492/492/211 494/494/213 
f 489/489/208 493/493/212 492/492/211 491/491/210 
f 490/490/209 494/494/213 492/492/211 493/493/212 
f 495/495/214 498/498/217 499/499/218 501/501/220 
f 496/496/215 500/500/219 499/499/218 498/498/217 
f 497/497/216 501/501/220 499/499/218 500/500/219 
f 502/502/221 505/505/224 506/506/225 508/508/227 
f 503/503/222 507/507/226 506/506/225 505/505/224 
f 504/504/223 508/508/227 506/506/225 507/507/226 
f 509/509/228 512/512/231 513/513/232 515/515/234 
f 510/510/229 514/514/233 513/513/232 512/512/231 
f 511/511/230 515/515/234 513/513/232 514/514/233 
f 516/516/235 519/519/238 520/520/239 522/522/241 
f 517/517/236 521/521/240 520/520/239 519/519/238 
f 518/518/237 522/522/241 520/520/239 521/521/240 
f 481/481/200 467/467/186 473/473/192 484/484/203 
f 484/484/203 473/473/192 469/469/188 482/482/201 
f 468/468/187 474/474/193 480/480/199 472/472/191 
f 472/472/191 480/480/199 476/476/195 469/469/188 
f 475/475/194 488/488/207 494/494/213 479/479/198 
f 479/479/198 494/494/213 490/490/209 476/476/195 
f 489/489/208 483/483/202 486/486/205 493/493/212 
f 493/493/212 486/486/205 482/482/201 490/490/209 
f 509/1244/228 481/1226/200 487/1225/206 512/1243/231 
f 512/1243/231 487/1225/206 483/1222/202 510/1242/229 
f 488/1229/207 516/1235/235 522/1239/241 491/1230/210 
f 491/1230/210 522/1239/241 518/1233/237 489/1231/208 
f 517/517/236 511/511/230 514/514/233 521/521/240 
f 521/521/240 514/514/233 510/510/229 518/518/237 
f 495/495/214 509/509/228 515/515/234 498/498/217 
f 498/498/217 515/515/234 511/511/230 496/496/215 
f 516/516/235 502/502/221 508/508/227 519/519/238 
f 519/519/238 508/508/227 504/504/223 517/517/236 
f 503/503/222 497/497/216 500/500/219 507/507/226 
f 507/507/226 500/500/219 496/496/215 504/504/223 
f 467/1223/186 495/1237/214 501/1234/220 470/1224/189 
f 470/1224/189 501/1234/220 497/1245/216 468/1227/187 
f 502/1241/221 475/1221/194 477/1232/196 505/1238/224 
f 505/1238/224 477/1232/196 474/1228/193 503/1236/222 
f 481/1226/200 509/1244/228 495/1237/214 467/1223/186 
f 469/469/188 476/476/195 490/490/209 482/482/201 
f 497/1240/216 503/1236/222 474/1228/193 468/1246/187 
f 516/1235/235 488/1229/207 475/1221/194 502/1241/221 
f 483/1222/202 489/1231/208 518/1233/237 510/1242/229 
f 511/511/230 517/517/236 504/504/223 496/496/215 
o Cube:579
s 1
f 523/523/242 526/526/245 527/527/246 529/529/248 
f 524/524/243 528/528/247 527/527/246 526/526/245 
f 525/525/244 529/529/248 527/527/246 528/528/247 
f 530/530/249 533/533/252 534/534/253 536/536/255 
f 531/531/250 535/535/254 534/534/253 533/533/252 
f 532/532/251 536/536/255 534/534/253 535/535/254 
f 537/537/256 540/540/259 541/541/260 543/543/262 
f 538/538/257 542/542/261 541/541/260 540/540/259 
f 539/539/258 543/543/262 541/541/260 542/542/261 
f 544/544/263 547/547/266 548/548/267 550/550/269 
f 545/545/264 549/549/268 548/548/267 547/547/266 
f 546/546/265 550/550/269 548/548/267 549/549/268 
f 551/551/270 554/554/273 555/555/274 557/557/276 
f 552/552/271 556/556/275 555/555/274 554/554/273 
f 553/553/272 557/557/276 555/555/274 556/556/275 
f 558/558/277 561/561/280 562/562/281 564/564/283 
f 559/559/278 563/563/282 562/562/281 561/561/280 
f 560/560/279 564/564/283 562/562/281 563/563/282 
f 565/565/284 568/568/287 569/569/288 571/571/290 
f 566/566/285 570/570/289 569/569/288 568/568/287 
f 567/567/286 571/571/290 569/569/288 570/570/289 
f 572/572/291 575/575/294 576/576/295 578/578/297 
f 573/573/292 577/577/296 576/576/295 575/575/294 
f 574/574/293 578/578/297 576/576/295 577/577/296 
f 537/537/256 523/523/242 529/529/248 540/540/259 
f 540/540/259 529/529/248 525/525/244 538/538/257 
f 524/524/243 530/530/249 536/536/255 528/528/247 
f 528/528/247 536/536/255 532/532/251 525/525/244 
f 531/531/250 544/544/263 550/550/269 535/535/254 
f 535/535/254 550/550/269 546/546/265 532/532/251 
f 545/545/264 539/539/258 542/542/261 549/549/268 
f 549/549/268 542/542/261 538/538/257 546/546/265 
f 565/1268/284 537/1279/256 543/1277/262 568/1280/287 
f 568/1280/287 543/1277/262 539/1295/258 566/1270/285 
f 544/1256/263 572/1252/291 578/1259/297 547/1281/266 
f 547/1281/266 578/1259/297 574/1271/293 545/1273/264 
f 573/573/292 567/567/286 570/570/289 577/577/296 
f 577/577/296 570/570/289 566/566/285 574/574/293 
f 551/551/270 565/565/284 571/571/290 554/554/273 
f 554/554/273 571/571/290 567/567/286 552/552/271 
f 572/572/291 558/558/277 564/564/283 575/575/294 
f 575/575/294 564/564/283 560/560/279 573/573/292 
f 559/559/278 553/553/272 556/556/275 563/563/282 
f 563/563/282 556/556/275 552/552/271 560/560/279 
f 523/1250/242 551/1267/270 557/1265/276 526/1251/245 
f 526/1251/245 557/1265/276 553/1262/272 524/1253/243 
f 558/1258/277 531/1248/250 533/1255/252 561/1263/280 
f 561/1263/280 533/1255/252 530/1254/249 559/1260/278 
f 537/1279/256 565/1268/284 551/1267/270 523/1250/242 
f 525/525/244 532/532/251 546/546/265 538/538/257 
f 553/1262/272 559/1260/278 530/1254/249 524/1253/243 
f 572/1252/291 544/1256/263 531/1248/250 558/1258/277 
f 539/1275/258 545/1273/264 574/1271/293 566/1296/285 
f 567/567/286 573/573/292 560/560/279 552/552/271 
f 579/579/256 585/585/259 583/583/260 582/582/262 
f 580/580/258 582/582/262 583/583/260 584/584/261 
f 581/581/257 584/584/261 583/583/260 585/585/259 
f 586/586/264 592/592/268 590/590/298 589/589/266 
f 587/587/263 589/589/266 590/590/298 591/591/269 
f 588/588/265 591/591/269 590/590/298 592/592/268 
f 593/593/242 599/599/245 597/597/299 596/596/248 
f 594/594/244 596/596/248 597/597/299 598/598/247 
f 595/595/243 598/598/247 597/597/299 599/599/245 
f 600/600/250 606/606/254 604/604/300 603/603/252 
f 601/601/249 603/603/252 604/604/300 605/605/255 
f 602/602/251 605/605/255 604/604/300 606/606/254 
f 607/607/284 613/613/287 611/611/301 610/610/290 
f 608/608/286 610/610/290 611/611/301 612/612/289 
f 609/609/285 612/612/289 611/611/301 613/613/287 
f 614/614/291 620/620/294 618/618/302 617/617/297 
f 615/615/293 617/617/297 618/618/302 619/619/296 
f 616/616/292 619/619/296 618/618/302 620/620/294 
f 621/621/270 627/627/273 625/625/274 624/624/276 
f 622/622/272 624/624/276 625/625/274 626/626/275 
f 623/623/271 626/626/275 625/625/274 627/627/273 
f 628/628/277 634/634/280 632/632/303 631/631/283 
f 629/629/279 631/631/283 632/632/303 633/633/282 
f 630/630/278 633/633/282 632/632/303 634/634/280 
f 593/593/242 596/596/248 585/585/259 579/579/256 
f 596/596/248 594/594/244 581/581/257 585/585/259 
f 580/580/258 584/584/261 592/592/268 586/586/264 
f 584/584/261 581/581/257 588/588/265 592/592/268 
f 587/587/263 591/591/269 606/606/254 600/600/250 
f 591/591/269 588/588/265 602/602/251 606/606/254 
f 601/601/249 605/605/255 598/598/247 595/595/243 
f 605/605/255 602/602/251 594/594/244 598/598/247 
f 621/1264/270 624/1285/276 599/1287/245 593/1286/242 
f 624/1285/276 622/1155/272 595/1247/243 599/1287/245 
f 600/1289/250 603/1274/252 634/1288/280 628/1290/277 
f 603/1274/252 601/1278/249 630/1269/278 634/1288/280 
f 629/629/279 633/633/282 626/626/275 623/623/271 
f 633/633/282 630/630/278 622/622/272 626/626/275 
f 607/607/284 610/610/290 627/627/273 621/621/270 
f 610/610/290 608/608/286 623/623/271 627/627/273 
f 628/628/277 631/631/283 620/620/294 614/614/291 
f 631/631/283 629/629/279 616/616/292 620/620/294 
f 615/615/293 619/619/296 612/612/289 609/609/285 
f 619/619/296 616/616/292 608/608/286 612/612/289 
f 579/1283/256 582/1282/262 613/1284/287 607/1276/284 
f 582/1282/262 580/1293/258 609/1272/285 613/1284/287 
f 614/1291/291 617/1261/297 589/1294/266 587/1249/263 
f 617/1261/297 615/1266/293 586/1292/264 589/1294/266 
f 593/1286/242 579/1283/256 607/1276/284 621/1264/270 
f 581/581/257 594/594/244 602/602/251 588/588/265 
f 609/1272/285 580/1293/258 586/1292/264 615/1266/293 
f 628/1290/277 614/1291/291 587/1249/263 600/1289/250 
f 595/1158/243 622/1257/272 630/1269/278 601/1278/249 
f 623/623/271 608/608/286 616/616/292 629/629/279 
o Cube:580
s 0
f 635/635/304 636/636/304 637/637/304 
f 638/638/305 639/639/305 640/640/305 
f 641/641/306 642/642/306 643/643/306 
f 644/644/307 645/645/307 646/646/307 
f 647/647/308 648/648/308 649/649/308 
f 650/650/309 651/651/309 652/652/309 
f 653/653/310 654/1194/310 655/655/310 
f 656/656/311 657/657/311 658/1193/311 
f 641/641/312 635/635/312 637/637/312 642/642/312 
f 636/636/313 638/638/313 640/640/313 637/1185/313 
f 639/639/314 644/644/314 646/646/314 640/640/314 
f 645/645/315 643/1188/315 642/1187/315 646/646/315 
f 653/653/316 641/641/316 643/643/316 654/1194/316 
f 644/1183/317 656/1192/317 658/658/317 645/1184/317 
f 657/657/318 655/1189/318 654/654/318 658/1193/318 
f 647/647/319 653/653/319 655/655/319 648/648/319 
f 656/656/320 650/650/320 652/652/320 657/657/320 
f 651/651/321 649/649/321 648/1190/321 652/652/321 
f 635/635/322 647/647/322 649/649/322 636/636/322 
f 650/1191/323 639/1186/323 638/638/323 651/651/323 
f 641/641/324 653/653/324 647/647/324 635/635/324 
f 637/1185/325 640/640/325 646/646/325 642/1187/325 
f 649/649/326 651/651/326 638/638/326 636/636/326 
f 656/1192/327 644/1183/327 639/1186/327 650/1191/327 
f 643/1180/328 645/1179/328 658/1182/328 654/1181/328 
f 655/1189/329 657/657/329 652/652/329 648/1190/329 
o Cube:582
s 0
f 663/663/330 660/660/330 659/1172/330 664/664/330 
f 661/661/331 666/666/331 665/665/331 662/662/331 
f 667/667/332 672/672/332 671/671/332 668/668/332 
f 673/673/333 670/670/333 669/669/333 674/674/333 
f 663/663/334 672/672/334 667/667/334 660/660/334 
f 659/659/335 662/662/335 665/665/335 664/1174/335 
f 673/673/336 666/666/336 661/661/336 670/670/336 
f 671/671/337 674/674/337 669/669/337 668/668/337 
f 679/679/338 680/1173/338 675/675/338 676/676/338 
f 677/677/339 678/678/339 681/681/339 682/682/339 
f 683/683/340 684/684/340 687/687/340 688/688/340 
f 689/689/341 690/690/341 685/685/341 686/686/341 
f 679/679/334 676/676/334 683/683/334 688/688/334 
f 675/1171/342 680/680/342 681/681/342 678/678/342 
f 689/689/336 686/686/336 677/677/336 682/682/336 
f 687/687/343 684/684/343 685/685/343 690/690/343 
f 695/695/344 696/696/344 691/691/344 692/1176/344 
f 693/693/345 694/694/345 697/697/345 698/698/345 
f 699/699/346 700/700/346 703/703/346 704/704/346 
f 705/705/347 706/706/347 701/701/347 702/702/347 
f 695/1178/348 692/692/348 699/699/348 704/704/348 
f 691/691/335 696/696/335 697/697/335 694/694/335 
f 705/705/349 702/702/349 693/693/349 698/698/349 
f 703/703/337 700/700/337 701/701/337 706/706/337 
f 711/1177/350 708/708/350 707/707/350 712/712/350 
f 709/709/351 714/714/351 713/713/351 710/710/351 
f 715/715/352 720/720/352 719/719/352 716/716/352 
f 721/721/353 718/718/353 717/717/353 722/722/353 
f 711/711/348 720/720/348 715/715/348 708/1175/348 
f 707/707/342 710/710/342 713/713/342 712/712/342 
f 721/721/349 714/714/349 709/709/349 718/718/349 
f 719/719/343 722/722/343 717/717/343 716/716/343 
o Cube:584
s 1
f 887/887/354 888/888/355 889/889/356 
f 890/890/357 891/891/358 892/892/359 
f 915/915/354 916/916/355 917/917/356 
f 918/918/357 919/919/358 920/920/359 
f 943/943/360 944/944/355 945/945/356 
f 946/946/361 947/947/358 948/948/359 
f 971/971/360 972/972/355 973/973/356 
f 974/974/357 975/975/358 976/976/359 
f 999/999/360 1000/1000/355 1001/1001/356 
f 1002/1002/361 1003/1003/358 1004/1004/359 
f 1027/1027/354 1028/1028/355 1029/1029/356 
f 1030/1030/357 1031/1031/358 1032/1032/359 
f 1055/1055/360 1056/1056/355 1057/1057/356 
f 1058/1058/361 1059/1059/362 1060/1060/363 
f 1083/1083/360 1084/1084/355 1085/1085/356 
f 1086/1086/361 1087/1087/358 1088/1088/359 
f 883/883/364 887/887/354 889/889/356 884/884/364 
f 885/885/365 891/891/358 890/890/357 886/886/365 
f 895/895/366 892/892/359 891/891/358 896/896/366 
f 888/888/355 894/894/367 893/893/367 889/889/356 
f 900/900/368 909/909/369 910/910/370 899/899/371 
f 909/909/369 907/907/372 908/908/373 910/910/370 
f 907/907/372 905/905/374 906/906/374 908/908/373 
f 905/905/374 903/903/375 904/904/376 906/906/374 
f 903/903/375 901/901/377 902/902/378 904/904/376 
f 901/901/377 897/897/379 898/898/380 902/902/378 
f 897/897/379 888/888/355 887/887/354 898/898/380 
f 892/892/359 900/900/368 899/899/371 890/890/357 
f 911/911/364 915/915/354 917/917/356 912/912/364 
f 913/913/365 919/919/358 918/918/357 914/914/365 
f 923/923/366 920/920/359 919/919/358 924/924/366 
f 916/916/355 922/922/367 921/921/367 917/917/356 
f 928/928/368 937/937/369 938/938/370 927/927/371 
f 937/937/369 935/935/372 936/936/373 938/938/370 
f 935/935/372 933/933/374 934/934/374 936/936/373 
f 933/933/374 931/931/375 932/932/376 934/934/374 
f 931/931/375 929/929/377 930/930/378 932/932/376 
f 929/929/377 925/925/379 926/926/380 930/930/378 
f 925/925/379 916/916/355 915/915/354 926/926/380 
f 920/920/359 928/928/368 927/927/371 918/918/357 
f 939/939/364 943/943/360 945/945/356 940/940/364 
f 941/941/365 947/947/358 946/946/361 942/942/365 
f 951/951/366 948/948/359 947/947/358 952/952/366 
f 944/944/355 950/950/367 949/949/367 945/945/356 
f 956/956/368 965/965/369 966/966/370 955/955/371 
f 965/965/369 963/963/372 964/964/373 966/966/370 
f 963/963/372 961/961/374 962/962/374 964/964/373 
f 961/961/374 959/959/375 960/960/376 962/962/374 
f 959/959/375 957/957/377 958/958/378 960/960/376 
f 957/957/377 953/953/379 954/954/380 958/958/378 
f 953/953/379 944/944/355 943/943/360 954/954/380 
f 948/948/359 956/956/368 955/955/371 946/946/361 
f 967/967/364 971/971/360 973/973/356 968/968/364 
f 969/969/365 975/975/358 974/974/357 970/970/365 
f 979/979/366 976/976/359 975/975/358 980/980/366 
f 972/972/355 978/978/367 977/977/367 973/973/356 
f 984/984/368 993/993/369 994/994/381 983/983/371 
f 993/993/369 991/991/372 992/992/373 994/994/381 
f 991/991/372 989/989/374 990/990/374 992/992/373 
f 989/989/374 987/987/375 988/988/376 990/990/374 
f 987/987/375 985/985/377 986/986/378 988/988/376 
f 985/985/377 981/981/379 982/982/380 986/986/378 
f 981/981/379 972/972/355 971/971/360 982/982/380 
f 976/976/359 984/984/368 983/983/371 974/974/357 
f 995/995/364 999/999/360 1001/1001/356 996/996/364 
f 997/997/365 1003/1003/358 1002/1002/361 998/998/365 
f 1007/1007/366 1004/1004/359 1003/1003/358 1008/1008/366 
f 1000/1000/355 1006/1006/367 1005/1005/367 1001/1001/356 
f 1012/1012/368 1021/1021/369 1022/1022/381 1011/1011/371 
f 1021/1021/369 1019/1019/372 1020/1020/373 1022/1022/381 
f 1019/1019/372 1017/1017/374 1018/1018/374 1020/1020/373 
f 1017/1017/374 1015/1015/375 1016/1016/376 1018/1018/374 
f 1015/1015/375 1013/1013/377 1014/1014/378 1016/1016/376 
f 1013/1013/377 1009/1009/379 1010/1010/380 1014/1014/378 
f 1009/1009/379 1000/1000/355 999/999/360 1010/1010/380 
f 1004/1004/359 1012/1012/368 1011/1011/371 1002/1002/361 
f 1023/1023/364 1027/1027/354 1029/1029/356 1024/1024/364 
f 1025/1025/365 1031/1031/358 1030/1030/357 1026/1026/365 
f 1035/1035/366 1032/1032/359 1031/1031/358 1036/1036/366 
f 1028/1028/355 1034/1034/367 1033/1033/367 1029/1029/356 
f 1040/1040/368 1049/1049/369 1050/1050/381 1039/1039/371 
f 1049/1049/369 1047/1047/372 1048/1048/373 1050/1050/381 
f 1047/1047/372 1045/1045/374 1046/1046/374 1048/1048/373 
f 1045/1045/374 1043/1043/375 1044/1044/376 1046/1046/374 
f 1043/1043/375 1041/1041/377 1042/1042/378 1044/1044/376 
f 1041/1041/377 1037/1037/379 1038/1038/380 1042/1042/378 
f 1037/1037/379 1028/1028/355 1027/1027/354 1038/1038/380 
f 1032/1032/359 1040/1040/368 1039/1039/371 1030/1030/357 
f 1051/1051/364 1055/1055/360 1057/1057/356 1052/1052/364 
f 1053/1053/365 1059/1059/362 1058/1058/361 1054/1054/365 
f 1063/1063/366 1060/1060/363 1059/1059/362 1064/1064/366 
f 1056/1056/355 1062/1062/367 1061/1061/367 1057/1057/356 
f 1068/1068/368 1077/1077/369 1078/1078/381 1067/1067/371 
f 1077/1077/369 1075/1075/372 1076/1076/373 1078/1078/381 
f 1075/1075/372 1073/1073/374 1074/1074/374 1076/1076/373 
f 1073/1073/374 1071/1071/375 1072/1072/376 1074/1074/374 
f 1071/1071/375 1069/1069/377 1070/1070/382 1072/1072/376 
f 1069/1069/377 1065/1065/379 1066/1066/380 1070/1070/382 
f 1065/1065/379 1056/1056/355 1055/1055/360 1066/1066/380 
f 1060/1060/363 1068/1068/368 1067/1067/371 1058/1058/361 
f 1079/1079/364 1083/1083/360 1085/1085/356 1080/1080/364 
f 1081/1081/365 1087/1087/358 1086/1086/361 1082/1082/365 
f 1091/1091/383 1088/1088/359 1087/1087/358 1092/1092/383 
f 1084/1084/355 1090/1090/384 1089/1089/384 1085/1085/356 
f 1096/1096/368 1105/1105/369 1106/1106/385 1095/1095/386 
f 1105/1105/369 1103/1103/387 1104/1104/388 1106/1106/385 
f 1103/1103/387 1101/1101/389 1102/1102/389 1104/1104/388 
f 1101/1101/389 1099/1099/390 1100/1100/391 1102/1102/389 
f 1099/1099/390 1097/1097/377 1098/1098/392 1100/1100/391 
f 1097/1097/377 1093/1093/379 1094/1094/393 1098/1098/392 
f 1093/1093/379 1084/1084/355 1083/1083/360 1094/1094/393 
f 1088/1088/359 1096/1096/368 1095/1095/386 1086/1086/361 
f 887/887/394 883/883/394 728/728/395 898/898/395 
f 884/884/396 889/889/396 893/893/396 725/725/396 
f 891/891/397 885/885/397 726/726/397 896/896/397 
f 899/899/398 727/727/398 886/886/399 890/890/399 
f 888/888/400 897/897/400 736/736/400 724/724/400 
f 894/894/400 888/888/400 724/724/400 734/734/400 
f 892/892/400 895/895/400 735/735/400 723/723/400 
f 900/900/400 892/892/400 723/723/400 737/737/400 
f 897/897/400 901/901/400 738/738/400 736/736/400 
f 733/733/401 902/902/401 898/898/395 728/728/395 
f 727/727/398 899/899/398 910/910/402 729/729/402 
f 909/909/400 900/900/400 737/737/400 742/742/400 
f 901/901/400 903/903/400 739/739/400 738/738/400 
f 732/732/403 904/904/403 902/902/401 733/733/401 
f 903/903/400 905/905/400 740/740/400 739/739/400 
f 731/731/404 906/906/404 904/904/403 732/732/403 
f 905/905/400 907/907/400 741/741/400 740/740/400 
f 730/730/405 908/908/405 906/906/404 731/731/404 
f 907/907/400 909/909/400 742/742/400 741/741/400 
f 729/729/402 910/910/402 908/908/405 730/730/405 
f 915/915/394 911/911/394 748/748/395 926/926/395 
f 912/912/396 917/917/396 921/921/396 745/745/396 
f 919/919/397 913/913/397 746/746/397 924/924/397 
f 927/927/398 747/747/398 914/914/399 918/918/399 
f 916/916/400 925/925/400 756/756/400 744/744/400 
f 922/922/400 916/916/400 744/744/400 754/754/400 
f 920/920/400 923/923/400 755/755/400 743/743/400 
f 928/928/400 920/920/400 743/743/400 757/757/400 
f 925/925/400 929/929/400 758/758/400 756/756/400 
f 753/753/401 930/930/401 926/926/395 748/748/395 
f 747/747/398 927/927/398 938/938/402 749/749/402 
f 937/937/400 928/928/400 757/757/400 762/762/400 
f 929/929/400 931/931/400 759/759/400 758/758/400 
f 752/752/403 932/932/403 930/930/401 753/753/401 
f 931/931/400 933/933/400 760/760/400 759/759/400 
f 751/751/404 934/934/404 932/932/403 752/752/403 
f 933/933/400 935/935/400 761/761/400 760/760/400 
f 750/750/405 936/936/405 934/934/404 751/751/404 
f 935/935/400 937/937/400 762/762/400 761/761/400 
f 749/749/402 938/938/402 936/936/405 750/750/405 
f 943/943/394 939/939/394 768/768/395 954/954/395 
f 940/940/396 945/945/396 949/949/396 765/765/396 
f 947/947/397 941/941/397 766/766/397 952/952/397 
f 955/955/398 767/767/398 942/942/399 946/946/399 
f 944/944/400 953/953/400 776/776/400 764/764/400 
f 950/950/400 944/944/400 764/764/400 774/774/400 
f 948/948/400 951/951/400 775/775/400 763/763/400 
f 956/956/400 948/948/400 763/763/400 777/777/400 
f 953/953/400 957/957/400 778/778/400 776/776/400 
f 773/773/401 958/958/401 954/954/395 768/768/395 
f 767/767/398 955/955/398 966/966/402 769/769/402 
f 965/965/400 956/956/400 777/777/400 782/782/400 
f 957/957/400 959/959/400 779/779/400 778/778/400 
f 772/772/403 960/960/403 958/958/401 773/773/401 
f 959/959/400 961/961/400 780/780/400 779/779/400 
f 771/771/404 962/962/404 960/960/403 772/772/403 
f 961/961/400 963/963/400 781/781/400 780/780/400 
f 770/770/405 964/964/405 962/962/404 771/771/404 
f 963/963/400 965/965/400 782/782/400 781/781/400 
f 769/769/402 966/966/402 964/964/405 770/770/405 
f 971/971/394 967/967/394 788/788/395 982/982/395 
f 968/968/396 973/973/396 977/977/396 785/785/396 
f 975/975/397 969/969/397 786/786/397 980/980/397 
f 983/983/398 787/787/398 970/970/399 974/974/399 
f 972/972/400 981/981/400 796/796/400 784/784/400 
f 978/978/400 972/972/400 784/784/400 794/794/400 
f 976/976/400 979/979/400 795/795/400 783/783/400 
f 984/984/400 976/976/400 783/783/400 797/797/400 
f 981/981/400 985/985/400 798/798/400 796/796/400 
f 793/793/401 986/986/401 982/982/395 788/788/395 
f 787/787/398 983/983/398 994/994/402 789/789/402 
f 993/993/400 984/984/400 797/797/400 802/802/400 
f 985/985/400 987/987/400 799/799/400 798/798/400 
f 792/792/403 988/988/403 986/986/401 793/793/401 
f 987/987/400 989/989/400 800/800/400 799/799/400 
f 791/791/404 990/990/404 988/988/403 792/792/403 
f 989/989/400 991/991/400 801/801/400 800/800/400 
f 790/790/405 992/992/405 990/990/404 791/791/404 
f 991/991/400 993/993/400 802/802/400 801/801/400 
f 789/789/402 994/994/402 992/992/405 790/790/405 
f 999/999/394 995/995/394 808/808/395 1010/1010/395 
f 996/996/396 1001/1001/396 1005/1005/396 805/805/396 
f 1003/1003/397 997/997/397 806/806/397 1008/1008/397 
f 1011/1011/398 807/807/398 998/998/399 1002/1002/399 
f 1000/1000/400 1009/1009/400 816/816/400 804/804/400 
f 1006/1006/400 1000/1000/400 804/804/400 814/814/400 
f 1004/1004/400 1007/1007/400 815/815/400 803/803/400 
f 1012/1012/400 1004/1004/400 803/803/400 817/817/400 
f 1009/1009/400 1013/1013/400 818/818/400 816/816/400 
f 813/813/401 1014/1014/401 1010/1010/395 808/808/395 
f 807/807/398 1011/1011/398 1022/1022/402 809/809/402 
f 1021/1021/400 1012/1012/400 817/817/400 822/822/400 
f 1013/1013/400 1015/1015/400 819/819/400 818/818/400 
f 812/812/403 1016/1016/403 1014/1014/401 813/813/401 
f 1015/1015/400 1017/1017/400 820/820/400 819/819/400 
f 811/811/404 1018/1018/404 1016/1016/403 812/812/403 
f 1017/1017/400 1019/1019/400 821/821/400 820/820/400 
f 810/810/405 1020/1020/405 1018/1018/404 811/811/404 
f 1019/1019/400 1021/1021/400 822/822/400 821/821/400 
f 809/809/402 1022/1022/402 1020/1020/405 810/810/405 
f 1027/1027/394 1023/1023/394 828/828/395 1038/1038/395 
f 1024/1024/396 1029/1029/396 1033/1033/396 825/825/396 
f 1031/1031/397 1025/1025/397 826/826/397 1036/1036/397 
f 1039/1039/398 827/827/398 1026/1026/399 1030/1030/399 
f 1028/1028/400 1037/1037/400 836/836/400 824/824/400 
f 1034/1034/400 1028/1028/400 824/824/400 834/834/400 
f 1032/1032/400 1035/1035/400 835/835/400 823/823/400 
f 1040/1040/400 1032/1032/400 823/823/400 837/837/400 
f 1037/1037/400 1041/1041/400 838/838/400 836/836/400 
f 833/833/401 1042/1042/401 1038/1038/395 828/828/395 
f 827/827/398 1039/1039/398 1050/1050/402 829/829/402 
f 1049/1049/400 1040/1040/400 837/837/400 842/842/400 
f 1041/1041/400 1043/1043/400 839/839/400 838/838/400 
f 832/832/403 1044/1044/403 1042/1042/401 833/833/401 
f 1043/1043/400 1045/1045/400 840/840/400 839/839/400 
f 831/831/404 1046/1046/404 1044/1044/403 832/832/403 
f 1045/1045/400 1047/1047/400 841/841/400 840/840/400 
f 830/830/405 1048/1048/405 1046/1046/404 831/831/404 
f 1047/1047/400 1049/1049/400 842/842/400 841/841/400 
f 829/829/402 1050/1050/402 1048/1048/405 830/830/405 
f 1055/1055/394 1051/1051/394 848/848/395 1066/1066/395 
f 1052/1052/396 1057/1057/396 1061/1061/396 845/845/396 
f 1059/1059/397 1053/1053/397 846/846/397 1064/1064/397 
f 1067/1067/398 847/847/398 1054/1054/399 1058/1058/399 
f 1056/1056/400 1065/1065/400 856/856/400 844/844/400 
f 1062/1062/400 1056/1056/400 844/844/400 854/854/400 
f 1060/1060/400 1063/1063/400 855/855/400 843/843/400 
f 1068/1068/400 1060/1060/400 843/843/400 857/857/400 
f 1065/1065/400 1069/1069/400 858/858/400 856/856/400 
f 853/853/401 1070/1070/401 1066/1066/395 848/848/395 
f 847/847/398 1067/1067/398 1078/1078/402 849/849/402 
f 1077/1077/400 1068/1068/400 857/857/400 862/862/400 
f 1069/1069/400 1071/1071/400 859/859/400 858/858/400 
f 852/852/403 1072/1072/403 1070/1070/401 853/853/401 
f 1071/1071/400 1073/1073/400 860/860/400 859/859/400 
f 851/851/404 1074/1074/404 1072/1072/403 852/852/403 
f 1073/1073/400 1075/1075/400 861/861/400 860/860/400 
f 850/850/405 1076/1076/405 1074/1074/404 851/851/404 
f 1075/1075/400 1077/1077/400 862/862/400 861/861/400 
f 849/849/402 1078/1078/402 1076/1076/405 850/850/405 
f 1083/1083/394 1079/1079/394 868/868/395 1094/1094/395 
f 1080/1080/396 1085/1085/396 1089/1089/396 865/865/396 
f 1087/1087/397 1081/1081/397 866/866/397 1092/1092/397 
f 1095/1095/398 867/867/398 1082/1082/399 1086/1086/399 
f 1084/1084/400 1093/1093/400 876/876/400 864/864/400 
f 1090/1090/400 1084/1084/400 864/864/400 874/874/400 
f 1088/1088/400 1091/1091/400 875/875/400 863/863/400 
f 1096/1096/400 1088/1088/400 863/863/400 877/877/400 
f 1093/1093/400 1097/1097/400 878/878/400 876/876/400 
f 873/873/401 1098/1098/401 1094/1094/395 868/868/395 
f 867/867/398 1095/1095/398 1106/1106/402 869/869/402 
f 1105/1105/400 1096/1096/400 877/877/400 882/882/400 
f 1097/1097/400 1099/1099/400 879/879/400 878/878/400 
f 872/872/403 1100/1100/403 1098/1098/401 873/873/401 
f 1099/1099/400 1101/1101/400 880/880/400 879/879/400 
f 871/871/404 1102/1102/404 1100/1100/403 872/872/403 
f 1101/1101/400 1103/1103/400 881/881/400 880/880/400 
f 870/870/405 1104/1104/405 1102/1102/404 871/871/404 
f 1103/1103/400 1105/1105/400 882/882/400 881/881/400 
f 869/869/402 1106/1106/402 1104/1104/405 870/870/405 
o Cube:589
s 0
f 1111/1111/406 1116/1116/406 1115/1115/406 1112/1112/406 
f 1113/1113/407 1118/1118/407 1117/1117/407 1114/1114/407 
f 1119/1156/407 1132/1132/407 1131/1131/407 1120/1120/407 
f 1133/1133/406 1122/1122/406 1121/1121/406 1134/1134/406 
f 1123/1123/407 1130/1130/407 1129/1129/407 1124/1124/407 
f 1127/1127/406 1126/1126/406 1125/1125/406 1128/1128/406 
f 1109/1109/408 1107/1107/408 1112/1112/408 1115/1115/408 
f 1116/1116/409 1111/1111/409 1126/1126/409 1127/1127/409 
f 1118/1118/410 1113/1113/410 1108/1108/410 1110/1110/410 
f 1130/1130/409 1123/1123/409 1114/1114/409 1117/1117/409 
f 1124/1124/410 1129/1129/410 1132/162/410 1119/1119/410 
f 1120/1120/409 1131/1131/409 1134/1134/409 1121/1121/409 
f 1128/1128/408 1125/1125/408 1122/1122/408 1133/1133/408 
#end 824 faces

#ZOMPROPERTIES_04{
#ZOMPROPERTIES_04 table {Mesh table {SymPlane table {Point vector3d 0 0 0 Normal vector3d 1 0 0 Threshold double 0.01 
#ZOMPROPERTIES_04 Enabled bool false EdgeID int -1 SymEdgeID int -1 UPos double 0.5 LocalMode bool false } RootGroup C
#ZOMPROPERTIES_04 SubMeshGroup {Children table {Tile_0_0 CSubMeshGroup {Children table {} BBoxUV box3d 0 0 0 0 0 0 BBo
#ZOMPROPERTIES_04 x3D box3d 0 0 0 0 0 0 Area3D double 0 AreaUV double 0.804464 IsRoot bool false Properties table {Sel
#ZOMPROPERTIES_04 ected bool false Box box3d 0 1 0 1 0 1 U int 0 V int 0 NU int 0 NV int 0 Tiling vector3d 1 1 1 TileR
#ZOMPROPERTIES_04 atioMode string "1:1" Overflow string "Off" Pack table {BoxFrameEdit bool false Behavior string "Fre
#ZOMPROPERTIES_04 e" } } IsTile bool true PolyIDs ints { 125 102 84 89 92 90 86 91 88 94 85 87 93 515 519 517 522 518 
#ZOMPROPERTIES_04 521 516 520 507 511 509 514 510 513 508 512 531 536 532 537 534 538 533 535 523 528 524 529 526 530 
#ZOMPROPERTIES_04 525 527 331 332 333 361 335 334 359 360 372 355 339 338 356 342 340 341 337 357 358 362 336 319 343 
#ZOMPROPERTIES_04 344 368 350 326 327 325 349 329 328 347 348 324 322 345 346 321 320 323 330 385 386 387 415 389 390 
#ZOMPROPERTIES_04 388 413 394 395 396 410 392 391 411 412 393 409 426 414 416 373 374 375 400 378 376 377 401 402 384 
#ZOMPROPERTIES_04 404 380 381 379 397 398 403 422 383 382 399 427 428 453 430 432 454 476 456 455 431 436 437 457 435 
#ZOMPROPERTIES_04 433 451 434 452 458 438 429 439 465 445 447 446 464 450 448 467 468 444 443 469 441 440 470 442 480 
#ZOMPROPERTIES_04 466 463 449 267 268 294 308 298 272 271 297 269 270 295 276 278 292 274 275 273 293 291 277 296 255 
#ZOMPROPERTIES_04 256 257 282 304 286 262 280 279 261 263 285 265 264 283 284 259 258 281 260 266 505 481 499 503 490 
#ZOMPROPERTIES_04 502 492 484 491 482 500 504 494 498 506 497 488 495 486 485 496 487 493 483 489 501 119 127 140 132 
#ZOMPROPERTIES_04 135 133 130 134 76 81 82 77 83 311 317 312 318 316 74 79 75 80 78 309 314 310 315 313 96 104 117 107
#ZOMPROPERTIES_04  112 109 110 111 405 421 417 418 423 420 419 424 407 408 425 406 459 460 475 471 472 477 474 473 478
#ZOMPROPERTIES_04  461 462 479 351 367 363 364 352 371 354 353 370 365 366 369 812 819 820 815 821 811 817 818 816 823
#ZOMPROPERTIES_04  814 822 813 287 288 307 290 289 306 301 302 305 300 299 303 95 113 116 100 98 101 115 108 106 105 1
#ZOMPROPERTIES_04 14 99 103 97 118 129 131 128 138 139 123 126 122 120 136 121 124 137 553 642 792 639 796 795 799 803
#ZOMPROPERTIES_04  805 807 809 802 798 797 641 554 640 794 801 810 808 806 804 800 791 648 647 646 645 644 643 793 650
#ZOMPROPERTIES_04  649 549 618 752 615 756 755 759 763 765 767 769 762 758 757 617 550 616 754 761 770 768 766 764 760
#ZOMPROPERTIES_04  751 624 623 622 621 620 619 753 626 625 539 558 656 655 659 663 665 667 669 662 658 657 557 540 556
#ZOMPROPERTIES_04  654 661 670 668 666 664 660 651 555 564 563 562 561 560 559 653 566 565 652 543 582 696 695 699 703
#ZOMPROPERTIES_04  705 707 709 702 698 697 581 544 580 693 694 701 710 708 706 704 700 691 579 588 587 586 585 584 583
#ZOMPROPERTIES_04  590 589 692 545 594 716 715 719 723 725 727 729 722 718 717 593 546 592 713 714 721 730 728 726 724
#ZOMPROPERTIES_04  720 711 591 600 599 598 597 596 595 602 601 712 547 606 736 735 739 743 745 747 749 742 738 737 605
#ZOMPROPERTIES_04  548 604 733 734 741 750 748 746 744 740 731 603 612 611 610 609 608 607 614 613 732 541 570 676 675
#ZOMPROPERTIES_04  679 683 685 687 689 682 678 677 569 542 568 674 681 690 688 686 684 680 671 567 576 575 574 573 572
#ZOMPROPERTIES_04  571 673 578 577 672 551 630 772 776 775 779 783 785 787 789 782 778 777 629 552 628 774 781 790 788
#ZOMPROPERTIES_04  786 784 780 771 627 636 635 634 633 632 631 773 638 637 197 211 219 207 216 208 217 203 218 204 224
#ZOMPROPERTIES_04  209 223 205 225 213 220 202 214 221 215 212 201 198 210 222 206 199 200 226 240 248 251 253 233 247
#ZOMPROPERTIES_04  232 246 237 245 236 229 235 228 238 252 244 250 243 231 242 254 234 249 241 239 230 227 183 184 185
#ZOMPROPERTIES_04  186 187 188 189 190 191 192 193 196 195 194 155 156 157 158 159 160 161 162 163 164 165 168 167 166
#ZOMPROPERTIES_04  169 170 171 172 173 174 175 176 177 178 182 181 180 179 141 142 143 144 145 146 147 148 149 150 154
#ZOMPROPERTIES_04  153 152 151 0 10 17 4 9 8 11 18 6 7 15 16 5 1 2 19 13 14 3 12 20 23 33 34 37 27 38 35 30 28 21 29 3
#ZOMPROPERTIES_04 1 36 39 26 24 22 25 32 53 57 69 64 56 63 71 73 72 60 55 61 70 59 65 67 54 58 68 62 66 40 51 44 52 45
#ZOMPROPERTIES_04  50 41 47 42 46 49 43 48 } } } BBoxUV box3d 0 0 0 0 0 0 BBox3D box3d 0 0 0 0 0 0 Area3D double 0 Are
#ZOMPROPERTIES_04 aUV double 0 IsRoot bool true Properties table {Selected bool false Box box3d 0 1 0 1 0 1 U int 0 V 
#ZOMPROPERTIES_04 int 0 NU int 1 NV int 1 Tiling vector3d 1 1 1 TileRatioMode string "1:1" Overflow string "Off" Pack 
#ZOMPROPERTIES_04 table {Rotate table {Mode int 0 Min double 0 Max double 90 Step double 0 } PaddingSize double 0.0078
#ZOMPROPERTIES_04 125 MarginSize double 0.00390625 Resolution int 256 MapResolution int 2048 Scaling table {TexelDensi
#ZOMPROPERTIES_04 ty double 1024 Mode int 2 } LayoutScalingMode int 2 MaxMutations int 1 } } IsTile bool false PolyIDs
#ZOMPROPERTIES_04  ints { } } Maps table {Density table {PrimType string "Polygon" Size int 1 DefaultValue double 1 Sc
#ZOMPROPERTIES_04 aleType string "Log" MergeMode string "Average" MinValue double 0.1 MaxValue double 4 Data doubles {
#ZOMPROPERTIES_04  r 824 1 } } Pin table {PrimType string "Vertex" Size int 1 DefaultValue double 0 ScaleType string "
#ZOMPROPERTIES_04 Normalized" MergeMode string "Max" MinValue double 0 MaxValue double 1 Data doubles { r 1296 0 } } P
#ZOMPROPERTIES_04 rotect table {PrimType string "Vertex" Size int 1 DefaultValue double 0 ScaleType string "Normalized
#ZOMPROPERTIES_04 " MergeMode string "Average" MinValue double -1 MaxValue double 1 Data doubles { r 1296 0 } } } } }
#ZOMPROPERTIES_04}


#ZOMSCENE_01{
#ZOMSCENE_01 CScene {Settings table {AxisSystem table {UpVector string "y" } Unit string "cm" TexelDensityDisplay
#ZOMSCENE_01 Unit string "tx/cm" } }
#ZOMSCENE_01}

#begin 0 fatal error vertex (that RizomUV cannot handle)
#end 0 fatal error vertex (that RizomUV cannot handle)

#begin 0 error vertex
#end 0 error vertex
