#File written by RizomUV 2022.1.57.gfabcfb8. Compilation :Sep 28 2022,23:52:22
mtllib Abismo_v2.mtl
#begin vertices
v 29.52385 0.169848 -28.60778
v 29.51985 0.169848 -28.61178
v 29.51985 1.470758 -28.61178
v 29.52385 1.47177 -28.60778
v 29.51985 0.169848 -31.36824
v 29.52385 0.169848 -31.37224
v 29.52385 1.47177 -31.37224
v 29.51985 1.470758 -31.36824
v 31.51985 0.169848 -28.61178
v 31.51585 0.169848 -28.60778
v 31.51585 1.975543 -28.60778
v 31.51985 1.976555 -28.61178
v 31.51585 0.169848 -31.37224
v 31.51985 0.169848 -31.36824
v 31.51985 1.976555 -31.36824
v 31.51585 1.975543 -31.37224
v 31.51269 1.271812 -28.62571
v 31.51269 1.067885 -28.62571
v 31.51269 1.294785 -28.62571
v 31.51269 1.044911 -28.62571
v 31.51269 1.271812 -31.35431
v 31.51269 1.067885 -31.35431
v 31.51269 1.294785 -31.35431
v 31.51269 1.044911 -31.35431
v 31.4848 1.269812 -28.49823
v 31.48523 1.271812 -28.50023
v 31.48523 1.067885 -28.50023
v 31.4848 1.069885 -28.49823
v 29.52905 1.271812 -28.62571
v 29.52701 1.273932 -28.62571
v 29.52701 1.065764 -28.62571
v 29.52905 1.067885 -28.62571
v 29.5016 1.271812 -28.50023
v 29.50111 1.269812 -28.49823
v 29.49911 1.273906 -28.49654
v 29.5016 1.067885 -28.50023
v 29.49911 1.065791 -28.49654
v 29.50111 1.069885 -28.49823
v 31.48518 1.294785 -28.48168
v 31.4848 1.292785 -28.47968
v 31.4848 1.046911 -28.47968
v 31.48518 1.044911 -28.48168
v 29.50153 1.044911 -28.48168
v 29.50111 1.046911 -28.47968
v 29.49911 1.047011 -28.48137
v 29.50153 1.294785 -28.48168
v 29.49911 1.292686 -28.48137
v 29.50111 1.292785 -28.47968
v 29.52701 1.292666 -28.62571
v 29.52904 1.294785 -28.62571
v 29.52904 1.044911 -28.62571
v 29.52701 1.04703 -28.62571
v 31.48523 1.271812 -31.47979
v 31.4848 1.269812 -31.48179
v 31.4848 1.069885 -31.48179
v 31.48523 1.067885 -31.47979
v 29.52701 1.273932 -31.35431
v 29.52905 1.271812 -31.35431
v 29.52905 1.067885 -31.35431
v 29.52701 1.065764 -31.35431
v 29.5016 1.271812 -31.47979
v 29.49911 1.273906 -31.48348
v 29.50111 1.269812 -31.48179
v 29.5016 1.067885 -31.47979
v 29.50111 1.069885 -31.48179
v 29.49911 1.065791 -31.48348
v 31.4848 1.292785 -31.50034
v 31.48518 1.294785 -31.49834
v 31.48518 1.044911 -31.49834
v 31.4848 1.046911 -31.50034
v 29.50153 1.044911 -31.49834
v 29.49911 1.047011 -31.49865
v 29.50111 1.046911 -31.50034
v 29.50153 1.294785 -31.49834
v 29.50111 1.292785 -31.50034
v 29.49911 1.292686 -31.49865
v 29.52904 1.294785 -31.35431
v 29.52701 1.292666 -31.35431
v 29.52701 1.04703 -31.35431
v 29.52904 1.044911 -31.35431
v 30.5313 1.276421 -28.62109
v 30.5084 1.276421 -28.62109
v 30.5313 1.276421 -31.35893
v 30.5084 1.276421 -31.35893
v 30.5313 1.063275 -28.62109
v 30.5084 1.063275 -28.62109
v 30.5313 1.063275 -31.35893
v 30.5084 1.063275 -31.35893
v 30.5313 1.276421 -28.48886
v 30.5303 1.276421 -28.48754
v 30.5313 1.346643 -28.55005
v 30.5303 1.347305 -28.5493
v 30.5303 1.427441 -28.62109
v 30.5313 1.425942 -28.62109
v 30.5094 1.276421 -28.48754
v 30.5084 1.276421 -28.48886
v 30.5084 1.346643 -28.55005
v 30.5094 1.347305 -28.5493
v 30.5084 1.425942 -28.62109
v 30.5094 1.427441 -28.62109
v 30.5303 1.276421 -31.49248
v 30.5313 1.276421 -31.49116
v 30.5303 1.347305 -31.43072
v 30.5313 1.346643 -31.42997
v 30.5313 1.425942 -31.35893
v 30.5303 1.427441 -31.35893
v 30.5084 1.276421 -31.49116
v 30.5094 1.276421 -31.49248
v 30.5094 1.347305 -31.43072
v 30.5084 1.346643 -31.42997
v 30.5094 1.427441 -31.35893
v 30.5084 1.425942 -31.35893
v 30.5303 1.063275 -28.48754
v 30.5313 1.063275 -28.48886
v 30.5303 0.992392 -28.5493
v 30.5313 0.993054 -28.55005
v 30.5313 0.913755 -28.62109
v 30.5303 0.912256 -28.62109
v 30.5084 1.063275 -28.48886
v 30.5094 1.063275 -28.48754
v 30.5094 0.992392 -28.5493
v 30.5084 0.993054 -28.55005
v 30.5094 0.912256 -28.62109
v 30.5084 0.913755 -28.62109
v 30.5313 1.063275 -31.49116
v 30.5303 1.063275 -31.49248
v 30.5313 0.993054 -31.42997
v 30.5303 0.992392 -31.43072
v 30.5303 0.912256 -31.35893
v 30.5313 0.913755 -31.35893
v 30.5094 1.063275 -31.49248
v 30.5084 1.063275 -31.49116
v 30.5084 0.993054 -31.42997
v 30.5094 0.992392 -31.43072
v 30.5084 0.913755 -31.35893
v 30.5094 0.912256 -31.35893
v 31.30753 1.276421 -28.62109
v 31.28463 1.276421 -28.62109
v 31.30753 1.276421 -31.35893
v 31.28463 1.276421 -31.35893
v 31.30753 1.063275 -28.62109
v 31.28463 1.063275 -28.62109
v 31.30753 1.063275 -31.35893
v 31.28463 1.063275 -31.35893
v 31.30753 1.276421 -28.48886
v 31.30653 1.276421 -28.48754
v 31.30753 1.346643 -28.55005
v 31.30653 1.347305 -28.5493
v 31.30653 1.427441 -28.62109
v 31.30753 1.425942 -28.62109
v 31.28563 1.276421 -28.48754
v 31.28463 1.276421 -28.48886
v 31.28463 1.346643 -28.55005
v 31.28563 1.347305 -28.5493
v 31.28463 1.425942 -28.62109
v 31.28563 1.427441 -28.62109
v 31.30653 1.276421 -31.49248
v 31.30753 1.276421 -31.49116
v 31.30653 1.347305 -31.43072
v 31.30753 1.346643 -31.42997
v 31.30753 1.425942 -31.35893
v 31.30653 1.427441 -31.35893
v 31.28463 1.276421 -31.49116
v 31.28563 1.276421 -31.49248
v 31.28563 1.347305 -31.43072
v 31.28463 1.346643 -31.42997
v 31.28563 1.427441 -31.35893
v 31.28463 1.425942 -31.35893
v 31.30653 1.063275 -28.48754
v 31.30753 1.063275 -28.48886
v 31.30653 0.992392 -28.5493
v 31.30753 0.993054 -28.55005
v 31.30753 0.913755 -28.62109
v 31.30653 0.912256 -28.62109
v 31.28463 1.063275 -28.48886
v 31.28563 1.063275 -28.48754
v 31.28563 0.992392 -28.5493
v 31.28463 0.993054 -28.55005
v 31.28563 0.912256 -28.62109
v 31.28463 0.913755 -28.62109
v 31.30753 1.063275 -31.49116
v 31.30653 1.063275 -31.49248
v 31.30753 0.993054 -31.42997
v 31.30653 0.992392 -31.43072
v 31.30653 0.912256 -31.35893
v 31.30753 0.913755 -31.35893
v 31.28563 1.063275 -31.49248
v 31.28463 1.063275 -31.49116
v 31.28463 0.993054 -31.42997
v 31.28563 0.992392 -31.43072
v 31.28463 0.913755 -31.35893
v 31.28563 0.912256 -31.35893
v 29.89413 1.276421 -28.62109
v 29.87123 1.276421 -28.62109
v 29.89413 1.276421 -31.35893
v 29.87123 1.276421 -31.35893
v 29.89413 1.063275 -28.62109
v 29.87123 1.063275 -28.62109
v 29.89413 1.063275 -31.35893
v 29.87123 1.063275 -31.35893
v 29.89413 1.276421 -28.48886
v 29.89313 1.276421 -28.48754
v 29.89413 1.346643 -28.55005
v 29.89313 1.347305 -28.5493
v 29.89313 1.427441 -28.62109
v 29.89413 1.425942 -28.62109
v 29.87223 1.276421 -28.48754
v 29.87123 1.276421 -28.48886
v 29.87123 1.346643 -28.55005
v 29.87223 1.347305 -28.5493
v 29.87123 1.425942 -28.62109
v 29.87223 1.427441 -28.62109
v 29.89313 1.276421 -31.49248
v 29.89413 1.276421 -31.49116
v 29.89313 1.347305 -31.43072
v 29.89413 1.346643 -31.42997
v 29.89413 1.425942 -31.35893
v 29.89313 1.427441 -31.35893
v 29.87123 1.276421 -31.49116
v 29.87223 1.276421 -31.49248
v 29.87223 1.347305 -31.43072
v 29.87123 1.346643 -31.42997
v 29.87223 1.427441 -31.35893
v 29.87123 1.425942 -31.35893
v 29.89313 1.063275 -28.48754
v 29.89413 1.063275 -28.48886
v 29.89313 0.992392 -28.5493
v 29.89413 0.993054 -28.55005
v 29.89413 0.913755 -28.62109
v 29.89313 0.912256 -28.62109
v 29.87123 1.063275 -28.48886
v 29.87223 1.063275 -28.48754
v 29.87223 0.992392 -28.5493
v 29.87123 0.993054 -28.55005
v 29.87223 0.912256 -28.62109
v 29.87123 0.913755 -28.62109
v 29.89413 1.063275 -31.49116
v 29.89313 1.063275 -31.49248
v 29.89413 0.993054 -31.42997
v 29.89313 0.992392 -31.43072
v 29.89313 0.912256 -31.35893
v 29.89413 0.913755 -31.35893
v 29.87223 1.063275 -31.49248
v 29.87123 1.063275 -31.49116
v 29.87123 0.993054 -31.42997
v 29.87223 0.992392 -31.43072
v 29.87123 0.913755 -31.35893
v 29.87223 0.912256 -31.35893
v 29.46652 1.29183 -28.6618
v 29.47841 1.29313 -28.6618
v 29.38987 1.260248 -28.66181
v 29.54508 1.29313 -28.6618
v 29.45306 1.288278 -28.6618
v 29.44165 1.283427 -28.6618
v 29.40004 1.265921 -28.66181
v 29.41202 1.271347 -28.6618
v 29.54508 1.267244 -28.6618
v 29.38987 1.240348 -28.66181
v 29.46652 1.265944 -28.6618
v 29.45306 1.262392 -28.6618
v 29.44165 1.257541 -28.6618
v 29.47841 1.267244 -28.6618
v 29.40004 1.241591 -28.66181
v 29.41202 1.245461 -28.6618
v 29.54508 1.294181 -28.69043
v 29.47841 1.294181 -28.69043
v 29.46652 1.292881 -28.69043
v 29.45306 1.289329 -28.69043
v 29.44165 1.284477 -28.69043
v 29.41202 1.272398 -28.69043
v 29.40004 1.266909 -28.69043
v 29.38987 1.261056 -28.69043
v 29.54508 1.267762 -28.69043
v 29.47841 1.267762 -28.69043
v 29.46652 1.266462 -28.69043
v 29.45306 1.262911 -28.69043
v 29.44165 1.258059 -28.69043
v 29.41202 1.245979 -28.69043
v 29.40004 1.242078 -28.69043
v 29.38987 1.240746 -28.69043
v 29.46652 1.29183 -31.31821
v 29.47841 1.29313 -31.31821
v 29.38987 1.260248 -31.31821
v 29.54508 1.29313 -31.31821
v 29.45306 1.288278 -31.31821
v 29.44165 1.283427 -31.31821
v 29.40004 1.265921 -31.31821
v 29.41202 1.271347 -31.31821
v 29.54508 1.267244 -31.31821
v 29.38987 1.240348 -31.31821
v 29.46652 1.265944 -31.31821
v 29.45306 1.262392 -31.31821
v 29.44165 1.257541 -31.31821
v 29.47841 1.267244 -31.31821
v 29.40004 1.241591 -31.31821
v 29.41202 1.245461 -31.31821
v 29.54508 1.294181 -31.28959
v 29.47841 1.294181 -31.28959
v 29.46652 1.292881 -31.28959
v 29.45306 1.289329 -31.28959
v 29.44165 1.284477 -31.28959
v 29.41202 1.272398 -31.28959
v 29.40004 1.266909 -31.28959
v 29.38987 1.261056 -31.28959
v 29.54508 1.267762 -31.28959
v 29.47841 1.267762 -31.28959
v 29.46652 1.266462 -31.28959
v 29.45306 1.262911 -31.28959
v 29.44165 1.258059 -31.28959
v 29.41202 1.245979 -31.28959
v 29.40004 1.242078 -31.28959
v 29.38987 1.240746 -31.28959
v 29.54508 1.244478 -28.6618
v 29.54508 1.241344 -28.6648
v 29.54508 1.327054 -28.6648
v 29.54508 1.323808 -28.6618
v 29.54508 1.241344 -28.68743
v 29.54508 1.244478 -28.69043
v 29.54508 1.323808 -28.69043
v 29.54508 1.327054 -28.68743
v 29.47841 1.241344 -28.6648
v 29.47841 1.244484 -28.6618
v 29.44165 1.234849 -28.6618
v 29.44165 1.231641 -28.6648
v 29.46652 1.2432 -28.6618
v 29.46652 1.240044 -28.6648
v 29.45306 1.239673 -28.6618
v 29.45306 1.236493 -28.6648
v 29.47841 1.323799 -28.6618
v 29.47841 1.327054 -28.6648
v 29.44165 1.317351 -28.6648
v 29.44165 1.313947 -28.6618
v 29.46652 1.325754 -28.6648
v 29.46652 1.322469 -28.6618
v 29.45306 1.322203 -28.6648
v 29.45306 1.318867 -28.6618
v 29.44165 1.231641 -28.68743
v 29.44165 1.234849 -28.69043
v 29.47841 1.244484 -28.69043
v 29.47841 1.241344 -28.68743
v 29.45306 1.236493 -28.68743
v 29.45306 1.239673 -28.69043
v 29.46652 1.240044 -28.68743
v 29.46652 1.2432 -28.69043
v 29.47841 1.327054 -28.68743
v 29.47841 1.323799 -28.69043
v 29.44165 1.313947 -28.69043
v 29.44165 1.317351 -28.68743
v 29.46652 1.322469 -28.69043
v 29.46652 1.325754 -28.68743
v 29.45306 1.318867 -28.69043
v 29.45306 1.322203 -28.68743
v 29.41202 1.222793 -28.69043
v 29.41202 1.219561 -28.68743
v 29.3807 1.240618 -28.68743
v 29.38377 1.240661 -28.69043
v 29.40004 1.217248 -28.68743
v 29.40004 1.220507 -28.69043
v 29.39274 1.219539 -28.68743
v 29.38796 1.222748 -28.68743
v 29.38987 1.223739 -28.69043
v 29.38626 1.228162 -28.69043
v 29.38308 1.228644 -28.68743
v 29.38377 1.240528 -28.66181
v 29.3807 1.240618 -28.6648
v 29.41202 1.219561 -28.6648
v 29.41202 1.222793 -28.6618
v 29.38622 1.22821 -28.66181
v 29.38308 1.228644 -28.6648
v 29.39274 1.219539 -28.6648
v 29.38987 1.223739 -28.66181
v 29.38796 1.222748 -28.6648
v 29.40004 1.220507 -28.66181
v 29.40004 1.217248 -28.6648
v 29.41202 1.301787 -28.6618
v 29.41202 1.305271 -28.6648
v 29.3807 1.258662 -28.6648
v 29.38377 1.259193 -28.66181
v 29.40004 1.297807 -28.6648
v 29.40004 1.294217 -28.66181
v 29.38987 1.286328 -28.6648
v 29.38987 1.2826 -28.66181
v 29.38664 1.275933 -28.66181
v 29.38308 1.272582 -28.6648
v 29.38377 1.259465 -28.69043
v 29.3807 1.258662 -28.68743
v 29.41202 1.305271 -28.68743
v 29.41202 1.301787 -28.69043
v 29.38658 1.275815 -28.69043
v 29.38308 1.272582 -28.68743
v 29.38987 1.2826 -28.69043
v 29.38987 1.286328 -28.68743
v 29.40004 1.294217 -28.69043
v 29.40004 1.297807 -28.68743
v 29.54508 1.241344 -31.31521
v 29.54508 1.244478 -31.31821
v 29.54508 1.323808 -31.31821
v 29.54508 1.327054 -31.31521
v 29.54508 1.244478 -31.28959
v 29.54508 1.241344 -31.29259
v 29.54508 1.327054 -31.29259
v 29.54508 1.323808 -31.28959
v 29.47841 1.244484 -31.31821
v 29.47841 1.241344 -31.31521
v 29.44165 1.231641 -31.31521
v 29.44165 1.234849 -31.31821
v 29.46652 1.240044 -31.31521
v 29.46652 1.2432 -31.31821
v 29.45306 1.236493 -31.31521
v 29.45306 1.239673 -31.31821
v 29.47841 1.327054 -31.31521
v 29.47841 1.323799 -31.31821
v 29.44165 1.313947 -31.31821
v 29.44165 1.317351 -31.31521
v 29.46652 1.322469 -31.31821
v 29.46652 1.325754 -31.31521
v 29.45306 1.318867 -31.31821
v 29.45306 1.322203 -31.31521
v 29.44165 1.234849 -31.28959
v 29.44165 1.231641 -31.29259
v 29.47841 1.241344 -31.29259
v 29.47841 1.244484 -31.28959
v 29.45306 1.239673 -31.28959
v 29.45306 1.236493 -31.29259
v 29.46652 1.2432 -31.28959
v 29.46652 1.240044 -31.29259
v 29.47841 1.323799 -31.28959
v 29.47841 1.327054 -31.29259
v 29.44165 1.317351 -31.29259
v 29.44165 1.313947 -31.28959
v 29.46652 1.325754 -31.29259
v 29.46652 1.322469 -31.28959
v 29.45306 1.322203 -31.29259
v 29.45306 1.318867 -31.28959
v 29.41202 1.219561 -31.29259
v 29.41202 1.222793 -31.28959
v 29.38377 1.240661 -31.28959
v 29.3807 1.240618 -31.29259
v 29.40004 1.220507 -31.28959
v 29.40004 1.217248 -31.29259
v 29.38987 1.223739 -31.28959
v 29.38796 1.222748 -31.29259
v 29.39274 1.219539 -31.29259
v 29.38626 1.228162 -31.28959
v 29.38308 1.228644 -31.29259
v 29.3807 1.240618 -31.31521
v 29.38377 1.240528 -31.31821
v 29.41202 1.222793 -31.31821
v 29.41202 1.219561 -31.31521
v 29.38622 1.22821 -31.31821
v 29.38308 1.228644 -31.31521
v 29.39274 1.219539 -31.31521
v 29.38796 1.222748 -31.31521
v 29.38987 1.223739 -31.31821
v 29.40004 1.217248 -31.31521
v 29.40004 1.220507 -31.31821
v 29.41202 1.305271 -31.31521
v 29.41202 1.301787 -31.31821
v 29.38377 1.259193 -31.31821
v 29.3807 1.258662 -31.31521
v 29.40004 1.294217 -31.31821
v 29.40004 1.297807 -31.31521
v 29.38987 1.2826 -31.31821
v 29.38987 1.286328 -31.31521
v 29.38664 1.275933 -31.31821
v 29.38308 1.272582 -31.31521
v 29.3807 1.258662 -31.29259
v 29.38377 1.259465 -31.28959
v 29.41202 1.301787 -31.28959
v 29.41202 1.305271 -31.29259
v 29.38658 1.275815 -31.28959
v 29.38308 1.272582 -31.29259
v 29.38987 1.286328 -31.29259
v 29.38987 1.2826 -31.28959
v 29.40004 1.297807 -31.29259
v 29.40004 1.294217 -31.28959
v 29.40603 1.235602 -28.66713
v 29.40603 1.235602 -31.31289
v 29.39791 1.237219 -28.66713
v 29.39791 1.237218 -31.31289
v 29.39101 1.241823 -28.66713
v 29.39101 1.241822 -31.31289
v 29.38641 1.248713 -28.66713
v 29.38641 1.248713 -31.31289
v 29.38479 1.256841 -28.66713
v 29.38479 1.256841 -31.31289
v 29.38641 1.264969 -28.66713
v 29.38641 1.264969 -31.31289
v 29.39101 1.271859 -28.66713
v 29.39101 1.271859 -31.31289
v 29.39791 1.276463 -28.66713
v 29.39791 1.276463 -31.31289
v 29.40603 1.27808 -28.66713
v 29.40603 1.27808 -31.31289
v 29.41416 1.276463 -28.66713
v 29.41416 1.276463 -31.31289
v 29.42105 1.271859 -28.66713
v 29.42105 1.271859 -31.31289
v 29.42565 1.264969 -28.66713
v 29.42565 1.264969 -31.31289
v 29.42727 1.256841 -28.66713
v 29.42727 1.256841 -31.31289
v 29.42565 1.248713 -28.66713
v 29.42565 1.248713 -31.31289
v 29.42105 1.241823 -28.66713
v 29.42105 1.241822 -31.31289
v 29.41416 1.237219 -28.66713
v 29.41416 1.237218 -31.31289
v 29.48984 1.461918 -29.99001
v 31.54986 1.982892 -29.99001
v 29.49178 1.462408 -28.5663
v 29.48984 1.461918 -28.5683
v 29.48984 1.461918 -31.41172
v 29.49178 1.462408 -31.41371
v 31.54986 1.982892 -28.5683
v 31.54792 1.982401 -28.5663
v 31.54792 1.982401 -31.41371
v 31.54986 1.982892 -31.41172
v 29.48323 1.49698 -28.56777
v 29.4816 1.494506 -28.5683
v 29.48354 1.494997 -28.5663
v 29.48323 1.49698 -31.41225
v 29.48354 1.494997 -31.41371
v 29.4816 1.494506 -31.41172
v 31.53901 2.016884 -31.41225
v 31.54162 2.015481 -31.41172
v 31.53968 2.01499 -31.41371
v 31.53901 2.016884 -28.56777
v 31.53968 2.01499 -28.5663
v 31.54162 2.015481 -28.5683
v 29.4816 1.494506 -29.99001
v 29.48322 1.496979 -29.99001
v 31.54162 2.015481 -29.99001
v 31.53902 2.016886 -29.99001
v 31.4682 2.000364 -29.94166
v 31.47163 2.000921 -29.93969
v 31.47577 2.000892 -29.94469
v 29.55338 1.516111 -29.94166
v 29.54646 1.512972 -29.94469
v 29.55009 1.514968 -29.93969
v 29.55009 1.514968 -28.61663
v 29.54646 1.512972 -28.61163
v 29.55338 1.516111 -28.61465
v 31.47163 2.000921 -28.61663
v 31.4682 2.000364 -28.61465
v 31.47577 2.000892 -28.61163
v 31.4682 2.000364 -31.36537
v 31.47163 2.000921 -31.36339
v 31.47577 2.000892 -31.36839
v 29.55338 1.516111 -31.36537
v 29.54646 1.512972 -31.36839
v 29.55009 1.514968 -31.36339
v 29.55009 1.514968 -30.04033
v 29.54646 1.512972 -30.03533
v 29.55338 1.516111 -30.03836
v 31.47163 2.000921 -30.04033
v 31.4682 2.000364 -30.03836
v 31.47577 2.000892 -30.03533
v 31.40224 2.020873 -29.90205
v 31.40072 2.021877 -29.89857
v 31.40456 2.021773 -29.89941
v 29.60166 1.56551 -29.90205
v 29.59918 1.565196 -29.89941
v 29.60252 1.567116 -29.89857
v 29.59918 1.565196 -28.6569
v 29.60166 1.56551 -28.65426
v 29.60252 1.567116 -28.65774
v 31.40456 2.021773 -28.6569
v 31.40072 2.021877 -28.65774
v 31.40224 2.020872 -28.65426
v 31.40224 2.020873 -31.32575
v 31.40072 2.021877 -31.32228
v 31.40456 2.021773 -31.32312
v 29.60166 1.56551 -31.32575
v 29.59918 1.565196 -31.32312
v 29.60252 1.567116 -31.32228
v 29.59918 1.565196 -30.08061
v 29.60166 1.56551 -30.07797
v 29.60252 1.567116 -30.08145
v 31.40456 2.021773 -30.08061
v 31.40072 2.021877 -30.08145
v 31.40224 2.020872 -30.07797
v 29.71669 0.129941 -28.74636
v 29.69504 0.134247 -28.74636
v 29.67339 0.129941 -28.74636
v 29.65504 0.117678 -28.74636
v 29.64278 0.099325 -28.74636
v 29.63847 0.077677 -28.74636
v 29.64278 0.056028 -28.74636
v 29.65504 0.037675 -28.74636
v 29.67339 0.025412 -28.74636
v 29.69504 0.021106 -28.74636
v 29.71669 0.025412 -28.74636
v 29.73504 0.037675 -28.74636
v 29.74731 0.056028 -28.74636
v 29.75161 0.077677 -28.74636
v 29.74731 0.099325 -28.74636
v 29.73504 0.117678 -28.74636
v 29.69504 0.134247 -28.78593
v 29.71669 0.129941 -28.78593
v 29.73504 0.117678 -28.78593
v 29.74731 0.099325 -28.78593
v 29.75161 0.077677 -28.78593
v 29.74731 0.056028 -28.78593
v 29.73504 0.037675 -28.78593
v 29.71669 0.025412 -28.78593
v 29.69504 0.021106 -28.78593
v 29.67339 0.025412 -28.78593
v 29.65504 0.037675 -28.78593
v 29.64278 0.056028 -28.78593
v 29.63847 0.077677 -28.78593
v 29.64278 0.099325 -28.78593
v 29.65504 0.117678 -28.78593
v 29.67339 0.129941 -28.78593
v 29.73834 0.077677 -28.78593
v 29.71847 0.077677 -28.78593
v 29.69504 0.077677 -28.78593
v 29.67161 0.077677 -28.78593
v 29.65174 0.077677 -28.78593
v 29.65174 0.077677 -28.74636
v 29.67161 0.077677 -28.74636
v 29.69504 0.077677 -28.74636
v 29.71847 0.077677 -28.74636
v 29.73834 0.077677 -28.74636
v 29.69504 0.141909 -28.78593
v 29.69504 0.153165 -28.77489
v 29.69504 0.147537 -28.78445
v 29.69504 0.151657 -28.78041
v 29.69504 0.153165 -28.75739
v 29.69504 0.141909 -28.74636
v 29.69504 0.151657 -28.75187
v 29.69504 0.147537 -28.74783
v 29.72393 0.147419 -28.77489
v 29.71962 0.137019 -28.78593
v 29.72335 0.146026 -28.78041
v 29.72177 0.142219 -28.78445
v 29.71962 0.137019 -28.74636
v 29.72393 0.147419 -28.75739
v 29.72177 0.142219 -28.74783
v 29.72335 0.146026 -28.75187
v 29.74842 0.131055 -28.77489
v 29.74046 0.123096 -28.78593
v 29.74735 0.129989 -28.78041
v 29.74444 0.127075 -28.78445
v 29.74046 0.123096 -28.74636
v 29.74842 0.131055 -28.75739
v 29.74444 0.127075 -28.74783
v 29.74735 0.129989 -28.75187
v 29.76478 0.106565 -28.77489
v 29.75438 0.102257 -28.78593
v 29.76339 0.105988 -28.78041
v 29.75958 0.104411 -28.78445
v 29.75438 0.102257 -28.74636
v 29.76478 0.106565 -28.75739
v 29.75958 0.104411 -28.74783
v 29.76339 0.105988 -28.75187
v 29.77053 0.077677 -28.77489
v 29.75927 0.077677 -28.78593
v 29.76902 0.077677 -28.78041
v 29.7649 0.077677 -28.78445
v 29.75927 0.077677 -28.74636
v 29.77053 0.077677 -28.75739
v 29.7649 0.077677 -28.74783
v 29.76902 0.077677 -28.75187
v 29.76478 0.048789 -28.77489
v 29.75438 0.053096 -28.78593
v 29.76339 0.049366 -28.78041
v 29.75958 0.050942 -28.78445
v 29.75438 0.053096 -28.74636
v 29.76478 0.048789 -28.75739
v 29.75958 0.050942 -28.74783
v 29.76339 0.049366 -28.75187
v 29.74842 0.024298 -28.77489
v 29.74046 0.032258 -28.78593
v 29.74735 0.025365 -28.78041
v 29.74444 0.028278 -28.78445
v 29.74046 0.032258 -28.74636
v 29.74842 0.024298 -28.75739
v 29.74444 0.028278 -28.74783
v 29.74735 0.025365 -28.75187
v 29.72393 0.007934 -28.77489
v 29.71962 0.018334 -28.78593
v 29.72335 0.009328 -28.78041
v 29.72177 0.013134 -28.78445
v 29.71962 0.018334 -28.74636
v 29.72393 0.007934 -28.75739
v 29.72177 0.013134 -28.74783
v 29.72335 0.009328 -28.75187
v 29.69504 0.002188 -28.77489
v 29.69504 0.013445 -28.78593
v 29.69504 0.003696 -28.78041
v 29.69504 0.007816 -28.78445
v 29.69504 0.013445 -28.74636
v 29.69504 0.002188 -28.75739
v 29.69504 0.007816 -28.74783
v 29.69504 0.003696 -28.75187
v 29.66615 0.007934 -28.77489
v 29.67046 0.018334 -28.78593
v 29.66673 0.009328 -28.78041
v 29.66831 0.013134 -28.78445
v 29.67046 0.018334 -28.74636
v 29.66615 0.007934 -28.75739
v 29.66831 0.013134 -28.74783
v 29.66673 0.009328 -28.75187
v 29.64166 0.024298 -28.77489
v 29.64962 0.032258 -28.78593
v 29.64273 0.025365 -28.78041
v 29.64564 0.028278 -28.78445
v 29.64962 0.032258 -28.74636
v 29.64166 0.024298 -28.75739
v 29.64564 0.028278 -28.74783
v 29.64273 0.025365 -28.75187
v 29.6253 0.048789 -28.77489
v 29.6357 0.053096 -28.78593
v 29.62669 0.049366 -28.78041
v 29.6305 0.050942 -28.78445
v 29.6357 0.053096 -28.74636
v 29.6253 0.048789 -28.75739
v 29.6305 0.050942 -28.74783
v 29.62669 0.049366 -28.75187
v 29.61955 0.077677 -28.77489
v 29.63081 0.077677 -28.78593
v 29.62106 0.077677 -28.78041
v 29.62518 0.077677 -28.78445
v 29.63081 0.077677 -28.74636
v 29.61955 0.077677 -28.75739
v 29.62518 0.077677 -28.74783
v 29.62106 0.077677 -28.75187
v 29.6253 0.106565 -28.77489
v 29.6357 0.102257 -28.78593
v 29.62669 0.105988 -28.78041
v 29.6305 0.104411 -28.78445
v 29.6357 0.102257 -28.74636
v 29.6253 0.106565 -28.75739
v 29.6305 0.104411 -28.74783
v 29.62669 0.105988 -28.75187
v 29.64166 0.131055 -28.77489
v 29.64962 0.123096 -28.78593
v 29.64273 0.129989 -28.78041
v 29.64564 0.127075 -28.78445
v 29.64962 0.123096 -28.74636
v 29.64166 0.131055 -28.75739
v 29.64564 0.127075 -28.74783
v 29.64273 0.129989 -28.75187
v 29.66615 0.147419 -28.77489
v 29.67046 0.137019 -28.78593
v 29.66673 0.146026 -28.78041
v 29.66831 0.142219 -28.78445
v 29.67046 0.137019 -28.74636
v 29.66615 0.147419 -28.75739
v 29.66831 0.142219 -28.74783
v 29.66673 0.146026 -28.75187
v 31.32301 0.129941 -28.74636
v 31.34466 0.134247 -28.74636
v 31.36631 0.129941 -28.74636
v 31.38466 0.117678 -28.74636
v 31.39692 0.099325 -28.74636
v 31.40123 0.077677 -28.74636
v 31.39692 0.056028 -28.74636
v 31.38466 0.037675 -28.74636
v 31.36631 0.025412 -28.74636
v 31.34466 0.021106 -28.74636
v 31.32301 0.025412 -28.74636
v 31.30466 0.037675 -28.74636
v 31.29239 0.056028 -28.74636
v 31.28809 0.077677 -28.74636
v 31.29239 0.099325 -28.74636
v 31.30466 0.117678 -28.74636
v 31.34466 0.134247 -28.78593
v 31.32301 0.129941 -28.78593
v 31.30466 0.117678 -28.78593
v 31.29239 0.099325 -28.78593
v 31.28809 0.077677 -28.78593
v 31.29239 0.056028 -28.78593
v 31.30466 0.037675 -28.78593
v 31.32301 0.025412 -28.78593
v 31.34466 0.021106 -28.78593
v 31.36631 0.025412 -28.78593
v 31.38466 0.037675 -28.78593
v 31.39692 0.056028 -28.78593
v 31.40123 0.077677 -28.78593
v 31.39692 0.099325 -28.78593
v 31.38466 0.117678 -28.78593
v 31.36631 0.129941 -28.78593
v 31.30136 0.077677 -28.78593
v 31.32123 0.077677 -28.78593
v 31.34466 0.077677 -28.78593
v 31.36809 0.077677 -28.78593
v 31.38796 0.077677 -28.78593
v 31.38796 0.077677 -28.74636
v 31.36809 0.077677 -28.74636
v 31.34466 0.077677 -28.74636
v 31.32123 0.077677 -28.74636
v 31.30136 0.077677 -28.74636
v 31.34466 0.141909 -28.78593
v 31.34466 0.153165 -28.77489
v 31.34466 0.147537 -28.78445
v 31.34466 0.151657 -28.78041
v 31.34466 0.153165 -28.75739
v 31.34466 0.141909 -28.74636
v 31.34466 0.151657 -28.75187
v 31.34466 0.147537 -28.74783
v 31.31577 0.147419 -28.77489
v 31.32008 0.137019 -28.78593
v 31.31635 0.146026 -28.78041
v 31.31792 0.142219 -28.78445
v 31.32008 0.137019 -28.74636
v 31.31577 0.147419 -28.75739
v 31.31792 0.142219 -28.74783
v 31.31635 0.146026 -28.75187
v 31.29128 0.131055 -28.77489
v 31.29924 0.123096 -28.78593
v 31.29235 0.129989 -28.78041
v 31.29526 0.127075 -28.78445
v 31.29924 0.123096 -28.74636
v 31.29128 0.131055 -28.75739
v 31.29526 0.127075 -28.74783
v 31.29235 0.129989 -28.75187
v 31.27492 0.106565 -28.77489
v 31.28532 0.102257 -28.78593
v 31.27631 0.105988 -28.78041
v 31.28012 0.104411 -28.78445
v 31.28532 0.102257 -28.74636
v 31.27492 0.106565 -28.75739
v 31.28012 0.104411 -28.74783
v 31.27631 0.105988 -28.75187
v 31.26917 0.077677 -28.77489
v 31.28043 0.077677 -28.78593
v 31.27068 0.077677 -28.78041
v 31.2748 0.077677 -28.78445
v 31.28043 0.077677 -28.74636
v 31.26917 0.077677 -28.75739
v 31.2748 0.077677 -28.74783
v 31.27068 0.077677 -28.75187
v 31.27492 0.048789 -28.77489
v 31.28532 0.053096 -28.78593
v 31.27631 0.049366 -28.78041
v 31.28012 0.050942 -28.78445
v 31.28532 0.053096 -28.74636
v 31.27492 0.048789 -28.75739
v 31.28012 0.050942 -28.74783
v 31.27631 0.049366 -28.75187
v 31.29128 0.024298 -28.77489
v 31.29924 0.032258 -28.78593
v 31.29235 0.025365 -28.78041
v 31.29526 0.028278 -28.78445
v 31.29924 0.032258 -28.74636
v 31.29128 0.024298 -28.75739
v 31.29526 0.028278 -28.74783
v 31.29235 0.025365 -28.75187
v 31.31577 0.007934 -28.77489
v 31.32008 0.018334 -28.78593
v 31.31635 0.009328 -28.78041
v 31.31792 0.013134 -28.78445
v 31.32008 0.018334 -28.74636
v 31.31577 0.007934 -28.75739
v 31.31792 0.013134 -28.74783
v 31.31635 0.009328 -28.75187
v 31.34466 0.002188 -28.77489
v 31.34466 0.013445 -28.78593
v 31.34466 0.003696 -28.78041
v 31.34466 0.007816 -28.78445
v 31.34466 0.013445 -28.74636
v 31.34466 0.002188 -28.75739
v 31.34466 0.007816 -28.74783
v 31.34466 0.003696 -28.75187
v 31.37355 0.007934 -28.77489
v 31.36924 0.018334 -28.78593
v 31.37297 0.009328 -28.78041
v 31.37139 0.013134 -28.78445
v 31.36924 0.018334 -28.74636
v 31.37355 0.007934 -28.75739
v 31.37139 0.013134 -28.74783
v 31.37297 0.009328 -28.75187
v 31.39804 0.024298 -28.77489
v 31.39008 0.032258 -28.78593
v 31.39697 0.025365 -28.78041
v 31.39406 0.028278 -28.78445
v 31.39008 0.032258 -28.74636
v 31.39804 0.024298 -28.75739
v 31.39406 0.028278 -28.74783
v 31.39697 0.025365 -28.75187
v 31.4144 0.048789 -28.77489
v 31.404 0.053096 -28.78593
v 31.41301 0.049366 -28.78041
v 31.4092 0.050942 -28.78445
v 31.404 0.053096 -28.74636
v 31.4144 0.048789 -28.75739
v 31.4092 0.050942 -28.74783
v 31.41301 0.049366 -28.75187
v 31.42015 0.077677 -28.77489
v 31.40889 0.077677 -28.78593
v 31.41864 0.077677 -28.78041
v 31.41452 0.077677 -28.78445
v 31.40889 0.077677 -28.74636
v 31.42015 0.077677 -28.75739
v 31.41452 0.077677 -28.74783
v 31.41864 0.077677 -28.75187
v 31.4144 0.106565 -28.77489
v 31.404 0.102257 -28.78593
v 31.41301 0.105988 -28.78041
v 31.4092 0.104411 -28.78445
v 31.404 0.102257 -28.74636
v 31.4144 0.106565 -28.75739
v 31.4092 0.104411 -28.74783
v 31.41301 0.105988 -28.75187
v 31.39804 0.131055 -28.77489
v 31.39008 0.123096 -28.78593
v 31.39697 0.129989 -28.78041
v 31.39406 0.127075 -28.78445
v 31.39008 0.123096 -28.74636
v 31.39804 0.131055 -28.75739
v 31.39406 0.127075 -28.74783
v 31.39697 0.129989 -28.75187
v 31.37355 0.147419 -28.77489
v 31.36924 0.137019 -28.78593
v 31.37297 0.146026 -28.78041
v 31.37139 0.142219 -28.78445
v 31.36924 0.137019 -28.74636
v 31.37355 0.147419 -28.75739
v 31.37139 0.142219 -28.74783
v 31.37297 0.146026 -28.75187
v 29.71669 0.129941 -31.23366
v 29.69504 0.134247 -31.23366
v 29.67339 0.129941 -31.23366
v 29.65504 0.117678 -31.23366
v 29.64278 0.099325 -31.23366
v 29.63847 0.077677 -31.23366
v 29.64278 0.056028 -31.23366
v 29.65504 0.037675 -31.23366
v 29.67339 0.025412 -31.23366
v 29.69504 0.021106 -31.23366
v 29.71669 0.025412 -31.23366
v 29.73504 0.037675 -31.23366
v 29.74731 0.056028 -31.23366
v 29.75161 0.077677 -31.23366
v 29.74731 0.099325 -31.23366
v 29.73504 0.117678 -31.23366
v 29.69504 0.134247 -31.19409
v 29.71669 0.129941 -31.19409
v 29.73504 0.117678 -31.19409
v 29.74731 0.099325 -31.19409
v 29.75161 0.077677 -31.19409
v 29.74731 0.056028 -31.19409
v 29.73504 0.037675 -31.19409
v 29.71669 0.025412 -31.19409
v 29.69504 0.021106 -31.19409
v 29.67339 0.025412 -31.19409
v 29.65504 0.037675 -31.19409
v 29.64278 0.056028 -31.19409
v 29.63847 0.077677 -31.19409
v 29.64278 0.099325 -31.19409
v 29.65504 0.117678 -31.19409
v 29.67339 0.129941 -31.19409
v 29.73834 0.077677 -31.19409
v 29.71847 0.077677 -31.19409
v 29.69504 0.077677 -31.19409
v 29.67161 0.077677 -31.19409
v 29.65174 0.077677 -31.19409
v 29.65174 0.077677 -31.23366
v 29.67161 0.077677 -31.23366
v 29.69504 0.077677 -31.23366
v 29.71847 0.077677 -31.23366
v 29.73834 0.077677 -31.23366
v 29.69504 0.141909 -31.19409
v 29.69504 0.153165 -31.20513
v 29.69504 0.147537 -31.19557
v 29.69504 0.151657 -31.19961
v 29.69504 0.153165 -31.22262
v 29.69504 0.141909 -31.23366
v 29.69504 0.151657 -31.22814
v 29.69504 0.147537 -31.23219
v 29.72393 0.147419 -31.20513
v 29.71962 0.137019 -31.19409
v 29.72335 0.146026 -31.19961
v 29.72177 0.142219 -31.19557
v 29.71962 0.137019 -31.23366
v 29.72393 0.147419 -31.22262
v 29.72177 0.142219 -31.23219
v 29.72335 0.146026 -31.22814
v 29.74842 0.131055 -31.20513
v 29.74046 0.123096 -31.19409
v 29.74735 0.129989 -31.19961
v 29.74444 0.127075 -31.19557
v 29.74046 0.123096 -31.23366
v 29.74842 0.131055 -31.22262
v 29.74444 0.127075 -31.23219
v 29.74735 0.129989 -31.22814
v 29.76478 0.106565 -31.20513
v 29.75438 0.102257 -31.19409
v 29.76339 0.105988 -31.19961
v 29.75958 0.104411 -31.19557
v 29.75438 0.102257 -31.23366
v 29.76478 0.106565 -31.22262
v 29.75958 0.104411 -31.23219
v 29.76339 0.105988 -31.22814
v 29.77053 0.077677 -31.20513
v 29.75927 0.077677 -31.19409
v 29.76902 0.077677 -31.19961
v 29.7649 0.077677 -31.19557
v 29.75927 0.077677 -31.23366
v 29.77053 0.077677 -31.22262
v 29.7649 0.077677 -31.23219
v 29.76902 0.077677 -31.22814
v 29.76478 0.048789 -31.20513
v 29.75438 0.053096 -31.19409
v 29.76339 0.049366 -31.19961
v 29.75958 0.050942 -31.19557
v 29.75438 0.053096 -31.23366
v 29.76478 0.048789 -31.22262
v 29.75958 0.050942 -31.23219
v 29.76339 0.049366 -31.22814
v 29.74842 0.024298 -31.20513
v 29.74046 0.032258 -31.19409
v 29.74735 0.025365 -31.19961
v 29.74444 0.028278 -31.19557
v 29.74046 0.032258 -31.23366
v 29.74842 0.024298 -31.22262
v 29.74444 0.028278 -31.23219
v 29.74735 0.025365 -31.22814
v 29.72393 0.007934 -31.20513
v 29.71962 0.018334 -31.19409
v 29.72335 0.009328 -31.19961
v 29.72177 0.013134 -31.19557
v 29.71962 0.018334 -31.23366
v 29.72393 0.007934 -31.22262
v 29.72177 0.013134 -31.23219
v 29.72335 0.009328 -31.22814
v 29.69504 0.002188 -31.20513
v 29.69504 0.013445 -31.19409
v 29.69504 0.003696 -31.19961
v 29.69504 0.007816 -31.19557
v 29.69504 0.013445 -31.23366
v 29.69504 0.002188 -31.22262
v 29.69504 0.007816 -31.23219
v 29.69504 0.003696 -31.22814
v 29.66615 0.007934 -31.20513
v 29.67046 0.018334 -31.19409
v 29.66673 0.009328 -31.19961
v 29.66831 0.013134 -31.19557
v 29.67046 0.018334 -31.23366
v 29.66615 0.007934 -31.22262
v 29.66831 0.013134 -31.23219
v 29.66673 0.009328 -31.22814
v 29.64166 0.024298 -31.20513
v 29.64962 0.032258 -31.19409
v 29.64273 0.025365 -31.19961
v 29.64564 0.028278 -31.19557
v 29.64962 0.032258 -31.23366
v 29.64166 0.024298 -31.22262
v 29.64564 0.028278 -31.23219
v 29.64273 0.025365 -31.22814
v 29.6253 0.048789 -31.20513
v 29.6357 0.053096 -31.19409
v 29.62669 0.049366 -31.19961
v 29.6305 0.050942 -31.19557
v 29.6357 0.053096 -31.23366
v 29.6253 0.048789 -31.22262
v 29.6305 0.050942 -31.23219
v 29.62669 0.049366 -31.22814
v 29.61955 0.077677 -31.20513
v 29.63081 0.077677 -31.19409
v 29.62106 0.077677 -31.19961
v 29.62518 0.077677 -31.19557
v 29.63081 0.077677 -31.23366
v 29.61955 0.077677 -31.22262
v 29.62518 0.077677 -31.23219
v 29.62106 0.077677 -31.22814
v 29.6253 0.106565 -31.20513
v 29.6357 0.102257 -31.19409
v 29.62669 0.105988 -31.19961
v 29.6305 0.104411 -31.19557
v 29.6357 0.102257 -31.23366
v 29.6253 0.106565 -31.22262
v 29.6305 0.104411 -31.23219
v 29.62669 0.105988 -31.22814
v 29.64166 0.131055 -31.20513
v 29.64962 0.123096 -31.19409
v 29.64273 0.129989 -31.19961
v 29.64564 0.127075 -31.19557
v 29.64962 0.123096 -31.23366
v 29.64166 0.131055 -31.22262
v 29.64564 0.127075 -31.23219
v 29.64273 0.129989 -31.22814
v 29.66615 0.147419 -31.20513
v 29.67046 0.137019 -31.19409
v 29.66673 0.146026 -31.19961
v 29.66831 0.142219 -31.19557
v 29.67046 0.137019 -31.23366
v 29.66615 0.147419 -31.22262
v 29.66831 0.142219 -31.23219
v 29.66673 0.146026 -31.22814
v 31.32301 0.129941 -31.23366
v 31.34466 0.134247 -31.23366
v 31.36631 0.129941 -31.23366
v 31.38466 0.117678 -31.23366
v 31.39692 0.099325 -31.23366
v 31.40123 0.077677 -31.23366
v 31.39692 0.056028 -31.23366
v 31.38466 0.037675 -31.23366
v 31.36631 0.025412 -31.23366
v 31.34466 0.021106 -31.23366
v 31.32301 0.025412 -31.23366
v 31.30466 0.037675 -31.23366
v 31.29239 0.056028 -31.23366
v 31.28809 0.077677 -31.23366
v 31.29239 0.099325 -31.23366
v 31.30466 0.117678 -31.23366
v 31.34466 0.134247 -31.19409
v 31.32301 0.129941 -31.19409
v 31.30466 0.117678 -31.19409
v 31.29239 0.099325 -31.19409
v 31.28809 0.077677 -31.19409
v 31.29239 0.056028 -31.19409
v 31.30466 0.037675 -31.19409
v 31.32301 0.025412 -31.19409
v 31.34466 0.021106 -31.19409
v 31.36631 0.025412 -31.19409
v 31.38466 0.037675 -31.19409
v 31.39692 0.056028 -31.19409
v 31.40123 0.077677 -31.19409
v 31.39692 0.099325 -31.19409
v 31.38466 0.117678 -31.19409
v 31.36631 0.129941 -31.19409
v 31.30136 0.077677 -31.19409
v 31.32123 0.077677 -31.19409
v 31.34466 0.077677 -31.19409
v 31.36809 0.077677 -31.19409
v 31.38796 0.077677 -31.19409
v 31.38796 0.077677 -31.23366
v 31.36809 0.077677 -31.23366
v 31.34466 0.077677 -31.23366
v 31.32123 0.077677 -31.23366
v 31.30136 0.077677 -31.23366
v 31.34466 0.141909 -31.19409
v 31.34466 0.153165 -31.20513
v 31.34466 0.147537 -31.19557
v 31.34466 0.151657 -31.19961
v 31.34466 0.153165 -31.22262
v 31.34466 0.141909 -31.23366
v 31.34466 0.151657 -31.22814
v 31.34466 0.147537 -31.23219
v 31.31577 0.147419 -31.20513
v 31.32008 0.137019 -31.19409
v 31.31635 0.146026 -31.19961
v 31.31792 0.142219 -31.19557
v 31.32008 0.137019 -31.23366
v 31.31577 0.147419 -31.22262
v 31.31792 0.142219 -31.23219
v 31.31635 0.146026 -31.22814
v 31.29128 0.131055 -31.20513
v 31.29924 0.123096 -31.19409
v 31.29235 0.129989 -31.19961
v 31.29526 0.127075 -31.19557
v 31.29924 0.123096 -31.23366
v 31.29128 0.131055 -31.22262
v 31.29526 0.127075 -31.23219
v 31.29235 0.129989 -31.22814
v 31.27492 0.106565 -31.20513
v 31.28532 0.102257 -31.19409
v 31.27631 0.105988 -31.19961
v 31.28012 0.104411 -31.19557
v 31.28532 0.102257 -31.23366
v 31.27492 0.106565 -31.22262
v 31.28012 0.104411 -31.23219
v 31.27631 0.105988 -31.22814
v 31.26917 0.077677 -31.20513
v 31.28043 0.077677 -31.19409
v 31.27068 0.077677 -31.19961
v 31.2748 0.077677 -31.19557
v 31.28043 0.077677 -31.23366
v 31.26917 0.077677 -31.22262
v 31.2748 0.077677 -31.23219
v 31.27068 0.077677 -31.22814
v 31.27492 0.048789 -31.20513
v 31.28532 0.053096 -31.19409
v 31.27631 0.049366 -31.19961
v 31.28012 0.050942 -31.19557
v 31.28532 0.053096 -31.23366
v 31.27492 0.048789 -31.22262
v 31.28012 0.050942 -31.23219
v 31.27631 0.049366 -31.22814
v 31.29128 0.024298 -31.20513
v 31.29924 0.032258 -31.19409
v 31.29235 0.025365 -31.19961
v 31.29526 0.028278 -31.19557
v 31.29924 0.032258 -31.23366
v 31.29128 0.024298 -31.22262
v 31.29526 0.028278 -31.23219
v 31.29235 0.025365 -31.22814
v 31.31577 0.007934 -31.20513
v 31.32008 0.018334 -31.19409
v 31.31635 0.009328 -31.19961
v 31.31792 0.013134 -31.19557
v 31.32008 0.018334 -31.23366
v 31.31577 0.007934 -31.22262
v 31.31792 0.013134 -31.23219
v 31.31635 0.009328 -31.22814
v 31.34466 0.002188 -31.20513
v 31.34466 0.013445 -31.19409
v 31.34466 0.003696 -31.19961
v 31.34466 0.007816 -31.19557
v 31.34466 0.013445 -31.23366
v 31.34466 0.002188 -31.22262
v 31.34466 0.007816 -31.23219
v 31.34466 0.003696 -31.22814
v 31.37355 0.007934 -31.20513
v 31.36924 0.018334 -31.19409
v 31.37297 0.009328 -31.19961
v 31.37139 0.013134 -31.19557
v 31.36924 0.018334 -31.23366
v 31.37355 0.007934 -31.22262
v 31.37139 0.013134 -31.23219
v 31.37297 0.009328 -31.22814
v 31.39804 0.024298 -31.20513
v 31.39008 0.032258 -31.19409
v 31.39697 0.025365 -31.19961
v 31.39406 0.028278 -31.19557
v 31.39008 0.032258 -31.23366
v 31.39804 0.024298 -31.22262
v 31.39406 0.028278 -31.23219
v 31.39697 0.025365 -31.22814
v 31.4144 0.048789 -31.20513
v 31.404 0.053096 -31.19409
v 31.41301 0.049366 -31.19961
v 31.4092 0.050942 -31.19557
v 31.404 0.053096 -31.23366
v 31.4144 0.048789 -31.22262
v 31.4092 0.050942 -31.23219
v 31.41301 0.049366 -31.22814
v 31.42015 0.077677 -31.20513
v 31.40889 0.077677 -31.19409
v 31.41864 0.077677 -31.19961
v 31.41452 0.077677 -31.19557
v 31.40889 0.077677 -31.23366
v 31.42015 0.077677 -31.22262
v 31.41452 0.077677 -31.23219
v 31.41864 0.077677 -31.22814
v 31.4144 0.106565 -31.20513
v 31.404 0.102257 -31.19409
v 31.41301 0.105988 -31.19961
v 31.4092 0.104411 -31.19557
v 31.404 0.102257 -31.23366
v 31.4144 0.106565 -31.22262
v 31.4092 0.104411 -31.23219
v 31.41301 0.105988 -31.22814
v 31.39804 0.131055 -31.20513
v 31.39008 0.123096 -31.19409
v 31.39697 0.129989 -31.19961
v 31.39406 0.127075 -31.19557
v 31.39008 0.123096 -31.23366
v 31.39804 0.131055 -31.22262
v 31.39406 0.127075 -31.23219
v 31.39697 0.129989 -31.22814
v 31.37355 0.147419 -31.20513
v 31.36924 0.137019 -31.19409
v 31.37297 0.146026 -31.19961
v 31.37139 0.142219 -31.19557
v 31.36924 0.137019 -31.23366
v 31.37355 0.147419 -31.22262
v 31.37139 0.142219 -31.23219
v 31.37297 0.146026 -31.22814
v 29.66187 0.067675 -28.73297
v 29.66187 0.175054 -28.73297
v 29.66187 0.067675 -28.79931
v 29.66187 0.175054 -28.79931
v 29.72821 0.067675 -28.73297
v 29.72821 0.175054 -28.73297
v 29.72821 0.067675 -28.79931
v 29.72821 0.175054 -28.79931
v 31.37783 0.067675 -28.73297
v 31.37783 0.175054 -28.73297
v 31.37783 0.067675 -28.79931
v 31.37783 0.175054 -28.79931
v 31.31149 0.067675 -28.73297
v 31.31149 0.175054 -28.73297
v 31.31149 0.067675 -28.79931
v 31.31149 0.175054 -28.79931
v 29.66187 0.067675 -31.24704
v 29.66187 0.175054 -31.24704
v 29.66187 0.067675 -31.18071
v 29.66187 0.175054 -31.18071
v 29.72821 0.067675 -31.24704
v 29.72821 0.175054 -31.24704
v 29.72821 0.067675 -31.18071
v 29.72821 0.175054 -31.18071
v 31.37783 0.067675 -31.24704
v 31.37783 0.175054 -31.24704
v 31.37783 0.067675 -31.18071
v 31.37783 0.175054 -31.18071
v 31.31149 0.067675 -31.24704
v 31.31149 0.175054 -31.24704
v 31.31149 0.067675 -31.18071
v 31.31149 0.175054 -31.18071
#end vertices

#begin 1406 textures vertices 
vt 0.7026622 0.00390625 0
vt 0.7018291 0.00390625 0
vt 0.7018291 0.2186744 0
vt 0.7026622 0.2186744 0
vt 0.2989975 0.00390625 0
vt 0.2981677 0.00390625 0
vt 0.2981677 0.2186744 0
vt 0.2989975 0.2186744 0
vt 0.004167412 0.2264869 0
vt 0.00390625 0.2264869 0
vt 0.9960937 0.2186744 0
vt 0.004167412 0.3092294 0
vt 0.004736147 0.00390625 0
vt 0.00390625 0.00390625 0
vt 0.1304236 0.3092294 0
vt 0.004736147 0.2186744 0
vt 0.8038053 0.2270125 0
vt 0.8911068 0.2264534 0
vt 0.795623 0.993594 0
vt 0.8992207 0.9942754 0
vt 0.8995931 0.9937072 0
vt 0.9868955 0.99422 0
vt 0.8914122 0.2270732 0
vt 0.9950092 0.2264489 0
vt 0.8283696 0.2322373 0
vt 0.8278283 0.2321547 0
vt 0.8671726 0.2319015 0
vt 0.8666319 0.2319897 0
vt 0.8038552 0.6058514 0
vt 0.8034877 0.6067709 0
vt 0.894483 0.6067342 0
vt 0.894105 0.6058033 0
vt 0.828501 0.6096101 0
vt 0.8290797 0.6096719 0
vt 0.8285946 0.6099788 0
vt 0.8694393 0.6096239 0
vt 0.8693435 0.6099954 0
vt 0.868861 0.6096896 0
vt 0.8233333 0.9887158 0
vt 0.8238775 0.9886516 0
vt 0.8711359 0.9890562 0
vt 0.8716796 0.9891247 0
vt 0.8716706 0.6122813 0
vt 0.8711633 0.6122294 0
vt 0.871228 0.6118644 0
vt 0.8262792 0.6123604 0
vt 0.826731 0.6119505 0
vt 0.8267874 0.612313 0
vt 0.8005312 0.6126713 0
vt 0.8000102 0.6136043 0
vt 0.8980283 0.6136526 0
vt 0.8974982 0.6127092 0
vt 0.923614 0.988552 0
vt 0.9241553 0.9884691 0
vt 0.9624181 0.9886972 0
vt 0.9629588 0.9887849 0
vt 0.8991151 0.6139295 0
vt 0.8994825 0.6148505 0
vt 0.9897326 0.6148871 0
vt 0.9901102 0.6139575 0
vt 0.9241266 0.6110877 0
vt 0.9242199 0.6107185 0
vt 0.9247053 0.6110256 0
vt 0.9650655 0.6110711 0
vt 0.9644871 0.6110054 0
vt 0.9649702 0.6106998 0
vt 0.9196645 0.2320315 0
vt 0.9191204 0.2319669 0
vt 0.9674657 0.231584 0
vt 0.9669221 0.2316518 0
vt 0.9672955 0.6084146 0
vt 0.9668558 0.6088323 0
vt 0.9667882 0.6084679 0
vt 0.9219045 0.6083358 0
vt 0.9224126 0.6083831 0
vt 0.922356 0.6087458 0
vt 0.8956374 0.6070855 0
vt 0.8961582 0.60802 0
vt 0.9931248 0.6079909 0
vt 0.9936548 0.6070487 0
vt 0.5381257 0.3348986 0
vt 0.4448514 0.3243755 0
vt 0.648606 0.5735438 0
vt 0.7230923 0.6306624 0
vt 0.5859227 0.2704828 0
vt 0.4923941 0.2784295 0
vt 0.3746692 0.3860826 0
vt 0.4673001 0.370911 0
vt 0.5005932 0.2935891 0
vt 0.5000412 0.2931571 0
vt 0.4961719 0.3325177 0
vt 0.4955824 0.3324509 0
vt 0.4905308 0.3774344 0
vt 0.4911762 0.3770342 0
vt 0.4912756 0.2921714 0
vt 0.4906415 0.2924695 0
vt 0.4862812 0.3314018 0
vt 0.486871 0.331468 0
vt 0.4812306 0.3759094 0
vt 0.4817702 0.3764433 0
vt 0.7049923 0.5698938 0
vt 0.7042953 0.5698219 0
vt 0.6809482 0.6012907 0
vt 0.6804776 0.6009298 0
vt 0.6531975 0.636461 0
vt 0.6533847 0.637197 0
vt 0.71224 0.5759181 0
vt 0.71199 0.5752639 0
vt 0.687905 0.6066253 0
vt 0.6883758 0.6069863 0
vt 0.6603826 0.6425598 0
vt 0.6611416 0.6425495 0
vt 0.5467017 0.3111581 0
vt 0.5472655 0.3107416 0
vt 0.5433283 0.2717566 0
vt 0.5439194 0.2717061 0
vt 0.5401533 0.2270688 0
vt 0.5395192 0.2266509 0
vt 0.5372866 0.3115863 0
vt 0.5379123 0.3119017 0
vt 0.5345931 0.2724989 0
vt 0.5340017 0.2725488 0
vt 0.5307346 0.2274 0
vt 0.5301805 0.2279188 0
vt 0.4219994 0.4156629 0
vt 0.4226477 0.4159287 0
vt 0.4156958 0.3769947 0
vt 0.4162811 0.3768989 0
vt 0.4089417 0.3322319 0
vt 0.4084291 0.3327921 0
vt 0.431352 0.4144998 0
vt 0.4318813 0.4140412 0
vt 0.425518 0.3753861 0
vt 0.4249325 0.375482 0
vt 0.4183069 0.331177 0
vt 0.4176427 0.3308095 0
vt 0.635475 0.3339736 0
vt 0.5422008 0.3234522 0
vt 0.6712454 0.4225337 0
vt 0.745737 0.479645 0
vt 0.6855359 0.270308 0
vt 0.5920075 0.278253 0
vt 0.6055911 0.394754 0
vt 0.6982214 0.3795809 0
vt 0.5979418 0.2926648 0
vt 0.59739 0.2922329 0
vt 0.5935211 0.3315935 0
vt 0.5929319 0.3315268 0
vt 0.5878812 0.3765103 0
vt 0.5885263 0.3761101 0
vt 0.5886244 0.2912473 0
vt 0.5879903 0.2915454 0
vt 0.5836307 0.3304778 0
vt 0.5842206 0.330544 0
vt 0.578581 0.3749855 0
vt 0.5791206 0.3755194 0
vt 0.7276311 0.4188781 0
vt 0.7269343 0.4188065 0
vt 0.7035901 0.4502774 0
vt 0.7031197 0.4499167 0
vt 0.675843 0.4854506 0
vt 0.6760301 0.4861863 0
vt 0.7348794 0.4249017 0
vt 0.7346294 0.4242475 0
vt 0.7105473 0.4556112 0
vt 0.7110182 0.4559723 0
vt 0.6830285 0.4915484 0
vt 0.6837875 0.4915381 0
vt 0.6463145 0.3109826 0
vt 0.646878 0.3105661 0
vt 0.6429418 0.2715811 0
vt 0.6435326 0.2715306 0
vt 0.6397673 0.2268932 0
vt 0.6391336 0.2264753 0
vt 0.6368994 0.3114106 0
vt 0.6375251 0.3117261 0
vt 0.6342066 0.2723232 0
vt 0.6336152 0.2723731 0
vt 0.630349 0.2272242 0
vt 0.6297948 0.227743 0
vt 0.6529218 0.4243335 0
vt 0.6535698 0.4245994 0
vt 0.6466176 0.3856654 0
vt 0.6472025 0.3855696 0
vt 0.6398624 0.3409028 0
vt 0.6393501 0.341463 0
vt 0.6622741 0.4231703 0
vt 0.6628034 0.4227117 0
vt 0.6564394 0.3840567 0
vt 0.6558539 0.3841526 0
vt 0.6492275 0.3398478 0
vt 0.6485633 0.3394803 0
vt 0.4090811 0.3216856 0
vt 0.3158068 0.3111625 0
vt 0.648606 0.4987947 0
vt 0.7230923 0.5559133 0
vt 0.4885732 0.2703072 0
vt 0.3950447 0.2782539 0
vt 0.6531339 0.3336445 0
vt 0.7457648 0.3184729 0
vt 0.3715487 0.2803761 0
vt 0.3709966 0.2799441 0
vt 0.3671273 0.3193047 0
vt 0.3665378 0.3192379 0
vt 0.3614862 0.3642214 0
vt 0.3621316 0.3638212 0
vt 0.362231 0.2789584 0
vt 0.3615969 0.2792565 0
vt 0.3572366 0.3181888 0
vt 0.3578264 0.318255 0
vt 0.352186 0.3626964 0
vt 0.3527256 0.3632303 0
vt 0.7049923 0.4951447 0
vt 0.7042953 0.4950728 0
vt 0.6809482 0.5265416 0
vt 0.6804776 0.5261807 0
vt 0.6531975 0.5617119 0
vt 0.6533847 0.5624479 0
vt 0.71224 0.501169 0
vt 0.71199 0.5005148 0
vt 0.687905 0.5318762 0
vt 0.6883758 0.5322372 0
vt 0.6603826 0.5678107 0
vt 0.6611416 0.5678004 0
vt 0.4493523 0.3109826 0
vt 0.4499161 0.310566 0
vt 0.4459789 0.2715811 0
vt 0.44657 0.2715305 0
vt 0.4428039 0.2268933 0
vt 0.4421698 0.2264754 0
vt 0.4399372 0.3114107 0
vt 0.4405629 0.3117262 0
vt 0.4372437 0.2723234 0
vt 0.4366523 0.2723733 0
vt 0.4333852 0.2272245 0
vt 0.4328311 0.2277433 0
vt 0.7004641 0.3632248 0
vt 0.7011123 0.3634906 0
vt 0.6941605 0.3245566 0
vt 0.6947457 0.3244608 0
vt 0.6874064 0.2797938 0
vt 0.6868938 0.280354 0
vt 0.7098166 0.3620617 0
vt 0.7103459 0.3616031 0
vt 0.7039826 0.322948 0
vt 0.7033971 0.3230439 0
vt 0.6967716 0.2787389 0
vt 0.6961073 0.2783714 0
vt 0.2234327 0.3041244 0
vt 0.232491 0.3066158 0
vt 0.1667715 0.2745047 0
vt 0.2855319 0.3177209 0
vt 0.2134748 0.2999316 0
vt 0.20532 0.2951084 0
vt 0.1745647 0.2792262 0
vt 0.1835885 0.2839676 0
vt 0.2895214 0.2959183 0
vt 0.1682593 0.2608707 0
vt 0.2269988 0.2825471 0
vt 0.2167729 0.2784907 0
vt 0.2081761 0.273961 0
vt 0.2362402 0.2849808 0
vt 0.1761321 0.2621235 0
vt 0.1853552 0.2647918 0
vt 0.5989578 0.490661 0
vt 0.5805496 0.4398284 0
vt 0.576354 0.4311032 0
vt 0.5700582 0.4217881 0
vt 0.5633381 0.4143909 0
vt 0.5463371 0.3949488 0
vt 0.5390361 0.3871564 0
vt 0.5319938 0.3807155 0
vt 0.5787307 0.4979549 0
vt 0.5602872 0.4470288 0
vt 0.5560614 0.4382777 0
vt 0.5497343 0.4289216 0
vt 0.5429959 0.4214385 0
vt 0.5260986 0.4016528 0
vt 0.5201099 0.3933294 0
vt 0.516512 0.3857652 0
vt 0.09373019 0.3757799 0
vt 0.1031845 0.3760849 0
vt 0.03107408 0.3889381 0
vt 0.1570775 0.3811375 0
vt 0.08294323 0.3769046 0
vt 0.07374265 0.3792191 0
vt 0.03981306 0.3863043 0
vt 0.04976335 0.3840624 0
vt 0.1547699 0.4033326 0
vt 0.02889018 0.4024514 0
vt 0.09108992 0.3974527 0
vt 0.08021707 0.3984004 0
vt 0.07077594 0.4003215 0
vt 0.1005659 0.3978166 0
vt 0.03688341 0.4031929 0
vt 0.04646581 0.4030089 0
vt 0.3933816 0.4590774 0
vt 0.3301381 0.4576456 0
vt 0.3188958 0.4562512 0
vt 0.3062151 0.452748 0
vt 0.2955027 0.4480581 0
vt 0.2675946 0.4364653 0
vt 0.256227 0.4312788 0
vt 0.2464549 0.4258745 0
vt 0.3939169 0.4339234 0
vt 0.3305566 0.4324874 0
vt 0.3192743 0.4310691 0
vt 0.3065364 0.4275466 0
vt 0.2957219 0.4228685 0
vt 0.2674715 0.4115189 0
vt 0.2560051 0.4079859 0
vt 0.2462734 0.4068206 0
vt 0.2927794 0.2770681 0
vt 0.2934089 0.2735157 0
vt 0.2783806 0.3470129 0
vt 0.2793248 0.3433746 0
vt 0.2968325 0.2551481 0
vt 0.5609603 0.5043784 0
vt 0.6216044 0.4823916 0
vt 0.624973 0.4811537 0
vt 0.2392101 0.2619467 0
vt 0.2386774 0.2655957 0
vt 0.2082961 0.2548876 0
vt 0.208133 0.2511072 0
vt 0.2288503 0.2629069 0
vt 0.2292165 0.2591011 0
vt 0.2177278 0.2589443 0
vt 0.2178782 0.2550995 0
vt 0.2270031 0.3314144 0
vt 0.2260034 0.3349168 0
vt 0.1987189 0.3229367 0
vt 0.1999506 0.3194101 0
vt 0.2170648 0.3321103 0
vt 0.2180659 0.3286674 0
vt 0.2071086 0.327712 0
vt 0.208171 0.3242814 0
vt 0.5216947 0.4287204 0
vt 0.5249943 0.4273061 0
vt 0.5424026 0.4533392 0
vt 0.5390974 0.4545665 0
vt 0.5284362 0.436377 0
vt 0.5317224 0.4349733 0
vt 0.5348145 0.4458066 0
vt 0.5381066 0.4444877 0
vt 0.6065402 0.4303997 0
vt 0.6031799 0.4316704 0
vt 0.5858819 0.4062887 0
vt 0.5891986 0.4046985 0
vt 0.5989493 0.4229928 0
vt 0.6022813 0.4216092 0
vt 0.5926204 0.4137125 0
vt 0.5959368 0.4122154 0
vt 0.5081396 0.4072526 0
vt 0.5047721 0.4085561 0
vt 0.513622 0.3778175 0
vt 0.5148547 0.3810658 0
vt 0.5000817 0.3994819 0
vt 0.5035115 0.3985242 0
vt 0.5 0.3930186 0
vt 0.5011978 0.3882549 0
vt 0.5036277 0.3899985 0
vt 0.5060168 0.3861731 0
vt 0.5048257 0.3828388 0
vt 0.1635308 0.2604565 0
vt 0.1602939 0.2599198 0
vt 0.183537 0.2445299 0
vt 0.1840306 0.2478941 0
vt 0.1659983 0.2526083 0
vt 0.1628904 0.2521489 0
vt 0.1699065 0.2461608 0
vt 0.1686852 0.2499175 0
vt 0.1666785 0.2484872 0
vt 0.1754843 0.2473124 0
vt 0.1748845 0.2443055 0
vt 0.1789025 0.3066211 0
vt 0.1774742 0.3099304 0
vt 0.158351 0.2725018 0
vt 0.1618494 0.273248 0
vt 0.1695588 0.3025586 0
vt 0.1709988 0.2994286 0
vt 0.1631027 0.2931088 0
vt 0.1647288 0.2900171 0
vt 0.1628451 0.285083 0
vt 0.1592346 0.2826139 0
vt 0.529265 0.3763436 0
vt 0.5276508 0.3731809 0
vt 0.5720038 0.3853025 0
vt 0.5687045 0.3869863 0
vt 0.5423927 0.3745426 0
vt 0.5391175 0.3714537 0
vt 0.5482939 0.3753737 0
vt 0.5514151 0.3731113 0
vt 0.5597354 0.3799533 0
vt 0.5629678 0.3780231 0
vt 0.151801 0.4259725 0
vt 0.1522581 0.4223812 0
vt 0.158677 0.3547901 0
vt 0.1588422 0.3510282 0
vt 0.3944043 0.4118188 0
vt 0.3945025 0.4076992 0
vt 0.1595431 0.3323399 0
vt 0.392668 0.4872787 0
vt 0.09743418 0.4171162 0
vt 0.09688599 0.4207725 0
vt 0.06456108 0.4222604 0
vt 0.06573454 0.4186754 0
vt 0.08668574 0.4205832 0
vt 0.08739966 0.4168273 0
vt 0.07486834 0.4211995 0
vt 0.07578177 0.4174534 0
vt 0.1049909 0.3471151 0
vt 0.1049394 0.3507517 0
vt 0.07522528 0.3543944 0
vt 0.07499506 0.3506577 0
vt 0.09550569 0.3507659 0
vt 0.09554262 0.347204 0
vt 0.08463101 0.3520575 0
vt 0.08460038 0.3484627 0
vt 0.2955067 0.400715 0
vt 0.2958429 0.3965278 0
vt 0.3310028 0.4061748 0
vt 0.3308759 0.4102984 0
vt 0.3065214 0.4053129 0
vt 0.3068509 0.4011446 0
vt 0.3194561 0.4088397 0
vt 0.3196893 0.4046965 0
vt 0.329542 0.4857873 0
vt 0.3293876 0.4899881 0
vt 0.2944112 0.4803547 0
vt 0.2949362 0.476083 0
vt 0.3180493 0.4885478 0
vt 0.3183394 0.4843363 0
vt 0.3052631 0.48502 0
vt 0.3056849 0.4807833 0
vt 0.267163 0.3852916 0
vt 0.266975 0.3895125 0
vt 0.2404433 0.4067377 0
vt 0.2363809 0.4065837 0
vt 0.2555677 0.3876396 0
vt 0.2553489 0.3834787 0
vt 0.2461567 0.3909522 0
vt 0.2433158 0.3889086 0
vt 0.2481512 0.3858015 0
vt 0.2428067 0.39503 0
vt 0.2386645 0.3949542 0
vt 0.02073825 0.4014615 0
vt 0.02411901 0.4017058 0
vt 0.0408296 0.4190827 0
vt 0.03944328 0.4222552 0
vt 0.02470002 0.4098837 0
vt 0.02168467 0.4095812 0
vt 0.02687902 0.41694 0
vt 0.02415203 0.4141339 0
vt 0.02657397 0.4131077 0
vt 0.03117887 0.4197549 0
vt 0.03252447 0.4171733 0
vt 0.0506225 0.3575498 0
vt 0.05114625 0.3610789 0
vt 0.02601924 0.3889723 0
vt 0.02248796 0.3888786 0
vt 0.0415817 0.3659037 0
vt 0.04100803 0.3625132 0
vt 0.03304837 0.3734116 0
vt 0.0322609 0.3700173 0
vt 0.02995518 0.3777246 0
vt 0.02581464 0.379223 0
vt 0.2364777 0.4238719 0
vt 0.2405877 0.424481 0
vt 0.267117 0.4642424 0
vt 0.2664818 0.4685298 0
vt 0.2434926 0.4397112 0
vt 0.2388443 0.4372327 0
vt 0.2452746 0.4502508 0
vt 0.2466178 0.4459449 0
vt 0.2550353 0.4612277 0
vt 0.2559687 0.4569225 0
vt 0.7900571 0.9939485 0
vt 0.7900573 0.2264869 0
vt 0.7876532 0.9939485 0
vt 0.7876534 0.2264869 0
vt 0.7852492 0.9939485 0
vt 0.7852495 0.2264869 0
vt 0.7828455 0.9939485 0
vt 0.7828455 0.2264869 0
vt 0.7804417 0.9939485 0
vt 0.7804416 0.2264869 0
vt 0.7780378 0.9939485 0
vt 0.7780378 0.2264869 0
vt 0.7756341 0.9939485 0
vt 0.7756341 0.2264869 0
vt 0.7732301 0.9939485 0
vt 0.7732301 0.2264869 0
vt 0.7708262 0.9939485 0
vt 0.7708262 0.2264869 0
vt 0.7684226 0.9939485 0
vt 0.7684226 0.2264869 0
vt 0.7660186 0.9939485 0
vt 0.7660186 0.2264869 0
vt 0.7636149 0.9939485 0
vt 0.7636149 0.2264869 0
vt 0.761211 0.9939485 0
vt 0.761211 0.2264869 0
vt 0.7588072 0.9939485 0
vt 0.7588072 0.2264869 0
vt 0.7564035 0.9939485 0
vt 0.7564032 0.2264869 0
vt 0.7924607 0.9939485 0
vt 0.7539992 0.2264869 0
vt 0.3231838 0.5180995 0
vt 0.3225495 0.9960139 0
vt 0.6416747 0.5275217 0
vt 0.637461 0.5229928 0
vt 0.01068172 0.5211101 0
vt 0.006466294 0.5255485 0
vt 0.6351643 0.9929074 0
vt 0.6393988 0.9884473 0
vt 0.00390625 0.9862725 0
vt 0.008122595 0.990779 0
vt 0.6347731 0.5294388 0
vt 0.6348516 0.5289137 0
vt 0.635253 0.5292965 0
vt 0.01335294 0.5275492 0
vt 0.01287425 0.5274011 0
vt 0.01327571 0.5270223 0
vt 0.01084194 0.9843693 0
vt 0.01076268 0.9848949 0
vt 0.01036219 0.9845114 0
vt 0.6324828 0.9864394 0
vt 0.6329613 0.986589 0
vt 0.6325591 0.986966 0
vt 0.3231547 0.5253448 0
vt 0.3231525 0.5259834 0
vt 0.3225673 0.9887684 0
vt 0.3225696 0.98813 0
vt 0.3329997 0.9722375 0
vt 0.3335075 0.9730702 0
vt 0.3323167 0.973923 0
vt 0.333538 0.5418937 0
vt 0.3328603 0.5402065 0
vt 0.3340525 0.5410635 0
vt 0.6240296 0.544172 0
vt 0.6252275 0.5433479 0
vt 0.6245335 0.5450053 0
vt 0.6218829 0.9716035 0
vt 0.6223921 0.970773 0
vt 0.6230699 0.9724365 0
vt 0.0210944 0.9688175 0
vt 0.02159917 0.9696455 0
vt 0.02039973 0.9704705 0
vt 0.02343265 0.5432145 0
vt 0.02275559 0.5415535 0
vt 0.02394163 0.5423897 0
vt 0.3122177 0.5410325 0
vt 0.3134078 0.5401827 0
vt 0.3127249 0.5418705 0
vt 0.3116691 0.9730491 0
vt 0.3121831 0.9722145 0
vt 0.3128611 0.9739039 0
vt 0.3439127 0.9583997 0
vt 0.3446763 0.9580699 0
vt 0.3443918 0.9588557 0
vt 0.3444282 0.5557494 0
vt 0.344909 0.5552953 0
vt 0.3451894 0.55608 0
vt 0.6130173 0.558151 0
vt 0.6134926 0.5586043 0
vt 0.6127227 0.5589221 0
vt 0.6109766 0.9575184 0
vt 0.6106861 0.9567429 0
vt 0.6114534 0.9570686 0
vt 0.03216575 0.9552856 0
vt 0.03293534 0.954971 0
vt 0.0326397 0.9557449 0
vt 0.03434218 0.5568713 0
vt 0.03482016 0.5564162 0
vt 0.03510939 0.5571945 0
vt 0.3013333 0.5553035 0
vt 0.301813 0.5557539 0
vt 0.3010496 0.5560859 0
vt 0.3008071 0.9587508 0
vt 0.3005274 0.9579688 0
vt 0.3012889 0.958303 0
vt 0.04836098 0.4915249 0
vt 0.04290886 0.4951427 0
vt 0.03649579 0.4964271 0
vt 0.0300964 0.4951627 0
vt 0.02469253 0.4915158 0
vt 0.02110635 0.4860714 0
vt 0.0198657 0.4796743 0
vt 0.02116554 0.4732977 0
vt 0.02480266 0.4679081 0
vt 0.03022939 0.4643195 0
vt 0.03661432 0.4630588 0
vt 0.04299535 0.4643213 0
vt 0.04841041 0.4679285 0
vt 0.05203319 0.4733408 0
vt 0.05331029 0.4797284 0
vt 0.05202044 0.4861173 0
vt 0.2339128 0.4686963 0
vt 0.2344077 0.4755466 0
vt 0.2322432 0.4820651 0
vt 0.2277494 0.4872597 0
vt 0.2216094 0.4903377 0
vt 0.2147587 0.4908328 0
vt 0.2082405 0.4886675 0
vt 0.2030474 0.484173 0
vt 0.1999696 0.4780337 0
vt 0.1994746 0.4711837 0
vt 0.2016387 0.4646661 0
vt 0.2061321 0.4594719 0
vt 0.2122717 0.4563936 0
vt 0.2191218 0.4558982 0
vt 0.2256402 0.4580628 0
vt 0.2308334 0.462557 0
vt 0.2205143 0.4863557 0
vt 0.218875 0.4803958 0
vt 0.2169413 0.4733657 0
vt 0.2150072 0.4663355 0
vt 0.2133674 0.4603756 0
vt 0.02473583 0.484598 0
vt 0.03016807 0.4823792 0
vt 0.03657878 0.4797474 0
vt 0.0429878 0.4770997 0
vt 0.04841442 0.4748493 0
vt 0.2362115 0.4680637 0
vt 0.04764187 0.5067099 0
vt 0.04894239 0.5098346 0
vt 0.04830128 0.5082996 0
vt 0.04571182 0.5019531 0
vt 0.04376775 0.4972265 0
vt 0.04507502 0.5003937 0
vt 0.04442062 0.4988087 0
vt 0.05715893 0.5004247 0
vt 0.2367731 0.4758421 0
vt 0.05833343 0.5016231 0
vt 0.05954582 0.502849 0
vt 0.04995472 0.4931199 0
vt 0.05357858 0.49675 0
vt 0.05116414 0.4943339 0
vt 0.05237121 0.4955375 0
vt 0.06354422 0.4909522 0
vt 0.2343158 0.4832433 0
vt 0.06516545 0.4916391 0
vt 0.06675112 0.4923083 0
vt 0.05411399 0.4869821 0
vt 0.05882904 0.4889317 0
vt 0.05570594 0.4876408 0
vt 0.05728997 0.4882929 0
vt 0.06583793 0.4797378 0
vt 0.2292133 0.4891414 0
vt 0.06755348 0.4797367 0
vt 0.06933442 0.4797317 0
vt 0.05557836 0.4797236 0
vt 0.06069603 0.4797177 0
vt 0.05730057 0.4797195 0
vt 0.05900375 0.479715 0
vt 0.06361685 0.4685126 0
vt 0.2222415 0.4926364 0
vt 0.06515884 0.4678549 0
vt 0.06674727 0.4671851 0
vt 0.0541212 0.4724699 0
vt 0.05886709 0.4704861 0
vt 0.05570782 0.4718063 0
vt 0.05728524 0.47115 0
vt 0.05723512 0.4590483 0
vt 0.2144629 0.4931983 0
vt 0.05843763 0.4578205 0
vt 0.05965212 0.4565987 0
vt 0.05000569 0.4663239 0
vt 0.05360696 0.4626848 0
vt 0.05121675 0.4651031 0
vt 0.05242422 0.4638917 0
vt 0.04776281 0.4527394 0
vt 0.2070621 0.4907399 0
vt 0.04840827 0.4511448 0
vt 0.04906531 0.4495512 0
vt 0.04385661 0.4622295 0
vt 0.0457949 0.4574903 0
vt 0.0445087 0.4606387 0
vt 0.04516186 0.4590578 0
vt 0.03662408 0.4505351 0
vt 0.2011656 0.4856365 0
vt 0.03661672 0.4488141 0
vt 0.03661877 0.4470905 0
vt 0.03661372 0.4607976 0
vt 0.0366058 0.4556797 0
vt 0.03661155 0.4590789 0
vt 0.03661491 0.4573694 0
vt 0.02550017 0.4527203 0
vt 0.1976713 0.4786658 0
vt 0.02484839 0.4511233 0
vt 0.0242207 0.4495808 0
vt 0.02937048 0.4622305 0
vt 0.02741631 0.4574933 0
vt 0.02871701 0.4606426 0
vt 0.02806389 0.459053 0
vt 0.01604606 0.4589804 0
vt 0.1971092 0.4708886 0
vt 0.01481475 0.4577194 0
vt 0.01360507 0.4564934 0
vt 0.02320904 0.4662987 0
vt 0.01962025 0.4626729 0
vt 0.02199912 0.4650747 0
vt 0.02079172 0.4638596 0
vt 0.009648174 0.4683665 0
vt 0.1995663 0.4634876 0
vt 0.008066706 0.4676875 0
vt 0.006477228 0.4670196 0
vt 0.01908054 0.4724178 0
vt 0.01436616 0.4704179 0
vt 0.01749705 0.4717469 0
vt 0.01591992 0.4710844 0
vt 0.007347568 0.4795112 0
vt 0.204668 0.4575902 0
vt 0.005629059 0.4794862 0
vt 0.00390625 0.4794757 0
vt 0.01760388 0.4796567 0
vt 0.0124864 0.4796073 0
vt 0.01588527 0.4796415 0
vt 0.0141756 0.4796312 0
vt 0.009462364 0.4907161 0
vt 0.2116392 0.4540949 0
vt 0.007902646 0.4913317 0
vt 0.006303481 0.491975 0
vt 0.01901208 0.4869206 0
vt 0.01424804 0.4888475 0
vt 0.01741909 0.4875648 0
vt 0.01583773 0.4882076 0
vt 0.01574064 0.5002701 0
vt 0.219417 0.4535324 0
vt 0.01450751 0.5014668 0
vt 0.01327363 0.5026685 0
vt 0.02308003 0.4931066 0
vt 0.01943775 0.4967102 0
vt 0.02185489 0.4943153 0
vt 0.02063829 0.4955193 0
vt 0.02523243 0.5066812 0
vt 0.2268185 0.4559898 0
vt 0.02455289 0.5083033 0
vt 0.02386629 0.5099456 0
vt 0.02921614 0.4972555 0
vt 0.02724522 0.5019554 0
vt 0.02854903 0.4988444 0
vt 0.02788962 0.5004167 0
vt 0.03645048 0.5089421 0
vt 0.2327148 0.4610935 0
vt 0.03646231 0.5106606 0
vt 0.0364726 0.5123833 0
vt 0.03648776 0.4986858 0
vt 0.03646724 0.5037992 0
vt 0.03648303 0.5004039 0
vt 0.03647546 0.5021115 0
vt 0.6793376 0.8090283 0
vt 0.6858335 0.8083926 0
vt 0.6915896 0.8053211 0
vt 0.6957193 0.8002743 0
vt 0.6975857 0.7940259 0
vt 0.6969484 0.7875381 0
vt 0.6938748 0.7817806 0
vt 0.6888069 0.7776647 0
vt 0.6825577 0.7757767 0
vt 0.6760798 0.7764083 0
vt 0.6703591 0.7794787 0
vt 0.6662697 0.7845292 0
vt 0.6643769 0.7907467 0
vt 0.6650137 0.7972165 0
vt 0.6680686 0.8029742 0
vt 0.673091 0.8071407 0
vt 0.699537 0.2442409 0
vt 0.6994388 0.2511086 0
vt 0.7019764 0.2574907 0
vt 0.7067634 0.2624163 0
vt 0.7130707 0.2651343 0
vt 0.7199383 0.2652326 0
vt 0.7263206 0.2626947 0
vt 0.7312454 0.257908 0
vt 0.7339636 0.2516007 0
vt 0.7340617 0.2447336 0
vt 0.7315244 0.2383515 0
vt 0.7267377 0.2334261 0
vt 0.7204304 0.2307082 0
vt 0.7135633 0.2306093 0
vt 0.707181 0.233147 0
vt 0.7022553 0.2379337 0
vt 0.713934 0.2610956 0
vt 0.715226 0.255051 0
vt 0.7167501 0.2479211 0
vt 0.7182744 0.2407912 0
vt 0.7195668 0.2347467 0
vt 0.6932047 0.7886794 0
vt 0.6876002 0.7903907 0
vt 0.6809898 0.7924017 0
vt 0.6743763 0.7944057 0
vt 0.6687655 0.7960947 0
vt 0.6972056 0.2437425 0
vt 0.6894012 0.8204051 0
vt 0.6903655 0.8237221 0
vt 0.6898686 0.822011 0
vt 0.687971 0.8154714 0
vt 0.6864887 0.8105569 0
vt 0.6874768 0.8138289 0
vt 0.6869868 0.8122029 0
vt 0.678038 0.8214352 0
vt 0.6970944 0.2515399 0
vt 0.677843 0.8231401 0
vt 0.6776537 0.824851 0
vt 0.6791137 0.8112769 0
vt 0.6786037 0.816358 0
vt 0.6789417 0.8129848 0
vt 0.6787781 0.8146825 0
vt 0.66722 0.8179637 0
vt 0.6999753 0.2587873 0
vt 0.6663718 0.8195166 0
vt 0.6655531 0.8210384 0
vt 0.6720083 0.8091461 0
vt 0.6695624 0.8136702 0
vt 0.6711841 0.8106695 0
vt 0.6703654 0.8121904 0
vt 0.6583923 0.8108471 0
vt 0.7054109 0.2643797 0
vt 0.6570646 0.8119346 0
vt 0.6557404 0.8130354 0
vt 0.6663141 0.8043954 0
vt 0.6623492 0.8076094 0
vt 0.6649809 0.8054741 0
vt 0.6636564 0.8065482 0
vt 0.6530088 0.8008501 0
vt 0.7125724 0.2674657 0
vt 0.6514045 0.8013439 0
vt 0.6497605 0.8018663 0
vt 0.6628484 0.7978608 0
vt 0.6579223 0.7993311 0
vt 0.6612013 0.7983503 0
vt 0.6595658 0.7988418 0
vt 0.6518734 0.7895302 0
vt 0.72037 0.2675774 0
vt 0.6501572 0.7893739 0
vt 0.6484375 0.7892355 0
vt 0.662124 0.7905186 0
vt 0.6570204 0.7899963 0
vt 0.6604114 0.790344 0
vt 0.6587057 0.7901754 0
vt 0.6550338 0.7785635 0
vt 0.7276165 0.2646959 0
vt 0.6535146 0.7777675 0
vt 0.6520456 0.7770013 0
vt 0.6642874 0.7834727 0
vt 0.6598068 0.7810848 0
vt 0.6627835 0.7826726 0
vt 0.6612791 0.7818735 0
vt 0.6623625 0.7697951 0
vt 0.7332086 0.2592601 0
vt 0.6612392 0.7684325 0
vt 0.6601501 0.7670968 0
vt 0.6689114 0.7777297 0
vt 0.6656409 0.7737932 0
vt 0.667808 0.7764016 0
vt 0.6667133 0.7750774 0
vt 0.6724299 0.7643948 0
vt 0.7362946 0.252099 0
vt 0.6719535 0.7627876 0
vt 0.6714497 0.7610763 0
vt 0.6754089 0.7742434 0
vt 0.67389 0.7693282 0
vt 0.6748988 0.7725963 0
vt 0.6743967 0.7709703 0
vt 0.6837781 0.7633424 0
vt 0.7364062 0.244302 0
vt 0.6839622 0.7615886 0
vt 0.6841455 0.7599364 0
vt 0.6827641 0.7735259 0
vt 0.6832367 0.7684463 0
vt 0.6829225 0.7718154 0
vt 0.6830806 0.7701031 0
vt 0.6946395 0.7666539 0
vt 0.7335252 0.2370553 0
vt 0.6954482 0.7651402 0
vt 0.6962717 0.7636271 0
vt 0.6898609 0.7756702 0
vt 0.6922318 0.7711583 0
vt 0.6906586 0.7741553 0
vt 0.6914567 0.7726506 0
vt 0.7033657 0.7739085 0
vt 0.7280902 0.2314631 0
vt 0.7046865 0.7727953 0
vt 0.7060155 0.7716893 0
vt 0.6956311 0.7803352 0
vt 0.6996118 0.7770487 0
vt 0.6969673 0.7792343 0
vt 0.6983006 0.7781408 0
vt 0.708932 0.7838497 0
vt 0.7209289 0.2283769 0
vt 0.7105259 0.7833281 0
vt 0.7121645 0.7827943 0
vt 0.6991111 0.786882 0
vt 0.7040359 0.7854026 0
vt 0.7007561 0.7863844 0
vt 0.7023926 0.7858958 0
vt 0.7102315 0.7952396 0
vt 0.7131318 0.2282647 0
vt 0.7119304 0.7953944 0
vt 0.7136984 0.7955527 0
vt 0.6998238 0.7942434 0
vt 0.7048602 0.7947336 0
vt 0.7015215 0.7944073 0
vt 0.7031982 0.7945675 0
vt 0.7067812 0.806188 0
vt 0.705885 0.231146 0
vt 0.7083367 0.8070291 0
vt 0.7097952 0.8078285 0
vt 0.6977197 0.8013367 0
vt 0.7022445 0.8037277 0
vt 0.6992414 0.8021424 0
vt 0.7007671 0.8029493 0
vt 0.6994967 0.8150261 0
vt 0.7002923 0.236581 0
vt 0.7005805 0.816361 0
vt 0.7016574 0.8177059 0
vt 0.6930265 0.8070692 0
vt 0.696276 0.8110234 0
vt 0.694119 0.8083971 0
vt 0.6951996 0.8097218 0
vt 0.6643486 0.8611208 0
vt 0.6641473 0.8676672 0
vt 0.6664444 0.873794 0
vt 0.6708675 0.8785924 0
vt 0.6767971 0.8812941 0
vt 0.6833155 0.8814638 0
vt 0.6893999 0.8791498 0
vt 0.6941296 0.8746911 0
vt 0.6968404 0.8687907 0
vt 0.6970384 0.8622969 0
vt 0.6947601 0.8562001 0
vt 0.6903441 0.8514257 0
vt 0.6844368 0.848703 0
vt 0.6779292 0.8484568 0
vt 0.6718188 0.8507318 0
vt 0.667022 0.8551581 0
vt 0.3264961 0.2658741 0
vt 0.3332316 0.2645309 0
vt 0.3389406 0.260712 0
vt 0.3427543 0.2549995 0
vt 0.34409 0.2482623 0
vt 0.3427469 0.2415263 0
vt 0.3389274 0.2358179 0
vt 0.3332145 0.2320058 0
vt 0.3264781 0.2306701 0
vt 0.3197428 0.2320131 0
vt 0.3140346 0.2358313 0
vt 0.3102212 0.2415434 0
vt 0.308885 0.2482803 0
vt 0.3102277 0.2550157 0
vt 0.3140466 0.2607246 0
vt 0.3197592 0.2645369 0
vt 0.3399602 0.2482647 0
vt 0.333779 0.2482681 0
vt 0.3264877 0.248272 0
vt 0.3191963 0.2482756 0
vt 0.313015 0.2482785 0
vt 0.6826546 0.8776023 0
vt 0.6816873 0.8718077 0
vt 0.6805602 0.8649676 0
vt 0.6794543 0.8581249 0
vt 0.6785348 0.8523299 0
vt 0.3264971 0.2682583 0
vt 0.6517856 0.8697091 0
vt 0.6484375 0.8702298 0
vt 0.6500826 0.8699781 0
vt 0.6568769 0.8689053 0
vt 0.6619237 0.868041 0
vt 0.6585406 0.8686139 0
vt 0.6602341 0.8683266 0
vt 0.6521931 0.8582859 0
vt 0.334145 0.2667328 0
vt 0.6505618 0.8579092 0
vt 0.6488855 0.857512 0
vt 0.6621538 0.860608 0
vt 0.6571676 0.8594548 0
vt 0.6604865 0.8602228 0
vt 0.6588304 0.8598356 0
vt 0.657016 0.8479221 0
vt 0.3406271 0.2623971 0
vt 0.65557 0.8468966 0
vt 0.6541598 0.8458978 0
vt 0.6651764 0.8538166 0
vt 0.6610074 0.850777 0
vt 0.6637698 0.8527937 0
vt 0.6623719 0.851772 0
vt 0.6652402 0.8399016 0
vt 0.3449573 0.2559107 0
vt 0.6643485 0.8384521 0
vt 0.6634208 0.8369414 0
vt 0.6706479 0.8488112 0
vt 0.6680202 0.8444952 0
vt 0.6697623 0.8473547 0
vt 0.6688904 0.8459167 0
vt 0.6760529 0.8360162 0
vt 0.346474 0.2482608 0
vt 0.6758174 0.8343533 0
vt 0.67557 0.8326465 0
vt 0.6775798 0.8462203 0
vt 0.6767821 0.8411283 0
vt 0.6773146 0.8445188 0
vt 0.6770472 0.8428282 0
vt 0.6874837 0.8365516 0
vt 0.3449488 0.2406126 0
vt 0.6879153 0.8348878 0
vt 0.6883375 0.8332178 0
vt 0.6849699 0.8465023 0
vt 0.68619 0.841527 0
vt 0.6853771 0.8448302 0
vt 0.6857787 0.8431667 0
vt 0.6978026 0.8413655 0
vt 0.3406121 0.2341311 0
vt 0.6988362 0.8399903 0
vt 0.6998644 0.8386067 0
vt 0.6916767 0.8495977 0
vt 0.6947067 0.8454704 0
vt 0.6926923 0.8482104 0
vt 0.6936995 0.846828 0
vt 0.7054677 0.8497233 0
vt 0.3341253 0.2298028 0
vt 0.7069452 0.8488406 0
vt 0.7084211 0.8479501 0
vt 0.6966868 0.8550183 0
vt 0.7010524 0.8523506 0
vt 0.6981522 0.8541216 0
vt 0.6996072 0.8532254 0
vt 0.7093761 0.8603295 0
vt 0.3264767 0.2282864 0
vt 0.7110767 0.8600583 0
vt 0.7127208 0.8597962 0
vt 0.6992668 0.8619368 0
vt 0.7043169 0.861121 0
vt 0.7009603 0.861663 0
vt 0.7026533 0.8613873 0
vt 0.7088889 0.871609 0
vt 0.3188297 0.2298112 0
vt 0.7106212 0.8719983 0
vt 0.7123079 0.8723829 0
vt 0.6990629 0.8693148 0
vt 0.7040858 0.8705081 0
vt 0.7007546 0.869714 0
vt 0.7024399 0.8701171 0
vt 0.7044579 0.882053 0
vt 0.3123477 0.2341466 0
vt 0.7058576 0.883034 0
vt 0.7072562 0.8840285 0
vt 0.6959581 0.8759955 0
vt 0.7000817 0.878934 0
vt 0.6973464 0.8769839 0
vt 0.6987198 0.877971 0
vt 0.696103 0.8897615 0
vt 0.3080181 0.2406319 0
vt 0.6970216 0.8912183 0
vt 0.6979265 0.8926871 0
vt 0.6906083 0.8810622 0
vt 0.6933619 0.8853862 0
vt 0.6915295 0.8825146 0
vt 0.6924443 0.8839623 0
vt 0.6854645 0.8937789 0
vt 0.3065009 0.2482813 0
vt 0.6857535 0.895428 0
vt 0.6860376 0.8971277 0
vt 0.6837002 0.8836898 0
vt 0.6845916 0.8887421 0
vt 0.6839965 0.8853807 0
vt 0.6842896 0.8870594 0
vt 0.6740896 0.8933384 0
vt 0.3080254 0.255929 0
vt 0.6737252 0.8950271 0
vt 0.6733608 0.8967171 0
vt 0.6762894 0.8835175 0
vt 0.6751336 0.8885591 0
vt 0.6759033 0.8852092 0
vt 0.6755168 0.886893 0
vt 0.6636104 0.8887727 0
vt 0.3123613 0.2624114 0
vt 0.6626048 0.8902157 0
vt 0.6615905 0.8916787 0
vt 0.6695472 0.8804401 0
vt 0.666569 0.8845762 0
vt 0.6685427 0.8818405 0
vt 0.6675467 0.8832242 0
vt 0.6556635 0.8804982 0
vt 0.3188483 0.2667395 0
vt 0.6542075 0.8813927 0
vt 0.6527478 0.8822948 0
vt 0.6645426 0.8749801 0
vt 0.6602513 0.877664 0
vt 0.663097 0.8758804 0
vt 0.6616642 0.8767774 0
vt 0.4570188 0.4326817 0
vt 0.4614662 0.4280391 0
vt 0.4673568 0.4254339 0
vt 0.4737914 0.4252707 0
vt 0.4797886 0.4275872 0
vt 0.4844307 0.4320361 0
vt 0.4870246 0.4379229 0
vt 0.487168 0.4443433 0
vt 0.4848347 0.4503191 0
vt 0.4803882 0.4549503 0
vt 0.4745198 0.4575399 0
vt 0.4681154 0.4576827 0
vt 0.4621438 0.4553631 0
vt 0.4575049 0.4509305 0
vt 0.4548832 0.4450723 0
vt 0.454704 0.4386621 0
vt 0.7231127 0.9321509 0
vt 0.716376 0.930811 0
vt 0.7106652 0.926995 0
vt 0.7068489 0.9212839 0
vt 0.7055093 0.9145475 0
vt 0.7068489 0.9078108 0
vt 0.7106652 0.9020997 0
vt 0.716376 0.8982837 0
vt 0.7231127 0.8969438 0
vt 0.7298491 0.8982837 0
vt 0.7355602 0.9020997 0
vt 0.7393765 0.9078108 0
vt 0.7407161 0.9145475 0
vt 0.7393765 0.9212839 0
vt 0.7355602 0.926995 0
vt 0.7298491 0.930811 0
vt 0.7096395 0.9145475 0
vt 0.7158211 0.9145475 0
vt 0.7231127 0.9145475 0
vt 0.7304042 0.9145475 0
vt 0.7365858 0.9145475 0
vt 0.4812707 0.4342445 0
vt 0.4765381 0.4375554 0
vt 0.4709541 0.4414641 0
vt 0.4653751 0.4453813 0
vt 0.4606545 0.4487056 0
vt 0.7231127 0.9345352 0
vt 0.4544023 0.4179777 0
vt 0.4524711 0.4152242 0
vt 0.4534661 0.4166437 0
vt 0.4572661 0.4221062 0
vt 0.460181 0.4262244 0
vt 0.4582394 0.4234819 0
vt 0.4592037 0.4248443 0
vt 0.4466253 0.4260992 0
vt 0.7154639 0.9330135 0
vt 0.4452132 0.4252003 0
vt 0.4438123 0.4242868 0
vt 0.4551292 0.431496 0
vt 0.4508555 0.4288156 0
vt 0.4536922 0.4305957 0
vt 0.4522681 0.4296949 0
vt 0.4425771 0.4365822 0
vt 0.7089789 0.928681 0
vt 0.4408844 0.4362988 0
vt 0.4392455 0.4360114 0
vt 0.452498 0.4382868 0
vt 0.4475381 0.4374446 0
vt 0.4508233 0.4380032 0
vt 0.4491572 0.4377168 0
vt 0.4428751 0.4477943 0
vt 0.704646 0.9221963 0
vt 0.4412464 0.4481818 0
vt 0.4396221 0.4485652 0
vt 0.4527089 0.4455651 0
vt 0.4477917 0.4466766 0
vt 0.4510569 0.44594 0
vt 0.4494137 0.4463109 0
vt 0.4474376 0.4580197 0
vt 0.703125 0.9145475 0
vt 0.4461061 0.4589697 0
vt 0.4447345 0.4599348 0
vt 0.4556894 0.4522137 0
vt 0.4515613 0.4551325 0
vt 0.4543093 0.4531904 0
vt 0.4529361 0.4541575 0
vt 0.4555353 0.4657332 0
vt 0.704646 0.9068984 0
vt 0.4546338 0.4671427 0
vt 0.4537172 0.46854 0
vt 0.460954 0.4572473 0
vt 0.4582642 0.4615099 0
vt 0.4600506 0.4586797 0
vt 0.4591467 0.4601005 0
vt 0.4659404 0.4698266 0
vt 0.7089789 0.9004141 0
vt 0.4656437 0.4714799 0
vt 0.4653573 0.4730606 0
vt 0.4677293 0.4598813 0
vt 0.4668569 0.4648649 0
vt 0.4674355 0.4615509 0
vt 0.4671405 0.4632231 0
vt 0.4771189 0.469552 0
vt 0.7154639 0.8960812 0
vt 0.4774869 0.4712286 0
vt 0.4778602 0.4728568 0
vt 0.474998 0.4597202 0
vt 0.4760761 0.4646265 0
vt 0.4753598 0.4613784 0
vt 0.4757256 0.4630249 0
vt 0.4873775 0.4650806 0
vt 0.7231127 0.8945598 0
vt 0.488305 0.4664245 0
vt 0.4892912 0.4678525 0
vt 0.48166 0.4567767 0
vt 0.4845418 0.460922 0
vt 0.4826268 0.4581659 0
vt 0.4835801 0.4595375 0
vt 0.4951453 0.4570068 0
vt 0.7307615 0.8960812 0
vt 0.496586 0.4579472 0
vt 0.4979296 0.4588322 0
vt 0.4867122 0.4515222 0
vt 0.4909452 0.4542398 0
vt 0.4881395 0.4524367 0
vt 0.489567 0.4533533 0
vt 0.499274 0.4465759 0
vt 0.7372461 0.9004141 0
vt 0.500919 0.4468816 0
vt 0.502559 0.4471726 0
vt 0.4893646 0.4447375 0
vt 0.4943286 0.4456356 0
vt 0.4910322 0.4450386 0
vt 0.4926924 0.4453329 0
vt 0.4990465 0.4353428 0
vt 0.741579 0.9068984 0
vt 0.5006795 0.4349886 0
vt 0.5023068 0.434617 0
vt 0.4892009 0.4374474 0
vt 0.4941228 0.4363775 0
vt 0.4908552 0.4370872 0
vt 0.4924982 0.4367236 0
vt 0.4945514 0.4250235 0
vt 0.7431004 0.9145475 0
vt 0.4958954 0.4240952 0
vt 0.4972702 0.423137 0
vt 0.4862546 0.430761 0
vt 0.4903998 0.4278598 0
vt 0.4876416 0.429792 0
vt 0.4890168 0.4288258 0
vt 0.486416 0.4172382 0
vt 0.741579 0.9221963 0
vt 0.487314 0.4158342 0
vt 0.4882461 0.4143842 0
vt 0.4809874 0.4257042 0
vt 0.4836859 0.421454 0
vt 0.4818979 0.4242741 0
vt 0.4827982 0.4228609 0
vt 0.4759277 0.4131659 0
vt 0.7372461 0.928681 0
vt 0.4762183 0.4114699 0
vt 0.4764805 0.4098838 0
vt 0.4741764 0.4230753 0
vt 0.4750404 0.418123 0
vt 0.4744688 0.421407 0
vt 0.4747604 0.4197361 0
vt 0.4646889 0.4134488 0
vt 0.7307615 0.9330135 0
vt 0.4643174 0.4118178 0
vt 0.4639319 0.4101919 0
vt 0.4668688 0.4232644 0
vt 0.4657646 0.4183582 0
vt 0.4664986 0.4216152 0
vt 0.4661236 0.4199776 0
vt 0.7115339 0.6495502 0
vt 0.7282409 0.6784877 0
vt 0.6936576 0.659871 0
vt 0.7103646 0.6888085 0
vt 0.7294102 0.6392293 0
vt 0.7461172 0.6681668 0
vt 0.6757812 0.6701919 0
vt 0.6924883 0.6991294 0
vt 0.1758363 0.4184336 0
vt 0.1975675 0.4438159 0
vt 0.1915164 0.4050091 0
vt 0.2132476 0.4303914 0
vt 0.1601563 0.4318582 0
vt 0.1818874 0.4572405 0
vt 0.2071964 0.3915845 0
vt 0.2289276 0.4169668 0
vt 0.6936576 0.7128917 0
vt 0.7103646 0.7418292 0
vt 0.7115339 0.7025709 0
vt 0.7282409 0.7315084 0
vt 0.6757813 0.7232126 0
vt 0.6924883 0.7521501 0
vt 0.7294102 0.69225 0
vt 0.7461172 0.7211875 0
vt 0.1305847 0.4689735 0
vt 0.1138776 0.497911 0
vt 0.1127084 0.4586526 0
vt 0.09600131 0.4875901 0
vt 0.148461 0.4792944 0
vt 0.1317539 0.5082319 0
vt 0.09483207 0.4483318 0
vt 0.078125 0.4772693 0
vt 0.00390625 0.3092294 0
vt 0.9960937 0.00390625 0
vt 0.7539995 0.9939485 0
vt 0.7924608 0.2264869 0
vt 0.140625 0.2713066 0
vt 0.1551115 0.3123154 0
vt 0.1505137 0.2424755 0
vt 0.1433746 0.2532654 0
vt 0.1645295 0.321921 0
vt 0.07282167 0.4397944 0
vt 0.1560087 0.2366473 0
vt 0.1469704 0.2998171 0
vt 0.1419292 0.2855001 0
vt 0.161058 0.2333201 0
vt 0.09472081 0.4395719 0
vt 0.1682382 0.2296038 0
vt 0.1809049 0.2264584 0
vt 0.2214217 0.2366433 0
vt 0.3925531 0.4914765 0
vt 0.2105687 0.2332044 0
vt 0.2330097 0.2405271 0
vt 0.1879409 0.3387241 0
vt 0.1979775 0.3438016 0
vt 0.2427839 0.2434456 0
vt 0.007485254 0.4163789 0
vt 0.5576505 0.5055815 0
vt 0.2095207 0.3485885 0
vt 0.01777462 0.3598918 0
vt 0.2196464 0.3522422 0
vt 0.2734556 0.3653865 0
vt 0.004760781 0.3862416 0
vt 0.00390625 0.4043284 0
vt 0.009437181 0.3728453 0
vt 0.02103098 0.4332466 0
vt 0.03234478 0.4384504 0
vt 0.01523497 0.42777 0
vt 0.01159147 0.4230905 0
vt 0.04101914 0.342147 0
vt 0.02895352 0.3493961 0
vt 0.06900068 0.3327002 0
vt 0.08023878 0.3305071 0
vt 0.09294572 0.3289083 0
vt 0.1495008 0.4445052 0
vt 0.08469387 0.4394709 0
vt 0.06180555 0.4401917 0
vt 0.1039806 0.3283879 0
vt 0.1959239 0.4791456 0
vt 0.238571 0.4760656 0
vt 0.1953125 0.4706642 0
vt 0.2358918 0.4841391 0
vt 0.1979908 0.4625932 0
vt 0.2303251 0.4905705 0
vt 0.2035547 0.456161 0
vt 0.2227222 0.4943846 0
vt 0.2111581 0.4523465 0
vt 0.6954326 0.2433634 0
vt 0.2142374 0.4949961 0
vt 0.2196423 0.4517349 0
vt 0.2061655 0.4923142 0
vt 0.2277133 0.4544161 0
vt 0.1997348 0.4867479 0
vt 0.2341458 0.4599801 0
vt 0.2379572 0.4675833 0
vt 0.720699 0.2693588 0
vt 0.712804 0.2264839 0
vt 0.7286011 0.2662153 0
vt 0.7049009 0.2296251 0
vt 0.7347002 0.2602891 0
vt 0.6988008 0.235552 0
vt 0.738188 0.2439729 0
vt 0.6953125 0.2518693 0
vt 0.7350449 0.2360712 0
vt 0.6984559 0.2597714 0
vt 0.7213081 0.2266039 0
vt 0.7121934 0.269239 0
vt 0.7043824 0.2658711 0
vt 0.7291188 0.2299715 0
vt 0.738068 0.252478 0
vt 0.490216 0.4691873 0
vt 0.3264978 0.2700689 0
vt 0.3063524 0.2566238 0
vt 0.4993594 0.4597556 0
vt 0.442374 0.42338 0
vt 0.3110819 0.2636921 0
vt 0.3348383 0.2684067 0
vt 0.4515425 0.4138935 0
vt 0.3419095 0.2636784 0
vt 0.4375 0.4357218 0
vt 0.5042987 0.4474987 0
vt 0.3181552 0.2684149 0
vt 0.3466305 0.2566028 0
vt 0.4986168 0.4222244 0
vt 0.4434115 0.4608833 0
vt 0.318136 0.2281387 0
vt 0.4528097 0.4699771 0
vt 0.4892025 0.4128983 0
vt 0.3110669 0.2328654 0
vt 0.4650394 0.4748061 0
vt 0.4767759 0.4082094 0
vt 0.3063444 0.2399385 0
vt 0.478209 0.4745203 0
vt 0.463575 0.4085307 0
vt 0.3046875 0.2482821 0
vt 0.5039688 0.4342672 0
vt 0.437969 0.4489579 0
vt 0.326475 0.2264744 0
vt 0.3348166 0.2281281 0
vt 0.3418916 0.2328485 0
vt 0.346622 0.2399175 0
vt 0.3482871 0.2482597 0
vt 0.00390625 0.2186744 0
vt 0.1304236 0.2264869 0
#end 1406 textures vertices 

#begin 518 normals 
vn -0.7071 -0 0.7071
vn -0.7071 -0 -0.7071
vn 0.7071 -0 -0.7071
vn 0.7071 -0 0.7071
vn -1 -0 -0
vn -0 -0 1
vn -0 -0 -1
vn 1 -0 -0
vn -0.8629 -0.2371 -0.4464
vn -0.8629 0.2371 -0.4464
vn -0.5042 -0.6611 0.5557
vn -0.5042 0.6611 0.5557
vn -0.8629 -0.2372 0.4463
vn -0.8629 0.2372 0.4463
vn -0.5041 -0.6611 -0.5556
vn -0.5041 0.6611 -0.5557
vn -0 0.7071 0.7071
vn -0 -0.7071 0.7071
vn -0.6467 -0 0.7627
vn -0.6864 0.7152 -0.1319
vn -0.6864 -0.7152 -0.1319
vn -0 0.7071 -0.7071
vn -0 -0.7071 -0.7071
vn -0.6458 -0 -0.7635
vn -0.7392 -0.6541 -0.1607
vn -0.7392 0.6541 -0.1607
vn -0.6467 -0 -0.7627
vn -0.6864 0.7152 0.1319
vn -0.6864 -0.7152 0.1319
vn -0.6457 -0 0.7636
vn -0.7392 -0.6541 0.1607
vn -0.7392 0.6541 0.1607
vn -0 -1 -0
vn -0 -0 -1
vn -0 1 -0
vn -0.9766 0.0805 -0.1992
vn -0.9766 -0.0805 -0.1992
vn -1 -0 -0
vn -0 -0 1
vn -0.9766 0.0805 0.1992
vn -0.9766 -0.0805 0.1992
vn 0.7071 0.4645 0.5331
vn 0.7071 0.4718 0.5267
vn -0.7071 0.4718 0.5267
vn -0.7071 0.4645 0.5331
vn 0.7071 0.4645 -0.5331
vn 0.7071 0.4718 -0.5267
vn -0.7071 0.4718 -0.5267
vn -0.7071 0.4645 -0.5331
vn 0.7071 -0.4645 0.5331
vn 0.7071 -0.4718 0.5267
vn -0.7071 -0.4718 0.5267
vn -0.7071 -0.4645 0.5331
vn 0.7071 -0.4645 -0.5331
vn 0.7071 -0.4718 -0.5267
vn -0.7071 -0.4718 -0.5267
vn -0.7071 -0.4645 -0.5331
vn 1 -0 -0
vn -0 0.6569 0.7539
vn -0 0.6672 0.7448
vn -1 -0 -0
vn -0 0.6569 -0.7539
vn -0 0.6672 -0.7448
vn -0 -0.6569 0.7539
vn -0 -0.6672 0.7448
vn -0 -0.6569 -0.7539
vn -0 -0.6672 -0.7448
vn 0.7071 0.4645 0.5331
vn 0.7071 0.4718 0.5267
vn -0.7071 0.4718 0.5267
vn -0.7071 0.4645 0.5331
vn 0.7071 0.4645 -0.5331
vn 0.7071 0.4718 -0.5267
vn -0.7071 0.4718 -0.5267
vn -0.7071 0.4645 -0.5331
vn 0.7071 -0.4645 0.5331
vn 0.7071 -0.4718 0.5267
vn -0.7071 -0.4718 0.5267
vn -0.7071 -0.4645 0.5331
vn 0.7071 -0.4645 -0.5331
vn 0.7071 -0.4718 -0.5267
vn -0.7071 -0.4718 -0.5267
vn -0.7071 -0.4645 -0.5331
vn 1 -0 -0
vn -0 0.6569 0.7539
vn -0 0.6672 0.7448
vn -1 -0 -0
vn -0 0.6569 -0.7539
vn -0 0.6672 -0.7448
vn -0 -0.6569 0.7539
vn -0 -0.6672 0.7448
vn -0 -0.6569 -0.7539
vn -0 -0.6672 -0.7448
vn 0.7071 0.4645 0.5331
vn 0.7071 0.4718 0.5267
vn -0.7071 0.4718 0.5267
vn -0.7071 0.4645 0.5331
vn 0.7071 0.4645 -0.5331
vn 0.7071 0.4718 -0.5267
vn -0.7071 0.4718 -0.5267
vn -0.7071 0.4645 -0.5331
vn 0.7071 -0.4645 0.5331
vn 0.7071 -0.4718 0.5267
vn -0.7071 -0.4718 0.5267
vn -0.7071 -0.4645 0.5331
vn 0.7071 -0.4645 -0.5331
vn 0.7071 -0.4718 -0.5267
vn -0.7071 -0.4718 -0.5267
vn -0.7071 -0.4645 -0.5331
vn 1 -0 -0
vn -0 0.6569 0.7539
vn -0 0.6672 0.7448
vn -1 -0 -0
vn -0 0.6569 -0.7539
vn -0 0.6672 -0.7448
vn -0 -0.6569 0.7539
vn -0 -0.6672 0.7448
vn -0 -0.6569 -0.7539
vn -0 -0.6672 -0.7448
vn -0 -0 1
vn -0 -0 -1
vn -0.3966 -0.7828 -0.4796
vn -0.5883 -0.7116 -0.3841
vn -0.4849 -0.6283 -0.6084
vn -0.3966 -0.7828 0.4796
vn -0.4849 -0.6283 0.6084
vn -0.5883 -0.7116 0.3841
vn -0.3966 -0.7827 0.4796
vn -0.5883 -0.7117 -0.384
vn -0.4849 -0.6283 -0.6083
vn 0.122 -0.6838 -0.7194
vn 0.0364 -0.6901 -0.7228
vn 0.0383 -0.6901 -0.7227
vn 0.1307 -0.6828 -0.7188
vn 0.0364 -0.6901 0.7228
vn 0.122 -0.6838 0.7194
vn 0.1307 -0.6828 0.7188
vn 0.0383 -0.6901 0.7227
vn 0.2208 -0.6694 -0.7093
vn 0.236 -0.6666 -0.7071
vn 0.2208 -0.6694 0.7093
vn 0.236 -0.6666 0.7071
vn 0.2742 -0.6573 -0.702
vn 0.2722 -0.6571 -0.7029
vn 0.2742 -0.6573 0.702
vn 0.2722 -0.6571 0.7029
vn -0.0363 0.6766 0.7354
vn -0.1208 0.669 0.7334
vn -0.1295 0.6679 0.7329
vn -0.0383 0.6765 0.7354
vn -0.2172 0.6528 0.7257
vn -0.2325 0.6494 0.724
vn -0.268 0.6374 0.7224
vn -0.2653 0.6364 0.7243
vn -0.0382 0.6765 -0.7354
vn -0.1295 0.6679 -0.7329
vn -0.1207 0.669 -0.7334
vn -0.0363 0.6766 -0.7354
vn -0.2325 0.6494 -0.724
vn -0.2172 0.6528 -0.7257
vn -0.2653 0.6364 -0.7243
vn -0.268 0.6374 -0.7224
vn -0 -0.6912 -0.7227
vn -0 -0.6912 0.7227
vn -0.0001 0.6782 0.7349
vn -0.0001 0.6782 -0.7349
vn -0.0447 -0.6763 -0.7353
vn 0.2077 -0.6656 -0.7168
vn 0.1891 -0.6678 -0.7199
vn -0.0354 -0.6767 -0.7355
vn 0.2077 -0.6656 0.7168
vn -0.0447 -0.6763 0.7353
vn -0.0354 -0.6767 0.7355
vn 0.1891 -0.6678 0.7199
vn -0.6664 -0.3809 -0.6409
vn -0.6825 -0.2774 -0.6761
vn -0.6679 -0.3799 0.64
vn -0.6845 -0.2795 0.6733
vn -0.6963 -0.0714 -0.7142
vn -0.6965 -0.0662 -0.7145
vn -0.6983 -0.0732 0.712
vn -0.6986 -0.0651 0.7125
vn -0.516 0.5472 0.659
vn -0.3309 0.6142 0.7165
vn -0.3047 0.622 0.7213
vn -0.4465 0.5754 0.6852
vn -0.3309 0.6142 -0.7165
vn -0.516 0.5472 -0.659
vn -0.4465 0.5754 -0.6852
vn -0.3047 0.622 -0.7213
vn -0.7319 0.4253 0.5324
vn -0.6423 0.4834 0.5948
vn -0.7319 0.4253 -0.5324
vn -0.6423 0.4835 -0.5948
vn -0.7724 0.3229 0.5469
vn -0.729 0.1801 0.6604
vn -0.7731 0.322 -0.5464
vn -0.7329 0.1819 -0.6556
vn -0.7033 0.0673 0.7077
vn -0.7026 0.0532 0.7095
vn -0.7057 0.07 -0.705
vn -0.7041 0.0511 -0.7083
vn 0.0383 -0.69 -0.7228
vn 0.2208 -0.6695 0.7093
vn 0.2208 -0.6695 -0.7093
vn -0.0383 0.6765 -0.7354
vn -0.1208 0.669 -0.7334
vn -0.2325 0.6495 -0.724
vn -0.0363 0.6767 0.7354
vn -0.0382 0.6766 0.7354
vn -0.0354 -0.6766 0.7355
vn -0.0354 -0.6767 -0.7354
vn -0.0447 -0.6763 -0.7352
vn -0.6826 -0.2774 0.6761
vn -0.6664 -0.381 0.6409
vn -0.6845 -0.2795 -0.6733
vn -0.6679 -0.38 -0.6399
vn -0.6965 -0.0662 0.7145
vn -0.6963 -0.0714 0.7142
vn -0.6986 -0.0651 -0.7125
vn -0.6983 -0.0732 -0.712
vn -0.516 0.5473 -0.659
vn -0.3309 0.6142 0.7164
vn -0.732 0.4252 0.5324
vn -0.729 0.1801 -0.6604
vn -0.7724 0.3229 -0.5469
vn -0.7329 0.1819 0.6556
vn -0.7731 0.322 0.5464
vn -0.7026 0.0532 -0.7095
vn -0.7033 0.0673 -0.7077
vn -0.7041 0.0511 0.7083
vn -0.7057 0.0701 0.705
vn 0.0544 -0.9985 -0
vn -0 -1 -0
vn -0 1 -0
vn -0.0544 0.9985 -0
vn 0.1824 -0.9832 -0
vn 0.324 -0.946 -0
vn 0.3844 -0.9232 -0
vn 0.2849 -0.9585 -0
vn -0.1824 0.9832 -0
vn -0.324 0.946 -0
vn -0.3844 0.9232 -0
vn -0.4547 0.8906 -0
vn -0.0567 -0.9984 -0
vn -0.9031 -0.4295 -0
vn -0.9952 -0.0981 -0
vn -0.9964 0.0847 -0
vn -0.2994 -0.9541 -0
vn -0.7704 -0.6375 -0
vn -0.6454 0.7639 -0
vn -0.951 0.3091 -0
vn -0.8299 0.5578 -0
vn -0 -1 -0
vn -0.3827 -0.9239 -0
vn -0.7071 -0.7071 -0
vn -0.9239 -0.3827 -0
vn -1 -0 -0
vn -0.9239 0.3827 -0
vn -0.7071 0.7071 -0
vn -0.3827 0.9239 -0
vn -0 1 -0
vn 0.3827 0.9239 -0
vn 0.7071 0.7071 -0
vn 0.9239 0.3827 -0
vn 1 -0 -0
vn 0.9239 -0.3827 -0
vn 0.7071 -0.7071 -0
vn 0.3827 -0.9239 -0
vn -0.7157 0.3387 0.6108
vn -0.7157 0.3387 -0.6108
vn 0.4686 0.6382 -0.6108
vn 0.4686 0.6382 0.6108
vn -0.1065 0.9899 -0.094
vn -0.3769 0.9215 -0.094
vn -0.3769 0.9215 0.094
vn -0.1065 0.9899 0.094
vn -0.0383 0.9555 -0.2926
vn -0.4206 0.8588 -0.2926
vn -0.4206 0.8588 0.2926
vn -0.0383 0.9555 0.2926
vn -0.8362 0.5485 -0
vn -0.145 0.5735 -0.8063
vn 0.4749 0.88 -0
vn -0.145 0.5735 0.8063
vn 0.6855 0.1734 -0.7071
vn 0.6855 0.1734 0.7071
vn -0.6855 -0.1734 0.7071
vn -0.6855 -0.1734 -0.7071
vn -0.224 0.8859 -0.4063
vn 0.007 1 -0
vn -0.4816 0.8764 -0
vn -0.224 0.8859 0.4063
vn -0.2287 0.9041 -0.3609
vn 0.0269 0.9996 -0
vn -0.4989 0.8667 -0
vn -0.2287 0.9041 0.3609
vn 0.064 0.9257 -0.3727
vn -0.4964 0.784 -0.3727
vn -0.4964 0.784 0.3727
vn 0.064 0.9257 0.3727
vn -0.2287 0.9042 -0.3609
vn -0 -0 1
vn -0.9695 -0.2452 -0
vn -0 -0 -1
vn 0.9695 0.2452 -0
vn -0.2452 0.9695 -0
vn -0.1813 0.717 -0.6731
vn 0.2969 0.9549 -0
vn -0.7152 0.699 -0
vn -0.1813 0.717 0.6731
vn -0.3794 0.9159 -0.1308
vn -0.3794 0.9159 0.1308
vn -0 0.9914 0.1308
vn -0 0.9914 -0.1308
vn 0.055 0.1329 -0.9896
vn 0.1017 0.1017 -0.9896
vn -0 -0 -1
vn 0.1329 0.055 -0.9896
vn 0.1438 -0 -0.9896
vn 0.1329 -0.055 -0.9896
vn 0.1017 -0.1017 -0.9896
vn 0.055 -0.1329 -0.9896
vn -0 -0.1438 -0.9896
vn -0.055 -0.1329 -0.9896
vn -0.1017 -0.1017 -0.9896
vn -0.1329 -0.055 -0.9896
vn -0.1438 -0 -0.9896
vn -0.1329 0.055 -0.9896
vn -0.1017 0.1017 -0.9896
vn -0.055 0.1329 -0.9896
vn -0 0.1438 -0.9896
vn -0 0.1438 0.9896
vn -0.055 0.1329 0.9896
vn -0 -0 1
vn 0.3794 0.9159 -0.1308
vn 0.3794 0.9159 0.1308
vn 0.701 0.701 0.1308
vn 0.701 0.701 -0.1308
vn -0.701 0.701 -0.1308
vn -0.701 0.701 0.1308
vn -0.9159 0.3794 -0.1308
vn -0.9159 0.3794 0.1308
vn -0.9914 -0 -0.1308
vn -0.9914 -0 0.1308
vn -0.9159 -0.3794 -0.1308
vn -0.9159 -0.3794 0.1308
vn -0.701 -0.701 -0.1308
vn -0.701 -0.701 0.1308
vn -0.3794 -0.9159 -0.1308
vn -0.3794 -0.9159 0.1308
vn -0 -0.9914 -0.1308
vn -0 -0.9914 0.1308
vn 0.3794 -0.9159 -0.1308
vn 0.3794 -0.9159 0.1308
vn 0.701 -0.701 -0.1308
vn 0.701 -0.701 0.1308
vn 0.9159 -0.3794 -0.1308
vn 0.9159 -0.3794 0.1308
vn 0.9914 -0 -0.1308
vn 0.9914 -0 0.1308
vn 0.9159 0.3794 -0.1308
vn 0.9159 0.3794 0.1308
vn 0.1017 0.1017 0.9896
vn 0.055 0.1329 0.9896
vn 0.1329 0.055 0.9896
vn 0.1438 -0 0.9896
vn 0.1329 -0.055 0.9896
vn 0.1017 -0.1017 0.9896
vn 0.055 -0.1329 0.9896
vn -0 -0.1438 0.9896
vn -0.055 -0.1329 0.9896
vn -0.1017 -0.1017 0.9896
vn -0.1329 -0.055 0.9896
vn -0.1438 -0 0.9896
vn -0.1329 0.055 0.9896
vn -0.1017 0.1017 0.9896
vn 0.333 0.804 -0.4926
vn -0 0.9646 -0.2635
vn -0 0.7002 -0.7139
vn 0.1979 0.4778 -0.8559
vn -0 0.2542 -0.9672
vn -0 0.9646 0.2635
vn 0.3692 0.8912 0.2635
vn 0.268 0.6469 0.7139
vn -0 0.7002 0.7139
vn -0 0.5172 0.8559
vn 0.1979 0.4778 0.8559
vn 0.6154 0.6154 -0.4926
vn 0.3657 0.3657 -0.8559
vn 0.6821 0.6821 0.2635
vn 0.4951 0.4951 0.7139
vn 0.3657 0.3657 0.8559
vn 0.8912 0.3692 -0.2635
vn 0.6469 0.268 -0.7139
vn 0.4778 0.1979 -0.8559
vn 0.8912 0.3692 0.2635
vn 0.6469 0.268 0.7139
vn 0.4778 0.1979 0.8559
vn 0.9646 -0 -0.2635
vn 0.7002 -0 -0.7139
vn 0.5172 -0 -0.8559
vn 0.9646 -0 0.2635
vn 0.7002 -0 0.7139
vn 0.5172 -0 0.8559
vn 0.8912 -0.3692 -0.2635
vn 0.6469 -0.268 -0.7139
vn 0.4778 -0.1979 -0.8559
vn 0.8912 -0.3692 0.2635
vn 0.6469 -0.268 0.7139
vn 0.4778 -0.1979 0.8559
vn 0.6821 -0.6821 -0.2635
vn 0.4951 -0.4951 -0.7139
vn 0.3657 -0.3657 -0.8559
vn 0.6154 -0.6154 0.4926
vn 0.3657 -0.3657 0.8559
vn 0.3692 -0.8912 -0.2635
vn 0.268 -0.6469 -0.7139
vn 0.1979 -0.4778 -0.8559
vn 0.333 -0.804 0.4926
vn 0.1979 -0.4778 0.8559
vn -0 -0.9646 -0.2635
vn -0 -0.7002 -0.7139
vn -0 -0.5172 -0.8559
vn -0 -0.9646 0.2635
vn -0 -0.7002 0.7139
vn -0 -0.2542 0.9672
vn -0.333 -0.804 -0.4926
vn -0.1979 -0.4778 -0.8559
vn -0.3692 -0.8912 0.2635
vn -0.268 -0.6469 0.7139
vn -0.1979 -0.4778 0.8559
vn -0.6154 -0.6154 -0.4926
vn -0.3657 -0.3657 -0.8559
vn -0.6821 -0.6821 0.2635
vn -0.4951 -0.4951 0.7139
vn -0.3657 -0.3657 0.8559
vn -0.8912 -0.3692 -0.2635
vn -0.6469 -0.268 -0.7139
vn -0.4778 -0.1979 -0.8559
vn -0.8912 -0.3692 0.2635
vn -0.6469 -0.268 0.7139
vn -0.4778 -0.1979 0.8559
vn -0.9646 -0 -0.2635
vn -0.7002 -0 -0.7139
vn -0.5172 -0 -0.8559
vn -0.9646 -0 0.2635
vn -0.7002 -0 0.7139
vn -0.5172 -0 0.8559
vn -0.8912 0.3692 -0.2635
vn -0.6469 0.268 -0.7139
vn -0.4778 0.1979 -0.8559
vn -0.8912 0.3692 0.2635
vn -0.6469 0.268 0.7139
vn -0.4778 0.1979 0.8559
vn -0.6821 0.6821 -0.2635
vn -0.4951 0.4951 -0.7139
vn -0.3657 0.3657 -0.8559
vn -0.6154 0.6154 0.4926
vn -0.3657 0.3657 0.8559
vn -0.3692 0.8912 -0.2635
vn -0.268 0.6469 -0.7139
vn -0.1979 0.4778 -0.8559
vn -0.333 0.804 0.4926
vn -0.1979 0.4778 0.8559
vn -0.333 0.804 -0.4926
vn -0.3692 0.8912 0.2635
vn -0.268 0.6469 0.7139
vn -0.6154 0.6154 -0.4926
vn -0.6821 0.6821 0.2635
vn -0.4951 0.4951 0.7139
vn -0.8912 0.3692 -0.2636
vn -0.8912 0.3692 0.2636
vn -0.9646 -0 -0.2636
vn -0.9646 -0 0.2636
vn -0.8912 -0.3692 -0.2636
vn -0.8912 -0.3692 0.2636
vn -0.6821 -0.6821 -0.2635
vn -0.4951 -0.4951 -0.7139
vn -0.6154 -0.6154 0.4926
vn -0.3692 -0.8912 -0.2635
vn -0.268 -0.6469 -0.7139
vn -0.333 -0.804 0.4926
vn 0.333 -0.804 -0.4926
vn 0.3692 -0.8912 0.2635
vn 0.268 -0.6469 0.7139
vn 0.6154 -0.6154 -0.4926
vn 0.6821 -0.6821 0.2635
vn 0.4951 -0.4951 0.7139
vn 0.8912 -0.3692 -0.2636
vn 0.8912 -0.3692 0.2636
vn 0.9646 -0 -0.2636
vn 0.9646 -0 0.2636
vn 0.8912 0.3692 -0.2636
vn 0.8912 0.3692 0.2636
vn 0.6821 0.6821 -0.2635
vn 0.4951 0.4951 -0.7139
vn 0.6154 0.6154 0.4926
vn 0.3692 0.8912 -0.2635
vn 0.268 0.6469 -0.7139
vn 0.333 0.804 0.4926
vn -0 0.2542 0.9671
vn 0.3691 0.8912 -0.2635
vn -0 0.9647 -0.2635
vn -0 0.5172 -0.8559
vn -0 -0.5172 0.8559
vn -0 -0.9647 -0.2635
vn -0 -0.2542 -0.9672
vn -0.3691 -0.8912 -0.2635
vn -0 0.2542 0.9672
vn -0.8912 0.3691 -0.2636
vn -0.8912 -0.3691 -0.2636
vn 0.8912 -0.3691 -0.2636
vn 0.8912 0.3691 -0.2636
vn -1 -0 -0
vn -0 -0 -1
vn -0 -0 1
vn 1 -0 -0
#end 518 normals 

#begin 1144 faces
o Cube:033
s 0
f 1/1/1 4/4/1 3/3/1 2/2/1 
f 7/7/2 6/6/2 5/5/2 8/8/2 
f 15/1405/3 14/14/3 13/13/3 16/16/3 
f 11/1295/4 10/10/4 9/9/4 12/12/4 
f 2/2/5 3/3/5 8/8/5 5/5/5 
f 10/1296/6 11/11/6 4/4/6 1/1/6 
f 6/6/7 7/7/7 16/16/7 13/13/7 
f 14/1406/8 15/15/8 12/12/8 9/9/8 
o Cube:034
s 0
f 33/33/9 34/34/9 35/35/9 
f 36/36/10 37/37/10 38/38/10 
f 43/43/11 44/44/11 45/45/11 
f 46/46/12 47/47/12 48/48/12 
f 61/61/13 62/62/13 63/63/13 
f 64/64/14 65/65/14 66/66/14 
f 71/71/15 72/72/15 73/73/15 
f 74/74/16 75/75/16 76/76/16 
f 48/48/17 40/40/17 39/39/17 46/46/17 
f 41/41/18 44/44/18 43/43/18 42/42/18 
f 44/44/19 48/48/19 47/47/19 45/45/19 
f 49/49/20 47/47/20 46/46/20 50/50/20 
f 45/45/21 52/52/21 51/51/21 43/43/21 
f 38/38/22 28/28/22 27/27/22 36/36/22 
f 33/33/23 26/26/23 25/25/23 34/34/23 
f 37/37/24 35/35/24 34/34/24 38/38/24 
f 29/29/25 33/33/25 35/35/25 30/30/25 
f 36/36/26 32/32/26 31/31/26 37/37/26 
f 74/74/22 68/68/22 67/67/22 75/75/22 
f 69/69/23 71/71/23 73/73/23 70/70/23 
f 72/72/27 76/76/27 75/75/27 73/73/27 
f 77/77/28 74/74/28 76/76/28 78/78/28 
f 71/71/29 80/80/29 79/79/29 72/72/29 
f 64/64/17 56/56/17 55/55/17 65/65/17 
f 63/63/18 54/54/18 53/53/18 61/61/18 
f 65/65/30 63/63/30 62/62/30 66/66/30 
f 57/57/31 62/62/31 61/61/31 58/58/31 
f 66/66/32 60/60/32 59/59/32 64/64/32 
f 29/29/33 17/17/33 26/26/33 33/33/33 
f 34/34/34 25/25/34 28/28/34 38/38/34 
f 36/36/35 27/27/35 18/18/35 32/32/35 
f 35/35/36 47/47/36 49/49/36 30/30/36 
f 31/31/37 52/52/37 45/45/37 37/37/37 
f 37/37/38 45/45/38 47/47/38 35/35/38 
f 39/39/35 19/19/35 50/50/35 46/46/35 
f 40/40/39 48/48/39 44/44/39 41/41/39 
f 43/43/33 51/51/33 20/20/33 42/42/33 
f 58/58/33 61/61/33 53/53/33 21/21/33 
f 63/63/39 65/65/39 55/55/39 54/54/39 
f 64/64/35 59/59/35 22/22/35 56/56/35 
f 62/62/40 57/57/40 78/78/40 76/76/40 
f 60/60/41 66/66/41 72/72/41 79/79/41 
f 66/66/38 62/62/38 76/76/38 72/72/38 
f 68/68/35 74/74/35 77/77/35 23/23/35 
f 67/67/34 70/70/34 73/73/34 75/75/34 
f 71/71/33 69/69/33 24/24/33 80/80/33 
o Cube:035
s 0
f 89/89/42 91/91/42 92/92/42 90/90/42 
f 91/91/43 94/94/43 93/93/43 92/92/43 
f 99/99/44 97/97/44 98/98/44 100/100/44 
f 97/97/45 96/96/45 95/95/45 98/98/45 
f 101/101/46 103/103/46 104/104/46 102/102/46 
f 103/103/47 106/106/47 105/105/47 104/104/47 
f 111/111/48 109/109/48 110/110/48 112/112/48 
f 109/109/49 108/108/49 107/107/49 110/110/49 
f 113/113/50 115/115/50 116/116/50 114/114/50 
f 115/115/51 118/118/51 117/117/51 116/116/51 
f 123/123/52 121/121/52 122/122/52 124/124/52 
f 121/121/53 120/120/53 119/119/53 122/122/53 
f 125/125/54 127/127/54 128/128/54 126/126/54 
f 127/127/55 130/130/55 129/129/55 128/128/55 
f 135/135/56 133/133/56 134/134/56 136/136/56 
f 133/133/57 132/132/57 131/131/57 134/134/57 
f 89/89/58 81/81/58 94/94/58 91/91/58 
f 95/95/59 90/90/59 92/92/59 98/98/59 
f 100/100/60 98/98/60 92/92/60 93/93/60 
f 82/82/61 96/96/61 97/97/61 99/99/61 
f 102/102/58 104/104/58 105/105/58 83/83/58 
f 108/108/62 109/109/62 103/103/62 101/101/62 
f 111/111/63 106/106/63 103/103/63 109/109/63 
f 84/84/61 112/112/61 110/110/61 107/107/61 
f 114/114/58 116/116/58 117/117/58 85/85/58 
f 120/120/64 121/121/64 115/115/64 113/113/64 
f 123/123/65 118/118/65 115/115/65 121/121/65 
f 86/86/61 124/124/61 122/122/61 119/119/61 
f 125/125/58 87/87/58 130/130/58 127/127/58 
f 131/131/66 126/126/66 128/128/66 134/134/66 
f 136/136/67 134/134/67 128/128/67 129/129/67 
f 88/88/61 132/132/61 133/133/61 135/135/61 
o Cube:036
s 0
f 145/145/68 147/147/68 148/148/68 146/146/68 
f 147/147/69 150/150/69 149/149/69 148/148/69 
f 155/155/70 153/153/70 154/154/70 156/156/70 
f 153/153/71 152/152/71 151/151/71 154/154/71 
f 157/157/72 159/159/72 160/160/72 158/158/72 
f 159/159/73 162/162/73 161/161/73 160/160/73 
f 167/167/74 165/165/74 166/166/74 168/168/74 
f 165/165/75 164/164/75 163/163/75 166/166/75 
f 169/169/76 171/171/76 172/172/76 170/170/76 
f 171/171/77 174/174/77 173/173/77 172/172/77 
f 179/179/78 177/177/78 178/178/78 180/180/78 
f 177/177/79 176/176/79 175/175/79 178/178/79 
f 181/181/80 183/183/80 184/184/80 182/182/80 
f 183/183/81 186/186/81 185/185/81 184/184/81 
f 191/191/82 189/189/82 190/190/82 192/192/82 
f 189/189/83 188/188/83 187/187/83 190/190/83 
f 145/145/84 137/137/84 150/150/84 147/147/84 
f 151/151/85 146/146/85 148/148/85 154/154/85 
f 156/156/86 154/154/86 148/148/86 149/149/86 
f 138/138/87 152/152/87 153/153/87 155/155/87 
f 158/158/84 160/160/84 161/161/84 139/139/84 
f 164/164/88 165/165/88 159/159/88 157/157/88 
f 167/167/89 162/162/89 159/159/89 165/165/89 
f 140/140/87 168/168/87 166/166/87 163/163/87 
f 170/170/84 172/172/84 173/173/84 141/141/84 
f 176/176/90 177/177/90 171/171/90 169/169/90 
f 179/179/91 174/174/91 171/171/91 177/177/91 
f 142/142/87 180/180/87 178/178/87 175/175/87 
f 181/181/84 143/143/84 186/186/84 183/183/84 
f 187/187/92 182/182/92 184/184/92 190/190/92 
f 192/192/93 190/190/93 184/184/93 185/185/93 
f 144/144/87 188/188/87 189/189/87 191/191/87 
o Cube:037
s 0
f 201/201/94 203/203/94 204/204/94 202/202/94 
f 203/203/95 206/206/95 205/205/95 204/204/95 
f 211/211/96 209/209/96 210/210/96 212/212/96 
f 209/209/97 208/208/97 207/207/97 210/210/97 
f 213/213/98 215/215/98 216/216/98 214/214/98 
f 215/215/99 218/218/99 217/217/99 216/216/99 
f 223/223/100 221/221/100 222/222/100 224/224/100 
f 221/221/101 220/220/101 219/219/101 222/222/101 
f 225/225/102 227/227/102 228/228/102 226/226/102 
f 227/227/103 230/230/103 229/229/103 228/228/103 
f 235/235/104 233/233/104 234/234/104 236/236/104 
f 233/233/105 232/232/105 231/231/105 234/234/105 
f 237/237/106 239/239/106 240/240/106 238/238/106 
f 239/239/107 242/242/107 241/241/107 240/240/107 
f 247/247/108 245/245/108 246/246/108 248/248/108 
f 245/245/109 244/244/109 243/243/109 246/246/109 
f 201/201/110 193/193/110 206/206/110 203/203/110 
f 207/207/111 202/202/111 204/204/111 210/210/111 
f 212/212/112 210/210/112 204/204/112 205/205/112 
f 194/194/113 208/208/113 209/209/113 211/211/113 
f 214/214/110 216/216/110 217/217/110 195/195/110 
f 220/220/114 221/221/114 215/215/114 213/213/114 
f 223/223/115 218/218/115 215/215/115 221/221/115 
f 196/196/113 224/224/113 222/222/113 219/219/113 
f 226/226/110 228/228/110 229/229/110 197/197/110 
f 232/232/116 233/233/116 227/227/116 225/225/116 
f 235/235/117 230/230/117 227/227/117 233/233/117 
f 198/198/113 236/236/113 234/234/113 231/231/113 
f 237/237/110 199/199/110 242/242/110 239/239/110 
f 243/243/118 238/238/118 240/240/118 246/246/118 
f 248/248/119 246/246/119 240/240/119 241/241/119 
f 200/200/113 244/244/113 245/245/113 247/247/113 
o Cube:038
s 1
f 263/263/120 255/255/120 251/251/120 258/258/120 
f 264/264/120 256/256/120 255/255/120 263/263/120 
f 260/260/120 253/253/120 254/254/120 261/261/120 
f 259/259/120 249/249/120 253/253/120 260/260/120 
f 262/262/120 250/250/120 249/249/120 259/259/120 
f 257/257/120 252/252/120 250/250/120 262/262/120 
f 261/261/120 254/254/120 256/256/120 264/264/120 
f 274/274/121 266/266/121 265/265/121 273/273/121 
f 271/271/121 279/279/121 280/280/121 272/272/121 
f 270/270/121 278/278/121 279/279/121 271/271/121 
f 269/269/121 277/277/121 278/278/121 270/270/121 
f 268/268/121 276/276/121 277/277/121 269/269/121 
f 267/267/121 275/275/121 276/276/121 268/268/121 
f 266/266/121 274/274/121 275/275/121 267/267/121 
f 295/295/121 290/290/121 283/283/121 287/287/121 
f 296/296/121 295/295/121 287/287/121 288/288/121 
f 292/292/121 293/293/121 286/286/121 285/285/121 
f 291/291/121 292/292/121 285/285/121 281/281/121 
f 294/294/121 291/291/121 281/281/121 282/282/121 
f 289/289/121 294/294/121 282/282/121 284/284/121 
f 293/293/121 296/296/121 288/288/121 286/286/121 
f 306/306/120 305/305/120 297/297/120 298/298/120 
f 303/303/120 304/304/120 312/312/120 311/311/120 
f 302/302/120 303/303/120 311/311/120 310/310/120 
f 301/301/120 302/302/120 310/310/120 309/309/120 
f 300/300/120 301/301/120 309/309/120 308/308/120 
f 299/299/120 300/300/120 308/308/120 307/307/120 
f 298/298/120 299/299/120 307/307/120 306/306/120 
f 359/359/122 360/360/123 361/361/124 
f 370/370/125 371/371/126 372/372/127 
f 441/441/126 442/442/127 443/443/128 
f 452/452/122 453/453/129 454/454/130 
f 344/344/131 339/339/132 340/340/133 343/343/134 
f 322/322/135 325/325/136 326/326/137 321/321/138 
f 342/342/139 344/344/131 343/343/134 341/341/140 
f 325/325/136 327/327/141 328/328/142 326/326/137 
f 338/338/143 342/342/139 341/341/140 337/337/144 
f 327/327/141 323/323/145 324/324/146 328/328/142 
f 330/330/147 333/333/148 334/334/149 329/329/150 
f 333/333/148 335/335/151 336/336/152 334/334/149 
f 335/335/151 331/331/153 332/332/154 336/336/152 
f 346/346/155 349/349/156 350/350/157 345/345/158 
f 349/349/156 351/351/159 352/352/160 350/350/157 
f 351/351/159 347/347/161 348/348/162 352/352/160 
f 339/339/132 318/318/163 317/1320/163 340/340/133 
f 313/313/164 322/322/135 321/321/138 314/314/164 
f 315/315/165 330/330/147 329/329/150 316/316/165 
f 319/319/166 346/346/155 345/345/158 320/320/166 
f 358/358/167 353/353/168 354/354/169 357/357/170 
f 367/367/171 373/373/172 374/374/173 366/366/174 
f 361/361/124 358/358/167 357/357/170 359/359/122 
f 373/373/172 371/371/126 370/370/125 374/374/173 
f 372/372/127 360/1305/123 359/1308/122 370/370/125 
f 362/362/175 361/361/124 360/360/123 363/363/176 
f 371/371/126 368/368/177 369/369/178 372/372/127 
f 356/356/179 362/362/175 363/363/176 355/355/180 
f 368/368/177 364/364/181 365/365/182 369/369/178 
f 380/380/183 375/375/184 376/376/185 379/379/186 
f 388/388/187 393/393/188 394/394/189 387/387/190 
f 382/382/191 380/380/183 379/379/186 381/381/192 
f 393/393/188 391/391/193 392/392/194 394/394/189 
f 383/383/195 382/382/191 381/381/192 384/384/196 
f 391/391/193 389/389/197 390/390/198 392/392/194 
f 378/378/199 383/383/195 384/384/196 377/377/200 
f 389/389/197 385/385/201 386/386/202 390/390/198 
f 353/353/168 338/338/143 337/337/144 354/354/169 
f 323/323/145 367/367/171 366/366/174 324/324/146 
f 364/364/181 378/378/199 377/377/200 365/365/182 
f 385/385/201 356/356/179 355/355/180 386/386/202 
f 387/387/190 348/348/162 347/347/161 388/388/187 
f 331/331/153 376/376/185 375/375/184 332/332/154 
f 426/426/137 421/421/138 422/422/135 425/425/136 
f 404/404/203 407/407/134 408/408/131 403/403/132 
f 424/424/142 426/426/137 425/425/136 423/423/204 
f 407/407/134 409/409/140 410/410/205 408/408/131 
f 420/420/146 424/424/142 423/423/204 419/419/145 
f 409/409/140 405/405/144 406/406/143 410/410/205 
f 412/412/206 415/415/156 416/416/207 411/411/158 
f 415/415/156 417/417/208 418/418/160 416/416/207 
f 417/417/208 413/413/161 414/414/162 418/418/160 
f 428/428/209 431/431/148 432/432/149 427/427/210 
f 431/431/148 433/433/151 434/434/152 432/432/149 
f 433/433/151 429/429/153 430/430/154 434/434/152 
f 421/421/138 400/400/164 399/399/164 422/422/135 
f 395/395/163 404/404/203 403/403/132 396/396/163 
f 397/397/166 412/412/206 411/411/158 398/398/166 
f 401/1313/165 428/428/209 427/427/210 402/402/165 
f 440/440/211 435/435/174 436/436/171 439/439/172 
f 449/449/169 455/455/212 456/456/213 448/448/168 
f 443/443/128 440/440/211 439/439/172 441/441/126 
f 455/455/212 452/452/122 454/454/130 456/456/213 
f 452/452/122 443/1330/128 442/1331/127 453/453/129 
f 445/445/214 442/442/127 441/441/126 444/444/215 
f 453/453/129 451/451/216 450/450/217 454/454/130 
f 438/438/218 445/445/214 444/444/215 437/437/219 
f 451/451/216 446/446/220 447/447/221 450/450/217 
f 462/462/189 457/457/190 458/458/187 461/461/222 
f 470/470/185 475/475/186 476/476/183 469/469/223 
f 464/464/194 462/462/189 461/461/222 463/463/193 
f 475/475/186 473/473/192 474/474/224 476/476/183 
f 466/466/225 464/464/194 463/463/193 465/465/226 
f 473/473/192 472/472/227 471/471/228 474/474/224 
f 460/460/229 466/466/225 465/465/226 459/459/230 
f 472/472/227 467/467/231 468/468/232 471/471/228 
f 435/435/174 420/420/146 419/419/145 436/436/171 
f 405/405/144 449/449/169 448/448/168 406/406/143 
f 446/446/220 460/460/229 459/459/230 447/447/221 
f 467/467/231 438/438/218 437/437/219 468/468/232 
f 469/469/223 430/430/154 429/429/153 470/470/185 
f 413/413/161 458/458/187 457/457/190 414/414/162 
f 340/1318/233 317/317/234 314/314/234 321/321/233 
f 313/313/120 257/257/120 262/262/120 322/322/120 
f 320/1324/235 345/1323/236 330/330/236 315/315/235 
f 252/252/120 316/316/120 329/329/120 250/250/120 
f 339/339/121 274/274/121 273/273/121 318/318/121 
f 266/266/121 346/346/121 319/319/121 265/265/121 
f 340/1318/233 321/321/233 326/326/237 343/1315/237 
f 322/322/120 262/262/120 259/259/120 325/325/120 
f 327/327/120 260/260/120 261/261/120 323/323/120 
f 341/1312/238 328/328/238 324/324/239 337/1314/239 
f 323/323/120 261/261/120 264/264/120 367/367/120 
f 337/1314/239 324/324/239 366/366/240 354/1311/240 
f 343/1315/237 326/326/237 328/328/238 341/1312/238 
f 325/325/120 259/259/120 260/260/120 327/327/120 
f 250/250/120 329/329/120 334/334/120 249/249/120 
f 330/330/236 345/1323/236 350/1321/241 333/333/241 
f 335/335/242 352/1317/242 348/1316/243 331/331/243 
f 331/331/243 348/1316/243 387/1303/244 376/376/244 
f 254/254/120 332/332/120 375/375/120 256/256/120 
f 253/253/120 336/336/120 332/332/120 254/254/120 
f 249/249/120 334/334/120 336/336/120 253/253/120 
f 333/333/241 350/1321/241 352/1317/242 335/335/242 
f 276/276/121 342/342/121 338/338/121 277/277/121 
f 277/277/121 338/338/121 353/353/121 278/278/121 
f 274/274/121 339/339/121 344/344/121 275/275/121 
f 275/275/121 344/344/121 342/342/121 276/276/121 
f 346/346/121 266/266/121 267/267/121 349/349/121 
f 351/351/121 268/268/121 269/269/121 347/347/121 
f 347/347/121 269/269/121 270/270/121 388/388/121 
f 349/349/121 267/267/121 268/268/121 351/351/121 
f 278/278/121 353/353/121 358/358/121 279/279/121 
f 354/1311/240 366/366/240 374/374/245 357/1310/245 
f 363/1301/246 369/369/246 365/365/247 355/1302/247 
f 365/365/247 377/377/248 386/1299/248 355/1302/247 
f 272/272/121 280/280/121 356/356/121 385/385/121 
f 280/280/121 361/361/121 362/362/121 356/356/121 
f 357/1310/245 374/374/245 370/370/249 359/1308/249 
f 279/279/121 358/358/121 361/361/121 280/280/121 
f 360/1305/250 372/372/250 369/369/246 363/1301/246 
f 371/371/120 258/258/120 364/364/120 368/368/120 
f 258/258/120 251/251/120 378/378/120 364/364/120 
f 367/367/120 264/264/120 263/263/120 373/373/120 
f 373/373/120 263/263/120 258/258/120 371/371/120 
f 256/256/120 375/375/120 380/380/120 255/255/120 
f 376/376/244 387/1303/244 394/1300/251 379/379/251 
f 384/384/252 390/1307/252 386/1299/248 377/377/248 
f 251/251/120 382/382/120 383/383/120 378/378/120 
f 379/379/251 394/1300/251 392/1306/253 381/381/253 
f 255/255/120 380/380/120 382/382/120 251/251/120 
f 381/381/253 392/1306/253 390/1307/252 384/384/252 
f 391/391/121 272/272/121 385/385/121 389/389/121 
f 388/388/121 270/270/121 271/271/121 393/393/121 
f 393/393/121 271/271/121 272/272/121 391/391/121 
f 421/1309/233 404/404/233 395/395/234 400/1337/234 
f 396/396/121 403/403/121 294/294/121 289/289/121 
f 401/401/235 398/398/235 411/411/236 428/1340/236 
f 284/284/121 282/282/121 412/412/121 397/397/121 
f 422/422/120 399/399/120 305/305/120 306/306/120 
f 298/298/120 297/297/120 402/402/120 427/427/120 
f 421/1309/233 426/1338/237 407/407/237 404/404/233 
f 403/403/121 408/408/121 291/291/121 294/294/121 
f 410/410/121 406/406/121 293/293/121 292/292/121 
f 406/406/121 448/448/121 296/296/121 293/293/121 
f 424/1304/238 420/1339/239 405/405/239 409/409/238 
f 420/1339/239 435/1329/240 449/449/240 405/405/239 
f 426/1338/237 424/1304/238 409/409/238 407/407/237 
f 408/408/121 410/410/121 292/292/121 291/291/121 
f 282/282/121 281/281/121 415/415/121 412/412/121 
f 411/411/236 416/416/241 431/1336/241 428/1340/236 
f 418/418/242 414/414/243 429/1334/243 433/1335/242 
f 414/414/243 457/457/244 470/1332/244 429/1334/243 
f 286/286/121 288/288/121 458/458/121 413/413/121 
f 285/285/121 286/286/121 413/413/121 417/417/121 
f 281/281/121 285/285/121 417/417/121 415/415/121 
f 416/416/241 418/418/242 433/1335/242 431/1336/241 
f 308/308/120 309/309/120 419/419/120 423/423/120 
f 309/309/120 310/310/120 436/436/120 419/419/120 
f 306/306/120 307/307/120 425/425/120 422/422/120 
f 307/307/120 308/308/120 423/423/120 425/425/120 
f 427/427/120 432/432/120 299/299/120 298/298/120 
f 434/434/120 430/430/120 301/301/120 300/300/120 
f 430/430/120 469/469/120 302/302/120 301/301/120 
f 432/432/120 434/434/120 300/300/120 299/299/120 
f 310/310/120 311/311/120 439/439/120 436/436/120 
f 435/1329/240 440/1328/245 455/455/245 449/449/240 
f 445/1319/246 438/1326/247 446/446/247 451/451/246 
f 446/446/247 438/1326/247 467/1325/248 460/460/248 
f 304/304/120 468/468/120 437/437/120 312/312/120 
f 312/312/120 437/437/120 444/444/120 441/441/120 
f 440/1328/245 443/1330/249 452/452/249 455/455/245 
f 311/311/120 312/312/120 441/441/120 439/439/120 
f 442/1331/250 445/1319/246 451/451/246 453/453/250 
f 454/454/121 450/450/121 447/447/121 290/290/121 
f 290/290/121 447/447/121 459/459/121 283/283/121 
f 448/448/121 456/456/121 295/295/121 296/296/121 
f 456/456/121 454/454/121 290/290/121 295/295/121 
f 288/288/121 287/287/121 461/461/121 458/458/121 
f 457/457/244 462/462/251 475/1333/251 470/1332/244 
f 466/466/252 460/460/248 467/1325/248 472/1327/252 
f 283/283/121 459/459/121 465/465/121 463/463/121 
f 462/462/251 464/464/253 473/1322/253 475/1333/251 
f 287/287/121 283/283/121 463/463/121 461/461/121 
f 464/464/253 466/466/252 472/1327/252 473/1322/253 
f 474/474/120 471/471/120 468/468/120 304/304/120 
f 469/469/120 476/476/120 303/303/120 302/302/120 
f 476/476/120 474/474/120 304/304/120 303/303/120 
o Cylinder
s 1
f 477/477/254 479/479/255 480/480/255 478/478/254 
f 479/479/255 481/481/256 482/482/256 480/480/255 
f 481/481/256 483/483/257 484/484/257 482/482/256 
f 483/483/257 485/485/258 486/486/258 484/484/257 
f 485/485/258 487/487/259 488/488/259 486/486/258 
f 487/487/259 489/489/260 490/490/260 488/488/259 
f 489/489/260 491/491/261 492/492/261 490/490/260 
f 491/491/261 493/493/262 494/494/262 492/492/261 
f 493/493/262 495/495/263 496/496/263 494/494/262 
f 495/495/263 497/497/264 498/498/264 496/496/263 
f 497/497/264 499/499/265 500/500/265 498/498/264 
f 499/499/265 501/501/266 502/502/266 500/500/265 
f 501/501/266 503/503/267 504/504/267 502/502/266 
f 503/503/267 505/505/268 506/506/268 504/504/267 
f 505/505/268 507/1297/269 508/508/269 506/506/268 
f 507/507/269 477/477/254 478/478/254 508/1298/269 
o Cube:039
s 0
f 519/519/270 520/520/270 521/521/270 
f 522/522/271 523/523/271 524/524/271 
f 525/525/272 526/526/272 527/527/272 
f 528/528/273 529/529/273 530/530/273 
f 535/535/274 536/536/274 537/537/274 
f 538/538/275 539/539/275 540/540/275 
f 541/541/276 542/542/276 543/543/276 
f 544/544/277 545/545/277 546/546/277 
f 547/547/274 548/548/274 549/549/274 
f 550/550/275 551/551/275 552/552/275 
f 553/553/276 554/554/276 555/555/276 
f 556/556/277 557/557/277 558/558/277 
f 559/559/278 560/560/278 561/561/278 
f 562/562/279 563/563/279 564/564/279 
f 565/565/280 566/566/280 567/567/280 
f 568/568/281 569/569/281 570/570/281 
f 571/571/278 572/572/278 573/573/278 
f 574/574/279 575/575/279 576/576/279 
f 577/577/280 578/578/280 579/579/280 
f 580/580/281 581/581/281 582/582/281 
f 532/532/282 522/522/282 524/524/282 531/531/282 
f 522/522/283 525/525/283 527/527/283 523/523/283 
f 534/534/284 528/528/284 530/530/284 533/533/284 
f 528/528/285 519/519/285 521/521/285 529/529/285 
f 517/517/286 527/527/286 526/526/286 518/518/286 
f 529/529/287 516/516/287 515/515/287 530/530/287 
f 511/511/288 521/521/288 520/520/288 512/512/288 
f 523/523/289 514/514/289 513/513/289 524/524/289 
f 519/519/282 532/532/282 531/531/282 520/520/282 
f 525/525/284 534/534/284 533/533/284 526/526/284 
f 538/538/290 535/535/290 537/537/290 539/539/290 
f 536/536/291 544/544/291 546/546/291 537/537/291 
f 541/541/292 540/540/292 539/539/292 542/542/292 
f 545/545/293 543/543/293 542/542/293 546/546/293 
f 550/550/290 547/547/290 549/549/290 551/551/290 
f 548/548/291 556/556/291 558/558/291 549/549/291 
f 553/553/292 552/552/292 551/551/292 554/554/292 
f 554/554/293 558/558/293 557/557/293 555/555/293 
f 564/564/294 560/560/294 559/559/294 562/562/294 
f 560/560/295 569/569/295 568/568/295 561/561/295 
f 567/567/296 564/564/296 563/563/296 565/565/296 
f 569/569/297 567/567/297 566/566/297 570/570/297 
f 561/561/298 536/536/298 535/535/298 559/559/298 
f 540/540/299 563/563/299 562/562/299 538/538/299 
f 543/543/300 566/566/300 565/565/300 541/541/300 
f 544/544/301 568/568/301 570/570/301 545/545/301 
f 576/576/302 572/572/302 571/571/302 574/574/302 
f 572/572/295 581/581/295 580/580/295 573/573/295 
f 579/579/296 576/576/296 575/575/296 577/577/296 
f 578/578/297 582/582/297 581/581/297 579/579/297 
f 573/573/298 548/548/298 547/547/298 571/571/298 
f 552/552/299 575/575/299 574/574/299 550/550/299 
f 555/555/300 578/578/300 577/577/300 553/553/300 
f 556/556/301 580/580/301 582/582/301 557/557/301 
f 511/511/303 516/516/303 529/529/303 521/521/303 
f 509/509/304 512/512/304 520/520/304 531/531/304 
f 513/513/304 509/509/304 531/531/304 524/524/304 
f 517/517/305 514/514/305 523/523/305 527/527/305 
f 515/515/306 510/510/306 533/533/306 530/530/306 
f 510/510/306 518/518/306 526/526/306 533/533/306 
f 519/519/307 528/528/307 546/546/307 542/542/307 
f 532/532/307 519/519/307 542/542/307 539/539/307 
f 522/522/307 532/532/307 554/554/307 551/551/307 
f 525/525/307 522/522/307 551/551/307 549/549/307 
f 534/534/307 525/525/307 549/549/307 558/558/307 
f 528/528/307 534/534/307 537/537/307 546/546/307 
f 532/532/307 534/534/307 558/558/307 554/554/307 
f 534/534/307 532/532/307 539/539/307 537/537/307 
f 535/535/308 538/538/308 562/562/308 559/559/308 
f 544/544/309 536/536/309 561/561/309 568/568/309 
f 540/540/310 541/541/310 565/565/310 563/563/310 
f 543/543/311 545/545/311 570/570/311 566/566/311 
f 547/547/308 550/550/308 574/574/308 571/571/308 
f 556/556/309 548/548/309 573/573/309 580/580/309 
f 552/552/310 553/553/310 577/577/310 575/575/310 
f 555/555/311 557/557/311 582/582/311 578/578/311 
f 560/560/307 564/564/307 567/567/307 569/569/307 
f 572/572/307 576/576/307 579/579/307 581/581/307 
o Cylinder:001
s 1
f 745/745/312 750/750/313 629/629/314 626/626/315 
f 634/634/316 642/642/317 601/601/318 600/600/318 
f 642/642/317 650/650/319 602/602/318 601/601/318 
f 650/650/319 658/658/320 603/603/318 602/602/318 
f 658/658/320 666/666/321 604/604/318 603/603/318 
f 666/666/321 674/674/322 605/605/318 604/604/318 
f 674/674/322 682/682/323 606/606/318 605/605/318 
f 682/682/323 690/690/324 607/607/318 606/606/318 
f 690/690/324 698/698/325 608/608/318 607/607/318 
f 698/698/325 706/706/326 609/609/318 608/608/318 
f 706/706/326 714/714/327 610/610/318 609/609/318 
f 714/714/327 722/722/328 611/611/318 610/610/318 
f 722/722/328 730/730/329 612/612/318 611/611/318 
f 730/730/329 738/738/330 613/613/318 612/612/318 
f 738/738/330 746/746/331 614/614/318 613/613/318 
f 746/746/331 625/625/332 599/599/318 614/614/318 
f 630/630/333 749/749/334 585/585/335 584/584/335 
f 633/633/336 638/638/337 646/646/338 641/641/339 
f 737/737/340 742/742/341 750/750/313 745/745/312 
f 729/729/342 734/734/343 742/742/341 737/737/340 
f 721/721/344 726/726/345 734/734/343 729/729/342 
f 713/713/346 718/718/347 726/726/345 721/721/344 
f 705/705/348 710/710/349 718/718/347 713/713/346 
f 697/697/350 702/702/351 710/710/349 705/705/348 
f 689/689/352 694/694/353 702/702/351 697/697/350 
f 681/681/354 686/686/355 694/694/353 689/689/352 
f 673/673/356 678/678/357 686/686/355 681/681/354 
f 665/665/358 670/670/359 678/678/357 673/673/356 
f 657/657/360 662/662/361 670/670/359 665/665/358 
f 649/649/362 654/654/363 662/662/361 657/657/360 
f 641/641/339 646/646/338 654/654/363 649/649/362 
f 626/626/315 629/629/314 638/638/337 633/633/336 
f 645/645/364 637/637/365 583/583/335 598/598/335 
f 653/653/366 645/645/364 598/598/335 597/597/335 
f 661/661/367 653/653/366 597/597/335 596/596/335 
f 669/669/368 661/661/367 596/596/335 595/595/335 
f 677/677/369 669/669/368 595/595/335 594/594/335 
f 685/685/370 677/677/369 594/594/335 593/593/335 
f 693/693/371 685/685/370 593/593/335 592/592/335 
f 701/701/372 693/693/371 592/592/335 591/591/335 
f 709/709/373 701/701/372 591/591/335 590/590/335 
f 717/717/374 709/709/373 590/590/335 589/589/335 
f 725/725/375 717/717/374 589/589/335 588/588/335 
f 733/733/376 725/725/375 588/588/335 587/587/335 
f 741/741/377 733/733/376 587/587/335 586/586/335 
f 749/749/334 741/741/377 586/586/335 585/585/335 
f 637/637/365 630/630/333 584/584/335 583/583/335 
f 602/602/318 603/603/318 615/615/318 601/601/318 
f 603/603/318 604/604/318 605/605/318 615/615/318 
f 601/601/318 615/615/318 616/616/318 600/600/318 
f 615/615/318 605/605/318 606/606/318 616/616/318 
f 600/600/318 616/616/318 617/617/318 599/599/318 
f 616/616/318 606/606/318 607/607/318 617/617/318 
f 599/599/318 617/617/318 618/618/318 614/614/318 
f 617/617/318 607/607/318 608/608/318 618/618/318 
f 614/614/318 618/618/318 619/619/318 613/613/318 
f 618/618/318 608/608/318 609/609/318 619/619/318 
f 613/613/318 619/619/318 611/611/318 612/612/318 
f 619/619/318 609/609/318 610/610/318 611/611/318 
f 587/587/335 588/588/335 620/620/335 586/586/335 
f 588/588/335 589/589/335 590/590/335 620/620/335 
f 586/586/335 620/620/335 621/621/335 585/585/335 
f 620/620/335 590/590/335 591/591/335 621/621/335 
f 585/585/335 621/621/335 622/622/335 584/584/335 
f 621/621/335 591/591/335 592/592/335 622/622/335 
f 584/584/335 622/622/335 623/623/335 583/583/335 
f 622/622/335 592/592/335 593/593/335 623/623/335 
f 583/583/335 623/623/335 624/624/335 598/598/335 
f 623/623/335 593/593/335 594/594/335 624/624/335 
f 598/598/335 624/624/335 596/596/335 597/597/335 
f 624/624/335 594/594/335 595/595/335 596/596/335 
f 626/626/315 633/633/336 635/635/378 628/628/379 
f 628/628/380 635/635/378 636/636/381 627/627/380 
f 627/1357/382 636/1342/381 634/634/316 625/625/332 
f 638/638/337 629/629/314 631/631/383 640/640/384 
f 640/640/385 631/631/386 632/632/387 639/639/388 
f 639/639/388 632/632/387 630/630/333 637/637/365 
f 633/633/336 641/641/339 643/643/389 635/635/378 
f 635/635/378 643/643/389 644/644/390 636/636/381 
f 636/1342/381 644/1344/390 642/642/317 634/634/316 
f 646/646/338 638/638/337 640/640/384 648/648/391 
f 648/648/392 640/640/385 639/639/388 647/647/393 
f 647/647/393 639/639/388 637/637/365 645/645/364 
f 641/641/339 649/649/362 651/651/394 643/643/389 
f 643/643/389 651/651/395 652/652/396 644/644/390 
f 644/1344/390 652/1346/396 650/650/319 642/642/317 
f 654/654/363 646/646/338 648/648/391 656/656/397 
f 656/656/398 648/648/392 647/647/393 655/655/399 
f 655/655/399 647/647/393 645/645/364 653/653/366 
f 649/649/362 657/657/360 659/659/400 651/651/394 
f 651/651/395 659/659/401 660/660/402 652/652/396 
f 652/1346/396 660/1348/402 658/658/320 650/650/319 
f 662/662/361 654/654/363 656/656/397 664/664/403 
f 664/664/404 656/656/398 655/655/399 663/663/405 
f 663/663/405 655/655/399 653/653/366 661/661/367 
f 657/657/360 665/665/358 667/667/406 659/659/400 
f 659/659/401 667/667/407 668/668/408 660/660/402 
f 660/1348/402 668/1351/408 666/666/321 658/658/320 
f 670/670/359 662/662/361 664/664/403 672/672/409 
f 672/672/410 664/664/404 663/663/405 671/671/411 
f 671/671/411 663/663/405 661/661/367 669/669/368 
f 665/665/358 673/673/356 675/675/412 667/667/406 
f 667/667/407 675/675/413 676/676/414 668/668/408 
f 668/1351/408 676/1353/414 674/674/322 666/666/321 
f 678/678/357 670/670/359 672/672/409 680/680/415 
f 680/680/415 672/672/410 671/671/411 679/679/416 
f 679/679/416 671/671/411 669/669/368 677/677/369 
f 673/673/356 681/681/354 683/683/417 675/675/412 
f 675/675/413 683/683/418 684/684/419 676/676/414 
f 676/1353/414 684/1355/419 682/682/323 674/674/322 
f 686/686/355 678/678/357 680/680/415 688/688/420 
f 688/688/420 680/680/415 679/679/416 687/687/421 
f 687/687/421 679/679/416 677/677/369 685/685/370 
f 681/681/354 689/689/352 691/691/422 683/683/417 
f 683/683/418 691/691/423 692/692/424 684/684/419 
f 684/1355/419 692/1341/424 690/690/324 682/682/323 
f 694/694/353 686/686/355 688/688/420 696/696/425 
f 696/696/426 688/688/420 687/687/421 695/695/426 
f 695/695/427 687/687/421 685/685/370 693/693/371 
f 689/689/352 697/697/350 699/699/428 691/691/422 
f 691/691/423 699/699/428 700/700/429 692/692/424 
f 692/1341/424 700/1343/429 698/698/325 690/690/324 
f 702/702/351 694/694/353 696/696/425 704/704/430 
f 704/704/431 696/696/426 695/695/426 703/703/432 
f 703/703/432 695/695/427 693/693/371 701/701/372 
f 697/697/350 705/705/348 707/707/433 699/699/428 
f 699/699/428 707/707/433 708/708/434 700/700/429 
f 700/1343/429 708/1345/434 706/706/326 698/698/325 
f 710/710/349 702/702/351 704/704/430 712/712/435 
f 712/712/436 704/704/431 703/703/432 711/711/437 
f 711/711/437 703/703/432 701/701/372 709/709/373 
f 705/705/348 713/713/346 715/715/438 707/707/433 
f 707/707/433 715/715/439 716/716/440 708/708/434 
f 708/1345/434 716/1347/440 714/714/327 706/706/326 
f 718/718/347 710/710/349 712/712/435 720/720/441 
f 720/720/442 712/712/436 711/711/437 719/719/443 
f 719/719/443 711/711/437 709/709/373 717/717/374 
f 713/713/346 721/721/344 723/723/444 715/715/438 
f 715/715/439 723/723/445 724/724/446 716/716/440 
f 716/1347/440 724/1349/446 722/722/328 714/714/327 
f 726/726/345 718/718/347 720/720/441 728/728/447 
f 728/728/448 720/720/442 719/719/443 727/727/449 
f 727/727/449 719/719/443 717/717/374 725/725/375 
f 721/721/344 729/729/342 731/731/450 723/723/444 
f 723/723/445 731/731/451 732/732/452 724/724/446 
f 724/1349/446 732/1352/452 730/730/329 722/722/328 
f 734/734/343 726/726/345 728/728/447 736/736/453 
f 736/736/454 728/728/448 727/727/449 735/735/455 
f 735/735/455 727/727/449 725/725/375 733/733/376 
f 729/729/342 737/737/340 739/739/456 731/731/450 
f 731/731/451 739/739/457 740/740/458 732/732/452 
f 732/1352/452 740/1354/458 738/738/330 730/730/329 
f 742/742/341 734/734/343 736/736/453 744/744/459 
f 744/744/459 736/736/454 735/735/455 743/743/460 
f 743/743/460 735/735/455 733/733/376 741/741/377 
f 737/737/340 745/745/312 747/747/461 739/739/456 
f 739/739/457 747/747/462 748/748/463 740/740/458 
f 740/1354/458 748/1356/463 746/746/331 738/738/330 
f 750/750/313 742/742/341 744/744/459 752/752/464 
f 752/752/464 744/744/459 743/743/460 751/751/465 
f 751/751/465 743/743/460 741/741/377 749/749/334 
f 745/745/312 626/626/315 628/628/379 747/747/461 
f 747/747/462 628/628/380 627/627/380 748/748/463 
f 748/1356/463 627/1357/382 625/625/332 746/746/331 
f 629/629/314 750/750/313 752/752/464 631/631/383 
f 631/631/386 752/752/464 751/751/465 632/632/387 
f 632/632/387 751/751/465 749/749/334 630/630/333 
f 625/625/332 634/634/316 600/600/318 599/599/318 
f 915/915/336 796/796/315 799/799/314 920/920/337 
f 804/804/331 770/770/318 771/771/318 812/812/330 
f 812/812/330 771/771/318 772/772/318 820/820/329 
f 820/820/329 772/772/318 773/773/318 828/828/328 
f 828/828/328 773/773/318 774/774/318 836/836/327 
f 836/836/327 774/774/318 775/775/318 844/844/326 
f 844/844/326 775/775/318 776/776/318 852/852/325 
f 852/852/325 776/776/318 777/777/318 860/860/324 
f 860/860/324 777/777/318 778/778/318 868/868/323 
f 868/868/323 778/778/318 779/779/318 876/876/322 
f 876/876/322 779/779/318 780/780/318 884/884/321 
f 884/884/321 780/780/318 781/781/318 892/892/320 
f 892/892/320 781/781/318 782/782/318 900/900/319 
f 900/900/319 782/782/318 783/783/318 908/908/317 
f 908/908/317 783/783/318 784/784/318 916/916/316 
f 916/916/316 784/784/318 769/769/318 795/795/332 
f 800/800/333 754/754/335 755/755/335 919/919/365 
f 803/803/312 811/811/340 816/816/341 808/808/313 
f 907/907/339 915/915/336 920/920/337 912/912/338 
f 899/899/362 907/907/339 912/912/338 904/904/363 
f 891/891/360 899/899/362 904/904/363 896/896/361 
f 883/883/358 891/891/360 896/896/361 888/888/359 
f 875/875/356 883/883/358 888/888/359 880/880/357 
f 867/867/354 875/875/356 880/880/357 872/872/355 
f 859/859/352 867/867/354 872/872/355 864/864/353 
f 851/851/350 859/859/352 864/864/353 856/856/351 
f 843/843/348 851/851/350 856/856/351 848/848/349 
f 835/835/346 843/843/348 848/848/349 840/840/347 
f 827/827/344 835/835/346 840/840/347 832/832/345 
f 819/819/342 827/827/344 832/832/345 824/824/343 
f 811/811/340 819/819/342 824/824/343 816/816/341 
f 796/796/315 803/803/312 808/808/313 799/799/314 
f 815/815/377 768/768/335 753/753/335 807/807/334 
f 823/823/376 767/767/335 768/768/335 815/815/377 
f 831/831/375 766/766/335 767/767/335 823/823/376 
f 839/839/374 765/765/335 766/766/335 831/831/375 
f 847/847/373 764/764/335 765/765/335 839/839/374 
f 855/855/372 763/763/335 764/764/335 847/847/373 
f 863/863/371 762/762/335 763/763/335 855/855/372 
f 871/871/370 761/761/335 762/762/335 863/863/371 
f 879/879/369 760/760/335 761/761/335 871/871/370 
f 887/887/368 759/759/335 760/760/335 879/879/369 
f 895/895/367 758/758/335 759/759/335 887/887/368 
f 903/903/366 757/757/335 758/758/335 895/895/367 
f 911/911/364 756/756/335 757/757/335 903/903/366 
f 919/919/365 755/755/335 756/756/335 911/911/364 
f 807/807/334 753/753/335 754/754/335 800/800/333 
f 772/772/318 771/771/318 785/785/318 773/773/318 
f 773/773/318 785/785/318 775/775/318 774/774/318 
f 771/771/318 770/770/318 786/786/318 785/785/318 
f 785/785/318 786/786/318 776/776/318 775/775/318 
f 770/770/318 769/769/318 787/787/318 786/786/318 
f 786/786/318 787/787/318 777/777/318 776/776/318 
f 769/769/318 784/784/318 788/788/318 787/787/318 
f 787/787/318 788/788/318 778/778/318 777/777/318 
f 784/784/318 783/783/318 789/789/318 788/788/318 
f 788/788/318 789/789/318 779/779/318 778/778/318 
f 783/783/318 782/782/318 781/781/318 789/789/318 
f 789/789/318 781/781/318 780/780/318 779/779/318 
f 757/757/335 756/756/335 790/790/335 758/758/335 
f 758/758/335 790/790/335 760/760/335 759/759/335 
f 756/756/335 755/755/335 791/791/335 790/790/335 
f 790/790/335 791/791/335 761/761/335 760/760/335 
f 755/755/335 754/754/335 792/792/335 791/791/335 
f 791/791/335 792/792/335 762/762/335 761/761/335 
f 754/754/335 753/753/335 793/793/335 792/792/335 
f 792/792/335 793/793/335 763/763/335 762/762/335 
f 753/753/335 768/768/335 794/794/335 793/793/335 
f 793/793/335 794/794/335 764/764/335 763/763/335 
f 768/768/335 767/767/335 766/766/335 794/794/335 
f 794/794/335 766/766/335 765/765/335 764/764/335 
f 796/796/315 798/798/379 805/805/466 803/803/312 
f 798/798/380 797/797/380 806/806/463 805/805/466 
f 797/1350/382 795/795/332 804/804/331 806/1365/463 
f 808/808/313 810/810/467 801/801/383 799/799/314 
f 810/810/468 809/809/465 802/802/387 801/801/386 
f 809/809/465 807/807/334 800/800/333 802/802/387 
f 803/803/312 805/805/466 813/813/469 811/811/340 
f 805/805/466 806/806/463 814/814/458 813/813/469 
f 806/1365/463 804/804/331 812/812/330 814/1367/458 
f 816/816/341 818/818/470 810/810/467 808/808/313 
f 818/818/471 817/817/460 809/809/465 810/810/468 
f 817/817/460 815/815/377 807/807/334 809/809/465 
f 811/811/340 813/813/469 821/821/472 819/819/342 
f 813/813/469 814/814/458 822/822/452 821/821/451 
f 814/1367/458 812/812/330 820/820/329 822/1370/452 
f 824/824/343 826/826/473 818/818/470 816/816/341 
f 826/826/454 825/825/455 817/817/460 818/818/471 
f 825/825/455 823/823/376 815/815/377 817/817/460 
f 819/819/342 821/821/472 829/829/474 827/827/344 
f 821/821/451 822/822/452 830/830/446 829/829/445 
f 822/1370/452 820/820/329 828/828/328 830/1369/446 
f 832/832/345 834/834/475 826/826/473 824/824/343 
f 834/834/448 833/833/449 825/825/455 826/826/454 
f 833/833/449 831/831/375 823/823/376 825/825/455 
f 827/827/344 829/829/474 837/837/476 835/835/346 
f 829/829/445 830/830/446 838/838/440 837/837/439 
f 830/1369/446 828/828/328 836/836/327 838/1358/440 
f 840/840/347 842/842/477 834/834/475 832/832/345 
f 842/842/442 841/841/443 833/833/449 834/834/448 
f 841/841/443 839/839/374 831/831/375 833/833/449 
f 835/835/346 837/837/476 845/845/478 843/843/348 
f 837/837/439 838/838/440 846/846/434 845/845/479 
f 838/1358/440 836/836/327 844/844/326 846/1360/434 
f 848/848/349 850/850/480 842/842/477 840/840/347 
f 850/850/480 849/849/437 841/841/443 842/842/442 
f 849/849/437 847/847/373 839/839/374 841/841/443 
f 843/843/348 845/845/478 853/853/481 851/851/350 
f 845/845/479 846/846/434 854/854/429 853/853/482 
f 846/1360/434 844/844/326 852/852/325 854/1362/429 
f 856/856/351 858/858/483 850/850/480 848/848/349 
f 858/858/483 857/857/432 849/849/437 850/850/480 
f 857/857/432 855/855/372 847/847/373 849/849/437 
f 851/851/350 853/853/481 861/861/422 859/859/352 
f 853/853/482 854/854/429 862/862/424 861/861/423 
f 854/1362/429 852/852/325 860/860/324 862/1372/424 
f 864/864/353 866/866/425 858/858/483 856/856/351 
f 866/866/426 865/865/426 857/857/432 858/858/483 
f 865/865/427 863/863/371 855/855/372 857/857/432 
f 859/859/352 861/861/422 869/869/484 867/867/354 
f 861/861/423 862/862/424 870/870/419 869/869/484 
f 862/1372/424 860/860/324 868/868/323 870/1364/419 
f 872/872/355 874/874/485 866/866/425 864/864/353 
f 874/874/486 873/873/421 865/865/426 866/866/426 
f 873/873/421 871/871/370 863/863/371 865/865/427 
f 867/867/354 869/869/484 877/877/487 875/875/356 
f 869/869/484 870/870/419 878/878/414 877/877/487 
f 870/1364/419 868/868/323 876/876/322 878/1366/414 
f 880/880/357 882/882/488 874/874/485 872/872/355 
f 882/882/489 881/881/416 873/873/421 874/874/486 
f 881/881/416 879/879/369 871/871/370 873/873/421 
f 875/875/356 877/877/487 885/885/490 883/883/358 
f 877/877/487 878/878/414 886/886/408 885/885/407 
f 878/1366/414 876/876/322 884/884/321 886/1371/408 
f 888/888/359 890/890/491 882/882/488 880/880/357 
f 890/890/410 889/889/411 881/881/416 882/882/489 
f 889/889/411 887/887/368 879/879/369 881/881/416 
f 883/883/358 885/885/490 893/893/492 891/891/360 
f 885/885/407 886/886/408 894/894/402 893/893/401 
f 886/1371/408 884/884/321 892/892/320 894/1368/402 
f 896/896/361 898/898/493 890/890/491 888/888/359 
f 898/898/404 897/897/405 889/889/411 890/890/410 
f 897/897/405 895/895/367 887/887/368 889/889/411 
f 891/891/360 893/893/492 901/901/494 899/899/362 
f 893/893/401 894/894/402 902/902/396 901/901/395 
f 894/1368/402 892/892/320 900/900/319 902/1359/396 
f 904/904/363 906/906/495 898/898/493 896/896/361 
f 906/906/398 905/905/399 897/897/405 898/898/404 
f 905/905/399 903/903/366 895/895/367 897/897/405 
f 899/899/362 901/901/494 909/909/496 907/907/339 
f 901/901/395 902/902/396 910/910/390 909/909/497 
f 902/1359/396 900/900/319 908/908/317 910/1361/390 
f 912/912/338 914/914/498 906/906/495 904/904/363 
f 914/914/498 913/913/393 905/905/399 906/906/398 
f 913/913/393 911/911/364 903/903/366 905/905/399 
f 907/907/339 909/909/496 917/917/499 915/915/336 
f 909/909/497 910/910/390 918/918/381 917/917/500 
f 910/1361/390 908/908/317 916/916/316 918/1363/381 
f 920/920/337 922/922/501 914/914/498 912/912/338 
f 922/922/501 921/921/388 913/913/393 914/914/498 
f 921/921/388 919/919/365 911/911/364 913/913/393 
f 915/915/336 917/917/499 798/798/379 796/796/315 
f 917/917/500 918/918/381 797/797/380 798/798/380 
f 918/1363/381 916/916/316 795/795/332 797/1350/382 
f 799/799/314 801/801/383 922/922/501 920/920/337 
f 801/801/386 802/802/387 921/921/388 922/922/501 
f 802/802/387 800/800/333 919/919/365 921/921/388 
f 795/795/332 769/769/318 770/770/318 804/804/331 
f 1085/1085/313 966/966/314 969/969/315 1090/1090/312 
f 974/974/365 940/940/335 941/941/335 982/982/364 
f 982/982/364 941/941/335 942/942/335 990/990/366 
f 990/990/366 942/942/335 943/943/335 998/998/367 
f 998/998/367 943/943/335 944/944/335 1006/1006/368 
f 1006/1006/368 944/944/335 945/945/335 1014/1014/369 
f 1014/1014/369 945/945/335 946/946/335 1022/1022/370 
f 1022/1022/370 946/946/335 947/947/335 1030/1030/371 
f 1030/1030/371 947/947/335 948/948/335 1038/1038/372 
f 1038/1038/372 948/948/335 949/949/335 1046/1046/373 
f 1046/1046/373 949/949/335 950/950/335 1054/1054/374 
f 1054/1054/374 950/950/335 951/951/335 1062/1062/375 
f 1062/1062/375 951/951/335 952/952/335 1070/1070/376 
f 1070/1070/376 952/952/335 953/953/335 1078/1078/377 
f 1078/1078/377 953/953/335 954/954/335 1086/1086/334 
f 1086/1086/334 954/954/335 939/939/335 965/965/333 
f 970/970/332 924/924/318 925/925/318 1089/1089/331 
f 973/973/337 981/981/338 986/986/339 978/978/336 
f 1077/1077/341 1085/1085/313 1090/1090/312 1082/1082/340 
f 1069/1069/343 1077/1077/341 1082/1082/340 1074/1074/342 
f 1061/1061/345 1069/1069/343 1074/1074/342 1066/1066/344 
f 1053/1053/347 1061/1061/345 1066/1066/344 1058/1058/346 
f 1045/1045/349 1053/1053/347 1058/1058/346 1050/1050/348 
f 1037/1037/351 1045/1045/349 1050/1050/348 1042/1042/350 
f 1029/1029/353 1037/1037/351 1042/1042/350 1034/1034/352 
f 1021/1021/355 1029/1029/353 1034/1034/352 1026/1026/354 
f 1013/1013/357 1021/1021/355 1026/1026/354 1018/1018/356 
f 1005/1005/359 1013/1013/357 1018/1018/356 1010/1010/358 
f 997/997/361 1005/1005/359 1010/1010/358 1002/1002/360 
f 989/989/363 997/997/361 1002/1002/360 994/994/362 
f 981/981/338 989/989/363 994/994/362 986/986/339 
f 966/966/314 973/973/337 978/978/336 969/969/315 
f 985/985/317 938/938/318 923/923/318 977/977/316 
f 993/993/319 937/937/318 938/938/318 985/985/317 
f 1001/1001/320 936/936/318 937/937/318 993/993/319 
f 1009/1009/321 935/935/318 936/936/318 1001/1001/320 
f 1017/1017/322 934/934/318 935/935/318 1009/1009/321 
f 1025/1025/323 933/933/318 934/934/318 1017/1017/322 
f 1033/1033/324 932/932/318 933/933/318 1025/1025/323 
f 1041/1041/325 931/931/318 932/932/318 1033/1033/324 
f 1049/1049/326 930/930/318 931/931/318 1041/1041/325 
f 1057/1057/327 929/929/318 930/930/318 1049/1049/326 
f 1065/1065/328 928/928/318 929/929/318 1057/1057/327 
f 1073/1073/329 927/927/318 928/928/318 1065/1065/328 
f 1081/1081/330 926/926/318 927/927/318 1073/1073/329 
f 1089/1089/331 925/925/318 926/926/318 1081/1081/330 
f 977/977/316 923/923/318 924/924/318 970/970/332 
f 942/942/335 941/941/335 955/955/335 943/943/335 
f 943/943/335 955/955/335 945/945/335 944/944/335 
f 941/941/335 940/940/335 956/956/335 955/955/335 
f 955/955/335 956/956/335 946/946/335 945/945/335 
f 940/940/335 939/939/335 957/957/335 956/956/335 
f 956/956/335 957/957/335 947/947/335 946/946/335 
f 939/939/335 954/954/335 958/958/335 957/957/335 
f 957/957/335 958/958/335 948/948/335 947/947/335 
f 954/954/335 953/953/335 959/959/335 958/958/335 
f 958/958/335 959/959/335 949/949/335 948/948/335 
f 953/953/335 952/952/335 951/951/335 959/959/335 
f 959/959/335 951/951/335 950/950/335 949/949/335 
f 927/927/318 926/926/318 960/960/318 928/928/318 
f 928/928/318 960/960/318 930/930/318 929/929/318 
f 926/926/318 925/925/318 961/961/318 960/960/318 
f 960/960/318 961/961/318 931/931/318 930/930/318 
f 925/925/318 924/924/318 962/962/318 961/961/318 
f 961/961/318 962/962/318 932/932/318 931/931/318 
f 924/924/318 923/923/318 963/963/318 962/962/318 
f 962/962/318 963/963/318 933/933/318 932/932/318 
f 923/923/318 938/938/318 964/964/318 963/963/318 
f 963/963/318 964/964/318 934/934/318 933/933/318 
f 938/938/318 937/937/318 936/936/318 964/964/318 
f 964/964/318 936/936/318 935/935/318 934/934/318 
f 966/966/314 968/968/383 975/975/501 973/973/337 
f 968/968/386 967/967/386 976/976/388 975/975/501 
f 967/1374/502 965/965/333 974/974/365 976/1379/388 
f 978/978/336 980/980/503 971/971/504 969/969/315 
f 980/980/500 979/979/381 972/972/505 971/971/380 
f 979/979/381 977/977/316 970/970/332 972/972/505 
f 973/973/337 975/975/501 983/983/498 981/981/338 
f 975/975/501 976/976/388 984/984/393 983/983/498 
f 976/1379/388 974/974/365 982/982/364 984/1381/393 
f 986/986/339 988/988/496 980/980/503 978/978/336 
f 988/988/497 987/987/390 979/979/381 980/980/500 
f 987/987/390 985/985/317 977/977/316 979/979/381 
f 981/981/338 983/983/498 991/991/397 989/989/363 
f 983/983/498 984/984/393 992/992/399 991/991/398 
f 984/1381/393 982/982/364 990/990/366 992/1385/399 
f 994/994/362 996/996/394 988/988/496 986/986/339 
f 996/996/395 995/995/396 987/987/390 988/988/497 
f 995/995/396 993/993/319 985/985/317 987/987/390 
f 989/989/363 991/991/397 999/999/403 997/997/361 
f 991/991/398 992/992/399 1000/1000/405 999/999/404 
f 992/1385/399 990/990/366 998/998/367 1000/1404/405 
f 1002/1002/360 1004/1004/400 996/996/394 994/994/362 
f 1004/1004/401 1003/1003/402 995/995/396 996/996/395 
f 1003/1003/402 1001/1001/320 993/993/319 995/995/396 
f 997/997/361 999/999/403 1007/1007/409 1005/1005/359 
f 999/999/404 1000/1000/405 1008/1008/411 1007/1007/410 
f 1000/1404/405 998/998/367 1006/1006/368 1008/1403/411 
f 1010/1010/358 1012/1012/406 1004/1004/400 1002/1002/360 
f 1012/1012/407 1011/1011/408 1003/1003/402 1004/1004/401 
f 1011/1011/408 1009/1009/321 1001/1001/320 1003/1003/402 
f 1005/1005/359 1007/1007/409 1015/1015/488 1013/1013/357 
f 1007/1007/410 1008/1008/411 1016/1016/416 1015/1015/489 
f 1008/1403/411 1006/1006/368 1014/1014/369 1016/1402/416 
f 1018/1018/356 1020/1020/487 1012/1012/406 1010/1010/358 
f 1020/1020/487 1019/1019/414 1011/1011/408 1012/1012/407 
f 1019/1019/414 1017/1017/322 1009/1009/321 1011/1011/408 
f 1013/1013/357 1015/1015/488 1023/1023/485 1021/1021/355 
f 1015/1015/489 1016/1016/416 1024/1024/421 1023/1023/486 
f 1016/1402/416 1014/1014/369 1022/1022/370 1024/1401/421 
f 1026/1026/354 1028/1028/484 1020/1020/487 1018/1018/356 
f 1028/1028/484 1027/1027/419 1019/1019/414 1020/1020/487 
f 1027/1027/419 1025/1025/323 1017/1017/322 1019/1019/414 
f 1021/1021/355 1023/1023/485 1031/1031/425 1029/1029/353 
f 1023/1023/486 1024/1024/421 1032/1032/506 1031/1031/426 
f 1024/1401/421 1022/1022/370 1030/1030/371 1032/1400/506 
f 1034/1034/352 1036/1036/507 1028/1028/484 1026/1026/354 
f 1036/1036/423 1035/1035/423 1027/1027/419 1028/1028/484 
f 1035/1035/508 1033/1033/324 1025/1025/323 1027/1027/419 
f 1029/1029/353 1031/1031/425 1039/1039/483 1037/1037/351 
f 1031/1031/426 1032/1032/506 1040/1040/432 1039/1039/483 
f 1032/1400/506 1030/1030/371 1038/1038/372 1040/1388/432 
f 1042/1042/350 1044/1044/509 1036/1036/507 1034/1034/352 
f 1044/1044/482 1043/1043/429 1035/1035/423 1036/1036/423 
f 1043/1043/429 1041/1041/325 1033/1033/324 1035/1035/508 
f 1037/1037/351 1039/1039/483 1047/1047/480 1045/1045/349 
f 1039/1039/483 1040/1040/432 1048/1048/437 1047/1047/480 
f 1040/1388/432 1038/1038/372 1046/1046/373 1048/1391/437 
f 1050/1050/348 1052/1052/478 1044/1044/509 1042/1042/350 
f 1052/1052/479 1051/1051/434 1043/1043/429 1044/1044/482 
f 1051/1051/434 1049/1049/326 1041/1041/325 1043/1043/429 
f 1045/1045/349 1047/1047/480 1055/1055/441 1053/1053/347 
f 1047/1047/480 1048/1048/437 1056/1056/443 1055/1055/442 
f 1048/1391/437 1046/1046/373 1054/1054/374 1056/1394/443 
f 1058/1058/346 1060/1060/438 1052/1052/478 1050/1050/348 
f 1060/1060/439 1059/1059/440 1051/1051/434 1052/1052/479 
f 1059/1059/440 1057/1057/327 1049/1049/326 1051/1051/434 
f 1053/1053/347 1055/1055/441 1063/1063/447 1061/1061/345 
f 1055/1055/442 1056/1056/443 1064/1064/449 1063/1063/448 
f 1056/1394/443 1054/1054/374 1062/1062/375 1064/1397/449 
f 1066/1066/344 1068/1068/444 1060/1060/438 1058/1058/346 
f 1068/1068/445 1067/1067/446 1059/1059/440 1060/1060/439 
f 1067/1067/446 1065/1065/328 1057/1057/327 1059/1059/440 
f 1061/1061/345 1063/1063/447 1071/1071/453 1069/1069/343 
f 1063/1063/448 1064/1064/449 1072/1072/455 1071/1071/454 
f 1064/1397/449 1062/1062/375 1070/1070/376 1072/1375/455 
f 1074/1074/342 1076/1076/450 1068/1068/444 1066/1066/344 
f 1076/1076/451 1075/1075/452 1067/1067/446 1068/1068/445 
f 1075/1075/452 1073/1073/329 1065/1065/328 1067/1067/446 
f 1069/1069/343 1071/1071/453 1079/1079/470 1077/1077/341 
f 1071/1071/454 1072/1072/455 1080/1080/460 1079/1079/471 
f 1072/1375/455 1070/1070/376 1078/1078/377 1080/1378/460 
f 1082/1082/340 1084/1084/469 1076/1076/450 1074/1074/342 
f 1084/1084/469 1083/1083/458 1075/1075/452 1076/1076/451 
f 1083/1083/458 1081/1081/330 1073/1073/329 1075/1075/452 
f 1077/1077/341 1079/1079/470 1087/1087/467 1085/1085/313 
f 1079/1079/471 1080/1080/460 1088/1088/465 1087/1087/468 
f 1080/1378/460 1078/1078/377 1086/1086/334 1088/1384/465 
f 1090/1090/312 1092/1092/466 1084/1084/469 1082/1082/340 
f 1092/1092/466 1091/1091/463 1083/1083/458 1084/1084/469 
f 1091/1091/463 1089/1089/331 1081/1081/330 1083/1083/458 
f 1085/1085/313 1087/1087/467 968/968/383 966/966/314 
f 1087/1087/468 1088/1088/465 967/967/386 968/968/386 
f 1088/1384/465 1086/1086/334 965/965/333 967/1374/502 
f 969/969/315 971/971/504 1092/1092/466 1090/1090/312 
f 971/971/380 972/972/505 1091/1091/463 1092/1092/466 
f 972/972/505 970/970/332 1089/1089/331 1091/1091/463 
f 965/965/333 939/939/335 940/940/335 974/974/365 
f 1255/1255/337 1260/1260/336 1139/1139/315 1136/1136/314 
f 1144/1144/334 1152/1152/377 1111/1111/335 1110/1110/335 
f 1152/1152/377 1160/1160/376 1112/1112/335 1111/1111/335 
f 1160/1160/376 1168/1168/375 1113/1113/335 1112/1112/335 
f 1168/1168/375 1176/1176/374 1114/1114/335 1113/1113/335 
f 1176/1176/374 1184/1184/373 1115/1115/335 1114/1114/335 
f 1184/1184/373 1192/1192/372 1116/1116/335 1115/1115/335 
f 1192/1192/372 1200/1200/371 1117/1117/335 1116/1116/335 
f 1200/1200/371 1208/1208/370 1118/1118/335 1117/1117/335 
f 1208/1208/370 1216/1216/369 1119/1119/335 1118/1118/335 
f 1216/1216/369 1224/1224/368 1120/1120/335 1119/1119/335 
f 1224/1224/368 1232/1232/367 1121/1121/335 1120/1120/335 
f 1232/1232/367 1240/1240/366 1122/1122/335 1121/1121/335 
f 1240/1240/366 1248/1248/364 1123/1123/335 1122/1122/335 
f 1248/1248/364 1256/1256/365 1124/1124/335 1123/1123/335 
f 1256/1256/365 1135/1135/333 1109/1109/335 1124/1124/335 
f 1140/1140/332 1259/1259/316 1095/1095/318 1094/1094/318 
f 1143/1143/313 1148/1148/312 1156/1156/340 1151/1151/341 
f 1247/1247/338 1252/1252/339 1260/1260/336 1255/1255/337 
f 1239/1239/363 1244/1244/362 1252/1252/339 1247/1247/338 
f 1231/1231/361 1236/1236/360 1244/1244/362 1239/1239/363 
f 1223/1223/359 1228/1228/358 1236/1236/360 1231/1231/361 
f 1215/1215/357 1220/1220/356 1228/1228/358 1223/1223/359 
f 1207/1207/355 1212/1212/354 1220/1220/356 1215/1215/357 
f 1199/1199/353 1204/1204/352 1212/1212/354 1207/1207/355 
f 1191/1191/351 1196/1196/350 1204/1204/352 1199/1199/353 
f 1183/1183/349 1188/1188/348 1196/1196/350 1191/1191/351 
f 1175/1175/347 1180/1180/346 1188/1188/348 1183/1183/349 
f 1167/1167/345 1172/1172/344 1180/1180/346 1175/1175/347 
f 1159/1159/343 1164/1164/342 1172/1172/344 1167/1167/345 
f 1151/1151/341 1156/1156/340 1164/1164/342 1159/1159/343 
f 1136/1136/314 1139/1139/315 1148/1148/312 1143/1143/313 
f 1155/1155/330 1147/1147/331 1093/1093/318 1108/1108/318 
f 1163/1163/329 1155/1155/330 1108/1108/318 1107/1107/318 
f 1171/1171/328 1163/1163/329 1107/1107/318 1106/1106/318 
f 1179/1179/327 1171/1171/328 1106/1106/318 1105/1105/318 
f 1187/1187/326 1179/1179/327 1105/1105/318 1104/1104/318 
f 1195/1195/325 1187/1187/326 1104/1104/318 1103/1103/318 
f 1203/1203/324 1195/1195/325 1103/1103/318 1102/1102/318 
f 1211/1211/323 1203/1203/324 1102/1102/318 1101/1101/318 
f 1219/1219/322 1211/1211/323 1101/1101/318 1100/1100/318 
f 1227/1227/321 1219/1219/322 1100/1100/318 1099/1099/318 
f 1235/1235/320 1227/1227/321 1099/1099/318 1098/1098/318 
f 1243/1243/319 1235/1235/320 1098/1098/318 1097/1097/318 
f 1251/1251/317 1243/1243/319 1097/1097/318 1096/1096/318 
f 1259/1259/316 1251/1251/317 1096/1096/318 1095/1095/318 
f 1147/1147/331 1140/1140/332 1094/1094/318 1093/1093/318 
f 1112/1112/335 1113/1113/335 1125/1125/335 1111/1111/335 
f 1113/1113/335 1114/1114/335 1115/1115/335 1125/1125/335 
f 1111/1111/335 1125/1125/335 1126/1126/335 1110/1110/335 
f 1125/1125/335 1115/1115/335 1116/1116/335 1126/1126/335 
f 1110/1110/335 1126/1126/335 1127/1127/335 1109/1109/335 
f 1126/1126/335 1116/1116/335 1117/1117/335 1127/1127/335 
f 1109/1109/335 1127/1127/335 1128/1128/335 1124/1124/335 
f 1127/1127/335 1117/1117/335 1118/1118/335 1128/1128/335 
f 1124/1124/335 1128/1128/335 1129/1129/335 1123/1123/335 
f 1128/1128/335 1118/1118/335 1119/1119/335 1129/1129/335 
f 1123/1123/335 1129/1129/335 1121/1121/335 1122/1122/335 
f 1129/1129/335 1119/1119/335 1120/1120/335 1121/1121/335 
f 1097/1097/318 1098/1098/318 1130/1130/318 1096/1096/318 
f 1098/1098/318 1099/1099/318 1100/1100/318 1130/1130/318 
f 1096/1096/318 1130/1130/318 1131/1131/318 1095/1095/318 
f 1130/1130/318 1100/1100/318 1101/1101/318 1131/1131/318 
f 1095/1095/318 1131/1131/318 1132/1132/318 1094/1094/318 
f 1131/1131/318 1101/1101/318 1102/1102/318 1132/1132/318 
f 1094/1094/318 1132/1132/318 1133/1133/318 1093/1093/318 
f 1132/1132/318 1102/1102/318 1103/1103/318 1133/1133/318 
f 1093/1093/318 1133/1133/318 1134/1134/318 1108/1108/318 
f 1133/1133/318 1103/1103/318 1104/1104/318 1134/1134/318 
f 1108/1108/318 1134/1134/318 1106/1106/318 1107/1107/318 
f 1134/1134/318 1104/1104/318 1105/1105/318 1106/1106/318 
f 1136/1136/314 1143/1143/313 1145/1145/464 1138/1138/383 
f 1138/1138/386 1145/1145/464 1146/1146/465 1137/1137/386 
f 1137/1137/510 1146/1146/465 1144/1377/334 1135/1380/333 
f 1148/1148/312 1139/1139/315 1141/1141/379 1150/1150/461 
f 1150/1150/462 1141/1141/380 1142/1142/505 1149/1149/463 
f 1149/1149/463 1142/1142/505 1140/1140/332 1147/1147/331 
f 1143/1143/313 1151/1151/341 1153/1153/459 1145/1145/464 
f 1145/1145/464 1153/1153/459 1154/1154/460 1146/1146/465 
f 1146/1146/465 1154/1154/460 1152/1382/377 1144/1377/334 
f 1156/1156/340 1148/1148/312 1150/1150/461 1158/1158/456 
f 1158/1158/457 1150/1150/462 1149/1149/463 1157/1157/458 
f 1157/1157/458 1149/1149/463 1147/1147/331 1155/1155/330 
f 1151/1151/341 1159/1159/343 1161/1161/473 1153/1153/459 
f 1153/1153/459 1161/1161/454 1162/1162/455 1154/1154/460 
f 1154/1154/460 1162/1162/455 1160/1399/376 1152/1382/377 
f 1164/1164/342 1156/1156/340 1158/1158/456 1166/1166/511 
f 1166/1166/451 1158/1158/457 1157/1157/458 1165/1165/452 
f 1165/1165/452 1157/1157/458 1155/1155/330 1163/1163/329 
f 1159/1159/343 1167/1167/345 1169/1169/475 1161/1161/473 
f 1161/1161/454 1169/1169/448 1170/1170/449 1162/1162/455 
f 1162/1162/455 1170/1170/449 1168/1387/375 1160/1399/376 
f 1172/1172/344 1164/1164/342 1166/1166/511 1174/1174/474 
f 1174/1174/445 1166/1166/451 1165/1165/452 1173/1173/446 
f 1173/1173/446 1165/1165/452 1163/1163/329 1171/1171/328 
f 1167/1167/345 1175/1175/347 1177/1177/477 1169/1169/475 
f 1169/1169/448 1177/1177/442 1178/1178/443 1170/1170/449 
f 1170/1170/449 1178/1178/443 1176/1389/374 1168/1387/375 
f 1180/1180/346 1172/1172/344 1174/1174/474 1182/1182/512 
f 1182/1182/439 1174/1174/445 1173/1173/446 1181/1181/440 
f 1181/1181/440 1173/1173/446 1171/1171/328 1179/1179/327 
f 1175/1175/347 1183/1183/349 1185/1185/435 1177/1177/477 
f 1177/1177/442 1185/1185/436 1186/1186/437 1178/1178/443 
f 1178/1178/443 1186/1186/437 1184/1392/373 1176/1389/374 
f 1188/1188/348 1180/1180/346 1182/1182/512 1190/1190/433 
f 1190/1190/433 1182/1182/439 1181/1181/440 1189/1189/434 
f 1189/1189/434 1181/1181/440 1179/1179/327 1187/1187/326 
f 1183/1183/349 1191/1191/351 1193/1193/430 1185/1185/435 
f 1185/1185/436 1193/1193/431 1194/1194/432 1186/1186/437 
f 1186/1186/437 1194/1194/432 1192/1395/372 1184/1392/373 
f 1196/1196/350 1188/1188/348 1190/1190/433 1198/1198/428 
f 1198/1198/428 1190/1190/433 1189/1189/434 1197/1197/429 
f 1197/1197/429 1189/1189/434 1187/1187/326 1195/1195/325 
f 1191/1191/351 1199/1199/353 1201/1201/425 1193/1193/430 
f 1193/1193/431 1201/1201/426 1202/1202/506 1194/1194/432 
f 1194/1194/432 1202/1202/506 1200/1373/371 1192/1395/372 
f 1204/1204/352 1196/1196/350 1198/1198/428 1206/1206/422 
f 1206/1206/423 1198/1198/428 1197/1197/429 1205/1205/423 
f 1205/1205/508 1197/1197/429 1195/1195/325 1203/1203/324 
f 1199/1199/353 1207/1207/355 1209/1209/420 1201/1201/425 
f 1201/1201/426 1209/1209/420 1210/1210/421 1202/1202/506 
f 1202/1202/506 1210/1210/421 1208/1376/370 1200/1373/371 
f 1212/1212/354 1204/1204/352 1206/1206/422 1214/1214/417 
f 1214/1214/418 1206/1206/423 1205/1205/423 1213/1213/419 
f 1213/1213/419 1205/1205/508 1203/1203/324 1211/1211/323 
f 1207/1207/355 1215/1215/357 1217/1217/415 1209/1209/420 
f 1209/1209/420 1217/1217/415 1218/1218/416 1210/1210/421 
f 1210/1210/421 1218/1218/416 1216/1383/369 1208/1376/370 
f 1220/1220/356 1212/1212/354 1214/1214/417 1222/1222/412 
f 1222/1222/413 1214/1214/418 1213/1213/419 1221/1221/414 
f 1221/1221/414 1213/1213/419 1211/1211/323 1219/1219/322 
f 1215/1215/357 1223/1223/359 1225/1225/491 1217/1217/415 
f 1217/1217/415 1225/1225/410 1226/1226/411 1218/1218/416 
f 1218/1218/416 1226/1226/411 1224/1398/368 1216/1383/369 
f 1228/1228/358 1220/1220/356 1222/1222/412 1230/1230/513 
f 1230/1230/407 1222/1222/413 1221/1221/414 1229/1229/408 
f 1229/1229/408 1221/1221/414 1219/1219/322 1227/1227/321 
f 1223/1223/359 1231/1231/361 1233/1233/493 1225/1225/491 
f 1225/1225/410 1233/1233/404 1234/1234/405 1226/1226/411 
f 1226/1226/411 1234/1234/405 1232/1386/367 1224/1398/368 
f 1236/1236/360 1228/1228/358 1230/1230/513 1238/1238/492 
f 1238/1238/401 1230/1230/407 1229/1229/408 1237/1237/402 
f 1237/1237/402 1229/1229/408 1227/1227/321 1235/1235/320 
f 1231/1231/361 1239/1239/363 1241/1241/495 1233/1233/493 
f 1233/1233/404 1241/1241/398 1242/1242/399 1234/1234/405 
f 1234/1234/405 1242/1242/399 1240/1390/366 1232/1386/367 
f 1244/1244/362 1236/1236/360 1238/1238/492 1246/1246/514 
f 1246/1246/395 1238/1238/401 1237/1237/402 1245/1245/396 
f 1245/1245/396 1237/1237/402 1235/1235/320 1243/1243/319 
f 1239/1239/363 1247/1247/338 1249/1249/391 1241/1241/495 
f 1241/1241/398 1249/1249/392 1250/1250/393 1242/1242/399 
f 1242/1242/399 1250/1250/393 1248/1393/364 1240/1390/366 
f 1252/1252/339 1244/1244/362 1246/1246/514 1254/1254/389 
f 1254/1254/389 1246/1246/395 1245/1245/396 1253/1253/390 
f 1253/1253/390 1245/1245/396 1243/1243/319 1251/1251/317 
f 1247/1247/338 1255/1255/337 1257/1257/384 1249/1249/391 
f 1249/1249/392 1257/1257/385 1258/1258/388 1250/1250/393 
f 1250/1250/393 1258/1258/388 1256/1396/365 1248/1393/364 
f 1260/1260/336 1252/1252/339 1254/1254/389 1262/1262/378 
f 1262/1262/378 1254/1254/389 1253/1253/390 1261/1261/381 
f 1261/1261/381 1253/1253/390 1251/1251/317 1259/1259/316 
f 1255/1255/337 1136/1136/314 1138/1138/383 1257/1257/384 
f 1257/1257/385 1138/1138/386 1137/1137/386 1258/1258/388 
f 1258/1258/388 1137/1137/510 1135/1380/333 1256/1396/365 
f 1139/1139/315 1260/1260/336 1262/1262/378 1141/1141/379 
f 1141/1141/380 1262/1262/378 1261/1261/381 1142/1142/505 
f 1142/1142/505 1261/1261/381 1259/1259/316 1140/1140/332 
f 1135/1135/333 1144/1144/334 1110/1110/335 1109/1109/335 
o Cube:040
s 0
f 1263/1263/515 1264/1264/515 1266/1266/515 1265/1265/515 
f 1265/1265/516 1266/1266/516 1270/1270/516 1269/1269/516 
f 1267/1267/517 1268/1268/517 1264/1264/517 1263/1263/517 
f 1271/1271/518 1273/1273/518 1274/1274/518 1272/1272/518 
f 1273/1273/516 1277/1277/516 1278/1278/516 1274/1274/516 
f 1275/1275/517 1271/1271/517 1272/1272/517 1276/1276/517 
f 1279/1279/515 1281/1281/515 1282/1282/515 1280/1280/515 
f 1281/1281/517 1285/1285/517 1286/1286/517 1282/1282/517 
f 1283/1283/516 1279/1279/516 1280/1280/516 1284/1284/516 
f 1287/1287/518 1288/1288/518 1290/1290/518 1289/1289/518 
f 1289/1289/517 1290/1290/517 1294/1294/517 1293/1293/517 
f 1291/1291/516 1292/1292/516 1288/1288/516 1287/1287/516 
#end 1144 faces

#ZOMPROPERTIES_04{
#ZOMPROPERTIES_04 table {Mesh table {SymPlane table {Point vector3d 0 0 0 Normal vector3d 1 0 0 Threshold double 0.01 
#ZOMPROPERTIES_04 Enabled bool false EdgeID int -1 SymEdgeID int -1 UPos double 0.5 LocalMode bool false } RootGroup C
#ZOMPROPERTIES_04 SubMeshGroup {Children table {Tile_0_0 CSubMeshGroup {Children table {} BBoxUV box3d 0 0 0 0 0 0 BBo
#ZOMPROPERTIES_04 x3D box3d 0 0 0 0 0 0 Area3D double 0 AreaUV double 0.829998 IsRoot bool false Properties table {Sel
#ZOMPROPERTIES_04 ected bool false Box box3d 0 1 0 1 0 1 U int 0 V int 0 NU int 0 NV int 0 Tiling vector3d 1 1 1 TileR
#ZOMPROPERTIES_04 atioMode string "1:1" Overflow string "Off" Pack table {BoxFrameEdit bool false Behavior string "Fre
#ZOMPROPERTIES_04 e" } } IsTile bool true PolyIDs ints { 965 966 1011 1012 968 969 970 1014 1016 1015 1017 979 1131 97
#ZOMPROPERTIES_04 8 977 976 975 1022 1020 973 972 971 1018 1019 974 1021 967 1013 461 462 463 507 508 510 512 514 513 
#ZOMPROPERTIES_04 511 627 533 623 617 474 473 517 515 516 518 471 599 593 587 469 581 575 467 569 563 557 464 465 466 
#ZOMPROPERTIES_04 468 605 472 611 470 539 475 509 551 545 797 875 869 963 811 849 850 852 805 804 803 848 847 846 802 
#ZOMPROPERTIES_04 801 844 843 845 799 887 881 893 800 899 798 905 911 917 923 929 935 941 947 809 810 953 853 854 807 
#ZOMPROPERTIES_04 806 808 851 959 629 677 675 631 632 725 731 737 743 749 636 682 680 678 634 635 684 686 639 640 773 
#ZOMPROPERTIES_04 779 785 791 643 681 679 642 683 795 701 641 685 767 761 638 755 637 633 676 719 713 630 707 1138 113
#ZOMPROPERTIES_04 9 1140 1141 1142 1143 1132 1134 1133 1135 1136 1137 796 827 813 826 882 883 877 876 870 871 872 842 
#ZOMPROPERTIES_04 861 862 860 859 857 855 840 841 956 955 961 960 954 948 942 936 817 933 939 816 815 945 951 952 946 
#ZOMPROPERTIES_04 958 957 868 867 873 874 880 879 885 891 824 823 822 821 820 819 924 925 931 932 837 836 856 838 839 
#ZOMPROPERTIES_04 944 938 943 950 937 926 920 914 908 907 913 912 906 901 900 894 888 895 889 890 830 865 866 864 863 
#ZOMPROPERTIES_04 832 833 902 896 831 829 828 878 884 834 835 919 918 930 818 921 922 916 915 910 909 904 898 892 903 
#ZOMPROPERTIES_04 928 934 927 897 886 825 814 940 949 962 858 812 628 659 645 658 714 715 716 710 704 703 702 792 793 
#ZOMPROPERTIES_04 787 781 782 776 775 769 768 649 648 774 780 786 646 647 777 778 784 783 790 789 699 700 706 712 711 
#ZOMPROPERTIES_04 717 723 724 730 729 655 732 726 720 727 728 722 662 661 697 698 663 696 694 693 695 660 674 644 673 
#ZOMPROPERTIES_04 788 672 671 670 688 690 668 758 752 751 757 763 764 669 770 756 651 650 759 765 771 766 772 760 754 
#ZOMPROPERTIES_04 748 742 736 741 735 654 653 744 738 745 739 733 734 740 665 746 666 667 692 750 652 747 753 762 691 
#ZOMPROPERTIES_04 689 687 794 664 721 656 657 718 705 709 708 460 491 477 490 489 488 487 486 485 484 483 482 481 480 
#ZOMPROPERTIES_04 479 478 615 616 622 532 538 544 550 549 555 556 562 568 574 573 580 586 592 598 604 610 603 597 591 
#ZOMPROPERTIES_04 585 579 567 561 543 537 531 621 609 612 613 614 620 619 625 624 626 536 542 541 540 534 547 546 553 
#ZOMPROPERTIES_04 552 558 559 565 564 571 570 572 578 577 583 582 589 590 596 595 594 601 600 606 607 608 503 504 505 
#ZOMPROPERTIES_04 476 523 524 522 500 499 498 526 525 527 529 493 548 494 554 560 495 496 566 497 530 492 528 506 520 
#ZOMPROPERTIES_04 502 501 519 521 602 588 584 576 535 618 964 995 981 994 993 992 991 990 989 988 987 986 985 984 983 
#ZOMPROPERTIES_04 982 1119 1120 1126 1127 1037 1043 1049 1055 1054 1053 1059 1060 1061 1067 1073 1072 1078 1084 1085 1
#ZOMPROPERTIES_04 079 1091 1097 1096 1102 1103 1109 1115 1114 1113 1108 1107 1101 1121 1095 1090 1089 1083 1077 1071 1
#ZOMPROPERTIES_04 066 1065 1048 1047 1042 1041 1036 1035 1125 1116 1117 1111 1112 1007 1008 1118 1124 1123 1122 1129 1
#ZOMPROPERTIES_04 130 1040 1010 996 1031 1033 997 1052 1058 1057 1051 1045 1039 1038 1128 1044 1046 1050 1056 1062 106
#ZOMPROPERTIES_04 3 1069 1068 1075 1074 1081 1080 1086 1087 1088 1094 1100 1099 1093 1092 1098 1105 1106 1005 1024 100
#ZOMPROPERTIES_04 6 1023 1025 1009 980 1027 1028 1030 1032 1001 1000 1034 999 998 1064 1070 1076 1002 1082 1003 1004 1
#ZOMPROPERTIES_04 026 1029 1104 1110 98 99 114 116 100 101 115 117 130 131 146 148 132 133 147 149 66 67 82 84 68 69 8
#ZOMPROPERTIES_04 3 85 94 111 97 96 112 113 95 110 90 106 91 108 92 109 93 107 126 143 129 128 144 145 127 142 62 79 6
#ZOMPROPERTIES_04 5 64 80 81 63 78 122 138 123 140 124 141 125 139 58 74 59 76 60 77 61 75 86 103 89 105 88 104 87 102
#ZOMPROPERTIES_04  118 135 121 137 120 136 119 134 54 71 57 73 56 72 55 70 157 265 197 191 192 193 219 208 210 212 214
#ZOMPROPERTIES_04  218 205 203 178 200 198 290 283 215 186 282 161 160 159 311 288 287 162 285 284 182 194 264 184 163
#ZOMPROPERTIES_04  289 158 312 294 297 295 310 286 3 7 171 318 339 342 176 338 223 221 233 317 225 254 237 239 180 242
#ZOMPROPERTIES_04  348 350 172 347 257 244 253 251 363 365 364 173 174 341 258 247 249 232 340 175 336 343 335 337 177
#ZOMPROPERTIES_04  231 230 236 164 353 256 346 345 351 243 245 352 181 241 349 344 238 354 355 322 255 226 323 324 325
#ZOMPROPERTIES_04  224 222 319 313 234 314 169 168 327 333 332 229 259 330 357 360 362 358 250 252 359 248 361 356 165
#ZOMPROPERTIES_04  170 166 321 167 326 320 331 246 329 334 228 227 235 316 315 328 240 150 302 299 204 179 201 199 291
#ZOMPROPERTIES_04  271 216 270 301 151 303 207 304 277 276 281 275 262 196 263 155 154 274 280 189 153 273 267 261 195
#ZOMPROPERTIES_04  260 266 272 185 187 268 152 156 269 183 279 278 190 188 220 307 309 211 213 306 308 217 300 293 292
#ZOMPROPERTIES_04  298 206 305 209 296 202 366 381 367 368 369 370 371 372 373 374 375 376 377 378 379 380 12 34 48 50
#ZOMPROPERTIES_04  28 15 26 52 27 53 30 49 35 47 31 46 33 13 14 51 29 45 32 8 23 41 39 19 11 16 42 43 17 10 20 44 18 4
#ZOMPROPERTIES_04 0 25 38 21 37 9 22 36 24 0 5 4 1 6 2 382 410 437 438 409 383 403 439 406 441 440 407 436 405 408 385
#ZOMPROPERTIES_04  404 447 449 412 387 425 450 424 386 413 389 415 442 443 388 414 426 452 422 458 420 421 451 397 423
#ZOMPROPERTIES_04  453 427 396 394 395 448 446 411 417 455 435 457 431 400 434 392 418 444 445 416 454 432 398 429 459
#ZOMPROPERTIES_04  428 399 430 433 391 456 419 401 390 393 384 402 } } } BBoxUV box3d 0 0 0 0 0 0 BBox3D box3d 0 0 0 0
#ZOMPROPERTIES_04  0 0 Area3D double 0 AreaUV double 0 IsRoot bool true Properties table {Selected bool false Box box3
#ZOMPROPERTIES_04 d 0 1 0 1 0 1 U int 0 V int 0 NU int 1 NV int 1 Tiling vector3d 1 1 1 TileRatioMode string "1:1" Ove
#ZOMPROPERTIES_04 rflow string "Off" Pack table {Rotate table {Mode int 0 Min double 0 Max double 90 Step double 0 } P
#ZOMPROPERTIES_04 addingSize double 0.0078125 MarginSize double 0.00390625 Resolution int 256 MapResolution int 2048 S
#ZOMPROPERTIES_04 caling table {TexelDensity double 1024 Mode int 2 } LayoutScalingMode int 2 MaxMutations int 1 } } I
#ZOMPROPERTIES_04 sTile bool false PolyIDs ints { } } Maps table {Density table {PrimType string "Polygon" Size int 1 
#ZOMPROPERTIES_04 DefaultValue double 1 ScaleType string "Log" MergeMode string "Average" MinValue double 0.1 MaxValue
#ZOMPROPERTIES_04  double 4 Data doubles { r 1144 1 } } Pin table {PrimType string "Vertex" Size int 1 DefaultValue do
#ZOMPROPERTIES_04 uble 0 ScaleType string "Normalized" MergeMode string "Max" MinValue double 0 MaxValue double 1 Data
#ZOMPROPERTIES_04  doubles { r 1406 0 } } Protect table {PrimType string "Vertex" Size int 1 DefaultValue double 0 Sca
#ZOMPROPERTIES_04 leType string "Normalized" MergeMode string "Average" MinValue double -1 MaxValue double 1 Data doub
#ZOMPROPERTIES_04 les { r 1406 0 } } } } }
#ZOMPROPERTIES_04}


#ZOMSCENE_01{
#ZOMSCENE_01 CScene {Settings table {AxisSystem table {UpVector string "y" } Unit string "cm" TexelDensityDisplay
#ZOMSCENE_01 Unit string "tx/cm" } }
#ZOMSCENE_01}

#begin 0 fatal error vertex (that RizomUV cannot handle)
#end 0 fatal error vertex (that RizomUV cannot handle)

#begin 0 error vertex
#end 0 error vertex
