#File written by RizomUV 2022.1.57.gfabcfb8. Compilation :Sep 28 2022,23:52:22
mtllib Poste_wUV.mtl
#begin vertices
v 56.81408 6.081027 -14.59021
v 56.81574 6.081027 -14.5927
v 56.81823 6.081027 -14.59436
v 56.82116 6.081027 -14.59494
v 56.82409 6.081027 -14.59436
v 56.82658 6.081027 -14.5927
v 56.82824 6.081027 -14.59021
v 56.82883 6.081027 -14.58728
v 56.82824 6.081027 -14.58434
v 56.82658 6.081027 -14.58186
v 56.82409 6.081027 -14.58019
v 56.82116 6.081027 -14.57961
v 56.81823 6.081027 -14.58019
v 56.81574 6.081027 -14.58186
v 56.81408 6.081027 -14.58434
v 56.81349 6.081027 -14.58728
v 56.81204 6.045678 -14.5891
v 56.81332 6.045544 -14.5918
v 56.81554 6.045325 -14.5938
v 56.81834 6.045052 -14.59479
v 56.82132 6.044769 -14.59463
v 56.824 6.044517 -14.59334
v 56.826 6.044336 -14.59112
v 56.82699 6.044253 -14.5883
v 56.82683 6.04428 -14.58531
v 56.82555 6.044414 -14.58261
v 56.82333 6.044633 -14.58061
v 56.82053 6.044905 -14.57962
v 56.81755 6.045189 -14.57977
v 56.81487 6.04544 -14.58107
v 56.81287 6.045621 -14.58329
v 56.81188 6.045705 -14.58611
v 56.8069 6.011233 -14.58782
v 56.80777 6.011042 -14.59067
v 56.80966 6.010663 -14.59297
v 56.81226 6.010154 -14.59435
v 56.81519 6.009592 -14.59461
v 56.81799 6.009063 -14.59371
v 56.82024 6.008647 -14.59179
v 56.82161 6.008409 -14.58914
v 56.82187 6.008382 -14.58616
v 56.82099 6.008573 -14.58331
v 56.81911 6.008952 -14.58102
v 56.8165 6.009461 -14.57963
v 56.81358 6.010023 -14.57937
v 56.81078 6.010552 -14.58027
v 56.80852 6.010968 -14.58219
v 56.80716 6.011207 -14.58484
v 56.79881 5.977682 -14.58642
v 56.79928 5.977511 -14.58937
v 56.8008 5.977044 -14.5919
v 56.80313 5.976351 -14.59364
v 56.80594 5.975538 -14.59431
v 56.80877 5.974729 -14.59381
v 56.81121 5.974047 -14.59222
v 56.81289 5.973596 -14.58978
v 56.81354 5.973444 -14.58686
v 56.81307 5.973615 -14.58391
v 56.81155 5.974082 -14.58138
v 56.80921 5.974775 -14.57965
v 56.80641 5.975588 -14.57898
v 56.80357 5.976397 -14.57948
v 56.80114 5.977079 -14.58107
v 56.79946 5.97753 -14.58351
v 56.78793 5.945028 -14.58494
v 56.78801 5.944947 -14.58793
v 56.78916 5.944463 -14.59065
v 56.79119 5.943649 -14.59269
v 56.7938 5.942628 -14.59374
v 56.79659 5.941557 -14.59363
v 56.79914 5.940599 -14.59239
v 56.80105 5.939898 -14.5902
v 56.80204 5.939563 -14.5874
v 56.80196 5.939644 -14.58441
v 56.80082 5.940128 -14.58169
v 56.79879 5.940942 -14.57965
v 56.79617 5.941963 -14.5786
v 56.79339 5.943034 -14.57871
v 56.79084 5.943992 -14.57995
v 56.78892 5.944693 -14.58214
v 56.77439 5.913288 -14.58341
v 56.77412 5.913355 -14.58639
v 56.77491 5.912919 -14.58925
v 56.77661 5.912048 -14.59154
v 56.77899 5.910873 -14.59293
v 56.78167 5.909574 -14.5932
v 56.78425 5.908347 -14.5923
v 56.78633 5.907381 -14.59039
v 56.7876 5.906822 -14.58774
v 56.78787 5.906754 -14.58476
v 56.78709 5.90719 -14.5819
v 56.78538 5.908061 -14.57961
v 56.783 5.909236 -14.57822
v 56.78032 5.910536 -14.57795
v 56.77774 5.911762 -14.57884
v 56.77566 5.912729 -14.58076
v 56.75832 5.882497 -14.58186
v 56.75775 5.882753 -14.58479
v 56.7582 5.882421 -14.58773
v 56.75958 5.881552 -14.59023
v 56.7617 5.880277 -14.59192
v 56.76422 5.878791 -14.59253
v 56.76677 5.87732 -14.59198
v 56.76895 5.876089 -14.59035
v 56.77043 5.875284 -14.58788
v 56.771 5.875028 -14.58495
v 56.77055 5.875359 -14.58201
v 56.76917 5.876229 -14.57951
v 56.76705 5.877504 -14.57782
v 56.76453 5.87899 -14.57721
v 56.76198 5.88046 -14.57776
v 56.7598 5.881692 -14.57939
v 56.73984 5.852707 -14.5803
v 56.73904 5.853177 -14.58315
v 56.73918 5.852988 -14.58613
v 56.74027 5.85217 -14.58879
v 56.74211 5.850847 -14.59074
v 56.74444 5.84922 -14.59167
v 56.7469 5.847537 -14.59144
v 56.74912 5.846054 -14.59009
v 56.75076 5.844997 -14.58782
v 56.75156 5.844528 -14.58498
v 56.75142 5.844716 -14.58199
v 56.75034 5.845534 -14.57933
v 56.74849 5.846858 -14.57738
v 56.74616 5.848484 -14.57645
v 56.7437 5.850167 -14.57668
v 56.74148 5.85165 -14.57803
v 56.7191 5.823979 -14.57875
v 56.71811 5.824673 -14.58149
v 56.71801 5.824655 -14.58448
v 56.71881 5.823925 -14.58727
v 56.72039 5.822597 -14.58943
v 56.72252 5.820872 -14.59064
v 56.72486 5.819013 -14.5907
v 56.72706 5.817302 -14.58962
v 56.72879 5.816001 -14.58756
v 56.72978 5.815307 -14.58483
v 56.72989 5.815326 -14.58183
v 56.72908 5.816054 -14.57905
v 56.7275 5.817383 -14.57688
v 56.72538 5.819107 -14.57568
v 56.72303 5.820967 -14.57561
v 56.72083 5.822678 -14.57669
v 56.69624 5.796383 -14.57721
v 56.69512 5.7973 -14.57983
v 56.69481 5.797464 -14.5828
v 56.69537 5.796851 -14.58567
v 56.69671 5.795552 -14.58801
v 56.69862 5.793766 -14.58946
v 56.70082 5.791766 -14.5898
v 56.70296 5.789854 -14.58897
v 56.70474 5.788324 -14.58711
v 56.70586 5.787407 -14.5845
v 56.70617 5.787243 -14.58152
v 56.70561 5.787857 -14.57865
v 56.70428 5.789155 -14.57631
v 56.70236 5.790941 -14.57486
v 56.70016 5.792942 -14.57452
v 56.69802 5.794853 -14.57535
v 56.67142 5.769992 -14.57568
v 56.67021 5.771122 -14.57817
v 56.66974 5.771471 -14.5811
v 56.67009 5.770987 -14.58404
v 56.67121 5.769742 -14.58652
v 56.67292 5.767927 -14.58817
v 56.67496 5.765817 -14.58875
v 56.67702 5.763734 -14.58816
v 56.67879 5.761994 -14.58649
v 56.68 5.760864 -14.584
v 56.68047 5.760515 -14.58107
v 56.68012 5.760999 -14.57813
v 56.67901 5.762244 -14.57565
v 56.6773 5.764059 -14.574
v 56.67526 5.76617 -14.57342
v 56.67319 5.768253 -14.57401
v 56.6448 5.744875 -14.57416
v 56.64354 5.746204 -14.57652
v 56.64296 5.746734 -14.57941
v 56.64314 5.746384 -14.58238
v 56.64405 5.745208 -14.58497
v 56.64556 5.743386 -14.5868
v 56.64744 5.741194 -14.58758
v 56.6494 5.738965 -14.5872
v 56.65114 5.73704 -14.58571
v 56.6524 5.735712 -14.58334
v 56.65299 5.735182 -14.58046
v 56.65281 5.735532 -14.5775
v 56.65189 5.736708 -14.5749
v 56.65038 5.73853 -14.57307
v 56.6485 5.740723 -14.57229
v 56.64654 5.74295 -14.57267
v 56.61655 5.721103 -14.57264
v 56.61527 5.722612 -14.57489
v 56.61461 5.723311 -14.57772
v 56.61465 5.723095 -14.5807
v 56.61539 5.721997 -14.58338
v 56.61673 5.720183 -14.58535
v 56.61844 5.71793 -14.58631
v 56.62029 5.715581 -14.58612
v 56.62197 5.713493 -14.5848
v 56.62324 5.711985 -14.58255
v 56.62391 5.711285 -14.57972
v 56.62387 5.711501 -14.57673
v 56.62312 5.712599 -14.57405
v 56.62179 5.714413 -14.57208
v 56.62007 5.716666 -14.57112
v 56.61823 5.719015 -14.57132
v 56.58684 5.69874 -14.57112
v 56.58558 5.70041 -14.57326
v 56.58486 5.701266 -14.57603
v 56.5848 5.701178 -14.57902
v 56.58539 5.700159 -14.58177
v 56.58656 5.698364 -14.58386
v 56.58812 5.696066 -14.58497
v 56.58984 5.693616 -14.58494
v 56.59145 5.691387 -14.58376
v 56.59271 5.689716 -14.58162
v 56.59342 5.68886 -14.57885
v 56.59349 5.688949 -14.57586
v 56.59289 5.689968 -14.57311
v 56.59172 5.691763 -14.57102
v 56.59016 5.69406 -14.56991
v 56.58845 5.69651 -14.56994
v 56.55585 5.677847 -14.5696
v 56.55463 5.679661 -14.57164
v 56.55389 5.680658 -14.57436
v 56.55374 5.680689 -14.57735
v 56.55421 5.679747 -14.58015
v 56.55523 5.677977 -14.58233
v 56.55664 5.675647 -14.58357
v 56.55823 5.673113 -14.58367
v 56.55975 5.67076 -14.58263
v 56.56097 5.668946 -14.58058
v 56.56171 5.667948 -14.57786
v 56.56186 5.667918 -14.57488
v 56.56139 5.668859 -14.57208
v 56.56037 5.67063 -14.56989
v 56.55896 5.67296 -14.56865
v 56.55737 5.675494 -14.56855
v 56.52377 5.658481 -14.56807
v 56.5226 5.660421 -14.57002
v 56.52185 5.661546 -14.57269
v 56.52165 5.661685 -14.57567
v 56.52202 5.660817 -14.57851
v 56.5229 5.659073 -14.58078
v 56.52416 5.65672 -14.58212
v 56.52562 5.654115 -14.58234
v 56.52704 5.651656 -14.58141
v 56.52821 5.649715 -14.57945
v 56.52896 5.64859 -14.57678
v 56.52916 5.648451 -14.5738
v 56.52879 5.64932 -14.57096
v 56.52791 5.651063 -14.5687
v 56.52665 5.653417 -14.56735
v 56.52519 5.656022 -14.56713
v 56.49078 5.640695 -14.56654
v 56.48967 5.642747 -14.56841
v 56.48893 5.643986 -14.57103
v 56.48869 5.644224 -14.574
v 56.48897 5.643424 -14.57687
v 56.48973 5.641707 -14.5792
v 56.49086 5.639337 -14.58064
v 56.49218 5.636672 -14.58096
v 56.49349 5.63412 -14.58012
v 56.4946 5.632068 -14.57825
v 56.49533 5.630829 -14.57562
v 56.49558 5.630591 -14.57265
v 56.4953 5.631392 -14.56978
v 56.49454 5.633108 -14.56745
v 56.49341 5.635478 -14.56602
v 56.49209 5.638143 -14.5657
v 56.45705 5.62454 -14.565
v 56.45602 5.626691 -14.5668
v 56.45531 5.628032 -14.56938
v 56.45504 5.628359 -14.57234
v 56.45525 5.627622 -14.57523
v 56.45589 5.625934 -14.57762
v 56.45689 5.62355 -14.57913
v 56.45808 5.620836 -14.57953
v 56.45928 5.618202 -14.57878
v 56.46031 5.616051 -14.57697
v 56.46101 5.61471 -14.57439
v 56.46128 5.614383 -14.57143
v 56.46108 5.61512 -14.56854
v 56.46043 5.616809 -14.56616
v 56.45944 5.619192 -14.56465
v 56.45825 5.621907 -14.56424
v 56.42277 5.610064 -14.56345
v 56.42182 5.612303 -14.56519
v 56.42116 5.613737 -14.56773
v 56.42088 5.614146 -14.57068
v 56.42102 5.613468 -14.57359
v 56.42156 5.611808 -14.57602
v 56.42242 5.609416 -14.5776
v 56.42348 5.606658 -14.57808
v 56.42456 5.603954 -14.5774
v 56.4255 5.601715 -14.57566
v 56.42617 5.600281 -14.57312
v 56.42645 5.599872 -14.57017
v 56.42632 5.60055 -14.56726
v 56.42577 5.60221 -14.56483
v 56.42491 5.604601 -14.56325
v 56.42386 5.607359 -14.56277
v 56.38813 5.597311 -14.5619
v 56.38728 5.599631 -14.56359
v 56.38666 5.60115 -14.56609
v 56.38637 5.601636 -14.56903
v 56.38646 5.601016 -14.57195
v 56.3869 5.599385 -14.57442
v 56.38763 5.59699 -14.57606
v 56.38855 5.594197 -14.57661
v 56.38951 5.59143 -14.57599
v 56.39036 5.58911 -14.57431
v 56.39098 5.587592 -14.5718
v 56.39126 5.587105 -14.56887
v 56.39118 5.587725 -14.56594
v 56.39074 5.589356 -14.56347
v 56.39 5.591751 -14.56184
v 56.38908 5.594544 -14.56129
v 56.35329 5.586328 -14.56035
v 56.35255 5.588721 -14.56198
v 56.35199 5.59032 -14.56445
v 56.3517 5.590881 -14.56737
v 56.35174 5.59032 -14.57031
v 56.35209 5.588721 -14.57282
v 56.35269 5.586328 -14.57451
v 56.35347 5.583506 -14.57512
v 56.35429 5.580683 -14.57457
v 56.35504 5.57829 -14.57294
v 56.3556 5.576692 -14.57048
v 56.35589 5.57613 -14.56755
v 56.35585 5.576692 -14.56461
v 56.3555 5.57829 -14.56211
v 56.35489 5.580684 -14.56042
v 56.35412 5.583506 -14.5598
v 56.31845 5.577157 -14.5588
v 56.31781 5.579618 -14.56038
v 56.31732 5.581295 -14.56281
v 56.31705 5.581932 -14.56572
v 56.31704 5.581431 -14.56867
v 56.3173 5.579871 -14.57121
v 56.31778 5.577487 -14.57295
v 56.3184 5.574643 -14.57363
v 56.31909 5.571772 -14.57315
v 56.31973 5.569311 -14.57157
v 56.32022 5.567635 -14.56914
v 56.32049 5.566998 -14.56623
v 56.3205 5.567498 -14.56328
v 56.32024 5.569058 -14.56075
v 56.31977 5.571442 -14.559
v 56.31914 5.574286 -14.55832
v 56.28377 5.56984 -14.55727
v 56.28326 5.572366 -14.55879
v 56.28285 5.57412 -14.56117
v 56.28259 5.574835 -14.56407
v 56.28255 5.574403 -14.56703
v 56.28271 5.572889 -14.5696
v 56.28305 5.570523 -14.5714
v 56.28353 5.567667 -14.57215
v 56.28407 5.564754 -14.57173
v 56.28459 5.562228 -14.57021
v 56.285 5.560474 -14.56782
v 56.28525 5.559759 -14.56493
v 56.2853 5.560191 -14.56197
v 56.28514 5.561705 -14.5594
v 56.28479 5.564071 -14.5576
v 56.28431 5.566927 -14.55685
v 56.24944 5.564419 -14.55574
v 56.24906 5.567006 -14.5572
v 56.24873 5.568839 -14.55954
v 56.24851 5.569639 -14.56241
v 56.24843 5.569283 -14.56538
v 56.2485 5.567828 -14.56799
v 56.24871 5.565493 -14.56985
v 56.24903 5.562633 -14.57067
v 56.24941 5.559686 -14.57033
v 56.24979 5.557099 -14.56888
v 56.25012 5.555266 -14.56654
v 56.25034 5.554466 -14.56366
v 56.25042 5.554821 -14.56069
v 56.25035 5.556277 -14.55808
v 56.25014 5.558612 -14.55622
v 56.24982 5.561471 -14.5554
v 56.21562 5.560934 -14.55424
v 56.21538 5.563579 -14.55562
v 56.21516 5.565494 -14.5579
v 56.21498 5.566386 -14.56075
v 56.21487 5.566121 -14.56373
v 56.21485 5.564739 -14.56638
v 56.21492 5.562449 -14.56831
v 56.21508 5.559601 -14.56921
v 56.21529 5.556628 -14.56895
v 56.21552 5.553983 -14.56758
v 56.21575 5.552068 -14.56529
v 56.21593 5.551175 -14.56244
v 56.21603 5.55144 -14.55946
v 56.21606 5.552823 -14.55681
v 56.21598 5.555112 -14.55489
v 56.21583 5.55796 -14.55398
v 56.18249 5.559426 -14.55276
v 56.18241 5.562125 -14.55405
v 56.18231 5.564124 -14.55627
v 56.18218 5.56512 -14.55909
v 56.18206 5.56496 -14.56208
v 56.18195 5.56367 -14.56477
v 56.18188 5.561445 -14.56677
v 56.18185 5.558625 -14.56777
v 56.18188 5.555637 -14.56761
v 56.18195 5.552939 -14.56632
v 56.18206 5.55094 -14.5641
v 56.18218 5.549943 -14.56128
v 56.18231 5.550103 -14.55829
v 56.18241 5.551393 -14.5556
v 56.18249 5.553618 -14.5536
v 56.18251 5.556439 -14.5526
v 56.1502 5.559939 -14.55132
v 56.15031 5.562684 -14.55251
v 56.15035 5.564769 -14.55465
v 56.15029 5.565879 -14.55743
v 56.15017 5.565843 -14.56042
v 56.14998 5.564667 -14.56316
v 56.14977 5.56253 -14.56524
v 56.14955 5.559758 -14.56635
v 56.14938 5.556772 -14.5663
v 56.14926 5.554028 -14.56512
v 56.14923 5.551941 -14.56297
v 56.14928 5.550832 -14.5602
v 56.14941 5.550868 -14.55721
v 56.1496 5.552044 -14.55446
v 56.14981 5.554181 -14.55238
v 56.15002 5.556953 -14.55128
v 56.11893 5.562515 -14.54993
v 56.11925 5.565294 -14.55099
v 56.11945 5.567466 -14.55304
v 56.1195 5.568698 -14.55576
v 56.11938 5.568805 -14.55875
v 56.11912 5.567769 -14.56154
v 56.11877 5.565749 -14.56372
v 56.11836 5.563051 -14.56495
v 56.11797 5.560088 -14.56504
v 56.11765 5.557309 -14.56398
v 56.11745 5.555137 -14.56193
v 56.1174 5.553904 -14.55921
v 56.11751 5.553798 -14.55622
v 56.11777 5.554833 -14.55342
v 56.11813 5.556854 -14.55125
v 56.11853 5.559551 -14.55002
v 56.08882 5.567204 -14.5486
v 56.08937 5.569999 -14.54951
v 56.08977 5.572248 -14.55144
v 56.08995 5.57361 -14.5541
v 56.08988 5.573878 -14.55707
v 56.08957 5.57301 -14.55992
v 56.08908 5.571139 -14.5622
v 56.08847 5.568549 -14.56357
v 56.08784 5.565635 -14.56382
v 56.08729 5.56284 -14.56291
v 56.08689 5.560591 -14.56097
v 56.08671 5.559229 -14.55832
v 56.08678 5.558961 -14.55534
v 56.08709 5.559829 -14.55249
v 56.08758 5.5617 -14.55021
v 56.08819 5.56429 -14.54884
v 56.06003 5.574059 -14.54734
v 56.06085 5.576841 -14.54808
v 56.06147 5.579154 -14.54987
v 56.06182 5.580646 -14.55244
v 56.06183 5.581089 -14.5554
v 56.0615 5.580417 -14.55829
v 56.06089 5.578731 -14.56069
v 56.06008 5.576288 -14.56221
v 56.0592 5.573461 -14.56264
v 56.05839 5.570679 -14.5619
v 56.05776 5.568366 -14.56011
v 56.05741 5.566874 -14.55754
v 56.0574 5.566431 -14.55458
v 56.05773 5.567103 -14.55169
v 56.05835 5.568788 -14.54929
v 56.05915 5.571231 -14.54777
v 56.03271 5.583144 -14.54618
v 56.03381 5.585874 -14.54672
v 56.03471 5.588222 -14.54833
v 56.03527 5.589833 -14.55079
v 56.0354 5.59046 -14.55372
v 56.03509 5.590008 -14.55666
v 56.03438 5.588545 -14.55917
v 56.03338 5.586295 -14.56087
v 56.03225 5.5836 -14.5615
v 56.03115 5.58087 -14.56096
v 56.03025 5.578521 -14.55934
v 56.0297 5.57691 -14.55688
v 56.02956 5.576283 -14.55396
v 56.02987 5.576735 -14.55102
v 56.03058 5.578198 -14.54851
v 56.03158 5.580448 -14.54681
v 56.007 5.594533 -14.54514
v 56.0084 5.597159 -14.54544
v 56.00961 5.599503 -14.54686
v 56.01043 5.601208 -14.54918
v 56.01073 5.602014 -14.55204
v 56.01049 5.601798 -14.55501
v 56.00973 5.600594 -14.55765
v 56.00858 5.598586 -14.55953
v 56.00719 5.596077 -14.56039
v 56.00579 5.593451 -14.56009
v 56.00459 5.591107 -14.55867
v 56.00377 5.589402 -14.55635
v 56.00346 5.588596 -14.55349
v 56.0037 5.588812 -14.55051
v 56.00446 5.590015 -14.54788
v 56.00562 5.592025 -14.54599
v 55.98306 5.608318 -14.54423
v 55.98477 5.610777 -14.54428
v 55.9863 5.613059 -14.54546
v 55.98743 5.614815 -14.5476
v 55.98798 5.615779 -14.55038
v 55.98786 5.615804 -14.55337
v 55.98711 5.614886 -14.55611
v 55.98583 5.613165 -14.5582
v 55.98422 5.610902 -14.5593
v 55.98251 5.608443 -14.55926
v 55.98098 5.606162 -14.55808
v 55.97986 5.604405 -14.55594
v 55.9793 5.603441 -14.55316
v 55.97942 5.603416 -14.55017
v 55.98017 5.604334 -14.54742
v 55.98145 5.606055 -14.54534
v 55.96106 5.624598 -14.5435
v 55.96304 5.626821 -14.54325
v 55.96491 5.628971 -14.54416
v 55.96639 5.630719 -14.54609
v 55.96723 5.631799 -14.54875
v 55.96733 5.632049 -14.55173
v 55.96666 5.631428 -14.55457
v 55.96532 5.630032 -14.55686
v 55.96352 5.628074 -14.55823
v 55.96153 5.625851 -14.55848
v 55.95966 5.623702 -14.55757
v 55.95819 5.621954 -14.55564
v 55.95734 5.620873 -14.55298
v 55.95725 5.620624 -14.55
v 55.95792 5.621244 -14.54715
v 55.95926 5.62264 -14.54487
v 55.94117 5.643483 -14.54296
v 55.94339 5.645403 -14.54239
v 55.94559 5.647343 -14.54299
v 55.94742 5.649007 -14.54467
v 55.94862 5.650143 -14.54716
v 55.94899 5.650576 -14.5501
v 55.94848 5.650242 -14.55303
v 55.94717 5.649191 -14.55551
v 55.94526 5.647583 -14.55715
v 55.94304 5.645664 -14.55772
v 55.94084 5.643724 -14.55712
v 55.93901 5.64206 -14.55544
v 55.93781 5.640924 -14.55294
v 55.93744 5.64049 -14.55001
v 55.93795 5.640824 -14.54708
v 55.93926 5.641875 -14.5446
v 55.92361 5.665072 -14.54263
v 55.926 5.666636 -14.54173
v 55.92847 5.668294 -14.54199
v 55.93066 5.669794 -14.54337
v 55.93223 5.670906 -14.54566
v 55.93294 5.671462 -14.54851
v 55.93269 5.671376 -14.55149
v 55.93151 5.670663 -14.55414
v 55.92958 5.66943 -14.55607
v 55.92719 5.667866 -14.55697
v 55.92472 5.666208 -14.55671
v 55.92252 5.664709 -14.55533
v 55.92096 5.663597 -14.55304
v 55.92024 5.663041 -14.55019
v 55.92049 5.663126 -14.54721
v 55.92168 5.663839 -14.54456
v 55.90862 5.689447 -14.54255
v 55.91107 5.690629 -14.5413
v 55.91375 5.691949 -14.54119
v 55.91626 5.693208 -14.54223
v 55.91821 5.694212 -14.54426
v 55.9193 5.69481 -14.54698
v 55.91938 5.69491 -14.54997
v 55.91842 5.694496 -14.55277
v 55.91658 5.693633 -14.55497
v 55.91413 5.69245 -14.55621
v 55.91145 5.69113 -14.55632
v 55.90894 5.689872 -14.55528
v 55.90699 5.688867 -14.55325
v 55.9059 5.68827 -14.55053
v 55.90582 5.68817 -14.54754
v 55.90678 5.688583 -14.54474
v 55.89646 5.716657 -14.54271
v 55.89886 5.717463 -14.54112
v 55.90165 5.718419 -14.54062
v 55.9044 5.719378 -14.54129
v 55.9067 5.720197 -14.54302
v 55.90819 5.72075 -14.54555
v 55.90866 5.720952 -14.5485
v 55.90802 5.720773 -14.55141
v 55.90637 5.72024 -14.55385
v 55.90396 5.719435 -14.55544
v 55.90118 5.718479 -14.55594
v 55.89842 5.717519 -14.55528
v 55.89613 5.7167 -14.55355
v 55.89463 5.716148 -14.55102
v 55.89417 5.715946 -14.54807
v 55.89481 5.716124 -14.54515
v 55.88737 5.746723 -14.54313
v 55.88961 5.74719 -14.54121
v 55.89241 5.747785 -14.54031
v 55.89532 5.748417 -14.54057
v 55.89791 5.74899 -14.54196
v 55.89978 5.749416 -14.54425
v 55.90066 5.749631 -14.5471
v 55.90039 5.749602 -14.55008
v 55.89904 5.749333 -14.55273
v 55.8968 5.748866 -14.55466
v 55.894 5.74827 -14.55556
v 55.89109 5.747639 -14.55529
v 55.8885 5.747065 -14.55391
v 55.88663 5.746639 -14.55162
v 55.88575 5.746425 -14.54877
v 55.88602 5.746454 -14.54579
v 55.8816 5.779638 -14.54381
v 55.88359 5.779832 -14.54158
v 55.88627 5.780102 -14.54029
v 55.88924 5.780406 -14.54013
v 55.89205 5.780698 -14.54113
v 55.89426 5.780933 -14.54313
v 55.89554 5.781076 -14.54583
v 55.8957 5.781105 -14.54881
v 55.89471 5.781016 -14.55163
v 55.89272 5.780822 -14.55386
v 55.89003 5.780552 -14.55515
v 55.88706 5.780248 -14.55531
v 55.88425 5.779956 -14.55431
v 55.88204 5.779721 -14.55231
v 55.88076 5.779578 -14.54961
v 55.8806 5.779549 -14.54663
v 55.87935 5.815396 -14.54471
v 55.88101 5.815396 -14.54223
v 55.8835 5.815396 -14.54056
v 55.88643 5.815396 -14.53998
v 55.88936 5.815396 -14.54056
v 55.89185 5.815396 -14.54223
v 55.89351 5.815396 -14.54471
v 55.8941 5.815396 -14.54765
v 55.89351 5.815396 -14.55058
v 55.89185 5.815396 -14.55307
v 55.88936 5.815396 -14.55473
v 55.88643 5.815396 -14.55531
v 55.8835 5.815396 -14.55473
v 55.88101 5.815396 -14.55307
v 55.87935 5.815396 -14.55058
v 55.87876 5.815396 -14.54765
v 56.6755 6.081028 -15.06597
v 56.67738 6.081028 -15.06878
v 56.68019 6.081028 -15.07066
v 56.68351 6.081028 -15.07132
v 56.68682 6.081028 -15.07066
v 56.68964 6.081028 -15.06878
v 56.69152 6.081028 -15.06597
v 56.69218 6.081028 -15.06265
v 56.69152 6.081028 -15.05934
v 56.68964 6.081028 -15.05653
v 56.68682 6.081028 -15.05465
v 56.68351 6.081028 -15.05399
v 56.68019 6.081028 -15.05465
v 56.67738 6.081028 -15.05653
v 56.6755 6.081028 -15.05934
v 56.67484 6.081028 -15.06265
v 56.67432 6.025355 -15.0625
v 56.67547 6.025164 -15.06568
v 56.67774 6.024982 -15.06818
v 56.6808 6.024839 -15.06961
v 56.68418 6.024755 -15.06977
v 56.68736 6.024744 -15.06862
v 56.68986 6.024806 -15.06635
v 56.6913 6.024934 -15.06329
v 56.69146 6.025106 -15.05992
v 56.69031 6.025298 -15.05674
v 56.68804 6.025478 -15.05424
v 56.68498 6.025622 -15.05281
v 56.6816 6.025706 -15.05265
v 56.67842 6.025717 -15.0538
v 56.67592 6.025654 -15.05607
v 56.67448 6.025527 -15.05913
v 56.67245 5.971793 -15.05622
v 56.6728 5.971425 -15.05956
v 56.67441 5.971041 -15.06251
v 56.67703 5.970701 -15.06462
v 56.68027 5.970455 -15.06556
v 56.68363 5.970341 -15.0652
v 56.6866 5.970377 -15.06358
v 56.68873 5.970557 -15.06096
v 56.68969 5.970853 -15.05773
v 56.68935 5.971221 -15.05439
v 56.68774 5.971604 -15.05144
v 56.68512 5.971945 -15.04933
v 56.68188 5.972191 -15.04839
v 56.67852 5.972305 -15.04875
v 56.67554 5.972269 -15.05037
v 56.67342 5.972089 -15.05299
v 56.66994 5.920346 -15.04741
v 56.66949 5.919847 -15.05072
v 56.67036 5.919273 -15.05394
v 56.6724 5.918712 -15.05658
v 56.67532 5.918249 -15.05822
v 56.67866 5.917954 -15.05863
v 56.68192 5.917872 -15.05774
v 56.6846 5.918016 -15.05569
v 56.6863 5.918364 -15.05279
v 56.68675 5.918863 -15.04947
v 56.68589 5.919437 -15.04625
v 56.68384 5.919998 -15.04362
v 56.68093 5.920461 -15.04197
v 56.67758 5.920756 -15.04156
v 56.67432 5.920838 -15.04245
v 56.67164 5.920693 -15.0445
v 56.66679 5.870996 -15.03636
v 56.66559 5.870435 -15.03947
v 56.66568 5.869713 -15.04278
v 56.66707 5.86894 -15.04577
v 56.66951 5.868234 -15.04799
v 56.67266 5.867701 -15.04911
v 56.67603 5.867424 -15.04894
v 56.6791 5.867444 -15.04753
v 56.68141 5.867758 -15.04509
v 56.68261 5.868319 -15.04198
v 56.68251 5.86904 -15.03867
v 56.68113 5.869813 -15.03568
v 56.67868 5.87052 -15.03346
v 56.67554 5.871053 -15.03234
v 56.67217 5.87133 -15.0325
v 56.6691 5.87131 -15.03392
v 56.66295 5.823718 -15.0233
v 56.6611 5.823176 -15.02608
v 56.66046 5.822369 -15.0293
v 56.66113 5.82142 -15.03247
v 56.66301 5.820474 -15.03512
v 56.66581 5.819675 -15.03684
v 56.66911 5.819144 -15.03736
v 56.6724 5.818963 -15.03661
v 56.67519 5.819158 -15.0347
v 56.67704 5.819701 -15.03192
v 56.67768 5.820507 -15.0287
v 56.67701 5.821456 -15.02553
v 56.67513 5.822402 -15.02288
v 56.67233 5.823201 -15.02117
v 56.66902 5.823732 -15.02064
v 56.66573 5.823914 -15.02139
v 56.65837 5.778494 -15.00841
v 56.65599 5.778049 -15.01076
v 56.65468 5.777231 -15.01377
v 56.65465 5.776162 -15.01698
v 56.65591 5.775006 -15.0199
v 56.65826 5.773938 -15.02208
v 56.66135 5.773122 -15.0232
v 56.6647 5.772681 -15.02308
v 56.66781 5.772683 -15.02174
v 56.67019 5.773128 -15.01939
v 56.6715 5.773946 -15.01638
v 56.67152 5.775015 -15.01317
v 56.67027 5.776172 -15.01025
v 56.66792 5.777239 -15.00807
v 56.66483 5.778055 -15.00695
v 56.66148 5.778496 -15.00707
v 56.65301 5.735321 -14.99182
v 56.65022 5.735045 -14.99371
v 56.64835 5.734287 -14.99642
v 56.64767 5.733162 -14.99954
v 56.6483 5.731842 -15.00259
v 56.65014 5.730527 -15.00511
v 56.6529 5.729418 -15.00671
v 56.65617 5.728683 -15.00715
v 56.65945 5.728435 -15.00637
v 56.66224 5.728711 -15.00448
v 56.66412 5.729469 -15.00177
v 56.66479 5.730594 -14.99865
v 56.66416 5.731914 -14.9956
v 56.66233 5.733229 -14.99308
v 56.65956 5.734338 -14.99148
v 56.65629 5.735073 -14.99104
v 56.64682 5.694219 -14.97364
v 56.64376 5.694166 -14.97507
v 56.64143 5.693532 -14.97743
v 56.64017 5.692416 -14.98037
v 56.6402 5.690986 -14.98343
v 56.6415 5.68946 -14.98616
v 56.64387 5.68807 -14.98813
v 56.64696 5.687029 -14.98904
v 56.65028 5.686494 -14.98877
v 56.65335 5.686547 -14.98734
v 56.65568 5.68718 -14.98497
v 56.65693 5.688297 -14.98204
v 56.65691 5.689727 -14.97897
v 56.65561 5.691253 -14.97625
v 56.65324 5.692643 -14.97428
v 56.65015 5.693684 -14.97336
v 56.6398 5.655227 -14.95395
v 56.63658 5.655433 -14.95495
v 56.63389 5.654975 -14.95696
v 56.63216 5.653923 -14.95966
v 56.63163 5.652438 -14.96265
v 56.6324 5.650744 -14.96548
v 56.63434 5.649101 -14.9677
v 56.63717 5.647758 -14.96899
v 56.64044 5.646919 -14.96915
v 56.64366 5.646713 -14.96815
v 56.64635 5.647171 -14.96615
v 56.64808 5.648223 -14.96344
v 56.64861 5.649709 -14.96045
v 56.64784 5.651402 -14.95763
v 56.6459 5.653046 -14.9554
v 56.64307 5.654388 -14.95411
v 56.63196 5.618402 -14.93283
v 56.62867 5.618887 -14.93346
v 56.62574 5.618639 -14.93512
v 56.6236 5.617698 -14.93757
v 56.62259 5.616205 -14.94043
v 56.62286 5.614389 -14.94327
v 56.62437 5.612525 -14.94565
v 56.62688 5.610898 -14.94722
v 56.63002 5.609755 -14.94773
v 56.63331 5.60927 -14.94711
v 56.63625 5.609518 -14.94545
v 56.63838 5.610459 -14.943
v 56.63939 5.611952 -14.94014
v 56.63912 5.613768 -14.9373
v 56.63761 5.615632 -14.93491
v 56.6351 5.617259 -14.93334
v 56.62333 5.583811 -14.91037
v 56.62005 5.58458 -14.91068
v 56.61695 5.584563 -14.91204
v 56.61451 5.583764 -14.91423
v 56.61308 5.582303 -14.91693
v 56.6129 5.580404 -14.91972
v 56.61399 5.578356 -14.92218
v 56.61618 5.576469 -14.92394
v 56.61914 5.575033 -14.92472
v 56.62241 5.574264 -14.92441
v 56.62552 5.574281 -14.92306
v 56.62796 5.57508 -14.92086
v 56.62938 5.576541 -14.91817
v 56.62957 5.57844 -14.91537
v 56.62848 5.580488 -14.91291
v 56.62629 5.582375 -14.91116
v 56.61398 5.551527 -14.88666
v 56.61076 5.552574 -14.88673
v 56.60757 5.552795 -14.88782
v 56.60489 5.552158 -14.88977
v 56.60312 5.550759 -14.89229
v 56.60254 5.548811 -14.89499
v 56.60323 5.546611 -14.89747
v 56.60509 5.544493 -14.89933
v 56.60784 5.54278 -14.90031
v 56.61105 5.541734 -14.90025
v 56.61425 5.541512 -14.89916
v 56.61693 5.542149 -14.8972
v 56.6187 5.543549 -14.89468
v 56.61928 5.545496 -14.89198
v 56.61859 5.547697 -14.88951
v 56.61673 5.549814 -14.88764
v 56.60397 5.521621 -14.86181
v 56.60086 5.522933 -14.86169
v 56.59763 5.523392 -14.86257
v 56.59477 5.522926 -14.86432
v 56.59272 5.521607 -14.86666
v 56.59179 5.519637 -14.86925
v 56.59212 5.517313 -14.87168
v 56.59366 5.514992 -14.87359
v 56.59618 5.513025 -14.87469
v 56.5993 5.511713 -14.87481
v 56.60253 5.511254 -14.87393
v 56.60539 5.51172 -14.87219
v 56.60744 5.513039 -14.86985
v 56.60837 5.51501 -14.86726
v 56.60804 5.517333 -14.86483
v 56.6065 5.519654 -14.86291
v 56.59339 5.494164 -14.83594
v 56.5904 5.495726 -14.8357
v 56.58717 5.496412 -14.83642
v 56.58419 5.49612 -14.83799
v 56.58191 5.494893 -14.84016
v 56.58068 5.492917 -14.84262
v 56.58069 5.490495 -14.84498
v 56.58193 5.487994 -14.84688
v 56.58423 5.485796 -14.84804
v 56.58722 5.484235 -14.84828
v 56.59045 5.483548 -14.84757
v 56.59343 5.483841 -14.846
v 56.59571 5.485068 -14.84382
v 56.59694 5.487043 -14.84137
v 56.59693 5.489466 -14.83901
v 56.59568 5.491966 -14.83711
v 56.58232 5.469222 -14.80918
v 56.57947 5.471013 -14.80888
v 56.57626 5.471916 -14.80948
v 56.5732 5.471793 -14.8109
v 56.57074 5.470662 -14.81292
v 56.56925 5.468696 -14.81524
v 56.56897 5.466193 -14.8175
v 56.56994 5.463536 -14.81935
v 56.572 5.461128 -14.82052
v 56.57486 5.459336 -14.82083
v 56.57806 5.458433 -14.82022
v 56.58112 5.458557 -14.8188
v 56.58358 5.459688 -14.81678
v 56.58507 5.461654 -14.81446
v 56.58535 5.464156 -14.81221
v 56.58438 5.466814 -14.81035
v 56.57084 5.446853 -14.78167
v 56.56813 5.448856 -14.78134
v 56.56498 5.449962 -14.78188
v 56.56186 5.450001 -14.78319
v 56.55925 5.448967 -14.78507
v 56.55754 5.447019 -14.78725
v 56.55701 5.444452 -14.78938
v 56.55771 5.441657 -14.79115
v 56.55956 5.439061 -14.79228
v 56.56226 5.437057 -14.79261
v 56.56541 5.435952 -14.79207
v 56.56853 5.435913 -14.79077
v 56.57114 5.436946 -14.78888
v 56.57285 5.438894 -14.7867
v 56.57339 5.441461 -14.78457
v 56.57268 5.444256 -14.7828
v 56.55902 5.427111 -14.75355
v 56.55647 5.429309 -14.75325
v 56.55339 5.430603 -14.75375
v 56.55024 5.430798 -14.75497
v 56.54751 5.429862 -14.75674
v 56.54562 5.427938 -14.75877
v 56.54484 5.425321 -14.76077
v 56.54531 5.422407 -14.76242
v 56.54694 5.41964 -14.76348
v 56.54949 5.417442 -14.76378
v 56.55257 5.416148 -14.76328
v 56.55572 5.415954 -14.76205
v 56.55845 5.416889 -14.76028
v 56.56034 5.418813 -14.75825
v 56.56112 5.421431 -14.75625
v 56.56065 5.424344 -14.7546
v 56.54697 5.410046 -14.72496
v 56.54457 5.412422 -14.72472
v 56.54157 5.413893 -14.72523
v 56.53841 5.414236 -14.7264
v 56.53559 5.413398 -14.72806
v 56.53352 5.411507 -14.72995
v 56.53253 5.408851 -14.73179
v 56.53276 5.405835 -14.73331
v 56.53419 5.402916 -14.73425
v 56.53658 5.400541 -14.73449
v 56.53959 5.39907 -14.73399
v 56.54274 5.398727 -14.73282
v 56.54556 5.399565 -14.73116
v 56.54763 5.401456 -14.72926
v 56.54862 5.404111 -14.72742
v 56.54839 5.407128 -14.72591
v 56.53474 5.395702 -14.69607
v 56.53251 5.39824 -14.69592
v 56.5296 5.399877 -14.69645
v 56.52645 5.400363 -14.69759
v 56.52355 5.399627 -14.69916
v 56.52133 5.397778 -14.70092
v 56.52013 5.395099 -14.7026
v 56.52014 5.391997 -14.70395
v 56.52135 5.388946 -14.70476
v 56.52358 5.386408 -14.7049
v 56.52649 5.384771 -14.70437
v 56.52964 5.384284 -14.70323
v 56.53254 5.385021 -14.70166
v 56.53476 5.38687 -14.6999
v 56.53596 5.389549 -14.69822
v 56.53595 5.392651 -14.69688
v 56.52242 5.38412 -14.667
v 56.52037 5.386805 -14.66698
v 56.51756 5.388598 -14.66757
v 56.51443 5.389228 -14.6687
v 56.51147 5.388598 -14.67019
v 56.5091 5.386805 -14.67181
v 56.50771 5.384119 -14.67332
v 56.50749 5.380953 -14.67448
v 56.50848 5.377786 -14.67513
v 56.51054 5.375101 -14.67516
v 56.51334 5.373307 -14.67456
v 56.51647 5.372677 -14.67343
v 56.51944 5.373307 -14.67194
v 56.5218 5.375101 -14.67032
v 56.5232 5.377786 -14.66881
v 56.52341 5.380953 -14.66765
v 56.51008 5.375336 -14.63792
v 56.50821 5.378153 -14.63804
v 56.50553 5.380097 -14.63872
v 56.50244 5.380872 -14.63986
v 56.49942 5.38036 -14.64128
v 56.49691 5.378638 -14.64277
v 56.49532 5.37597 -14.6441
v 56.49487 5.372761 -14.64507
v 56.49564 5.3695 -14.64552
v 56.4975 5.366683 -14.64541
v 56.50019 5.364739 -14.64472
v 56.50327 5.363965 -14.64358
v 56.5063 5.364477 -14.64216
v 56.5088 5.366198 -14.64067
v 56.5104 5.368866 -14.63934
v 56.51085 5.372075 -14.63838
v 56.49778 5.369387 -14.60895
v 56.49612 5.372319 -14.60924
v 56.49358 5.374407 -14.61003
v 56.49054 5.375332 -14.6112
v 56.48748 5.374954 -14.61257
v 56.48484 5.373329 -14.61394
v 56.48304 5.370706 -14.61509
v 56.48235 5.367484 -14.61584
v 56.48288 5.364152 -14.6161
v 56.48454 5.361219 -14.6158
v 56.48708 5.359132 -14.61501
v 56.49011 5.358207 -14.61384
v 56.49318 5.358585 -14.61247
v 56.49581 5.36021 -14.61111
v 56.49761 5.362833 -14.60996
v 56.4983 5.366055 -14.6092
v 56.48558 5.366307 -14.58024
v 56.48415 5.369336 -14.58072
v 56.48178 5.371561 -14.58165
v 56.47882 5.372644 -14.58287
v 56.47572 5.372419 -14.58421
v 56.47296 5.370922 -14.58546
v 56.47095 5.368379 -14.58643
v 56.47001 5.365178 -14.58697
v 56.47026 5.361806 -14.587
v 56.47169 5.358777 -14.58652
v 56.47406 5.356552 -14.58559
v 56.47702 5.355469 -14.58437
v 56.48012 5.355694 -14.58303
v 56.48288 5.357192 -14.58178
v 56.48489 5.359735 -14.58081
v 56.48584 5.362936 -14.58027
v 56.47354 5.366136 -14.55191
v 56.47238 5.369236 -14.55261
v 56.47021 5.37159 -14.55369
v 56.46735 5.372838 -14.555
v 56.46424 5.372791 -14.55633
v 56.46135 5.371456 -14.55748
v 56.45913 5.369035 -14.55828
v 56.45791 5.365899 -14.5586
v 56.45787 5.362524 -14.5584
v 56.45903 5.359423 -14.55771
v 56.4612 5.357069 -14.55662
v 56.46407 5.355822 -14.55532
v 56.46717 5.355869 -14.55399
v 56.47006 5.357204 -14.55283
v 56.47228 5.359624 -14.55203
v 56.4735 5.36276 -14.55171
v 56.4617 5.368916 -14.52409
v 56.46085 5.372055 -14.52501
v 56.45891 5.374523 -14.52628
v 56.45619 5.375942 -14.5277
v 56.45309 5.376097 -14.52905
v 56.4501 5.374964 -14.53014
v 56.44766 5.372716 -14.53079
v 56.44614 5.369695 -14.5309
v 56.44579 5.366361 -14.53047
v 56.44664 5.363221 -14.52955
v 56.44857 5.360753 -14.52828
v 56.4513 5.359334 -14.52686
v 56.45439 5.359179 -14.52551
v 56.45739 5.360312 -14.52442
v 56.45983 5.36256 -14.52377
v 56.46134 5.365581 -14.52365
v 56.4501 5.374698 -14.4969
v 56.4496 5.377836 -14.49805
v 56.44794 5.380395 -14.49952
v 56.4454 5.381985 -14.50109
v 56.44236 5.382364 -14.50251
v 56.43927 5.381475 -14.50357
v 56.43662 5.379453 -14.5041
v 56.4348 5.376605 -14.50404
v 56.43408 5.373366 -14.50338
v 56.43459 5.370228 -14.50222
v 56.43624 5.36767 -14.50075
v 56.43878 5.36608 -14.49919
v 56.44183 5.3657 -14.49777
v 56.44492 5.366589 -14.49671
v 56.44757 5.368612 -14.49617
v 56.44939 5.371459 -14.49624
v 56.43879 5.383547 -14.47045
v 56.43867 5.386631 -14.47184
v 56.43735 5.389247 -14.47353
v 56.43505 5.390998 -14.47527
v 56.4321 5.391617 -14.47681
v 56.42896 5.391009 -14.4779
v 56.42609 5.389267 -14.47837
v 56.42395 5.386657 -14.47816
v 56.42286 5.383575 -14.4773
v 56.42298 5.380491 -14.47592
v 56.42429 5.377874 -14.47422
v 56.4266 5.376124 -14.47248
v 56.42955 5.375505 -14.47095
v 56.43269 5.376113 -14.46986
v 56.43555 5.377855 -14.46938
v 56.43769 5.380465 -14.46959
v 56.42777 5.395541 -14.44488
v 56.42808 5.398509 -14.44647
v 56.42716 5.401137 -14.44839
v 56.42516 5.403025 -14.45035
v 56.42236 5.403885 -14.45205
v 56.4192 5.403586 -14.45323
v 56.41617 5.402175 -14.45371
v 56.41372 5.399865 -14.45342
v 56.41222 5.397009 -14.45241
v 56.41191 5.394041 -14.45082
v 56.41282 5.391413 -14.4489
v 56.41483 5.389525 -14.44694
v 56.41763 5.388665 -14.44524
v 56.42078 5.388964 -14.44406
v 56.42382 5.390375 -14.44358
v 56.42627 5.392685 -14.44387
v 56.41707 5.410773 -14.42032
v 56.41785 5.413557 -14.42207
v 56.41739 5.416137 -14.42421
v 56.41575 5.418121 -14.4264
v 56.41319 5.419208 -14.42832
v 56.41009 5.419231 -14.42967
v 56.40692 5.418188 -14.43024
v 56.40418 5.416236 -14.42995
v 56.40227 5.413674 -14.42885
v 56.40148 5.410891 -14.4271
v 56.40195 5.40831 -14.42496
v 56.40358 5.406326 -14.42277
v 56.40615 5.405239 -14.42085
v 56.40925 5.405216 -14.4195
v 56.41242 5.406259 -14.41893
v 56.41516 5.408211 -14.41921
v 56.40672 5.429348 -14.39693
v 56.40801 5.431876 -14.39877
v 56.40805 5.434339 -14.40109
v 56.40686 5.436364 -14.40352
v 56.40461 5.437641 -14.4057
v 56.40164 5.437977 -14.40729
v 56.39841 5.437321 -14.40805
v 56.39541 5.435771 -14.40787
v 56.3931 5.433565 -14.40677
v 56.39182 5.431038 -14.40492
v 56.39177 5.428575 -14.40261
v 56.39297 5.42655 -14.40018
v 56.39521 5.425272 -14.398
v 56.39818 5.424936 -14.39641
v 56.40141 5.425593 -14.39565
v 56.40441 5.427142 -14.39583
v 56.39675 5.451376 -14.37489
v 56.39854 5.453581 -14.37673
v 56.39914 5.455853 -14.37916
v 56.39846 5.457848 -14.38181
v 56.39662 5.459259 -14.38427
v 56.39389 5.459875 -14.38617
v 56.39069 5.459599 -14.38722
v 56.3875 5.458475 -14.38725
v 56.38481 5.456673 -14.38628
v 56.38303 5.454468 -14.38443
v 56.38243 5.452195 -14.382
v 56.3831 5.450201 -14.37935
v 56.38495 5.448789 -14.37689
v 56.38767 5.448174 -14.37499
v 56.39088 5.44845 -14.37395
v 56.39407 5.449574 -14.37391
v 56.38721 5.476962 -14.35441
v 56.38947 5.478793 -14.35613
v 56.39065 5.480803 -14.35858
v 56.39057 5.482688 -14.36139
v 56.38923 5.484159 -14.36412
v 56.38685 5.484994 -14.36637
v 56.38379 5.485065 -14.36779
v 56.3805 5.484362 -14.36817
v 56.3775 5.48299 -14.36744
v 56.37523 5.48116 -14.36572
v 56.37405 5.479149 -14.36328
v 56.37413 5.477264 -14.36047
v 56.37546 5.475792 -14.35773
v 56.37785 5.474957 -14.35548
v 56.38092 5.474887 -14.35406
v 56.3842 5.475591 -14.35369
v 56.37814 5.506198 -14.33575
v 56.38084 5.507624 -14.33721
v 56.3826 5.509313 -14.33954
v 56.38316 5.51101 -14.34242
v 56.38242 5.512456 -14.34538
v 56.3805 5.513432 -14.34799
v 56.3777 5.513787 -14.34985
v 56.37443 5.513468 -14.35067
v 56.3712 5.512525 -14.35032
v 56.3685 5.5111 -14.34887
v 56.36674 5.50941 -14.34653
v 56.36618 5.507713 -14.34366
v 56.36692 5.506267 -14.34069
v 56.36884 5.505292 -14.33808
v 56.37165 5.504937 -14.33623
v 56.37491 5.505255 -14.33541
v 56.36965 5.539154 -14.31916
v 56.3727 5.540171 -14.3202
v 56.37501 5.541502 -14.32229
v 56.37622 5.542944 -14.32509
v 56.37616 5.544278 -14.3282
v 56.37482 5.5453 -14.33113
v 56.37241 5.545855 -14.33344
v 56.36931 5.545857 -14.33478
v 56.36597 5.545309 -14.33495
v 56.36292 5.544291 -14.33391
v 56.36062 5.54296 -14.33183
v 56.3594 5.541518 -14.32902
v 56.35947 5.540184 -14.32591
v 56.36081 5.539163 -14.32298
v 56.36321 5.538608 -14.32067
v 56.36631 5.538605 -14.31933
v 56.36185 5.575868 -14.30492
v 56.36514 5.576507 -14.30541
v 56.36792 5.577471 -14.30707
v 56.36977 5.578611 -14.30965
v 56.37042 5.579755 -14.31277
v 56.36976 5.580728 -14.31594
v 56.36789 5.581383 -14.31868
v 56.3651 5.581619 -14.32058
v 56.36182 5.581401 -14.32134
v 56.35854 5.580761 -14.32086
v 56.35575 5.579798 -14.31919
v 56.3539 5.578657 -14.31661
v 56.35325 5.577513 -14.31349
v 56.35391 5.576539 -14.31032
v 56.35578 5.575885 -14.30758
v 56.35857 5.575649 -14.30568
v 56.35491 5.616348 -14.29326
v 56.35827 5.616671 -14.29309
v 56.36141 5.61729 -14.29419
v 56.36385 5.618112 -14.29638
v 56.36521 5.619011 -14.29934
v 56.3653 5.619851 -14.30261
v 56.36409 5.620503 -14.3057
v 56.36177 5.62087 -14.30814
v 56.3587 5.620893 -14.30955
v 56.35534 5.620571 -14.30972
v 56.3522 5.619951 -14.30863
v 56.34976 5.619129 -14.30644
v 56.3484 5.61823 -14.30348
v 56.34831 5.61739 -14.3002
v 56.34952 5.616738 -14.29711
v 56.35183 5.616372 -14.29467
v 56.34899 5.660578 -14.28442
v 56.35225 5.660669 -14.28353
v 56.35559 5.660999 -14.28393
v 56.35851 5.661519 -14.28557
v 56.36055 5.662148 -14.28819
v 56.36141 5.662791 -14.29139
v 56.36095 5.663351 -14.2947
v 56.35926 5.663741 -14.2976
v 56.35657 5.663903 -14.29965
v 56.35331 5.663812 -14.30054
v 56.34997 5.663481 -14.30014
v 56.34706 5.662961 -14.2985
v 56.34502 5.662332 -14.29588
v 56.34415 5.661689 -14.29267
v 56.34461 5.66113 -14.28937
v 56.34631 5.66074 -14.28647
v 56.3443 5.70852 -14.27856
v 56.34728 5.708481 -14.27694
v 56.35064 5.708604 -14.27658
v 56.35387 5.70887 -14.27752
v 56.3565 5.709238 -14.27962
v 56.3581 5.709652 -14.28257
v 56.35845 5.710051 -14.28591
v 56.35748 5.710371 -14.28913
v 56.35535 5.710566 -14.29175
v 56.35238 5.710605 -14.29337
v 56.34903 5.710482 -14.29373
v 56.34579 5.710216 -14.29279
v 56.34317 5.709847 -14.29069
v 56.34156 5.709433 -14.28774
v 56.34121 5.709035 -14.2844
v 56.34217 5.708714 -14.28118
v 56.34105 5.760135 -14.27579
v 56.34354 5.760069 -14.27351
v 56.34672 5.760081 -14.27237
v 56.3501 5.760169 -14.27252
v 56.35316 5.760318 -14.27396
v 56.35544 5.760508 -14.27645
v 56.35658 5.760708 -14.27963
v 56.35642 5.760889 -14.283
v 56.35498 5.761022 -14.28606
v 56.35248 5.761087 -14.28833
v 56.3493 5.761075 -14.28948
v 56.34592 5.760988 -14.28932
v 56.34287 5.760838 -14.28789
v 56.34059 5.760648 -14.28539
v 56.33944 5.760448 -14.28222
v 56.3396 5.760268 -14.27885
v 56.33939 5.815396 -14.27616
v 56.34127 5.815396 -14.27335
v 56.34408 5.815396 -14.27147
v 56.34739 5.815396 -14.27081
v 56.35071 5.815396 -14.27147
v 56.35352 5.815396 -14.27335
v 56.3554 5.815396 -14.27616
v 56.35606 5.815396 -14.27948
v 56.3554 5.815396 -14.2828
v 56.35352 5.815396 -14.28561
v 56.35071 5.815396 -14.28749
v 56.34739 5.815396 -14.28815
v 56.34408 5.815396 -14.28749
v 56.34127 5.815396 -14.28561
v 56.33939 5.815396 -14.2828
v 56.33873 5.815396 -14.27948
v 55.43784 6.081028 -15.07422
v 55.43972 6.081028 -15.07703
v 55.44253 6.081028 -15.07891
v 55.44585 6.081028 -15.07957
v 55.44917 6.081028 -15.07891
v 55.45198 6.081028 -15.07703
v 55.45386 6.081028 -15.07422
v 55.45452 6.081028 -15.0709
v 55.45386 6.081028 -15.06759
v 55.45198 6.081028 -15.06477
v 55.44917 6.081028 -15.0629
v 55.44585 6.081028 -15.06224
v 55.44253 6.081028 -15.0629
v 55.43972 6.081028 -15.06477
v 55.43784 6.081028 -15.06759
v 55.43718 6.081028 -15.0709
v 55.4389 6.055219 -15.0756
v 55.44095 6.055522 -15.07827
v 55.44387 6.055814 -15.07995
v 55.44722 6.05605 -15.08038
v 55.45048 6.056195 -15.07949
v 55.45316 6.056227 -15.07742
v 55.45484 6.05614 -15.07449
v 55.45528 6.055948 -15.07115
v 55.45441 6.055681 -15.06789
v 55.45236 6.055378 -15.06522
v 55.44943 6.055086 -15.06355
v 55.44609 6.05485 -15.06312
v 55.44283 6.054705 -15.06401
v 55.44015 6.054673 -15.06607
v 55.43847 6.05476 -15.069
v 55.43802 6.054952 -15.07235
v 55.44154 6.029858 -15.07861
v 55.44374 6.030455 -15.0811
v 55.44675 6.031013 -15.08255
v 55.4501 6.031451 -15.08273
v 55.45328 6.0317 -15.08162
v 55.45581 6.031722 -15.07938
v 55.45731 6.031514 -15.07635
v 55.45755 6.031108 -15.07301
v 55.45648 6.030566 -15.06984
v 55.45428 6.02997 -15.06735
v 55.45128 6.029411 -15.0659
v 55.44793 6.028974 -15.06572
v 55.44474 6.028725 -15.06683
v 55.44221 6.028703 -15.06907
v 55.44071 6.02891 -15.0721
v 55.44048 6.029316 -15.07544
v 55.44569 6.004991 -15.08312
v 55.44801 6.005861 -15.08542
v 55.45106 6.006656 -15.08663
v 55.45439 6.007254 -15.08657
v 55.45748 6.007564 -15.08523
v 55.45987 6.00754 -15.08283
v 55.46119 6.007184 -15.07974
v 55.46123 6.006552 -15.07642
v 55.46 6.005739 -15.07338
v 55.45768 6.004868 -15.07108
v 55.45462 6.004074 -15.06987
v 55.45129 6.003475 -15.06993
v 55.4482 6.003165 -15.07127
v 55.44582 6.003189 -15.07367
v 55.4445 6.003544 -15.07676
v 55.44445 6.004177 -15.08008
v 55.45123 5.980653 -15.08905
v 55.45364 5.981772 -15.09114
v 55.45672 5.982768 -15.0921
v 55.46001 5.983488 -15.09179
v 55.46301 5.983822 -15.09025
v 55.46524 5.98372 -15.08772
v 55.46639 5.983198 -15.08458
v 55.46627 5.982334 -15.08132
v 55.4649 5.98126 -15.07842
v 55.46249 5.980141 -15.07633
v 55.4594 5.979145 -15.07537
v 55.45612 5.978425 -15.07568
v 55.45312 5.978091 -15.07722
v 55.45088 5.978193 -15.07975
v 55.44973 5.978716 -15.08289
v 55.44986 5.979579 -15.08615
v 55.45807 5.956879 -15.0963
v 55.46055 5.95822 -15.09817
v 55.46364 5.959381 -15.09888
v 55.46688 5.960186 -15.09834
v 55.46977 5.960511 -15.09661
v 55.47187 5.960308 -15.09397
v 55.47287 5.959607 -15.09082
v 55.4726 5.958515 -15.08763
v 55.47111 5.957198 -15.08489
v 55.46864 5.955857 -15.08302
v 55.46554 5.954696 -15.0823
v 55.4623 5.953891 -15.08285
v 55.45941 5.953566 -15.08458
v 55.45731 5.953769 -15.08722
v 55.45632 5.95447 -15.09037
v 55.45658 5.955562 -15.09356
v 55.46612 5.933701 -15.10478
v 55.46865 5.935235 -15.10642
v 55.47174 5.936529 -15.1069
v 55.47492 5.937386 -15.10613
v 55.47771 5.937677 -15.10425
v 55.47968 5.937355 -15.10152
v 55.48054 5.936471 -15.09837
v 55.48015 5.935159 -15.09528
v 55.47857 5.933619 -15.09271
v 55.47605 5.932085 -15.09107
v 55.47296 5.93079 -15.09059
v 55.46978 5.929933 -15.09135
v 55.46699 5.929643 -15.09324
v 55.46502 5.929964 -15.09597
v 55.46416 5.930849 -15.09912
v 55.46455 5.93216 -15.10221
v 55.4753 5.911151 -15.11439
v 55.47785 5.912851 -15.11582
v 55.48092 5.914249 -15.11607
v 55.48404 5.915133 -15.11511
v 55.48673 5.915368 -15.11308
v 55.48859 5.914918 -15.11029
v 55.48933 5.913852 -15.10716
v 55.48884 5.912332 -15.10418
v 55.4872 5.91059 -15.1018
v 55.48465 5.90889 -15.10037
v 55.48157 5.907492 -15.10012
v 55.47846 5.906608 -15.10108
v 55.47577 5.906373 -15.10312
v 55.4739 5.906823 -15.1059
v 55.47316 5.907889 -15.10903
v 55.47366 5.909409 -15.11201
v 55.48551 5.889264 -15.12507
v 55.48808 5.891104 -15.12628
v 55.49112 5.892582 -15.12632
v 55.49417 5.893471 -15.12518
v 55.49678 5.893638 -15.12303
v 55.49854 5.893055 -15.1202
v 55.49918 5.891813 -15.11712
v 55.49861 5.890099 -15.11426
v 55.49691 5.888176 -15.11206
v 55.49435 5.886336 -15.11084
v 55.49131 5.884859 -15.11081
v 55.48825 5.883969 -15.11195
v 55.48564 5.883803 -15.1141
v 55.48389 5.884386 -15.11693
v 55.48325 5.885628 -15.12001
v 55.48382 5.887341 -15.12287
v 55.49667 5.868076 -15.13672
v 55.49924 5.870035 -15.13774
v 55.50225 5.871571 -15.13758
v 55.50524 5.872452 -15.13628
v 55.50777 5.872541 -15.13403
v 55.50944 5.871826 -15.13118
v 55.51 5.870416 -15.12816
v 55.50937 5.868525 -15.12543
v 55.50764 5.866442 -15.1234
v 55.50508 5.864482 -15.12239
v 55.50207 5.862946 -15.12255
v 55.49908 5.862066 -15.12385
v 55.49655 5.861977 -15.12609
v 55.49488 5.862691 -15.12894
v 55.49432 5.864102 -15.13197
v 55.49495 5.865992 -15.1347
v 55.5087 5.847627 -15.14928
v 55.51125 5.849686 -15.1501
v 55.51423 5.851266 -15.14977
v 55.51716 5.852126 -15.14833
v 55.51962 5.852135 -15.14601
v 55.52122 5.851292 -15.14315
v 55.52173 5.849724 -15.1402
v 55.52105 5.847671 -15.13759
v 55.51931 5.845446 -15.13574
v 55.51675 5.843386 -15.13492
v 55.51378 5.841806 -15.13525
v 55.51085 5.840946 -15.13669
v 55.50839 5.840937 -15.13901
v 55.50679 5.841781 -15.14187
v 55.50628 5.843348 -15.14482
v 55.50695 5.845401 -15.14742
v 55.52152 5.827958 -15.16265
v 55.52405 5.830102 -15.1633
v 55.52698 5.831715 -15.16281
v 55.52986 5.832549 -15.16125
v 55.53226 5.832477 -15.15887
v 55.53381 5.831511 -15.15602
v 55.53426 5.829798 -15.15314
v 55.53357 5.827598 -15.15067
v 55.53182 5.825247 -15.14898
v 55.52929 5.823101 -15.14833
v 55.52636 5.82149 -15.14882
v 55.52347 5.820656 -15.15038
v 55.52107 5.820727 -15.15276
v 55.51953 5.821693 -15.15561
v 55.51907 5.823406 -15.15849
v 55.51976 5.825606 -15.16096
v 55.53503 5.809113 -15.17676
v 55.53754 5.811332 -15.17725
v 55.54043 5.812968 -15.17661
v 55.54326 5.813773 -15.17495
v 55.54561 5.813623 -15.17253
v 55.54711 5.812543 -15.1697
v 55.54755 5.810695 -15.1669
v 55.54684 5.808362 -15.16455
v 55.5451 5.805899 -15.16302
v 55.54259 5.803681 -15.16254
v 55.5397 5.802045 -15.16317
v 55.53687 5.80124 -15.16483
v 55.53452 5.801389 -15.16726
v 55.53302 5.80247 -15.17009
v 55.53258 5.804317 -15.17289
v 55.53329 5.80665 -15.17523
v 55.54917 5.791141 -15.19153
v 55.55165 5.793424 -15.19187
v 55.55449 5.795078 -15.1911
v 55.55729 5.795853 -15.18936
v 55.5596 5.79563 -15.1869
v 55.56107 5.794443 -15.1841
v 55.56149 5.792473 -15.18138
v 55.56078 5.79002 -15.17916
v 55.55906 5.787456 -15.17778
v 55.55659 5.785174 -15.17745
v 55.55374 5.783519 -15.17821
v 55.55095 5.782744 -15.17995
v 55.54864 5.782967 -15.18242
v 55.54716 5.784154 -15.18522
v 55.54675 5.786124 -15.18793
v 55.54745 5.788578 -15.19015
v 55.56386 5.774088 -15.20688
v 55.5663 5.776428 -15.20708
v 55.5691 5.778098 -15.2062
v 55.57185 5.778844 -15.20438
v 55.57413 5.778553 -15.2019
v 55.57559 5.777268 -15.19913
v 55.57601 5.775186 -15.1965
v 55.57532 5.772623 -15.19441
v 55.57363 5.769969 -15.19317
v 55.57119 5.76763 -15.19297
v 55.56839 5.76596 -15.19385
v 55.56564 5.765213 -15.19566
v 55.56336 5.765505 -15.19815
v 55.5619 5.766789 -15.20091
v 55.56148 5.768872 -15.20355
v 55.56217 5.771435 -15.20564
v 55.57902 5.758006 -15.22273
v 55.58141 5.760397 -15.22279
v 55.58417 5.762081 -15.22181
v 55.58689 5.7628 -15.21993
v 55.58914 5.762445 -15.21744
v 55.5906 5.761071 -15.21471
v 55.59102 5.758886 -15.21217
v 55.59036 5.756224 -15.21019
v 55.5887 5.753488 -15.20908
v 55.58631 5.751097 -15.20902
v 55.58355 5.749413 -15.21
v 55.58083 5.748694 -15.21188
v 55.57858 5.749048 -15.21437
v 55.57713 5.750423 -15.2171
v 55.5767 5.752608 -15.21965
v 55.57737 5.75527 -15.22162
v 55.59456 5.742944 -15.23899
v 55.5969 5.745383 -15.23893
v 55.59962 5.747079 -15.23786
v 55.60231 5.747773 -15.23592
v 55.60455 5.747361 -15.23342
v 55.606 5.745904 -15.23074
v 55.60645 5.743626 -15.22828
v 55.60582 5.740871 -15.22642
v 55.60421 5.738061 -15.22545
v 55.60187 5.735622 -15.2255
v 55.59915 5.733926 -15.22658
v 55.59647 5.733231 -15.22851
v 55.59423 5.733644 -15.23101
v 55.59277 5.735101 -15.2337
v 55.59232 5.73738 -15.23616
v 55.59295 5.740134 -15.23801
v 55.61041 5.728956 -15.25558
v 55.6127 5.731438 -15.25541
v 55.61538 5.733145 -15.25425
v 55.61803 5.733817 -15.25226
v 55.62026 5.733352 -15.24976
v 55.62173 5.731819 -15.24713
v 55.6222 5.729454 -15.24476
v 55.62162 5.726615 -15.24302
v 55.62007 5.723735 -15.24217
v 55.61778 5.721253 -15.24234
v 55.6151 5.719546 -15.2435
v 55.61245 5.718874 -15.24549
v 55.61021 5.719339 -15.24798
v 55.60875 5.720871 -15.25062
v 55.60827 5.723237 -15.25299
v 55.60886 5.726076 -15.25473
v 55.62649 5.716093 -15.27242
v 55.62873 5.718615 -15.27214
v 55.63135 5.720333 -15.27089
v 55.63398 5.720983 -15.26886
v 55.63621 5.720468 -15.26637
v 55.63769 5.718866 -15.26379
v 55.63821 5.71642 -15.26151
v 55.63768 5.713503 -15.25988
v 55.63618 5.710559 -15.25915
v 55.63394 5.708036 -15.25944
v 55.63131 5.706318 -15.26069
v 55.62868 5.705668 -15.26271
v 55.62646 5.706183 -15.26521
v 55.62498 5.707786 -15.26779
v 55.62447 5.710231 -15.27007
v 55.625 5.713149 -15.27169
v 55.64272 5.704408 -15.28942
v 55.6449 5.706967 -15.28903
v 55.64748 5.708693 -15.28769
v 55.65008 5.709323 -15.28563
v 55.65231 5.708761 -15.28314
v 55.65382 5.707092 -15.28062
v 55.65438 5.704571 -15.27844
v 55.6539 5.701581 -15.27693
v 55.65247 5.698577 -15.27633
v 55.65029 5.696018 -15.27672
v 55.64771 5.694292 -15.27805
v 55.64511 5.693662 -15.28012
v 55.64288 5.694224 -15.2826
v 55.64138 5.695893 -15.28513
v 55.64082 5.698414 -15.28731
v 55.64129 5.701404 -15.28882
v 55.65902 5.693954 -15.30649
v 55.66114 5.696547 -15.30599
v 55.66367 5.69828 -15.30457
v 55.66625 5.698888 -15.30247
v 55.66848 5.69828 -15.3
v 55.67001 5.696547 -15.29754
v 55.67062 5.693954 -15.29545
v 55.67022 5.690896 -15.29407
v 55.66886 5.687838 -15.29359
v 55.66674 5.685245 -15.2941
v 55.66421 5.683513 -15.29551
v 55.66163 5.682905 -15.29762
v 55.6594 5.683513 -15.30009
v 55.65787 5.685245 -15.30255
v 55.65726 5.687838 -15.30463
v 55.65766 5.690896 -15.30602
v 55.67532 5.684787 -15.32356
v 55.67736 5.687408 -15.32293
v 55.67985 5.689143 -15.32144
v 55.6824 5.689727 -15.3193
v 55.68464 5.689073 -15.31685
v 55.68621 5.687278 -15.31445
v 55.68687 5.684617 -15.31247
v 55.68654 5.681495 -15.31122
v 55.68525 5.678387 -15.31087
v 55.68321 5.675766 -15.3115
v 55.68072 5.674031 -15.31299
v 55.67816 5.673446 -15.31513
v 55.67593 5.674101 -15.31758
v 55.67436 5.675896 -15.31998
v 55.6737 5.678556 -15.32196
v 55.67403 5.681679 -15.32321
v 55.69152 5.676958 -15.34052
v 55.69349 5.679601 -15.33977
v 55.69593 5.681333 -15.33819
v 55.69846 5.681889 -15.33602
v 55.7007 5.681187 -15.33359
v 55.70231 5.67933 -15.33126
v 55.70304 5.676604 -15.3294
v 55.70278 5.673422 -15.32828
v 55.70157 5.670269 -15.32808
v 55.6996 5.667626 -15.32883
v 55.69716 5.665894 -15.33041
v 55.69463 5.665338 -15.33258
v 55.69239 5.66604 -15.33501
v 55.69078 5.667897 -15.33734
v 55.69005 5.670623 -15.3392
v 55.69031 5.673805 -15.34032
v 55.70754 5.67052 -15.35729
v 55.70944 5.673178 -15.35641
v 55.71182 5.6749 -15.35474
v 55.71433 5.675423 -15.35254
v 55.71658 5.674668 -15.35013
v 55.71823 5.67275 -15.34789
v 55.71904 5.66996 -15.34615
v 55.71886 5.666724 -15.34519
v 55.71774 5.663533 -15.34514
v 55.71585 5.660875 -15.34602
v 55.71346 5.659153 -15.34769
v 55.71095 5.65863 -15.34989
v 55.7087 5.659385 -15.3523
v 55.70705 5.661303 -15.35454
v 55.70625 5.664093 -15.35628
v 55.70642 5.667329 -15.35724
v 55.72331 5.665526 -15.37378
v 55.72513 5.668189 -15.37276
v 55.72746 5.669892 -15.371
v 55.72995 5.670374 -15.36876
v 55.73221 5.669562 -15.36638
v 55.73391 5.66758 -15.36424
v 55.73479 5.66473 -15.36264
v 55.73471 5.661445 -15.36184
v 55.73368 5.658225 -15.36196
v 55.73186 5.655561 -15.36298
v 55.72953 5.653859 -15.36474
v 55.72705 5.653377 -15.36698
v 55.72478 5.654189 -15.36936
v 55.72308 5.656171 -15.37151
v 55.7222 5.659021 -15.3731
v 55.72228 5.662306 -15.3739
v 55.73873 5.662027 -15.38989
v 55.74047 5.664683 -15.38872
v 55.74274 5.666354 -15.38686
v 55.74521 5.666785 -15.38458
v 55.7475 5.665911 -15.38225
v 55.74926 5.663864 -15.38021
v 55.75021 5.660957 -15.37878
v 55.75023 5.657631 -15.37817
v 55.7493 5.654394 -15.37847
v 55.74757 5.651737 -15.37964
v 55.7453 5.650066 -15.38151
v 55.74283 5.649635 -15.38378
v 55.74054 5.65051 -15.38611
v 55.73879 5.652556 -15.38815
v 55.73783 5.655464 -15.38959
v 55.73781 5.65879 -15.3902
v 55.75373 5.660072 -15.40554
v 55.75538 5.662705 -15.4042
v 55.7576 5.66433 -15.40223
v 55.76004 5.664699 -15.39993
v 55.76236 5.663755 -15.39765
v 55.76418 5.661643 -15.39574
v 55.76523 5.658685 -15.39448
v 55.76536 5.65533 -15.39408
v 55.76454 5.652089 -15.39459
v 55.76289 5.649456 -15.39593
v 55.76068 5.647831 -15.3979
v 55.75823 5.647463 -15.4002
v 55.75592 5.648406 -15.40248
v 55.75409 5.650518 -15.40439
v 55.75304 5.653477 -15.40565
v 55.75291 5.656832 -15.40605
v 55.76822 5.659708 -15.42063
v 55.76977 5.662297 -15.4191
v 55.77193 5.663857 -15.41702
v 55.77436 5.66415 -15.41469
v 55.77671 5.663132 -15.41248
v 55.77861 5.660957 -15.41071
v 55.77977 5.657958 -15.40967
v 55.78001 5.654589 -15.4095
v 55.77931 5.651365 -15.41024
v 55.77776 5.648776 -15.41176
v 55.7756 5.647216 -15.41385
v 55.77316 5.646923 -15.41617
v 55.77081 5.647941 -15.41838
v 55.76892 5.650115 -15.42015
v 55.76776 5.653115 -15.42119
v 55.76751 5.656484 -15.42136
v 55.7821 5.660976 -15.43505
v 55.78355 5.663496 -15.43332
v 55.78566 5.66497 -15.43112
v 55.78809 5.665173 -15.42878
v 55.79048 5.664076 -15.42666
v 55.79246 5.661845 -15.42507
v 55.79374 5.658819 -15.42426
v 55.79411 5.65546 -15.42436
v 55.79353 5.652278 -15.42535
v 55.79208 5.649759 -15.42707
v 55.78997 5.648285 -15.42927
v 55.78754 5.648082 -15.43161
v 55.78515 5.649179 -15.43374
v 55.78317 5.65141 -15.43533
v 55.78189 5.654436 -15.43613
v 55.78152 5.657795 -15.43603
v 55.79529 5.663913 -15.44871
v 55.79665 5.666331 -15.44677
v 55.7987 5.667694 -15.44445
v 55.80113 5.667795 -15.44211
v 55.80358 5.666618 -15.44009
v 55.80567 5.664343 -15.43872
v 55.80708 5.661316 -15.43818
v 55.80759 5.657998 -15.43858
v 55.80714 5.654894 -15.43984
v 55.80579 5.652476 -15.44178
v 55.80373 5.651113 -15.4441
v 55.8013 5.651012 -15.44644
v 55.79885 5.652189 -15.44845
v 55.79676 5.654464 -15.44983
v 55.79535 5.657491 -15.45036
v 55.79483 5.660809 -15.44997
v 55.8077 5.668548 -15.46151
v 55.80896 5.670825 -15.45935
v 55.81097 5.672051 -15.45692
v 55.81342 5.672039 -15.45459
v 55.81594 5.670789 -15.45272
v 55.81815 5.668492 -15.45159
v 55.81971 5.665499 -15.45136
v 55.82038 5.662265 -15.45209
v 55.82006 5.659281 -15.45365
v 55.8188 5.657003 -15.45581
v 55.81679 5.655777 -15.45823
v 55.81433 5.655791 -15.46056
v 55.81181 5.657041 -15.46244
v 55.8096 5.659337 -15.46357
v 55.80805 5.66233 -15.46379
v 55.80738 5.665564 -15.46307
v 55.81924 5.6749 -15.47336
v 55.82041 5.676995 -15.47098
v 55.8224 5.678057 -15.46845
v 55.82488 5.677925 -15.46617
v 55.8275 5.676617 -15.46447
v 55.82984 5.674334 -15.46361
v 55.83156 5.671424 -15.46373
v 55.83239 5.668329 -15.46481
v 55.8322 5.66552 -15.46669
v 55.83103 5.663424 -15.46907
v 55.82905 5.662363 -15.4716
v 55.82656 5.662496 -15.47388
v 55.82394 5.663803 -15.47558
v 55.8216 5.666085 -15.47644
v 55.81988 5.668996 -15.47631
v 55.81906 5.672091 -15.47523
v 55.82985 5.682988 -15.48417
v 55.83095 5.684855 -15.48158
v 55.83293 5.68573 -15.47897
v 55.83547 5.68548 -15.47676
v 55.8382 5.684143 -15.47527
v 55.84069 5.681923 -15.47473
v 55.84257 5.679157 -15.47523
v 55.84355 5.676267 -15.47669
v 55.84349 5.673692 -15.47888
v 55.84238 5.671825 -15.48147
v 55.84041 5.67095 -15.48407
v 55.83786 5.6712 -15.48629
v 55.83514 5.672536 -15.48778
v 55.83264 5.674757 -15.48831
v 55.83076 5.677523 -15.48782
v 55.82978 5.680413 -15.48636
v 55.83945 5.692827 -15.49387
v 55.84052 5.694426 -15.49109
v 55.84251 5.6951 -15.48844
v 55.84513 5.694747 -15.48634
v 55.84798 5.693421 -15.48509
v 55.85063 5.691324 -15.4849
v 55.85267 5.688775 -15.48578
v 55.85378 5.686161 -15.48762
v 55.85381 5.683882 -15.49011
v 55.85275 5.682283 -15.4929
v 55.85075 5.681608 -15.49554
v 55.84813 5.681961 -15.49765
v 55.84528 5.683287 -15.49889
v 55.84264 5.685384 -15.49909
v 55.8406 5.687933 -15.4982
v 55.83948 5.690547 -15.49637
v 55.84799 5.704445 -15.5024
v 55.84906 5.705747 -15.49947
v 55.8511 5.70622 -15.49682
v 55.85383 5.705793 -15.49486
v 55.85681 5.704529 -15.49389
v 55.8596 5.702622 -15.49405
v 55.86177 5.700362 -15.49532
v 55.86299 5.698093 -15.49751
v 55.86307 5.69616 -15.50029
v 55.86201 5.694858 -15.50322
v 55.85996 5.694385 -15.50587
v 55.85724 5.694812 -15.50783
v 55.85426 5.696075 -15.5088
v 55.85147 5.697983 -15.50864
v 55.8493 5.700242 -15.50737
v 55.84808 5.702512 -15.50518
v 55.85543 5.717889 -15.50971
v 55.85654 5.718886 -15.50667
v 55.85868 5.719175 -15.50407
v 55.86151 5.718712 -15.50229
v 55.86462 5.717567 -15.5016
v 55.86753 5.715915 -15.50212
v 55.86979 5.714007 -15.50376
v 55.87106 5.712133 -15.50627
v 55.87114 5.71058 -15.50928
v 55.87004 5.709583 -15.51231
v 55.8679 5.709294 -15.51492
v 55.86506 5.709757 -15.5167
v 55.86195 5.710902 -15.51738
v 55.85905 5.712554 -15.51686
v 55.85679 5.714462 -15.51522
v 55.85552 5.716336 -15.51271
v 55.86172 5.733231 -15.51575
v 55.86292 5.733938 -15.51267
v 55.86517 5.734075 -15.51015
v 55.86813 5.733623 -15.50857
v 55.87135 5.732649 -15.50818
v 55.87433 5.731303 -15.50904
v 55.87662 5.729789 -15.511
v 55.87788 5.728337 -15.51379
v 55.87791 5.727169 -15.51696
v 55.87671 5.726463 -15.52004
v 55.87446 5.726325 -15.52256
v 55.8715 5.726778 -15.52414
v 55.86829 5.727752 -15.52453
v 55.86531 5.729098 -15.52367
v 55.86301 5.730612 -15.5217
v 55.86175 5.732063 -15.51892
v 55.8668 5.75056 -15.52045
v 55.86814 5.751011 -15.51738
v 55.87053 5.751042 -15.51499
v 55.8736 5.750647 -15.51364
v 55.87689 5.749888 -15.51353
v 55.87991 5.748879 -15.51469
v 55.88217 5.747774 -15.51694
v 55.88336 5.746742 -15.51994
v 55.88327 5.745939 -15.52322
v 55.88194 5.745488 -15.5263
v 55.87955 5.745458 -15.52869
v 55.87648 5.745852 -15.53004
v 55.87318 5.746612 -15.53014
v 55.87017 5.74762 -15.52898
v 55.8679 5.748725 -15.52673
v 55.86672 5.749757 -15.52374
v 55.8706 5.769972 -15.52377
v 55.8721 5.770217 -15.52075
v 55.87464 5.770191 -15.51851
v 55.87781 5.769897 -15.51739
v 55.88115 5.76938 -15.51756
v 55.88414 5.768718 -15.51899
v 55.88633 5.768013 -15.52147
v 55.88738 5.767372 -15.52462
v 55.88714 5.766892 -15.52796
v 55.88563 5.766647 -15.53098
v 55.8831 5.766673 -15.53322
v 55.87992 5.766967 -15.53434
v 55.87658 5.767485 -15.53417
v 55.8736 5.768146 -15.53273
v 55.87141 5.768851 -15.53025
v 55.87036 5.769492 -15.5271
v 55.87304 5.79156 -15.5256
v 55.87473 5.791655 -15.52267
v 55.87741 5.791621 -15.5206
v 55.88067 5.79146 -15.51972
v 55.88401 5.7912 -15.52014
v 55.88693 5.790877 -15.52182
v 55.88898 5.790543 -15.52448
v 55.88985 5.790247 -15.52774
v 55.88941 5.790036 -15.53108
v 55.88773 5.78994 -15.53401
v 55.88505 5.789975 -15.53608
v 55.88179 5.790135 -15.53696
v 55.87844 5.790396 -15.53654
v 55.87552 5.790719 -15.53486
v 55.87347 5.791053 -15.5322
v 55.8726 5.791348 -15.52895
v 55.87402 5.815396 -15.52587
v 55.8759 5.815396 -15.52306
v 55.87872 5.815396 -15.52118
v 55.88203 5.815396 -15.52052
v 55.88535 5.815396 -15.52118
v 55.88816 5.815396 -15.52306
v 55.89004 5.815396 -15.52587
v 55.8907 5.815396 -15.52919
v 55.89004 5.815396 -15.5325
v 55.88816 5.815396 -15.53531
v 55.88535 5.815396 -15.53719
v 55.88203 5.815396 -15.53785
v 55.87872 5.815396 -15.53719
v 55.8759 5.815396 -15.53531
v 55.87402 5.815396 -15.5325
v 55.87336 5.815396 -15.52919
v 56.29233 5.815396 -14.04526
v 56.29233 5.820396 -14.04026
v 56.28733 5.820396 -14.04526
v 56.29233 5.920341 -14.04026
v 56.29233 5.925342 -14.04526
v 56.28733 5.920341 -14.04526
v 56.29233 5.815396 -15.66188
v 56.28733 5.820396 -15.66188
v 56.29233 5.820396 -15.66688
v 56.29233 5.925342 -15.66188
v 56.29233 5.920341 -15.66688
v 56.28733 5.920341 -15.66188
v 56.39227 5.815396 -14.04526
v 56.39727 5.820396 -14.04526
v 56.39227 5.820396 -14.04026
v 56.39227 5.925342 -14.04526
v 56.39227 5.920341 -14.04026
v 56.39727 5.920341 -14.04526
v 56.39227 5.815396 -15.66188
v 56.39227 5.820396 -15.66688
v 56.39727 5.820396 -15.66188
v 56.39227 5.925342 -15.66188
v 56.39727 5.920341 -15.66188
v 56.39227 5.920341 -15.66688
v 55.93527 5.815396 -14.04526
v 55.94027 5.820396 -14.04526
v 55.93527 5.820396 -14.04026
v 55.93527 5.920341 -14.04026
v 55.94027 5.920341 -14.04526
v 55.93527 5.925342 -14.04526
v 55.93527 5.815396 -15.66188
v 55.93527 5.820396 -15.66688
v 55.94027 5.820396 -15.66188
v 55.93527 5.925342 -15.66188
v 55.94027 5.920341 -15.66188
v 55.93527 5.920341 -15.66688
v 55.83533 5.815396 -14.04526
v 55.83533 5.820396 -14.04026
v 55.83033 5.820396 -14.04526
v 55.83533 5.925342 -14.04526
v 55.83033 5.920341 -14.04526
v 55.83533 5.920341 -14.04026
v 55.83533 5.815396 -15.66188
v 55.83033 5.820396 -15.66188
v 55.83533 5.820396 -15.66688
v 55.83533 5.925342 -15.66188
v 55.83533 5.920341 -15.66688
v 55.83033 5.920341 -15.66188
v 56.91137 6.081027 -14.55477
v 56.91637 6.086028 -14.55477
v 56.91137 6.086028 -14.54977
v 56.91637 6.185973 -14.55477
v 56.91137 6.190973 -14.55477
v 56.91137 6.185973 -14.54977
v 55.29475 6.081027 -14.55477
v 55.29475 6.086028 -14.54977
v 55.28975 6.086028 -14.55477
v 55.29475 6.190973 -14.55477
v 55.28975 6.185973 -14.55477
v 55.29475 6.185973 -14.54977
v 56.91137 6.081027 -14.65472
v 56.91137 6.086028 -14.65972
v 56.91637 6.086028 -14.65472
v 56.91137 6.190973 -14.65472
v 56.91637 6.185973 -14.65472
v 56.91137 6.185973 -14.65972
v 55.29475 6.081027 -14.65472
v 55.28975 6.086028 -14.65472
v 55.29475 6.086028 -14.65972
v 55.29475 6.190973 -14.65472
v 55.29475 6.185973 -14.65972
v 55.28975 6.185973 -14.65472
v 56.91137 6.081028 -15.13002
v 56.91137 6.086028 -15.13502
v 56.91637 6.086028 -15.13002
v 56.91637 6.185973 -15.13002
v 56.91137 6.185973 -15.13502
v 56.91137 6.190973 -15.13002
v 55.29475 6.081028 -15.13002
v 55.28975 6.086028 -15.13002
v 55.29475 6.086028 -15.13502
v 55.29475 6.190973 -15.13002
v 55.29475 6.185973 -15.13502
v 55.28975 6.185973 -15.13002
v 56.91137 6.081028 -15.03008
v 56.91637 6.086028 -15.03008
v 56.91137 6.086028 -15.02508
v 56.91137 6.190973 -15.03008
v 56.91137 6.185973 -15.02508
v 56.91637 6.185973 -15.03008
v 55.29475 6.081028 -15.03008
v 55.29475 6.086028 -15.02508
v 55.28975 6.086028 -15.03008
v 55.29475 6.190973 -15.03008
v 55.28975 6.185973 -15.03008
v 55.29475 6.185973 -15.02508
v 55.95998 4.043777 -14.562
v 55.95998 4.048778 -14.557
v 55.95497 4.048778 -14.562
v 55.95998 4.502719 -14.557
v 55.95998 4.507719 -14.562
v 55.95497 4.502719 -14.562
v 55.95998 4.043777 -14.69792
v 55.95497 4.048778 -14.69792
v 55.95998 4.048778 -14.70292
v 55.95998 4.507719 -14.69792
v 55.95998 4.502719 -14.70292
v 55.95497 4.502719 -14.69792
v 56.26757 4.043777 -14.562
v 56.27257 4.048778 -14.562
v 56.26757 4.048778 -14.557
v 56.26757 4.507719 -14.562
v 56.26757 4.502719 -14.557
v 56.27257 4.502719 -14.562
v 56.26757 4.043777 -14.69792
v 56.26757 4.048778 -14.70292
v 56.27257 4.048778 -14.69792
v 56.26757 4.507719 -14.69792
v 56.27257 4.502719 -14.69792
v 56.26757 4.502719 -14.70292
v 56.23603 4.934699 -14.81725
v 56.23603 4.934699 -14.85606
v 56.40854 4.934699 -14.81725
v 56.40854 4.934699 -14.85606
v 56.37129 4.934699 -14.88783
v 56.40854 4.934699 -14.88783
v 56.40854 4.934699 -14.78549
v 56.37129 4.934699 -14.78549
v 56.23603 4.895884 -14.81925
v 56.23603 4.897884 -14.81725
v 56.23603 4.897884 -14.85606
v 56.23603 4.895884 -14.85406
v 56.40854 4.897884 -14.81725
v 56.40654 4.895884 -14.81725
v 56.40654 4.895884 -14.85606
v 56.40854 4.897884 -14.85606
v 56.36929 4.897884 -14.85606
v 56.37129 4.897884 -14.85806
v 56.37329 4.895884 -14.85406
v 56.37129 4.934699 -14.85806
v 56.36929 4.934699 -14.85606
v 56.36929 4.897884 -14.81725
v 56.37329 4.895884 -14.81925
v 56.37129 4.897884 -14.81525
v 56.36929 4.934699 -14.81725
v 56.37129 4.934699 -14.81525
v 56.40854 4.897884 -14.88783
v 56.40654 4.895884 -14.88783
v 56.40654 4.895884 -14.78549
v 56.40854 4.897884 -14.78549
v 56.37129 4.897884 -14.78549
v 56.37329 4.895884 -14.78549
v 56.37329 4.895884 -14.88783
v 56.37129 4.897884 -14.88783
v 56.2082 1.932983 -14.96079
v 56.2082 1.939913 -14.95501
v 56.2082 1.935012 -14.9567
v 56.2082 1.955954 -14.95501
v 56.2082 1.962884 -14.96079
v 56.2082 1.960854 -14.9567
v 56.2082 1.939913 -14.72978
v 56.2082 1.932983 -14.72401
v 56.2082 1.935012 -14.72809
v 56.2082 1.962884 -14.72401
v 56.2082 1.955954 -14.72978
v 56.2082 1.960854 -14.72809
v 56.2082 1.932983 -14.71465
v 56.2082 1.939913 -14.70888
v 56.2082 1.935012 -14.71057
v 56.2082 1.955954 -14.70888
v 56.2082 1.962884 -14.71465
v 56.2082 1.960854 -14.71057
v 56.2082 1.939913 -14.97592
v 56.2082 1.932983 -14.97015
v 56.2082 1.935012 -14.97423
v 56.2082 1.962884 -14.97015
v 56.2082 1.955954 -14.97592
v 56.2082 1.960854 -14.97423
v 56.33508 1.932983 -14.94498
v 56.32941 1.939913 -14.9393
v 56.33107 1.935012 -14.94096
v 56.31369 1.939913 -14.95501
v 56.31942 1.932983 -14.96074
v 56.31537 1.935012 -14.95669
v 56.33384 1.932983 -14.95094
v 56.32821 1.939913 -14.94531
v 56.32986 1.935012 -14.94696
v 56.33042 1.932983 -14.95603
v 56.32481 1.939913 -14.95041
v 56.32645 1.935012 -14.95206
v 56.32536 1.932983 -14.95947
v 56.31971 1.939913 -14.95382
v 56.32137 1.935012 -14.95547
v 56.31942 1.962884 -14.96074
v 56.31369 1.955954 -14.95501
v 56.31537 1.960854 -14.95669
v 56.32941 1.955954 -14.9393
v 56.33508 1.962884 -14.94498
v 56.33107 1.960854 -14.94096
v 56.31971 1.955954 -14.95382
v 56.32536 1.962884 -14.95947
v 56.32137 1.960854 -14.95547
v 56.32481 1.955954 -14.95041
v 56.33042 1.962884 -14.95603
v 56.32645 1.960854 -14.95206
v 56.32821 1.955954 -14.94531
v 56.33384 1.962884 -14.95094
v 56.32986 1.960854 -14.94696
v 56.31942 1.932983 -14.72406
v 56.31369 1.939913 -14.72978
v 56.31537 1.935012 -14.72811
v 56.32941 1.939913 -14.7455
v 56.33508 1.932983 -14.73982
v 56.33107 1.935012 -14.74383
v 56.31971 1.939913 -14.73098
v 56.32536 1.932983 -14.72533
v 56.32137 1.935012 -14.72932
v 56.32481 1.939913 -14.73438
v 56.33042 1.932983 -14.72877
v 56.32645 1.935012 -14.73274
v 56.32821 1.939913 -14.73948
v 56.33384 1.932983 -14.73385
v 56.32986 1.935012 -14.73783
v 56.33508 1.962884 -14.73982
v 56.32941 1.955954 -14.7455
v 56.33107 1.960854 -14.74383
v 56.31369 1.955954 -14.72978
v 56.31942 1.962884 -14.72406
v 56.31537 1.960854 -14.72811
v 56.33384 1.962884 -14.73385
v 56.32821 1.955954 -14.73948
v 56.32986 1.960854 -14.73783
v 56.33042 1.962884 -14.72877
v 56.32481 1.955954 -14.73438
v 56.32645 1.960854 -14.73274
v 56.32536 1.962884 -14.72533
v 56.31971 1.955954 -14.73098
v 56.32137 1.960854 -14.72932
v 56.3346 1.939913 -14.70888
v 56.32887 1.932983 -14.71461
v 56.33292 1.935012 -14.71056
v 56.34463 1.932983 -14.73027
v 56.35031 1.939913 -14.7246
v 56.34865 1.935012 -14.72626
v 56.33496 1.932983 -14.71573
v 56.34061 1.939913 -14.71008
v 56.33895 1.935012 -14.71173
v 56.34009 1.932983 -14.7191
v 56.34571 1.939913 -14.71348
v 56.34406 1.935012 -14.71513
v 56.34349 1.932983 -14.72421
v 56.34911 1.939913 -14.71858
v 56.34747 1.935012 -14.72023
v 56.35031 1.939913 -14.9602
v 56.34463 1.932983 -14.95453
v 56.34865 1.935012 -14.95854
v 56.32887 1.932983 -14.97019
v 56.3346 1.939913 -14.97592
v 56.33292 1.935012 -14.97424
v 56.34911 1.939913 -14.96622
v 56.34349 1.932983 -14.96059
v 56.34747 1.935012 -14.96457
v 56.34571 1.939913 -14.97131
v 56.34009 1.932983 -14.9657
v 56.34406 1.935012 -14.96967
v 56.34061 1.939913 -14.97472
v 56.33496 1.932983 -14.96907
v 56.33895 1.935012 -14.97307
v 56.3346 1.955954 -14.97592
v 56.32887 1.962884 -14.97019
v 56.33292 1.960854 -14.97424
v 56.34463 1.962884 -14.95453
v 56.35031 1.955954 -14.9602
v 56.34865 1.960854 -14.95854
v 56.33496 1.962884 -14.96907
v 56.34061 1.955954 -14.97472
v 56.33895 1.960854 -14.97307
v 56.34009 1.962884 -14.9657
v 56.34571 1.955954 -14.97131
v 56.34406 1.960854 -14.96967
v 56.34349 1.962884 -14.96059
v 56.34911 1.955954 -14.96622
v 56.34747 1.960854 -14.96457
v 56.35031 1.955954 -14.7246
v 56.34463 1.962884 -14.73027
v 56.34865 1.960854 -14.72626
v 56.32887 1.962884 -14.71461
v 56.3346 1.955954 -14.70888
v 56.33292 1.960854 -14.71056
v 56.34911 1.955954 -14.71858
v 56.34349 1.962884 -14.72421
v 56.34747 1.960854 -14.72023
v 56.34571 1.955954 -14.71348
v 56.34009 1.962884 -14.7191
v 56.34406 1.960854 -14.71513
v 56.34061 1.955954 -14.71008
v 56.33496 1.962884 -14.71573
v 56.33895 1.960854 -14.71173
v 56.2082 2.211069 -14.96079
v 56.2082 2.217999 -14.95501
v 56.2082 2.213099 -14.9567
v 56.2082 2.234041 -14.95501
v 56.2082 2.240971 -14.96079
v 56.2082 2.238941 -14.9567
v 56.2082 2.217999 -14.72978
v 56.2082 2.211069 -14.72401
v 56.2082 2.213099 -14.72809
v 56.2082 2.240971 -14.72401
v 56.2082 2.234041 -14.72978
v 56.2082 2.238941 -14.72809
v 56.2082 2.211069 -14.71465
v 56.2082 2.217999 -14.70888
v 56.2082 2.213099 -14.71057
v 56.2082 2.234041 -14.70888
v 56.2082 2.240971 -14.71465
v 56.2082 2.238941 -14.71057
v 56.2082 2.217999 -14.97592
v 56.2082 2.211069 -14.97015
v 56.2082 2.213099 -14.97423
v 56.2082 2.240971 -14.97015
v 56.2082 2.234041 -14.97592
v 56.2082 2.238941 -14.97423
v 56.33508 2.211069 -14.94498
v 56.32941 2.217999 -14.9393
v 56.33107 2.213099 -14.94096
v 56.31369 2.217999 -14.95501
v 56.31942 2.211069 -14.96074
v 56.31537 2.213099 -14.95669
v 56.33384 2.211069 -14.95094
v 56.32821 2.217999 -14.94531
v 56.32986 2.213099 -14.94696
v 56.33042 2.211069 -14.95603
v 56.32481 2.217999 -14.95041
v 56.32645 2.213099 -14.95206
v 56.32536 2.211069 -14.95947
v 56.31971 2.217999 -14.95382
v 56.32137 2.213099 -14.95547
v 56.31942 2.240971 -14.96074
v 56.31369 2.234041 -14.95501
v 56.31537 2.238941 -14.95669
v 56.32941 2.234041 -14.9393
v 56.33508 2.240971 -14.94498
v 56.33107 2.238941 -14.94096
v 56.31971 2.234041 -14.95382
v 56.32536 2.240971 -14.95947
v 56.32137 2.238941 -14.95547
v 56.32481 2.234041 -14.95041
v 56.33042 2.240971 -14.95603
v 56.32645 2.238941 -14.95206
v 56.32821 2.234041 -14.94531
v 56.33384 2.240971 -14.95094
v 56.32986 2.238941 -14.94696
v 56.31942 2.211069 -14.72406
v 56.31369 2.217999 -14.72978
v 56.31537 2.213099 -14.72811
v 56.32941 2.217999 -14.7455
v 56.33508 2.211069 -14.73982
v 56.33107 2.213099 -14.74383
v 56.31971 2.217999 -14.73098
v 56.32536 2.211069 -14.72533
v 56.32137 2.213099 -14.72932
v 56.32481 2.217999 -14.73438
v 56.33042 2.211069 -14.72877
v 56.32645 2.213099 -14.73274
v 56.32821 2.217999 -14.73948
v 56.33384 2.211069 -14.73385
v 56.32986 2.213099 -14.73783
v 56.33508 2.240971 -14.73982
v 56.32941 2.234041 -14.7455
v 56.33107 2.238941 -14.74383
v 56.31369 2.234041 -14.72978
v 56.31942 2.240971 -14.72406
v 56.31537 2.238941 -14.72811
v 56.33384 2.240971 -14.73385
v 56.32821 2.234041 -14.73948
v 56.32986 2.238941 -14.73783
v 56.33042 2.240971 -14.72877
v 56.32481 2.234041 -14.73438
v 56.32645 2.238941 -14.73274
v 56.32536 2.240971 -14.72533
v 56.31971 2.234041 -14.73098
v 56.32137 2.238941 -14.72932
v 56.3346 2.217999 -14.70888
v 56.32887 2.211069 -14.71461
v 56.33292 2.213099 -14.71056
v 56.34463 2.211069 -14.73027
v 56.35031 2.217999 -14.7246
v 56.34865 2.213099 -14.72626
v 56.33496 2.211069 -14.71573
v 56.34061 2.217999 -14.71008
v 56.33895 2.213099 -14.71173
v 56.34009 2.211069 -14.7191
v 56.34571 2.217999 -14.71348
v 56.34406 2.213099 -14.71513
v 56.34349 2.211069 -14.72421
v 56.34911 2.217999 -14.71858
v 56.34747 2.213099 -14.72023
v 56.35031 2.217999 -14.9602
v 56.34463 2.211069 -14.95453
v 56.34865 2.213099 -14.95854
v 56.32887 2.211069 -14.97019
v 56.3346 2.217999 -14.97592
v 56.33292 2.213099 -14.97424
v 56.34911 2.217999 -14.96622
v 56.34349 2.211069 -14.96059
v 56.34747 2.213099 -14.96457
v 56.34571 2.217999 -14.97131
v 56.34009 2.211069 -14.9657
v 56.34406 2.213099 -14.96967
v 56.34061 2.217999 -14.97472
v 56.33496 2.211069 -14.96907
v 56.33895 2.213099 -14.97307
v 56.3346 2.234041 -14.97592
v 56.32887 2.240971 -14.97019
v 56.33292 2.238941 -14.97424
v 56.34463 2.240971 -14.95453
v 56.35031 2.234041 -14.9602
v 56.34865 2.238941 -14.95854
v 56.33496 2.240971 -14.96907
v 56.34061 2.234041 -14.97472
v 56.33895 2.238941 -14.97307
v 56.34009 2.240971 -14.9657
v 56.34571 2.234041 -14.97131
v 56.34406 2.238941 -14.96967
v 56.34349 2.240971 -14.96059
v 56.34911 2.234041 -14.96622
v 56.34747 2.238941 -14.96457
v 56.35031 2.234041 -14.7246
v 56.34463 2.240971 -14.73027
v 56.34865 2.238941 -14.72626
v 56.32887 2.240971 -14.71461
v 56.3346 2.234041 -14.70888
v 56.33292 2.238941 -14.71056
v 56.34911 2.234041 -14.71858
v 56.34349 2.240971 -14.72421
v 56.34747 2.238941 -14.72023
v 56.34571 2.234041 -14.71348
v 56.34009 2.240971 -14.7191
v 56.34406 2.238941 -14.71513
v 56.34061 2.234041 -14.71008
v 56.33496 2.240971 -14.71573
v 56.33895 2.238941 -14.71173
v 56.2082 2.489156 -14.96079
v 56.2082 2.496086 -14.95501
v 56.2082 2.491186 -14.9567
v 56.2082 2.512128 -14.95501
v 56.2082 2.519057 -14.96079
v 56.2082 2.517028 -14.9567
v 56.2082 2.496086 -14.72978
v 56.2082 2.489156 -14.72401
v 56.2082 2.491186 -14.72809
v 56.2082 2.519057 -14.72401
v 56.2082 2.512128 -14.72978
v 56.2082 2.517028 -14.72809
v 56.2082 2.489156 -14.71465
v 56.2082 2.496086 -14.70888
v 56.2082 2.491186 -14.71057
v 56.2082 2.512128 -14.70888
v 56.2082 2.519057 -14.71465
v 56.2082 2.517028 -14.71057
v 56.2082 2.496086 -14.97592
v 56.2082 2.489156 -14.97015
v 56.2082 2.491186 -14.97423
v 56.2082 2.519057 -14.97015
v 56.2082 2.512128 -14.97592
v 56.2082 2.517028 -14.97423
v 56.33508 2.489156 -14.94498
v 56.32941 2.496086 -14.9393
v 56.33107 2.491186 -14.94096
v 56.31369 2.496086 -14.95501
v 56.31942 2.489156 -14.96074
v 56.31537 2.491186 -14.95669
v 56.33384 2.489156 -14.95094
v 56.32821 2.496086 -14.94531
v 56.32986 2.491186 -14.94696
v 56.33042 2.489156 -14.95603
v 56.32481 2.496086 -14.95041
v 56.32645 2.491186 -14.95206
v 56.32536 2.489156 -14.95947
v 56.31971 2.496086 -14.95382
v 56.32137 2.491186 -14.95547
v 56.31942 2.519057 -14.96074
v 56.31369 2.512128 -14.95501
v 56.31537 2.517028 -14.95669
v 56.32941 2.512128 -14.9393
v 56.33508 2.519057 -14.94498
v 56.33107 2.517028 -14.94096
v 56.31971 2.512128 -14.95382
v 56.32536 2.519057 -14.95947
v 56.32137 2.517028 -14.95547
v 56.32481 2.512128 -14.95041
v 56.33042 2.519057 -14.95603
v 56.32645 2.517028 -14.95206
v 56.32821 2.512128 -14.94531
v 56.33384 2.519057 -14.95094
v 56.32986 2.517028 -14.94696
v 56.31942 2.489156 -14.72406
v 56.31369 2.496086 -14.72978
v 56.31537 2.491186 -14.72811
v 56.32941 2.496086 -14.7455
v 56.33508 2.489156 -14.73982
v 56.33107 2.491186 -14.74383
v 56.31971 2.496086 -14.73098
v 56.32536 2.489156 -14.72533
v 56.32137 2.491186 -14.72932
v 56.32481 2.496086 -14.73438
v 56.33042 2.489156 -14.72877
v 56.32645 2.491186 -14.73274
v 56.32821 2.496086 -14.73948
v 56.33384 2.489156 -14.73385
v 56.32986 2.491186 -14.73783
v 56.33508 2.519057 -14.73982
v 56.32941 2.512128 -14.7455
v 56.33107 2.517028 -14.74383
v 56.31369 2.512128 -14.72978
v 56.31942 2.519057 -14.72406
v 56.31537 2.517028 -14.72811
v 56.33384 2.519057 -14.73385
v 56.32821 2.512128 -14.73948
v 56.32986 2.517028 -14.73783
v 56.33042 2.519057 -14.72877
v 56.32481 2.512128 -14.73438
v 56.32645 2.517028 -14.73274
v 56.32536 2.519057 -14.72533
v 56.31971 2.512128 -14.73098
v 56.32137 2.517028 -14.72932
v 56.3346 2.496086 -14.70888
v 56.32887 2.489156 -14.71461
v 56.33292 2.491186 -14.71056
v 56.34463 2.489156 -14.73027
v 56.35031 2.496086 -14.7246
v 56.34865 2.491186 -14.72626
v 56.33496 2.489156 -14.71573
v 56.34061 2.496086 -14.71008
v 56.33895 2.491186 -14.71173
v 56.34009 2.489156 -14.7191
v 56.34571 2.496086 -14.71348
v 56.34406 2.491186 -14.71513
v 56.34349 2.489156 -14.72421
v 56.34911 2.496086 -14.71858
v 56.34747 2.491186 -14.72023
v 56.35031 2.496086 -14.9602
v 56.34463 2.489156 -14.95453
v 56.34865 2.491186 -14.95854
v 56.32887 2.489156 -14.97019
v 56.3346 2.496086 -14.97592
v 56.33292 2.491186 -14.97424
v 56.34911 2.496086 -14.96622
v 56.34349 2.489156 -14.96059
v 56.34747 2.491186 -14.96457
v 56.34571 2.496086 -14.97131
v 56.34009 2.489156 -14.9657
v 56.34406 2.491186 -14.96967
v 56.34061 2.496086 -14.97472
v 56.33496 2.489156 -14.96907
v 56.33895 2.491186 -14.97307
v 56.3346 2.512128 -14.97592
v 56.32887 2.519057 -14.97019
v 56.33292 2.517028 -14.97424
v 56.34463 2.519057 -14.95453
v 56.35031 2.512128 -14.9602
v 56.34865 2.517028 -14.95854
v 56.33496 2.519057 -14.96907
v 56.34061 2.512128 -14.97472
v 56.33895 2.517028 -14.97307
v 56.34009 2.519057 -14.9657
v 56.34571 2.512128 -14.97131
v 56.34406 2.517028 -14.96967
v 56.34349 2.519057 -14.96059
v 56.34911 2.512128 -14.96622
v 56.34747 2.517028 -14.96457
v 56.35031 2.512128 -14.7246
v 56.34463 2.519057 -14.73027
v 56.34865 2.517028 -14.72626
v 56.32887 2.519057 -14.71461
v 56.3346 2.512128 -14.70888
v 56.33292 2.517028 -14.71056
v 56.34911 2.512128 -14.71858
v 56.34349 2.519057 -14.72421
v 56.34747 2.517028 -14.72023
v 56.34571 2.512128 -14.71348
v 56.34009 2.519057 -14.7191
v 56.34406 2.517028 -14.71513
v 56.34061 2.512128 -14.71008
v 56.33496 2.519057 -14.71573
v 56.33895 2.517028 -14.71173
v 56.2082 2.767242 -14.96079
v 56.2082 2.774172 -14.95501
v 56.2082 2.769272 -14.9567
v 56.2082 2.790214 -14.95501
v 56.2082 2.797144 -14.96079
v 56.2082 2.795114 -14.9567
v 56.2082 2.774172 -14.72978
v 56.2082 2.767242 -14.72401
v 56.2082 2.769272 -14.72809
v 56.2082 2.797144 -14.72401
v 56.2082 2.790214 -14.72978
v 56.2082 2.795114 -14.72809
v 56.2082 2.767242 -14.71465
v 56.2082 2.774172 -14.70888
v 56.2082 2.769272 -14.71057
v 56.2082 2.790214 -14.70888
v 56.2082 2.797144 -14.71465
v 56.2082 2.795114 -14.71057
v 56.2082 2.774172 -14.97592
v 56.2082 2.767242 -14.97015
v 56.2082 2.769272 -14.97423
v 56.2082 2.797144 -14.97015
v 56.2082 2.790214 -14.97592
v 56.2082 2.795114 -14.97423
v 56.33508 2.767242 -14.94498
v 56.32941 2.774172 -14.9393
v 56.33107 2.769272 -14.94096
v 56.31369 2.774172 -14.95501
v 56.31942 2.767242 -14.96074
v 56.31537 2.769272 -14.95669
v 56.33384 2.767242 -14.95094
v 56.32821 2.774172 -14.94531
v 56.32986 2.769272 -14.94696
v 56.33042 2.767242 -14.95603
v 56.32481 2.774172 -14.95041
v 56.32645 2.769272 -14.95206
v 56.32536 2.767242 -14.95947
v 56.31971 2.774172 -14.95382
v 56.32137 2.769272 -14.95547
v 56.31942 2.797144 -14.96074
v 56.31369 2.790214 -14.95501
v 56.31537 2.795114 -14.95669
v 56.32941 2.790214 -14.9393
v 56.33508 2.797144 -14.94498
v 56.33107 2.795114 -14.94096
v 56.31971 2.790214 -14.95382
v 56.32536 2.797144 -14.95947
v 56.32137 2.795114 -14.95547
v 56.32481 2.790214 -14.95041
v 56.33042 2.797144 -14.95603
v 56.32645 2.795114 -14.95206
v 56.32821 2.790214 -14.94531
v 56.33384 2.797144 -14.95094
v 56.32986 2.795114 -14.94696
v 56.31942 2.767242 -14.72406
v 56.31369 2.774172 -14.72978
v 56.31537 2.769272 -14.72811
v 56.32941 2.774172 -14.7455
v 56.33508 2.767242 -14.73982
v 56.33107 2.769272 -14.74383
v 56.31971 2.774172 -14.73098
v 56.32536 2.767242 -14.72533
v 56.32137 2.769272 -14.72932
v 56.32481 2.774172 -14.73438
v 56.33042 2.767242 -14.72877
v 56.32645 2.769272 -14.73274
v 56.32821 2.774172 -14.73948
v 56.33384 2.767242 -14.73385
v 56.32986 2.769272 -14.73783
v 56.33508 2.797144 -14.73982
v 56.32941 2.790214 -14.7455
v 56.33107 2.795114 -14.74383
v 56.31369 2.790214 -14.72978
v 56.31942 2.797144 -14.72406
v 56.31537 2.795114 -14.72811
v 56.33384 2.797144 -14.73385
v 56.32821 2.790214 -14.73948
v 56.32986 2.795114 -14.73783
v 56.33042 2.797144 -14.72877
v 56.32481 2.790214 -14.73438
v 56.32645 2.795114 -14.73274
v 56.32536 2.797144 -14.72533
v 56.31971 2.790214 -14.73098
v 56.32137 2.795114 -14.72932
v 56.3346 2.774172 -14.70888
v 56.32887 2.767242 -14.71461
v 56.33292 2.769272 -14.71056
v 56.34463 2.767242 -14.73027
v 56.35031 2.774172 -14.7246
v 56.34865 2.769272 -14.72626
v 56.33496 2.767242 -14.71573
v 56.34061 2.774172 -14.71008
v 56.33895 2.769272 -14.71173
v 56.34009 2.767242 -14.7191
v 56.34571 2.774172 -14.71348
v 56.34406 2.769272 -14.71513
v 56.34349 2.767242 -14.72421
v 56.34911 2.774172 -14.71858
v 56.34747 2.769272 -14.72023
v 56.35031 2.774172 -14.9602
v 56.34463 2.767242 -14.95453
v 56.34865 2.769272 -14.95854
v 56.32887 2.767242 -14.97019
v 56.3346 2.774172 -14.97592
v 56.33292 2.769272 -14.97424
v 56.34911 2.774172 -14.96622
v 56.34349 2.767242 -14.96059
v 56.34747 2.769272 -14.96457
v 56.34571 2.774172 -14.97131
v 56.34009 2.767242 -14.9657
v 56.34406 2.769272 -14.96967
v 56.34061 2.774172 -14.97472
v 56.33496 2.767242 -14.96907
v 56.33895 2.769272 -14.97307
v 56.3346 2.790214 -14.97592
v 56.32887 2.797144 -14.97019
v 56.33292 2.795114 -14.97424
v 56.34463 2.797144 -14.95453
v 56.35031 2.790214 -14.9602
v 56.34865 2.795114 -14.95854
v 56.33496 2.797144 -14.96907
v 56.34061 2.790214 -14.97472
v 56.33895 2.795114 -14.97307
v 56.34009 2.797144 -14.9657
v 56.34571 2.790214 -14.97131
v 56.34406 2.795114 -14.96967
v 56.34349 2.797144 -14.96059
v 56.34911 2.790214 -14.96622
v 56.34747 2.795114 -14.96457
v 56.35031 2.790214 -14.7246
v 56.34463 2.797144 -14.73027
v 56.34865 2.795114 -14.72626
v 56.32887 2.797144 -14.71461
v 56.3346 2.790214 -14.70888
v 56.33292 2.795114 -14.71056
v 56.34911 2.790214 -14.71858
v 56.34349 2.797144 -14.72421
v 56.34747 2.795114 -14.72023
v 56.34571 2.790214 -14.71348
v 56.34009 2.797144 -14.7191
v 56.34406 2.795114 -14.71513
v 56.34061 2.790214 -14.71008
v 56.33496 2.797144 -14.71573
v 56.33895 2.795114 -14.71173
v 56.2082 3.045329 -14.96079
v 56.2082 3.052259 -14.95501
v 56.2082 3.047359 -14.9567
v 56.2082 3.068301 -14.95501
v 56.2082 3.075231 -14.96079
v 56.2082 3.073201 -14.9567
v 56.2082 3.052259 -14.72978
v 56.2082 3.045329 -14.72401
v 56.2082 3.047359 -14.72809
v 56.2082 3.075231 -14.72401
v 56.2082 3.068301 -14.72978
v 56.2082 3.073201 -14.72809
v 56.2082 3.045329 -14.71465
v 56.2082 3.052259 -14.70888
v 56.2082 3.047359 -14.71057
v 56.2082 3.068301 -14.70888
v 56.2082 3.075231 -14.71465
v 56.2082 3.073201 -14.71057
v 56.2082 3.052259 -14.97592
v 56.2082 3.045329 -14.97015
v 56.2082 3.047359 -14.97423
v 56.2082 3.075231 -14.97015
v 56.2082 3.068301 -14.97592
v 56.2082 3.073201 -14.97423
v 56.33508 3.045329 -14.94498
v 56.32941 3.052259 -14.9393
v 56.33107 3.047359 -14.94096
v 56.31369 3.052259 -14.95501
v 56.31942 3.045329 -14.96074
v 56.31537 3.047359 -14.95669
v 56.33384 3.045329 -14.95094
v 56.32821 3.052259 -14.94531
v 56.32986 3.047359 -14.94696
v 56.33042 3.045329 -14.95603
v 56.32481 3.052259 -14.95041
v 56.32645 3.047359 -14.95206
v 56.32536 3.045329 -14.95947
v 56.31971 3.052259 -14.95382
v 56.32137 3.047359 -14.95547
v 56.31942 3.075231 -14.96074
v 56.31369 3.068301 -14.95501
v 56.31537 3.073201 -14.95669
v 56.32941 3.068301 -14.9393
v 56.33508 3.075231 -14.94498
v 56.33107 3.073201 -14.94096
v 56.31971 3.068301 -14.95382
v 56.32536 3.075231 -14.95947
v 56.32137 3.073201 -14.95547
v 56.32481 3.068301 -14.95041
v 56.33042 3.075231 -14.95603
v 56.32645 3.073201 -14.95206
v 56.32821 3.068301 -14.94531
v 56.33384 3.075231 -14.95094
v 56.32986 3.073201 -14.94696
v 56.31942 3.045329 -14.72406
v 56.31369 3.052259 -14.72978
v 56.31537 3.047359 -14.72811
v 56.32941 3.052259 -14.7455
v 56.33508 3.045329 -14.73982
v 56.33107 3.047359 -14.74383
v 56.31971 3.052259 -14.73098
v 56.32536 3.045329 -14.72533
v 56.32137 3.047359 -14.72932
v 56.32481 3.052259 -14.73438
v 56.33042 3.045329 -14.72877
v 56.32645 3.047359 -14.73274
v 56.32821 3.052259 -14.73948
v 56.33384 3.045329 -14.73385
v 56.32986 3.047359 -14.73783
v 56.33508 3.075231 -14.73982
v 56.32941 3.068301 -14.7455
v 56.33107 3.073201 -14.74383
v 56.31369 3.068301 -14.72978
v 56.31942 3.075231 -14.72406
v 56.31537 3.073201 -14.72811
v 56.33384 3.075231 -14.73385
v 56.32821 3.068301 -14.73948
v 56.32986 3.073201 -14.73783
v 56.33042 3.075231 -14.72877
v 56.32481 3.068301 -14.73438
v 56.32645 3.073201 -14.73274
v 56.32536 3.075231 -14.72533
v 56.31971 3.068301 -14.73098
v 56.32137 3.073201 -14.72932
v 56.3346 3.052259 -14.70888
v 56.32887 3.045329 -14.71461
v 56.33292 3.047359 -14.71056
v 56.34463 3.045329 -14.73027
v 56.35031 3.052259 -14.7246
v 56.34865 3.047359 -14.72626
v 56.33496 3.045329 -14.71573
v 56.34061 3.052259 -14.71008
v 56.33895 3.047359 -14.71173
v 56.34009 3.045329 -14.7191
v 56.34571 3.052259 -14.71348
v 56.34406 3.047359 -14.71513
v 56.34349 3.045329 -14.72421
v 56.34911 3.052259 -14.71858
v 56.34747 3.047359 -14.72023
v 56.35031 3.052259 -14.9602
v 56.34463 3.045329 -14.95453
v 56.34865 3.047359 -14.95854
v 56.32887 3.045329 -14.97019
v 56.3346 3.052259 -14.97592
v 56.33292 3.047359 -14.97424
v 56.34911 3.052259 -14.96622
v 56.34349 3.045329 -14.96059
v 56.34747 3.047359 -14.96457
v 56.34571 3.052259 -14.97131
v 56.34009 3.045329 -14.9657
v 56.34406 3.047359 -14.96967
v 56.34061 3.052259 -14.97472
v 56.33496 3.045329 -14.96907
v 56.33895 3.047359 -14.97307
v 56.3346 3.068301 -14.97592
v 56.32887 3.075231 -14.97019
v 56.33292 3.073201 -14.97424
v 56.34463 3.075231 -14.95453
v 56.35031 3.068301 -14.9602
v 56.34865 3.073201 -14.95854
v 56.33496 3.075231 -14.96907
v 56.34061 3.068301 -14.97472
v 56.33895 3.073201 -14.97307
v 56.34009 3.075231 -14.9657
v 56.34571 3.068301 -14.97131
v 56.34406 3.073201 -14.96967
v 56.34349 3.075231 -14.96059
v 56.34911 3.068301 -14.96622
v 56.34747 3.073201 -14.96457
v 56.35031 3.068301 -14.7246
v 56.34463 3.075231 -14.73027
v 56.34865 3.073201 -14.72626
v 56.32887 3.075231 -14.71461
v 56.3346 3.068301 -14.70888
v 56.33292 3.073201 -14.71056
v 56.34911 3.068301 -14.71858
v 56.34349 3.075231 -14.72421
v 56.34747 3.073201 -14.72023
v 56.34571 3.068301 -14.71348
v 56.34009 3.075231 -14.7191
v 56.34406 3.073201 -14.71513
v 56.34061 3.068301 -14.71008
v 56.33496 3.075231 -14.71573
v 56.33895 3.073201 -14.71173
v 56.2082 3.323416 -14.96079
v 56.2082 3.330346 -14.95501
v 56.2082 3.325446 -14.9567
v 56.2082 3.346387 -14.95501
v 56.2082 3.353317 -14.96079
v 56.2082 3.351288 -14.9567
v 56.2082 3.330346 -14.72978
v 56.2082 3.323416 -14.72401
v 56.2082 3.325446 -14.72809
v 56.2082 3.353317 -14.72401
v 56.2082 3.346387 -14.72978
v 56.2082 3.351288 -14.72809
v 56.2082 3.323416 -14.71465
v 56.2082 3.330346 -14.70888
v 56.2082 3.325446 -14.71057
v 56.2082 3.346387 -14.70888
v 56.2082 3.353317 -14.71465
v 56.2082 3.351288 -14.71057
v 56.2082 3.330346 -14.97592
v 56.2082 3.323416 -14.97015
v 56.2082 3.325446 -14.97423
v 56.2082 3.353317 -14.97015
v 56.2082 3.346387 -14.97592
v 56.2082 3.351288 -14.97423
v 56.33508 3.323416 -14.94498
v 56.32941 3.330346 -14.9393
v 56.33107 3.325446 -14.94096
v 56.31369 3.330346 -14.95501
v 56.31942 3.323416 -14.96074
v 56.31537 3.325446 -14.95669
v 56.33384 3.323416 -14.95094
v 56.32821 3.330346 -14.94531
v 56.32986 3.325446 -14.94696
v 56.33042 3.323416 -14.95603
v 56.32481 3.330346 -14.95041
v 56.32645 3.325446 -14.95206
v 56.32536 3.323416 -14.95947
v 56.31971 3.330346 -14.95382
v 56.32137 3.325446 -14.95547
v 56.31942 3.353317 -14.96074
v 56.31369 3.346387 -14.95501
v 56.31537 3.351288 -14.95669
v 56.32941 3.346387 -14.9393
v 56.33508 3.353317 -14.94498
v 56.33107 3.351288 -14.94096
v 56.31971 3.346387 -14.95382
v 56.32536 3.353317 -14.95947
v 56.32137 3.351288 -14.95547
v 56.32481 3.346387 -14.95041
v 56.33042 3.353317 -14.95603
v 56.32645 3.351288 -14.95206
v 56.32821 3.346387 -14.94531
v 56.33384 3.353317 -14.95094
v 56.32986 3.351288 -14.94696
v 56.31942 3.323416 -14.72406
v 56.31369 3.330346 -14.72978
v 56.31537 3.325446 -14.72811
v 56.32941 3.330346 -14.7455
v 56.33508 3.323416 -14.73982
v 56.33107 3.325446 -14.74383
v 56.31971 3.330346 -14.73098
v 56.32536 3.323416 -14.72533
v 56.32137 3.325446 -14.72932
v 56.32481 3.330346 -14.73438
v 56.33042 3.323416 -14.72877
v 56.32645 3.325446 -14.73274
v 56.32821 3.330346 -14.73948
v 56.33384 3.323416 -14.73385
v 56.32986 3.325446 -14.73783
v 56.33508 3.353317 -14.73982
v 56.32941 3.346387 -14.7455
v 56.33107 3.351288 -14.74383
v 56.31369 3.346387 -14.72978
v 56.31942 3.353317 -14.72406
v 56.31537 3.351288 -14.72811
v 56.33384 3.353317 -14.73385
v 56.32821 3.346387 -14.73948
v 56.32986 3.351288 -14.73783
v 56.33042 3.353317 -14.72877
v 56.32481 3.346387 -14.73438
v 56.32645 3.351288 -14.73274
v 56.32536 3.353317 -14.72533
v 56.31971 3.346387 -14.73098
v 56.32137 3.351288 -14.72932
v 56.3346 3.330346 -14.70888
v 56.32887 3.323416 -14.71461
v 56.33292 3.325446 -14.71056
v 56.34463 3.323416 -14.73027
v 56.35031 3.330346 -14.7246
v 56.34865 3.325446 -14.72626
v 56.33496 3.323416 -14.71573
v 56.34061 3.330346 -14.71008
v 56.33895 3.325446 -14.71173
v 56.34009 3.323416 -14.7191
v 56.34571 3.330346 -14.71348
v 56.34406 3.325446 -14.71513
v 56.34349 3.323416 -14.72421
v 56.34911 3.330346 -14.71858
v 56.34747 3.325446 -14.72023
v 56.35031 3.330346 -14.9602
v 56.34463 3.323416 -14.95453
v 56.34865 3.325446 -14.95854
v 56.32887 3.323416 -14.97019
v 56.3346 3.330346 -14.97592
v 56.33292 3.325446 -14.97424
v 56.34911 3.330346 -14.96622
v 56.34349 3.323416 -14.96059
v 56.34747 3.325446 -14.96457
v 56.34571 3.330346 -14.97131
v 56.34009 3.323416 -14.9657
v 56.34406 3.325446 -14.96967
v 56.34061 3.330346 -14.97472
v 56.33496 3.323416 -14.96907
v 56.33895 3.325446 -14.97307
v 56.3346 3.346387 -14.97592
v 56.32887 3.353317 -14.97019
v 56.33292 3.351288 -14.97424
v 56.34463 3.353317 -14.95453
v 56.35031 3.346387 -14.9602
v 56.34865 3.351288 -14.95854
v 56.33496 3.353317 -14.96907
v 56.34061 3.346387 -14.97472
v 56.33895 3.351288 -14.97307
v 56.34009 3.353317 -14.9657
v 56.34571 3.346387 -14.97131
v 56.34406 3.351288 -14.96967
v 56.34349 3.353317 -14.96059
v 56.34911 3.346387 -14.96622
v 56.34747 3.351288 -14.96457
v 56.35031 3.346387 -14.7246
v 56.34463 3.353317 -14.73027
v 56.34865 3.351288 -14.72626
v 56.32887 3.353317 -14.71461
v 56.3346 3.346387 -14.70888
v 56.33292 3.351288 -14.71056
v 56.34911 3.346387 -14.71858
v 56.34349 3.353317 -14.72421
v 56.34747 3.351288 -14.72023
v 56.34571 3.346387 -14.71348
v 56.34009 3.353317 -14.7191
v 56.34406 3.351288 -14.71513
v 56.34061 3.346387 -14.71008
v 56.33496 3.353317 -14.71573
v 56.33895 3.351288 -14.71173
v 56.2082 3.601502 -14.96079
v 56.2082 3.608432 -14.95501
v 56.2082 3.603532 -14.9567
v 56.2082 3.624474 -14.95501
v 56.2082 3.631404 -14.96079
v 56.2082 3.629374 -14.9567
v 56.2082 3.608432 -14.72978
v 56.2082 3.601502 -14.72401
v 56.2082 3.603532 -14.72809
v 56.2082 3.631404 -14.72401
v 56.2082 3.624474 -14.72978
v 56.2082 3.629374 -14.72809
v 56.2082 3.601502 -14.71465
v 56.2082 3.608432 -14.70888
v 56.2082 3.603532 -14.71057
v 56.2082 3.624474 -14.70888
v 56.2082 3.631404 -14.71465
v 56.2082 3.629374 -14.71057
v 56.2082 3.608432 -14.97592
v 56.2082 3.601502 -14.97015
v 56.2082 3.603532 -14.97423
v 56.2082 3.631404 -14.97015
v 56.2082 3.624474 -14.97592
v 56.2082 3.629374 -14.97423
v 56.33508 3.601502 -14.94498
v 56.32941 3.608432 -14.9393
v 56.33107 3.603532 -14.94096
v 56.31369 3.608432 -14.95501
v 56.31942 3.601502 -14.96074
v 56.31537 3.603532 -14.95669
v 56.33384 3.601502 -14.95094
v 56.32821 3.608432 -14.94531
v 56.32986 3.603532 -14.94696
v 56.33042 3.601502 -14.95603
v 56.32481 3.608432 -14.95041
v 56.32645 3.603532 -14.95206
v 56.32536 3.601502 -14.95947
v 56.31971 3.608432 -14.95382
v 56.32137 3.603532 -14.95547
v 56.31942 3.631404 -14.96074
v 56.31369 3.624474 -14.95501
v 56.31537 3.629374 -14.95669
v 56.32941 3.624474 -14.9393
v 56.33508 3.631404 -14.94498
v 56.33107 3.629374 -14.94096
v 56.31971 3.624474 -14.95382
v 56.32536 3.631404 -14.95947
v 56.32137 3.629374 -14.95547
v 56.32481 3.624474 -14.95041
v 56.33042 3.631404 -14.95603
v 56.32645 3.629374 -14.95206
v 56.32821 3.624474 -14.94531
v 56.33384 3.631404 -14.95094
v 56.32986 3.629374 -14.94696
v 56.31942 3.601502 -14.72406
v 56.31369 3.608432 -14.72978
v 56.31537 3.603532 -14.72811
v 56.32941 3.608432 -14.7455
v 56.33508 3.601502 -14.73982
v 56.33107 3.603532 -14.74383
v 56.31971 3.608432 -14.73098
v 56.32536 3.601502 -14.72533
v 56.32137 3.603532 -14.72932
v 56.32481 3.608432 -14.73438
v 56.33042 3.601502 -14.72877
v 56.32645 3.603532 -14.73274
v 56.32821 3.608432 -14.73948
v 56.33384 3.601502 -14.73385
v 56.32986 3.603532 -14.73783
v 56.33508 3.631404 -14.73982
v 56.32941 3.624474 -14.7455
v 56.33107 3.629374 -14.74383
v 56.31369 3.624474 -14.72978
v 56.31942 3.631404 -14.72406
v 56.31537 3.629374 -14.72811
v 56.33384 3.631404 -14.73385
v 56.32821 3.624474 -14.73948
v 56.32986 3.629374 -14.73783
v 56.33042 3.631404 -14.72877
v 56.32481 3.624474 -14.73438
v 56.32645 3.629374 -14.73274
v 56.32536 3.631404 -14.72533
v 56.31971 3.624474 -14.73098
v 56.32137 3.629374 -14.72932
v 56.3346 3.608432 -14.70888
v 56.32887 3.601502 -14.71461
v 56.33292 3.603532 -14.71056
v 56.34463 3.601502 -14.73027
v 56.35031 3.608432 -14.7246
v 56.34865 3.603532 -14.72626
v 56.33496 3.601502 -14.71573
v 56.34061 3.608432 -14.71008
v 56.33895 3.603532 -14.71173
v 56.34009 3.601502 -14.7191
v 56.34571 3.608432 -14.71348
v 56.34406 3.603532 -14.71513
v 56.34349 3.601502 -14.72421
v 56.34911 3.608432 -14.71858
v 56.34747 3.603532 -14.72023
v 56.35031 3.608432 -14.9602
v 56.34463 3.601502 -14.95453
v 56.34865 3.603532 -14.95854
v 56.32887 3.601502 -14.97019
v 56.3346 3.608432 -14.97592
v 56.33292 3.603532 -14.97424
v 56.34911 3.608432 -14.96622
v 56.34349 3.601502 -14.96059
v 56.34747 3.603532 -14.96457
v 56.34571 3.608432 -14.97131
v 56.34009 3.601502 -14.9657
v 56.34406 3.603532 -14.96967
v 56.34061 3.608432 -14.97472
v 56.33496 3.601502 -14.96907
v 56.33895 3.603532 -14.97307
v 56.3346 3.624474 -14.97592
v 56.32887 3.631404 -14.97019
v 56.33292 3.629374 -14.97424
v 56.34463 3.631404 -14.95453
v 56.35031 3.624474 -14.9602
v 56.34865 3.629374 -14.95854
v 56.33496 3.631404 -14.96907
v 56.34061 3.624474 -14.97472
v 56.33895 3.629374 -14.97307
v 56.34009 3.631404 -14.9657
v 56.34571 3.624474 -14.97131
v 56.34406 3.629374 -14.96967
v 56.34349 3.631404 -14.96059
v 56.34911 3.624474 -14.96622
v 56.34747 3.629374 -14.96457
v 56.35031 3.624474 -14.7246
v 56.34463 3.631404 -14.73027
v 56.34865 3.629374 -14.72626
v 56.32887 3.631404 -14.71461
v 56.3346 3.624474 -14.70888
v 56.33292 3.629374 -14.71056
v 56.34911 3.624474 -14.71858
v 56.34349 3.631404 -14.72421
v 56.34747 3.629374 -14.72023
v 56.34571 3.624474 -14.71348
v 56.34009 3.631404 -14.7191
v 56.34406 3.629374 -14.71513
v 56.34061 3.624474 -14.71008
v 56.33496 3.631404 -14.71573
v 56.33895 3.629374 -14.71173
v 56.2082 3.879589 -14.96079
v 56.2082 3.886519 -14.95501
v 56.2082 3.881619 -14.9567
v 56.2082 3.902561 -14.95501
v 56.2082 3.909491 -14.96079
v 56.2082 3.907461 -14.9567
v 56.2082 3.886519 -14.72978
v 56.2082 3.879589 -14.72401
v 56.2082 3.881619 -14.72809
v 56.2082 3.909491 -14.72401
v 56.2082 3.902561 -14.72978
v 56.2082 3.907461 -14.72809
v 56.2082 3.879589 -14.71465
v 56.2082 3.886519 -14.70888
v 56.2082 3.881619 -14.71057
v 56.2082 3.902561 -14.70888
v 56.2082 3.909491 -14.71465
v 56.2082 3.907461 -14.71057
v 56.2082 3.886519 -14.97592
v 56.2082 3.879589 -14.97015
v 56.2082 3.881619 -14.97423
v 56.2082 3.909491 -14.97015
v 56.2082 3.902561 -14.97592
v 56.2082 3.907461 -14.97423
v 56.33508 3.879589 -14.94498
v 56.32941 3.886519 -14.9393
v 56.33107 3.881619 -14.94096
v 56.31369 3.886519 -14.95501
v 56.31942 3.879589 -14.96074
v 56.31537 3.881619 -14.95669
v 56.33384 3.879589 -14.95094
v 56.32821 3.886519 -14.94531
v 56.32986 3.881619 -14.94696
v 56.33042 3.879589 -14.95603
v 56.32481 3.886519 -14.95041
v 56.32645 3.881619 -14.95206
v 56.32536 3.879589 -14.95947
v 56.31971 3.886519 -14.95382
v 56.32137 3.881619 -14.95547
v 56.31942 3.909491 -14.96074
v 56.31369 3.902561 -14.95501
v 56.31537 3.907461 -14.95669
v 56.32941 3.902561 -14.9393
v 56.33508 3.909491 -14.94498
v 56.33107 3.907461 -14.94096
v 56.31971 3.902561 -14.95382
v 56.32536 3.909491 -14.95947
v 56.32137 3.907461 -14.95547
v 56.32481 3.902561 -14.95041
v 56.33042 3.909491 -14.95603
v 56.32645 3.907461 -14.95206
v 56.32821 3.902561 -14.94531
v 56.33384 3.909491 -14.95094
v 56.32986 3.907461 -14.94696
v 56.31942 3.879589 -14.72406
v 56.31369 3.886519 -14.72978
v 56.31537 3.881619 -14.72811
v 56.32941 3.886519 -14.7455
v 56.33508 3.879589 -14.73982
v 56.33107 3.881619 -14.74383
v 56.31971 3.886519 -14.73098
v 56.32536 3.879589 -14.72533
v 56.32137 3.881619 -14.72932
v 56.32481 3.886519 -14.73438
v 56.33042 3.879589 -14.72877
v 56.32645 3.881619 -14.73274
v 56.32821 3.886519 -14.73948
v 56.33384 3.879589 -14.73385
v 56.32986 3.881619 -14.73783
v 56.33508 3.909491 -14.73982
v 56.32941 3.902561 -14.7455
v 56.33107 3.907461 -14.74383
v 56.31369 3.902561 -14.72978
v 56.31942 3.909491 -14.72406
v 56.31537 3.907461 -14.72811
v 56.33384 3.909491 -14.73385
v 56.32821 3.902561 -14.73948
v 56.32986 3.907461 -14.73783
v 56.33042 3.909491 -14.72877
v 56.32481 3.902561 -14.73438
v 56.32645 3.907461 -14.73274
v 56.32536 3.909491 -14.72533
v 56.31971 3.902561 -14.73098
v 56.32137 3.907461 -14.72932
v 56.3346 3.886519 -14.70888
v 56.32887 3.879589 -14.71461
v 56.33292 3.881619 -14.71056
v 56.34463 3.879589 -14.73027
v 56.35031 3.886519 -14.7246
v 56.34865 3.881619 -14.72626
v 56.33496 3.879589 -14.71573
v 56.34061 3.886519 -14.71008
v 56.33895 3.881619 -14.71173
v 56.34009 3.879589 -14.7191
v 56.34571 3.886519 -14.71348
v 56.34406 3.881619 -14.71513
v 56.34349 3.879589 -14.72421
v 56.34911 3.886519 -14.71858
v 56.34747 3.881619 -14.72023
v 56.35031 3.886519 -14.9602
v 56.34463 3.879589 -14.95453
v 56.34865 3.881619 -14.95854
v 56.32887 3.879589 -14.97019
v 56.3346 3.886519 -14.97592
v 56.33292 3.881619 -14.97424
v 56.34911 3.886519 -14.96622
v 56.34349 3.879589 -14.96059
v 56.34747 3.881619 -14.96457
v 56.34571 3.886519 -14.97131
v 56.34009 3.879589 -14.9657
v 56.34406 3.881619 -14.96967
v 56.34061 3.886519 -14.97472
v 56.33496 3.879589 -14.96907
v 56.33895 3.881619 -14.97307
v 56.3346 3.902561 -14.97592
v 56.32887 3.909491 -14.97019
v 56.33292 3.907461 -14.97424
v 56.34463 3.909491 -14.95453
v 56.35031 3.902561 -14.9602
v 56.34865 3.907461 -14.95854
v 56.33496 3.909491 -14.96907
v 56.34061 3.902561 -14.97472
v 56.33895 3.907461 -14.97307
v 56.34009 3.909491 -14.9657
v 56.34571 3.902561 -14.97131
v 56.34406 3.907461 -14.96967
v 56.34349 3.909491 -14.96059
v 56.34911 3.902561 -14.96622
v 56.34747 3.907461 -14.96457
v 56.35031 3.902561 -14.7246
v 56.34463 3.909491 -14.73027
v 56.34865 3.907461 -14.72626
v 56.32887 3.909491 -14.71461
v 56.3346 3.902561 -14.70888
v 56.33292 3.907461 -14.71056
v 56.34911 3.902561 -14.71858
v 56.34349 3.909491 -14.72421
v 56.34747 3.907461 -14.72023
v 56.34571 3.902561 -14.71348
v 56.34009 3.909491 -14.7191
v 56.34406 3.907461 -14.71513
v 56.34061 3.902561 -14.71008
v 56.33496 3.909491 -14.71573
v 56.33895 3.907461 -14.71173
v 56.2082 4.157676 -14.96079
v 56.2082 4.164606 -14.95501
v 56.2082 4.159705 -14.9567
v 56.2082 4.180647 -14.95501
v 56.2082 4.187577 -14.96079
v 56.2082 4.185548 -14.9567
v 56.2082 4.164606 -14.72978
v 56.2082 4.157676 -14.72401
v 56.2082 4.159705 -14.72809
v 56.2082 4.187577 -14.72401
v 56.2082 4.180647 -14.72978
v 56.2082 4.185548 -14.72809
v 56.2082 4.157676 -14.71465
v 56.2082 4.164606 -14.70888
v 56.2082 4.159705 -14.71057
v 56.2082 4.180647 -14.70888
v 56.2082 4.187577 -14.71465
v 56.2082 4.185548 -14.71057
v 56.2082 4.164606 -14.97592
v 56.2082 4.157676 -14.97015
v 56.2082 4.159705 -14.97423
v 56.2082 4.187577 -14.97015
v 56.2082 4.180647 -14.97592
v 56.2082 4.185548 -14.97423
v 56.33508 4.157676 -14.94498
v 56.32941 4.164606 -14.9393
v 56.33107 4.159705 -14.94096
v 56.31369 4.164606 -14.95501
v 56.31942 4.157676 -14.96074
v 56.31537 4.159705 -14.95669
v 56.33384 4.157676 -14.95094
v 56.32821 4.164606 -14.94531
v 56.32986 4.159705 -14.94696
v 56.33042 4.157676 -14.95603
v 56.32481 4.164606 -14.95041
v 56.32645 4.159705 -14.95206
v 56.32536 4.157676 -14.95947
v 56.31971 4.164606 -14.95382
v 56.32137 4.159705 -14.95547
v 56.31942 4.187577 -14.96074
v 56.31369 4.180647 -14.95501
v 56.31537 4.185548 -14.95669
v 56.32941 4.180647 -14.9393
v 56.33508 4.187577 -14.94498
v 56.33107 4.185548 -14.94096
v 56.31971 4.180647 -14.95382
v 56.32536 4.187577 -14.95947
v 56.32137 4.185548 -14.95547
v 56.32481 4.180647 -14.95041
v 56.33042 4.187577 -14.95603
v 56.32645 4.185548 -14.95206
v 56.32821 4.180647 -14.94531
v 56.33384 4.187577 -14.95094
v 56.32986 4.185548 -14.94696
v 56.31942 4.157676 -14.72406
v 56.31369 4.164606 -14.72978
v 56.31537 4.159705 -14.72811
v 56.32941 4.164606 -14.7455
v 56.33508 4.157676 -14.73982
v 56.33107 4.159705 -14.74383
v 56.31971 4.164606 -14.73098
v 56.32536 4.157676 -14.72533
v 56.32137 4.159705 -14.72932
v 56.32481 4.164606 -14.73438
v 56.33042 4.157676 -14.72877
v 56.32645 4.159705 -14.73274
v 56.32821 4.164606 -14.73948
v 56.33384 4.157676 -14.73385
v 56.32986 4.159705 -14.73783
v 56.33508 4.187577 -14.73982
v 56.32941 4.180647 -14.7455
v 56.33107 4.185548 -14.74383
v 56.31369 4.180647 -14.72978
v 56.31942 4.187577 -14.72406
v 56.31537 4.185548 -14.72811
v 56.33384 4.187577 -14.73385
v 56.32821 4.180647 -14.73948
v 56.32986 4.185548 -14.73783
v 56.33042 4.187577 -14.72877
v 56.32481 4.180647 -14.73438
v 56.32645 4.185548 -14.73274
v 56.32536 4.187577 -14.72533
v 56.31971 4.180647 -14.73098
v 56.32137 4.185548 -14.72932
v 56.3346 4.164606 -14.70888
v 56.32887 4.157676 -14.71461
v 56.33292 4.159705 -14.71056
v 56.34463 4.157676 -14.73027
v 56.35031 4.164606 -14.7246
v 56.34865 4.159705 -14.72626
v 56.33496 4.157676 -14.71573
v 56.34061 4.164606 -14.71008
v 56.33895 4.159705 -14.71173
v 56.34009 4.157676 -14.7191
v 56.34571 4.164606 -14.71348
v 56.34406 4.159705 -14.71513
v 56.34349 4.157676 -14.72421
v 56.34911 4.164606 -14.71858
v 56.34747 4.159705 -14.72023
v 56.35031 4.164606 -14.9602
v 56.34463 4.157676 -14.95453
v 56.34865 4.159705 -14.95854
v 56.32887 4.157676 -14.97019
v 56.3346 4.164606 -14.97592
v 56.33292 4.159705 -14.97424
v 56.34911 4.164606 -14.96622
v 56.34349 4.157676 -14.96059
v 56.34747 4.159705 -14.96457
v 56.34571 4.164606 -14.97131
v 56.34009 4.157676 -14.9657
v 56.34406 4.159705 -14.96967
v 56.34061 4.164606 -14.97472
v 56.33496 4.157676 -14.96907
v 56.33895 4.159705 -14.97307
v 56.3346 4.180647 -14.97592
v 56.32887 4.187577 -14.97019
v 56.33292 4.185548 -14.97424
v 56.34463 4.187577 -14.95453
v 56.35031 4.180647 -14.9602
v 56.34865 4.185548 -14.95854
v 56.33496 4.187577 -14.96907
v 56.34061 4.180647 -14.97472
v 56.33895 4.185548 -14.97307
v 56.34009 4.187577 -14.9657
v 56.34571 4.180647 -14.97131
v 56.34406 4.185548 -14.96967
v 56.34349 4.187577 -14.96059
v 56.34911 4.180647 -14.96622
v 56.34747 4.185548 -14.96457
v 56.35031 4.180647 -14.7246
v 56.34463 4.187577 -14.73027
v 56.34865 4.185548 -14.72626
v 56.32887 4.187577 -14.71461
v 56.3346 4.180647 -14.70888
v 56.33292 4.185548 -14.71056
v 56.34911 4.180647 -14.71858
v 56.34349 4.187577 -14.72421
v 56.34747 4.185548 -14.72023
v 56.34571 4.180647 -14.71348
v 56.34009 4.187577 -14.7191
v 56.34406 4.185548 -14.71513
v 56.34061 4.180647 -14.71008
v 56.33496 4.187577 -14.71573
v 56.33895 4.185548 -14.71173
v 56.2082 4.435762 -14.96079
v 56.2082 4.442692 -14.95501
v 56.2082 4.437792 -14.9567
v 56.2082 4.458734 -14.95501
v 56.2082 4.465664 -14.96079
v 56.2082 4.463634 -14.9567
v 56.2082 4.442692 -14.72978
v 56.2082 4.435762 -14.72401
v 56.2082 4.437792 -14.72809
v 56.2082 4.465664 -14.72401
v 56.2082 4.458734 -14.72978
v 56.2082 4.463634 -14.72809
v 56.2082 4.435762 -14.71465
v 56.2082 4.442692 -14.70888
v 56.2082 4.437792 -14.71057
v 56.2082 4.458734 -14.70888
v 56.2082 4.465664 -14.71465
v 56.2082 4.463634 -14.71057
v 56.2082 4.442692 -14.97592
v 56.2082 4.435762 -14.97015
v 56.2082 4.437792 -14.97423
v 56.2082 4.465664 -14.97015
v 56.2082 4.458734 -14.97592
v 56.2082 4.463634 -14.97423
v 56.33508 4.435762 -14.94498
v 56.32941 4.442692 -14.9393
v 56.33107 4.437792 -14.94096
v 56.31369 4.442692 -14.95501
v 56.31942 4.435762 -14.96074
v 56.31537 4.437792 -14.95669
v 56.33384 4.435762 -14.95094
v 56.32821 4.442692 -14.94531
v 56.32986 4.437792 -14.94696
v 56.33042 4.435762 -14.95603
v 56.32481 4.442692 -14.95041
v 56.32645 4.437792 -14.95206
v 56.32536 4.435762 -14.95947
v 56.31971 4.442692 -14.95382
v 56.32137 4.437792 -14.95547
v 56.31942 4.465664 -14.96074
v 56.31369 4.458734 -14.95501
v 56.31537 4.463634 -14.95669
v 56.32941 4.458734 -14.9393
v 56.33508 4.465664 -14.94498
v 56.33107 4.463634 -14.94096
v 56.31971 4.458734 -14.95382
v 56.32536 4.465664 -14.95947
v 56.32137 4.463634 -14.95547
v 56.32481 4.458734 -14.95041
v 56.33042 4.465664 -14.95603
v 56.32645 4.463634 -14.95206
v 56.32821 4.458734 -14.94531
v 56.33384 4.465664 -14.95094
v 56.32986 4.463634 -14.94696
v 56.31942 4.435762 -14.72406
v 56.31369 4.442692 -14.72978
v 56.31537 4.437792 -14.72811
v 56.32941 4.442692 -14.7455
v 56.33508 4.435762 -14.73982
v 56.33107 4.437792 -14.74383
v 56.31971 4.442692 -14.73098
v 56.32536 4.435762 -14.72533
v 56.32137 4.437792 -14.72932
v 56.32481 4.442692 -14.73438
v 56.33042 4.435762 -14.72877
v 56.32645 4.437792 -14.73274
v 56.32821 4.442692 -14.73948
v 56.33384 4.435762 -14.73385
v 56.32986 4.437792 -14.73783
v 56.33508 4.465664 -14.73982
v 56.32941 4.458734 -14.7455
v 56.33107 4.463634 -14.74383
v 56.31369 4.458734 -14.72978
v 56.31942 4.465664 -14.72406
v 56.31537 4.463634 -14.72811
v 56.33384 4.465664 -14.73385
v 56.32821 4.458734 -14.73948
v 56.32986 4.463634 -14.73783
v 56.33042 4.465664 -14.72877
v 56.32481 4.458734 -14.73438
v 56.32645 4.463634 -14.73274
v 56.32536 4.465664 -14.72533
v 56.31971 4.458734 -14.73098
v 56.32137 4.463634 -14.72932
v 56.3346 4.442692 -14.70888
v 56.32887 4.435762 -14.71461
v 56.33292 4.437792 -14.71056
v 56.34463 4.435762 -14.73027
v 56.35031 4.442692 -14.7246
v 56.34865 4.437792 -14.72626
v 56.33496 4.435762 -14.71573
v 56.34061 4.442692 -14.71008
v 56.33895 4.437792 -14.71173
v 56.34009 4.435762 -14.7191
v 56.34571 4.442692 -14.71348
v 56.34406 4.437792 -14.71513
v 56.34349 4.435762 -14.72421
v 56.34911 4.442692 -14.71858
v 56.34747 4.437792 -14.72023
v 56.35031 4.442692 -14.9602
v 56.34463 4.435762 -14.95453
v 56.34865 4.437792 -14.95854
v 56.32887 4.435762 -14.97019
v 56.3346 4.442692 -14.97592
v 56.33292 4.437792 -14.97424
v 56.34911 4.442692 -14.96622
v 56.34349 4.435762 -14.96059
v 56.34747 4.437792 -14.96457
v 56.34571 4.442692 -14.97131
v 56.34009 4.435762 -14.9657
v 56.34406 4.437792 -14.96967
v 56.34061 4.442692 -14.97472
v 56.33496 4.435762 -14.96907
v 56.33895 4.437792 -14.97307
v 56.3346 4.458734 -14.97592
v 56.32887 4.465664 -14.97019
v 56.33292 4.463634 -14.97424
v 56.34463 4.465664 -14.95453
v 56.35031 4.458734 -14.9602
v 56.34865 4.463634 -14.95854
v 56.33496 4.465664 -14.96907
v 56.34061 4.458734 -14.97472
v 56.33895 4.463634 -14.97307
v 56.34009 4.465664 -14.9657
v 56.34571 4.458734 -14.97131
v 56.34406 4.463634 -14.96967
v 56.34349 4.465664 -14.96059
v 56.34911 4.458734 -14.96622
v 56.34747 4.463634 -14.96457
v 56.35031 4.458734 -14.7246
v 56.34463 4.465664 -14.73027
v 56.34865 4.463634 -14.72626
v 56.32887 4.465664 -14.71461
v 56.3346 4.458734 -14.70888
v 56.33292 4.463634 -14.71056
v 56.34911 4.458734 -14.71858
v 56.34349 4.465664 -14.72421
v 56.34747 4.463634 -14.72023
v 56.34571 4.458734 -14.71348
v 56.34009 4.465664 -14.7191
v 56.34406 4.463634 -14.71513
v 56.34061 4.458734 -14.71008
v 56.33496 4.465664 -14.71573
v 56.33895 4.463634 -14.71173
v 55.44785 6.101751 -14.46794
v 55.44785 6.106751 -14.46293
v 55.44285 6.106751 -14.46794
v 55.44785 6.165249 -14.46293
v 55.44785 6.170249 -14.46794
v 55.44285 6.165249 -14.46794
v 55.44785 6.101751 -14.56493
v 55.44285 6.106751 -14.56493
v 55.44285 6.165249 -14.56493
v 55.44785 6.170249 -14.56493
v 55.50635 6.101751 -14.46794
v 55.51135 6.106751 -14.46794
v 55.50635 6.106751 -14.46293
v 55.50635 6.170249 -14.46794
v 55.50635 6.165249 -14.46293
v 55.51135 6.165249 -14.46794
v 55.51135 6.106751 -14.56493
v 55.50635 6.101751 -14.56493
v 55.50635 6.170249 -14.56493
v 55.51135 6.165249 -14.56493
v 55.86295 6.101751 -14.46794
v 55.86295 6.106751 -14.46293
v 55.85795 6.106751 -14.46794
v 55.86295 6.165249 -14.46293
v 55.86295 6.170249 -14.46794
v 55.85795 6.165249 -14.46794
v 55.86295 6.101751 -14.56493
v 55.85795 6.106751 -14.56493
v 55.85795 6.165249 -14.56493
v 55.86295 6.170249 -14.56493
v 55.92144 6.101751 -14.46794
v 55.92645 6.106751 -14.46794
v 55.92144 6.106751 -14.46293
v 55.92144 6.170249 -14.46794
v 55.92144 6.165249 -14.46293
v 55.92645 6.165249 -14.46794
v 55.92645 6.106751 -14.56493
v 55.92144 6.101751 -14.56493
v 55.92144 6.170249 -14.56493
v 55.92645 6.165249 -14.56493
v 56.27805 6.101751 -14.46794
v 56.27805 6.106751 -14.46293
v 56.27305 6.106751 -14.46794
v 56.27805 6.165249 -14.46293
v 56.27805 6.170249 -14.46794
v 56.27305 6.165249 -14.46794
v 56.27805 6.101751 -14.56493
v 56.27305 6.106751 -14.56493
v 56.27305 6.165249 -14.56493
v 56.27805 6.170249 -14.56493
v 56.33654 6.101751 -14.46794
v 56.34154 6.106751 -14.46794
v 56.33654 6.106751 -14.46293
v 56.33654 6.170249 -14.46794
v 56.33654 6.165249 -14.46293
v 56.34154 6.165249 -14.46794
v 56.34154 6.106751 -14.56493
v 56.33654 6.101751 -14.56493
v 56.33654 6.170249 -14.56493
v 56.34154 6.165249 -14.56493
v 56.69314 6.101751 -14.46794
v 56.69314 6.106751 -14.46293
v 56.68814 6.106751 -14.46794
v 56.69314 6.165249 -14.46293
v 56.69314 6.170249 -14.46794
v 56.68814 6.165249 -14.46794
v 56.69314 6.101751 -14.56493
v 56.68814 6.106751 -14.56493
v 56.68814 6.165249 -14.56493
v 56.69314 6.170249 -14.56493
v 56.75164 6.101751 -14.46794
v 56.75664 6.106751 -14.46794
v 56.75164 6.106751 -14.46293
v 56.75164 6.170249 -14.46794
v 56.75164 6.165249 -14.46293
v 56.75664 6.165249 -14.46794
v 56.75664 6.106751 -14.56493
v 56.75164 6.101751 -14.56493
v 56.75164 6.170249 -14.56493
v 56.75664 6.165249 -14.56493
v 55.44785 6.101752 -15.21686
v 55.44785 6.106752 -15.22186
v 55.44285 6.106752 -15.21686
v 55.44785 6.165249 -15.22186
v 55.44785 6.170249 -15.21686
v 55.44285 6.165249 -15.21686
v 55.44785 6.101752 -15.11986
v 55.44285 6.106752 -15.11986
v 55.44285 6.165249 -15.11986
v 55.44785 6.170249 -15.11986
v 55.50635 6.101752 -15.21686
v 55.51135 6.106752 -15.21686
v 55.50635 6.106752 -15.22186
v 55.50635 6.170249 -15.21686
v 55.50635 6.165249 -15.22186
v 55.51135 6.165249 -15.21686
v 55.51135 6.106752 -15.11986
v 55.50635 6.101752 -15.11986
v 55.50635 6.170249 -15.11986
v 55.51135 6.165249 -15.11986
v 55.86295 6.101752 -15.21686
v 55.86295 6.106752 -15.22186
v 55.85795 6.106752 -15.21686
v 55.86295 6.165249 -15.22186
v 55.86295 6.170249 -15.21686
v 55.85795 6.165249 -15.21686
v 55.86295 6.101752 -15.11986
v 55.85795 6.106752 -15.11986
v 55.85795 6.165249 -15.11986
v 55.86295 6.170249 -15.11986
v 55.92144 6.101752 -15.21686
v 55.92645 6.106752 -15.21686
v 55.92144 6.106752 -15.22186
v 55.92144 6.170249 -15.21686
v 55.92144 6.165249 -15.22186
v 55.92645 6.165249 -15.21686
v 55.92645 6.106752 -15.11986
v 55.92144 6.101752 -15.11986
v 55.92144 6.170249 -15.11986
v 55.92645 6.165249 -15.11986
v 56.27805 6.101752 -15.21686
v 56.27805 6.106752 -15.22186
v 56.27305 6.106752 -15.21686
v 56.27805 6.165249 -15.22186
v 56.27805 6.170249 -15.21686
v 56.27305 6.165249 -15.21686
v 56.27805 6.101752 -15.11986
v 56.27305 6.106752 -15.11986
v 56.27305 6.165249 -15.11986
v 56.27805 6.170249 -15.11986
v 56.33654 6.101752 -15.21686
v 56.34154 6.106752 -15.21686
v 56.33654 6.106752 -15.22186
v 56.33654 6.170249 -15.21686
v 56.33654 6.165249 -15.22186
v 56.34154 6.165249 -15.21686
v 56.34154 6.106752 -15.11986
v 56.33654 6.101752 -15.11986
v 56.33654 6.170249 -15.11986
v 56.34154 6.165249 -15.11986
v 56.69314 6.101752 -15.21686
v 56.69314 6.106752 -15.22186
v 56.68814 6.106752 -15.21686
v 56.69314 6.165249 -15.22186
v 56.69314 6.170249 -15.21686
v 56.68814 6.165249 -15.21686
v 56.69314 6.101752 -15.11986
v 56.68814 6.106752 -15.11986
v 56.68814 6.165249 -15.11986
v 56.69314 6.170249 -15.11986
v 56.75164 6.101752 -15.21686
v 56.75664 6.106752 -15.21686
v 56.75164 6.106752 -15.22186
v 56.75164 6.170249 -15.21686
v 56.75164 6.165249 -15.22186
v 56.75664 6.165249 -15.21686
v 56.75664 6.106752 -15.11986
v 56.75164 6.101752 -15.11986
v 56.75164 6.170249 -15.11986
v 56.75664 6.165249 -15.11986
v 55.76672 5.83612 -15.5003
v 55.76172 5.84112 -15.5003
v 55.76672 5.84112 -15.5053
v 55.76172 5.899618 -15.5003
v 55.76672 5.904618 -15.5003
v 55.76672 5.899618 -15.5053
v 55.86372 5.83612 -15.5003
v 55.86372 5.84112 -15.5053
v 55.86372 5.899618 -15.5053
v 55.86372 5.904618 -15.5003
v 55.76672 5.83612 -15.4418
v 55.76672 5.84112 -15.4368
v 55.76172 5.84112 -15.4418
v 55.76672 5.904618 -15.4418
v 55.76172 5.899618 -15.4418
v 55.76672 5.899618 -15.4368
v 55.86372 5.84112 -15.4368
v 55.86372 5.83612 -15.4418
v 55.86372 5.904618 -15.4418
v 55.86372 5.899618 -15.4368
v 55.76672 5.83612 -15.0852
v 55.76172 5.84112 -15.0852
v 55.76672 5.84112 -15.0902
v 55.76172 5.899618 -15.0852
v 55.76672 5.904618 -15.0852
v 55.76672 5.899618 -15.0902
v 55.86372 5.83612 -15.0852
v 55.86372 5.84112 -15.0902
v 55.86372 5.899618 -15.0902
v 55.86372 5.904618 -15.0852
v 55.76672 5.83612 -15.02671
v 55.76672 5.84112 -15.02171
v 55.76172 5.84112 -15.02671
v 55.76672 5.904618 -15.02671
v 55.76172 5.899618 -15.02671
v 55.76672 5.899618 -15.02171
v 55.86372 5.84112 -15.02171
v 55.86372 5.83612 -15.02671
v 55.86372 5.904618 -15.02671
v 55.86372 5.899618 -15.02171
v 55.76672 5.83612 -14.67011
v 55.76172 5.84112 -14.67011
v 55.76672 5.84112 -14.67511
v 55.76172 5.899618 -14.67011
v 55.76672 5.904618 -14.67011
v 55.76672 5.899618 -14.67511
v 55.86372 5.83612 -14.67011
v 55.86372 5.84112 -14.67511
v 55.86372 5.899618 -14.67511
v 55.86372 5.904618 -14.67011
v 55.76672 5.83612 -14.61161
v 55.76672 5.84112 -14.60661
v 55.76172 5.84112 -14.61161
v 55.76672 5.904618 -14.61161
v 55.76172 5.899618 -14.61161
v 55.76672 5.899618 -14.60661
v 55.86372 5.84112 -14.60661
v 55.86372 5.83612 -14.61161
v 55.86372 5.904618 -14.61161
v 55.86372 5.899618 -14.60661
v 55.76672 5.83612 -14.25501
v 55.76172 5.84112 -14.25501
v 55.76672 5.84112 -14.26001
v 55.76172 5.899618 -14.25501
v 55.76672 5.904618 -14.25501
v 55.76672 5.899618 -14.26001
v 55.86372 5.83612 -14.25501
v 55.86372 5.84112 -14.26001
v 55.86372 5.899618 -14.26001
v 55.86372 5.904618 -14.25501
v 55.76672 5.83612 -14.19651
v 55.76672 5.84112 -14.19151
v 55.76172 5.84112 -14.19651
v 55.76672 5.904618 -14.19651
v 55.76172 5.899618 -14.19651
v 55.76672 5.899618 -14.19151
v 55.86372 5.84112 -14.19151
v 55.86372 5.83612 -14.19651
v 55.86372 5.904618 -14.19651
v 55.86372 5.899618 -14.19151
v 56.46088 5.83612 -15.5003
v 56.46587 5.84112 -15.5003
v 56.46088 5.84112 -15.5053
v 56.46587 5.899618 -15.5003
v 56.46088 5.904618 -15.5003
v 56.46088 5.899618 -15.5053
v 56.36388 5.83612 -15.5003
v 56.36388 5.84112 -15.5053
v 56.36388 5.899618 -15.5053
v 56.36388 5.904618 -15.5003
v 56.46088 5.83612 -15.4418
v 56.46088 5.84112 -15.4368
v 56.46587 5.84112 -15.4418
v 56.46088 5.904618 -15.4418
v 56.46587 5.899618 -15.4418
v 56.46088 5.899618 -15.4368
v 56.36388 5.84112 -15.4368
v 56.36388 5.83612 -15.4418
v 56.36388 5.904618 -15.4418
v 56.36388 5.899618 -15.4368
v 56.46088 5.83612 -15.0852
v 56.46587 5.84112 -15.0852
v 56.46088 5.84112 -15.0902
v 56.46587 5.899618 -15.0852
v 56.46088 5.904618 -15.0852
v 56.46088 5.899618 -15.0902
v 56.36388 5.83612 -15.0852
v 56.36388 5.84112 -15.0902
v 56.36388 5.899618 -15.0902
v 56.36388 5.904618 -15.0852
v 56.46088 5.83612 -15.02671
v 56.46088 5.84112 -15.02171
v 56.46587 5.84112 -15.02671
v 56.46088 5.904618 -15.02671
v 56.46587 5.899618 -15.02671
v 56.46088 5.899618 -15.02171
v 56.36388 5.84112 -15.02171
v 56.36388 5.83612 -15.02671
v 56.36388 5.904618 -15.02671
v 56.36388 5.899618 -15.02171
v 56.46088 5.83612 -14.67011
v 56.46587 5.84112 -14.67011
v 56.46088 5.84112 -14.67511
v 56.46587 5.899618 -14.67011
v 56.46088 5.904618 -14.67011
v 56.46088 5.899618 -14.67511
v 56.36388 5.83612 -14.67011
v 56.36388 5.84112 -14.67511
v 56.36388 5.899618 -14.67511
v 56.36388 5.904618 -14.67011
v 56.46088 5.83612 -14.61161
v 56.46088 5.84112 -14.60661
v 56.46587 5.84112 -14.61161
v 56.46088 5.904618 -14.61161
v 56.46587 5.899618 -14.61161
v 56.46088 5.899618 -14.60661
v 56.36388 5.84112 -14.60661
v 56.36388 5.83612 -14.61161
v 56.36388 5.904618 -14.61161
v 56.36388 5.899618 -14.60661
v 56.46088 5.83612 -14.25501
v 56.46587 5.84112 -14.25501
v 56.46088 5.84112 -14.26001
v 56.46587 5.899618 -14.25501
v 56.46088 5.904618 -14.25501
v 56.46088 5.899618 -14.26001
v 56.36388 5.83612 -14.25501
v 56.36388 5.84112 -14.26001
v 56.36388 5.899618 -14.26001
v 56.36388 5.904618 -14.25501
v 56.46088 5.83612 -14.19651
v 56.46088 5.84112 -14.19151
v 56.46587 5.84112 -14.19651
v 56.46088 5.904618 -14.19651
v 56.46587 5.899618 -14.19651
v 56.46088 5.899618 -14.19151
v 56.36388 5.84112 -14.19151
v 56.36388 5.83612 -14.19651
v 56.36388 5.904618 -14.19651
v 56.36388 5.899618 -14.19151
v 56.1138 -0.078295 -15.01798
v 56.1138 6.32228 -15.01798
v 56.18099 -0.078295 -15.00461
v 56.18099 6.32228 -15.00461
v 56.23795 -0.078295 -14.96655
v 56.23795 6.32228 -14.96655
v 56.27601 -0.078295 -14.90959
v 56.27601 6.32228 -14.90959
v 56.28938 -0.078295 -14.8424
v 56.28938 6.32228 -14.8424
v 56.27601 -0.078295 -14.77521
v 56.27601 6.32228 -14.77521
v 56.23795 -0.078295 -14.71825
v 56.23795 6.32228 -14.71825
v 56.18099 -0.078295 -14.68019
v 56.18099 6.32228 -14.68019
v 56.1138 -0.078295 -14.66682
v 56.1138 6.32228 -14.66682
v 56.04661 -0.078295 -14.68019
v 56.04661 6.32228 -14.68019
v 55.98965 -0.078295 -14.71825
v 55.98965 6.32228 -14.71825
v 55.95159 -0.078295 -14.77521
v 55.95159 6.32228 -14.77521
v 55.93822 -0.078295 -14.8424
v 55.93822 6.32228 -14.8424
v 55.95159 -0.078295 -14.90959
v 55.95159 6.32228 -14.90959
v 55.98965 -0.078295 -14.96655
v 55.98965 6.32228 -14.96655
v 56.04661 -0.078295 -15.00461
v 56.04661 6.32228 -15.00461
v 56.39887 4.864637 -14.77689
v 56.39887 4.942601 -14.78974
v 56.41467 4.864637 -14.77375
v 56.41959 4.942601 -14.78562
v 56.42807 4.864637 -14.76479
v 56.43715 4.942601 -14.77388
v 56.43702 4.864637 -14.7514
v 56.44889 4.942601 -14.75631
v 56.44016 4.864637 -14.73559
v 56.45301 4.942601 -14.73559
v 56.43702 4.864637 -14.71979
v 56.44889 4.942601 -14.71487
v 56.42807 4.864637 -14.70639
v 56.43715 4.942601 -14.69731
v 56.41467 4.864637 -14.69744
v 56.41959 4.942601 -14.68557
v 56.39887 4.864637 -14.6943
v 56.39887 4.942601 -14.68145
v 56.38306 4.864637 -14.69744
v 56.37814 4.942601 -14.68557
v 56.36966 4.864637 -14.70639
v 56.36058 4.942601 -14.69731
v 56.36071 4.864637 -14.71979
v 56.34884 4.942601 -14.71487
v 56.35757 4.864637 -14.73559
v 56.34472 4.942601 -14.73559
v 56.36071 4.864637 -14.7514
v 56.34884 4.942601 -14.75631
v 56.36966 4.864637 -14.76479
v 56.36058 4.942601 -14.77388
v 56.38306 4.864637 -14.77375
v 56.37814 4.942601 -14.78562
v 56.42632 4.942601 -14.80187
v 56.39887 4.942601 -14.80733
v 56.44959 4.942601 -14.78632
v 56.46514 4.942601 -14.76305
v 56.4706 4.942601 -14.73559
v 56.46514 4.942601 -14.70814
v 56.44959 4.942601 -14.68487
v 56.42632 4.942601 -14.66932
v 56.39887 4.942601 -14.66386
v 56.37141 4.942601 -14.66932
v 56.34814 4.942601 -14.68487
v 56.33259 4.942601 -14.70814
v 56.32713 4.942601 -14.73559
v 56.33259 4.942601 -14.76305
v 56.34814 4.942601 -14.78632
v 56.37141 4.942601 -14.80187
v 56.39887 4.887982 -14.80733
v 56.42632 4.887982 -14.80187
v 56.44959 4.887982 -14.78632
v 56.46514 4.887982 -14.76305
v 56.4706 4.887982 -14.73559
v 56.46514 4.887982 -14.70814
v 56.44959 4.887982 -14.68487
v 56.42632 4.887982 -14.66932
v 56.39887 4.887982 -14.66386
v 56.37141 4.887982 -14.66932
v 56.34814 4.887982 -14.68487
v 56.33259 4.887982 -14.70814
v 56.32713 4.887982 -14.73559
v 56.33259 4.887982 -14.76305
v 56.34814 4.887982 -14.78632
v 56.37141 4.887982 -14.80187
v 56.40883 5.09694 -14.75966
v 56.41959 5.076944 -14.78562
v 56.41568 5.094262 -14.7762
v 56.41854 5.086942 -14.78309
v 56.39887 5.076944 -14.78974
v 56.39887 5.09694 -14.76164
v 56.39887 5.086942 -14.78701
v 56.39887 5.094262 -14.77954
v 56.41729 5.09694 -14.75401
v 56.43715 5.076944 -14.77388
v 56.42994 5.094262 -14.76667
v 56.43522 5.086942 -14.77195
v 56.42293 5.09694 -14.74556
v 56.44889 5.076944 -14.75631
v 56.43947 5.094262 -14.75241
v 56.44636 5.086942 -14.75527
v 56.42491 5.09694 -14.73559
v 56.45301 5.076944 -14.73559
v 56.44281 5.094262 -14.73559
v 56.45027 5.086942 -14.73559
v 56.42293 5.09694 -14.72563
v 56.44889 5.076944 -14.71487
v 56.43947 5.094262 -14.71878
v 56.44636 5.086942 -14.71592
v 56.41729 5.09694 -14.71717
v 56.43715 5.076944 -14.69731
v 56.42994 5.094262 -14.70452
v 56.43522 5.086942 -14.69924
v 56.40883 5.09694 -14.71153
v 56.41959 5.076944 -14.68557
v 56.41568 5.094262 -14.69499
v 56.41854 5.086942 -14.6881
v 56.39887 5.09694 -14.70955
v 56.39887 5.076944 -14.68145
v 56.39887 5.094262 -14.69165
v 56.39887 5.086942 -14.68418
v 56.3889 5.09694 -14.71153
v 56.37814 5.076944 -14.68557
v 56.38205 5.094262 -14.69499
v 56.37919 5.086942 -14.6881
v 56.38044 5.09694 -14.71717
v 56.36058 5.076944 -14.69731
v 56.36779 5.094262 -14.70452
v 56.36251 5.086942 -14.69924
v 56.3748 5.09694 -14.72563
v 56.34884 5.076944 -14.71487
v 56.35826 5.094262 -14.71878
v 56.35137 5.086942 -14.71592
v 56.37281 5.09694 -14.73559
v 56.34472 5.076944 -14.73559
v 56.35492 5.094262 -14.73559
v 56.34745 5.086942 -14.73559
v 56.3748 5.09694 -14.74556
v 56.34884 5.076944 -14.75631
v 56.35826 5.094262 -14.75241
v 56.35137 5.086942 -14.75527
v 56.38044 5.09694 -14.75401
v 56.36058 5.076944 -14.77388
v 56.36779 5.094262 -14.76667
v 56.36251 5.086942 -14.77195
v 56.3889 5.09694 -14.75966
v 56.37814 5.076944 -14.78562
v 56.38205 5.094262 -14.7762
v 56.37919 5.086942 -14.78309
v 56.39887 4.864637 -14.78566
v 56.41802 4.864637 -14.78185
v 56.43427 4.864637 -14.77099
v 56.44511 4.864637 -14.75475
v 56.44893 4.864637 -14.73559
v 56.44511 4.864637 -14.71644
v 56.43427 4.864637 -14.7002
v 56.41802 4.864637 -14.68934
v 56.39887 4.864637 -14.68553
v 56.37971 4.864637 -14.68934
v 56.36346 4.864637 -14.7002
v 56.35262 4.864637 -14.71644
v 56.3488 4.864637 -14.73559
v 56.35262 4.864637 -14.75475
v 56.36346 4.864637 -14.77099
v 56.37971 4.864637 -14.78185
v 56.39887 4.864637 -14.70399
v 56.39887 4.864637 -14.71849
v 56.39887 4.864637 -14.73559
v 56.39887 4.864637 -14.7527
v 56.39887 4.864637 -14.7672
v 56.39887 5.09694 -14.76935
v 56.41178 5.09694 -14.76678
v 56.42273 5.09694 -14.75946
v 56.43005 5.09694 -14.74851
v 56.43262 5.09694 -14.73559
v 56.43005 5.09694 -14.72268
v 56.42273 5.09694 -14.71173
v 56.41178 5.09694 -14.70441
v 56.39887 5.09694 -14.70184
v 56.38595 5.09694 -14.70441
v 56.375 5.09694 -14.71173
v 56.36768 5.09694 -14.72268
v 56.36511 5.09694 -14.73559
v 56.36768 5.09694 -14.74851
v 56.375 5.09694 -14.75946
v 56.38595 5.09694 -14.76678
v 56.39887 4.864637 -14.97775
v 56.39887 4.942601 -14.99059
v 56.41467 4.864637 -14.9746
v 56.41959 4.942601 -14.98647
v 56.42807 4.864637 -14.96565
v 56.43715 4.942601 -14.97473
v 56.43702 4.864637 -14.95225
v 56.44889 4.942601 -14.95717
v 56.44016 4.864637 -14.93645
v 56.45301 4.942601 -14.93645
v 56.43702 4.864637 -14.92065
v 56.44889 4.942601 -14.91573
v 56.42807 4.864637 -14.90725
v 56.43715 4.942601 -14.89817
v 56.41467 4.864637 -14.8983
v 56.41959 4.942601 -14.88643
v 56.39887 4.864637 -14.89515
v 56.39887 4.942601 -14.88231
v 56.38306 4.864637 -14.8983
v 56.37814 4.942601 -14.88643
v 56.36966 4.864637 -14.90725
v 56.36058 4.942601 -14.89817
v 56.36071 4.864637 -14.92065
v 56.34884 4.942601 -14.91573
v 56.35757 4.864637 -14.93645
v 56.34472 4.942601 -14.93645
v 56.36071 4.864637 -14.95225
v 56.34884 4.942601 -14.95717
v 56.36966 4.864637 -14.96565
v 56.36058 4.942601 -14.97473
v 56.38306 4.864637 -14.9746
v 56.37814 4.942601 -14.98647
v 56.42632 4.942601 -15.00272
v 56.39887 4.942601 -15.00818
v 56.44959 4.942601 -14.98717
v 56.46514 4.942601 -14.9639
v 56.4706 4.942601 -14.93645
v 56.46514 4.942601 -14.909
v 56.44959 4.942601 -14.88573
v 56.42632 4.942601 -14.87018
v 56.39887 4.942601 -14.86472
v 56.37141 4.942601 -14.87018
v 56.34814 4.942601 -14.88573
v 56.33259 4.942601 -14.909
v 56.32713 4.942601 -14.93645
v 56.33259 4.942601 -14.9639
v 56.34814 4.942601 -14.98717
v 56.37141 4.942601 -15.00272
v 56.39887 4.887982 -15.00818
v 56.42632 4.887982 -15.00272
v 56.44959 4.887982 -14.98717
v 56.46514 4.887982 -14.9639
v 56.4706 4.887982 -14.93645
v 56.46514 4.887982 -14.909
v 56.44959 4.887982 -14.88573
v 56.42632 4.887982 -14.87018
v 56.39887 4.887982 -14.86472
v 56.37141 4.887982 -14.87018
v 56.34814 4.887982 -14.88573
v 56.33259 4.887982 -14.909
v 56.32713 4.887982 -14.93645
v 56.33259 4.887982 -14.9639
v 56.34814 4.887982 -14.98717
v 56.37141 4.887982 -15.00272
v 56.40883 5.09694 -14.96052
v 56.41959 5.076944 -14.98647
v 56.41568 5.094262 -14.97705
v 56.41854 5.086942 -14.98395
v 56.39887 5.076944 -14.99059
v 56.39887 5.09694 -14.9625
v 56.39887 5.086942 -14.98786
v 56.39887 5.094262 -14.9804
v 56.41729 5.09694 -14.95487
v 56.43715 5.076944 -14.97473
v 56.42994 5.094262 -14.96753
v 56.43522 5.086942 -14.9728
v 56.42293 5.09694 -14.94642
v 56.44889 5.076944 -14.95717
v 56.43947 5.094262 -14.95327
v 56.44636 5.086942 -14.95612
v 56.42491 5.09694 -14.93645
v 56.45301 5.076944 -14.93645
v 56.44281 5.094262 -14.93645
v 56.45027 5.086942 -14.93645
v 56.42293 5.09694 -14.92648
v 56.44889 5.076944 -14.91573
v 56.43947 5.094262 -14.91963
v 56.44636 5.086942 -14.91678
v 56.41729 5.09694 -14.91803
v 56.43715 5.076944 -14.89817
v 56.42994 5.094262 -14.90537
v 56.43522 5.086942 -14.9001
v 56.40883 5.09694 -14.91238
v 56.41959 5.076944 -14.88643
v 56.41568 5.094262 -14.89585
v 56.41854 5.086942 -14.88895
v 56.39887 5.09694 -14.9104
v 56.39887 5.076944 -14.88231
v 56.39887 5.094262 -14.8925
v 56.39887 5.086942 -14.88504
v 56.3889 5.09694 -14.91238
v 56.37814 5.076944 -14.88643
v 56.38205 5.094262 -14.89585
v 56.37919 5.086942 -14.88895
v 56.38044 5.09694 -14.91803
v 56.36058 5.076944 -14.89817
v 56.36779 5.094262 -14.90537
v 56.36251 5.086942 -14.9001
v 56.3748 5.09694 -14.92648
v 56.34884 5.076944 -14.91573
v 56.35826 5.094262 -14.91963
v 56.35137 5.086942 -14.91678
v 56.37281 5.09694 -14.93645
v 56.34472 5.076944 -14.93645
v 56.35492 5.094262 -14.93645
v 56.34745 5.086942 -14.93645
v 56.3748 5.09694 -14.94642
v 56.34884 5.076944 -14.95717
v 56.35826 5.094262 -14.95327
v 56.35137 5.086942 -14.95612
v 56.38044 5.09694 -14.95487
v 56.36058 5.076944 -14.97473
v 56.36779 5.094262 -14.96753
v 56.36251 5.086942 -14.9728
v 56.3889 5.09694 -14.96052
v 56.37814 5.076944 -14.98647
v 56.38205 5.094262 -14.97705
v 56.37919 5.086942 -14.98395
v 56.39887 4.864637 -14.98651
v 56.41802 4.864637 -14.9827
v 56.43427 4.864637 -14.97185
v 56.44511 4.864637 -14.95561
v 56.44893 4.864637 -14.93645
v 56.44511 4.864637 -14.91729
v 56.43427 4.864637 -14.90105
v 56.41802 4.864637 -14.8902
v 56.39887 4.864637 -14.88639
v 56.37971 4.864637 -14.8902
v 56.36346 4.864637 -14.90105
v 56.35262 4.864637 -14.91729
v 56.3488 4.864637 -14.93645
v 56.35262 4.864637 -14.95561
v 56.36346 4.864637 -14.97185
v 56.37971 4.864637 -14.9827
v 56.39887 4.864637 -14.90484
v 56.39887 4.864637 -14.91934
v 56.39887 4.864637 -14.93645
v 56.39887 4.864637 -14.95355
v 56.39887 4.864637 -14.96806
v 56.39887 5.09694 -14.9702
v 56.41178 5.09694 -14.96763
v 56.42273 5.09694 -14.96032
v 56.43005 5.09694 -14.94937
v 56.43262 5.09694 -14.93645
v 56.43005 5.09694 -14.92353
v 56.42273 5.09694 -14.91258
v 56.41178 5.09694 -14.90526
v 56.39887 5.09694 -14.9027
v 56.38595 5.09694 -14.90526
v 56.375 5.09694 -14.91258
v 56.36768 5.09694 -14.92353
v 56.36511 5.09694 -14.93645
v 56.36768 5.09694 -14.94937
v 56.375 5.09694 -14.96032
v 56.38595 5.09694 -14.96763
v 56.1138 5.322085 -14.60015
v 56.13828 5.322085 -14.59528
v 56.15902 5.322085 -14.58142
v 56.17289 5.322085 -14.56067
v 56.17776 5.322085 -14.53619
v 56.17289 5.322085 -14.51172
v 56.15902 5.322085 -14.49097
v 56.13828 5.322085 -14.47711
v 56.1138 5.322085 -14.47224
v 56.08933 5.322085 -14.47711
v 56.06858 5.322085 -14.49097
v 56.05471 5.322085 -14.51172
v 56.04984 5.322085 -14.53619
v 56.05471 5.322085 -14.56067
v 56.06858 5.322085 -14.58142
v 56.08933 5.322085 -14.59528
v 56.14623 5.322085 -14.61448
v 56.1138 5.322085 -14.62093
v 56.17372 5.322085 -14.59611
v 56.19208 5.322085 -14.56862
v 56.19854 5.322085 -14.53619
v 56.19208 5.322085 -14.50377
v 56.17372 5.322085 -14.47628
v 56.14623 5.322085 -14.45791
v 56.1138 5.322085 -14.45146
v 56.08137 5.322085 -14.45791
v 56.05388 5.322085 -14.47628
v 56.03551 5.322085 -14.50377
v 56.02906 5.322085 -14.53619
v 56.03551 5.322085 -14.56862
v 56.05388 5.322085 -14.59611
v 56.08137 5.322085 -14.61448
v 56.1138 5.257566 -14.62093
v 56.14623 5.257566 -14.61448
v 56.17372 5.257566 -14.59611
v 56.19208 5.257566 -14.56862
v 56.19854 5.257566 -14.53619
v 56.19208 5.257566 -14.50377
v 56.17372 5.257566 -14.47628
v 56.14623 5.257566 -14.45791
v 56.1138 5.257566 -14.45146
v 56.08137 5.257566 -14.45791
v 56.05388 5.257566 -14.47628
v 56.03551 5.257566 -14.50377
v 56.02906 5.257566 -14.53619
v 56.03551 5.257566 -14.56862
v 56.05388 5.257566 -14.59611
v 56.08137 5.257566 -14.61448
v 56.12549 5.504398 -14.56442
v 56.13828 5.480777 -14.59528
v 56.13367 5.501234 -14.58416
v 56.13704 5.492588 -14.5923
v 56.1138 5.480777 -14.60015
v 56.1138 5.504398 -14.56674
v 56.1138 5.492588 -14.59692
v 56.1138 5.501234 -14.58811
v 56.1354 5.504398 -14.5578
v 56.15902 5.480777 -14.58142
v 56.15051 5.501234 -14.5729
v 56.15674 5.492588 -14.57914
v 56.14202 5.504398 -14.54789
v 56.17289 5.480777 -14.56067
v 56.16176 5.501234 -14.55606
v 56.16991 5.492588 -14.55944
v 56.14435 5.504398 -14.53619
v 56.17776 5.480777 -14.53619
v 56.16571 5.501234 -14.53619
v 56.17453 5.492588 -14.53619
v 56.14202 5.504398 -14.5245
v 56.17289 5.480777 -14.51172
v 56.16176 5.501234 -14.51633
v 56.16991 5.492588 -14.51295
v 56.1354 5.504398 -14.51459
v 56.15902 5.480777 -14.49097
v 56.15051 5.501234 -14.49949
v 56.15674 5.492588 -14.49325
v 56.12549 5.504398 -14.50797
v 56.13828 5.480777 -14.47711
v 56.13367 5.501234 -14.48823
v 56.13704 5.492588 -14.48009
v 56.1138 5.504398 -14.50565
v 56.1138 5.480777 -14.47224
v 56.1138 5.501234 -14.48428
v 56.1138 5.492588 -14.47547
v 56.10211 5.504398 -14.50797
v 56.08933 5.480777 -14.47711
v 56.09393 5.501234 -14.48823
v 56.09056 5.492588 -14.48009
v 56.0922 5.504398 -14.51459
v 56.06858 5.480777 -14.49097
v 56.07709 5.501234 -14.49949
v 56.07086 5.492588 -14.49325
v 56.08557 5.504398 -14.5245
v 56.05471 5.480777 -14.51172
v 56.06584 5.501234 -14.51633
v 56.05769 5.492588 -14.51295
v 56.08325 5.504398 -14.53619
v 56.04984 5.480777 -14.53619
v 56.06189 5.501234 -14.53619
v 56.05307 5.492588 -14.53619
v 56.08557 5.504398 -14.54789
v 56.05471 5.480777 -14.56067
v 56.06584 5.501234 -14.55606
v 56.05769 5.492588 -14.55944
v 56.0922 5.504398 -14.5578
v 56.06858 5.480777 -14.58142
v 56.07709 5.501234 -14.5729
v 56.07086 5.492588 -14.57914
v 56.10211 5.504398 -14.56442
v 56.08933 5.480777 -14.59528
v 56.09393 5.501234 -14.58416
v 56.09056 5.492588 -14.5923
v 56.1138 5.22999 -14.59533
v 56.13643 5.22999 -14.59083
v 56.15562 5.22999 -14.57801
v 56.16843 5.22999 -14.55883
v 56.17294 5.22999 -14.53619
v 56.16843 5.22999 -14.51356
v 56.15562 5.22999 -14.49438
v 56.13643 5.22999 -14.48156
v 56.1138 5.22999 -14.47706
v 56.09117 5.22999 -14.48156
v 56.07198 5.22999 -14.49438
v 56.05917 5.22999 -14.51356
v 56.05466 5.22999 -14.53619
v 56.05917 5.22999 -14.55883
v 56.07198 5.22999 -14.57801
v 56.09117 5.22999 -14.59083
v 56.11379 5.226921 -14.59573
v 56.13642 5.225756 -14.59139
v 56.15561 5.222438 -14.579
v 56.16843 5.217473 -14.56047
v 56.17293 5.211616 -14.53861
v 56.16843 5.205759 -14.51675
v 56.15561 5.200793 -14.49822
v 56.13642 5.197475 -14.48584
v 56.11379 5.19631 -14.48149
v 56.09116 5.197475 -14.48584
v 56.07198 5.200793 -14.49822
v 56.05916 5.205759 -14.51675
v 56.05466 5.211616 -14.53861
v 56.05916 5.217473 -14.56047
v 56.07198 5.222438 -14.579
v 56.09116 5.225756 -14.59139
v 56.11378 5.22406 -14.59692
v 56.13641 5.221809 -14.59302
v 56.1556 5.2154 -14.58192
v 56.16842 5.205807 -14.5653
v 56.17292 5.194492 -14.5457
v 56.16842 5.183177 -14.5261
v 56.1556 5.173584 -14.50949
v 56.13641 5.167175 -14.49839
v 56.11378 5.164925 -14.49449
v 56.09115 5.167175 -14.49839
v 56.07197 5.173584 -14.50949
v 56.05915 5.183177 -14.5261
v 56.05465 5.194492 -14.5457
v 56.05915 5.205807 -14.5653
v 56.07197 5.2154 -14.58192
v 56.09115 5.221809 -14.59302
v 56.11377 5.221602 -14.5988
v 56.1364 5.21842 -14.59562
v 56.15559 5.209355 -14.58655
v 56.16841 5.195789 -14.57299
v 56.17291 5.179788 -14.55698
v 56.16841 5.163785 -14.54098
v 56.15559 5.15022 -14.52742
v 56.1364 5.141155 -14.51835
v 56.11377 5.137972 -14.51517
v 56.09114 5.141155 -14.51835
v 56.07196 5.15022 -14.52742
v 56.05914 5.163785 -14.54098
v 56.05464 5.179788 -14.55698
v 56.05914 5.195789 -14.57299
v 56.07196 5.209355 -14.58655
v 56.09114 5.21842 -14.59562
v 56.11377 5.219717 -14.60126
v 56.1364 5.215818 -14.59901
v 56.15558 5.204717 -14.59259
v 56.1684 5.188102 -14.583
v 56.1729 5.168504 -14.57169
v 56.1684 5.148905 -14.56037
v 56.15558 5.132291 -14.55078
v 56.1364 5.121189 -14.54437
v 56.11377 5.117291 -14.54212
v 56.09113 5.121189 -14.54437
v 56.07195 5.132291 -14.55078
v 56.05913 5.148905 -14.56037
v 56.05463 5.168504 -14.57169
v 56.05913 5.188102 -14.583
v 56.07195 5.204717 -14.59259
v 56.09113 5.215818 -14.59901
v 56.11375 5.21853 -14.60412
v 56.13639 5.214182 -14.60295
v 56.15557 5.2018 -14.59963
v 56.16839 5.183269 -14.59467
v 56.17289 5.16141 -14.58881
v 56.16839 5.139551 -14.58295
v 56.15557 5.121019 -14.57799
v 56.13639 5.108637 -14.57467
v 56.11375 5.104289 -14.5735
v 56.09112 5.108637 -14.57467
v 56.07194 5.121019 -14.57799
v 56.05912 5.139551 -14.58295
v 56.05462 5.16141 -14.58881
v 56.05912 5.183269 -14.59467
v 56.07194 5.2018 -14.59963
v 56.09112 5.214182 -14.60295
v 56.11375 5.218124 -14.60718
v 56.13638 5.213623 -14.60718
v 56.15556 5.200804 -14.60718
v 56.16838 5.181619 -14.60718
v 56.17288 5.158989 -14.60718
v 56.16838 5.136359 -14.60718
v 56.15556 5.117174 -14.60718
v 56.13638 5.104355 -14.60718
v 56.11375 5.099853 -14.60718
v 56.09111 5.104355 -14.60718
v 56.07193 5.117174 -14.60718
v 56.05911 5.136359 -14.60718
v 56.05461 5.158989 -14.60718
v 56.05911 5.181619 -14.60718
v 56.07193 5.200804 -14.60718
v 56.09111 5.213623 -14.60718
v 56.11375 5.218124 -14.67341
v 56.13638 5.213623 -14.67341
v 56.15556 5.200804 -14.67341
v 56.16838 5.181619 -14.67341
v 56.17288 5.158989 -14.67341
v 56.16838 5.136359 -14.67341
v 56.15556 5.117174 -14.67341
v 56.13638 5.104355 -14.67341
v 56.11375 5.099853 -14.67341
v 56.09111 5.104355 -14.67341
v 56.07193 5.117174 -14.67341
v 56.05911 5.136359 -14.67341
v 56.05461 5.158989 -14.67341
v 56.05911 5.181619 -14.67341
v 56.07193 5.200804 -14.67341
v 56.09111 5.213623 -14.67341
v 56.1138 5.504398 -14.57607
v 56.12906 5.504398 -14.57303
v 56.14199 5.504398 -14.56439
v 56.15064 5.504398 -14.55145
v 56.15367 5.504398 -14.53619
v 56.15064 5.504398 -14.52094
v 56.14199 5.504398 -14.508
v 56.12906 5.504398 -14.49936
v 56.1138 5.504398 -14.49632
v 56.09854 5.504398 -14.49936
v 56.08561 5.504398 -14.508
v 56.07696 5.504398 -14.52094
v 56.07393 5.504398 -14.53619
v 56.07696 5.504398 -14.55145
v 56.08561 5.504398 -14.56439
v 56.09854 5.504398 -14.57303
#end vertices

#begin 4862 textures vertices 
vt 0.8688421 0.6084706 0
vt 0.8675051 0.6084706 0
vt 0.8661683 0.6084706 0
vt 0.8648317 0.6084706 0
vt 0.8848858 0.6084706 0
vt 0.8835492 0.6084706 0
vt 0.8822119 0.6084706 0
vt 0.8808751 0.6084706 0
vt 0.8795382 0.6084706 0
vt 0.8782013 0.6084706 0
vt 0.8768641 0.6084706 0
vt 0.8755276 0.6084706 0
vt 0.8741901 0.6084706 0
vt 0.8728533 0.6084706 0
vt 0.871516 0.6084706 0
vt 0.8701791 0.6084706 0
vt 0.8688421 0.5923098 0
vt 0.8675051 0.5923098 0
vt 0.8661683 0.5923098 0
vt 0.8648317 0.5923098 0
vt 0.8634943 0.5923098 0
vt 0.8835492 0.5923098 0
vt 0.8822119 0.5923098 0
vt 0.8808751 0.5923098 0
vt 0.8795382 0.5923098 0
vt 0.8782013 0.5923098 0
vt 0.8768641 0.5923098 0
vt 0.8755276 0.5923098 0
vt 0.8741901 0.5923098 0
vt 0.8728533 0.5923098 0
vt 0.871516 0.5923098 0
vt 0.8701791 0.5923098 0
vt 0.8688421 0.5763983 0
vt 0.8675051 0.5763983 0
vt 0.8661683 0.5763983 0
vt 0.8648317 0.5763983 0
vt 0.8634943 0.5763983 0
vt 0.8835492 0.5763983 0
vt 0.8822119 0.5763983 0
vt 0.8808751 0.5763983 0
vt 0.8795382 0.5763983 0
vt 0.8782013 0.5763983 0
vt 0.8768641 0.5763983 0
vt 0.8755276 0.5763983 0
vt 0.8741901 0.5763983 0
vt 0.8728533 0.5763983 0
vt 0.871516 0.5763983 0
vt 0.8701791 0.5763983 0
vt 0.8688421 0.5606286 0
vt 0.8675051 0.5606286 0
vt 0.8661683 0.5606286 0
vt 0.8648317 0.5606286 0
vt 0.8634943 0.5606286 0
vt 0.8835492 0.5606286 0
vt 0.8822119 0.5606286 0
vt 0.8808751 0.5606286 0
vt 0.8795382 0.5606286 0
vt 0.8782013 0.5606286 0
vt 0.8768641 0.5606286 0
vt 0.8755276 0.5606286 0
vt 0.8741901 0.5606286 0
vt 0.8728533 0.5606286 0
vt 0.871516 0.5606286 0
vt 0.8701791 0.5606286 0
vt 0.8688421 0.5449111 0
vt 0.8675051 0.5449111 0
vt 0.8661683 0.5449111 0
vt 0.8648317 0.5449111 0
vt 0.8634943 0.5449111 0
vt 0.8835492 0.5449111 0
vt 0.8822119 0.5449111 0
vt 0.8808751 0.5449111 0
vt 0.8795382 0.5449111 0
vt 0.8782013 0.5449111 0
vt 0.8768641 0.5449111 0
vt 0.8755276 0.5449111 0
vt 0.8741901 0.5449111 0
vt 0.8728533 0.5449111 0
vt 0.871516 0.5449111 0
vt 0.8701791 0.5449111 0
vt 0.8688421 0.5291719 0
vt 0.8675051 0.5291719 0
vt 0.8661683 0.5291719 0
vt 0.8648317 0.5291719 0
vt 0.8634943 0.5291719 0
vt 0.8835492 0.5291719 0
vt 0.8822119 0.5291719 0
vt 0.8808751 0.5291719 0
vt 0.8795382 0.5291719 0
vt 0.8782013 0.5291719 0
vt 0.8768641 0.5291719 0
vt 0.8755276 0.5291719 0
vt 0.8741901 0.5291719 0
vt 0.8728533 0.5291719 0
vt 0.871516 0.5291719 0
vt 0.8701791 0.5291719 0
vt 0.8688421 0.5133548 0
vt 0.8675051 0.5133548 0
vt 0.8661683 0.5133548 0
vt 0.8648317 0.5133548 0
vt 0.8634943 0.5133548 0
vt 0.8835492 0.5133548 0
vt 0.8822119 0.5133548 0
vt 0.8808751 0.5133548 0
vt 0.8795382 0.5133548 0
vt 0.8782013 0.5133548 0
vt 0.8768641 0.5133548 0
vt 0.8755276 0.5133548 0
vt 0.8741901 0.5133548 0
vt 0.8728533 0.5133548 0
vt 0.871516 0.5133548 0
vt 0.8701791 0.5133548 0
vt 0.8688421 0.4974194 0
vt 0.8675051 0.4974194 0
vt 0.8661683 0.4974194 0
vt 0.8648317 0.4974194 0
vt 0.8634943 0.4974194 0
vt 0.8835492 0.4974194 0
vt 0.8822119 0.4974194 0
vt 0.8808751 0.4974194 0
vt 0.8795382 0.4974194 0
vt 0.8782013 0.4974194 0
vt 0.8768641 0.4974194 0
vt 0.8755276 0.4974194 0
vt 0.8741901 0.4974194 0
vt 0.8728533 0.4974194 0
vt 0.871516 0.4974194 0
vt 0.8701791 0.4974194 0
vt 0.8688421 0.4813406 0
vt 0.8675051 0.4813406 0
vt 0.8661683 0.4813406 0
vt 0.8648317 0.4813406 0
vt 0.8634943 0.4813406 0
vt 0.8835492 0.4813406 0
vt 0.8822119 0.4813406 0
vt 0.8808751 0.4813406 0
vt 0.8795382 0.4813406 0
vt 0.8782013 0.4813406 0
vt 0.8768641 0.4813406 0
vt 0.8755276 0.4813406 0
vt 0.8741901 0.4813406 0
vt 0.8728533 0.4813406 0
vt 0.871516 0.4813406 0
vt 0.8701791 0.4813406 0
vt 0.8688421 0.465107 0
vt 0.8675051 0.465107 0
vt 0.8661683 0.465107 0
vt 0.8648317 0.465107 0
vt 0.8634943 0.465107 0
vt 0.8835492 0.465107 0
vt 0.8822119 0.465107 0
vt 0.8808751 0.465107 0
vt 0.8795382 0.465107 0
vt 0.8782013 0.465107 0
vt 0.8768641 0.465107 0
vt 0.8755276 0.465107 0
vt 0.8741901 0.465107 0
vt 0.8728533 0.465107 0
vt 0.871516 0.465107 0
vt 0.8701791 0.465107 0
vt 0.8688421 0.4487177 0
vt 0.8675051 0.4487177 0
vt 0.8661683 0.4487177 0
vt 0.8648317 0.4487177 0
vt 0.8634943 0.4487177 0
vt 0.8835492 0.4487177 0
vt 0.8822119 0.4487177 0
vt 0.8808751 0.4487177 0
vt 0.8795382 0.4487177 0
vt 0.8782013 0.4487177 0
vt 0.8768641 0.4487177 0
vt 0.8755276 0.4487177 0
vt 0.8741901 0.4487177 0
vt 0.8728533 0.4487177 0
vt 0.871516 0.4487177 0
vt 0.8701791 0.4487177 0
vt 0.8688421 0.4321823 0
vt 0.8675051 0.4321823 0
vt 0.8661683 0.4321823 0
vt 0.8648317 0.4321823 0
vt 0.8634943 0.4321823 0
vt 0.8835492 0.4321823 0
vt 0.8822119 0.4321823 0
vt 0.8808751 0.4321823 0
vt 0.8795382 0.4321823 0
vt 0.8782013 0.4321823 0
vt 0.8768641 0.4321823 0
vt 0.8755276 0.4321823 0
vt 0.8741901 0.4321823 0
vt 0.8728533 0.4321823 0
vt 0.871516 0.4321823 0
vt 0.8701791 0.4321823 0
vt 0.8688421 0.4155192 0
vt 0.8675051 0.4155192 0
vt 0.8661683 0.4155192 0
vt 0.8648317 0.4155192 0
vt 0.8634943 0.4155192 0
vt 0.8835492 0.4155192 0
vt 0.8822119 0.4155192 0
vt 0.8808751 0.4155192 0
vt 0.8795382 0.4155192 0
vt 0.8782013 0.4155192 0
vt 0.8768641 0.4155192 0
vt 0.8755276 0.4155192 0
vt 0.8741901 0.4155192 0
vt 0.8728533 0.4155192 0
vt 0.871516 0.4155192 0
vt 0.8701791 0.4155192 0
vt 0.8688421 0.3987528 0
vt 0.8675051 0.3987528 0
vt 0.8661683 0.3987528 0
vt 0.8648317 0.3987528 0
vt 0.8634943 0.3987528 0
vt 0.8835492 0.3987528 0
vt 0.8822119 0.3987528 0
vt 0.8808751 0.3987528 0
vt 0.8795382 0.3987528 0
vt 0.8782013 0.3987528 0
vt 0.8768641 0.3987528 0
vt 0.8755276 0.3987528 0
vt 0.8741901 0.3987528 0
vt 0.8728533 0.3987528 0
vt 0.871516 0.3987528 0
vt 0.8701791 0.3987528 0
vt 0.8688421 0.3819145 0
vt 0.8675051 0.3819145 0
vt 0.8661683 0.3819145 0
vt 0.8648317 0.3819145 0
vt 0.8634943 0.3819145 0
vt 0.8835492 0.3819145 0
vt 0.8822119 0.3819145 0
vt 0.8808751 0.3819145 0
vt 0.8795382 0.3819145 0
vt 0.8782013 0.3819145 0
vt 0.8768641 0.3819145 0
vt 0.8755276 0.3819145 0
vt 0.8741901 0.3819145 0
vt 0.8728533 0.3819145 0
vt 0.871516 0.3819145 0
vt 0.8701791 0.3819145 0
vt 0.8688421 0.3650389 0
vt 0.8675051 0.3650389 0
vt 0.8661683 0.3650389 0
vt 0.8648317 0.3650389 0
vt 0.8634943 0.3650389 0
vt 0.8835492 0.3650389 0
vt 0.8822119 0.3650389 0
vt 0.8808751 0.3650389 0
vt 0.8795382 0.3650389 0
vt 0.8782013 0.3650389 0
vt 0.8768641 0.3650389 0
vt 0.8755276 0.3650389 0
vt 0.8741901 0.3650389 0
vt 0.8728533 0.3650389 0
vt 0.871516 0.3650389 0
vt 0.8701791 0.3650389 0
vt 0.8688421 0.3481671 0
vt 0.8675051 0.3481671 0
vt 0.8661683 0.3481671 0
vt 0.8648317 0.3481671 0
vt 0.8634943 0.3481671 0
vt 0.8835492 0.3481671 0
vt 0.8822119 0.3481671 0
vt 0.8808751 0.3481671 0
vt 0.8795382 0.3481671 0
vt 0.8782013 0.3481671 0
vt 0.8768641 0.3481671 0
vt 0.8755276 0.3481671 0
vt 0.8741901 0.3481671 0
vt 0.8728533 0.3481671 0
vt 0.871516 0.3481671 0
vt 0.8701791 0.3481671 0
vt 0.8688421 0.33134 0
vt 0.8675051 0.33134 0
vt 0.8661683 0.33134 0
vt 0.8648317 0.33134 0
vt 0.8634943 0.33134 0
vt 0.8835492 0.33134 0
vt 0.8822119 0.33134 0
vt 0.8808751 0.33134 0
vt 0.8795382 0.33134 0
vt 0.8782013 0.33134 0
vt 0.8768641 0.33134 0
vt 0.8755276 0.33134 0
vt 0.8741901 0.33134 0
vt 0.8728533 0.33134 0
vt 0.871516 0.33134 0
vt 0.8701791 0.33134 0
vt 0.8688421 0.3146013 0
vt 0.8675051 0.3146013 0
vt 0.8661683 0.3146013 0
vt 0.8648317 0.3146013 0
vt 0.8634943 0.3146013 0
vt 0.8835492 0.3146013 0
vt 0.8822119 0.3146013 0
vt 0.8808751 0.3146013 0
vt 0.8795382 0.3146013 0
vt 0.8782013 0.3146013 0
vt 0.8768641 0.3146013 0
vt 0.8755276 0.3146013 0
vt 0.8741901 0.3146013 0
vt 0.8728533 0.3146013 0
vt 0.871516 0.3146013 0
vt 0.8701791 0.3146013 0
vt 0.8688421 0.2979961 0
vt 0.8675051 0.2979961 0
vt 0.8661683 0.2979961 0
vt 0.8648317 0.2979961 0
vt 0.8634943 0.2979961 0
vt 0.8835492 0.2979961 0
vt 0.8822119 0.2979961 0
vt 0.8808751 0.2979961 0
vt 0.8795382 0.2979961 0
vt 0.8782013 0.2979961 0
vt 0.8768641 0.2979961 0
vt 0.8755276 0.2979961 0
vt 0.8741901 0.2979961 0
vt 0.8728533 0.2979961 0
vt 0.871516 0.2979961 0
vt 0.8701791 0.2979961 0
vt 0.8688421 0.2815686 0
vt 0.8675051 0.2815686 0
vt 0.8661683 0.2815686 0
vt 0.8648317 0.2815686 0
vt 0.8634943 0.2815686 0
vt 0.8835492 0.2815686 0
vt 0.8822119 0.2815686 0
vt 0.8808751 0.2815686 0
vt 0.8795382 0.2815686 0
vt 0.8782013 0.2815686 0
vt 0.8768641 0.2815686 0
vt 0.8755276 0.2815686 0
vt 0.8741901 0.2815686 0
vt 0.8728533 0.2815686 0
vt 0.871516 0.2815686 0
vt 0.8701791 0.2815686 0
vt 0.8688421 0.2653648 0
vt 0.8675051 0.2653648 0
vt 0.8661683 0.2653648 0
vt 0.8648317 0.2653648 0
vt 0.8634943 0.2653648 0
vt 0.8835492 0.2653648 0
vt 0.8822119 0.2653648 0
vt 0.8808751 0.2653648 0
vt 0.8795382 0.2653648 0
vt 0.8782013 0.2653648 0
vt 0.8768641 0.2653648 0
vt 0.8755276 0.2653648 0
vt 0.8741901 0.2653648 0
vt 0.8728533 0.2653648 0
vt 0.871516 0.2653648 0
vt 0.8701791 0.2653648 0
vt 0.8688421 0.2494264 0
vt 0.8675051 0.2494264 0
vt 0.8661683 0.2494264 0
vt 0.8648317 0.2494264 0
vt 0.8634943 0.2494264 0
vt 0.8835492 0.2494264 0
vt 0.8822119 0.2494264 0
vt 0.8808751 0.2494264 0
vt 0.8795382 0.2494264 0
vt 0.8782013 0.2494264 0
vt 0.8768641 0.2494264 0
vt 0.8755276 0.2494264 0
vt 0.8741901 0.2494264 0
vt 0.8728533 0.2494264 0
vt 0.871516 0.2494264 0
vt 0.8701791 0.2494264 0
vt 0.8688421 0.2337938 0
vt 0.8675051 0.2337938 0
vt 0.8661683 0.2337938 0
vt 0.8648317 0.2337938 0
vt 0.8634943 0.2337938 0
vt 0.8835492 0.2337938 0
vt 0.8822119 0.2337938 0
vt 0.8808751 0.2337938 0
vt 0.8795382 0.2337938 0
vt 0.8782013 0.2337938 0
vt 0.8768641 0.2337938 0
vt 0.8755276 0.2337938 0
vt 0.8741901 0.2337938 0
vt 0.8728533 0.2337938 0
vt 0.871516 0.2337938 0
vt 0.8701791 0.2337938 0
vt 0.8688421 0.218504 0
vt 0.8675051 0.218504 0
vt 0.8661683 0.218504 0
vt 0.8648317 0.218504 0
vt 0.8634943 0.218504 0
vt 0.8835492 0.218504 0
vt 0.8822119 0.218504 0
vt 0.8808751 0.218504 0
vt 0.8795382 0.218504 0
vt 0.8782013 0.218504 0
vt 0.8768641 0.218504 0
vt 0.8755276 0.218504 0
vt 0.8741901 0.218504 0
vt 0.8728533 0.218504 0
vt 0.871516 0.218504 0
vt 0.8701791 0.218504 0
vt 0.8688421 0.2035875 0
vt 0.8675051 0.2035875 0
vt 0.8661683 0.2035875 0
vt 0.8648317 0.2035875 0
vt 0.8634943 0.2035875 0
vt 0.8835492 0.2035875 0
vt 0.8822119 0.2035875 0
vt 0.8808751 0.2035875 0
vt 0.8795382 0.2035875 0
vt 0.8782013 0.2035875 0
vt 0.8768641 0.2035875 0
vt 0.8755276 0.2035875 0
vt 0.8741901 0.2035875 0
vt 0.8728533 0.2035875 0
vt 0.871516 0.2035875 0
vt 0.8701791 0.2035875 0
vt 0.8688421 0.1890697 0
vt 0.8675051 0.1890697 0
vt 0.8661683 0.1890697 0
vt 0.8648317 0.1890697 0
vt 0.8634943 0.1890697 0
vt 0.8835492 0.1890697 0
vt 0.8822119 0.1890697 0
vt 0.8808751 0.1890697 0
vt 0.8795382 0.1890697 0
vt 0.8782013 0.1890697 0
vt 0.8768641 0.1890697 0
vt 0.8755276 0.1890697 0
vt 0.8741901 0.1890697 0
vt 0.8728533 0.1890697 0
vt 0.871516 0.1890697 0
vt 0.8701791 0.1890697 0
vt 0.8688421 0.1749668 0
vt 0.8675051 0.1749668 0
vt 0.8661683 0.1749668 0
vt 0.8648317 0.1749668 0
vt 0.8634943 0.1749668 0
vt 0.8835492 0.1749668 0
vt 0.8822119 0.1749668 0
vt 0.8808751 0.1749668 0
vt 0.8795382 0.1749668 0
vt 0.8782013 0.1749668 0
vt 0.8768641 0.1749668 0
vt 0.8755276 0.1749668 0
vt 0.8741901 0.1749668 0
vt 0.8728533 0.1749668 0
vt 0.871516 0.1749668 0
vt 0.8701791 0.1749668 0
vt 0.8688421 0.1612796 0
vt 0.8675051 0.1612796 0
vt 0.8661683 0.1612796 0
vt 0.8648317 0.1612796 0
vt 0.8634943 0.1612796 0
vt 0.8835492 0.1612796 0
vt 0.8822119 0.1612796 0
vt 0.8808751 0.1612796 0
vt 0.8795382 0.1612796 0
vt 0.8782013 0.1612796 0
vt 0.8768641 0.1612796 0
vt 0.8755276 0.1612796 0
vt 0.8741901 0.1612796 0
vt 0.8728533 0.1612796 0
vt 0.871516 0.1612796 0
vt 0.8701791 0.1612796 0
vt 0.8688421 0.148001 0
vt 0.8675051 0.148001 0
vt 0.8661683 0.148001 0
vt 0.8648317 0.148001 0
vt 0.8634943 0.148001 0
vt 0.8835492 0.148001 0
vt 0.8822119 0.148001 0
vt 0.8808751 0.148001 0
vt 0.8795382 0.148001 0
vt 0.8782013 0.148001 0
vt 0.8768641 0.148001 0
vt 0.8755276 0.148001 0
vt 0.8741901 0.148001 0
vt 0.8728533 0.148001 0
vt 0.871516 0.148001 0
vt 0.8701791 0.148001 0
vt 0.8688421 0.1351031 0
vt 0.8675051 0.1351031 0
vt 0.8661683 0.1351031 0
vt 0.8648317 0.1351031 0
vt 0.8634943 0.1351031 0
vt 0.8835492 0.1351031 0
vt 0.8822119 0.1351031 0
vt 0.8808751 0.1351031 0
vt 0.8795382 0.1351031 0
vt 0.8782013 0.1351031 0
vt 0.8768641 0.1351031 0
vt 0.8755276 0.1351031 0
vt 0.8741901 0.1351031 0
vt 0.8728533 0.1351031 0
vt 0.871516 0.1351031 0
vt 0.8701791 0.1351031 0
vt 0.8688421 0.122536 0
vt 0.8675051 0.122536 0
vt 0.8661683 0.122536 0
vt 0.8648317 0.122536 0
vt 0.8634943 0.122536 0
vt 0.8835492 0.122536 0
vt 0.8822119 0.122536 0
vt 0.8808751 0.122536 0
vt 0.8795382 0.122536 0
vt 0.8782013 0.122536 0
vt 0.8768641 0.122536 0
vt 0.8755276 0.122536 0
vt 0.8741901 0.122536 0
vt 0.8728533 0.122536 0
vt 0.871516 0.122536 0
vt 0.8701791 0.122536 0
vt 0.8688421 0.1102268 0
vt 0.8675051 0.1102268 0
vt 0.8661683 0.1102268 0
vt 0.8648317 0.1102268 0
vt 0.8634943 0.1102268 0
vt 0.8835492 0.1102268 0
vt 0.8822119 0.1102268 0
vt 0.8808751 0.1102268 0
vt 0.8795382 0.1102268 0
vt 0.8782013 0.1102268 0
vt 0.8768641 0.1102268 0
vt 0.8755276 0.1102268 0
vt 0.8741901 0.1102268 0
vt 0.8728533 0.1102268 0
vt 0.871516 0.1102268 0
vt 0.8701791 0.1102268 0
vt 0.8688421 0.09807471 0
vt 0.8675051 0.09807471 0
vt 0.8661683 0.09807471 0
vt 0.8648317 0.09807471 0
vt 0.8634943 0.09807471 0
vt 0.8835492 0.09807471 0
vt 0.8822119 0.09807471 0
vt 0.8808751 0.09807471 0
vt 0.8795382 0.09807471 0
vt 0.8782013 0.09807471 0
vt 0.8768641 0.09807471 0
vt 0.8755276 0.09807471 0
vt 0.8741901 0.09807471 0
vt 0.8728533 0.09807471 0
vt 0.871516 0.09807471 0
vt 0.8701791 0.09807471 0
vt 0.8688421 0.08595098 0
vt 0.8675051 0.08595098 0
vt 0.8661683 0.08595098 0
vt 0.8648317 0.08595098 0
vt 0.8634943 0.08595098 0
vt 0.8835492 0.08595098 0
vt 0.8822119 0.08595098 0
vt 0.8808751 0.08595098 0
vt 0.8795382 0.08595098 0
vt 0.8782013 0.08595098 0
vt 0.8768641 0.08595098 0
vt 0.8755276 0.08595098 0
vt 0.8741901 0.08595098 0
vt 0.8728533 0.08595098 0
vt 0.871516 0.08595098 0
vt 0.8701791 0.08595098 0
vt 0.8688421 0.07369924 0
vt 0.8675051 0.07369924 0
vt 0.8661683 0.07369924 0
vt 0.8648317 0.07369924 0
vt 0.8634943 0.07369924 0
vt 0.8835492 0.07369924 0
vt 0.8822119 0.07369924 0
vt 0.8808751 0.07369924 0
vt 0.8795382 0.07369924 0
vt 0.8782013 0.07369924 0
vt 0.8768641 0.07369924 0
vt 0.8755276 0.07369924 0
vt 0.8741901 0.07369924 0
vt 0.8728533 0.07369924 0
vt 0.871516 0.07369924 0
vt 0.8701791 0.07369924 0
vt 0.8688421 0.06114246 0
vt 0.8675051 0.06114246 0
vt 0.8661683 0.06114246 0
vt 0.8648317 0.06114246 0
vt 0.8634943 0.06114246 0
vt 0.8835492 0.06114246 0
vt 0.8822119 0.06114246 0
vt 0.8808751 0.06114246 0
vt 0.8795382 0.06114246 0
vt 0.8782013 0.06114246 0
vt 0.8768641 0.06114246 0
vt 0.8755276 0.06114246 0
vt 0.8741901 0.06114246 0
vt 0.8728533 0.06114246 0
vt 0.871516 0.06114246 0
vt 0.8701791 0.06114246 0
vt 0.8688421 0.04808935 0
vt 0.8675051 0.04808935 0
vt 0.8661683 0.04808935 0
vt 0.8648317 0.04808935 0
vt 0.8634943 0.04808935 0
vt 0.8835492 0.04808935 0
vt 0.8822119 0.04808935 0
vt 0.8808751 0.04808935 0
vt 0.8795382 0.04808935 0
vt 0.8782013 0.04808935 0
vt 0.8768641 0.04808935 0
vt 0.8755276 0.04808935 0
vt 0.8741901 0.04808935 0
vt 0.8728533 0.04808935 0
vt 0.871516 0.04808935 0
vt 0.8701791 0.04808935 0
vt 0.8688421 0.03434088 0
vt 0.8675051 0.03434088 0
vt 0.8661683 0.03434088 0
vt 0.8648317 0.03434088 0
vt 0.8634943 0.03434088 0
vt 0.8835492 0.03434088 0
vt 0.8822119 0.03434088 0
vt 0.8808751 0.03434088 0
vt 0.8795382 0.03434088 0
vt 0.8782013 0.03434088 0
vt 0.8768641 0.03434088 0
vt 0.8755276 0.03434088 0
vt 0.8741901 0.03434088 0
vt 0.8728533 0.03434088 0
vt 0.871516 0.03434088 0
vt 0.8701791 0.03434088 0
vt 0.8688421 0.01969985 0
vt 0.8675051 0.01969985 0
vt 0.8661683 0.01969985 0
vt 0.8648317 0.01969985 0
vt 0.8634943 0.01969985 0
vt 0.8835492 0.01969985 0
vt 0.8822119 0.01969985 0
vt 0.8808751 0.01969985 0
vt 0.8795382 0.01969985 0
vt 0.8782013 0.01969985 0
vt 0.8768641 0.01969985 0
vt 0.8755276 0.01969985 0
vt 0.8741901 0.01969985 0
vt 0.8728533 0.01969985 0
vt 0.871516 0.01969985 0
vt 0.8701791 0.01969985 0
vt 0.8688421 0.003976725 0
vt 0.8675051 0.003976725 0
vt 0.8661683 0.003976725 0
vt 0.8648317 0.003976725 0
vt 0.8634943 0.003976725 0
vt 0.8835492 0.003976725 0
vt 0.8822119 0.003976725 0
vt 0.8808751 0.003976725 0
vt 0.8795382 0.003976725 0
vt 0.8782013 0.003976725 0
vt 0.8768641 0.003976725 0
vt 0.8755276 0.003976725 0
vt 0.8741901 0.003976725 0
vt 0.8728533 0.003976725 0
vt 0.871516 0.003976725 0
vt 0.8701791 0.003976725 0
vt 0.8417577 0.7222494 0
vt 0.8402498 0.7222494 0
vt 0.8628723 0.7222494 0
vt 0.861364 0.7222494 0
vt 0.8598559 0.7222494 0
vt 0.8583472 0.7222494 0
vt 0.856839 0.7222494 0
vt 0.8553312 0.7222494 0
vt 0.8538234 0.7222494 0
vt 0.8523155 0.7222494 0
vt 0.8508073 0.7222494 0
vt 0.8492992 0.7222494 0
vt 0.8477909 0.7222494 0
vt 0.8462824 0.7222494 0
vt 0.8447737 0.7222494 0
vt 0.8432661 0.7222494 0
vt 0.8417577 0.6972527 0
vt 0.8402498 0.6972527 0
vt 0.8387416 0.6972527 0
vt 0.861364 0.6972527 0
vt 0.8598559 0.6972527 0
vt 0.8583472 0.6972527 0
vt 0.856839 0.6972527 0
vt 0.8553312 0.6972527 0
vt 0.8538234 0.6972527 0
vt 0.8523155 0.6972527 0
vt 0.8508073 0.6972527 0
vt 0.8492992 0.6972527 0
vt 0.8477909 0.6972527 0
vt 0.8462824 0.6972527 0
vt 0.8447737 0.6972527 0
vt 0.8432661 0.6972527 0
vt 0.8417577 0.6730237 0
vt 0.8402498 0.6730237 0
vt 0.8387416 0.6730237 0
vt 0.861364 0.6730237 0
vt 0.8598559 0.6730237 0
vt 0.8583472 0.6730237 0
vt 0.856839 0.6730237 0
vt 0.8553312 0.6730237 0
vt 0.8538234 0.6730237 0
vt 0.8523155 0.6730237 0
vt 0.8508073 0.6730237 0
vt 0.8492992 0.6730237 0
vt 0.8477909 0.6730237 0
vt 0.8462824 0.6730237 0
vt 0.8447737 0.6730237 0
vt 0.8432661 0.6730237 0
vt 0.8417577 0.6495109 0
vt 0.8402498 0.6495109 0
vt 0.8387416 0.6495109 0
vt 0.861364 0.6495109 0
vt 0.8598559 0.6495109 0
vt 0.8583472 0.6495109 0
vt 0.856839 0.6495109 0
vt 0.8553312 0.6495109 0
vt 0.8538234 0.6495109 0
vt 0.8523155 0.6495109 0
vt 0.8508073 0.6495109 0
vt 0.8492992 0.6495109 0
vt 0.8477909 0.6495109 0
vt 0.8462824 0.6495109 0
vt 0.8447737 0.6495109 0
vt 0.8432661 0.6495109 0
vt 0.8417577 0.6266685 0
vt 0.8402498 0.6266685 0
vt 0.8387416 0.6266685 0
vt 0.861364 0.6266685 0
vt 0.8598559 0.6266685 0
vt 0.8583472 0.6266685 0
vt 0.856839 0.6266685 0
vt 0.8553312 0.6266685 0
vt 0.8538234 0.6266685 0
vt 0.8523155 0.6266685 0
vt 0.8508073 0.6266685 0
vt 0.8492992 0.6266685 0
vt 0.8477909 0.6266685 0
vt 0.8462824 0.6266685 0
vt 0.8447737 0.6266685 0
vt 0.8432661 0.6266685 0
vt 0.8417577 0.6044541 0
vt 0.8402498 0.6044541 0
vt 0.8387416 0.6044541 0
vt 0.861364 0.6044541 0
vt 0.8598559 0.6044541 0
vt 0.8583472 0.6044541 0
vt 0.856839 0.6044541 0
vt 0.8553312 0.6044541 0
vt 0.8538234 0.6044541 0
vt 0.8523155 0.6044541 0
vt 0.8508073 0.6044541 0
vt 0.8492992 0.6044541 0
vt 0.8477909 0.6044541 0
vt 0.8462824 0.6044541 0
vt 0.8447737 0.6044541 0
vt 0.8432661 0.6044541 0
vt 0.8417577 0.5828307 0
vt 0.8402498 0.5828307 0
vt 0.8387416 0.5828307 0
vt 0.861364 0.5828307 0
vt 0.8598559 0.5828307 0
vt 0.8583472 0.5828307 0
vt 0.856839 0.5828307 0
vt 0.8553312 0.5828307 0
vt 0.8538234 0.5828307 0
vt 0.8523155 0.5828307 0
vt 0.8508073 0.5828307 0
vt 0.8492992 0.5828307 0
vt 0.8477909 0.5828307 0
vt 0.8462824 0.5828307 0
vt 0.8447737 0.5828307 0
vt 0.8432661 0.5828307 0
vt 0.8417577 0.5617669 0
vt 0.8402498 0.5617669 0
vt 0.8387416 0.5617669 0
vt 0.861364 0.5617669 0
vt 0.8598559 0.5617669 0
vt 0.8583472 0.5617669 0
vt 0.856839 0.5617669 0
vt 0.8553312 0.5617669 0
vt 0.8538234 0.5617669 0
vt 0.8523155 0.5617669 0
vt 0.8508073 0.5617669 0
vt 0.8492992 0.5617669 0
vt 0.8477909 0.5617669 0
vt 0.8462824 0.5617669 0
vt 0.8447737 0.5617669 0
vt 0.8432661 0.5617669 0
vt 0.8417577 0.5412341 0
vt 0.8402498 0.5412341 0
vt 0.8387416 0.5412341 0
vt 0.861364 0.5412341 0
vt 0.8598559 0.5412341 0
vt 0.8583472 0.5412341 0
vt 0.856839 0.5412341 0
vt 0.8553312 0.5412341 0
vt 0.8538234 0.5412341 0
vt 0.8523155 0.5412341 0
vt 0.8508073 0.5412341 0
vt 0.8492992 0.5412341 0
vt 0.8477909 0.5412341 0
vt 0.8462824 0.5412341 0
vt 0.8447737 0.5412341 0
vt 0.8432661 0.5412341 0
vt 0.8417577 0.5212098 0
vt 0.8402498 0.5212098 0
vt 0.8387416 0.5212098 0
vt 0.861364 0.5212098 0
vt 0.8598559 0.5212098 0
vt 0.8583472 0.5212098 0
vt 0.856839 0.5212098 0
vt 0.8553312 0.5212098 0
vt 0.8538234 0.5212098 0
vt 0.8523155 0.5212098 0
vt 0.8508073 0.5212098 0
vt 0.8492992 0.5212098 0
vt 0.8477909 0.5212098 0
vt 0.8462824 0.5212098 0
vt 0.8447737 0.5212098 0
vt 0.8432661 0.5212098 0
vt 0.8417577 0.5016743 0
vt 0.8402498 0.5016743 0
vt 0.8387416 0.5016743 0
vt 0.861364 0.5016743 0
vt 0.8598559 0.5016743 0
vt 0.8583472 0.5016743 0
vt 0.856839 0.5016743 0
vt 0.8553312 0.5016743 0
vt 0.8538234 0.5016743 0
vt 0.8523155 0.5016743 0
vt 0.8508073 0.5016743 0
vt 0.8492992 0.5016743 0
vt 0.8477909 0.5016743 0
vt 0.8462824 0.5016743 0
vt 0.8447737 0.5016743 0
vt 0.8432661 0.5016743 0
vt 0.8417577 0.4826129 0
vt 0.8402498 0.4826129 0
vt 0.8387416 0.4826129 0
vt 0.861364 0.4826129 0
vt 0.8598559 0.4826129 0
vt 0.8583472 0.4826129 0
vt 0.856839 0.4826129 0
vt 0.8553312 0.4826129 0
vt 0.8538234 0.4826129 0
vt 0.8523155 0.4826129 0
vt 0.8508073 0.4826129 0
vt 0.8492992 0.4826129 0
vt 0.8477909 0.4826129 0
vt 0.8462824 0.4826129 0
vt 0.8447737 0.4826129 0
vt 0.8432661 0.4826129 0
vt 0.8417577 0.4640128 0
vt 0.8402498 0.4640128 0
vt 0.8387416 0.4640128 0
vt 0.861364 0.4640128 0
vt 0.8598559 0.4640128 0
vt 0.8583472 0.4640128 0
vt 0.856839 0.4640128 0
vt 0.8553312 0.4640128 0
vt 0.8538234 0.4640128 0
vt 0.8523155 0.4640128 0
vt 0.8508073 0.4640128 0
vt 0.8492992 0.4640128 0
vt 0.8477909 0.4640128 0
vt 0.8462824 0.4640128 0
vt 0.8447737 0.4640128 0
vt 0.8432661 0.4640128 0
vt 0.8417577 0.445865 0
vt 0.8402498 0.445865 0
vt 0.8387416 0.445865 0
vt 0.861364 0.445865 0
vt 0.8598559 0.445865 0
vt 0.8583472 0.445865 0
vt 0.856839 0.445865 0
vt 0.8553312 0.445865 0
vt 0.8538234 0.445865 0
vt 0.8523155 0.445865 0
vt 0.8508073 0.445865 0
vt 0.8492992 0.445865 0
vt 0.8477909 0.445865 0
vt 0.8462824 0.445865 0
vt 0.8447737 0.445865 0
vt 0.8432661 0.445865 0
vt 0.8417577 0.4281635 0
vt 0.8402498 0.4281635 0
vt 0.8387416 0.4281635 0
vt 0.861364 0.4281635 0
vt 0.8598559 0.4281635 0
vt 0.8583472 0.4281635 0
vt 0.856839 0.4281635 0
vt 0.8553312 0.4281635 0
vt 0.8538234 0.4281635 0
vt 0.8523155 0.4281635 0
vt 0.8508073 0.4281635 0
vt 0.8492992 0.4281635 0
vt 0.8477909 0.4281635 0
vt 0.8462824 0.4281635 0
vt 0.8447737 0.4281635 0
vt 0.8432661 0.4281635 0
vt 0.8417577 0.4109009 0
vt 0.8402498 0.4109009 0
vt 0.8387416 0.4109009 0
vt 0.861364 0.4109009 0
vt 0.8598559 0.4109009 0
vt 0.8583472 0.4109009 0
vt 0.856839 0.4109009 0
vt 0.8553312 0.4109009 0
vt 0.8538234 0.4109009 0
vt 0.8523155 0.4109009 0
vt 0.8508073 0.4109009 0
vt 0.8492992 0.4109009 0
vt 0.8477909 0.4109009 0
vt 0.8462824 0.4109009 0
vt 0.8447737 0.4109009 0
vt 0.8432661 0.4109009 0
vt 0.8417577 0.3940727 0
vt 0.8402498 0.3940727 0
vt 0.8387416 0.3940727 0
vt 0.861364 0.3940727 0
vt 0.8598559 0.3940727 0
vt 0.8583472 0.3940727 0
vt 0.856839 0.3940727 0
vt 0.8553312 0.3940727 0
vt 0.8538234 0.3940727 0
vt 0.8523155 0.3940727 0
vt 0.8508073 0.3940727 0
vt 0.8492992 0.3940727 0
vt 0.8477909 0.3940727 0
vt 0.8462824 0.3940727 0
vt 0.8447737 0.3940727 0
vt 0.8432661 0.3940727 0
vt 0.8417577 0.3776728 0
vt 0.8402498 0.3776728 0
vt 0.8387416 0.3776728 0
vt 0.861364 0.3776728 0
vt 0.8598559 0.3776728 0
vt 0.8583472 0.3776728 0
vt 0.856839 0.3776728 0
vt 0.8553312 0.3776728 0
vt 0.8538234 0.3776728 0
vt 0.8523155 0.3776728 0
vt 0.8508073 0.3776728 0
vt 0.8492992 0.3776728 0
vt 0.8477909 0.3776728 0
vt 0.8462824 0.3776728 0
vt 0.8447737 0.3776728 0
vt 0.8432661 0.3776728 0
vt 0.8417577 0.3616943 0
vt 0.8402498 0.3616943 0
vt 0.8387416 0.3616943 0
vt 0.861364 0.3616943 0
vt 0.8598559 0.3616943 0
vt 0.8583472 0.3616943 0
vt 0.856839 0.3616943 0
vt 0.8553312 0.3616943 0
vt 0.8538234 0.3616943 0
vt 0.8523155 0.3616943 0
vt 0.8508073 0.3616943 0
vt 0.8492992 0.3616943 0
vt 0.8477909 0.3616943 0
vt 0.8462824 0.3616943 0
vt 0.8447737 0.3616943 0
vt 0.8432661 0.3616943 0
vt 0.8417577 0.3461277 0
vt 0.8402498 0.3461277 0
vt 0.8387416 0.3461277 0
vt 0.861364 0.3461277 0
vt 0.8598559 0.3461277 0
vt 0.8583472 0.3461277 0
vt 0.856839 0.3461277 0
vt 0.8553312 0.3461277 0
vt 0.8538234 0.3461277 0
vt 0.8523155 0.3461277 0
vt 0.8508073 0.3461277 0
vt 0.8492992 0.3461277 0
vt 0.8477909 0.3461277 0
vt 0.8462824 0.3461277 0
vt 0.8447737 0.3461277 0
vt 0.8432661 0.3461277 0
vt 0.8417577 0.3309576 0
vt 0.8402498 0.3309576 0
vt 0.8387416 0.3309576 0
vt 0.861364 0.3309576 0
vt 0.8598559 0.3309576 0
vt 0.8583472 0.3309576 0
vt 0.856839 0.3309576 0
vt 0.8553312 0.3309576 0
vt 0.8538234 0.3309576 0
vt 0.8523155 0.3309576 0
vt 0.8508073 0.3309576 0
vt 0.8492992 0.3309576 0
vt 0.8477909 0.3309576 0
vt 0.8462824 0.3309576 0
vt 0.8447737 0.3309576 0
vt 0.8432661 0.3309576 0
vt 0.8417577 0.3161651 0
vt 0.8402498 0.3161651 0
vt 0.8387416 0.3161651 0
vt 0.861364 0.3161651 0
vt 0.8598559 0.3161651 0
vt 0.8583472 0.3161651 0
vt 0.856839 0.3161651 0
vt 0.8553312 0.3161651 0
vt 0.8538234 0.3161651 0
vt 0.8523155 0.3161651 0
vt 0.8508073 0.3161651 0
vt 0.8492992 0.3161651 0
vt 0.8477909 0.3161651 0
vt 0.8462824 0.3161651 0
vt 0.8447737 0.3161651 0
vt 0.8432661 0.3161651 0
vt 0.8417577 0.3017219 0
vt 0.8402498 0.3017219 0
vt 0.8387416 0.3017219 0
vt 0.861364 0.3017219 0
vt 0.8598559 0.3017219 0
vt 0.8583472 0.3017219 0
vt 0.856839 0.3017219 0
vt 0.8553312 0.3017219 0
vt 0.8538234 0.3017219 0
vt 0.8523155 0.3017219 0
vt 0.8508073 0.3017219 0
vt 0.8492992 0.3017219 0
vt 0.8477909 0.3017219 0
vt 0.8462824 0.3017219 0
vt 0.8447737 0.3017219 0
vt 0.8432661 0.3017219 0
vt 0.8417577 0.2875936 0
vt 0.8402498 0.2875936 0
vt 0.8387416 0.2875936 0
vt 0.861364 0.2875936 0
vt 0.8598559 0.2875936 0
vt 0.8583472 0.2875936 0
vt 0.856839 0.2875936 0
vt 0.8553312 0.2875936 0
vt 0.8538234 0.2875936 0
vt 0.8523155 0.2875936 0
vt 0.8508073 0.2875936 0
vt 0.8492992 0.2875936 0
vt 0.8477909 0.2875936 0
vt 0.8462824 0.2875936 0
vt 0.8447737 0.2875936 0
vt 0.8432661 0.2875936 0
vt 0.8417577 0.2737308 0
vt 0.8402498 0.2737308 0
vt 0.8387416 0.2737308 0
vt 0.861364 0.2737308 0
vt 0.8598559 0.2737308 0
vt 0.8583472 0.2737308 0
vt 0.856839 0.2737308 0
vt 0.8553312 0.2737308 0
vt 0.8538234 0.2737308 0
vt 0.8523155 0.2737308 0
vt 0.8508073 0.2737308 0
vt 0.8492992 0.2737308 0
vt 0.8477909 0.2737308 0
vt 0.8462824 0.2737308 0
vt 0.8447737 0.2737308 0
vt 0.8432661 0.2737308 0
vt 0.8417577 0.260073 0
vt 0.8402498 0.260073 0
vt 0.8387416 0.260073 0
vt 0.861364 0.260073 0
vt 0.8598559 0.260073 0
vt 0.8583472 0.260073 0
vt 0.856839 0.260073 0
vt 0.8553312 0.260073 0
vt 0.8538234 0.260073 0
vt 0.8523155 0.260073 0
vt 0.8508073 0.260073 0
vt 0.8492992 0.260073 0
vt 0.8477909 0.260073 0
vt 0.8462824 0.260073 0
vt 0.8447737 0.260073 0
vt 0.8432661 0.260073 0
vt 0.8417577 0.2465467 0
vt 0.8402498 0.2465467 0
vt 0.8387416 0.2465467 0
vt 0.861364 0.2465467 0
vt 0.8598559 0.2465467 0
vt 0.8583472 0.2465467 0
vt 0.856839 0.2465467 0
vt 0.8553312 0.2465467 0
vt 0.8538234 0.2465467 0
vt 0.8523155 0.2465467 0
vt 0.8508073 0.2465467 0
vt 0.8492992 0.2465467 0
vt 0.8477909 0.2465467 0
vt 0.8462824 0.2465467 0
vt 0.8447737 0.2465467 0
vt 0.8432661 0.2465467 0
vt 0.8417577 0.2330624 0
vt 0.8402498 0.2330624 0
vt 0.8387416 0.2330624 0
vt 0.861364 0.2330624 0
vt 0.8598559 0.2330624 0
vt 0.8583472 0.2330624 0
vt 0.856839 0.2330624 0
vt 0.8553312 0.2330624 0
vt 0.8538234 0.2330624 0
vt 0.8523155 0.2330624 0
vt 0.8508073 0.2330624 0
vt 0.8492992 0.2330624 0
vt 0.8477909 0.2330624 0
vt 0.8462824 0.2330624 0
vt 0.8447737 0.2330624 0
vt 0.8432661 0.2330624 0
vt 0.8417577 0.2195168 0
vt 0.8402498 0.2195168 0
vt 0.8387416 0.2195168 0
vt 0.861364 0.2195168 0
vt 0.8598559 0.2195168 0
vt 0.8583472 0.2195168 0
vt 0.856839 0.2195168 0
vt 0.8553312 0.2195168 0
vt 0.8538234 0.2195168 0
vt 0.8523155 0.2195168 0
vt 0.8508073 0.2195168 0
vt 0.8492992 0.2195168 0
vt 0.8477909 0.2195168 0
vt 0.8462824 0.2195168 0
vt 0.8447737 0.2195168 0
vt 0.8432661 0.2195168 0
vt 0.8417577 0.2057913 0
vt 0.8402498 0.2057913 0
vt 0.8387416 0.2057913 0
vt 0.861364 0.2057913 0
vt 0.8598559 0.2057913 0
vt 0.8583472 0.2057913 0
vt 0.856839 0.2057913 0
vt 0.8553312 0.2057913 0
vt 0.8538234 0.2057913 0
vt 0.8523155 0.2057913 0
vt 0.8508073 0.2057913 0
vt 0.8492992 0.2057913 0
vt 0.8477909 0.2057913 0
vt 0.8462824 0.2057913 0
vt 0.8447737 0.2057913 0
vt 0.8432661 0.2057913 0
vt 0.8417577 0.19176 0
vt 0.8402498 0.19176 0
vt 0.8387416 0.19176 0
vt 0.861364 0.19176 0
vt 0.8598559 0.19176 0
vt 0.8583472 0.19176 0
vt 0.856839 0.19176 0
vt 0.8553312 0.19176 0
vt 0.8538234 0.19176 0
vt 0.8523155 0.19176 0
vt 0.8508073 0.19176 0
vt 0.8492992 0.19176 0
vt 0.8477909 0.19176 0
vt 0.8462824 0.19176 0
vt 0.8447737 0.19176 0
vt 0.8432661 0.19176 0
vt 0.8417577 0.1772844 0
vt 0.8402498 0.1772844 0
vt 0.8387416 0.1772844 0
vt 0.861364 0.1772844 0
vt 0.8598559 0.1772844 0
vt 0.8583472 0.1772844 0
vt 0.856839 0.1772844 0
vt 0.8553312 0.1772844 0
vt 0.8538234 0.1772844 0
vt 0.8523155 0.1772844 0
vt 0.8508073 0.1772844 0
vt 0.8492992 0.1772844 0
vt 0.8477909 0.1772844 0
vt 0.8462824 0.1772844 0
vt 0.8447737 0.1772844 0
vt 0.8432661 0.1772844 0
vt 0.8417577 0.1622237 0
vt 0.8402498 0.1622237 0
vt 0.8387416 0.1622237 0
vt 0.861364 0.1622237 0
vt 0.8598559 0.1622237 0
vt 0.8583472 0.1622237 0
vt 0.856839 0.1622237 0
vt 0.8553312 0.1622237 0
vt 0.8538234 0.1622237 0
vt 0.8523155 0.1622237 0
vt 0.8508073 0.1622237 0
vt 0.8492992 0.1622237 0
vt 0.8477909 0.1622237 0
vt 0.8462824 0.1622237 0
vt 0.8447737 0.1622237 0
vt 0.8432661 0.1622237 0
vt 0.8417577 0.1464358 0
vt 0.8402498 0.1464358 0
vt 0.8387416 0.1464358 0
vt 0.861364 0.1464358 0
vt 0.8598559 0.1464358 0
vt 0.8583472 0.1464358 0
vt 0.856839 0.1464358 0
vt 0.8553312 0.1464358 0
vt 0.8538234 0.1464358 0
vt 0.8523155 0.1464358 0
vt 0.8508073 0.1464358 0
vt 0.8492992 0.1464358 0
vt 0.8477909 0.1464358 0
vt 0.8462824 0.1464358 0
vt 0.8447737 0.1464358 0
vt 0.8432661 0.1464358 0
vt 0.8417577 0.1297792 0
vt 0.8402498 0.1297792 0
vt 0.8387416 0.1297792 0
vt 0.861364 0.1297792 0
vt 0.8598559 0.1297792 0
vt 0.8583472 0.1297792 0
vt 0.856839 0.1297792 0
vt 0.8553312 0.1297792 0
vt 0.8538234 0.1297792 0
vt 0.8523155 0.1297792 0
vt 0.8508073 0.1297792 0
vt 0.8492992 0.1297792 0
vt 0.8477909 0.1297792 0
vt 0.8462824 0.1297792 0
vt 0.8447737 0.1297792 0
vt 0.8432661 0.1297792 0
vt 0.8417577 0.1121171 0
vt 0.8402498 0.1121171 0
vt 0.8387416 0.1121171 0
vt 0.861364 0.1121171 0
vt 0.8598559 0.1121171 0
vt 0.8583472 0.1121171 0
vt 0.856839 0.1121171 0
vt 0.8553312 0.1121171 0
vt 0.8538234 0.1121171 0
vt 0.8523155 0.1121171 0
vt 0.8508073 0.1121171 0
vt 0.8492992 0.1121171 0
vt 0.8477909 0.1121171 0
vt 0.8462824 0.1121171 0
vt 0.8447737 0.1121171 0
vt 0.8432661 0.1121171 0
vt 0.8417577 0.09331656 0
vt 0.8402498 0.09331656 0
vt 0.8387416 0.09331656 0
vt 0.861364 0.09331656 0
vt 0.8598559 0.09331656 0
vt 0.8583472 0.09331656 0
vt 0.856839 0.09331656 0
vt 0.8553312 0.09331656 0
vt 0.8538234 0.09331656 0
vt 0.8523155 0.09331656 0
vt 0.8508073 0.09331656 0
vt 0.8492992 0.09331656 0
vt 0.8477909 0.09331656 0
vt 0.8462824 0.09331656 0
vt 0.8447737 0.09331656 0
vt 0.8432661 0.09331656 0
vt 0.8417577 0.07325177 0
vt 0.8402498 0.07325177 0
vt 0.8387416 0.07325177 0
vt 0.861364 0.07325177 0
vt 0.8598559 0.07325177 0
vt 0.8583472 0.07325177 0
vt 0.856839 0.07325177 0
vt 0.8553312 0.07325177 0
vt 0.8538234 0.07325177 0
vt 0.8523155 0.07325177 0
vt 0.8508073 0.07325177 0
vt 0.8492992 0.07325177 0
vt 0.8477909 0.07325177 0
vt 0.8462824 0.07325177 0
vt 0.8447737 0.07325177 0
vt 0.8432661 0.07325177 0
vt 0.8417577 0.05180177 0
vt 0.8402498 0.05180177 0
vt 0.8387416 0.05180177 0
vt 0.861364 0.05180177 0
vt 0.8598559 0.05180177 0
vt 0.8583472 0.05180177 0
vt 0.856839 0.05180177 0
vt 0.8553312 0.05180177 0
vt 0.8538234 0.05180177 0
vt 0.8523155 0.05180177 0
vt 0.8508073 0.05180177 0
vt 0.8492992 0.05180177 0
vt 0.8477909 0.05180177 0
vt 0.8462824 0.05180177 0
vt 0.8447737 0.05180177 0
vt 0.8432661 0.05180177 0
vt 0.8417577 0.02885228 0
vt 0.8402498 0.02885228 0
vt 0.8387416 0.02885228 0
vt 0.861364 0.02885228 0
vt 0.8598559 0.02885228 0
vt 0.8583472 0.02885228 0
vt 0.856839 0.02885228 0
vt 0.8553312 0.02885228 0
vt 0.8538234 0.02885228 0
vt 0.8523155 0.02885228 0
vt 0.8508073 0.02885228 0
vt 0.8492992 0.02885228 0
vt 0.8477909 0.02885228 0
vt 0.8462824 0.02885228 0
vt 0.8447737 0.02885228 0
vt 0.8432661 0.02885228 0
vt 0.8417577 0.004293671 0
vt 0.8402498 0.004293671 0
vt 0.8387416 0.004293671 0
vt 0.861364 0.004293671 0
vt 0.8598559 0.004293671 0
vt 0.8583472 0.004293671 0
vt 0.856839 0.004293671 0
vt 0.8553312 0.004293671 0
vt 0.8538234 0.004293671 0
vt 0.8523155 0.004293671 0
vt 0.8508073 0.004293671 0
vt 0.8492992 0.004293671 0
vt 0.8477909 0.004293671 0
vt 0.8462824 0.004293671 0
vt 0.8447737 0.004293671 0
vt 0.8432661 0.004293671 0
vt 0.8869588 0.4286146 0
vt 0.9096442 0.4286146 0
vt 0.9081315 0.4286146 0
vt 0.9066192 0.4286146 0
vt 0.9051062 0.4286146 0
vt 0.9035936 0.4286146 0
vt 0.9020817 0.4286146 0
vt 0.9005697 0.4286146 0
vt 0.8990576 0.4286146 0
vt 0.8975455 0.4286146 0
vt 0.8960324 0.4286146 0
vt 0.8945198 0.4286146 0
vt 0.8930066 0.4286146 0
vt 0.8914945 0.4286146 0
vt 0.8899822 0.4286146 0
vt 0.888471 0.4286146 0
vt 0.8869588 0.4171524 0
vt 0.8854461 0.4171524 0
vt 0.9081315 0.4171524 0
vt 0.9066192 0.4171524 0
vt 0.9051062 0.4171524 0
vt 0.9035936 0.4171524 0
vt 0.9020817 0.4171524 0
vt 0.9005697 0.4171524 0
vt 0.8990576 0.4171524 0
vt 0.8975455 0.4171524 0
vt 0.8960324 0.4171524 0
vt 0.8945198 0.4171524 0
vt 0.8930066 0.4171524 0
vt 0.8914945 0.4171524 0
vt 0.8899822 0.4171524 0
vt 0.888471 0.4171524 0
vt 0.8869588 0.405751 0
vt 0.8854461 0.405751 0
vt 0.9081315 0.405751 0
vt 0.9066192 0.405751 0
vt 0.9051062 0.405751 0
vt 0.9035936 0.405751 0
vt 0.9020817 0.405751 0
vt 0.9005697 0.405751 0
vt 0.8990576 0.405751 0
vt 0.8975455 0.405751 0
vt 0.8960324 0.405751 0
vt 0.8945198 0.405751 0
vt 0.8930066 0.405751 0
vt 0.8914945 0.405751 0
vt 0.8899822 0.405751 0
vt 0.888471 0.405751 0
vt 0.8869588 0.394353 0
vt 0.8854461 0.394353 0
vt 0.9081315 0.394353 0
vt 0.9066192 0.394353 0
vt 0.9051062 0.394353 0
vt 0.9035936 0.394353 0
vt 0.9020817 0.394353 0
vt 0.9005697 0.394353 0
vt 0.8990576 0.394353 0
vt 0.8975455 0.394353 0
vt 0.8960324 0.394353 0
vt 0.8945198 0.394353 0
vt 0.8930066 0.394353 0
vt 0.8914945 0.394353 0
vt 0.8899822 0.394353 0
vt 0.888471 0.394353 0
vt 0.8869588 0.382913 0
vt 0.8854461 0.382913 0
vt 0.9081315 0.382913 0
vt 0.9066192 0.382913 0
vt 0.9051062 0.382913 0
vt 0.9035936 0.382913 0
vt 0.9020817 0.382913 0
vt 0.9005697 0.382913 0
vt 0.8990576 0.382913 0
vt 0.8975455 0.382913 0
vt 0.8960324 0.382913 0
vt 0.8945198 0.382913 0
vt 0.8930066 0.382913 0
vt 0.8914945 0.382913 0
vt 0.8899822 0.382913 0
vt 0.888471 0.382913 0
vt 0.8869588 0.3713978 0
vt 0.8854461 0.3713978 0
vt 0.9081315 0.3713978 0
vt 0.9066192 0.3713978 0
vt 0.9051062 0.3713978 0
vt 0.9035936 0.3713978 0
vt 0.9020817 0.3713978 0
vt 0.9005697 0.3713978 0
vt 0.8990576 0.3713978 0
vt 0.8975455 0.3713978 0
vt 0.8960324 0.3713978 0
vt 0.8945198 0.3713978 0
vt 0.8930066 0.3713978 0
vt 0.8914945 0.3713978 0
vt 0.8899822 0.3713978 0
vt 0.888471 0.3713978 0
vt 0.8869588 0.3597837 0
vt 0.8854461 0.3597837 0
vt 0.9081315 0.3597837 0
vt 0.9066192 0.3597837 0
vt 0.9051062 0.3597837 0
vt 0.9035936 0.3597837 0
vt 0.9020817 0.3597837 0
vt 0.9005697 0.3597837 0
vt 0.8990576 0.3597837 0
vt 0.8975455 0.3597837 0
vt 0.8960324 0.3597837 0
vt 0.8945198 0.3597837 0
vt 0.8930066 0.3597837 0
vt 0.8914945 0.3597837 0
vt 0.8899822 0.3597837 0
vt 0.888471 0.3597837 0
vt 0.8869588 0.3480601 0
vt 0.8854461 0.3480601 0
vt 0.9081315 0.3480601 0
vt 0.9066192 0.3480601 0
vt 0.9051062 0.3480601 0
vt 0.9035936 0.3480601 0
vt 0.9020817 0.3480601 0
vt 0.9005697 0.3480601 0
vt 0.8990576 0.3480601 0
vt 0.8975455 0.3480601 0
vt 0.8960324 0.3480601 0
vt 0.8945198 0.3480601 0
vt 0.8930066 0.3480601 0
vt 0.8914945 0.3480601 0
vt 0.8899822 0.3480601 0
vt 0.888471 0.3480601 0
vt 0.8869588 0.3362215 0
vt 0.8854461 0.3362215 0
vt 0.9081315 0.3362215 0
vt 0.9066192 0.3362215 0
vt 0.9051062 0.3362215 0
vt 0.9035936 0.3362215 0
vt 0.9020817 0.3362215 0
vt 0.9005697 0.3362215 0
vt 0.8990576 0.3362215 0
vt 0.8975455 0.3362215 0
vt 0.8960324 0.3362215 0
vt 0.8945198 0.3362215 0
vt 0.8930066 0.3362215 0
vt 0.8914945 0.3362215 0
vt 0.8899822 0.3362215 0
vt 0.888471 0.3362215 0
vt 0.8869588 0.3242728 0
vt 0.8854461 0.3242728 0
vt 0.9081315 0.3242728 0
vt 0.9066192 0.3242728 0
vt 0.9051062 0.3242728 0
vt 0.9035936 0.3242728 0
vt 0.9020817 0.3242728 0
vt 0.9005697 0.3242728 0
vt 0.8990576 0.3242728 0
vt 0.8975455 0.3242728 0
vt 0.8960324 0.3242728 0
vt 0.8945198 0.3242728 0
vt 0.8930066 0.3242728 0
vt 0.8914945 0.3242728 0
vt 0.8899822 0.3242728 0
vt 0.888471 0.3242728 0
vt 0.8869588 0.3122244 0
vt 0.8854461 0.3122244 0
vt 0.9081315 0.3122244 0
vt 0.9066192 0.3122244 0
vt 0.9051062 0.3122244 0
vt 0.9035936 0.3122244 0
vt 0.9020817 0.3122244 0
vt 0.9005697 0.3122244 0
vt 0.8990576 0.3122244 0
vt 0.8975455 0.3122244 0
vt 0.8960324 0.3122244 0
vt 0.8945198 0.3122244 0
vt 0.8930066 0.3122244 0
vt 0.8914945 0.3122244 0
vt 0.8899822 0.3122244 0
vt 0.888471 0.3122244 0
vt 0.8869588 0.3000919 0
vt 0.8854461 0.3000919 0
vt 0.9081315 0.3000919 0
vt 0.9066192 0.3000919 0
vt 0.9051062 0.3000919 0
vt 0.9035936 0.3000919 0
vt 0.9020817 0.3000919 0
vt 0.9005697 0.3000919 0
vt 0.8990576 0.3000919 0
vt 0.8975455 0.3000919 0
vt 0.8960324 0.3000919 0
vt 0.8945198 0.3000919 0
vt 0.8930066 0.3000919 0
vt 0.8914945 0.3000919 0
vt 0.8899822 0.3000919 0
vt 0.888471 0.3000919 0
vt 0.8869588 0.2878976 0
vt 0.8854461 0.2878976 0
vt 0.9081315 0.2878976 0
vt 0.9066192 0.2878976 0
vt 0.9051062 0.2878976 0
vt 0.9035936 0.2878976 0
vt 0.9020817 0.2878976 0
vt 0.9005697 0.2878976 0
vt 0.8990576 0.2878976 0
vt 0.8975455 0.2878976 0
vt 0.8960324 0.2878976 0
vt 0.8945198 0.2878976 0
vt 0.8930066 0.2878976 0
vt 0.8914945 0.2878976 0
vt 0.8899822 0.2878976 0
vt 0.888471 0.2878976 0
vt 0.8869588 0.2756651 0
vt 0.8854461 0.2756651 0
vt 0.9081315 0.2756651 0
vt 0.9066192 0.2756651 0
vt 0.9051062 0.2756651 0
vt 0.9035936 0.2756651 0
vt 0.9020817 0.2756651 0
vt 0.9005697 0.2756651 0
vt 0.8990576 0.2756651 0
vt 0.8975455 0.2756651 0
vt 0.8960324 0.2756651 0
vt 0.8945198 0.2756651 0
vt 0.8930066 0.2756651 0
vt 0.8914945 0.2756651 0
vt 0.8899822 0.2756651 0
vt 0.888471 0.2756651 0
vt 0.8869588 0.2634216 0
vt 0.8854461 0.2634216 0
vt 0.9081315 0.2634216 0
vt 0.9066192 0.2634216 0
vt 0.9051062 0.2634216 0
vt 0.9035936 0.2634216 0
vt 0.9020817 0.2634216 0
vt 0.9005697 0.2634216 0
vt 0.8990576 0.2634216 0
vt 0.8975455 0.2634216 0
vt 0.8960324 0.2634216 0
vt 0.8945198 0.2634216 0
vt 0.8930066 0.2634216 0
vt 0.8914945 0.2634216 0
vt 0.8899822 0.2634216 0
vt 0.888471 0.2634216 0
vt 0.8869588 0.2511988 0
vt 0.8854461 0.2511988 0
vt 0.9081315 0.2511988 0
vt 0.9066192 0.2511988 0
vt 0.9051062 0.2511988 0
vt 0.9035936 0.2511988 0
vt 0.9020817 0.2511988 0
vt 0.9005697 0.2511988 0
vt 0.8990576 0.2511988 0
vt 0.8975455 0.2511988 0
vt 0.8960324 0.2511988 0
vt 0.8945198 0.2511988 0
vt 0.8930066 0.2511988 0
vt 0.8914945 0.2511988 0
vt 0.8899822 0.2511988 0
vt 0.888471 0.2511988 0
vt 0.8869588 0.2390279 0
vt 0.8854461 0.2390279 0
vt 0.9081315 0.2390279 0
vt 0.9066192 0.2390279 0
vt 0.9051062 0.2390279 0
vt 0.9035936 0.2390279 0
vt 0.9020817 0.2390279 0
vt 0.9005697 0.2390279 0
vt 0.8990576 0.2390279 0
vt 0.8975455 0.2390279 0
vt 0.8960324 0.2390279 0
vt 0.8945198 0.2390279 0
vt 0.8930066 0.2390279 0
vt 0.8914945 0.2390279 0
vt 0.8899822 0.2390279 0
vt 0.888471 0.2390279 0
vt 0.8869588 0.2269424 0
vt 0.8854461 0.2269424 0
vt 0.9081315 0.2269424 0
vt 0.9066192 0.2269424 0
vt 0.9051062 0.2269424 0
vt 0.9035936 0.2269424 0
vt 0.9020817 0.2269424 0
vt 0.9005697 0.2269424 0
vt 0.8990576 0.2269424 0
vt 0.8975455 0.2269424 0
vt 0.8960324 0.2269424 0
vt 0.8945198 0.2269424 0
vt 0.8930066 0.2269424 0
vt 0.8914945 0.2269424 0
vt 0.8899822 0.2269424 0
vt 0.888471 0.2269424 0
vt 0.8869588 0.2149775 0
vt 0.8854461 0.2149775 0
vt 0.9081315 0.2149775 0
vt 0.9066192 0.2149775 0
vt 0.9051062 0.2149775 0
vt 0.9035936 0.2149775 0
vt 0.9020817 0.2149775 0
vt 0.9005697 0.2149775 0
vt 0.8990576 0.2149775 0
vt 0.8975455 0.2149775 0
vt 0.8960324 0.2149775 0
vt 0.8945198 0.2149775 0
vt 0.8930066 0.2149775 0
vt 0.8914945 0.2149775 0
vt 0.8899822 0.2149775 0
vt 0.888471 0.2149775 0
vt 0.8869588 0.2031672 0
vt 0.8854461 0.2031672 0
vt 0.9081315 0.2031672 0
vt 0.9066192 0.2031672 0
vt 0.9051062 0.2031672 0
vt 0.9035936 0.2031672 0
vt 0.9020817 0.2031672 0
vt 0.9005697 0.2031672 0
vt 0.8990576 0.2031672 0
vt 0.8975455 0.2031672 0
vt 0.8960324 0.2031672 0
vt 0.8945198 0.2031672 0
vt 0.8930066 0.2031672 0
vt 0.8914945 0.2031672 0
vt 0.8899822 0.2031672 0
vt 0.888471 0.2031672 0
vt 0.8869588 0.1915463 0
vt 0.8854461 0.1915463 0
vt 0.9081315 0.1915463 0
vt 0.9066192 0.1915463 0
vt 0.9051062 0.1915463 0
vt 0.9035936 0.1915463 0
vt 0.9020817 0.1915463 0
vt 0.9005697 0.1915463 0
vt 0.8990576 0.1915463 0
vt 0.8975455 0.1915463 0
vt 0.8960324 0.1915463 0
vt 0.8945198 0.1915463 0
vt 0.8930066 0.1915463 0
vt 0.8914945 0.1915463 0
vt 0.8899822 0.1915463 0
vt 0.888471 0.1915463 0
vt 0.8869588 0.1801475 0
vt 0.8854461 0.1801475 0
vt 0.9081315 0.1801475 0
vt 0.9066192 0.1801475 0
vt 0.9051062 0.1801475 0
vt 0.9035936 0.1801475 0
vt 0.9020817 0.1801475 0
vt 0.9005697 0.1801475 0
vt 0.8990576 0.1801475 0
vt 0.8975455 0.1801475 0
vt 0.8960324 0.1801475 0
vt 0.8945198 0.1801475 0
vt 0.8930066 0.1801475 0
vt 0.8914945 0.1801475 0
vt 0.8899822 0.1801475 0
vt 0.888471 0.1801475 0
vt 0.8869588 0.1690045 0
vt 0.8854461 0.1690045 0
vt 0.9081315 0.1690045 0
vt 0.9066192 0.1690045 0
vt 0.9051062 0.1690045 0
vt 0.9035936 0.1690045 0
vt 0.9020817 0.1690045 0
vt 0.9005697 0.1690045 0
vt 0.8990576 0.1690045 0
vt 0.8975455 0.1690045 0
vt 0.8960324 0.1690045 0
vt 0.8945198 0.1690045 0
vt 0.8930066 0.1690045 0
vt 0.8914945 0.1690045 0
vt 0.8899822 0.1690045 0
vt 0.888471 0.1690045 0
vt 0.8869588 0.1581465 0
vt 0.8854461 0.1581465 0
vt 0.9081315 0.1581465 0
vt 0.9066192 0.1581465 0
vt 0.9051062 0.1581465 0
vt 0.9035936 0.1581465 0
vt 0.9020817 0.1581465 0
vt 0.9005697 0.1581465 0
vt 0.8990576 0.1581465 0
vt 0.8975455 0.1581465 0
vt 0.8960324 0.1581465 0
vt 0.8945198 0.1581465 0
vt 0.8930066 0.1581465 0
vt 0.8914945 0.1581465 0
vt 0.8899822 0.1581465 0
vt 0.888471 0.1581465 0
vt 0.8869588 0.1475997 0
vt 0.8854461 0.1475997 0
vt 0.9081315 0.1475997 0
vt 0.9066192 0.1475997 0
vt 0.9051062 0.1475997 0
vt 0.9035936 0.1475997 0
vt 0.9020817 0.1475997 0
vt 0.9005697 0.1475997 0
vt 0.8990576 0.1475997 0
vt 0.8975455 0.1475997 0
vt 0.8960324 0.1475997 0
vt 0.8945198 0.1475997 0
vt 0.8930066 0.1475997 0
vt 0.8914945 0.1475997 0
vt 0.8899822 0.1475997 0
vt 0.888471 0.1475997 0
vt 0.8869588 0.1373888 0
vt 0.8854461 0.1373888 0
vt 0.9081315 0.1373888 0
vt 0.9066192 0.1373888 0
vt 0.9051062 0.1373888 0
vt 0.9035936 0.1373888 0
vt 0.9020817 0.1373888 0
vt 0.9005697 0.1373888 0
vt 0.8990576 0.1373888 0
vt 0.8975455 0.1373888 0
vt 0.8960324 0.1373888 0
vt 0.8945198 0.1373888 0
vt 0.8930066 0.1373888 0
vt 0.8914945 0.1373888 0
vt 0.8899822 0.1373888 0
vt 0.888471 0.1373888 0
vt 0.8869588 0.127529 0
vt 0.8854461 0.127529 0
vt 0.9081315 0.127529 0
vt 0.9066192 0.127529 0
vt 0.9051062 0.127529 0
vt 0.9035936 0.127529 0
vt 0.9020817 0.127529 0
vt 0.9005697 0.127529 0
vt 0.8990576 0.127529 0
vt 0.8975455 0.127529 0
vt 0.8960324 0.127529 0
vt 0.8945198 0.127529 0
vt 0.8930066 0.127529 0
vt 0.8914945 0.127529 0
vt 0.8899822 0.127529 0
vt 0.888471 0.127529 0
vt 0.8869588 0.1180307 0
vt 0.8854461 0.1180307 0
vt 0.9081315 0.1180307 0
vt 0.9066192 0.1180307 0
vt 0.9051062 0.1180307 0
vt 0.9035936 0.1180307 0
vt 0.9020817 0.1180307 0
vt 0.9005697 0.1180307 0
vt 0.8990576 0.1180307 0
vt 0.8975455 0.1180307 0
vt 0.8960324 0.1180307 0
vt 0.8945198 0.1180307 0
vt 0.8930066 0.1180307 0
vt 0.8914945 0.1180307 0
vt 0.8899822 0.1180307 0
vt 0.888471 0.1180307 0
vt 0.8869588 0.1088945 0
vt 0.8854461 0.1088945 0
vt 0.9081315 0.1088945 0
vt 0.9066192 0.1088945 0
vt 0.9051062 0.1088945 0
vt 0.9035936 0.1088945 0
vt 0.9020817 0.1088945 0
vt 0.9005697 0.1088945 0
vt 0.8990576 0.1088945 0
vt 0.8975455 0.1088945 0
vt 0.8960324 0.1088945 0
vt 0.8945198 0.1088945 0
vt 0.8930066 0.1088945 0
vt 0.8914945 0.1088945 0
vt 0.8899822 0.1088945 0
vt 0.888471 0.1088945 0
vt 0.8869588 0.1001073 0
vt 0.8854461 0.1001073 0
vt 0.9081315 0.1001073 0
vt 0.9066192 0.1001073 0
vt 0.9051062 0.1001073 0
vt 0.9035936 0.1001073 0
vt 0.9020817 0.1001073 0
vt 0.9005697 0.1001073 0
vt 0.8990576 0.1001073 0
vt 0.8975455 0.1001073 0
vt 0.8960324 0.1001073 0
vt 0.8945198 0.1001073 0
vt 0.8930066 0.1001073 0
vt 0.8914945 0.1001073 0
vt 0.8899822 0.1001073 0
vt 0.888471 0.1001073 0
vt 0.8869588 0.0916415 0
vt 0.8854461 0.0916415 0
vt 0.9081315 0.0916415 0
vt 0.9066192 0.0916415 0
vt 0.9051062 0.0916415 0
vt 0.9035936 0.0916415 0
vt 0.9020817 0.0916415 0
vt 0.9005697 0.0916415 0
vt 0.8990576 0.0916415 0
vt 0.8975455 0.0916415 0
vt 0.8960324 0.0916415 0
vt 0.8945198 0.0916415 0
vt 0.8930066 0.0916415 0
vt 0.8914945 0.0916415 0
vt 0.8899822 0.0916415 0
vt 0.888471 0.0916415 0
vt 0.8869588 0.08345131 0
vt 0.8854461 0.08345131 0
vt 0.9081315 0.08345131 0
vt 0.9066192 0.08345131 0
vt 0.9051062 0.08345131 0
vt 0.9035936 0.08345131 0
vt 0.9020817 0.08345131 0
vt 0.9005697 0.08345131 0
vt 0.8990576 0.08345131 0
vt 0.8975455 0.08345131 0
vt 0.8960324 0.08345131 0
vt 0.8945198 0.08345131 0
vt 0.8930066 0.08345131 0
vt 0.8914945 0.08345131 0
vt 0.8899822 0.08345131 0
vt 0.888471 0.08345131 0
vt 0.8869588 0.07546656 0
vt 0.8854461 0.07546656 0
vt 0.9081315 0.07546656 0
vt 0.9066192 0.07546656 0
vt 0.9051062 0.07546656 0
vt 0.9035936 0.07546656 0
vt 0.9020817 0.07546656 0
vt 0.9005697 0.07546656 0
vt 0.8990576 0.07546656 0
vt 0.8975455 0.07546656 0
vt 0.8960324 0.07546656 0
vt 0.8945198 0.07546656 0
vt 0.8930066 0.07546656 0
vt 0.8914945 0.07546656 0
vt 0.8899822 0.07546656 0
vt 0.888471 0.07546656 0
vt 0.8869588 0.06759509 0
vt 0.8854461 0.06759509 0
vt 0.9081315 0.06759509 0
vt 0.9066192 0.06759509 0
vt 0.9051062 0.06759509 0
vt 0.9035936 0.06759509 0
vt 0.9020817 0.06759509 0
vt 0.9005697 0.06759509 0
vt 0.8990576 0.06759509 0
vt 0.8975455 0.06759509 0
vt 0.8960324 0.06759509 0
vt 0.8945198 0.06759509 0
vt 0.8930066 0.06759509 0
vt 0.8914945 0.06759509 0
vt 0.8899822 0.06759509 0
vt 0.888471 0.06759509 0
vt 0.8869588 0.05971927 0
vt 0.8854461 0.05971927 0
vt 0.9081315 0.05971927 0
vt 0.9066192 0.05971927 0
vt 0.9051062 0.05971927 0
vt 0.9035936 0.05971927 0
vt 0.9020817 0.05971927 0
vt 0.9005697 0.05971927 0
vt 0.8990576 0.05971927 0
vt 0.8975455 0.05971927 0
vt 0.8960324 0.05971927 0
vt 0.8945198 0.05971927 0
vt 0.8930066 0.05971927 0
vt 0.8914945 0.05971927 0
vt 0.8899822 0.05971927 0
vt 0.888471 0.05971927 0
vt 0.8869588 0.05170274 0
vt 0.8854461 0.05170274 0
vt 0.9081315 0.05170274 0
vt 0.9066192 0.05170274 0
vt 0.9051062 0.05170274 0
vt 0.9035936 0.05170274 0
vt 0.9020817 0.05170274 0
vt 0.9005697 0.05170274 0
vt 0.8990576 0.05170274 0
vt 0.8975455 0.05170274 0
vt 0.8960324 0.05170274 0
vt 0.8945198 0.05170274 0
vt 0.8930066 0.05170274 0
vt 0.8914945 0.05170274 0
vt 0.8899822 0.05170274 0
vt 0.888471 0.05170274 0
vt 0.8869588 0.04339138 0
vt 0.8854461 0.04339138 0
vt 0.9081315 0.04339138 0
vt 0.9066192 0.04339138 0
vt 0.9051062 0.04339138 0
vt 0.9035936 0.04339138 0
vt 0.9020817 0.04339138 0
vt 0.9005697 0.04339138 0
vt 0.8990576 0.04339138 0
vt 0.8975455 0.04339138 0
vt 0.8960324 0.04339138 0
vt 0.8945198 0.04339138 0
vt 0.8930066 0.04339138 0
vt 0.8914945 0.04339138 0
vt 0.8899822 0.04339138 0
vt 0.888471 0.04339138 0
vt 0.8869588 0.03462805 0
vt 0.8854461 0.03462805 0
vt 0.9081315 0.03462805 0
vt 0.9066192 0.03462805 0
vt 0.9051062 0.03462805 0
vt 0.9035936 0.03462805 0
vt 0.9020817 0.03462805 0
vt 0.9005697 0.03462805 0
vt 0.8990576 0.03462805 0
vt 0.8975455 0.03462805 0
vt 0.8960324 0.03462805 0
vt 0.8945198 0.03462805 0
vt 0.8930066 0.03462805 0
vt 0.8914945 0.03462805 0
vt 0.8899822 0.03462805 0
vt 0.888471 0.03462805 0
vt 0.8869588 0.025256 0
vt 0.8854461 0.025256 0
vt 0.9081315 0.025256 0
vt 0.9066192 0.025256 0
vt 0.9051062 0.025256 0
vt 0.9035936 0.025256 0
vt 0.9020817 0.025256 0
vt 0.9005697 0.025256 0
vt 0.8990576 0.025256 0
vt 0.8975455 0.025256 0
vt 0.8960324 0.025256 0
vt 0.8945198 0.025256 0
vt 0.8930066 0.025256 0
vt 0.8914945 0.025256 0
vt 0.8899822 0.025256 0
vt 0.888471 0.025256 0
vt 0.8869588 0.01512655 0
vt 0.8854461 0.01512655 0
vt 0.9081315 0.01512655 0
vt 0.9066192 0.01512655 0
vt 0.9051062 0.01512655 0
vt 0.9035936 0.01512655 0
vt 0.9020817 0.01512655 0
vt 0.9005697 0.01512655 0
vt 0.8990576 0.01512655 0
vt 0.8975455 0.01512655 0
vt 0.8960324 0.01512655 0
vt 0.8945198 0.01512655 0
vt 0.8930066 0.01512655 0
vt 0.8914945 0.01512655 0
vt 0.8899822 0.01512655 0
vt 0.888471 0.01512655 0
vt 0.8869588 0.004102205 0
vt 0.8854461 0.004102205 0
vt 0.9081315 0.004102205 0
vt 0.9066192 0.004102205 0
vt 0.9051062 0.004102205 0
vt 0.9035936 0.004102205 0
vt 0.9020817 0.004102205 0
vt 0.9005697 0.004102205 0
vt 0.8990576 0.004102205 0
vt 0.8975455 0.004102205 0
vt 0.8960324 0.004102205 0
vt 0.8945198 0.004102205 0
vt 0.8930066 0.004102205 0
vt 0.8914945 0.004102205 0
vt 0.8899822 0.004102205 0
vt 0.888471 0.004102205 0
vt 0.5085563 0.9859499 0
vt 0.5070981 0.9877853 0
vt 0.5065023 0.9860582 0
vt 0.3410793 0.2865768 0
vt 0.3411117 0.2872708 0
vt 0.3404114 0.2872597 0
vt 0.5086382 0.4565903 0
vt 0.5065463 0.4564956 0
vt 0.507896 0.4557799 0
vt 0.3411115 0.4475262 0
vt 0.341079 0.448218 0
vt 0.3404111 0.4475371 0
vt 0.5382099 0.9849272 0
vt 0.540299 0.9850276 0
vt 0.5389478 0.9857958 0
vt 0.3510189 0.2872703 0
vt 0.3510514 0.2865791 0
vt 0.3517199 0.28726 0
vt 0.5382846 0.455586 0
vt 0.5397968 0.4537138 0
vt 0.5403401 0.4554734 0
vt 0.3510193 0.4475263 0
vt 0.3517196 0.4475368 0
vt 0.3510517 0.4482203 0
vt 0.3435196 0.9859607 0
vt 0.3455785 0.9860748 0
vt 0.3448764 0.9878665 0
vt 0.3156794 0.286577 0
vt 0.3163479 0.2872607 0
vt 0.3156469 0.2872711 0
vt 0.3434109 0.4565963 0
vt 0.3443949 0.4556717 0
vt 0.3454942 0.4565079 0
vt 0.3156472 0.4475263 0
vt 0.3163475 0.4475367 0
vt 0.3156795 0.44822 0
vt 0.3138739 0.9849486 0
vt 0.3129066 0.985822 0
vt 0.3117886 0.9850374 0
vt 0.3057397 0.2872705 0
vt 0.3050393 0.2872595 0
vt 0.3057074 0.2865788 0
vt 0.3137589 0.4555832 0
vt 0.3117012 0.455477 0
vt 0.3124493 0.4537211 0
vt 0.3057399 0.4475271 0
vt 0.3057075 0.4482185 0
vt 0.305039 0.4475375 0
vt 0.4121818 0.985978 0
vt 0.4106791 0.987851 0
vt 0.4101258 0.9860935 0
vt 0.3274979 0.4482201 0
vt 0.3274653 0.4475264 0
vt 0.3281657 0.4475372 0
vt 0.4122698 0.4566278 0
vt 0.4101787 0.456528 0
vt 0.4115308 0.4557597 0
vt 0.3274653 0.2872701 0
vt 0.3274982 0.2865786 0
vt 0.3281662 0.2872595 0
vt 0.4418262 0.9849784 0
vt 0.4439087 0.9850622 0
vt 0.4428 0.9858489 0
vt 0.317558 0.4475263 0
vt 0.3175257 0.4482178 0
vt 0.3168578 0.4475369 0
vt 0.4419223 0.4556054 0
vt 0.4433823 0.4537714 0
vt 0.4439758 0.4554996 0
vt 0.317558 0.2872707 0
vt 0.3168576 0.2872598 0
vt 0.3175254 0.286577 0
vt 0.2122085 0.4555459 0
vt 0.2101547 0.455431 0
vt 0.210708 0.4536742 0
vt 0.3293487 0.4482181 0
vt 0.328681 0.4475374 0
vt 0.3293815 0.4475267 0
vt 0.2122971 0.9849148 0
vt 0.2115458 0.9857286 0
vt 0.2102055 0.9850101 0
vt 0.3293815 0.2872705 0
vt 0.328681 0.2872599 0
vt 0.3293486 0.2865769 0
vt 0.241853 0.456548 0
vt 0.2428281 0.455678 0
vt 0.2439383 0.4564647 0
vt 0.3392887 0.4475268 0
vt 0.3399892 0.4475374 0
vt 0.3393207 0.4482202 0
vt 0.2419455 0.985925 0
vt 0.2440054 0.986036 0
vt 0.2433129 0.9878305 0
vt 0.3392887 0.2872706 0
vt 0.339321 0.2865795 0
vt 0.3399892 0.2872598 0
vt 0.5510633 0.05931024 0
vt 0.5529318 0.06346906 0
vt 0.5488201 0.06228848 0
vt 0.5564554 0.37518 0
vt 0.5542925 0.3787222 0
vt 0.5524042 0.3764044 0
vt 0.8436277 0.9908267 0
vt 0.8421987 0.989394 0
vt 0.8437169 0.9893123 0
vt 0.8436486 0.889991 0
vt 0.8437424 0.8915058 0
vt 0.8422227 0.8914182 0
vt 0.7576628 0.07369394 0
vt 0.7597313 0.07587367 0
vt 0.7556317 0.07715553 0
vt 0.7610021 0.3929898 0
vt 0.7591533 0.3888746 0
vt 0.763267 0.3900471 0
vt 0.9101399 0.9908654 0
vt 0.9100507 0.9893463 0
vt 0.9115705 0.989434 0
vt 0.9101019 0.8899334 0
vt 0.911537 0.8913673 0
vt 0.9100183 0.891452 0
vt 0.3186202 0.2853596 0
vt 0.3189869 0.224863 0
vt 0.4397906 0.2636481 0
vt 0.4392525 0.244389 0
vt 0.3968938 0.2112877 0
vt 0.4410712 0.22765 0
vt 0.4418144 0.2804457 0
vt 0.3973849 0.2973644 0
vt 0.3196904 0.2637284 0
vt 0.3196504 0.2652008 0
vt 0.3200146 0.2440728 0
vt 0.3200633 0.245543 0
vt 0.419103 0.2643557 0
vt 0.4174607 0.2643527 0
vt 0.4170025 0.244248 0
vt 0.4186653 0.244221 0
vt 0.3947521 0.2423865 0
vt 0.396437 0.2411898 0
vt 0.3971602 0.2440265 0
vt 0.3883403 0.2221618 0
vt 0.3876887 0.2226135 0
vt 0.3948832 0.2666659 0
vt 0.3972971 0.2650213 0
vt 0.3966209 0.2678319 0
vt 0.3884684 0.2858523 0
vt 0.3891039 0.2863194 0
vt 0.4215903 0.227275 0
vt 0.4202449 0.2272399 0
vt 0.4209383 0.2813124 0
vt 0.4222841 0.2812307 0
vt 0.405856 0.282192 0
vt 0.4064123 0.2816994 0
vt 0.4058499 0.2271402 0
vt 0.4052896 0.2266624 0
vt 0.2398768 0.2121896 0
vt 0.235269 0.2121896 0
vt 0.2375098 0.2121896 0
vt 0.2285813 0.2121896 0
vt 0.2239737 0.2121896 0
vt 0.2263409 0.2121896 0
vt 0.235269 0.4188317 0
vt 0.2398768 0.4188317 0
vt 0.2375098 0.4188317 0
vt 0.2239737 0.4188317 0
vt 0.2285813 0.4188317 0
vt 0.2263409 0.4188317 0
vt 0.2451553 0.4188317 0
vt 0.2497636 0.4188317 0
vt 0.2475228 0.4188317 0
vt 0.2564513 0.4188317 0
vt 0.2610594 0.4188317 0
vt 0.2586917 0.4188317 0
vt 0.2497636 0.2121896 0
vt 0.2451553 0.2121896 0
vt 0.2475228 0.2121896 0
vt 0.2186952 0.2121896 0
vt 0.2564513 0.2121896 0
vt 0.2586917 0.2121896 0
vt 0.2398768 0.270754 0
vt 0.235269 0.270754 0
vt 0.2375098 0.270754 0
vt 0.235269 0.2605286 0
vt 0.2398768 0.2605286 0
vt 0.2375098 0.2605286 0
vt 0.2398768 0.2681978 0
vt 0.235269 0.2681978 0
vt 0.2375098 0.2681978 0
vt 0.2398768 0.2656416 0
vt 0.235269 0.2656416 0
vt 0.2375098 0.2656416 0
vt 0.2398768 0.2630856 0
vt 0.235269 0.2630856 0
vt 0.2375098 0.2630856 0
vt 0.2239737 0.2605286 0
vt 0.2285813 0.2605286 0
vt 0.2263409 0.2605286 0
vt 0.2285813 0.270754 0
vt 0.2239737 0.270754 0
vt 0.2263409 0.270754 0
vt 0.2285813 0.2630856 0
vt 0.2239737 0.2630856 0
vt 0.2263409 0.2630856 0
vt 0.2285813 0.2656416 0
vt 0.2239737 0.2656416 0
vt 0.2263409 0.2656416 0
vt 0.2285813 0.2681978 0
vt 0.2239737 0.2681978 0
vt 0.2263409 0.2681978 0
vt 0.2398768 0.3704927 0
vt 0.235269 0.3704927 0
vt 0.2375098 0.3704927 0
vt 0.235269 0.3602669 0
vt 0.2398768 0.3602669 0
vt 0.2375098 0.3602669 0
vt 0.235269 0.3679357 0
vt 0.2398768 0.3679357 0
vt 0.2375098 0.3679357 0
vt 0.235269 0.3653801 0
vt 0.2398768 0.3653801 0
vt 0.2375098 0.3653801 0
vt 0.235269 0.3628244 0
vt 0.2398768 0.3628244 0
vt 0.2375098 0.3628244 0
vt 0.2239737 0.3602669 0
vt 0.2285813 0.3602669 0
vt 0.2263409 0.3602669 0
vt 0.2285813 0.3704927 0
vt 0.2239737 0.3704927 0
vt 0.2263409 0.3704927 0
vt 0.2239737 0.3628244 0
vt 0.2285813 0.3628244 0
vt 0.2263409 0.3628244 0
vt 0.2239737 0.3653801 0
vt 0.2285813 0.3653801 0
vt 0.2263409 0.3653801 0
vt 0.2239737 0.3679357 0
vt 0.2285813 0.3679357 0
vt 0.2263409 0.3679357 0
vt 0.2497636 0.3704927 0
vt 0.2451553 0.3704927 0
vt 0.2475228 0.3704927 0
vt 0.2451553 0.3602669 0
vt 0.2497636 0.3602669 0
vt 0.2475228 0.3602669 0
vt 0.2451553 0.3679357 0
vt 0.2497636 0.3679357 0
vt 0.2475228 0.3679357 0
vt 0.2451553 0.3653801 0
vt 0.2497636 0.3653801 0
vt 0.2475228 0.3653801 0
vt 0.2451553 0.3628244 0
vt 0.2497636 0.3628244 0
vt 0.2475228 0.3628244 0
vt 0.2497636 0.270754 0
vt 0.2451553 0.270754 0
vt 0.2475228 0.270754 0
vt 0.2451553 0.2605286 0
vt 0.2497636 0.2605286 0
vt 0.2475228 0.2605286 0
vt 0.2497636 0.2681978 0
vt 0.2451553 0.2681978 0
vt 0.2475228 0.2681978 0
vt 0.2497636 0.2656416 0
vt 0.2451553 0.2656416 0
vt 0.2475228 0.2656416 0
vt 0.2497636 0.2630856 0
vt 0.2451553 0.2630856 0
vt 0.2475228 0.2630856 0
vt 0.2564513 0.2605286 0
vt 0.2610594 0.2605286 0
vt 0.2586917 0.2605286 0
vt 0.2610594 0.270754 0
vt 0.2564513 0.270754 0
vt 0.2586917 0.270754 0
vt 0.2610594 0.2630856 0
vt 0.2564513 0.2630856 0
vt 0.2586917 0.2630856 0
vt 0.2610594 0.2656416 0
vt 0.2564513 0.2656416 0
vt 0.2586917 0.2656416 0
vt 0.2610594 0.2681978 0
vt 0.2564513 0.2681978 0
vt 0.2586917 0.2681978 0
vt 0.2564513 0.3602669 0
vt 0.2610594 0.3602669 0
vt 0.2586917 0.3602669 0
vt 0.2610594 0.3704927 0
vt 0.2564513 0.3704927 0
vt 0.2586917 0.3704927 0
vt 0.2564513 0.3628244 0
vt 0.2610594 0.3628244 0
vt 0.2586917 0.3628244 0
vt 0.2564513 0.3653801 0
vt 0.2610594 0.3653801 0
vt 0.2586917 0.3653801 0
vt 0.2564513 0.3679357 0
vt 0.2610594 0.3679357 0
vt 0.2586917 0.3679357 0
vt 0.369128 0.00390625 0
vt 0.3645204 0.00390625 0
vt 0.3667608 0.00390625 0
vt 0.3578323 0.00390625 0
vt 0.3532247 0.00390625 0
vt 0.3555919 0.00390625 0
vt 0.3645204 0.2105486 0
vt 0.369128 0.2105486 0
vt 0.3667608 0.2105486 0
vt 0.3532247 0.2105486 0
vt 0.3578323 0.2105486 0
vt 0.3555919 0.2105486 0
vt 0.3744065 0.2105486 0
vt 0.3790146 0.2105486 0
vt 0.3767742 0.2105486 0
vt 0.3857027 0.2105486 0
vt 0.3903107 0.2105486 0
vt 0.3879431 0.2105486 0
vt 0.3790146 0.00390625 0
vt 0.3744065 0.00390625 0
vt 0.3767742 0.00390625 0
vt 0.3479462 0.00390625 0
vt 0.3857027 0.00390625 0
vt 0.3879431 0.00390625 0
vt 0.369128 0.06247069 0
vt 0.3645204 0.06247069 0
vt 0.3667608 0.06247069 0
vt 0.3645204 0.0522453 0
vt 0.369128 0.0522453 0
vt 0.3667608 0.0522453 0
vt 0.369128 0.05991455 0
vt 0.3645204 0.05991455 0
vt 0.3667608 0.05991455 0
vt 0.369128 0.0573583 0
vt 0.3645204 0.0573583 0
vt 0.3667608 0.0573583 0
vt 0.369128 0.05480235 0
vt 0.3645204 0.05480235 0
vt 0.3667608 0.05480235 0
vt 0.3532247 0.0522453 0
vt 0.3578323 0.0522453 0
vt 0.3555919 0.0522453 0
vt 0.3578323 0.06247069 0
vt 0.3532247 0.06247069 0
vt 0.3555919 0.06247069 0
vt 0.3578323 0.05480235 0
vt 0.3532247 0.05480235 0
vt 0.3555919 0.05480235 0
vt 0.3578323 0.0573583 0
vt 0.3532247 0.0573583 0
vt 0.3555919 0.0573583 0
vt 0.3578323 0.05991455 0
vt 0.3532247 0.05991455 0
vt 0.3555919 0.05991455 0
vt 0.369128 0.1622095 0
vt 0.3645204 0.1622095 0
vt 0.3667608 0.1622095 0
vt 0.3645204 0.1519837 0
vt 0.369128 0.1519837 0
vt 0.3667608 0.1519837 0
vt 0.3645204 0.1596525 0
vt 0.369128 0.1596525 0
vt 0.3667608 0.1596525 0
vt 0.3645204 0.1570969 0
vt 0.369128 0.1570969 0
vt 0.3667608 0.1570969 0
vt 0.3645204 0.1545412 0
vt 0.369128 0.1545412 0
vt 0.3667608 0.1545412 0
vt 0.3532247 0.1519837 0
vt 0.3578323 0.1519837 0
vt 0.3555919 0.1519837 0
vt 0.3578323 0.1622095 0
vt 0.3532247 0.1622095 0
vt 0.3555919 0.1622095 0
vt 0.3532247 0.1545412 0
vt 0.3578323 0.1545412 0
vt 0.3555919 0.1545412 0
vt 0.3532247 0.1570969 0
vt 0.3578323 0.1570969 0
vt 0.3555919 0.1570969 0
vt 0.3532247 0.1596525 0
vt 0.3578323 0.1596525 0
vt 0.3555919 0.1596525 0
vt 0.3790146 0.1622095 0
vt 0.3744065 0.1622095 0
vt 0.3767742 0.1622095 0
vt 0.3744065 0.1519837 0
vt 0.3790146 0.1519837 0
vt 0.3767742 0.1519837 0
vt 0.3744065 0.1596525 0
vt 0.3790146 0.1596525 0
vt 0.3767742 0.1596525 0
vt 0.3744065 0.1570969 0
vt 0.3790146 0.1570969 0
vt 0.3767742 0.1570969 0
vt 0.3744065 0.1545412 0
vt 0.3790146 0.1545412 0
vt 0.3767742 0.1545412 0
vt 0.3790146 0.06247069 0
vt 0.3744065 0.06247069 0
vt 0.3767742 0.06247069 0
vt 0.3744065 0.0522453 0
vt 0.3790146 0.0522453 0
vt 0.3767742 0.0522453 0
vt 0.3790146 0.05991455 0
vt 0.3744065 0.05991455 0
vt 0.3767742 0.05991455 0
vt 0.3790146 0.0573583 0
vt 0.3744065 0.0573583 0
vt 0.3767742 0.0573583 0
vt 0.3790146 0.05480235 0
vt 0.3744065 0.05480235 0
vt 0.3767742 0.05480235 0
vt 0.3857027 0.0522453 0
vt 0.3903107 0.0522453 0
vt 0.3879431 0.0522453 0
vt 0.3903107 0.06247069 0
vt 0.3857027 0.06247069 0
vt 0.3879431 0.06247069 0
vt 0.3903107 0.05480235 0
vt 0.3857027 0.05480235 0
vt 0.3879431 0.05480235 0
vt 0.3903107 0.0573583 0
vt 0.3857027 0.0573583 0
vt 0.3879431 0.0573583 0
vt 0.3903107 0.05991455 0
vt 0.3857027 0.05991455 0
vt 0.3879431 0.05991455 0
vt 0.3857027 0.1519837 0
vt 0.3903107 0.1519837 0
vt 0.3879431 0.1519837 0
vt 0.3903107 0.1622095 0
vt 0.3857027 0.1622095 0
vt 0.3879431 0.1622095 0
vt 0.3857027 0.1545412 0
vt 0.3903107 0.1545412 0
vt 0.3879431 0.1545412 0
vt 0.3857027 0.1570969 0
vt 0.3903107 0.1570969 0
vt 0.3879431 0.1570969 0
vt 0.3857027 0.1596525 0
vt 0.3903107 0.1596525 0
vt 0.3879431 0.1596525 0
vt 0.1963266 0.2121896 0
vt 0.191719 0.2121896 0
vt 0.1939595 0.2121896 0
vt 0.1850309 0.2121896 0
vt 0.1804235 0.2121896 0
vt 0.1827905 0.2121896 0
vt 0.191719 0.4188317 0
vt 0.1963266 0.4188317 0
vt 0.1939595 0.4188317 0
vt 0.1804235 0.4188317 0
vt 0.1850309 0.4188317 0
vt 0.1827905 0.4188317 0
vt 0.2016051 0.4188317 0
vt 0.2062132 0.4188317 0
vt 0.2039728 0.4188317 0
vt 0.2129013 0.4188317 0
vt 0.2175092 0.4188317 0
vt 0.2151417 0.4188317 0
vt 0.2062132 0.2121896 0
vt 0.2016051 0.2121896 0
vt 0.2039728 0.2121896 0
vt 0.175145 0.2121896 0
vt 0.2129013 0.2121896 0
vt 0.2151417 0.2121896 0
vt 0.1963266 0.270754 0
vt 0.191719 0.270754 0
vt 0.1939595 0.270754 0
vt 0.191719 0.2605286 0
vt 0.1963266 0.2605286 0
vt 0.1939595 0.2605286 0
vt 0.1963266 0.2681978 0
vt 0.191719 0.2681978 0
vt 0.1939595 0.2681978 0
vt 0.1963266 0.2656416 0
vt 0.191719 0.2656416 0
vt 0.1939595 0.2656416 0
vt 0.1963266 0.2630856 0
vt 0.191719 0.2630856 0
vt 0.1939595 0.2630856 0
vt 0.1804235 0.2605286 0
vt 0.1850309 0.2605286 0
vt 0.1827905 0.2605286 0
vt 0.1850309 0.270754 0
vt 0.1804235 0.270754 0
vt 0.1827905 0.270754 0
vt 0.1850309 0.2630856 0
vt 0.1804235 0.2630856 0
vt 0.1827905 0.2630856 0
vt 0.1850309 0.2656416 0
vt 0.1804235 0.2656416 0
vt 0.1827905 0.2656416 0
vt 0.1850309 0.2681978 0
vt 0.1804235 0.2681978 0
vt 0.1827905 0.2681978 0
vt 0.1963266 0.3704927 0
vt 0.191719 0.3704927 0
vt 0.1939595 0.3704927 0
vt 0.191719 0.3602669 0
vt 0.1963266 0.3602669 0
vt 0.1939595 0.3602669 0
vt 0.191719 0.3679356 0
vt 0.1963266 0.3679356 0
vt 0.1939595 0.3679356 0
vt 0.191719 0.3653801 0
vt 0.1963266 0.3653801 0
vt 0.1939595 0.3653801 0
vt 0.191719 0.3628244 0
vt 0.1963266 0.3628244 0
vt 0.1939595 0.3628244 0
vt 0.1804235 0.3602669 0
vt 0.1850309 0.3602669 0
vt 0.1827905 0.3602669 0
vt 0.1850309 0.3704927 0
vt 0.1804235 0.3704927 0
vt 0.1827905 0.3704927 0
vt 0.1804235 0.3628244 0
vt 0.1850309 0.3628244 0
vt 0.1827905 0.3628244 0
vt 0.1804235 0.3653801 0
vt 0.1850309 0.3653801 0
vt 0.1827905 0.3653801 0
vt 0.1804235 0.3679356 0
vt 0.1850309 0.3679356 0
vt 0.1827905 0.3679356 0
vt 0.2062132 0.3704927 0
vt 0.2016051 0.3704927 0
vt 0.2039728 0.3704927 0
vt 0.2016051 0.3602669 0
vt 0.2062132 0.3602669 0
vt 0.2039728 0.3602669 0
vt 0.2016051 0.3679356 0
vt 0.2062132 0.3679356 0
vt 0.2039728 0.3679356 0
vt 0.2016051 0.3653801 0
vt 0.2062132 0.3653801 0
vt 0.2039728 0.3653801 0
vt 0.2016051 0.3628244 0
vt 0.2062132 0.3628244 0
vt 0.2039728 0.3628244 0
vt 0.2062132 0.270754 0
vt 0.2016051 0.270754 0
vt 0.2039728 0.270754 0
vt 0.2016051 0.2605286 0
vt 0.2062132 0.2605286 0
vt 0.2039728 0.2605286 0
vt 0.2062132 0.2681978 0
vt 0.2016051 0.2681978 0
vt 0.2039728 0.2681978 0
vt 0.2062132 0.2656416 0
vt 0.2016051 0.2656416 0
vt 0.2039728 0.2656416 0
vt 0.2062132 0.2630856 0
vt 0.2016051 0.2630856 0
vt 0.2039728 0.2630856 0
vt 0.2129013 0.2605286 0
vt 0.2175092 0.2605286 0
vt 0.2151417 0.2605286 0
vt 0.2175092 0.270754 0
vt 0.2129013 0.270754 0
vt 0.2151417 0.270754 0
vt 0.2175092 0.2630856 0
vt 0.2129013 0.2630856 0
vt 0.2151417 0.2630856 0
vt 0.2175092 0.2656416 0
vt 0.2129013 0.2656416 0
vt 0.2151417 0.2656416 0
vt 0.2175092 0.2681978 0
vt 0.2129013 0.2681978 0
vt 0.2151417 0.2681978 0
vt 0.2129013 0.3602669 0
vt 0.2175092 0.3602669 0
vt 0.2151417 0.3602669 0
vt 0.2175092 0.3704927 0
vt 0.2129013 0.3704927 0
vt 0.2151417 0.3704927 0
vt 0.2129013 0.3628244 0
vt 0.2175092 0.3628244 0
vt 0.2151417 0.3628244 0
vt 0.2129013 0.3653801 0
vt 0.2175092 0.3653801 0
vt 0.2151417 0.3653801 0
vt 0.2129013 0.3679356 0
vt 0.2175092 0.3679356 0
vt 0.2151417 0.3679356 0
vt 0.3260132 0.00390625 0
vt 0.3214056 0.00390625 0
vt 0.323646 0.00390625 0
vt 0.3147175 0.00390625 0
vt 0.3101099 0.00390625 0
vt 0.3124771 0.00390625 0
vt 0.3214056 0.2105486 0
vt 0.3260132 0.2105486 0
vt 0.323646 0.2105486 0
vt 0.3101099 0.2105486 0
vt 0.3147175 0.2105486 0
vt 0.3124771 0.2105486 0
vt 0.3312917 0.2105486 0
vt 0.3358997 0.2105486 0
vt 0.3336593 0.2105486 0
vt 0.3425878 0.2105486 0
vt 0.3471959 0.2105486 0
vt 0.3448283 0.2105486 0
vt 0.3358997 0.00390625 0
vt 0.3312917 0.00390625 0
vt 0.3336593 0.00390625 0
vt 0.3048314 0.00390625 0
vt 0.3425878 0.00390625 0
vt 0.3448283 0.00390625 0
vt 0.3260132 0.06247069 0
vt 0.3214056 0.06247069 0
vt 0.323646 0.06247069 0
vt 0.3214056 0.0522453 0
vt 0.3260132 0.0522453 0
vt 0.323646 0.0522453 0
vt 0.3260132 0.05991455 0
vt 0.3214056 0.05991455 0
vt 0.323646 0.05991455 0
vt 0.3260132 0.0573583 0
vt 0.3214056 0.0573583 0
vt 0.323646 0.0573583 0
vt 0.3260132 0.05480235 0
vt 0.3214056 0.05480235 0
vt 0.323646 0.05480235 0
vt 0.3101099 0.0522453 0
vt 0.3147175 0.0522453 0
vt 0.3124771 0.0522453 0
vt 0.3147175 0.06247069 0
vt 0.3101099 0.06247069 0
vt 0.3124771 0.06247069 0
vt 0.3147175 0.05480235 0
vt 0.3101099 0.05480235 0
vt 0.3124771 0.05480235 0
vt 0.3147175 0.0573583 0
vt 0.3101099 0.0573583 0
vt 0.3124771 0.0573583 0
vt 0.3147175 0.05991455 0
vt 0.3101099 0.05991455 0
vt 0.3124771 0.05991455 0
vt 0.3260132 0.1622095 0
vt 0.3214056 0.1622095 0
vt 0.323646 0.1622095 0
vt 0.3214056 0.1519837 0
vt 0.3260132 0.1519837 0
vt 0.323646 0.1519837 0
vt 0.3214056 0.1596525 0
vt 0.3260132 0.1596525 0
vt 0.323646 0.1596525 0
vt 0.3214056 0.1570969 0
vt 0.3260132 0.1570969 0
vt 0.323646 0.1570969 0
vt 0.3214056 0.1545412 0
vt 0.3260132 0.1545412 0
vt 0.323646 0.1545412 0
vt 0.3101099 0.1519837 0
vt 0.3147175 0.1519837 0
vt 0.3124771 0.1519837 0
vt 0.3147175 0.1622095 0
vt 0.3101099 0.1622095 0
vt 0.3124771 0.1622095 0
vt 0.3101099 0.1545412 0
vt 0.3147175 0.1545412 0
vt 0.3124771 0.1545412 0
vt 0.3101099 0.1570969 0
vt 0.3147175 0.1570969 0
vt 0.3124771 0.1570969 0
vt 0.3101099 0.1596525 0
vt 0.3147175 0.1596525 0
vt 0.3124771 0.1596525 0
vt 0.3358997 0.1622095 0
vt 0.3312917 0.1622095 0
vt 0.3336593 0.1622095 0
vt 0.3312917 0.1519837 0
vt 0.3358997 0.1519837 0
vt 0.3336593 0.1519837 0
vt 0.3312917 0.1596525 0
vt 0.3358997 0.1596525 0
vt 0.3336593 0.1596525 0
vt 0.3312917 0.1570969 0
vt 0.3358997 0.1570969 0
vt 0.3336593 0.1570969 0
vt 0.3312917 0.1545412 0
vt 0.3358997 0.1545412 0
vt 0.3336593 0.1545412 0
vt 0.3358997 0.06247069 0
vt 0.3312917 0.06247069 0
vt 0.3336593 0.06247069 0
vt 0.3312917 0.0522453 0
vt 0.3358997 0.0522453 0
vt 0.3336593 0.0522453 0
vt 0.3358997 0.05991455 0
vt 0.3312917 0.05991455 0
vt 0.3336593 0.05991455 0
vt 0.3358997 0.0573583 0
vt 0.3312917 0.0573583 0
vt 0.3336593 0.0573583 0
vt 0.3358997 0.05480235 0
vt 0.3312917 0.05480235 0
vt 0.3336593 0.05480235 0
vt 0.3425878 0.0522453 0
vt 0.3471959 0.0522453 0
vt 0.3448283 0.0522453 0
vt 0.3471959 0.06247069 0
vt 0.3425878 0.06247069 0
vt 0.3448283 0.06247069 0
vt 0.3471959 0.05480235 0
vt 0.3425878 0.05480235 0
vt 0.3448283 0.05480235 0
vt 0.3471959 0.0573583 0
vt 0.3425878 0.0573583 0
vt 0.3448283 0.0573583 0
vt 0.3471959 0.05991455 0
vt 0.3425878 0.05991455 0
vt 0.3448283 0.05991455 0
vt 0.3425878 0.1519837 0
vt 0.3471959 0.1519837 0
vt 0.3448283 0.1519837 0
vt 0.3471959 0.1622095 0
vt 0.3425878 0.1622095 0
vt 0.3448283 0.1622095 0
vt 0.3425878 0.1545412 0
vt 0.3471959 0.1545412 0
vt 0.3448283 0.1545412 0
vt 0.3425878 0.1570969 0
vt 0.3471959 0.1570969 0
vt 0.3448283 0.1570969 0
vt 0.3425878 0.1596525 0
vt 0.3471959 0.1596525 0
vt 0.3448283 0.1596525 0
vt 0.4125202 0.00390625 0
vt 0.4079126 0.00390625 0
vt 0.410153 0.00390625 0
vt 0.4012245 0.00390625 0
vt 0.3966169 0.00390625 0
vt 0.3989841 0.00390625 0
vt 0.4079126 0.2105486 0
vt 0.4125202 0.2105486 0
vt 0.410153 0.2105486 0
vt 0.3966169 0.2105486 0
vt 0.4012245 0.2105486 0
vt 0.3989841 0.2105486 0
vt 0.4177987 0.2105486 0
vt 0.4224068 0.2105486 0
vt 0.4201663 0.2105486 0
vt 0.4290949 0.2105486 0
vt 0.4337029 0.2105486 0
vt 0.4313353 0.2105486 0
vt 0.4224068 0.00390625 0
vt 0.4177987 0.00390625 0
vt 0.4201663 0.00390625 0
vt 0.3913384 0.00390625 0
vt 0.4290949 0.00390625 0
vt 0.4313353 0.00390625 0
vt 0.4125202 0.06247069 0
vt 0.4079126 0.06247069 0
vt 0.410153 0.06247069 0
vt 0.4079126 0.0522453 0
vt 0.4125202 0.0522453 0
vt 0.410153 0.0522453 0
vt 0.4125202 0.05991455 0
vt 0.4079126 0.05991455 0
vt 0.410153 0.05991455 0
vt 0.4125202 0.0573583 0
vt 0.4079126 0.0573583 0
vt 0.410153 0.0573583 0
vt 0.4125202 0.05480235 0
vt 0.4079126 0.05480235 0
vt 0.410153 0.05480235 0
vt 0.3966169 0.0522453 0
vt 0.4012245 0.0522453 0
vt 0.3989841 0.0522453 0
vt 0.4012245 0.06247069 0
vt 0.3966169 0.06247069 0
vt 0.3989841 0.06247069 0
vt 0.4012245 0.05480235 0
vt 0.3966169 0.05480235 0
vt 0.3989841 0.05480235 0
vt 0.4012245 0.0573583 0
vt 0.3966169 0.0573583 0
vt 0.3989841 0.0573583 0
vt 0.4012245 0.05991455 0
vt 0.3966169 0.05991455 0
vt 0.3989841 0.05991455 0
vt 0.4125202 0.1622095 0
vt 0.4079126 0.1622095 0
vt 0.410153 0.1622095 0
vt 0.4079126 0.1519837 0
vt 0.4125202 0.1519837 0
vt 0.410153 0.1519837 0
vt 0.4079126 0.1596525 0
vt 0.4125202 0.1596525 0
vt 0.410153 0.1596525 0
vt 0.4079126 0.1570969 0
vt 0.4125202 0.1570969 0
vt 0.410153 0.1570969 0
vt 0.4079126 0.1545412 0
vt 0.4125202 0.1545412 0
vt 0.410153 0.1545412 0
vt 0.3966169 0.1519837 0
vt 0.4012245 0.1519837 0
vt 0.3989841 0.1519837 0
vt 0.4012245 0.1622095 0
vt 0.3966169 0.1622095 0
vt 0.3989841 0.1622095 0
vt 0.3966169 0.1545412 0
vt 0.4012245 0.1545412 0
vt 0.3989841 0.1545412 0
vt 0.3966169 0.1570969 0
vt 0.4012245 0.1570969 0
vt 0.3989841 0.1570969 0
vt 0.3966169 0.1596525 0
vt 0.4012245 0.1596525 0
vt 0.3989841 0.1596525 0
vt 0.4224068 0.1622095 0
vt 0.4177987 0.1622095 0
vt 0.4201663 0.1622095 0
vt 0.4177987 0.1519837 0
vt 0.4224068 0.1519837 0
vt 0.4201663 0.1519837 0
vt 0.4177987 0.1596525 0
vt 0.4224068 0.1596525 0
vt 0.4201663 0.1596525 0
vt 0.4177987 0.1570969 0
vt 0.4224068 0.1570969 0
vt 0.4201663 0.1570969 0
vt 0.4177987 0.1545412 0
vt 0.4224068 0.1545412 0
vt 0.4201663 0.1545412 0
vt 0.4224068 0.06247069 0
vt 0.4177987 0.06247069 0
vt 0.4201663 0.06247069 0
vt 0.4177987 0.0522453 0
vt 0.4224068 0.0522453 0
vt 0.4201663 0.0522453 0
vt 0.4224068 0.05991455 0
vt 0.4177987 0.05991455 0
vt 0.4201663 0.05991455 0
vt 0.4224068 0.0573583 0
vt 0.4177987 0.0573583 0
vt 0.4201663 0.0573583 0
vt 0.4224068 0.05480235 0
vt 0.4177987 0.05480235 0
vt 0.4201663 0.05480235 0
vt 0.4290949 0.0522453 0
vt 0.4337029 0.0522453 0
vt 0.4313353 0.0522453 0
vt 0.4337029 0.06247069 0
vt 0.4290949 0.06247069 0
vt 0.4313353 0.06247069 0
vt 0.4337029 0.05480235 0
vt 0.4290949 0.05480235 0
vt 0.4313353 0.05480235 0
vt 0.4337029 0.0573583 0
vt 0.4290949 0.0573583 0
vt 0.4313353 0.0573583 0
vt 0.4337029 0.05991455 0
vt 0.4290949 0.05991455 0
vt 0.4313353 0.05991455 0
vt 0.4290949 0.1519837 0
vt 0.4337029 0.1519837 0
vt 0.4313353 0.1519837 0
vt 0.4337029 0.1622095 0
vt 0.4290949 0.1622095 0
vt 0.4313353 0.1622095 0
vt 0.4290949 0.1545412 0
vt 0.4337029 0.1545412 0
vt 0.4313353 0.1545412 0
vt 0.4290949 0.1570969 0
vt 0.4337029 0.1570969 0
vt 0.4313353 0.1570969 0
vt 0.4290949 0.1596525 0
vt 0.4337029 0.1596525 0
vt 0.4313353 0.1596525 0
vt 0.2829449 0.2121896 0
vt 0.2783373 0.2121896 0
vt 0.2805777 0.2121896 0
vt 0.2716496 0.2121896 0
vt 0.2670418 0.2121896 0
vt 0.2694088 0.2121896 0
vt 0.2783373 0.4188317 0
vt 0.2829449 0.4188317 0
vt 0.2805777 0.4188317 0
vt 0.2670418 0.4188317 0
vt 0.2716496 0.4188317 0
vt 0.2694088 0.4188317 0
vt 0.2882234 0.4188317 0
vt 0.2928315 0.4188317 0
vt 0.290591 0.4188317 0
vt 0.2995191 0.4188317 0
vt 0.3041274 0.4188317 0
vt 0.3017599 0.4188317 0
vt 0.2928315 0.2121896 0
vt 0.2882234 0.2121896 0
vt 0.290591 0.2121896 0
vt 0.2617633 0.2121896 0
vt 0.2995191 0.2121896 0
vt 0.3017599 0.2121896 0
vt 0.2829449 0.270754 0
vt 0.2783373 0.270754 0
vt 0.2805777 0.270754 0
vt 0.2783373 0.2605286 0
vt 0.2829449 0.2605286 0
vt 0.2805777 0.2605286 0
vt 0.2829449 0.2681978 0
vt 0.2783373 0.2681978 0
vt 0.2805777 0.2681978 0
vt 0.2829449 0.2656416 0
vt 0.2783373 0.2656416 0
vt 0.2805777 0.2656416 0
vt 0.2829449 0.2630856 0
vt 0.2783373 0.2630856 0
vt 0.2805777 0.2630856 0
vt 0.2670418 0.2605286 0
vt 0.2716496 0.2605286 0
vt 0.2694088 0.2605286 0
vt 0.2716496 0.270754 0
vt 0.2670418 0.270754 0
vt 0.2694088 0.270754 0
vt 0.2716496 0.2630856 0
vt 0.2670418 0.2630856 0
vt 0.2694088 0.2630856 0
vt 0.2716496 0.2656416 0
vt 0.2670418 0.2656416 0
vt 0.2694088 0.2656416 0
vt 0.2716496 0.2681978 0
vt 0.2670418 0.2681978 0
vt 0.2694088 0.2681978 0
vt 0.2829449 0.3704927 0
vt 0.2783373 0.3704927 0
vt 0.2805777 0.3704927 0
vt 0.2783373 0.3602669 0
vt 0.2829449 0.3602669 0
vt 0.2805777 0.3602669 0
vt 0.2783373 0.3679357 0
vt 0.2829449 0.3679357 0
vt 0.2805777 0.3679357 0
vt 0.2783373 0.3653801 0
vt 0.2829449 0.3653801 0
vt 0.2805777 0.3653801 0
vt 0.2783373 0.3628244 0
vt 0.2829449 0.3628244 0
vt 0.2805777 0.3628244 0
vt 0.2670418 0.3602669 0
vt 0.2716496 0.3602669 0
vt 0.2694088 0.3602669 0
vt 0.2716496 0.3704927 0
vt 0.2670418 0.3704927 0
vt 0.2694088 0.3704927 0
vt 0.2670418 0.3628244 0
vt 0.2716496 0.3628244 0
vt 0.2694088 0.3628244 0
vt 0.2670418 0.3653801 0
vt 0.2716496 0.3653801 0
vt 0.2694088 0.3653801 0
vt 0.2670418 0.3679357 0
vt 0.2716496 0.3679357 0
vt 0.2694088 0.3679357 0
vt 0.2928315 0.3704927 0
vt 0.2882234 0.3704927 0
vt 0.290591 0.3704927 0
vt 0.2882234 0.3602669 0
vt 0.2928315 0.3602669 0
vt 0.290591 0.3602669 0
vt 0.2882234 0.3679357 0
vt 0.2928315 0.3679357 0
vt 0.290591 0.3679357 0
vt 0.2882234 0.3653801 0
vt 0.2928315 0.3653801 0
vt 0.290591 0.3653801 0
vt 0.2882234 0.3628244 0
vt 0.2928315 0.3628244 0
vt 0.290591 0.3628244 0
vt 0.2928315 0.270754 0
vt 0.2882234 0.270754 0
vt 0.290591 0.270754 0
vt 0.2882234 0.2605286 0
vt 0.2928315 0.2605286 0
vt 0.290591 0.2605286 0
vt 0.2928315 0.2681978 0
vt 0.2882234 0.2681978 0
vt 0.290591 0.2681978 0
vt 0.2928315 0.2656416 0
vt 0.2882234 0.2656416 0
vt 0.290591 0.2656416 0
vt 0.2928315 0.2630856 0
vt 0.2882234 0.2630856 0
vt 0.290591 0.2630856 0
vt 0.2995191 0.2605286 0
vt 0.3041274 0.2605286 0
vt 0.3017599 0.2605286 0
vt 0.3041274 0.270754 0
vt 0.2995191 0.270754 0
vt 0.3017599 0.270754 0
vt 0.3041274 0.2630856 0
vt 0.2995191 0.2630856 0
vt 0.3017599 0.2630856 0
vt 0.3041274 0.2656416 0
vt 0.2995191 0.2656416 0
vt 0.3017599 0.2656416 0
vt 0.3041274 0.2681978 0
vt 0.2995191 0.2681978 0
vt 0.3017599 0.2681978 0
vt 0.2995191 0.3602669 0
vt 0.3041274 0.3602669 0
vt 0.3017599 0.3602669 0
vt 0.3041274 0.3704927 0
vt 0.2995191 0.3704927 0
vt 0.3017599 0.3704927 0
vt 0.2995191 0.3628244 0
vt 0.3041274 0.3628244 0
vt 0.3017599 0.3628244 0
vt 0.2995191 0.3653801 0
vt 0.3041274 0.3653801 0
vt 0.3017599 0.3653801 0
vt 0.2995191 0.3679357 0
vt 0.3041274 0.3679357 0
vt 0.3017599 0.3679357 0
vt 0.2829451 0.00390625 0
vt 0.2783375 0.00390625 0
vt 0.2805779 0.00390625 0
vt 0.2716494 0.00390625 0
vt 0.2670418 0.00390625 0
vt 0.269409 0.00390625 0
vt 0.2783375 0.2105486 0
vt 0.2829451 0.2105486 0
vt 0.2805779 0.2105486 0
vt 0.2670418 0.2105486 0
vt 0.2716494 0.2105486 0
vt 0.269409 0.2105486 0
vt 0.2882236 0.2105486 0
vt 0.2928317 0.2105486 0
vt 0.2905913 0.2105486 0
vt 0.2995198 0.2105486 0
vt 0.3041278 0.2105486 0
vt 0.3017602 0.2105486 0
vt 0.2928317 0.00390625 0
vt 0.2882236 0.00390625 0
vt 0.2905913 0.00390625 0
vt 0.2617633 0.00390625 0
vt 0.2995198 0.00390625 0
vt 0.3017602 0.00390625 0
vt 0.2829451 0.06247069 0
vt 0.2783375 0.06247069 0
vt 0.2805779 0.06247069 0
vt 0.2783375 0.0522453 0
vt 0.2829451 0.0522453 0
vt 0.2805779 0.0522453 0
vt 0.2829451 0.05991455 0
vt 0.2783375 0.05991455 0
vt 0.2805779 0.05991455 0
vt 0.2829451 0.0573583 0
vt 0.2783375 0.0573583 0
vt 0.2805779 0.0573583 0
vt 0.2829451 0.05480235 0
vt 0.2783375 0.05480235 0
vt 0.2805779 0.05480235 0
vt 0.2670418 0.0522453 0
vt 0.2716494 0.0522453 0
vt 0.269409 0.0522453 0
vt 0.2716494 0.06247069 0
vt 0.2670418 0.06247069 0
vt 0.269409 0.06247069 0
vt 0.2716494 0.05480235 0
vt 0.2670418 0.05480235 0
vt 0.269409 0.05480235 0
vt 0.2716494 0.0573583 0
vt 0.2670418 0.0573583 0
vt 0.269409 0.0573583 0
vt 0.2716494 0.05991455 0
vt 0.2670418 0.05991455 0
vt 0.269409 0.05991455 0
vt 0.2829451 0.1622095 0
vt 0.2783375 0.1622095 0
vt 0.2805779 0.1622095 0
vt 0.2783375 0.1519837 0
vt 0.2829451 0.1519837 0
vt 0.2805779 0.1519837 0
vt 0.2783375 0.1596525 0
vt 0.2829451 0.1596525 0
vt 0.2805779 0.1596525 0
vt 0.2783375 0.1570969 0
vt 0.2829451 0.1570969 0
vt 0.2805779 0.1570969 0
vt 0.2783375 0.1545412 0
vt 0.2829451 0.1545412 0
vt 0.2805779 0.1545412 0
vt 0.2670418 0.1519837 0
vt 0.2716494 0.1519837 0
vt 0.269409 0.1519837 0
vt 0.2716494 0.1622095 0
vt 0.2670418 0.1622095 0
vt 0.269409 0.1622095 0
vt 0.2670418 0.1545412 0
vt 0.2716494 0.1545412 0
vt 0.269409 0.1545412 0
vt 0.2670418 0.1570969 0
vt 0.2716494 0.1570969 0
vt 0.269409 0.1570969 0
vt 0.2670418 0.1596525 0
vt 0.2716494 0.1596525 0
vt 0.269409 0.1596525 0
vt 0.2928317 0.1622095 0
vt 0.2882236 0.1622095 0
vt 0.2905913 0.1622095 0
vt 0.2882236 0.1519837 0
vt 0.2928317 0.1519837 0
vt 0.2905913 0.1519837 0
vt 0.2882236 0.1596525 0
vt 0.2928317 0.1596525 0
vt 0.2905913 0.1596525 0
vt 0.2882236 0.1570969 0
vt 0.2928317 0.1570969 0
vt 0.2905913 0.1570969 0
vt 0.2882236 0.1545412 0
vt 0.2928317 0.1545412 0
vt 0.2905913 0.1545412 0
vt 0.2928317 0.06247069 0
vt 0.2882236 0.06247069 0
vt 0.2905913 0.06247069 0
vt 0.2882236 0.0522453 0
vt 0.2928317 0.0522453 0
vt 0.2905913 0.0522453 0
vt 0.2928317 0.05991455 0
vt 0.2882236 0.05991455 0
vt 0.2905913 0.05991455 0
vt 0.2928317 0.0573583 0
vt 0.2882236 0.0573583 0
vt 0.2905913 0.0573583 0
vt 0.2928317 0.05480235 0
vt 0.2882236 0.05480235 0
vt 0.2905913 0.05480235 0
vt 0.2995198 0.0522453 0
vt 0.3041278 0.0522453 0
vt 0.3017602 0.0522453 0
vt 0.3041278 0.06247069 0
vt 0.2995198 0.06247069 0
vt 0.3017602 0.06247069 0
vt 0.3041278 0.05480235 0
vt 0.2995198 0.05480235 0
vt 0.3017602 0.05480235 0
vt 0.3041278 0.0573583 0
vt 0.2995198 0.0573583 0
vt 0.3017602 0.0573583 0
vt 0.3041278 0.05991455 0
vt 0.2995198 0.05991455 0
vt 0.3017602 0.05991455 0
vt 0.2995198 0.1519837 0
vt 0.3041278 0.1519837 0
vt 0.3017602 0.1519837 0
vt 0.3041278 0.1622095 0
vt 0.2995198 0.1622095 0
vt 0.3017602 0.1622095 0
vt 0.2995198 0.1545412 0
vt 0.3041278 0.1545412 0
vt 0.3017602 0.1545412 0
vt 0.2995198 0.1570969 0
vt 0.3041278 0.1570969 0
vt 0.3017602 0.1570969 0
vt 0.2995198 0.1596525 0
vt 0.3041278 0.1596525 0
vt 0.3017602 0.1596525 0
vt 0.1963268 0.00390625 0
vt 0.1917192 0.00390625 0
vt 0.1939596 0.00390625 0
vt 0.1850311 0.00390625 0
vt 0.1804235 0.00390625 0
vt 0.1827907 0.00390625 0
vt 0.1917192 0.2105486 0
vt 0.1963268 0.2105486 0
vt 0.1939596 0.2105486 0
vt 0.1804235 0.2105486 0
vt 0.1850311 0.2105486 0
vt 0.1827907 0.2105486 0
vt 0.2016053 0.2105486 0
vt 0.2062134 0.2105486 0
vt 0.203973 0.2105486 0
vt 0.2129015 0.2105486 0
vt 0.2175095 0.2105486 0
vt 0.2151419 0.2105486 0
vt 0.2062134 0.00390625 0
vt 0.2016053 0.00390625 0
vt 0.203973 0.00390625 0
vt 0.175145 0.00390625 0
vt 0.2129015 0.00390625 0
vt 0.2151419 0.00390625 0
vt 0.1963268 0.06247069 0
vt 0.1917192 0.06247069 0
vt 0.1939596 0.06247069 0
vt 0.1917192 0.0522453 0
vt 0.1963268 0.0522453 0
vt 0.1939596 0.0522453 0
vt 0.1963268 0.05991455 0
vt 0.1917192 0.05991455 0
vt 0.1939596 0.05991455 0
vt 0.1963268 0.0573583 0
vt 0.1917192 0.0573583 0
vt 0.1939596 0.0573583 0
vt 0.1963268 0.05480235 0
vt 0.1917192 0.05480235 0
vt 0.1939596 0.05480235 0
vt 0.1804235 0.0522453 0
vt 0.1850311 0.0522453 0
vt 0.1827907 0.0522453 0
vt 0.1850311 0.06247069 0
vt 0.1804235 0.06247069 0
vt 0.1827907 0.06247069 0
vt 0.1850311 0.05480235 0
vt 0.1804235 0.05480235 0
vt 0.1827907 0.05480235 0
vt 0.1850311 0.0573583 0
vt 0.1804235 0.0573583 0
vt 0.1827907 0.0573583 0
vt 0.1850311 0.05991455 0
vt 0.1804235 0.05991455 0
vt 0.1827907 0.05991455 0
vt 0.1963268 0.1622095 0
vt 0.1917192 0.1622095 0
vt 0.1939596 0.1622095 0
vt 0.1917192 0.1519837 0
vt 0.1963268 0.1519837 0
vt 0.1939596 0.1519837 0
vt 0.1917192 0.1596525 0
vt 0.1963268 0.1596525 0
vt 0.1939596 0.1596525 0
vt 0.1917192 0.1570969 0
vt 0.1963268 0.1570969 0
vt 0.1939596 0.1570969 0
vt 0.1917192 0.1545412 0
vt 0.1963268 0.1545412 0
vt 0.1939596 0.1545412 0
vt 0.1804235 0.1519837 0
vt 0.1850311 0.1519837 0
vt 0.1827907 0.1519837 0
vt 0.1850311 0.1622095 0
vt 0.1804235 0.1622095 0
vt 0.1827907 0.1622095 0
vt 0.1804235 0.1545412 0
vt 0.1850311 0.1545412 0
vt 0.1827907 0.1545412 0
vt 0.1804235 0.1570969 0
vt 0.1850311 0.1570969 0
vt 0.1827907 0.1570969 0
vt 0.1804235 0.1596525 0
vt 0.1850311 0.1596525 0
vt 0.1827907 0.1596525 0
vt 0.2062134 0.1622095 0
vt 0.2016053 0.1622095 0
vt 0.203973 0.1622095 0
vt 0.2016053 0.1519837 0
vt 0.2062134 0.1519837 0
vt 0.203973 0.1519837 0
vt 0.2016053 0.1596525 0
vt 0.2062134 0.1596525 0
vt 0.203973 0.1596525 0
vt 0.2016053 0.1570969 0
vt 0.2062134 0.1570969 0
vt 0.203973 0.1570969 0
vt 0.2016053 0.1545412 0
vt 0.2062134 0.1545412 0
vt 0.203973 0.1545412 0
vt 0.2062134 0.06247069 0
vt 0.2016053 0.06247069 0
vt 0.203973 0.06247069 0
vt 0.2016053 0.0522453 0
vt 0.2062134 0.0522453 0
vt 0.203973 0.0522453 0
vt 0.2062134 0.05991455 0
vt 0.2016053 0.05991455 0
vt 0.203973 0.05991455 0
vt 0.2062134 0.0573583 0
vt 0.2016053 0.0573583 0
vt 0.203973 0.0573583 0
vt 0.2062134 0.05480235 0
vt 0.2016053 0.05480235 0
vt 0.203973 0.05480235 0
vt 0.2129015 0.0522453 0
vt 0.2175095 0.0522453 0
vt 0.2151419 0.0522453 0
vt 0.2175095 0.06247069 0
vt 0.2129015 0.06247069 0
vt 0.2151419 0.06247069 0
vt 0.2175095 0.05480235 0
vt 0.2129015 0.05480235 0
vt 0.2151419 0.05480235 0
vt 0.2175095 0.0573583 0
vt 0.2129015 0.0573583 0
vt 0.2151419 0.0573583 0
vt 0.2175095 0.05991455 0
vt 0.2129015 0.05991455 0
vt 0.2151419 0.05991455 0
vt 0.2129015 0.1519837 0
vt 0.2175095 0.1519837 0
vt 0.2151419 0.1519837 0
vt 0.2175095 0.1622095 0
vt 0.2129015 0.1622095 0
vt 0.2151419 0.1622095 0
vt 0.2129015 0.1545412 0
vt 0.2175095 0.1545412 0
vt 0.2151419 0.1545412 0
vt 0.2129015 0.1570969 0
vt 0.2175095 0.1570969 0
vt 0.2151419 0.1570969 0
vt 0.2129015 0.1596525 0
vt 0.2175095 0.1596525 0
vt 0.2151419 0.1596525 0
vt 0.4559124 0.00390625 0
vt 0.4513046 0.00390625 0
vt 0.4535454 0.00390625 0
vt 0.4446169 0.00390625 0
vt 0.4400091 0.00390625 0
vt 0.4423761 0.00390625 0
vt 0.4513046 0.2105484 0
vt 0.4559124 0.2105484 0
vt 0.4535454 0.2105484 0
vt 0.4400091 0.2105484 0
vt 0.4446169 0.2105484 0
vt 0.4423761 0.2105484 0
vt 0.4611909 0.2105484 0
vt 0.4657992 0.2105484 0
vt 0.4635584 0.2105484 0
vt 0.4724869 0.2105484 0
vt 0.4770952 0.2105484 0
vt 0.4747277 0.2105484 0
vt 0.4657992 0.00390625 0
vt 0.4611909 0.00390625 0
vt 0.4635584 0.00390625 0
vt 0.4347306 0.00390625 0
vt 0.4724869 0.00390625 0
vt 0.4747277 0.00390625 0
vt 0.4559124 0.06247063 0
vt 0.4513046 0.06247063 0
vt 0.4535454 0.06247063 0
vt 0.4513046 0.05224526 0
vt 0.4559124 0.05224526 0
vt 0.4535454 0.05224526 0
vt 0.4559124 0.05991449 0
vt 0.4513046 0.05991449 0
vt 0.4535454 0.05991449 0
vt 0.4559124 0.05735825 0
vt 0.4513046 0.05735825 0
vt 0.4535454 0.05735825 0
vt 0.4559124 0.0548023 0
vt 0.4513046 0.0548023 0
vt 0.4535454 0.0548023 0
vt 0.4400091 0.05224526 0
vt 0.4446169 0.05224526 0
vt 0.4423761 0.05224526 0
vt 0.4446169 0.06247063 0
vt 0.4400091 0.06247063 0
vt 0.4423761 0.06247063 0
vt 0.4446169 0.0548023 0
vt 0.4400091 0.0548023 0
vt 0.4423761 0.0548023 0
vt 0.4446169 0.05735825 0
vt 0.4400091 0.05735825 0
vt 0.4423761 0.05735825 0
vt 0.4446169 0.05991449 0
vt 0.4400091 0.05991449 0
vt 0.4423761 0.05991449 0
vt 0.4559124 0.1622094 0
vt 0.4513046 0.1622094 0
vt 0.4535454 0.1622094 0
vt 0.4513046 0.1519836 0
vt 0.4559124 0.1519836 0
vt 0.4535454 0.1519836 0
vt 0.4513046 0.1596523 0
vt 0.4559124 0.1596523 0
vt 0.4535454 0.1596523 0
vt 0.4513046 0.1570968 0
vt 0.4559124 0.1570968 0
vt 0.4535454 0.1570968 0
vt 0.4513046 0.1545411 0
vt 0.4559124 0.1545411 0
vt 0.4535454 0.1545411 0
vt 0.4400091 0.1519836 0
vt 0.4446169 0.1519836 0
vt 0.4423761 0.1519836 0
vt 0.4446169 0.1622094 0
vt 0.4400091 0.1622094 0
vt 0.4423761 0.1622094 0
vt 0.4400091 0.1545411 0
vt 0.4446169 0.1545411 0
vt 0.4423761 0.1545411 0
vt 0.4400091 0.1570968 0
vt 0.4446169 0.1570968 0
vt 0.4423761 0.1570968 0
vt 0.4400091 0.1596523 0
vt 0.4446169 0.1596523 0
vt 0.4423761 0.1596523 0
vt 0.4657992 0.1622094 0
vt 0.4611909 0.1622094 0
vt 0.4635584 0.1622094 0
vt 0.4611909 0.1519836 0
vt 0.4657992 0.1519836 0
vt 0.4635584 0.1519836 0
vt 0.4611909 0.1596523 0
vt 0.4657992 0.1596523 0
vt 0.4635584 0.1596523 0
vt 0.4611909 0.1570968 0
vt 0.4657992 0.1570968 0
vt 0.4635584 0.1570968 0
vt 0.4611909 0.1545411 0
vt 0.4657992 0.1545411 0
vt 0.4635584 0.1545411 0
vt 0.4657992 0.06247063 0
vt 0.4611909 0.06247063 0
vt 0.4635584 0.06247063 0
vt 0.4611909 0.05224526 0
vt 0.4657992 0.05224526 0
vt 0.4635584 0.05224526 0
vt 0.4657992 0.05991449 0
vt 0.4611909 0.05991449 0
vt 0.4635584 0.05991449 0
vt 0.4657992 0.05735825 0
vt 0.4611909 0.05735825 0
vt 0.4635584 0.05735825 0
vt 0.4657992 0.0548023 0
vt 0.4611909 0.0548023 0
vt 0.4635584 0.0548023 0
vt 0.4724869 0.05224526 0
vt 0.4770952 0.05224526 0
vt 0.4747277 0.05224526 0
vt 0.4770952 0.06247063 0
vt 0.4724869 0.06247063 0
vt 0.4747277 0.06247063 0
vt 0.4770952 0.0548023 0
vt 0.4724869 0.0548023 0
vt 0.4747277 0.0548023 0
vt 0.4770952 0.05735825 0
vt 0.4724869 0.05735825 0
vt 0.4747277 0.05735825 0
vt 0.4770952 0.05991449 0
vt 0.4724869 0.05991449 0
vt 0.4747277 0.05991449 0
vt 0.4724869 0.1519836 0
vt 0.4770952 0.1519836 0
vt 0.4747277 0.1519836 0
vt 0.4770952 0.1622094 0
vt 0.4724869 0.1622094 0
vt 0.4747277 0.1622094 0
vt 0.4724869 0.1545411 0
vt 0.4770952 0.1545411 0
vt 0.4747277 0.1545411 0
vt 0.4724869 0.1570968 0
vt 0.4770952 0.1570968 0
vt 0.4747277 0.1570968 0
vt 0.4724869 0.1596523 0
vt 0.4770952 0.1596523 0
vt 0.4747277 0.1596523 0
vt 0.239877 0.00390625 0
vt 0.2352694 0.00390625 0
vt 0.2375099 0.00390625 0
vt 0.2285813 0.00390625 0
vt 0.2239737 0.00390625 0
vt 0.2263409 0.00390625 0
vt 0.2352694 0.2105486 0
vt 0.239877 0.2105486 0
vt 0.2375099 0.2105486 0
vt 0.2239737 0.2105486 0
vt 0.2285813 0.2105486 0
vt 0.2263409 0.2105486 0
vt 0.2451555 0.2105486 0
vt 0.2497636 0.2105486 0
vt 0.2475232 0.2105486 0
vt 0.2564517 0.2105486 0
vt 0.2610598 0.2105486 0
vt 0.2586921 0.2105486 0
vt 0.2497636 0.00390625 0
vt 0.2451555 0.00390625 0
vt 0.2475232 0.00390625 0
vt 0.2186952 0.00390625 0
vt 0.2564517 0.00390625 0
vt 0.2586921 0.00390625 0
vt 0.239877 0.06247069 0
vt 0.2352694 0.06247069 0
vt 0.2375099 0.06247069 0
vt 0.2352694 0.0522453 0
vt 0.239877 0.0522453 0
vt 0.2375099 0.0522453 0
vt 0.239877 0.05991455 0
vt 0.2352694 0.05991455 0
vt 0.2375099 0.05991455 0
vt 0.239877 0.0573583 0
vt 0.2352694 0.0573583 0
vt 0.2375099 0.0573583 0
vt 0.239877 0.05480235 0
vt 0.2352694 0.05480235 0
vt 0.2375099 0.05480235 0
vt 0.2239737 0.0522453 0
vt 0.2285813 0.0522453 0
vt 0.2263409 0.0522453 0
vt 0.2285813 0.06247069 0
vt 0.2239737 0.06247069 0
vt 0.2263409 0.06247069 0
vt 0.2285813 0.05480235 0
vt 0.2239737 0.05480235 0
vt 0.2263409 0.05480235 0
vt 0.2285813 0.0573583 0
vt 0.2239737 0.0573583 0
vt 0.2263409 0.0573583 0
vt 0.2285813 0.05991455 0
vt 0.2239737 0.05991455 0
vt 0.2263409 0.05991455 0
vt 0.239877 0.1622095 0
vt 0.2352694 0.1622095 0
vt 0.2375099 0.1622095 0
vt 0.2352694 0.1519837 0
vt 0.239877 0.1519837 0
vt 0.2375099 0.1519837 0
vt 0.2352694 0.1596525 0
vt 0.239877 0.1596525 0
vt 0.2375099 0.1596525 0
vt 0.2352694 0.1570969 0
vt 0.239877 0.1570969 0
vt 0.2375099 0.1570969 0
vt 0.2352694 0.1545412 0
vt 0.239877 0.1545412 0
vt 0.2375099 0.1545412 0
vt 0.2239737 0.1519837 0
vt 0.2285813 0.1519837 0
vt 0.2263409 0.1519837 0
vt 0.2285813 0.1622095 0
vt 0.2239737 0.1622095 0
vt 0.2263409 0.1622095 0
vt 0.2239737 0.1545412 0
vt 0.2285813 0.1545412 0
vt 0.2263409 0.1545412 0
vt 0.2239737 0.1570969 0
vt 0.2285813 0.1570969 0
vt 0.2263409 0.1570969 0
vt 0.2239737 0.1596525 0
vt 0.2285813 0.1596525 0
vt 0.2263409 0.1596525 0
vt 0.2497636 0.1622095 0
vt 0.2451555 0.1622095 0
vt 0.2475232 0.1622095 0
vt 0.2451555 0.1519837 0
vt 0.2497636 0.1519837 0
vt 0.2475232 0.1519837 0
vt 0.2451555 0.1596525 0
vt 0.2497636 0.1596525 0
vt 0.2475232 0.1596525 0
vt 0.2451555 0.1570969 0
vt 0.2497636 0.1570969 0
vt 0.2475232 0.1570969 0
vt 0.2451555 0.1545412 0
vt 0.2497636 0.1545412 0
vt 0.2475232 0.1545412 0
vt 0.2497636 0.06247069 0
vt 0.2451555 0.06247069 0
vt 0.2475232 0.06247069 0
vt 0.2451555 0.0522453 0
vt 0.2497636 0.0522453 0
vt 0.2475232 0.0522453 0
vt 0.2497636 0.05991455 0
vt 0.2451555 0.05991455 0
vt 0.2475232 0.05991455 0
vt 0.2497636 0.0573583 0
vt 0.2451555 0.0573583 0
vt 0.2475232 0.0573583 0
vt 0.2497636 0.05480235 0
vt 0.2451555 0.05480235 0
vt 0.2475232 0.05480235 0
vt 0.2564517 0.0522453 0
vt 0.2610598 0.0522453 0
vt 0.2586921 0.0522453 0
vt 0.2610598 0.06247069 0
vt 0.2564517 0.06247069 0
vt 0.2586921 0.06247069 0
vt 0.2610598 0.05480235 0
vt 0.2564517 0.05480235 0
vt 0.2586921 0.05480235 0
vt 0.2610598 0.0573583 0
vt 0.2564517 0.0573583 0
vt 0.2586921 0.0573583 0
vt 0.2610598 0.05991455 0
vt 0.2564517 0.05991455 0
vt 0.2586921 0.05991455 0
vt 0.2564517 0.1519837 0
vt 0.2610598 0.1519837 0
vt 0.2586921 0.1519837 0
vt 0.2610598 0.1622095 0
vt 0.2564517 0.1622095 0
vt 0.2586921 0.1622095 0
vt 0.2564517 0.1545412 0
vt 0.2610598 0.1545412 0
vt 0.2586921 0.1545412 0
vt 0.2564517 0.1570969 0
vt 0.2610598 0.1570969 0
vt 0.2586921 0.1570969 0
vt 0.2564517 0.1596525 0
vt 0.2610598 0.1596525 0
vt 0.2586921 0.1596525 0
vt 0.7623569 0.8282974 0
vt 0.7638392 0.8321705 0
vt 0.7612924 0.8319832 0
vt 0.7546224 0.8597092 0
vt 0.7547009 0.8622082 0
vt 0.7508545 0.8615049 0
vt 0.7424073 0.8127836 0
vt 0.7355831 0.8179112 0
vt 0.7354244 0.8811927 0
vt 0.7405751 0.8880107 0
vt 0.7915745 0.8389509 0
vt 0.7955171 0.8394386 0
vt 0.7918665 0.8414195 0
vt 0.7841211 0.8728865 0
vt 0.7824671 0.8691067 0
vt 0.7849975 0.8690817 0
vt 0.8107931 0.8197166 0
vt 0.8056249 0.8129054 0
vt 0.8038839 0.8881776 0
vt 0.8107026 0.8830186 0
vt 0.6293949 0.9123494 0
vt 0.6309378 0.9161987 0
vt 0.6283884 0.9160515 0
vt 0.6221546 0.9438781 0
vt 0.6222724 0.9463755 0
vt 0.6184155 0.9457327 0
vt 0.6092049 0.8971483 0
vt 0.602462 0.9023851 0
vt 0.6032968 0.9656598 0
vt 0.6085537 0.9723959 0
vt 0.6587754 0.9225428 0
vt 0.6627251 0.9229684 0
vt 0.6591064 0.9250036 0
vt 0.651856 0.9565904 0
vt 0.6501428 0.9528371 0
vt 0.6526724 0.9527724 0
vt 0.6776893 0.9030095 0
vt 0.6724149 0.8962804 0
vt 0.6718559 0.9715689 0
vt 0.6785926 0.9663036 0
vt 0.7854423 0.9097335 0
vt 0.7871671 0.9136985 0
vt 0.7846074 0.9134759 0
vt 0.7779912 0.9414228 0
vt 0.7777505 0.9438059 0
vt 0.7740689 0.9430003 0
vt 0.765354 0.894746 0
vt 0.7585632 0.8999426 0
vt 0.7588189 0.9631916 0
vt 0.7639932 0.9699762 0
vt 0.8150332 0.9205365 0
vt 0.8187073 0.921423 0
vt 0.8146551 0.9229331 0
vt 0.8070783 0.9546111 0
vt 0.8055829 0.9505284 0
vt 0.8079892 0.9509711 0
vt 0.8338874 0.9013504 0
vt 0.8287132 0.8945629 0
vt 0.8272544 0.9697936 0
vt 0.8340389 0.9646249 0
vt 0.6168249 0.6413344 0
vt 0.6175827 0.6455961 0
vt 0.615119 0.6447544 0
vt 0.6018975 0.6701013 0
vt 0.6010558 0.6723608 0
vt 0.5976945 0.6706914 0
vt 0.6006475 0.6219691 0
vt 0.592837 0.6254059 0
vt 0.578125 0.6869107 0
vt 0.5815422 0.6947295 0
vt 0.6431673 0.6585576 0
vt 0.6461399 0.6609654 0
vt 0.6421494 0.6609626 0
vt 0.6265677 0.6900119 0
vt 0.6264977 0.6859068 0
vt 0.6290173 0.6870589 0
vt 0.6657709 0.6443573 0
vt 0.6621691 0.6367818 0
vt 0.6432596 0.7096205 0
vt 0.6508575 0.7060187 0
vt 0.9663584 0.4866966 0
vt 0.9636598 0.4862799 0
vt 0.9649182 0.4901307 0
vt 0.9352972 0.4800995 0
vt 0.931424 0.4813132 0
vt 0.9348553 0.4827898 0
vt 0.9955404 0.4943871 0
vt 0.9900676 0.5006793 0
vt 0.9276626 0.5118795 0
vt 0.9213312 0.5064122 0
vt 0.9742671 0.4569077 0
vt 0.9708329 0.455434 0
vt 0.9703883 0.4581242 0
vt 0.9393047 0.4514936 0
vt 0.9420033 0.4519271 0
vt 0.9407868 0.448079 0
vt 0.9780368 0.4263331 0
vt 0.9843682 0.4318031 0
vt 0.9101563 0.4438199 0
vt 0.9156319 0.4375249 0
vt 0.9663576 0.5730781 0
vt 0.963659 0.5726614 0
vt 0.9649174 0.5765122 0
vt 0.9352968 0.5664811 0
vt 0.9314237 0.5676948 0
vt 0.934855 0.5691714 0
vt 0.9955391 0.5807685 0
vt 0.9900664 0.5870606 0
vt 0.9276624 0.5982606 0
vt 0.9213311 0.5927935 0
vt 0.9742661 0.5432897 0
vt 0.9708348 0.5418132 0
vt 0.9703874 0.5445062 0
vt 0.9393042 0.5378757 0
vt 0.9420028 0.5383092 0
vt 0.9407864 0.5344612 0
vt 0.9780358 0.5127155 0
vt 0.9843671 0.5181855 0
vt 0.9101562 0.5302021 0
vt 0.9156318 0.5239072 0
vt 0.9663524 0.6594614 0
vt 0.9636538 0.6590447 0
vt 0.9649122 0.6628953 0
vt 0.9352929 0.6528619 0
vt 0.9314199 0.6540755 0
vt 0.9348539 0.655552 0
vt 0.9955354 0.6671514 0
vt 0.9900601 0.6734433 0
vt 0.9276588 0.68464 0
vt 0.9213278 0.6791703 0
vt 0.9742605 0.6296715 0
vt 0.9708322 0.6281978 0
vt 0.9703847 0.6308879 0
vt 0.9393029 0.6242549 0
vt 0.9420015 0.6246883 0
vt 0.940785 0.6208433 0
vt 0.9780356 0.5990987 0
vt 0.9843639 0.6045656 0
vt 0.9101563 0.6165788 0
vt 0.9156316 0.610287 0
vt 0.7320236 0.6868346 0
vt 0.7293726 0.6867032 0
vt 0.7306422 0.6904449 0
vt 0.700748 0.6804307 0
vt 0.6969085 0.6816696 0
vt 0.700418 0.6831014 0
vt 0.7599714 0.6953191 0
vt 0.7542974 0.7015188 0
vt 0.6914246 0.7110659 0
vt 0.685264 0.7053863 0
vt 0.7387044 0.6564343 0
vt 0.7352088 0.6550361 0
vt 0.7349124 0.6577123 0
vt 0.704087 0.6516999 0
vt 0.7067352 0.6519125 0
vt 0.7050881 0.648031 0
vt 0.7441742 0.6269904 0
vt 0.7503404 0.6326616 0
vt 0.6757812 0.6427121 0
vt 0.6814385 0.6365599 0
vt 0.7077607 0.9102994 0
vt 0.7094915 0.9142421 0
vt 0.7069069 0.9140223 0
vt 0.699471 0.9416467 0
vt 0.6991118 0.944016 0
vt 0.6954781 0.9430253 0
vt 0.6878364 0.8944384 0
vt 0.6810433 0.8995597 0
vt 0.6806095 0.9630321 0
vt 0.6858108 0.9698407 0
vt 0.7376224 0.9205591 0
vt 0.741259 0.9215495 0
vt 0.7372661 0.9229281 0
vt 0.7289764 0.9542755 0
vt 0.7272456 0.9503327 0
vt 0.7298302 0.9505525 0
vt 0.7561248 0.901543 0
vt 0.7509235 0.8947344 0
vt 0.7489007 0.9701364 0
vt 0.7556909 0.9650153 0
vt 0.60669 0.4871241 0
vt 0.6097493 0.4897331 0
vt 0.6071263 0.4908517 0
vt 0.6180154 0.5177333 0
vt 0.6189969 0.5202612 0
vt 0.6152693 0.5205549 0
vt 0.5799678 0.488788 0
vt 0.578125 0.4969394 0
vt 0.6176546 0.5467821 0
vt 0.625876 0.548583 0
vt 0.6363484 0.4777059 0
vt 0.640076 0.4774095 0
vt 0.6373272 0.480231 0
vt 0.6486553 0.5108402 0
vt 0.6455961 0.5082312 0
vt 0.6482191 0.5071154 0
vt 0.6376907 0.4511822 0
vt 0.6294665 0.4493842 0
vt 0.6753747 0.5091792 0
vt 0.6772203 0.5010277 0
vt 0.6664037 0.5621133 0
vt 0.6680089 0.5657515 0
vt 0.6651649 0.5656508 0
vt 0.664614 0.5950506 0
vt 0.6644714 0.5977604 0
vt 0.6609869 0.5963622 0
vt 0.6418028 0.55218 0
vt 0.6367188 0.5588525 0
vt 0.6517752 0.6206359 0
vt 0.658526 0.6257032 0
vt 0.6971934 0.5660815 0
vt 0.7009127 0.566143 0
vt 0.6973248 0.5684921 0
vt 0.6959825 0.600501 0
vt 0.693323 0.5970725 0
vt 0.6959238 0.5967089 0
vt 0.7099147 0.5423363 0
vt 0.7032422 0.5369978 0
vt 0.7197668 0.6105713 0
vt 0.7251054 0.6039883 0
vt 0.7718696 0.562198 0
vt 0.7734776 0.5658362 0
vt 0.7706336 0.5657355 0
vt 0.7700799 0.5951352 0
vt 0.76994 0.597845 0
vt 0.7664528 0.5964468 0
vt 0.7472715 0.5522648 0
vt 0.7421875 0.5589372 0
vt 0.7572439 0.6207204 0
vt 0.7639947 0.6257877 0
vt 0.8026591 0.566169 0
vt 0.8063785 0.5662305 0
vt 0.8027906 0.5685796 0
vt 0.8014483 0.6005856 0
vt 0.7987888 0.5971599 0
vt 0.8013923 0.5967963 0
vt 0.8153833 0.5424239 0
vt 0.8087108 0.5370825 0
vt 0.8252325 0.6106586 0
vt 0.8305739 0.6040728 0
vt 0.7860009 0.736632 0
vt 0.7855829 0.7392358 0
vt 0.7895609 0.7380874 0
vt 0.7769194 0.7671064 0
vt 0.7777363 0.771092 0
vt 0.7794986 0.76773 0
vt 0.7987316 0.7105793 0
vt 0.8041237 0.7170229 0
vt 0.8052302 0.7805141 0
vt 0.7987698 0.7859048 0
vt 0.7565778 0.726702 0
vt 0.7547342 0.7299566 0
vt 0.7573278 0.7306824 0
vt 0.7483307 0.7609754 0
vt 0.7489037 0.7583978 0
vt 0.7448493 0.7594478 0
vt 0.7289303 0.7170575 0
vt 0.7353982 0.7116786 0
vt 0.7353509 0.7869132 0
vt 0.7299791 0.7804627 0
vt 0.7428746 0.5180244 0
vt 0.7414485 0.5160139 0
vt 0.7400084 0.5204572 0
vt 0.7242822 0.497167 0
vt 0.7215893 0.4964847 0
vt 0.7228113 0.4994572 0
vt 0.7611314 0.5374193 0
vt 0.7529831 0.5403191 0
vt 0.6906766 0.5194309 0
vt 0.6875 0.512004 0
vt 0.7582149 0.4904252 0
vt 0.7556675 0.4874388 0
vt 0.7541911 0.4896758 0
vt 0.7249477 0.4670008 0
vt 0.7285996 0.4688995 0
vt 0.7293126 0.4660026 0
vt 0.779131 0.4705829 0
vt 0.7818182 0.4783565 0
vt 0.7126161 0.4538248 0
vt 0.7202443 0.450075 0
vt 0.7141925 0.8406493 0
vt 0.7137569 0.84325 0
vt 0.717741 0.8421326 0
vt 0.7048721 0.8710515 0
vt 0.7056605 0.8750436 0
vt 0.7074491 0.8716956 0
vt 0.7271302 0.8146976 0
vt 0.7324715 0.8211834 0
vt 0.7330796 0.8846812 0
vt 0.7265743 0.8900208 0
vt 0.6848511 0.8304889 0
vt 0.682982 0.8337289 0
vt 0.6855698 0.834475 0
vt 0.6763324 0.8646963 0
vt 0.6769257 0.8621233 0
vt 0.6728631 0.8631413 0
vt 0.6572801 0.8206277 0
vt 0.6637873 0.8152994 0
vt 0.6631522 0.8905316 0
vt 0.6578312 0.8840392 0
vt 0.6359668 0.843894 0
vt 0.6355311 0.8464947 0
vt 0.6395153 0.8453772 0
vt 0.6266464 0.8742961 0
vt 0.6274347 0.8782883 0
vt 0.6292234 0.8749402 0
vt 0.6489045 0.8179422 0
vt 0.6542457 0.824428 0
vt 0.6548539 0.8879259 0
vt 0.6483513 0.8932657 0
vt 0.6066254 0.8337335 0
vt 0.6047562 0.8369736 0
vt 0.6073441 0.8377197 0
vt 0.5981067 0.8679409 0
vt 0.5987027 0.8653682 0
vt 0.5946401 0.8663862 0
vt 0.5790544 0.8238723 0
vt 0.5855643 0.8185443 0
vt 0.5849265 0.8937763 0
vt 0.5796054 0.8872838 0
vt 0.04638426 0.00390625 0
vt 0.04638426 0.9960938 0
vt 0.03576488 0.00390625 0
vt 0.03576488 0.9960937 0
vt 0.02514534 0.00390625 0
vt 0.02514534 0.9960937 0
vt 0.01452594 0.00390625 0
vt 0.01452594 0.9960937 0
vt 0.00390625 0.00390625 0
vt 0.1738183 0.9960938 0
vt 0.1631986 0.00390625 0
vt 0.1631986 0.9960937 0
vt 0.1525792 0.00390625 0
vt 0.1525792 0.9960937 0
vt 0.1419597 0.00390625 0
vt 0.1419597 0.9960937 0
vt 0.1313403 0.00390625 0
vt 0.1313403 0.9960938 0
vt 0.1207209 0.00390625 0
vt 0.1207209 0.9960938 0
vt 0.1101014 0.00390625 0
vt 0.1101014 0.9960937 0
vt 0.09948197 0.00390625 0
vt 0.09948197 0.9960938 0
vt 0.08886228 0.00390625 0
vt 0.08886228 0.9960937 0
vt 0.07824259 0.00390625 0
vt 0.07824259 0.9960938 0
vt 0.06762318 0.00390625 0
vt 0.06762318 0.9960938 0
vt 0.05700365 0.00390625 0
vt 0.05700365 0.9960938 0
vt 0.9620194 0.2668387 0
vt 0.9840889 0.2444966 0
vt 0.9643525 0.2706722 0
vt 0.9932111 0.2588497 0
vt 0.9651295 0.2751518 0
vt 0.9962183 0.2752591 0
vt 0.9641121 0.2796464 0
vt 0.9922259 0.291149 0
vt 0.9615193 0.2835121 0
vt 0.9828933 0.3042121 0
vt 0.95766 0.2861092 0
vt 0.9698323 0.3134997 0
vt 0.9531654 0.2871009 0
vt 0.953966 0.317492 0
vt 0.9486729 0.2861994 0
vt 0.9373828 0.3150881 0
vt 0.9448158 0.2838147 0
vt 0.9228129 0.3058971 0
vt 0.942429 0.2799812 0
vt 0.9136927 0.2912757 0
vt 0.9415661 0.275521 0
vt 0.9112909 0.2746667 0
vt 0.9426673 0.2710392 0
vt 0.9147896 0.2585814 0
vt 0.9452687 0.2671671 0
vt 0.9244334 0.245617 0
vt 0.949216 0.2646536 0
vt 0.9924116 0.7373284 0
vt 0.9537771 0.2636534 0
vt 0.9924116 0.8554896 0
vt 0.9582631 0.2644326 0
vt 0.9694717 0.236029 0
vt 0.9884139 0.2608094 0
vt 0.980118 0.2487658 0
vt 0.9912343 0.2751003 0
vt 0.9873772 0.2890627 0
vt 0.9797853 0.3011793 0
vt 0.9676086 0.3087239 0
vt 0.9535925 0.3123728 0
vt 0.9390291 0.310396 0
vt 0.927037 0.3016536 0
vt 0.9183719 0.2896101 0
vt 0.9165861 0.2749479 0
vt 0.9192949 0.2607257 0
vt 0.9281038 0.2494226 0
vt 0.9397395 0.2412662 0
vt 0.9536226 0.2379779 0
vt 0.9677052 0.2411031 0
vt 0.9703668 0.2586651 0
vt 0.9750052 0.2662141 0
vt 0.9759754 0.2750487 0
vt 0.9749408 0.2839371 0
vt 0.969167 0.2910567 0
vt 0.962058 0.296953 0
vt 0.9530345 0.2983717 0
vt 0.9442942 0.2963391 0
vt 0.9363546 0.2922137 0
vt 0.932124 0.2842891 0
vt 0.9298596 0.2755639 0
vt 0.9325726 0.2668451 0
vt 0.937181 0.2589613 0
vt 0.9450906 0.2542478 0
vt 0.9540669 0.2528612 0
vt 0.9631677 0.253357 0
vt 0.9142441 0.8318567 0
vt 0.9316946 0.8318567 0
vt 0.9223373 0.8318567 0
vt 0.9270162 0.8318567 0
vt 0.9316946 0.8397326 0
vt 0.9142441 0.8397326 0
vt 0.9270162 0.8397326 0
vt 0.9223373 0.8397326 0
vt 0.9142441 0.8239794 0
vt 0.9316946 0.8239794 0
vt 0.9223373 0.8239794 0
vt 0.9270162 0.8239794 0
vt 0.9142441 0.8161008 0
vt 0.9316946 0.8161008 0
vt 0.9223373 0.8161008 0
vt 0.9270162 0.8161008 0
vt 0.9142441 0.8082226 0
vt 0.9316946 0.8082226 0
vt 0.9223373 0.8082226 0
vt 0.9270162 0.8082226 0
vt 0.9142441 0.8003474 0
vt 0.9316946 0.8003474 0
vt 0.9223373 0.8003474 0
vt 0.9270162 0.8003474 0
vt 0.9142441 0.7924696 0
vt 0.9316946 0.7924696 0
vt 0.9223373 0.7924696 0
vt 0.9270162 0.7924696 0
vt 0.9142441 0.7845925 0
vt 0.9316946 0.7845925 0
vt 0.9223373 0.7845925 0
vt 0.9270162 0.7845925 0
vt 0.9142441 0.7767167 0
vt 0.9316946 0.7767167 0
vt 0.9223373 0.7767167 0
vt 0.9270162 0.7767167 0
vt 0.9142441 0.768837 0
vt 0.9316946 0.768837 0
vt 0.9223373 0.768837 0
vt 0.9270162 0.768837 0
vt 0.9142441 0.7609599 0
vt 0.9316946 0.7609599 0
vt 0.9223373 0.7609599 0
vt 0.9270162 0.7609599 0
vt 0.9142441 0.7530825 0
vt 0.9316946 0.7530825 0
vt 0.9223373 0.7530825 0
vt 0.9270162 0.7530825 0
vt 0.9142441 0.745207 0
vt 0.9316946 0.745207 0
vt 0.9223373 0.745207 0
vt 0.9270162 0.745207 0
vt 0.9142441 0.8633677 0
vt 0.9316946 0.8633677 0
vt 0.9223373 0.7373284 0
vt 0.9270162 0.7373284 0
vt 0.9142441 0.8554896 0
vt 0.9316946 0.8554896 0
vt 0.9223373 0.8554896 0
vt 0.9270162 0.8554896 0
vt 0.9142441 0.8476122 0
vt 0.9316946 0.8476122 0
vt 0.9223373 0.8476122 0
vt 0.9270162 0.8476122 0
vt 0.9638889 0.2649863 0
vt 0.9666192 0.269702 0
vt 0.9676194 0.2751239 0
vt 0.9663745 0.2805457 0
vt 0.9632622 0.2852507 0
vt 0.9585744 0.2883823 0
vt 0.9531439 0.2896422 0
vt 0.947707 0.2884102 0
vt 0.9429398 0.2856649 0
vt 0.9401817 0.2809321 0
vt 0.938969 0.2755446 0
vt 0.9404629 0.2701377 0
vt 0.9434765 0.2653555 0
vt 0.9483381 0.2624321 0
vt 0.9538651 0.2611743 0
vt 0.959302 0.2621209 0
vt 0.9468592 0.2817992 0
vt 0.9498556 0.2788522 0
vt 0.9533994 0.2753578 0
vt 0.956956 0.2718506 0
vt 0.9599717 0.2688649 0
vt 0.9176594 0.8397326 0
vt 0.9176594 0.8318567 0
vt 0.9176594 0.8239794 0
vt 0.9176594 0.8161008 0
vt 0.9176594 0.8082226 0
vt 0.9176594 0.8003474 0
vt 0.9176594 0.7924696 0
vt 0.9176594 0.7845925 0
vt 0.9176594 0.7767167 0
vt 0.9176594 0.768837 0
vt 0.9176594 0.7609599 0
vt 0.9176594 0.7530825 0
vt 0.9176594 0.745207 0
vt 0.9176594 0.7373284 0
vt 0.9176594 0.8554896 0
vt 0.9176594 0.8476122 0
vt 0.9542847 0.3570836 0
vt 0.9558366 0.3259999 0
vt 0.9585946 0.3584165 0
vt 0.9721082 0.3307992 0
vt 0.9621404 0.3612776 0
vt 0.9851731 0.3410996 0
vt 0.9642825 0.3653965 0
vt 0.9932069 0.3554094 0
vt 0.9648921 0.3700498 0
vt 0.9948339 0.3715115 0
vt 0.9637438 0.3745443 0
vt 0.9910756 0.387283 0
vt 0.9610501 0.3782339 0
vt 0.9816659 0.4008995 0
vt 0.9570922 0.3805047 0
vt 0.9674699 0.4101246 0
vt 0.9526084 0.3812646 0
vt 0.9503504 0.4127882 0
vt 0.9482792 0.3800884 0
vt 0.9341175 0.4071261 0
vt 0.944772 0.377253 0
vt 0.9215355 0.3963299 0
vt 0.9426428 0.3731449 0
vt 0.9137184 0.3822025 0
vt 0.9420183 0.3685109 0
vt 0.9126753 0.3664096 0
vt 0.9432889 0.3640142 0
vt 0.9924092 0.9774268 0
vt 0.9460191 0.3602431 0
vt 0.9924092 0.9695499 0
vt 0.9498568 0.357764 0
vt 0.9392516 0.3292345 0
vt 0.969818 0.3354354 0
vt 0.9556563 0.3318059 0
vt 0.9812753 0.3444823 0
vt 0.9883798 0.3570836 0
vt 0.9905132 0.3713204 0
vt 0.9862591 0.3851452 0
vt 0.9780579 0.3972443 0
vt 0.9657399 0.405467 0
vt 0.950975 0.4070102 0
vt 0.9368262 0.4027325 0
vt 0.9257917 0.3931576 0
vt 0.9184834 0.3808847 0
vt 0.9173479 0.3667616 0
vt 0.9205267 0.3529755 0
vt 0.928552 0.3411833 0
vt 0.9412456 0.3342205 0
vt 0.9550789 0.3455168 0
vt 0.9637008 0.3480345 0
vt 0.9705993 0.3538404 0
vt 0.9748212 0.3617992 0
vt 0.9755037 0.3708289 0
vt 0.9742245 0.379893 0
vt 0.9684293 0.3868387 0
vt 0.9605757 0.3908867 0
vt 0.9519795 0.3926467 0
vt 0.9433318 0.3906184 0
vt 0.9359934 0.3852504 0
vt 0.9323253 0.3767658 0
vt 0.9305631 0.3677038 0
vt 0.9332289 0.3588908 0
vt 0.938964 0.3518894 0
vt 0.9461135 0.3463368 0
vt 0.9142441 0.9459178 0
vt 0.931693 0.9459178 0
vt 0.9223366 0.9459178 0
vt 0.9270148 0.9459178 0
vt 0.931693 0.9537936 0
vt 0.9142441 0.9537936 0
vt 0.9270148 0.9537936 0
vt 0.9223366 0.9537936 0
vt 0.9142441 0.9380412 0
vt 0.931693 0.9380412 0
vt 0.9223366 0.9380412 0
vt 0.9270148 0.9380412 0
vt 0.9142441 0.9301638 0
vt 0.931693 0.9301638 0
vt 0.9223366 0.9301638 0
vt 0.9270148 0.9301638 0
vt 0.9142441 0.9222865 0
vt 0.931693 0.9222865 0
vt 0.9223366 0.9222865 0
vt 0.9270148 0.9222865 0
vt 0.9142441 0.9144093 0
vt 0.931693 0.9144093 0
vt 0.9223366 0.9144093 0
vt 0.9270148 0.9144093 0
vt 0.9142441 0.9065319 0
vt 0.931693 0.9065319 0
vt 0.9223366 0.9065319 0
vt 0.9270148 0.9065319 0
vt 0.9142441 0.8986547 0
vt 0.931693 0.8986547 0
vt 0.9223366 0.8986547 0
vt 0.9270148 0.8986547 0
vt 0.9142441 0.8907791 0
vt 0.931693 0.8907791 0
vt 0.9223366 0.8907791 0
vt 0.9270148 0.8907791 0
vt 0.9142441 0.8828998 0
vt 0.931693 0.8828998 0
vt 0.9223366 0.8828998 0
vt 0.9270148 0.8828998 0
vt 0.9142441 0.8750225 0
vt 0.931693 0.8750225 0
vt 0.9223366 0.8750225 0
vt 0.9270148 0.8750225 0
vt 0.9142441 0.9931821 0
vt 0.931693 0.8671456 0
vt 0.9223366 0.8671456 0
vt 0.9270148 0.8671456 0
vt 0.9142441 0.9853044 0
vt 0.931693 0.9853044 0
vt 0.9223366 0.9853044 0
vt 0.9270148 0.9853044 0
vt 0.9142441 0.9774268 0
vt 0.931693 0.9774268 0
vt 0.9223366 0.9774268 0
vt 0.9270148 0.9774268 0
vt 0.9142441 0.9695499 0
vt 0.931693 0.9695499 0
vt 0.9223366 0.9695499 0
vt 0.9270148 0.9695499 0
vt 0.9142441 0.9616731 0
vt 0.931693 0.9616731 0
vt 0.9223366 0.9616731 0
vt 0.9270148 0.9616731 0
vt 0.95445 0.3544607 0
vt 0.9596678 0.3561843 0
vt 0.9640292 0.3595777 0
vt 0.9665255 0.3646173 0
vt 0.9673196 0.370243 0
vt 0.9659288 0.375669 0
vt 0.9627221 0.3801592 0
vt 0.957837 0.3827735 0
vt 0.952426 0.3838381 0
vt 0.9471502 0.3823935 0
vt 0.9428768 0.3789701 0
vt 0.9404063 0.3739326 0
vt 0.9394813 0.3683327 0
vt 0.9411468 0.3629367 0
vt 0.9444243 0.358395 0
vt 0.949054 0.3552914 0
vt 0.9528231 0.3784314 0
vt 0.9531407 0.3742266 0
vt 0.9534949 0.3692363 0
vt 0.953834 0.3642246 0
vt 0.9541066 0.3599597 0
vt 0.9176587 0.9537936 0
vt 0.9176587 0.9459178 0
vt 0.9176587 0.9380412 0
vt 0.9176587 0.9301638 0
vt 0.9176587 0.9222865 0
vt 0.9176587 0.9144093 0
vt 0.9176587 0.9065319 0
vt 0.9176587 0.8986547 0
vt 0.9176587 0.8907791 0
vt 0.9176587 0.8828998 0
vt 0.9176587 0.8750225 0
vt 0.9176587 0.8671456 0
vt 0.9176587 0.9853044 0
vt 0.9176587 0.9774268 0
vt 0.9176587 0.9695499 0
vt 0.9176587 0.9616731 0
vt 0.3605912 0.3790386 0
vt 0.3665107 0.378167 0
vt 0.3726607 0.3760539 0
vt 0.3789433 0.373531 0
vt 0.3855266 0.3708032 0
vt 0.3925247 0.3688979 0
vt 0.3996814 0.3666038 0
vt 0.4072029 0.3657109 0
vt 0.4147615 0.3656997 0
vt 0.4223082 0.3658217 0
vt 0.4298307 0.3667425 0
vt 0.4370228 0.3690124 0
vt 0.4440674 0.3709436 0
vt 0.8179086 0.8580978 0
vt 0.8179086 0.8673996 0
vt 0.4628827 0.3785563 0
vt 0.3670596 0.3828383 0
vt 0.3597853 0.3841613 0
vt 0.373663 0.3806066 0
vt 0.3800174 0.3780747 0
vt 0.3865831 0.3755527 0
vt 0.3932697 0.373164 0
vt 0.4002469 0.3713526 0
vt 0.4074163 0.3701624 0
vt 0.414727 0.3698789 0
vt 0.4220153 0.3702968 0
vt 0.4291727 0.3715005 0
vt 0.4361976 0.3732511 0
vt 0.4429424 0.3756466 0
vt 0.4493774 0.3783078 0
vt 0.455713 0.3809218 0
vt 0.4623169 0.3832305 0
vt 0.3649758 0.4003124 0
vt 0.3716123 0.3978905 0
vt 0.377874 0.3952623 0
vt 0.3839269 0.3925459 0
vt 0.3897756 0.3898148 0
vt 0.3957923 0.3872475 0
vt 0.4019577 0.3852856 0
vt 0.408243 0.3842461 0
vt 0.4146093 0.383846 0
vt 0.4210123 0.3841506 0
vt 0.4273325 0.3852286 0
vt 0.4334528 0.3873019 0
vt 0.4393834 0.389963 0
vt 0.4452821 0.3926697 0
vt 0.4512809 0.3954399 0
vt 0.4574931 0.398099 0
vt 0.9103345 0.7464922 0
vt 0.8896252 0.7464922 0
vt 0.9006772 0.7464922 0
vt 0.8951511 0.7464922 0
vt 0.8896252 0.8859992 0
vt 0.9103345 0.7371908 0
vt 0.8951511 0.7371908 0
vt 0.9006772 0.7371908 0
vt 0.9103345 0.7557906 0
vt 0.8896252 0.7557906 0
vt 0.9006772 0.7557906 0
vt 0.8951511 0.7557906 0
vt 0.9103345 0.7650922 0
vt 0.8896252 0.7650922 0
vt 0.9006772 0.7650922 0
vt 0.8951511 0.7650922 0
vt 0.9103345 0.7743952 0
vt 0.8896252 0.7743952 0
vt 0.9006772 0.7743952 0
vt 0.8951511 0.7743952 0
vt 0.9103345 0.7836937 0
vt 0.8896252 0.7836937 0
vt 0.9006772 0.7836937 0
vt 0.8951511 0.7836937 0
vt 0.9103345 0.7929953 0
vt 0.8896252 0.7929953 0
vt 0.9006772 0.7929953 0
vt 0.8951511 0.7929953 0
vt 0.9103345 0.8022937 0
vt 0.8896252 0.8022937 0
vt 0.9006772 0.8022937 0
vt 0.8951511 0.8022937 0
vt 0.9103345 0.811595 0
vt 0.8896252 0.811595 0
vt 0.9006772 0.811595 0
vt 0.8951511 0.811595 0
vt 0.9103345 0.8208953 0
vt 0.8896252 0.8208953 0
vt 0.9006772 0.8208953 0
vt 0.8951511 0.8208953 0
vt 0.9103345 0.8301946 0
vt 0.8896252 0.8301946 0
vt 0.9006772 0.8301946 0
vt 0.8951511 0.8301946 0
vt 0.9103345 0.8394964 0
vt 0.8896252 0.8394964 0
vt 0.9006772 0.8394964 0
vt 0.8951511 0.8394964 0
vt 0.9103345 0.8487949 0
vt 0.8896252 0.8487949 0
vt 0.9006772 0.8487949 0
vt 0.8951511 0.8487949 0
vt 0.9103345 0.8580978 0
vt 0.8896252 0.8580978 0
vt 0.9006772 0.8580978 0
vt 0.8951511 0.8580978 0
vt 0.9103345 0.8673996 0
vt 0.8896252 0.8673996 0
vt 0.9006772 0.8673996 0
vt 0.8951511 0.8673996 0
vt 0.9103345 0.8766989 0
vt 0.8896252 0.8766989 0
vt 0.9006772 0.8766989 0
vt 0.8951511 0.8766989 0
vt 0.3710108 0.4083735 0
vt 0.3764164 0.4067072 0
vt 0.3818428 0.4041656 0
vt 0.3871466 0.4008405 0
vt 0.3924782 0.3976128 0
vt 0.3978176 0.3951031 0
vt 0.4032607 0.393214 0
vt 0.4088678 0.3918752 0
vt 0.414567 0.3913257 0
vt 0.4202651 0.3918351 0
vt 0.4258785 0.3931726 0
vt 0.4313795 0.3950797 0
vt 0.4367098 0.3976357 0
vt 0.4419675 0.4009263 0
vt 0.4472407 0.4042693 0
vt 0.4526996 0.4068006 0
vt 0.3713146 0.4091182 0
vt 0.3768619 0.4078941 0
vt 0.3826405 0.4060553 0
vt 0.3882509 0.403743 0
vt 0.3936519 0.4016317 0
vt 0.3989074 0.3999735 0
vt 0.4041264 0.3987607 0
vt 0.4093324 0.3979954 0
vt 0.4145309 0.3977332 0
vt 0.4197382 0.3980104 0
vt 0.4249538 0.3987812 0
vt 0.4301661 0.3999857 0
vt 0.4355257 0.4016247 0
vt 0.4408601 0.4038015 0
vt 0.446448 0.4061443 0
vt 0.452257 0.4079775 0
vt 0.3715571 0.4098774 0
vt 0.3771954 0.4091167 0
vt 0.3831671 0.4080879 0
vt 0.3889206 0.4068563 0
vt 0.3943139 0.4057878 0
vt 0.3994897 0.4049383 0
vt 0.4045437 0.4043373 0
vt 0.409539 0.4039808 0
vt 0.4145126 0.4038715 0
vt 0.4194895 0.4040053 0
vt 0.4244955 0.4043665 0
vt 0.4295653 0.4049416 0
vt 0.4347652 0.4057574 0
vt 0.440178 0.4068941 0
vt 0.4459313 0.4081606 0
vt 0.4519322 0.4091876 0
vt 0.3717367 0.4106467 0
vt 0.3774105 0.4103623 0
vt 0.3834345 0.4101953 0
vt 0.3892361 0.4100661 0
vt 0.3945553 0.4100022 0
vt 0.399702 0.4099399 0
vt 0.4046893 0.4099066 0
vt 0.4096053 0.4098957 0
vt 0.4144985 0.4099019 0
vt 0.4193934 0.4099155 0
vt 0.4243251 0.409926 0
vt 0.4293477 0.4099251 0
vt 0.4344202 0.4099516 0
vt 0.4398789 0.4100762 0
vt 0.445676 0.4102524 0
vt 0.4517293 0.4104175 0
vt 0.371853 0.4114202 0
vt 0.3775078 0.411613 0
vt 0.3834462 0.4123213 0
vt 0.3890988 0.4132736 0
vt 0.3944837 0.4142095 0
vt 0.3996022 0.4149536 0
vt 0.4046071 0.4154918 0
vt 0.4095556 0.4158215 0
vt 0.4144874 0.4159352 0
vt 0.4194227 0.4158261 0
vt 0.4243758 0.4154817 0
vt 0.4293732 0.4149039 0
vt 0.434597 0.4141392 0
vt 0.4399556 0.4132551 0
vt 0.4456793 0.4123551 0
vt 0.4516459 0.4116495 0
vt 0.4571958 0.412242 0
vt 0.377488 0.4128496 0
vt 0.383208 0.4143991 0
vt 0.3887058 0.4164008 0
vt 0.3939251 0.4183393 0
vt 0.3991137 0.419946 0
vt 0.4042452 0.4211245 0
vt 0.4093669 0.4218389 0
vt 0.4144926 0.4220725 0
vt 0.4196191 0.4218164 0
vt 0.4247391 0.4210725 0
vt 0.4298649 0.4198535 0
vt 0.4350587 0.4182319 0
vt 0.440393 0.4163505 0
vt 0.4459385 0.4144083 0
vt 0.4516828 0.4128659 0
vt 0.4571856 0.4129886 0
vt 0.3773565 0.4140601 0
vt 0.3827042 0.4163735 0
vt 0.3878036 0.4193142 0
vt 0.3928819 0.4222809 0
vt 0.3980864 0.4248601 0
vt 0.4034485 0.4268263 0
vt 0.4089473 0.4280404 0
vt 0.4145221 0.4284269 0
vt 0.4200866 0.4279674 0
vt 0.425558 0.426695 0
vt 0.4308858 0.4246974 0
vt 0.4360753 0.4221322 0
vt 0.4412553 0.4192489 0
vt 0.4464613 0.4163542 0
vt 0.4518304 0.4140525 0
vt 0.4607528 0.4285734 0
vt 0.3732815 0.4299341 0
vt 0.3783715 0.4319859 0
vt 0.3836805 0.4343924 0
vt 0.3893099 0.4368735 0
vt 0.3952977 0.4391221 0
vt 0.4016181 0.4408814 0
vt 0.4081758 0.4419609 0
vt 0.4148378 0.4422542 0
vt 0.4214557 0.4417399 0
vt 0.4278864 0.4404831 0
vt 0.4340224 0.4386258 0
vt 0.4398173 0.4363822 0
vt 0.4452929 0.4340213 0
vt 0.4505071 0.4318208 0
vt 0.4555936 0.4300048 0
vt 0.9062026 0.7371908 0
vt 0.9062026 0.7464922 0
vt 0.9062026 0.7557906 0
vt 0.9062026 0.7650922 0
vt 0.9062026 0.7743952 0
vt 0.9062026 0.7836937 0
vt 0.9062026 0.7929953 0
vt 0.9062026 0.8022937 0
vt 0.9062026 0.811595 0
vt 0.9062026 0.8208953 0
vt 0.9062026 0.8301946 0
vt 0.9062026 0.8394964 0
vt 0.9062026 0.8487949 0
vt 0.9062026 0.8580978 0
vt 0.9062026 0.8673996 0
vt 0.9062026 0.8766989 0
vt 0.8848858 0.3650389 0
vt 0.8848858 0.4321823 0
vt 0.8848858 0.5606286 0
vt 0.8848858 0.4974194 0
vt 0.8848858 0.3819145 0
vt 0.8848858 0.4487177 0
vt 0.2610598 0.00390625 0
vt 0.8848858 0.5763983 0
vt 0.4643575 0.4006323 0
vt 0.8848858 0.5133548 0
vt 0.9924116 0.7530825 0
vt 0.8848858 0.3987528 0
vt 0.8848858 0.465107 0
vt 0.8848858 0.5923098 0
vt 0.9924092 0.8750225 0
vt 0.8848858 0.5291719 0
vt 0.8848858 0.4155192 0
vt 0.2186952 0.06247069 0
vt 0.8848858 0.4813406 0
vt 0.8634943 0.6084706 0
vt 0.4686611 0.3794176 0
vt 0.8179086 0.8859992 0
vt 0.8848858 0.5449111 0
vt 0.3048314 0.0522453 0
vt 0.8848858 0.1612796 0
vt 0.3479462 0.1519837 0
vt 0.8848858 0.218504 0
vt 0.8848858 0.2815686 0
vt 0.3719072 0.4121891 0
vt 0.2175095 0.00390625 0
vt 0.8848858 0.3481671 0
vt 0.175145 0.3602669 0
vt 0.8848858 0.148001 0
vt 0.4572617 0.4114871 0
vt 0.4770952 0.00390625 0
vt 0.8848858 0.2035875 0
vt 0.4581461 0.4085036 0
vt 0.8848858 0.2653648 0
vt 0.8848858 0.33134 0
vt 0.8848858 0.1351031 0
vt 0.8848858 0.1890697 0
vt 0.175145 0.06247069 0
vt 0.8848858 0.2494264 0
vt 0.3682785 0.4283577 0
vt 0.3747681 0.4521321 0
vt 0.8848858 0.3146013 0
vt 0.8848858 0.122536 0
vt 0.3719049 0.4129486 0
vt 0.8848858 0.1749668 0
vt 0.4575776 0.4099751 0
vt 0.8179086 0.8766989 0
vt 0.8848858 0.2337938 0
vt 0.9924092 0.9144093 0
vt 0.8848858 0.2979961 0
vt 0.8848858 0.003976725 0
vt 0.4666864 0.4494937 0
vt 0.8848858 0.06114246 0
vt 0.9924116 0.8239794 0
vt 0.8848858 0.1102268 0
vt 0.5630551 0.4494631 0
vt 0.8848858 0.04808935 0
vt 0.9924116 0.7609599 0
vt 0.4347306 0.2105484 0
vt 0.8848858 0.09807471 0
vt 0.8848858 0.03434088 0
vt 0.8628723 0.09331656 0
vt 0.8848858 0.08595098 0
vt 0.8848858 0.01969985 0
vt 0.8848858 0.07369924 0
vt 0.8628723 0.6266685 0
vt 0.8387416 0.7222494 0
vt 0.8628723 0.6044541 0
vt 0.8628723 0.6972527 0
vt 0.8628723 0.5828307 0
vt 0.8628723 0.6730237 0
vt 0.3913384 0.2105486 0
vt 0.8628723 0.6495109 0
vt 0.9924092 0.9301638 0
vt 0.2888789 0.4494579 0
vt 0.8628723 0.3461277 0
vt 0.8628723 0.4109009 0
vt 0.8628723 0.4826129 0
vt 0.8628723 0.5617669 0
vt 0.8628723 0.3309576 0
vt 0.8628723 0.3940727 0
vt 0.8628723 0.4640128 0
vt 0.2617633 0.4188317 0
vt 0.8628723 0.5412341 0
vt 0.2617633 0.2105486 0
vt 0.8628723 0.3161651 0
vt 0.8628723 0.3776728 0
vt 0.8628723 0.445865 0
vt 0.8628723 0.5212098 0
vt 0.2731316 0.9893054 0
vt 0.8628723 0.3017219 0
vt 0.8628723 0.3616943 0
vt 0.8628723 0.4281635 0
vt 0.2186952 0.1519837 0
vt 0.8628723 0.5016743 0
vt 0.8628723 0.2875936 0
vt 0.8628723 0.2737308 0
vt 0.8628723 0.260073 0
vt 0.8238927 0.4350118 0
vt 0.8628723 0.2465467 0
vt 0.9924092 0.9616731 0
vt 0.8628723 0.2330624 0
vt 0.8628723 0.2195168 0
vt 0.4977813 0.009358163 0
vt 0.8628723 0.2057913 0
vt 0.8179086 0.8301946 0
vt 0.8628723 0.19176 0
vt 0.8628723 0.1772844 0
vt 0.8628723 0.1622237 0
vt 0.175145 0.2605286 0
vt 0.8628723 0.1464358 0
vt 0.175145 0.2105486 0
vt 0.8628723 0.1297792 0
vt 0.8628723 0.1121171 0
vt 0.8628723 0.07325177 0
vt 0.8628723 0.05180177 0
vt 0.2186952 0.2605286 0
vt 0.8628723 0.02885228 0
vt 0.8628723 0.004293671 0
vt 0.3479462 0.1570969 0
vt 0.2825703 0.4522081 0
vt 0.8854461 0.4286146 0
vt 0.9096442 0.4171524 0
vt 0.2617633 0.05480235 0
vt 0.9096442 0.405751 0
vt 0.2617633 0.1545412 0
vt 0.2668269 0.9920579 0
vt 0.9096442 0.394353 0
vt 0.9096442 0.382913 0
vt 0.9096442 0.3713978 0
vt 0.9096442 0.3597837 0
vt 0.9096442 0.3480601 0
vt 0.175145 0.2656416 0
vt 0.9096442 0.3362215 0
vt 0.175145 0.3653801 0
vt 0.9096442 0.3242728 0
vt 0.9924092 0.8671456 0
vt 0.9096442 0.3122244 0
vt 0.175145 0.05480235 0
vt 0.9096442 0.3000919 0
vt 0.9096442 0.2878976 0
vt 0.8179086 0.7557906 0
vt 0.9096442 0.2756651 0
vt 0.9096442 0.2634216 0
vt 0.2186952 0.1596525 0
vt 0.9096442 0.2511988 0
vt 0.8179086 0.8022937 0
vt 0.9096442 0.2390279 0
vt 0.3048314 0.0573583 0
vt 0.9096442 0.2269424 0
vt 0.2186952 0.05991455 0
vt 0.3048314 0.1570969 0
vt 0.9096442 0.2149775 0
vt 0.1738183 0.00390625 0
vt 0.3913384 0.1622095 0
vt 0.9096442 0.2031672 0
vt 0.9096442 0.1915463 0
vt 0.9096442 0.1801475 0
vt 0.9096442 0.1690045 0
vt 0.9096442 0.1581465 0
vt 0.9096442 0.1475997 0
vt 0.9096442 0.1373888 0
vt 0.9096442 0.127529 0
vt 0.1865255 0.993026 0
vt 0.9096442 0.1180307 0
vt 0.9096442 0.1088945 0
vt 0.9096442 0.1001073 0
vt 0.9924116 0.8476122 0
vt 0.9096442 0.0916415 0
vt 0.9096442 0.08345131 0
vt 0.175145 0.05991455 0
vt 0.9096442 0.07546656 0
vt 0.9096442 0.06759509 0
vt 0.9096442 0.05971927 0
vt 0.2617633 0.2656416 0
vt 0.9096442 0.05170274 0
vt 0.2617633 0.3653801 0
vt 0.9096442 0.04339138 0
vt 0.9924116 0.7845925 0
vt 0.175145 0.1596525 0
vt 0.9096442 0.03462805 0
vt 0.3048314 0.1622095 0
vt 0.9096442 0.025256 0
vt 0.9096442 0.01512655 0
vt 0.8179086 0.811595 0
vt 0.9096442 0.004102205 0
vt 0.9924116 0.8318567 0
vt 0.4773627 0.9893259 0
vt 0.9924116 0.8397326 0
vt 0.4837959 0.9920629 0
vt 0.4828621 0.448488 0
vt 0.4772873 0.4521411 0
vt 0.563986 0.9930437 0
vt 0.5695594 0.9893863 0
vt 0.5694839 0.4522044 0
vt 0.368407 0.992095 0
vt 0.3747113 0.9893434 0
vt 0.3690872 0.448523 0
vt 0.9924092 0.9537936 0
vt 0.2825118 0.9894075 0
vt 0.2881916 0.9930086 0
vt 0.3809794 0.9893559 0
vt 0.3874021 0.9920939 0
vt 0.3864926 0.4485106 0
vt 0.3048314 0.05991455 0
vt 0.3809198 0.4521677 0
vt 0.4675148 0.993021 0
vt 0.473191 0.9894217 0
vt 0.4731172 0.4522306 0
vt 0.1874291 0.4494308 0
vt 0.175145 0.0573583 0
vt 0.1810062 0.4521672 0
vt 0.2186952 0.1570969 0
vt 0.1809493 0.9893712 0
vt 0.2732186 0.452106 0
vt 0.2675451 0.4485056 0
vt 0.2617633 0.2630856 0
vt 0.4881942 0.01730638 0
vt 0.4578313 0.4092326 0
vt 0.4776191 0.4314984 0
vt 0.486513 0.4403537 0
vt 0.925062 0.3376225 0
vt 0.8344167 0.02090686 0
vt 0.8256615 0.01194238 0
vt 0.8143076 0.4429519 0
vt 0.9924116 0.8082226 0
vt 0.2186952 0.2630856 0
vt 0.2186952 0.2656416 0
vt 0.2186952 0.2681978 0
vt 0.2186952 0.270754 0
vt 0.8179086 0.8487949 0
vt 0.2186952 0.3679357 0
vt 0.2186952 0.3704927 0
vt 0.2186952 0.3653801 0
vt 0.2186952 0.3628244 0
vt 0.2186952 0.3602669 0
vt 0.2610594 0.2121896 0
vt 0.2186952 0.4188317 0
vt 0.3479462 0.0522453 0
vt 0.3479462 0.05480235 0
vt 0.3479462 0.0573583 0
vt 0.3479462 0.05991455 0
vt 0.3479462 0.06247069 0
vt 0.3479462 0.1596525 0
vt 0.4347306 0.0548023 0
vt 0.3479462 0.1622095 0
vt 0.175145 0.1570969 0
vt 0.3479462 0.1545412 0
vt 0.3903107 0.00390625 0
vt 0.3479462 0.2105486 0
vt 0.175145 0.2630856 0
vt 0.175145 0.2681978 0
vt 0.175145 0.270754 0
vt 0.175145 0.3679356 0
vt 0.175145 0.3704927 0
vt 0.175145 0.3628244 0
vt 0.2175092 0.2121896 0
vt 0.8179086 0.7836937 0
vt 0.175145 0.4188317 0
vt 0.3048314 0.05480235 0
vt 0.3048314 0.06247069 0
vt 0.3048314 0.1596525 0
vt 0.3048314 0.1545412 0
vt 0.3048314 0.1519837 0
vt 0.3471959 0.00390625 0
vt 0.3048314 0.2105486 0
vt 0.3913384 0.0522453 0
vt 0.3913384 0.05480235 0
vt 0.3913384 0.0573583 0
vt 0.3913384 0.05991455 0
vt 0.3913384 0.06247069 0
vt 0.3913384 0.1596525 0
vt 0.3913384 0.1570969 0
vt 0.3913384 0.1545412 0
vt 0.3913384 0.1519837 0
vt 0.4337029 0.00390625 0
vt 0.2617633 0.2605286 0
vt 0.9924092 0.9380412 0
vt 0.2617633 0.2681978 0
vt 0.2617633 0.270754 0
vt 0.2617633 0.3679357 0
vt 0.2617633 0.3704927 0
vt 0.2617633 0.3628244 0
vt 0.2617633 0.3602669 0
vt 0.3041274 0.2121896 0
vt 0.2617633 0.0522453 0
vt 0.2617633 0.0573583 0
vt 0.2617633 0.05991455 0
vt 0.2617633 0.06247069 0
vt 0.2617633 0.1596525 0
vt 0.2617633 0.1622095 0
vt 0.2617633 0.1570969 0
vt 0.2617633 0.1519837 0
vt 0.3041278 0.00390625 0
vt 0.175145 0.0522453 0
vt 0.00390625 0.9960937 0
vt 0.175145 0.1622095 0
vt 0.175145 0.1545412 0
vt 0.175145 0.1519837 0
vt 0.4347306 0.05224526 0
vt 0.4347306 0.05735825 0
vt 0.4347306 0.05991449 0
vt 0.4347306 0.06247063 0
vt 0.4347306 0.1596523 0
vt 0.4347306 0.1622094 0
vt 0.4347306 0.1570968 0
vt 0.4347306 0.1545411 0
vt 0.8179086 0.7650922 0
vt 0.4347306 0.1519836 0
vt 0.2186952 0.0522453 0
vt 0.2186952 0.05480235 0
vt 0.2186952 0.0573583 0
vt 0.2186952 0.1622095 0
vt 0.2186952 0.1545412 0
vt 0.2186952 0.2105486 0
vt 0.9533607 0.2330497 0
vt 0.9924092 0.8907791 0
vt 0.9379022 0.2371516 0
vt 0.9924116 0.8161008 0
vt 0.9924116 0.8003474 0
vt 0.9924116 0.7924696 0
vt 0.9924116 0.7767167 0
vt 0.9924116 0.768837 0
vt 0.9924116 0.745207 0
vt 0.9158498 0.3508849 0
vt 0.9924092 0.9459178 0
vt 0.9924092 0.9222865 0
vt 0.9924092 0.9065319 0
vt 0.9924092 0.8986547 0
vt 0.9924092 0.8828998 0
vt 0.9924092 0.9853044 0
vt 0.4693055 0.3844873 0
vt 0.4568014 0.3763958 0
vt 0.4505723 0.373789 0
vt 0.8179086 0.7464922 0
vt 0.8179086 0.7743952 0
vt 0.8179086 0.7929953 0
vt 0.8179086 0.8208953 0
vt 0.8179086 0.8394964 0
vt 0.4573879 0.4107295 0
vt 0.9006772 0.8859992 0
vt 0.9062026 0.8859992 0
vt 0.9103345 0.8859992 0
vt 0.8179086 0.7371908 0
vt 0.8951511 0.8859992 0
vt 0.8896252 0.7371908 0
vt 0.9223366 0.9931821 0
vt 0.9270148 0.9931821 0
vt 0.9176587 0.9931821 0
vt 0.9142441 0.8671456 0
vt 0.931693 0.9931821 0
vt 0.9924092 0.9931821 0
vt 0.9924116 0.8633677 0
vt 0.9316946 0.7373284 0
vt 0.9270162 0.8633677 0
vt 0.9223373 0.8633677 0
vt 0.9176594 0.8633677 0
vt 0.9142441 0.7373284 0
#end 4862 textures vertices 

#begin 3103 normals 
vn -0.946 0.0448 -0.3212
vn -0.9641 0.092 -0.249
vn -0.9853 0.0944 0.1427
vn -0.9966 0.0479 0.0673
vn -0.75 0.0347 -0.6605
vn -0.7947 0.0756 -0.6023
vn -0.4393 0.0192 -0.8981
vn -0.5035 0.0475 -0.8627
vn -0.0618 0.001 -0.9981
vn -0.1356 0.0122 -0.9907
vn 0.3239 -0.0174 -0.9459
vn 0.2514 -0.0249 -0.9676
vn 0.6601 -0.0331 -0.7505
vn 0.6002 -0.0581 -0.7977
vn 0.8957 -0.0437 -0.4424
vn 0.8574 -0.0824 -0.5079
vn 0.9966 -0.0478 -0.0678
vn 0.9854 -0.0944 -0.1416
vn 0.9476 -0.0447 0.3164
vn 0.9649 -0.0921 0.246
vn 0.7558 -0.0347 0.6538
vn 0.799 -0.0759 0.5965
vn 0.449 -0.0197 0.8933
vn 0.5123 -0.0483 0.8574
vn 0.0737 -0.0015 0.9973
vn 0.1475 -0.0133 0.989
vn -0.3141 0.0169 0.9492
vn -0.2407 0.0238 0.9703
vn -0.6544 0.0328 0.7555
vn -0.5927 0.0574 0.8034
vn -0.894 0.0436 0.4459
vn -0.8546 0.0822 0.5127
vn -0.9763 0.1863 -0.1097
vn -0.9423 0.1818 0.281
vn -0.8601 0.1622 -0.4837
vn -0.6117 0.1131 -0.7829
vn -0.2703 0.047 -0.9616
vn 0.1118 -0.0263 -0.9934
vn 0.4762 -0.0955 -0.8741
vn 0.7676 -0.15 -0.6231
vn 0.943 -0.1818 -0.2786
vn 0.9765 -0.1863 0.1085
vn 0.8627 -0.1627 0.4788
vn 0.6188 -0.1145 0.7772
vn 0.281 -0.049 0.9585
vn -0.1006 0.0242 0.9946
vn -0.4678 0.0939 0.8788
vn -0.7634 0.1492 0.6284
vn -0.9606 0.2765 0.0277
vn -0.8754 0.2555 0.4104
vn -0.8979 0.2548 -0.359
vn -0.6971 0.1941 -0.6902
vn -0.3899 0.1037 -0.915
vn -0.0238 -0.0024 -0.9997
vn 0.3457 -0.1079 -0.9321
vn 0.6611 -0.1967 -0.7241
vn 0.8771 -0.2559 -0.4064
vn 0.9606 -0.2765 -0.0274
vn 0.8993 -0.2553 0.355
vn 0.7026 -0.1956 0.6842
vn 0.399 -0.1063 0.9108
vn 0.0339 -0.0006 0.9994
vn -0.3364 0.1054 0.9358
vn -0.6559 0.1953 0.7291
vn -0.9207 0.3562 0.1593
vn -0.7909 0.3113 0.5268
vn -0.9088 0.3463 -0.2327
vn -0.7571 0.2831 -0.5887
vn -0.4897 0.1768 -0.8538
vn -0.1476 0.0434 -0.9881
vn 0.2163 -0.0963 -0.9716
vn 0.5465 -0.221 -0.8078
vn 0.7937 -0.3122 -0.522
vn 0.9209 -0.3562 -0.1581
vn 0.9094 -0.3465 0.23
vn 0.761 -0.2846 0.583
vn 0.497 -0.1795 0.849
vn 0.1572 -0.0471 0.9864
vn -0.207 0.0928 0.9739
vn -0.54 0.2187 0.8128
vn -0.8621 0.4213 0.2817
vn -0.6958 0.3472 0.6288
vn -0.8959 0.4306 -0.1089
vn -0.7921 0.3738 -0.4826
vn -0.5667 0.2596 -0.7819
vn -0.2549 0.1059 -0.9612
vn 0.0948 -0.0635 -0.9935
vn 0.4297 -0.2232 -0.8749
vn 0.6993 -0.3487 -0.6241
vn 0.8627 -0.4215 -0.2794
vn 0.8961 -0.4307 0.1075
vn 0.7944 -0.3748 0.478
vn 0.5722 -0.2623 0.7771
vn 0.2633 -0.11 0.9584
vn -0.0859 0.0592 0.9945
vn -0.4232 0.2201 0.8789
vn -0.7908 0.4698 0.3922
vn -0.5966 0.3639 0.7153
vn -0.8637 0.504 0.009
vn -0.8039 0.4603 -0.3766
vn -0.621 0.3464 -0.7031
vn -0.3433 0.1796 -0.9219
vn -0.0131 -0.0148 -0.9998
vn 0.3176 -0.2059 -0.9256
vn 0.6005 -0.366 -0.7109
vn 0.7919 -0.4705 -0.3892
vn 0.8637 -0.5039 -0.009
vn 0.8052 -0.4612 0.3726
vn 0.6249 -0.3488 0.6984
vn 0.3499 -0.1835 0.9186
vn 0.0214 0.0099 0.9997
vn -0.3108 0.2019 0.9288
vn -0.7125 0.5023 0.49
vn -0.4983 0.3631 0.7873
vn -0.8173 0.5641 0.1175
vn -0.7966 0.5393 -0.2732
vn -0.6539 0.4319 -0.6212
vn -0.411 0.2586 -0.8742
vn -0.1056 0.0457 -0.9934
vn 0.2152 -0.1737 -0.961
vn 0.503 -0.3662 -0.7829
vn 0.7142 -0.5031 -0.4867
vn 0.8174 -0.5641 -0.117
vn 0.7973 -0.5398 0.2702
vn 0.6566 -0.434 0.6168
vn 0.4167 -0.2623 0.8704
vn 0.1127 -0.0505 0.9924
vn -0.2085 0.1688 0.9634
vn -0.6324 0.5197 0.5744
vn -0.4063 0.349 0.8445
vn -0.7617 0.6108 0.2161
vn -0.7741 0.6083 -0.1754
vn -0.6678 0.5124 -0.5398
vn -0.4593 0.3382 -0.8214
vn -0.1807 0.1123 -0.9771
vn 0.1248 -0.1301 -0.9836
vn 0.4106 -0.3523 -0.841
vn 0.6344 -0.5212 -0.5708
vn 0.762 -0.611 -0.2147
vn 0.7743 -0.6085 0.1736
vn 0.6696 -0.514 0.5361
vn 0.4637 -0.3417 0.8174
vn 0.187 -0.1174 0.9753
vn -0.1186 0.1252 0.985
vn -0.5545 0.525 0.6457
vn -0.3228 0.3245 0.8891
vn -0.7013 0.6452 0.3031
vn -0.7405 0.6665 -0.0858
vn -0.6663 0.5856 -0.4616
vn -0.4901 0.4152 -0.7664
vn -0.2391 0.1812 -0.9539
vn 0.0481 -0.0799 -0.9956
vn 0.3274 -0.3285 -0.8859
vn 0.5566 -0.5268 -0.6424
vn 0.7016 -0.6456 -0.3016
vn 0.7406 -0.6665 0.0851
vn 0.6676 -0.587 0.458
vn 0.4936 -0.4184 0.7625
vn 0.2443 -0.1861 0.9517
vn -0.0423 0.0748 0.9963
vn -0.4812 0.521 0.705
vn -0.2495 0.2935 0.9228
vn -0.6393 0.6689 0.3795
vn -0.6996 0.7145 -0.0047
vn -0.6526 0.6506 -0.3883
vn -0.5058 0.487 -0.7121
vn -0.2817 0.2492 -0.9266
vn -0.015 -0.0264 -0.9995
vn 0.2537 -0.2976 -0.9203
vn 0.4837 -0.5235 -0.7014
vn 0.6399 -0.6696 -0.3772
vn 0.6996 -0.7145 0.0044
vn 0.6534 -0.6516 0.3854
vn 0.5083 -0.4898 0.7083
vn 0.286 -0.2537 0.924
vn 0.0201 0.0214 0.9996
vn -0.4139 0.5102 0.7539
vn -0.1864 0.2585 0.9479
vn -0.5783 0.6841 0.4445
vn -0.6543 0.7533 0.0663
vn -0.6298 0.707 -0.3216
vn -0.5089 0.5524 -0.6602
vn -0.3104 0.3135 -0.8974
vn -0.0649 0.0273 -0.9975
vn 0.1906 -0.2631 -0.9457
vn 0.4165 -0.5131 -0.7505
vn 0.5792 -0.685 -0.4419
vn 0.6543 -0.7533 -0.0668
vn 0.6303 -0.7077 0.3193
vn 0.5109 -0.5549 0.6565
vn 0.3141 -0.3178 0.8946
vn 0.0694 -0.0325 0.9971
vn -0.3538 0.4955 0.7933
vn -0.1337 0.2226 0.9657
vn -0.5199 0.693 0.4995
vn -0.6067 0.7844 0.1286
vn -0.6005 0.7557 -0.2614
vn -0.5024 0.6112 -0.6116
vn -0.3271 0.373 -0.8682
vn -0.1026 0.0787 -0.9916
vn 0.1375 -0.2274 -0.964
vn 0.3564 -0.4987 -0.7901
vn 0.5211 -0.6942 -0.4965
vn 0.6068 -0.7845 -0.1282
vn 0.6007 -0.756 0.2599
vn 0.5036 -0.6131 0.6087
vn 0.3302 -0.3772 0.8653
vn 0.1064 -0.0836 0.9908
vn -0.3009 0.479 0.8246
vn -0.0905 0.1876 0.9781
vn -0.4652 0.6972 0.5454
vn -0.5585 0.8093 0.1821
vn -0.5664 0.7972 -0.2088
vn -0.4876 0.663 -0.5681
vn -0.334 0.4274 -0.8401
vn -0.1299 0.1272 -0.9833
vn 0.0939 -0.1924 -0.9768
vn 0.3033 -0.4825 -0.8217
vn 0.4663 -0.6988 -0.5425
vn 0.5587 -0.8093 -0.1812
vn 0.5666 -0.7974 0.2076
vn 0.4886 -0.6649 0.565
vn 0.3367 -0.4313 0.837
vn 0.1335 -0.1322 0.9822
vn -0.2539 0.4612 0.8502
vn -0.0553 0.1539 0.9865
vn -0.414 0.6986 0.5836
vn -0.5109 0.8289 0.2276
vn -0.5293 0.8326 -0.1631
vn -0.4668 0.7087 -0.529
vn -0.3329 0.4763 -0.8138
vn -0.1483 0.1715 -0.974
vn 0.0585 -0.1589 -0.9856
vn 0.2563 -0.4649 -0.8474
vn 0.4151 -0.7002 -0.5808
vn 0.5109 -0.8292 -0.2266
vn 0.5294 -0.8328 0.1618
vn 0.4677 -0.7103 0.526
vn 0.3351 -0.4798 0.8109
vn 0.1515 -0.1767 0.9725
vn -0.2131 0.4443 0.8702
vn -0.0274 0.1226 0.9921
vn -0.3662 0.6976 0.6158
vn -0.4636 0.845 0.2665
vn -0.49 0.8629 -0.1237
vn -0.4414 0.7486 -0.4948
vn -0.3251 0.5199 -0.7899
vn -0.1593 0.2119 -0.9642
vn 0.0303 -0.1277 -0.9913
vn 0.2153 -0.4479 -0.8677
vn 0.3675 -0.6997 -0.6126
vn 0.4639 -0.8453 -0.2649
vn 0.4901 -0.863 0.1229
vn 0.442 -0.75 0.4921
vn 0.327 -0.5232 0.787
vn 0.1621 -0.2169 0.9627
vn -0.177 0.4275 0.8865
vn -0.0054 0.0941 0.9955
vn -0.3218 0.6959 0.642
vn -0.4173 0.858 0.2994
vn -0.4492 0.8889 -0.0897
vn -0.4123 0.7838 -0.4644
vn -0.3122 0.5587 -0.7684
vn -0.1643 0.2481 -0.9547
vn 0.0081 -0.0994 -0.995
vn 0.179 -0.4314 -0.8842
vn 0.323 -0.6982 -0.6388
vn 0.4177 -0.8586 -0.2974
vn 0.4492 -0.889 0.089
vn 0.4126 -0.7849 0.4623
vn 0.3136 -0.5619 0.7654
vn 0.1668 -0.2529 0.953
vn -0.1448 0.4116 0.8998
vn 0.0118 0.068 0.9976
vn -0.2798 0.6932 0.6642
vn -0.3718 0.8687 0.3272
vn -0.4071 0.9114 -0.0602
vn -0.38 0.8145 -0.4384
vn -0.2948 0.5931 -0.7492
vn -0.1646 0.2814 -0.9454
vn -0.0095 -0.0732 -0.9973
vn 0.1469 -0.4157 -0.8976
vn 0.2808 -0.6954 -0.6615
vn 0.3721 -0.8694 -0.3252
vn 0.4071 -0.9115 0.0596
vn 0.3804 -0.8156 0.436
vn 0.296 -0.596 0.7464
vn 0.1664 -0.2863 0.9436
vn -0.1161 0.3966 0.9106
vn 0.0251 0.0434 0.9987
vn -0.2397 0.6896 0.6833
vn -0.3268 0.8773 0.3514
vn -0.3638 0.9309 -0.0344
vn -0.3452 0.842 -0.4146
vn -0.2737 0.6241 -0.7318
vn -0.1606 0.3112 -0.9367
vn -0.023 -0.0488 -0.9985
vn 0.1178 -0.4008 -0.9086
vn 0.2407 -0.692 -0.6806
vn 0.327 -0.8779 -0.3497
vn 0.3637 -0.9309 0.0338
vn 0.3456 -0.843 0.4123
vn 0.2749 -0.6272 0.7287
vn 0.1623 -0.3158 0.9348
vn -0.0896 0.3817 0.9199
vn 0.0354 0.02 0.9992
vn -0.2009 0.6849 0.7004
vn -0.2815 0.8839 0.3735
vn -0.319 0.9477 -0.0111
vn -0.3078 0.8664 -0.3932
vn -0.2495 0.6525 -0.7156
vn -0.1531 0.3391 -0.9282
vn -0.0334 -0.0258 -0.9991
vn 0.0914 -0.3863 -0.9178
vn 0.2018 -0.6876 -0.6975
vn 0.2818 -0.8846 -0.3716
vn 0.3191 -0.9477 0.0108
vn 0.3081 -0.8672 0.3911
vn 0.2504 -0.6553 0.7127
vn 0.1544 -0.3436 0.9263
vn -0.0646 0.3656 0.9285
vn 0.0431 -0.0033 0.9991
vn -0.1626 0.6787 0.7162
vn -0.2356 0.8884 0.3941
vn -0.2727 0.962 0.0115
vn -0.268 0.8884 -0.3726
vn -0.2223 0.679 -0.6997
vn -0.1426 0.3658 -0.9197
vn -0.0413 -0.0028 -0.9991
vn 0.0661 -0.3704 -0.9265
vn 0.1635 -0.6817 -0.7132
vn 0.236 -0.8891 -0.3921
vn 0.2728 -0.962 -0.0115
vn 0.2681 -0.8893 0.3704
vn 0.2228 -0.6816 0.697
vn 0.1439 -0.3709 0.9175
vn -0.0414 0.3483 0.9365
vn 0.0483 -0.027 0.9985
vn -0.1246 0.6702 0.7316
vn -0.1888 0.8902 0.4145
vn -0.2243 0.9739 0.0338
vn -0.2254 0.9084 -0.3521
vn -0.192 0.7039 -0.6839
vn -0.1292 0.3918 -0.9109
vn -0.0468 0.0206 -0.9987
vn 0.0426 -0.3535 -0.9345
vn 0.1254 -0.6734 -0.7286
vn 0.1892 -0.8912 -0.4122
vn 0.2243 -0.9739 -0.0337
vn 0.2255 -0.9092 0.35
vn 0.1924 -0.7068 0.6807
vn 0.1303 -0.397 0.9085
vn -0.019 0.3283 0.9444
vn 0.0513 -0.0521 0.9973
vn -0.0864 0.6592 0.747
vn -0.1406 0.8889 0.4359
vn -0.1733 0.9832 0.057
vn -0.1795 0.9267 -0.3303
vn -0.1582 0.7283 -0.6668
vn -0.1128 0.4192 -0.9009
vn -0.0501 0.0458 -0.9977
vn 0.0199 -0.3339 -0.9424
vn 0.0871 -0.6624 -0.7441
vn 0.1409 -0.8904 -0.4329
vn 0.1733 -0.9832 -0.0568
vn 0.1796 -0.9274 0.3282
vn 0.1586 -0.7312 0.6635
vn 0.1136 -0.424 0.8985
vn 0.0022 0.305 0.9524
vn 0.0518 -0.0799 0.9955
vn -0.0478 0.6437 0.7638
vn -0.0904 0.8841 0.4585
vn -0.1193 0.9894 0.0826
vn -0.1299 0.943 -0.3063
vn -0.1206 0.7526 -0.6474
vn -0.0928 0.4467 -0.8898
vn -0.0509 0.0731 -0.996
vn -0.0014 -0.3111 -0.9504
vn 0.0484 -0.6471 -0.7609
vn 0.0908 -0.8855 -0.4556
vn 0.1193 -0.9895 -0.082
vn 0.1298 -0.9437 0.3042
vn 0.1208 -0.7552 0.6443
vn 0.0934 -0.4522 0.887
vn 0.0218 0.2764 0.9608
vn 0.0491 -0.1118 0.9925
vn -0.0088 0.6228 0.7823
vn -0.0382 0.8742 0.4841
vn -0.0617 0.9919 0.1114
vn -0.0757 0.9574 -0.2786
vn -0.0781 0.7766 -0.6251
vn -0.0686 0.4767 -0.8764
vn -0.0486 0.1046 -0.9933
vn -0.0213 -0.2831 -0.9589
vn 0.0093 -0.6272 -0.7788
vn 0.0384 -0.8759 -0.4809
vn 0.0617 -0.992 -0.1106
vn 0.0756 -0.958 0.2767
vn 0.0782 -0.779 0.6221
vn 0.0689 -0.4821 0.8734
vn 0.0391 0.2421 0.9695
vn 0.0422 -0.1477 0.9881
vn 0.03 0.5956 0.8027
vn 0.0162 0.8581 0.5133
vn 0.0001 0.9895 0.1444
vn -0.0162 0.969 -0.2466
vn -0.0299 0.8 -0.5992
vn -0.0391 0.5087 -0.86
vn -0.0422 0.1401 -0.9892
vn -0.0391 -0.2493 -0.9676
vn -0.0298 -0.6003 -0.7992
vn -0.0161 -0.8602 -0.5096
vn -0.0001 -0.9897 -0.1435
vn 0.0161 -0.9696 0.2443
vn 0.0297 -0.8027 0.5956
vn 0.0389 -0.5144 0.8567
vn 0.0528 0.2009 0.9782
vn 0.0296 -0.1887 0.9816
vn 0.0678 0.5604 0.8255
vn 0.0724 0.8344 0.5463
vn 0.0661 0.9809 0.1829
vn 0.0495 0.9768 -0.2085
vn 0.0254 0.8228 -0.5677
vn -0.0026 0.5429 -0.8398
vn -0.0302 0.1805 -0.9831
vn -0.0532 -0.209 -0.9765
vn -0.0681 -0.5662 -0.8214
vn -0.0726 -0.8371 -0.5423
vn -0.0661 -0.9811 -0.1816
vn -0.0497 -0.9772 0.2066
vn -0.0257 -0.8255 0.5638
vn 0.0021 -0.5489 0.8359
vn 0.061 0.1521 0.9865
vn 0.0095 -0.2342 0.9721
vn 0.1032 0.5162 0.8502
vn 0.1298 0.8015 0.5838
vn 0.1364 0.9642 0.2275
vn 0.1221 0.9788 -0.1642
vn 0.0891 0.8433 -0.53
vn 0.0424 0.5784 -0.8146
vn -0.0107 0.2258 -0.9741
vn -0.0621 -0.1614 -0.9849
vn -0.104 -0.5228 -0.8461
vn -0.1301 -0.8046 -0.5794
vn -0.1365 -0.9646 -0.2255
vn -0.1223 -0.9791 0.1626
vn -0.0898 -0.8458 0.5259
vn -0.0434 -0.5845 0.8102
vn 0.0613 0.0958 0.9935
vn -0.0208 -0.2838 0.9587
vn 0.1342 0.4614 0.877
vn 0.1866 0.7572 0.626
vn 0.2105 0.9371 0.2785
vn 0.202 0.973 -0.112
vn 0.1626 0.8594 -0.4848
vn 0.0981 0.6141 -0.7831
vn 0.0187 0.2746 -0.9614
vn -0.0633 -0.1053 -0.9924
vn -0.1356 -0.4693 -0.8726
vn -0.1873 -0.7611 -0.621
vn -0.2106 -0.9378 -0.2759
vn -0.2022 -0.9731 0.1108
vn -0.1632 -0.8615 0.4808
vn -0.0996 -0.6198 0.7784
vn 0.0506 0.032 0.9982
vn -0.0638 -0.336 0.9397
vn 0.1575 0.396 0.9047
vn 0.2404 0.7 0.6725
vn 0.2867 0.897 0.3365
vn 0.2887 0.956 -0.0512
vn 0.2465 0.8681 -0.4309
vn 0.1663 0.6465 -0.7446
vn 0.0608 0.3265 -0.9432
vn -0.0539 -0.0427 -0.9976
vn -0.16 -0.4048 -0.9003
vn -0.2418 -0.7049 -0.6668
vn -0.287 -0.8981 -0.3333
vn -0.2889 -0.956 0.0508
vn -0.2472 -0.8699 0.4268
vn -0.1683 -0.6523 0.7391
vn 0.0253 -0.0368 0.999
vn -0.1221 -0.3871 0.9139
vn 0.1691 0.3197 0.9323
vn 0.2876 0.6287 0.7225
vn 0.3619 0.8413 0.4015
vn 0.3806 0.9246 0.0183
vn 0.3407 0.8653 -0.3677
vn 0.2483 0.6729 -0.6969
vn 0.118 0.3776 -0.9184
vn -0.0301 0.0253 -0.9992
vn -0.1732 -0.3302 -0.9279
vn -0.2899 -0.6349 -0.7162
vn -0.3627 -0.843 -0.3972
vn -0.3807 -0.9245 -0.0179
vn -0.3415 -0.8667 0.3635
vn -0.2508 -0.6782 0.6907
vn -0.0179 -0.107 0.9941
vn -0.1978 -0.4329 0.8795
vn 0.165 0.2356 0.9577
vn 0.3231 0.5432 0.7749
vn 0.432 0.768 0.4728
vn 0.4744 0.8749 0.0972
vn 0.4437 0.8468 -0.2933
vn 0.3446 0.6883 -0.6384
vn 0.1927 0.4241 -0.8849
vn 0.012 0.096 -0.9953
vn -0.1705 -0.2462 -0.9541
vn -0.3267 -0.5506 -0.7681
vn -0.4332 -0.7709 -0.4669
vn -0.4745 -0.875 -0.0958
vn -0.4445 -0.8476 0.2898
vn -0.3475 -0.6927 0.6319
vn -0.0826 -0.1746 0.9812
vn -0.2917 -0.4678 0.8343
vn 0.1397 0.1463 0.9793
vn 0.3409 0.4452 0.828
vn 0.4905 0.6769 0.5488
vn 0.5646 0.8044 0.1849
vn 0.5516 0.8077 -0.2082
vn 0.4535 0.6867 -0.5681
vn 0.2858 0.4599 -0.8407
vn 0.0744 0.163 -0.9838
vn -0.1475 -0.1576 -0.9764
vn -0.3466 -0.4537 -0.821
vn -0.4928 -0.6806 -0.5421
vn -0.5649 -0.8048 -0.1821
vn -0.5521 -0.8081 0.2052
vn -0.4564 -0.6901 0.5617
vn -0.169 -0.2313 0.9581
vn -0.4012 -0.4848 0.7772
vn 0.0895 0.0579 0.9943
vn 0.3353 0.3394 0.8788
vn 0.5299 0.5696 0.6283
vn 0.6436 0.7122 0.2802
vn 0.6578 0.745 -0.111
vn 0.5703 0.6628 -0.4853
vn 0.3951 0.4784 -0.7842
vn 0.1596 0.2209 -0.9621
vn -0.0996 -0.0694 -0.9926
vn -0.343 -0.3484 -0.8723
vn -0.5341 -0.5742 -0.6205
vn -0.6444 -0.7132 -0.2757
vn -0.6578 -0.745 0.1102
vn -0.5728 -0.665 0.4792
vn -0.2759 -0.2707 0.9223
vn -0.522 -0.4787 0.706
vn 0.013 -0.0211 0.9997
vn 0.3006 0.2325 0.925
vn 0.543 0.4512 0.7082
vn 0.7022 0.6008 0.3821
vn 0.7532 0.6578 -0.0039
vn 0.6875 0.6132 -0.389
vn 0.516 0.4738 -0.7136
vn 0.2654 0.2619 -0.9279
vn -0.0251 0.0106 -0.9996
vn -0.3112 -0.2418 -0.9191
vn -0.5493 -0.4569 -0.6996
vn -0.704 -0.6025 -0.376
vn -0.7532 -0.6578 0.0042
vn -0.6893 -0.6143 0.384
vn -0.3974 -0.2857 0.872
vn -0.6458 -0.4453 0.6202
vn -0.0884 -0.0825 0.9927
vn 0.2353 0.1341 0.9626
vn 0.5235 0.3303 0.7854
vn 0.7321 0.4766 0.4867
vn 0.828 0.5494 0.1122
vn 0.7958 0.5373 -0.2793
vn 0.6408 0.4421 -0.6276
vn 0.3872 0.2792 -0.8787
vn 0.0748 0.0736 -0.9945
vn -0.2476 -0.1423 -0.9584
vn -0.5322 -0.3362 -0.777
vn -0.7354 -0.4789 -0.4794
vn -0.8282 -0.5496 -0.1101
vn -0.7968 -0.5378 0.2754
vn -0.5258 -0.2728 0.8057
vn -0.7627 -0.3851 0.5196
vn -0.2091 -0.1193 0.9706
vn 0.1402 0.0529 0.9887
vn 0.4689 0.2173 0.8561
vn 0.7269 0.3491 0.5914
vn 0.873 0.427 0.2356
vn 0.8846 0.4391 -0.1574
vn 0.7594 0.3833 -0.5258
vn 0.5166 0.2686 -0.813
vn 0.1958 0.1128 -0.9741
vn -0.1541 -0.0597 -0.9863
vn -0.4795 -0.2226 -0.8489
vn -0.7321 -0.3517 -0.5835
vn -0.874 -0.4275 -0.231
vn -0.8847 -0.4394 0.1556
vn -0.6517 -0.2327 0.7219
vn -0.863 -0.3022 0.4049
vn -0.3414 -0.1277 0.9312
vn 0.0217 -0.003 0.9998
vn 0.3816 0.1222 0.9162
vn 0.6848 0.2292 0.6917
vn 0.8828 0.301 0.3607
vn 0.9448 0.3265 -0.0266
vn 0.861 0.3015 -0.4096
vn 0.6442 0.2301 -0.7295
vn 0.3289 0.1234 -0.9363
vn -0.0355 -0.0019 -0.9994
vn -0.3938 -0.1265 -0.9105
vn -0.6916 -0.2318 -0.684
vn -0.8848 -0.3018 -0.3551
vn -0.9448 -0.3266 0.0266
vn -0.7646 -0.1688 0.6221
vn -0.9387 -0.2046 0.2775
vn -0.4752 -0.1074 0.8733
vn -0.1129 -0.0297 0.9932
vn 0.2672 0.0528 0.9622
vn 0.6077 0.1273 0.7839
vn 0.8553 0.1825 0.485
vn 0.9715 0.2096 0.1108
vn 0.9376 0.2045 -0.2812
vn 0.7594 0.1676 -0.6287
vn 0.4644 0.1051 -0.8794
vn 0.0989 0.0267 -0.9947
vn -0.2804 -0.0556 -0.9583
vn -0.6164 -0.1292 -0.7768
vn -0.8589 -0.1834 -0.4783
vn -0.9717 -0.2097 -0.1085
vn -0.8573 -0.0885 0.5071
vn -0.9847 -0.1012 0.1417
vn -0.6004 -0.0623 0.7972
vn -0.2526 -0.0266 0.9672
vn 0.1349 0.0131 0.9908
vn 0.5025 0.0509 0.8631
vn 0.7937 0.081 0.6028
vn 0.9633 0.0987 0.2496
vn 0.9846 0.1011 -0.1428
vn 0.8541 0.088 -0.5125
vn 0.5921 0.0614 -0.8035
vn 0.2401 0.0254 -0.9704
vn -0.1478 -0.0144 -0.9889
vn -0.5125 -0.052 -0.8571
vn -0.7985 -0.0817 -0.5964
vn -0.9643 -0.0988 -0.2457
vn -0.8958 -0.045 0.4422
vn -0.9965 -0.0491 0.068
vn -0.6604 -0.034 0.7502
vn -0.3245 -0.0179 0.9457
vn 0.0617 0.0009 0.9981
vn 0.4392 0.0197 0.8982
vn 0.75 0.0355 0.6605
vn 0.9459 0.0458 0.3213
vn 0.9965 0.049 -0.0672
vn 0.8941 0.0447 -0.4457
vn 0.6542 0.0338 -0.7556
vn 0.3139 0.0174 -0.9493
vn -0.0739 -0.0015 -0.9973
vn -0.4493 -0.0201 -0.8932
vn -0.7562 -0.0357 -0.6534
vn -0.9475 -0.0459 -0.3165
vn -0.9612 0.0035 -0.2757
vn -0.988 0.0174 -0.1538
vn -0.9711 0.0366 0.236
vn -0.9935 0.0139 0.1134
vn -0.7828 -0.0074 -0.6222
vn -0.8543 -0.0046 -0.5197
vn -0.4856 -0.0172 -0.874
vn -0.591 -0.026 -0.8062
vn -0.1152 -0.0244 -0.993
vn -0.2382 -0.0433 -0.9703
vn 0.2722 -0.0278 -0.9618
vn 0.1502 -0.054 -0.9872
vn 0.6183 -0.0271 -0.7855
vn 0.5157 -0.0566 -0.8549
vn 0.8716 -0.0224 -0.4898
vn 0.8034 -0.0507 -0.5933
vn 0.9927 -0.0141 -0.1195
vn 0.9697 -0.037 -0.2416
vn 0.9632 -0.0037 0.2687
vn 0.989 -0.0178 0.147
vn 0.7866 0.0073 0.6174
vn 0.8581 0.0043 0.5135
vn 0.4898 0.0172 0.8716
vn 0.596 0.0257 0.8026
vn 0.1182 0.0245 0.9927
vn 0.2425 0.0432 0.9692
vn -0.272 0.028 0.9619
vn -0.1483 0.0541 0.9875
vn -0.6205 0.0272 0.7837
vn -0.5164 0.0566 0.8545
vn -0.8738 0.0223 0.4859
vn -0.8055 0.0505 0.5904
vn -0.9949 0.0568 0.083
vn -0.885 0.09 0.4568
vn -0.9528 0.0144 -0.3033
vn -0.7655 -0.0299 -0.6428
vn -0.4623 -0.0697 -0.884
vn -0.0893 -0.0988 -0.9911
vn 0.297 -0.113 -0.9482
vn 0.6383 -0.1102 -0.7618
vn 0.8831 -0.0905 -0.4604
vn 0.9944 -0.0573 -0.0891
vn 0.9549 -0.0152 0.2964
vn 0.7698 0.0291 0.6376
vn 0.4672 0.0691 0.8814
vn 0.093 0.0986 0.9908
vn -0.2959 0.113 0.9485
vn -0.64 0.11 0.7605
vn -0.9452 0.1161 0.3053
vn -0.7506 0.1555 0.6423
vn -0.9952 0.0588 -0.0784
vn -0.8934 -0.0071 -0.4491
vn -0.6558 -0.0721 -0.7515
vn -0.3191 -0.126 -0.9393
vn 0.0657 -0.1608 -0.9848
vn 0.4404 -0.1712 -0.8813
vn 0.7481 -0.1558 -0.6451
vn 0.9435 -0.1167 -0.3102
vn 0.9956 -0.06 0.0716
vn 0.8966 0.0059 0.4429
vn 0.6607 0.0711 0.7473
vn 0.3237 0.1255 0.9378
vn -0.0631 0.1608 0.985
vn -0.4408 0.1712 0.8811
vn -0.8459 0.1878 0.4991
vn -0.5796 0.2236 0.7836
vn -0.9827 0.1236 0.138
vn -0.969 0.0403 -0.2437
vn -0.8078 -0.0489 -0.5874
vn -0.5242 -0.1305 -0.8415
vn -0.1614 -0.1923 -0.968
vn 0.2256 -0.225 -0.9479
vn 0.5784 -0.2236 -0.7845
vn 0.8437 -0.1885 -0.5027
vn 0.9817 -0.1246 -0.1442
vn 0.9706 -0.0419 0.2368
vn 0.8121 0.0471 0.5816
vn 0.5291 0.1295 0.8386
vn 0.1652 0.1918 0.9674
vn -0.2243 0.2249 0.9482
vn -0.709 0.2637 0.654
vn -0.3874 0.2856 0.8765
vn -0.9218 0.2013 0.3314
vn -0.9932 0.1084 -0.0414
vn -0.9132 -0.0012 -0.4074
vn -0.6943 -0.1103 -0.7112
vn -0.3702 -0.2026 -0.9066
vn 0.0095 -0.2641 -0.9645
vn 0.3876 -0.2856 -0.8765
vn 0.7071 -0.2642 -0.6559
vn 0.9198 -0.2026 -0.3359
vn 0.9933 -0.1102 0.0346
vn 0.916 -0.0008 0.4012
vn 0.6991 0.1085 0.7067
vn 0.3751 0.2015 0.9048
vn -0.0069 0.2639 0.9645
vn -0.5477 0.3354 0.7665
vn -0.1887 0.3351 0.9231
vn -0.8224 0.2843 0.4927
vn -0.9713 0.1898 0.1434
vn -0.9716 0.0663 -0.227
vn -0.8238 -0.0671 -0.5628
vn -0.5512 -0.1902 -0.8124
vn -0.1952 -0.2842 -0.9387
vn 0.19 -0.3352 -0.9228
vn 0.5463 -0.3355 -0.7674
vn 0.8201 -0.2852 -0.496
vn 0.9701 -0.1914 -0.1492
vn 0.9729 -0.0688 0.2207
vn 0.8281 0.0645 0.5569
vn 0.5562 0.1884 0.8094
vn 0.1993 0.2833 0.9381
vn -0.375 0.3975 0.8375
vn 0.0043 0.3682 0.9297
vn -0.697 0.3656 0.6169
vn -0.9118 0.2779 0.3023
vn -0.9873 0.1477 -0.0586
vn -0.9118 -0.0049 -0.4105
vn -0.6979 -0.1564 -0.699
vn -0.3783 -0.284 -0.881
vn -0.0018 -0.3684 -0.9297
vn 0.375 -0.3973 -0.8376
vn 0.6948 -0.366 -0.6192
vn 0.9099 -0.2794 -0.3067
vn 0.9872 -0.1503 0.0526
vn 0.9147 0.0018 0.4042
vn 0.7026 0.1537 0.6948
vn 0.3828 0.2824 0.8796
vn -0.2028 0.4457 0.8719
vn 0.1822 0.3834 0.9054
vn -0.5568 0.4393 0.7049
vn -0.8255 0.3661 0.4296
vn -0.9675 0.2367 0.0893
vn -0.9616 0.0712 -0.2649
vn -0.8093 -0.1046 -0.578
vn -0.5342 -0.2646 -0.8029
vn -0.1784 -0.384 -0.9059
vn 0.2037 -0.4456 -0.8717
vn 0.5555 -0.4396 -0.7058
vn 0.8231 -0.3673 -0.4331
vn 0.9663 -0.2394 -0.0949
vn 0.9631 -0.0746 0.2585
vn 0.8132 0.1016 0.5731
vn 0.5391 0.2622 0.8004
vn -0.0396 0.4791 0.8769
vn 0.3394 0.3819 0.8596
vn -0.4126 0.5029 0.7595
vn -0.7219 0.4498 0.5258
vn -0.9206 0.3279 0.212
vn -0.9786 0.1557 -0.1343
vn -0.8872 -0.04 -0.4597
vn -0.6609 -0.2292 -0.7146
vn -0.3348 -0.3832 -0.8609
vn 0.0416 -0.4795 -0.8766
vn 0.4118 -0.5031 -0.7598
vn 0.7197 -0.4506 -0.5282
vn 0.9188 -0.33 -0.2165
vn 0.9789 -0.159 0.1283
vn 0.8902 0.0362 0.4541
vn 0.666 0.226 0.7109
vn 0.1092 0.4988 0.8598
vn 0.4731 0.366 0.8014
vn -0.2713 0.5548 0.7865
vn -0.6105 0.5258 0.5923
vn -0.8555 0.4163 0.3078
vn -0.9697 0.2433 -0.0236
vn -0.9357 0.0332 -0.3513
vn -0.7592 -0.1817 -0.625
vn -0.4679 -0.3686 -0.8033
vn -0.1059 -0.4995 -0.8598
vn 0.2716 -0.5549 -0.7864
vn 0.6084 -0.5263 -0.594
vn 0.8533 -0.4182 -0.3116
vn 0.969 -0.2466 0.018
vn 0.9377 -0.0373 0.3455
vn 0.7636 0.1779 0.6206
vn 0.2404 0.5061 0.8283
vn 0.5828 0.3397 0.7382
vn -0.1392 0.5952 0.7914
vn -0.4976 0.5929 0.6331
vn -0.7794 0.4998 0.3779
vn -0.9417 0.3301 0.0648
vn -0.96 0.1102 -0.2575
vn -0.8319 -0.1262 -0.5403
vn -0.5779 -0.343 -0.7405
vn -0.2363 -0.508 -0.8283
vn 0.1406 -0.5954 -0.7911
vn 0.4961 -0.5931 -0.6341
vn 0.777 -0.5012 -0.381
vn 0.9401 -0.3335 -0.0706
vn 0.961 -0.1146 0.2516
vn 0.8358 0.1214 0.5354
vn 0.3534 0.5043 0.7879
vn 0.6713 0.3057 0.6752
vn -0.0189 0.6255 0.78
vn -0.3884 0.6508 0.6524
vn -0.6981 0.5763 0.4249
vn -0.9008 0.4137 0.1323
vn -0.9655 0.1879 -0.1803
vn -0.8829 -0.0664 -0.4648
vn -0.6662 -0.31 -0.6783
vn -0.3489 -0.5065 -0.7885
vn 0.0212 -0.6259 -0.7796
vn 0.3879 -0.651 -0.6525
vn 0.6958 -0.5775 -0.4271
vn 0.8987 -0.4167 -0.1368
vn 0.9657 -0.1924 0.1742
vn 0.886 0.0614 0.4597
vn 0.4489 0.4954 0.7437
vn 0.7404 0.2676 0.6166
vn 0.0883 0.6475 0.757
vn -0.2857 0.7002 0.6543
vn -0.6165 0.6454 0.4509
vn -0.8519 0.4921 0.1789
vn -0.9571 0.2634 -0.1204
vn -0.9161 -0.005 -0.4008
vn -0.7358 -0.2727 -0.6199
vn -0.4439 -0.4983 -0.7447
vn -0.0858 -0.6481 -0.7567
vn 0.2858 -0.7003 -0.6541
vn 0.6142 -0.6464 -0.4527
vn 0.8496 -0.4946 -0.1833
vn 0.9565 -0.2682 0.1147
vn 0.9184 -0.0006 0.3956
vn 0.529 0.4819 0.6986
vn 0.7936 0.2274 0.5644
vn 0.1828 0.6628 0.7261
vn -0.1917 0.7423 0.642
vn -0.5365 0.7077 0.4597
vn -0.799 0.5646 0.2069
vn -0.9388 0.3357 -0.0771
vn -0.9354 0.0553 -0.3492
vn -0.7894 -0.2331 -0.5678
vn -0.5241 -0.4854 -0.6998
vn -0.1795 -0.664 -0.7258
vn 0.1923 -0.7422 -0.642
vn 0.5344 -0.7083 -0.4613
vn 0.7959 -0.5675 -0.2108
vn 0.9376 -0.3401 0.072
vn 0.937 -0.0612 0.344
vn 0.5955 0.4658 0.6545
vn 0.8339 0.1873 0.5192
vn 0.2657 0.6734 0.6898
vn -0.1051 0.778 0.6195
vn -0.46 0.763 0.4541
vn -0.7439 0.6314 0.219
vn -0.914 0.4027 -0.0494
vn -0.944 0.113 -0.31
vn -0.8303 -0.1933 -0.5227
vn -0.5907 -0.4699 -0.656
vn -0.2619 -0.6752 -0.6896
vn 0.1063 -0.7781 -0.6191
vn 0.4582 -0.7636 -0.4549
vn 0.741 -0.6337 -0.2222
vn 0.9121 -0.4076 0.0448
vn 0.9449 -0.1194 0.3049
vn 0.6515 0.4476 0.6125
vn 0.864 0.1477 0.4813
vn 0.3384 0.6804 0.65
vn -0.0264 0.8084 0.5881
vn -0.3873 0.8123 0.4361
vn -0.6886 0.6919 0.2169
vn -0.8844 0.4654 -0.0357
vn -0.9446 0.168 -0.282
vn -0.8609 -0.1542 -0.4848
vn -0.6468 -0.4525 -0.6139
vn -0.3344 -0.6822 -0.6502
vn 0.028 -0.8085 -0.5878
vn 0.3857 -0.8127 -0.4367
vn 0.6856 -0.6941 -0.2196
vn 0.882 -0.4703 0.031
vn 0.9448 -0.1748 0.277
vn 0.6984 0.4288 0.573
vn 0.8861 0.1088 0.4505
vn 0.4033 0.6838 0.6081
vn 0.0466 0.8339 0.5499
vn -0.3179 0.8562 0.4072
vn -0.6332 0.7471 0.2022
vn -0.8515 0.5232 -0.0339
vn -0.939 0.22 -0.2642
vn -0.8834 -0.1163 -0.454
vn -0.6934 -0.4346 -0.5747
vn -0.3989 -0.6866 -0.6079
vn -0.0444 -0.8344 -0.5494
vn 0.317 -0.8563 -0.4077
vn 0.6301 -0.749 -0.2047
vn 0.8486 -0.5281 0.0296
vn 0.9386 -0.2274 0.2594
vn 0.7389 0.4083 0.536
vn 0.902 0.0712 0.4259
vn 0.4623 0.684 0.5643
vn 0.1148 0.8549 0.506
vn -0.2506 0.8946 0.3699
vn -0.5776 0.7969 0.177
vn -0.8157 0.577 -0.0427
vn -0.9285 0.2694 -0.2556
vn -0.8997 -0.0792 -0.4293
vn -0.734 -0.4153 -0.5375
vn -0.4575 -0.6876 -0.5639
vn -0.1122 -0.8558 -0.5051
vn 0.2503 -0.8947 -0.3699
vn 0.5743 -0.7988 -0.1793
vn 0.8125 -0.5817 0.0389
vn 0.9275 -0.2767 0.2514
vn 0.7742 0.3864 0.5013
vn 0.9127 0.0335 0.4072
vn 0.517 0.6809 0.5187
vn 0.1803 0.8709 0.4572
vn -0.1842 0.9276 0.3249
vn -0.5209 0.8416 0.1428
vn -0.7767 0.6269 -0.061
vn -0.9138 0.3158 -0.2553
vn -0.911 -0.0425 -0.4102
vn -0.7698 -0.3935 -0.5026
vn -0.5123 -0.6846 -0.5186
vn -0.1772 -0.8721 -0.4561
vn 0.1842 -0.9277 -0.3247
vn 0.5174 -0.8434 -0.1448
vn 0.7731 -0.6317 0.0573
vn 0.9121 -0.324 0.2512
vn 0.806 0.3611 0.469
vn 0.9192 -0.005 0.3937
vn 0.5694 0.6726 0.4727
vn 0.2449 0.8815 0.4038
vn -0.1177 0.9548 0.2729
vn -0.4613 0.8815 0.1003
vn -0.7345 0.6729 -0.088
vn -0.8947 0.3614 -0.2624
vn -0.9181 -0.0043 -0.3963
vn -0.8018 -0.3693 -0.4699
vn -0.5641 -0.6774 -0.4721
vn -0.2414 -0.8829 -0.4028
vn 0.1173 -0.9549 -0.2729
vn 0.4583 -0.883 -0.1018
vn 0.7303 -0.6778 0.0846
vn 0.8924 -0.3697 0.2587
vn 0.835 0.3314 0.4393
vn 0.9216 -0.0452 0.3855
vn 0.6206 0.6582 0.4261
vn 0.3102 0.8849 0.3476
vn -0.0479 0.9754 0.2152
vn -0.3984 0.9159 0.0501
vn -0.6872 0.716 -0.1227
vn -0.8709 0.4062 -0.2764
vn -0.9211 0.035 -0.3878
vn -0.8311 -0.3405 -0.4398
vn -0.6151 -0.664 -0.4251
vn -0.3065 -0.8867 -0.3462
vn 0.0481 -0.9754 -0.215
vn 0.3952 -0.9171 -0.0517
vn 0.6829 -0.7207 0.1196
vn 0.8679 -0.4148 0.2732
vn 0.8612 0.2961 0.413
vn 0.9195 -0.0892 0.3828
vn 0.6713 0.6363 0.3802
vn 0.378 0.8796 0.2888
vn 0.0261 0.9879 0.1529
vn -0.3296 0.9441 -0.0064
vn -0.6346 0.7551 -0.1648
vn -0.8416 0.4508 -0.2975
vn -0.9198 0.0779 -0.3847
vn -0.8578 -0.3061 -0.413
vn -0.6658 -0.6429 -0.3786
vn -0.3736 -0.882 -0.2873
vn -0.0256 -0.9879 -0.1527
vn 0.3267 -0.9451 0.005
vn 0.6297 -0.7597 0.162
vn 0.8377 -0.4598 0.2946
vn 0.8847 0.2528 0.3915
vn 0.912 -0.1366 0.3868
vn 0.7222 0.6044 0.3363
vn 0.4486 0.8638 0.2295
vn 0.1057 0.9906 0.0871
vn -0.2535 0.9649 -0.0686
vn -0.5736 0.7908 -0.2137
vn -0.8052 0.4954 -0.3258
vn -0.9132 0.1251 -0.3879
vn -0.8818 -0.264 -0.3908
vn -0.717 -0.6117 -0.3343
vn -0.4441 -0.8666 -0.2276
vn -0.1043 -0.9908 -0.0865
vn 0.2508 -0.9657 0.0674
vn 0.5685 -0.7951 0.2113
vn 0.8007 -0.5043 0.3235
vn 0.9043 0.2011 0.3766
vn 0.8975 -0.1886 0.3987
vn 0.7729 0.5607 0.297
vn 0.523 0.8349 0.1718
vn 0.1917 0.9813 0.0199
vn -0.1686 0.9764 -0.135
vn -0.503 0.8213 -0.2692
vn -0.7599 0.54 -0.3619
vn -0.8998 0.1768 -0.3989
vn -0.9024 -0.2124 -0.375
vn -0.768 -0.5688 -0.2944
vn -0.5179 -0.8385 -0.1693
vn -0.1899 -0.9816 -0.0189
vn 0.1662 -0.9769 0.1341
vn 0.4977 -0.8251 0.2672
vn 0.7544 -0.5489 0.36
vn 0.918 0.1396 0.3713
vn 0.8739 -0.2448 0.42
vn 0.8225 0.503 0.2655
vn 0.6002 0.7909 0.119
vn 0.2853 0.9573 -0.0462
vn -0.0734 0.9762 -0.2043
vn -0.4211 0.8446 -0.3307
vn -0.7035 0.5832 -0.4062
vn -0.8773 0.2334 -0.4194
vn -0.9172 -0.1516 -0.3685
vn -0.8177 -0.5127 -0.2619
vn -0.5949 -0.7954 -0.1158
vn -0.2827 -0.958 0.0475
vn 0.0716 -0.9765 0.2035
vn 0.4154 -0.848 0.3291
vn 0.6972 -0.5915 0.4051
vn 0.9233 0.0684 0.378
vn 0.8381 -0.3046 0.4526
vn 0.8677 0.4322 0.2455
vn 0.6792 0.7301 0.0752
vn 0.3859 0.9163 -0.107
vn 0.0326 0.9615 -0.273
vn -0.3255 0.8583 -0.3966
vn -0.6332 0.623 -0.4593
vn -0.843 0.293 -0.4512
vn -0.9237 -0.0814 -0.3744
vn -0.864 -0.4423 -0.2408
vn -0.6736 -0.7357 -0.071
vn -0.3823 -0.9176 0.1089
vn -0.0339 -0.9616 0.2725
vn 0.3201 -0.8609 0.3954
vn 0.6262 -0.6305 0.4586
vn 0.9163 -0.0101 0.4003
vn 0.7871 -0.3644 0.4977
vn 0.9062 0.3471 0.2415
vn 0.7573 0.6515 0.0456
vn 0.4916 0.8564 -0.1578
vn 0.1497 0.9295 -0.3371
vn -0.2153 0.8592 -0.4642
vn -0.5465 0.6565 -0.5199
vn -0.7934 0.3534 -0.4956
vn -0.9184 -0.0027 -0.3957
vn -0.9036 -0.3577 -0.2358
vn -0.7521 -0.6578 -0.0406
vn -0.4874 -0.8583 0.1604
vn -0.1496 -0.9295 0.337
vn 0.21 -0.8611 0.4631
vn 0.539 -0.663 0.5195
vn 0.893 -0.0928 0.4405
vn 0.7174 -0.4208 0.5552
vn 0.9331 0.2505 0.2581
vn 0.8305 0.5559 0.036
vn 0.5998 0.7767 -0.1922
vn 0.2766 0.8779 -0.3909
vn -0.0897 0.8436 -0.5294
vn -0.442 0.6789 -0.5862
vn -0.7251 0.4106 -0.5528
vn -0.8969 0.0803 -0.4348
vn -0.9319 -0.2617 -0.251
vn -0.8256 -0.5634 -0.0296
vn -0.595 -0.7795 0.196
vn -0.2756 -0.8779 0.3916
vn 0.0855 -0.8448 0.5283
vn 0.4341 -0.6843 0.5859
vn 0.8489 -0.174 0.499
vn 0.6266 -0.4676 0.6235
vn 0.9431 0.147 0.2984
vn 0.8935 0.4461 0.0515
vn 0.7063 0.678 -0.2036
vn 0.41 0.8055 -0.4279
vn 0.0503 0.8086 -0.5861
vn -0.3165 0.6872 -0.654
vn -0.6348 0.4598 -0.621
vn -0.8545 0.163 -0.4931
vn -0.9438 -0.1578 -0.2905
vn -0.8897 -0.4543 -0.044
vn -0.7014 -0.6816 0.2085
vn -0.4079 -0.8059 0.4291
vn -0.0531 -0.8091 0.5853
vn 0.3098 -0.6905 0.6537
vn 0.7793 -0.2487 0.5751
vn 0.511 -0.5012 0.6983
vn 0.9304 0.0424 0.3641
vn 0.9398 0.3278 0.097
vn 0.8052 0.5632 -0.1857
vn 0.5462 0.7129 -0.4398
vn 0.2029 0.7524 -0.6267
vn -0.1717 0.6758 -0.7168
vn -0.5196 0.4955 -0.6961
vn -0.7867 0.239 -0.5691
vn -0.9333 -0.053 -0.3552
vn -0.9377 -0.3361 -0.088
vn -0.8003 -0.568 0.1919
vn -0.5428 -0.7139 0.4424
vn -0.2034 -0.7523 0.6266
vn 0.1661 -0.6777 0.7163
vn 0.6814 -0.3091 0.6635
vn 0.3707 -0.5153 0.7727
vn 0.8895 -0.0556 0.4535
vn 0.9627 0.2071 0.174
vn 0.8888 0.4387 -0.1329
vn 0.678 0.6033 -0.42
vn 0.3628 0.675 -0.6425
vn -0.009 0.6424 -0.7664
vn -0.3785 0.5113 -0.7715
vn -0.6895 0.3019 -0.6583
vn -0.8944 0.0464 -0.4448
vn -0.9627 -0.2149 -0.1643
vn -0.8851 -0.4436 0.1409
vn -0.6741 -0.605 0.4239
vn -0.3618 -0.6751 0.6429
vn 0.0047 -0.6436 0.7653
vn 0.5521 -0.3498 0.7569
vn 0.206 -0.5068 0.8371
vn 0.8154 -0.1396 0.5618
vn 0.9551 0.0925 0.2814
vn 0.9495 0.3108 -0.0433
vn 0.7981 0.4819 -0.3617
vn 0.524 0.579 -0.6246
vn 0.1684 0.587 -0.7919
vn -0.2127 0.5045 -0.8368
vn -0.5607 0.3446 -0.7529
vn -0.822 0.132 -0.554
vn -0.9572 -0.1001 -0.2714
vn -0.9472 -0.3164 0.0525
vn -0.794 -0.4845 0.3672
vn -0.5211 -0.5795 0.6265
vn -0.1702 -0.5872 0.7913
vn 0.3927 -0.3652 0.844
vn 0.0213 -0.4737 0.8804
vn 0.7047 -0.2017 0.6802
vn 0.9108 -0.0071 0.4127
vn 0.9786 0.1889 0.0818
vn 0.8967 0.3565 -0.2622
vn 0.677 0.4697 -0.5666
vn 0.3527 0.5106 -0.7842
vn -0.0258 0.473 -0.8807
vn -0.4002 0.3622 -0.8418
vn -0.7122 0.1966 -0.6738
vn -0.9152 0.0008 -0.403
vn -0.9783 -0.1944 -0.0718
vn -0.8932 -0.3599 0.2697
vn -0.6735 -0.4707 0.57
vn -0.3525 -0.5106 0.7843
vn 0.2049 -0.3547 0.9123
vn -0.1773 -0.4181 0.8909
vn 0.5573 -0.2372 0.7957
vn 0.8251 -0.084 0.5588
vn 0.9682 0.0822 0.2364
vn 0.9639 0.2363 -0.1227
vn 0.8117 0.3547 -0.4641
vn 0.5346 0.4187 -0.7341
vn 0.1752 0.4179 -0.8914
vn -0.2108 0.3531 -0.9115
vn -0.5646 0.234 -0.7915
vn -0.831 0.0793 -0.5505
vn -0.9701 -0.0869 -0.2267
vn -0.9619 -0.2397 0.1319
vn -0.8081 -0.3561 0.4691
vn -0.5328 -0.4186 0.7355
vn -0.0035 -0.3187 0.9479
vn -0.3805 -0.3445 0.8582
vn 0.3742 -0.2443 0.8946
vn 0.6958 -0.1332 0.7058
vn 0.9122 -0.0016 0.4097
vn 0.9902 0.1305 0.0504
vn 0.9168 0.2428 -0.317
vn 0.7027 0.318 -0.6365
vn 0.3806 0.3443 -0.8582
vn -0.0004 0.3179 -0.9481
vn -0.3812 0.2422 -0.8922
vn -0.7027 0.1299 -0.6995
vn -0.9162 -0.002 -0.4007
vn -0.9902 -0.1334 -0.0413
vn -0.9139 -0.2447 0.3239
vn -0.6997 -0.3187 0.6395
vn -0.2226 -0.2617 0.9391
vn -0.5748 -0.2603 0.7758
vn 0.1635 -0.2236 0.9609
vn 0.5249 -0.152 0.8375
vn 0.8075 -0.0571 0.587
vn 0.968 0.047 0.2465
vn 0.9808 0.1439 -0.1319
vn 0.8435 0.2188 -0.4905
vn 0.5768 0.2599 -0.7744
vn 0.221 0.2613 -0.9396
vn -0.1686 0.2229 -0.9601
vn -0.5319 0.15 -0.8334
vn -0.8133 0.0542 -0.5793
vn -0.97 -0.0493 -0.238
vn -0.9794 -0.1457 0.1398
vn -0.8404 -0.2197 0.4955
vn -0.439 -0.1921 0.8777
vn -0.747 -0.1748 0.6414
vn -0.0647 -0.1803 0.9815
vn 0.3193 -0.1413 0.9371
vn 0.6553 -0.081 0.751
vn 0.8928 -0.0082 0.4503
vn 0.9946 0.0662 0.0805
vn 0.9445 0.1303 -0.3017
vn 0.7496 0.1745 -0.6385
vn 0.4397 0.192 -0.8774
vn 0.0621 0.1799 -0.9817
vn -0.3248 0.1404 -0.9353
vn -0.6618 0.0794 -0.7455
vn -0.8968 0.0063 -0.4424
vn -0.9951 -0.0677 -0.0722
vn -0.9422 -0.1313 0.3084
vn -0.638 -0.1191 0.7608
vn -0.8825 -0.098 0.46
vn -0.2968 -0.1222 0.9471
vn 0.0894 -0.1068 0.9903
vn 0.462 -0.0752 0.8837
vn 0.7652 -0.0322 0.6429
vn 0.9526 0.0158 0.304
vn 0.9948 0.0614 -0.0812
vn 0.885 0.0976 -0.4551
vn 0.6396 0.1191 -0.7595
vn 0.296 0.1221 -0.9474
vn -0.0932 0.1065 -0.9899
vn -0.4677 0.0747 -0.8807
vn -0.7703 0.0313 -0.6369
vn -0.9549 -0.0167 -0.2965
vn -0.9941 -0.0621 0.0887
vn -0.8035 -0.053 0.5929
vn -0.9696 -0.0388 0.2416
vn -0.5157 -0.0592 0.8547
vn -0.1503 -0.0565 0.987
vn 0.238 -0.0452 0.9702
vn 0.5907 -0.027 0.8065
vn 0.854 -0.0048 0.5202
vn 0.9879 0.0182 0.1543
vn 0.971 0.0384 -0.2358
vn 0.8057 0.0528 -0.5899
vn 0.5168 0.0591 -0.8541
vn 0.1484 0.0564 -0.9873
vn -0.2427 0.045 -0.9691
vn -0.5961 0.0267 -0.8025
vn -0.858 0.0044 -0.5136
vn -0.989 -0.0186 -0.1469
vn -0.8716 -0.0227 0.4897
vn -0.9927 -0.0144 0.1198
vn -0.6186 -0.0276 0.7852
vn -0.2722 -0.0284 0.9618
vn 0.115 -0.0249 0.9931
vn 0.4855 -0.0175 0.8741
vn 0.7827 -0.0075 0.6223
vn 0.9613 0.0036 0.2756
vn 0.9935 0.0141 -0.1131
vn 0.8739 0.0226 -0.4855
vn 0.6207 0.0276 -0.7836
vn 0.2723 0.0283 -0.9618
vn -0.1181 0.0247 -0.9927
vn -0.4901 0.0173 -0.8715
vn -0.7868 0.0074 -0.6172
vn -0.9631 -0.0038 -0.269
vn -0.9135 -0.0155 -0.4065
vn -0.8976 -0.0257 -0.4402
vn -0.9963 -0.0567 -0.0651
vn -0.9992 -0.0308 -0.0267
vn -0.689 0.0023 -0.7248
vn -0.6624 0.0092 -0.7491
vn -0.3587 0.0196 -0.9332
vn -0.3256 0.0428 -0.9445
vn 0.0268 0.034 -0.9991
vn 0.0615 0.0699 -0.9957
vn 0.4092 0.0431 -0.9114
vn 0.4399 0.0864 -0.8939
vn 0.728 0.0455 -0.6841
vn 0.7507 0.0895 -0.6545
vn 0.9354 0.0408 -0.3513
vn 0.946 0.0788 -0.3144
vn 0.9989 0.0303 0.035
vn 0.9957 0.0561 0.0731
vn 0.9093 0.0149 0.4159
vn 0.8929 0.0249 0.4496
vn 0.6807 -0.0028 0.7325
vn 0.654 -0.0101 0.7564
vn 0.3488 -0.02 0.937
vn 0.316 -0.0436 0.9478
vn -0.0346 -0.034 0.9988
vn -0.0687 -0.0703 0.9952
vn -0.4126 -0.043 0.9099
vn -0.4429 -0.0864 0.8924
vn -0.7279 -0.0455 0.6841
vn -0.7499 -0.0894 0.6555
vn -0.9336 -0.0412 0.3558
vn -0.9442 -0.0791 0.3197
vn -0.8645 -0.0404 -0.501
vn -0.9853 -0.103 -0.136
vn -0.6121 0.0282 -0.7903
vn -0.2659 0.0928 -0.9595
vn 0.1218 0.1433 -0.9821
vn 0.491 0.1719 -0.854
vn 0.7854 0.174 -0.5941
vn 0.9583 0.1494 -0.2437
vn 0.9843 0.1019 0.1444
vn 0.8594 0.0388 0.5098
vn 0.604 -0.0301 0.7964
vn 0.2576 -0.0942 0.9616
vn -0.1278 -0.1439 0.9813
vn -0.4934 -0.1719 0.8527
vn -0.7841 -0.1741 0.5957
vn -0.9569 -0.1498 0.2489
vn -0.8289 -0.0434 -0.5576
vn -0.9688 -0.1371 -0.2064
vn -0.5627 0.0568 -0.8247
vn -0.21 0.1489 -0.9663
vn 0.1754 0.2182 -0.96
vn 0.5341 0.254 -0.8064
vn 0.811 0.2507 -0.5286
vn 0.9631 0.209 -0.1698
vn 0.9672 0.1351 0.2149
vn 0.8234 0.0408 0.5659
vn 0.5547 -0.0595 0.8299
vn 0.2021 -0.1506 0.9677
vn -0.1802 -0.2188 0.959
vn -0.5356 -0.254 0.8054
vn -0.8097 -0.2507 0.5305
vn -0.9618 -0.2098 0.1757
vn -0.7921 -0.0356 -0.6094
vn -0.9483 -0.1594 -0.2744
vn -0.5153 0.0936 -0.8519
vn -0.1592 0.2086 -0.965
vn 0.2217 0.2919 -0.9304
vn 0.5693 0.3307 -0.7527
vn 0.829 0.3185 -0.4596
vn 0.9615 0.2574 -0.0962
vn 0.9465 0.157 0.2819
vn 0.787 0.0329 0.6161
vn 0.5078 -0.0959 0.8561
vn 0.152 -0.2104 0.9657
vn -0.2261 -0.2926 0.9291
vn -0.5703 -0.3308 0.7519
vn -0.8276 -0.3189 0.4619
vn -0.9607 -0.2585 0.1014
vn -0.756 -0.0197 -0.6543
vn -0.9255 -0.1713 -0.3377
vn -0.4709 0.1354 -0.8717
vn -0.1139 0.2699 -0.9561
vn 0.2611 0.363 -0.8945
vn 0.5967 0.4008 -0.6952
vn 0.8406 0.3769 -0.3891
vn 0.9551 0.2953 -0.024
vn 0.9233 0.1682 0.3453
vn 0.7507 0.0161 0.6605
vn 0.464 -0.1384 0.8749
vn 0.1076 -0.2715 0.9564
vn -0.2651 -0.3637 0.893
vn -0.5974 -0.4008 0.6946
vn -0.8392 -0.3772 0.3916
vn -0.9545 -0.2968 0.0294
vn -0.7215 0.0031 -0.6924
vn -0.9018 -0.1744 -0.3954
vn -0.4311 0.1804 -0.8841
vn -0.0742 0.3304 -0.9409
vn 0.2941 0.4299 -0.8536
vn 0.6176 0.4637 -0.6353
vn 0.8466 0.4258 -0.3194
vn 0.9453 0.3229 0.045
vn 0.8995 0.1711 0.4021
vn 0.7163 -0.007 0.6977
vn 0.4246 -0.1837 0.8865
vn 0.0689 -0.3322 0.9407
vn -0.2972 -0.4305 0.8522
vn -0.6178 -0.4635 0.6351
vn -0.8451 -0.4264 0.3226
vn -0.9449 -0.3249 -0.0397
vn -0.6895 0.0306 -0.7236
vn -0.878 -0.1703 -0.4474
vn -0.3957 0.227 -0.8899
vn -0.0413 0.3889 -0.9204
vn 0.3199 0.4916 -0.8099
vn 0.6322 0.5191 -0.5752
vn 0.8477 0.4668 -0.2522
vn 0.933 0.3427 0.1093
vn 0.8756 0.1667 0.4534
vn 0.6847 -0.0345 0.728
vn 0.3898 -0.23 0.8917
vn 0.0363 -0.3906 0.9198
vn -0.3223 -0.492 0.8088
vn -0.6321 -0.5189 0.5755
vn -0.8463 -0.4674 0.2554
vn -0.9328 -0.3451 -0.1036
vn -0.661 0.0604 -0.7479
vn -0.8552 -0.161 -0.4927
vn -0.3655 0.2736 -0.8897
vn -0.014 0.4447 -0.8956
vn 0.3399 0.548 -0.7643
vn 0.642 0.5673 -0.5158
vn 0.8455 0.4997 -0.1883
vn 0.9195 0.3555 0.1681
vn 0.8528 0.1572 0.4981
vn 0.6565 -0.0646 0.7516
vn 0.3603 -0.2766 0.8909
vn 0.0099 -0.4463 0.8948
vn -0.3417 -0.5483 0.7633
vn -0.6414 -0.5673 0.5165
vn -0.8442 -0.5007 0.1913
vn -0.9194 -0.3581 -0.1628
vn -0.6361 0.0918 -0.7661
vn -0.8342 -0.1482 -0.5312
vn -0.3406 0.3187 -0.8846
vn 0.007 0.4967 -0.8679
vn 0.3539 0.599 -0.7183
vn 0.6466 0.6096 -0.4586
vn 0.8404 0.5265 -0.1285
vn 0.9052 0.3629 0.2211
vn 0.8317 0.1443 0.5362
vn 0.6316 -0.0961 0.7693
vn 0.3356 -0.3218 0.8853
vn -0.0109 -0.4983 0.867
vn -0.3553 -0.5992 0.7174
vn -0.6459 -0.6096 0.4596
vn -0.8391 -0.5277 0.1318
vn -0.9052 -0.3659 -0.216
vn -0.6148 0.1235 -0.779
vn -0.815 -0.1332 -0.564
vn -0.3205 0.3617 -0.8755
vn 0.0232 0.5449 -0.8382
vn 0.3632 0.6447 -0.6727
vn 0.6476 0.646 -0.4042
vn 0.8332 0.548 -0.0731
vn 0.8908 0.3666 0.2683
vn 0.8126 0.1293 0.5683
vn 0.6106 -0.1273 0.7816
vn 0.3159 -0.3648 0.8758
vn -0.0261 -0.5462 0.8373
vn -0.3644 -0.645 0.6717
vn -0.647 -0.6462 0.4048
vn -0.8319 -0.5497 0.0765
vn -0.891 -0.3697 -0.2634
vn -0.597 0.154 -0.7873
vn -0.7978 -0.1175 -0.5914
vn -0.3055 0.4022 -0.8631
vn 0.0336 0.5891 -0.8074
vn 0.3677 0.6858 -0.6281
vn 0.6453 0.6779 -0.3522
vn 0.8242 0.5659 -0.0227
vn 0.8768 0.3675 0.31
vn 0.7956 0.1132 0.5951
vn 0.5932 -0.1582 0.7893
vn 0.301 -0.4051 0.8633
vn -0.0365 -0.5902 0.8064
vn -0.3684 -0.6862 0.6272
vn -0.6447 -0.6779 0.3533
vn -0.8231 -0.5674 0.0258
vn -0.877 -0.3706 -0.3058
vn -0.5833 0.1827 -0.7914
vn -0.783 -0.1014 -0.6138
vn -0.2945 0.4397 -0.8485
vn 0.0401 0.6296 -0.7759
vn 0.3677 0.7228 -0.5851
vn 0.6397 0.7059 -0.3042
vn 0.8138 0.5806 0.0233
vn 0.8633 0.3668 0.3467
vn 0.7809 0.097 0.6171
vn 0.5796 -0.1871 0.7931
vn 0.2907 -0.4423 0.8484
vn -0.0419 -0.6306 0.775
vn -0.3685 -0.7231 0.5842
vn -0.6391 -0.706 0.3051
vn -0.8129 -0.582 -0.0202
vn -0.8634 -0.37 -0.3429
vn -0.5729 0.2101 -0.7923
vn -0.7704 -0.0858 -0.6318
vn -0.2875 0.4743 -0.8321
vn 0.0417 0.6661 -0.7447
vn 0.3646 0.7562 -0.5434
vn 0.6318 0.7307 -0.2586
vn 0.8024 0.5933 0.0651
vn 0.8504 0.3653 0.3788
vn 0.7684 0.0815 0.6348
vn 0.5696 -0.214 0.7936
vn 0.2841 -0.4771 0.8317
vn -0.0438 -0.6672 0.7436
vn -0.3652 -0.7562 0.5429
vn -0.6311 -0.7309 0.2598
vn -0.8016 -0.5946 -0.0622
vn -0.8506 -0.3683 -0.3753
vn -0.5654 0.2354 -0.7905
vn -0.7598 -0.0712 -0.6463
vn -0.285 0.506 -0.8141
vn 0.0397 0.6996 -0.7134
vn 0.3579 0.7862 -0.5038
vn 0.6216 0.7528 -0.2165
vn 0.7902 0.6041 0.1034
vn 0.838 0.363 0.4075
vn 0.7579 0.067 0.649
vn 0.562 -0.2395 0.7917
vn 0.2816 -0.5085 0.8137
vn -0.0415 -0.7005 0.7124
vn -0.3585 -0.7864 0.503
vn -0.6208 -0.7531 0.2178
vn -0.7893 -0.6057 -0.1008
vn -0.8382 -0.3663 -0.404
vn -0.5608 0.2584 -0.7866
vn -0.7509 -0.0576 -0.6579
vn -0.2852 0.535 -0.7953
vn 0.034 0.7302 -0.6824
vn 0.3486 0.8138 -0.465
vn 0.6095 0.7728 -0.1767
vn 0.7774 0.6135 0.1388
vn 0.8261 0.3608 0.4328
vn 0.7489 0.053 0.6605
vn 0.5579 -0.2622 0.7874
vn 0.2821 -0.5374 0.7948
vn -0.0361 -0.7311 0.6813
vn -0.3487 -0.8138 0.4649
vn -0.6085 -0.7733 0.178
vn -0.7763 -0.6155 -0.136
vn -0.8264 -0.3643 -0.4295
vn -0.5587 0.2797 -0.7808
vn -0.7435 -0.0451 -0.6672
vn -0.2888 0.5616 -0.7754
vn 0.0254 0.7581 -0.6516
vn 0.3364 0.8389 -0.4278
vn 0.5957 0.7911 -0.1386
vn 0.7635 0.6226 0.1714
vn 0.815 0.3585 0.4552
vn 0.7417 0.0406 0.6695
vn 0.5557 -0.2837 0.7815
vn 0.2859 -0.5641 0.7747
vn -0.0274 -0.7591 0.6504
vn -0.3363 -0.839 0.4278
vn -0.5944 -0.7918 0.1403
vn -0.7627 -0.6245 -0.1683
vn -0.8149 -0.3625 -0.4522
vn -0.5588 0.299 -0.7735
vn -0.7375 -0.0337 -0.6745
vn -0.2949 0.5861 -0.7547
vn 0.0146 0.7841 -0.6205
vn 0.3222 0.8621 -0.391
vn 0.5798 0.8083 -0.1024
vn 0.7492 0.6306 0.2024
vn 0.8038 0.3569 0.4759
vn 0.7358 0.0294 0.6765
vn 0.556 -0.3028 0.7741
vn 0.2917 -0.5889 0.7537
vn -0.0164 -0.7849 0.6194
vn -0.3218 -0.8622 0.3912
vn -0.5788 -0.8088 0.1038
vn -0.748 -0.633 -0.1996
vn -0.8039 -0.3608 -0.4728
vn -0.5605 0.317 -0.7651
vn -0.7326 -0.023 -0.6802
vn -0.3029 0.609 -0.7331
vn 0.0014 0.808 -0.5892
vn 0.3054 0.8835 -0.3551
vn 0.5628 0.8239 -0.0664
vn 0.7341 0.6382 0.2321
vn 0.793 0.3553 0.4949
vn 0.7309 0.0183 0.6822
vn 0.5577 -0.3212 0.7654
vn 0.3001 -0.6114 0.7322
vn -0.0034 -0.8087 0.5882
vn -0.3055 -0.8836 0.3548
vn -0.5618 -0.8245 0.0677
vn -0.7329 -0.6404 -0.2295
vn -0.793 -0.3588 -0.4924
vn -0.564 0.3341 -0.7552
vn -0.7285 -0.0128 -0.6849
vn -0.3128 0.6306 -0.7103
vn -0.0143 0.8305 -0.5569
vn 0.2869 0.9035 -0.3183
vn 0.5441 0.8384 -0.0309
vn 0.7183 0.6448 0.2613
vn 0.7822 0.3533 0.5131
vn 0.727 0.0077 0.6866
vn 0.561 -0.3385 0.7554
vn 0.31 -0.6332 0.7092
vn 0.0124 -0.8314 0.5556
vn -0.287 -0.9035 0.3183
vn -0.543 -0.8391 0.0325
vn -0.717 -0.6472 -0.2588
vn -0.7822 -0.3574 -0.5104
vn -0.5687 0.3504 -0.7442
vn -0.7252 -0.0026 -0.6885
vn -0.3251 0.6507 -0.6862
vn -0.0317 0.8515 -0.5234
vn 0.2666 0.922 -0.2806
vn 0.5242 0.8515 0.0056
vn 0.7016 0.6505 0.2908
vn 0.7714 0.3507 0.531
vn 0.7237 -0.0026 0.6901
vn 0.5659 -0.3549 0.7442
vn 0.322 -0.6536 0.6849
vn 0.0299 -0.8525 0.5219
vn -0.2667 -0.9222 0.28
vn -0.523 -0.8523 -0.0041
vn -0.7002 -0.6533 -0.2879
vn -0.7713 -0.3551 -0.5282
vn -0.5745 0.367 -0.7316
vn -0.7224 0.0079 -0.6914
vn -0.3388 0.6703 -0.6602
vn -0.0507 0.8716 -0.4876
vn 0.2446 0.9393 -0.2407
vn 0.5027 0.8634 0.0433
vn 0.6841 0.6549 0.3211
vn 0.7604 0.3472 0.5488
vn 0.721 -0.0136 0.6928
vn 0.5718 -0.3717 0.7313
vn 0.336 -0.6731 0.6589
vn 0.0493 -0.8724 0.4864
vn -0.2448 -0.9392 0.2409
vn -0.5017 -0.8641 -0.0417
vn -0.6826 -0.658 -0.3179
vn -0.7604 -0.3517 -0.5461
vn -0.5815 0.3838 -0.7173
vn -0.7202 0.0194 -0.6935
vn -0.3538 0.6897 -0.6318
vn -0.072 0.8904 -0.4494
vn 0.2211 0.9549 -0.1982
vn 0.4801 0.8732 0.0832
vn 0.6659 0.6578 0.352
vn 0.7494 0.3424 0.5667
vn 0.7187 -0.0252 0.6948
vn 0.5788 -0.3886 0.7169
vn 0.351 -0.6927 0.63
vn 0.0703 -0.8913 0.4479
vn -0.2208 -0.9549 0.1984
vn -0.4788 -0.8741 -0.0817
vn -0.6641 -0.6611 -0.3492
vn -0.7491 -0.3472 -0.5642
vn -0.5898 0.4009 -0.701
vn -0.7186 0.0317 -0.6947
vn -0.3708 0.7087 -0.6002
vn -0.095 0.9083 -0.4074
vn 0.1954 0.9688 -0.1523
vn 0.4561 0.8809 0.1264
vn 0.6466 0.6583 0.3854
vn 0.7382 0.3352 0.5854
vn 0.7172 -0.0385 0.6958
vn 0.587 -0.4062 0.7003
vn 0.368 -0.7117 0.5984
vn 0.0933 -0.9091 0.4061
vn -0.1952 -0.9689 0.152
vn -0.4542 -0.8822 -0.1244
vn -0.6446 -0.662 -0.3824
vn -0.7376 -0.3413 -0.5827
vn -0.5995 0.4188 -0.682
vn -0.7175 0.0464 -0.695
vn -0.3898 0.7273 -0.5649
vn -0.1205 0.9246 -0.3613
vn 0.1677 0.9806 -0.1017
vn 0.4301 0.886 0.1731
vn 0.6264 0.656 0.421
vn 0.7269 0.3258 0.6045
vn 0.7162 -0.0541 0.6957
vn 0.5967 -0.4247 0.6808
vn 0.3868 -0.7305 0.5628
vn 0.1186 -0.9255 0.3597
vn -0.1673 -0.9806 0.1022
vn -0.4281 -0.8874 -0.1708
vn -0.6243 -0.66 -0.418
vn -0.726 -0.332 -0.6022
vn -0.611 0.4376 -0.6596
vn -0.7174 0.0636 -0.6938
vn -0.411 0.7455 -0.5246
vn -0.1479 0.9395 -0.3091
vn 0.1381 0.9893 -0.0461
vn 0.4026 0.8875 0.224
vn 0.6056 0.6497 0.4596
vn 0.7156 0.3127 0.6246
vn 0.7163 -0.0713 0.6941
vn 0.6081 -0.4442 0.6579
vn 0.4079 -0.749 0.5221
vn 0.1461 -0.9403 0.3074
vn -0.1375 -0.9894 0.0464
vn -0.4005 -0.8891 -0.2217
vn -0.6031 -0.6541 -0.4565
vn -0.7144 -0.3198 -0.6223
vn -0.6246 0.4577 -0.6328
vn -0.7186 0.0831 -0.6905
vn -0.4348 0.7632 -0.4781
vn -0.1784 0.9516 -0.2503
vn 0.1057 0.9943 0.0161
vn 0.3735 0.8842 0.2806
vn 0.5838 0.6388 0.5011
vn 0.7045 0.2957 0.6451
vn 0.7176 -0.0917 0.6904
vn 0.6216 -0.4647 0.6306
vn 0.4316 -0.7666 0.4754
vn 0.1766 -0.9524 0.2484
vn -0.1052 -0.9943 -0.016
vn -0.371 -0.8861 -0.278
vn -0.5809 -0.6439 -0.498
vn -0.703 -0.304 -0.643
vn -0.641 0.4782 -0.6004
vn -0.7216 0.1053 -0.6842
vn -0.4619 0.7788 -0.4243
vn -0.2118 0.96 -0.1833
vn 0.0707 0.9938 0.0861
vn 0.3424 0.8749 0.3424
vn 0.5615 0.622 0.5458
vn 0.6943 0.2741 0.6655
vn 0.721 -0.1147 0.6834
vn 0.6382 -0.4856 0.5974
vn 0.4588 -0.7824 0.4212
vn 0.2102 -0.9607 0.1815
vn -0.0698 -0.9939 -0.0856
vn -0.3392 -0.8774 -0.3394
vn -0.5578 -0.6281 -0.5426
vn -0.6922 -0.2835 -0.6637
vn -0.661 0.4983 -0.5611
vn -0.7273 0.1297 -0.6739
vn -0.4931 0.791 -0.3621
vn -0.2496 0.9624 -0.1073
vn 0.0329 0.9858 0.1644
vn 0.3098 0.8576 0.4105
vn 0.539 0.5978 0.5933
vn 0.6855 0.2467 0.685
vn 0.727 -0.1407 0.6721
vn 0.6583 -0.5059 0.5574
vn 0.4898 -0.7949 0.358
vn 0.2478 -0.9631 0.1053
vn -0.0316 -0.986 -0.1634
vn -0.306 -0.8604 -0.4074
vn -0.5348 -0.6047 -0.5902
vn -0.6828 -0.2571 -0.6838
vn -0.6853 0.5165 -0.5134
vn -0.7365 0.1569 -0.658
vn -0.5289 0.7977 -0.2896
vn -0.2909 0.9565 -0.0212
vn -0.0082 0.968 0.2508
vn 0.2762 0.8302 0.4843
vn 0.517 0.5655 0.6426
vn 0.6788 0.214 0.7024
vn 0.7365 -0.1689 0.655
vn 0.6825 -0.5254 0.5082
vn 0.5254 -0.8018 0.2848
vn 0.2891 -0.9571 0.0189
vn 0.0095 -0.9682 -0.2498
vn -0.2714 -0.8337 -0.481
vn -0.5121 -0.5731 -0.6398
vn -0.6753 -0.2258 -0.7021
vn -0.7146 0.5307 -0.4558
vn -0.7501 0.1847 -0.635
vn -0.5695 0.7957 -0.2061
vn -0.3361 0.9388 0.0754
vn -0.051 0.937 0.3455
vn 0.2416 0.7909 0.5623
vn 0.497 0.523 0.6924
vn 0.6756 0.1759 0.7159
vn 0.7509 -0.1977 0.6302
vn 0.712 -0.5396 0.4494
vn 0.5658 -0.7997 0.2008
vn 0.3346 -0.9392 -0.0773
vn 0.0531 -0.9374 -0.3441
vn -0.2363 -0.7947 -0.5591
vn -0.4907 -0.5321 -0.69
vn -0.6712 -0.1885 -0.7169
vn -0.7493 0.5369 -0.3877
vn -0.7693 0.211 -0.603
vn -0.6142 0.7812 -0.1119
vn -0.3839 0.9054 0.1812
vn -0.0944 0.8897 0.4467
vn 0.2093 0.7367 0.643
vn 0.4806 0.4706 0.74
vn 0.6776 0.1329 0.7234
vn 0.7706 -0.2242 0.5965
vn 0.7468 -0.5461 0.3797
vn 0.6107 -0.7847 0.1061
vn 0.3824 -0.9056 -0.1836
vn 0.0974 -0.8903 -0.4448
vn -0.2026 -0.7415 -0.6397
vn -0.4728 -0.4803 -0.7387
vn -0.6718 -0.1464 -0.7261
vn -0.7884 0.5321 -0.3088
vn -0.7942 0.2328 -0.5613
vn -0.6611 0.7503 -0.0081
vn -0.4315 0.8527 0.2945
vn -0.1353 0.8233 0.5513
vn 0.1813 0.667 0.7227
vn 0.4699 0.4082 0.7827
vn 0.6858 0.087 0.7226
vn 0.7964 -0.2458 0.5526
vn 0.7862 -0.5406 0.2995
vn 0.6575 -0.7534 0.0018
vn 0.4306 -0.8527 -0.2957
vn 0.1391 -0.8243 -0.5488
vn -0.1735 -0.6721 -0.7198
vn -0.4605 -0.4188 -0.7827
vn -0.6787 -0.101 -0.7274
vn -0.8301 0.5119 -0.221
vn -0.8247 0.2467 -0.5089
vn -0.7074 0.6994 0.1025
vn -0.4756 0.7783 0.41
vn -0.1696 0.7371 0.6542
vn 0.162 0.5819 0.797
vn 0.468 0.3374 0.8168
vn 0.7015 0.042 0.7114
vn 0.8275 -0.259 0.4981
vn 0.8281 -0.5197 0.2101
vn 0.7041 -0.7017 -0.1086
vn 0.4749 -0.7782 -0.411
vn 0.1745 -0.7382 -0.6516
vn -0.1524 -0.5879 -0.7945
vn -0.4566 -0.3486 -0.8185
vn -0.6931 -0.0555 -0.7187
vn -0.8713 0.4744 -0.1258
vn -0.8593 0.2489 -0.4469
vn -0.7489 0.627 0.2145
vn -0.5104 0.683 0.5225
vn -0.1927 0.6329 0.7498
vn 0.1538 0.4853 0.8607
vn 0.4766 0.263 0.8389
vn 0.7251 0.0017 0.6887
vn 0.8625 -0.2596 0.4344
vn 0.8693 -0.4808 0.115
vn 0.7457 -0.6287 -0.2207
vn 0.5102 -0.6828 -0.5229
vn 0.1984 -0.6347 -0.7468
vn -0.1434 -0.4912 -0.8592
vn -0.464 -0.2737 -0.8425
vn -0.7159 -0.0136 -0.698
vn -0.9077 0.4185 -0.0292
vn -0.8954 0.2374 -0.3766
vn -0.7799 0.5357 0.3237
vn -0.5312 0.57 0.6268
vn -0.2003 0.5161 0.8328
vn 0.1609 0.3825 0.9098
vn 0.4968 0.1905 0.8467
vn 0.7556 -0.0304 0.6544
vn 0.8987 -0.2457 0.3632
vn 0.9058 -0.4233 0.0183
vn 0.777 -0.537 -0.3284
vn 0.5316 -0.5704 -0.6261
vn 0.207 -0.5179 -0.83
vn -0.1494 -0.3879 -0.9095
vn -0.484 -0.1993 -0.8521
vn -0.7461 0.0203 -0.6655
vn -0.9354 0.3474 0.0659
vn -0.9298 0.2108 -0.3017
vn -0.7967 0.4304 0.4243
vn -0.5347 0.4469 0.7172
vn -0.1898 0.3946 0.8991
vn 0.1838 0.2813 0.9418
vn 0.5284 0.1248 0.8398
vn 0.7909 -0.0501 0.6099
vn 0.9327 -0.2168 0.2882
vn 0.9335 -0.3503 -0.0762
vn 0.7941 -0.4312 -0.4283
vn 0.5357 -0.4473 -0.7162
vn 0.1975 -0.3963 -0.8966
vn -0.1714 -0.2859 -0.9428
vn -0.5151 -0.132 -0.8469
vn -0.7817 0.0424 -0.6222
vn -0.9516 0.2645 0.1562
vn -0.9594 0.1707 -0.2246
vn -0.797 0.318 0.5135
vn -0.5193 0.3222 0.7915
vn -0.1612 0.2766 0.9474
vn 0.2211 0.1886 0.9569
vn 0.5684 0.0716 0.8196
vn 0.8282 -0.0558 0.5576
vn 0.9616 -0.1746 0.2119
vn 0.9496 -0.2665 -0.1648
vn 0.7948 -0.3186 -0.5165
vn 0.5212 -0.3226 -0.7901
vn 0.1692 -0.2783 -0.9455
vn -0.2089 -0.1921 -0.9589
vn -0.5562 -0.0766 -0.8275
vn -0.82 0.0508 -0.5701
vn -0.9549 0.1763 0.2389
vn -0.9816 0.1199 -0.1485
vn -0.7809 0.2056 0.5898
vn -0.4861 0.2031 0.85
vn -0.1166 0.1693 0.9786
vn 0.27 0.1096 0.9566
vn 0.6148 0.033 0.788
vn 0.8648 -0.0482 0.4998
vn 0.983 -0.1222 0.137
vn 0.953 -0.1773 -0.2458
vn 0.7797 -0.2059 -0.5913
vn 0.4891 -0.2035 -0.8481
vn 0.1251 -0.1706 -0.9774
vn -0.2582 -0.1118 -0.9596
vn -0.6034 -0.0361 -0.7966
vn -0.8578 0.0453 -0.512
vn -0.9454 0.0871 0.314
vn -0.9953 0.0616 -0.0746
vn -0.7498 0.0987 0.6543
vn -0.4389 0.0953 0.8935
vn -0.0602 0.077 0.9952
vn 0.3269 0.0471 0.9439
vn 0.6632 0.0101 0.7484
vn 0.8979 -0.0286 0.4394
vn 0.996 -0.0627 0.0644
vn 0.9436 -0.0874 -0.3195
vn 0.7492 -0.0989 -0.6549
vn 0.4423 -0.0956 -0.8918
vn 0.0686 -0.0778 -0.9946
vn -0.3163 -0.0481 -0.9475
vn -0.6535 -0.0114 -0.7569
vn -0.8924 0.0271 -0.4505
vn -0.9352 0.0424 0.3516
vn -0.9989 0.0315 -0.0349
vn -0.7278 0.0472 0.6841
vn -0.4085 0.0446 0.9117
vn -0.0266 0.0352 0.999
vn 0.3592 0.0203 0.9331
vn 0.6893 0.0023 0.7245
vn 0.9138 -0.0158 0.4059
vn 0.9991 -0.0318 0.0266
vn 0.9336 -0.0428 -0.3556
vn 0.7278 -0.0474 -0.6842
vn 0.4123 -0.0448 -0.9099
vn 0.0346 -0.0354 -0.9988
vn -0.3487 -0.0207 -0.937
vn -0.6806 -0.0028 -0.7327
vn -0.9092 0.0152 -0.4161
vn -0.5773 -0.577 0.5778
vn -0.5774 0.5773 0.5774
vn -0.5773 -0.577 -0.5778
vn -0.5774 0.5773 -0.5774
vn 0.5773 -0.5774 0.5774
vn 0.5773 0.5774 0.5774
vn 0.5773 -0.5774 -0.5774
vn 0.5773 0.5774 -0.5774
vn 0.5773 -0.577 0.5778
vn 0.5774 0.5773 0.5774
vn 0.5773 -0.577 -0.5778
vn 0.5774 0.5773 -0.5774
vn -0.7072 -0.707 -0
vn -0.707 -0 0.7072
vn -0.707 0.7072 -0
vn -0.707 -0 -0.7072
vn -0 -0.7071 -0.7071
vn -0 0.707 -0.7072
vn 0.707 -0 -0.7072
vn 0.7072 -0.707 -0
vn 0.707 0.7072 -0
vn 0.707 -0 0.7072
vn -0 -0.7071 0.7071
vn -0 0.707 0.7072
vn 0.7073 -0.7069 -0
vn 0.7073 0.7069 -0
vn -0 0.7071 -0.7071
vn -0 0.7071 0.7071
vn -0 -1 -0
vn -1 -0 -0
vn -0 -0 1
vn -0 1 -0
vn -0 -0 -1
vn 1 -0 -0
vn 0.5773 -0.5774 0.5774
vn 0.5773 0.5774 0.5773
vn -0.5774 -0.5773 0.5774
vn -0.5774 0.5771 0.5775
vn 0.5773 -0.5776 -0.5771
vn 0.5774 0.5773 -0.5774
vn -0.5775 -0.5772 -0.5774
vn -0.5774 -0.5772 -0.5774
vn -0.5774 0.5773 -0.5774
vn 0.5771 -0.5778 -0.5772
vn 0.5771 0.5778 -0.5772
vn -0.5774 -0.5771 -0.5775
vn -0.5774 0.5771 -0.5775
vn 0.5771 -0.5778 0.5772
vn 0.5771 0.5778 0.5772
vn -0.5774 -0.5771 0.5775
vn -0 -0.707 0.7072
vn 0.7071 -0 0.7071
vn -0 0.7071 0.7071
vn -0.7071 -0 0.7071
vn -0.7069 -0.7074 -0
vn -0.7068 0.7074 -0
vn -0.707 -0 -0.7072
vn -0 -0.707 -0.7072
vn -0 0.7071 -0.7071
vn 0.707 -0 -0.7072
vn 0.7072 -0.707 -0
vn 0.7071 0.7071 -0
vn -0 -0.7071 -0.7071
vn -0.7071 -0.7071 -0
vn -0.7071 0.7071 -0
vn -0.707 -0 0.7072
vn -0 -0.7071 0.7071
vn 0.707 -0 0.7072
vn 0.7071 -0.7071 -0
vn -0 -1 -0
vn -0 -0 1
vn 1 -0 -0
vn -0 1 -0
vn -1 -0 -0
vn -0 -0 -1
vn -0.5773 -0.5774 0.5774
vn -0.5774 0.5773 0.5774
vn -0.5773 -0.5774 -0.5774
vn -0.5774 0.5773 -0.5774
vn 0.5773 -0.5776 0.5771
vn 0.5774 0.5773 0.5774
vn 0.5773 -0.5776 -0.5771
vn 0.5774 0.5773 -0.5774
vn -0.707 -0.7072 -0
vn -0.707 -0 0.7072
vn -0.7071 0.7071 -0
vn -0.707 -0 -0.7072
vn -0 -0.707 -0.7072
vn -0 0.7071 -0.7071
vn 0.707 -0 -0.7072
vn 0.707 -0.7072 -0
vn 0.7069 0.7073 -0
vn 0.707 -0 0.7072
vn -0 -0.707 0.7072
vn -0 0.7071 0.7071
vn -0 -1 -0
vn -1 -0 -0
vn -0 -0 1
vn -0 1 -0
vn -0 -0 -1
vn 1 -0 -0
vn -0.3013 -0.9047 -0.3012
vn -0.3015 -0.9045 0.3015
vn -0 -0.7071 -0.7071
vn 0.7073 -0.7069 -0
vn 0.7071 -0.7071 -0
vn -0 -0.7071 0.7071
vn -0.7072 -0 0.7071
vn -0.7072 -0 -0.707
vn 0.707 -0.7072 -0
vn -0.707 -0.7072 -0
vn -0 -1 -0
vn -0 -0 1
vn -0 -0 -1
vn 1 -0 -0
vn -1 -0 -0
vn 0.0684 -0.9774 -0.2002
vn 0.0121 -0.9726 -0.2323
vn 0.0694 -0.6707 -0.7385
vn 0.267 -0.6999 -0.6625
vn 0.1037 -0.1777 -0.9786
vn 0.3822 -0.2027 -0.9016
vn 0.0121 0.9725 -0.2324
vn 0.0684 0.9773 -0.2003
vn 0.267 0.7 -0.6624
vn 0.0694 0.6706 -0.7385
vn 0.3822 0.2027 -0.9016
vn 0.1037 0.1777 -0.9786
vn 0.1365 -0.9811 -0.137
vn 0.4921 -0.7176 -0.4929
vn 0.6908 -0.2142 -0.6906
vn 0.1365 0.9811 -0.1371
vn 0.4919 0.7178 -0.4927
vn 0.6907 0.2145 -0.6906
vn 0.2007 -0.9772 -0.0694
vn 0.6628 -0.6992 -0.2682
vn 0.9016 -0.202 -0.3826
vn 0.2005 0.9772 -0.0693
vn 0.6627 0.6992 -0.2681
vn 0.9016 0.202 -0.3826
vn 0.2345 -0.972 -0.0125
vn 0.7405 -0.6684 -0.0703
vn 0.9788 -0.1762 -0.1043
vn 0.2345 0.972 -0.0125
vn 0.7405 0.6683 -0.0703
vn 0.9788 0.1762 -0.1043
vn 0.0684 0.9774 0.2002
vn 0.0121 0.9725 0.2324
vn 0.0693 0.6707 0.7385
vn 0.2667 0.7 0.6624
vn 0.1036 0.1777 0.9786
vn 0.382 0.2029 0.9016
vn 0.0121 -0.9726 0.2324
vn 0.0684 -0.9774 0.2002
vn 0.2667 -0.7001 0.6624
vn 0.0693 -0.6707 0.7385
vn 0.3822 -0.2027 0.9016
vn 0.104 -0.1777 0.9786
vn 0.1365 0.9811 0.1371
vn 0.4917 0.718 0.4925
vn 0.6905 0.2148 0.6907
vn 0.1364 -0.9811 0.137
vn 0.4917 -0.7181 0.4925
vn 0.6905 -0.2147 0.6907
vn 0.2005 0.9772 0.0693
vn 0.6627 0.6993 0.2681
vn 0.9016 0.202 0.3825
vn 0.2007 -0.9772 0.0694
vn 0.6629 -0.6989 0.2683
vn 0.9015 -0.2023 0.3825
vn 0.2346 0.972 0.0125
vn 0.7406 0.6683 0.0703
vn 0.9788 0.1764 0.104
vn 0.235 -0.9719 0.0125
vn 0.7405 -0.6683 0.0703
vn 0.9788 -0.1762 0.1043
vn -0.0883 -0.1777 -0.9801
vn -0.3651 -0.2104 -0.9069
vn -0.2541 -0.7462 -0.6153
vn -0.0699 -0.6898 -0.7206
vn -0.0678 -0.9872 -0.1446
vn -0.0273 -0.9809 -0.1925
vn -0.6889 -0.2264 -0.6886
vn -0.456 -0.7648 -0.4552
vn -0.1075 -0.9884 -0.1072
vn -0.9072 -0.2096 -0.3647
vn -0.6171 -0.7449 -0.2535
vn -0.1453 -0.9871 -0.0675
vn -0.9804 -0.176 -0.0881
vn -0.7231 -0.6872 -0.0696
vn -0.1947 -0.9805 -0.0272
vn -0.3647 -0.2103 0.9071
vn -0.0883 -0.1776 0.9801
vn -0.0699 -0.6903 0.7202
vn -0.2543 -0.7462 0.6153
vn -0.0274 -0.9809 0.1926
vn -0.0677 -0.9872 0.1445
vn -0.6889 -0.2263 0.6886
vn -0.4558 -0.7651 0.4549
vn -0.1074 -0.9884 0.1071
vn -0.9072 -0.2098 0.3647
vn -0.6171 -0.745 0.2534
vn -0.1454 -0.9871 0.0675
vn -0.9804 -0.1758 0.0885
vn -0.7231 -0.6872 0.0696
vn -0.1947 -0.9805 0.0272
vn -0.0883 0.1776 0.9801
vn -0.365 0.2104 0.9069
vn -0.2543 0.7461 0.6153
vn -0.0699 0.6902 0.7202
vn -0.0678 0.9872 0.1446
vn -0.0274 0.9809 0.1923
vn -0.6889 0.2263 0.6887
vn -0.4559 0.765 0.4549
vn -0.1075 0.9884 0.1072
vn -0.9072 0.2098 0.3647
vn -0.6171 0.7449 0.2538
vn -0.1455 0.987 0.0676
vn -0.9804 0.1759 0.0885
vn -0.7234 0.6869 0.0697
vn -0.1948 0.9805 0.0273
vn -0.3651 0.2104 -0.9069
vn -0.0883 0.1778 -0.9801
vn -0.0699 0.6898 -0.7206
vn -0.2544 0.7461 -0.6153
vn -0.0273 0.9809 -0.1926
vn -0.0678 0.9872 -0.1447
vn -0.6889 0.2264 -0.6886
vn -0.456 0.7648 -0.4552
vn -0.1075 0.9884 -0.1072
vn -0.9072 0.2097 -0.3647
vn -0.617 0.745 -0.2535
vn -0.1453 0.9871 -0.0676
vn -0.9804 0.176 -0.088
vn -0.7233 0.687 -0.0697
vn -0.1947 0.9805 -0.0272
vn -0 -0.1648 0.9863
vn -0.0001 -0.6588 0.7523
vn -0.0001 -0.9734 0.2291
vn -0 -0.1648 -0.9863
vn -0.0001 -0.6587 -0.7524
vn -0 -0.9733 -0.2294
vn -0.0001 0.9734 0.2292
vn -0.0001 0.6592 0.752
vn -0 0.1648 0.9863
vn -0 0.1645 -0.9864
vn -0.0002 0.6586 -0.7525
vn -0 0.9733 -0.2295
vn -0.0001 0.9733 -0.2294
vn -0.0001 0.6587 -0.7524
vn -0 0.1644 -0.9864
vn -0.0001 -0.9733 -0.2293
vn -0 -0.1647 -0.9863
vn -0.0001 -0.6587 0.7524
vn -0 -0.9733 0.2294
vn -0 0.1645 0.9864
vn -0.0002 0.6586 0.7525
vn -0 0.9733 0.2295
vn 0.0121 -0.9725 -0.2324
vn 0.267 -0.7001 -0.6622
vn 0.104 -0.1777 -0.9786
vn 0.382 -0.2027 -0.9016
vn 0.0121 0.9725 -0.2325
vn 0.3823 0.2027 -0.9015
vn 0.104 0.1778 -0.9786
vn 0.1365 -0.9811 -0.1371
vn 0.2003 -0.9773 -0.0693
vn 0.2008 0.9772 -0.0694
vn 0.9016 0.2021 -0.3825
vn 0.7405 -0.6683 -0.0703
vn 0.2346 0.972 -0.0125
vn 0.0684 0.9774 0.2003
vn 0.0121 0.9725 0.2325
vn 0.0693 0.6706 0.7385
vn 0.3822 0.2027 0.9016
vn 0.0121 -0.9725 0.2325
vn 0.0684 -0.9773 0.2003
vn 0.0693 -0.6706 0.7385
vn 0.382 -0.203 0.9016
vn 0.1037 -0.1777 0.9786
vn 0.492 0.7178 0.4926
vn 0.1365 -0.9811 0.1371
vn 0.492 -0.7178 0.4926
vn 0.6905 -0.2148 0.6907
vn 0.2003 0.9773 0.0693
vn 0.2005 -0.9772 0.0693
vn 0.6628 -0.6992 0.2681
vn 0.9016 -0.202 0.3825
vn 0.9788 0.1762 0.1043
vn 0.2349 -0.9719 0.0125
vn 0.7403 -0.6685 0.0704
vn 0.9788 -0.1764 0.104
vn -0.0883 -0.1778 -0.9801
vn -0.3648 -0.2103 -0.9071
vn -0.2541 -0.7462 -0.6154
vn -0.07 -0.69 -0.7204
vn -0.0678 -0.9872 -0.1447
vn -0.0274 -0.981 -0.1923
vn -0.6888 -0.226 -0.6888
vn -0.9072 -0.2097 -0.3647
vn -0.6171 -0.7449 -0.2536
vn -0.1453 -0.9871 -0.0676
vn -0.9805 -0.1758 -0.0883
vn -0.7234 -0.6869 -0.0697
vn -0.1948 -0.9805 -0.0272
vn -0.365 -0.2104 0.9069
vn -0.0699 -0.6902 0.7202
vn -0.0274 -0.981 0.1923
vn -0.0677 -0.9872 0.1446
vn -0.4559 -0.765 0.4549
vn -0.1075 -0.9884 0.1071
vn -0.6171 -0.7449 0.2534
vn -0.1455 -0.987 0.0676
vn -0.9804 -0.1759 0.0885
vn -0.1948 -0.9805 0.0273
vn -0.0882 0.1776 0.9801
vn -0.3647 0.2104 0.907
vn -0.6889 0.2263 0.6886
vn -0.6171 0.7449 0.2534
vn -0.0883 0.1777 -0.9801
vn -0.0274 0.9809 -0.1926
vn -0.6889 0.2261 -0.6887
vn -0.9805 0.1758 -0.0883
vn -0.7231 0.6872 -0.0696
vn -0.0001 -0.6589 0.7522
vn -0.0001 -0.9734 0.2292
vn -0.0001 -0.6589 -0.7522
vn -0 -0.9733 -0.2295
vn -0.0001 0.6591 0.752
vn -0 0.1648 -0.9863
vn -0.0001 0.6589 -0.7522
vn -0.0001 0.6586 -0.7525
vn -0.0001 -0.9733 -0.2294
vn -0 -0.1644 -0.9864
vn -0 -0.9733 0.2295
vn -0.0001 0.6589 0.7522
vn 0.0684 -0.9774 -0.2003
vn 0.0694 -0.6706 -0.7385
vn 0.0121 0.9726 -0.2323
vn 0.0684 0.9774 -0.2002
vn 0.2669 0.7 -0.6624
vn 0.0694 0.6707 -0.7385
vn 0.6906 -0.2145 -0.6907
vn 0.1364 0.9811 -0.137
vn 0.4919 0.7179 -0.4927
vn 0.2005 -0.9772 -0.0693
vn 0.6627 -0.6992 -0.2681
vn 0.2002 0.9773 -0.0693
vn 0.9015 0.2019 -0.3828
vn 0.2346 -0.972 -0.0125
vn 0.9788 -0.1762 -0.1042
vn 0.2344 0.9721 -0.0125
vn 0.7405 0.6684 -0.0703
vn 0.9788 0.1764 -0.104
vn 0.0121 0.9726 0.2323
vn 0.2667 0.7001 0.6624
vn 0.104 0.1777 0.9786
vn 0.104 -0.1778 0.9786
vn 0.1364 0.9811 0.137
vn 0.492 0.7178 0.4927
vn 0.2004 0.9773 0.0693
vn 0.6627 0.6992 0.2681
vn 0.2003 -0.9773 0.0693
vn 0.6626 -0.6994 0.268
vn 0.2345 0.972 0.0125
vn 0.7405 0.6684 0.0703
vn 0.2346 -0.972 0.0125
vn -0.2541 -0.7461 -0.6154
vn -0.0678 -0.9871 -0.1447
vn -0.0274 -0.9809 -0.1926
vn -0.6889 -0.2264 -0.6885
vn -0.1454 -0.9871 -0.0676
vn -0.9804 -0.176 -0.0879
vn -0.7232 -0.6872 -0.0696
vn -0.0274 -0.9809 0.1923
vn -0.9805 -0.1759 0.0882
vn -0.7234 -0.6869 0.0697
vn -0.2543 0.7462 0.6152
vn -0.0699 0.6903 0.7201
vn -0.0677 0.9872 0.1445
vn -0.0274 0.9809 0.1926
vn -0.689 0.2264 0.6885
vn -0.4558 0.765 0.4549
vn -0.1075 0.9884 0.1071
vn -0.6171 0.7448 0.2537
vn -0.1454 0.9871 0.0675
vn -0.9805 0.1759 0.0881
vn -0.7233 0.687 0.0697
vn -0.1947 0.9805 0.0272
vn -0.3648 0.2103 -0.907
vn -0.0699 0.6899 -0.7205
vn -0.254 0.7463 -0.6153
vn -0.0273 0.9809 -0.1925
vn -0.0677 0.9872 -0.1446
vn -0.6888 0.226 -0.6888
vn -0.4559 0.7648 -0.4551
vn -0.1075 0.9884 -0.1071
vn -0.9072 0.2097 -0.3646
vn -0.6169 0.7451 -0.2535
vn -0.1452 0.9871 -0.0675
vn -0.7231 0.6873 -0.0695
vn -0.1946 0.9805 -0.0272
vn -0.0001 -0.6591 0.752
vn -0.0001 0.9734 0.2291
vn -0.0001 0.659 -0.7521
vn -0 0.9733 -0.2294
vn -0.0001 0.9734 -0.2293
vn -0 0.1647 -0.9863
vn -0.0001 -0.6586 -0.7525
vn -0.0001 0.659 0.7521
vn -0 0.9733 0.2294
vn 0.1036 -0.1777 -0.9786
vn 0.3823 -0.2027 -0.9015
vn 0.9016 -0.2021 -0.3825
vn 0.2004 0.9772 -0.0693
vn 0.6628 0.6992 -0.2682
vn 0.9788 -0.1764 -0.104
vn 0.2668 0.7 0.6624
vn 0.3823 0.2025 0.9016
vn 0.4917 -0.718 0.4926
vn 0.6628 0.6992 0.2681
vn 0.6627 -0.6993 0.2681
vn 0.7403 0.6685 0.0704
vn 0.7406 -0.6683 0.0703
vn -0.365 -0.2104 -0.9069
vn -0.0701 -0.6901 -0.7204
vn -0.6889 -0.2261 -0.6887
vn -0.9072 -0.2097 -0.3646
vn -0.9804 -0.176 -0.088
vn -0.3647 -0.2104 0.907
vn -0.6171 -0.7449 0.2535
vn -0.9805 -0.1759 0.0881
vn -0.0884 0.1776 0.9801
vn -0.0699 0.6903 0.7202
vn -0.0677 0.9872 0.1446
vn -0.1455 0.9871 0.0676
vn -0.7234 0.687 0.0697
vn -0.1948 0.9805 0.0272
vn -0.0701 0.6901 -0.7203
vn -0.2541 0.7462 -0.6154
vn -0.1453 0.9871 -0.0675
vn -0.0001 0.6591 -0.7521
vn 0.3821 -0.2027 -0.9016
vn 0.6905 -0.2146 -0.6908
vn 0.2004 -0.9772 -0.0693
vn 0.9016 -0.2022 -0.3824
vn 0.2003 0.9773 -0.0693
vn 0.9016 0.2021 -0.3824
vn 0.7403 -0.6686 -0.0704
vn 0.2349 0.9719 -0.0125
vn 0.7403 0.6685 -0.0704
vn 0.2671 -0.7 0.6624
vn 0.3823 -0.2026 0.9016
vn 0.1036 -0.1776 0.9786
vn 0.2002 0.9773 0.0693
vn 0.6628 0.6992 0.2682
vn 0.2008 -0.9772 0.0694
vn -0.0273 -0.9809 -0.1926
vn -0.0882 -0.1776 0.9801
vn -0.2543 -0.7462 0.6152
vn -0.6889 -0.2263 0.6887
vn -0.7234 -0.687 0.0697
vn -0.1948 -0.9805 0.0272
vn -0.9072 0.2095 0.3648
vn -0.9805 0.1759 0.0882
vn -0.2545 0.7461 -0.6153
vn -0.6889 0.2264 -0.6885
vn -0.0001 -0.659 -0.7521
vn 0.0121 -0.9725 -0.2325
vn 0.0121 0.9726 -0.2324
vn 0.1041 0.1777 -0.9786
vn 0.2007 0.9772 -0.0693
vn 0.2344 0.9721 -0.0124
vn 0.7403 0.6686 -0.0704
vn 0.0684 0.9773 0.2005
vn 0.4919 0.7179 0.4926
vn 0.6905 0.2147 0.6907
vn 0.6906 -0.2144 0.6908
vn 0.2007 0.9772 0.0693
vn 0.6628 -0.6992 0.2682
vn 0.2345 0.972 0.0124
vn 0.7403 0.6686 0.0704
vn 0.9788 0.1765 0.1039
vn -0.3648 -0.2103 -0.907
vn -0.4557 -0.765 -0.4552
vn -0.9804 -0.1761 -0.0879
vn -0.2543 -0.7461 0.6153
vn -0.4559 -0.7648 0.4552
vn -0.6171 -0.7449 0.2538
vn -0.3651 0.2104 0.9069
vn -0.2543 0.7462 0.6153
vn -0.0274 0.981 0.1922
vn -0.6171 0.745 0.2534
vn -0.1454 0.9871 0.0676
vn -0.9804 0.1758 0.0885
vn -0.1947 0.9805 0.0273
vn -0.0699 0.6899 -0.7206
vn -0.456 0.7648 -0.4551
vn -0.9072 0.2096 -0.3647
vn -0.1452 0.9871 -0.0676
vn -0.9804 0.176 -0.0881
vn -0.0001 0.6588 0.7523
vn -0.0001 0.659 -0.7522
vn -0.0001 0.6587 0.7524
vn 0.1036 0.1776 -0.9786
vn 0.2008 -0.9772 -0.0694
vn 0.7402 -0.6687 -0.0704
vn 0.2667 -0.7 0.6624
vn 0.4917 0.718 0.4926
vn 0.2002 -0.9773 0.0693
vn 0.2346 0.972 0.0124
vn -0.0883 -0.1776 -0.9801
vn -0.456 -0.7647 -0.4552
vn -0.0274 -0.9809 0.1924
vn -0.1455 -0.987 0.0675
vn -0.3647 0.2103 0.907
vn -0.0274 0.981 0.1923
vn -0.365 0.2104 -0.9069
vn -0.9804 0.176 -0.0879
vn 0.0694 0.6706 -0.7386
vn 0.2345 -0.972 -0.0124
vn 0.4921 -0.7177 0.4927
vn 0.663 0.6989 0.2683
vn 0.2346 -0.972 0.0124
vn -0.0275 -0.981 -0.1923
vn -0.7231 -0.6872 -0.0695
vn -0.0274 0.9809 0.1927
vn -0.6171 0.7449 0.2535
vn -0.07 0.69 -0.7204
vn -0.2541 0.7462 -0.6153
vn 0.0684 -0.9774 -0.2001
vn 0.267 -0.6999 -0.6624
vn 0.0684 0.9774 -0.2003
vn 0.1364 -0.9811 -0.137
vn 0.1365 0.9811 -0.137
vn 0.2004 -0.9773 -0.0693
vn 0.6628 -0.6992 -0.2681
vn 0.2007 0.9772 -0.0694
vn 0.6628 0.6992 -0.2681
vn 0.2349 -0.9719 -0.0125
vn 0.9788 -0.1765 -0.1039
vn 0.2348 0.972 -0.0125
vn 0.9788 0.1765 -0.1039
vn 0.0685 0.9773 0.2005
vn 0.0121 0.9726 0.2324
vn 0.2671 -0.6999 0.6624
vn 0.2008 0.9772 0.0694
vn 0.2004 -0.9773 0.0693
vn 0.2349 0.972 0.0125
vn 0.7405 0.6683 0.0703
vn 0.2348 -0.972 0.0125
vn 0.7403 -0.6686 0.0704
vn -0.0882 -0.1772 -0.9802
vn -0.3648 -0.2102 -0.9071
vn -0.689 -0.2264 -0.6885
vn -0.456 -0.7648 -0.4551
vn -0.6171 -0.745 -0.2535
vn -0.7233 -0.687 -0.0697
vn -0.0699 -0.6903 0.7201
vn -0.0274 -0.981 0.1922
vn -0.4558 -0.7651 0.4548
vn -0.9072 -0.2098 0.3646
vn -0.7233 -0.687 0.0697
vn -0.3647 0.2103 0.9071
vn -0.0274 0.9809 0.1928
vn -0.4559 0.7648 0.4552
vn -0.9072 0.2098 0.3646
vn -0.1455 0.9871 0.0675
vn -0.0678 0.9872 -0.1446
vn -0.617 0.745 -0.2536
vn -0.0001 -0.6592 0.752
vn -0 0.1649 -0.9863
vn -0.0001 -0.9734 -0.2293
vn -0.0001 -0.659 -0.7522
vn 0.2671 -0.6998 -0.6625
vn 0.1041 -0.1777 -0.9786
vn 0.3821 0.2027 -0.9016
vn 0.6628 -0.6991 -0.2682
vn 0.6627 0.6993 -0.2681
vn 0.0693 -0.6706 0.7386
vn 0.3823 -0.2025 0.9016
vn 0.4921 0.7177 0.4927
vn 0.4918 -0.718 0.4925
vn 0.6629 0.6989 0.2683
vn 0.663 -0.6989 0.2683
vn -0.3648 -0.2102 -0.907
vn -0.3652 -0.2104 0.9069
vn -0.0884 -0.1776 0.9801
vn -0.7231 -0.6872 0.0695
vn -0.6888 0.2263 0.6887
vn -0.4559 0.7647 0.4553
vn -0.7231 0.6872 0.0695
vn -0.0001 0.659 0.7522
vn -0.5774 -0.5774 0.5773
vn -0.5774 0.5774 0.5773
vn -0.5774 0.5773 0.5773
vn 0.5774 -0.5774 0.5773
vn 0.5774 0.5774 0.5773
vn -0.7071 -0.7071 -0
vn -0.7071 -0 0.7071
vn -0.7071 0.7071 -0
vn 0.7075 -0.7067 -0
vn 0.7075 0.7067 -0
vn 0.7071 -0 0.7071
vn -0 -0.7072 0.707
vn -0 0.7072 0.707
vn -0 -1 -0
vn -1 -0 -0
vn -0 -0 1
vn -0 1 -0
vn 1 -0 -0
vn -0.5773 -0.5774 0.5773
vn -0.5773 0.5774 0.5773
vn 0.5773 -0.5775 0.5773
vn 0.5773 0.5775 0.5773
vn -0.7068 -0.7074 -0
vn -0.7068 0.7074 -0
vn 0.707 -0.7072 -0
vn 0.707 0.7072 -0
vn 0.7073 -0 0.7069
vn -0 -0.7071 0.7071
vn 0.5773 -0.5773 0.5774
vn 0.5773 0.5773 0.5774
vn 0.7071 -0.7071 -0
vn 0.7071 0.7071 -0
vn 0.5773 -0.5774 0.5774
vn 0.5773 0.5774 0.5774
vn -0.5776 -0.5769 -0.5776
vn -0.5774 0.5773 -0.5774
vn 0.5775 -0.5772 -0.5773
vn 0.5775 -0.5773 -0.5773
vn 0.5775 0.5772 -0.5773
vn -0.707 -0 -0.7072
vn -0.7072 0.7071 -0
vn 0.7072 0.7071 -0
vn 0.7073 -0 -0.7069
vn -0 -0.7071 -0.7071
vn -0 0.7071 -0.7071
vn -0 -0 -1
vn 0.5773 -0.5773 -0.5774
vn 0.5774 0.5772 -0.5774
vn -0.707 -0.7072 -0
vn -0.707 0.7072 -0
vn 0.707 -0 -0.7073
vn -0.5774 -0.5772 -0.5774
vn -0.5774 0.5774 -0.5773
vn 0.5771 -0.5778 -0.5772
vn 0.5774 0.5777 -0.577
vn 0.707 -0 -0.7072
vn -0.5774 -0.5773 -0.5774
vn 0.5773 0.5775 -0.5773
vn -0.7073 -0 -0.7069
vn -0.5773 -0.577 -0.5778
vn -0.5774 0.5773 -0.5774
vn -0.5776 -0.5769 0.5776
vn -0.5776 0.5769 0.5776
vn -0 -0.707 -0.7072
vn -0.7069 -0 -0.7073
vn -0 0.707 -0.7072
vn -0 -0.7071 0.7071
vn -0 0.7071 0.7071
vn -0.707 -0 0.7072
vn -0.7068 -0.7074 -0
vn -0.7068 0.7074 -0
vn -0 -1 -0
vn -0 -0 -1
vn -1 -0 -0
vn -0 1 -0
vn -0 -0 1
vn -0.5774 -0.5772 -0.5774
vn -0.5774 0.5773 -0.5773
vn -0.5774 -0.5772 0.5774
vn -0.5774 0.5773 0.5773
vn -0 -0.7071 -0.7071
vn -0.7071 -0 -0.7071
vn -0 0.7071 -0.7071
vn -0 -0.707 0.7072
vn -0 0.707 0.7072
vn -0.707 -0.7072 -0
vn -0.707 0.7072 -0
vn -0.5774 -0.5773 -0.5774
vn -0.5774 0.5772 -0.5775
vn -0.707 -0 -0.7072
vn -0.7071 -0.7072 -0
vn -0.7071 0.7072 -0
vn -0.5774 0.5774 -0.5773
vn -0.7071 -0 0.7071
vn 0.5774 -0.5773 -0.5773
vn 0.5774 0.5773 -0.5773
vn 0.5774 -0.5773 0.5773
vn 0.5774 0.5773 0.5773
vn 0.7072 -0 -0.707
vn 0.7072 -0 0.707
vn 0.7072 -0.707 -0
vn 0.7072 0.707 -0
vn 1 -0 -0
vn 0.7071 -0 -0.7071
vn 0.5773 -0.5773 -0.5774
vn 0.5773 0.5773 -0.5774
vn 0.7071 -0 0.7071
vn -0 -0 -1
vn 0.3827 -0 -0.9239
vn 0.7071 -0 -0.7071
vn 0.9239 -0 -0.3827
vn 1 -0 -0
vn 0.9239 -0 0.3827
vn 0.7071 -0 0.7071
vn 0.3827 -0 0.9239
vn -0 -0 1
vn -0.3827 -0 0.9239
vn -0.7071 -0 0.7071
vn -0.9239 -0 0.3827
vn -1 -0 -0
vn -0.9239 -0 -0.3827
vn -0.7071 -0 -0.7071
vn -0.3827 -0 -0.9239
vn -0 -0 -1
vn 0.3827 -0 -0.9239
vn 0.7071 -0 -0.7071
vn 0.9239 -0 -0.3827
vn 1 -0 -0
vn 0.9239 -0 0.3827
vn 0.7071 -0 0.7071
vn 0.3827 -0 0.9239
vn -0 -0 1
vn -0.3827 -0 0.9239
vn -0.7071 -0 0.7071
vn -0.9239 -0 0.3827
vn -1 -0 -0
vn -0.9239 -0 -0.3827
vn -0.7071 -0 -0.7071
vn -0.7072 -0 -0.707
vn -0.9159 0.1305 -0.3795
vn -0.7011 0.1309 -0.701
vn -0.3827 -0 -0.9239
vn -0 1 -0
vn 0.7072 -0 -0.707
vn 0.3828 -0 -0.9239
vn 0.3795 0.1309 -0.9159
vn 0.7011 0.131 -0.701
vn 0.3828 -0 0.9238
vn 0.701 0.131 0.701
vn 0.3793 0.1306 0.916
vn -0.3793 0.1306 -0.916
vn -0 0.131 0.9914
vn -0.3828 -0 0.9239
vn -0.3795 0.1309 0.9159
vn 0.9159 0.1306 -0.3795
vn -0.701 0.1309 0.701
vn -0 0.1309 -0.9914
vn -0.924 -0 0.3825
vn -0.916 0.1307 0.3794
vn 0.9914 0.1309 -0
vn -0.9914 0.1308 -0
vn 0.924 -0 0.3825
vn 0.9159 0.131 0.3795
vn 0.2805 -0.6803 -0.6771
vn -0 -0.6804 -0.7329
vn 0.5183 -0.6804 -0.5181
vn 0.5182 -0.6804 -0.5182
vn 0.677 -0.6804 -0.2804
vn 0.7328 -0.6804 -0
vn 0.677 -0.6804 0.2804
vn 0.677 -0.6804 0.2805
vn 0.5182 -0.6805 0.5181
vn 0.2805 -0.6803 0.6771
vn -0 -0.6803 0.7329
vn -0.2804 -0.6804 0.6771
vn -0.2805 -0.6804 0.6771
vn -0.5182 -0.6805 0.5181
vn -0.6769 -0.6805 0.2804
vn -0.7327 -0.6805 -0
vn -0.677 -0.6804 -0.2804
vn -0.5183 -0.6804 -0.5181
vn -0.5182 -0.6804 -0.5182
vn -0.2804 -0.6804 -0.6771
vn -0.2805 -0.6804 -0.6771
vn -0 0.4927 -0.8702
vn 0.3331 0.4927 -0.8039
vn -0 0.8559 -0.5171
vn 0.1979 0.8559 -0.4778
vn -0 0.9896 -0.1438
vn 0.055 0.9896 -0.1328
vn 0.6154 0.4925 -0.6154
vn 0.3656 0.8559 -0.3656
vn 0.1016 0.9896 -0.1016
vn 0.8039 0.4928 -0.333
vn 0.4778 0.8559 -0.1978
vn 0.1329 0.9896 -0.055
vn 0.8703 0.4925 -0
vn 0.5171 0.8559 -0
vn 0.1439 0.9896 -0
vn 0.8039 0.4928 0.333
vn 0.4778 0.8559 0.1978
vn 0.1329 0.9896 0.0551
vn 0.6153 0.4928 0.6153
vn 0.3656 0.8559 0.3656
vn 0.1017 0.9896 0.1016
vn 0.333 0.4928 0.8039
vn 0.1978 0.8559 0.4778
vn 0.055 0.9896 0.1328
vn -0 0.4928 0.8701
vn -0 0.856 0.517
vn -0 0.9896 0.1438
vn -0.333 0.4928 0.8039
vn -0.1978 0.8559 0.4778
vn -0.055 0.9896 0.1328
vn -0.6153 0.4927 0.6153
vn -0.3656 0.8559 0.3656
vn -0.1016 0.9896 0.1016
vn -0.804 0.4926 0.333
vn -0.4778 0.8559 0.1979
vn -0.1328 0.9896 0.0551
vn -0.8702 0.4926 -0
vn -0.5171 0.8559 -0
vn -0.1438 0.9896 -0
vn -0.8039 0.4928 -0.3331
vn -0.4778 0.8559 -0.1979
vn -0.1328 0.9896 -0.055
vn -0.6154 0.4927 -0.6153
vn -0.3657 0.8559 -0.3656
vn -0.1017 0.9896 -0.1016
vn -0.3331 0.4927 -0.8039
vn -0.1979 0.8559 -0.4778
vn -0.055 0.9896 -0.1328
vn -0 -1 -0
vn -0.9238 -0 -0.3828
vn -0.916 0.1306 -0.3794
vn -0.7011 0.131 -0.701
vn 0.3828 -0 -0.9238
vn 0.3793 0.131 -0.916
vn 0.7011 0.1308 -0.701
vn 0.7011 0.1308 0.701
vn 0.3795 0.1307 0.9159
vn -0.3828 -0 -0.9238
vn -0.3795 0.1308 -0.9159
vn -0 0.1308 0.9914
vn -0.3828 -0 0.9238
vn -0.3795 0.1308 0.9159
vn 0.9238 -0 -0.3828
vn 0.9159 0.131 -0.3795
vn -0.7011 0.1308 0.701
vn -0 0.1308 -0.9914
vn -0.9238 -0 0.3828
vn 0.9238 -0 0.3828
vn 0.2804 -0.6803 -0.6772
vn -0 -0.6803 -0.7329
vn 0.2805 -0.6803 -0.6772
vn 0.5182 -0.6803 -0.5183
vn 0.5182 -0.6803 -0.5182
vn 0.677 -0.6804 -0.2805
vn 0.6771 -0.6804 -0.2804
vn 0.7328 -0.6805 -0
vn 0.6771 -0.6804 0.2805
vn 0.6771 -0.6804 0.2804
vn 0.5182 -0.6803 0.5182
vn 0.2804 -0.6803 0.6772
vn 0.2805 -0.6803 0.6772
vn -0.5182 -0.6804 0.5182
vn -0.677 -0.6804 0.2805
vn -0.677 -0.6804 0.2804
vn -0.7328 -0.6805 -0
vn -0.677 -0.6804 -0.2805
vn -0.2804 -0.6803 -0.6771
vn -0 0.4926 -0.8703
vn 0.3331 0.4925 -0.8041
vn 0.1979 0.856 -0.4777
vn -0 0.9896 -0.1437
vn 0.6155 0.4925 -0.6153
vn 0.3657 0.8558 -0.3658
vn 0.1016 0.9896 -0.1017
vn 0.804 0.4927 -0.333
vn 0.4779 0.8559 -0.1979
vn 0.8702 0.4927 -0
vn 0.804 0.4927 0.333
vn 0.4779 0.8559 0.1979
vn 0.1329 0.9896 0.055
vn 0.6155 0.4925 0.6153
vn 0.3657 0.8558 0.3658
vn 0.1016 0.9896 0.1017
vn 0.3329 0.4927 0.804
vn 0.1979 0.8559 0.4777
vn 0.055 0.9896 0.1329
vn -0 0.4926 0.8703
vn -0 0.8559 0.5172
vn -0 0.9896 0.1437
vn -0.333 0.4926 0.804
vn -0.055 0.9896 0.1329
vn -0.6155 0.4925 0.6153
vn -0.3658 0.8558 0.3658
vn -0.1016 0.9896 0.1017
vn -0.804 0.4927 0.3331
vn -0.4777 0.856 0.1978
vn -0.1328 0.9896 0.055
vn -0.8701 0.4929 -0
vn -0.5172 0.8559 -0
vn -0.8039 0.4928 -0.333
vn -0.4779 0.8558 -0.198
vn -0.6154 0.4927 -0.6152
vn -0.3657 0.8559 -0.3657
vn -0.1016 0.9896 -0.1017
vn -0.333 0.4926 -0.804
vn -0.1978 0.8559 -0.4777
vn -0 -0 -1
vn 0.3827 -0 -0.9239
vn 0.7072 -0 -0.707
vn 0.9239 -0 -0.3827
vn 1 -0 -0
vn 0.9239 -0 0.3827
vn 0.7072 -0 0.707
vn 0.3827 -0 0.9239
vn -0 -0 1
vn -0.3827 -0 0.9239
vn -0.7071 -0 0.7071
vn -0.9239 -0 0.3827
vn -1 -0 -0
vn -0.9239 -0 -0.3827
vn -0.7071 -0 -0.7071
vn -0.707 -0 -0.7072
vn -0.9238 -0 -0.3828
vn -0.9159 0.1308 -0.3795
vn -0.7009 0.1308 -0.7011
vn -0.3827 -0 -0.9239
vn -0 1 -0
vn 0.7071 -0 -0.7071
vn 0.3794 0.1309 -0.9159
vn 0.701 0.1309 -0.7011
vn 0.7071 -0 0.7071
vn 0.701 0.1309 0.7011
vn 0.3794 0.1309 0.9159
vn -0.3794 0.1308 -0.916
vn -0 0.1309 0.9914
vn -0.3794 0.1308 0.916
vn 0.9238 -0 -0.3828
vn 0.9159 0.1308 -0.3795
vn -0.707 -0 0.7072
vn -0.7009 0.1308 0.7011
vn -0 0.1309 -0.9914
vn -0.9238 -0 0.3828
vn -0.9159 0.1309 0.3795
vn 0.9914 0.1309 -0
vn -0.9914 0.1309 -0
vn 0.9238 -0 0.3828
vn 0.9159 0.1309 0.3795
vn 0.2804 -0.6804 -0.6771
vn -0 -0.6803 -0.7329
vn 0.5183 -0.6803 -0.5182
vn 0.6771 -0.6803 -0.2805
vn 0.7328 -0.6805 -0
vn 0.6771 -0.6803 0.2805
vn 0.5183 -0.6804 0.5182
vn 0.2804 -0.6804 0.6771
vn -0 -0.6803 0.7329
vn -0.2804 -0.6803 0.6771
vn -0.2805 -0.6803 0.6771
vn -0.5182 -0.6803 0.5182
vn -0.6771 -0.6804 0.2805
vn -0.7329 -0.6803 -0
vn -0.6772 -0.6803 -0.2805
vn -0.5183 -0.6803 -0.5182
vn -0.2804 -0.6803 -0.6771
vn -0.2805 -0.6803 -0.6771
vn -0 0.4925 -0.8703
vn 0.333 0.4927 -0.804
vn -0 0.8558 -0.5173
vn 0.1979 0.8559 -0.4778
vn -0 0.9896 -0.1438
vn 0.055 0.9896 -0.1328
vn 0.6152 0.4927 -0.6154
vn 0.3657 0.8558 -0.3658
vn 0.1017 0.9896 -0.1017
vn 0.8039 0.4927 -0.3331
vn 0.4779 0.8558 -0.198
vn 0.1329 0.9896 -0.055
vn 0.8702 0.4927 -0
vn 0.5171 0.8559 -0
vn 0.1438 0.9896 -0
vn 0.8039 0.4927 0.3331
vn 0.4777 0.8559 0.1979
vn 0.1329 0.9896 0.055
vn 0.6153 0.4927 0.6154
vn 0.3658 0.8557 0.366
vn 0.1017 0.9896 0.1017
vn 0.333 0.4926 0.804
vn 0.1979 0.8559 0.4778
vn 0.055 0.9896 0.1328
vn -0 0.4926 0.8703
vn -0 0.8558 0.5173
vn -0 0.9896 0.1438
vn -0.333 0.4926 0.804
vn -0.1979 0.8559 0.4778
vn -0.055 0.9896 0.1328
vn -0.6155 0.4925 0.6153
vn -0.3658 0.8557 0.366
vn -0.1017 0.9896 0.1017
vn -0.8039 0.4927 0.3331
vn -0.4781 0.8557 0.198
vn -0.1329 0.9896 0.055
vn -0.8702 0.4927 -0
vn -0.5171 0.8559 -0
vn -0.1438 0.9896 -0
vn -0.8039 0.4927 -0.3331
vn -0.4779 0.8558 -0.198
vn -0.1329 0.9896 -0.055
vn -0.6153 0.4926 -0.6154
vn -0.3657 0.8559 -0.3656
vn -0.1017 0.9896 -0.1017
vn -0.333 0.4925 -0.8041
vn -0.198 0.8558 -0.4778
vn -0.055 0.9896 -0.1328
vn 0.3743 -0.1212 0.9194
vn -0 -0.1305 0.9915
vn -0 -0.2588 0.9659
vn 0.377 -0.2399 0.8946
vn -0.6991 -0.1849 0.6907
vn -0.9181 -0.1023 0.383
vn -0.918 -0.198 0.3435
vn -0.6991 -0.3573 0.6193
vn 0.0004 0.1302 -0.9915
vn 0.3859 0.1194 -0.9148
vn 0.3885 0.2373 -0.8904
vn -0 0.2584 -0.966
vn -0.3855 0.1204 -0.9148
vn -0.3885 0.2387 -0.89
vn -0.3743 -0.1209 0.9194
vn -0.3771 -0.2396 0.8947
vn 0.7124 0.0907 -0.6959
vn 0.7154 0.1799 -0.6752
vn -0.696 -0.0935 0.7119
vn 0.9284 0.0476 -0.3684
vn 0.9296 0.0947 -0.3562
vn -0.9168 -0.0518 0.3959
vn 0.9999 -0.0026 0.0162
vn 0.9999 -0.0045 0.0156
vn -0.9999 -0.0017 0.0163
vn -0.9999 -0.0037 0.0158
vn 0.9168 -0.0522 0.3958
vn 0.9181 -0.1028 0.3828
vn -0.9284 0.0489 -0.3683
vn -0.9296 0.0959 -0.3559
vn 0.696 -0.0939 0.7119
vn 0.699 -0.1853 0.6907
vn -0.7122 0.0922 -0.6959
vn -0.7152 0.1816 -0.6749
vn 0.0001 0.4997 -0.8662
vn 0.3885 0.4596 -0.7986
vn 0.3885 0.6509 -0.6523
vn -0.0002 0.707 -0.7072
vn 0.9999 -0.0086 0.0138
vn 0.9296 0.1838 -0.3196
vn -0.9999 -0.0078 0.0143
vn 0.9181 -0.1984 0.3431
vn -0.9295 0.185 -0.3191
vn 0.699 -0.3577 0.6192
vn -0.7153 0.35 -0.6048
vn 0.377 -0.4632 0.8021
vn -0.3887 0.4611 -0.7977
vn -0 -0.4999 0.8661
vn -0.3772 -0.4629 0.8022
vn 0.7152 0.3487 -0.6057
vn 0.9181 -0.2805 0.28
vn 0.6991 -0.5058 0.5055
vn 0.6991 -0.6194 0.3573
vn 0.9181 -0.3434 0.1979
vn -0.3883 0.6517 -0.6515
vn -0.3771 -0.6548 0.655
vn -0 -0.7071 0.7071
vn 0.7153 0.4932 -0.495
vn -0.6991 -0.5054 0.5058
vn 0.9296 0.2601 -0.2613
vn -0.9181 -0.2801 0.2806
vn 0.9999 -0.0119 0.0111
vn -0.9999 -0.0112 0.0119
vn -0.9296 0.2611 -0.2602
vn -0.7154 0.4946 -0.4936
vn 0.377 -0.655 0.6549
vn -0.6991 -0.619 0.3577
vn -0.9181 -0.343 0.1986
vn -0.9181 -0.3827 0.103
vn -0.6991 -0.6906 0.1853
vn -0.7154 0.6055 -0.3488
vn -0.9296 0.3196 -0.1837
vn 0.3771 -0.8021 0.463
vn -0.3884 0.7982 -0.4605
vn 0.0001 -0.866 0.5
vn 0.3886 0.7976 -0.4614
vn -0 0.8658 -0.5004
vn -0.3771 -0.802 0.4632
vn 0.7153 0.6047 -0.3503
vn 0.9296 0.3188 -0.185
vn 0.9999 -0.0143 0.0076
vn -0.9999 -0.0137 0.0086
vn -0.3885 0.8902 -0.238
vn -0.0001 0.9658 -0.2593
vn -0.0004 0.9978 -0.0661
vn -0.3851 0.9209 -0.0607
vn 0.9999 -0.0158 0.0037
vn 0.9296 0.3559 -0.0962
vn -0.9999 -0.0155 0.0048
vn 0.9181 -0.3829 0.1023
vn -0.9296 0.3563 -0.0947
vn 0.6991 -0.6907 0.1849
vn -0.7154 0.6751 -0.1802
vn 0.3771 -0.8946 0.2396
vn -0 -0.9659 0.2589
vn 0.3886 0.8896 -0.2397
vn -0.3771 -0.8946 0.2398
vn 0.7153 0.6748 -0.1819
vn -0.9265 0.3756 -0.024
vn -0.7105 0.7022 -0.0457
vn -0.7071 0.7071 -0
vn -0.9239 0.3826 -0
vn -0.3793 -0.9233 0.0603
vn -0 -0.9979 0.0649
vn 0.7105 0.7022 -0.0467
vn 0.3848 0.9209 -0.0614
vn -0.7024 -0.7102 0.0468
vn 0.9265 0.3754 -0.0247
vn -0.9207 -0.3893 0.0262
vn 1 -0.0081 0.0008
vn -1 -0.0081 0.0013
vn 0.9207 -0.3893 0.0258
vn 0.7024 -0.7103 0.0465
vn 0.3793 -0.9233 0.0602
vn 0.3828 -0.9238 -0
vn 0.7071 -0.7071 -0
vn -0.3827 0.9239 -0
vn -0 -1 -0
vn 0.3827 0.9239 -0
vn -0.3827 -0.9239 -0
vn 0.7071 0.7071 -0
vn -0.7071 -0.7071 -0
vn 0.9239 0.3826 -0
vn -0.9239 -0.3826 -0
vn 0.9239 -0.3826 -0
#end 3103 normals 

#begin 4232 faces
o cable:035
s 1
f 1/1/1 17/17/2 32/32/3 16/16/4 
f 2/2/5 18/18/6 17/17/2 1/1/1 
f 3/3/7 19/19/8 18/18/6 2/2/5 
f 4/4/9 20/20/10 19/19/8 3/3/7 
f 5/4520/11 21/21/12 20/20/10 4/4/9 
f 6/6/13 22/22/14 21/4514/12 5/5/11 
f 7/7/15 23/23/16 22/22/14 6/6/13 
f 8/8/17 24/24/18 23/23/16 7/7/15 
f 9/9/19 25/25/20 24/24/18 8/8/17 
f 10/10/21 26/26/22 25/25/20 9/9/19 
f 11/11/23 27/27/24 26/26/22 10/10/21 
f 12/12/25 28/28/26 27/27/24 11/11/23 
f 13/13/27 29/29/28 28/28/26 12/12/25 
f 14/14/29 30/30/30 29/29/28 13/13/27 
f 15/15/31 31/31/32 30/30/30 14/14/29 
f 16/16/4 32/32/3 31/31/32 15/15/31 
f 17/17/2 33/33/33 48/48/34 32/32/3 
f 18/18/6 34/34/35 33/33/33 17/17/2 
f 19/19/8 35/35/36 34/34/35 18/18/6 
f 20/20/10 36/36/37 35/35/36 19/19/8 
f 21/21/12 37/37/38 36/36/37 20/20/10 
f 22/22/14 38/38/39 37/4508/38 21/4514/12 
f 23/23/16 39/39/40 38/38/39 22/22/14 
f 24/24/18 40/40/41 39/39/40 23/23/16 
f 25/25/20 41/41/42 40/40/41 24/24/18 
f 26/26/22 42/42/43 41/41/42 25/25/20 
f 27/27/24 43/43/44 42/42/43 26/26/22 
f 28/28/26 44/44/45 43/43/44 27/27/24 
f 29/29/28 45/45/46 44/44/45 28/28/26 
f 30/30/30 46/46/47 45/45/46 29/29/28 
f 31/31/32 47/47/48 46/46/47 30/30/30 
f 32/32/3 48/48/34 47/47/48 31/31/32 
f 33/33/33 49/49/49 64/64/50 48/48/34 
f 34/34/35 50/50/51 49/49/49 33/33/33 
f 35/35/36 51/51/52 50/50/51 34/34/35 
f 36/36/37 52/52/53 51/51/52 35/35/36 
f 37/37/38 53/53/54 52/52/53 36/36/37 
f 38/38/39 54/54/55 53/4503/54 37/4508/38 
f 39/39/40 55/55/56 54/54/55 38/38/39 
f 40/40/41 56/56/57 55/55/56 39/39/40 
f 41/41/42 57/57/58 56/56/57 40/40/41 
f 42/42/43 58/58/59 57/57/58 41/41/42 
f 43/43/44 59/59/60 58/58/59 42/42/43 
f 44/44/45 60/60/61 59/59/60 43/43/44 
f 45/45/46 61/61/62 60/60/61 44/44/45 
f 46/46/47 62/62/63 61/61/62 45/45/46 
f 47/47/48 63/63/64 62/62/63 46/46/47 
f 48/48/34 64/64/50 63/63/64 47/47/48 
f 49/49/49 65/65/65 80/80/66 64/64/50 
f 50/50/51 66/66/67 65/65/65 49/49/49 
f 51/51/52 67/67/68 66/66/67 50/50/51 
f 52/52/53 68/68/69 67/67/68 51/51/52 
f 53/53/54 69/69/70 68/68/69 52/52/53 
f 54/54/55 70/70/71 69/4523/70 53/4503/54 
f 55/55/56 71/71/72 70/70/71 54/54/55 
f 56/56/57 72/72/73 71/71/72 55/55/56 
f 57/57/58 73/73/74 72/72/73 56/56/57 
f 58/58/59 74/74/75 73/73/74 57/57/58 
f 59/59/60 75/75/76 74/74/75 58/58/59 
f 60/60/61 76/76/77 75/75/76 59/59/60 
f 61/61/62 77/77/78 76/76/77 60/60/61 
f 62/62/63 78/78/79 77/77/78 61/61/62 
f 63/63/64 79/79/80 78/78/79 62/62/63 
f 64/64/50 80/80/66 79/79/80 63/63/64 
f 65/65/65 81/81/81 96/96/82 80/80/66 
f 66/66/67 82/82/83 81/81/81 65/65/65 
f 67/67/68 83/83/84 82/82/83 66/66/67 
f 68/68/69 84/84/85 83/83/84 67/67/68 
f 69/69/70 85/85/86 84/84/85 68/68/69 
f 70/70/71 86/86/87 85/4516/86 69/4523/70 
f 71/71/72 87/87/88 86/86/87 70/70/71 
f 72/72/73 88/88/89 87/87/88 71/71/72 
f 73/73/74 89/89/90 88/88/89 72/72/73 
f 74/74/75 90/90/91 89/89/90 73/73/74 
f 75/75/76 91/91/92 90/90/91 74/74/75 
f 76/76/77 92/92/93 91/91/92 75/75/76 
f 77/77/78 93/93/94 92/92/93 76/76/77 
f 78/78/79 94/94/95 93/93/94 77/77/78 
f 79/79/80 95/95/96 94/94/95 78/78/79 
f 80/80/66 96/96/82 95/95/96 79/79/80 
f 81/81/81 97/97/97 112/112/98 96/96/82 
f 82/82/83 98/98/99 97/97/97 81/81/81 
f 83/83/84 99/99/100 98/98/99 82/82/83 
f 84/84/85 100/100/101 99/99/100 83/83/84 
f 85/85/86 101/101/102 100/100/101 84/84/85 
f 86/86/87 102/102/103 101/4510/102 85/4516/86 
f 87/87/88 103/103/104 102/102/103 86/86/87 
f 88/88/89 104/104/105 103/103/104 87/87/88 
f 89/89/90 105/105/106 104/104/105 88/88/89 
f 90/90/91 106/106/107 105/105/106 89/89/90 
f 91/91/92 107/107/108 106/106/107 90/90/91 
f 92/92/93 108/108/109 107/107/108 91/91/92 
f 93/93/94 109/109/110 108/108/109 92/92/93 
f 94/94/95 110/110/111 109/109/110 93/93/94 
f 95/95/96 111/111/112 110/110/111 94/94/95 
f 96/96/82 112/112/98 111/111/112 95/95/96 
f 97/97/97 113/113/113 128/128/114 112/112/98 
f 98/98/99 114/114/115 113/113/113 97/97/97 
f 99/99/100 115/115/116 114/114/115 98/98/99 
f 100/100/101 116/116/117 115/115/116 99/99/100 
f 101/101/102 117/117/118 116/116/117 100/100/101 
f 102/102/103 118/118/119 117/4504/118 101/4510/102 
f 103/103/104 119/119/120 118/118/119 102/102/103 
f 104/104/105 120/120/121 119/119/120 103/103/104 
f 105/105/106 121/121/122 120/120/121 104/104/105 
f 106/106/107 122/122/123 121/121/122 105/105/106 
f 107/107/108 123/123/124 122/122/123 106/106/107 
f 108/108/109 124/124/125 123/123/124 107/107/108 
f 109/109/110 125/125/126 124/124/125 108/108/109 
f 110/110/111 126/126/127 125/125/126 109/109/110 
f 111/111/112 127/127/128 126/126/127 110/110/111 
f 112/112/98 128/128/114 127/127/128 111/111/112 
f 113/113/113 129/129/129 144/144/130 128/128/114 
f 114/114/115 130/130/131 129/129/129 113/113/113 
f 115/115/116 131/131/132 130/130/131 114/114/115 
f 116/116/117 132/132/133 131/131/132 115/115/116 
f 117/117/118 133/133/134 132/132/133 116/116/117 
f 118/118/119 134/134/135 133/4519/134 117/4504/118 
f 119/119/120 135/135/136 134/134/135 118/118/119 
f 120/120/121 136/136/137 135/135/136 119/119/120 
f 121/121/122 137/137/138 136/136/137 120/120/121 
f 122/122/123 138/138/139 137/137/138 121/121/122 
f 123/123/124 139/139/140 138/138/139 122/122/123 
f 124/124/125 140/140/141 139/139/140 123/123/124 
f 125/125/126 141/141/142 140/140/141 124/124/125 
f 126/126/127 142/142/143 141/141/142 125/125/126 
f 127/127/128 143/143/144 142/142/143 126/126/127 
f 128/128/114 144/144/130 143/143/144 127/127/128 
f 129/129/129 145/145/145 160/160/146 144/144/130 
f 130/130/131 146/146/147 145/145/145 129/129/129 
f 131/131/132 147/147/148 146/146/147 130/130/131 
f 132/132/133 148/148/149 147/147/148 131/131/132 
f 133/133/134 149/149/150 148/148/149 132/132/133 
f 134/134/135 150/150/151 149/4513/150 133/4519/134 
f 135/135/136 151/151/152 150/150/151 134/134/135 
f 136/136/137 152/152/153 151/151/152 135/135/136 
f 137/137/138 153/153/154 152/152/153 136/136/137 
f 138/138/139 154/154/155 153/153/154 137/137/138 
f 139/139/140 155/155/156 154/154/155 138/138/139 
f 140/140/141 156/156/157 155/155/156 139/139/140 
f 141/141/142 157/157/158 156/156/157 140/140/141 
f 142/142/143 158/158/159 157/157/158 141/141/142 
f 143/143/144 159/159/160 158/158/159 142/142/143 
f 144/144/130 160/160/146 159/159/160 143/143/144 
f 145/145/145 161/161/161 176/176/162 160/160/146 
f 146/146/147 162/162/163 161/161/161 145/145/145 
f 147/147/148 163/163/164 162/162/163 146/146/147 
f 148/148/149 164/164/165 163/163/164 147/147/148 
f 149/149/150 165/165/166 164/164/165 148/148/149 
f 150/150/151 166/166/167 165/4506/166 149/4513/150 
f 151/151/152 167/167/168 166/166/167 150/150/151 
f 152/152/153 168/168/169 167/167/168 151/151/152 
f 153/153/154 169/169/170 168/168/169 152/152/153 
f 154/154/155 170/170/171 169/169/170 153/153/154 
f 155/155/156 171/171/172 170/170/171 154/154/155 
f 156/156/157 172/172/173 171/171/172 155/155/156 
f 157/157/158 173/173/174 172/172/173 156/156/157 
f 158/158/159 174/174/175 173/173/174 157/157/158 
f 159/159/160 175/175/176 174/174/175 158/158/159 
f 160/160/146 176/176/162 175/175/176 159/159/160 
f 161/161/161 177/177/177 192/192/178 176/176/162 
f 162/162/163 178/178/179 177/177/177 161/161/161 
f 163/163/164 179/179/180 178/178/179 162/162/163 
f 164/164/165 180/180/181 179/179/180 163/163/164 
f 165/165/166 181/181/182 180/180/181 164/164/165 
f 166/166/167 182/182/183 181/4502/182 165/4506/166 
f 167/167/168 183/183/184 182/182/183 166/166/167 
f 168/168/169 184/184/185 183/183/184 167/167/168 
f 169/169/170 185/185/186 184/184/185 168/168/169 
f 170/170/171 186/186/187 185/185/186 169/169/170 
f 171/171/172 187/187/188 186/186/187 170/170/171 
f 172/172/173 188/188/189 187/187/188 171/171/172 
f 173/173/174 189/189/190 188/188/189 172/172/173 
f 174/174/175 190/190/191 189/189/190 173/173/174 
f 175/175/176 191/191/192 190/190/191 174/174/175 
f 176/176/162 192/192/178 191/191/192 175/175/176 
f 177/177/177 193/193/193 208/208/194 192/192/178 
f 178/178/179 194/194/195 193/193/193 177/177/177 
f 179/179/180 195/195/196 194/194/195 178/178/179 
f 180/180/181 196/196/197 195/195/196 179/179/180 
f 181/181/182 197/197/198 196/196/197 180/180/181 
f 182/182/183 198/198/199 197/4517/198 181/4502/182 
f 183/183/184 199/199/200 198/198/199 182/182/183 
f 184/184/185 200/200/201 199/199/200 183/183/184 
f 185/185/186 201/201/202 200/200/201 184/184/185 
f 186/186/187 202/202/203 201/201/202 185/185/186 
f 187/187/188 203/203/204 202/202/203 186/186/187 
f 188/188/189 204/204/205 203/203/204 187/187/188 
f 189/189/190 205/205/206 204/204/205 188/188/189 
f 190/190/191 206/206/207 205/205/206 189/189/190 
f 191/191/192 207/207/208 206/206/207 190/190/191 
f 192/192/178 208/208/194 207/207/208 191/191/192 
f 193/193/193 209/209/209 224/224/210 208/208/194 
f 194/194/195 210/210/211 209/209/209 193/193/193 
f 195/195/196 211/211/212 210/210/211 194/194/195 
f 196/196/197 212/212/213 211/211/212 195/195/196 
f 197/197/198 213/213/214 212/212/213 196/196/197 
f 198/198/199 214/214/215 213/4512/214 197/4517/198 
f 199/199/200 215/215/216 214/214/215 198/198/199 
f 200/200/201 216/216/217 215/215/216 199/199/200 
f 201/201/202 217/217/218 216/216/217 200/200/201 
f 202/202/203 218/218/219 217/217/218 201/201/202 
f 203/203/204 219/219/220 218/218/219 202/202/203 
f 204/204/205 220/220/221 219/219/220 203/203/204 
f 205/205/206 221/221/222 220/220/221 204/204/205 
f 206/206/207 222/222/223 221/221/222 205/205/206 
f 207/207/208 223/223/224 222/222/223 206/206/207 
f 208/208/194 224/224/210 223/223/224 207/207/208 
f 209/209/209 225/225/225 240/240/226 224/224/210 
f 210/210/211 226/226/227 225/225/225 209/209/209 
f 211/211/212 227/227/228 226/226/227 210/210/211 
f 212/212/213 228/228/229 227/227/228 211/211/212 
f 213/213/214 229/229/230 228/228/229 212/212/213 
f 214/214/215 230/230/231 229/4505/230 213/4512/214 
f 215/215/216 231/231/232 230/230/231 214/214/215 
f 216/216/217 232/232/233 231/231/232 215/215/216 
f 217/217/218 233/233/234 232/232/233 216/216/217 
f 218/218/219 234/234/235 233/233/234 217/217/218 
f 219/219/220 235/235/236 234/234/235 218/218/219 
f 220/220/221 236/236/237 235/235/236 219/219/220 
f 221/221/222 237/237/238 236/236/237 220/220/221 
f 222/222/223 238/238/239 237/237/238 221/221/222 
f 223/223/224 239/239/240 238/238/239 222/222/223 
f 224/224/210 240/240/226 239/239/240 223/223/224 
f 225/225/225 241/241/241 256/256/242 240/240/226 
f 226/226/227 242/242/243 241/241/241 225/225/225 
f 227/227/228 243/243/244 242/242/243 226/226/227 
f 228/228/229 244/244/245 243/243/244 227/227/228 
f 229/229/230 245/245/246 244/244/245 228/228/229 
f 230/230/231 246/246/247 245/4501/246 229/4505/230 
f 231/231/232 247/247/248 246/246/247 230/230/231 
f 232/232/233 248/248/249 247/247/248 231/231/232 
f 233/233/234 249/249/250 248/248/249 232/232/233 
f 234/234/235 250/250/251 249/249/250 233/233/234 
f 235/235/236 251/251/252 250/250/251 234/234/235 
f 236/236/237 252/252/253 251/251/252 235/235/236 
f 237/237/238 253/253/254 252/252/253 236/236/237 
f 238/238/239 254/254/255 253/253/254 237/237/238 
f 239/239/240 255/255/256 254/254/255 238/238/239 
f 240/240/226 256/256/242 255/255/256 239/239/240 
f 241/241/241 257/257/257 272/272/258 256/256/242 
f 242/242/243 258/258/259 257/257/257 241/241/241 
f 243/243/244 259/259/260 258/258/259 242/242/243 
f 244/244/245 260/260/261 259/259/260 243/243/244 
f 245/245/246 261/261/262 260/260/261 244/244/245 
f 246/246/247 262/262/263 261/4531/262 245/4501/246 
f 247/247/248 263/263/264 262/262/263 246/246/247 
f 248/248/249 264/264/265 263/263/264 247/247/248 
f 249/249/250 265/265/266 264/264/265 248/248/249 
f 250/250/251 266/266/267 265/265/266 249/249/250 
f 251/251/252 267/267/268 266/266/267 250/250/251 
f 252/252/253 268/268/269 267/267/268 251/251/252 
f 253/253/254 269/269/270 268/268/269 252/252/253 
f 254/254/255 270/270/271 269/269/270 253/253/254 
f 255/255/256 271/271/272 270/270/271 254/254/255 
f 256/256/242 272/272/258 271/271/272 255/255/256 
f 257/257/257 273/273/273 288/288/274 272/272/258 
f 258/258/259 274/274/275 273/273/273 257/257/257 
f 259/259/260 275/275/276 274/274/275 258/258/259 
f 260/260/261 276/276/277 275/275/276 259/259/260 
f 261/261/262 277/277/278 276/276/277 260/260/261 
f 262/262/263 278/278/279 277/4539/278 261/4531/262 
f 263/263/264 279/279/280 278/278/279 262/262/263 
f 264/264/265 280/280/281 279/279/280 263/263/264 
f 265/265/266 281/281/282 280/280/281 264/264/265 
f 266/266/267 282/282/283 281/281/282 265/265/266 
f 267/267/268 283/283/284 282/282/283 266/266/267 
f 268/268/269 284/284/285 283/283/284 267/267/268 
f 269/269/270 285/285/286 284/284/285 268/268/269 
f 270/270/271 286/286/287 285/285/286 269/269/270 
f 271/271/272 287/287/288 286/286/287 270/270/271 
f 272/272/258 288/288/274 287/287/288 271/271/272 
f 273/273/273 289/289/289 304/304/290 288/288/274 
f 274/274/275 290/290/291 289/289/289 273/273/273 
f 275/275/276 291/291/292 290/290/291 274/274/275 
f 276/276/277 292/292/293 291/291/292 275/275/276 
f 277/277/278 293/293/294 292/292/293 276/276/277 
f 278/278/279 294/294/295 293/4546/294 277/4539/278 
f 279/279/280 295/295/296 294/294/295 278/278/279 
f 280/280/281 296/296/297 295/295/296 279/279/280 
f 281/281/282 297/297/298 296/296/297 280/280/281 
f 282/282/283 298/298/299 297/297/298 281/281/282 
f 283/283/284 299/299/300 298/298/299 282/282/283 
f 284/284/285 300/300/301 299/299/300 283/283/284 
f 285/285/286 301/301/302 300/300/301 284/284/285 
f 286/286/287 302/302/303 301/301/302 285/285/286 
f 287/287/288 303/303/304 302/302/303 286/286/287 
f 288/288/274 304/304/290 303/303/304 287/287/288 
f 289/289/289 305/305/305 320/320/306 304/304/290 
f 290/290/291 306/306/307 305/305/305 289/289/289 
f 291/291/292 307/307/308 306/306/307 290/290/291 
f 292/292/293 308/308/309 307/307/308 291/291/292 
f 293/293/294 309/309/310 308/308/309 292/292/293 
f 294/294/295 310/310/311 309/4554/310 293/4546/294 
f 295/295/296 311/311/312 310/310/311 294/294/295 
f 296/296/297 312/312/313 311/311/312 295/295/296 
f 297/297/298 313/313/314 312/312/313 296/296/297 
f 298/298/299 314/314/315 313/313/314 297/297/298 
f 299/299/300 315/315/316 314/314/315 298/298/299 
f 300/300/301 316/316/317 315/315/316 299/299/300 
f 301/301/302 317/317/318 316/316/317 300/300/301 
f 302/302/303 318/318/319 317/317/318 301/301/302 
f 303/303/304 319/319/320 318/318/319 302/302/303 
f 304/304/290 320/320/306 319/319/320 303/303/304 
f 305/305/305 321/321/321 336/336/322 320/320/306 
f 306/306/307 322/322/323 321/321/321 305/305/305 
f 307/307/308 323/323/324 322/322/323 306/306/307 
f 308/308/309 324/324/325 323/323/324 307/307/308 
f 309/309/310 325/325/326 324/324/325 308/308/309 
f 310/310/311 326/326/327 325/4528/326 309/4554/310 
f 311/311/312 327/327/328 326/326/327 310/310/311 
f 312/312/313 328/328/329 327/327/328 311/311/312 
f 313/313/314 329/329/330 328/328/329 312/312/313 
f 314/314/315 330/330/331 329/329/330 313/313/314 
f 315/315/316 331/331/332 330/330/331 314/314/315 
f 316/316/317 332/332/333 331/331/332 315/315/316 
f 317/317/318 333/333/334 332/332/333 316/316/317 
f 318/318/319 334/334/335 333/333/334 317/317/318 
f 319/319/320 335/335/336 334/334/335 318/318/319 
f 320/320/306 336/336/322 335/335/336 319/319/320 
f 321/321/321 337/337/337 352/352/338 336/336/322 
f 322/322/323 338/338/339 337/337/337 321/321/321 
f 323/323/324 339/339/340 338/338/339 322/322/323 
f 324/324/325 340/340/341 339/339/340 323/323/324 
f 325/325/326 341/341/342 340/340/341 324/324/325 
f 326/326/327 342/342/343 341/4538/342 325/4528/326 
f 327/327/328 343/343/344 342/342/343 326/326/327 
f 328/328/329 344/344/345 343/343/344 327/327/328 
f 329/329/330 345/345/346 344/344/345 328/328/329 
f 330/330/331 346/346/347 345/345/346 329/329/330 
f 331/331/332 347/347/348 346/346/347 330/330/331 
f 332/332/333 348/348/349 347/347/348 331/331/332 
f 333/333/334 349/349/350 348/348/349 332/332/333 
f 334/334/335 350/350/351 349/349/350 333/333/334 
f 335/335/336 351/351/352 350/350/351 334/334/335 
f 336/336/322 352/352/338 351/351/352 335/335/336 
f 337/337/337 353/353/353 368/368/354 352/352/338 
f 338/338/339 354/354/355 353/353/353 337/337/337 
f 339/339/340 355/355/356 354/354/355 338/338/339 
f 340/340/341 356/356/357 355/355/356 339/339/340 
f 341/341/342 357/357/358 356/356/357 340/340/341 
f 342/342/343 358/358/359 357/4543/358 341/4538/342 
f 343/343/344 359/359/360 358/358/359 342/342/343 
f 344/344/345 360/360/361 359/359/360 343/343/344 
f 345/345/346 361/361/362 360/360/361 344/344/345 
f 346/346/347 362/362/363 361/361/362 345/345/346 
f 347/347/348 363/363/364 362/362/363 346/346/347 
f 348/348/349 364/364/365 363/363/364 347/347/348 
f 349/349/350 365/365/366 364/364/365 348/348/349 
f 350/350/351 366/366/367 365/365/366 349/349/350 
f 351/351/352 367/367/368 366/366/367 350/350/351 
f 352/352/338 368/368/354 367/367/368 351/351/352 
f 353/353/353 369/369/369 384/384/370 368/368/354 
f 354/354/355 370/370/371 369/369/369 353/353/353 
f 355/355/356 371/371/372 370/370/371 354/354/355 
f 356/356/357 372/372/373 371/371/372 355/355/356 
f 357/357/358 373/373/374 372/372/373 356/356/357 
f 358/358/359 374/374/375 373/4552/374 357/4543/358 
f 359/359/360 375/375/376 374/374/375 358/358/359 
f 360/360/361 376/376/377 375/375/376 359/359/360 
f 361/361/362 377/377/378 376/376/377 360/360/361 
f 362/362/363 378/378/379 377/377/378 361/361/362 
f 363/363/364 379/379/380 378/378/379 362/362/363 
f 364/364/365 380/380/381 379/379/380 363/363/364 
f 365/365/366 381/381/382 380/380/381 364/364/365 
f 366/366/367 382/382/383 381/381/382 365/365/366 
f 367/367/368 383/383/384 382/382/383 366/366/367 
f 368/368/354 384/384/370 383/383/384 367/367/368 
f 369/369/369 385/385/385 400/400/386 384/384/370 
f 370/370/371 386/386/387 385/385/385 369/369/369 
f 371/371/372 387/387/388 386/386/387 370/370/371 
f 372/372/373 388/388/389 387/387/388 371/371/372 
f 373/373/374 389/389/390 388/388/389 372/372/373 
f 374/374/375 390/390/391 389/4527/390 373/4552/374 
f 375/375/376 391/391/392 390/390/391 374/374/375 
f 376/376/377 392/392/393 391/391/392 375/375/376 
f 377/377/378 393/393/394 392/392/393 376/376/377 
f 378/378/379 394/394/395 393/393/394 377/377/378 
f 379/379/380 395/395/396 394/394/395 378/378/379 
f 380/380/381 396/396/397 395/395/396 379/379/380 
f 381/381/382 397/397/398 396/396/397 380/380/381 
f 382/382/383 398/398/399 397/397/398 381/381/382 
f 383/383/384 399/399/400 398/398/399 382/382/383 
f 384/384/370 400/400/386 399/399/400 383/383/384 
f 385/385/385 401/401/401 416/416/402 400/400/386 
f 386/386/387 402/402/403 401/401/401 385/385/385 
f 387/387/388 403/403/404 402/402/403 386/386/387 
f 388/388/389 404/404/405 403/403/404 387/387/388 
f 389/389/390 405/405/406 404/404/405 388/388/389 
f 390/390/391 406/406/407 405/4536/406 389/4527/390 
f 391/391/392 407/407/408 406/406/407 390/390/391 
f 392/392/393 408/408/409 407/407/408 391/391/392 
f 393/393/394 409/409/410 408/408/409 392/392/393 
f 394/394/395 410/410/411 409/409/410 393/393/394 
f 395/395/396 411/411/412 410/410/411 394/394/395 
f 396/396/397 412/412/413 411/411/412 395/395/396 
f 397/397/398 413/413/414 412/412/413 396/396/397 
f 398/398/399 414/414/415 413/413/414 397/397/398 
f 399/399/400 415/415/416 414/414/415 398/398/399 
f 400/400/386 416/416/402 415/415/416 399/399/400 
f 401/401/401 417/417/417 432/432/418 416/416/402 
f 402/402/403 418/418/419 417/417/417 401/401/401 
f 403/403/404 419/419/420 418/418/419 402/402/403 
f 404/404/405 420/420/421 419/419/420 403/403/404 
f 405/405/406 421/421/422 420/420/421 404/404/405 
f 406/406/407 422/422/423 421/4541/422 405/4536/406 
f 407/407/408 423/423/424 422/422/423 406/406/407 
f 408/408/409 424/424/425 423/423/424 407/407/408 
f 409/409/410 425/425/426 424/424/425 408/408/409 
f 410/410/411 426/426/427 425/425/426 409/409/410 
f 411/411/412 427/427/428 426/426/427 410/410/411 
f 412/412/413 428/428/429 427/427/428 411/411/412 
f 413/413/414 429/429/430 428/428/429 412/412/413 
f 414/414/415 430/430/431 429/429/430 413/413/414 
f 415/415/416 431/431/432 430/430/431 414/414/415 
f 416/416/402 432/432/418 431/431/432 415/415/416 
f 417/417/417 433/433/433 448/448/434 432/432/418 
f 418/418/419 434/434/435 433/433/433 417/417/417 
f 419/419/420 435/435/436 434/434/435 418/418/419 
f 420/420/421 436/436/437 435/435/436 419/419/420 
f 421/421/422 437/437/438 436/436/437 420/420/421 
f 422/422/423 438/438/439 437/4549/438 421/4541/422 
f 423/423/424 439/439/440 438/438/439 422/422/423 
f 424/424/425 440/440/441 439/439/440 423/423/424 
f 425/425/426 441/441/442 440/440/441 424/424/425 
f 426/426/427 442/442/443 441/441/442 425/425/426 
f 427/427/428 443/443/444 442/442/443 426/426/427 
f 428/428/429 444/444/445 443/443/444 427/427/428 
f 429/429/430 445/445/446 444/444/445 428/428/429 
f 430/430/431 446/446/447 445/445/446 429/429/430 
f 431/431/432 447/447/448 446/446/447 430/430/431 
f 432/432/418 448/448/434 447/447/448 431/431/432 
f 433/433/433 449/449/449 464/464/450 448/448/434 
f 434/434/435 450/450/451 449/449/449 433/433/433 
f 435/435/436 451/451/452 450/450/451 434/434/435 
f 436/436/437 452/452/453 451/451/452 435/435/436 
f 437/437/438 453/453/454 452/452/453 436/436/437 
f 438/438/439 454/454/455 453/4525/454 437/4549/438 
f 439/439/440 455/455/456 454/454/455 438/438/439 
f 440/440/441 456/456/457 455/455/456 439/439/440 
f 441/441/442 457/457/458 456/456/457 440/440/441 
f 442/442/443 458/458/459 457/457/458 441/441/442 
f 443/443/444 459/459/460 458/458/459 442/442/443 
f 444/444/445 460/460/461 459/459/460 443/443/444 
f 445/445/446 461/461/462 460/460/461 444/444/445 
f 446/446/447 462/462/463 461/461/462 445/445/446 
f 447/447/448 463/463/464 462/462/463 446/446/447 
f 448/448/434 464/464/450 463/463/464 447/447/448 
f 449/449/449 465/465/465 480/480/466 464/464/450 
f 450/450/451 466/466/467 465/465/465 449/449/449 
f 451/451/452 467/467/468 466/466/467 450/450/451 
f 452/452/453 468/468/469 467/467/468 451/451/452 
f 453/453/454 469/469/470 468/468/469 452/452/453 
f 454/454/455 470/470/471 469/4533/470 453/4525/454 
f 455/455/456 471/471/472 470/470/471 454/454/455 
f 456/456/457 472/472/473 471/471/472 455/455/456 
f 457/457/458 473/473/474 472/472/473 456/456/457 
f 458/458/459 474/474/475 473/473/474 457/457/458 
f 459/459/460 475/475/476 474/474/475 458/458/459 
f 460/460/461 476/476/477 475/475/476 459/459/460 
f 461/461/462 477/477/478 476/476/477 460/460/461 
f 462/462/463 478/478/479 477/477/478 461/461/462 
f 463/463/464 479/479/480 478/478/479 462/462/463 
f 464/464/450 480/480/466 479/479/480 463/463/464 
f 465/465/465 481/481/481 496/496/482 480/480/466 
f 466/466/467 482/482/483 481/481/481 465/465/465 
f 467/467/468 483/483/484 482/482/483 466/466/467 
f 468/468/469 484/484/485 483/483/484 467/467/468 
f 469/469/470 485/485/486 484/484/485 468/468/469 
f 470/470/471 486/486/487 485/4540/486 469/4533/470 
f 471/471/472 487/487/488 486/486/487 470/470/471 
f 472/472/473 488/488/489 487/487/488 471/471/472 
f 473/473/474 489/489/490 488/488/489 472/472/473 
f 474/474/475 490/490/491 489/489/490 473/473/474 
f 475/475/476 491/491/492 490/490/491 474/474/475 
f 476/476/477 492/492/493 491/491/492 475/475/476 
f 477/477/478 493/493/494 492/492/493 476/476/477 
f 478/478/479 494/494/495 493/493/494 477/477/478 
f 479/479/480 495/495/496 494/494/495 478/478/479 
f 480/480/466 496/496/482 495/495/496 479/479/480 
f 481/481/481 497/497/497 512/512/498 496/496/482 
f 482/482/483 498/498/499 497/497/497 481/481/481 
f 483/483/484 499/499/500 498/498/499 482/482/483 
f 484/484/485 500/500/501 499/499/500 483/483/484 
f 485/485/486 501/501/502 500/500/501 484/484/485 
f 486/486/487 502/502/503 501/4547/502 485/4540/486 
f 487/487/488 503/503/504 502/502/503 486/486/487 
f 488/488/489 504/504/505 503/503/504 487/487/488 
f 489/489/490 505/505/506 504/504/505 488/488/489 
f 490/490/491 506/506/507 505/505/506 489/489/490 
f 491/491/492 507/507/508 506/506/507 490/490/491 
f 492/492/493 508/508/509 507/507/508 491/491/492 
f 493/493/494 509/509/510 508/508/509 492/492/493 
f 494/494/495 510/510/511 509/509/510 493/493/494 
f 495/495/496 511/511/512 510/510/511 494/494/495 
f 496/496/482 512/512/498 511/511/512 495/495/496 
f 497/497/497 513/513/513 528/528/514 512/512/498 
f 498/498/499 514/514/515 513/513/513 497/497/497 
f 499/499/500 515/515/516 514/514/515 498/498/499 
f 500/500/501 516/516/517 515/515/516 499/499/500 
f 501/501/502 517/517/518 516/516/517 500/500/501 
f 502/502/503 518/518/519 517/4559/518 501/4547/502 
f 503/503/504 519/519/520 518/518/519 502/502/503 
f 504/504/505 520/520/521 519/519/520 503/503/504 
f 505/505/506 521/521/522 520/520/521 504/504/505 
f 506/506/507 522/522/523 521/521/522 505/505/506 
f 507/507/508 523/523/524 522/522/523 506/506/507 
f 508/508/509 524/524/525 523/523/524 507/507/508 
f 509/509/510 525/525/526 524/524/525 508/508/509 
f 510/510/511 526/526/527 525/525/526 509/509/510 
f 511/511/512 527/527/528 526/526/527 510/510/511 
f 512/512/498 528/528/514 527/527/528 511/511/512 
f 513/513/513 529/529/529 544/544/530 528/528/514 
f 514/514/515 530/530/531 529/529/529 513/513/513 
f 515/515/516 531/531/532 530/530/531 514/514/515 
f 516/516/517 532/532/533 531/531/532 515/515/516 
f 517/517/518 533/533/534 532/532/533 516/516/517 
f 518/518/519 534/534/535 533/4564/534 517/4559/518 
f 519/519/520 535/535/536 534/534/535 518/518/519 
f 520/520/521 536/536/537 535/535/536 519/519/520 
f 521/521/522 537/537/538 536/536/537 520/520/521 
f 522/522/523 538/538/539 537/537/538 521/521/522 
f 523/523/524 539/539/540 538/538/539 522/522/523 
f 524/524/525 540/540/541 539/539/540 523/523/524 
f 525/525/526 541/541/542 540/540/541 524/524/525 
f 526/526/527 542/542/543 541/541/542 525/525/526 
f 527/527/528 543/543/544 542/542/543 526/526/527 
f 528/528/514 544/544/530 543/543/544 527/527/528 
f 529/529/529 545/545/545 560/560/546 544/544/530 
f 530/530/531 546/546/547 545/545/545 529/529/529 
f 531/531/532 547/547/548 546/546/547 530/530/531 
f 532/532/533 548/548/549 547/547/548 531/531/532 
f 533/533/534 549/549/550 548/548/549 532/532/533 
f 534/534/535 550/550/551 549/4567/550 533/4564/534 
f 535/535/536 551/551/552 550/550/551 534/534/535 
f 536/536/537 552/552/553 551/551/552 535/535/536 
f 537/537/538 553/553/554 552/552/553 536/536/537 
f 538/538/539 554/554/555 553/553/554 537/537/538 
f 539/539/540 555/555/556 554/554/555 538/538/539 
f 540/540/541 556/556/557 555/555/556 539/539/540 
f 541/541/542 557/557/558 556/556/557 540/540/541 
f 542/542/543 558/558/559 557/557/558 541/541/542 
f 543/543/544 559/559/560 558/558/559 542/542/543 
f 544/544/530 560/560/546 559/559/560 543/543/544 
f 545/545/545 561/561/561 576/576/562 560/560/546 
f 546/546/547 562/562/563 561/561/561 545/545/545 
f 547/547/548 563/563/564 562/562/563 546/546/547 
f 548/548/549 564/564/565 563/563/564 547/547/548 
f 549/549/550 565/565/566 564/564/565 548/548/549 
f 550/550/551 566/566/567 565/4569/566 549/4567/550 
f 551/551/552 567/567/568 566/566/567 550/550/551 
f 552/552/553 568/568/569 567/567/568 551/551/552 
f 553/553/554 569/569/570 568/568/569 552/552/553 
f 554/554/555 570/570/571 569/569/570 553/553/554 
f 555/555/556 571/571/572 570/570/571 554/554/555 
f 556/556/557 572/572/573 571/571/572 555/555/556 
f 557/557/558 573/573/574 572/572/573 556/556/557 
f 558/558/559 574/574/575 573/573/574 557/557/558 
f 559/559/560 575/575/576 574/574/575 558/558/559 
f 560/560/546 576/576/562 575/575/576 559/559/560 
f 561/561/561 577/577/577 592/592/578 576/576/562 
f 562/562/563 578/578/579 577/577/577 561/561/561 
f 563/563/564 579/579/580 578/578/579 562/562/563 
f 564/564/565 580/580/581 579/579/580 563/563/564 
f 565/565/566 581/581/582 580/580/581 564/564/565 
f 566/566/567 582/582/583 581/4557/582 565/4569/566 
f 567/567/568 583/583/584 582/582/583 566/566/567 
f 568/568/569 584/584/585 583/583/584 567/567/568 
f 569/569/570 585/585/586 584/584/585 568/568/569 
f 570/570/571 586/586/587 585/585/586 569/569/570 
f 571/571/572 587/587/588 586/586/587 570/570/571 
f 572/572/573 588/588/589 587/587/588 571/571/572 
f 573/573/574 589/589/590 588/588/589 572/572/573 
f 574/574/575 590/590/591 589/589/590 573/573/574 
f 575/575/576 591/591/592 590/590/591 574/574/575 
f 576/576/562 592/592/578 591/591/592 575/575/576 
f 577/577/577 593/593/593 608/608/594 592/592/578 
f 578/578/579 594/594/595 593/593/593 577/577/577 
f 579/579/580 595/595/596 594/594/595 578/578/579 
f 580/580/581 596/596/597 595/595/596 579/579/580 
f 581/581/582 597/597/598 596/596/597 580/580/581 
f 582/582/583 598/598/599 597/4561/598 581/4557/582 
f 583/583/584 599/599/600 598/598/599 582/582/583 
f 584/584/585 600/600/601 599/599/600 583/583/584 
f 585/585/586 601/601/602 600/600/601 584/584/585 
f 586/586/587 602/602/603 601/601/602 585/585/586 
f 587/587/588 603/603/604 602/602/603 586/586/587 
f 588/588/589 604/604/605 603/603/604 587/587/588 
f 589/589/590 605/605/606 604/604/605 588/588/589 
f 590/590/591 606/606/607 605/605/606 589/589/590 
f 591/591/592 607/607/608 606/606/607 590/590/591 
f 592/592/578 608/608/594 607/607/608 591/591/592 
f 593/593/593 609/609/609 624/624/610 608/608/594 
f 594/594/595 610/610/611 609/609/609 593/593/593 
f 595/595/596 611/611/612 610/610/611 594/594/595 
f 596/596/597 612/612/613 611/611/612 595/595/596 
f 597/597/598 613/613/614 612/612/613 596/596/597 
f 598/598/599 614/614/615 613/4565/614 597/4561/598 
f 599/599/600 615/615/616 614/614/615 598/598/599 
f 600/600/601 616/616/617 615/615/616 599/599/600 
f 601/601/602 617/617/618 616/616/617 600/600/601 
f 602/602/603 618/618/619 617/617/618 601/601/602 
f 603/603/604 619/619/620 618/618/619 602/602/603 
f 604/604/605 620/620/621 619/619/620 603/603/604 
f 605/605/606 621/621/622 620/620/621 604/604/605 
f 606/606/607 622/622/623 621/621/622 605/605/606 
f 607/607/608 623/623/624 622/622/623 606/606/607 
f 608/608/594 624/624/610 623/623/624 607/607/608 
f 609/609/609 625/625/625 640/640/626 624/624/610 
f 610/610/611 626/626/627 625/625/625 609/609/609 
f 611/611/612 627/627/628 626/626/627 610/610/611 
f 612/612/613 628/628/629 627/627/628 611/611/612 
f 613/613/614 629/629/630 628/628/629 612/612/613 
f 614/614/615 630/630/631 629/4568/630 613/4565/614 
f 615/615/616 631/631/632 630/630/631 614/614/615 
f 616/616/617 632/632/633 631/631/632 615/615/616 
f 617/617/618 633/633/634 632/632/633 616/616/617 
f 618/618/619 634/634/635 633/633/634 617/617/618 
f 619/619/620 635/635/636 634/634/635 618/618/619 
f 620/620/621 636/636/637 635/635/636 619/619/620 
f 621/621/622 637/637/638 636/636/637 620/620/621 
f 622/622/623 638/638/639 637/637/638 621/621/622 
f 623/623/624 639/639/640 638/638/639 622/622/623 
f 624/624/610 640/640/626 639/639/640 623/623/624 
f 625/625/625 641/641/641 656/656/642 640/640/626 
f 626/626/627 642/642/643 641/641/641 625/625/625 
f 627/627/628 643/643/644 642/642/643 626/626/627 
f 628/628/629 644/644/645 643/643/644 627/627/628 
f 629/629/630 645/645/646 644/644/645 628/628/629 
f 630/630/631 646/646/647 645/4555/646 629/4568/630 
f 631/631/632 647/647/648 646/646/647 630/630/631 
f 632/632/633 648/648/649 647/647/648 631/631/632 
f 633/633/634 649/649/650 648/648/649 632/632/633 
f 634/634/635 650/650/651 649/649/650 633/633/634 
f 635/635/636 651/651/652 650/650/651 634/634/635 
f 636/636/637 652/652/653 651/651/652 635/635/636 
f 637/637/638 653/653/654 652/652/653 636/636/637 
f 638/638/639 654/654/655 653/653/654 637/637/638 
f 639/639/640 655/655/656 654/654/655 638/638/639 
f 640/640/626 656/656/642 655/655/656 639/639/640 
o cable:001:001
s 1
f 657/657/657 673/673/658 688/688/659 672/672/660 
f 658/658/661 674/674/662 673/673/658 657/657/657 
f 659/4571/663 675/675/664 674/674/662 658/658/661 
f 660/660/665 676/676/666 675/4573/664 659/659/663 
f 661/661/667 677/677/668 676/676/666 660/660/665 
f 662/662/669 678/678/670 677/677/668 661/661/667 
f 663/663/671 679/679/672 678/678/670 662/662/669 
f 664/664/673 680/680/674 679/679/672 663/663/671 
f 665/665/675 681/681/676 680/680/674 664/664/673 
f 666/666/677 682/682/678 681/681/676 665/665/675 
f 667/667/679 683/683/680 682/682/678 666/666/677 
f 668/668/681 684/684/682 683/683/680 667/667/679 
f 669/669/683 685/685/684 684/684/682 668/668/681 
f 670/670/685 686/686/686 685/685/684 669/669/683 
f 671/671/687 687/687/688 686/686/686 670/670/685 
f 672/672/660 688/688/659 687/687/688 671/671/687 
f 673/673/658 689/689/689 704/704/690 688/688/659 
f 674/674/662 690/690/691 689/689/689 673/673/658 
f 675/675/664 691/691/692 690/690/691 674/674/662 
f 676/676/666 692/692/693 691/4575/692 675/4573/664 
f 677/677/668 693/693/694 692/692/693 676/676/666 
f 678/678/670 694/694/695 693/693/694 677/677/668 
f 679/679/672 695/695/696 694/694/695 678/678/670 
f 680/680/674 696/696/697 695/695/696 679/679/672 
f 681/681/676 697/697/698 696/696/697 680/680/674 
f 682/682/678 698/698/699 697/697/698 681/681/676 
f 683/683/680 699/699/700 698/698/699 682/682/678 
f 684/684/682 700/700/701 699/699/700 683/683/680 
f 685/685/684 701/701/702 700/700/701 684/684/682 
f 686/686/686 702/702/703 701/701/702 685/685/684 
f 687/687/688 703/703/704 702/702/703 686/686/686 
f 688/688/659 704/704/690 703/703/704 687/687/688 
f 689/689/689 705/705/705 720/720/706 704/704/690 
f 690/690/691 706/706/707 705/705/705 689/689/689 
f 691/691/692 707/707/708 706/706/707 690/690/691 
f 692/692/693 708/708/709 707/4577/708 691/4575/692 
f 693/693/694 709/709/710 708/708/709 692/692/693 
f 694/694/695 710/710/711 709/709/710 693/693/694 
f 695/695/696 711/711/712 710/710/711 694/694/695 
f 696/696/697 712/712/713 711/711/712 695/695/696 
f 697/697/698 713/713/714 712/712/713 696/696/697 
f 698/698/699 714/714/715 713/713/714 697/697/698 
f 699/699/700 715/715/716 714/714/715 698/698/699 
f 700/700/701 716/716/717 715/715/716 699/699/700 
f 701/701/702 717/717/718 716/716/717 700/700/701 
f 702/702/703 718/718/719 717/717/718 701/701/702 
f 703/703/704 719/719/720 718/718/719 702/702/703 
f 704/704/690 720/720/706 719/719/720 703/703/704 
f 705/705/705 721/721/721 736/736/722 720/720/706 
f 706/706/707 722/722/723 721/721/721 705/705/705 
f 707/707/708 723/723/724 722/722/723 706/706/707 
f 708/708/709 724/724/725 723/4570/724 707/4577/708 
f 709/709/710 725/725/726 724/724/725 708/708/709 
f 710/710/711 726/726/727 725/725/726 709/709/710 
f 711/711/712 727/727/728 726/726/727 710/710/711 
f 712/712/713 728/728/729 727/727/728 711/711/712 
f 713/713/714 729/729/730 728/728/729 712/712/713 
f 714/714/715 730/730/731 729/729/730 713/713/714 
f 715/715/716 731/731/732 730/730/731 714/714/715 
f 716/716/717 732/732/733 731/731/732 715/715/716 
f 717/717/718 733/733/734 732/732/733 716/716/717 
f 718/718/719 734/734/735 733/733/734 717/717/718 
f 719/719/720 735/735/736 734/734/735 718/718/719 
f 720/720/706 736/736/722 735/735/736 719/719/720 
f 721/721/721 737/737/737 752/752/738 736/736/722 
f 722/722/723 738/738/739 737/737/737 721/721/721 
f 723/723/724 739/739/740 738/738/739 722/722/723 
f 724/724/725 740/740/741 739/4572/740 723/4570/724 
f 725/725/726 741/741/742 740/740/741 724/724/725 
f 726/726/727 742/742/743 741/741/742 725/725/726 
f 727/727/728 743/743/744 742/742/743 726/726/727 
f 728/728/729 744/744/745 743/743/744 727/727/728 
f 729/729/730 745/745/746 744/744/745 728/728/729 
f 730/730/731 746/746/747 745/745/746 729/729/730 
f 731/731/732 747/747/748 746/746/747 730/730/731 
f 732/732/733 748/748/749 747/747/748 731/731/732 
f 733/733/734 749/749/750 748/748/749 732/732/733 
f 734/734/735 750/750/751 749/749/750 733/733/734 
f 735/735/736 751/751/752 750/750/751 734/734/735 
f 736/736/722 752/752/738 751/751/752 735/735/736 
f 737/737/737 753/753/753 768/768/754 752/752/738 
f 738/738/739 754/754/755 753/753/753 737/737/737 
f 739/739/740 755/755/756 754/754/755 738/738/739 
f 740/740/741 756/756/757 755/4574/756 739/4572/740 
f 741/741/742 757/757/758 756/756/757 740/740/741 
f 742/742/743 758/758/759 757/757/758 741/741/742 
f 743/743/744 759/759/760 758/758/759 742/742/743 
f 744/744/745 760/760/761 759/759/760 743/743/744 
f 745/745/746 761/761/762 760/760/761 744/744/745 
f 746/746/747 762/762/763 761/761/762 745/745/746 
f 747/747/748 763/763/764 762/762/763 746/746/747 
f 748/748/749 764/764/765 763/763/764 747/747/748 
f 749/749/750 765/765/766 764/764/765 748/748/749 
f 750/750/751 766/766/767 765/765/766 749/749/750 
f 751/751/752 767/767/768 766/766/767 750/750/751 
f 752/752/738 768/768/754 767/767/768 751/751/752 
f 753/753/753 769/769/769 784/784/770 768/768/754 
f 754/754/755 770/770/771 769/769/769 753/753/753 
f 755/755/756 771/771/772 770/770/771 754/754/755 
f 756/756/757 772/772/773 771/4583/772 755/4574/756 
f 757/757/758 773/773/774 772/772/773 756/756/757 
f 758/758/759 774/774/775 773/773/774 757/757/758 
f 759/759/760 775/775/776 774/774/775 758/758/759 
f 760/760/761 776/776/777 775/775/776 759/759/760 
f 761/761/762 777/777/778 776/776/777 760/760/761 
f 762/762/763 778/778/779 777/777/778 761/761/762 
f 763/763/764 779/779/780 778/778/779 762/762/763 
f 764/764/765 780/780/781 779/779/780 763/763/764 
f 765/765/766 781/781/782 780/780/781 764/764/765 
f 766/766/767 782/782/783 781/781/782 765/765/766 
f 767/767/768 783/783/784 782/782/783 766/766/767 
f 768/768/754 784/784/770 783/783/784 767/767/768 
f 769/769/769 785/785/785 800/800/786 784/784/770 
f 770/770/771 786/786/787 785/785/785 769/769/769 
f 771/771/772 787/787/788 786/786/787 770/770/771 
f 772/772/773 788/788/789 787/4588/788 771/4583/772 
f 773/773/774 789/789/790 788/788/789 772/772/773 
f 774/774/775 790/790/791 789/789/790 773/773/774 
f 775/775/776 791/791/792 790/790/791 774/774/775 
f 776/776/777 792/792/793 791/791/792 775/775/776 
f 777/777/778 793/793/794 792/792/793 776/776/777 
f 778/778/779 794/794/795 793/793/794 777/777/778 
f 779/779/780 795/795/796 794/794/795 778/778/779 
f 780/780/781 796/796/797 795/795/796 779/779/780 
f 781/781/782 797/797/798 796/796/797 780/780/781 
f 782/782/783 798/798/799 797/797/798 781/781/782 
f 783/783/784 799/799/800 798/798/799 782/782/783 
f 784/784/770 800/800/786 799/799/800 783/783/784 
f 785/785/785 801/801/801 816/816/802 800/800/786 
f 786/786/787 802/802/803 801/801/801 785/785/785 
f 787/787/788 803/803/804 802/802/803 786/786/787 
f 788/788/789 804/804/805 803/4593/804 787/4588/788 
f 789/789/790 805/805/806 804/804/805 788/788/789 
f 790/790/791 806/806/807 805/805/806 789/789/790 
f 791/791/792 807/807/808 806/806/807 790/790/791 
f 792/792/793 808/808/809 807/807/808 791/791/792 
f 793/793/794 809/809/810 808/808/809 792/792/793 
f 794/794/795 810/810/811 809/809/810 793/793/794 
f 795/795/796 811/811/812 810/810/811 794/794/795 
f 796/796/797 812/812/813 811/811/812 795/795/796 
f 797/797/798 813/813/814 812/812/813 796/796/797 
f 798/798/799 814/814/815 813/813/814 797/797/798 
f 799/799/800 815/815/816 814/814/815 798/798/799 
f 800/800/786 816/816/802 815/815/816 799/799/800 
f 801/801/801 817/817/817 832/832/818 816/816/802 
f 802/802/803 818/818/819 817/817/817 801/801/801 
f 803/803/804 819/819/820 818/818/819 802/802/803 
f 804/804/805 820/820/821 819/4599/820 803/4593/804 
f 805/805/806 821/821/822 820/820/821 804/804/805 
f 806/806/807 822/822/823 821/821/822 805/805/806 
f 807/807/808 823/823/824 822/822/823 806/806/807 
f 808/808/809 824/824/825 823/823/824 807/807/808 
f 809/809/810 825/825/826 824/824/825 808/808/809 
f 810/810/811 826/826/827 825/825/826 809/809/810 
f 811/811/812 827/827/828 826/826/827 810/810/811 
f 812/812/813 828/828/829 827/827/828 811/811/812 
f 813/813/814 829/829/830 828/828/829 812/812/813 
f 814/814/815 830/830/831 829/829/830 813/813/814 
f 815/815/816 831/831/832 830/830/831 814/814/815 
f 816/816/802 832/832/818 831/831/832 815/815/816 
f 817/817/817 833/833/833 848/848/834 832/832/818 
f 818/818/819 834/834/835 833/833/833 817/817/817 
f 819/819/820 835/835/836 834/834/835 818/818/819 
f 820/820/821 836/836/837 835/4582/836 819/4599/820 
f 821/821/822 837/837/838 836/836/837 820/820/821 
f 822/822/823 838/838/839 837/837/838 821/821/822 
f 823/823/824 839/839/840 838/838/839 822/822/823 
f 824/824/825 840/840/841 839/839/840 823/823/824 
f 825/825/826 841/841/842 840/840/841 824/824/825 
f 826/826/827 842/842/843 841/841/842 825/825/826 
f 827/827/828 843/843/844 842/842/843 826/826/827 
f 828/828/829 844/844/845 843/843/844 827/827/828 
f 829/829/830 845/845/846 844/844/845 828/828/829 
f 830/830/831 846/846/847 845/845/846 829/829/830 
f 831/831/832 847/847/848 846/846/847 830/830/831 
f 832/832/818 848/848/834 847/847/848 831/831/832 
f 833/833/833 849/849/849 864/864/850 848/848/834 
f 834/834/835 850/850/851 849/849/849 833/833/833 
f 835/835/836 851/851/852 850/850/851 834/834/835 
f 836/836/837 852/852/853 851/4586/852 835/4582/836 
f 837/837/838 853/853/854 852/852/853 836/836/837 
f 838/838/839 854/854/855 853/853/854 837/837/838 
f 839/839/840 855/855/856 854/854/855 838/838/839 
f 840/840/841 856/856/857 855/855/856 839/839/840 
f 841/841/842 857/857/858 856/856/857 840/840/841 
f 842/842/843 858/858/859 857/857/858 841/841/842 
f 843/843/844 859/859/860 858/858/859 842/842/843 
f 844/844/845 860/860/861 859/859/860 843/843/844 
f 845/845/846 861/861/862 860/860/861 844/844/845 
f 846/846/847 862/862/863 861/861/862 845/845/846 
f 847/847/848 863/863/864 862/862/863 846/846/847 
f 848/848/834 864/864/850 863/863/864 847/847/848 
f 849/849/849 865/865/865 880/880/866 864/864/850 
f 850/850/851 866/866/867 865/865/865 849/849/849 
f 851/851/852 867/867/868 866/866/867 850/850/851 
f 852/852/853 868/868/869 867/4592/868 851/4586/852 
f 853/853/854 869/869/870 868/868/869 852/852/853 
f 854/854/855 870/870/871 869/869/870 853/853/854 
f 855/855/856 871/871/872 870/870/871 854/854/855 
f 856/856/857 872/872/873 871/871/872 855/855/856 
f 857/857/858 873/873/874 872/872/873 856/856/857 
f 858/858/859 874/874/875 873/873/874 857/857/858 
f 859/859/860 875/875/876 874/874/875 858/858/859 
f 860/860/861 876/876/877 875/875/876 859/859/860 
f 861/861/862 877/877/878 876/876/877 860/860/861 
f 862/862/863 878/878/879 877/877/878 861/861/862 
f 863/863/864 879/879/880 878/878/879 862/862/863 
f 864/864/850 880/880/866 879/879/880 863/863/864 
f 865/865/865 881/881/881 896/896/882 880/880/866 
f 866/866/867 882/882/883 881/881/881 865/865/865 
f 867/867/868 883/883/884 882/882/883 866/866/867 
f 868/868/869 884/884/885 883/4597/884 867/4592/868 
f 869/869/870 885/885/886 884/884/885 868/868/869 
f 870/870/871 886/886/887 885/885/886 869/869/870 
f 871/871/872 887/887/888 886/886/887 870/870/871 
f 872/872/873 888/888/889 887/887/888 871/871/872 
f 873/873/874 889/889/890 888/888/889 872/872/873 
f 874/874/875 890/890/891 889/889/890 873/873/874 
f 875/875/876 891/891/892 890/890/891 874/874/875 
f 876/876/877 892/892/893 891/891/892 875/875/876 
f 877/877/878 893/893/894 892/892/893 876/876/877 
f 878/878/879 894/894/895 893/893/894 877/877/878 
f 879/879/880 895/895/896 894/894/895 878/878/879 
f 880/880/866 896/896/882 895/895/896 879/879/880 
f 881/881/881 897/897/897 912/912/898 896/896/882 
f 882/882/883 898/898/899 897/897/897 881/881/881 
f 883/883/884 899/899/900 898/898/899 882/882/883 
f 884/884/885 900/900/901 899/4581/900 883/4597/884 
f 885/885/886 901/901/902 900/900/901 884/884/885 
f 886/886/887 902/902/903 901/901/902 885/885/886 
f 887/887/888 903/903/904 902/902/903 886/886/887 
f 888/888/889 904/904/905 903/903/904 887/887/888 
f 889/889/890 905/905/906 904/904/905 888/888/889 
f 890/890/891 906/906/907 905/905/906 889/889/890 
f 891/891/892 907/907/908 906/906/907 890/890/891 
f 892/892/893 908/908/909 907/907/908 891/891/892 
f 893/893/894 909/909/910 908/908/909 892/892/893 
f 894/894/895 910/910/911 909/909/910 893/893/894 
f 895/895/896 911/911/912 910/910/911 894/894/895 
f 896/896/882 912/912/898 911/911/912 895/895/896 
f 897/897/897 913/913/913 928/928/914 912/912/898 
f 898/898/899 914/914/915 913/913/913 897/897/897 
f 899/899/900 915/915/916 914/914/915 898/898/899 
f 900/900/901 916/916/917 915/4585/916 899/4581/900 
f 901/901/902 917/917/918 916/916/917 900/900/901 
f 902/902/903 918/918/919 917/917/918 901/901/902 
f 903/903/904 919/919/920 918/918/919 902/902/903 
f 904/904/905 920/920/921 919/919/920 903/903/904 
f 905/905/906 921/921/922 920/920/921 904/904/905 
f 906/906/907 922/922/923 921/921/922 905/905/906 
f 907/907/908 923/923/924 922/922/923 906/906/907 
f 908/908/909 924/924/925 923/923/924 907/907/908 
f 909/909/910 925/925/926 924/924/925 908/908/909 
f 910/910/911 926/926/927 925/925/926 909/909/910 
f 911/911/912 927/927/928 926/926/927 910/910/911 
f 912/912/898 928/928/914 927/927/928 911/911/912 
f 913/913/913 929/929/929 944/944/930 928/928/914 
f 914/914/915 930/930/931 929/929/929 913/913/913 
f 915/915/916 931/931/932 930/930/931 914/914/915 
f 916/916/917 932/932/933 931/4591/932 915/4585/916 
f 917/917/918 933/933/934 932/932/933 916/916/917 
f 918/918/919 934/934/935 933/933/934 917/917/918 
f 919/919/920 935/935/936 934/934/935 918/918/919 
f 920/920/921 936/936/937 935/935/936 919/919/920 
f 921/921/922 937/937/938 936/936/937 920/920/921 
f 922/922/923 938/938/939 937/937/938 921/921/922 
f 923/923/924 939/939/940 938/938/939 922/922/923 
f 924/924/925 940/940/941 939/939/940 923/923/924 
f 925/925/926 941/941/942 940/940/941 924/924/925 
f 926/926/927 942/942/943 941/941/942 925/925/926 
f 927/927/928 943/943/944 942/942/943 926/926/927 
f 928/928/914 944/944/930 943/943/944 927/927/928 
f 929/929/929 945/945/945 960/960/946 944/944/930 
f 930/930/931 946/946/947 945/945/945 929/929/929 
f 931/931/932 947/947/948 946/946/947 930/930/931 
f 932/932/933 948/948/949 947/4596/948 931/4591/932 
f 933/933/934 949/949/950 948/948/949 932/932/933 
f 934/934/935 950/950/951 949/949/950 933/933/934 
f 935/935/936 951/951/952 950/950/951 934/934/935 
f 936/936/937 952/952/953 951/951/952 935/935/936 
f 937/937/938 953/953/954 952/952/953 936/936/937 
f 938/938/939 954/954/955 953/953/954 937/937/938 
f 939/939/940 955/955/956 954/954/955 938/938/939 
f 940/940/941 956/956/957 955/955/956 939/939/940 
f 941/941/942 957/957/958 956/956/957 940/940/941 
f 942/942/943 958/958/959 957/957/958 941/941/942 
f 943/943/944 959/959/960 958/958/959 942/942/943 
f 944/944/930 960/960/946 959/959/960 943/943/944 
f 945/945/945 961/961/961 976/976/962 960/960/946 
f 946/946/947 962/962/963 961/961/961 945/945/945 
f 947/947/948 963/963/964 962/962/963 946/946/947 
f 948/948/949 964/964/965 963/4580/964 947/4596/948 
f 949/949/950 965/965/966 964/964/965 948/948/949 
f 950/950/951 966/966/967 965/965/966 949/949/950 
f 951/951/952 967/967/968 966/966/967 950/950/951 
f 952/952/953 968/968/969 967/967/968 951/951/952 
f 953/953/954 969/969/970 968/968/969 952/952/953 
f 954/954/955 970/970/971 969/969/970 953/953/954 
f 955/955/956 971/971/972 970/970/971 954/954/955 
f 956/956/957 972/972/973 971/971/972 955/955/956 
f 957/957/958 973/973/974 972/972/973 956/956/957 
f 958/958/959 974/974/975 973/973/974 957/957/958 
f 959/959/960 975/975/976 974/974/975 958/958/959 
f 960/960/946 976/976/962 975/975/976 959/959/960 
f 961/961/961 977/977/977 992/992/978 976/976/962 
f 962/962/963 978/978/979 977/977/977 961/961/961 
f 963/963/964 979/979/980 978/978/979 962/962/963 
f 964/964/965 980/980/981 979/4584/980 963/4580/964 
f 965/965/966 981/981/982 980/980/981 964/964/965 
f 966/966/967 982/982/983 981/981/982 965/965/966 
f 967/967/968 983/983/984 982/982/983 966/966/967 
f 968/968/969 984/984/985 983/983/984 967/967/968 
f 969/969/970 985/985/986 984/984/985 968/968/969 
f 970/970/971 986/986/987 985/985/986 969/969/970 
f 971/971/972 987/987/988 986/986/987 970/970/971 
f 972/972/973 988/988/989 987/987/988 971/971/972 
f 973/973/974 989/989/990 988/988/989 972/972/973 
f 974/974/975 990/990/991 989/989/990 973/973/974 
f 975/975/976 991/991/992 990/990/991 974/974/975 
f 976/976/962 992/992/978 991/991/992 975/975/976 
f 977/977/977 993/993/993 1008/1008/994 992/992/978 
f 978/978/979 994/994/995 993/993/993 977/977/977 
f 979/979/980 995/995/996 994/994/995 978/978/979 
f 980/980/981 996/996/997 995/4590/996 979/4584/980 
f 981/981/982 997/997/998 996/996/997 980/980/981 
f 982/982/983 998/998/999 997/997/998 981/981/982 
f 983/983/984 999/999/1000 998/998/999 982/982/983 
f 984/984/985 1000/1000/1001 999/999/1000 983/983/984 
f 985/985/986 1001/1001/1002 1000/1000/1001 984/984/985 
f 986/986/987 1002/1002/1003 1001/1001/1002 985/985/986 
f 987/987/988 1003/1003/1004 1002/1002/1003 986/986/987 
f 988/988/989 1004/1004/1005 1003/1003/1004 987/987/988 
f 989/989/990 1005/1005/1006 1004/1004/1005 988/988/989 
f 990/990/991 1006/1006/1007 1005/1005/1006 989/989/990 
f 991/991/992 1007/1007/1008 1006/1006/1007 990/990/991 
f 992/992/978 1008/1008/994 1007/1007/1008 991/991/992 
f 993/993/993 1009/1009/1009 1024/1024/1010 1008/1008/994 
f 994/994/995 1010/1010/1011 1009/1009/1009 993/993/993 
f 995/995/996 1011/1011/1012 1010/1010/1011 994/994/995 
f 996/996/997 1012/1012/1013 1011/4595/1012 995/4590/996 
f 997/997/998 1013/1013/1014 1012/1012/1013 996/996/997 
f 998/998/999 1014/1014/1015 1013/1013/1014 997/997/998 
f 999/999/1000 1015/1015/1016 1014/1014/1015 998/998/999 
f 1000/1000/1001 1016/1016/1017 1015/1015/1016 999/999/1000 
f 1001/1001/1002 1017/1017/1018 1016/1016/1017 1000/1000/1001 
f 1002/1002/1003 1018/1018/1019 1017/1017/1018 1001/1001/1002 
f 1003/1003/1004 1019/1019/1020 1018/1018/1019 1002/1002/1003 
f 1004/1004/1005 1020/1020/1021 1019/1019/1020 1003/1003/1004 
f 1005/1005/1006 1021/1021/1022 1020/1020/1021 1004/1004/1005 
f 1006/1006/1007 1022/1022/1023 1021/1021/1022 1005/1005/1006 
f 1007/1007/1008 1023/1023/1024 1022/1022/1023 1006/1006/1007 
f 1008/1008/994 1024/1024/1010 1023/1023/1024 1007/1007/1008 
f 1009/1009/1009 1025/1025/1025 1040/1040/1026 1024/1024/1010 
f 1010/1010/1011 1026/1026/1027 1025/1025/1025 1009/1009/1009 
f 1011/1011/1012 1027/1027/1028 1026/1026/1027 1010/1010/1011 
f 1012/1012/1013 1028/1028/1029 1027/4600/1028 1011/4595/1012 
f 1013/1013/1014 1029/1029/1030 1028/1028/1029 1012/1012/1013 
f 1014/1014/1015 1030/1030/1031 1029/1029/1030 1013/1013/1014 
f 1015/1015/1016 1031/1031/1032 1030/1030/1031 1014/1014/1015 
f 1016/1016/1017 1032/1032/1033 1031/1031/1032 1015/1015/1016 
f 1017/1017/1018 1033/1033/1034 1032/1032/1033 1016/1016/1017 
f 1018/1018/1019 1034/1034/1035 1033/1033/1034 1017/1017/1018 
f 1019/1019/1020 1035/1035/1036 1034/1034/1035 1018/1018/1019 
f 1020/1020/1021 1036/1036/1037 1035/1035/1036 1019/1019/1020 
f 1021/1021/1022 1037/1037/1038 1036/1036/1037 1020/1020/1021 
f 1022/1022/1023 1038/1038/1039 1037/1037/1038 1021/1021/1022 
f 1023/1023/1024 1039/1039/1040 1038/1038/1039 1022/1022/1023 
f 1024/1024/1010 1040/1040/1026 1039/1039/1040 1023/1023/1024 
f 1025/1025/1025 1041/1041/1041 1056/1056/1042 1040/1040/1026 
f 1026/1026/1027 1042/1042/1043 1041/1041/1041 1025/1025/1025 
f 1027/1027/1028 1043/1043/1044 1042/1042/1043 1026/1026/1027 
f 1028/1028/1029 1044/1044/1045 1043/4601/1044 1027/4600/1028 
f 1029/1029/1030 1045/1045/1046 1044/1044/1045 1028/1028/1029 
f 1030/1030/1031 1046/1046/1047 1045/1045/1046 1029/1029/1030 
f 1031/1031/1032 1047/1047/1048 1046/1046/1047 1030/1030/1031 
f 1032/1032/1033 1048/1048/1049 1047/1047/1048 1031/1031/1032 
f 1033/1033/1034 1049/1049/1050 1048/1048/1049 1032/1032/1033 
f 1034/1034/1035 1050/1050/1051 1049/1049/1050 1033/1033/1034 
f 1035/1035/1036 1051/1051/1052 1050/1050/1051 1034/1034/1035 
f 1036/1036/1037 1052/1052/1053 1051/1051/1052 1035/1035/1036 
f 1037/1037/1038 1053/1053/1054 1052/1052/1053 1036/1036/1037 
f 1038/1038/1039 1054/1054/1055 1053/1053/1054 1037/1037/1038 
f 1039/1039/1040 1055/1055/1056 1054/1054/1055 1038/1038/1039 
f 1040/1040/1026 1056/1056/1042 1055/1055/1056 1039/1039/1040 
f 1041/1041/1041 1057/1057/1057 1072/1072/1058 1056/1056/1042 
f 1042/1042/1043 1058/1058/1059 1057/1057/1057 1041/1041/1041 
f 1043/1043/1044 1059/1059/1060 1058/1058/1059 1042/1042/1043 
f 1044/1044/1045 1060/1060/1061 1059/4602/1060 1043/4601/1044 
f 1045/1045/1046 1061/1061/1062 1060/1060/1061 1044/1044/1045 
f 1046/1046/1047 1062/1062/1063 1061/1061/1062 1045/1045/1046 
f 1047/1047/1048 1063/1063/1064 1062/1062/1063 1046/1046/1047 
f 1048/1048/1049 1064/1064/1065 1063/1063/1064 1047/1047/1048 
f 1049/1049/1050 1065/1065/1066 1064/1064/1065 1048/1048/1049 
f 1050/1050/1051 1066/1066/1067 1065/1065/1066 1049/1049/1050 
f 1051/1051/1052 1067/1067/1068 1066/1066/1067 1050/1050/1051 
f 1052/1052/1053 1068/1068/1069 1067/1067/1068 1051/1051/1052 
f 1053/1053/1054 1069/1069/1070 1068/1068/1069 1052/1052/1053 
f 1054/1054/1055 1070/1070/1071 1069/1069/1070 1053/1053/1054 
f 1055/1055/1056 1071/1071/1072 1070/1070/1071 1054/1054/1055 
f 1056/1056/1042 1072/1072/1058 1071/1071/1072 1055/1055/1056 
f 1057/1057/1057 1073/1073/1073 1088/1088/1074 1072/1072/1058 
f 1058/1058/1059 1074/1074/1075 1073/1073/1073 1057/1057/1057 
f 1059/1059/1060 1075/1075/1076 1074/1074/1075 1058/1058/1059 
f 1060/1060/1061 1076/1076/1077 1075/4604/1076 1059/4602/1060 
f 1061/1061/1062 1077/1077/1078 1076/1076/1077 1060/1060/1061 
f 1062/1062/1063 1078/1078/1079 1077/1077/1078 1061/1061/1062 
f 1063/1063/1064 1079/1079/1080 1078/1078/1079 1062/1062/1063 
f 1064/1064/1065 1080/1080/1081 1079/1079/1080 1063/1063/1064 
f 1065/1065/1066 1081/1081/1082 1080/1080/1081 1064/1064/1065 
f 1066/1066/1067 1082/1082/1083 1081/1081/1082 1065/1065/1066 
f 1067/1067/1068 1083/1083/1084 1082/1082/1083 1066/1066/1067 
f 1068/1068/1069 1084/1084/1085 1083/1083/1084 1067/1067/1068 
f 1069/1069/1070 1085/1085/1086 1084/1084/1085 1068/1068/1069 
f 1070/1070/1071 1086/1086/1087 1085/1085/1086 1069/1069/1070 
f 1071/1071/1072 1087/1087/1088 1086/1086/1087 1070/1070/1071 
f 1072/1072/1058 1088/1088/1074 1087/1087/1088 1071/1071/1072 
f 1073/1073/1073 1089/1089/1089 1104/1104/1090 1088/1088/1074 
f 1074/1074/1075 1090/1090/1091 1089/1089/1089 1073/1073/1073 
f 1075/1075/1076 1091/1091/1092 1090/1090/1091 1074/1074/1075 
f 1076/1076/1077 1092/1092/1093 1091/4606/1092 1075/4604/1076 
f 1077/1077/1078 1093/1093/1094 1092/1092/1093 1076/1076/1077 
f 1078/1078/1079 1094/1094/1095 1093/1093/1094 1077/1077/1078 
f 1079/1079/1080 1095/1095/1096 1094/1094/1095 1078/1078/1079 
f 1080/1080/1081 1096/1096/1097 1095/1095/1096 1079/1079/1080 
f 1081/1081/1082 1097/1097/1098 1096/1096/1097 1080/1080/1081 
f 1082/1082/1083 1098/1098/1099 1097/1097/1098 1081/1081/1082 
f 1083/1083/1084 1099/1099/1100 1098/1098/1099 1082/1082/1083 
f 1084/1084/1085 1100/1100/1101 1099/1099/1100 1083/1083/1084 
f 1085/1085/1086 1101/1101/1102 1100/1100/1101 1084/1084/1085 
f 1086/1086/1087 1102/1102/1103 1101/1101/1102 1085/1085/1086 
f 1087/1087/1088 1103/1103/1104 1102/1102/1103 1086/1086/1087 
f 1088/1088/1074 1104/1104/1090 1103/1103/1104 1087/1087/1088 
f 1089/1089/1089 1105/1105/1105 1120/1120/1106 1104/1104/1090 
f 1090/1090/1091 1106/1106/1107 1105/1105/1105 1089/1089/1089 
f 1091/1091/1092 1107/1107/1108 1106/1106/1107 1090/1090/1091 
f 1092/1092/1093 1108/1108/1109 1107/4607/1108 1091/4606/1092 
f 1093/1093/1094 1109/1109/1110 1108/1108/1109 1092/1092/1093 
f 1094/1094/1095 1110/1110/1111 1109/1109/1110 1093/1093/1094 
f 1095/1095/1096 1111/1111/1112 1110/1110/1111 1094/1094/1095 
f 1096/1096/1097 1112/1112/1113 1111/1111/1112 1095/1095/1096 
f 1097/1097/1098 1113/1113/1114 1112/1112/1113 1096/1096/1097 
f 1098/1098/1099 1114/1114/1115 1113/1113/1114 1097/1097/1098 
f 1099/1099/1100 1115/1115/1116 1114/1114/1115 1098/1098/1099 
f 1100/1100/1101 1116/1116/1117 1115/1115/1116 1099/1099/1100 
f 1101/1101/1102 1117/1117/1118 1116/1116/1117 1100/1100/1101 
f 1102/1102/1103 1118/1118/1119 1117/1117/1118 1101/1101/1102 
f 1103/1103/1104 1119/1119/1120 1118/1118/1119 1102/1102/1103 
f 1104/1104/1090 1120/1120/1106 1119/1119/1120 1103/1103/1104 
f 1105/1105/1105 1121/1121/1121 1136/1136/1122 1120/1120/1106 
f 1106/1106/1107 1122/1122/1123 1121/1121/1121 1105/1105/1105 
f 1107/1107/1108 1123/1123/1124 1122/1122/1123 1106/1106/1107 
f 1108/1108/1109 1124/1124/1125 1123/4609/1124 1107/4607/1108 
f 1109/1109/1110 1125/1125/1126 1124/1124/1125 1108/1108/1109 
f 1110/1110/1111 1126/1126/1127 1125/1125/1126 1109/1109/1110 
f 1111/1111/1112 1127/1127/1128 1126/1126/1127 1110/1110/1111 
f 1112/1112/1113 1128/1128/1129 1127/1127/1128 1111/1111/1112 
f 1113/1113/1114 1129/1129/1130 1128/1128/1129 1112/1112/1113 
f 1114/1114/1115 1130/1130/1131 1129/1129/1130 1113/1113/1114 
f 1115/1115/1116 1131/1131/1132 1130/1130/1131 1114/1114/1115 
f 1116/1116/1117 1132/1132/1133 1131/1131/1132 1115/1115/1116 
f 1117/1117/1118 1133/1133/1134 1132/1132/1133 1116/1116/1117 
f 1118/1118/1119 1134/1134/1135 1133/1133/1134 1117/1117/1118 
f 1119/1119/1120 1135/1135/1136 1134/1134/1135 1118/1118/1119 
f 1120/1120/1106 1136/1136/1122 1135/1135/1136 1119/1119/1120 
f 1121/1121/1121 1137/1137/1137 1152/1152/1138 1136/1136/1122 
f 1122/1122/1123 1138/1138/1139 1137/1137/1137 1121/1121/1121 
f 1123/1123/1124 1139/1139/1140 1138/1138/1139 1122/1122/1123 
f 1124/1124/1125 1140/1140/1141 1139/4611/1140 1123/4609/1124 
f 1125/1125/1126 1141/1141/1142 1140/1140/1141 1124/1124/1125 
f 1126/1126/1127 1142/1142/1143 1141/1141/1142 1125/1125/1126 
f 1127/1127/1128 1143/1143/1144 1142/1142/1143 1126/1126/1127 
f 1128/1128/1129 1144/1144/1145 1143/1143/1144 1127/1127/1128 
f 1129/1129/1130 1145/1145/1146 1144/1144/1145 1128/1128/1129 
f 1130/1130/1131 1146/1146/1147 1145/1145/1146 1129/1129/1130 
f 1131/1131/1132 1147/1147/1148 1146/1146/1147 1130/1130/1131 
f 1132/1132/1133 1148/1148/1149 1147/1147/1148 1131/1131/1132 
f 1133/1133/1134 1149/1149/1150 1148/1148/1149 1132/1132/1133 
f 1134/1134/1135 1150/1150/1151 1149/1149/1150 1133/1133/1134 
f 1135/1135/1136 1151/1151/1152 1150/1150/1151 1134/1134/1135 
f 1136/1136/1122 1152/1152/1138 1151/1151/1152 1135/1135/1136 
f 1137/1137/1137 1153/1153/1153 1168/1168/1154 1152/1152/1138 
f 1138/1138/1139 1154/1154/1155 1153/1153/1153 1137/1137/1137 
f 1139/1139/1140 1155/1155/1156 1154/1154/1155 1138/1138/1139 
f 1140/1140/1141 1156/1156/1157 1155/4612/1156 1139/4611/1140 
f 1141/1141/1142 1157/1157/1158 1156/1156/1157 1140/1140/1141 
f 1142/1142/1143 1158/1158/1159 1157/1157/1158 1141/1141/1142 
f 1143/1143/1144 1159/1159/1160 1158/1158/1159 1142/1142/1143 
f 1144/1144/1145 1160/1160/1161 1159/1159/1160 1143/1143/1144 
f 1145/1145/1146 1161/1161/1162 1160/1160/1161 1144/1144/1145 
f 1146/1146/1147 1162/1162/1163 1161/1161/1162 1145/1145/1146 
f 1147/1147/1148 1163/1163/1164 1162/1162/1163 1146/1146/1147 
f 1148/1148/1149 1164/1164/1165 1163/1163/1164 1147/1147/1148 
f 1149/1149/1150 1165/1165/1166 1164/1164/1165 1148/1148/1149 
f 1150/1150/1151 1166/1166/1167 1165/1165/1166 1149/1149/1150 
f 1151/1151/1152 1167/1167/1168 1166/1166/1167 1150/1150/1151 
f 1152/1152/1138 1168/1168/1154 1167/1167/1168 1151/1151/1152 
f 1153/1153/1153 1169/1169/1169 1184/1184/1170 1168/1168/1154 
f 1154/1154/1155 1170/1170/1171 1169/1169/1169 1153/1153/1153 
f 1155/1155/1156 1171/1171/1172 1170/1170/1171 1154/1154/1155 
f 1156/1156/1157 1172/1172/1173 1171/4613/1172 1155/4612/1156 
f 1157/1157/1158 1173/1173/1174 1172/1172/1173 1156/1156/1157 
f 1158/1158/1159 1174/1174/1175 1173/1173/1174 1157/1157/1158 
f 1159/1159/1160 1175/1175/1176 1174/1174/1175 1158/1158/1159 
f 1160/1160/1161 1176/1176/1177 1175/1175/1176 1159/1159/1160 
f 1161/1161/1162 1177/1177/1178 1176/1176/1177 1160/1160/1161 
f 1162/1162/1163 1178/1178/1179 1177/1177/1178 1161/1161/1162 
f 1163/1163/1164 1179/1179/1180 1178/1178/1179 1162/1162/1163 
f 1164/1164/1165 1180/1180/1181 1179/1179/1180 1163/1163/1164 
f 1165/1165/1166 1181/1181/1182 1180/1180/1181 1164/1164/1165 
f 1166/1166/1167 1182/1182/1183 1181/1181/1182 1165/1165/1166 
f 1167/1167/1168 1183/1183/1184 1182/1182/1183 1166/1166/1167 
f 1168/1168/1154 1184/1184/1170 1183/1183/1184 1167/1167/1168 
f 1169/1169/1169 1185/1185/1185 1200/1200/1186 1184/1184/1170 
f 1170/1170/1171 1186/1186/1187 1185/1185/1185 1169/1169/1169 
f 1171/1171/1172 1187/1187/1188 1186/1186/1187 1170/1170/1171 
f 1172/1172/1173 1188/1188/1189 1187/4615/1188 1171/4613/1172 
f 1173/1173/1174 1189/1189/1190 1188/1188/1189 1172/1172/1173 
f 1174/1174/1175 1190/1190/1191 1189/1189/1190 1173/1173/1174 
f 1175/1175/1176 1191/1191/1192 1190/1190/1191 1174/1174/1175 
f 1176/1176/1177 1192/1192/1193 1191/1191/1192 1175/1175/1176 
f 1177/1177/1178 1193/1193/1194 1192/1192/1193 1176/1176/1177 
f 1178/1178/1179 1194/1194/1195 1193/1193/1194 1177/1177/1178 
f 1179/1179/1180 1195/1195/1196 1194/1194/1195 1178/1178/1179 
f 1180/1180/1181 1196/1196/1197 1195/1195/1196 1179/1179/1180 
f 1181/1181/1182 1197/1197/1198 1196/1196/1197 1180/1180/1181 
f 1182/1182/1183 1198/1198/1199 1197/1197/1198 1181/1181/1182 
f 1183/1183/1184 1199/1199/1200 1198/1198/1199 1182/1182/1183 
f 1184/1184/1170 1200/1200/1186 1199/1199/1200 1183/1183/1184 
f 1185/1185/1185 1201/1201/1201 1216/1216/1202 1200/1200/1186 
f 1186/1186/1187 1202/1202/1203 1201/1201/1201 1185/1185/1185 
f 1187/1187/1188 1203/1203/1204 1202/1202/1203 1186/1186/1187 
f 1188/1188/1189 1204/1204/1205 1203/4617/1204 1187/4615/1188 
f 1189/1189/1190 1205/1205/1206 1204/1204/1205 1188/1188/1189 
f 1190/1190/1191 1206/1206/1207 1205/1205/1206 1189/1189/1190 
f 1191/1191/1192 1207/1207/1208 1206/1206/1207 1190/1190/1191 
f 1192/1192/1193 1208/1208/1209 1207/1207/1208 1191/1191/1192 
f 1193/1193/1194 1209/1209/1210 1208/1208/1209 1192/1192/1193 
f 1194/1194/1195 1210/1210/1211 1209/1209/1210 1193/1193/1194 
f 1195/1195/1196 1211/1211/1212 1210/1210/1211 1194/1194/1195 
f 1196/1196/1197 1212/1212/1213 1211/1211/1212 1195/1195/1196 
f 1197/1197/1198 1213/1213/1214 1212/1212/1213 1196/1196/1197 
f 1198/1198/1199 1214/1214/1215 1213/1213/1214 1197/1197/1198 
f 1199/1199/1200 1215/1215/1216 1214/1214/1215 1198/1198/1199 
f 1200/1200/1186 1216/1216/1202 1215/1215/1216 1199/1199/1200 
f 1201/1201/1201 1217/1217/1217 1232/1232/1218 1216/1216/1202 
f 1202/1202/1203 1218/1218/1219 1217/1217/1217 1201/1201/1201 
f 1203/1203/1204 1219/1219/1220 1218/1218/1219 1202/1202/1203 
f 1204/1204/1205 1220/1220/1221 1219/4618/1220 1203/4617/1204 
f 1205/1205/1206 1221/1221/1222 1220/1220/1221 1204/1204/1205 
f 1206/1206/1207 1222/1222/1223 1221/1221/1222 1205/1205/1206 
f 1207/1207/1208 1223/1223/1224 1222/1222/1223 1206/1206/1207 
f 1208/1208/1209 1224/1224/1225 1223/1223/1224 1207/1207/1208 
f 1209/1209/1210 1225/1225/1226 1224/1224/1225 1208/1208/1209 
f 1210/1210/1211 1226/1226/1227 1225/1225/1226 1209/1209/1210 
f 1211/1211/1212 1227/1227/1228 1226/1226/1227 1210/1210/1211 
f 1212/1212/1213 1228/1228/1229 1227/1227/1228 1211/1211/1212 
f 1213/1213/1214 1229/1229/1230 1228/1228/1229 1212/1212/1213 
f 1214/1214/1215 1230/1230/1231 1229/1229/1230 1213/1213/1214 
f 1215/1215/1216 1231/1231/1232 1230/1230/1231 1214/1214/1215 
f 1216/1216/1202 1232/1232/1218 1231/1231/1232 1215/1215/1216 
f 1217/1217/1217 1233/1233/1233 1248/1248/1234 1232/1232/1218 
f 1218/1218/1219 1234/1234/1235 1233/1233/1233 1217/1217/1217 
f 1219/1219/1220 1235/1235/1236 1234/1234/1235 1218/1218/1219 
f 1220/1220/1221 1236/1236/1237 1235/4566/1236 1219/4618/1220 
f 1221/1221/1222 1237/1237/1238 1236/1236/1237 1220/1220/1221 
f 1222/1222/1223 1238/1238/1239 1237/1237/1238 1221/1221/1222 
f 1223/1223/1224 1239/1239/1240 1238/1238/1239 1222/1222/1223 
f 1224/1224/1225 1240/1240/1241 1239/1239/1240 1223/1223/1224 
f 1225/1225/1226 1241/1241/1242 1240/1240/1241 1224/1224/1225 
f 1226/1226/1227 1242/1242/1243 1241/1241/1242 1225/1225/1226 
f 1227/1227/1228 1243/1243/1244 1242/1242/1243 1226/1226/1227 
f 1228/1228/1229 1244/1244/1245 1243/1243/1244 1227/1227/1228 
f 1229/1229/1230 1245/1245/1246 1244/1244/1245 1228/1228/1229 
f 1230/1230/1231 1246/1246/1247 1245/1245/1246 1229/1229/1230 
f 1231/1231/1232 1247/1247/1248 1246/1246/1247 1230/1230/1231 
f 1232/1232/1218 1248/1248/1234 1247/1247/1248 1231/1231/1232 
f 1233/1233/1233 1249/1249/1249 1264/1264/1250 1248/1248/1234 
f 1234/1234/1235 1250/1250/1251 1249/1249/1249 1233/1233/1233 
f 1235/1235/1236 1251/1251/1252 1250/1250/1251 1234/1234/1235 
f 1236/1236/1237 1252/1252/1253 1251/4619/1252 1235/4566/1236 
f 1237/1237/1238 1253/1253/1254 1252/1252/1253 1236/1236/1237 
f 1238/1238/1239 1254/1254/1255 1253/1253/1254 1237/1237/1238 
f 1239/1239/1240 1255/1255/1256 1254/1254/1255 1238/1238/1239 
f 1240/1240/1241 1256/1256/1257 1255/1255/1256 1239/1239/1240 
f 1241/1241/1242 1257/1257/1258 1256/1256/1257 1240/1240/1241 
f 1242/1242/1243 1258/1258/1259 1257/1257/1258 1241/1241/1242 
f 1243/1243/1244 1259/1259/1260 1258/1258/1259 1242/1242/1243 
f 1244/1244/1245 1260/1260/1261 1259/1259/1260 1243/1243/1244 
f 1245/1245/1246 1261/1261/1262 1260/1260/1261 1244/1244/1245 
f 1246/1246/1247 1262/1262/1263 1261/1261/1262 1245/1245/1246 
f 1247/1247/1248 1263/1263/1264 1262/1262/1263 1246/1246/1247 
f 1248/1248/1234 1264/1264/1250 1263/1263/1264 1247/1247/1248 
f 1249/1249/1249 1265/1265/1265 1280/1280/1266 1264/1264/1250 
f 1250/1250/1251 1266/1266/1267 1265/1265/1265 1249/1249/1249 
f 1251/1251/1252 1267/1267/1268 1266/1266/1267 1250/1250/1251 
f 1252/1252/1253 1268/1268/1269 1267/4620/1268 1251/4619/1252 
f 1253/1253/1254 1269/1269/1270 1268/1268/1269 1252/1252/1253 
f 1254/1254/1255 1270/1270/1271 1269/1269/1270 1253/1253/1254 
f 1255/1255/1256 1271/1271/1272 1270/1270/1271 1254/1254/1255 
f 1256/1256/1257 1272/1272/1273 1271/1271/1272 1255/1255/1256 
f 1257/1257/1258 1273/1273/1274 1272/1272/1273 1256/1256/1257 
f 1258/1258/1259 1274/1274/1275 1273/1273/1274 1257/1257/1258 
f 1259/1259/1260 1275/1275/1276 1274/1274/1275 1258/1258/1259 
f 1260/1260/1261 1276/1276/1277 1275/1275/1276 1259/1259/1260 
f 1261/1261/1262 1277/1277/1278 1276/1276/1277 1260/1260/1261 
f 1262/1262/1263 1278/1278/1279 1277/1277/1278 1261/1261/1262 
f 1263/1263/1264 1279/1279/1280 1278/1278/1279 1262/1262/1263 
f 1264/1264/1250 1280/1280/1266 1279/1279/1280 1263/1263/1264 
f 1265/1265/1265 1281/1281/1281 1296/1296/1282 1280/1280/1266 
f 1266/1266/1267 1282/1282/1283 1281/1281/1281 1265/1265/1265 
f 1267/1267/1268 1283/1283/1284 1282/1282/1283 1266/1266/1267 
f 1268/1268/1269 1284/1284/1285 1283/4622/1284 1267/4620/1268 
f 1269/1269/1270 1285/1285/1286 1284/1284/1285 1268/1268/1269 
f 1270/1270/1271 1286/1286/1287 1285/1285/1286 1269/1269/1270 
f 1271/1271/1272 1287/1287/1288 1286/1286/1287 1270/1270/1271 
f 1272/1272/1273 1288/1288/1289 1287/1287/1288 1271/1271/1272 
f 1273/1273/1274 1289/1289/1290 1288/1288/1289 1272/1272/1273 
f 1274/1274/1275 1290/1290/1291 1289/1289/1290 1273/1273/1274 
f 1275/1275/1276 1291/1291/1292 1290/1290/1291 1274/1274/1275 
f 1276/1276/1277 1292/1292/1293 1291/1291/1292 1275/1275/1276 
f 1277/1277/1278 1293/1293/1294 1292/1292/1293 1276/1276/1277 
f 1278/1278/1279 1294/1294/1295 1293/1293/1294 1277/1277/1278 
f 1279/1279/1280 1295/1295/1296 1294/1294/1295 1278/1278/1279 
f 1280/1280/1266 1296/1296/1282 1295/1295/1296 1279/1279/1280 
f 1281/1281/1281 1297/1297/1297 1312/1312/1298 1296/1296/1282 
f 1282/1282/1283 1298/1298/1299 1297/1297/1297 1281/1281/1281 
f 1283/1283/1284 1299/1299/1300 1298/1298/1299 1282/1282/1283 
f 1284/1284/1285 1300/1300/1301 1299/4623/1300 1283/4622/1284 
f 1285/1285/1286 1301/1301/1302 1300/1300/1301 1284/1284/1285 
f 1286/1286/1287 1302/1302/1303 1301/1301/1302 1285/1285/1286 
f 1287/1287/1288 1303/1303/1304 1302/1302/1303 1286/1286/1287 
f 1288/1288/1289 1304/1304/1305 1303/1303/1304 1287/1287/1288 
f 1289/1289/1290 1305/1305/1306 1304/1304/1305 1288/1288/1289 
f 1290/1290/1291 1306/1306/1307 1305/1305/1306 1289/1289/1290 
f 1291/1291/1292 1307/1307/1308 1306/1306/1307 1290/1290/1291 
f 1292/1292/1293 1308/1308/1309 1307/1307/1308 1291/1291/1292 
f 1293/1293/1294 1309/1309/1310 1308/1308/1309 1292/1292/1293 
f 1294/1294/1295 1310/1310/1311 1309/1309/1310 1293/1293/1294 
f 1295/1295/1296 1311/1311/1312 1310/1310/1311 1294/1294/1295 
f 1296/1296/1282 1312/1312/1298 1311/1311/1312 1295/1295/1296 
o cable:002:001
s 1
f 1313/1313/1313 1329/1329/1314 1344/1344/1315 1328/1328/1316 
f 1314/4626/1317 1330/1330/1318 1329/1329/1314 1313/1313/1313 
f 1315/1315/1319 1331/1331/1320 1330/4627/1318 1314/1314/1317 
f 1316/1316/1321 1332/1332/1322 1331/1331/1320 1315/1315/1319 
f 1317/1317/1323 1333/1333/1324 1332/1332/1322 1316/1316/1321 
f 1318/1318/1325 1334/1334/1326 1333/1333/1324 1317/1317/1323 
f 1319/1319/1327 1335/1335/1328 1334/1334/1326 1318/1318/1325 
f 1320/1320/1329 1336/1336/1330 1335/1335/1328 1319/1319/1327 
f 1321/1321/1331 1337/1337/1332 1336/1336/1330 1320/1320/1329 
f 1322/1322/1333 1338/1338/1334 1337/1337/1332 1321/1321/1331 
f 1323/1323/1335 1339/1339/1336 1338/1338/1334 1322/1322/1333 
f 1324/1324/1337 1340/1340/1338 1339/1339/1336 1323/1323/1335 
f 1325/1325/1339 1341/1341/1340 1340/1340/1338 1324/1324/1337 
f 1326/1326/1341 1342/1342/1342 1341/1341/1340 1325/1325/1339 
f 1327/1327/1343 1343/1343/1344 1342/1342/1342 1326/1326/1341 
f 1328/1328/1316 1344/1344/1315 1343/1343/1344 1327/1327/1343 
f 1329/1329/1314 1345/1345/1345 1360/1360/1346 1344/1344/1315 
f 1330/1330/1318 1346/1346/1347 1345/1345/1345 1329/1329/1314 
f 1331/1331/1320 1347/1347/1348 1346/4629/1347 1330/4627/1318 
f 1332/1332/1322 1348/1348/1349 1347/1347/1348 1331/1331/1320 
f 1333/1333/1324 1349/1349/1350 1348/1348/1349 1332/1332/1322 
f 1334/1334/1326 1350/1350/1351 1349/1349/1350 1333/1333/1324 
f 1335/1335/1328 1351/1351/1352 1350/1350/1351 1334/1334/1326 
f 1336/1336/1330 1352/1352/1353 1351/1351/1352 1335/1335/1328 
f 1337/1337/1332 1353/1353/1354 1352/1352/1353 1336/1336/1330 
f 1338/1338/1334 1354/1354/1355 1353/1353/1354 1337/1337/1332 
f 1339/1339/1336 1355/1355/1356 1354/1354/1355 1338/1338/1334 
f 1340/1340/1338 1356/1356/1357 1355/1355/1356 1339/1339/1336 
f 1341/1341/1340 1357/1357/1358 1356/1356/1357 1340/1340/1338 
f 1342/1342/1342 1358/1358/1359 1357/1357/1358 1341/1341/1340 
f 1343/1343/1344 1359/1359/1360 1358/1358/1359 1342/1342/1342 
f 1344/1344/1315 1360/1360/1346 1359/1359/1360 1343/1343/1344 
f 1345/1345/1345 1361/1361/1361 1376/1376/1362 1360/1360/1346 
f 1346/1346/1347 1362/1362/1363 1361/1361/1361 1345/1345/1345 
f 1347/1347/1348 1363/1363/1364 1362/4632/1363 1346/4629/1347 
f 1348/1348/1349 1364/1364/1365 1363/1363/1364 1347/1347/1348 
f 1349/1349/1350 1365/1365/1366 1364/1364/1365 1348/1348/1349 
f 1350/1350/1351 1366/1366/1367 1365/1365/1366 1349/1349/1350 
f 1351/1351/1352 1367/1367/1368 1366/1366/1367 1350/1350/1351 
f 1352/1352/1353 1368/1368/1369 1367/1367/1368 1351/1351/1352 
f 1353/1353/1354 1369/1369/1370 1368/1368/1369 1352/1352/1353 
f 1354/1354/1355 1370/1370/1371 1369/1369/1370 1353/1353/1354 
f 1355/1355/1356 1371/1371/1372 1370/1370/1371 1354/1354/1355 
f 1356/1356/1357 1372/1372/1373 1371/1371/1372 1355/1355/1356 
f 1357/1357/1358 1373/1373/1374 1372/1372/1373 1356/1356/1357 
f 1358/1358/1359 1374/1374/1375 1373/1373/1374 1357/1357/1358 
f 1359/1359/1360 1375/1375/1376 1374/1374/1375 1358/1358/1359 
f 1360/1360/1346 1376/1376/1362 1375/1375/1376 1359/1359/1360 
f 1361/1361/1361 1377/1377/1377 1392/1392/1378 1376/1376/1362 
f 1362/1362/1363 1378/1378/1379 1377/1377/1377 1361/1361/1361 
f 1363/1363/1364 1379/1379/1380 1378/4633/1379 1362/4632/1363 
f 1364/1364/1365 1380/1380/1381 1379/1379/1380 1363/1363/1364 
f 1365/1365/1366 1381/1381/1382 1380/1380/1381 1364/1364/1365 
f 1366/1366/1367 1382/1382/1383 1381/1381/1382 1365/1365/1366 
f 1367/1367/1368 1383/1383/1384 1382/1382/1383 1366/1366/1367 
f 1368/1368/1369 1384/1384/1385 1383/1383/1384 1367/1367/1368 
f 1369/1369/1370 1385/1385/1386 1384/1384/1385 1368/1368/1369 
f 1370/1370/1371 1386/1386/1387 1385/1385/1386 1369/1369/1370 
f 1371/1371/1372 1387/1387/1388 1386/1386/1387 1370/1370/1371 
f 1372/1372/1373 1388/1388/1389 1387/1387/1388 1371/1371/1372 
f 1373/1373/1374 1389/1389/1390 1388/1388/1389 1372/1372/1373 
f 1374/1374/1375 1390/1390/1391 1389/1389/1390 1373/1373/1374 
f 1375/1375/1376 1391/1391/1392 1390/1390/1391 1374/1374/1375 
f 1376/1376/1362 1392/1392/1378 1391/1391/1392 1375/1375/1376 
f 1377/1377/1377 1393/1393/1393 1408/1408/1394 1392/1392/1378 
f 1378/1378/1379 1394/1394/1395 1393/1393/1393 1377/1377/1377 
f 1379/1379/1380 1395/1395/1396 1394/4634/1395 1378/4633/1379 
f 1380/1380/1381 1396/1396/1397 1395/1395/1396 1379/1379/1380 
f 1381/1381/1382 1397/1397/1398 1396/1396/1397 1380/1380/1381 
f 1382/1382/1383 1398/1398/1399 1397/1397/1398 1381/1381/1382 
f 1383/1383/1384 1399/1399/1400 1398/1398/1399 1382/1382/1383 
f 1384/1384/1385 1400/1400/1401 1399/1399/1400 1383/1383/1384 
f 1385/1385/1386 1401/1401/1402 1400/1400/1401 1384/1384/1385 
f 1386/1386/1387 1402/1402/1403 1401/1401/1402 1385/1385/1386 
f 1387/1387/1388 1403/1403/1404 1402/1402/1403 1386/1386/1387 
f 1388/1388/1389 1404/1404/1405 1403/1403/1404 1387/1387/1388 
f 1389/1389/1390 1405/1405/1406 1404/1404/1405 1388/1388/1389 
f 1390/1390/1391 1406/1406/1407 1405/1405/1406 1389/1389/1390 
f 1391/1391/1392 1407/1407/1408 1406/1406/1407 1390/1390/1391 
f 1392/1392/1378 1408/1408/1394 1407/1407/1408 1391/1391/1392 
f 1393/1393/1393 1409/1409/1409 1424/1424/1410 1408/1408/1394 
f 1394/1394/1395 1410/1410/1411 1409/1409/1409 1393/1393/1393 
f 1395/1395/1396 1411/1411/1412 1410/4635/1411 1394/4634/1395 
f 1396/1396/1397 1412/1412/1413 1411/1411/1412 1395/1395/1396 
f 1397/1397/1398 1413/1413/1414 1412/1412/1413 1396/1396/1397 
f 1398/1398/1399 1414/1414/1415 1413/1413/1414 1397/1397/1398 
f 1399/1399/1400 1415/1415/1416 1414/1414/1415 1398/1398/1399 
f 1400/1400/1401 1416/1416/1417 1415/1415/1416 1399/1399/1400 
f 1401/1401/1402 1417/1417/1418 1416/1416/1417 1400/1400/1401 
f 1402/1402/1403 1418/1418/1419 1417/1417/1418 1401/1401/1402 
f 1403/1403/1404 1419/1419/1420 1418/1418/1419 1402/1402/1403 
f 1404/1404/1405 1420/1420/1421 1419/1419/1420 1403/1403/1404 
f 1405/1405/1406 1421/1421/1422 1420/1420/1421 1404/1404/1405 
f 1406/1406/1407 1422/1422/1423 1421/1421/1422 1405/1405/1406 
f 1407/1407/1408 1423/1423/1424 1422/1422/1423 1406/1406/1407 
f 1408/1408/1394 1424/1424/1410 1423/1423/1424 1407/1407/1408 
f 1409/1409/1409 1425/1425/1425 1440/1440/1426 1424/1424/1410 
f 1410/1410/1411 1426/1426/1427 1425/1425/1425 1409/1409/1409 
f 1411/1411/1412 1427/1427/1428 1426/4636/1427 1410/4635/1411 
f 1412/1412/1413 1428/1428/1429 1427/1427/1428 1411/1411/1412 
f 1413/1413/1414 1429/1429/1430 1428/1428/1429 1412/1412/1413 
f 1414/1414/1415 1430/1430/1431 1429/1429/1430 1413/1413/1414 
f 1415/1415/1416 1431/1431/1432 1430/1430/1431 1414/1414/1415 
f 1416/1416/1417 1432/1432/1433 1431/1431/1432 1415/1415/1416 
f 1417/1417/1418 1433/1433/1434 1432/1432/1433 1416/1416/1417 
f 1418/1418/1419 1434/1434/1435 1433/1433/1434 1417/1417/1418 
f 1419/1419/1420 1435/1435/1436 1434/1434/1435 1418/1418/1419 
f 1420/1420/1421 1436/1436/1437 1435/1435/1436 1419/1419/1420 
f 1421/1421/1422 1437/1437/1438 1436/1436/1437 1420/1420/1421 
f 1422/1422/1423 1438/1438/1439 1437/1437/1438 1421/1421/1422 
f 1423/1423/1424 1439/1439/1440 1438/1438/1439 1422/1422/1423 
f 1424/1424/1410 1440/1440/1426 1439/1439/1440 1423/1423/1424 
f 1425/1425/1425 1441/1441/1441 1456/1456/1442 1440/1440/1426 
f 1426/1426/1427 1442/1442/1443 1441/1441/1441 1425/1425/1425 
f 1427/1427/1428 1443/1443/1444 1442/4638/1443 1426/4636/1427 
f 1428/1428/1429 1444/1444/1445 1443/1443/1444 1427/1427/1428 
f 1429/1429/1430 1445/1445/1446 1444/1444/1445 1428/1428/1429 
f 1430/1430/1431 1446/1446/1447 1445/1445/1446 1429/1429/1430 
f 1431/1431/1432 1447/1447/1448 1446/1446/1447 1430/1430/1431 
f 1432/1432/1433 1448/1448/1449 1447/1447/1448 1431/1431/1432 
f 1433/1433/1434 1449/1449/1450 1448/1448/1449 1432/1432/1433 
f 1434/1434/1435 1450/1450/1451 1449/1449/1450 1433/1433/1434 
f 1435/1435/1436 1451/1451/1452 1450/1450/1451 1434/1434/1435 
f 1436/1436/1437 1452/1452/1453 1451/1451/1452 1435/1435/1436 
f 1437/1437/1438 1453/1453/1454 1452/1452/1453 1436/1436/1437 
f 1438/1438/1439 1454/1454/1455 1453/1453/1454 1437/1437/1438 
f 1439/1439/1440 1455/1455/1456 1454/1454/1455 1438/1438/1439 
f 1440/1440/1426 1456/1456/1442 1455/1455/1456 1439/1439/1440 
f 1441/1441/1441 1457/1457/1457 1472/1472/1458 1456/1456/1442 
f 1442/1442/1443 1458/1458/1459 1457/1457/1457 1441/1441/1441 
f 1443/1443/1444 1459/1459/1460 1458/4640/1459 1442/4638/1443 
f 1444/1444/1445 1460/1460/1461 1459/1459/1460 1443/1443/1444 
f 1445/1445/1446 1461/1461/1462 1460/1460/1461 1444/1444/1445 
f 1446/1446/1447 1462/1462/1463 1461/1461/1462 1445/1445/1446 
f 1447/1447/1448 1463/1463/1464 1462/1462/1463 1446/1446/1447 
f 1448/1448/1449 1464/1464/1465 1463/1463/1464 1447/1447/1448 
f 1449/1449/1450 1465/1465/1466 1464/1464/1465 1448/1448/1449 
f 1450/1450/1451 1466/1466/1467 1465/1465/1466 1449/1449/1450 
f 1451/1451/1452 1467/1467/1468 1466/1466/1467 1450/1450/1451 
f 1452/1452/1453 1468/1468/1469 1467/1467/1468 1451/1451/1452 
f 1453/1453/1454 1469/1469/1470 1468/1468/1469 1452/1452/1453 
f 1454/1454/1455 1470/1470/1471 1469/1469/1470 1453/1453/1454 
f 1455/1455/1456 1471/1471/1472 1470/1470/1471 1454/1454/1455 
f 1456/1456/1442 1472/1472/1458 1471/1471/1472 1455/1455/1456 
f 1457/1457/1457 1473/1473/1473 1488/1488/1474 1472/1472/1458 
f 1458/1458/1459 1474/1474/1475 1473/1473/1473 1457/1457/1457 
f 1459/1459/1460 1475/1475/1476 1474/4642/1475 1458/4640/1459 
f 1460/1460/1461 1476/1476/1477 1475/1475/1476 1459/1459/1460 
f 1461/1461/1462 1477/1477/1478 1476/1476/1477 1460/1460/1461 
f 1462/1462/1463 1478/1478/1479 1477/1477/1478 1461/1461/1462 
f 1463/1463/1464 1479/1479/1480 1478/1478/1479 1462/1462/1463 
f 1464/1464/1465 1480/1480/1481 1479/1479/1480 1463/1463/1464 
f 1465/1465/1466 1481/1481/1482 1480/1480/1481 1464/1464/1465 
f 1466/1466/1467 1482/1482/1483 1481/1481/1482 1465/1465/1466 
f 1467/1467/1468 1483/1483/1484 1482/1482/1483 1466/1466/1467 
f 1468/1468/1469 1484/1484/1485 1483/1483/1484 1467/1467/1468 
f 1469/1469/1470 1485/1485/1486 1484/1484/1485 1468/1468/1469 
f 1470/1470/1471 1486/1486/1487 1485/1485/1486 1469/1469/1470 
f 1471/1471/1472 1487/1487/1488 1486/1486/1487 1470/1470/1471 
f 1472/1472/1458 1488/1488/1474 1487/1487/1488 1471/1471/1472 
f 1473/1473/1473 1489/1489/1489 1504/1504/1490 1488/1488/1474 
f 1474/1474/1475 1490/1490/1491 1489/1489/1489 1473/1473/1473 
f 1475/1475/1476 1491/1491/1492 1490/4644/1491 1474/4642/1475 
f 1476/1476/1477 1492/1492/1493 1491/1491/1492 1475/1475/1476 
f 1477/1477/1478 1493/1493/1494 1492/1492/1493 1476/1476/1477 
f 1478/1478/1479 1494/1494/1495 1493/1493/1494 1477/1477/1478 
f 1479/1479/1480 1495/1495/1496 1494/1494/1495 1478/1478/1479 
f 1480/1480/1481 1496/1496/1497 1495/1495/1496 1479/1479/1480 
f 1481/1481/1482 1497/1497/1498 1496/1496/1497 1480/1480/1481 
f 1482/1482/1483 1498/1498/1499 1497/1497/1498 1481/1481/1482 
f 1483/1483/1484 1499/1499/1500 1498/1498/1499 1482/1482/1483 
f 1484/1484/1485 1500/1500/1501 1499/1499/1500 1483/1483/1484 
f 1485/1485/1486 1501/1501/1502 1500/1500/1501 1484/1484/1485 
f 1486/1486/1487 1502/1502/1503 1501/1501/1502 1485/1485/1486 
f 1487/1487/1488 1503/1503/1504 1502/1502/1503 1486/1486/1487 
f 1488/1488/1474 1504/1504/1490 1503/1503/1504 1487/1487/1488 
f 1489/1489/1489 1505/1505/1505 1520/1520/1506 1504/1504/1490 
f 1490/1490/1491 1506/1506/1507 1505/1505/1505 1489/1489/1489 
f 1491/1491/1492 1507/1507/1508 1506/4645/1507 1490/4644/1491 
f 1492/1492/1493 1508/1508/1509 1507/1507/1508 1491/1491/1492 
f 1493/1493/1494 1509/1509/1510 1508/1508/1509 1492/1492/1493 
f 1494/1494/1495 1510/1510/1511 1509/1509/1510 1493/1493/1494 
f 1495/1495/1496 1511/1511/1512 1510/1510/1511 1494/1494/1495 
f 1496/1496/1497 1512/1512/1513 1511/1511/1512 1495/1495/1496 
f 1497/1497/1498 1513/1513/1514 1512/1512/1513 1496/1496/1497 
f 1498/1498/1499 1514/1514/1515 1513/1513/1514 1497/1497/1498 
f 1499/1499/1500 1515/1515/1516 1514/1514/1515 1498/1498/1499 
f 1500/1500/1501 1516/1516/1517 1515/1515/1516 1499/1499/1500 
f 1501/1501/1502 1517/1517/1518 1516/1516/1517 1500/1500/1501 
f 1502/1502/1503 1518/1518/1519 1517/1517/1518 1501/1501/1502 
f 1503/1503/1504 1519/1519/1520 1518/1518/1519 1502/1502/1503 
f 1504/1504/1490 1520/1520/1506 1519/1519/1520 1503/1503/1504 
f 1505/1505/1505 1521/1521/1521 1536/1536/1522 1520/1520/1506 
f 1506/1506/1507 1522/1522/1523 1521/1521/1521 1505/1505/1505 
f 1507/1507/1508 1523/1523/1524 1522/4647/1523 1506/4645/1507 
f 1508/1508/1509 1524/1524/1525 1523/1523/1524 1507/1507/1508 
f 1509/1509/1510 1525/1525/1526 1524/1524/1525 1508/1508/1509 
f 1510/1510/1511 1526/1526/1527 1525/1525/1526 1509/1509/1510 
f 1511/1511/1512 1527/1527/1528 1526/1526/1527 1510/1510/1511 
f 1512/1512/1513 1528/1528/1529 1527/1527/1528 1511/1511/1512 
f 1513/1513/1514 1529/1529/1530 1528/1528/1529 1512/1512/1513 
f 1514/1514/1515 1530/1530/1531 1529/1529/1530 1513/1513/1514 
f 1515/1515/1516 1531/1531/1532 1530/1530/1531 1514/1514/1515 
f 1516/1516/1517 1532/1532/1533 1531/1531/1532 1515/1515/1516 
f 1517/1517/1518 1533/1533/1534 1532/1532/1533 1516/1516/1517 
f 1518/1518/1519 1534/1534/1535 1533/1533/1534 1517/1517/1518 
f 1519/1519/1520 1535/1535/1536 1534/1534/1535 1518/1518/1519 
f 1520/1520/1506 1536/1536/1522 1535/1535/1536 1519/1519/1520 
f 1521/1521/1521 1537/1537/1537 1552/1552/1538 1536/1536/1522 
f 1522/1522/1523 1538/1538/1539 1537/1537/1537 1521/1521/1521 
f 1523/1523/1524 1539/1539/1540 1538/4648/1539 1522/4647/1523 
f 1524/1524/1525 1540/1540/1541 1539/1539/1540 1523/1523/1524 
f 1525/1525/1526 1541/1541/1542 1540/1540/1541 1524/1524/1525 
f 1526/1526/1527 1542/1542/1543 1541/1541/1542 1525/1525/1526 
f 1527/1527/1528 1543/1543/1544 1542/1542/1543 1526/1526/1527 
f 1528/1528/1529 1544/1544/1545 1543/1543/1544 1527/1527/1528 
f 1529/1529/1530 1545/1545/1546 1544/1544/1545 1528/1528/1529 
f 1530/1530/1531 1546/1546/1547 1545/1545/1546 1529/1529/1530 
f 1531/1531/1532 1547/1547/1548 1546/1546/1547 1530/1530/1531 
f 1532/1532/1533 1548/1548/1549 1547/1547/1548 1531/1531/1532 
f 1533/1533/1534 1549/1549/1550 1548/1548/1549 1532/1532/1533 
f 1534/1534/1535 1550/1550/1551 1549/1549/1550 1533/1533/1534 
f 1535/1535/1536 1551/1551/1552 1550/1550/1551 1534/1534/1535 
f 1536/1536/1522 1552/1552/1538 1551/1551/1552 1535/1535/1536 
f 1537/1537/1537 1553/1553/1553 1568/1568/1554 1552/1552/1538 
f 1538/1538/1539 1554/1554/1555 1553/1553/1553 1537/1537/1537 
f 1539/1539/1540 1555/1555/1556 1554/4650/1555 1538/4648/1539 
f 1540/1540/1541 1556/1556/1557 1555/1555/1556 1539/1539/1540 
f 1541/1541/1542 1557/1557/1558 1556/1556/1557 1540/1540/1541 
f 1542/1542/1543 1558/1558/1559 1557/1557/1558 1541/1541/1542 
f 1543/1543/1544 1559/1559/1560 1558/1558/1559 1542/1542/1543 
f 1544/1544/1545 1560/1560/1561 1559/1559/1560 1543/1543/1544 
f 1545/1545/1546 1561/1561/1562 1560/1560/1561 1544/1544/1545 
f 1546/1546/1547 1562/1562/1563 1561/1561/1562 1545/1545/1546 
f 1547/1547/1548 1563/1563/1564 1562/1562/1563 1546/1546/1547 
f 1548/1548/1549 1564/1564/1565 1563/1563/1564 1547/1547/1548 
f 1549/1549/1550 1565/1565/1566 1564/1564/1565 1548/1548/1549 
f 1550/1550/1551 1566/1566/1567 1565/1565/1566 1549/1549/1550 
f 1551/1551/1552 1567/1567/1568 1566/1566/1567 1550/1550/1551 
f 1552/1552/1538 1568/1568/1554 1567/1567/1568 1551/1551/1552 
f 1553/1553/1553 1569/1569/1569 1584/1584/1570 1568/1568/1554 
f 1554/1554/1555 1570/1570/1571 1569/1569/1569 1553/1553/1553 
f 1555/1555/1556 1571/1571/1572 1570/4652/1571 1554/4650/1555 
f 1556/1556/1557 1572/1572/1573 1571/1571/1572 1555/1555/1556 
f 1557/1557/1558 1573/1573/1574 1572/1572/1573 1556/1556/1557 
f 1558/1558/1559 1574/1574/1575 1573/1573/1574 1557/1557/1558 
f 1559/1559/1560 1575/1575/1576 1574/1574/1575 1558/1558/1559 
f 1560/1560/1561 1576/1576/1577 1575/1575/1576 1559/1559/1560 
f 1561/1561/1562 1577/1577/1578 1576/1576/1577 1560/1560/1561 
f 1562/1562/1563 1578/1578/1579 1577/1577/1578 1561/1561/1562 
f 1563/1563/1564 1579/1579/1580 1578/1578/1579 1562/1562/1563 
f 1564/1564/1565 1580/1580/1581 1579/1579/1580 1563/1563/1564 
f 1565/1565/1566 1581/1581/1582 1580/1580/1581 1564/1564/1565 
f 1566/1566/1567 1582/1582/1583 1581/1581/1582 1565/1565/1566 
f 1567/1567/1568 1583/1583/1584 1582/1582/1583 1566/1566/1567 
f 1568/1568/1554 1584/1584/1570 1583/1583/1584 1567/1567/1568 
f 1569/1569/1569 1585/1585/1585 1600/1600/1586 1584/1584/1570 
f 1570/1570/1571 1586/1586/1587 1585/1585/1585 1569/1569/1569 
f 1571/1571/1572 1587/1587/1588 1586/4654/1587 1570/4652/1571 
f 1572/1572/1573 1588/1588/1589 1587/1587/1588 1571/1571/1572 
f 1573/1573/1574 1589/1589/1590 1588/1588/1589 1572/1572/1573 
f 1574/1574/1575 1590/1590/1591 1589/1589/1590 1573/1573/1574 
f 1575/1575/1576 1591/1591/1592 1590/1590/1591 1574/1574/1575 
f 1576/1576/1577 1592/1592/1593 1591/1591/1592 1575/1575/1576 
f 1577/1577/1578 1593/1593/1594 1592/1592/1593 1576/1576/1577 
f 1578/1578/1579 1594/1594/1595 1593/1593/1594 1577/1577/1578 
f 1579/1579/1580 1595/1595/1596 1594/1594/1595 1578/1578/1579 
f 1580/1580/1581 1596/1596/1597 1595/1595/1596 1579/1579/1580 
f 1581/1581/1582 1597/1597/1598 1596/1596/1597 1580/1580/1581 
f 1582/1582/1583 1598/1598/1599 1597/1597/1598 1581/1581/1582 
f 1583/1583/1584 1599/1599/1600 1598/1598/1599 1582/1582/1583 
f 1584/1584/1570 1600/1600/1586 1599/1599/1600 1583/1583/1584 
f 1585/1585/1585 1601/1601/1601 1616/1616/1602 1600/1600/1586 
f 1586/1586/1587 1602/1602/1603 1601/1601/1601 1585/1585/1585 
f 1587/1587/1588 1603/1603/1604 1602/4657/1603 1586/4654/1587 
f 1588/1588/1589 1604/1604/1605 1603/1603/1604 1587/1587/1588 
f 1589/1589/1590 1605/1605/1606 1604/1604/1605 1588/1588/1589 
f 1590/1590/1591 1606/1606/1607 1605/1605/1606 1589/1589/1590 
f 1591/1591/1592 1607/1607/1608 1606/1606/1607 1590/1590/1591 
f 1592/1592/1593 1608/1608/1609 1607/1607/1608 1591/1591/1592 
f 1593/1593/1594 1609/1609/1610 1608/1608/1609 1592/1592/1593 
f 1594/1594/1595 1610/1610/1611 1609/1609/1610 1593/1593/1594 
f 1595/1595/1596 1611/1611/1612 1610/1610/1611 1594/1594/1595 
f 1596/1596/1597 1612/1612/1613 1611/1611/1612 1595/1595/1596 
f 1597/1597/1598 1613/1613/1614 1612/1612/1613 1596/1596/1597 
f 1598/1598/1599 1614/1614/1615 1613/1613/1614 1597/1597/1598 
f 1599/1599/1600 1615/1615/1616 1614/1614/1615 1598/1598/1599 
f 1600/1600/1586 1616/1616/1602 1615/1615/1616 1599/1599/1600 
f 1601/1601/1601 1617/1617/1617 1632/1632/1618 1616/1616/1602 
f 1602/1602/1603 1618/1618/1619 1617/1617/1617 1601/1601/1601 
f 1603/1603/1604 1619/1619/1620 1618/4660/1619 1602/4657/1603 
f 1604/1604/1605 1620/1620/1621 1619/1619/1620 1603/1603/1604 
f 1605/1605/1606 1621/1621/1622 1620/1620/1621 1604/1604/1605 
f 1606/1606/1607 1622/1622/1623 1621/1621/1622 1605/1605/1606 
f 1607/1607/1608 1623/1623/1624 1622/1622/1623 1606/1606/1607 
f 1608/1608/1609 1624/1624/1625 1623/1623/1624 1607/1607/1608 
f 1609/1609/1610 1625/1625/1626 1624/1624/1625 1608/1608/1609 
f 1610/1610/1611 1626/1626/1627 1625/1625/1626 1609/1609/1610 
f 1611/1611/1612 1627/1627/1628 1626/1626/1627 1610/1610/1611 
f 1612/1612/1613 1628/1628/1629 1627/1627/1628 1611/1611/1612 
f 1613/1613/1614 1629/1629/1630 1628/1628/1629 1612/1612/1613 
f 1614/1614/1615 1630/1630/1631 1629/1629/1630 1613/1613/1614 
f 1615/1615/1616 1631/1631/1632 1630/1630/1631 1614/1614/1615 
f 1616/1616/1602 1632/1632/1618 1631/1631/1632 1615/1615/1616 
f 1617/1617/1617 1633/1633/1633 1648/1648/1634 1632/1632/1618 
f 1618/1618/1619 1634/1634/1635 1633/1633/1633 1617/1617/1617 
f 1619/1619/1620 1635/1635/1636 1634/4661/1635 1618/4660/1619 
f 1620/1620/1621 1636/1636/1637 1635/1635/1636 1619/1619/1620 
f 1621/1621/1622 1637/1637/1638 1636/1636/1637 1620/1620/1621 
f 1622/1622/1623 1638/1638/1639 1637/1637/1638 1621/1621/1622 
f 1623/1623/1624 1639/1639/1640 1638/1638/1639 1622/1622/1623 
f 1624/1624/1625 1640/1640/1641 1639/1639/1640 1623/1623/1624 
f 1625/1625/1626 1641/1641/1642 1640/1640/1641 1624/1624/1625 
f 1626/1626/1627 1642/1642/1643 1641/1641/1642 1625/1625/1626 
f 1627/1627/1628 1643/1643/1644 1642/1642/1643 1626/1626/1627 
f 1628/1628/1629 1644/1644/1645 1643/1643/1644 1627/1627/1628 
f 1629/1629/1630 1645/1645/1646 1644/1644/1645 1628/1628/1629 
f 1630/1630/1631 1646/1646/1647 1645/1645/1646 1629/1629/1630 
f 1631/1631/1632 1647/1647/1648 1646/1646/1647 1630/1630/1631 
f 1632/1632/1618 1648/1648/1634 1647/1647/1648 1631/1631/1632 
f 1633/1633/1633 1649/1649/1649 1664/1664/1650 1648/1648/1634 
f 1634/1634/1635 1650/1650/1651 1649/1649/1649 1633/1633/1633 
f 1635/1635/1636 1651/1651/1652 1650/4662/1651 1634/4661/1635 
f 1636/1636/1637 1652/1652/1653 1651/1651/1652 1635/1635/1636 
f 1637/1637/1638 1653/1653/1654 1652/1652/1653 1636/1636/1637 
f 1638/1638/1639 1654/1654/1655 1653/1653/1654 1637/1637/1638 
f 1639/1639/1640 1655/1655/1656 1654/1654/1655 1638/1638/1639 
f 1640/1640/1641 1656/1656/1657 1655/1655/1656 1639/1639/1640 
f 1641/1641/1642 1657/1657/1658 1656/1656/1657 1640/1640/1641 
f 1642/1642/1643 1658/1658/1659 1657/1657/1658 1641/1641/1642 
f 1643/1643/1644 1659/1659/1660 1658/1658/1659 1642/1642/1643 
f 1644/1644/1645 1660/1660/1661 1659/1659/1660 1643/1643/1644 
f 1645/1645/1646 1661/1661/1662 1660/1660/1661 1644/1644/1645 
f 1646/1646/1647 1662/1662/1663 1661/1661/1662 1645/1645/1646 
f 1647/1647/1648 1663/1663/1664 1662/1662/1663 1646/1646/1647 
f 1648/1648/1634 1664/1664/1650 1663/1663/1664 1647/1647/1648 
f 1649/1649/1649 1665/1665/1665 1680/1680/1666 1664/1664/1650 
f 1650/1650/1651 1666/1666/1667 1665/1665/1665 1649/1649/1649 
f 1651/1651/1652 1667/1667/1668 1666/4663/1667 1650/4662/1651 
f 1652/1652/1653 1668/1668/1669 1667/1667/1668 1651/1651/1652 
f 1653/1653/1654 1669/1669/1670 1668/1668/1669 1652/1652/1653 
f 1654/1654/1655 1670/1670/1671 1669/1669/1670 1653/1653/1654 
f 1655/1655/1656 1671/1671/1672 1670/1670/1671 1654/1654/1655 
f 1656/1656/1657 1672/1672/1673 1671/1671/1672 1655/1655/1656 
f 1657/1657/1658 1673/1673/1674 1672/1672/1673 1656/1656/1657 
f 1658/1658/1659 1674/1674/1675 1673/1673/1674 1657/1657/1658 
f 1659/1659/1660 1675/1675/1676 1674/1674/1675 1658/1658/1659 
f 1660/1660/1661 1676/1676/1677 1675/1675/1676 1659/1659/1660 
f 1661/1661/1662 1677/1677/1678 1676/1676/1677 1660/1660/1661 
f 1662/1662/1663 1678/1678/1679 1677/1677/1678 1661/1661/1662 
f 1663/1663/1664 1679/1679/1680 1678/1678/1679 1662/1662/1663 
f 1664/1664/1650 1680/1680/1666 1679/1679/1680 1663/1663/1664 
f 1665/1665/1665 1681/1681/1681 1696/1696/1682 1680/1680/1666 
f 1666/1666/1667 1682/1682/1683 1681/1681/1681 1665/1665/1665 
f 1667/1667/1668 1683/1683/1684 1682/4664/1683 1666/4663/1667 
f 1668/1668/1669 1684/1684/1685 1683/1683/1684 1667/1667/1668 
f 1669/1669/1670 1685/1685/1686 1684/1684/1685 1668/1668/1669 
f 1670/1670/1671 1686/1686/1687 1685/1685/1686 1669/1669/1670 
f 1671/1671/1672 1687/1687/1688 1686/1686/1687 1670/1670/1671 
f 1672/1672/1673 1688/1688/1689 1687/1687/1688 1671/1671/1672 
f 1673/1673/1674 1689/1689/1690 1688/1688/1689 1672/1672/1673 
f 1674/1674/1675 1690/1690/1691 1689/1689/1690 1673/1673/1674 
f 1675/1675/1676 1691/1691/1692 1690/1690/1691 1674/1674/1675 
f 1676/1676/1677 1692/1692/1693 1691/1691/1692 1675/1675/1676 
f 1677/1677/1678 1693/1693/1694 1692/1692/1693 1676/1676/1677 
f 1678/1678/1679 1694/1694/1695 1693/1693/1694 1677/1677/1678 
f 1679/1679/1680 1695/1695/1696 1694/1694/1695 1678/1678/1679 
f 1680/1680/1666 1696/1696/1682 1695/1695/1696 1679/1679/1680 
f 1681/1681/1681 1697/1697/1697 1712/1712/1698 1696/1696/1682 
f 1682/1682/1683 1698/1698/1699 1697/1697/1697 1681/1681/1681 
f 1683/1683/1684 1699/1699/1700 1698/4665/1699 1682/4664/1683 
f 1684/1684/1685 1700/1700/1701 1699/1699/1700 1683/1683/1684 
f 1685/1685/1686 1701/1701/1702 1700/1700/1701 1684/1684/1685 
f 1686/1686/1687 1702/1702/1703 1701/1701/1702 1685/1685/1686 
f 1687/1687/1688 1703/1703/1704 1702/1702/1703 1686/1686/1687 
f 1688/1688/1689 1704/1704/1705 1703/1703/1704 1687/1687/1688 
f 1689/1689/1690 1705/1705/1706 1704/1704/1705 1688/1688/1689 
f 1690/1690/1691 1706/1706/1707 1705/1705/1706 1689/1689/1690 
f 1691/1691/1692 1707/1707/1708 1706/1706/1707 1690/1690/1691 
f 1692/1692/1693 1708/1708/1709 1707/1707/1708 1691/1691/1692 
f 1693/1693/1694 1709/1709/1710 1708/1708/1709 1692/1692/1693 
f 1694/1694/1695 1710/1710/1711 1709/1709/1710 1693/1693/1694 
f 1695/1695/1696 1711/1711/1712 1710/1710/1711 1694/1694/1695 
f 1696/1696/1682 1712/1712/1698 1711/1711/1712 1695/1695/1696 
f 1697/1697/1697 1713/1713/1713 1728/1728/1714 1712/1712/1698 
f 1698/1698/1699 1714/1714/1715 1713/1713/1713 1697/1697/1697 
f 1699/1699/1700 1715/1715/1716 1714/4666/1715 1698/4665/1699 
f 1700/1700/1701 1716/1716/1717 1715/1715/1716 1699/1699/1700 
f 1701/1701/1702 1717/1717/1718 1716/1716/1717 1700/1700/1701 
f 1702/1702/1703 1718/1718/1719 1717/1717/1718 1701/1701/1702 
f 1703/1703/1704 1719/1719/1720 1718/1718/1719 1702/1702/1703 
f 1704/1704/1705 1720/1720/1721 1719/1719/1720 1703/1703/1704 
f 1705/1705/1706 1721/1721/1722 1720/1720/1721 1704/1704/1705 
f 1706/1706/1707 1722/1722/1723 1721/1721/1722 1705/1705/1706 
f 1707/1707/1708 1723/1723/1724 1722/1722/1723 1706/1706/1707 
f 1708/1708/1709 1724/1724/1725 1723/1723/1724 1707/1707/1708 
f 1709/1709/1710 1725/1725/1726 1724/1724/1725 1708/1708/1709 
f 1710/1710/1711 1726/1726/1727 1725/1725/1726 1709/1709/1710 
f 1711/1711/1712 1727/1727/1728 1726/1726/1727 1710/1710/1711 
f 1712/1712/1698 1728/1728/1714 1727/1727/1728 1711/1711/1712 
f 1713/1713/1713 1729/1729/1729 1744/1744/1730 1728/1728/1714 
f 1714/1714/1715 1730/1730/1731 1729/1729/1729 1713/1713/1713 
f 1715/1715/1716 1731/1731/1732 1730/4667/1731 1714/4666/1715 
f 1716/1716/1717 1732/1732/1733 1731/1731/1732 1715/1715/1716 
f 1717/1717/1718 1733/1733/1734 1732/1732/1733 1716/1716/1717 
f 1718/1718/1719 1734/1734/1735 1733/1733/1734 1717/1717/1718 
f 1719/1719/1720 1735/1735/1736 1734/1734/1735 1718/1718/1719 
f 1720/1720/1721 1736/1736/1737 1735/1735/1736 1719/1719/1720 
f 1721/1721/1722 1737/1737/1738 1736/1736/1737 1720/1720/1721 
f 1722/1722/1723 1738/1738/1739 1737/1737/1738 1721/1721/1722 
f 1723/1723/1724 1739/1739/1740 1738/1738/1739 1722/1722/1723 
f 1724/1724/1725 1740/1740/1741 1739/1739/1740 1723/1723/1724 
f 1725/1725/1726 1741/1741/1742 1740/1740/1741 1724/1724/1725 
f 1726/1726/1727 1742/1742/1743 1741/1741/1742 1725/1725/1726 
f 1727/1727/1728 1743/1743/1744 1742/1742/1743 1726/1726/1727 
f 1728/1728/1714 1744/1744/1730 1743/1743/1744 1727/1727/1728 
f 1729/1729/1729 1745/1745/1745 1760/1760/1746 1744/1744/1730 
f 1730/1730/1731 1746/1746/1747 1745/1745/1745 1729/1729/1729 
f 1731/1731/1732 1747/1747/1748 1746/4669/1747 1730/4667/1731 
f 1732/1732/1733 1748/1748/1749 1747/1747/1748 1731/1731/1732 
f 1733/1733/1734 1749/1749/1750 1748/1748/1749 1732/1732/1733 
f 1734/1734/1735 1750/1750/1751 1749/1749/1750 1733/1733/1734 
f 1735/1735/1736 1751/1751/1752 1750/1750/1751 1734/1734/1735 
f 1736/1736/1737 1752/1752/1753 1751/1751/1752 1735/1735/1736 
f 1737/1737/1738 1753/1753/1754 1752/1752/1753 1736/1736/1737 
f 1738/1738/1739 1754/1754/1755 1753/1753/1754 1737/1737/1738 
f 1739/1739/1740 1755/1755/1756 1754/1754/1755 1738/1738/1739 
f 1740/1740/1741 1756/1756/1757 1755/1755/1756 1739/1739/1740 
f 1741/1741/1742 1757/1757/1758 1756/1756/1757 1740/1740/1741 
f 1742/1742/1743 1758/1758/1759 1757/1757/1758 1741/1741/1742 
f 1743/1743/1744 1759/1759/1760 1758/1758/1759 1742/1742/1743 
f 1744/1744/1730 1760/1760/1746 1759/1759/1760 1743/1743/1744 
f 1745/1745/1745 1761/1761/1761 1776/1776/1762 1760/1760/1746 
f 1746/1746/1747 1762/1762/1763 1761/1761/1761 1745/1745/1745 
f 1747/1747/1748 1763/1763/1764 1762/4670/1763 1746/4669/1747 
f 1748/1748/1749 1764/1764/1765 1763/1763/1764 1747/1747/1748 
f 1749/1749/1750 1765/1765/1766 1764/1764/1765 1748/1748/1749 
f 1750/1750/1751 1766/1766/1767 1765/1765/1766 1749/1749/1750 
f 1751/1751/1752 1767/1767/1768 1766/1766/1767 1750/1750/1751 
f 1752/1752/1753 1768/1768/1769 1767/1767/1768 1751/1751/1752 
f 1753/1753/1754 1769/1769/1770 1768/1768/1769 1752/1752/1753 
f 1754/1754/1755 1770/1770/1771 1769/1769/1770 1753/1753/1754 
f 1755/1755/1756 1771/1771/1772 1770/1770/1771 1754/1754/1755 
f 1756/1756/1757 1772/1772/1773 1771/1771/1772 1755/1755/1756 
f 1757/1757/1758 1773/1773/1774 1772/1772/1773 1756/1756/1757 
f 1758/1758/1759 1774/1774/1775 1773/1773/1774 1757/1757/1758 
f 1759/1759/1760 1775/1775/1776 1774/1774/1775 1758/1758/1759 
f 1760/1760/1746 1776/1776/1762 1775/1775/1776 1759/1759/1760 
f 1761/1761/1761 1777/1777/1777 1792/1792/1778 1776/1776/1762 
f 1762/1762/1763 1778/1778/1779 1777/1777/1777 1761/1761/1761 
f 1763/1763/1764 1779/1779/1780 1778/4671/1779 1762/4670/1763 
f 1764/1764/1765 1780/1780/1781 1779/1779/1780 1763/1763/1764 
f 1765/1765/1766 1781/1781/1782 1780/1780/1781 1764/1764/1765 
f 1766/1766/1767 1782/1782/1783 1781/1781/1782 1765/1765/1766 
f 1767/1767/1768 1783/1783/1784 1782/1782/1783 1766/1766/1767 
f 1768/1768/1769 1784/1784/1785 1783/1783/1784 1767/1767/1768 
f 1769/1769/1770 1785/1785/1786 1784/1784/1785 1768/1768/1769 
f 1770/1770/1771 1786/1786/1787 1785/1785/1786 1769/1769/1770 
f 1771/1771/1772 1787/1787/1788 1786/1786/1787 1770/1770/1771 
f 1772/1772/1773 1788/1788/1789 1787/1787/1788 1771/1771/1772 
f 1773/1773/1774 1789/1789/1790 1788/1788/1789 1772/1772/1773 
f 1774/1774/1775 1790/1790/1791 1789/1789/1790 1773/1773/1774 
f 1775/1775/1776 1791/1791/1792 1790/1790/1791 1774/1774/1775 
f 1776/1776/1762 1792/1792/1778 1791/1791/1792 1775/1775/1776 
f 1777/1777/1777 1793/1793/1793 1808/1808/1794 1792/1792/1778 
f 1778/1778/1779 1794/1794/1795 1793/1793/1793 1777/1777/1777 
f 1779/1779/1780 1795/1795/1796 1794/4673/1795 1778/4671/1779 
f 1780/1780/1781 1796/1796/1797 1795/1795/1796 1779/1779/1780 
f 1781/1781/1782 1797/1797/1798 1796/1796/1797 1780/1780/1781 
f 1782/1782/1783 1798/1798/1799 1797/1797/1798 1781/1781/1782 
f 1783/1783/1784 1799/1799/1800 1798/1798/1799 1782/1782/1783 
f 1784/1784/1785 1800/1800/1801 1799/1799/1800 1783/1783/1784 
f 1785/1785/1786 1801/1801/1802 1800/1800/1801 1784/1784/1785 
f 1786/1786/1787 1802/1802/1803 1801/1801/1802 1785/1785/1786 
f 1787/1787/1788 1803/1803/1804 1802/1802/1803 1786/1786/1787 
f 1788/1788/1789 1804/1804/1805 1803/1803/1804 1787/1787/1788 
f 1789/1789/1790 1805/1805/1806 1804/1804/1805 1788/1788/1789 
f 1790/1790/1791 1806/1806/1807 1805/1805/1806 1789/1789/1790 
f 1791/1791/1792 1807/1807/1808 1806/1806/1807 1790/1790/1791 
f 1792/1792/1778 1808/1808/1794 1807/1807/1808 1791/1791/1792 
f 1793/1793/1793 1809/1809/1809 1824/1824/1810 1808/1808/1794 
f 1794/1794/1795 1810/1810/1811 1809/1809/1809 1793/1793/1793 
f 1795/1795/1796 1811/1811/1812 1810/4674/1811 1794/4673/1795 
f 1796/1796/1797 1812/1812/1813 1811/1811/1812 1795/1795/1796 
f 1797/1797/1798 1813/1813/1814 1812/1812/1813 1796/1796/1797 
f 1798/1798/1799 1814/1814/1815 1813/1813/1814 1797/1797/1798 
f 1799/1799/1800 1815/1815/1816 1814/1814/1815 1798/1798/1799 
f 1800/1800/1801 1816/1816/1817 1815/1815/1816 1799/1799/1800 
f 1801/1801/1802 1817/1817/1818 1816/1816/1817 1800/1800/1801 
f 1802/1802/1803 1818/1818/1819 1817/1817/1818 1801/1801/1802 
f 1803/1803/1804 1819/1819/1820 1818/1818/1819 1802/1802/1803 
f 1804/1804/1805 1820/1820/1821 1819/1819/1820 1803/1803/1804 
f 1805/1805/1806 1821/1821/1822 1820/1820/1821 1804/1804/1805 
f 1806/1806/1807 1822/1822/1823 1821/1821/1822 1805/1805/1806 
f 1807/1807/1808 1823/1823/1824 1822/1822/1823 1806/1806/1807 
f 1808/1808/1794 1824/1824/1810 1823/1823/1824 1807/1807/1808 
f 1809/1809/1809 1825/1825/1825 1840/1840/1826 1824/1824/1810 
f 1810/1810/1811 1826/1826/1827 1825/1825/1825 1809/1809/1809 
f 1811/1811/1812 1827/1827/1828 1826/4676/1827 1810/4674/1811 
f 1812/1812/1813 1828/1828/1829 1827/1827/1828 1811/1811/1812 
f 1813/1813/1814 1829/1829/1830 1828/1828/1829 1812/1812/1813 
f 1814/1814/1815 1830/1830/1831 1829/1829/1830 1813/1813/1814 
f 1815/1815/1816 1831/1831/1832 1830/1830/1831 1814/1814/1815 
f 1816/1816/1817 1832/1832/1833 1831/1831/1832 1815/1815/1816 
f 1817/1817/1818 1833/1833/1834 1832/1832/1833 1816/1816/1817 
f 1818/1818/1819 1834/1834/1835 1833/1833/1834 1817/1817/1818 
f 1819/1819/1820 1835/1835/1836 1834/1834/1835 1818/1818/1819 
f 1820/1820/1821 1836/1836/1837 1835/1835/1836 1819/1819/1820 
f 1821/1821/1822 1837/1837/1838 1836/1836/1837 1820/1820/1821 
f 1822/1822/1823 1838/1838/1839 1837/1837/1838 1821/1821/1822 
f 1823/1823/1824 1839/1839/1840 1838/1838/1839 1822/1822/1823 
f 1824/1824/1810 1840/1840/1826 1839/1839/1840 1823/1823/1824 
f 1825/1825/1825 1841/1841/1841 1856/1856/1842 1840/1840/1826 
f 1826/1826/1827 1842/1842/1843 1841/1841/1841 1825/1825/1825 
f 1827/1827/1828 1843/1843/1844 1842/4677/1843 1826/4676/1827 
f 1828/1828/1829 1844/1844/1845 1843/1843/1844 1827/1827/1828 
f 1829/1829/1830 1845/1845/1846 1844/1844/1845 1828/1828/1829 
f 1830/1830/1831 1846/1846/1847 1845/1845/1846 1829/1829/1830 
f 1831/1831/1832 1847/1847/1848 1846/1846/1847 1830/1830/1831 
f 1832/1832/1833 1848/1848/1849 1847/1847/1848 1831/1831/1832 
f 1833/1833/1834 1849/1849/1850 1848/1848/1849 1832/1832/1833 
f 1834/1834/1835 1850/1850/1851 1849/1849/1850 1833/1833/1834 
f 1835/1835/1836 1851/1851/1852 1850/1850/1851 1834/1834/1835 
f 1836/1836/1837 1852/1852/1853 1851/1851/1852 1835/1835/1836 
f 1837/1837/1838 1853/1853/1854 1852/1852/1853 1836/1836/1837 
f 1838/1838/1839 1854/1854/1855 1853/1853/1854 1837/1837/1838 
f 1839/1839/1840 1855/1855/1856 1854/1854/1855 1838/1838/1839 
f 1840/1840/1826 1856/1856/1842 1855/1855/1856 1839/1839/1840 
f 1841/1841/1841 1857/1857/1857 1872/1872/1858 1856/1856/1842 
f 1842/1842/1843 1858/1858/1859 1857/1857/1857 1841/1841/1841 
f 1843/1843/1844 1859/1859/1860 1858/4678/1859 1842/4677/1843 
f 1844/1844/1845 1860/1860/1861 1859/1859/1860 1843/1843/1844 
f 1845/1845/1846 1861/1861/1862 1860/1860/1861 1844/1844/1845 
f 1846/1846/1847 1862/1862/1863 1861/1861/1862 1845/1845/1846 
f 1847/1847/1848 1863/1863/1864 1862/1862/1863 1846/1846/1847 
f 1848/1848/1849 1864/1864/1865 1863/1863/1864 1847/1847/1848 
f 1849/1849/1850 1865/1865/1866 1864/1864/1865 1848/1848/1849 
f 1850/1850/1851 1866/1866/1867 1865/1865/1866 1849/1849/1850 
f 1851/1851/1852 1867/1867/1868 1866/1866/1867 1850/1850/1851 
f 1852/1852/1853 1868/1868/1869 1867/1867/1868 1851/1851/1852 
f 1853/1853/1854 1869/1869/1870 1868/1868/1869 1852/1852/1853 
f 1854/1854/1855 1870/1870/1871 1869/1869/1870 1853/1853/1854 
f 1855/1855/1856 1871/1871/1872 1870/1870/1871 1854/1854/1855 
f 1856/1856/1842 1872/1872/1858 1871/1871/1872 1855/1855/1856 
f 1857/1857/1857 1873/1873/1873 1888/1888/1874 1872/1872/1858 
f 1858/1858/1859 1874/1874/1875 1873/1873/1873 1857/1857/1857 
f 1859/1859/1860 1875/1875/1876 1874/4680/1875 1858/4678/1859 
f 1860/1860/1861 1876/1876/1877 1875/1875/1876 1859/1859/1860 
f 1861/1861/1862 1877/1877/1878 1876/1876/1877 1860/1860/1861 
f 1862/1862/1863 1878/1878/1879 1877/1877/1878 1861/1861/1862 
f 1863/1863/1864 1879/1879/1880 1878/1878/1879 1862/1862/1863 
f 1864/1864/1865 1880/1880/1881 1879/1879/1880 1863/1863/1864 
f 1865/1865/1866 1881/1881/1882 1880/1880/1881 1864/1864/1865 
f 1866/1866/1867 1882/1882/1883 1881/1881/1882 1865/1865/1866 
f 1867/1867/1868 1883/1883/1884 1882/1882/1883 1866/1866/1867 
f 1868/1868/1869 1884/1884/1885 1883/1883/1884 1867/1867/1868 
f 1869/1869/1870 1885/1885/1886 1884/1884/1885 1868/1868/1869 
f 1870/1870/1871 1886/1886/1887 1885/1885/1886 1869/1869/1870 
f 1871/1871/1872 1887/1887/1888 1886/1886/1887 1870/1870/1871 
f 1872/1872/1858 1888/1888/1874 1887/1887/1888 1871/1871/1872 
f 1873/1873/1873 1889/1889/1889 1904/1904/1890 1888/1888/1874 
f 1874/1874/1875 1890/1890/1891 1889/1889/1889 1873/1873/1873 
f 1875/1875/1876 1891/1891/1892 1890/4682/1891 1874/4680/1875 
f 1876/1876/1877 1892/1892/1893 1891/1891/1892 1875/1875/1876 
f 1877/1877/1878 1893/1893/1894 1892/1892/1893 1876/1876/1877 
f 1878/1878/1879 1894/1894/1895 1893/1893/1894 1877/1877/1878 
f 1879/1879/1880 1895/1895/1896 1894/1894/1895 1878/1878/1879 
f 1880/1880/1881 1896/1896/1897 1895/1895/1896 1879/1879/1880 
f 1881/1881/1882 1897/1897/1898 1896/1896/1897 1880/1880/1881 
f 1882/1882/1883 1898/1898/1899 1897/1897/1898 1881/1881/1882 
f 1883/1883/1884 1899/1899/1900 1898/1898/1899 1882/1882/1883 
f 1884/1884/1885 1900/1900/1901 1899/1899/1900 1883/1883/1884 
f 1885/1885/1886 1901/1901/1902 1900/1900/1901 1884/1884/1885 
f 1886/1886/1887 1902/1902/1903 1901/1901/1902 1885/1885/1886 
f 1887/1887/1888 1903/1903/1904 1902/1902/1903 1886/1886/1887 
f 1888/1888/1874 1904/1904/1890 1903/1903/1904 1887/1887/1888 
f 1889/1889/1889 1905/1905/1905 1920/1920/1906 1904/1904/1890 
f 1890/1890/1891 1906/1906/1907 1905/1905/1905 1889/1889/1889 
f 1891/1891/1892 1907/1907/1908 1906/4685/1907 1890/4682/1891 
f 1892/1892/1893 1908/1908/1909 1907/1907/1908 1891/1891/1892 
f 1893/1893/1894 1909/1909/1910 1908/1908/1909 1892/1892/1893 
f 1894/1894/1895 1910/1910/1911 1909/1909/1910 1893/1893/1894 
f 1895/1895/1896 1911/1911/1912 1910/1910/1911 1894/1894/1895 
f 1896/1896/1897 1912/1912/1913 1911/1911/1912 1895/1895/1896 
f 1897/1897/1898 1913/1913/1914 1912/1912/1913 1896/1896/1897 
f 1898/1898/1899 1914/1914/1915 1913/1913/1914 1897/1897/1898 
f 1899/1899/1900 1915/1915/1916 1914/1914/1915 1898/1898/1899 
f 1900/1900/1901 1916/1916/1917 1915/1915/1916 1899/1899/1900 
f 1901/1901/1902 1917/1917/1918 1916/1916/1917 1900/1900/1901 
f 1902/1902/1903 1918/1918/1919 1917/1917/1918 1901/1901/1902 
f 1903/1903/1904 1919/1919/1920 1918/1918/1919 1902/1902/1903 
f 1904/1904/1890 1920/1920/1906 1919/1919/1920 1903/1903/1904 
f 1905/1905/1905 1921/1921/1921 1936/1936/1922 1920/1920/1906 
f 1906/1906/1907 1922/1922/1923 1921/1921/1921 1905/1905/1905 
f 1907/1907/1908 1923/1923/1924 1922/4687/1923 1906/4685/1907 
f 1908/1908/1909 1924/1924/1925 1923/1923/1924 1907/1907/1908 
f 1909/1909/1910 1925/1925/1926 1924/1924/1925 1908/1908/1909 
f 1910/1910/1911 1926/1926/1927 1925/1925/1926 1909/1909/1910 
f 1911/1911/1912 1927/1927/1928 1926/1926/1927 1910/1910/1911 
f 1912/1912/1913 1928/1928/1929 1927/1927/1928 1911/1911/1912 
f 1913/1913/1914 1929/1929/1930 1928/1928/1929 1912/1912/1913 
f 1914/1914/1915 1930/1930/1931 1929/1929/1930 1913/1913/1914 
f 1915/1915/1916 1931/1931/1932 1930/1930/1931 1914/1914/1915 
f 1916/1916/1917 1932/1932/1933 1931/1931/1932 1915/1915/1916 
f 1917/1917/1918 1933/1933/1934 1932/1932/1933 1916/1916/1917 
f 1918/1918/1919 1934/1934/1935 1933/1933/1934 1917/1917/1918 
f 1919/1919/1920 1935/1935/1936 1934/1934/1935 1918/1918/1919 
f 1920/1920/1906 1936/1936/1922 1935/1935/1936 1919/1919/1920 
f 1921/1921/1921 1937/1937/1937 1952/1952/1938 1936/1936/1922 
f 1922/1922/1923 1938/1938/1939 1937/1937/1937 1921/1921/1921 
f 1923/1923/1924 1939/1939/1940 1938/4688/1939 1922/4687/1923 
f 1924/1924/1925 1940/1940/1941 1939/1939/1940 1923/1923/1924 
f 1925/1925/1926 1941/1941/1942 1940/1940/1941 1924/1924/1925 
f 1926/1926/1927 1942/1942/1943 1941/1941/1942 1925/1925/1926 
f 1927/1927/1928 1943/1943/1944 1942/1942/1943 1926/1926/1927 
f 1928/1928/1929 1944/1944/1945 1943/1943/1944 1927/1927/1928 
f 1929/1929/1930 1945/1945/1946 1944/1944/1945 1928/1928/1929 
f 1930/1930/1931 1946/1946/1947 1945/1945/1946 1929/1929/1930 
f 1931/1931/1932 1947/1947/1948 1946/1946/1947 1930/1930/1931 
f 1932/1932/1933 1948/1948/1949 1947/1947/1948 1931/1931/1932 
f 1933/1933/1934 1949/1949/1950 1948/1948/1949 1932/1932/1933 
f 1934/1934/1935 1950/1950/1951 1949/1949/1950 1933/1933/1934 
f 1935/1935/1936 1951/1951/1952 1950/1950/1951 1934/1934/1935 
f 1936/1936/1922 1952/1952/1938 1951/1951/1952 1935/1935/1936 
f 1937/1937/1937 1953/1953/1953 1968/1968/1954 1952/1952/1938 
f 1938/1938/1939 1954/1954/1955 1953/1953/1953 1937/1937/1937 
f 1939/1939/1940 1955/1955/1956 1954/4690/1955 1938/4688/1939 
f 1940/1940/1941 1956/1956/1957 1955/1955/1956 1939/1939/1940 
f 1941/1941/1942 1957/1957/1958 1956/1956/1957 1940/1940/1941 
f 1942/1942/1943 1958/1958/1959 1957/1957/1958 1941/1941/1942 
f 1943/1943/1944 1959/1959/1960 1958/1958/1959 1942/1942/1943 
f 1944/1944/1945 1960/1960/1961 1959/1959/1960 1943/1943/1944 
f 1945/1945/1946 1961/1961/1962 1960/1960/1961 1944/1944/1945 
f 1946/1946/1947 1962/1962/1963 1961/1961/1962 1945/1945/1946 
f 1947/1947/1948 1963/1963/1964 1962/1962/1963 1946/1946/1947 
f 1948/1948/1949 1964/1964/1965 1963/1963/1964 1947/1947/1948 
f 1949/1949/1950 1965/1965/1966 1964/1964/1965 1948/1948/1949 
f 1950/1950/1951 1966/1966/1967 1965/1965/1966 1949/1949/1950 
f 1951/1951/1952 1967/1967/1968 1966/1966/1967 1950/1950/1951 
f 1952/1952/1938 1968/1968/1954 1967/1967/1968 1951/1951/1952 
o Cube:064
s 1
f 1969/1969/1969 1970/1970/1969 1971/1971/1969 
f 1972/1972/1970 1973/1973/1970 1974/1974/1970 
f 1975/1975/1971 1976/1976/1971 1977/1977/1971 
f 1978/1978/1972 1979/1979/1972 1980/1980/1972 
f 1981/1981/1973 1982/1982/1973 1983/1983/1973 
f 1984/1984/1974 1985/1985/1974 1986/1986/1974 
f 1987/1987/1975 1988/1988/1975 1989/1989/1975 
f 1990/1990/1976 1991/1991/1976 1992/1992/1976 
f 1993/1993/1977 1994/1994/1977 1995/1995/1977 
f 1996/1996/1978 1997/1997/1978 1998/1998/1978 
f 1999/1999/1979 2000/2000/1979 2001/2001/1979 
f 2002/2002/1980 2003/2003/1980 2004/2004/1980 
f 2005/2005/1969 2006/2006/1969 2007/2007/1969 
f 2008/2008/1970 2009/2009/1970 2010/2010/1970 
f 2011/2011/1971 2012/2012/1971 2013/2013/1971 
f 2014/2014/1972 2015/2015/1972 2016/2016/1972 
f 1975/1975/1981 1969/1969/1981 1971/1971/1981 1976/1976/1981 
f 1970/1970/1982 1972/4694/1982 1974/4692/1982 1971/1971/1982 
f 1973/1973/1983 1978/1978/1983 1980/1980/1983 1974/1974/1983 
f 1979/4695/1984 1977/1977/1984 1976/1976/1984 1980/4696/1984 
f 1987/1987/1985 1975/1975/1985 1977/1977/1985 1988/1988/1985 
f 1978/1978/1986 1990/1990/1986 1992/1992/1986 1979/1979/1986 
f 1991/4699/1987 1989/1989/1987 1988/1988/1987 1992/4560/1987 
f 1981/1981/1988 1987/1987/1988 1989/1989/1988 1982/1982/1988 
f 1990/1990/1989 1984/1984/1989 1986/1986/1989 1991/1991/1989 
f 1985/4697/1990 1983/1983/1990 1982/1982/1990 1986/4698/1990 
f 1969/1969/1991 1981/1981/1991 1983/1983/1991 1970/1970/1991 
f 1984/1984/1992 1973/1973/1992 1972/1972/1992 1985/1985/1992 
f 2001/2001/1993 1994/1994/1993 1993/1993/1993 1999/1999/1993 
f 1994/1994/1990 1997/4701/1990 1996/4700/1990 1995/1995/1990 
f 1997/1997/1994 2003/2003/1994 2002/2002/1994 1998/1998/1994 
f 2003/4545/1987 2001/2001/1987 2000/2000/1987 2004/4702/1987 
f 2013/2013/1985 2000/2000/1985 1999/1999/1985 2011/2011/1985 
f 2004/2004/1995 2015/2015/1995 2014/2014/1995 2002/2002/1995 
f 2015/4579/1984 2013/2013/1984 2012/2012/1984 2016/4625/1984 
f 2007/2007/1981 2012/2012/1981 2011/2011/1981 2005/2005/1981 
f 2016/2016/1983 2009/2009/1983 2008/2008/1983 2014/2014/1983 
f 2009/4704/1982 2007/2007/1982 2006/2006/1982 2010/4705/1982 
f 1995/1995/1991 2006/2006/1991 2005/2005/1991 1993/1993/1991 
f 2010/2010/1996 1996/1996/1996 1998/1998/1996 2008/2008/1996 
f 1975/1975/1997 1987/1987/1997 1981/1981/1997 1969/1969/1997 
f 1971/1971/1998 1974/4692/1998 1980/4696/1998 1976/1976/1998 
f 1983/1983/1999 1985/4697/1999 1972/4694/1999 1970/1970/1999 
f 1990/1990/2000 1978/1978/2000 1973/1973/2000 1984/1984/2000 
f 1977/1977/2001 1979/4695/2001 1992/4560/2001 1988/1988/2001 
f 1989/1989/2002 1991/4699/2002 1986/4698/2002 1982/1982/2002 
f 1999/1999/1997 1993/1993/1997 2005/2005/1997 2011/2011/1997 
f 1994/1994/2002 2001/2001/2002 2003/4545/2002 1997/4701/2002 
f 2006/2006/1999 1995/1995/1999 1996/4700/1999 2010/4705/1999 
f 2014/2014/2000 2008/2008/2000 1998/1998/2000 2002/2002/2000 
f 2000/2000/2001 2013/2013/2001 2015/4579/2001 2004/4702/2001 
f 2012/2012/1998 2007/2007/1998 2009/4704/1998 2016/4625/1998 
o Cube:065
s 1
f 2017/2017/2003 2018/2018/2003 2019/2019/2003 
f 2020/2020/2004 2021/2021/2004 2022/2022/2004 
f 2023/2023/2005 2024/2024/2005 2025/2025/2005 
f 2026/2026/2006 2027/2027/2006 2028/2028/2006 
f 2029/2029/2007 2030/2030/2007 2031/2031/2007 
f 2032/2032/2008 2033/2033/2008 2034/2034/2008 
f 2035/2035/2009 2036/2036/2010 2037/2037/2010 
f 2038/2038/2011 2039/2039/2011 2040/2040/2011 
f 2041/2041/2012 2042/2042/2012 2043/2043/2012 
f 2044/2044/2013 2045/2045/2013 2046/2046/2013 
f 2047/2047/2014 2048/2048/2014 2049/2049/2014 
f 2050/2050/2015 2051/2051/2015 2052/2052/2015 
f 2053/2053/2016 2054/2054/2016 2055/2055/2016 
f 2056/2056/2017 2057/2057/2017 2058/2058/2017 
f 2059/2059/2018 2060/2060/2018 2061/2061/2018 
f 2062/2062/2006 2063/2063/2006 2064/2064/2006 
f 2023/2023/2019 2017/2017/2019 2019/2019/2019 2024/2024/2019 
f 2018/2018/2020 2020/4707/2020 2022/4706/2020 2019/2019/2020 
f 2021/2021/2021 2026/2026/2021 2028/2028/2021 2022/2022/2021 
f 2027/4708/2022 2025/2025/2022 2024/2024/2022 2028/4710/2022 
f 2035/2035/2023 2023/2023/2023 2025/2025/2023 2036/2036/2023 
f 2026/2026/2024 2038/2038/2024 2040/2040/2024 2027/2027/2024 
f 2039/4713/2025 2037/2037/2025 2036/2036/2025 2040/4556/2025 
f 2029/2029/2026 2035/2035/2026 2037/2037/2026 2030/2030/2026 
f 2038/2038/2027 2032/2032/2027 2034/2034/2027 2039/2039/2027 
f 2033/4711/2028 2031/2031/2028 2030/2030/2028 2034/4712/2028 
f 2017/2017/2029 2029/2029/2029 2031/2031/2029 2018/2018/2029 
f 2032/2032/2030 2021/2021/2030 2020/2020/2030 2033/2033/2030 
f 2049/2049/2031 2042/2042/2031 2041/2041/2031 2047/2047/2031 
f 2042/2042/2028 2045/4716/2028 2044/4714/2028 2043/2043/2028 
f 2045/2045/2027 2051/2051/2027 2050/2050/2027 2046/2046/2027 
f 2051/4718/2025 2049/2049/2025 2048/2048/2025 2052/4668/2025 
f 2061/2061/2032 2048/2048/2032 2047/2047/2032 2059/2059/2032 
f 2052/2052/2033 2063/2063/2033 2062/2062/2033 2050/2050/2033 
f 2063/4631/2034 2061/2061/2034 2060/2060/2034 2064/4594/2034 
f 2055/2055/2035 2060/2060/2035 2059/2059/2035 2053/2053/2035 
f 2064/2064/2021 2057/2057/2021 2056/2056/2021 2062/2062/2021 
f 2057/4719/2036 2055/2055/2036 2054/2054/2036 2058/4720/2036 
f 2043/2043/2037 2054/2054/2037 2053/2053/2037 2041/2041/2037 
f 2058/2058/2030 2044/2044/2030 2046/2046/2030 2056/2056/2030 
f 2023/2023/2038 2035/2035/2038 2029/2029/2038 2017/2017/2038 
f 2019/2019/2039 2022/4706/2039 2028/4710/2039 2024/2024/2039 
f 2031/2031/2040 2033/4711/2040 2020/4707/2040 2018/2018/2040 
f 2038/2038/2041 2026/2026/2041 2021/2021/2041 2032/2032/2041 
f 2025/2025/2042 2027/4708/2042 2040/4556/2042 2036/2036/2042 
f 2037/2037/2043 2039/4713/2043 2034/4712/2043 2030/2030/2043 
f 2047/2047/2038 2041/2041/2038 2053/2053/2038 2059/2059/2038 
f 2042/2042/2043 2049/2049/2043 2051/4718/2043 2045/4716/2043 
f 2054/2054/2040 2043/2043/2040 2044/4714/2040 2058/4720/2040 
f 2062/2062/2041 2056/2056/2041 2046/2046/2041 2050/2050/2041 
f 2048/2048/2042 2061/2061/2042 2063/4631/2042 2052/4668/2042 
f 2060/2060/2039 2055/2055/2039 2057/4719/2039 2064/4594/2039 
o Cube:066
s 1
f 2065/2065/2044 2066/2066/2044 2067/2067/2044 
f 2068/2068/2045 2069/2069/2045 2070/2070/2045 
f 2071/2071/2046 2072/2072/2046 2073/2073/2046 
f 2074/2074/2047 2075/2075/2047 2076/2076/2047 
f 2077/2077/2048 2078/2078/2048 2079/2079/2048 
f 2080/2080/2049 2081/2081/2049 2082/2082/2049 
f 2083/2083/2050 2084/2084/2050 2085/2085/2050 
f 2086/2086/2051 2087/2087/2051 2088/2088/2051 
f 2071/4608/2052 2065/2065/2052 2067/2067/2052 2072/4722/2052 
f 2066/2066/2053 2068/2068/2053 2070/2070/2053 2067/2067/2053 
f 2069/2069/2054 2074/4725/2054 2076/4724/2054 2070/2070/2054 
f 2075/2075/2055 2073/2073/2055 2072/2072/2055 2076/2076/2055 
f 2083/2083/2056 2071/2071/2056 2073/2073/2056 2084/2084/2056 
f 2074/2074/2057 2086/2086/2057 2088/2088/2057 2075/2075/2057 
f 2087/2087/2058 2085/2085/2058 2084/2084/2058 2088/2088/2058 
f 2077/2077/2059 2083/4728/2059 2085/4727/2059 2078/2078/2059 
f 2086/4729/2060 2080/2080/2060 2082/2082/2060 2087/4603/2060 
f 2081/2081/2061 2079/2079/2061 2078/2078/2061 2082/2082/2061 
f 2065/2065/2062 2077/2077/2062 2079/2079/2062 2066/2066/2062 
f 2080/2080/2063 2069/2069/2063 2068/2068/2063 2081/2081/2063 
f 2071/4608/2064 2083/4728/2064 2077/2077/2064 2065/2065/2064 
f 2067/2067/2065 2070/2070/2065 2076/4724/2065 2072/4722/2065 
f 2079/2079/2066 2081/2081/2066 2068/2068/2066 2066/2066/2066 
f 2086/4729/2067 2074/4725/2067 2069/2069/2067 2080/2080/2067 
f 2073/2073/2068 2075/2075/2068 2088/2088/2068 2084/2084/2068 
f 2085/4727/2069 2087/4603/2069 2082/2082/2069 2078/2078/2069 
o Cube:067
s 1
f 2105/2105/2070 2106/2106/2070 2107/2107/2070 
f 2110/2110/2071 2111/2111/2071 2112/2112/2071 
f 2107/2107/2072 2100/2100/2072 2099/2099/2072 2105/2105/2072 
f 2102/2102/2073 2103/2103/2074 2104/2104/2074 2101/2101/2073 
f 2097/2097/2075 2111/2111/2075 2110/2110/2075 2098/2098/2075 
f 2113/2113/2076 2110/2110/2076 2112/2112/2076 2114/2114/2076 
f 2108/2108/2077 2106/2106/2077 2105/2105/2077 2109/2109/2077 
f 2101/2101/2073 2118/2118/2078 2117/2117/2078 2102/2102/2073 
f 2119/2119/2079 2112/2112/2079 2111/2111/2079 2120/2120/2079 
f 2121/2121/2079 2107/2107/2079 2106/2106/2079 2122/2122/2079 
f 2103/2103/2074 2116/2116/2074 2115/2115/2074 2104/2104/2074 
f 2100/2100/2080 2107/2107/2080 2111/2111/2080 2097/2097/2080 
f 2110/2110/2081 2113/2113/2081 2089/2089/2081 2098/2098/2081 
f 2099/2099/2082 2090/2090/2082 2109/2109/2082 2105/2105/2082 
f 2104/2104/2083 2092/2092/2083 2091/2091/2083 2101/2101/2083 
f 2101/2101/2083 2091/2091/2083 2095/2095/2083 2118/2118/2083 
f 2107/2107/2080 2103/2103/2080 2102/2102/2080 2111/2111/2080 
f 2111/2111/2080 2102/2102/2080 2117/2117/2080 2120/2120/2080 
f 2103/2103/2080 2107/2107/2080 2121/2121/2080 2116/2116/2080 
f 2092/2092/2083 2104/2104/2083 2115/2115/2083 2094/2094/2083 
f 2106/2106/2084 2108/2108/2084 2093/2093/2084 2122/2122/2084 
f 2114/2114/2084 2112/2112/2084 2119/2119/2084 2096/2096/2084 
o Cube:068
s 1
f 2235/2235/2085 2225/2225/2086 2227/2227/2087 2236/2236/2088 
f 2236/2236/2088 2227/2227/2087 2226/2226/2089 2234/2234/2090 
f 2238/2238/2091 2243/2243/2092 2245/2245/2093 2239/2239/2094 
f 2239/2239/2094 2245/2245/2093 2244/2244/2095 2237/2237/2096 
f 2232/2232/2097 2235/2235/2085 2236/2236/2088 2233/2233/2098 
f 2233/2233/2098 2236/2236/2088 2234/2234/2090 2231/2231/2099 
f 2243/2243/2092 2246/2246/2100 2248/2248/2101 2245/2245/2093 
f 2245/2245/2093 2248/2248/2101 2247/2247/2102 2244/2244/2095 
f 2229/2229/2103 2232/2232/2097 2233/2233/2098 2230/2230/2104 
f 2230/2230/2104 2233/2233/2098 2231/2231/2099 2228/2228/2105 
f 2246/2246/2100 2249/2249/2106 2251/2251/2107 2248/2248/2101 
f 2248/2248/2101 2251/2251/2107 2250/2250/2108 2247/2247/2102 
f 2223/2223/2109 2229/2229/2103 2230/2230/2104 2224/2224/2110 
f 2224/2224/2110 2230/2230/2104 2228/2228/2105 2222/2222/2111 
f 2249/2249/2106 2240/2240/2112 2242/2242/2113 2251/2251/2107 
f 2251/2251/2107 2242/2242/2113 2241/2241/2114 2250/2250/2108 
f 2265/2265/2115 2255/2255/2116 2257/2257/2117 2266/2266/2118 
f 2266/2266/2118 2257/2257/2117 2256/2256/2119 2264/2264/2120 
f 2208/2208/2121 2213/2213/2122 2215/2215/2123 2209/2209/2124 
f 2209/2209/2124 2215/2215/2123 2214/2214/2125 2207/2207/2126 
f 2262/2262/2127 2265/2265/2115 2266/2266/2118 2263/2263/2128 
f 2263/2263/2128 2266/2266/2118 2264/2264/2120 2261/2261/2129 
f 2213/2213/2122 2216/2216/2130 2218/2218/2131 2215/2215/2123 
f 2215/2215/2123 2218/2218/2131 2217/2217/2132 2214/2214/2125 
f 2259/2259/2133 2262/2262/2127 2263/2263/2128 2260/2260/2134 
f 2260/2260/2134 2263/2263/2128 2261/2261/2129 2258/2258/2135 
f 2216/2216/2130 2219/2219/2136 2221/2221/2137 2218/2218/2131 
f 2218/2218/2131 2221/2221/2137 2220/2220/2138 2217/2217/2132 
f 2253/2253/2139 2259/2259/2133 2260/2260/2134 2254/2254/2140 
f 2254/2254/2140 2260/2260/2134 2258/2258/2135 2252/2252/2141 
f 2219/2219/2136 2210/2210/2142 2212/2212/2143 2221/2221/2137 
f 2221/2221/2137 2212/2212/2143 2211/2211/2144 2220/2220/2138 
f 2178/2178/2145 2183/2183/2146 2185/2185/2147 2179/2179/2148 
f 2179/2179/2148 2185/2185/2147 2184/2184/2149 2177/2177/2150 
f 2183/2183/2146 2186/2186/2151 2188/2188/2152 2185/2185/2147 
f 2185/2185/2147 2188/2188/2152 2187/2187/2153 2184/2184/2149 
f 2186/2186/2151 2189/2189/2154 2191/2191/2155 2188/2188/2152 
f 2188/2188/2152 2191/2191/2155 2190/2190/2156 2187/2187/2153 
f 2189/2189/2154 2180/2180/2157 2182/2182/2158 2191/2191/2155 
f 2191/2191/2155 2182/2182/2158 2181/2181/2159 2190/2190/2156 
f 2160/2160/2160 2150/2150/2161 2152/2152/2162 2161/2161/2163 
f 2161/2161/2163 2152/2152/2162 2151/2151/2164 2159/2159/2165 
f 2157/2157/2166 2160/2160/2160 2161/2161/2163 2158/2158/2167 
f 2158/2158/2167 2161/2161/2163 2159/2159/2165 2156/2156/2168 
f 2154/2154/2169 2157/2157/2166 2158/2158/2167 2155/2155/2170 
f 2155/2155/2170 2158/2158/2167 2156/2156/2168 2153/2153/2171 
f 2148/2148/2172 2154/2154/2169 2155/2155/2170 2149/2149/2173 
f 2149/2149/2173 2155/2155/2170 2153/2153/2171 2147/2147/2174 
f 2163/2163/2175 2168/2168/2176 2170/2170/2177 2164/2164/2178 
f 2164/2164/2178 2170/2170/2177 2169/2169/2179 2162/2162/2180 
f 2168/2168/2176 2171/2171/2181 2173/2173/2182 2170/2170/2177 
f 2170/2170/2177 2173/2173/2182 2172/2172/2183 2169/2169/2179 
f 2171/2171/2181 2174/2174/2184 2176/2176/2185 2173/2173/2182 
f 2173/2173/2182 2176/2176/2185 2175/2175/2186 2172/2172/2183 
f 2174/2174/2184 2165/2165/2187 2167/2167/2188 2176/2176/2185 
f 2176/2176/2185 2167/2167/2188 2166/2166/2189 2175/2175/2186 
f 2205/2205/2190 2195/2195/2191 2197/2197/2192 2206/2206/2193 
f 2206/2206/2193 2197/2197/2192 2196/2196/2194 2204/2204/2195 
f 2202/2202/2196 2205/2205/2190 2206/2206/2193 2203/2203/2197 
f 2203/2203/2197 2206/2206/2193 2204/2204/2195 2201/2201/2198 
f 2199/2199/2199 2202/2202/2196 2203/2203/2197 2200/2200/2200 
f 2200/2200/2200 2203/2203/2197 2201/2201/2198 2198/2198/2201 
f 2193/2193/2202 2199/2199/2199 2200/2200/2200 2194/2194/2203 
f 2194/2194/2203 2200/2200/2200 2198/2198/2201 2192/2192/2204 
f 2192/2192/2204 2166/2166/2189 2167/2167/2188 2194/2194/2203 
f 2194/2194/2203 2167/2167/2188 2165/2165/2187 2193/2193/2202 
f 2147/2147/2174 2181/2181/2159 2182/2182/2158 2149/2149/2173 
f 2149/2149/2173 2182/2182/2158 2180/2180/2157 2148/2148/2172 
f 2150/2150/2161 2124/2124/2205 2125/2125/2206 2152/2152/2162 
f 2152/2152/2162 2125/2125/2206 2123/2123/2207 2151/2151/2164 
f 2141/2141/2208 2226/2226/2089 2227/2227/2087 2143/2143/2209 
f 2143/2143/2209 2227/2227/2087 2225/2225/2086 2142/2142/2210 
f 2222/2222/2111 2211/2211/2144 2212/2212/2143 2224/2224/2110 
f 2224/2224/2110 2212/2212/2143 2210/2210/2142 2223/2223/2109 
f 2162/2162/2180 2127/2127/2211 2128/2128/2212 2164/2164/2178 
f 2164/2164/2178 2128/2128/2212 2126/2126/2213 2163/2163/2175 
f 2252/2252/2141 2241/2241/2114 2242/2242/2113 2254/2254/2140 
f 2254/2254/2140 2242/2242/2113 2240/2240/2112 2253/2253/2139 
f 2237/2237/2096 2145/2145/2214 2146/2146/2215 2239/2239/2094 
f 2239/2239/2094 2146/2146/2215 2144/4741/2216 2238/2238/2091 
f 2132/2132/2217 2196/2196/2194 2197/2197/2192 2134/2134/2218 
f 2134/2134/2218 2197/2197/2192 2195/2195/2191 2133/2133/2219 
f 2177/2177/2150 2130/2130/2220 2131/2131/2209 2179/2179/2148 
f 2179/2179/2148 2131/2131/2209 2129/2129/2221 2178/2178/2145 
f 2207/2207/2126 2136/2136/2205 2137/2137/2222 2209/2209/2124 
f 2209/2209/2124 2137/2137/2222 2135/2135/2223 2208/2208/2121 
f 2138/2138/2224 2256/2256/2119 2257/2257/2117 2140/2140/2225 
f 2140/2140/2225 2257/2257/2117 2255/2255/2116 2139/2139/2226 
f 2151/2151/2164 2123/2123/2207 2142/2142/2210 2225/2225/2086 
f 2163/2163/2175 2126/2126/2213 2124/2124/2205 2150/2150/2161 
f 2127/2127/2211 2162/2162/2180 2238/4621/2091 2144/2144/2216 
f 2130/2130/2220 2177/2177/2150 2208/2208/2121 2135/2135/2223 
f 2133/2133/2219 2195/2195/2191 2178/2178/2145 2129/2129/2221 
f 2196/2196/2194 2132/2132/2217 2139/4742/2226 2255/4737/2116 
f 2207/2207/2126 2256/2256/2119 2138/2138/2224 2136/2136/2205 
f 2141/2141/2208 2145/2145/2214 2237/2237/2096 2226/2226/2089 
f 2148/2148/2172 2165/2165/2187 2174/2174/2184 2154/2154/2169 
f 2193/2193/2202 2165/2165/2187 2148/2148/2172 2180/2180/2157 
f 2153/2153/2171 2229/2229/2103 2223/2223/2109 2147/2147/2174 
f 2181/2181/2159 2147/2147/2174 2223/2223/2109 2210/2210/2142 
f 2160/2160/2160 2168/2168/2176 2163/2163/2175 2150/2150/2161 
f 2151/2151/2164 2225/2225/2086 2235/2235/2085 2159/2159/2165 
f 2154/2154/2169 2174/2174/2184 2171/2171/2181 2157/2157/2166 
f 2156/2156/2168 2232/2232/2097 2229/2229/2103 2153/2153/2171 
f 2157/2157/2166 2171/2171/2181 2168/2168/2176 2160/2160/2160 
f 2159/2159/2165 2235/2235/2085 2232/2232/2097 2156/2156/2168 
f 2238/4621/2091 2162/2162/2180 2169/2169/2179 2243/4731/2092 
f 2249/4733/2106 2175/2175/2186 2166/2166/2189 2240/4734/2112 
f 2166/2166/2189 2192/2192/2204 2253/4740/2139 2240/4734/2112 
f 2243/4731/2092 2169/2169/2179 2172/2172/2183 2246/4732/2100 
f 2246/4732/2100 2172/2172/2183 2175/2175/2186 2249/4733/2106 
f 2208/2208/2121 2177/2177/2150 2184/2184/2149 2213/2213/2122 
f 2205/2205/2190 2183/2183/2146 2178/2178/2145 2195/2195/2191 
f 2193/2193/2202 2180/2180/2157 2189/2189/2154 2199/2199/2199 
f 2219/2219/2136 2190/2190/2156 2181/2181/2159 2210/2210/2142 
f 2213/2213/2122 2184/2184/2149 2187/2187/2153 2216/2216/2130 
f 2202/2202/2196 2186/2186/2151 2183/2183/2146 2205/2205/2190 
f 2216/2216/2130 2187/2187/2153 2190/2190/2156 2219/2219/2136 
f 2199/2199/2199 2189/2189/2154 2186/2186/2151 2202/2202/2196 
f 2198/2198/2201 2259/4739/2133 2253/4740/2139 2192/2192/2204 
f 2196/2196/2194 2255/4737/2116 2265/4736/2115 2204/2204/2195 
f 2201/2201/2198 2262/4738/2127 2259/4739/2133 2198/2198/2201 
f 2204/2204/2195 2265/4736/2115 2262/4738/2127 2201/2201/2198 
f 2256/2256/2119 2207/2207/2126 2214/2214/2125 2264/2264/2120 
f 2258/2258/2135 2220/2220/2138 2211/2211/2144 2252/2252/2141 
f 2222/2222/2111 2241/2241/2114 2252/2252/2141 2211/2211/2144 
f 2264/2264/2120 2214/2214/2125 2217/2217/2132 2261/2261/2129 
f 2261/2261/2129 2217/2217/2132 2220/2220/2138 2258/2258/2135 
f 2228/2228/2105 2250/2250/2108 2241/2241/2114 2222/2222/2111 
f 2226/2226/2089 2237/2237/2096 2244/2244/2095 2234/2234/2090 
f 2231/2231/2099 2247/2247/2102 2250/2250/2108 2228/2228/2105 
f 2234/2234/2090 2244/2244/2095 2247/2247/2102 2231/2231/2099 
f 2379/2379/2085 2369/2369/2227 2371/2371/2087 2380/2380/2228 
f 2380/2380/2228 2371/2371/2087 2370/2370/2229 2378/2378/2230 
f 2382/2382/2231 2387/2387/2092 2389/2389/2093 2383/2383/2094 
f 2383/2383/2094 2389/2389/2093 2388/2388/2232 2381/2381/2233 
f 2376/2376/2234 2379/2379/2085 2380/2380/2228 2377/2377/2098 
f 2377/2377/2098 2380/2380/2228 2378/2378/2230 2375/2375/2099 
f 2387/2387/2092 2390/2390/2100 2392/2392/2101 2389/2389/2093 
f 2389/2389/2093 2392/2392/2101 2391/2391/2102 2388/2388/2232 
f 2373/2373/2235 2376/2376/2234 2377/2377/2098 2374/2374/2104 
f 2374/2374/2104 2377/2377/2098 2375/2375/2099 2372/2372/2105 
f 2390/2390/2100 2393/2393/2236 2395/2395/2107 2392/2392/2101 
f 2392/2392/2101 2395/2395/2107 2394/2394/2237 2391/2391/2102 
f 2367/2367/2109 2373/2373/2235 2374/2374/2104 2368/2368/2238 
f 2368/2368/2238 2374/2374/2104 2372/2372/2105 2366/2366/2111 
f 2393/2393/2236 2384/2384/2239 2386/2386/2113 2395/2395/2107 
f 2395/2395/2107 2386/2386/2113 2385/2385/2114 2394/2394/2237 
f 2409/2409/2240 2399/2399/2241 2401/2401/2242 2410/2410/2118 
f 2410/2410/2118 2401/2401/2242 2400/2400/2119 2408/2408/2243 
f 2352/2352/2244 2357/2357/2245 2359/2359/2123 2353/2353/2246 
f 2353/2353/2246 2359/2359/2123 2358/2358/2247 2351/2351/2248 
f 2406/2406/2127 2409/2409/2240 2410/2410/2118 2407/2407/2249 
f 2407/2407/2249 2410/2410/2118 2408/2408/2243 2405/2405/2129 
f 2357/2357/2245 2360/2360/2250 2362/2362/2251 2359/2359/2123 
f 2359/2359/2123 2362/2362/2251 2361/2361/2252 2358/2358/2247 
f 2403/2403/2253 2406/2406/2127 2407/2407/2249 2404/2404/2134 
f 2404/2404/2134 2407/2407/2249 2405/2405/2129 2402/2402/2135 
f 2360/2360/2250 2363/2363/2254 2365/2365/2255 2362/2362/2251 
f 2362/2362/2251 2365/2365/2255 2364/2364/2256 2361/2361/2252 
f 2397/2397/2139 2403/2403/2253 2404/2404/2134 2398/2398/2140 
f 2398/2398/2140 2404/2404/2134 2402/2402/2135 2396/2396/2257 
f 2363/2363/2254 2354/2354/2258 2356/2356/2259 2365/2365/2255 
f 2365/2365/2255 2356/2356/2259 2355/2355/2260 2364/2364/2256 
f 2322/2322/2261 2327/2327/2262 2329/2329/2263 2323/2323/2264 
f 2323/2323/2264 2329/2329/2263 2328/2328/2265 2321/2321/2266 
f 2327/2327/2262 2330/2330/2267 2332/2332/2152 2329/2329/2263 
f 2329/2329/2263 2332/2332/2152 2331/2331/2153 2328/2328/2265 
f 2330/2330/2267 2333/2333/2268 2335/2335/2269 2332/2332/2152 
f 2332/2332/2152 2335/2335/2269 2334/2334/2270 2331/2331/2153 
f 2333/2333/2268 2324/2324/2271 2326/2326/2272 2335/2335/2269 
f 2335/2335/2269 2326/2326/2272 2325/2325/2273 2334/2334/2270 
f 2304/2304/2274 2294/2294/2161 2296/2296/2275 2305/2305/2163 
f 2305/2305/2163 2296/2296/2275 2295/2295/2276 2303/2303/2277 
f 2301/2301/2166 2304/2304/2274 2305/2305/2163 2302/2302/2278 
f 2302/2302/2278 2305/2305/2163 2303/2303/2277 2300/2300/2279 
f 2298/2298/2169 2301/2301/2166 2302/2302/2278 2299/2299/2280 
f 2299/2299/2280 2302/2302/2278 2300/2300/2279 2297/2297/2281 
f 2292/2292/2282 2298/2298/2169 2299/2299/2280 2293/2293/2173 
f 2293/2293/2173 2299/2299/2280 2297/2297/2281 2291/2291/2283 
f 2307/2307/2284 2312/2312/2285 2314/2314/2177 2308/2308/2178 
f 2308/2308/2178 2314/2314/2177 2313/2313/2179 2306/2306/2180 
f 2312/2312/2285 2315/2315/2286 2317/2317/2182 2314/2314/2177 
f 2314/2314/2177 2317/2317/2182 2316/2316/2183 2313/2313/2179 
f 2315/2315/2286 2318/2318/2184 2320/2320/2287 2317/2317/2182 
f 2317/2317/2182 2320/2320/2287 2319/2319/2186 2316/2316/2183 
f 2318/2318/2184 2309/2309/2187 2311/2311/2188 2320/2320/2287 
f 2320/2320/2287 2311/2311/2188 2310/2310/2189 2319/2319/2186 
f 2349/2349/2190 2339/2339/2288 2341/2341/2192 2350/2350/2193 
f 2350/2350/2193 2341/2341/2192 2340/2340/2289 2348/2348/2195 
f 2346/2346/2290 2349/2349/2190 2350/2350/2193 2347/2347/2197 
f 2347/2347/2197 2350/2350/2193 2348/2348/2195 2345/2345/2198 
f 2343/2343/2199 2346/2346/2290 2347/2347/2197 2344/2344/2200 
f 2344/2344/2200 2347/2347/2197 2345/2345/2198 2342/2342/2201 
f 2337/2337/2291 2343/2343/2199 2344/2344/2200 2338/2338/2292 
f 2338/2338/2292 2344/2344/2200 2342/2342/2201 2336/2336/2204 
f 2336/2336/2204 2310/2310/2189 2311/2311/2188 2338/2338/2292 
f 2338/2338/2292 2311/2311/2188 2309/2309/2187 2337/2337/2291 
f 2291/2291/2283 2325/2325/2273 2326/2326/2272 2293/2293/2173 
f 2293/2293/2173 2326/2326/2272 2324/2324/2271 2292/2292/2282 
f 2294/2294/2161 2268/2268/2205 2269/2269/2293 2296/2296/2275 
f 2296/2296/2275 2269/2269/2293 2267/2267/2294 2295/2295/2276 
f 2285/2285/2208 2370/2370/2229 2371/2371/2087 2287/2287/2295 
f 2287/2287/2295 2371/2371/2087 2369/2369/2227 2286/2286/2296 
f 2366/2366/2111 2355/2355/2260 2356/2356/2259 2368/2368/2238 
f 2368/2368/2238 2356/2356/2259 2354/2354/2258 2367/2367/2109 
f 2306/2306/2180 2271/2271/2211 2272/2272/2297 2308/2308/2178 
f 2308/2308/2178 2272/2272/2297 2270/2270/2213 2307/2307/2284 
f 2396/2396/2257 2385/2385/2114 2386/2386/2113 2398/2398/2140 
f 2398/2398/2140 2386/2386/2113 2384/2384/2239 2397/2397/2139 
f 2381/2381/2233 2289/2289/2298 2290/2290/2299 2383/2383/2094 
f 2383/2383/2094 2290/2290/2299 2288/4753/2216 2382/2382/2231 
f 2276/2276/2217 2340/2340/2289 2341/2341/2192 2278/2278/2300 
f 2278/2278/2300 2341/2341/2192 2339/2339/2288 2277/2277/2219 
f 2321/2321/2266 2274/2274/2301 2275/2275/2209 2323/2323/2264 
f 2323/2323/2264 2275/2275/2209 2273/2273/2302 2322/2322/2261 
f 2351/2351/2248 2280/2280/2205 2281/2281/2293 2353/2353/2246 
f 2353/2353/2246 2281/2281/2293 2279/2279/2303 2352/2352/2244 
f 2282/2282/2213 2400/2400/2119 2401/2401/2242 2284/2284/2304 
f 2284/2284/2304 2401/2401/2242 2399/2399/2241 2283/2283/2226 
f 2295/2295/2276 2267/2267/2294 2286/2286/2296 2369/2369/2227 
f 2307/2307/2284 2270/2270/2213 2268/2268/2205 2294/2294/2161 
f 2271/2271/2211 2306/2306/2180 2382/4743/2231 2288/2288/2216 
f 2274/2274/2301 2321/2321/2266 2352/2352/2244 2279/2279/2303 
f 2277/2277/2219 2339/2339/2288 2322/2322/2261 2273/2273/2302 
f 2340/2340/2289 2276/2276/2217 2283/4754/2226 2399/4750/2241 
f 2351/2351/2248 2400/2400/2119 2282/2282/2213 2280/2280/2205 
f 2285/2285/2208 2289/2289/2298 2381/2381/2233 2370/2370/2229 
f 2292/2292/2282 2309/2309/2187 2318/2318/2184 2298/2298/2169 
f 2337/2337/2291 2309/2309/2187 2292/2292/2282 2324/2324/2271 
f 2297/2297/2281 2373/2373/2235 2367/2367/2109 2291/2291/2283 
f 2325/2325/2273 2291/2291/2283 2367/2367/2109 2354/2354/2258 
f 2304/2304/2274 2312/2312/2285 2307/2307/2284 2294/2294/2161 
f 2295/2295/2276 2369/2369/2227 2379/2379/2085 2303/2303/2277 
f 2298/2298/2169 2318/2318/2184 2315/2315/2286 2301/2301/2166 
f 2300/2300/2279 2376/2376/2234 2373/2373/2235 2297/2297/2281 
f 2301/2301/2166 2315/2315/2286 2312/2312/2285 2304/2304/2274 
f 2303/2303/2277 2379/2379/2085 2376/2376/2234 2300/2300/2279 
f 2382/4743/2231 2306/2306/2180 2313/2313/2179 2387/4744/2092 
f 2393/4746/2236 2319/2319/2186 2310/2310/2189 2384/4747/2239 
f 2310/2310/2189 2336/2336/2204 2397/4526/2139 2384/4747/2239 
f 2387/4744/2092 2313/2313/2179 2316/2316/2183 2390/4745/2100 
f 2390/4745/2100 2316/2316/2183 2319/2319/2186 2393/4746/2236 
f 2352/2352/2244 2321/2321/2266 2328/2328/2265 2357/2357/2245 
f 2349/2349/2190 2327/2327/2262 2322/2322/2261 2339/2339/2288 
f 2337/2337/2291 2324/2324/2271 2333/2333/2268 2343/2343/2199 
f 2363/2363/2254 2334/2334/2270 2325/2325/2273 2354/2354/2258 
f 2357/2357/2245 2328/2328/2265 2331/2331/2153 2360/2360/2250 
f 2346/2346/2290 2330/2330/2267 2327/2327/2262 2349/2349/2190 
f 2360/2360/2250 2331/2331/2153 2334/2334/2270 2363/2363/2254 
f 2343/2343/2199 2333/2333/2268 2330/2330/2267 2346/2346/2290 
f 2342/2342/2201 2403/4752/2253 2397/4526/2139 2336/2336/2204 
f 2340/2340/2289 2399/4750/2241 2409/4748/2240 2348/2348/2195 
f 2345/2345/2198 2406/4624/2127 2403/4752/2253 2342/2342/2201 
f 2348/2348/2195 2409/4748/2240 2406/4624/2127 2345/2345/2198 
f 2400/2400/2119 2351/2351/2248 2358/2358/2247 2408/2408/2243 
f 2402/2402/2135 2364/2364/2256 2355/2355/2260 2396/2396/2257 
f 2366/2366/2111 2385/2385/2114 2396/2396/2257 2355/2355/2260 
f 2408/2408/2243 2358/2358/2247 2361/2361/2252 2405/2405/2129 
f 2405/2405/2129 2361/2361/2252 2364/2364/2256 2402/2402/2135 
f 2372/2372/2105 2394/2394/2237 2385/2385/2114 2366/2366/2111 
f 2370/2370/2229 2381/2381/2233 2388/2388/2232 2378/2378/2230 
f 2375/2375/2099 2391/2391/2102 2394/2394/2237 2372/2372/2105 
f 2378/2378/2230 2388/2388/2232 2391/2391/2102 2375/2375/2099 
f 2523/2523/2305 2513/2513/2227 2515/2515/2306 2524/2524/2088 
f 2524/2524/2088 2515/2515/2306 2514/2514/2229 2522/2522/2230 
f 2526/2526/2307 2531/2531/2308 2533/2533/2309 2527/2527/2310 
f 2527/2527/2310 2533/2533/2309 2532/2532/2232 2525/2525/2233 
f 2520/2520/2234 2523/2523/2305 2524/2524/2088 2521/2521/2098 
f 2521/2521/2098 2524/2524/2088 2522/2522/2230 2519/2519/2311 
f 2531/2531/2308 2534/2534/2312 2536/2536/2313 2533/2533/2309 
f 2533/2533/2309 2536/2536/2313 2535/2535/2102 2532/2532/2232 
f 2517/2517/2314 2520/2520/2234 2521/2521/2098 2518/2518/2315 
f 2518/2518/2315 2521/2521/2098 2519/2519/2311 2516/2516/2105 
f 2534/2534/2312 2537/2537/2316 2539/2539/2107 2536/2536/2313 
f 2536/2536/2313 2539/2539/2107 2538/2538/2317 2535/2535/2102 
f 2511/2511/2318 2517/2517/2314 2518/2518/2315 2512/2512/2238 
f 2512/2512/2238 2518/2518/2315 2516/2516/2105 2510/2510/2319 
f 2537/2537/2316 2528/2528/2320 2530/2530/2321 2539/2539/2107 
f 2539/2539/2107 2530/2530/2321 2529/2529/2322 2538/2538/2317 
f 2553/2553/2115 2543/2543/2323 2545/2545/2117 2554/2554/2324 
f 2554/2554/2324 2545/2545/2117 2544/2544/2325 2552/2552/2120 
f 2496/2496/2244 2501/2501/2245 2503/2503/2123 2497/2497/2246 
f 2497/2497/2246 2503/2503/2123 2502/2502/2247 2495/2495/2326 
f 2550/2550/2327 2553/2553/2115 2554/2554/2324 2551/2551/2328 
f 2551/2551/2328 2554/2554/2324 2552/2552/2120 2549/2549/2129 
f 2501/2501/2245 2504/2504/2250 2506/2506/2251 2503/2503/2123 
f 2503/2503/2123 2506/2506/2251 2505/2505/2252 2502/2502/2247 
f 2547/2547/2329 2550/2550/2327 2551/2551/2328 2548/2548/2330 
f 2548/2548/2330 2551/2551/2328 2549/2549/2129 2546/2546/2135 
f 2504/2504/2250 2507/2507/2331 2509/2509/2332 2506/2506/2251 
f 2506/2506/2251 2509/2509/2332 2508/2508/2256 2505/2505/2252 
f 2541/2541/2333 2547/2547/2329 2548/2548/2330 2542/2542/2334 
f 2542/2542/2334 2548/2548/2330 2546/2546/2135 2540/2540/2257 
f 2507/2507/2331 2498/2498/2335 2500/2500/2259 2509/2509/2332 
f 2509/2509/2332 2500/2500/2259 2499/2499/2144 2508/2508/2256 
f 2466/2466/2261 2471/2471/2262 2473/2473/2336 2467/2467/2264 
f 2467/2467/2264 2473/2473/2336 2472/2472/2337 2465/2465/2338 
f 2471/2471/2262 2474/2474/2339 2476/2476/2152 2473/2473/2336 
f 2473/2473/2336 2476/2476/2152 2475/2475/2153 2472/2472/2337 
f 2474/2474/2339 2477/2477/2268 2479/2479/2269 2476/2476/2152 
f 2476/2476/2152 2479/2479/2269 2478/2478/2340 2475/2475/2153 
f 2477/2477/2268 2468/2468/2341 2470/2470/2342 2479/2479/2269 
f 2479/2479/2269 2470/2470/2342 2469/2469/2273 2478/2478/2340 
f 2448/2448/2274 2438/2438/2161 2440/2440/2275 2449/2449/2163 
f 2449/2449/2163 2440/2440/2275 2439/2439/2343 2447/2447/2277 
f 2445/2445/2166 2448/2448/2274 2449/2449/2163 2446/2446/2278 
f 2446/2446/2278 2449/2449/2163 2447/2447/2277 2444/2444/2279 
f 2442/2442/2169 2445/2445/2166 2446/2446/2278 2443/2443/2280 
f 2443/2443/2280 2446/2446/2278 2444/2444/2279 2441/2441/2281 
f 2436/2436/2344 2442/2442/2169 2443/2443/2280 2437/2437/2345 
f 2437/2437/2345 2443/2443/2280 2441/2441/2281 2435/2435/2283 
f 2451/2451/2284 2456/2456/2176 2458/2458/2346 2452/2452/2347 
f 2452/2452/2347 2458/2458/2346 2457/2457/2348 2450/2450/2349 
f 2456/2456/2176 2459/2459/2350 2461/2461/2351 2458/2458/2346 
f 2458/2458/2346 2461/2461/2351 2460/2460/2352 2457/2457/2348 
f 2459/2459/2350 2462/2462/2184 2464/2464/2353 2461/2461/2351 
f 2461/2461/2351 2464/2464/2353 2463/2463/2354 2460/2460/2352 
f 2462/2462/2184 2453/2453/2355 2455/2455/2356 2464/2464/2353 
f 2464/2464/2353 2455/2455/2356 2454/2454/2357 2463/2463/2354 
f 2493/2493/2358 2483/2483/2288 2485/2485/2359 2494/2494/2360 
f 2494/2494/2360 2485/2485/2359 2484/2484/2361 2492/2492/2362 
f 2490/2490/2363 2493/2493/2358 2494/2494/2360 2491/2491/2364 
f 2491/2491/2364 2494/2494/2360 2492/2492/2362 2489/2489/2365 
f 2487/2487/2366 2490/2490/2363 2491/2491/2364 2488/2488/2367 
f 2488/2488/2367 2491/2491/2364 2489/2489/2365 2486/2486/2368 
f 2481/2481/2202 2487/2487/2366 2488/2488/2367 2482/2482/2369 
f 2482/2482/2369 2488/2488/2367 2486/2486/2368 2480/2480/2370 
f 2480/2480/2370 2454/2454/2357 2455/2455/2356 2482/2482/2369 
f 2482/2482/2369 2455/2455/2356 2453/2453/2355 2481/2481/2202 
f 2435/2435/2283 2469/2469/2273 2470/2470/2342 2437/2437/2345 
f 2437/2437/2345 2470/2470/2342 2468/2468/2341 2436/2436/2344 
f 2438/2438/2161 2412/2412/2205 2413/2413/2371 2440/2440/2275 
f 2440/2440/2275 2413/2413/2371 2411/2411/2294 2439/2439/2343 
f 2429/2429/2208 2514/2514/2229 2515/2515/2306 2431/2431/2295 
f 2431/2431/2295 2515/2515/2306 2513/2513/2227 2430/2430/2296 
f 2510/2510/2319 2499/2499/2144 2500/2500/2259 2512/2512/2238 
f 2512/2512/2238 2500/2500/2259 2498/2498/2335 2511/2511/2318 
f 2450/2450/2349 2415/2415/2372 2416/2416/2212 2452/2452/2347 
f 2452/2452/2347 2416/2416/2212 2414/2414/2213 2451/2451/2284 
f 2540/2540/2257 2529/2529/2322 2530/2530/2321 2542/2542/2334 
f 2542/2542/2334 2530/2530/2321 2528/2528/2320 2541/2541/2333 
f 2525/2525/2233 2433/2433/2298 2434/2434/2373 2527/2527/2310 
f 2527/2527/2310 2434/2434/2373 2432/4761/2374 2526/2526/2307 
f 2420/2420/2375 2484/2484/2361 2485/2485/2359 2422/2422/2218 
f 2422/2422/2218 2485/2485/2359 2483/2483/2288 2421/2421/2376 
f 2465/2465/2338 2418/2418/2301 2419/2419/2377 2467/2467/2264 
f 2467/2467/2264 2419/2419/2377 2417/2417/2302 2466/2466/2261 
f 2495/2495/2326 2424/2424/2205 2425/2425/2293 2497/2497/2246 
f 2497/2497/2246 2425/2425/2293 2423/2423/2303 2496/2496/2244 
f 2426/2426/2213 2544/2544/2325 2545/2545/2117 2428/2428/2378 
f 2428/2428/2378 2545/2545/2117 2543/2543/2323 2427/2427/2379 
f 2439/2439/2343 2411/2411/2294 2430/2430/2296 2513/2513/2227 
f 2451/2451/2284 2414/2414/2213 2412/2412/2205 2438/2438/2161 
f 2415/2415/2372 2450/2450/2349 2526/4614/2307 2432/2432/2374 
f 2418/2418/2301 2465/2465/2338 2496/2496/2244 2423/2423/2303 
f 2421/2421/2376 2483/2483/2288 2466/2466/2261 2417/2417/2302 
f 2484/2484/2361 2420/2420/2375 2427/4763/2379 2543/4759/2323 
f 2495/2495/2326 2544/2544/2325 2426/2426/2213 2424/2424/2205 
f 2429/2429/2208 2433/2433/2298 2525/2525/2233 2514/2514/2229 
f 2436/2436/2344 2453/2453/2355 2462/2462/2184 2442/2442/2169 
f 2481/2481/2202 2453/2453/2355 2436/2436/2344 2468/2468/2341 
f 2441/2441/2281 2517/2517/2314 2511/2511/2318 2435/2435/2283 
f 2469/2469/2273 2435/2435/2283 2511/2511/2318 2498/2498/2335 
f 2448/2448/2274 2456/2456/2176 2451/2451/2284 2438/2438/2161 
f 2439/2439/2343 2513/2513/2227 2523/2523/2305 2447/2447/2277 
f 2442/2442/2169 2462/2462/2184 2459/2459/2350 2445/2445/2166 
f 2444/2444/2279 2520/2520/2234 2517/2517/2314 2441/2441/2281 
f 2445/2445/2166 2459/2459/2350 2456/2456/2176 2448/2448/2274 
f 2447/2447/2277 2523/2523/2305 2520/2520/2234 2444/2444/2279 
f 2526/4614/2307 2450/2450/2349 2457/2457/2348 2531/4755/2308 
f 2537/4756/2316 2463/2463/2354 2454/2454/2357 2528/4757/2320 
f 2454/2454/2357 2480/2480/2370 2541/4532/2333 2528/4757/2320 
f 2531/4755/2308 2457/2457/2348 2460/2460/2352 2534/4637/2312 
f 2534/4637/2312 2460/2460/2352 2463/2463/2354 2537/4756/2316 
f 2496/2496/2244 2465/2465/2338 2472/2472/2337 2501/2501/2245 
f 2493/2493/2358 2471/2471/2262 2466/2466/2261 2483/2483/2288 
f 2481/2481/2202 2468/2468/2341 2477/2477/2268 2487/2487/2366 
f 2507/2507/2331 2478/2478/2340 2469/2469/2273 2498/2498/2335 
f 2501/2501/2245 2472/2472/2337 2475/2475/2153 2504/2504/2250 
f 2490/2490/2363 2474/2474/2339 2471/2471/2262 2493/2493/2358 
f 2504/2504/2250 2475/2475/2153 2478/2478/2340 2507/2507/2331 
f 2487/2487/2366 2477/2477/2268 2474/2474/2339 2490/2490/2363 
f 2486/2486/2368 2547/4760/2329 2541/4532/2333 2480/2480/2370 
f 2484/2484/2361 2543/4759/2323 2553/4758/2115 2492/2492/2362 
f 2489/2489/2365 2550/4639/2327 2547/4760/2329 2486/2486/2368 
f 2492/2492/2362 2553/4758/2115 2550/4639/2327 2489/2489/2365 
f 2544/2544/2325 2495/2495/2326 2502/2502/2247 2552/2552/2120 
f 2546/2546/2135 2508/2508/2256 2499/2499/2144 2540/2540/2257 
f 2510/2510/2319 2529/2529/2322 2540/2540/2257 2499/2499/2144 
f 2552/2552/2120 2502/2502/2247 2505/2505/2252 2549/2549/2129 
f 2549/2549/2129 2505/2505/2252 2508/2508/2256 2546/2546/2135 
f 2516/2516/2105 2538/2538/2317 2529/2529/2322 2510/2510/2319 
f 2514/2514/2229 2525/2525/2233 2532/2532/2232 2522/2522/2230 
f 2519/2519/2311 2535/2535/2102 2538/2538/2317 2516/2516/2105 
f 2522/2522/2230 2532/2532/2232 2535/2535/2102 2519/2519/2311 
f 2667/2667/2305 2657/2657/2227 2659/2659/2306 2668/2668/2088 
f 2668/2668/2088 2659/2659/2306 2658/2658/2380 2666/2666/2381 
f 2670/2670/2231 2675/2675/2092 2677/2677/2093 2671/2671/2094 
f 2671/2671/2094 2677/2677/2093 2676/2676/2095 2669/2669/2233 
f 2664/2664/2234 2667/2667/2305 2668/2668/2088 2665/2665/2098 
f 2665/2665/2098 2668/2668/2088 2666/2666/2381 2663/2663/2099 
f 2675/2675/2092 2678/2678/2100 2680/2680/2101 2677/2677/2093 
f 2677/2677/2093 2680/2680/2101 2679/2679/2102 2676/2676/2095 
f 2661/2661/2314 2664/2664/2234 2665/2665/2098 2662/2662/2315 
f 2662/2662/2315 2665/2665/2098 2663/2663/2099 2660/2660/2382 
f 2678/2678/2100 2681/2681/2383 2683/2683/2384 2680/2680/2101 
f 2680/2680/2101 2683/2683/2384 2682/2682/2108 2679/2679/2102 
f 2655/2655/2318 2661/2661/2314 2662/2662/2315 2656/2656/2238 
f 2656/2656/2238 2662/2662/2315 2660/2660/2382 2654/2654/2385 
f 2681/2681/2383 2672/2672/2112 2674/2674/2113 2683/2683/2384 
f 2683/2683/2384 2674/2674/2113 2673/2673/2322 2682/2682/2108 
f 2697/2697/2240 2687/2687/2116 2689/2689/2242 2698/2698/2386 
f 2698/2698/2386 2689/2689/2242 2688/2688/2325 2696/2696/2387 
f 2640/2640/2244 2645/2645/2245 2647/2647/2123 2641/2641/2246 
f 2641/2641/2246 2647/2647/2123 2646/2646/2247 2639/2639/2248 
f 2694/2694/2127 2697/2697/2240 2698/2698/2386 2695/2695/2249 
f 2695/2695/2249 2698/2698/2386 2696/2696/2387 2693/2693/2129 
f 2645/2645/2245 2648/2648/2250 2650/2650/2388 2647/2647/2123 
f 2647/2647/2123 2650/2650/2388 2649/2649/2252 2646/2646/2247 
f 2691/2691/2133 2694/2694/2127 2695/2695/2249 2692/2692/2389 
f 2692/2692/2389 2695/2695/2249 2693/2693/2129 2690/2690/2135 
f 2648/2648/2250 2651/2651/2254 2653/2653/2390 2650/2650/2388 
f 2650/2650/2388 2653/2653/2390 2652/2652/2256 2649/2649/2252 
f 2685/2685/2139 2691/2691/2133 2692/2692/2389 2686/2686/2391 
f 2686/2686/2391 2692/2692/2389 2690/2690/2135 2684/2684/2141 
f 2651/2651/2254 2642/2642/2335 2644/2644/2392 2653/2653/2390 
f 2653/2653/2390 2644/2644/2392 2643/2643/2144 2652/2652/2256 
f 2610/2610/2261 2615/2615/2393 2617/2617/2336 2611/2611/2394 
f 2611/2611/2394 2617/2617/2336 2616/2616/2265 2609/2609/2338 
f 2615/2615/2393 2618/2618/2395 2620/2620/2152 2617/2617/2336 
f 2617/2617/2336 2620/2620/2152 2619/2619/2153 2616/2616/2265 
f 2618/2618/2395 2621/2621/2396 2623/2623/2269 2620/2620/2152 
f 2620/2620/2152 2623/2623/2269 2622/2622/2340 2619/2619/2153 
f 2621/2621/2396 2612/2612/2397 2614/2614/2342 2623/2623/2269 
f 2623/2623/2269 2614/2614/2342 2613/2613/2273 2622/2622/2340 
f 2592/2592/2398 2582/2582/2161 2584/2584/2275 2593/2593/2163 
f 2593/2593/2163 2584/2584/2275 2583/2583/2276 2591/2591/2277 
f 2589/2589/2166 2592/2592/2398 2593/2593/2163 2590/2590/2278 
f 2590/2590/2278 2593/2593/2163 2591/2591/2277 2588/2588/2279 
f 2586/2586/2169 2589/2589/2166 2590/2590/2278 2587/2587/2399 
f 2587/2587/2399 2590/2590/2278 2588/2588/2279 2585/2585/2281 
f 2580/2580/2400 2586/2586/2169 2587/2587/2399 2581/2581/2345 
f 2581/2581/2345 2587/2587/2399 2585/2585/2281 2579/2579/2283 
f 2595/2595/2401 2600/2600/2176 2602/2602/2177 2596/2596/2402 
f 2596/2596/2402 2602/2602/2177 2601/2601/2403 2594/2594/2180 
f 2600/2600/2176 2603/2603/2181 2605/2605/2182 2602/2602/2177 
f 2602/2602/2177 2605/2605/2182 2604/2604/2352 2601/2601/2403 
f 2603/2603/2181 2606/2606/2184 2608/2608/2287 2605/2605/2182 
f 2605/2605/2182 2608/2608/2287 2607/2607/2404 2604/2604/2352 
f 2606/2606/2184 2597/2597/2187 2599/2599/2405 2608/2608/2287 
f 2608/2608/2287 2599/2599/2405 2598/2598/2406 2607/2607/2404 
f 2637/2637/2358 2627/2627/2191 2629/2629/2407 2638/2638/2408 
f 2638/2638/2408 2629/2629/2407 2628/2628/2194 2636/2636/2195 
f 2634/2634/2290 2637/2637/2358 2638/2638/2408 2635/2635/2197 
f 2635/2635/2197 2638/2638/2408 2636/2636/2195 2633/2633/2198 
f 2631/2631/2366 2634/2634/2290 2635/2635/2197 2632/2632/2200 
f 2632/2632/2200 2635/2635/2197 2633/2633/2198 2630/2630/2409 
f 2625/2625/2291 2631/2631/2366 2632/2632/2200 2626/2626/2203 
f 2626/2626/2203 2632/2632/2200 2630/2630/2409 2624/2624/2204 
f 2624/2624/2204 2598/2598/2406 2599/2599/2405 2626/2626/2203 
f 2626/2626/2203 2599/2599/2405 2597/2597/2187 2625/2625/2291 
f 2579/2579/2283 2613/2613/2273 2614/2614/2342 2581/2581/2345 
f 2581/2581/2345 2614/2614/2342 2612/2612/2397 2580/2580/2400 
f 2582/2582/2161 2556/2556/2205 2557/2557/2371 2584/2584/2275 
f 2584/2584/2275 2557/2557/2371 2555/2555/2294 2583/2583/2276 
f 2573/2573/2208 2658/2658/2380 2659/2659/2306 2575/2575/2295 
f 2575/2575/2295 2659/2659/2306 2657/2657/2227 2574/2574/2296 
f 2654/2654/2385 2643/2643/2144 2644/2644/2392 2656/2656/2238 
f 2656/2656/2238 2644/2644/2392 2642/2642/2335 2655/2655/2318 
f 2594/2594/2180 2559/2559/2211 2560/2560/2212 2596/2596/2402 
f 2596/2596/2402 2560/2560/2212 2558/2558/2213 2595/2595/2401 
f 2684/2684/2141 2673/2673/2322 2674/2674/2113 2686/2686/2391 
f 2686/2686/2391 2674/2674/2113 2672/2672/2112 2685/2685/2139 
f 2669/2669/2233 2577/2577/2298 2578/2578/2299 2671/2671/2094 
f 2671/2671/2094 2578/2578/2299 2576/4769/2216 2670/2670/2231 
f 2564/2564/2217 2628/2628/2194 2629/2629/2407 2566/2566/2410 
f 2566/2566/2410 2629/2629/2407 2627/2627/2191 2565/2565/2219 
f 2609/2609/2338 2562/2562/2301 2563/2563/2209 2611/2611/2394 
f 2611/2611/2394 2563/2563/2209 2561/2561/2221 2610/2610/2261 
f 2639/2639/2248 2568/2568/2205 2569/2569/2293 2641/2641/2246 
f 2641/2641/2246 2569/2569/2293 2567/2567/2303 2640/2640/2244 
f 2570/2570/2213 2688/2688/2325 2689/2689/2242 2572/2572/2304 
f 2572/2572/2304 2689/2689/2242 2687/2687/2116 2571/2571/2226 
f 2583/2583/2276 2555/2555/2294 2574/2574/2296 2657/2657/2227 
f 2595/2595/2401 2558/2558/2213 2556/2556/2205 2582/2582/2161 
f 2559/2559/2211 2594/2594/2180 2670/4524/2231 2576/2576/2216 
f 2562/2562/2301 2609/2609/2338 2640/2640/2244 2567/2567/2303 
f 2565/2565/2219 2627/2627/2191 2610/2610/2261 2561/2561/2221 
f 2628/2628/2194 2564/2564/2217 2571/4770/2226 2687/4686/2116 
f 2639/2639/2248 2688/2688/2325 2570/2570/2213 2568/2568/2205 
f 2573/2573/2208 2577/2577/2298 2669/2669/2233 2658/2658/2380 
f 2580/2580/2400 2597/2597/2187 2606/2606/2184 2586/2586/2169 
f 2625/2625/2291 2597/2597/2187 2580/2580/2400 2612/2612/2397 
f 2585/2585/2281 2661/2661/2314 2655/2655/2318 2579/2579/2283 
f 2613/2613/2273 2579/2579/2283 2655/2655/2318 2642/2642/2335 
f 2592/2592/2398 2600/2600/2176 2595/2595/2401 2582/2582/2161 
f 2583/2583/2276 2657/2657/2227 2667/2667/2305 2591/2591/2277 
f 2586/2586/2169 2606/2606/2184 2603/2603/2181 2589/2589/2166 
f 2588/2588/2279 2664/2664/2234 2661/2661/2314 2585/2585/2281 
f 2589/2589/2166 2603/2603/2181 2600/2600/2176 2592/2592/2398 
f 2591/2591/2277 2667/2667/2305 2664/2664/2234 2588/2588/2279 
f 2670/4524/2231 2594/2594/2180 2601/2601/2403 2675/4764/2092 
f 2681/4709/2383 2607/2607/2404 2598/2598/2406 2672/4765/2112 
f 2598/2598/2406 2624/2624/2204 2685/4768/2139 2672/4765/2112 
f 2675/4764/2092 2601/2601/2403 2604/2604/2352 2678/4653/2100 
f 2678/4653/2100 2604/2604/2352 2607/2607/2404 2681/4709/2383 
f 2640/2640/2244 2609/2609/2338 2616/2616/2265 2645/2645/2245 
f 2637/2637/2358 2615/2615/2393 2610/2610/2261 2627/2627/2191 
f 2625/2625/2291 2612/2612/2397 2621/2621/2396 2631/2631/2366 
f 2651/2651/2254 2622/2622/2340 2613/2613/2273 2642/2642/2335 
f 2645/2645/2245 2616/2616/2265 2619/2619/2153 2648/2648/2250 
f 2634/2634/2290 2618/2618/2395 2615/2615/2393 2637/2637/2358 
f 2648/2648/2250 2619/2619/2153 2622/2622/2340 2651/2651/2254 
f 2631/2631/2366 2621/2621/2396 2618/2618/2395 2634/2634/2290 
f 2630/2630/2409 2691/4767/2133 2685/4768/2139 2624/2624/2204 
f 2628/2628/2194 2687/4686/2116 2697/4766/2240 2636/2636/2195 
f 2633/2633/2198 2694/4656/2127 2691/4767/2133 2630/2630/2409 
f 2636/2636/2195 2697/4766/2240 2694/4656/2127 2633/2633/2198 
f 2688/2688/2325 2639/2639/2248 2646/2646/2247 2696/2696/2387 
f 2690/2690/2135 2652/2652/2256 2643/2643/2144 2684/2684/2141 
f 2654/2654/2385 2673/2673/2322 2684/2684/2141 2643/2643/2144 
f 2696/2696/2387 2646/2646/2247 2649/2649/2252 2693/2693/2129 
f 2693/2693/2129 2649/2649/2252 2652/2652/2256 2690/2690/2135 
f 2660/2660/2382 2682/2682/2108 2673/2673/2322 2654/2654/2385 
f 2658/2658/2380 2669/2669/2233 2676/2676/2095 2666/2666/2381 
f 2663/2663/2099 2679/2679/2102 2682/2682/2108 2660/2660/2382 
f 2666/2666/2381 2676/2676/2095 2679/2679/2102 2663/2663/2099 
f 2811/2811/2085 2801/2801/2227 2803/2803/2087 2812/2812/2088 
f 2812/2812/2088 2803/2803/2087 2802/2802/2380 2810/2810/2411 
f 2814/2814/2231 2819/2819/2092 2821/2821/2093 2815/2815/2094 
f 2815/2815/2094 2821/2821/2093 2820/2820/2232 2813/2813/2233 
f 2808/2808/2234 2811/2811/2085 2812/2812/2088 2809/2809/2098 
f 2809/2809/2098 2812/2812/2088 2810/2810/2411 2807/2807/2412 
f 2819/2819/2092 2822/2822/2100 2824/2824/2101 2821/2821/2093 
f 2821/2821/2093 2824/2824/2101 2823/2823/2102 2820/2820/2232 
f 2805/2805/2413 2808/2808/2234 2809/2809/2098 2806/2806/2104 
f 2806/2806/2104 2809/2809/2098 2807/2807/2412 2804/2804/2414 
f 2822/2822/2100 2825/2825/2415 2827/2827/2107 2824/2824/2101 
f 2824/2824/2101 2827/2827/2107 2826/2826/2416 2823/2823/2102 
f 2799/2799/2109 2805/2805/2413 2806/2806/2104 2800/2800/2417 
f 2800/2800/2417 2806/2806/2104 2804/2804/2414 2798/2798/2385 
f 2825/2825/2415 2816/2816/2418 2818/2818/2419 2827/2827/2107 
f 2827/2827/2107 2818/2818/2419 2817/2817/2114 2826/2826/2416 
f 2841/2841/2115 2831/2831/2116 2833/2833/2117 2842/2842/2118 
f 2842/2842/2118 2833/2833/2117 2832/2832/2119 2840/2840/2243 
f 2784/2784/2244 2789/2789/2245 2791/2791/2420 2785/2785/2246 
f 2785/2785/2246 2791/2791/2420 2790/2790/2421 2783/2783/2422 
f 2838/2838/2127 2841/2841/2115 2842/2842/2118 2839/2839/2249 
f 2839/2839/2249 2842/2842/2118 2840/2840/2243 2837/2837/2129 
f 2789/2789/2245 2792/2792/2250 2794/2794/2251 2791/2791/2420 
f 2791/2791/2420 2794/2794/2251 2793/2793/2252 2790/2790/2421 
f 2835/2835/2423 2838/2838/2127 2839/2839/2249 2836/2836/2424 
f 2836/2836/2424 2839/2839/2249 2837/2837/2129 2834/2834/2135 
f 2792/2792/2250 2795/2795/2425 2797/2797/2390 2794/2794/2251 
f 2794/2794/2251 2797/2797/2390 2796/2796/2256 2793/2793/2252 
f 2829/2829/2139 2835/2835/2423 2836/2836/2424 2830/2830/2391 
f 2830/2830/2391 2836/2836/2424 2834/2834/2135 2828/2828/2257 
f 2795/2795/2425 2786/2786/2335 2788/2788/2259 2797/2797/2390 
f 2797/2797/2390 2788/2788/2259 2787/2787/2144 2796/2796/2256 
f 2754/2754/2261 2759/2759/2262 2761/2761/2263 2755/2755/2264 
f 2755/2755/2264 2761/2761/2263 2760/2760/2265 2753/2753/2426 
f 2759/2759/2262 2762/2762/2339 2764/2764/2152 2761/2761/2263 
f 2761/2761/2263 2764/2764/2152 2763/2763/2153 2760/2760/2265 
f 2762/2762/2339 2765/2765/2396 2767/2767/2155 2764/2764/2152 
f 2764/2764/2152 2767/2767/2155 2766/2766/2270 2763/2763/2153 
f 2765/2765/2396 2756/2756/2397 2758/2758/2272 2767/2767/2155 
f 2767/2767/2155 2758/2758/2272 2757/2757/2273 2766/2766/2270 
f 2736/2736/2398 2726/2726/2427 2728/2728/2162 2737/2737/2428 
f 2737/2737/2428 2728/2728/2162 2727/2727/2164 2735/2735/2165 
f 2733/2733/2429 2736/2736/2398 2737/2737/2428 2734/2734/2278 
f 2734/2734/2278 2737/2737/2428 2735/2735/2165 2732/2732/2279 
f 2730/2730/2169 2733/2733/2429 2734/2734/2278 2731/2731/2280 
f 2731/2731/2280 2734/2734/2278 2732/2732/2279 2729/2729/2281 
f 2724/2724/2400 2730/2730/2169 2731/2731/2280 2725/2725/2430 
f 2725/2725/2430 2731/2731/2280 2729/2729/2281 2723/2723/2431 
f 2739/2739/2175 2744/2744/2285 2746/2746/2177 2740/2740/2178 
f 2740/2740/2178 2746/2746/2177 2745/2745/2179 2738/2738/2180 
f 2744/2744/2285 2747/2747/2286 2749/2749/2182 2746/2746/2177 
f 2746/2746/2177 2749/2749/2182 2748/2748/2183 2745/2745/2179 
f 2747/2747/2286 2750/2750/2432 2752/2752/2287 2749/2749/2182 
f 2749/2749/2182 2752/2752/2287 2751/2751/2186 2748/2748/2183 
f 2750/2750/2432 2741/2741/2433 2743/2743/2188 2752/2752/2287 
f 2752/2752/2287 2743/2743/2188 2742/2742/2189 2751/2751/2186 
f 2781/2781/2358 2771/2771/2191 2773/2773/2192 2782/2782/2434 
f 2782/2782/2434 2773/2773/2192 2772/2772/2289 2780/2780/2195 
f 2778/2778/2435 2781/2781/2358 2782/2782/2434 2779/2779/2197 
f 2779/2779/2197 2782/2782/2434 2780/2780/2195 2777/2777/2198 
f 2775/2775/2366 2778/2778/2435 2779/2779/2197 2776/2776/2200 
f 2776/2776/2200 2779/2779/2197 2777/2777/2198 2774/2774/2201 
f 2769/2769/2291 2775/2775/2366 2776/2776/2200 2770/2770/2292 
f 2770/2770/2292 2776/2776/2200 2774/2774/2201 2768/2768/2204 
f 2768/2768/2204 2742/2742/2189 2743/2743/2188 2770/2770/2292 
f 2770/2770/2292 2743/2743/2188 2741/2741/2433 2769/2769/2291 
f 2723/2723/2431 2757/2757/2273 2758/2758/2272 2725/2725/2430 
f 2725/2725/2430 2758/2758/2272 2756/2756/2397 2724/2724/2400 
f 2726/2726/2427 2700/2700/2205 2701/2701/2206 2728/2728/2162 
f 2728/2728/2162 2701/2701/2206 2699/2699/2294 2727/2727/2164 
f 2717/2717/2208 2802/2802/2380 2803/2803/2087 2719/2719/2295 
f 2719/2719/2295 2803/2803/2087 2801/2801/2227 2718/2718/2296 
f 2798/2798/2385 2787/2787/2144 2788/2788/2259 2800/2800/2417 
f 2800/2800/2417 2788/2788/2259 2786/2786/2335 2799/2799/2109 
f 2738/2738/2180 2703/2703/2211 2704/2704/2297 2740/2740/2178 
f 2740/2740/2178 2704/2704/2297 2702/2702/2213 2739/2739/2175 
f 2828/2828/2257 2817/2817/2114 2818/2818/2419 2830/2830/2391 
f 2830/2830/2391 2818/2818/2419 2816/2816/2418 2829/2829/2139 
f 2813/2813/2233 2721/2721/2298 2722/2722/2299 2815/2815/2094 
f 2815/2815/2094 2722/2722/2299 2720/4780/2216 2814/2814/2231 
f 2708/2708/2217 2772/2772/2289 2773/2773/2192 2710/2710/2300 
f 2710/2710/2300 2773/2773/2192 2771/2771/2191 2709/2709/2219 
f 2753/2753/2426 2706/2706/2301 2707/2707/2436 2755/2755/2264 
f 2755/2755/2264 2707/2707/2436 2705/2705/2302 2754/2754/2261 
f 2783/2783/2422 2712/2712/2205 2713/2713/2293 2785/2785/2246 
f 2785/2785/2246 2713/2713/2293 2711/2711/2303 2784/2784/2244 
f 2714/2714/2213 2832/2832/2119 2833/2833/2117 2716/2716/2304 
f 2716/2716/2304 2833/2833/2117 2831/2831/2116 2715/2715/2226 
f 2727/2727/2164 2699/2699/2294 2718/2718/2296 2801/2801/2227 
f 2739/2739/2175 2702/2702/2213 2700/2700/2205 2726/2726/2427 
f 2703/2703/2211 2738/2738/2180 2814/4771/2231 2720/2720/2216 
f 2706/2706/2301 2753/2753/2426 2784/2784/2244 2711/2711/2303 
f 2709/2709/2219 2771/2771/2191 2754/2754/2261 2705/2705/2302 
f 2772/2772/2289 2708/2708/2217 2715/4576/2226 2831/4659/2116 
f 2783/2783/2422 2832/2832/2119 2714/2714/2213 2712/2712/2205 
f 2717/2717/2208 2721/2721/2298 2813/2813/2233 2802/2802/2380 
f 2724/2724/2400 2741/2741/2433 2750/2750/2432 2730/2730/2169 
f 2769/2769/2291 2741/2741/2433 2724/2724/2400 2756/2756/2397 
f 2729/2729/2281 2805/2805/2413 2799/2799/2109 2723/2723/2431 
f 2757/2757/2273 2723/2723/2431 2799/2799/2109 2786/2786/2335 
f 2736/2736/2398 2744/2744/2285 2739/2739/2175 2726/2726/2427 
f 2727/2727/2164 2801/2801/2227 2811/2811/2085 2735/2735/2165 
f 2730/2730/2169 2750/2750/2432 2747/2747/2286 2733/2733/2429 
f 2732/2732/2279 2808/2808/2234 2805/2805/2413 2729/2729/2281 
f 2733/2733/2429 2747/2747/2286 2744/2744/2285 2736/2736/2398 
f 2735/2735/2165 2811/2811/2085 2808/2808/2234 2732/2732/2279 
f 2814/4771/2231 2738/2738/2180 2745/2745/2179 2819/4772/2092 
f 2825/4774/2415 2751/2751/2186 2742/2742/2189 2816/4775/2418 
f 2742/2742/2189 2768/2768/2204 2829/4779/2139 2816/4775/2418 
f 2819/4772/2092 2745/2745/2179 2748/2748/2183 2822/4773/2100 
f 2822/4773/2100 2748/2748/2183 2751/2751/2186 2825/4774/2415 
f 2784/2784/2244 2753/2753/2426 2760/2760/2265 2789/2789/2245 
f 2781/2781/2358 2759/2759/2262 2754/2754/2261 2771/2771/2191 
f 2769/2769/2291 2756/2756/2397 2765/2765/2396 2775/2775/2366 
f 2795/2795/2425 2766/2766/2270 2757/2757/2273 2786/2786/2335 
f 2789/2789/2245 2760/2760/2265 2763/2763/2153 2792/2792/2250 
f 2778/2778/2435 2762/2762/2339 2759/2759/2262 2781/2781/2358 
f 2792/2792/2250 2763/2763/2153 2766/2766/2270 2795/2795/2425 
f 2775/2775/2366 2765/2765/2396 2762/2762/2339 2778/2778/2435 
f 2774/2774/2201 2835/4778/2423 2829/4779/2139 2768/2768/2204 
f 2772/2772/2289 2831/4659/2116 2841/4776/2115 2780/2780/2195 
f 2777/2777/2198 2838/4777/2127 2835/4778/2423 2774/2774/2201 
f 2780/2780/2195 2841/4776/2115 2838/4777/2127 2777/2777/2198 
f 2832/2832/2119 2783/2783/2422 2790/2790/2421 2840/2840/2243 
f 2834/2834/2135 2796/2796/2256 2787/2787/2144 2828/2828/2257 
f 2798/2798/2385 2817/2817/2114 2828/2828/2257 2787/2787/2144 
f 2840/2840/2243 2790/2790/2421 2793/2793/2252 2837/2837/2129 
f 2837/2837/2129 2793/2793/2252 2796/2796/2256 2834/2834/2135 
f 2804/2804/2414 2826/2826/2416 2817/2817/2114 2798/2798/2385 
f 2802/2802/2380 2813/2813/2233 2820/2820/2232 2810/2810/2411 
f 2807/2807/2412 2823/2823/2102 2826/2826/2416 2804/2804/2414 
f 2810/2810/2411 2820/2820/2232 2823/2823/2102 2807/2807/2412 
f 2955/2955/2305 2945/2945/2437 2947/2947/2306 2956/2956/2088 
f 2956/2956/2088 2947/2947/2306 2946/2946/2229 2954/2954/2090 
f 2958/2958/2438 2963/2963/2308 2965/2965/2093 2959/2959/2310 
f 2959/2959/2310 2965/2965/2093 2964/2964/2232 2957/2957/2439 
f 2952/2952/2234 2955/2955/2305 2956/2956/2088 2953/2953/2098 
f 2953/2953/2098 2956/2956/2088 2954/2954/2090 2951/2951/2099 
f 2963/2963/2308 2966/2966/2312 2968/2968/2101 2965/2965/2093 
f 2965/2965/2093 2968/2968/2101 2967/2967/2102 2964/2964/2232 
f 2949/2949/2314 2952/2952/2234 2953/2953/2098 2950/2950/2315 
f 2950/2950/2315 2953/2953/2098 2951/2951/2099 2948/2948/2382 
f 2966/2966/2312 2969/2969/2440 2971/2971/2107 2968/2968/2101 
f 2968/2968/2101 2971/2971/2107 2970/2970/2237 2967/2967/2102 
f 2943/2943/2318 2949/2949/2314 2950/2950/2315 2944/2944/2238 
f 2944/2944/2238 2950/2950/2315 2948/2948/2382 2942/2942/2111 
f 2969/2969/2440 2960/2960/2441 2962/2962/2442 2971/2971/2107 
f 2971/2971/2107 2962/2962/2442 2961/2961/2114 2970/2970/2237 
f 2985/2985/2443 2975/2975/2323 2977/2977/2117 2986/2986/2324 
f 2986/2986/2324 2977/2977/2117 2976/2976/2119 2984/2984/2120 
f 2928/2928/2244 2933/2933/2245 2935/2935/2123 2929/2929/2246 
f 2929/2929/2246 2935/2935/2123 2934/2934/2421 2927/2927/2422 
f 2982/2982/2327 2985/2985/2443 2986/2986/2324 2983/2983/2444 
f 2983/2983/2444 2986/2986/2324 2984/2984/2120 2981/2981/2445 
f 2933/2933/2245 2936/2936/2250 2938/2938/2251 2935/2935/2123 
f 2935/2935/2123 2938/2938/2251 2937/2937/2446 2934/2934/2421 
f 2979/2979/2447 2982/2982/2327 2983/2983/2444 2980/2980/2389 
f 2980/2980/2389 2983/2983/2444 2981/2981/2445 2978/2978/2135 
f 2936/2936/2250 2939/2939/2254 2941/2941/2448 2938/2938/2251 
f 2938/2938/2251 2941/2941/2448 2940/2940/2256 2937/2937/2446 
f 2973/2973/2449 2979/2979/2447 2980/2980/2389 2974/2974/2450 
f 2974/2974/2450 2980/2980/2389 2978/2978/2135 2972/2972/2451 
f 2939/2939/2254 2930/2930/2335 2932/2932/2392 2941/2941/2448 
f 2941/2941/2448 2932/2932/2392 2931/2931/2260 2940/2940/2256 
f 2898/2898/2261 2903/2903/2452 2905/2905/2336 2899/2899/2264 
f 2899/2899/2264 2905/2905/2336 2904/2904/2337 2897/2897/2338 
f 2903/2903/2452 2906/2906/2339 2908/2908/2453 2905/2905/2336 
f 2905/2905/2336 2908/2908/2453 2907/2907/2153 2904/2904/2337 
f 2906/2906/2339 2909/2909/2268 2911/2911/2269 2908/2908/2453 
f 2908/2908/2453 2911/2911/2269 2910/2910/2340 2907/2907/2153 
f 2909/2909/2268 2900/2900/2454 2902/2902/2342 2911/2911/2269 
f 2911/2911/2269 2902/2902/2342 2901/2901/2273 2910/2910/2340 
f 2880/2880/2398 2870/2870/2161 2872/2872/2275 2881/2881/2455 
f 2881/2881/2455 2872/2872/2275 2871/2871/2343 2879/2879/2277 
f 2877/2877/2166 2880/2880/2398 2881/2881/2455 2878/2878/2456 
f 2878/2878/2456 2881/2881/2455 2879/2879/2277 2876/2876/2279 
f 2874/2874/2169 2877/2877/2166 2878/2878/2456 2875/2875/2457 
f 2875/2875/2457 2878/2878/2456 2876/2876/2279 2873/2873/2281 
f 2868/2868/2282 2874/2874/2169 2875/2875/2457 2869/2869/2345 
f 2869/2869/2345 2875/2875/2457 2873/2873/2281 2867/2867/2431 
f 2883/2883/2175 2888/2888/2458 2890/2890/2459 2884/2884/2347 
f 2884/2884/2347 2890/2890/2459 2889/2889/2348 2882/2882/2460 
f 2888/2888/2458 2891/2891/2286 2893/2893/2351 2890/2890/2459 
f 2890/2890/2459 2893/2893/2351 2892/2892/2352 2889/2889/2348 
f 2891/2891/2286 2894/2894/2184 2896/2896/2461 2893/2893/2351 
f 2893/2893/2351 2896/2896/2461 2895/2895/2462 2892/2892/2352 
f 2894/2894/2184 2885/2885/2463 2887/2887/2356 2896/2896/2461 
f 2896/2896/2461 2887/2887/2356 2886/2886/2464 2895/2895/2462 
f 2925/2925/2190 2915/2915/2191 2917/2917/2465 2926/2926/2193 
f 2926/2926/2193 2917/2917/2465 2916/2916/2361 2924/2924/2362 
f 2922/2922/2196 2925/2925/2190 2926/2926/2193 2923/2923/2466 
f 2923/2923/2466 2926/2926/2193 2924/2924/2362 2921/2921/2198 
f 2919/2919/2467 2922/2922/2196 2923/2923/2466 2920/2920/2200 
f 2920/2920/2200 2923/2923/2466 2921/2921/2198 2918/2918/2468 
f 2913/2913/2469 2919/2919/2467 2920/2920/2200 2914/2914/2203 
f 2914/2914/2203 2920/2920/2200 2918/2918/2468 2912/2912/2370 
f 2912/2912/2370 2886/2886/2464 2887/2887/2356 2914/2914/2203 
f 2914/2914/2203 2887/2887/2356 2885/2885/2463 2913/2913/2469 
f 2867/2867/2431 2901/2901/2273 2902/2902/2342 2869/2869/2345 
f 2869/2869/2345 2902/2902/2342 2900/2900/2454 2868/2868/2282 
f 2870/2870/2161 2844/2844/2205 2845/2845/2206 2872/2872/2275 
f 2872/2872/2275 2845/2845/2206 2843/2843/2294 2871/2871/2343 
f 2861/2861/2208 2946/2946/2229 2947/2947/2306 2863/2863/2295 
f 2863/2863/2295 2947/2947/2306 2945/2945/2437 2862/2862/2296 
f 2942/2942/2111 2931/2931/2260 2932/2932/2392 2944/2944/2238 
f 2944/2944/2238 2932/2932/2392 2930/2930/2335 2943/2943/2318 
f 2882/2882/2460 2847/2847/2372 2848/2848/2470 2884/2884/2347 
f 2884/2884/2347 2848/2848/2470 2846/2846/2213 2883/2883/2175 
f 2972/2972/2451 2961/2961/2114 2962/2962/2442 2974/2974/2450 
f 2974/2974/2450 2962/2962/2442 2960/2960/2441 2973/2973/2449 
f 2957/2957/2439 2865/2865/2298 2866/2866/2218 2959/2959/2310 
f 2959/2959/2310 2866/2866/2218 2864/4789/2374 2958/2958/2438 
f 2852/2852/2375 2916/2916/2361 2917/2917/2465 2854/2854/2471 
f 2854/2854/2471 2917/2917/2465 2915/2915/2191 2853/2853/2376 
f 2897/2897/2338 2850/2850/2301 2851/2851/2436 2899/2899/2264 
f 2899/2899/2264 2851/2851/2436 2849/2849/2302 2898/2898/2261 
f 2927/2927/2422 2856/2856/2205 2857/2857/2293 2929/2929/2246 
f 2929/2929/2246 2857/2857/2293 2855/2855/2303 2928/2928/2244 
f 2858/2858/2213 2976/2976/2119 2977/2977/2117 2860/2860/2472 
f 2860/2860/2472 2977/2977/2117 2975/2975/2323 2859/2859/2379 
f 2871/2871/2343 2843/2843/2294 2862/2862/2296 2945/2945/2437 
f 2883/2883/2175 2846/2846/2213 2844/2844/2205 2870/2870/2161 
f 2847/2847/2372 2882/2882/2460 2958/4781/2438 2864/2864/2374 
f 2850/2850/2301 2897/2897/2338 2928/2928/2244 2855/2855/2303 
f 2853/2853/2376 2915/2915/2191 2898/2898/2261 2849/2849/2302 
f 2916/2916/2361 2852/2852/2375 2859/4587/2379 2975/4786/2323 
f 2927/2927/2422 2976/2976/2119 2858/2858/2213 2856/2856/2205 
f 2861/2861/2208 2865/2865/2298 2957/2957/2439 2946/2946/2229 
f 2868/2868/2282 2885/2885/2463 2894/2894/2184 2874/2874/2169 
f 2913/2913/2469 2885/2885/2463 2868/2868/2282 2900/2900/2454 
f 2873/2873/2281 2949/2949/2314 2943/2943/2318 2867/2867/2431 
f 2901/2901/2273 2867/2867/2431 2943/2943/2318 2930/2930/2335 
f 2880/2880/2398 2888/2888/2458 2883/2883/2175 2870/2870/2161 
f 2871/2871/2343 2945/2945/2437 2955/2955/2305 2879/2879/2277 
f 2874/2874/2169 2894/2894/2184 2891/2891/2286 2877/2877/2166 
f 2876/2876/2279 2952/2952/2234 2949/2949/2314 2873/2873/2281 
f 2877/2877/2166 2891/2891/2286 2888/2888/2458 2880/2880/2398 
f 2879/2879/2277 2955/2955/2305 2952/2952/2234 2876/2876/2279 
f 2958/4781/2438 2882/2882/2460 2889/2889/2348 2963/4721/2308 
f 2969/4783/2440 2895/2895/2462 2886/2886/2464 2960/4784/2441 
f 2886/2886/2464 2912/2912/2370 2973/4788/2449 2960/4784/2441 
f 2963/4721/2308 2889/2889/2348 2892/2892/2352 2966/4679/2312 
f 2966/4679/2312 2892/2892/2352 2895/2895/2462 2969/4783/2440 
f 2928/2928/2244 2897/2897/2338 2904/2904/2337 2933/2933/2245 
f 2925/2925/2190 2903/2903/2452 2898/2898/2261 2915/2915/2191 
f 2913/2913/2469 2900/2900/2454 2909/2909/2268 2919/2919/2467 
f 2939/2939/2254 2910/2910/2340 2901/2901/2273 2930/2930/2335 
f 2933/2933/2245 2904/2904/2337 2907/2907/2153 2936/2936/2250 
f 2922/2922/2196 2906/2906/2339 2903/2903/2452 2925/2925/2190 
f 2936/2936/2250 2907/2907/2153 2910/2910/2340 2939/2939/2254 
f 2919/2919/2467 2909/2909/2268 2906/2906/2339 2922/2922/2196 
f 2918/2918/2468 2979/4787/2447 2973/4788/2449 2912/2912/2370 
f 2916/2916/2361 2975/4786/2323 2985/4785/2443 2924/2924/2362 
f 2921/2921/2198 2982/4681/2327 2979/4787/2447 2918/2918/2468 
f 2924/2924/2362 2985/4785/2443 2982/4681/2327 2921/2921/2198 
f 2976/2976/2119 2927/2927/2422 2934/2934/2421 2984/2984/2120 
f 2978/2978/2135 2940/2940/2256 2931/2931/2260 2972/2972/2451 
f 2942/2942/2111 2961/2961/2114 2972/2972/2451 2931/2931/2260 
f 2984/2984/2120 2934/2934/2421 2937/2937/2446 2981/2981/2445 
f 2981/2981/2445 2937/2937/2446 2940/2940/2256 2978/2978/2135 
f 2948/2948/2382 2970/2970/2237 2961/2961/2114 2942/2942/2111 
f 2946/2946/2229 2957/2957/2439 2964/2964/2232 2954/2954/2090 
f 2951/2951/2099 2967/2967/2102 2970/2970/2237 2948/2948/2382 
f 2954/2954/2090 2964/2964/2232 2967/2967/2102 2951/2951/2099 
f 3099/3099/2085 3089/3089/2227 3091/3091/2306 3100/3100/2088 
f 3100/3100/2088 3091/3091/2306 3090/3090/2380 3098/3098/2411 
f 3102/3102/2231 3107/3107/2092 3109/3109/2093 3103/3103/2094 
f 3103/3103/2094 3109/3109/2093 3108/3108/2095 3101/3101/2473 
f 3096/3096/2234 3099/3099/2085 3100/3100/2088 3097/3097/2098 
f 3097/3097/2098 3100/3100/2088 3098/3098/2411 3095/3095/2099 
f 3107/3107/2092 3110/3110/2100 3112/3112/2101 3109/3109/2093 
f 3109/3109/2093 3112/3112/2101 3111/3111/2102 3108/3108/2095 
f 3093/3093/2474 3096/3096/2234 3097/3097/2098 3094/3094/2315 
f 3094/3094/2315 3097/3097/2098 3095/3095/2099 3092/3092/2105 
f 3110/3110/2100 3113/3113/2106 3115/3115/2384 3112/3112/2101 
f 3112/3112/2101 3115/3115/2384 3114/3114/2416 3111/3111/2102 
f 3087/3087/2318 3093/3093/2474 3094/3094/2315 3088/3088/2475 
f 3088/3088/2475 3094/3094/2315 3092/3092/2105 3086/3086/2385 
f 3113/3113/2106 3104/3104/2239 3106/3106/2419 3115/3115/2384 
f 3115/3115/2384 3106/3106/2419 3105/3105/2114 3114/3114/2416 
f 3129/3129/2240 3119/3119/2241 3121/3121/2117 3130/3130/2118 
f 3130/3130/2118 3121/3121/2117 3120/3120/2325 3128/3128/2120 
f 3072/3072/2244 3077/3077/2245 3079/3079/2476 3073/3073/2246 
f 3073/3073/2246 3079/3079/2476 3078/3078/2247 3071/3071/2248 
f 3126/3126/2127 3129/3129/2240 3130/3130/2118 3127/3127/2477 
f 3127/3127/2477 3130/3130/2118 3128/3128/2120 3125/3125/2129 
f 3077/3077/2245 3080/3080/2250 3082/3082/2388 3079/3079/2476 
f 3079/3079/2476 3082/3082/2388 3081/3081/2252 3078/3078/2247 
f 3123/3123/2133 3126/3126/2127 3127/3127/2477 3124/3124/2424 
f 3124/3124/2424 3127/3127/2477 3125/3125/2129 3122/3122/2135 
f 3080/3080/2250 3083/3083/2478 3085/3085/2448 3082/3082/2388 
f 3082/3082/2388 3085/3085/2448 3084/3084/2256 3081/3081/2252 
f 3117/3117/2479 3123/3123/2133 3124/3124/2424 3118/3118/2140 
f 3118/3118/2140 3124/3124/2424 3122/3122/2135 3116/3116/2141 
f 3083/3083/2478 3074/3074/2335 3076/3076/2392 3085/3085/2448 
f 3085/3085/2448 3076/3076/2392 3075/3075/2260 3084/3084/2256 
f 3042/3042/2480 3047/3047/2393 3049/3049/2336 3043/3043/2264 
f 3043/3043/2264 3049/3049/2336 3048/3048/2265 3041/3041/2338 
f 3047/3047/2393 3050/3050/2339 3052/3052/2481 3049/3049/2336 
f 3049/3049/2336 3052/3052/2481 3051/3051/2153 3048/3048/2265 
f 3050/3050/2339 3053/3053/2268 3055/3055/2269 3052/3052/2481 
f 3052/3052/2481 3055/3055/2269 3054/3054/2340 3051/3051/2153 
f 3053/3053/2268 3044/3044/2341 3046/3046/2272 3055/3055/2269 
f 3055/3055/2269 3046/3046/2272 3045/3045/2273 3054/3054/2340 
f 3024/3024/2398 3014/3014/2161 3016/3016/2275 3025/3025/2455 
f 3025/3025/2455 3016/3016/2275 3015/3015/2482 3023/3023/2277 
f 3021/3021/2166 3024/3024/2398 3025/3025/2455 3022/3022/2278 
f 3022/3022/2278 3025/3025/2455 3023/3023/2277 3020/3020/2279 
f 3018/3018/2169 3021/3021/2166 3022/3022/2278 3019/3019/2280 
f 3019/3019/2280 3022/3022/2278 3020/3020/2279 3017/3017/2483 
f 3012/3012/2344 3018/3018/2169 3019/3019/2280 3013/3013/2173 
f 3013/3013/2173 3019/3019/2280 3017/3017/2483 3011/3011/2431 
f 3027/3027/2284 3032/3032/2484 3034/3034/2177 3028/3028/2178 
f 3028/3028/2178 3034/3034/2177 3033/3033/2179 3026/3026/2485 
f 3032/3032/2484 3035/3035/2286 3037/3037/2182 3034/3034/2177 
f 3034/3034/2177 3037/3037/2182 3036/3036/2352 3033/3033/2179 
f 3035/3035/2286 3038/3038/2184 3040/3040/2287 3037/3037/2182 
f 3037/3037/2182 3040/3040/2287 3039/3039/2186 3036/3036/2352 
f 3038/3038/2184 3029/3029/2355 3031/3031/2188 3040/3040/2287 
f 3040/3040/2287 3031/3031/2188 3030/3030/2406 3039/3039/2186 
f 3069/3069/2486 3059/3059/2288 3061/3061/2407 3070/3070/2193 
f 3070/3070/2193 3061/3061/2407 3060/3060/2289 3068/3068/2195 
f 3066/3066/2435 3069/3069/2486 3070/3070/2193 3067/3067/2197 
f 3067/3067/2197 3070/3070/2193 3068/3068/2195 3065/3065/2198 
f 3063/3063/2199 3066/3066/2435 3067/3067/2197 3064/3064/2200 
f 3064/3064/2200 3067/3067/2197 3065/3065/2198 3062/3062/2201 
f 3057/3057/2487 3063/3063/2199 3064/3064/2200 3058/3058/2203 
f 3058/3058/2203 3064/3064/2200 3062/3062/2201 3056/3056/2204 
f 3056/3056/2204 3030/3030/2406 3031/3031/2188 3058/3058/2203 
f 3058/3058/2203 3031/3031/2188 3029/3029/2355 3057/3057/2487 
f 3011/3011/2431 3045/3045/2273 3046/3046/2272 3013/3013/2173 
f 3013/3013/2173 3046/3046/2272 3044/3044/2341 3012/3012/2344 
f 3014/3014/2161 2988/2988/2205 2989/2989/2371 3016/3016/2275 
f 3016/3016/2275 2989/2989/2371 2987/2987/2294 3015/3015/2482 
f 3005/3005/2208 3090/3090/2380 3091/3091/2306 3007/3007/2295 
f 3007/3007/2295 3091/3091/2306 3089/3089/2227 3006/3006/2296 
f 3086/3086/2385 3075/3075/2260 3076/3076/2392 3088/3088/2475 
f 3088/3088/2475 3076/3076/2392 3074/3074/2335 3087/3087/2318 
f 3026/3026/2485 2991/2991/2211 2992/2992/2304 3028/3028/2178 
f 3028/3028/2178 2992/2992/2304 2990/2990/2213 3027/3027/2284 
f 3116/3116/2141 3105/3105/2114 3106/3106/2419 3118/3118/2140 
f 3118/3118/2140 3106/3106/2419 3104/3104/2239 3117/3117/2479 
f 3101/3101/2473 3009/3009/2298 3010/3010/2299 3103/3103/2094 
f 3103/3103/2094 3010/3010/2299 3008/4798/2216 3102/3102/2231 
f 2996/2996/2217 3060/3060/2289 3061/3061/2407 2998/2998/2218 
f 2998/2998/2218 3061/3061/2407 3059/3059/2288 2997/2997/2376 
f 3041/3041/2338 2994/2994/2301 2995/2995/2209 3043/3043/2264 
f 3043/3043/2264 2995/2995/2209 2993/2993/2221 3042/3042/2480 
f 3071/3071/2248 3000/3000/2205 3001/3001/2293 3073/3073/2246 
f 3073/3073/2246 3001/3001/2293 2999/2999/2303 3072/3072/2244 
f 3002/3002/2213 3120/3120/2325 3121/3121/2117 3004/3004/2304 
f 3004/3004/2304 3121/3121/2117 3119/3119/2241 3003/3003/2226 
f 3015/3015/2482 2987/2987/2294 3006/3006/2296 3089/3089/2227 
f 3027/3027/2284 2990/2990/2213 2988/2988/2205 3014/3014/2161 
f 2991/2991/2211 3026/3026/2485 3102/4790/2231 3008/3008/2216 
f 2994/2994/2301 3041/3041/2338 3072/3072/2244 2999/2999/2303 
f 2997/2997/2376 3059/3059/2288 3042/3042/2480 2993/2993/2221 
f 3060/3060/2289 2996/2996/2217 3003/4589/2226 3119/4795/2241 
f 3071/3071/2248 3120/3120/2325 3002/3002/2213 3000/3000/2205 
f 3005/3005/2208 3009/3009/2298 3101/3101/2473 3090/3090/2380 
f 3012/3012/2344 3029/3029/2355 3038/3038/2184 3018/3018/2169 
f 3057/3057/2487 3029/3029/2355 3012/3012/2344 3044/3044/2341 
f 3017/3017/2483 3093/3093/2474 3087/3087/2318 3011/3011/2431 
f 3045/3045/2273 3011/3011/2431 3087/3087/2318 3074/3074/2335 
f 3024/3024/2398 3032/3032/2484 3027/3027/2284 3014/3014/2161 
f 3015/3015/2482 3089/3089/2227 3099/3099/2085 3023/3023/2277 
f 3018/3018/2169 3038/3038/2184 3035/3035/2286 3021/3021/2166 
f 3020/3020/2279 3096/3096/2234 3093/3093/2474 3017/3017/2483 
f 3021/3021/2166 3035/3035/2286 3032/3032/2484 3024/3024/2398 
f 3023/3023/2277 3099/3099/2085 3096/3096/2234 3020/3020/2279 
f 3102/4790/2231 3026/3026/2485 3033/3033/2179 3107/4628/2092 
f 3113/4792/2106 3039/3039/2186 3030/3030/2406 3104/4793/2239 
f 3030/3030/2406 3056/3056/2204 3117/4797/2479 3104/4793/2239 
f 3107/4628/2092 3033/3033/2179 3036/3036/2352 3110/4791/2100 
f 3110/4791/2100 3036/3036/2352 3039/3039/2186 3113/4792/2106 
f 3072/3072/2244 3041/3041/2338 3048/3048/2265 3077/3077/2245 
f 3069/3069/2486 3047/3047/2393 3042/3042/2480 3059/3059/2288 
f 3057/3057/2487 3044/3044/2341 3053/3053/2268 3063/3063/2199 
f 3083/3083/2478 3054/3054/2340 3045/3045/2273 3074/3074/2335 
f 3077/3077/2245 3048/3048/2265 3051/3051/2153 3080/3080/2250 
f 3066/3066/2435 3050/3050/2339 3047/3047/2393 3069/3069/2486 
f 3080/3080/2250 3051/3051/2153 3054/3054/2340 3083/3083/2478 
f 3063/3063/2199 3053/3053/2268 3050/3050/2339 3066/3066/2435 
f 3062/3062/2201 3123/4630/2133 3117/4797/2479 3056/3056/2204 
f 3060/3060/2289 3119/4795/2241 3129/4794/2240 3068/3068/2195 
f 3065/3065/2198 3126/4796/2127 3123/4630/2133 3062/3062/2201 
f 3068/3068/2195 3129/4794/2240 3126/4796/2127 3065/3065/2198 
f 3120/3120/2325 3071/3071/2248 3078/3078/2247 3128/3128/2120 
f 3122/3122/2135 3084/3084/2256 3075/3075/2260 3116/3116/2141 
f 3086/3086/2385 3105/3105/2114 3116/3116/2141 3075/3075/2260 
f 3128/3128/2120 3078/3078/2247 3081/3081/2252 3125/3125/2129 
f 3125/3125/2129 3081/3081/2252 3084/3084/2256 3122/3122/2135 
f 3092/3092/2105 3114/3114/2416 3105/3105/2114 3086/3086/2385 
f 3090/3090/2380 3101/3101/2473 3108/3108/2095 3098/3098/2411 
f 3095/3095/2099 3111/3111/2102 3114/3114/2416 3092/3092/2105 
f 3098/3098/2411 3108/3108/2095 3111/3111/2102 3095/3095/2099 
f 3243/3243/2085 3233/3233/2227 3235/3235/2087 3244/3244/2088 
f 3244/3244/2088 3235/3235/2087 3234/3234/2229 3242/3242/2381 
f 3246/3246/2231 3251/3251/2092 3253/3253/2093 3247/3247/2488 
f 3247/3247/2488 3253/3253/2093 3252/3252/2095 3245/3245/2233 
f 3240/3240/2234 3243/3243/2085 3244/3244/2088 3241/3241/2098 
f 3241/3241/2098 3244/3244/2088 3242/3242/2381 3239/3239/2099 
f 3251/3251/2092 3254/3254/2100 3256/3256/2101 3253/3253/2093 
f 3253/3253/2093 3256/3256/2101 3255/3255/2102 3252/3252/2095 
f 3237/3237/2474 3240/3240/2234 3241/3241/2098 3238/3238/2104 
f 3238/3238/2104 3241/3241/2098 3239/3239/2099 3236/3236/2105 
f 3254/3254/2100 3257/3257/2415 3259/3259/2107 3256/3256/2101 
f 3256/3256/2101 3259/3259/2107 3258/3258/2108 3255/3255/2102 
f 3231/3231/2489 3237/3237/2474 3238/3238/2104 3232/3232/2417 
f 3232/3232/2417 3238/3238/2104 3236/3236/2105 3230/3230/2111 
f 3257/3257/2415 3248/3248/2239 3250/3250/2419 3259/3259/2107 
f 3259/3259/2107 3250/3250/2419 3249/3249/2114 3258/3258/2108 
f 3273/3273/2240 3263/3263/2116 3265/3265/2242 3274/3274/2118 
f 3274/3274/2118 3265/3265/2242 3264/3264/2119 3272/3272/2243 
f 3216/3216/2244 3221/3221/2245 3223/3223/2123 3217/3217/2246 
f 3217/3217/2246 3223/3223/2123 3222/3222/2125 3215/3215/2326 
f 3270/3270/2127 3273/3273/2240 3274/3274/2118 3271/3271/2128 
f 3271/3271/2128 3274/3274/2118 3272/3272/2243 3269/3269/2129 
f 3221/3221/2245 3224/3224/2250 3226/3226/2490 3223/3223/2123 
f 3223/3223/2123 3226/3226/2490 3225/3225/2252 3222/3222/2125 
f 3267/3267/2133 3270/3270/2127 3271/3271/2128 3268/3268/2491 
f 3268/3268/2491 3271/3271/2128 3269/3269/2129 3266/3266/2135 
f 3224/3224/2250 3227/3227/2425 3229/3229/2255 3226/3226/2490 
f 3226/3226/2490 3229/3229/2255 3228/3228/2256 3225/3225/2252 
f 3261/3261/2139 3267/3267/2133 3268/3268/2491 3262/3262/2140 
f 3262/3262/2140 3268/3268/2491 3266/3266/2135 3260/3260/2141 
f 3227/3227/2425 3218/3218/2492 3220/3220/2143 3229/3229/2255 
f 3229/3229/2255 3220/3220/2143 3219/3219/2260 3228/3228/2256 
f 3186/3186/2261 3191/3191/2393 3193/3193/2336 3187/3187/2148 
f 3187/3187/2148 3193/3193/2336 3192/3192/2337 3185/3185/2493 
f 3191/3191/2393 3194/3194/2339 3196/3196/2152 3193/3193/2336 
f 3193/3193/2336 3196/3196/2152 3195/3195/2153 3192/3192/2337 
f 3194/3194/2339 3197/3197/2268 3199/3199/2155 3196/3196/2152 
f 3196/3196/2152 3199/3199/2155 3198/3198/2270 3195/3195/2153 
f 3197/3197/2268 3188/3188/2341 3190/3190/2494 3199/3199/2155 
f 3199/3199/2155 3190/3190/2494 3189/3189/2273 3198/3198/2270 
f 3168/3168/2274 3158/3158/2161 3160/3160/2162 3169/3169/2163 
f 3169/3169/2163 3160/3160/2162 3159/3159/2276 3167/3167/2165 
f 3165/3165/2166 3168/3168/2274 3169/3169/2163 3166/3166/2278 
f 3166/3166/2278 3169/3169/2163 3167/3167/2165 3164/3164/2279 
f 3162/3162/2169 3165/3165/2166 3166/3166/2278 3163/3163/2280 
f 3163/3163/2280 3166/3166/2278 3164/3164/2279 3161/3161/2281 
f 3156/3156/2344 3162/3162/2169 3163/3163/2280 3157/3157/2430 
f 3157/3157/2430 3163/3163/2280 3161/3161/2281 3155/3155/2283 
f 3171/3171/2175 3176/3176/2176 3178/3178/2177 3172/3172/2178 
f 3172/3172/2178 3178/3178/2177 3177/3177/2179 3170/3170/2495 
f 3176/3176/2176 3179/3179/2286 3181/3181/2182 3178/3178/2177 
f 3178/3178/2177 3181/3181/2182 3180/3180/2183 3177/3177/2179 
f 3179/3179/2286 3182/3182/2184 3184/3184/2496 3181/3181/2182 
f 3181/3181/2182 3184/3184/2496 3183/3183/2186 3180/3180/2183 
f 3182/3182/2184 3173/3173/2355 3175/3175/2188 3184/3184/2496 
f 3184/3184/2496 3175/3175/2188 3174/3174/2189 3183/3183/2186 
f 3213/3213/2358 3203/3203/2288 3205/3205/2497 3214/3214/2498 
f 3214/3214/2498 3205/3205/2497 3204/3204/2289 3212/3212/2195 
f 3210/3210/2290 3213/3213/2358 3214/3214/2498 3211/3211/2197 
f 3211/3211/2197 3214/3214/2498 3212/3212/2195 3209/3209/2198 
f 3207/3207/2199 3210/3210/2290 3211/3211/2197 3208/3208/2200 
f 3208/3208/2200 3211/3211/2197 3209/3209/2198 3206/3206/2201 
f 3201/3201/2202 3207/3207/2199 3208/3208/2200 3202/3202/2292 
f 3202/3202/2292 3208/3208/2200 3206/3206/2201 3200/3200/2204 
f 3200/3200/2204 3174/3174/2189 3175/3175/2188 3202/3202/2292 
f 3202/3202/2292 3175/3175/2188 3173/3173/2355 3201/3201/2202 
f 3155/3155/2283 3189/3189/2273 3190/3190/2494 3157/3157/2430 
f 3157/3157/2430 3190/3190/2494 3188/3188/2341 3156/3156/2344 
f 3158/3158/2161 3132/3132/2205 3133/3133/2206 3160/3160/2162 
f 3160/3160/2162 3133/3133/2206 3131/3131/2294 3159/3159/2276 
f 3149/3149/2208 3234/3234/2229 3235/3235/2087 3151/3151/2295 
f 3151/3151/2295 3235/3235/2087 3233/3233/2227 3150/3150/2296 
f 3230/3230/2111 3219/3219/2260 3220/3220/2143 3232/3232/2417 
f 3232/3232/2417 3220/3220/2143 3218/3218/2492 3231/3231/2489 
f 3170/3170/2495 3135/3135/2211 3136/3136/2304 3172/3172/2178 
f 3172/3172/2178 3136/3136/2304 3134/3134/2213 3171/3171/2175 
f 3260/3260/2141 3249/3249/2114 3250/3250/2419 3262/3262/2140 
f 3262/3262/2140 3250/3250/2419 3248/3248/2239 3261/3261/2139 
f 3245/3245/2233 3153/3153/2298 3154/3154/2299 3247/3247/2488 
f 3247/3247/2488 3154/3154/2299 3152/4530/2216 3246/3246/2231 
f 3140/3140/2217 3204/3204/2289 3205/3205/2497 3142/3142/2218 
f 3142/3142/2218 3205/3205/2497 3203/3203/2288 3141/3141/2376 
f 3185/3185/2493 3138/3138/2301 3139/3139/2209 3187/3187/2148 
f 3187/3187/2148 3139/3139/2209 3137/3137/2221 3186/3186/2261 
f 3215/3215/2326 3144/3144/2205 3145/3145/2293 3217/3217/2246 
f 3217/3217/2246 3145/3145/2293 3143/3143/2303 3216/3216/2244 
f 3146/3146/2213 3264/3264/2119 3265/3265/2242 3148/3148/2304 
f 3148/3148/2304 3265/3265/2242 3263/3263/2116 3147/3147/2226 
f 3159/3159/2276 3131/3131/2294 3150/3150/2296 3233/3233/2227 
f 3171/3171/2175 3134/3134/2213 3132/3132/2205 3158/3158/2161 
f 3135/3135/2211 3170/3170/2495 3246/4799/2231 3152/3152/2216 
f 3138/3138/2301 3185/3185/2493 3216/3216/2244 3143/3143/2303 
f 3141/3141/2376 3203/3203/2288 3186/3186/2261 3137/3137/2221 
f 3204/3204/2289 3140/3140/2217 3147/4616/2226 3263/4801/2116 
f 3215/3215/2326 3264/3264/2119 3146/3146/2213 3144/3144/2205 
f 3149/3149/2208 3153/3153/2298 3245/3245/2233 3234/3234/2229 
f 3156/3156/2344 3173/3173/2355 3182/3182/2184 3162/3162/2169 
f 3201/3201/2202 3173/3173/2355 3156/3156/2344 3188/3188/2341 
f 3161/3161/2281 3237/3237/2474 3231/3231/2489 3155/3155/2283 
f 3189/3189/2273 3155/3155/2283 3231/3231/2489 3218/3218/2492 
f 3168/3168/2274 3176/3176/2176 3171/3171/2175 3158/3158/2161 
f 3159/3159/2276 3233/3233/2227 3243/3243/2085 3167/3167/2165 
f 3162/3162/2169 3182/3182/2184 3179/3179/2286 3165/3165/2166 
f 3164/3164/2279 3240/3240/2234 3237/3237/2474 3161/3161/2281 
f 3165/3165/2166 3179/3179/2286 3176/3176/2176 3168/3168/2274 
f 3167/3167/2165 3243/3243/2085 3240/3240/2234 3164/3164/2279 
f 3246/4799/2231 3170/3170/2495 3177/3177/2179 3251/4643/2092 
f 3257/4675/2415 3183/3183/2186 3174/3174/2189 3248/4542/2239 
f 3174/3174/2189 3200/3200/2204 3261/4803/2139 3248/4542/2239 
f 3251/4643/2092 3177/3177/2179 3180/3180/2183 3254/4715/2100 
f 3254/4715/2100 3180/3180/2183 3183/3183/2186 3257/4675/2415 
f 3216/3216/2244 3185/3185/2493 3192/3192/2337 3221/3221/2245 
f 3213/3213/2358 3191/3191/2393 3186/3186/2261 3203/3203/2288 
f 3201/3201/2202 3188/3188/2341 3197/3197/2268 3207/3207/2199 
f 3227/3227/2425 3198/3198/2270 3189/3189/2273 3218/3218/2492 
f 3221/3221/2245 3192/3192/2337 3195/3195/2153 3224/3224/2250 
f 3210/3210/2290 3194/3194/2339 3191/3191/2393 3213/3213/2358 
f 3224/3224/2250 3195/3195/2153 3198/3198/2270 3227/3227/2425 
f 3207/3207/2199 3197/3197/2268 3194/3194/2339 3210/3210/2290 
f 3206/3206/2201 3267/4802/2133 3261/4803/2139 3200/3200/2204 
f 3204/3204/2289 3263/4801/2116 3273/4684/2240 3212/3212/2195 
f 3209/3209/2198 3270/4751/2127 3267/4802/2133 3206/3206/2201 
f 3212/3212/2195 3273/4684/2240 3270/4751/2127 3209/3209/2198 
f 3264/3264/2119 3215/3215/2326 3222/3222/2125 3272/3272/2243 
f 3266/3266/2135 3228/3228/2256 3219/3219/2260 3260/3260/2141 
f 3230/3230/2111 3249/3249/2114 3260/3260/2141 3219/3219/2260 
f 3272/3272/2243 3222/3222/2125 3225/3225/2252 3269/3269/2129 
f 3269/3269/2129 3225/3225/2252 3228/3228/2256 3266/3266/2135 
f 3236/3236/2105 3258/3258/2108 3249/3249/2114 3230/3230/2111 
f 3234/3234/2229 3245/3245/2233 3252/3252/2095 3242/3242/2381 
f 3239/3239/2099 3255/3255/2102 3258/3258/2108 3236/3236/2105 
f 3242/3242/2381 3252/3252/2095 3255/3255/2102 3239/3239/2099 
f 3387/3387/2499 3377/3377/2086 3379/3379/2087 3388/3388/2500 
f 3388/3388/2500 3379/3379/2087 3378/3378/2089 3386/3386/2090 
f 3390/3390/2091 3395/3395/2501 3397/3397/2093 3391/3391/2310 
f 3391/3391/2310 3397/3397/2093 3396/3396/2095 3389/3389/2096 
f 3384/3384/2502 3387/3387/2499 3388/3388/2500 3385/3385/2098 
f 3385/3385/2098 3388/3388/2500 3386/3386/2090 3383/3383/2099 
f 3395/3395/2501 3398/3398/2503 3400/3400/2101 3397/3397/2093 
f 3397/3397/2093 3400/3400/2101 3399/3399/2102 3396/3396/2095 
f 3381/3381/2504 3384/3384/2502 3385/3385/2098 3382/3382/2505 
f 3382/3382/2505 3385/3385/2098 3383/3383/2099 3380/3380/2414 
f 3398/3398/2503 3401/3401/2506 3403/3403/2507 3400/3400/2101 
f 3400/3400/2101 3403/3403/2507 3402/3402/2237 3399/3399/2102 
f 3375/3375/2508 3381/3381/2504 3382/3382/2505 3376/3376/2110 
f 3376/3376/2110 3382/3382/2505 3380/3380/2414 3374/3374/2509 
f 3401/3401/2506 3392/3392/2510 3394/3394/2321 3403/3403/2507 
f 3403/3403/2507 3394/3394/2321 3393/3393/2511 3402/3402/2237 
f 3417/3417/2512 3407/3407/2513 3409/3409/2117 3418/3418/2324 
f 3418/3418/2324 3409/3409/2117 3408/3408/2325 3416/3416/2120 
f 3360/3360/2121 3365/3365/2122 3367/3367/2514 3361/3361/2124 
f 3361/3361/2124 3367/3367/2514 3366/3366/2421 3359/3359/2126 
f 3414/3414/2127 3417/3417/2512 3418/3418/2324 3415/3415/2249 
f 3415/3415/2249 3418/3418/2324 3416/3416/2120 3413/3413/2445 
f 3365/3365/2122 3368/3368/2130 3370/3370/2490 3367/3367/2514 
f 3367/3367/2514 3370/3370/2490 3369/3369/2132 3366/3366/2421 
f 3411/3411/2515 3414/3414/2127 3415/3415/2249 3412/3412/2389 
f 3412/3412/2389 3415/3415/2249 3413/3413/2445 3410/3410/2135 
f 3368/3368/2130 3371/3371/2516 3373/3373/2255 3370/3370/2490 
f 3370/3370/2490 3373/3373/2255 3372/3372/2256 3369/3369/2132 
f 3405/3405/2517 3411/3411/2515 3412/3412/2389 3406/3406/2518 
f 3406/3406/2518 3412/3412/2389 3410/3410/2135 3404/3404/2451 
f 3371/3371/2516 3362/3362/2519 3364/3364/2520 3373/3373/2255 
f 3373/3373/2255 3364/3364/2520 3363/3363/2144 3372/3372/2256 
f 3330/3330/2521 3335/3335/2522 3337/3337/2147 3331/3331/2148 
f 3331/3331/2148 3337/3337/2147 3336/3336/2149 3329/3329/2150 
f 3335/3335/2522 3338/3338/2523 3340/3340/2524 3337/3337/2147 
f 3337/3337/2147 3340/3340/2524 3339/3339/2153 3336/3336/2149 
f 3338/3338/2523 3341/3341/2154 3343/3343/2525 3340/3340/2524 
f 3340/3340/2524 3343/3343/2525 3342/3342/2156 3339/3339/2153 
f 3341/3341/2154 3332/3332/2271 3334/3334/2526 3343/3343/2525 
f 3343/3343/2525 3334/3334/2526 3333/3333/2159 3342/3342/2156 
f 3312/3312/2274 3302/3302/2427 3304/3304/2527 3313/3313/2428 
f 3313/3313/2428 3304/3304/2527 3303/3303/2528 3311/3311/2165 
f 3309/3309/2166 3312/3312/2274 3313/3313/2428 3310/3310/2529 
f 3310/3310/2529 3313/3313/2428 3311/3311/2165 3308/3308/2168 
f 3306/3306/2530 3309/3309/2166 3310/3310/2529 3307/3307/2170 
f 3307/3307/2170 3310/3310/2529 3308/3308/2168 3305/3305/2171 
f 3300/3300/2344 3306/3306/2530 3307/3307/2170 3301/3301/2531 
f 3301/3301/2531 3307/3307/2170 3305/3305/2171 3299/3299/2174 
f 3315/3315/2401 3320/3320/2532 3322/3322/2459 3316/3316/2402 
f 3316/3316/2402 3322/3322/2459 3321/3321/2403 3314/3314/2533 
f 3320/3320/2532 3323/3323/2286 3325/3325/2534 3322/3322/2459 
f 3322/3322/2459 3325/3325/2534 3324/3324/2352 3321/3321/2403 
f 3323/3323/2286 3326/3326/2535 3328/3328/2287 3325/3325/2534 
f 3325/3325/2534 3328/3328/2287 3327/3327/2536 3324/3324/2352 
f 3326/3326/2535 3317/3317/2463 3319/3319/2356 3328/3328/2287 
f 3328/3328/2287 3319/3319/2356 3318/3318/2189 3327/3327/2536 
f 3357/3357/2358 3347/3347/2191 3349/3349/2192 3358/3358/2498 
f 3358/3358/2498 3349/3349/2192 3348/3348/2194 3356/3356/2537 
f 3354/3354/2196 3357/3357/2358 3358/3358/2498 3355/3355/2466 
f 3355/3355/2466 3358/3358/2498 3356/3356/2537 3353/3353/2198 
f 3351/3351/2467 3354/3354/2196 3355/3355/2466 3352/3352/2538 
f 3352/3352/2538 3355/3355/2466 3353/3353/2198 3350/3350/2409 
f 3345/3345/2291 3351/3351/2467 3352/3352/2538 3346/3346/2203 
f 3346/3346/2203 3352/3352/2538 3350/3350/2409 3344/3344/2370 
f 3344/3344/2370 3318/3318/2189 3319/3319/2356 3346/3346/2203 
f 3346/3346/2203 3319/3319/2356 3317/3317/2463 3345/3345/2291 
f 3299/3299/2174 3333/3333/2159 3334/3334/2526 3301/3301/2531 
f 3301/3301/2531 3334/3334/2526 3332/3332/2271 3300/3300/2344 
f 3302/3302/2427 3276/3276/2205 3277/3277/2539 3304/3304/2527 
f 3304/3304/2527 3277/3277/2539 3275/3275/2207 3303/3303/2528 
f 3293/3293/2208 3378/3378/2089 3379/3379/2087 3295/3295/2209 
f 3295/3295/2209 3379/3379/2087 3377/3377/2086 3294/3294/2210 
f 3374/3374/2509 3363/3363/2144 3364/3364/2520 3376/3376/2110 
f 3376/3376/2110 3364/3364/2520 3362/3362/2519 3375/3375/2508 
f 3314/3314/2533 3279/3279/2372 3280/3280/2212 3316/3316/2402 
f 3316/3316/2402 3280/3280/2212 3278/3278/2213 3315/3315/2401 
f 3404/3404/2451 3393/3393/2511 3394/3394/2321 3406/3406/2518 
f 3406/3406/2518 3394/3394/2321 3392/3392/2510 3405/3405/2517 
f 3389/3389/2096 3297/3297/2298 3298/3298/2218 3391/3391/2310 
f 3391/3391/2310 3298/3298/2218 3296/4535/2374 3390/3390/2091 
f 3284/3284/2217 3348/3348/2194 3349/3349/2192 3286/3286/2218 
f 3286/3286/2218 3349/3349/2192 3347/3347/2191 3285/3285/2540 
f 3329/3329/2150 3282/3282/2541 3283/3283/2542 3331/3331/2148 
f 3331/3331/2148 3283/3283/2542 3281/3281/2302 3330/3330/2521 
f 3359/3359/2126 3288/3288/2205 3289/3289/2222 3361/3361/2124 
f 3361/3361/2124 3289/3289/2222 3287/3287/2223 3360/3360/2121 
f 3290/3290/2213 3408/3408/2325 3409/3409/2117 3292/3292/2472 
f 3292/3292/2472 3409/3409/2117 3407/3407/2513 3291/3291/2379 
f 3303/3303/2528 3275/3275/2207 3294/3294/2210 3377/3377/2086 
f 3315/3315/2401 3278/3278/2213 3276/3276/2205 3302/3302/2427 
f 3279/3279/2372 3314/3314/2533 3390/4804/2091 3296/3296/2374 
f 3282/3282/2541 3329/3329/2150 3360/3360/2121 3287/3287/2223 
f 3285/3285/2540 3347/3347/2191 3330/3330/2521 3281/3281/2302 
f 3348/3348/2194 3284/3284/2217 3291/4563/2379 3407/4809/2513 
f 3359/3359/2126 3408/3408/2325 3290/3290/2213 3288/3288/2205 
f 3293/3293/2208 3297/3297/2298 3389/3389/2096 3378/3378/2089 
f 3300/3300/2344 3317/3317/2463 3326/3326/2535 3306/3306/2530 
f 3345/3345/2291 3317/3317/2463 3300/3300/2344 3332/3332/2271 
f 3305/3305/2171 3381/3381/2504 3375/3375/2508 3299/3299/2174 
f 3333/3333/2159 3299/3299/2174 3375/3375/2508 3362/3362/2519 
f 3312/3312/2274 3320/3320/2532 3315/3315/2401 3302/3302/2427 
f 3303/3303/2528 3377/3377/2086 3387/3387/2499 3311/3311/2165 
f 3306/3306/2530 3326/3326/2535 3323/3323/2286 3309/3309/2166 
f 3308/3308/2168 3384/3384/2502 3381/3381/2504 3305/3305/2171 
f 3309/3309/2166 3323/3323/2286 3320/3320/2532 3312/3312/2274 
f 3311/3311/2165 3387/3387/2499 3384/3384/2502 3308/3308/2168 
f 3390/4804/2091 3314/3314/2533 3321/3321/2403 3395/4749/2501 
f 3401/4806/2506 3327/3327/2536 3318/3318/2189 3392/4807/2510 
f 3318/3318/2189 3344/3344/2370 3405/4813/2517 3392/4807/2510 
f 3395/4749/2501 3321/3321/2403 3324/3324/2352 3398/4805/2503 
f 3398/4805/2503 3324/3324/2352 3327/3327/2536 3401/4806/2506 
f 3360/3360/2121 3329/3329/2150 3336/3336/2149 3365/3365/2122 
f 3357/3357/2358 3335/3335/2522 3330/3330/2521 3347/3347/2191 
f 3345/3345/2291 3332/3332/2271 3341/3341/2154 3351/3351/2467 
f 3371/3371/2516 3342/3342/2156 3333/3333/2159 3362/3362/2519 
f 3365/3365/2122 3336/3336/2149 3339/3339/2153 3368/3368/2130 
f 3354/3354/2196 3338/3338/2523 3335/3335/2522 3357/3357/2358 
f 3368/3368/2130 3339/3339/2153 3342/3342/2156 3371/3371/2516 
f 3351/3351/2467 3341/3341/2154 3338/3338/2523 3354/3354/2196 
f 3350/3350/2409 3411/4811/2515 3405/4813/2517 3344/3344/2370 
f 3348/3348/2194 3407/4809/2513 3417/4808/2512 3356/3356/2537 
f 3353/3353/2198 3414/4810/2127 3411/4811/2515 3350/3350/2409 
f 3356/3356/2537 3417/4808/2512 3414/4810/2127 3353/3353/2198 
f 3408/3408/2325 3359/3359/2126 3366/3366/2421 3416/3416/2120 
f 3410/3410/2135 3372/3372/2256 3363/3363/2144 3404/3404/2451 
f 3374/3374/2509 3393/3393/2511 3404/3404/2451 3363/3363/2144 
f 3416/3416/2120 3366/3366/2421 3369/3369/2132 3413/3413/2445 
f 3413/3413/2445 3369/3369/2132 3372/3372/2256 3410/3410/2135 
f 3380/3380/2414 3402/3402/2237 3393/3393/2511 3374/3374/2509 
f 3378/3378/2089 3389/3389/2096 3396/3396/2095 3386/3386/2090 
f 3383/3383/2099 3399/3399/2102 3402/3402/2237 3380/3380/2414 
f 3386/3386/2090 3396/3396/2095 3399/3399/2102 3383/3383/2099 
f 3531/3531/2085 3521/3521/2227 3523/3523/2306 3532/3532/2543 
f 3532/3532/2543 3523/3523/2306 3522/3522/2544 3530/3530/2090 
f 3534/3534/2091 3539/3539/2092 3541/3541/2093 3535/3535/2094 
f 3535/3535/2094 3541/3541/2093 3540/3540/2545 3533/3533/2233 
f 3528/3528/2234 3531/3531/2085 3532/3532/2543 3529/3529/2098 
f 3529/3529/2098 3532/3532/2543 3530/3530/2090 3527/3527/2099 
f 3539/3539/2092 3542/3542/2100 3544/3544/2101 3541/3541/2093 
f 3541/3541/2093 3544/3544/2101 3543/3543/2102 3540/3540/2545 
f 3525/3525/2474 3528/3528/2234 3529/3529/2098 3526/3526/2546 
f 3526/3526/2546 3529/3529/2098 3527/3527/2099 3524/3524/2105 
f 3542/3542/2100 3545/3545/2106 3547/3547/2547 3544/3544/2101 
f 3544/3544/2101 3547/3547/2547 3546/3546/2108 3543/3543/2102 
f 3519/3519/2109 3525/3525/2474 3526/3526/2546 3520/3520/2238 
f 3520/3520/2238 3526/3526/2546 3524/3524/2105 3518/3518/2111 
f 3545/3545/2106 3536/3536/2112 3538/3538/2113 3547/3547/2547 
f 3547/3547/2547 3538/3538/2113 3537/3537/2114 3546/3546/2108 
f 3561/3561/2240 3551/3551/2116 3553/3553/2117 3562/3562/2118 
f 3562/3562/2118 3553/3553/2117 3552/3552/2325 3560/3560/2120 
f 3504/3504/2244 3509/3509/2245 3511/3511/2476 3505/3505/2548 
f 3505/3505/2548 3511/3511/2476 3510/3510/2549 3503/3503/2326 
f 3558/3558/2127 3561/3561/2240 3562/3562/2118 3559/3559/2550 
f 3559/3559/2550 3562/3562/2118 3560/3560/2120 3557/3557/2129 
f 3509/3509/2245 3512/3512/2250 3514/3514/2551 3511/3511/2476 
f 3511/3511/2476 3514/3514/2551 3513/3513/2132 3510/3510/2549 
f 3555/3555/2515 3558/3558/2127 3559/3559/2550 3556/3556/2552 
f 3556/3556/2552 3559/3559/2550 3557/3557/2129 3554/3554/2135 
f 3512/3512/2250 3515/3515/2254 3517/3517/2553 3514/3514/2551 
f 3514/3514/2551 3517/3517/2553 3516/3516/2256 3513/3513/2132 
f 3549/3549/2139 3555/3555/2515 3556/3556/2552 3550/3550/2391 
f 3550/3550/2391 3556/3556/2552 3554/3554/2135 3548/3548/2141 
f 3515/3515/2254 3506/3506/2335 3508/3508/2143 3517/3517/2553 
f 3517/3517/2553 3508/3508/2143 3507/3507/2260 3516/3516/2256 
f 3474/3474/2145 3479/3479/2554 3481/3481/2336 3475/3475/2264 
f 3475/3475/2264 3481/3481/2336 3480/3480/2337 3473/3473/2426 
f 3479/3479/2554 3482/3482/2523 3484/3484/2481 3481/3481/2336 
f 3481/3481/2336 3484/3484/2481 3483/3483/2153 3480/3480/2337 
f 3482/3482/2523 3485/3485/2154 3487/3487/2269 3484/3484/2481 
f 3484/3484/2481 3487/3487/2269 3486/3486/2270 3483/3483/2153 
f 3485/3485/2154 3476/3476/2271 3478/3478/2272 3487/3487/2269 
f 3487/3487/2269 3478/3478/2272 3477/3477/2273 3486/3486/2270 
f 3456/3456/2555 3446/3446/2556 3448/3448/2275 3457/3457/2163 
f 3457/3457/2163 3448/3448/2275 3447/3447/2164 3455/3455/2277 
f 3453/3453/2166 3456/3456/2555 3457/3457/2163 3454/3454/2278 
f 3454/3454/2278 3457/3457/2163 3455/3455/2277 3452/3452/2279 
f 3450/3450/2530 3453/3453/2166 3454/3454/2278 3451/3451/2280 
f 3451/3451/2280 3454/3454/2278 3452/3452/2279 3449/3449/2281 
f 3444/3444/2282 3450/3450/2530 3451/3451/2280 3445/3445/2557 
f 3445/3445/2557 3451/3451/2280 3449/3449/2281 3443/3443/2431 
f 3459/3459/2401 3464/3464/2285 3466/3466/2177 3460/3460/2402 
f 3460/3460/2402 3466/3466/2177 3465/3465/2403 3458/3458/2495 
f 3464/3464/2285 3467/3467/2558 3469/3469/2559 3466/3466/2177 
f 3466/3466/2177 3469/3469/2559 3468/3468/2183 3465/3465/2403 
f 3467/3467/2558 3470/3470/2535 3472/3472/2287 3469/3469/2559 
f 3469/3469/2559 3472/3472/2287 3471/3471/2186 3468/3468/2183 
f 3470/3470/2535 3461/3461/2433 3463/3463/2560 3472/3472/2287 
f 3472/3472/2287 3463/3463/2560 3462/3462/2189 3471/3471/2186 
f 3501/3501/2486 3491/3491/2288 3493/3493/2192 3502/3502/2498 
f 3502/3502/2498 3493/3493/2192 3492/3492/2194 3500/3500/2195 
f 3498/3498/2196 3501/3501/2486 3502/3502/2498 3499/3499/2197 
f 3499/3499/2197 3502/3502/2498 3500/3500/2195 3497/3497/2198 
f 3495/3495/2467 3498/3498/2196 3499/3499/2197 3496/3496/2538 
f 3496/3496/2538 3499/3499/2197 3497/3497/2198 3494/3494/2201 
f 3489/3489/2202 3495/3495/2467 3496/3496/2538 3490/3490/2203 
f 3490/3490/2203 3496/3496/2538 3494/3494/2201 3488/3488/2204 
f 3488/3488/2204 3462/3462/2189 3463/3463/2560 3490/3490/2203 
f 3490/3490/2203 3463/3463/2560 3461/3461/2433 3489/3489/2202 
f 3443/3443/2431 3477/3477/2273 3478/3478/2272 3445/3445/2557 
f 3445/3445/2557 3478/3478/2272 3476/3476/2271 3444/3444/2282 
f 3446/3446/2556 3420/3420/2205 3421/3421/2371 3448/3448/2275 
f 3448/3448/2275 3421/3421/2371 3419/3419/2294 3447/3447/2164 
f 3437/3437/2208 3522/3522/2544 3523/3523/2306 3439/3439/2295 
f 3439/3439/2295 3523/3523/2306 3521/3521/2227 3438/3438/2296 
f 3518/3518/2111 3507/3507/2260 3508/3508/2143 3520/3520/2238 
f 3520/3520/2238 3508/3508/2143 3506/3506/2335 3519/3519/2109 
f 3458/3458/2495 3423/3423/2211 3424/3424/2212 3460/3460/2402 
f 3460/3460/2402 3424/3424/2212 3422/3422/2213 3459/3459/2401 
f 3548/3548/2141 3537/3537/2114 3538/3538/2113 3550/3550/2391 
f 3550/3550/2391 3538/3538/2113 3536/3536/2112 3549/3549/2139 
f 3533/3533/2233 3441/3441/2298 3442/3442/2471 3535/3535/2094 
f 3535/3535/2094 3442/3442/2471 3440/4507/2374 3534/3534/2091 
f 3428/3428/2217 3492/3492/2194 3493/3493/2192 3430/3430/2410 
f 3430/3430/2410 3493/3493/2192 3491/3491/2288 3429/3429/2219 
f 3473/3473/2426 3426/3426/2301 3427/3427/2295 3475/3475/2264 
f 3475/3475/2264 3427/3427/2295 3425/3425/2302 3474/3474/2145 
f 3503/3503/2326 3432/3432/2205 3433/3433/2293 3505/3505/2548 
f 3505/3505/2548 3433/3433/2293 3431/3431/2303 3504/3504/2244 
f 3434/3434/2213 3552/3552/2325 3553/3553/2117 3436/3436/2561 
f 3436/3436/2561 3553/3553/2117 3551/3551/2116 3435/3435/2379 
f 3447/3447/2164 3419/3419/2294 3438/3438/2296 3521/3521/2227 
f 3459/3459/2401 3422/3422/2213 3420/3420/2205 3446/3446/2556 
f 3423/3423/2211 3458/3458/2495 3534/4814/2091 3440/3440/2374 
f 3426/3426/2301 3473/3473/2426 3504/3504/2244 3431/3431/2303 
f 3429/3429/2219 3491/3491/2288 3474/3474/2145 3425/3425/2302 
f 3492/3492/2194 3428/3428/2217 3435/4819/2379 3551/4817/2116 
f 3503/3503/2326 3552/3552/2325 3434/3434/2213 3432/3432/2205 
f 3437/3437/2208 3441/3441/2298 3533/3533/2233 3522/3522/2544 
f 3444/3444/2282 3461/3461/2433 3470/3470/2535 3450/3450/2530 
f 3489/3489/2202 3461/3461/2433 3444/3444/2282 3476/3476/2271 
f 3449/3449/2281 3525/3525/2474 3519/3519/2109 3443/3443/2431 
f 3477/3477/2273 3443/3443/2431 3519/3519/2109 3506/3506/2335 
f 3456/3456/2555 3464/3464/2285 3459/3459/2401 3446/3446/2556 
f 3447/3447/2164 3521/3521/2227 3531/3531/2085 3455/3455/2277 
f 3450/3450/2530 3470/3470/2535 3467/3467/2558 3453/3453/2166 
f 3452/3452/2279 3528/3528/2234 3525/3525/2474 3449/3449/2281 
f 3453/3453/2166 3467/3467/2558 3464/3464/2285 3456/3456/2555 
f 3455/3455/2277 3531/3531/2085 3528/3528/2234 3452/3452/2279 
f 3534/4814/2091 3458/3458/2495 3465/3465/2403 3539/4815/2092 
f 3545/4655/2106 3471/3471/2186 3462/3462/2189 3536/4518/2112 
f 3462/3462/2189 3488/3488/2204 3549/4598/2139 3536/4518/2112 
f 3539/4815/2092 3465/3465/2403 3468/3468/2183 3542/4816/2100 
f 3542/4816/2100 3468/3468/2183 3471/3471/2186 3545/4655/2106 
f 3504/3504/2244 3473/3473/2426 3480/3480/2337 3509/3509/2245 
f 3501/3501/2486 3479/3479/2554 3474/3474/2145 3491/3491/2288 
f 3489/3489/2202 3476/3476/2271 3485/3485/2154 3495/3495/2467 
f 3515/3515/2254 3486/3486/2270 3477/3477/2273 3506/3506/2335 
f 3509/3509/2245 3480/3480/2337 3483/3483/2153 3512/3512/2250 
f 3498/3498/2196 3482/3482/2523 3479/3479/2554 3501/3501/2486 
f 3512/3512/2250 3483/3483/2153 3486/3486/2270 3515/3515/2254 
f 3495/3495/2467 3485/3485/2154 3482/3482/2523 3498/3498/2196 
f 3494/3494/2201 3555/4818/2515 3549/4598/2139 3488/3488/2204 
f 3492/3492/2194 3551/4817/2116 3561/4649/2240 3500/3500/2195 
f 3497/3497/2198 3558/4717/2127 3555/4818/2515 3494/3494/2201 
f 3500/3500/2195 3561/4649/2240 3558/4717/2127 3497/3497/2198 
f 3552/3552/2325 3503/3503/2326 3510/3510/2549 3560/3560/2120 
f 3554/3554/2135 3516/3516/2256 3507/3507/2260 3548/3548/2141 
f 3518/3518/2111 3537/3537/2114 3548/3548/2141 3507/3507/2260 
f 3560/3560/2120 3510/3510/2549 3513/3513/2132 3557/3557/2129 
f 3557/3557/2129 3513/3513/2132 3516/3516/2256 3554/3554/2135 
f 3524/3524/2105 3546/3546/2108 3537/3537/2114 3518/3518/2111 
f 3522/3522/2544 3533/3533/2233 3540/3540/2545 3530/3530/2090 
f 3527/3527/2099 3543/3543/2102 3546/3546/2108 3524/3524/2105 
f 3530/3530/2090 3540/3540/2545 3543/3543/2102 3527/3527/2099 
o Cube:069
s 1
f 3563/3563/2562 3564/3564/2562 3565/3565/2562 
f 3566/3566/2563 3567/3567/2563 3568/3568/2564 
f 3573/3573/2565 3574/3574/2565 3575/3575/2565 
f 3576/3576/2566 3577/3577/2566 3578/3578/2566 
f 3569/3569/2567 3563/3563/2567 3565/3565/2567 3570/3570/2567 
f 3564/3564/2568 3566/3566/2568 3568/3568/2568 3565/3565/2568 
f 3567/3567/2569 3572/3572/2569 3571/3571/2569 3568/3568/2569 
f 3573/3573/2570 3580/3580/2570 3579/3579/2570 3574/3574/2570 
f 3581/3581/2571 3576/3576/2571 3578/3578/2571 3582/3582/2571 
f 3577/3577/2572 3575/3575/2572 3574/3574/2572 3578/3578/2572 
f 3563/3563/2573 3573/3573/2573 3575/3575/2573 3564/3564/2573 
f 3576/3576/2574 3567/3567/2574 3566/3566/2574 3577/3577/2574 
f 3569/3569/2575 3580/3580/2575 3573/3573/2575 3563/3563/2575 
f 3565/3565/2576 3568/3568/2576 3571/3571/2576 3570/3570/2576 
f 3575/3575/2577 3577/3577/2577 3566/3566/2577 3564/3564/2577 
f 3581/3581/2578 3572/3572/2578 3567/3567/2578 3576/3576/2578 
f 3579/3579/2579 3582/3582/2579 3578/3578/2579 3574/3574/2579 
f 3583/3583/2580 3584/3584/2580 3585/3585/2580 
f 3586/3586/2581 3587/3587/2581 3588/3588/2581 
f 3593/3593/2582 3594/3594/2582 3595/3595/2582 
f 3596/3596/2583 3597/3597/2583 3598/3598/2583 
f 3589/3589/2584 3583/3583/2584 3585/3585/2584 3590/3590/2584 
f 3584/3584/2568 3586/3586/2568 3588/3588/2568 3585/3585/2568 
f 3587/3587/2585 3592/3592/2585 3591/3591/2585 3588/3588/2585 
f 3593/3593/2586 3600/3600/2586 3599/3599/2586 3594/3594/2586 
f 3601/3601/2587 3596/3596/2587 3598/3598/2587 3602/3602/2587 
f 3597/3597/2588 3595/3595/2588 3594/3594/2588 3598/3598/2588 
f 3583/3583/2589 3593/3593/2589 3595/3595/2589 3584/3584/2589 
f 3596/3596/2574 3587/3587/2574 3586/3586/2574 3597/3597/2574 
f 3589/3589/2575 3600/3600/2575 3593/3593/2575 3583/3583/2575 
f 3585/3585/2576 3588/3588/2576 3591/3591/2576 3590/3590/2576 
f 3595/3595/2577 3597/3597/2577 3586/3586/2577 3584/3584/2577 
f 3601/3601/2578 3592/3592/2578 3587/3587/2578 3596/3596/2578 
f 3599/3599/2579 3602/3602/2579 3598/3598/2579 3594/3594/2579 
f 3603/3603/2562 3604/3604/2562 3605/3605/2562 
f 3606/3606/2563 3607/3607/2563 3608/3608/2563 
f 3613/3613/2590 3614/3614/2590 3615/3615/2590 
f 3616/3616/2591 3617/3617/2591 3618/3618/2591 
f 3609/3609/2567 3603/3603/2567 3605/3605/2567 3610/3610/2567 
f 3604/3604/2568 3606/3606/2568 3608/3608/2568 3605/3605/2568 
f 3607/3607/2569 3612/3612/2569 3611/3611/2569 3608/3608/2569 
f 3613/3613/2592 3620/3620/2592 3619/3619/2592 3614/3614/2592 
f 3621/3621/2593 3616/3616/2593 3618/3618/2593 3622/3622/2593 
f 3617/3617/2572 3615/3615/2572 3614/3614/2572 3618/3618/2572 
f 3603/3603/2589 3613/3613/2589 3615/3615/2589 3604/3604/2589 
f 3616/3616/2574 3607/3607/2574 3606/3606/2574 3617/3617/2574 
f 3609/3609/2575 3620/3620/2575 3613/3613/2575 3603/3603/2575 
f 3605/3605/2576 3608/3608/2576 3611/3611/2576 3610/3610/2576 
f 3615/3615/2577 3617/3617/2577 3606/3606/2577 3604/3604/2577 
f 3621/3621/2578 3612/3612/2578 3607/3607/2578 3616/3616/2578 
f 3619/3619/2579 3622/3622/2579 3618/3618/2579 3614/3614/2579 
f 3623/3623/2580 3624/3624/2580 3625/3625/2580 
f 3626/3626/2581 3627/3627/2581 3628/3628/2581 
f 3633/3633/2594 3634/3634/2594 3635/3635/2594 
f 3636/3636/2595 3637/3637/2595 3638/3638/2595 
f 3629/3629/2567 3623/3623/2567 3625/3625/2567 3630/3630/2567 
f 3624/3624/2568 3626/3626/2568 3628/3628/2568 3625/3625/2568 
f 3627/3627/2569 3632/3632/2569 3631/3631/2569 3628/3628/2569 
f 3633/3633/2592 3640/3640/2592 3639/3639/2592 3634/3634/2592 
f 3641/3641/2593 3636/3636/2593 3638/3638/2593 3642/3642/2593 
f 3637/3637/2572 3635/3635/2572 3634/3634/2572 3638/3638/2572 
f 3623/3623/2573 3633/3633/2573 3635/3635/2573 3624/3624/2573 
f 3636/3636/2574 3627/3627/2574 3626/3626/2574 3637/3637/2574 
f 3629/3629/2575 3640/3640/2575 3633/3633/2575 3623/3623/2575 
f 3625/3625/2576 3628/3628/2576 3631/3631/2576 3630/3630/2576 
f 3635/3635/2577 3637/3637/2577 3626/3626/2577 3624/3624/2577 
f 3641/3641/2578 3632/3632/2578 3627/3627/2578 3636/3636/2578 
f 3639/3639/2579 3642/3642/2579 3638/3638/2579 3634/3634/2579 
f 3643/3643/2596 3645/3645/2596 3644/3644/2596 
f 3646/3646/2597 3648/3648/2597 3647/3647/2597 
f 3653/3653/2598 3655/3655/2599 3654/3654/2599 
f 3656/3656/2600 3658/3658/2600 3657/3657/2600 
f 3649/3649/2567 3650/3650/2567 3645/3645/2567 3643/3643/2567 
f 3644/3644/2601 3645/3645/2601 3648/3648/2601 3646/3646/2601 
f 3647/3647/2602 3648/3648/2602 3651/3651/2602 3652/3652/2602 
f 3653/3653/2592 3654/3654/2592 3659/3659/2592 3660/3660/2592 
f 3661/3661/2603 3662/3662/2603 3658/3658/2603 3656/3656/2603 
f 3657/3657/2604 3658/3658/2604 3654/3654/2604 3655/3655/2604 
f 3643/3643/2605 3644/3644/2605 3655/3655/2605 3653/3653/2605 
f 3656/3656/2606 3657/3657/2606 3646/3646/2606 3647/3647/2606 
f 3649/3649/2575 3643/3643/2575 3653/3653/2575 3660/3660/2575 
f 3645/3645/2576 3650/3650/2576 3651/3651/2576 3648/3648/2576 
f 3655/3655/2607 3644/3644/2607 3646/3646/2607 3657/3657/2607 
f 3661/3661/2578 3656/3656/2578 3647/3647/2578 3652/3652/2578 
f 3659/3659/2579 3654/3654/2579 3658/3658/2579 3662/3662/2579 
f 3663/3663/2596 3665/3665/2596 3664/3664/2596 
f 3666/3666/2597 3668/3668/2597 3667/3667/2597 
f 3673/3673/2608 3675/3675/2608 3674/3674/2608 
f 3676/3676/2609 3678/3678/2609 3677/3677/2609 
f 3669/3669/2610 3670/3670/2610 3665/3665/2610 3663/3663/2610 
f 3664/3664/2601 3665/3665/2601 3668/3668/2601 3666/3666/2601 
f 3667/3667/2611 3668/3668/2611 3671/3671/2611 3672/3672/2611 
f 3673/3673/2586 3674/3674/2586 3679/3679/2586 3680/3680/2586 
f 3681/3681/2593 3682/3682/2593 3678/3678/2593 3676/3676/2593 
f 3677/3677/2612 3678/3678/2612 3674/3674/2612 3675/3675/2612 
f 3663/3663/2605 3664/3664/2605 3675/3675/2605 3673/3673/2605 
f 3676/3676/2606 3677/3677/2606 3666/3666/2606 3667/3667/2606 
f 3669/3669/2575 3663/3663/2575 3673/3673/2575 3680/3680/2575 
f 3665/3665/2576 3670/3670/2576 3671/3671/2576 3668/3668/2576 
f 3675/3675/2607 3664/3664/2607 3666/3666/2607 3677/3677/2607 
f 3681/3681/2578 3676/3676/2578 3667/3667/2578 3672/3672/2578 
f 3679/3679/2579 3674/3674/2579 3678/3678/2579 3682/3682/2579 
f 3683/3683/2613 3685/3685/2613 3684/3684/2613 
f 3686/3686/2614 3688/3688/2614 3687/3687/2614 
f 3693/3693/2615 3695/3695/2615 3694/3694/2615 
f 3696/3696/2616 3698/3698/2616 3697/3697/2616 
f 3689/3689/2567 3690/3690/2567 3685/3685/2567 3683/3683/2567 
f 3684/3684/2601 3685/3685/2601 3688/3688/2601 3686/3686/2601 
f 3687/3687/2602 3688/3688/2602 3691/3691/2602 3692/3692/2602 
f 3693/3693/2586 3694/3694/2586 3699/3699/2586 3700/3700/2586 
f 3701/3701/2587 3702/3702/2587 3698/3698/2587 3696/3696/2587 
f 3697/3697/2617 3698/3698/2617 3694/3694/2617 3695/3695/2617 
f 3683/3683/2605 3684/3684/2605 3695/3695/2605 3693/3693/2605 
f 3696/3696/2606 3697/3697/2606 3686/3686/2606 3687/3687/2606 
f 3689/3689/2575 3683/3683/2575 3693/3693/2575 3700/3700/2575 
f 3685/3685/2576 3690/3690/2576 3691/3691/2576 3688/3688/2576 
f 3695/3695/2607 3684/3684/2607 3686/3686/2607 3697/3697/2607 
f 3701/3701/2578 3696/3696/2578 3687/3687/2578 3692/3692/2578 
f 3699/3699/2579 3694/3694/2579 3698/3698/2579 3702/3702/2579 
f 3703/3703/2618 3705/3705/2618 3704/3704/2618 
f 3706/3706/2597 3708/3708/2597 3707/3707/2597 
f 3713/3713/2615 3715/3715/2615 3714/3714/2615 
f 3716/3716/2619 3718/3718/2619 3717/3717/2619 
f 3709/3709/2567 3710/3710/2567 3705/3705/2567 3703/3703/2567 
f 3704/3704/2620 3705/3705/2620 3708/3708/2620 3706/3706/2620 
f 3707/3707/2602 3708/3708/2602 3711/3711/2602 3712/3712/2602 
f 3713/3713/2592 3714/3714/2592 3719/3719/2592 3720/3720/2592 
f 3721/3721/2603 3722/3722/2603 3718/3718/2603 3716/3716/2603 
f 3717/3717/2617 3718/3718/2617 3714/3714/2617 3715/3715/2617 
f 3703/3703/2605 3704/3704/2605 3715/3715/2605 3713/3713/2605 
f 3716/3716/2606 3717/3717/2606 3706/3706/2606 3707/3707/2606 
f 3709/3709/2575 3703/3703/2575 3713/3713/2575 3720/3720/2575 
f 3705/3705/2576 3710/3710/2576 3711/3711/2576 3708/3708/2576 
f 3715/3715/2607 3704/3704/2607 3706/3706/2607 3717/3717/2607 
f 3721/3721/2578 3716/3716/2578 3707/3707/2578 3712/3712/2578 
f 3719/3719/2579 3714/3714/2579 3718/3718/2579 3722/3722/2579 
o Cube:070
s 1
f 3723/3723/2621 3724/3724/2621 3725/3725/2621 
f 3726/3726/2622 3727/3727/2622 3728/3728/2622 
f 3733/3733/2623 3734/3734/2623 3735/3735/2623 
f 3736/3736/2624 3737/3737/2624 3738/3738/2624 
f 3729/3729/2625 3723/3723/2625 3725/3725/2625 3730/3730/2625 
f 3724/3724/2626 3726/3726/2626 3728/3728/2626 3725/3725/2626 
f 3727/3727/2627 3732/3732/2627 3731/3731/2627 3728/3728/2627 
f 3733/3733/2628 3740/3740/2628 3739/3739/2628 3734/3734/2628 
f 3741/3741/2629 3736/3736/2629 3738/3738/2629 3742/3742/2629 
f 3737/3737/2630 3735/3735/2630 3734/3734/2630 3738/3738/2630 
f 3723/3723/2631 3733/3733/2631 3735/3735/2631 3724/3724/2631 
f 3736/3736/2632 3727/3727/2632 3726/3726/2632 3737/3737/2632 
f 3729/3729/2633 3740/3740/2633 3733/3733/2633 3723/3723/2633 
f 3725/3725/2634 3728/3728/2634 3731/3731/2634 3730/3730/2634 
f 3735/3735/2635 3737/3737/2635 3726/3726/2635 3724/3724/2635 
f 3741/3741/2636 3732/3732/2636 3727/3727/2636 3736/3736/2636 
f 3739/3739/2637 3742/3742/2637 3738/3738/2637 3734/3734/2637 
f 3743/3743/2638 3744/3744/2638 3745/3745/2638 
f 3746/3746/2639 3747/3747/2639 3748/3748/2639 
f 3753/3753/2640 3754/3754/2640 3755/3755/2640 
f 3756/3756/2641 3757/3757/2641 3758/3758/2641 
f 3749/3749/2642 3743/3743/2642 3745/3745/2642 3750/3750/2642 
f 3744/3744/2643 3746/3746/2643 3748/3748/2643 3745/3745/2643 
f 3747/3747/2644 3752/3752/2644 3751/3751/2644 3748/3748/2644 
f 3753/3753/2645 3760/3760/2645 3759/3759/2645 3754/3754/2645 
f 3761/3761/2646 3756/3756/2646 3758/3758/2646 3762/3762/2646 
f 3757/3757/2630 3755/3755/2630 3754/3754/2630 3758/3758/2630 
f 3743/3743/2647 3753/3753/2647 3755/3755/2647 3744/3744/2647 
f 3756/3756/2648 3747/3747/2648 3746/3746/2648 3757/3757/2648 
f 3749/3749/2633 3760/3760/2633 3753/3753/2633 3743/3743/2633 
f 3745/3745/2634 3748/3748/2634 3751/3751/2634 3750/3750/2634 
f 3755/3755/2635 3757/3757/2635 3746/3746/2635 3744/3744/2635 
f 3761/3761/2636 3752/3752/2636 3747/3747/2636 3756/3756/2636 
f 3759/3759/2637 3762/3762/2637 3758/3758/2637 3754/3754/2637 
f 3763/3763/2649 3764/3764/2649 3765/3765/2649 
f 3766/3766/2650 3767/3767/2650 3768/3768/2650 
f 3773/3773/2640 3774/3774/2640 3775/3775/2640 
f 3776/3776/2641 3777/3777/2641 3778/3778/2641 
f 3769/3769/2642 3763/3763/2642 3765/3765/2642 3770/3770/2642 
f 3764/3764/2651 3766/3766/2651 3768/3768/2651 3765/3765/2651 
f 3767/3767/2644 3772/3772/2644 3771/3771/2644 3768/3768/2644 
f 3773/3773/2628 3780/3780/2628 3779/3779/2628 3774/3774/2628 
f 3781/3781/2629 3776/3776/2629 3778/3778/2629 3782/3782/2629 
f 3777/3777/2630 3775/3775/2630 3774/3774/2630 3778/3778/2630 
f 3763/3763/2652 3773/3773/2652 3775/3775/2652 3764/3764/2652 
f 3776/3776/2653 3767/3767/2653 3766/3766/2653 3777/3777/2653 
f 3769/3769/2633 3780/3780/2633 3773/3773/2633 3763/3763/2633 
f 3765/3765/2634 3768/3768/2634 3771/3771/2634 3770/3770/2634 
f 3775/3775/2635 3777/3777/2635 3766/3766/2635 3764/3764/2635 
f 3781/3781/2636 3772/3772/2636 3767/3767/2636 3776/3776/2636 
f 3779/3779/2637 3782/3782/2637 3778/3778/2637 3774/3774/2637 
f 3783/3783/2649 3784/3784/2649 3785/3785/2649 
f 3786/3786/2654 3787/3787/2654 3788/3788/2654 
f 3793/3793/2640 3794/3794/2640 3795/3795/2640 
f 3796/3796/2641 3797/3797/2641 3798/3798/2641 
f 3789/3789/2642 3783/3783/2642 3785/3785/2642 3790/3790/2642 
f 3784/3784/2651 3786/3786/2651 3788/3788/2651 3785/3785/2651 
f 3787/3787/2644 3792/3792/2644 3791/3791/2644 3788/3788/2644 
f 3793/3793/2628 3800/3800/2628 3799/3799/2628 3794/3794/2628 
f 3801/3801/2629 3796/3796/2629 3798/3798/2629 3802/3802/2629 
f 3797/3797/2655 3795/3795/2655 3794/3794/2655 3798/3798/2655 
f 3783/3783/2652 3793/3793/2652 3795/3795/2652 3784/3784/2652 
f 3796/3796/2653 3787/3787/2653 3786/3786/2653 3797/3797/2653 
f 3789/3789/2633 3800/3800/2633 3793/3793/2633 3783/3783/2633 
f 3785/3785/2634 3788/3788/2634 3791/3791/2634 3790/3790/2634 
f 3795/3795/2635 3797/3797/2635 3786/3786/2635 3784/3784/2635 
f 3801/3801/2636 3792/3792/2636 3787/3787/2636 3796/3796/2636 
f 3799/3799/2637 3802/3802/2637 3798/3798/2637 3794/3794/2637 
f 3803/3803/2656 3805/3805/2656 3804/3804/2656 
f 3806/3806/2657 3808/3808/2657 3807/3807/2657 
f 3813/3813/2658 3815/3815/2658 3814/3814/2658 
f 3816/3816/2659 3818/3818/2659 3817/3817/2659 
f 3809/3809/2625 3810/3810/2625 3805/3805/2625 3803/3803/2625 
f 3804/3804/2660 3805/3805/2660 3808/3808/2660 3806/3806/2660 
f 3807/3807/2627 3808/3808/2627 3811/3811/2627 3812/3812/2627 
f 3813/3813/2628 3814/3814/2628 3819/3819/2628 3820/3820/2628 
f 3821/3821/2629 3822/3822/2629 3818/3818/2629 3816/3816/2629 
f 3817/3817/2661 3818/3818/2661 3814/3814/2661 3815/3815/2661 
f 3803/3803/2662 3804/3804/2662 3815/3815/2662 3813/3813/2662 
f 3816/3816/2663 3817/3817/2663 3806/3806/2663 3807/3807/2663 
f 3809/3809/2633 3803/3803/2633 3813/3813/2633 3820/3820/2633 
f 3805/3805/2634 3810/3810/2634 3811/3811/2634 3808/3808/2634 
f 3815/3815/2664 3804/3804/2664 3806/3806/2664 3817/3817/2664 
f 3821/3821/2636 3816/3816/2636 3807/3807/2636 3812/3812/2636 
f 3819/3819/2637 3814/3814/2637 3818/3818/2637 3822/3822/2637 
f 3823/3823/2656 3825/3825/2656 3824/3824/2656 
f 3826/3826/2657 3828/3828/2657 3827/3827/2657 
f 3833/3833/2658 3835/3835/2658 3834/3834/2658 
f 3836/3836/2659 3838/3838/2659 3837/3837/2659 
f 3829/3829/2642 3830/3830/2642 3825/3825/2642 3823/3823/2642 
f 3824/3824/2665 3825/3825/2665 3828/3828/2665 3826/3826/2665 
f 3827/3827/2644 3828/3828/2644 3831/3831/2644 3832/3832/2644 
f 3833/3833/2645 3834/3834/2645 3839/3839/2645 3840/3840/2645 
f 3841/3841/2646 3842/3842/2646 3838/3838/2646 3836/3836/2646 
f 3837/3837/2661 3838/3838/2661 3834/3834/2661 3835/3835/2661 
f 3823/3823/2662 3824/3824/2662 3835/3835/2662 3833/3833/2662 
f 3836/3836/2663 3837/3837/2663 3826/3826/2663 3827/3827/2663 
f 3829/3829/2633 3823/3823/2633 3833/3833/2633 3840/3840/2633 
f 3825/3825/2634 3830/3830/2634 3831/3831/2634 3828/3828/2634 
f 3835/3835/2664 3824/3824/2664 3826/3826/2664 3837/3837/2664 
f 3841/3841/2636 3836/3836/2636 3827/3827/2636 3832/3832/2636 
f 3839/3839/2637 3834/3834/2637 3838/3838/2637 3842/3842/2637 
f 3843/3843/2666 3845/3845/2666 3844/3844/2666 
f 3846/3846/2667 3848/3848/2667 3847/3847/2667 
f 3853/3853/2658 3855/3855/2658 3854/3854/2658 
f 3856/3856/2659 3858/3858/2659 3857/3857/2659 
f 3849/3849/2642 3850/3850/2642 3845/3845/2642 3843/3843/2642 
f 3844/3844/2660 3845/3845/2660 3848/3848/2660 3846/3846/2660 
f 3847/3847/2644 3848/3848/2644 3851/3851/2644 3852/3852/2644 
f 3853/3853/2628 3854/3854/2628 3859/3859/2628 3860/3860/2628 
f 3861/3861/2629 3862/3862/2629 3858/3858/2629 3856/3856/2629 
f 3857/3857/2661 3858/3858/2661 3854/3854/2661 3855/3855/2661 
f 3843/3843/2662 3844/3844/2662 3855/3855/2662 3853/3853/2662 
f 3856/3856/2663 3857/3857/2663 3846/3846/2663 3847/3847/2663 
f 3849/3849/2633 3843/3843/2633 3853/3853/2633 3860/3860/2633 
f 3845/3845/2634 3850/3850/2634 3851/3851/2634 3848/3848/2634 
f 3855/3855/2664 3844/3844/2664 3846/3846/2664 3857/3857/2664 
f 3861/3861/2636 3856/3856/2636 3847/3847/2636 3852/3852/2636 
f 3859/3859/2637 3854/3854/2637 3858/3858/2637 3862/3862/2637 
f 3863/3863/2656 3865/3865/2656 3864/3864/2656 
f 3866/3866/2657 3868/3868/2657 3867/3867/2657 
f 3873/3873/2658 3875/3875/2658 3874/3874/2658 
f 3876/3876/2659 3878/3878/2659 3877/3877/2659 
f 3869/3869/2642 3870/3870/2642 3865/3865/2642 3863/3863/2642 
f 3864/3864/2660 3865/3865/2660 3868/3868/2660 3866/3866/2660 
f 3867/3867/2644 3868/3868/2644 3871/3871/2644 3872/3872/2644 
f 3873/3873/2628 3874/3874/2628 3879/3879/2628 3880/3880/2628 
f 3881/3881/2629 3882/3882/2629 3878/3878/2629 3876/3876/2629 
f 3877/3877/2668 3878/3878/2668 3874/3874/2668 3875/3875/2668 
f 3863/3863/2662 3864/3864/2662 3875/3875/2662 3873/3873/2662 
f 3876/3876/2663 3877/3877/2663 3866/3866/2663 3867/3867/2663 
f 3869/3869/2633 3863/3863/2633 3873/3873/2633 3880/3880/2633 
f 3865/3865/2634 3870/3870/2634 3871/3871/2634 3868/3868/2634 
f 3875/3875/2664 3864/3864/2664 3866/3866/2664 3877/3877/2664 
f 3881/3881/2636 3876/3876/2636 3867/3867/2636 3872/3872/2636 
f 3879/3879/2637 3874/3874/2637 3878/3878/2637 3882/3882/2637 
o Cylinder:005
s 1
f 3883/3883/2669 3884/3884/2669 3886/3886/2670 3885/3885/2670 
f 3885/3885/2670 3886/3886/2670 3888/3888/2671 3887/3887/2671 
f 3887/3887/2671 3888/3888/2671 3890/3890/2672 3889/3889/2672 
f 3889/3889/2672 3890/3890/2672 3892/4800/2673 3891/3891/2673 
f 3891/4658/2673 3892/3892/2673 3894/3894/2674 3893/3893/2674 
f 3893/3893/2674 3894/3894/2674 3896/3896/2675 3895/3895/2675 
f 3895/3895/2675 3896/3896/2675 3898/3898/2676 3897/3897/2676 
f 3897/3897/2676 3898/3898/2676 3900/3900/2677 3899/3899/2677 
f 3899/3899/2677 3900/3900/2677 3902/3902/2678 3901/3901/2678 
f 3901/3901/2678 3902/3902/2678 3904/3904/2679 3903/3903/2679 
f 3903/3903/2679 3904/3904/2679 3906/3906/2680 3905/3905/2680 
f 3905/3905/2680 3906/3906/2680 3908/3908/2681 3907/3907/2681 
f 3907/3907/2681 3908/3908/2681 3910/3910/2682 3909/3909/2682 
f 3909/3909/2682 3910/3910/2682 3912/3912/2683 3911/3911/2683 
f 3911/3911/2683 3912/3912/2683 3914/3914/2684 3913/3913/2684 
f 3913/3913/2684 3914/3914/2684 3884/3884/2669 3883/3883/2669 
o Cylinder:006
s 1
f 3963/3963/2685 3948/3948/2685 3947/3947/2686 3964/3964/2686 
f 3964/3964/2686 3947/3947/2686 3949/3949/2687 3965/3965/2687 
f 3965/3965/2687 3949/3949/2687 3950/3950/2688 3966/3966/2688 
f 3966/3966/2688 3950/3950/2688 3951/3951/2689 3967/3967/2689 
f 3967/3967/2689 3951/3951/2689 3952/3952/2690 3968/3968/2690 
f 3968/3968/2690 3952/3952/2690 3953/3953/2691 3969/3969/2691 
f 3969/3969/2691 3953/3953/2691 3954/3954/2692 3970/3970/2692 
f 3970/3970/2692 3954/3954/2692 3955/3955/2693 3971/3971/2693 
f 3971/3971/2693 3955/3955/2693 3956/3956/2694 3972/3972/2694 
f 3972/3972/2694 3956/3956/2694 3957/3957/2695 3973/3973/2695 
f 3973/3973/2695 3957/3957/2695 3958/3958/2696 3974/3974/2696 
f 3974/3974/2696 3958/3958/2696 3959/3959/2697 3975/3975/2697 
f 3975/3975/2697 3959/3959/2697 3960/3960/2698 3976/3976/2698 
f 3976/3976/2698 3960/3960/2698 3961/3961/2699 3977/3977/2699 
f 3944/3944/2700 3942/4857/2698 4032/4032/2701 4036/4036/2702 
f 3977/3977/2699 3961/3961/2699 3962/3962/2703 3978/3978/2703 
f 3978/3978/2703 3962/3962/2703 3948/3948/2685 3963/3963/2685 
f 3916/3916/2704 3918/3918/2704 3947/3947/2704 3948/3948/2704 
f 3918/3918/2704 3920/3920/2704 3949/3949/2704 3947/3947/2704 
f 3920/3920/2704 3922/3922/2704 3950/3950/2704 3949/3949/2704 
f 3922/3922/2704 3924/3924/2704 3951/3951/2704 3950/3950/2704 
f 3924/3924/2704 3926/3926/2704 3952/3952/2704 3951/3951/2704 
f 3926/3926/2704 3928/3928/2704 3953/3953/2704 3952/3952/2704 
f 3928/3928/2704 3930/3930/2704 3954/3954/2704 3953/3953/2704 
f 3930/3930/2704 3932/3932/2704 3955/3955/2704 3954/3954/2704 
f 3932/3932/2704 3934/3934/2704 3956/3956/2704 3955/3955/2704 
f 3934/3934/2704 3936/3936/2704 3957/3957/2704 3956/3956/2704 
f 3936/3936/2704 3938/3938/2704 3958/3958/2704 3957/3957/2704 
f 3938/3938/2704 3940/3940/2704 3959/3959/2704 3958/3958/2704 
f 3940/3940/2704 3942/4822/2704 3960/3960/2704 3959/3959/2704 
f 3942/4822/2704 3944/4820/2704 3961/3961/2704 3960/3960/2704 
f 3944/4820/2704 3946/3946/2704 3962/3962/2704 3961/3961/2704 
f 3946/3946/2704 3916/3916/2704 3948/3948/2704 3962/3962/2704 
f 3920/4558/2705 3918/4691/2706 3980/3980/2707 3988/3988/2708 
f 3930/4683/2709 3928/4825/2691 4004/4004/2710 4008/4008/2711 
f 3946/4672/2703 3944/3944/2700 4036/4036/2702 4040/4040/2712 
f 3932/4826/2693 3930/4683/2709 4008/4008/2711 4012/4012/2713 
f 3934/4827/2714 3932/4826/2693 4012/4012/2713 4016/4016/2715 
f 3922/4823/2688 3920/4558/2705 3988/3988/2708 3992/3992/2716 
f 3936/4562/2695 3934/4827/2714 4016/4016/2715 4020/4020/2717 
f 3916/4693/2685 3946/4672/2703 4040/4040/2712 3983/3983/2718 
f 3938/4511/2719 3936/4562/2695 4020/4020/2717 4024/4024/2720 
f 3924/4730/2689 3922/4823/2688 3992/3992/2716 3996/3996/2721 
f 3940/4828/2697 3938/4511/2719 4024/4024/2720 4028/4028/2722 
f 3926/4824/2723 3924/4730/2689 3996/3996/2721 4000/4000/2724 
f 3942/3942/2698 3940/4828/2697 4028/4028/2722 4032/4858/2701 
f 3928/4825/2691 3926/4824/2723 4000/4000/2724 4004/4004/2710 
f 4044/4044/2725 4043/4043/2726 3963/3963/2726 3964/3964/2725 
f 4045/4045/2727 4044/4044/2725 3964/3964/2725 3965/3965/2728 
f 4046/4046/2729 4045/4045/2727 3965/3965/2728 3966/3966/2729 
f 4047/4047/2730 4046/4046/2729 3966/3966/2729 3967/3967/2730 
f 4048/4048/2731 4047/4047/2730 3967/3967/2730 3968/3968/2732 
f 4049/4049/2733 4048/4048/2731 3968/3968/2732 3969/3969/2733 
f 4050/4050/2734 4049/4049/2733 3969/3969/2733 3970/3970/2734 
f 4051/4051/2735 4050/4050/2734 3970/3970/2734 3971/3971/2735 
f 4052/4052/2736 4051/4051/2735 3971/3971/2735 3972/3972/2737 
f 4053/4053/2738 4052/4052/2736 3972/3972/2737 3973/3973/2738 
f 4054/4054/2739 4053/4053/2738 3973/3973/2738 3974/3974/2739 
f 4055/4055/2740 4054/4054/2739 3974/3974/2739 3975/3975/2740 
f 4056/4056/2741 4055/4055/2740 3975/3975/2740 3976/3976/2741 
f 4057/4057/2742 4056/4056/2741 3976/3976/2741 3977/3977/2743 
f 4058/4058/2744 4057/4057/2742 3977/3977/2743 3978/3978/2745 
f 4043/4043/2726 4058/4058/2744 3978/3978/2745 3963/3963/2726 
f 3980/3980/2707 3983/3983/2718 3985/3985/2746 3982/3982/2747 
f 3982/3982/2747 3985/3985/2746 3986/3986/2748 3981/3981/2749 
f 3981/3981/2749 3986/3986/2748 4064/4064/2750 4065/4065/2751 
f 3988/3988/2708 3980/3980/2707 3982/3982/2747 3990/3990/2752 
f 3990/3990/2752 3982/3982/2747 3981/3981/2749 3989/3989/2753 
f 3989/3989/2753 3981/3981/2749 4065/4065/2751 4066/4066/2754 
f 3992/3992/2716 3988/3988/2708 3990/3990/2752 3994/3994/2755 
f 3994/3994/2755 3990/3990/2752 3989/3989/2753 3993/3993/2756 
f 3993/3993/2756 3989/3989/2753 4066/4066/2754 4067/4067/2757 
f 3996/3996/2721 3992/3992/2716 3994/3994/2755 3998/3998/2758 
f 3998/3998/2758 3994/3994/2755 3993/3993/2756 3997/3997/2759 
f 3997/3997/2759 3993/3993/2756 4067/4067/2757 4068/4068/2760 
f 4000/4000/2724 3996/3996/2721 3998/3998/2758 4002/4002/2761 
f 4002/4002/2761 3998/3998/2758 3997/3997/2759 4001/4001/2762 
f 4001/4001/2762 3997/3997/2759 4068/4068/2760 4069/4069/2763 
f 4004/4004/2710 4000/4000/2724 4002/4002/2761 4006/4006/2764 
f 4006/4006/2764 4002/4002/2761 4001/4001/2762 4005/4005/2765 
f 4005/4005/2765 4001/4001/2762 4069/4069/2763 4070/4070/2766 
f 4008/4008/2711 4004/4004/2710 4006/4006/2764 4010/4010/2767 
f 4010/4010/2767 4006/4006/2764 4005/4005/2765 4009/4009/2768 
f 4009/4009/2768 4005/4005/2765 4070/4070/2766 4071/4071/2769 
f 4012/4012/2713 4008/4008/2711 4010/4010/2767 4014/4014/2770 
f 4014/4014/2770 4010/4010/2767 4009/4009/2768 4013/4013/2771 
f 4013/4013/2771 4009/4009/2768 4071/4071/2769 4072/4072/2772 
f 4016/4016/2715 4012/4012/2713 4014/4014/2770 4018/4018/2773 
f 4018/4018/2773 4014/4014/2770 4013/4013/2771 4017/4017/2774 
f 4017/4017/2774 4013/4013/2771 4072/4072/2772 4073/4073/2775 
f 4020/4020/2717 4016/4016/2715 4018/4018/2773 4022/4022/2776 
f 4022/4022/2776 4018/4018/2773 4017/4017/2774 4021/4021/2777 
f 4021/4021/2777 4017/4017/2774 4073/4073/2775 4074/4074/2778 
f 4024/4024/2720 4020/4020/2717 4022/4022/2776 4026/4026/2779 
f 4026/4026/2779 4022/4022/2776 4021/4021/2777 4025/4025/2780 
f 4025/4025/2780 4021/4021/2777 4074/4074/2778 4075/4075/2781 
f 4028/4028/2722 4024/4024/2720 4026/4026/2779 4030/4030/2782 
f 4030/4030/2782 4026/4026/2779 4025/4025/2780 4029/4029/2783 
f 4029/4029/2783 4025/4025/2780 4075/4075/2781 4076/4076/2784 
f 4032/4858/2701 4028/4028/2722 4030/4030/2782 4034/4034/2785 
f 4034/4034/2785 4030/4030/2782 4029/4029/2783 4033/4033/2786 
f 4033/4033/2786 4029/4029/2783 4076/4076/2784 4077/4077/2787 
f 4036/4036/2702 4032/4032/2701 4034/4859/2785 4038/4038/2788 
f 4038/4038/2788 4034/4859/2785 4033/4860/2786 4037/4037/2789 
f 4037/4037/2789 4033/4860/2786 4077/4861/2787 4078/4078/2790 
f 4040/4040/2712 4036/4036/2702 4038/4038/2788 4042/4042/2791 
f 4042/4042/2791 4038/4038/2788 4037/4037/2789 4041/4041/2792 
f 4041/4041/2792 4037/4037/2789 4078/4078/2790 4079/4079/2793 
f 3983/3983/2718 4040/4040/2712 4042/4042/2791 3985/3985/2746 
f 3985/3985/2746 4042/4042/2791 4041/4041/2792 3986/3986/2748 
f 3986/3986/2748 4041/4041/2792 4079/4079/2793 4064/4064/2750 
f 3918/4691/2706 3916/4693/2685 3983/3983/2718 3980/3980/2707 
f 3917/3917/2794 3915/3915/2794 4043/4043/2794 4044/4044/2794 
f 3919/3919/2794 3917/3917/2794 4044/4044/2794 4045/4045/2794 
f 3921/3921/2794 3919/3919/2794 4045/4045/2794 4046/4046/2794 
f 3923/3923/2794 3921/3921/2794 4046/4046/2794 4047/4047/2794 
f 3925/3925/2794 3923/3923/2794 4047/4047/2794 4048/4048/2794 
f 3927/3927/2794 3925/3925/2794 4048/4048/2794 4049/4049/2794 
f 3929/3929/2794 3927/3927/2794 4049/4049/2794 4050/4050/2794 
f 3931/3931/2794 3929/3929/2794 4050/4050/2794 4051/4051/2794 
f 3933/3933/2794 3931/3931/2794 4051/4051/2794 4052/4052/2794 
f 3935/3935/2794 3933/3933/2794 4052/4052/2794 4053/4053/2794 
f 3937/3937/2794 3935/3935/2794 4053/4053/2794 4054/4054/2794 
f 3939/3939/2794 3937/3937/2794 4054/4054/2794 4055/4055/2794 
f 3941/3941/2794 3939/3939/2794 4055/4055/2794 4056/4056/2794 
f 3943/3943/2794 3941/3941/2794 4056/4056/2794 4057/4057/2794 
f 3945/3945/2794 3943/3943/2794 4057/4057/2794 4058/4058/2794 
f 3915/3915/2794 3945/3945/2794 4058/4058/2794 4043/4043/2794 
f 3929/3929/2794 3931/3931/2794 4059/4059/2794 3927/3927/2794 
f 3931/3931/2794 3933/3933/2794 3935/3935/2794 4059/4059/2794 
f 3927/3927/2794 4059/4059/2794 4060/4060/2794 3925/3925/2794 
f 4059/4059/2794 3935/3935/2794 3937/3937/2794 4060/4060/2794 
f 3925/3925/2794 4060/4060/2794 4061/4061/2794 3923/3923/2794 
f 4060/4060/2794 3937/3937/2794 3939/3939/2794 4061/4061/2794 
f 3923/3923/2794 4061/4061/2794 4062/4062/2794 3921/3921/2794 
f 4061/4061/2794 3939/3939/2794 3941/3941/2794 4062/4062/2794 
f 3921/3921/2794 4062/4062/2794 4063/4063/2794 3919/3919/2794 
f 4062/4062/2794 3941/3941/2794 3943/3943/2794 4063/4063/2794 
f 3919/3919/2794 4063/4063/2794 3915/3915/2794 3917/3917/2794 
f 4063/4063/2794 3943/3943/2794 3945/3945/2794 3915/3915/2794 
f 3984/3984/2704 3979/3979/2704 4065/4065/2751 4064/4064/2750 
f 3979/3979/2704 3987/3987/2704 4066/4066/2754 4065/4065/2751 
f 3987/3987/2704 3991/3991/2704 4067/4067/2757 4066/4066/2754 
f 3991/3991/2704 3995/3995/2704 4068/4068/2760 4067/4067/2757 
f 3995/3995/2704 3999/3999/2704 4069/4069/2763 4068/4068/2760 
f 3999/3999/2704 4003/4003/2704 4070/4070/2766 4069/4069/2763 
f 4003/4003/2704 4007/4007/2704 4071/4071/2769 4070/4070/2766 
f 4007/4007/2704 4011/4011/2704 4072/4072/2772 4071/4071/2769 
f 4011/4011/2704 4015/4015/2704 4073/4073/2775 4072/4072/2772 
f 4015/4015/2704 4019/4019/2704 4074/4074/2778 4073/4073/2775 
f 4019/4019/2704 4023/4023/2704 4075/4075/2781 4074/4074/2778 
f 4023/4023/2704 4027/4027/2704 4076/4076/2784 4075/4075/2781 
f 4027/4027/2704 4031/4862/2704 4077/4077/2787 4076/4076/2784 
f 4031/4031/2704 4035/4035/2704 4078/4078/2790 4077/4861/2787 
f 4035/4035/2704 4039/4039/2704 4079/4079/2793 4078/4078/2790 
f 4039/4039/2704 3984/3984/2704 4064/4064/2750 4079/4079/2793 
f 4128/4128/2685 4113/4113/2685 4112/4112/2686 4129/4129/2686 
f 4129/4129/2686 4112/4112/2686 4114/4114/2687 4130/4130/2687 
f 4130/4130/2687 4114/4114/2687 4115/4115/2688 4131/4131/2688 
f 4131/4131/2688 4115/4115/2688 4116/4116/2689 4132/4132/2689 
f 4132/4132/2689 4116/4116/2689 4117/4117/2690 4133/4133/2690 
f 4133/4133/2690 4117/4117/2690 4118/4118/2691 4134/4134/2691 
f 4134/4134/2691 4118/4118/2691 4119/4119/2692 4135/4135/2692 
f 4135/4135/2692 4119/4119/2692 4120/4120/2693 4136/4136/2693 
f 4136/4136/2693 4120/4120/2693 4121/4121/2694 4137/4137/2694 
f 4137/4137/2694 4121/4121/2694 4122/4122/2695 4138/4138/2695 
f 4138/4138/2695 4122/4122/2695 4123/4123/2696 4139/4139/2696 
f 4139/4139/2696 4123/4123/2696 4124/4124/2697 4140/4140/2697 
f 4140/4140/2697 4124/4124/2697 4125/4125/2698 4141/4141/2698 
f 4141/4141/2698 4125/4125/2698 4126/4126/2699 4142/4142/2699 
f 4109/4109/2699 4107/4107/2795 4197/4197/2796 4201/4201/2797 
f 4142/4142/2699 4126/4126/2699 4127/4127/2703 4143/4143/2703 
f 4143/4143/2703 4127/4127/2703 4113/4113/2685 4128/4128/2685 
f 4081/4081/2704 4083/4083/2704 4112/4112/2704 4113/4113/2704 
f 4083/4083/2704 4085/4085/2704 4114/4114/2704 4112/4112/2704 
f 4085/4085/2704 4087/4087/2704 4115/4115/2704 4114/4114/2704 
f 4087/4087/2704 4089/4089/2704 4116/4116/2704 4115/4115/2704 
f 4089/4089/2704 4091/4091/2704 4117/4117/2704 4116/4116/2704 
f 4091/4091/2704 4093/4093/2704 4118/4118/2704 4117/4117/2704 
f 4093/4093/2704 4095/4095/2704 4119/4119/2704 4118/4118/2704 
f 4095/4095/2704 4097/4097/2704 4120/4120/2704 4119/4119/2704 
f 4097/4097/2704 4099/4099/2704 4121/4121/2704 4120/4120/2704 
f 4099/4099/2704 4101/4101/2704 4122/4122/2704 4121/4121/2704 
f 4101/4101/2704 4103/4103/2704 4123/4123/2704 4122/4122/2704 
f 4103/4103/2704 4105/4105/2704 4124/4124/2704 4123/4123/2704 
f 4105/4105/2704 4107/4829/2704 4125/4125/2704 4124/4124/2704 
f 4107/4829/2704 4109/4726/2704 4126/4126/2704 4125/4125/2704 
f 4109/4726/2704 4111/4111/2704 4127/4127/2704 4126/4126/2704 
f 4111/4111/2704 4081/4081/2704 4113/4113/2704 4127/4127/2704 
f 4085/4782/2687 4083/4830/2798 4145/4145/2799 4153/4153/2800 
f 4095/4833/2709 4093/4832/2691 4169/4169/2801 4173/4173/2802 
f 4111/4605/2803 4109/4109/2699 4201/4201/2797 4205/4205/2804 
f 4097/4821/2693 4095/4833/2709 4173/4173/2802 4177/4177/2805 
f 4099/4834/2806 4097/4821/2693 4177/4177/2805 4181/4181/2807 
f 4087/4578/2808 4085/4782/2687 4153/4153/2800 4157/4157/2809 
f 4101/4515/2695 4099/4834/2806 4181/4181/2807 4185/4185/2810 
f 4081/4703/2685 4111/4605/2803 4205/4205/2804 4148/4148/2811 
f 4103/4641/2812 4101/4515/2695 4185/4185/2810 4189/4189/2720 
f 4089/4831/2689 4087/4578/2808 4157/4157/2809 4161/4161/2721 
f 4105/4835/2697 4103/4856/2812 4189/4855/2720 4193/4193/2722 
f 4091/4553/2813 4089/4831/2689 4161/4161/2721 4165/4165/2724 
f 4107/4107/2795 4105/4835/2697 4193/4193/2722 4197/4197/2796 
f 4093/4832/2691 4091/4553/2813 4165/4165/2724 4169/4169/2801 
f 4209/4209/2814 4208/4208/2815 4128/4128/2815 4129/4129/2816 
f 4210/4210/2817 4209/4209/2814 4129/4129/2816 4130/4130/2818 
f 4211/4211/2819 4210/4210/2817 4130/4130/2818 4131/4131/2820 
f 4212/4212/2821 4211/4211/2819 4131/4131/2820 4132/4132/2821 
f 4213/4213/2822 4212/4212/2821 4132/4132/2821 4133/4133/2823 
f 4214/4214/2824 4213/4213/2822 4133/4133/2823 4134/4134/2824 
f 4215/4215/2825 4214/4214/2824 4134/4134/2824 4135/4135/2826 
f 4216/4216/2735 4215/4215/2825 4135/4135/2826 4136/4136/2735 
f 4217/4217/2736 4216/4216/2735 4136/4136/2735 4137/4137/2736 
f 4218/4218/2827 4217/4217/2736 4137/4137/2736 4138/4138/2827 
f 4219/4219/2828 4218/4218/2827 4138/4138/2827 4139/4139/2829 
f 4220/4220/2830 4219/4219/2828 4139/4139/2829 4140/4140/2830 
f 4221/4221/2831 4220/4220/2830 4140/4140/2830 4141/4141/2741 
f 4222/4222/2743 4221/4221/2831 4141/4141/2741 4142/4142/2743 
f 4223/4223/2832 4222/4222/2743 4142/4142/2743 4143/4143/2832 
f 4208/4208/2815 4223/4223/2832 4143/4143/2832 4128/4128/2815 
f 4145/4145/2799 4148/4148/2811 4150/4150/2833 4147/4147/2834 
f 4147/4147/2834 4150/4150/2833 4151/4151/2748 4146/4146/2835 
f 4146/4146/2835 4151/4151/2748 4229/4229/2836 4230/4230/2751 
f 4153/4153/2800 4145/4145/2799 4147/4147/2834 4155/4155/2837 
f 4155/4155/2837 4147/4147/2834 4146/4146/2835 4154/4154/2838 
f 4154/4154/2838 4146/4146/2835 4230/4230/2751 4231/4231/2839 
f 4157/4157/2809 4153/4153/2800 4155/4155/2837 4159/4159/2840 
f 4159/4159/2840 4155/4155/2837 4154/4154/2838 4158/4158/2841 
f 4158/4158/2841 4154/4154/2838 4231/4231/2839 4232/4232/2757 
f 4161/4161/2721 4157/4157/2809 4159/4159/2840 4163/4163/2842 
f 4163/4163/2842 4159/4159/2840 4158/4158/2841 4162/4162/2759 
f 4162/4162/2759 4158/4158/2841 4232/4232/2757 4233/4233/2760 
f 4165/4165/2724 4161/4161/2721 4163/4163/2842 4167/4167/2843 
f 4167/4167/2843 4163/4163/2842 4162/4162/2759 4166/4166/2844 
f 4166/4166/2844 4162/4162/2759 4233/4233/2760 4234/4234/2845 
f 4169/4169/2801 4165/4165/2724 4167/4167/2843 4171/4171/2846 
f 4171/4171/2846 4167/4167/2843 4166/4166/2844 4170/4170/2847 
f 4170/4170/2847 4166/4166/2844 4234/4234/2845 4235/4235/2848 
f 4173/4173/2802 4169/4169/2801 4171/4171/2846 4175/4175/2849 
f 4175/4175/2849 4171/4171/2846 4170/4170/2847 4174/4174/2850 
f 4174/4174/2850 4170/4170/2847 4235/4235/2848 4236/4236/2851 
f 4177/4177/2805 4173/4173/2802 4175/4175/2849 4179/4179/2852 
f 4179/4179/2852 4175/4175/2849 4174/4174/2850 4178/4178/2853 
f 4178/4178/2853 4174/4174/2850 4236/4236/2851 4237/4237/2854 
f 4181/4181/2807 4177/4177/2805 4179/4179/2852 4183/4183/2855 
f 4183/4183/2855 4179/4179/2852 4178/4178/2853 4182/4182/2774 
f 4182/4182/2774 4178/4178/2853 4237/4237/2854 4238/4238/2856 
f 4185/4185/2810 4181/4181/2807 4183/4183/2855 4187/4187/2857 
f 4187/4187/2857 4183/4183/2855 4182/4182/2774 4186/4186/2858 
f 4186/4186/2858 4182/4182/2774 4238/4238/2856 4239/4239/2859 
f 4189/4189/2720 4185/4185/2810 4187/4187/2857 4191/4191/2860 
f 4191/4191/2860 4187/4187/2857 4186/4186/2858 4190/4190/2861 
f 4190/4190/2861 4186/4186/2858 4239/4239/2859 4240/4240/2862 
f 4193/4193/2722 4189/4855/2720 4191/4852/2860 4195/4195/2863 
f 4195/4195/2863 4191/4852/2860 4190/4851/2861 4194/4194/2864 
f 4194/4194/2864 4190/4851/2861 4240/4853/2862 4241/4241/2784 
f 4197/4197/2796 4193/4193/2722 4195/4195/2863 4199/4199/2865 
f 4199/4199/2865 4195/4195/2863 4194/4194/2864 4198/4198/2866 
f 4198/4198/2866 4194/4194/2864 4241/4241/2784 4242/4242/2787 
f 4201/4201/2797 4197/4197/2796 4199/4199/2865 4203/4203/2867 
f 4203/4203/2867 4199/4199/2865 4198/4198/2866 4202/4202/2868 
f 4202/4202/2868 4198/4198/2866 4242/4242/2787 4243/4243/2869 
f 4205/4205/2804 4201/4201/2797 4203/4203/2867 4207/4207/2870 
f 4207/4207/2870 4203/4203/2867 4202/4202/2868 4206/4206/2871 
f 4206/4206/2871 4202/4202/2868 4243/4243/2869 4244/4244/2793 
f 4148/4148/2811 4205/4205/2804 4207/4207/2870 4150/4150/2833 
f 4150/4150/2833 4207/4207/2870 4206/4206/2871 4151/4151/2748 
f 4151/4151/2748 4206/4206/2871 4244/4244/2793 4229/4229/2836 
f 4083/4830/2798 4081/4703/2685 4148/4148/2811 4145/4145/2799 
f 4082/4082/2794 4080/4080/2794 4208/4208/2794 4209/4209/2794 
f 4084/4084/2794 4082/4082/2794 4209/4209/2794 4210/4210/2794 
f 4086/4086/2794 4084/4084/2794 4210/4210/2794 4211/4211/2794 
f 4088/4088/2794 4086/4086/2794 4211/4211/2794 4212/4212/2794 
f 4090/4090/2794 4088/4088/2794 4212/4212/2794 4213/4213/2794 
f 4092/4092/2794 4090/4090/2794 4213/4213/2794 4214/4214/2794 
f 4094/4094/2794 4092/4092/2794 4214/4214/2794 4215/4215/2794 
f 4096/4096/2794 4094/4094/2794 4215/4215/2794 4216/4216/2794 
f 4098/4098/2794 4096/4096/2794 4216/4216/2794 4217/4217/2794 
f 4100/4100/2794 4098/4098/2794 4217/4217/2794 4218/4218/2794 
f 4102/4102/2794 4100/4100/2794 4218/4218/2794 4219/4219/2794 
f 4104/4104/2794 4102/4102/2794 4219/4219/2794 4220/4220/2794 
f 4106/4106/2794 4104/4104/2794 4220/4220/2794 4221/4221/2794 
f 4108/4108/2794 4106/4106/2794 4221/4221/2794 4222/4222/2794 
f 4110/4110/2794 4108/4108/2794 4222/4222/2794 4223/4223/2794 
f 4080/4080/2794 4110/4110/2794 4223/4223/2794 4208/4208/2794 
f 4094/4094/2794 4096/4096/2794 4224/4224/2794 4092/4092/2794 
f 4096/4096/2794 4098/4098/2794 4100/4100/2794 4224/4224/2794 
f 4092/4092/2794 4224/4224/2794 4225/4225/2794 4090/4090/2794 
f 4224/4224/2794 4100/4100/2794 4102/4102/2794 4225/4225/2794 
f 4090/4090/2794 4225/4225/2794 4226/4226/2794 4088/4088/2794 
f 4225/4225/2794 4102/4102/2794 4104/4104/2794 4226/4226/2794 
f 4088/4088/2794 4226/4226/2794 4227/4227/2794 4086/4086/2794 
f 4226/4226/2794 4104/4104/2794 4106/4106/2794 4227/4227/2794 
f 4086/4086/2794 4227/4227/2794 4228/4228/2794 4084/4084/2794 
f 4227/4227/2794 4106/4106/2794 4108/4108/2794 4228/4228/2794 
f 4084/4084/2794 4228/4228/2794 4080/4080/2794 4082/4082/2794 
f 4228/4228/2794 4108/4108/2794 4110/4110/2794 4080/4080/2794 
f 4149/4149/2704 4144/4144/2704 4230/4230/2751 4229/4229/2836 
f 4144/4144/2704 4152/4152/2704 4231/4231/2839 4230/4230/2751 
f 4152/4152/2704 4156/4156/2704 4232/4232/2757 4231/4231/2839 
f 4156/4156/2704 4160/4160/2704 4233/4233/2760 4232/4232/2757 
f 4160/4160/2704 4164/4164/2704 4234/4234/2845 4233/4233/2760 
f 4164/4164/2704 4168/4168/2704 4235/4235/2848 4234/4234/2845 
f 4168/4168/2704 4172/4172/2704 4236/4236/2851 4235/4235/2848 
f 4172/4172/2704 4176/4176/2704 4237/4237/2854 4236/4236/2851 
f 4176/4176/2704 4180/4180/2704 4238/4238/2856 4237/4237/2854 
f 4180/4180/2704 4184/4184/2704 4239/4239/2859 4238/4238/2856 
f 4184/4184/2704 4188/4854/2704 4240/4240/2862 4239/4239/2859 
f 4188/4188/2704 4192/4192/2704 4241/4241/2784 4240/4853/2862 
f 4192/4192/2704 4196/4196/2704 4242/4242/2787 4241/4241/2784 
f 4196/4196/2704 4200/4200/2704 4243/4243/2869 4242/4242/2787 
f 4200/4200/2704 4204/4204/2704 4244/4244/2793 4243/4243/2869 
f 4204/4204/2704 4149/4149/2704 4229/4229/2836 4244/4244/2793 
o Cylinder:007
s 1
f 4277/4277/2872 4262/4262/2872 4261/4261/2873 4278/4278/2873 
f 4278/4278/2873 4261/4261/2873 4263/4263/2874 4279/4279/2874 
f 4279/4279/2874 4263/4263/2874 4264/4264/2875 4280/4280/2875 
f 4280/4280/2875 4264/4264/2875 4265/4265/2876 4281/4281/2876 
f 4281/4281/2876 4265/4265/2876 4266/4266/2877 4282/4282/2877 
f 4282/4282/2877 4266/4266/2877 4267/4267/2878 4283/4283/2878 
f 4283/4283/2878 4267/4267/2878 4268/4268/2879 4284/4284/2879 
f 4284/4284/2879 4268/4268/2879 4269/4269/2880 4285/4285/2880 
f 4285/4285/2880 4269/4269/2880 4270/4270/2881 4286/4286/2881 
f 4286/4286/2881 4270/4270/2881 4271/4271/2882 4287/4287/2882 
f 4287/4287/2882 4271/4271/2882 4272/4272/2883 4288/4288/2883 
f 4288/4288/2883 4272/4272/2883 4273/4273/2884 4289/4289/2884 
f 4289/4289/2884 4273/4273/2884 4274/4274/2885 4290/4290/2885 
f 4290/4290/2885 4274/4274/2885 4275/4275/2886 4291/4291/2886 
f 4259/4259/2887 4258/4258/2888 4346/4346/2889 4350/4350/2890 
f 4291/4291/2886 4275/4275/2886 4276/4276/2891 4292/4292/2891 
f 4292/4292/2891 4276/4276/2891 4262/4836/2872 4277/4509/2872 
f 4245/4245/2892 4246/4246/2892 4261/4261/2892 4262/4262/2892 
f 4246/4246/2892 4247/4247/2892 4263/4263/2892 4261/4261/2892 
f 4247/4247/2892 4248/4248/2892 4264/4264/2892 4263/4263/2892 
f 4248/4248/2892 4249/4249/2892 4265/4265/2892 4264/4264/2892 
f 4249/4249/2892 4250/4250/2892 4266/4266/2892 4265/4265/2892 
f 4250/4250/2892 4251/4251/2892 4267/4267/2892 4266/4266/2892 
f 4251/4251/2892 4252/4252/2892 4268/4268/2892 4267/4267/2892 
f 4252/4252/2892 4253/4253/2892 4269/4269/2892 4268/4268/2892 
f 4253/4253/2892 4254/4254/2892 4270/4270/2892 4269/4269/2892 
f 4254/4254/2892 4255/4255/2892 4271/4271/2892 4270/4270/2892 
f 4255/4255/2892 4256/4256/2892 4272/4272/2892 4271/4271/2892 
f 4256/4256/2892 4257/4257/2892 4273/4273/2892 4272/4272/2892 
f 4257/4257/2892 4258/4838/2892 4274/4274/2892 4273/4273/2892 
f 4258/4838/2892 4259/4837/2892 4275/4275/2892 4274/4274/2892 
f 4259/4837/2892 4260/4260/2892 4276/4276/2892 4275/4275/2892 
f 4260/4260/2892 4245/4521/2892 4262/4836/2892 4276/4276/2892 
f 4247/4646/2893 4246/4839/2873 4294/4294/2894 4302/4302/2895 
f 4252/4651/2879 4251/4841/2896 4318/4318/2897 4322/4322/2898 
f 4260/4551/2891 4259/4259/2887 4350/4350/2890 4354/4354/2899 
f 4253/4689/2880 4252/4651/2879 4322/4322/2898 4326/4326/2900 
f 4254/4842/2881 4253/4689/2880 4326/4326/2900 4330/4330/2901 
f 4248/4812/2902 4247/4646/2893 4302/4302/2895 4306/4306/2903 
f 4255/4610/2904 4254/4842/2881 4330/4330/2901 4334/4334/2905 
f 4245/4522/2872 4260/4551/2891 4354/4354/2899 4297/4297/2906 
f 4256/4843/2907 4255/4610/2904 4334/4334/2905 4338/4338/2908 
f 4249/4840/2876 4248/4812/2902 4306/4306/2903 4310/4310/2909 
f 4257/4735/2884 4256/4843/2907 4338/4338/2908 4342/4342/2910 
f 4250/4762/2911 4249/4840/2876 4310/4310/2909 4314/4314/2912 
f 4258/4258/2888 4257/4735/2884 4342/4342/2910 4346/4346/2889 
f 4251/4841/2896 4250/4762/2911 4314/4314/2912 4318/4318/2897 
f 4358/4358/2913 4357/4357/2914 4277/4277/2914 4278/4278/2913 
f 4359/4359/2915 4358/4358/2913 4278/4278/2913 4279/4279/2915 
f 4360/4360/2916 4359/4359/2915 4279/4279/2915 4280/4280/2916 
f 4361/4361/2917 4360/4360/2916 4280/4280/2916 4281/4281/2917 
f 4362/4362/2918 4361/4361/2917 4281/4281/2917 4282/4282/2918 
f 4363/4363/2919 4362/4362/2918 4282/4282/2918 4283/4283/2919 
f 4364/4364/2920 4363/4363/2919 4283/4283/2919 4284/4284/2920 
f 4365/4365/2921 4364/4364/2920 4284/4284/2920 4285/4285/2921 
f 4366/4366/2922 4365/4365/2921 4285/4285/2921 4286/4286/2923 
f 4367/4367/2924 4366/4366/2922 4286/4286/2923 4287/4287/2924 
f 4368/4368/2925 4367/4367/2924 4287/4287/2924 4288/4288/2925 
f 4369/4369/2926 4368/4368/2925 4288/4288/2925 4289/4289/2926 
f 4370/4370/2927 4369/4369/2926 4289/4289/2926 4290/4290/2927 
f 4371/4371/2928 4370/4370/2927 4290/4290/2927 4291/4291/2928 
f 4372/4372/2929 4371/4371/2928 4291/4291/2928 4292/4292/2930 
f 4357/4537/2914 4372/4372/2929 4292/4292/2930 4277/4509/2914 
f 4294/4294/2894 4297/4850/2906 4299/4299/2931 4296/4296/2932 
f 4296/4296/2932 4299/4299/2931 4300/4300/2933 4295/4295/2934 
f 4295/4295/2934 4300/4300/2933 4485/4485/2935 4486/4486/2936 
f 4302/4302/2895 4294/4294/2894 4296/4296/2932 4304/4304/2937 
f 4304/4304/2937 4296/4296/2932 4295/4295/2934 4303/4303/2938 
f 4303/4303/2938 4295/4295/2934 4486/4486/2936 4487/4487/2939 
f 4306/4306/2903 4302/4302/2895 4304/4304/2937 4308/4308/2940 
f 4308/4308/2940 4304/4304/2937 4303/4303/2938 4307/4307/2941 
f 4307/4307/2941 4303/4303/2938 4487/4487/2939 4488/4488/2942 
f 4310/4310/2909 4306/4306/2903 4308/4308/2940 4312/4312/2943 
f 4312/4312/2943 4308/4308/2940 4307/4307/2941 4311/4311/2944 
f 4311/4311/2944 4307/4307/2941 4488/4488/2942 4489/4489/2945 
f 4314/4314/2912 4310/4310/2909 4312/4312/2943 4316/4316/2946 
f 4316/4316/2946 4312/4312/2943 4311/4311/2944 4315/4315/2947 
f 4315/4315/2947 4311/4311/2944 4489/4489/2945 4490/4490/2948 
f 4318/4318/2897 4314/4314/2912 4316/4316/2946 4320/4320/2949 
f 4320/4320/2949 4316/4316/2946 4315/4315/2947 4319/4319/2950 
f 4319/4319/2950 4315/4315/2947 4490/4490/2948 4491/4491/2951 
f 4322/4322/2898 4318/4318/2897 4320/4320/2949 4324/4324/2952 
f 4324/4324/2952 4320/4320/2949 4319/4319/2950 4323/4323/2953 
f 4323/4323/2953 4319/4319/2950 4491/4491/2951 4492/4492/2954 
f 4326/4326/2900 4322/4322/2898 4324/4324/2952 4328/4328/2955 
f 4328/4328/2955 4324/4324/2952 4323/4323/2953 4327/4327/2956 
f 4327/4327/2956 4323/4323/2953 4492/4492/2954 4493/4493/2957 
f 4330/4330/2901 4326/4326/2900 4328/4328/2955 4332/4332/2958 
f 4332/4332/2958 4328/4328/2955 4327/4327/2956 4331/4331/2959 
f 4331/4331/2959 4327/4327/2956 4493/4493/2957 4494/4494/2960 
f 4334/4334/2905 4330/4330/2901 4332/4332/2958 4336/4336/2961 
f 4336/4336/2961 4332/4332/2958 4331/4331/2959 4335/4335/2962 
f 4335/4335/2962 4331/4331/2959 4494/4494/2960 4495/4495/2963 
f 4338/4338/2908 4334/4334/2905 4336/4336/2961 4340/4340/2964 
f 4340/4340/2964 4336/4336/2961 4335/4335/2962 4339/4339/2965 
f 4339/4339/2965 4335/4335/2962 4495/4495/2963 4496/4496/2966 
f 4342/4342/2910 4338/4338/2908 4340/4340/2964 4344/4344/2967 
f 4344/4344/2967 4340/4340/2964 4339/4339/2965 4343/4343/2968 
f 4343/4343/2968 4339/4339/2965 4496/4496/2966 4497/4497/2969 
f 4346/4346/2889 4342/4342/2910 4344/4344/2967 4348/4348/2970 
f 4348/4348/2970 4344/4344/2967 4343/4343/2968 4347/4347/2971 
f 4347/4347/2971 4343/4343/2968 4497/4497/2969 4498/4498/2972 
f 4350/4350/2890 4346/4346/2889 4348/4348/2970 4352/4352/2973 
f 4352/4352/2973 4348/4348/2970 4347/4347/2971 4351/4351/2974 
f 4351/4351/2974 4347/4347/2971 4498/4498/2972 4499/4499/2975 
f 4354/4354/2899 4350/4350/2890 4352/4352/2973 4356/4356/2976 
f 4356/4356/2976 4352/4352/2973 4351/4351/2974 4355/4355/2977 
f 4355/4355/2977 4351/4351/2974 4499/4499/2975 4500/4500/2978 
f 4297/4297/2906 4354/4354/2899 4356/4356/2976 4299/4849/2931 
f 4299/4849/2931 4356/4356/2976 4355/4355/2977 4300/4845/2933 
f 4300/4845/2933 4355/4355/2977 4500/4500/2978 4485/4846/2935 
f 4246/4839/2873 4245/4848/2872 4297/4850/2906 4294/4294/2894 
f 4364/4364/2979 4365/4365/2980 4381/4381/2981 4380/4380/2982 
f 4383/4383/2983 4384/4384/2984 4400/4400/2985 4399/4399/2986 
f 4357/4357/2987 4358/4358/2988 4374/4374/2989 4373/4373/2990 
f 4372/4372/2991 4357/4537/2987 4373/4723/2990 4388/4388/2992 
f 4365/4365/2980 4366/4366/2993 4382/4382/2994 4381/4381/2981 
f 4358/4358/2988 4359/4359/2995 4375/4375/2996 4374/4374/2989 
f 4366/4366/2993 4367/4367/2997 4383/4383/2983 4382/4382/2994 
f 4359/4359/2995 4360/4360/2998 4376/4376/2999 4375/4375/2996 
f 4367/4367/2997 4368/4368/3000 4384/4384/2984 4383/4383/2983 
f 4360/4360/2998 4361/4361/3001 4377/4377/3002 4376/4376/2999 
f 4368/4368/3000 4369/4369/3003 4385/4385/3004 4384/4384/2984 
f 4361/4361/3001 4362/4362/3005 4378/4378/3006 4377/4377/3002 
f 4369/4369/3003 4370/4370/3007 4386/4386/3008 4385/4385/3004 
f 4362/4362/3005 4363/4363/3009 4379/4379/3010 4378/4378/3006 
f 4370/4370/3007 4371/4371/3011 4387/4387/3012 4386/4386/3008 
f 4363/4363/3009 4364/4364/2979 4380/4380/2982 4379/4379/3010 
f 4371/4371/3011 4372/4372/2991 4388/4388/2992 4387/4387/3012 
f 4389/4389/3013 4390/4390/3014 4406/4406/3015 4405/4405/3016 
f 4376/4376/2999 4377/4377/3002 4393/4393/3017 4392/4392/3018 
f 4384/4384/2984 4385/4385/3004 4401/4401/3019 4400/4400/2985 
f 4377/4377/3002 4378/4378/3006 4394/4394/3020 4393/4393/3017 
f 4385/4385/3004 4386/4386/3008 4402/4402/3021 4401/4401/3019 
f 4378/4378/3006 4379/4379/3010 4395/4395/3022 4394/4394/3020 
f 4386/4386/3008 4387/4387/3012 4403/4403/3023 4402/4402/3021 
f 4379/4379/3010 4380/4380/2982 4396/4396/3024 4395/4395/3022 
f 4387/4387/3012 4388/4388/2992 4404/4404/3025 4403/4403/3023 
f 4380/4380/2982 4381/4381/2981 4397/4397/3026 4396/4396/3024 
f 4373/4373/2990 4374/4374/2989 4390/4390/3014 4389/4389/3013 
f 4388/4388/2992 4373/4723/2990 4389/4550/3013 4404/4404/3025 
f 4381/4381/2981 4382/4382/2994 4398/4398/3027 4397/4397/3026 
f 4374/4374/2989 4375/4375/2996 4391/4391/3028 4390/4390/3014 
f 4382/4382/2994 4383/4383/2983 4399/4399/2986 4398/4398/3027 
f 4375/4375/2996 4376/4376/2999 4392/4392/3018 4391/4391/3028 
f 4410/4410/3029 4411/4411/3030 4427/4427/3031 4426/4426/3032 
f 4404/4404/3025 4389/4550/3013 4405/4844/3016 4420/4420/3033 
f 4397/4397/3026 4398/4398/3027 4414/4414/3034 4413/4413/3035 
f 4390/4390/3014 4391/4391/3028 4407/4407/3036 4406/4406/3015 
f 4398/4398/3027 4399/4399/2986 4415/4415/3037 4414/4414/3034 
f 4391/4391/3028 4392/4392/3018 4408/4408/3038 4407/4407/3036 
f 4399/4399/2986 4400/4400/2985 4416/4416/3039 4415/4415/3037 
f 4392/4392/3018 4393/4393/3017 4409/4409/3040 4408/4408/3038 
f 4400/4400/2985 4401/4401/3019 4417/4417/3041 4416/4416/3039 
f 4393/4393/3017 4394/4394/3020 4410/4410/3029 4409/4409/3040 
f 4401/4401/3019 4402/4402/3021 4418/4418/3042 4417/4417/3041 
f 4394/4394/3020 4395/4395/3022 4411/4411/3030 4410/4410/3029 
f 4402/4402/3021 4403/4403/3023 4419/4419/3043 4418/4418/3042 
f 4395/4395/3022 4396/4396/3024 4412/4412/3044 4411/4411/3030 
f 4403/4403/3023 4404/4404/3025 4420/4420/3033 4419/4419/3043 
f 4396/4396/3024 4397/4397/3026 4413/4413/3035 4412/4412/3044 
f 4431/4431/3045 4432/4432/3046 4448/4448/3047 4447/4447/3048 
f 4418/4418/3042 4419/4419/3043 4435/4435/3049 4434/4434/3050 
f 4411/4411/3030 4412/4412/3044 4428/4428/3051 4427/4427/3031 
f 4419/4419/3043 4420/4420/3033 4436/4436/3052 4435/4435/3049 
f 4412/4412/3044 4413/4413/3035 4429/4429/3053 4428/4428/3051 
f 4405/4405/3016 4406/4406/3015 4422/4422/3054 4421/4421/3055 
f 4420/4420/3033 4405/4844/3016 4421/4534/3055 4436/4436/3052 
f 4413/4413/3035 4414/4414/3034 4430/4430/3056 4429/4429/3053 
f 4406/4406/3015 4407/4407/3036 4423/4423/3057 4422/4422/3054 
f 4414/4414/3034 4415/4415/3037 4431/4431/3045 4430/4430/3056 
f 4407/4407/3036 4408/4408/3038 4424/4424/3058 4423/4423/3057 
f 4415/4415/3037 4416/4416/3039 4432/4432/3046 4431/4431/3045 
f 4408/4408/3038 4409/4409/3040 4425/4425/3059 4424/4424/3058 
f 4416/4416/3039 4417/4417/3041 4433/4433/3060 4432/4432/3046 
f 4409/4409/3040 4410/4410/3029 4426/4426/3032 4425/4425/3059 
f 4417/4417/3041 4418/4418/3042 4434/4434/3050 4433/4433/3060 
f 4452/4452/3061 4437/4437/3062 4453/4453/3063 4468/4468/3064 
f 4424/4424/3058 4425/4425/3059 4441/4441/3065 4440/4440/3066 
f 4432/4432/3046 4433/4433/3060 4449/4449/3067 4448/4448/3047 
f 4425/4425/3059 4426/4426/3032 4442/4442/3068 4441/4441/3065 
f 4433/4433/3060 4434/4434/3050 4450/4450/3069 4449/4449/3067 
f 4426/4426/3032 4427/4427/3031 4443/4443/3070 4442/4442/3068 
f 4434/4434/3050 4435/4435/3049 4451/4451/3071 4450/4450/3069 
f 4427/4427/3031 4428/4428/3051 4444/4444/3072 4443/4443/3070 
f 4435/4435/3049 4436/4436/3052 4452/4452/3061 4451/4451/3071 
f 4428/4428/3051 4429/4429/3053 4445/4445/3073 4444/4444/3072 
f 4421/4421/3055 4422/4422/3054 4438/4438/3074 4437/4529/3062 
f 4436/4436/3052 4421/4534/3055 4437/4437/3062 4452/4452/3061 
f 4429/4429/3053 4430/4430/3056 4446/4446/3075 4445/4445/3073 
f 4422/4422/3054 4423/4423/3057 4439/4439/3076 4438/4438/3074 
f 4430/4430/3056 4431/4431/3045 4447/4447/3048 4446/4446/3075 
f 4423/4423/3057 4424/4424/3058 4440/4440/3066 4439/4439/3076 
f 4466/4466/3077 4467/4467/3078 4483/4483/3079 4482/4482/3080 
f 4445/4445/3073 4446/4446/3075 4462/4462/3081 4461/4461/3082 
f 4438/4438/3074 4439/4439/3076 4455/4455/3083 4454/4454/3084 
f 4446/4446/3075 4447/4447/3048 4463/4463/3085 4462/4462/3081 
f 4439/4439/3076 4440/4440/3066 4456/4456/3086 4455/4455/3083 
f 4447/4447/3048 4448/4448/3047 4464/4464/3087 4463/4463/3085 
f 4440/4440/3066 4441/4441/3065 4457/4457/3088 4456/4456/3086 
f 4448/4448/3047 4449/4449/3067 4465/4465/3089 4464/4464/3087 
f 4441/4441/3065 4442/4442/3068 4458/4458/3090 4457/4457/3088 
f 4449/4449/3067 4450/4450/3069 4466/4466/3077 4465/4465/3089 
f 4442/4442/3068 4443/4443/3070 4459/4459/3091 4458/4458/3090 
f 4450/4450/3069 4451/4451/3071 4467/4467/3078 4466/4466/3077 
f 4443/4443/3070 4444/4444/3072 4460/4460/3092 4459/4459/3091 
f 4451/4451/3071 4452/4452/3061 4468/4468/3064 4467/4467/3078 
f 4444/4444/3072 4445/4445/3073 4461/4461/3082 4460/4460/3092 
f 4437/4529/3062 4438/4438/3074 4454/4454/3084 4453/4548/3063 
f 4459/4459/3091 4460/4460/3092 4476/4476/3093 4475/4475/3094 
f 4467/4467/3078 4468/4468/3064 4484/4484/3095 4483/4483/3079 
f 4460/4460/3092 4461/4461/3082 4477/4477/3096 4476/4476/3093 
f 4453/4548/3063 4454/4454/3084 4470/4470/3097 4469/4544/2892 
f 4468/4468/3064 4453/4453/3063 4469/4469/2892 4484/4484/3095 
f 4461/4461/3082 4462/4462/3081 4478/4478/3098 4477/4477/3096 
f 4454/4454/3084 4455/4455/3083 4471/4471/3099 4470/4470/3097 
f 4462/4462/3081 4463/4463/3085 4479/4479/3100 4478/4478/3098 
f 4455/4455/3083 4456/4456/3086 4472/4472/3101 4471/4471/3099 
f 4463/4463/3085 4464/4464/3087 4480/4480/3102 4479/4479/3100 
f 4456/4456/3086 4457/4457/3088 4473/4473/2876 4472/4472/3101 
f 4464/4464/3087 4465/4465/3089 4481/4481/2884 4480/4480/3102 
f 4457/4457/3088 4458/4458/3090 4474/4474/3103 4473/4473/2876 
f 4465/4465/3089 4466/4466/3077 4482/4482/3080 4481/4481/2884 
f 4458/4458/3090 4459/4459/3091 4475/4475/3094 4474/4474/3103 
f 4298/4298/2892 4293/4293/2892 4486/4486/2936 4485/4485/2935 
f 4293/4293/2892 4301/4301/2892 4487/4487/2939 4486/4486/2936 
f 4301/4301/2892 4305/4305/2892 4488/4488/2942 4487/4487/2939 
f 4305/4305/2892 4309/4309/2892 4489/4489/2945 4488/4488/2942 
f 4309/4309/2892 4313/4313/2892 4490/4490/2948 4489/4489/2945 
f 4313/4313/2892 4317/4317/2892 4491/4491/2951 4490/4490/2948 
f 4317/4317/2892 4321/4321/2892 4492/4492/2954 4491/4491/2951 
f 4321/4321/2892 4325/4325/2892 4493/4493/2957 4492/4492/2954 
f 4325/4325/2892 4329/4329/2892 4494/4494/2960 4493/4493/2957 
f 4329/4329/2892 4333/4333/2892 4495/4495/2963 4494/4494/2960 
f 4333/4333/2892 4337/4337/2892 4496/4496/2966 4495/4495/2963 
f 4337/4337/2892 4341/4341/2892 4497/4497/2969 4496/4496/2966 
f 4341/4341/2892 4345/4345/2892 4498/4498/2972 4497/4497/2969 
f 4345/4345/2892 4349/4349/2892 4499/4499/2975 4498/4498/2972 
f 4349/4349/2892 4353/4353/2892 4500/4500/2978 4499/4499/2975 
f 4353/4353/2892 4298/4847/2892 4485/4846/2935 4500/4500/2978 
#end 4232 faces

#ZOMPROPERTIES_04{
#ZOMPROPERTIES_04 table {Mesh table {SymPlane table {Point vector3d 0 0 0 Normal vector3d 1 0 0 Threshold double 0.01 
#ZOMPROPERTIES_04 Enabled bool false EdgeID int -1 SymEdgeID int -1 UPos double 0.5 LocalMode bool false } RootGroup C
#ZOMPROPERTIES_04 SubMeshGroup {Children table {Tile_0_0 CSubMeshGroup {Children table {} BBoxUV box3d 0 0 0 0 0 0 BBo
#ZOMPROPERTIES_04 x3D box3d 0 0 0 0 0 0 Area3D double 0 AreaUV double 0.808028 IsRoot bool false Properties table {Sel
#ZOMPROPERTIES_04 ected bool false Box box3d 0 1 0 1 0 1 U int 0 V int 0 NU int 0 NV int 0 Tiling vector3d 1 1 1 TileR
#ZOMPROPERTIES_04 atioMode string "1:1" Overflow string "Off" Pack table {BoxFrameEdit bool false Behavior string "Fre
#ZOMPROPERTIES_04 e" } } IsTile bool true PolyIDs ints { 1981 2002 2021 2008 1985 2011 1987 2005 1983 1973 1999 2015 1
#ZOMPROPERTIES_04 993 1979 1975 1990 1996 1977 1921 1947 1963 1941 1927 1944 1923 1925 1938 1929 1959 1969 1956 1933 1
#ZOMPROPERTIES_04 935 1953 1931 1950 3836 3853 3854 3855 3838 3885 3884 3949 3948 3883 3898 3897 3851 3852 3868 3867 3
#ZOMPROPERTIES_04 866 3865 3848 3847 3864 3863 3862 3861 3844 3843 3860 3859 3842 3841 3858 3857 3856 3840 3839 3887 3
#ZOMPROPERTIES_04 886 3952 3951 3950 3972 3970 3971 3960 3959 3894 3893 3846 3845 3892 3891 3890 3955 3954 3953 3888 3
#ZOMPROPERTIES_04 889 3964 3966 3967 3969 3968 3965 3956 3957 3958 3895 3896 3849 3961 3962 3975 3973 3963 3974 3837 3
#ZOMPROPERTIES_04 680 3681 3682 3699 3700 3701 3684 3685 3732 3733 3798 3797 3810 3812 3813 3815 3804 3739 3740 3805 3
#ZOMPROPERTIES_04 806 3819 3817 3816 3814 3795 3796 3731 3730 3683 3729 3728 3793 3792 3727 3742 3741 3695 3696 3712 3
#ZOMPROPERTIES_04 711 3710 3709 3708 3707 3690 3689 3706 3705 3704 3703 3686 3687 3734 3735 3736 3801 3800 3809 3808 3
#ZOMPROPERTIES_04 799 3811 3802 3737 3738 3691 3688 3702 3692 3693 3807 3818 3794 3803 3698 3697 3613 3617 3626 3618 3
#ZOMPROPERTIES_04 614 3619 3628 3624 3616 3621 3629 3622 3615 3623 3627 3620 3625 3426 3436 3440 3431 3427 3432 3439 3
#ZOMPROPERTIES_04 441 3437 3429 3434 3442 3433 3435 3428 3438 3430 3545 3550 3558 3551 3560 3556 3548 3554 3561 3552 3
#ZOMPROPERTIES_04 557 3555 3549 3547 3553 3559 3546 3494 3499 3495 3500 3507 3509 3505 3497 3503 3496 3501 3510 3506 3
#ZOMPROPERTIES_04 498 3504 3508 3502 3596 3601 3597 3602 3611 3607 3599 3605 3598 3606 3603 3608 3600 3612 3610 3604 3
#ZOMPROPERTIES_04 609 3630 3635 3631 3636 3645 3641 3633 3639 3632 3640 3637 3642 3634 3646 3644 3638 3643 3647 3651 3
#ZOMPROPERTIES_04 660 3652 3648 3653 3662 3658 3650 3656 3649 3657 3654 3659 3663 3661 3655 3409 3419 3423 3414 3410 3
#ZOMPROPERTIES_04 415 3422 3424 3420 3412 3417 3425 3418 3416 3411 3421 3413 3477 3482 3478 3483 3490 3492 3488 3480 3
#ZOMPROPERTIES_04 486 3479 3487 3484 3493 3489 3481 3491 3485 3443 3448 3444 3449 3456 3458 3454 3446 3451 3459 3450 3
#ZOMPROPERTIES_04 455 3447 3445 3452 3457 3453 3392 3402 3406 3397 3393 3398 3405 3407 3403 3395 3400 3408 3401 3399 3
#ZOMPROPERTIES_04 394 3404 3396 3511 3515 3524 3517 3512 3522 3525 3521 3513 3518 3527 3519 3514 3526 3523 3520 3516 3
#ZOMPROPERTIES_04 460 3465 3461 3466 3473 3475 3471 3463 3469 3462 3470 3467 3476 3472 3464 3474 3468 3562 3567 3575 3
#ZOMPROPERTIES_04 568 3577 3573 3565 3571 3578 3569 3574 3572 3566 3564 3576 3570 3563 3528 3533 3541 3534 3543 3539 3
#ZOMPROPERTIES_04 531 3537 3544 3535 3540 3538 3532 3530 3542 3536 3529 3579 3584 3592 3585 3594 3590 3582 3588 3595 3
#ZOMPROPERTIES_04 586 3591 3589 3583 3581 3593 3587 3580 3992 3993 3994 3995 4012 4013 3996 3997 3998 4015 4016 3999 4
#ZOMPROPERTIES_04 000 4001 4002 4003 4004 4005 4007 4023 4024 4008 4054 4053 4052 4118 4116 4051 4114 4050 4112 4105 4
#ZOMPROPERTIES_04 143 4141 4162 4160 4181 4186 4206 4208 4210 4212 4214 4185 4202 4205 4169 4180 4159 4156 4151 4149 4
#ZOMPROPERTIES_04 127 4147 4168 4154 4175 4177 4173 4171 4192 4166 4145 4164 4153 4183 4190 4194 4196 4125 4129 4132 4
#ZOMPROPERTIES_04 107 4138 4198 4188 4203 4201 4197 4199 4176 4178 4157 4152 4139 4133 4135 4110 4048 4108 4047 4046 4
#ZOMPROPERTIES_04 045 4119 4128 4150 4155 4137 4174 4195 4193 4191 4170 4172 4167 4146 4148 4124 4115 4117 4044 4043 4
#ZOMPROPERTIES_04 042 4041 4111 4109 4040 4134 4136 4122 4142 4144 4163 4161 4140 4121 4131 4106 4158 4179 4182 4184 4
#ZOMPROPERTIES_04 187 4189 4209 4207 4204 4200 4039 4113 4126 4165 4211 4213 4215 4130 4104 4123 4049 4120 4022 4021 4
#ZOMPROPERTIES_04 020 4019 4018 4017 4014 4011 4010 4009 2026 2035 2048 2038 2030 2036 2031 2037 2027 2050 2059 2068 2
#ZOMPROPERTIES_04 066 2067 2057 2065 2064 2069 2060 2053 2058 2051 2054 2062 2055 2071 2061 2070 2056 2063 2052 2732 2
#ZOMPROPERTIES_04 803 2802 2827 2861 2863 2862 2743 2747 2808 2857 2856 2763 2804 2745 2860 2741 2740 2736 2737 2835 2
#ZOMPROPERTIES_04 837 2775 2773 2833 2820 2801 2800 2821 2807 2806 2822 2838 2841 2783 2785 2787 2839 2840 2851 2853 2
#ZOMPROPERTIES_04 854 2852 2825 2812 2813 2824 2815 2814 2823 2817 2816 2826 2818 2749 2748 2819 2752 2756 2757 2753 2
#ZOMPROPERTIES_04 858 2859 2759 2755 2754 2758 2849 2846 2762 2805 2831 2798 2799 2770 2845 2850 2768 2766 2767 2765 2
#ZOMPROPERTIES_04 847 2843 2848 2790 2788 2792 2793 2794 2797 2829 2828 2778 2776 2777 2779 2834 2836 2782 2780 2774 2
#ZOMPROPERTIES_04 772 2832 2784 2786 2796 2795 2791 2844 2764 2769 2771 2830 2744 2750 2751 2855 2760 2809 2789 2842 2
#ZOMPROPERTIES_04 781 2761 2746 2742 2738 2734 2735 2811 2810 2739 2733 2072 2143 2142 2167 2201 2203 2202 2083 2082 2
#ZOMPROPERTIES_04 086 2149 2148 2101 2100 2096 2097 2199 2099 2103 2144 2197 2200 2085 2081 2080 2076 2077 2175 2177 2
#ZOMPROPERTIES_04 115 2113 2173 2160 2141 2140 2161 2147 2146 2162 2178 2181 2123 2125 2127 2179 2180 2191 2193 2194 2
#ZOMPROPERTIES_04 192 2165 2152 2153 2164 2155 2154 2163 2157 2156 2166 2158 2089 2088 2092 2159 2093 2195 2198 2091 2
#ZOMPROPERTIES_04 095 2094 2187 2107 2106 2108 2110 2139 2138 2171 2186 2189 2102 2145 2084 2170 2119 2117 2116 2174 2
#ZOMPROPERTIES_04 124 2126 2137 2169 2185 2134 2135 2136 2132 2133 2130 2128 2188 2184 2131 2190 2168 2118 2176 2122 2
#ZOMPROPERTIES_04 120 2114 2112 2172 2111 2109 2104 2105 2183 2098 2090 2129 2182 2121 2196 2087 2078 2074 2151 2150 2
#ZOMPROPERTIES_04 075 2079 2073 2336 2407 2406 2431 2465 2467 2466 2464 2461 2460 2367 2366 2362 2453 2450 2435 2402 2
#ZOMPROPERTIES_04 403 2374 2449 2433 2432 2390 2388 2438 2440 2386 2387 2445 2442 2426 2410 2411 2384 2436 2376 2404 2
#ZOMPROPERTIES_04 405 2424 2437 2377 2379 2378 2380 2381 2439 2344 2345 2340 2341 2348 2349 2408 2409 2441 2434 2383 2
#ZOMPROPERTIES_04 382 2425 2385 2446 2443 2444 2455 2457 2458 2456 2429 2416 2417 2392 2448 2368 2369 2447 2427 2421 2
#ZOMPROPERTIES_04 420 2430 2422 2423 2352 2356 2360 2361 2463 2462 2359 2358 2354 2355 2459 2363 2357 2364 2365 2413 2
#ZOMPROPERTIES_04 350 2346 2342 2338 2339 2415 2414 2343 2347 2351 2412 2353 2451 2371 2370 2372 2454 2452 2394 2396 2
#ZOMPROPERTIES_04 398 2401 2400 2399 2397 2395 2373 2418 2419 2428 2393 2391 2389 2375 2337 2600 2671 2670 2695 2729 2
#ZOMPROPERTIES_04 731 2730 2728 2725 2724 2631 2630 2626 2717 2714 2699 2666 2667 2638 2713 2697 2696 2654 2655 2653 2
#ZOMPROPERTIES_04 652 2650 2651 2709 2706 2690 2674 2649 2648 2700 2704 2702 2644 2645 2703 2608 2609 2604 2605 2612 2
#ZOMPROPERTIES_04 613 2672 2673 2705 2698 2643 2641 2701 2688 2669 2668 2689 2675 2640 2647 2642 2646 2710 2707 2708 2
#ZOMPROPERTIES_04 719 2721 2722 2720 2693 2680 2681 2692 2712 2632 2633 2711 2691 2685 2684 2694 2686 2617 2616 2620 2
#ZOMPROPERTIES_04 624 2628 2629 2677 2614 2610 2606 2602 2679 2678 2603 2607 2611 2615 2676 2625 2727 2726 2623 2627 2
#ZOMPROPERTIES_04 622 2618 2619 2723 2621 2687 2715 2635 2634 2636 2637 2718 2716 2658 2656 2660 2661 2662 2665 2664 2
#ZOMPROPERTIES_04 663 2659 2682 2683 2657 2639 2601 3260 3264 3365 3363 3268 3269 3390 3271 3267 3266 3270 3274 3275 3
#ZOMPROPERTIES_04 336 3337 3288 3289 3384 3385 3388 3332 3291 3290 3333 3272 3358 3307 3305 3303 3301 3361 3348 3331 3
#ZOMPROPERTIES_04 329 3328 3349 3335 3334 3350 3366 3369 3311 3313 3315 3367 3368 3379 3381 3382 3380 3353 3340 3341 3
#ZOMPROPERTIES_04 352 3372 3292 3293 3371 3351 3345 3344 3354 3346 3277 3276 3280 3284 3281 3386 3283 3282 3286 3287 3
#ZOMPROPERTIES_04 375 3295 3297 3299 3374 3359 3326 3327 3298 3373 3357 3356 3314 3312 3362 3304 3306 3364 3310 3308 3
#ZOMPROPERTIES_04 302 3300 3360 3325 3324 3323 3322 3320 3321 3318 3316 3376 3319 3378 3296 3294 3377 3278 3279 3383 3
#ZOMPROPERTIES_04 387 3285 3347 3342 3343 3317 3370 3309 3273 3262 3263 3338 3339 3355 3389 3261 3265 3330 3391 2864 2
#ZOMPROPERTIES_04 935 2934 2959 2993 2995 2994 2992 2989 2988 2895 2894 2890 2981 2978 2963 2930 2931 2902 2977 2961 2
#ZOMPROPERTIES_04 960 2918 2916 2966 2968 2914 2915 2973 2970 2954 2938 2913 2939 2912 2964 2904 2932 2933 2952 2965 2
#ZOMPROPERTIES_04 905 2907 2906 2908 2909 2967 2872 2873 2868 2869 2876 2877 2936 2937 2969 2962 2911 2910 2953 2974 2
#ZOMPROPERTIES_04 971 2972 2983 2985 2986 2984 2957 2944 2945 2920 2976 2896 2897 2975 2955 2949 2948 2958 2950 2951 2
#ZOMPROPERTIES_04 880 2884 2888 2892 2893 2941 2878 2874 2870 2866 2943 2942 2867 2871 2875 2879 2940 2889 2991 2990 2
#ZOMPROPERTIES_04 887 2886 2882 2883 2987 2891 2885 2881 2979 2899 2898 2900 2982 2980 2922 2924 2926 2929 2928 2927 2
#ZOMPROPERTIES_04 925 2923 2901 2946 2947 2956 2921 2919 2917 2903 2865 2468 2539 2538 2563 2597 2599 2598 2596 2593 2
#ZOMPROPERTIES_04 592 2499 2498 2494 2585 2582 2567 2534 2535 2506 2581 2565 2564 2522 2520 2570 2572 2518 2519 2577 2
#ZOMPROPERTIES_04 574 2558 2542 2517 2543 2516 2568 2508 2536 2537 2556 2569 2509 2511 2510 2512 2513 2571 2476 2477 2
#ZOMPROPERTIES_04 472 2473 2480 2481 2540 2541 2573 2566 2515 2514 2557 2578 2575 2576 2587 2589 2590 2588 2561 2548 2
#ZOMPROPERTIES_04 549 2524 2580 2500 2501 2579 2559 2553 2552 2562 2554 2555 2484 2488 2492 2496 2497 2545 2482 2478 2
#ZOMPROPERTIES_04 474 2470 2547 2546 2471 2475 2479 2483 2544 2493 2595 2594 2491 2490 2486 2487 2591 2495 2489 2485 2
#ZOMPROPERTIES_04 583 2503 2502 2504 2586 2584 2526 2528 2530 2533 2532 2531 2529 2527 2505 2550 2551 2560 2525 2523 2
#ZOMPROPERTIES_04 521 2507 2469 2996 3067 3066 3091 3125 3127 3126 3124 3121 3120 3027 3026 3022 3113 3110 3095 3062 3
#ZOMPROPERTIES_04 063 3034 3109 3093 3092 3050 3051 3049 3048 3046 3047 3105 3102 3086 3070 3045 3044 3096 3100 3098 3
#ZOMPROPERTIES_04 040 3041 3099 3004 3005 3000 3001 3008 3009 3068 3069 3101 3094 3039 3037 3097 3084 3065 3064 3085 3
#ZOMPROPERTIES_04 071 3036 3043 3038 3042 3106 3103 3104 3115 3117 3118 3116 3089 3076 3077 3088 3108 3028 3029 3107 3
#ZOMPROPERTIES_04 087 3081 3080 3090 3082 3013 3012 3016 3020 3024 3025 3073 3010 3006 3002 2998 3075 3074 2999 3003 3
#ZOMPROPERTIES_04 007 3011 3072 3021 3123 3122 3019 3023 3018 3014 3015 3119 3017 3083 3111 3031 3030 3032 3033 3114 3
#ZOMPROPERTIES_04 112 3054 3052 3056 3057 3058 3061 3060 3059 3055 3078 3079 3053 3035 2997 2204 2275 2274 2299 2333 2
#ZOMPROPERTIES_04 335 2334 2332 2329 2328 2235 2234 2230 2321 2318 2303 2270 2271 2242 2317 2301 2300 2258 2259 2257 2
#ZOMPROPERTIES_04 256 2254 2255 2313 2310 2294 2278 2253 2252 2304 2308 2306 2248 2249 2307 2212 2213 2208 2209 2216 2
#ZOMPROPERTIES_04 217 2276 2277 2309 2302 2247 2245 2305 2292 2273 2272 2293 2279 2244 2251 2246 2250 2314 2311 2312 2
#ZOMPROPERTIES_04 323 2325 2326 2324 2297 2284 2285 2296 2316 2236 2237 2315 2295 2289 2288 2298 2290 2221 2220 2224 2
#ZOMPROPERTIES_04 228 2232 2233 2281 2218 2214 2210 2206 2283 2282 2207 2211 2215 2219 2280 2229 2331 2330 2227 2231 2
#ZOMPROPERTIES_04 226 2222 2223 2327 2225 2291 2319 2239 2238 2240 2241 2322 2320 2262 2260 2264 2265 2266 2269 2268 2
#ZOMPROPERTIES_04 267 2263 2286 2287 2261 2243 2205 3128 3132 3233 3231 3136 3140 3226 3175 3174 3172 3230 3180 3182 3
#ZOMPROPERTIES_04 193 3225 3195 3194 3167 3165 3164 3246 3241 3188 3190 3191 3247 3249 3250 3248 3221 3208 3209 3220 3
#ZOMPROPERTIES_04 240 3160 3161 3210 3219 3213 3212 3222 3214 3215 3144 3148 3152 3153 3157 3252 3159 3200 3253 3256 3
#ZOMPROPERTIES_04 143 3204 3205 3142 3156 3138 3134 3130 3131 3206 3207 3223 3257 3259 3258 3139 3137 3141 3135 3133 3
#ZOMPROPERTIES_04 129 3198 3201 3158 3242 3245 3243 3163 3239 3150 3151 3254 3255 3251 3149 3155 3147 3154 3146 3145 3
#ZOMPROPERTIES_04 162 3211 3244 3186 3184 3187 3185 3189 3236 3192 3235 3238 3181 3179 3237 3234 3218 3202 3203 3217 3
#ZOMPROPERTIES_04 228 3232 3170 3168 3169 3197 3216 3229 3199 3196 3171 3173 3176 3178 3177 3183 3227 3166 3224 3850 3
#ZOMPROPERTIES_04 938 3935 3936 3933 3934 3987 3988 3989 3940 3943 3942 3939 3941 3944 3876 3871 3947 3899 3902 3869 3
#ZOMPROPERTIES_04 874 3905 3908 3878 3880 3911 3914 3882 3870 3917 3920 3872 3873 3923 3924 3927 3930 3929 3926 3875 3
#ZOMPROPERTIES_04 877 3931 3986 3985 3984 3983 3982 3919 3916 3981 3980 3913 3910 3907 3978 3977 3904 3901 3976 3991 3
#ZOMPROPERTIES_04 990 3946 3945 3900 3903 3906 3909 3912 3915 3979 3918 3921 3922 3925 3928 3937 3932 3879 3881 3694 3
#ZOMPROPERTIES_04 782 3785 3788 3720 3715 3791 3743 3744 3747 3748 3745 3820 3821 3822 3823 3824 3757 3756 3753 3750 3
#ZOMPROPERTIES_04 749 3718 3713 3722 3752 3755 3724 3726 3714 3761 3762 3759 3765 3764 3767 3768 3771 3772 3769 3766 3
#ZOMPROPERTIES_04 827 3828 3826 3825 3760 3763 3829 3830 3831 3778 3777 3774 3773 3770 3719 3717 3716 3721 3723 3776 3
#ZOMPROPERTIES_04 725 3779 3780 3781 3775 3832 3758 3746 3751 3754 3835 3834 3787 3786 3789 3790 3784 3833 3783 1280 1
#ZOMPROPERTIES_04 296 1311 1327 1343 1342 1358 1357 1341 1340 1356 1355 1371 1387 1386 1402 1401 1385 1384 1400 1399 1
#ZOMPROPERTIES_04 415 1414 1430 1446 1445 1444 1460 1459 1475 1474 1458 1442 1443 1427 1428 1412 1413 1397 1398 1382 1
#ZOMPROPERTIES_04 383 1367 1368 1352 1353 1337 1338 1322 1323 1339 1324 1325 1309 1310 1326 1294 1295 1293 1292 1308 1
#ZOMPROPERTIES_04 291 1307 1306 1290 1289 1305 1304 1320 1336 1335 1334 1350 1349 1365 1381 1380 1379 1395 1411 1410 1
#ZOMPROPERTIES_04 426 1394 1378 1362 1363 1364 1348 1332 1333 1317 1318 1302 1303 1287 1288 1286 1285 1301 1300 1316 1
#ZOMPROPERTIES_04 315 1331 1347 1346 1330 1314 1298 1299 1283 1284 1282 1319 1396 1366 1351 1321 1354 1370 1369 1429 1
#ZOMPROPERTIES_04 490 1506 1522 1538 1554 1570 1586 1602 1618 1634 1650 1666 1667 1683 1699 1698 1714 1730 1731 1747 1
#ZOMPROPERTIES_04 763 1779 1778 1794 1810 1811 1827 1843 1859 1875 1874 1890 1906 1907 1908 1909 1910 1894 1895 1879 1
#ZOMPROPERTIES_04 880 1864 1865 1881 1897 1913 1914 1915 1916 1917 1918 1919 1904 1905 1889 1873 1872 1888 1856 1857 1
#ZOMPROPERTIES_04 841 1840 1824 1825 1809 1793 1777 1776 1792 1807 1823 1822 1838 1837 1853 1852 1868 1884 1900 1885 1
#ZOMPROPERTIES_04 901 1886 1902 1887 1871 1870 1854 1855 1839 1869 1883 1899 1882 1867 1851 1850 1834 1835 1819 1820 1
#ZOMPROPERTIES_04 836 1821 1805 1806 1790 1791 1775 1760 1761 1745 1729 1713 1697 1681 1665 1664 1680 1695 1711 1710 1
#ZOMPROPERTIES_04 694 1678 1679 1663 1648 1649 1633 1617 1601 1585 1584 1600 1615 1631 1647 1632 1646 1662 1661 1677 1
#ZOMPROPERTIES_04 676 1660 1644 1645 1629 1630 1614 1613 1597 1598 1582 1583 1599 1568 1569 1553 1537 1536 1520 1521 1
#ZOMPROPERTIES_04 505 1489 1473 1472 1488 1503 1519 1518 1534 1550 1566 1565 1581 1580 1596 1612 1611 1627 1643 1659 1
#ZOMPROPERTIES_04 658 1674 1673 1689 1705 1721 1737 1753 1769 1768 1767 1783 1799 1815 1814 1813 1797 1798 1781 1782 1
#ZOMPROPERTIES_04 766 1750 1751 1735 1736 1719 1720 1703 1704 1687 1688 1672 1656 1657 1641 1642 1625 1626 1610 1594 1
#ZOMPROPERTIES_04 595 1579 1563 1564 1548 1549 1532 1533 1517 1501 1502 1486 1487 1471 1456 1440 1441 1457 1425 1409 1
#ZOMPROPERTIES_04 393 1392 1408 1423 1439 1455 1454 1470 1469 1485 1484 1500 1499 1483 1467 1468 1452 1453 1437 1438 1
#ZOMPROPERTIES_04 422 1421 1405 1406 1390 1391 1407 1376 1360 1361 1377 1345 1329 1313 1297 1281 1312 1328 1344 1359 1
#ZOMPROPERTIES_04 375 1374 1373 1389 1388 1404 1403 1419 1435 1451 1450 1466 1465 1481 1497 1496 1512 1528 1544 1560 1
#ZOMPROPERTIES_04 559 1575 1591 1590 1606 1605 1621 1637 1636 1652 1653 1669 1685 1684 1700 1701 1717 1716 1718 1733 1
#ZOMPROPERTIES_04 732 1734 1749 1765 1764 1780 1796 1748 1702 1686 1670 1671 1655 1639 1640 1624 1608 1609 1593 1577 1
#ZOMPROPERTIES_04 578 1562 1561 1545 1546 1530 1531 1515 1516 1547 1529 1514 1513 1576 1592 1607 1623 1622 1638 1654 1
#ZOMPROPERTIES_04 668 1635 1620 1604 1588 1589 1573 1574 1558 1542 1543 1526 1527 1525 1509 1510 1494 1495 1479 1480 1
#ZOMPROPERTIES_04 464 1448 1449 1433 1434 1432 1416 1431 1447 1463 1462 1478 1477 1461 1476 1492 1491 1508 1507 1524 1
#ZOMPROPERTIES_04 523 1493 1417 1418 1511 1540 1556 1555 1572 1571 1557 1539 1541 1587 1603 1619 1498 1482 1436 1420 1
#ZOMPROPERTIES_04 372 1424 1752 1812 1829 1845 1844 1846 1862 1878 1877 1893 1876 1860 1892 1863 1847 1848 1832 1833 1
#ZOMPROPERTIES_04 817 1818 1802 1803 1804 1788 1789 1773 1774 1758 1759 1744 1743 1728 1727 1712 1726 1742 1741 1757 1
#ZOMPROPERTIES_04 756 1772 1771 1755 1739 1740 1724 1725 1708 1709 1707 1723 1722 1691 1690 1706 1692 1693 1738 1754 1
#ZOMPROPERTIES_04 770 1786 1785 1801 1800 1816 1784 1787 1849 1831 1861 1830 1828 1675 1628 1567 1551 1535 1504 1552 1
#ZOMPROPERTIES_04 616 1696 1866 1808 1903 1898 1912 1911 1896 1891 1858 1842 1826 1795 1762 1746 1715 1682 1651 0 15 1
#ZOMPROPERTIES_04 4 13 12 11 10 9 8 7 6 5 21 22 38 37 53 54 70 71 72 88 89 105 104 103 102 86 85 69 101 117 118 119 13
#ZOMPROPERTIES_04 5 151 152 153 169 170 186 185 184 168 167 166 165 181 182 198 199 215 216 217 218 234 235 236 252 26
#ZOMPROPERTIES_04 8 269 270 271 256 257 258 259 260 276 292 291 275 290 274 289 273 288 272 303 287 302 286 301 300 28
#ZOMPROPERTIES_04 4 283 282 281 280 264 248 249 265 250 266 251 267 233 232 231 230 229 213 197 245 261 262 278 277 29
#ZOMPROPERTIES_04 3 309 310 311 327 328 344 343 342 326 325 341 357 358 359 375 376 377 378 379 380 381 397 398 399 38
#ZOMPROPERTIES_04 4 400 416 431 430 414 413 412 396 411 395 410 394 409 408 407 391 390 374 373 389 405 406 422 421 43
#ZOMPROPERTIES_04 7 453 454 470 471 487 488 489 505 521 520 519 503 502 486 485 501 517 533 534 550 549 565 581 597 61
#ZOMPROPERTIES_04 3 629 630 631 632 633 634 635 636 637 638 639 624 625 626 627 628 612 596 580 579 578 577 561 560 57
#ZOMPROPERTIES_04 5 559 558 557 556 555 554 553 552 536 535 551 568 569 585 586 587 588 589 590 591 607 623 592 593 59
#ZOMPROPERTIES_04 4 610 609 576 608 574 606 622 573 605 621 572 604 620 571 603 619 570 602 601 600 584 583 582 599 59
#ZOMPROPERTIES_04 8 615 567 616 617 618 537 538 539 523 524 540 525 526 527 543 528 544 545 546 562 547 563 564 548 53
#ZOMPROPERTIES_04 2 531 530 514 513 497 498 499 515 516 500 484 483 482 466 465 449 448 432 463 447 446 445 444 428 44
#ZOMPROPERTIES_04 3 427 442 441 425 440 424 423 439 455 456 472 473 474 490 491 492 508 493 509 494 510 511 496 512 49
#ZOMPROPERTIES_04 5 480 464 479 478 477 461 462 476 460 475 459 507 506 458 457 426 429 450 451 467 468 452 436 420 41
#ZOMPROPERTIES_04 9 418 402 401 385 386 387 403 404 388 372 356 355 339 338 322 323 324 340 308 307 306 321 320 335 31
#ZOMPROPERTIES_04 9 334 333 332 316 315 299 314 298 313 312 296 295 329 330 346 347 363 348 349 365 366 367 352 368 35
#ZOMPROPERTIES_04 3 354 370 371 337 369 336 351 383 350 382 364 331 345 362 297 317 318 304 305 417 434 435 433 481 52
#ZOMPROPERTIES_04 9 542 541 522 595 611 614 566 518 469 504 438 392 393 415 361 360 294 279 263 246 247 214 285 244 22
#ZOMPROPERTIES_04 8 212 211 195 194 178 179 180 164 163 147 148 132 116 115 114 98 82 83 99 100 84 68 52 36 35 19 20 4
#ZOMPROPERTIES_04  3 2 1 18 17 33 34 50 49 48 32 47 46 45 44 43 42 41 25 40 24 39 23 56 55 57 73 74 90 91 107 108 124 
#ZOMPROPERTIES_04 123 122 138 137 121 136 120 154 155 156 157 158 159 144 145 146 162 129 130 113 112 96 111 95 94 78 
#ZOMPROPERTIES_04 79 64 80 81 65 63 62 77 61 76 60 75 59 92 93 109 125 126 142 127 143 110 97 128 161 160 176 177 193 
#ZOMPROPERTIES_04 192 207 206 190 189 173 188 187 171 204 203 219 220 221 237 238 254 239 255 224 240 225 226 242 227 
#ZOMPROPERTIES_04 210 209 241 208 223 222 253 205 172 174 191 175 141 140 139 106 58 26 27 28 29 30 31 16 66 67 51 131
#ZOMPROPERTIES_04  196 243 202 201 200 183 149 133 134 150 87 4006 4094 4091 4088 4089 4086 4083 4084 4087 4226 4227 4
#ZOMPROPERTIES_04 090 4093 4092 4096 4095 4098 4099 4102 4231 4230 4101 4100 4097 4032 4027 4229 4228 4225 4224 4081 4
#ZOMPROPERTIES_04 080 4077 4074 4075 4072 4069 4068 4065 4066 4219 4220 4218 4063 4060 4217 4216 4057 4056 4055 4103 4
#ZOMPROPERTIES_04 025 4058 4061 4030 4034 4064 4067 4036 4038 4070 4073 4026 4028 4076 4029 4079 4031 4082 4033 4062 4
#ZOMPROPERTIES_04 059 4071 4221 4222 4223 4078 4085 4035 4037 640 641 657 673 674 690 689 688 703 687 671 670 654 655 
#ZOMPROPERTIES_04 653 652 651 650 649 648 647 646 645 644 643 659 660 676 677 693 694 695 711 712 713 729 730 746 745 
#ZOMPROPERTIES_04 744 743 727 726 725 724 708 707 691 692 675 723 739 740 756 755 771 772 788 789 790 791 807 808 809 
#ZOMPROPERTIES_04 810 811 812 828 829 845 846 847 863 848 849 865 866 882 881 880 895 894 893 892 891 875 859 858 857 
#ZOMPROPERTIES_04 841 840 824 823 822 806 821 820 819 803 787 835 851 852 853 854 855 871 887 886 870 885 869 884 883 
#ZOMPROPERTIES_04 867 899 915 916 932 931 947 948 964 965 966 967 983 999 1000 1016 1017 1018 1019 1020 1036 1037 1038
#ZOMPROPERTIES_04  1039 1024 1040 1041 1042 1058 1074 1073 1072 1087 1086 1070 1069 1053 1052 1051 1050 1049 1033 1032
#ZOMPROPERTIES_04  1031 1015 1014 998 982 997 996 980 979 963 995 1011 1012 1028 1029 1045 1046 1047 1063 1079 1080 10
#ZOMPROPERTIES_04 96 1097 1113 1114 1115 1116 1132 1133 1134 1135 1151 1136 1137 1153 1169 1168 1152 1167 1166 1150 11
#ZOMPROPERTIES_04 65 1149 1148 1147 1131 1146 1130 1129 1128 1112 1111 1095 1094 1078 1077 1061 1062 1060 1044 1043 10
#ZOMPROPERTIES_04 27 1059 1075 1091 1107 1123 1139 1155 1156 1172 1173 1189 1188 1187 1203 1204 1220 1221 1237 1238 12
#ZOMPROPERTIES_04 54 1255 1271 1272 1273 1274 1275 1276 1277 1278 1279 1264 1265 1266 1250 1234 1233 1232 1216 1231 12
#ZOMPROPERTIES_04 15 1214 1198 1199 1184 1185 1201 1202 1186 1218 1217 1200 1183 1182 1181 1180 1164 1179 1163 1162 11
#ZOMPROPERTIES_04 61 1160 1144 1143 1127 1126 1125 1124 1141 1140 1157 1158 1159 1175 1176 1177 1193 1194 1195 1211 12
#ZOMPROPERTIES_04 27 1226 1210 1209 1208 1207 1191 1190 1174 1206 1222 1223 1239 1240 1241 1242 1258 1243 1259 1225 12
#ZOMPROPERTIES_04 57 1224 1256 1192 1244 1245 1246 1262 1247 1263 1230 1229 1213 1197 1212 1196 1228 1261 1260 1178 11
#ZOMPROPERTIES_04 42 1109 1093 1092 1108 1110 1145 1248 1249 1270 1269 1253 1252 1251 1267 1268 1235 1219 1236 1205 11
#ZOMPROPERTIES_04 71 1076 1170 1154 1138 1122 1106 1105 1104 1088 1119 1118 1102 1101 1100 1099 1083 1067 1082 1081 10
#ZOMPROPERTIES_04 65 1064 1048 1098 1066 1084 1068 1117 1085 1103 1120 1121 1089 1090 1030 1013 981 1034 1035 1054 107
#ZOMPROPERTIES_04 1 1055 1056 1057 1026 1025 1009 1008 992 993 994 978 962 961 945 946 930 929 913 914 898 897 912 927
#ZOMPROPERTIES_04  926 910 925 924 923 922 906 905 889 890 874 873 872 856 888 904 920 919 918 902 917 933 934 950 951
#ZOMPROPERTIES_04  952 953 954 970 971 987 986 985 969 984 968 1001 1002 1003 1004 1005 1006 1022 1007 1023 990 989 97
#ZOMPROPERTIES_04 3 974 975 960 976 944 959 943 958 942 991 957 941 956 955 939 938 937 940 972 988 1021 936 935 901 9
#ZOMPROPERTIES_04 03 921 907 908 909 928 911 896 977 1010 949 900 868 839 838 837 836 804 805 825 842 843 844 860 861 
#ZOMPROPERTIES_04 877 862 878 876 827 826 879 864 850 834 818 817 801 802 786 785 769 770 754 753 737 738 722 706 721 
#ZOMPROPERTIES_04 705 720 704 719 718 717 701 700 684 683 667 682 681 665 680 664 679 663 678 662 696 697 698 714 715 
#ZOMPROPERTIES_04 731 747 748 764 765 781 780 779 778 777 761 776 760 759 758 742 757 741 774 775 792 793 794 762 795 
#ZOMPROPERTIES_04 796 763 797 813 814 815 831 816 832 833 800 799 798 784 768 783 767 766 782 750 751 736 752 735 734 
#ZOMPROPERTIES_04 733 732 716 749 830 699 666 685 686 702 669 668 773 709 710 728 661 656 672 658 642 1920 1937 1962 1
#ZOMPROPERTIES_04 945 1924 1943 1926 1942 1964 1939 1922 1936 1940 1960 1961 1965 1946 1928 1949 1967 1951 1930 1952 1
#ZOMPROPERTIES_04 970 1954 1934 1955 1971 1957 1932 1958 1968 1966 1948 1980 2001 2019 2003 1982 2004 2018 2007 1986 2
#ZOMPROPERTIES_04 006 2022 2023 2009 1984 2020 2010 2000 1972 1989 2014 1997 1976 1995 2017 1994 2016 1991 1974 1988 2
#ZOMPROPERTIES_04 012 1992 2013 1978 1998 2024 2033 2045 2034 2047 2043 2029 2041 2028 2039 2049 2044 2042 2046 2040 2
#ZOMPROPERTIES_04 032 2025 3664 3665 3666 3667 3679 3678 3677 3676 3675 3674 3673 3672 3671 3670 3669 3668 } } } BBoxU
#ZOMPROPERTIES_04 V box3d 0 0 0 0 0 0 BBox3D box3d 0 0 0 0 0 0 Area3D double 0 AreaUV double 0 IsRoot bool true Proper
#ZOMPROPERTIES_04 ties table {Selected bool false Box box3d 0 1 0 1 0 1 U int 0 V int 0 NU int 1 NV int 1 Tiling vecto
#ZOMPROPERTIES_04 r3d 1 1 1 TileRatioMode string "1:1" Overflow string "Off" Pack table {Rotate table {Mode int 0 Min 
#ZOMPROPERTIES_04 double 0 Max double 90 Step double 0 } PaddingSize double 0.0078125 MarginSize double 0.00390625 Res
#ZOMPROPERTIES_04 olution int 256 MapResolution int 2048 Scaling table {TexelDensity double 1024 Mode int 2 } LayoutSc
#ZOMPROPERTIES_04 alingMode int 2 MaxMutations int 1 } } IsTile bool false PolyIDs ints { } } Maps table {Density tabl
#ZOMPROPERTIES_04 e {PrimType string "Polygon" Size int 1 DefaultValue double 1 ScaleType string "Log" MergeMode strin
#ZOMPROPERTIES_04 g "Average" MinValue double 0.1 MaxValue double 4 Data doubles { r 4232 1 } } Pin table {PrimType st
#ZOMPROPERTIES_04 ring "Vertex" Size int 1 DefaultValue double 0 ScaleType string "Normalized" MergeMode string "Max" 
#ZOMPROPERTIES_04 MinValue double 0 MaxValue double 1 Data doubles { r 4862 0 } } Protect table {PrimType string "Vert
#ZOMPROPERTIES_04 ex" Size int 1 DefaultValue double 0 ScaleType string "Normalized" MergeMode string "Average" MinVal
#ZOMPROPERTIES_04 ue double -1 MaxValue double 1 Data doubles { r 4862 0 } } } } }
#ZOMPROPERTIES_04}


#ZOMSCENE_01{
#ZOMSCENE_01 CScene {Settings table {AxisSystem table {UpVector string "y" } Unit string "cm" TexelDensityDisplay
#ZOMSCENE_01 Unit string "tx/cm" } }
#ZOMSCENE_01}

#begin 0 fatal error vertex (that RizomUV cannot handle)
#end 0 fatal error vertex (that RizomUV cannot handle)

#begin 0 error vertex
#end 0 error vertex
