#File written by RizomUV 2022.1.57.gfabcfb8. Compilation :Sep 28 2022,23:52:22
mtllib 22  Array_wUV.mtl
#begin vertices
v -55.57376 0.08383 68.19747
v -55.57376 5.069362 68.19747
v -55.57376 0.08383 67.93116
v -55.57376 5.069362 67.93116
v -55.30745 0.08383 68.19747
v -55.30745 5.069362 68.19747
v -55.30745 0.08383 67.93116
v -55.30745 5.069362 67.93116
v -47.74414 0.08383 68.19747
v -47.74414 5.069362 68.19747
v -47.74414 0.08383 67.93116
v -47.74414 5.069362 67.93116
v -47.47783 0.08383 68.19747
v -47.47783 5.069362 68.19747
v -47.47783 0.08383 67.93116
v -47.47783 5.069362 67.93116
v -70.66869 8.84427 64.99467
v -70.66869 5.785395 64.99467
v -70.66869 5.785395 67.78342
v -70.66869 5.785395 68.57112
v -70.66869 5.227892 68.57112
v -70.66869 -0.0747 68.57112
v -66.02045 5.227892 64.99467
v -41.34984 5.785395 67.78342
v -41.34984 5.227892 68.57112
v -41.34984 5.785395 68.57112
v -41.34984 5.227893 76.66346
v -41.34984 -0.0747 68.57112
v -41.34984 -0.074703 76.66346
v -41.34984 5.785396 76.66346
v -41.34984 8.844271 76.66346
v -41.34984 8.84427 68.57112
v -41.34984 8.84427 67.78342
v -61.09045 8.84427 64.49493
v -41.34984 8.84427 64.99467
v -41.34984 5.785395 64.99467
v -61.09045 5.785395 64.49493
v -61.09045 5.227892 64.99467
v -66.02045 5.785395 64.49493
v -66.02045 8.84427 64.49493
v -41.98267 -0.0747 67.78342
v -41.97904 5.785395 64.49493
v -41.97904 5.227892 64.99467
v -41.97904 8.84427 64.49493
v -70.66869 0.299365 68.57112
v -41.34984 0.299365 68.57112
v -41.34984 0.299362 76.66346
v -41.98254 0.299365 67.78342
v -70.66869 4.860923 68.57112
v -41.34984 4.860923 68.57112
v -41.34984 4.860923 76.66346
v -41.98098 4.860923 67.78342
v -60.70826 5.227892 64.99467
v -60.70826 8.84427 64.49493
v -60.70826 5.785395 64.49493
v -60.70826 -0.0747 67.78342
v -42.47165 5.785395 64.49493
v -42.47518 -0.0747 67.78342
v -42.47165 5.227892 64.99467
v -42.47165 8.84427 64.49493
v -70.64969 8.84427 64.49493
v -70.66869 8.84427 64.51393
v -70.66869 5.785395 64.51393
v -70.64969 5.785395 64.49493
v -70.66869 5.246892 64.99467
v -70.64969 5.227892 64.99467
v -70.66869 5.246892 67.80241
v -70.64969 5.227892 67.76441
v -70.64969 5.208892 67.78342
v -70.66869 -0.0747 67.80241
v -70.64969 -0.0747 67.78342
v -66.03945 5.208892 67.78342
v -66.00145 5.227892 67.76441
v -66.02045 5.208892 67.80241
v -66.03945 -0.0747 67.78342
v -66.02045 -0.0747 67.80241
v -61.09045 5.208892 67.80241
v -61.10945 5.227892 67.76441
v -61.07145 5.208892 67.78342
v -66.02045 5.208892 71.30035
v -66.00145 5.227892 71.30035
v -66.00145 5.208892 71.31935
v -61.10945 5.208892 71.31935
v -61.10945 5.227892 71.30035
v -61.09045 5.208892 71.30035
v -66.02045 -0.0747 71.30035
v -66.00145 -0.0747 71.31935
v -61.10945 -0.0747 71.31935
v -61.09045 -0.0747 71.30035
v -61.09045 -0.0747 67.80241
v -61.07145 -0.0747 67.78342
v -41.36884 -0.0747 67.78342
v -41.34984 -0.0747 67.80241
v -41.36884 5.227892 67.76441
v -41.34984 5.246892 67.80241
v -41.36884 5.208892 67.78342
v -41.36884 5.227892 64.99467
v -41.34984 5.246892 64.99467
v -41.34984 8.84427 64.51393
v -41.36884 8.84427 64.49493
v -41.36884 5.785395 64.49493
v -41.34984 5.785395 64.51393
v -41.34984 5.246892 64.51393
v -41.36884 5.227892 64.51393
v -41.36884 5.246892 64.49493
v -61.09045 5.246892 64.49493
v -61.09045 5.227892 64.51393
v -66.02045 5.227892 64.51393
v -66.02045 5.246892 64.49493
v -70.64969 5.227892 64.51393
v -70.66869 5.246892 64.51393
v -70.64969 5.246892 64.49493
v -41.98084 5.227892 67.76441
v -41.98086 5.208892 67.78342
v -41.97904 5.227892 64.51393
v -41.97904 5.246892 64.49493
v -70.66869 0.299365 67.80241
v -70.64969 0.299365 67.78342
v -66.03945 0.299365 67.78342
v -66.02045 0.299365 67.80241
v -66.02045 0.299365 71.30035
v -66.00145 0.299365 71.31935
v -61.10945 0.299365 71.31935
v -61.09045 0.299365 71.30035
v -61.09045 0.299365 67.80241
v -61.07145 0.299365 67.78342
v -41.36884 0.299365 67.78342
v -41.34984 0.299365 67.80241
v -70.64969 4.860923 67.78342
v -70.66869 4.860923 67.80241
v -66.02045 4.860923 67.80241
v -66.03945 4.860923 67.78342
v -66.00145 4.860923 71.31935
v -66.02045 4.860923 71.30035
v -61.10945 4.860923 71.31935
v -61.09045 4.860923 71.30035
v -61.09045 4.860923 67.80241
v -61.07145 4.860923 67.78342
v -41.36884 4.860923 67.78342
v -41.34984 4.860923 67.80241
v -60.70826 5.246892 64.49493
v -60.70826 5.227892 64.51393
v -60.70826 5.227892 67.76441
v -60.70826 5.208892 67.78342
v -60.70826 0.318365 67.80241
v -60.68926 0.299365 67.80241
v -60.72726 0.280365 67.78342
v -60.70826 4.841923 67.80241
v -60.72726 4.879923 67.78342
v -60.68926 4.860923 67.80241
v -42.47165 5.227892 64.51393
v -42.47165 5.246892 64.49493
v -42.47342 5.208892 67.78342
v -42.4734 5.227892 67.76441
v -42.49406 0.299365 67.80241
v -42.47505 0.318365 67.80241
v -42.45606 0.280365 67.78342
v -42.49254 4.860923 67.80241
v -42.45453 4.879923 67.78342
v -42.47355 4.841923 67.80241
v -60.70826 4.841923 68.05082
v -60.68926 4.860923 68.05082
v -60.68926 4.841923 68.06982
v -60.70826 0.318365 68.05082
v -60.68926 0.318365 68.06982
v -60.68926 0.299365 68.05082
v -42.49406 0.299365 68.05082
v -42.49405 0.318365 68.06982
v -42.47505 0.318365 68.05082
v -42.49254 4.860923 68.05082
v -42.47355 4.841923 68.05082
v -42.49255 4.841923 68.06982
v -70.52916 8.737534 68.74925
v -66.7024 9.310263 64.88272
v -70.12911 8.737534 64.6952
v -71.24099 9.310263 68.74925
v -67.02798 9.152153 64.88272
v -70.79699 9.152153 68.74925
v -66.97735 10.43242 64.794
v -70.84761 10.43242 68.74925
v -41.69564 8.623869 76.51993
v -70.32289 8.623868 67.84936
v -41.69564 8.623868 67.84936
v -41.69564 8.623868 68.61848
v -70.32289 8.623868 68.61848
v -70.32289 8.623868 65.1264
v -41.69564 8.623868 65.1264
v -41.69564 13.27683 64.63844
v -41.69564 13.27683 68.61848
v -70.32289 13.27683 65.1264
v -70.32289 13.27683 64.63844
v -70.32289 13.27683 68.61848
v -70.32289 13.27683 67.84936
v -41.69564 13.27683 65.1264
v -41.69564 13.27683 67.84936
v -54.97391 9.310263 64.88272
v -55.29949 9.152153 64.88272
v -55.18129 10.43242 64.794
v -51.47226 9.310263 64.88272
v -44.40574 10.43242 64.794
v -44.5104 9.152153 64.88272
v -44.22214 9.310263 64.88272
v -63.1628 9.310263 64.88272
v -62.83722 9.152153 64.88272
v -62.95542 10.43242 64.794
v -51.18401 9.152153 64.88272
v -51.28866 10.43242 64.794
v -71.23267 8.737534 63.00314
v -71.24099 8.748534 63.00139
v -71.22999 8.748534 62.99039
v -66.7024 8.748534 63.00139
v -66.7134 8.737534 63.00307
v -66.7134 8.748534 62.99039
v -71.22999 9.310263 62.99039
v -71.24099 9.310263 63.00139
v -66.7024 9.310263 63.00139
v -66.7134 9.310263 62.99039
v -66.7134 8.737534 64.88212
v -66.7024 8.748534 64.88272
v -71.24099 8.748534 68.74925
v -71.23257 8.737534 68.74925
v -70.79699 9.152153 63.36088
v -70.78599 9.152153 63.34988
v -67.03898 9.152153 63.34988
v -67.02798 9.152153 63.36088
v -70.79699 10.34131 63.36088
v -70.80282 10.3523 63.33493
v -70.78599 10.34131 63.34988
v -67.02215 10.3523 63.33493
v -67.02798 10.34131 63.36088
v -67.03898 10.34131 63.34988
v -67.02798 10.34131 64.88272
v -67.02195 10.3523 64.87215
v -70.80302 10.3523 68.74925
v -70.79699 10.34131 68.74925
v -70.83661 10.36331 63.21998
v -70.84178 10.3523 63.23494
v -70.84761 10.36331 63.23098
v -66.98835 10.36331 63.21998
v -66.97735 10.36331 63.23098
v -66.98318 10.3523 63.23494
v -66.98338 10.3523 64.80456
v -66.97735 10.36331 64.794
v -70.84761 10.36331 68.74925
v -70.84158 10.3523 68.74925
v -70.83661 10.43242 63.21998
v -70.84761 10.43242 63.23098
v -66.97735 10.43242 63.23098
v -66.98835 10.43242 63.21998
v -70.32289 8.623868 64.64945
v -70.31189 8.623868 64.63844
v -41.70664 8.623868 64.63844
v -41.69564 8.623868 64.64945
v -41.68464 12.27745 76.50893
v -41.69564 12.27745 76.51993
v -41.70664 12.26644 64.63844
v -41.68464 12.27745 64.62745
v -41.69564 12.26644 64.64945
v -41.69564 12.26644 68.61848
v -41.68464 12.27745 68.61848
v -70.32289 12.26644 65.1264
v -70.33389 12.27745 65.1264
v -70.32289 12.26644 64.64945
v -70.33389 12.27745 64.62745
v -70.31189 12.26644 64.63844
v -70.33389 12.27745 68.61848
v -70.32289 12.26644 68.61848
v -70.33389 12.27745 67.84936
v -70.32289 12.26644 67.84936
v -41.69564 12.26644 65.1264
v -41.68464 12.27745 65.1264
v -41.68464 12.27745 67.84936
v -41.69564 12.26644 67.84936
v -41.69564 13.26582 76.51993
v -41.69564 13.27683 76.50893
v -41.30687 12.28844 64.23868
v -41.29587 12.28844 64.24968
v -41.30687 12.27745 64.24968
v -41.30687 12.27745 68.61848
v -41.29587 12.28844 68.61848
v -41.30687 12.27745 76.50893
v -41.29587 12.28844 76.50893
v -41.30687 12.28844 76.51993
v -70.71166 12.27745 65.1264
v -70.72266 12.28844 65.1264
v -70.72266 12.28844 64.24968
v -70.71166 12.28844 64.23868
v -70.71166 12.27745 64.24968
v -70.72266 12.28844 68.61848
v -70.71166 12.27745 68.61848
v -70.72266 12.28844 67.84936
v -70.71166 12.27745 67.84936
v -41.30687 12.27745 65.1264
v -41.29587 12.28844 65.1264
v -41.29587 12.28844 67.84936
v -41.30687 12.27745 67.84936
v -41.29587 13.26582 65.1264
v -41.30687 13.27683 65.1264
v -70.71166 13.27683 68.61848
v -70.72266 13.26582 68.61848
v -41.29587 13.26582 68.61848
v -41.30687 13.27683 68.61848
v -41.30687 13.27683 67.84936
v -41.29587 13.26582 67.84936
v -70.71166 13.27683 67.84936
v -70.72266 13.26582 67.84936
v -41.29587 13.26582 64.24968
v -41.30687 13.26582 64.23868
v -41.30687 13.27683 64.24968
v -41.30687 13.26582 76.51993
v -41.29587 13.26582 76.50893
v -41.30687 13.27683 76.50893
v -70.71166 13.26582 64.23868
v -70.72266 13.26582 64.24968
v -70.71166 13.27683 64.24968
v -70.72266 13.26582 65.1264
v -70.71166 13.27683 65.1264
v -54.98491 8.737534 63.00139
v -54.98491 8.748534 62.99039
v -54.97391 8.748534 63.00139
v -54.97391 9.310263 63.00139
v -54.98491 9.310263 62.99039
v -54.98491 8.737534 64.88272
v -54.97391 8.748534 64.88272
v -55.31049 9.152153 63.34988
v -55.29949 9.152153 63.36088
v -55.31049 10.34131 63.34988
v -55.28887 10.3523 63.33821
v -55.29949 10.34131 63.36088
v -55.29949 10.34131 64.88272
v -55.28885 10.3523 64.87473
v -55.19228 10.36331 63.21998
v -55.18129 10.36331 63.23098
v -55.19191 10.3523 63.23166
v -55.19192 10.3523 64.80199
v -55.18129 10.36331 64.794
v -55.18129 10.43242 63.23098
v -55.19228 10.43242 63.21998
v -51.1941 10.3523 64.87416
v -51.18401 10.34131 64.88272
v -51.19407 10.3523 63.3374
v -51.17301 10.34131 63.34988
v -51.18401 10.34131 63.36088
v -51.18401 9.152153 63.36088
v -51.17301 9.152153 63.34988
v -51.47226 8.748534 64.88272
v -51.46126 8.737534 64.88272
v -51.46126 9.310263 62.99039
v -51.47226 9.310263 63.00139
v -51.46126 8.748534 62.99039
v -51.46126 8.737534 63.00139
v -51.47226 8.748534 63.00139
v -44.40574 10.43242 63.23098
v -44.41674 10.43242 63.21998
v -44.41584 10.3523 64.80256
v -44.40574 10.36331 64.794
v -44.41674 10.36331 63.21998
v -44.40574 10.36331 63.23098
v -44.4158 10.3523 63.23247
v -44.5104 10.34131 64.88272
v -44.5003 10.3523 64.87416
v -44.5104 10.34131 63.36088
v -44.52139 10.34131 63.34988
v -44.50034 10.3523 63.3374
v -44.52139 9.152153 63.34988
v -44.5104 9.152153 63.36088
v -44.23314 8.737534 64.88272
v -44.22214 8.748534 64.88272
v -44.22214 9.310263 63.00139
v -44.23314 9.310263 62.99039
v -44.23314 8.748534 62.99039
v -44.22214 8.748534 63.00139
v -44.23314 8.737534 63.00139
v -63.15179 8.737534 63.00139
v -63.1628 8.748534 63.00139
v -63.15179 8.748534 62.99039
v -63.15179 9.310263 62.99039
v -63.1628 9.310263 63.00139
v -63.1628 8.748534 64.88272
v -63.15179 8.737534 64.88272
v -62.83722 9.152153 63.36088
v -62.82622 9.152153 63.34988
v -62.82622 10.34131 63.34988
v -62.83722 10.34131 63.36088
v -62.84784 10.3523 63.33821
v -62.84786 10.3523 64.87473
v -62.83722 10.34131 64.88272
v -62.94442 10.36331 63.21998
v -62.9448 10.3523 63.23166
v -62.95542 10.36331 63.23098
v -62.95542 10.36331 64.794
v -62.94479 10.3523 64.80199
v -62.94442 10.43242 63.21998
v -62.95542 10.43242 63.23098
v -51.28866 10.36331 63.23098
v -51.27766 10.36331 63.21998
v -51.2786 10.3523 63.23247
v -51.28866 10.36331 64.794
v -51.27856 10.3523 64.80256
v -51.27766 10.43242 63.21998
v -51.28866 10.43242 63.23098
v -70.52916 13.39049 68.74925
v -66.7024 13.96322 64.88272
v -70.12911 13.39049 64.6952
v -71.24099 13.96322 68.74925
v -67.02798 13.80511 64.88272
v -70.79699 13.80511 68.74925
v -66.97735 15.08537 64.794
v -70.84761 15.08537 68.74925
v -41.69564 13.27683 76.51993
v -70.32289 13.27683 67.84936
v -41.69564 13.27683 67.84936
v -41.69564 13.27683 68.61848
v -70.32289 13.27683 68.61848
v -70.32289 13.27683 65.1264
v -41.69564 13.27683 65.1264
v -41.69564 17.92978 64.63844
v -41.69564 17.92978 68.61848
v -70.32289 17.92978 65.1264
v -70.32289 17.92978 64.63844
v -70.32289 17.92978 68.61848
v -70.32289 17.92978 67.84936
v -41.69564 17.92978 65.1264
v -41.69564 17.92978 67.84936
v -54.97391 13.96322 64.88272
v -55.29949 13.80511 64.88272
v -55.18129 15.08537 64.794
v -51.47226 13.96322 64.88272
v -44.40574 15.08537 64.794
v -44.5104 13.80511 64.88272
v -44.22214 13.96322 64.88272
v -63.1628 13.96322 64.88272
v -62.83722 13.80511 64.88272
v -62.95542 15.08537 64.794
v -51.18401 13.80511 64.88272
v -51.28866 15.08537 64.794
v -71.23267 13.39049 63.00314
v -71.24099 13.40149 63.00139
v -71.22999 13.40149 62.99039
v -66.7024 13.40149 63.00139
v -66.7134 13.39049 63.00307
v -66.7134 13.40149 62.99039
v -71.22999 13.96322 62.99039
v -71.24099 13.96322 63.00139
v -66.7024 13.96322 63.00139
v -66.7134 13.96322 62.99039
v -66.7134 13.39049 64.88212
v -66.7024 13.40149 64.88272
v -71.24099 13.40149 68.74925
v -71.23257 13.39049 68.74925
v -70.79699 13.80511 63.36088
v -70.78599 13.80511 63.34988
v -67.03898 13.80511 63.34988
v -67.02798 13.80511 63.36088
v -70.79699 14.99426 63.36088
v -70.80282 15.00526 63.33493
v -70.78599 14.99426 63.34988
v -67.02215 15.00526 63.33493
v -67.02798 14.99426 63.36088
v -67.03898 14.99426 63.34988
v -67.02798 14.99426 64.88272
v -67.02195 15.00526 64.87215
v -70.80302 15.00526 68.74925
v -70.79699 14.99426 68.74925
v -70.83661 15.01626 63.21998
v -70.84178 15.00526 63.23494
v -70.84761 15.01626 63.23098
v -66.98835 15.01626 63.21998
v -66.97735 15.01626 63.23098
v -66.98318 15.00526 63.23494
v -66.98338 15.00526 64.80456
v -66.97735 15.01626 64.794
v -70.84761 15.01626 68.74925
v -70.84158 15.00526 68.74925
v -70.83661 15.08537 63.21998
v -70.84761 15.08537 63.23098
v -66.97735 15.08537 63.23098
v -66.98835 15.08537 63.21998
v -70.32289 13.27683 64.64945
v -70.31189 13.27683 64.63844
v -41.70664 13.27683 64.63844
v -41.69564 13.27683 64.64945
v -41.68464 16.9304 76.50893
v -41.69564 16.9304 76.51993
v -41.70664 16.9194 64.63844
v -41.68464 16.9304 64.62745
v -41.69564 16.9194 64.64945
v -41.69564 16.9194 68.61848
v -41.68464 16.9304 68.61848
v -70.32289 16.9194 65.1264
v -70.33389 16.9304 65.1264
v -70.32289 16.9194 64.64945
v -70.33389 16.9304 64.62745
v -70.31189 16.9194 64.63844
v -70.33389 16.9304 68.61848
v -70.32289 16.9194 68.61848
v -70.33389 16.9304 67.84936
v -70.32289 16.9194 67.84936
v -41.69564 16.9194 65.1264
v -41.68464 16.9304 65.1264
v -41.68464 16.9304 67.84936
v -41.69564 16.9194 67.84936
v -41.69564 17.91878 76.51993
v -41.69564 17.92978 76.50893
v -41.30687 16.9414 64.23868
v -41.29587 16.9414 64.24968
v -41.30687 16.9304 64.24968
v -41.30687 16.9304 68.61848
v -41.29587 16.9414 68.61848
v -41.30687 16.9304 76.50893
v -41.29587 16.9414 76.50893
v -41.30687 16.9414 76.51993
v -70.71166 16.9304 65.1264
v -70.72266 16.9414 65.1264
v -70.72266 16.9414 64.24968
v -70.71166 16.9414 64.23868
v -70.71166 16.9304 64.24968
v -70.72266 16.9414 68.61848
v -70.71166 16.9304 68.61848
v -70.72266 16.9414 67.84936
v -70.71166 16.9304 67.84936
v -41.30687 16.9304 65.1264
v -41.29587 16.9414 65.1264
v -41.29587 16.9414 67.84936
v -41.30687 16.9304 67.84936
v -41.29587 17.91878 65.1264
v -41.30687 17.92978 65.1264
v -70.71166 17.92978 68.61848
v -70.72266 17.91878 68.61848
v -41.29587 17.91878 68.61848
v -41.30687 17.92978 68.61848
v -41.30687 17.92978 67.84936
v -41.29587 17.91878 67.84936
v -70.71166 17.92978 67.84936
v -70.72266 17.91878 67.84936
v -41.29587 17.91878 64.24968
v -41.30687 17.91878 64.23868
v -41.30687 17.92978 64.24968
v -41.30687 17.91878 76.51993
v -41.29587 17.91878 76.50893
v -41.30687 17.92978 76.50893
v -70.71166 17.91878 64.23868
v -70.72266 17.91878 64.24968
v -70.71166 17.92978 64.24968
v -70.72266 17.91878 65.1264
v -70.71166 17.92978 65.1264
v -54.98491 13.39049 63.00139
v -54.98491 13.40149 62.99039
v -54.97391 13.40149 63.00139
v -54.97391 13.96322 63.00139
v -54.98491 13.96322 62.99039
v -54.98491 13.39049 64.88272
v -54.97391 13.40149 64.88272
v -55.31049 13.80511 63.34988
v -55.29949 13.80511 63.36088
v -55.31049 14.99426 63.34988
v -55.28887 15.00526 63.33821
v -55.29949 14.99426 63.36088
v -55.29949 14.99426 64.88272
v -55.28885 15.00526 64.87473
v -55.19228 15.01626 63.21998
v -55.18129 15.01626 63.23098
v -55.19191 15.00526 63.23166
v -55.19192 15.00526 64.80199
v -55.18129 15.01626 64.794
v -55.18129 15.08537 63.23098
v -55.19228 15.08537 63.21998
v -51.1941 15.00526 64.87416
v -51.18401 14.99426 64.88272
v -51.19407 15.00526 63.3374
v -51.17301 14.99426 63.34988
v -51.18401 14.99426 63.36088
v -51.18401 13.80511 63.36088
v -51.17301 13.80511 63.34988
v -51.47226 13.40149 64.88272
v -51.46126 13.39049 64.88272
v -51.46126 13.96322 62.99039
v -51.47226 13.96322 63.00139
v -51.46126 13.40149 62.99039
v -51.46126 13.39049 63.00139
v -51.47226 13.40149 63.00139
v -44.40574 15.08537 63.23098
v -44.41674 15.08537 63.21998
v -44.41584 15.00526 64.80256
v -44.40574 15.01626 64.794
v -44.41674 15.01626 63.21998
v -44.40574 15.01626 63.23098
v -44.4158 15.00526 63.23247
v -44.5104 14.99426 64.88272
v -44.5003 15.00526 64.87416
v -44.5104 14.99426 63.36088
v -44.52139 14.99426 63.34988
v -44.50034 15.00526 63.3374
v -44.52139 13.80511 63.34988
v -44.5104 13.80511 63.36088
v -44.23314 13.39049 64.88272
v -44.22214 13.40149 64.88272
v -44.22214 13.96322 63.00139
v -44.23314 13.96322 62.99039
v -44.23314 13.40149 62.99039
v -44.22214 13.40149 63.00139
v -44.23314 13.39049 63.00139
v -63.15179 13.39049 63.00139
v -63.1628 13.40149 63.00139
v -63.15179 13.40149 62.99039
v -63.15179 13.96322 62.99039
v -63.1628 13.96322 63.00139
v -63.1628 13.40149 64.88272
v -63.15179 13.39049 64.88272
v -62.83722 13.80511 63.36088
v -62.82622 13.80511 63.34988
v -62.82622 14.99426 63.34988
v -62.83722 14.99426 63.36088
v -62.84784 15.00526 63.33821
v -62.84786 15.00526 64.87473
v -62.83722 14.99426 64.88272
v -62.94442 15.01626 63.21998
v -62.9448 15.00526 63.23166
v -62.95542 15.01626 63.23098
v -62.95542 15.01626 64.794
v -62.94479 15.00526 64.80199
v -62.94442 15.08537 63.21998
v -62.95542 15.08537 63.23098
v -51.28866 15.01626 63.23098
v -51.27766 15.01626 63.21998
v -51.2786 15.00526 63.23247
v -51.28866 15.01626 64.794
v -51.27856 15.00526 64.80256
v -51.27766 15.08537 63.21998
v -51.28866 15.08537 63.23098
v -70.52916 18.04345 68.74925
v -66.7024 18.61618 64.88272
v -70.12911 18.04345 64.6952
v -71.24099 18.61618 68.74925
v -67.02798 18.45807 64.88272
v -70.79699 18.45807 68.74925
v -66.97735 19.73833 64.794
v -70.84761 19.73833 68.74925
v -41.69564 17.92978 76.51993
v -70.32289 17.92978 67.84936
v -41.69564 17.92978 67.84936
v -41.69564 17.92978 68.61848
v -70.32289 17.92978 68.61848
v -70.32289 17.92978 65.1264
v -41.69564 17.92978 65.1264
v -41.69564 22.58274 64.63844
v -41.69564 22.58274 68.61848
v -70.32289 22.58274 65.1264
v -70.32289 22.58274 64.63844
v -70.32289 22.58274 68.61848
v -70.32289 22.58274 67.84936
v -41.69564 22.58274 65.1264
v -41.69564 22.58274 67.84936
v -54.97391 18.61618 64.88272
v -55.29949 18.45807 64.88272
v -55.18129 19.73833 64.794
v -51.47226 18.61618 64.88272
v -44.40574 19.73833 64.794
v -44.5104 18.45807 64.88272
v -44.22214 18.61618 64.88272
v -63.1628 18.61618 64.88272
v -62.83722 18.45807 64.88272
v -62.95542 19.73833 64.794
v -51.18401 18.45807 64.88272
v -51.28866 19.73833 64.794
v -71.23267 18.04345 63.00314
v -71.24099 18.05445 63.00139
v -71.22999 18.05445 62.99039
v -66.7024 18.05445 63.00139
v -66.7134 18.04345 63.00307
v -66.7134 18.05445 62.99039
v -71.22999 18.61618 62.99039
v -71.24099 18.61618 63.00139
v -66.7024 18.61618 63.00139
v -66.7134 18.61618 62.99039
v -66.7134 18.04345 64.88212
v -66.7024 18.05445 64.88272
v -71.24099 18.05445 68.74925
v -71.23257 18.04345 68.74925
v -70.79699 18.45807 63.36088
v -70.78599 18.45807 63.34988
v -67.03898 18.45807 63.34988
v -67.02798 18.45807 63.36088
v -70.79699 19.64722 63.36088
v -70.80282 19.65822 63.33493
v -70.78599 19.64722 63.34988
v -67.02215 19.65822 63.33493
v -67.02798 19.64722 63.36088
v -67.03898 19.64722 63.34988
v -67.02798 19.64722 64.88272
v -67.02195 19.65822 64.87215
v -70.80302 19.65822 68.74925
v -70.79699 19.64722 68.74925
v -70.83661 19.66922 63.21998
v -70.84178 19.65822 63.23494
v -70.84761 19.66922 63.23098
v -66.98835 19.66922 63.21998
v -66.97735 19.66922 63.23098
v -66.98318 19.65822 63.23494
v -66.98338 19.65822 64.80456
v -66.97735 19.66922 64.794
v -70.84761 19.66922 68.74925
v -70.84158 19.65822 68.74925
v -70.83661 19.73833 63.21998
v -70.84761 19.73833 63.23098
v -66.97735 19.73833 63.23098
v -66.98835 19.73833 63.21998
v -70.32289 17.92978 64.64945
v -70.31189 17.92978 64.63844
v -41.70664 17.92978 64.63844
v -41.69564 17.92978 64.64945
v -41.68464 21.58336 76.50893
v -41.69564 21.58336 76.51993
v -41.70664 21.57236 64.63844
v -41.68464 21.58336 64.62745
v -41.69564 21.57236 64.64945
v -41.69564 21.57236 68.61848
v -41.68464 21.58336 68.61848
v -70.32289 21.57236 65.1264
v -70.33389 21.58336 65.1264
v -70.32289 21.57236 64.64945
v -70.33389 21.58336 64.62745
v -70.31189 21.57236 64.63844
v -70.33389 21.58336 68.61848
v -70.32289 21.57236 68.61848
v -70.33389 21.58336 67.84936
v -70.32289 21.57236 67.84936
v -41.69564 21.57236 65.1264
v -41.68464 21.58336 65.1264
v -41.68464 21.58336 67.84936
v -41.69564 21.57236 67.84936
v -41.69564 22.57174 76.51993
v -41.69564 22.58274 76.50893
v -41.30687 21.59436 64.23868
v -41.29587 21.59436 64.24968
v -41.30687 21.58336 64.24968
v -41.30687 21.58336 68.61848
v -41.29587 21.59436 68.61848
v -41.30687 21.58336 76.50893
v -41.29587 21.59436 76.50893
v -41.30687 21.59436 76.51993
v -70.71166 21.58336 65.1264
v -70.72266 21.59436 65.1264
v -70.72266 21.59436 64.24968
v -70.71166 21.59436 64.23868
v -70.71166 21.58336 64.24968
v -70.72266 21.59436 68.61848
v -70.71166 21.58336 68.61848
v -70.72266 21.59436 67.84936
v -70.71166 21.58336 67.84936
v -41.30687 21.58336 65.1264
v -41.29587 21.59436 65.1264
v -41.29587 21.59436 67.84936
v -41.30687 21.58336 67.84936
v -41.29587 22.57174 65.1264
v -41.30687 22.58274 65.1264
v -70.71166 22.58274 68.61848
v -70.72266 22.57174 68.61848
v -41.29587 22.57174 68.61848
v -41.30687 22.58274 68.61848
v -41.30687 22.58274 67.84936
v -41.29587 22.57174 67.84936
v -70.71166 22.58274 67.84936
v -70.72266 22.57174 67.84936
v -41.29587 22.57174 64.24968
v -41.30687 22.57174 64.23868
v -41.30687 22.58274 64.24968
v -41.30687 22.57174 76.51993
v -41.29587 22.57174 76.50893
v -41.30687 22.58274 76.50893
v -70.71166 22.57174 64.23868
v -70.72266 22.57174 64.24968
v -70.71166 22.58274 64.24968
v -70.72266 22.57174 65.1264
v -70.71166 22.58274 65.1264
v -54.98491 18.04345 63.00139
v -54.98491 18.05445 62.99039
v -54.97391 18.05445 63.00139
v -54.97391 18.61618 63.00139
v -54.98491 18.61618 62.99039
v -54.98491 18.04345 64.88272
v -54.97391 18.05445 64.88272
v -55.31049 18.45807 63.34988
v -55.29949 18.45807 63.36088
v -55.31049 19.64722 63.34988
v -55.28887 19.65822 63.33821
v -55.29949 19.64722 63.36088
v -55.29949 19.64722 64.88272
v -55.28885 19.65822 64.87473
v -55.19228 19.66922 63.21998
v -55.18129 19.66922 63.23098
v -55.19191 19.65822 63.23166
v -55.19192 19.65822 64.80199
v -55.18129 19.66922 64.794
v -55.18129 19.73833 63.23098
v -55.19228 19.73833 63.21998
v -51.1941 19.65822 64.87416
v -51.18401 19.64722 64.88272
v -51.19407 19.65822 63.3374
v -51.17301 19.64722 63.34988
v -51.18401 19.64722 63.36088
v -51.18401 18.45807 63.36088
v -51.17301 18.45807 63.34988
v -51.47226 18.05445 64.88272
v -51.46126 18.04345 64.88272
v -51.46126 18.61618 62.99039
v -51.47226 18.61618 63.00139
v -51.46126 18.05445 62.99039
v -51.46126 18.04345 63.00139
v -51.47226 18.05445 63.00139
v -44.40574 19.73833 63.23098
v -44.41674 19.73833 63.21998
v -44.41584 19.65822 64.80256
v -44.40574 19.66922 64.794
v -44.41674 19.66922 63.21998
v -44.40574 19.66922 63.23098
v -44.4158 19.65822 63.23247
v -44.5104 19.64722 64.88272
v -44.5003 19.65822 64.87416
v -44.5104 19.64722 63.36088
v -44.52139 19.64722 63.34988
v -44.50034 19.65822 63.3374
v -44.52139 18.45807 63.34988
v -44.5104 18.45807 63.36088
v -44.23314 18.04345 64.88272
v -44.22214 18.05445 64.88272
v -44.22214 18.61618 63.00139
v -44.23314 18.61618 62.99039
v -44.23314 18.05445 62.99039
v -44.22214 18.05445 63.00139
v -44.23314 18.04345 63.00139
v -63.15179 18.04345 63.00139
v -63.1628 18.05445 63.00139
v -63.15179 18.05445 62.99039
v -63.15179 18.61618 62.99039
v -63.1628 18.61618 63.00139
v -63.1628 18.05445 64.88272
v -63.15179 18.04345 64.88272
v -62.83722 18.45807 63.36088
v -62.82622 18.45807 63.34988
v -62.82622 19.64722 63.34988
v -62.83722 19.64722 63.36088
v -62.84784 19.65822 63.33821
v -62.84786 19.65822 64.87473
v -62.83722 19.64722 64.88272
v -62.94442 19.66922 63.21998
v -62.9448 19.65822 63.23166
v -62.95542 19.66922 63.23098
v -62.95542 19.66922 64.794
v -62.94479 19.65822 64.80199
v -62.94442 19.73833 63.21998
v -62.95542 19.73833 63.23098
v -51.28866 19.66922 63.23098
v -51.27766 19.66922 63.21998
v -51.2786 19.65822 63.23247
v -51.28866 19.66922 64.794
v -51.27856 19.65822 64.80256
v -51.27766 19.73833 63.21998
v -51.28866 19.73833 63.23098
v -70.52916 22.6964 68.74925
v -66.7024 23.26913 64.88272
v -70.12911 22.6964 64.6952
v -71.24099 23.26913 68.74925
v -67.02798 23.11103 64.88272
v -70.79699 23.11103 68.74925
v -66.97735 24.39129 64.794
v -70.84761 24.39129 68.74925
v -41.69564 22.58274 76.51993
v -70.32289 22.58274 67.84936
v -41.69564 22.58274 67.84936
v -41.69564 22.58274 68.61848
v -70.32289 22.58274 68.61848
v -70.32289 22.58274 65.1264
v -41.69564 22.58274 65.1264
v -41.69564 27.2357 64.63844
v -41.69564 27.2357 68.61848
v -70.32289 27.2357 65.1264
v -70.32289 27.2357 64.63844
v -70.32289 27.2357 68.61848
v -70.32289 27.2357 67.84936
v -41.69564 27.2357 65.1264
v -41.69564 27.2357 67.84936
v -54.97391 23.26913 64.88272
v -55.29949 23.11103 64.88272
v -55.18129 24.39129 64.794
v -51.47226 23.26913 64.88272
v -44.40574 24.39129 64.794
v -44.5104 23.11103 64.88272
v -44.22214 23.26913 64.88272
v -63.1628 23.26913 64.88272
v -62.83722 23.11103 64.88272
v -62.95542 24.39129 64.794
v -51.18401 23.11103 64.88272
v -51.28866 24.39129 64.794
v -71.23267 22.6964 63.00314
v -71.24099 22.70741 63.00139
v -71.22999 22.70741 62.99039
v -66.7024 22.70741 63.00139
v -66.7134 22.6964 63.00307
v -66.7134 22.70741 62.99039
v -71.22999 23.26913 62.99039
v -71.24099 23.26913 63.00139
v -66.7024 23.26913 63.00139
v -66.7134 23.26913 62.99039
v -66.7134 22.6964 64.88212
v -66.7024 22.70741 64.88272
v -71.24099 22.70741 68.74925
v -71.23257 22.6964 68.74925
v -70.79699 23.11103 63.36088
v -70.78599 23.11103 63.34988
v -67.03898 23.11103 63.34988
v -67.02798 23.11103 63.36088
v -70.79699 24.30018 63.36088
v -70.80282 24.31118 63.33493
v -70.78599 24.30018 63.34988
v -67.02215 24.31118 63.33493
v -67.02798 24.30018 63.36088
v -67.03898 24.30018 63.34988
v -67.02798 24.30018 64.88272
v -67.02195 24.31118 64.87215
v -70.80302 24.31118 68.74925
v -70.79699 24.30018 68.74925
v -70.83661 24.32218 63.21998
v -70.84178 24.31118 63.23494
v -70.84761 24.32218 63.23098
v -66.98835 24.32218 63.21998
v -66.97735 24.32218 63.23098
v -66.98318 24.31118 63.23494
v -66.98338 24.31118 64.80456
v -66.97735 24.32218 64.794
v -70.84761 24.32218 68.74925
v -70.84158 24.31118 68.74925
v -70.83661 24.39129 63.21998
v -70.84761 24.39129 63.23098
v -66.97735 24.39129 63.23098
v -66.98835 24.39129 63.21998
v -70.32289 22.58274 64.64945
v -70.31189 22.58274 64.63844
v -41.70664 22.58274 64.63844
v -41.69564 22.58274 64.64945
v -41.68464 26.23632 76.50893
v -41.69564 26.23632 76.51993
v -41.70664 26.22532 64.63844
v -41.68464 26.23632 64.62745
v -41.69564 26.22532 64.64945
v -41.69564 26.22532 68.61848
v -41.68464 26.23632 68.61848
v -70.32289 26.22532 65.1264
v -70.33389 26.23632 65.1264
v -70.32289 26.22532 64.64945
v -70.33389 26.23632 64.62745
v -70.31189 26.22532 64.63844
v -70.33389 26.23632 68.61848
v -70.32289 26.22532 68.61848
v -70.33389 26.23632 67.84936
v -70.32289 26.22532 67.84936
v -41.69564 26.22532 65.1264
v -41.68464 26.23632 65.1264
v -41.68464 26.23632 67.84936
v -41.69564 26.22532 67.84936
v -41.69564 27.2247 76.51993
v -41.69564 27.2357 76.50893
v -41.30687 26.24732 64.23868
v -41.29587 26.24732 64.24968
v -41.30687 26.23632 64.24968
v -41.30687 26.23632 68.61848
v -41.29587 26.24732 68.61848
v -41.30687 26.23632 76.50893
v -41.29587 26.24732 76.50893
v -41.30687 26.24732 76.51993
v -70.71166 26.23632 65.1264
v -70.72266 26.24732 65.1264
v -70.72266 26.24732 64.24968
v -70.71166 26.24732 64.23868
v -70.71166 26.23632 64.24968
v -70.72266 26.24732 68.61848
v -70.71166 26.23632 68.61848
v -70.72266 26.24732 67.84936
v -70.71166 26.23632 67.84936
v -41.30687 26.23632 65.1264
v -41.29587 26.24732 65.1264
v -41.29587 26.24732 67.84936
v -41.30687 26.23632 67.84936
v -41.29587 27.2247 65.1264
v -41.30687 27.2357 65.1264
v -70.71166 27.2357 68.61848
v -70.72266 27.2247 68.61848
v -41.29587 27.2247 68.61848
v -41.30687 27.2357 68.61848
v -41.30687 27.2357 67.84936
v -41.29587 27.2247 67.84936
v -70.71166 27.2357 67.84936
v -70.72266 27.2247 67.84936
v -41.29587 27.2247 64.24968
v -41.30687 27.2247 64.23868
v -41.30687 27.2357 64.24968
v -41.30687 27.2247 76.51993
v -41.29587 27.2247 76.50893
v -41.30687 27.2357 76.50893
v -70.71166 27.2247 64.23868
v -70.72266 27.2247 64.24968
v -70.71166 27.2357 64.24968
v -70.72266 27.2247 65.1264
v -70.71166 27.2357 65.1264
v -54.98491 22.6964 63.00139
v -54.98491 22.70741 62.99039
v -54.97391 22.70741 63.00139
v -54.97391 23.26913 63.00139
v -54.98491 23.26913 62.99039
v -54.98491 22.6964 64.88272
v -54.97391 22.70741 64.88272
v -55.31049 23.11103 63.34988
v -55.29949 23.11103 63.36088
v -55.31049 24.30018 63.34988
v -55.28887 24.31118 63.33821
v -55.29949 24.30018 63.36088
v -55.29949 24.30018 64.88272
v -55.28885 24.31118 64.87473
v -55.19228 24.32218 63.21998
v -55.18129 24.32218 63.23098
v -55.19191 24.31118 63.23166
v -55.19192 24.31118 64.80199
v -55.18129 24.32218 64.794
v -55.18129 24.39129 63.23098
v -55.19228 24.39129 63.21998
v -51.1941 24.31118 64.87416
v -51.18401 24.30018 64.88272
v -51.19407 24.31118 63.3374
v -51.17301 24.30018 63.34988
v -51.18401 24.30018 63.36088
v -51.18401 23.11103 63.36088
v -51.17301 23.11103 63.34988
v -51.47226 22.70741 64.88272
v -51.46126 22.6964 64.88272
v -51.46126 23.26913 62.99039
v -51.47226 23.26913 63.00139
v -51.46126 22.70741 62.99039
v -51.46126 22.6964 63.00139
v -51.47226 22.70741 63.00139
v -44.40574 24.39129 63.23098
v -44.41674 24.39129 63.21998
v -44.41584 24.31118 64.80256
v -44.40574 24.32218 64.794
v -44.41674 24.32218 63.21998
v -44.40574 24.32218 63.23098
v -44.4158 24.31118 63.23247
v -44.5104 24.30018 64.88272
v -44.5003 24.31118 64.87416
v -44.5104 24.30018 63.36088
v -44.52139 24.30018 63.34988
v -44.50034 24.31118 63.3374
v -44.52139 23.11103 63.34988
v -44.5104 23.11103 63.36088
v -44.23314 22.6964 64.88272
v -44.22214 22.70741 64.88272
v -44.22214 23.26913 63.00139
v -44.23314 23.26913 62.99039
v -44.23314 22.70741 62.99039
v -44.22214 22.70741 63.00139
v -44.23314 22.6964 63.00139
v -63.15179 22.6964 63.00139
v -63.1628 22.70741 63.00139
v -63.15179 22.70741 62.99039
v -63.15179 23.26913 62.99039
v -63.1628 23.26913 63.00139
v -63.1628 22.70741 64.88272
v -63.15179 22.6964 64.88272
v -62.83722 23.11103 63.36088
v -62.82622 23.11103 63.34988
v -62.82622 24.30018 63.34988
v -62.83722 24.30018 63.36088
v -62.84784 24.31118 63.33821
v -62.84786 24.31118 64.87473
v -62.83722 24.30018 64.88272
v -62.94442 24.32218 63.21998
v -62.9448 24.31118 63.23166
v -62.95542 24.32218 63.23098
v -62.95542 24.32218 64.794
v -62.94479 24.31118 64.80199
v -62.94442 24.39129 63.21998
v -62.95542 24.39129 63.23098
v -51.28866 24.32218 63.23098
v -51.27766 24.32218 63.21998
v -51.2786 24.31118 63.23247
v -51.28866 24.32218 64.794
v -51.27856 24.31118 64.80256
v -51.27766 24.39129 63.21998
v -51.28866 24.39129 63.23098
v -70.52916 27.34936 68.74925
v -66.7024 27.92209 64.88272
v -70.12911 27.34936 64.6952
v -71.24099 27.92209 68.74925
v -67.02798 27.76398 64.88272
v -70.79699 27.76398 68.74925
v -66.97735 29.04425 64.794
v -70.84761 29.04425 68.74925
v -41.69564 27.2357 76.51993
v -70.32289 27.2357 67.84936
v -41.69564 27.2357 67.84936
v -41.69564 27.2357 68.61848
v -70.32289 27.2357 68.61848
v -70.32289 27.2357 65.1264
v -41.69564 27.2357 65.1264
v -41.69564 31.88865 64.63844
v -41.69564 31.88865 68.61848
v -70.32289 31.88865 65.1264
v -70.32289 31.88865 64.63844
v -70.32289 31.88865 68.61848
v -70.32289 31.88865 67.84936
v -41.69564 31.88865 65.1264
v -41.69564 31.88865 67.84936
v -54.97391 27.92209 64.88272
v -55.29949 27.76398 64.88272
v -55.18129 29.04425 64.794
v -51.47226 27.92209 64.88272
v -44.40574 29.04425 64.794
v -44.5104 27.76398 64.88272
v -44.22214 27.92209 64.88272
v -63.1628 27.92209 64.88272
v -62.83722 27.76398 64.88272
v -62.95542 29.04425 64.794
v -51.18401 27.76398 64.88272
v -51.28866 29.04425 64.794
v -71.23267 27.34936 63.00314
v -71.24099 27.36036 63.00138
v -71.22999 27.36036 62.99039
v -66.7024 27.36036 63.00138
v -66.7134 27.34936 63.00307
v -66.7134 27.36036 62.99039
v -71.22999 27.92209 62.99039
v -71.24099 27.92209 63.00138
v -66.7024 27.92209 63.00138
v -66.7134 27.92209 62.99039
v -66.7134 27.34936 64.88212
v -66.7024 27.36036 64.88272
v -71.24099 27.36036 68.74925
v -71.23257 27.34936 68.74925
v -70.79699 27.76398 63.36088
v -70.78599 27.76398 63.34988
v -67.03898 27.76398 63.34988
v -67.02798 27.76398 63.36088
v -70.79699 28.95313 63.36088
v -70.80282 28.96413 63.33493
v -70.78599 28.95313 63.34988
v -67.02215 28.96413 63.33493
v -67.02798 28.95313 63.36088
v -67.03898 28.95313 63.34988
v -67.02798 28.95313 64.88272
v -67.02195 28.96413 64.87215
v -70.80302 28.96413 68.74925
v -70.79699 28.95313 68.74925
v -70.83661 28.97513 63.21997
v -70.84178 28.96413 63.23494
v -70.84761 28.97513 63.23098
v -66.98835 28.97513 63.21997
v -66.97735 28.97513 63.23098
v -66.98318 28.96413 63.23494
v -66.98338 28.96413 64.80456
v -66.97735 28.97513 64.794
v -70.84761 28.97513 68.74925
v -70.84158 28.96413 68.74925
v -70.83661 29.04425 63.21997
v -70.84761 29.04425 63.23098
v -66.97735 29.04425 63.23098
v -66.98835 29.04425 63.21997
v -70.32289 27.2357 64.64945
v -70.31189 27.2357 64.63844
v -41.70664 27.2357 64.63844
v -41.69564 27.2357 64.64945
v -41.68464 30.88927 76.50893
v -41.69564 30.88927 76.51993
v -41.70664 30.87827 64.63844
v -41.68464 30.88927 64.62745
v -41.69564 30.87827 64.64945
v -41.69564 30.87827 68.61848
v -41.68464 30.88927 68.61848
v -70.32289 30.87827 65.1264
v -70.33389 30.88927 65.1264
v -70.32289 30.87827 64.64945
v -70.33389 30.88927 64.62745
v -70.31189 30.87827 64.63844
v -70.33389 30.88927 68.61848
v -70.32289 30.87827 68.61848
v -70.33389 30.88927 67.84936
v -70.32289 30.87827 67.84936
v -41.69564 30.87827 65.1264
v -41.68464 30.88927 65.1264
v -41.68464 30.88927 67.84936
v -41.69564 30.87827 67.84936
v -41.69564 31.87765 76.51993
v -41.69564 31.88865 76.50893
v -41.30687 30.90027 64.23868
v -41.29587 30.90027 64.24968
v -41.30687 30.88927 64.24968
v -41.30687 30.88927 68.61848
v -41.29587 30.90027 68.61848
v -41.30687 30.88927 76.50893
v -41.29587 30.90027 76.50893
v -41.30687 30.90027 76.51993
v -70.71166 30.88927 65.1264
v -70.72266 30.90027 65.1264
v -70.72266 30.90027 64.24968
v -70.71166 30.90027 64.23868
v -70.71166 30.88927 64.24968
v -70.72266 30.90027 68.61848
v -70.71166 30.88927 68.61848
v -70.72266 30.90027 67.84936
v -70.71166 30.88927 67.84936
v -41.30687 30.88927 65.1264
v -41.29587 30.90027 65.1264
v -41.29587 30.90027 67.84936
v -41.30687 30.88927 67.84936
v -41.29587 31.87765 65.1264
v -41.30687 31.88865 65.1264
v -70.71166 31.88865 68.61848
v -70.72266 31.87765 68.61848
v -41.29587 31.87765 68.61848
v -41.30687 31.88865 68.61848
v -41.30687 31.88865 67.84936
v -41.29587 31.87765 67.84936
v -70.71166 31.88865 67.84936
v -70.72266 31.87765 67.84936
v -41.29587 31.87765 64.24968
v -41.30687 31.87765 64.23868
v -41.30687 31.88865 64.24968
v -41.30687 31.87765 76.51993
v -41.29587 31.87765 76.50893
v -41.30687 31.88865 76.50893
v -70.71166 31.87765 64.23868
v -70.72266 31.87765 64.24968
v -70.71166 31.88865 64.24968
v -70.72266 31.87765 65.1264
v -70.71166 31.88865 65.1264
v -54.98491 27.34936 63.00138
v -54.98491 27.36036 62.99039
v -54.97391 27.36036 63.00138
v -54.97391 27.92209 63.00138
v -54.98491 27.92209 62.99039
v -54.98491 27.34936 64.88272
v -54.97391 27.36036 64.88272
v -55.31049 27.76398 63.34988
v -55.29949 27.76398 63.36088
v -55.31049 28.95313 63.34988
v -55.28887 28.96413 63.33821
v -55.29949 28.95313 63.36088
v -55.29949 28.95313 64.88272
v -55.28885 28.96413 64.87473
v -55.19228 28.97513 63.21997
v -55.18129 28.97513 63.23098
v -55.19191 28.96413 63.23166
v -55.19192 28.96413 64.80199
v -55.18129 28.97513 64.794
v -55.18129 29.04425 63.23098
v -55.19228 29.04425 63.21997
v -51.1941 28.96413 64.87416
v -51.18401 28.95313 64.88272
v -51.19407 28.96413 63.3374
v -51.17301 28.95313 63.34988
v -51.18401 28.95313 63.36088
v -51.18401 27.76398 63.36088
v -51.17301 27.76398 63.34988
v -51.47226 27.36036 64.88272
v -51.46126 27.34936 64.88272
v -51.46126 27.92209 62.99039
v -51.47226 27.92209 63.00138
v -51.46126 27.36036 62.99039
v -51.46126 27.34936 63.00138
v -51.47226 27.36036 63.00138
v -44.40574 29.04425 63.23098
v -44.41674 29.04425 63.21997
v -44.41584 28.96413 64.80256
v -44.40574 28.97513 64.794
v -44.41674 28.97513 63.21997
v -44.40574 28.97513 63.23098
v -44.4158 28.96413 63.23247
v -44.5104 28.95313 64.88272
v -44.5003 28.96413 64.87416
v -44.5104 28.95313 63.36088
v -44.52139 28.95313 63.34988
v -44.50034 28.96413 63.3374
v -44.52139 27.76398 63.34988
v -44.5104 27.76398 63.36088
v -44.23314 27.34936 64.88272
v -44.22214 27.36036 64.88272
v -44.22214 27.92209 63.00138
v -44.23314 27.92209 62.99039
v -44.23314 27.36036 62.99039
v -44.22214 27.36036 63.00138
v -44.23314 27.34936 63.00138
v -63.15179 27.34936 63.00138
v -63.1628 27.36036 63.00138
v -63.15179 27.36036 62.99039
v -63.15179 27.92209 62.99039
v -63.1628 27.92209 63.00138
v -63.1628 27.36036 64.88272
v -63.15179 27.34936 64.88272
v -62.83722 27.76398 63.36088
v -62.82622 27.76398 63.34988
v -62.82622 28.95313 63.34988
v -62.83722 28.95313 63.36088
v -62.84784 28.96413 63.33821
v -62.84786 28.96413 64.87473
v -62.83722 28.95313 64.88272
v -62.94442 28.97513 63.21997
v -62.9448 28.96413 63.23166
v -62.95542 28.97513 63.23098
v -62.95542 28.97513 64.794
v -62.94479 28.96413 64.80199
v -62.94442 29.04425 63.21997
v -62.95542 29.04425 63.23098
v -51.28866 28.97513 63.23098
v -51.27766 28.97513 63.21997
v -51.2786 28.96413 63.23247
v -51.28866 28.97513 64.794
v -51.27856 28.96413 64.80256
v -51.27766 29.04425 63.21997
v -51.28866 29.04425 63.23098
v -70.52916 32.00232 68.74925
v -66.7024 32.57505 64.88272
v -70.12911 32.00232 64.6952
v -71.24099 32.57505 68.74925
v -67.02798 32.41694 64.88272
v -70.79699 32.41694 68.74925
v -66.97735 33.6972 64.794
v -70.84761 33.6972 68.74925
v -41.69564 31.88865 76.51993
v -70.32289 31.88865 67.84936
v -41.69564 31.88865 67.84936
v -41.69564 31.88865 68.61848
v -70.32289 31.88865 68.61848
v -70.32289 31.88865 65.1264
v -41.69564 31.88865 65.1264
v -41.69564 36.54161 64.63844
v -41.69564 36.54161 68.61848
v -70.32289 36.54161 65.1264
v -70.32289 36.54161 64.63844
v -70.32289 36.54161 68.61848
v -70.32289 36.54161 67.84936
v -41.69564 36.54161 65.1264
v -41.69564 36.54161 67.84936
v -54.97391 32.57505 64.88272
v -55.29949 32.41694 64.88272
v -55.18129 33.6972 64.794
v -51.47226 32.57505 64.88272
v -44.40574 33.6972 64.794
v -44.5104 32.41694 64.88272
v -44.22214 32.57505 64.88272
v -63.1628 32.57505 64.88272
v -62.83722 32.41694 64.88272
v -62.95542 33.6972 64.794
v -51.18401 32.41694 64.88272
v -51.28866 33.6972 64.794
v -71.23267 32.00232 63.00314
v -71.24099 32.01332 63.00138
v -71.22999 32.01332 62.99039
v -66.7024 32.01332 63.00138
v -66.7134 32.00232 63.00307
v -66.7134 32.01332 62.99039
v -71.22999 32.57505 62.99039
v -71.24099 32.57505 63.00138
v -66.7024 32.57505 63.00138
v -66.7134 32.57505 62.99039
v -66.7134 32.00232 64.88212
v -66.7024 32.01332 64.88272
v -71.24099 32.01332 68.74925
v -71.23257 32.00232 68.74925
v -70.79699 32.41694 63.36088
v -70.78599 32.41694 63.34988
v -67.03898 32.41694 63.34988
v -67.02798 32.41694 63.36088
v -70.79699 33.60609 63.36088
v -70.80282 33.61709 63.33493
v -70.78599 33.60609 63.34988
v -67.02215 33.61709 63.33493
v -67.02798 33.60609 63.36088
v -67.03898 33.60609 63.34988
v -67.02798 33.60609 64.88272
v -67.02195 33.61709 64.87215
v -70.80302 33.61709 68.74925
v -70.79699 33.60609 68.74925
v -70.83661 33.62809 63.21997
v -70.84178 33.61709 63.23494
v -70.84761 33.62809 63.23098
v -66.98835 33.62809 63.21997
v -66.97735 33.62809 63.23098
v -66.98318 33.61709 63.23494
v -66.98338 33.61709 64.80456
v -66.97735 33.62809 64.794
v -70.84761 33.62809 68.74925
v -70.84158 33.61709 68.74925
v -70.83661 33.6972 63.21997
v -70.84761 33.6972 63.23098
v -66.97735 33.6972 63.23098
v -66.98835 33.6972 63.21997
v -70.32289 31.88865 64.64945
v -70.31189 31.88865 64.63844
v -41.70664 31.88865 64.63844
v -41.69564 31.88865 64.64945
v -41.68464 35.54223 76.50893
v -41.69564 35.54223 76.51993
v -41.70664 35.53123 64.63844
v -41.68464 35.54223 64.62745
v -41.69564 35.53123 64.64945
v -41.69564 35.53123 68.61848
v -41.68464 35.54223 68.61848
v -70.32289 35.53123 65.1264
v -70.33389 35.54223 65.1264
v -70.32289 35.53123 64.64945
v -70.33389 35.54223 64.62745
v -70.31189 35.53123 64.63844
v -70.33389 35.54223 68.61848
v -70.32289 35.53123 68.61848
v -70.33389 35.54223 67.84936
v -70.32289 35.53123 67.84936
v -41.69564 35.53123 65.1264
v -41.68464 35.54223 65.1264
v -41.68464 35.54223 67.84936
v -41.69564 35.53123 67.84936
v -41.69564 36.53061 76.51993
v -41.69564 36.54162 76.50893
v -41.30687 35.55323 64.23868
v -41.29587 35.55323 64.24968
v -41.30687 35.54223 64.24968
v -41.30687 35.54223 68.61848
v -41.29587 35.55323 68.61848
v -41.30687 35.54223 76.50893
v -41.29587 35.55323 76.50893
v -41.30687 35.55323 76.51993
v -70.71166 35.54223 65.1264
v -70.72266 35.55323 65.1264
v -70.72266 35.55323 64.24968
v -70.71166 35.55323 64.23868
v -70.71166 35.54223 64.24968
v -70.72266 35.55323 68.61848
v -70.71166 35.54223 68.61848
v -70.72266 35.55323 67.84936
v -70.71166 35.54223 67.84936
v -41.30687 35.54223 65.1264
v -41.29587 35.55323 65.1264
v -41.29587 35.55323 67.84936
v -41.30687 35.54223 67.84936
v -41.29587 36.53061 65.1264
v -41.30687 36.54161 65.1264
v -70.71166 36.54161 68.61848
v -70.72266 36.53061 68.61848
v -41.29587 36.53061 68.61848
v -41.30687 36.54161 68.61848
v -41.30687 36.54161 67.84936
v -41.29587 36.53061 67.84936
v -70.71166 36.54161 67.84936
v -70.72266 36.53061 67.84936
v -41.29587 36.53061 64.24968
v -41.30687 36.53061 64.23868
v -41.30687 36.54161 64.24968
v -41.30687 36.53061 76.51993
v -41.29587 36.53061 76.50893
v -41.30687 36.54162 76.50893
v -70.71166 36.53061 64.23868
v -70.72266 36.53061 64.24968
v -70.71166 36.54161 64.24968
v -70.72266 36.53061 65.1264
v -70.71166 36.54161 65.1264
v -54.98491 32.00232 63.00138
v -54.98491 32.01332 62.99039
v -54.97391 32.01332 63.00138
v -54.97391 32.57505 63.00138
v -54.98491 32.57505 62.99039
v -54.98491 32.00232 64.88272
v -54.97391 32.01332 64.88272
v -55.31049 32.41694 63.34988
v -55.29949 32.41694 63.36088
v -55.31049 33.60609 63.34988
v -55.28887 33.61709 63.33821
v -55.29949 33.60609 63.36088
v -55.29949 33.60609 64.88272
v -55.28885 33.61709 64.87473
v -55.19228 33.62809 63.21997
v -55.18129 33.62809 63.23098
v -55.19191 33.61709 63.23166
v -55.19192 33.61709 64.80199
v -55.18129 33.62809 64.794
v -55.18129 33.6972 63.23098
v -55.19228 33.6972 63.21997
v -51.1941 33.61709 64.87416
v -51.18401 33.60609 64.88272
v -51.19407 33.61709 63.3374
v -51.17301 33.60609 63.34988
v -51.18401 33.60609 63.36088
v -51.18401 32.41694 63.36088
v -51.17301 32.41694 63.34988
v -51.47226 32.01332 64.88272
v -51.46126 32.00232 64.88272
v -51.46126 32.57505 62.99039
v -51.47226 32.57505 63.00138
v -51.46126 32.01332 62.99039
v -51.46126 32.00232 63.00138
v -51.47226 32.01332 63.00138
v -44.40574 33.6972 63.23098
v -44.41674 33.6972 63.21997
v -44.41584 33.61709 64.80256
v -44.40574 33.62809 64.794
v -44.41674 33.62809 63.21997
v -44.40574 33.62809 63.23098
v -44.4158 33.61709 63.23247
v -44.5104 33.60609 64.88272
v -44.5003 33.61709 64.87416
v -44.5104 33.60609 63.36088
v -44.52139 33.60609 63.34988
v -44.50034 33.61709 63.3374
v -44.52139 32.41694 63.34988
v -44.5104 32.41694 63.36088
v -44.23314 32.00232 64.88272
v -44.22214 32.01332 64.88272
v -44.22214 32.57505 63.00138
v -44.23314 32.57505 62.99039
v -44.23314 32.01332 62.99039
v -44.22214 32.01332 63.00138
v -44.23314 32.00232 63.00138
v -63.15179 32.00232 63.00138
v -63.1628 32.01332 63.00138
v -63.15179 32.01332 62.99039
v -63.15179 32.57505 62.99039
v -63.1628 32.57505 63.00138
v -63.1628 32.01332 64.88272
v -63.15179 32.00232 64.88272
v -62.83722 32.41694 63.36088
v -62.82622 32.41694 63.34988
v -62.82622 33.60609 63.34988
v -62.83722 33.60609 63.36088
v -62.84784 33.61709 63.33821
v -62.84786 33.61709 64.87473
v -62.83722 33.60609 64.88272
v -62.94442 33.62809 63.21997
v -62.9448 33.61709 63.23166
v -62.95542 33.62809 63.23098
v -62.95542 33.62809 64.794
v -62.94479 33.61709 64.80199
v -62.94442 33.6972 63.21997
v -62.95542 33.6972 63.23098
v -51.28866 33.62809 63.23098
v -51.27766 33.62809 63.21997
v -51.2786 33.61709 63.23247
v -51.28866 33.62809 64.794
v -51.27856 33.61709 64.80256
v -51.27766 33.6972 63.21997
v -51.28866 33.6972 63.23098
v -70.52916 36.65527 68.74925
v -66.7024 37.228 64.88272
v -70.12911 36.65527 64.6952
v -71.24099 37.228 68.74925
v -67.02798 37.06989 64.88272
v -70.79699 37.06989 68.74925
v -66.97735 38.35016 64.794
v -70.84761 38.35016 68.74925
v -41.69564 36.54161 76.51993
v -70.32289 36.54161 67.84936
v -41.69564 36.54161 67.84936
v -41.69564 36.54161 68.61848
v -70.32289 36.54161 68.61848
v -70.32289 36.54161 65.1264
v -41.69564 36.54161 65.1264
v -41.69564 41.19456 64.63844
v -41.69564 41.19456 68.61848
v -70.32289 41.19456 65.1264
v -70.32289 41.19456 64.63844
v -70.32289 41.19456 68.61848
v -70.32289 41.19456 67.84936
v -41.69564 41.19456 65.1264
v -41.69564 41.19456 67.84936
v -54.97391 37.228 64.88272
v -55.29949 37.06989 64.88272
v -55.18129 38.35016 64.794
v -51.47226 37.228 64.88272
v -44.40574 38.35016 64.794
v -44.5104 37.06989 64.88272
v -44.22214 37.228 64.88272
v -63.1628 37.228 64.88272
v -62.83722 37.06989 64.88272
v -62.95542 38.35016 64.794
v -51.18401 37.06989 64.88272
v -51.28866 38.35016 64.794
v -71.23267 36.65527 63.00314
v -71.24099 36.66627 63.00138
v -71.22999 36.66627 62.99039
v -66.7024 36.66627 63.00138
v -66.7134 36.65527 63.00307
v -66.7134 36.66627 62.99039
v -71.22999 37.228 62.99039
v -71.24099 37.228 63.00138
v -66.7024 37.228 63.00138
v -66.7134 37.228 62.99039
v -66.7134 36.65527 64.88212
v -66.7024 36.66627 64.88272
v -71.24099 36.66627 68.74925
v -71.23257 36.65527 68.74925
v -70.79699 37.06989 63.36088
v -70.78599 37.06989 63.34988
v -67.03898 37.06989 63.34988
v -67.02798 37.06989 63.36088
v -70.79699 38.25905 63.36088
v -70.80282 38.27005 63.33493
v -70.78599 38.25905 63.34988
v -67.02215 38.27005 63.33493
v -67.02798 38.25905 63.36088
v -67.03898 38.25905 63.34988
v -67.02798 38.25905 64.88272
v -67.02195 38.27005 64.87215
v -70.80302 38.27005 68.74925
v -70.79699 38.25905 68.74925
v -70.83661 38.28105 63.21997
v -70.84178 38.27005 63.23494
v -70.84761 38.28105 63.23098
v -66.98835 38.28105 63.21997
v -66.97735 38.28105 63.23098
v -66.98318 38.27005 63.23494
v -66.98338 38.27005 64.80456
v -66.97735 38.28105 64.794
v -70.84761 38.28105 68.74925
v -70.84158 38.27005 68.74925
v -70.83661 38.35016 63.21997
v -70.84761 38.35016 63.23098
v -66.97735 38.35016 63.23098
v -66.98835 38.35016 63.21997
v -70.32289 36.54161 64.64945
v -70.31189 36.54161 64.63844
v -41.70664 36.54161 64.63844
v -41.69564 36.54161 64.64945
v -41.68464 40.19519 76.50893
v -41.69564 40.19519 76.51993
v -41.70664 40.18418 64.63844
v -41.68464 40.19519 64.62745
v -41.69564 40.18418 64.64945
v -41.69564 40.18418 68.61848
v -41.68464 40.19519 68.61848
v -70.32289 40.18418 65.1264
v -70.33389 40.19519 65.1264
v -70.32289 40.18418 64.64945
v -70.33389 40.19519 64.62745
v -70.31189 40.18418 64.63844
v -70.33389 40.19519 68.61848
v -70.32289 40.18418 68.61848
v -70.33389 40.19519 67.84936
v -70.32289 40.18418 67.84936
v -41.69564 40.18418 65.1264
v -41.68464 40.19519 65.1264
v -41.68464 40.19519 67.84936
v -41.69564 40.18418 67.84936
v -41.69564 41.18357 76.51993
v -41.69564 41.19457 76.50893
v -41.30687 40.20618 64.23868
v -41.29587 40.20618 64.24968
v -41.30687 40.19519 64.24968
v -41.30687 40.19519 68.61848
v -41.29587 40.20618 68.61848
v -41.30687 40.19519 76.50893
v -41.29587 40.20619 76.50893
v -41.30687 40.20619 76.51993
v -70.71166 40.19519 65.1264
v -70.72266 40.20618 65.1264
v -70.72266 40.20618 64.24968
v -70.71166 40.20618 64.23868
v -70.71166 40.19519 64.24968
v -70.72266 40.20618 68.61848
v -70.71166 40.19519 68.61848
v -70.72266 40.20618 67.84936
v -70.71166 40.19519 67.84936
v -41.30687 40.19519 65.1264
v -41.29587 40.20618 65.1264
v -41.29587 40.20618 67.84936
v -41.30687 40.19519 67.84936
v -41.29587 41.18357 65.1264
v -41.30687 41.19456 65.1264
v -70.71166 41.19456 68.61848
v -70.72266 41.18357 68.61848
v -41.29587 41.18357 68.61848
v -41.30687 41.19456 68.61848
v -41.30687 41.19456 67.84936
v -41.29587 41.18357 67.84936
v -70.71166 41.19456 67.84936
v -70.72266 41.18357 67.84936
v -41.29587 41.18357 64.24968
v -41.30687 41.18357 64.23868
v -41.30687 41.19456 64.24968
v -41.30687 41.18357 76.51993
v -41.29587 41.18357 76.50893
v -41.30687 41.19457 76.50893
v -70.71166 41.18357 64.23868
v -70.72266 41.18357 64.24968
v -70.71166 41.19456 64.24968
v -70.72266 41.18357 65.1264
v -70.71166 41.19456 65.1264
v -54.98491 36.65527 63.00138
v -54.98491 36.66627 62.99039
v -54.97391 36.66627 63.00138
v -54.97391 37.228 63.00138
v -54.98491 37.228 62.99039
v -54.98491 36.65527 64.88272
v -54.97391 36.66627 64.88272
v -55.31049 37.06989 63.34988
v -55.29949 37.06989 63.36088
v -55.31049 38.25905 63.34988
v -55.28887 38.27005 63.33821
v -55.29949 38.25905 63.36088
v -55.29949 38.25905 64.88272
v -55.28885 38.27005 64.87473
v -55.19228 38.28105 63.21997
v -55.18129 38.28105 63.23098
v -55.19191 38.27005 63.23166
v -55.19192 38.27005 64.80199
v -55.18129 38.28105 64.794
v -55.18129 38.35016 63.23098
v -55.19228 38.35016 63.21997
v -51.1941 38.27005 64.87416
v -51.18401 38.25905 64.88272
v -51.19407 38.27005 63.3374
v -51.17301 38.25905 63.34988
v -51.18401 38.25905 63.36088
v -51.18401 37.06989 63.36088
v -51.17301 37.06989 63.34988
v -51.47226 36.66627 64.88272
v -51.46126 36.65527 64.88272
v -51.46126 37.228 62.99039
v -51.47226 37.228 63.00138
v -51.46126 36.66627 62.99039
v -51.46126 36.65527 63.00138
v -51.47226 36.66627 63.00138
v -44.40574 38.35016 63.23098
v -44.41674 38.35016 63.21997
v -44.41584 38.27005 64.80256
v -44.40574 38.28105 64.794
v -44.41674 38.28105 63.21997
v -44.40574 38.28105 63.23098
v -44.4158 38.27005 63.23247
v -44.5104 38.25905 64.88272
v -44.5003 38.27005 64.87416
v -44.5104 38.25905 63.36088
v -44.52139 38.25905 63.34988
v -44.50034 38.27005 63.3374
v -44.52139 37.06989 63.34988
v -44.5104 37.06989 63.36088
v -44.23314 36.65527 64.88272
v -44.22214 36.66627 64.88272
v -44.22214 37.228 63.00138
v -44.23314 37.228 62.99039
v -44.23314 36.66627 62.99039
v -44.22214 36.66627 63.00138
v -44.23314 36.65527 63.00138
v -63.15179 36.65527 63.00138
v -63.1628 36.66627 63.00138
v -63.15179 36.66627 62.99039
v -63.15179 37.228 62.99039
v -63.1628 37.228 63.00138
v -63.1628 36.66627 64.88272
v -63.15179 36.65527 64.88272
v -62.83722 37.06989 63.36088
v -62.82622 37.06989 63.34988
v -62.82622 38.25905 63.34988
v -62.83722 38.25905 63.36088
v -62.84784 38.27005 63.33821
v -62.84786 38.27005 64.87473
v -62.83722 38.25905 64.88272
v -62.94442 38.28105 63.21997
v -62.9448 38.27005 63.23166
v -62.95542 38.28105 63.23098
v -62.95542 38.28105 64.794
v -62.94479 38.27005 64.80199
v -62.94442 38.35016 63.21997
v -62.95542 38.35016 63.23098
v -51.28866 38.28105 63.23098
v -51.27766 38.28105 63.21997
v -51.2786 38.27005 63.23247
v -51.28866 38.28105 64.794
v -51.27856 38.27005 64.80256
v -51.27766 38.35016 63.21997
v -51.28866 38.35016 63.23098
v -70.52916 41.30823 68.74925
v -66.7024 41.88096 64.88272
v -70.12911 41.30823 64.6952
v -71.24099 41.88096 68.74925
v -67.02798 41.72285 64.88272
v -70.79699 41.72285 68.74925
v -66.97735 43.00311 64.794
v -70.84761 43.00311 68.74925
v -41.69564 41.19457 76.51993
v -70.32289 41.19456 67.84936
v -41.69564 41.19456 67.84936
v -41.69564 41.19456 68.61848
v -70.32289 41.19456 68.61848
v -70.32289 41.19456 65.1264
v -41.69564 41.19456 65.1264
v -41.69564 45.84752 64.63844
v -41.69564 45.84752 68.61848
v -70.32289 45.84752 65.1264
v -70.32289 45.84752 64.63844
v -70.32289 45.84752 68.61848
v -70.32289 45.84752 67.84936
v -41.69564 45.84752 65.1264
v -41.69564 45.84752 67.84936
v -54.97391 41.88096 64.88272
v -55.29949 41.72285 64.88272
v -55.18129 43.00311 64.794
v -51.47226 41.88096 64.88272
v -44.40574 43.00311 64.794
v -44.5104 41.72285 64.88272
v -44.22214 41.88096 64.88272
v -63.1628 41.88096 64.88272
v -62.83722 41.72285 64.88272
v -62.95542 43.00311 64.794
v -51.18401 41.72285 64.88272
v -51.28866 43.00311 64.794
v -71.23267 41.30823 63.00314
v -71.24099 41.31923 63.00138
v -71.22999 41.31923 62.99039
v -66.7024 41.31923 63.00138
v -66.7134 41.30823 63.00307
v -66.7134 41.31923 62.99039
v -71.22999 41.88096 62.99039
v -71.24099 41.88096 63.00138
v -66.7024 41.88096 63.00138
v -66.7134 41.88096 62.99039
v -66.7134 41.30823 64.88212
v -66.7024 41.31923 64.88272
v -71.24099 41.31923 68.74925
v -71.23257 41.30823 68.74925
v -70.79699 41.72285 63.36088
v -70.78599 41.72285 63.34988
v -67.03898 41.72285 63.34988
v -67.02798 41.72285 63.36088
v -70.79699 42.912 63.36088
v -70.80282 42.923 63.33493
v -70.78599 42.912 63.34988
v -67.02215 42.923 63.33493
v -67.02798 42.912 63.36088
v -67.03898 42.912 63.34988
v -67.02798 42.912 64.88272
v -67.02195 42.923 64.87215
v -70.80302 42.923 68.74925
v -70.79699 42.912 68.74925
v -70.83661 42.934 63.21997
v -70.84178 42.923 63.23494
v -70.84761 42.934 63.23098
v -66.98835 42.934 63.21997
v -66.97735 42.934 63.23098
v -66.98318 42.923 63.23494
v -66.98338 42.923 64.80456
v -66.97735 42.934 64.794
v -70.84761 42.934 68.74925
v -70.84158 42.923 68.74925
v -70.83661 43.00311 63.21997
v -70.84761 43.00311 63.23098
v -66.97735 43.00311 63.23098
v -66.98835 43.00311 63.21997
v -70.32289 41.19456 64.64945
v -70.31189 41.19456 64.63844
v -41.70664 41.19456 64.63844
v -41.69564 41.19456 64.64945
v -41.68464 44.84815 76.50893
v -41.69564 44.84815 76.51993
v -41.70664 44.83714 64.63844
v -41.68464 44.84814 64.62745
v -41.69564 44.83714 64.64945
v -41.69564 44.83714 68.61848
v -41.68464 44.84814 68.61848
v -70.32289 44.83714 65.1264
v -70.33389 44.84814 65.1264
v -70.32289 44.83714 64.64945
v -70.33389 44.84814 64.62745
v -70.31189 44.83714 64.63844
v -70.33389 44.84814 68.61848
v -70.32289 44.83714 68.61848
v -70.33389 44.84814 67.84936
v -70.32289 44.83714 67.84936
v -41.69564 44.83714 65.1264
v -41.68464 44.84814 65.1264
v -41.68464 44.84814 67.84936
v -41.69564 44.83714 67.84936
v -41.69564 45.83653 76.51993
v -41.69564 45.84753 76.50893
v -41.30687 44.85914 64.23868
v -41.29587 44.85914 64.24968
v -41.30687 44.84814 64.24968
v -41.30687 44.84814 68.61848
v -41.29587 44.85914 68.61848
v -41.30687 44.84815 76.50893
v -41.29587 44.85915 76.50893
v -41.30687 44.85915 76.51993
v -70.71166 44.84814 65.1264
v -70.72266 44.85914 65.1264
v -70.72266 44.85914 64.24968
v -70.71166 44.85914 64.23868
v -70.71166 44.84814 64.24968
v -70.72266 44.85914 68.61848
v -70.71166 44.84814 68.61848
v -70.72266 44.85914 67.84936
v -70.71166 44.84814 67.84936
v -41.30687 44.84814 65.1264
v -41.29587 44.85914 65.1264
v -41.29587 44.85914 67.84936
v -41.30687 44.84814 67.84936
v -41.29587 45.83652 65.1264
v -41.30687 45.84752 65.1264
v -70.71166 45.84752 68.61848
v -70.72266 45.83652 68.61848
v -41.29587 45.83652 68.61848
v -41.30687 45.84752 68.61848
v -41.30687 45.84752 67.84936
v -41.29587 45.83652 67.84936
v -70.71166 45.84752 67.84936
v -70.72266 45.83652 67.84936
v -41.29587 45.83652 64.24968
v -41.30687 45.83652 64.23868
v -41.30687 45.84752 64.24968
v -41.30687 45.83653 76.51993
v -41.29587 45.83653 76.50893
v -41.30687 45.84753 76.50893
v -70.71166 45.83652 64.23868
v -70.72266 45.83652 64.24968
v -70.71166 45.84752 64.24968
v -70.72266 45.83652 65.1264
v -70.71166 45.84752 65.1264
v -54.98491 41.30823 63.00138
v -54.98491 41.31923 62.99039
v -54.97391 41.31923 63.00138
v -54.97391 41.88096 63.00138
v -54.98491 41.88096 62.99039
v -54.98491 41.30823 64.88272
v -54.97391 41.31923 64.88272
v -55.31049 41.72285 63.34988
v -55.29949 41.72285 63.36088
v -55.31049 42.912 63.34988
v -55.28887 42.923 63.33821
v -55.29949 42.912 63.36088
v -55.29949 42.912 64.88272
v -55.28885 42.923 64.87473
v -55.19228 42.934 63.21997
v -55.18129 42.934 63.23098
v -55.19191 42.923 63.23166
v -55.19192 42.923 64.80199
v -55.18129 42.934 64.794
v -55.18129 43.00311 63.23098
v -55.19228 43.00311 63.21997
v -51.1941 42.923 64.87416
v -51.18401 42.912 64.88272
v -51.19407 42.923 63.3374
v -51.17301 42.912 63.34988
v -51.18401 42.912 63.36088
v -51.18401 41.72285 63.36088
v -51.17301 41.72285 63.34988
v -51.47226 41.31923 64.88272
v -51.46126 41.30823 64.88272
v -51.46126 41.88096 62.99039
v -51.47226 41.88096 63.00138
v -51.46126 41.31923 62.99039
v -51.46126 41.30823 63.00138
v -51.47226 41.31923 63.00138
v -44.40574 43.00311 63.23098
v -44.41674 43.00311 63.21997
v -44.41584 42.923 64.80256
v -44.40574 42.934 64.794
v -44.41674 42.934 63.21997
v -44.40574 42.934 63.23098
v -44.4158 42.923 63.23247
v -44.5104 42.912 64.88272
v -44.5003 42.923 64.87416
v -44.5104 42.912 63.36088
v -44.52139 42.912 63.34988
v -44.50034 42.923 63.3374
v -44.52139 41.72285 63.34988
v -44.5104 41.72285 63.36088
v -44.23314 41.30823 64.88272
v -44.22214 41.31923 64.88272
v -44.22214 41.88096 63.00138
v -44.23314 41.88096 62.99039
v -44.23314 41.31923 62.99039
v -44.22214 41.31923 63.00138
v -44.23314 41.30823 63.00138
v -63.15179 41.30823 63.00138
v -63.1628 41.31923 63.00138
v -63.15179 41.31923 62.99039
v -63.15179 41.88096 62.99039
v -63.1628 41.88096 63.00138
v -63.1628 41.31923 64.88272
v -63.15179 41.30823 64.88272
v -62.83722 41.72285 63.36088
v -62.82622 41.72285 63.34988
v -62.82622 42.912 63.34988
v -62.83722 42.912 63.36088
v -62.84784 42.923 63.33821
v -62.84786 42.923 64.87473
v -62.83722 42.912 64.88272
v -62.94442 42.934 63.21997
v -62.9448 42.923 63.23166
v -62.95542 42.934 63.23098
v -62.95542 42.934 64.794
v -62.94479 42.923 64.80199
v -62.94442 43.00311 63.21997
v -62.95542 43.00311 63.23098
v -51.28866 42.934 63.23098
v -51.27766 42.934 63.21997
v -51.2786 42.923 63.23247
v -51.28866 42.934 64.794
v -51.27856 42.923 64.80256
v -51.27766 43.00311 63.21997
v -51.28866 43.00311 63.23098
v -70.52916 45.96119 68.74925
v -66.7024 46.53392 64.88272
v -70.12911 45.96119 64.6952
v -71.24099 46.53392 68.74925
v -67.02798 46.37581 64.88272
v -70.79699 46.37581 68.74925
v -66.97735 47.65607 64.794
v -70.84761 47.65607 68.74925
v -41.69564 45.84753 76.51993
v -70.32289 45.84752 67.84936
v -41.69564 45.84752 67.84936
v -41.69564 45.84752 68.61848
v -70.32289 45.84752 68.61848
v -70.32289 45.84752 65.1264
v -41.69564 45.84752 65.1264
v -41.69564 50.50048 64.63844
v -41.69564 50.50048 68.61848
v -70.32289 50.50048 65.1264
v -70.32289 50.50048 64.63844
v -70.32289 50.50048 68.61848
v -70.32289 50.50048 67.84936
v -41.69564 50.50048 65.1264
v -41.69564 50.50048 67.84936
v -54.97391 46.53392 64.88272
v -55.29949 46.37581 64.88272
v -55.18129 47.65607 64.794
v -51.47226 46.53392 64.88272
v -44.40574 47.65607 64.794
v -44.5104 46.37581 64.88272
v -44.22214 46.53392 64.88272
v -63.1628 46.53392 64.88272
v -62.83722 46.37581 64.88272
v -62.95542 47.65607 64.794
v -51.18401 46.37581 64.88272
v -51.28866 47.65607 64.794
v -71.23267 45.96119 63.00314
v -71.24099 45.97219 63.00138
v -71.22999 45.97219 62.99039
v -66.7024 45.97219 63.00138
v -66.7134 45.96119 63.00307
v -66.7134 45.97219 62.99039
v -71.22999 46.53392 62.99039
v -71.24099 46.53392 63.00138
v -66.7024 46.53392 63.00138
v -66.7134 46.53392 62.99039
v -66.7134 45.96119 64.88212
v -66.7024 45.97219 64.88272
v -71.24099 45.97219 68.74925
v -71.23257 45.96119 68.74925
v -70.79699 46.37581 63.36088
v -70.78599 46.37581 63.34988
v -67.03898 46.37581 63.34988
v -67.02798 46.37581 63.36088
v -70.79699 47.56496 63.36088
v -70.80282 47.57596 63.33493
v -70.78599 47.56496 63.34988
v -67.02215 47.57596 63.33493
v -67.02798 47.56496 63.36088
v -67.03898 47.56496 63.34988
v -67.02798 47.56496 64.88272
v -67.02195 47.57596 64.87215
v -70.80302 47.57596 68.74925
v -70.79699 47.56496 68.74925
v -70.83661 47.58696 63.21997
v -70.84178 47.57596 63.23494
v -70.84761 47.58696 63.23098
v -66.98835 47.58696 63.21997
v -66.97735 47.58696 63.23098
v -66.98318 47.57596 63.23494
v -66.98338 47.57596 64.80456
v -66.97735 47.58696 64.794
v -70.84761 47.58696 68.74925
v -70.84158 47.57596 68.74925
v -70.83661 47.65607 63.21997
v -70.84761 47.65607 63.23098
v -66.97735 47.65607 63.23098
v -66.98835 47.65607 63.21997
v -70.32289 45.84752 64.64945
v -70.31189 45.84752 64.63844
v -41.70664 45.84752 64.63844
v -41.69564 45.84752 64.64945
v -41.68464 49.5011 76.50893
v -41.69564 49.5011 76.51993
v -41.70664 49.4901 64.63844
v -41.68464 49.5011 64.62745
v -41.69564 49.4901 64.64945
v -41.69564 49.4901 68.61848
v -41.68464 49.5011 68.61848
v -70.32289 49.4901 65.1264
v -70.33389 49.5011 65.1264
v -70.32289 49.4901 64.64945
v -70.33389 49.5011 64.62745
v -70.31189 49.4901 64.63844
v -70.33389 49.5011 68.61848
v -70.32289 49.4901 68.61848
v -70.33389 49.5011 67.84936
v -70.32289 49.4901 67.84936
v -41.69564 49.4901 65.1264
v -41.68464 49.5011 65.1264
v -41.68464 49.5011 67.84936
v -41.69564 49.4901 67.84936
v -41.69564 50.48948 76.51993
v -41.69564 50.50048 76.50893
v -41.30687 49.5121 64.23868
v -41.29587 49.5121 64.24968
v -41.30687 49.5011 64.24968
v -41.30687 49.5011 68.61848
v -41.29587 49.5121 68.61848
v -41.30687 49.5011 76.50893
v -41.29587 49.5121 76.50893
v -41.30687 49.5121 76.51993
v -70.71166 49.5011 65.1264
v -70.72266 49.5121 65.1264
v -70.72266 49.5121 64.24968
v -70.71166 49.5121 64.23868
v -70.71166 49.5011 64.24968
v -70.72266 49.5121 68.61848
v -70.71166 49.5011 68.61848
v -70.72266 49.5121 67.84936
v -70.71166 49.5011 67.84936
v -41.30687 49.5011 65.1264
v -41.29587 49.5121 65.1264
v -41.29587 49.5121 67.84936
v -41.30687 49.5011 67.84936
v -41.29587 50.48948 65.1264
v -41.30687 50.50048 65.1264
v -70.71166 50.50048 68.61848
v -70.72266 50.48948 68.61848
v -41.29587 50.48948 68.61848
v -41.30687 50.50048 68.61848
v -41.30687 50.50048 67.84936
v -41.29587 50.48948 67.84936
v -70.71166 50.50048 67.84936
v -70.72266 50.48948 67.84936
v -41.29587 50.48948 64.24968
v -41.30687 50.48948 64.23868
v -41.30687 50.50048 64.24968
v -41.30687 50.48948 76.51993
v -41.29587 50.48948 76.50893
v -41.30687 50.50048 76.50893
v -70.71166 50.48948 64.23868
v -70.72266 50.48948 64.24968
v -70.71166 50.50048 64.24968
v -70.72266 50.48948 65.1264
v -70.71166 50.50048 65.1264
v -54.98491 45.96119 63.00138
v -54.98491 45.97219 62.99039
v -54.97391 45.97219 63.00138
v -54.97391 46.53392 63.00138
v -54.98491 46.53392 62.99039
v -54.98491 45.96119 64.88272
v -54.97391 45.97219 64.88272
v -55.31049 46.37581 63.34988
v -55.29949 46.37581 63.36088
v -55.31049 47.56496 63.34988
v -55.28887 47.57596 63.33821
v -55.29949 47.56496 63.36088
v -55.29949 47.56496 64.88272
v -55.28885 47.57596 64.87473
v -55.19228 47.58696 63.21997
v -55.18129 47.58696 63.23098
v -55.19191 47.57596 63.23166
v -55.19192 47.57596 64.80199
v -55.18129 47.58696 64.794
v -55.18129 47.65607 63.23098
v -55.19228 47.65607 63.21997
v -51.1941 47.57596 64.87416
v -51.18401 47.56496 64.88272
v -51.19407 47.57596 63.3374
v -51.17301 47.56496 63.34988
v -51.18401 47.56496 63.36088
v -51.18401 46.37581 63.36088
v -51.17301 46.37581 63.34988
v -51.47226 45.97219 64.88272
v -51.46126 45.96119 64.88272
v -51.46126 46.53392 62.99039
v -51.47226 46.53392 63.00138
v -51.46126 45.97219 62.99039
v -51.46126 45.96119 63.00138
v -51.47226 45.97219 63.00138
v -44.40574 47.65607 63.23098
v -44.41674 47.65607 63.21997
v -44.41584 47.57596 64.80256
v -44.40574 47.58696 64.794
v -44.41674 47.58696 63.21997
v -44.40574 47.58696 63.23098
v -44.4158 47.57596 63.23247
v -44.5104 47.56496 64.88272
v -44.5003 47.57596 64.87416
v -44.5104 47.56496 63.36088
v -44.52139 47.56496 63.34988
v -44.50034 47.57596 63.3374
v -44.52139 46.37581 63.34988
v -44.5104 46.37581 63.36088
v -44.23314 45.96119 64.88272
v -44.22214 45.97219 64.88272
v -44.22214 46.53392 63.00138
v -44.23314 46.53392 62.99039
v -44.23314 45.97219 62.99039
v -44.22214 45.97219 63.00138
v -44.23314 45.96119 63.00138
v -63.15179 45.96119 63.00138
v -63.1628 45.97219 63.00138
v -63.15179 45.97219 62.99039
v -63.15179 46.53392 62.99039
v -63.1628 46.53392 63.00138
v -63.1628 45.97219 64.88272
v -63.15179 45.96119 64.88272
v -62.83722 46.37581 63.36088
v -62.82622 46.37581 63.34988
v -62.82622 47.56496 63.34988
v -62.83722 47.56496 63.36088
v -62.84784 47.57596 63.33821
v -62.84786 47.57596 64.87473
v -62.83722 47.56496 64.88272
v -62.94442 47.58696 63.21997
v -62.9448 47.57596 63.23166
v -62.95542 47.58696 63.23098
v -62.95542 47.58696 64.794
v -62.94479 47.57596 64.80199
v -62.94442 47.65607 63.21997
v -62.95542 47.65607 63.23098
v -51.28866 47.58696 63.23098
v -51.27766 47.58696 63.21997
v -51.2786 47.57596 63.23247
v -51.28866 47.58696 64.794
v -51.27856 47.57596 64.80256
v -51.27766 47.65607 63.21997
v -51.28866 47.65607 63.23098
v -70.52916 50.61415 68.74925
v -66.7024 51.18687 64.88271
v -70.12911 50.61415 64.69519
v -71.24099 51.18687 68.74925
v -67.02798 51.02877 64.88271
v -70.79699 51.02877 68.74925
v -66.97735 52.30903 64.79399
v -70.84761 52.30903 68.74925
v -41.69564 50.50048 76.51993
v -70.32289 50.50048 67.84936
v -41.69564 50.50048 67.84936
v -41.69564 50.50048 68.61848
v -70.32289 50.50048 68.61848
v -70.32289 50.50048 65.1264
v -41.69564 50.50048 65.1264
v -41.69564 55.15344 64.63844
v -41.69564 55.15344 68.61847
v -70.32289 55.15344 65.1264
v -70.32289 55.15344 64.63844
v -70.32289 55.15344 68.61847
v -70.32289 55.15344 67.84935
v -41.69564 55.15344 65.1264
v -41.69564 55.15344 67.84935
v -54.97391 51.18687 64.88271
v -55.29949 51.02877 64.88271
v -55.18129 52.30903 64.79399
v -51.47226 51.18687 64.88271
v -44.40574 52.30903 64.79399
v -44.5104 51.02877 64.88271
v -44.22214 51.18687 64.88271
v -63.1628 51.18687 64.88271
v -62.83722 51.02877 64.88271
v -62.95542 52.30903 64.79399
v -51.18401 51.02877 64.88271
v -51.28866 52.30903 64.79399
v -71.23267 50.61415 63.00314
v -71.24099 50.62515 63.00138
v -71.22999 50.62515 62.99039
v -66.7024 50.62515 63.00138
v -66.7134 50.61415 63.00307
v -66.7134 50.62515 62.99039
v -71.22999 51.18687 62.99039
v -71.24099 51.18687 63.00138
v -66.7024 51.18687 63.00138
v -66.7134 51.18687 62.99039
v -66.7134 50.61415 64.88211
v -66.7024 50.62515 64.88271
v -71.24099 50.62515 68.74925
v -71.23257 50.61415 68.74925
v -70.79699 51.02877 63.36088
v -70.78599 51.02877 63.34988
v -67.03898 51.02877 63.34988
v -67.02798 51.02877 63.36088
v -70.79699 52.21792 63.36088
v -70.80282 52.22892 63.33493
v -70.78599 52.21792 63.34988
v -67.02215 52.22892 63.33493
v -67.02798 52.21792 63.36088
v -67.03898 52.21792 63.34988
v -67.02798 52.21792 64.88271
v -67.02195 52.22892 64.87214
v -70.80302 52.22892 68.74925
v -70.79699 52.21792 68.74925
v -70.83661 52.23992 63.21997
v -70.84178 52.22892 63.23494
v -70.84761 52.23992 63.23098
v -66.98835 52.23992 63.21997
v -66.97735 52.23992 63.23098
v -66.98318 52.22892 63.23494
v -66.98338 52.22892 64.80455
v -66.97735 52.23992 64.79399
v -70.84761 52.23992 68.74925
v -70.84158 52.22892 68.74925
v -70.83661 52.30903 63.21997
v -70.84761 52.30903 63.23098
v -66.97735 52.30903 63.23098
v -66.98835 52.30903 63.21997
v -70.32289 50.50048 64.64945
v -70.31189 50.50048 64.63844
v -41.70664 50.50048 64.63844
v -41.69564 50.50048 64.64945
v -41.68464 54.15406 76.50892
v -41.69564 54.15406 76.51992
v -41.70664 54.14306 64.63844
v -41.68464 54.15406 64.62744
v -41.69564 54.14306 64.64945
v -41.69564 54.14306 68.61847
v -41.68464 54.15406 68.61847
v -70.32289 54.14306 65.1264
v -70.33389 54.15406 65.1264
v -70.32289 54.14306 64.64945
v -70.33389 54.15406 64.62744
v -70.31189 54.14306 64.63844
v -70.33389 54.15406 68.61847
v -70.32289 54.14306 68.61847
v -70.33389 54.15406 67.84935
v -70.32289 54.14306 67.84935
v -41.69564 54.14306 65.1264
v -41.68464 54.15406 65.1264
v -41.68464 54.15406 67.84935
v -41.69564 54.14306 67.84935
v -41.69564 55.14244 76.51992
v -41.69564 55.15344 76.50892
v -41.30687 54.16506 64.23867
v -41.29587 54.16506 64.24967
v -41.30687 54.15406 64.24967
v -41.30687 54.15406 68.61847
v -41.29587 54.16506 68.61847
v -41.30687 54.15406 76.50892
v -41.29587 54.16506 76.50892
v -41.30687 54.16506 76.51992
v -70.71166 54.15406 65.1264
v -70.72266 54.16506 65.1264
v -70.72266 54.16506 64.24967
v -70.71166 54.16506 64.23867
v -70.71166 54.15406 64.24967
v -70.72266 54.16506 68.61847
v -70.71166 54.15406 68.61847
v -70.72266 54.16506 67.84935
v -70.71166 54.15406 67.84935
v -41.30687 54.15406 65.1264
v -41.29587 54.16506 65.1264
v -41.29587 54.16506 67.84935
v -41.30687 54.15406 67.84935
v -41.29587 55.14244 65.1264
v -41.30687 55.15344 65.1264
v -70.71166 55.15344 68.61847
v -70.72266 55.14244 68.61847
v -41.29587 55.14244 68.61847
v -41.30687 55.15344 68.61847
v -41.30687 55.15344 67.84935
v -41.29587 55.14244 67.84935
v -70.71166 55.15344 67.84935
v -70.72266 55.14244 67.84935
v -41.29587 55.14244 64.24967
v -41.30687 55.14244 64.23867
v -41.30687 55.15344 64.24967
v -41.30687 55.14244 76.51992
v -41.29587 55.14244 76.50892
v -41.30687 55.15344 76.50892
v -70.71166 55.14244 64.23867
v -70.72266 55.14244 64.24967
v -70.71166 55.15344 64.24967
v -70.72266 55.14244 65.1264
v -70.71166 55.15344 65.1264
v -54.98491 50.61415 63.00138
v -54.98491 50.62515 62.99039
v -54.97391 50.62515 63.00138
v -54.97391 51.18687 63.00138
v -54.98491 51.18687 62.99039
v -54.98491 50.61415 64.88271
v -54.97391 50.62515 64.88271
v -55.31049 51.02877 63.34988
v -55.29949 51.02877 63.36088
v -55.31049 52.21792 63.34988
v -55.28887 52.22892 63.33821
v -55.29949 52.21792 63.36088
v -55.29949 52.21792 64.88271
v -55.28885 52.22892 64.87472
v -55.19228 52.23992 63.21997
v -55.18129 52.23992 63.23098
v -55.19191 52.22892 63.23166
v -55.19192 52.22892 64.80198
v -55.18129 52.23992 64.79399
v -55.18129 52.30903 63.23098
v -55.19228 52.30903 63.21997
v -51.1941 52.22892 64.87415
v -51.18401 52.21792 64.88271
v -51.19407 52.22892 63.3374
v -51.17301 52.21792 63.34988
v -51.18401 52.21792 63.36088
v -51.18401 51.02877 63.36088
v -51.17301 51.02877 63.34988
v -51.47226 50.62515 64.88271
v -51.46126 50.61415 64.88271
v -51.46126 51.18687 62.99039
v -51.47226 51.18687 63.00138
v -51.46126 50.62515 62.99039
v -51.46126 50.61415 63.00138
v -51.47226 50.62515 63.00138
v -44.40574 52.30903 63.23098
v -44.41674 52.30903 63.21997
v -44.41584 52.22892 64.80255
v -44.40574 52.23992 64.79399
v -44.41674 52.23992 63.21997
v -44.40574 52.23992 63.23098
v -44.4158 52.22892 63.23247
v -44.5104 52.21792 64.88271
v -44.5003 52.22892 64.87415
v -44.5104 52.21792 63.36088
v -44.52139 52.21792 63.34988
v -44.50034 52.22892 63.3374
v -44.52139 51.02877 63.34988
v -44.5104 51.02877 63.36088
v -44.23314 50.61415 64.88271
v -44.22214 50.62515 64.88271
v -44.22214 51.18687 63.00138
v -44.23314 51.18687 62.99039
v -44.23314 50.62515 62.99039
v -44.22214 50.62515 63.00138
v -44.23314 50.61415 63.00138
v -63.15179 50.61415 63.00138
v -63.1628 50.62515 63.00138
v -63.15179 50.62515 62.99039
v -63.15179 51.18687 62.99039
v -63.1628 51.18687 63.00138
v -63.1628 50.62515 64.88271
v -63.15179 50.61415 64.88271
v -62.83722 51.02877 63.36088
v -62.82622 51.02877 63.34988
v -62.82622 52.21792 63.34988
v -62.83722 52.21792 63.36088
v -62.84784 52.22892 63.33821
v -62.84786 52.22892 64.87472
v -62.83722 52.21792 64.88271
v -62.94442 52.23992 63.21997
v -62.9448 52.22892 63.23166
v -62.95542 52.23992 63.23098
v -62.95542 52.23992 64.79399
v -62.94479 52.22892 64.80198
v -62.94442 52.30903 63.21997
v -62.95542 52.30903 63.23098
v -51.28866 52.23992 63.23098
v -51.27766 52.23992 63.21997
v -51.2786 52.22892 63.23247
v -51.28866 52.23992 64.79399
v -51.27856 52.22892 64.80255
v -51.27766 52.30903 63.21997
v -51.28866 52.30903 63.23098
v -65.35578 -0.206716 71.45251
v -65.35578 5.359907 71.45251
v -65.35578 -0.206716 71.18619
v -65.35578 5.359907 71.18619
v -65.23734 -0.206716 71.45251
v -65.23734 5.359907 71.45251
v -65.23734 -0.206716 71.18619
v -65.23734 5.359907 71.18619
v -61.87357 -0.206716 71.45251
v -61.87357 5.359907 71.45251
v -61.87357 -0.206716 71.18619
v -61.87357 5.359907 71.18619
v -61.75513 -0.206716 71.45251
v -61.75513 5.359907 71.45251
v -61.75513 -0.206716 71.18619
v -61.75513 5.359907 71.18619
#end vertices

#begin 2679 textures vertices 
vt 0.5822403 0.4384278 0
vt 0.6097095 0.4890807 0
vt 0.5795344 0.4398951 0
vt 0.607004 0.4905483 0
vt 0.574123 0.4428299 0
vt 0.6015925 0.4934828 0
vt 0.5768288 0.4413626 0
vt 0.6042981 0.4920155 0
vt 0.6137003 0.3093119 0
vt 0.6411699 0.359965 0
vt 0.6109947 0.3107792 0
vt 0.638464 0.3614323 0
vt 0.6055832 0.3137137 0
vt 0.6330525 0.3643671 0
vt 0.6082888 0.3122464 0
vt 0.6357584 0.3628998 0
vt 0.7777058 0.003953269 0
vt 0.7423517 0.003913107 0
vt 0.9778215 0.01306832 0
vt 0.9779035 0.00396426 0
vt 0.9714599 0.00390625 0
vt 0.004156094 0.00390625 0
vt 0.3995385 0.5270036 0
vt 0.7419167 0.3863023 0
vt 0.7354629 0.395399 0
vt 0.7419065 0.3954063 0
vt 0.06524119 0.5355517 0
vt 0.004056694 0.4419551 0
vt 0.003955144 0.5354829 0
vt 0.7418002 0.4889364 0
vt 0.7771539 0.4889766 0
vt 0.7772606 0.395447 0
vt 0.7772709 0.3863425 0
vt 0.7775731 0.1203046 0
vt 0.7773072 0.3541107 0
vt 0.7419535 0.3540705 0
vt 0.7422194 0.1202639 0
vt 0.4341064 0.5712758 0
vt 0.7422841 0.06328406 0
vt 0.7776383 0.06332423 0
vt 0.004071738 0.425669 0
vt 0.7419682 0.3411511 0
vt 0.5754148 0.7409151 0
vt 0.7773219 0.3411913 0
vt 0.00847921 0.00391216 0
vt 0.008380347 0.4419599 0
vt 0.00827826 0.5354877 0
vt 0.008394317 0.4256722 0
vt 0.06120123 0.003982009 0
vt 0.06110344 0.4420142 0
vt 0.06099974 0.5355468 0
vt 0.06111903 0.4257431 0
vt 0.4369089 0.5745939 0
vt 0.7775682 0.1247219 0
vt 0.7422145 0.1246817 0
vt 0.00390625 0.209243 0
vt 0.7419745 0.3354574 0
vt 0.004074962 0.4199817 0
vt 0.5717523 0.7365233 0
vt 0.7773287 0.3354976 0
vt 0.777699 0.009820326 0
vt 0.7776995 0.009509807 0
vt 0.7423453 0.009469645 0
vt 0.7423448 0.009780164 0
vt 0.3705738 0.4825673 0
vt 0.370723 0.4828392 0
vt 0.342913 0.500271 0
vt 0.3434291 0.5003089 0
vt 0.3431865 0.5005035 0
vt 0.004144274 0.01279104 0
vt 0.004143737 0.0131016 0
vt 0.3732953 0.5457694 0
vt 0.3737986 0.5459661 0
vt 0.3732372 0.5460226 0
vt 0.00407335 0.06638671 0
vt 0.004072813 0.06669727 0
vt 0.4090221 0.591732 0
vt 0.4092141 0.5912042 0
vt 0.4092732 0.5917635 0
vt 0.3421395 0.5710647 0
vt 0.3423591 0.5712838 0
vt 0.3421037 0.5714602 0
vt 0.375745 0.6160411 0
vt 0.3759844 0.6158438 0
vt 0.3761464 0.6161088 0
vt 0.00401962 0.1071275 0
vt 0.004019083 0.107438 0
vt 0.003950846 0.1639835 0
vt 0.003950846 0.1642941 0
vt 0.003909474 0.2047286 0
vt 0.003908936 0.2050397 0
vt 0.004065828 0.4327619 0
vt 0.004065828 0.4330725 0
vt 0.5551329 0.7669307 0
vt 0.5550012 0.7674435 0
vt 0.5548594 0.7670789 0
vt 0.5799847 0.7463476 0
vt 0.5801878 0.7465827 0
vt 0.7773135 0.3485546 0
vt 0.777314 0.3482436 0
vt 0.7419598 0.3482034 0
vt 0.7419598 0.348514 0
vt 0.5843845 0.7429393 0
vt 0.5841632 0.7427261 0
vt 0.5844143 0.7425464 0
vt 0.438704 0.5676303 0
vt 0.4384592 0.5678217 0
vt 0.4040482 0.5237612 0
vt 0.4042998 0.5235794 0
vt 0.3754619 0.4799124 0
vt 0.3753292 0.4796346 0
vt 0.3757136 0.4797306 0
vt 0.5508146 0.7613804 0
vt 0.5505641 0.7615638 0
vt 0.5796845 0.7373416 0
vt 0.5799255 0.7371454 0
vt 0.008467389 0.01279695 0
vt 0.008467389 0.01310751 0
vt 0.008396466 0.06639262 0
vt 0.008396466 0.06670318 0
vt 0.008343273 0.1071329 0
vt 0.008342736 0.1074434 0
vt 0.008274499 0.1639889 0
vt 0.008273961 0.1642994 0
vt 0.008232589 0.2047323 0
vt 0.008232589 0.2050429 0
vt 0.008388944 0.4327651 0
vt 0.008388944 0.4330757 0
vt 0.06118941 0.01317682 0
vt 0.06118995 0.0128668 0
vt 0.06111795 0.06677196 0
vt 0.06111849 0.0664614 0
vt 0.0610653 0.10751 0
vt 0.06106583 0.1071995 0
vt 0.06099491 0.1640469 0
vt 0.06099437 0.164358 0
vt 0.06095891 0.2047823 0
vt 0.06095891 0.2050929 0
vt 0.06111258 0.4328183 0
vt 0.06111204 0.4331289 0
vt 0.4414356 0.5708626 0
vt 0.4411963 0.5710604 0
vt 0.4122097 0.5949126 0
vt 0.4119719 0.5951125 0
vt 0.008461479 0.20933 0
vt 0.008320707 0.2094708 0
vt 0.008010147 0.2090205 0
vt 0.06072411 0.2093805 0
vt 0.06117598 0.2090716 0
vt 0.06086596 0.2095224 0
vt 0.5760263 0.7329706 0
vt 0.5762651 0.7327723 0
vt 0.5469474 0.7572258 0
vt 0.5471873 0.757028 0
vt 0.008488881 0.4197479 0
vt 0.008630191 0.4198898 0
vt 0.008178859 0.4201993 0
vt 0.06103252 0.4198194 0
vt 0.06134308 0.4202702 0
vt 0.06089175 0.4199596 0
vt 0.6623592 0.4829488 0
vt 0.6621159 0.4829577 0
vt 0.6622725 0.4827029 0
vt 0.6957801 0.4419981 0
vt 0.6955138 0.4419652 0
vt 0.6957294 0.4417606 0
vt 0.5315761 0.3078656 0
vt 0.53142 0.3081204 0
vt 0.5313328 0.3078745 0
vt 0.4979493 0.349052 0
vt 0.4978986 0.348815 0
vt 0.4981654 0.3488479 0
vt 0.7991555 0.3981801 0
vt 0.8811921 0.3707533 0
vt 0.8304975 0.3624617 0
vt 0.7864795 0.388862 0
vt 0.4862645 0.8319069 0
vt 0.379875 0.8098741 0
vt 0.4968393 0.8216406 0
vt 0.3774965 0.7946496 0
vt 0.00390625 0.8172503 0
vt 0.6066075 0.9757555 0
vt 0.006230808 0.7162719 0
vt 0.006011097 0.7252111 0
vt 0.5977181 0.9757555 0
vt 0.638079 0.9757555 0
vt 0.594772 0.6156921 0
vt 0.6442589 0.5758501 0
vt 0.06929347 0.7267966 0
vt 0.4400169 0.2993074 0
vt 0.4462611 0.307432 0
vt 0.5977181 0.9129597 0
vt 0.6066075 0.9129597 0
vt 0.07013427 0.6860341 0
vt 0.06945659 0.717729 0
vt 0.04517967 0.2172119 0
vt 0.8701933 0.6509286 0
vt 0.872142 0.6359861 0
vt 0.2863387 0.8905115 0
vt 0.8944447 0.8731897 0
vt 0.8919237 0.8879559 0
vt 0.2859255 0.9923287 0
vt 0.04481854 0.329832 0
vt 0.7585894 0.6735114 0
vt 0.7510868 0.6603872 0
vt 0.789624 0.9050777 0
vt 0.782547 0.8918129 0
vt 0.8289767 0.3394021 0
vt 0.8288968 0.3392663 0
vt 0.828967 0.3392234 0
vt 0.8744857 0.3514727 0
vt 0.87436 0.3515803 0
vt 0.8744377 0.3514059 0
vt 0.826642 0.3333518 0
vt 0.8260493 0.3335586 0
vt 0.8784719 0.3463014 0
vt 0.8781688 0.3459639 0
vt 0.8741721 0.3723595 0
vt 0.8743894 0.3723339 0
vt 0.7918824 0.3929849 0
vt 0.7920207 0.3930871 0
vt 0.4408109 0.8026503 0
vt 0.4408791 0.802555 0
vt 0.4761261 0.819553 0
vt 0.4762179 0.8196388 0
vt 0.4419355 0.788853 0
vt 0.4422054 0.7886683 0
vt 0.4422658 0.7889363 0
vt 0.4850245 0.8077521 0
vt 0.4850287 0.8080503 0
vt 0.4847818 0.8078825 0
vt 0.496174 0.8233243 0
vt 0.496209 0.8231378 0
vt 0.3777368 0.7960532 0
vt 0.3777603 0.7961987 0
vt 0.4432655 0.7878334 0
vt 0.4431236 0.7880091 0
vt 0.4431508 0.7878575 0
vt 0.4852418 0.8065079 0
vt 0.4852913 0.8066057 0
vt 0.4851959 0.8067265 0
vt 0.4960696 0.8222159 0
vt 0.4961251 0.822039 0
vt 0.3776348 0.7954568 0
vt 0.3776601 0.7956035 0
vt 0.4435667 0.7870824 0
vt 0.443053 0.7870468 0
vt 0.4859463 0.806121 0
vt 0.4856354 0.805798 0
vt 0.3966831 0.3464589 0
vt 0.3967945 0.346572 0
vt 0.5921518 0.6113994 0
vt 0.5922407 0.6115294 0
vt 0.0464312 0.8179637 0
vt 0.04631136 0.8181197 0
vt 0.627347 0.5876226 0
vt 0.6276387 0.5877127 0
vt 0.6274718 0.5878231 0
vt 0.04838862 0.7261299 0
vt 0.04856933 0.7261318 0
vt 0.4252766 0.3154268 0
vt 0.4253897 0.3152906 0
vt 0.4296406 0.3197656 0
vt 0.4297856 0.3196284 0
vt 0.4297869 0.3199365 0
vt 0.5977181 0.9334752 0
vt 0.5977181 0.9336553 0
vt 0.6066075 0.9334752 0
vt 0.6066075 0.9336553 0
vt 0.04931502 0.6855638 0
vt 0.04949573 0.685569 0
vt 0.04879047 0.7172107 0
vt 0.04860928 0.7172054 0
vt 0.06512372 0.8191107 0
vt 0.06560071 0.8187669 0
vt 0.6337092 0.5882841 0
vt 0.633748 0.5883439 0
vt 0.6335674 0.5883935 0
vt 0.05298875 0.7262307 0
vt 0.05317089 0.7262345 0
vt 0.05045732 0.8171186 0
vt 0.05062425 0.8170901 0
vt 0.05054768 0.8171609 0
vt 0.4273751 0.3108166 0
vt 0.4274751 0.3106415 0
vt 0.4310508 0.3137144 0
vt 0.4311018 0.3137605 0
vt 0.4309557 0.313865 0
vt 0.5977181 0.9289292 0
vt 0.5977181 0.9291092 0
vt 0.6066075 0.9289292 0
vt 0.6066075 0.9291092 0
vt 0.05389137 0.6856727 0
vt 0.05407256 0.6856788 0
vt 0.05337443 0.7173257 0
vt 0.05319324 0.717321 0
vt 0.06543427 0.6859342 0
vt 0.06561546 0.685938 0
vt 0.5977181 0.9174531 0
vt 0.5977181 0.9176331 0
vt 0.0645949 0.7266068 0
vt 0.06477656 0.7266159 0
vt 0.0649373 0.7176272 0
vt 0.06475611 0.7176244 0
vt 0.6066075 0.9174531 0
vt 0.6066075 0.9176331 0
vt 0.6429078 0.5817984 0
vt 0.6428588 0.5817406 0
vt 0.6430074 0.581641 0
vt 0.06152703 0.8177825 0
vt 0.06140957 0.8176626 0
vt 0.06157364 0.8176807 0
vt 0.4400613 0.3069008 0
vt 0.4400188 0.3068208 0
vt 0.4402001 0.3067865 0
vt 0.4363347 0.3022272 0
vt 0.4365035 0.3021223 0
vt 0.0258944 0.2260721 0
vt 0.025721 0.2260457 0
vt 0.02578508 0.2259918 0
vt 0.01992437 0.2239796 0
vt 0.01963637 0.2244383 0
vt 0.04800655 0.2237896 0
vt 0.04793417 0.22358 0
vt 0.8549381 0.647394 0
vt 0.8550516 0.6474363 0
vt 0.8539734 0.6335068 0
vt 0.8541684 0.6332714 0
vt 0.8542801 0.6334983 0
vt 0.8724281 0.6383472 0
vt 0.8723786 0.6381618 0
vt 0.8546525 0.6317138 0
vt 0.8547419 0.6317253 0
vt 0.8546912 0.631898 0
vt 0.8718257 0.636917 0
vt 0.8718118 0.6367281 0
vt 0.854958 0.6309532 0
vt 0.8545197 0.6309133 0
vt 0.783013 0.8938286 0
vt 0.7830245 0.8940212 0
vt 0.7982833 0.8827805 0
vt 0.7985405 0.8829393 0
vt 0.7982507 0.8830401 0
vt 0.8027138 0.8965959 0
vt 0.8028182 0.8965337 0
vt 0.2835888 0.8968891 0
vt 0.2835173 0.8970996 0
vt 0.3113148 0.8977878 0
vt 0.3110323 0.8973496 0
vt 0.3051315 0.8995299 0
vt 0.3049591 0.8995605 0
vt 0.3050712 0.899475 0
vt 0.8772952 0.8674052 0
vt 0.8768587 0.867343 0
vt 0.8941036 0.8741079 0
vt 0.8940873 0.8739202 0
vt 0.8769619 0.8681489 0
vt 0.8770489 0.8681701 0
vt 0.8770018 0.8683403 0
vt 0.8946886 0.8754306 0
vt 0.8946385 0.8752453 0
vt 0.8767416 0.8698622 0
vt 0.8764337 0.8698634 0
vt 0.8766263 0.8696292 0
vt 0.8767669 0.8837724 0
vt 0.8768798 0.8838207 0
vt 0.2831158 0.9857303 0
vt 0.2831874 0.9859397 0
vt 0.3111864 0.9855644 0
vt 0.3114735 0.985113 0
vt 0.3054503 0.9833659 0
vt 0.3053856 0.9834209 0
vt 0.3052776 0.9833372 0
vt 0.02616996 0.3209276 0
vt 0.02605876 0.3210094 0
vt 0.02599618 0.3209567 0
vt 0.01977961 0.3225569 0
vt 0.02006008 0.3230059 0
vt 0.04758359 0.3234733 0
vt 0.04765597 0.3232626 0
vt 0.7713785 0.6646788 0
vt 0.7714812 0.6646161 0
vt 0.766907 0.6511677 0
vt 0.7666233 0.6512806 0
vt 0.7666366 0.651027 0
vt 0.7516947 0.6624935 0
vt 0.7517194 0.6626837 0
vt 0.7655856 0.6497859 0
vt 0.7656218 0.6499712 0
vt 0.7655095 0.6498317 0
vt 0.7516736 0.6609487 0
vt 0.7517321 0.6611292 0
vt 0.7653966 0.6489968 0
vt 0.765012 0.6491967 0
vt 0.797411 0.8815472 0
vt 0.797484 0.8814977 0
vt 0.7975094 0.8816921 0
vt 0.7831169 0.8923936 0
vt 0.783161 0.8925778 0
vt 0.7973192 0.8807026 0
vt 0.7969317 0.8808964 0
vt 0.7991555 0.4530877 0
vt 0.8811921 0.4256609 0
vt 0.8304975 0.4173693 0
vt 0.7864795 0.4437696 0
vt 0.1834597 0.8342428 0
vt 0.07707031 0.8122099 0
vt 0.1940346 0.8239764 0
vt 0.07469177 0.7969855 0
vt 0.00390625 0.675985 0
vt 0.08751363 0.7543223 0
vt 0.006230808 0.5750066 0
vt 0.006011097 0.5839458 0
vt 0.0786243 0.7543223 0
vt 0.1189851 0.7543223 0
vt 0.3745504 0.320291 0
vt 0.4240373 0.280449 0
vt 0.06929348 0.5855313 0
vt 0.2197952 0.00390625 0
vt 0.2260395 0.0120308 0
vt 0.0786243 0.6915265 0
vt 0.08751363 0.6915265 0
vt 0.07013427 0.5447688 0
vt 0.06945659 0.5764637 0
vt 0.04517967 0.8659025 0
vt 0.8701933 0.6840343 0
vt 0.872142 0.6690918 0
vt 0.4121796 0.8918769 0
vt 0.6309653 0.8903632 0
vt 0.6284443 0.9051294 0
vt 0.4117665 0.9936941 0
vt 0.04481854 0.9785226 0
vt 0.7585894 0.7066171 0
vt 0.7510868 0.6934929 0
vt 0.5261446 0.9222511 0
vt 0.5190676 0.9089863 0
vt 0.8289767 0.3943096 0
vt 0.8288968 0.3941739 0
vt 0.828967 0.394131 0
vt 0.8744857 0.4063803 0
vt 0.87436 0.4064879 0
vt 0.8744377 0.4063134 0
vt 0.826642 0.3882594 0
vt 0.8260493 0.3884662 0
vt 0.8784719 0.401209 0
vt 0.8781688 0.4008715 0
vt 0.8741721 0.4272671 0
vt 0.8743894 0.4272415 0
vt 0.7918824 0.4478925 0
vt 0.7920207 0.4479946 0
vt 0.1380061 0.8049862 0
vt 0.1380743 0.8048908 0
vt 0.1733214 0.8218889 0
vt 0.1734131 0.8219746 0
vt 0.1391308 0.7911889 0
vt 0.1394007 0.7910041 0
vt 0.139461 0.7912722 0
vt 0.1822198 0.810088 0
vt 0.182224 0.8103862 0
vt 0.1819771 0.8102184 0
vt 0.1933693 0.8256601 0
vt 0.1934043 0.8254736 0
vt 0.07493204 0.7983891 0
vt 0.07495559 0.7985346 0
vt 0.1404607 0.7901692 0
vt 0.1403189 0.7903449 0
vt 0.140346 0.7901934 0
vt 0.1824371 0.8088438 0
vt 0.1824866 0.8089416 0
vt 0.1823912 0.8090623 0
vt 0.1932649 0.8245518 0
vt 0.1933204 0.8243749 0
vt 0.07483002 0.7977926 0
vt 0.07485537 0.7979393 0
vt 0.140762 0.7894182 0
vt 0.1402482 0.7893826 0
vt 0.1831416 0.8084568 0
vt 0.1828307 0.8081338 0
vt 0.1764615 0.05105778 0
vt 0.1765729 0.05117081 0
vt 0.3719302 0.3159983 0
vt 0.3720191 0.3161283 0
vt 0.0464312 0.6766984 0
vt 0.04631136 0.6768544 0
vt 0.4071254 0.2922214 0
vt 0.4074171 0.2923116 0
vt 0.4072502 0.292422 0
vt 0.04838862 0.5848646 0
vt 0.04856934 0.5848665 0
vt 0.205055 0.02002566 0
vt 0.205168 0.01988944 0
vt 0.209419 0.02436446 0
vt 0.209564 0.02422726 0
vt 0.2095653 0.02453531 0
vt 0.0786243 0.712042 0
vt 0.0786243 0.7122221 0
vt 0.08751363 0.712042 0
vt 0.08751363 0.7122221 0
vt 0.04931502 0.5442985 0
vt 0.04949574 0.5443037 0
vt 0.04879048 0.5759454 0
vt 0.04860929 0.5759401 0
vt 0.06512373 0.6778454 0
vt 0.06560072 0.6775016 0
vt 0.4134876 0.2928829 0
vt 0.4135264 0.2929427 0
vt 0.4133458 0.2929924 0
vt 0.05298876 0.5849654 0
vt 0.0531709 0.5849692 0
vt 0.05045733 0.6758533 0
vt 0.05062425 0.6758248 0
vt 0.05054769 0.6758956 0
vt 0.2071535 0.0154154 0
vt 0.2072535 0.01524031 0
vt 0.2108292 0.01831327 0
vt 0.2108801 0.01835933 0
vt 0.2107341 0.01846387 0
vt 0.0786243 0.707496 0
vt 0.0786243 0.707676 0
vt 0.08751363 0.707496 0
vt 0.08751363 0.707676 0
vt 0.05389138 0.5444074 0
vt 0.05407257 0.5444135 0
vt 0.05337444 0.5760604 0
vt 0.05319325 0.5760557 0
vt 0.06543427 0.5446689 0
vt 0.06561546 0.5446727 0
vt 0.0786243 0.6960199 0
vt 0.0786243 0.6961999 0
vt 0.0645949 0.5853415 0
vt 0.06477657 0.5853506 0
vt 0.06493731 0.5763619 0
vt 0.06475612 0.5763591 0
vt 0.08751363 0.6960199 0
vt 0.08751363 0.6961999 0
vt 0.4226862 0.2863973 0
vt 0.4226372 0.2863395 0
vt 0.4227858 0.2862398 0
vt 0.06152704 0.6765172 0
vt 0.06140957 0.6763974 0
vt 0.06157364 0.6764154 0
vt 0.2198397 0.01149964 0
vt 0.2197972 0.0114196 0
vt 0.2199785 0.0113853 0
vt 0.216113 0.006826005 0
vt 0.2162819 0.006721145 0
vt 0.0258944 0.8747627 0
vt 0.025721 0.8747363 0
vt 0.02578508 0.8746824 0
vt 0.01992437 0.8726702 0
vt 0.01963637 0.873129 0
vt 0.04800655 0.8724802 0
vt 0.04793417 0.8722706 0
vt 0.8549381 0.6804997 0
vt 0.8550516 0.6805419 0
vt 0.8539734 0.6666124 0
vt 0.8541684 0.666377 0
vt 0.8542801 0.666604 0
vt 0.8724281 0.6714528 0
vt 0.8723786 0.6712675 0
vt 0.8546525 0.6648195 0
vt 0.8547419 0.664831 0
vt 0.8546912 0.6650036 0
vt 0.8718257 0.6700227 0
vt 0.8718118 0.6698337 0
vt 0.854958 0.6640588 0
vt 0.8545197 0.664019 0
vt 0.5195336 0.911002 0
vt 0.5195451 0.9111946 0
vt 0.5348039 0.8999539 0
vt 0.5350611 0.9001127 0
vt 0.5347713 0.9002135 0
vt 0.5392343 0.9137693 0
vt 0.5393388 0.9137072 0
vt 0.4094298 0.8982545 0
vt 0.4093582 0.8984651 0
vt 0.4371557 0.8991532 0
vt 0.4368732 0.898715 0
vt 0.4309724 0.9008953 0
vt 0.4308001 0.900926 0
vt 0.4309122 0.9008404 0
vt 0.6138157 0.8845786 0
vt 0.6133793 0.8845164 0
vt 0.6306242 0.8912814 0
vt 0.6306079 0.8910936 0
vt 0.6134825 0.8853224 0
vt 0.6135694 0.8853435 0
vt 0.6135223 0.8855137 0
vt 0.6312092 0.892604 0
vt 0.6311591 0.8924187 0
vt 0.6132621 0.8870356 0
vt 0.6129543 0.8870368 0
vt 0.6131468 0.8868026 0
vt 0.6132875 0.9009458 0
vt 0.6134004 0.9009941 0
vt 0.4089567 0.9870957 0
vt 0.4090283 0.9873051 0
vt 0.4370273 0.9869298 0
vt 0.4373144 0.9864784 0
vt 0.4312913 0.9847314 0
vt 0.4312265 0.9847863 0
vt 0.4311186 0.9847026 0
vt 0.02616996 0.9696183 0
vt 0.02605876 0.9697001 0
vt 0.02599618 0.9696473 0
vt 0.01977961 0.9712475 0
vt 0.02006008 0.9716965 0
vt 0.04758359 0.9721639 0
vt 0.04765597 0.9719532 0
vt 0.7713785 0.6977845 0
vt 0.7714812 0.6977217 0
vt 0.766907 0.6842733 0
vt 0.7666233 0.6843862 0
vt 0.7666366 0.6841327 0
vt 0.7516947 0.6955991 0
vt 0.7517194 0.6957893 0
vt 0.7655856 0.6828915 0
vt 0.7656218 0.6830768 0
vt 0.7655095 0.6829374 0
vt 0.7516736 0.6940543 0
vt 0.7517321 0.6942348 0
vt 0.7653966 0.6821025 0
vt 0.765012 0.6823023 0
vt 0.5339316 0.8987206 0
vt 0.5340046 0.8986711 0
vt 0.53403 0.8988655 0
vt 0.5196374 0.9095671 0
vt 0.5196815 0.9097512 0
vt 0.5338398 0.897876 0
vt 0.5334522 0.8980698 0
vt 0.7991555 0.1236422 0
vt 0.8811921 0.09621542 0
vt 0.8304975 0.08792381 0
vt 0.7864795 0.1143241 0
vt 0.7851367 0.8462518 0
vt 0.6787473 0.8242189 0
vt 0.7957115 0.8359854 0
vt 0.6763687 0.8089945 0
vt 0.7432217 0.6294404 0
vt 0.6891906 0.209045 0
vt 0.7455463 0.5284619 0
vt 0.7453266 0.5374011 0
vt 0.6803012 0.209045 0
vt 0.7206621 0.209045 0
vt 0.6694901 0.320291 0
vt 0.7189769 0.2804489 0
vt 0.8086089 0.5389867 0
vt 0.5147349 0.00390625 0
vt 0.5209792 0.0120308 0
vt 0.6803012 0.1462492 0
vt 0.6891906 0.1462492 0
vt 0.8094497 0.4982241 0
vt 0.808772 0.5299191 0
vt 0.9182011 0.2447719 0
vt 0.8701933 0.7171399 0
vt 0.872142 0.7021974 0
vt 0.9391385 0.5709081 0
vt 0.925905 0.5894949 0
vt 0.923384 0.6042611 0
vt 0.9387253 0.6727254 0
vt 0.91784 0.3573921 0
vt 0.7585894 0.7397227 0
vt 0.7510868 0.7265985 0
vt 0.8210843 0.6213829 0
vt 0.8140072 0.6081181 0
vt 0.8289767 0.06486412 0
vt 0.8288968 0.06472834 0
vt 0.828967 0.06468546 0
vt 0.8744857 0.07693476 0
vt 0.87436 0.07704237 0
vt 0.8744378 0.07686792 0
vt 0.826642 0.05881387 0
vt 0.8260493 0.05902069 0
vt 0.878472 0.07176349 0
vt 0.8781689 0.07142594 0
vt 0.8741721 0.09782161 0
vt 0.8743894 0.09779597 0
vt 0.7918824 0.118447 0
vt 0.7920207 0.1185492 0
vt 0.7396831 0.8169952 0
vt 0.7397513 0.8168998 0
vt 0.7749983 0.8338979 0
vt 0.7750901 0.8339836 0
vt 0.7408077 0.8031978 0
vt 0.7410776 0.8030131 0
vt 0.741138 0.8032812 0
vt 0.7838967 0.8220969 0
vt 0.7839009 0.8223952 0
vt 0.783654 0.8222273 0
vt 0.7950462 0.8376691 0
vt 0.7950812 0.8374826 0
vt 0.676609 0.810398 0
vt 0.6766325 0.8105435 0
vt 0.7421377 0.8021782 0
vt 0.7419958 0.8023539 0
vt 0.742023 0.8022024 0
vt 0.784114 0.8208527 0
vt 0.7841635 0.8209505 0
vt 0.7840681 0.8210713 0
vt 0.7949418 0.8365607 0
vt 0.7949973 0.8363839 0
vt 0.676507 0.8098016 0
vt 0.6765323 0.8099483 0
vt 0.7424389 0.8014272 0
vt 0.7419252 0.8013916 0
vt 0.7848185 0.8204658 0
vt 0.7845076 0.8201428 0
vt 0.4714011 0.05105777 0
vt 0.4715125 0.0511708 0
vt 0.6668699 0.3159982 0
vt 0.6669587 0.3161282 0
vt 0.7857467 0.6301537 0
vt 0.7856268 0.6303097 0
vt 0.702065 0.2922214 0
vt 0.7023567 0.2923116 0
vt 0.7021898 0.292422 0
vt 0.7877041 0.5383199 0
vt 0.7878848 0.5383218 0
vt 0.4999947 0.02002566 0
vt 0.5001077 0.01988944 0
vt 0.5043586 0.02436446 0
vt 0.5045037 0.02422726 0
vt 0.504505 0.02453531 0
vt 0.6803012 0.1667647 0
vt 0.6803012 0.1669447 0
vt 0.6891906 0.1667647 0
vt 0.6891906 0.1669447 0
vt 0.7886305 0.4977538 0
vt 0.7888112 0.497759 0
vt 0.7881059 0.5294007 0
vt 0.7879247 0.5293955 0
vt 0.8044392 0.6313008 0
vt 0.8049162 0.630957 0
vt 0.7084272 0.2928829 0
vt 0.7084661 0.2929427 0
vt 0.7082854 0.2929923 0
vt 0.7923042 0.5384207 0
vt 0.7924864 0.5384245 0
vt 0.7897728 0.6293087 0
vt 0.7899397 0.6292801 0
vt 0.7898631 0.629351 0
vt 0.5020932 0.0154154 0
vt 0.5021932 0.01524031 0
vt 0.5057689 0.01831327 0
vt 0.5058198 0.01835933 0
vt 0.5056738 0.01846386 0
vt 0.6803012 0.1622186 0
vt 0.6803012 0.1623987 0
vt 0.6891906 0.1622186 0
vt 0.6891906 0.1623987 0
vt 0.7932068 0.4978627 0
vt 0.793388 0.4978689 0
vt 0.7926899 0.5295158 0
vt 0.7925087 0.529511 0
vt 0.8047497 0.4981243 0
vt 0.8049309 0.4981281 0
vt 0.6803012 0.1507426 0
vt 0.6803012 0.1509226 0
vt 0.8039104 0.5387969 0
vt 0.804092 0.5388059 0
vt 0.8042528 0.5298173 0
vt 0.8040716 0.5298144 0
vt 0.6891906 0.1507426 0
vt 0.6891906 0.1509226 0
vt 0.7176258 0.2863972 0
vt 0.7175768 0.2863394 0
vt 0.7177255 0.2862398 0
vt 0.8008425 0.6299725 0
vt 0.800725 0.6298527 0
vt 0.8008891 0.6298708 0
vt 0.5147793 0.01149964 0
vt 0.5147369 0.0114196 0
vt 0.5149182 0.0113853 0
vt 0.5110527 0.006826005 0
vt 0.5112216 0.006721144 0
vt 0.8989159 0.2536322 0
vt 0.8987424 0.2536058 0
vt 0.8988065 0.2535519 0
vt 0.8929458 0.2515396 0
vt 0.8926578 0.2519984 0
vt 0.921028 0.2513496 0
vt 0.9209556 0.2511401 0
vt 0.8549381 0.7136053 0
vt 0.8550516 0.7136476 0
vt 0.8539734 0.6997181 0
vt 0.8541684 0.6994826 0
vt 0.85428 0.6997096 0
vt 0.8724281 0.7045585 0
vt 0.8723786 0.7043731 0
vt 0.8546525 0.6979251 0
vt 0.8547419 0.6979366 0
vt 0.8546912 0.6981093 0
vt 0.8718256 0.7031283 0
vt 0.8718118 0.7029394 0
vt 0.854958 0.6971645 0
vt 0.8545197 0.6971246 0
vt 0.8144733 0.6101338 0
vt 0.8144847 0.6103264 0
vt 0.8297436 0.5990857 0
vt 0.8300007 0.5992445 0
vt 0.829711 0.5993453 0
vt 0.834174 0.6129011 0
vt 0.8342785 0.6128389 0
vt 0.9363887 0.5772857 0
vt 0.9363171 0.5774963 0
vt 0.9641146 0.5781844 0
vt 0.9638321 0.5777463 0
vt 0.9579313 0.5799265 0
vt 0.957759 0.5799572 0
vt 0.9578711 0.5798716 0
vt 0.9087554 0.5837104 0
vt 0.9083189 0.5836482 0
vt 0.9255639 0.5904131 0
vt 0.9255476 0.5902254 0
vt 0.9084222 0.5844541 0
vt 0.9085091 0.5844753 0
vt 0.908462 0.5846455 0
vt 0.9261488 0.5917358 0
vt 0.9260987 0.5915505 0
vt 0.9082018 0.5861674 0
vt 0.9078939 0.5861686 0
vt 0.9080865 0.5859344 0
vt 0.9082272 0.6000776 0
vt 0.9083401 0.6001259 0
vt 0.9359156 0.666127 0
vt 0.9359872 0.6663364 0
vt 0.9639862 0.6659611 0
vt 0.9642733 0.6655097 0
vt 0.9582502 0.6637627 0
vt 0.9581854 0.6638176 0
vt 0.9580775 0.6637339 0
vt 0.8991914 0.3484878 0
vt 0.8990802 0.3485696 0
vt 0.8990176 0.3485168 0
vt 0.8928011 0.350117 0
vt 0.8930815 0.350566 0
vt 0.9206051 0.3510334 0
vt 0.9206774 0.3508227 0
vt 0.7713785 0.7308901 0
vt 0.7714812 0.7308273 0
vt 0.766907 0.717379 0
vt 0.7666233 0.7174919 0
vt 0.7666366 0.7172383 0
vt 0.7516947 0.7287048 0
vt 0.7517194 0.7288949 0
vt 0.7655856 0.7159971 0
vt 0.7656218 0.7161825 0
vt 0.7655095 0.716043 0
vt 0.7516736 0.7271599 0
vt 0.7517321 0.7273404 0
vt 0.7653966 0.7152081 0
vt 0.765012 0.7154079 0
vt 0.8288712 0.5978524 0
vt 0.8289443 0.5978029 0
vt 0.8289696 0.5979973 0
vt 0.8145771 0.6086988 0
vt 0.8146212 0.608883 0
vt 0.8287795 0.5970078 0
vt 0.8283919 0.5972016 0
vt 0.2446689 0.9134482 0
vt 0.3267055 0.8860214 0
vt 0.2760109 0.8777298 0
vt 0.2319929 0.9041301 0
vt 0.8047993 0.8192707 0
vt 0.6984099 0.7972378 0
vt 0.8153742 0.8090043 0
vt 0.6960314 0.7820134 0
vt 0.6606386 0.6258432 0
vt 0.5869448 0.06670201 0
vt 0.6629632 0.5248647 0
vt 0.6627434 0.5338039 0
vt 0.5780555 0.06670201 0
vt 0.6184163 0.06670201 0
vt 0.5711769 0.320291 0
vt 0.6206637 0.280449 0
vt 0.7260258 0.5353895 0
vt 0.4164217 0.00390625 0
vt 0.4226659 0.0120308 0
vt 0.5780555 0.00390625 0
vt 0.5869448 0.00390625 0
vt 0.7268666 0.4946269 0
vt 0.7261889 0.5263219 0
vt 0.9575264 0.00390625 0
vt 0.5791861 0.8508739 0
vt 0.5811348 0.8359314 0
vt 0.7307145 0.8931064 0
vt 0.7528737 0.8720194 0
vt 0.7503527 0.8867856 0
vt 0.7303013 0.9949236 0
vt 0.9571653 0.1165264 0
vt 0.4675823 0.8734567 0
vt 0.4600796 0.8603325 0
vt 0.648053 0.9039074 0
vt 0.640976 0.8906426 0
vt 0.2744901 0.8546701 0
vt 0.2744102 0.8545343 0
vt 0.2744804 0.8544915 0
vt 0.3199991 0.8667407 0
vt 0.3198734 0.8668483 0
vt 0.3199511 0.8666739 0
vt 0.2721554 0.8486199 0
vt 0.2715627 0.8488267 0
vt 0.3239853 0.8615695 0
vt 0.3236823 0.8612319 0
vt 0.3196855 0.8876276 0
vt 0.3199028 0.8876019 0
vt 0.2373958 0.908253 0
vt 0.2375341 0.9083551 0
vt 0.7593457 0.7900141 0
vt 0.7594139 0.7899187 0
vt 0.794661 0.8069168 0
vt 0.7947527 0.8070025 0
vt 0.7604704 0.7762167 0
vt 0.7607402 0.776032 0
vt 0.7608006 0.7763 0
vt 0.8035594 0.7951158 0
vt 0.8035636 0.7954141 0
vt 0.8033167 0.7952462 0
vt 0.8147089 0.810688 0
vt 0.8147439 0.8105015 0
vt 0.6962716 0.7834169 0
vt 0.6962952 0.7835624 0
vt 0.7618003 0.7751971 0
vt 0.7616585 0.7753728 0
vt 0.7616856 0.7752212 0
vt 0.8037767 0.7938716 0
vt 0.8038262 0.7939694 0
vt 0.8037308 0.7940902 0
vt 0.8146045 0.8095796 0
vt 0.81466 0.8094028 0
vt 0.6961696 0.7828205 0
vt 0.696195 0.7829672 0
vt 0.7621016 0.7744461 0
vt 0.7615878 0.7744105 0
vt 0.8044812 0.7934847 0
vt 0.8041703 0.7931617 0
vt 0.3730879 0.05105778 0
vt 0.3731993 0.0511708 0
vt 0.5685567 0.3159983 0
vt 0.5686455 0.3161283 0
vt 0.7031636 0.6265565 0
vt 0.7030437 0.6267125 0
vt 0.6037518 0.2922214 0
vt 0.6040435 0.2923116 0
vt 0.6038766 0.292422 0
vt 0.705121 0.5347227 0
vt 0.7053017 0.5347246 0
vt 0.4016815 0.02002566 0
vt 0.4017945 0.01988944 0
vt 0.4060454 0.02436446 0
vt 0.4061905 0.02422726 0
vt 0.4061918 0.02453531 0
vt 0.5780555 0.02442177 0
vt 0.5780555 0.02460179 0
vt 0.5869448 0.02442177 0
vt 0.5869448 0.02460179 0
vt 0.7060474 0.4941566 0
vt 0.7062281 0.4941618 0
vt 0.7055228 0.5258035 0
vt 0.7053416 0.5257983 0
vt 0.7218561 0.6277036 0
vt 0.7223331 0.6273598 0
vt 0.610114 0.2928829 0
vt 0.6101529 0.2929427 0
vt 0.6099722 0.2929924 0
vt 0.7097211 0.5348235 0
vt 0.7099032 0.5348273 0
vt 0.7071897 0.6257115 0
vt 0.7073566 0.6256829 0
vt 0.70728 0.6257538 0
vt 0.40378 0.0154154 0
vt 0.4038799 0.01524031 0
vt 0.4074556 0.01831327 0
vt 0.4075066 0.01835933 0
vt 0.4073606 0.01846386 0
vt 0.5780555 0.01987569 0
vt 0.5780555 0.02005571 0
vt 0.5869448 0.01987569 0
vt 0.5869448 0.02005571 0
vt 0.7106237 0.4942655 0
vt 0.7108049 0.4942717 0
vt 0.7101068 0.5259186 0
vt 0.7099256 0.5259138 0
vt 0.7221666 0.4945271 0
vt 0.7223478 0.4945309 0
vt 0.5780555 0.008399601 0
vt 0.5780555 0.00857962 0
vt 0.7213273 0.5351997 0
vt 0.7215089 0.5352087 0
vt 0.7216697 0.5262201 0
vt 0.7214885 0.5262172 0
vt 0.5869448 0.008399601 0
vt 0.5869448 0.00857962 0
vt 0.6193126 0.2863973 0
vt 0.6192636 0.2863395 0
vt 0.6194123 0.2862398 0
vt 0.7182594 0.6263753 0
vt 0.7181419 0.6262555 0
vt 0.718306 0.6262736 0
vt 0.4164661 0.01149964 0
vt 0.4164236 0.0114196 0
vt 0.4166049 0.0113853 0
vt 0.4127395 0.006826005 0
vt 0.4129084 0.006721145 0
vt 0.9382411 0.01276649 0
vt 0.9380677 0.0127401 0
vt 0.9381318 0.0126862 0
vt 0.9322711 0.01067394 0
vt 0.9319831 0.01113271 0
vt 0.9603533 0.01048395 0
vt 0.9602809 0.01027436 0
vt 0.5639309 0.8473393 0
vt 0.5640444 0.8473816 0
vt 0.5629662 0.8334521 0
vt 0.5631612 0.8332167 0
vt 0.5632729 0.8334436 0
vt 0.581421 0.8382925 0
vt 0.5813715 0.8381071 0
vt 0.5636454 0.8316591 0
vt 0.5637347 0.8316706 0
vt 0.563684 0.8318433 0
vt 0.5808185 0.8368623 0
vt 0.5808046 0.8366734 0
vt 0.5639509 0.8308985 0
vt 0.5635126 0.8308586 0
vt 0.641442 0.8926583 0
vt 0.6414535 0.8928509 0
vt 0.6567123 0.8816102 0
vt 0.6569695 0.881769 0
vt 0.6566797 0.8818698 0
vt 0.6611427 0.8954256 0
vt 0.6612472 0.8953634 0
vt 0.7279646 0.899484 0
vt 0.727893 0.8996946 0
vt 0.7556906 0.9003827 0
vt 0.755408 0.8999445 0
vt 0.7495072 0.9021248 0
vt 0.7493349 0.9021555 0
vt 0.749447 0.9020699 0
vt 0.7357241 0.8662349 0
vt 0.7352877 0.8661727 0
vt 0.7525326 0.8729377 0
vt 0.7525163 0.8727499 0
vt 0.7353909 0.8669787 0
vt 0.7354778 0.8669998 0
vt 0.7354307 0.86717 0
vt 0.7531176 0.8742603 0
vt 0.7530675 0.874075 0
vt 0.7351706 0.8686919 0
vt 0.7348627 0.8686931 0
vt 0.7350553 0.8684589 0
vt 0.7351959 0.8826021 0
vt 0.7353088 0.8826504 0
vt 0.7274916 0.9883252 0
vt 0.7275632 0.9885346 0
vt 0.7555622 0.9881593 0
vt 0.7558492 0.9877079 0
vt 0.7498261 0.9859609 0
vt 0.7497614 0.9860158 0
vt 0.7496534 0.9859321 0
vt 0.9385167 0.107622 0
vt 0.9384055 0.1077038 0
vt 0.9383429 0.107651 0
vt 0.9321264 0.1092513 0
vt 0.9324068 0.1097002 0
vt 0.9599303 0.1101677 0
vt 0.9600027 0.109957 0
vt 0.4803714 0.8646242 0
vt 0.480474 0.8645614 0
vt 0.4758999 0.851113 0
vt 0.4756161 0.8512259 0
vt 0.4756294 0.8509723 0
vt 0.4606875 0.8624388 0
vt 0.4607123 0.862629 0
vt 0.4745784 0.8497312 0
vt 0.4746146 0.8499165 0
vt 0.4745023 0.849777 0
vt 0.4606664 0.860894 0
vt 0.460725 0.8610745 0
vt 0.4743894 0.8489421 0
vt 0.4740049 0.849142 0
vt 0.65584 0.8803769 0
vt 0.655913 0.8803274 0
vt 0.6559384 0.8805218 0
vt 0.6415458 0.8912234 0
vt 0.6415899 0.8914075 0
vt 0.6557482 0.8795323 0
vt 0.6553606 0.8797261 0
vt 0.7991555 0.2334574 0
vt 0.8811921 0.2060306 0
vt 0.8304975 0.197739 0
vt 0.7864795 0.2241393 0
vt 0.3368284 0.7910101 0
vt 0.2304389 0.7689773 0
vt 0.3474032 0.7807438 0
vt 0.2280604 0.7537528 0
vt 0.5937856 0.7651568 0
vt 0.1661642 0.9614472 0
vt 0.5961102 0.6641783 0
vt 0.5958905 0.6731175 0
vt 0.1572749 0.9614472 0
vt 0.1976357 0.9614472 0
vt 0.4728636 0.320291 0
vt 0.5223505 0.280449 0
vt 0.6591728 0.6747031 0
vt 0.3181085 0.00390625 0
vt 0.3243527 0.0120308 0
vt 0.1572749 0.8986514 0
vt 0.1661642 0.8986514 0
vt 0.6600136 0.6339405 0
vt 0.6593359 0.6656355 0
vt 0.9182011 0.1243391 0
vt 0.3078417 0.8376015 0
vt 0.3097904 0.822659 0
vt 0.9430711 0.4612566 0
vt 0.9101749 0.4511766 0
vt 0.9076539 0.4659428 0
vt 0.9426579 0.5630739 0
vt 0.91784 0.2369593 0
vt 0.1962378 0.8601843 0
vt 0.1887351 0.8470601 0
vt 0.8053541 0.4830646 0
vt 0.7982771 0.4697997 0
vt 0.8289767 0.1746793 0
vt 0.8288968 0.1745435 0
vt 0.828967 0.1745007 0
vt 0.8744857 0.1867499 0
vt 0.87436 0.1868576 0
vt 0.8744378 0.1866831 0
vt 0.826642 0.1686291 0
vt 0.8260493 0.1688359 0
vt 0.878472 0.1815787 0
vt 0.8781689 0.1812411 0
vt 0.8741721 0.2076368 0
vt 0.8743894 0.2076112 0
vt 0.7918824 0.2282622 0
vt 0.7920207 0.2283643 0
vt 0.2913748 0.7617535 0
vt 0.291443 0.7616581 0
vt 0.32669 0.7786562 0
vt 0.3267818 0.778742 0
vt 0.2924995 0.7479562 0
vt 0.2927693 0.7477715 0
vt 0.2928297 0.7480395 0
vt 0.3355884 0.7668553 0
vt 0.3355927 0.7671535 0
vt 0.3353457 0.7669857 0
vt 0.346738 0.7824275 0
vt 0.346773 0.7822409 0
vt 0.2283007 0.7551564 0
vt 0.2283242 0.7553019 0
vt 0.2938294 0.7469366 0
vt 0.2936875 0.7471122 0
vt 0.2937147 0.7469607 0
vt 0.3358058 0.7656111 0
vt 0.3358553 0.7657089 0
vt 0.3357599 0.7658296 0
vt 0.3466335 0.7813191 0
vt 0.3466891 0.7811422 0
vt 0.2281987 0.75456 0
vt 0.228224 0.7547067 0
vt 0.2941306 0.7461856 0
vt 0.2936169 0.74615 0
vt 0.3365103 0.7652241 0
vt 0.3361994 0.7649012 0
vt 0.2747747 0.05105778 0
vt 0.2748861 0.0511708 0
vt 0.4702434 0.3159983 0
vt 0.4703323 0.3161283 0
vt 0.6363106 0.7658701 0
vt 0.6361907 0.7660261 0
vt 0.5054386 0.2922214 0
vt 0.5057303 0.2923116 0
vt 0.5055634 0.292422 0
vt 0.638268 0.6740363 0
vt 0.6384487 0.6740382 0
vt 0.3033682 0.02002566 0
vt 0.3034813 0.01988944 0
vt 0.3077322 0.02436446 0
vt 0.3078772 0.02422726 0
vt 0.3078785 0.02453531 0
vt 0.1572749 0.9191669 0
vt 0.1572749 0.9193469 0
vt 0.1661642 0.9191669 0
vt 0.1661642 0.9193469 0
vt 0.6391944 0.6334702 0
vt 0.6393751 0.6334754 0
vt 0.6386698 0.6651171 0
vt 0.6384886 0.6651119 0
vt 0.6550031 0.7670172 0
vt 0.6554801 0.7666734 0
vt 0.5118008 0.2928829 0
vt 0.5118397 0.2929427 0
vt 0.511659 0.2929924 0
vt 0.6428681 0.6741371 0
vt 0.6430503 0.6741409 0
vt 0.6403367 0.7650251 0
vt 0.6405036 0.7649965 0
vt 0.640427 0.7650674 0
vt 0.3054667 0.0154154 0
vt 0.3055667 0.01524031 0
vt 0.3091424 0.01831327 0
vt 0.3091934 0.01835933 0
vt 0.3090474 0.01846386 0
vt 0.1572749 0.9146208 0
vt 0.1572749 0.9148009 0
vt 0.1661642 0.9146208 0
vt 0.1661642 0.9148009 0
vt 0.6437707 0.6335791 0
vt 0.6439519 0.6335853 0
vt 0.6432538 0.6652322 0
vt 0.6430726 0.6652274 0
vt 0.6553136 0.6338407 0
vt 0.6554948 0.6338445 0
vt 0.1572749 0.9031448 0
vt 0.1572749 0.9033248 0
vt 0.6544743 0.6745133 0
vt 0.6546559 0.6745223 0
vt 0.6548167 0.6655337 0
vt 0.6546355 0.6655308 0
vt 0.1661642 0.9031448 0
vt 0.1661642 0.9033248 0
vt 0.5209994 0.2863973 0
vt 0.5209504 0.2863395 0
vt 0.521099 0.2862398 0
vt 0.6514064 0.7656889 0
vt 0.6512889 0.7655691 0
vt 0.651453 0.7655872 0
vt 0.3181529 0.01149964 0
vt 0.3181104 0.0114196 0
vt 0.3182917 0.0113853 0
vt 0.3144263 0.006826005 0
vt 0.3145951 0.006721145 0
vt 0.8989159 0.1331994 0
vt 0.8987424 0.133173 0
vt 0.8988065 0.1331191 0
vt 0.8929458 0.1311068 0
vt 0.8926578 0.1315656 0
vt 0.921028 0.1309168 0
vt 0.9209556 0.1307072 0
vt 0.2925865 0.8340669 0
vt 0.2926999 0.8341092 0
vt 0.2916218 0.8201797 0
vt 0.2918167 0.8199442 0
vt 0.2919284 0.8201712 0
vt 0.3100765 0.82502 0
vt 0.310027 0.8248347 0
vt 0.2923009 0.8183867 0
vt 0.2923903 0.8183982 0
vt 0.2923395 0.8185708 0
vt 0.309474 0.8235899 0
vt 0.3094601 0.8234009 0
vt 0.2926064 0.8176261 0
vt 0.2921681 0.8175862 0
vt 0.7987432 0.4718154 0
vt 0.7987546 0.472008 0
vt 0.8140134 0.4607674 0
vt 0.8142706 0.4609261 0
vt 0.8139808 0.4610269 0
vt 0.8184439 0.4745827 0
vt 0.8185484 0.4745206 0
vt 0.9403212 0.4676342 0
vt 0.9402496 0.4678448 0
vt 0.9680472 0.4685329 0
vt 0.9677646 0.4680948 0
vt 0.9618638 0.4702751 0
vt 0.9616915 0.4703057 0
vt 0.9618036 0.4702201 0
vt 0.8930253 0.445392 0
vt 0.8925889 0.4453298 0
vt 0.9098338 0.4520948 0
vt 0.9098175 0.451907 0
vt 0.8926921 0.4461358 0
vt 0.892779 0.4461569 0
vt 0.8927319 0.4463271 0
vt 0.9104188 0.4534175 0
vt 0.9103687 0.4532321 0
vt 0.8924717 0.447849 0
vt 0.8921639 0.4478502 0
vt 0.8923564 0.447616 0
vt 0.8924971 0.4617592 0
vt 0.89261 0.4618075 0
vt 0.9398482 0.5564755 0
vt 0.9399197 0.5566849 0
vt 0.9679188 0.5563096 0
vt 0.9682058 0.5558582 0
vt 0.9621827 0.5541112 0
vt 0.9621179 0.5541661 0
vt 0.96201 0.5540824 0
vt 0.8991914 0.2280549 0
vt 0.8990802 0.2281367 0
vt 0.8990176 0.228084 0
vt 0.8928011 0.2296842 0
vt 0.8930815 0.2301332 0
vt 0.9206051 0.2306006 0
vt 0.9206774 0.2303899 0
vt 0.2090269 0.8513517 0
vt 0.2091295 0.8512889 0
vt 0.2045554 0.8378406 0
vt 0.2042716 0.8379535 0
vt 0.2042849 0.8376999 0
vt 0.189343 0.8491664 0
vt 0.1893678 0.8493565 0
vt 0.2032339 0.8364587 0
vt 0.2032701 0.8366441 0
vt 0.2031578 0.8365046 0
vt 0.1893219 0.8476215 0
vt 0.1893805 0.847802 0
vt 0.2030449 0.8356697 0
vt 0.2026604 0.8358695 0
vt 0.8131411 0.459534 0
vt 0.8132142 0.4594845 0
vt 0.8132395 0.4596789 0
vt 0.798847 0.4703805 0
vt 0.7988911 0.4705646 0
vt 0.8130494 0.4586895 0
vt 0.8126618 0.4588832 0
vt 0.7991555 0.1785498 0
vt 0.8811921 0.151123 0
vt 0.8304975 0.1428314 0
vt 0.7864795 0.1692317 0
vt 0.5059272 0.8049258 0
vt 0.3995377 0.782893 0
vt 0.516502 0.7946595 0
vt 0.3971592 0.7676685 0
vt 0.1533424 0.7836275 0
vt 0.685258 0.9647508 0
vt 0.1556669 0.6826491 0
vt 0.1554472 0.6915882 0
vt 0.6763687 0.9647508 0
vt 0.7167295 0.9647508 0
vt 0.2762371 0.7106945 0
vt 0.325724 0.6708525 0
vt 0.2187296 0.6931738 0
vt 0.121482 0.3943098 0
vt 0.1277262 0.4024344 0
vt 0.6763687 0.901955 0
vt 0.685258 0.901955 0
vt 0.2195704 0.6524113 0
vt 0.2188927 0.6841062 0
vt 0.9182011 0.00390625 0
vt 0.4494127 0.8363309 0
vt 0.4513614 0.8213884 0
vt 0.935206 0.3516051 0
vt 0.8826472 0.730837 0
vt 0.8801262 0.7456032 0
vt 0.9347928 0.4534224 0
vt 0.91784 0.1165264 0
vt 0.3378088 0.8589137 0
vt 0.3303062 0.8457895 0
vt 0.7778264 0.762725 0
vt 0.7707494 0.7494601 0
vt 0.8289767 0.1197717 0
vt 0.8288968 0.1196359 0
vt 0.828967 0.1195931 0
vt 0.8744857 0.1318424 0
vt 0.87436 0.13195 0
vt 0.8744378 0.1317755 0
vt 0.826642 0.1137215 0
vt 0.8260493 0.1139283 0
vt 0.878472 0.1266711 0
vt 0.8781689 0.1263335 0
vt 0.8741721 0.1527292 0
vt 0.8743894 0.1527036 0
vt 0.7918824 0.1733546 0
vt 0.7920207 0.1734567 0
vt 0.4604735 0.7756692 0
vt 0.4605418 0.7755738 0
vt 0.4957888 0.7925719 0
vt 0.4958805 0.7926577 0
vt 0.4615982 0.7618719 0
vt 0.4618681 0.7616872 0
vt 0.4619284 0.7619552 0
vt 0.5046872 0.780771 0
vt 0.5046914 0.7810692 0
vt 0.5044445 0.7809014 0
vt 0.5158367 0.7963432 0
vt 0.5158717 0.7961566 0
vt 0.3973994 0.7690721 0
vt 0.397423 0.7692176 0
vt 0.4629281 0.7608523 0
vt 0.4627863 0.7610279 0
vt 0.4628134 0.7608764 0
vt 0.5049045 0.7795268 0
vt 0.504954 0.7796246 0
vt 0.5048586 0.7797453 0
vt 0.5157323 0.7952348 0
vt 0.5157878 0.7950579 0
vt 0.3972974 0.7684757 0
vt 0.3973228 0.7686224 0
vt 0.4632294 0.7601013 0
vt 0.4627156 0.7600657 0
vt 0.505609 0.7791398 0
vt 0.5052981 0.7788169 0
vt 0.07814824 0.4414614 0
vt 0.07825964 0.4415744 0
vt 0.2736169 0.7064018 0
vt 0.2737058 0.7065318 0
vt 0.1958673 0.7843409 0
vt 0.1957475 0.7844968 0
vt 0.3088121 0.682625 0
vt 0.3091038 0.6827151 0
vt 0.3089369 0.6828255 0
vt 0.1978247 0.692507 0
vt 0.1980054 0.6925089 0
vt 0.1067418 0.4104292 0
vt 0.1068548 0.410293 0
vt 0.1111057 0.414768 0
vt 0.1112508 0.4146308 0
vt 0.1112521 0.4149389 0
vt 0.6763687 0.9224706 0
vt 0.6763687 0.9226506 0
vt 0.685258 0.9224706 0
vt 0.685258 0.9226506 0
vt 0.1987511 0.6519409 0
vt 0.1989318 0.6519462 0
vt 0.1982266 0.6835878 0
vt 0.1980454 0.6835826 0
vt 0.2145598 0.7854879 0
vt 0.2150368 0.7851441 0
vt 0.3151743 0.6832865 0
vt 0.3152132 0.6833463 0
vt 0.3150325 0.6833959 0
vt 0.2024249 0.6926079 0
vt 0.202607 0.6926117 0
vt 0.1998934 0.7834958 0
vt 0.2000604 0.7834672 0
vt 0.1999838 0.7835381 0
vt 0.1088403 0.405819 0
vt 0.1089403 0.4056439 0
vt 0.112516 0.4087169 0
vt 0.1125669 0.4087629 0
vt 0.1124209 0.4088675 0
vt 0.6763687 0.9179245 0
vt 0.6763687 0.9181045 0
vt 0.685258 0.9179245 0
vt 0.685258 0.9181045 0
vt 0.2033275 0.6520498 0
vt 0.2035087 0.652056 0
vt 0.2028105 0.6837029 0
vt 0.2026293 0.6836982 0
vt 0.2148704 0.6523114 0
vt 0.2150516 0.6523152 0
vt 0.6763687 0.9064484 0
vt 0.6763687 0.9066284 0
vt 0.214031 0.692984 0
vt 0.2142127 0.6929931 0
vt 0.2143734 0.6840044 0
vt 0.2141922 0.6840016 0
vt 0.685258 0.9064484 0
vt 0.685258 0.9066284 0
vt 0.3243729 0.6768008 0
vt 0.3243239 0.676743 0
vt 0.3244725 0.6766434 0
vt 0.2109631 0.7841597 0
vt 0.2108457 0.7840398 0
vt 0.2110097 0.7840579 0
vt 0.1215264 0.4019032 0
vt 0.121484 0.4018232 0
vt 0.1216653 0.4017889 0
vt 0.1177998 0.3972296 0
vt 0.1179687 0.3971247 0
vt 0.8989159 0.0127665 0
vt 0.8987424 0.01274011 0
vt 0.8988065 0.0126862 0
vt 0.8929458 0.01067395 0
vt 0.8926578 0.01113272 0
vt 0.921028 0.01048396 0
vt 0.9209556 0.01027436 0
vt 0.4341575 0.8327963 0
vt 0.434271 0.8328386 0
vt 0.4331928 0.8189091 0
vt 0.4333878 0.8186736 0
vt 0.4334995 0.8189006 0
vt 0.4516476 0.8237494 0
vt 0.4515981 0.8235641 0
vt 0.433872 0.8171161 0
vt 0.4339613 0.8171276 0
vt 0.4339106 0.8173002 0
vt 0.4510451 0.8223193 0
vt 0.4510312 0.8221303 0
vt 0.4341774 0.8163555 0
vt 0.4337391 0.8163156 0
vt 0.7712155 0.7514758 0
vt 0.7712269 0.7516684 0
vt 0.7864857 0.7404278 0
vt 0.7867429 0.7405865 0
vt 0.7864531 0.7406873 0
vt 0.7909162 0.7542431 0
vt 0.7910206 0.754181 0
vt 0.9324561 0.3579827 0
vt 0.9323845 0.3581933 0
vt 0.9601821 0.3588814 0
vt 0.9598996 0.3584433 0
vt 0.9539988 0.3606235 0
vt 0.9538264 0.3606542 0
vt 0.9539385 0.3605686 0
vt 0.8654976 0.7250524 0
vt 0.8650611 0.7249902 0
vt 0.8823061 0.7317552 0
vt 0.8822898 0.7315674 0
vt 0.8651644 0.7257962 0
vt 0.8652513 0.7258173 0
vt 0.8652042 0.7259875 0
vt 0.8828911 0.7330779 0
vt 0.882841 0.7328925 0
vt 0.864944 0.7275094 0
vt 0.8646362 0.7275106 0
vt 0.8648287 0.7272764 0
vt 0.8649694 0.7414196 0
vt 0.8650823 0.7414679 0
vt 0.9319831 0.446824 0
vt 0.9320547 0.4470334 0
vt 0.9600537 0.4466581 0
vt 0.9603408 0.4462067 0
vt 0.9543176 0.4444597 0
vt 0.9542529 0.4445146 0
vt 0.9541449 0.4444309 0
vt 0.8991914 0.1076221 0
vt 0.8990802 0.1077039 0
vt 0.8990176 0.1076511 0
vt 0.8928011 0.1092514 0
vt 0.8930815 0.1097003 0
vt 0.9206051 0.1101678 0
vt 0.9206774 0.109957 0
vt 0.3505979 0.8500811 0
vt 0.3507006 0.8500183 0
vt 0.3461264 0.83657 0
vt 0.3458427 0.8366829 0
vt 0.345856 0.8364293 0
vt 0.3309141 0.8478958 0
vt 0.3309388 0.8480859 0
vt 0.3448049 0.8351881 0
vt 0.3448412 0.8353735 0
vt 0.3447289 0.835234 0
vt 0.3308929 0.8463509 0
vt 0.3309515 0.8465314 0
vt 0.344616 0.8343991 0
vt 0.3442314 0.8345989 0
vt 0.7856134 0.7391944 0
vt 0.7856865 0.7391449 0
vt 0.7857118 0.7393393 0
vt 0.7713193 0.7500409 0
vt 0.7713634 0.750225 0
vt 0.7855217 0.7383499 0
vt 0.7851341 0.7385436 0
vt 0.7991555 0.06873464 0
vt 0.8811922 0.04130781 0
vt 0.8304976 0.0330162 0
vt 0.7864795 0.05941651 0
vt 0.3328958 0.8275403 0
vt 0.2265064 0.8055074 0
vt 0.3434707 0.8172739 0
vt 0.2241279 0.790283 0
vt 0.6291784 0.1365311 0
vt 0.8936821 0.5669131 0
vt 0.6315029 0.03555267 0
vt 0.6312832 0.04449185 0
vt 0.8847928 0.5669131 0
vt 0.9251536 0.5669131 0
vt 0.2762372 0.320291 0
vt 0.3257241 0.280449 0
vt 0.6945656 0.04607739 0
vt 0.121482 0.00390625 0
vt 0.1277263 0.0120308 0
vt 0.8847928 0.5041173 0
vt 0.8936821 0.5041173 0
vt 0.6954064 0.005314871 0
vt 0.6947287 0.0370098 0
vt 0.7215747 0.3106931 0
vt 0.1780681 0.8623578 0
vt 0.1800169 0.8474153 0
vt 0.935206 0.2419536 0
vt 0.9259049 0.7559686 0
vt 0.9233839 0.7707348 0
vt 0.9347928 0.3437709 0
vt 0.7212136 0.4233134 0
vt 0.06646429 0.8849406 0
vt 0.05896166 0.8718164 0
vt 0.8210843 0.7878566 0
vt 0.8140072 0.7745918 0
vt 0.8289767 0.009956496 0
vt 0.8288968 0.00982072 0
vt 0.828967 0.009777843 0
vt 0.8744857 0.02202714 0
vt 0.8743601 0.02213476 0
vt 0.8744378 0.02196031 0
vt 0.826642 0.00390625 0
vt 0.8260493 0.004113067 0
vt 0.878472 0.01685587 0
vt 0.8781689 0.01651832 0
vt 0.8741722 0.04291401 0
vt 0.8743895 0.04288837 0
vt 0.7918824 0.06353941 0
vt 0.7920207 0.06364156 0
vt 0.2874422 0.7982837 0
vt 0.2875105 0.7981883 0
vt 0.3227575 0.8151864 0
vt 0.3228492 0.8152721 0
vt 0.2885669 0.7844863 0
vt 0.2888368 0.7843016 0
vt 0.2888971 0.7845697 0
vt 0.3316559 0.8033855 0
vt 0.3316601 0.8036837 0
vt 0.3314132 0.8035158 0
vt 0.3428054 0.8189576 0
vt 0.3428404 0.8187711 0
vt 0.2243681 0.7916865 0
vt 0.2243917 0.791832 0
vt 0.2898968 0.7834667 0
vt 0.289755 0.7836424 0
vt 0.2897821 0.7834909 0
vt 0.3318732 0.8021412 0
vt 0.3319227 0.802239 0
vt 0.3318273 0.8023598 0
vt 0.342701 0.8178492 0
vt 0.3427565 0.8176724 0
vt 0.2242661 0.7910901 0
vt 0.2242915 0.7912368 0
vt 0.2901981 0.7827157 0
vt 0.2896843 0.7826801 0
vt 0.3325777 0.8017543 0
vt 0.3322668 0.8014313 0
vt 0.07814824 0.05105778 0
vt 0.07825964 0.05117081 0
vt 0.273617 0.3159983 0
vt 0.2737059 0.3161283 0
vt 0.6717033 0.1372445 0
vt 0.6715835 0.1374005 0
vt 0.3088122 0.2922215 0
vt 0.3091039 0.2923116 0
vt 0.308937 0.292422 0
vt 0.6736607 0.04541064 0
vt 0.6738415 0.04541255 0
vt 0.1067418 0.02002566 0
vt 0.1068548 0.01988944 0
vt 0.1111057 0.02436446 0
vt 0.1112508 0.02422726 0
vt 0.1112521 0.02453531 0
vt 0.8847928 0.5246328 0
vt 0.8847928 0.5248128 0
vt 0.8936821 0.5246328 0
vt 0.8936821 0.5248128 0
vt 0.6745871 0.004844538 0
vt 0.6747679 0.004849769 0
vt 0.6740626 0.03649144 0
vt 0.6738814 0.03648621 0
vt 0.6903959 0.1383915 0
vt 0.6908728 0.1380477 0
vt 0.3151744 0.292883 0
vt 0.3152132 0.2929427 0
vt 0.3150326 0.2929924 0
vt 0.6782609 0.04551146 0
vt 0.678443 0.04551527 0
vt 0.6757295 0.1363994 0
vt 0.6758964 0.1363709 0
vt 0.6758198 0.1364417 0
vt 0.1088403 0.0154154 0
vt 0.1089403 0.01524031 0
vt 0.112516 0.01831327 0
vt 0.1125669 0.01835933 0
vt 0.1124209 0.01846387 0
vt 0.8847928 0.5200867 0
vt 0.8847928 0.5202668 0
vt 0.8936821 0.5200867 0
vt 0.8936821 0.5202668 0
vt 0.6791635 0.004953442 0
vt 0.6793447 0.004959625 0
vt 0.6786466 0.03660652 0
vt 0.6784654 0.03660177 0
vt 0.6907064 0.005215003 0
vt 0.6908876 0.005218807 0
vt 0.8847928 0.5086106 0
vt 0.8847928 0.5087907 0
vt 0.689867 0.04588764 0
vt 0.6900487 0.04589667 0
vt 0.6902094 0.03690803 0
vt 0.6900282 0.03690518 0
vt 0.8936821 0.5086106 0
vt 0.8936821 0.5087907 0
vt 0.324373 0.2863973 0
vt 0.324324 0.2863395 0
vt 0.3244726 0.2862398 0
vt 0.6867992 0.1370633 0
vt 0.6866817 0.1369434 0
vt 0.6868458 0.1369615 0
vt 0.1215264 0.01149964 0
vt 0.121484 0.01141961 0
vt 0.1216653 0.01138531 0
vt 0.1177998 0.006826005 0
vt 0.1179687 0.006721145 0
vt 0.7022894 0.3195534 0
vt 0.702116 0.319527 0
vt 0.7021801 0.3194731 0
vt 0.6963194 0.3174608 0
vt 0.6960314 0.3179196 0
vt 0.7244016 0.3172708 0
vt 0.7243292 0.3170612 0
vt 0.1628129 0.8588232 0
vt 0.1629264 0.8588654 0
vt 0.1618482 0.8449359 0
vt 0.1620432 0.8447005 0
vt 0.1621549 0.8449275 0
vt 0.180303 0.8497763 0
vt 0.1802535 0.849591 0
vt 0.1625274 0.843143 0
vt 0.1626167 0.8431545 0
vt 0.162566 0.8433271 0
vt 0.1797005 0.8483462 0
vt 0.1796866 0.8481572 0
vt 0.1628329 0.8423823 0
vt 0.1623946 0.8423425 0
vt 0.8144733 0.7766075 0
vt 0.8144847 0.7768001 0
vt 0.8297436 0.7655594 0
vt 0.8300007 0.7657182 0
vt 0.829711 0.765819 0
vt 0.834174 0.7793748 0
vt 0.8342785 0.7793126 0
vt 0.9324561 0.2483312 0
vt 0.9323845 0.2485418 0
vt 0.9601821 0.2492299 0
vt 0.9598996 0.2487917 0
vt 0.9539988 0.250972 0
vt 0.9538265 0.2510027 0
vt 0.9539386 0.2509171 0
vt 0.9087554 0.7501841 0
vt 0.9083189 0.7501219 0
vt 0.9255639 0.7568868 0
vt 0.9255476 0.7566991 0
vt 0.9084222 0.7509278 0
vt 0.9085091 0.750949 0
vt 0.908462 0.7511192 0
vt 0.9261488 0.7582095 0
vt 0.9260987 0.7580242 0
vt 0.9082018 0.7526411 0
vt 0.9078939 0.7526423 0
vt 0.9080865 0.7524081 0
vt 0.9082272 0.7665513 0
vt 0.90834 0.7665996 0
vt 0.9319831 0.3371725 0
vt 0.9320547 0.3373819 0
vt 0.9600537 0.3370066 0
vt 0.9603408 0.3365552 0
vt 0.9543177 0.3348082 0
vt 0.9542529 0.3348631 0
vt 0.954145 0.3347794 0
vt 0.702565 0.414409 0
vt 0.7024538 0.4144908 0
vt 0.7023912 0.414438 0
vt 0.6961746 0.4160383 0
vt 0.6964551 0.4164872 0
vt 0.7239786 0.4169547 0
vt 0.724051 0.4167439 0
vt 0.07925343 0.876108 0
vt 0.07935606 0.8760452 0
vt 0.07478191 0.8625968 0
vt 0.07449818 0.8627097 0
vt 0.07451146 0.8624562 0
vt 0.05956957 0.8739226 0
vt 0.05959432 0.8741128 0
vt 0.07346044 0.861215 0
vt 0.07349666 0.8614003 0
vt 0.07338437 0.8612609 0
vt 0.05954844 0.8723778 0
vt 0.059607 0.8725583 0
vt 0.07327148 0.860426 0
vt 0.07288693 0.8606258 0
vt 0.8288712 0.7643261 0
vt 0.8289443 0.7642766 0
vt 0.8289696 0.764471 0
vt 0.8145771 0.7751725 0
vt 0.8146212 0.7753567 0
vt 0.8287795 0.7634815 0
vt 0.8283919 0.7636753 0
vt 0.7991555 0.3432726 0
vt 0.8811921 0.3158458 0
vt 0.8304975 0.3075542 0
vt 0.7864795 0.3339544 0
vt 0.5216573 0.7735952 0
vt 0.4152678 0.7515623 0
vt 0.5322321 0.7633289 0
vt 0.4128893 0.7363379 0
vt 0.3421037 0.7561404 0
vt 0.2172871 0.9840961 0
vt 0.3444283 0.655162 0
vt 0.3442086 0.6641011 0
vt 0.2083978 0.9840961 0
vt 0.2487586 0.9840961 0
vt 0.2762372 0.4504255 0
vt 0.3257241 0.4105835 0
vt 0.407491 0.6656867 0
vt 0.121482 0.1340408 0
vt 0.1277263 0.1421653 0
vt 0.2083978 0.9213003 0
vt 0.2172871 0.9213003 0
vt 0.4083318 0.6249242 0
vt 0.4076541 0.6566191 0
vt 0.9299987 0.7785371 0
vt 0.1426754 0.8363448 0
vt 0.1446241 0.8214023 0
vt 0.9470036 0.7902111 0
vt 0.1905221 0.8760548 0
vt 0.1880011 0.890821 0
vt 0.9465904 0.8920284 0
vt 0.9296376 0.8911573 0
vt 0.03107154 0.8589276 0
vt 0.0235689 0.8458034 0
vt 0.08570133 0.9079428 0
vt 0.0786243 0.894678 0
vt 0.8289767 0.2844945 0
vt 0.8288968 0.2843587 0
vt 0.828967 0.2843158 0
vt 0.8744857 0.2965651 0
vt 0.87436 0.2966727 0
vt 0.8744377 0.2964983 0
vt 0.826642 0.2784442 0
vt 0.8260493 0.2786511 0
vt 0.8784719 0.2913938 0
vt 0.8781689 0.2910563 0
vt 0.8741721 0.317452 0
vt 0.8743894 0.3174263 0
vt 0.7918824 0.3380773 0
vt 0.7920207 0.3381795 0
vt 0.4762037 0.7443386 0
vt 0.4762719 0.7442432 0
vt 0.5115189 0.7612413 0
vt 0.5116107 0.761327 0
vt 0.4773283 0.7305413 0
vt 0.4775982 0.7303565 0
vt 0.4776585 0.7306246 0
vt 0.5204173 0.7494404 0
vt 0.5204215 0.7497386 0
vt 0.5201746 0.7495708 0
vt 0.5315668 0.7650126 0
vt 0.5316019 0.764826 0
vt 0.4131295 0.7377415 0
vt 0.4131531 0.737887 0
vt 0.4786583 0.7295216 0
vt 0.4785164 0.7296973 0
vt 0.4785436 0.7295458 0
vt 0.5206346 0.7481962 0
vt 0.5206841 0.748294 0
vt 0.5205887 0.7484147 0
vt 0.5314624 0.7639042 0
vt 0.5315179 0.7637273 0
vt 0.4130275 0.737145 0
vt 0.4130529 0.7372917 0
vt 0.4789595 0.7287706 0
vt 0.4784458 0.728735 0
vt 0.5213391 0.7478092 0
vt 0.5210282 0.7474862 0
vt 0.07814824 0.1811923 0
vt 0.07825964 0.1813053 0
vt 0.273617 0.4461328 0
vt 0.2737058 0.4462628 0
vt 0.3846287 0.7568538 0
vt 0.3845089 0.7570097 0
vt 0.3088121 0.422356 0
vt 0.3091039 0.4224461 0
vt 0.3089369 0.4225565 0
vt 0.3865861 0.6650199 0
vt 0.3867668 0.6650218 0
vt 0.1067418 0.1501602 0
vt 0.1068548 0.150024 0
vt 0.1111057 0.154499 0
vt 0.1112508 0.1543618 0
vt 0.1112521 0.1546698 0
vt 0.2083978 0.9418158 0
vt 0.2083978 0.9419958 0
vt 0.2172871 0.9418158 0
vt 0.2172871 0.9419958 0
vt 0.3875125 0.6244538 0
vt 0.3876932 0.6244591 0
vt 0.386988 0.6561007 0
vt 0.3868068 0.6560955 0
vt 0.4033212 0.7580008 0
vt 0.4037982 0.757657 0
vt 0.3151743 0.4230175 0
vt 0.3152132 0.4230772 0
vt 0.3150326 0.4231269 0
vt 0.3911863 0.6651208 0
vt 0.3913684 0.6651246 0
vt 0.3886548 0.7560087 0
vt 0.3888217 0.7559801 0
vt 0.3887452 0.756051 0
vt 0.1088403 0.1455499 0
vt 0.1089403 0.1453748 0
vt 0.112516 0.1484478 0
vt 0.1125669 0.1484939 0
vt 0.1124209 0.1485984 0
vt 0.2083978 0.9372698 0
vt 0.2083978 0.9374498 0
vt 0.2172871 0.9372698 0
vt 0.2172871 0.9374498 0
vt 0.3920889 0.6245627 0
vt 0.3922701 0.6245689 0
vt 0.3915719 0.6562158 0
vt 0.3913907 0.6562111 0
vt 0.4036318 0.6248243 0
vt 0.403813 0.6248281 0
vt 0.2083978 0.9257937 0
vt 0.2083978 0.9259737 0
vt 0.4027924 0.6654969 0
vt 0.4029741 0.665506 0
vt 0.4031348 0.6565173 0
vt 0.4029536 0.6565145 0
vt 0.2172871 0.9257937 0
vt 0.2172871 0.9259737 0
vt 0.324373 0.4165318 0
vt 0.324324 0.416474 0
vt 0.3244726 0.4163744 0
vt 0.3997245 0.7566726 0
vt 0.3996071 0.7565527 0
vt 0.3997711 0.7565708 0
vt 0.1215264 0.1416342 0
vt 0.121484 0.1415541 0
vt 0.1216653 0.1415198 0
vt 0.1177998 0.1369605 0
vt 0.1179687 0.1368557 0
vt 0.9107134 0.7873974 0
vt 0.91054 0.787371 0
vt 0.9106041 0.7873171 0
vt 0.9047434 0.7853048 0
vt 0.9044554 0.7857636 0
vt 0.9328256 0.7851148 0
vt 0.9327532 0.7849052 0
vt 0.1274202 0.8328102 0
vt 0.1275337 0.8328525 0
vt 0.1264555 0.818923 0
vt 0.1266505 0.8186875 0
vt 0.1267622 0.8189145 0
vt 0.1449103 0.8237633 0
vt 0.1448608 0.823578 0
vt 0.1271347 0.81713 0
vt 0.127224 0.8171415 0
vt 0.1271733 0.8173141 0
vt 0.1443078 0.8223332 0
vt 0.1442939 0.8221442 0
vt 0.1274402 0.8163693 0
vt 0.1270019 0.8163295 0
vt 0.07909035 0.8966937 0
vt 0.07910182 0.8968863 0
vt 0.09436063 0.8856456 0
vt 0.0946178 0.8858044 0
vt 0.09432803 0.8859052 0
vt 0.0987911 0.899461 0
vt 0.09889554 0.8993988 0
vt 0.9442537 0.7965887 0
vt 0.9441821 0.7967993 0
vt 0.9719797 0.7974874 0
vt 0.9716972 0.7970492 0
vt 0.9657963 0.7992295 0
vt 0.965624 0.7992602 0
vt 0.9657361 0.7991746 0
vt 0.1733725 0.8702703 0
vt 0.172936 0.8702081 0
vt 0.190181 0.876973 0
vt 0.1901647 0.8767853 0
vt 0.1730393 0.871014 0
vt 0.1731262 0.8710352 0
vt 0.1730791 0.8712054 0
vt 0.190766 0.8782957 0
vt 0.1907158 0.8781104 0
vt 0.1728189 0.8727273 0
vt 0.172511 0.8727285 0
vt 0.1727036 0.8724943 0
vt 0.1728443 0.8866375 0
vt 0.1729572 0.8866858 0
vt 0.9437807 0.8854299 0
vt 0.9438523 0.8856394 0
vt 0.9718513 0.8852641 0
vt 0.9721384 0.8848126 0
vt 0.9661152 0.8830656 0
vt 0.9660505 0.8831205 0
vt 0.9659425 0.8830368 0
vt 0.910989 0.8822529 0
vt 0.9108778 0.8823347 0
vt 0.9108152 0.882282 0
vt 0.9045986 0.8838822 0
vt 0.9048791 0.8843312 0
vt 0.9324026 0.8847986 0
vt 0.932475 0.8845879 0
vt 0.04386068 0.850095 0
vt 0.04396331 0.8500322 0
vt 0.03938916 0.8365839 0
vt 0.03910542 0.8366968 0
vt 0.03911871 0.8364432 0
vt 0.02417681 0.8479097 0
vt 0.02420156 0.8480998 0
vt 0.03806768 0.835202 0
vt 0.0381039 0.8353874 0
vt 0.03799162 0.8352479 0
vt 0.02415568 0.8463648 0
vt 0.02421424 0.8465453 0
vt 0.03787873 0.834413 0
vt 0.03749418 0.8346128 0
vt 0.0934883 0.8844123 0
vt 0.09356135 0.8843628 0
vt 0.0935867 0.8845572 0
vt 0.07919418 0.8952587 0
vt 0.07923825 0.8954429 0
vt 0.09339654 0.8835677 0
vt 0.09300898 0.8837615 0
vt 0.7991555 0.288365 0
vt 0.8811921 0.2609382 0
vt 0.8304975 0.2526466 0
vt 0.7864795 0.2790469 0
vt 0.6396331 0.818115 0
vt 0.5332437 0.7960821 0
vt 0.650208 0.8078486 0
vt 0.5308651 0.7808576 0
vt 0.6685037 0.7672927 0
vt 0.06785099 0.9784912 0
vt 0.6708282 0.6663143 0
vt 0.6706085 0.6752535 0
vt 0.05896166 0.9784912 0
vt 0.09932249 0.9784912 0
vt 0.2762372 0.5805601 0
vt 0.3257241 0.5407181 0
vt 0.7338909 0.676839 0
vt 0.121482 0.2641753 0
vt 0.1277263 0.2722999 0
vt 0.05896166 0.9156954 0
vt 0.06785099 0.9156954 0
vt 0.7347317 0.6360765 0
vt 0.734054 0.6677714 0
vt 0.9064035 0.6101042 0
vt 0.7522174 0.85167 0
vt 0.7541661 0.8367276 0
vt 0.9470036 0.6805596 0
vt 0.59164 0.864571 0
vt 0.589119 0.8793372 0
vt 0.9465904 0.7823769 0
vt 0.9060424 0.7227243 0
vt 0.6406135 0.8742528 0
vt 0.6331109 0.8611286 0
vt 0.4868193 0.896459 0
vt 0.4797423 0.8831941 0
vt 0.8289767 0.2295869 0
vt 0.8288968 0.2294511 0
vt 0.828967 0.2294082 0
vt 0.8744857 0.2416575 0
vt 0.87436 0.2417651 0
vt 0.8744377 0.2415907 0
vt 0.826642 0.2235367 0
vt 0.8260493 0.2237435 0
vt 0.8784719 0.2364863 0
vt 0.8781689 0.2361487 0
vt 0.8741721 0.2625444 0
vt 0.8743894 0.2625187 0
vt 0.7918824 0.2831698 0
vt 0.7920207 0.2832719 0
vt 0.5941795 0.7888583 0
vt 0.5942477 0.788763 0
vt 0.6294948 0.8057611 0
vt 0.6295865 0.8058468 0
vt 0.5953042 0.775061 0
vt 0.595574 0.7748763 0
vt 0.5956344 0.7751443 0
vt 0.6383932 0.7939601 0
vt 0.6383974 0.7942583 0
vt 0.6381505 0.7940905 0
vt 0.6495427 0.8095323 0
vt 0.6495777 0.8093458 0
vt 0.5311054 0.7822612 0
vt 0.531129 0.7824067 0
vt 0.5966341 0.7740414 0
vt 0.5964923 0.7742171 0
vt 0.5965194 0.7740655 0
vt 0.6386105 0.7927159 0
vt 0.63866 0.7928137 0
vt 0.6385646 0.7929345 0
vt 0.6494383 0.8084239 0
vt 0.6494938 0.808247 0
vt 0.5310034 0.7816648 0
vt 0.5310287 0.7818115 0
vt 0.5969354 0.7732904 0
vt 0.5964216 0.7732548 0
vt 0.639315 0.792329 0
vt 0.6390041 0.792006 0
vt 0.07814824 0.3113268 0
vt 0.07825964 0.3114399 0
vt 0.273617 0.5762673 0
vt 0.2737058 0.5763973 0
vt 0.7110286 0.7680061 0
vt 0.7109088 0.7681621 0
vt 0.3088121 0.5524905 0
vt 0.3091039 0.5525807 0
vt 0.3089369 0.5526911 0
vt 0.712986 0.6761723 0
vt 0.7131667 0.6761742 0
vt 0.1067418 0.2802947 0
vt 0.1068548 0.2801585 0
vt 0.1111057 0.2846335 0
vt 0.1112508 0.2844963 0
vt 0.1112521 0.2848044 0
vt 0.05896166 0.9362109 0
vt 0.05896166 0.936391 0
vt 0.06785099 0.9362109 0
vt 0.06785099 0.936391 0
vt 0.7139124 0.6356062 0
vt 0.7140931 0.6356114 0
vt 0.7133879 0.6672531 0
vt 0.7132067 0.6672478 0
vt 0.7297211 0.7691531 0
vt 0.7301981 0.7688093 0
vt 0.3151743 0.553152 0
vt 0.3152132 0.5532118 0
vt 0.3150326 0.5532614 0
vt 0.7175862 0.6762731 0
vt 0.7177683 0.6762769 0
vt 0.7150547 0.767161 0
vt 0.7152217 0.7671325 0
vt 0.7151451 0.7672033 0
vt 0.1088403 0.2756845 0
vt 0.1089403 0.2755094 0
vt 0.112516 0.2785823 0
vt 0.1125669 0.2786284 0
vt 0.1124209 0.2787329 0
vt 0.05896166 0.9316649 0
vt 0.05896166 0.9318449 0
vt 0.06785099 0.9316649 0
vt 0.06785099 0.9318449 0
vt 0.7184888 0.6357151 0
vt 0.71867 0.6357213 0
vt 0.7179718 0.6673681 0
vt 0.7177907 0.6673634 0
vt 0.7300317 0.6359766 0
vt 0.7302129 0.6359804 0
vt 0.05896166 0.9201888 0
vt 0.05896166 0.9203688 0
vt 0.7291923 0.6766493 0
vt 0.729374 0.6766583 0
vt 0.7295347 0.6676697 0
vt 0.7293535 0.6676668 0
vt 0.06785099 0.9201888 0
vt 0.06785099 0.9203688 0
vt 0.324373 0.5466663 0
vt 0.324324 0.5466085 0
vt 0.3244726 0.5465089 0
vt 0.7261244 0.7678249 0
vt 0.726007 0.7677051 0
vt 0.726171 0.7677231 0
vt 0.1215264 0.2717687 0
vt 0.121484 0.2716887 0
vt 0.1216653 0.2716544 0
vt 0.1177998 0.2670951 0
vt 0.1179687 0.2669902 0
vt 0.8871183 0.6189644 0
vt 0.8869449 0.618938 0
vt 0.8870089 0.6188841 0
vt 0.8811482 0.6168719 0
vt 0.8808602 0.6173306 0
vt 0.9092304 0.6166819 0
vt 0.909158 0.6164723 0
vt 0.7369622 0.8481355 0
vt 0.7370757 0.8481777 0
vt 0.7359975 0.8342482 0
vt 0.7361925 0.8340128 0
vt 0.7363042 0.8342398 0
vt 0.7544523 0.8390886 0
vt 0.7544028 0.8389032 0
vt 0.7366767 0.8324552 0
vt 0.736766 0.8324667 0
vt 0.7367153 0.8326394 0
vt 0.7538498 0.8376584 0
vt 0.7538359 0.8374695 0
vt 0.7369821 0.8316946 0
vt 0.7365439 0.8316548 0
vt 0.4802083 0.8852099 0
vt 0.4802198 0.8854024 0
vt 0.4954786 0.8741618 0
vt 0.4957358 0.8743205 0
vt 0.495446 0.8744214 0
vt 0.4999091 0.8879772 0
vt 0.5000135 0.887915 0
vt 0.9442537 0.6869372 0
vt 0.9441821 0.6871478 0
vt 0.9719797 0.6878359 0
vt 0.9716972 0.6873977 0
vt 0.9657963 0.689578 0
vt 0.965624 0.6896087 0
vt 0.9657361 0.6895231 0
vt 0.5744905 0.8587864 0
vt 0.574054 0.8587243 0
vt 0.5912989 0.8654892 0
vt 0.5912826 0.8653014 0
vt 0.5741572 0.8595302 0
vt 0.5742441 0.8595513 0
vt 0.5741971 0.8597216 0
vt 0.5918839 0.8668119 0
vt 0.5918338 0.8666265 0
vt 0.5739369 0.8612435 0
vt 0.573629 0.8612447 0
vt 0.5738216 0.8610104 0
vt 0.5739622 0.8751536 0
vt 0.5740751 0.8752019 0
vt 0.9437807 0.7757785 0
vt 0.9438523 0.7759879 0
vt 0.9718513 0.7756126 0
vt 0.9721384 0.7751612 0
vt 0.9661152 0.7734141 0
vt 0.9660505 0.773469 0
vt 0.9659425 0.7733853 0
vt 0.8873938 0.71382 0
vt 0.8872826 0.7139018 0
vt 0.88722 0.713849 0
vt 0.8810035 0.7154493 0
vt 0.8812839 0.7158982 0
vt 0.9088075 0.7163657 0
vt 0.9088798 0.7161549 0
vt 0.6534027 0.8654203 0
vt 0.6535053 0.8653575 0
vt 0.6489312 0.8519091 0
vt 0.6486474 0.852022 0
vt 0.6486607 0.8517684 0
vt 0.6337188 0.8632349 0
vt 0.6337436 0.8634251 0
vt 0.6476097 0.8505273 0
vt 0.6476459 0.8507126 0
vt 0.6475336 0.8505731 0
vt 0.6336977 0.8616901 0
vt 0.6337562 0.8618706 0
vt 0.6474207 0.8497382 0
vt 0.6470362 0.8499381 0
vt 0.4946063 0.8729284 0
vt 0.4946793 0.8728789 0
vt 0.4947047 0.8730733 0
vt 0.4803121 0.8837749 0
vt 0.4803562 0.883959 0
vt 0.4945145 0.8720839 0
vt 0.4941269 0.8722777 0
vt 0.3705098 0.9148135 0
vt 0.4525463 0.8873868 0
vt 0.4018518 0.8790952 0
vt 0.3578339 0.9054954 0
vt 0.6239029 0.8492206 0
vt 0.5175136 0.8271877 0
vt 0.6344778 0.8389542 0
vt 0.515135 0.8119633 0
vt 0.0786243 0.6823393 0
vt 0.3313304 0.9854614 0
vt 0.08094886 0.5813609 0
vt 0.08072915 0.5903001 0
vt 0.3224411 0.9854614 0
vt 0.3628019 0.9854614 0
vt 0.4964588 0.6156922 0
vt 0.5459457 0.5758502 0
vt 0.1440115 0.5918856 0
vt 0.3417036 0.2993074 0
vt 0.3479479 0.307432 0
vt 0.3224411 0.9226657 0
vt 0.3313304 0.9226657 0
vt 0.1448523 0.5511231 0
vt 0.1441746 0.582818 0
vt 0.9575264 0.124339 0
vt 0.8819908 0.8594927 0
vt 0.8839395 0.8445502 0
vt 0.8722855 0.8942767 0
vt 0.9298374 0.4796108 0
vt 0.9273164 0.494377 0
vt 0.8718723 0.9960938 0
vt 0.9571652 0.2369589 0
vt 0.770387 0.8820754 0
vt 0.7628844 0.8689513 0
vt 0.8250168 0.5114988 0
vt 0.8179398 0.498234 0
vt 0.4003309 0.8560355 0
vt 0.4002511 0.8558998 0
vt 0.4003213 0.8558569 0
vt 0.4458399 0.8681062 0
vt 0.4457142 0.8682138 0
vt 0.4457919 0.8680393 0
vt 0.3979963 0.8499853 0
vt 0.3974035 0.8501921 0
vt 0.4498261 0.8629349 0
vt 0.4495231 0.8625974 0
vt 0.4455263 0.888993 0
vt 0.4457436 0.8889673 0
vt 0.3632367 0.9096183 0
vt 0.363375 0.9097205 0
vt 0.5784494 0.819964 0
vt 0.5785176 0.8198686 0
vt 0.6137646 0.8368667 0
vt 0.6138563 0.8369524 0
vt 0.579574 0.8061666 0
vt 0.5798439 0.8059819 0
vt 0.5799043 0.80625 0
vt 0.622663 0.8250657 0
vt 0.6226672 0.825364 0
vt 0.6224203 0.8251961 0
vt 0.6338125 0.8406379 0
vt 0.6338475 0.8404514 0
vt 0.5153753 0.8133669 0
vt 0.5153988 0.8135123 0
vt 0.580904 0.805147 0
vt 0.5807621 0.8053227 0
vt 0.5807893 0.8051712 0
vt 0.6228803 0.8238215 0
vt 0.6229298 0.8239193 0
vt 0.6228344 0.8240401 0
vt 0.6337081 0.8395295 0
vt 0.6337636 0.8393527 0
vt 0.5152733 0.8127704 0
vt 0.5152986 0.8129171 0
vt 0.5812052 0.804396 0
vt 0.5806915 0.8043604 0
vt 0.6235848 0.8234346 0
vt 0.6232739 0.8231116 0
vt 0.2983699 0.346459 0
vt 0.2984813 0.346572 0
vt 0.4938386 0.6113994 0
vt 0.4939275 0.6115294 0
vt 0.1211493 0.6830527 0
vt 0.1210294 0.6832087 0
vt 0.5290338 0.5876226 0
vt 0.5293255 0.5877128 0
vt 0.5291586 0.5878232 0
vt 0.1231067 0.5912189 0
vt 0.1232874 0.5912208 0
vt 0.3269634 0.3154268 0
vt 0.3270764 0.3152906 0
vt 0.3313274 0.3197656 0
vt 0.3314724 0.3196284 0
vt 0.3314737 0.3199365 0
vt 0.3224411 0.9431812 0
vt 0.3224411 0.9433612 0
vt 0.3313304 0.9431812 0
vt 0.3313304 0.9433612 0
vt 0.1240331 0.5506528 0
vt 0.1242138 0.550658 0
vt 0.1235085 0.5822996 0
vt 0.1233273 0.5822944 0
vt 0.1398418 0.6841997 0
vt 0.1403188 0.6838559 0
vt 0.535396 0.5882841 0
vt 0.5354348 0.5883439 0
vt 0.5352542 0.5883935 0
vt 0.1277068 0.5913197 0
vt 0.1278889 0.5913235 0
vt 0.1251754 0.6822076 0
vt 0.1253423 0.6821791 0
vt 0.1252657 0.6822499 0
vt 0.3290619 0.3108166 0
vt 0.3291619 0.3106415 0
vt 0.3327376 0.3137144 0
vt 0.3327885 0.3137605 0
vt 0.3326425 0.313865 0
vt 0.3224411 0.9386351 0
vt 0.3224411 0.9388151 0
vt 0.3313304 0.9386351 0
vt 0.3313304 0.9388151 0
vt 0.1286094 0.5507617 0
vt 0.1287906 0.5507678 0
vt 0.1280925 0.5824147 0
vt 0.1279113 0.58241 0
vt 0.1401523 0.5510232 0
vt 0.1403335 0.551027 0
vt 0.3224411 0.927159 0
vt 0.3224411 0.927339 0
vt 0.139313 0.5916958 0
vt 0.1394946 0.5917049 0
vt 0.1396554 0.5827162 0
vt 0.1394742 0.5827134 0
vt 0.3313304 0.927159 0
vt 0.3313304 0.927339 0
vt 0.5445946 0.5817985 0
vt 0.5445456 0.5817406 0
vt 0.5446942 0.581641 0
vt 0.1362451 0.6828715 0
vt 0.1361276 0.6827516 0
vt 0.1362917 0.6827697 0
vt 0.3417481 0.3069008 0
vt 0.3417056 0.3068208 0
vt 0.3418869 0.3067865 0
vt 0.3380214 0.3022272 0
vt 0.3381903 0.3021223 0
vt 0.9382411 0.1331992 0
vt 0.9380677 0.1331728 0
vt 0.9381318 0.1331189 0
vt 0.9322711 0.1311067 0
vt 0.9319831 0.1315654 0
vt 0.9603532 0.1309167 0
vt 0.9602809 0.1307071 0
vt 0.8667356 0.8559581 0
vt 0.8668491 0.8560003 0
vt 0.8657709 0.8420708 0
vt 0.8659659 0.8418354 0
vt 0.8660776 0.8420624 0
vt 0.8842257 0.8469112 0
vt 0.8841761 0.8467259 0
vt 0.8664501 0.8402779 0
vt 0.8665394 0.8402894 0
vt 0.8664887 0.840462 0
vt 0.8836232 0.8454811 0
vt 0.8836093 0.8452921 0
vt 0.8667555 0.8395172 0
vt 0.8663172 0.8394774 0
vt 0.8184058 0.5002497 0
vt 0.8184173 0.5004422 0
vt 0.8336761 0.4892016 0
vt 0.8339332 0.4893604 0
vt 0.8336435 0.4894612 0
vt 0.8381065 0.503017 0
vt 0.838211 0.5029548 0
vt 0.8695357 0.9006543 0
vt 0.8694641 0.9008648 0
vt 0.8972616 0.901553 0
vt 0.896979 0.9011148 0
vt 0.8910782 0.9032951 0
vt 0.8909059 0.9033258 0
vt 0.891018 0.9032402 0
vt 0.9126879 0.4738263 0
vt 0.9122514 0.4737641 0
vt 0.9294963 0.480529 0
vt 0.92948 0.4803413 0
vt 0.9123546 0.47457 0
vt 0.9124416 0.4745911 0
vt 0.9123945 0.4747614 0
vt 0.9300813 0.4818517 0
vt 0.9300312 0.4816664 0
vt 0.9121343 0.4762833 0
vt 0.9118264 0.4762845 0
vt 0.912019 0.4760503 0
vt 0.9121596 0.4901934 0
vt 0.9122725 0.4902417 0
vt 0.8690626 0.9894954 0
vt 0.8691342 0.9897048 0
vt 0.8971332 0.9893295 0
vt 0.8974203 0.988878 0
vt 0.8913971 0.987131 0
vt 0.8913324 0.9871859 0
vt 0.8912244 0.9871022 0
vt 0.9385167 0.2280546 0
vt 0.9384055 0.2281364 0
vt 0.9383429 0.2280836 0
vt 0.9321264 0.2296839 0
vt 0.9324068 0.2301328 0
vt 0.9599303 0.2306003 0
vt 0.9600027 0.2303895 0
vt 0.7831761 0.8732429 0
vt 0.7832787 0.8731801 0
vt 0.7787046 0.8597317 0
vt 0.7784209 0.8598446 0
vt 0.7784342 0.8595911 0
vt 0.7634923 0.8710575 0
vt 0.763517 0.8712477 0
vt 0.7773831 0.8583499 0
vt 0.7774194 0.8585352 0
vt 0.7773071 0.8583958 0
vt 0.7634711 0.8695127 0
vt 0.7635297 0.8696932 0
vt 0.7771942 0.8575609 0
vt 0.7768096 0.8577607 0
vt 0.8328037 0.4879683 0
vt 0.8328768 0.4879188 0
vt 0.8329022 0.4881131 0
vt 0.8185096 0.4988147 0
vt 0.8185537 0.4989988 0
vt 0.832712 0.4871237 0
vt 0.8323244 0.4873175 0
vt 0.8913656 0.3786337 0
vt 0.9226919 0.4348303 0
vt 0.8886771 0.3801326 0
vt 0.9200034 0.4363289 0
vt 0.8847928 0.3822977 0
vt 0.916119 0.4384943 0
vt 0.8874812 0.3807991 0
vt 0.9188075 0.4369957 0
vt 0.635751 0.2976794 0
vt 0.667078 0.3538769 0
vt 0.6330625 0.299178 0
vt 0.6643895 0.3553756 0
vt 0.6291784 0.3013431 0
vt 0.6605054 0.357541 0
vt 0.6318669 0.2998445 0
vt 0.6631939 0.3560424 0
vt 0.06565061 0.01287271 0
vt 0.9715999 0.01279277 0
vt 0.3274567 0.4209353 0
vt 0.5329364 0.3054692 0
vt 0.7353567 0.4889291 0
vt 0.6636741 0.4932183 0
vt 0.06514501 0.4200488 0
vt 0.06534435 0.4420185 0
vt 0.1976357 0.9146208 0
vt 0.7359904 0.1246744 0
vt 0.0649806 0.2047844 0
vt 0.0652111 0.0131822 0
vt 0.06514018 0.06677679 0
vt 0.7167295 0.9181045 0
vt 0.4149791 0.2969581 0
vt 0.06514018 0.06646677 0
vt 0.0649806 0.205095 0
vt 0.977532 0.04529933 0
vt 0.6978025 0.4399343 0
vt 0.5370835 0.5923119 0
vt 0.06508699 0.1075149 0
vt 0.06497845 0.2092881 0
vt 0.3628019 0.9388151 0
vt 0.6184163 0.02005571 0
vt 0.06508752 0.1072043 0
vt 0.09932249 0.936391 0
vt 0.3122598 0.6884511 0
vt 0.06544268 0.003987382 0
vt 0.06501606 0.1643618 0
vt 0.0650166 0.1640517 0
vt 0.6116056 0.2969581 0
vt 0.6353967 0.5923119 0
vt 0.7356926 0.3865149 0
vt 0.06557324 0.4331326 0
vt 0.1189851 0.6960199 0
vt 0.08165983 0.5497145 0
vt 0.4954724 0.3486465 0
vt 0.06513427 0.4328215 0
vt 0.7357362 0.3481966 0
vt 0.7357357 0.3485071 0
vt 0.7361212 0.009462298 0
vt 0.6184163 0.00857962 0
vt 0.7361212 0.009772818 0
vt 0.6982067 0.4421662 0
vt 0.07469177 0.4379673 0
vt 0.5134883 0.2969107 0
vt 0.6607557 0.4853541 0
vt 0.6307946 0.5934487 0
vt 0.6630471 0.4853505 0
vt 0.5306454 0.3054724 0
vt 0.638079 0.9289292 0
vt 0.3306711 0.6771004 0
vt 0.4958766 0.3508784 0
vt 0.4151751 0.2969108 0
vt 0.9713084 0.04524332 0
vt 0.7361276 0.00390625 0
vt 0.7357294 0.3540631 0
vt 0.6715392 0.6346679 0
vt 0.7357441 0.3411438 0
vt 0.73606 0.06327672 0
vt 0.7359953 0.1202571 0
vt 0.7357504 0.3354506 0
vt 0.1189851 0.712042 0
vt 0.2713182 0.04756374 0
vt 0.06514072 0.4257464 0
vt 0.638079 0.9336553 0
vt 0.638079 0.9334752 0
vt 0.6306189 0.5934987 0
vt 0.7206621 0.1622186 0
vt 0.638079 0.9291092 0
vt 0.6352007 0.5923593 0
vt 0.638079 0.9176331 0
vt 0.1976357 0.9148009 0
vt 0.638079 0.9174531 0
vt 0.6459915 0.5862019 0
vt 0.1189851 0.7122221 0
vt 0.6461304 0.5860572 0
vt 0.4103973 0.2980975 0
vt 0.3275955 0.5509251 0
vt 0.3932266 0.3429649 0
vt 0.006941776 0.6846255 0
vt 0.6492059 0.582098 0
vt 0.5087105 0.2980975 0
vt 0.638079 0.9129597 0
vt 0.410573 0.2980476 0
vt 0.1189851 0.707676 0
vt 0.1189851 0.707496 0
vt 0.1189851 0.6961999 0
vt 0.4257699 0.2908008 0
vt 0.4259088 0.2906561 0
vt 0.173005 0.04756374 0
vt 0.006941776 0.5433602 0
vt 0.4289843 0.2866968 0
vt 0.1189851 0.6915265 0
vt 0.5324814 0.5934487 0
vt 0.7206621 0.1669447 0
vt 0.7206621 0.1667647 0
vt 0.7053369 0.2980975 0
vt 0.7055127 0.2980475 0
vt 0.7206621 0.1623987 0
vt 0.7099188 0.2969581 0
vt 0.7101148 0.2969107 0
vt 0.3166659 0.5572272 0
vt 0.7206621 0.1509226 0
vt 0.7206621 0.1507426 0
vt 0.7207096 0.2908007 0
vt 0.7208484 0.290656 0
vt 0.4679447 0.04756373 0
vt 0.7462572 0.4968155 0
vt 0.723924 0.2866968 0
vt 0.7206621 0.1462492 0
vt 0.6184163 0.02460179 0
vt 0.6184163 0.02442177 0
vt 0.6070237 0.2980975 0
vt 0.1976357 0.9031448 0
vt 0.6071995 0.2980475 0
vt 0.6184163 0.01987569 0
vt 0.6118016 0.2969107 0
vt 0.6184163 0.008399601 0
vt 0.6223964 0.2908008 0
vt 0.6225352 0.290656 0
vt 0.3696315 0.04756374 0
vt 0.6256108 0.2866968 0
vt 0.6184163 0.00390625 0
vt 0.1976357 0.9193469 0
vt 0.1976357 0.9191669 0
vt 0.5088863 0.2980475 0
vt 0.5132923 0.2969581 0
vt 0.1976357 0.9033248 0
vt 0.5240832 0.2908008 0
vt 0.7167295 0.901955 0
vt 0.524222 0.290656 0
vt 0.5968211 0.6325319 0
vt 0.5272976 0.2866968 0
vt 0.1976357 0.8986514 0
vt 0.3628019 0.927159 0
vt 0.7167295 0.9226506 0
vt 0.7167295 0.9224706 0
vt 0.312084 0.6885011 0
vt 0.7167295 0.9179245 0
vt 0.3166658 0.6873616 0
vt 0.3168618 0.6873143 0
vt 0.7167295 0.9066284 0
vt 0.7167295 0.9064484 0
vt 0.3274567 0.6812043 0
vt 0.3275955 0.6810596 0
vt 0.1563779 0.6510027 0
vt 0.3306711 0.5469659 0
vt 0.9251536 0.5248128 0
vt 0.9251536 0.5246328 0
vt 0.3120841 0.2980976 0
vt 0.3122598 0.2980476 0
vt 0.9251536 0.5202668 0
vt 0.9251536 0.5200867 0
vt 0.3166659 0.2969581 0
vt 0.3306711 0.4168314 0
vt 0.3168619 0.2969108 0
vt 0.9251536 0.5087907 0
vt 0.9251536 0.5086106 0
vt 0.3274567 0.2908008 0
vt 0.3275956 0.2906561 0
vt 0.07469177 0.04756374 0
vt 0.6322139 0.00390625 0
vt 0.3306711 0.2866969 0
vt 0.9251536 0.5041173 0
vt 0.2487586 0.9419958 0
vt 0.2487586 0.9418158 0
vt 0.3120841 0.4282321 0
vt 0.3122598 0.4281821 0
vt 0.2487586 0.9374498 0
vt 0.2487586 0.9372698 0
vt 0.3166659 0.4270926 0
vt 0.3168619 0.4270453 0
vt 0.2487586 0.9259737 0
vt 0.2487586 0.9257937 0
vt 0.3275955 0.4207906 0
vt 0.07469177 0.1776983 0
vt 0.3451393 0.6235155 0
vt 0.2487586 0.9213003 0
vt 0.09932249 0.9362109 0
vt 0.3120841 0.5583666 0
vt 0.3122598 0.5583166 0
vt 0.09932249 0.9318449 0
vt 0.09932249 0.9316649 0
vt 0.3168619 0.5571798 0
vt 0.09932249 0.9203688 0
vt 0.09932249 0.9201888 0
vt 0.3274567 0.5510698 0
vt 0.07469177 0.3078328 0
vt 0.09932249 0.9156954 0
vt 0.3628019 0.9433612 0
vt 0.3628019 0.9431812 0
vt 0.5323057 0.5934987 0
vt 0.3628019 0.9386351 0
vt 0.5368875 0.5923593 0
vt 0.3628019 0.927339 0
vt 0.5476783 0.5862019 0
vt 0.5478172 0.5860572 0
vt 0.2949134 0.3429649 0
vt 0.5508927 0.582098 0
vt 0.3628019 0.9226657 0
#end 2679 textures vertices 

#begin 281 normals 
vn -1 -0 -0
vn -0 -0 -1
vn 1 -0 -0
vn 1 -0 -0
vn -0 -0 -1
vn -0.9045 -0.3017 -0.3016
vn 0.3015 -0.9045 -0.3016
vn -0.3016 -0.9045 -0.3016
vn 0.5774 -0.5774 -0.5773
vn -0.5773 -0.5773 -0.5774
vn 0.9045 -0.3017 -0.3015
vn 0.5774 -0.5774 -0.5772
vn -0.5774 -0.5774 -0.5772
vn 0.3015 0.3013 -0.9046
vn 0.3015 -0.3013 -0.9046
vn -0.3014 0.3014 -0.9046
vn -0.3015 -0.3012 -0.9046
vn 0.5772 -0.5776 -0.5773
vn 0.5774 0.5773 -0.5773
vn -0.5772 0.5776 -0.5772
vn -0.5774 -0.5772 -0.5775
vn -0.7071 -0 -0.7071
vn -0.7069 -0 -0.7073
vn -0 -0.7072 -0.707
vn -0.707 -0.7073 -0
vn -0.707 -0.7072 -0
vn 0.7069 -0 -0.7073
vn 0.7072 -0.707 -0
vn 0.7072 -0 -0.707
vn -0.7072 -0 -0.7071
vn -0.707 -0 -0.7072
vn 0.707 -0 -0.7072
vn 0.7071 -0.7071 -0
vn 0.7071 -0.7072 -0
vn -0.7071 -0.7071 -0
vn -0.707 -0 -0.7073
vn 0.707 -0 -0.7073
vn 0.7071 -0 -0.7071
vn -0 0.7069 -0.7073
vn -0 -0.7069 -0.7073
vn -0.707 0.0002 -0.7072
vn -0 0.7071 -0.7072
vn -0 -0.7071 -0.7072
vn -0.7071 0.0002 -0.7071
vn -0.7073 -0.7069 -0
vn -0.707 0.7072 -0
vn 0.7071 0.7071 -0
vn -1 -0 -0
vn -0 -1 -0
vn -0 1 -0
vn -1 0.0003 -0
vn -0.5939 -0.5431 -0.5936
vn 0.5482 -0.6319 -0.5479
vn -0.3108 -0.8982 -0.3107
vn 0.3108 -0.8982 -0.3109
vn -0.5986 -0.5323 -0.5986
vn 0.5985 -0.5324 -0.5986
vn 0.3014 -0.9047 -0.3013
vn -0.3014 -0.9045 -0.3016
vn 0.5774 -0.5774 -0.5773
vn 0.5774 -0.5774 0.5773
vn -0.5774 -0.5774 -0.5772
vn 0.5774 0.5774 -0.5773
vn 0.5774 0.5773 0.5773
vn -0.5774 0.5774 -0.5772
vn 0.2993 -0.906 -0.2993
vn 0.5721 -0.5875 -0.5723
vn -0.2976 -0.9071 -0.2976
vn -0.5774 -0.5774 -0.5773
vn 0.568 -0.596 -0.5676
vn 0.2977 -0.9072 -0.2974
vn -0.577 -0.5775 -0.5775
vn -0.2992 -0.9061 -0.2991
vn -0.5722 -0.5875 -0.5722
vn -0.5681 -0.596 -0.5675
vn 0.7071 -0.7071 -0
vn -0 -0.7562 -0.6543
vn -0.7071 -0 -0.7071
vn 0.7071 -0 -0.7071
vn -0.7959 -0.6055 -0
vn -0.7072 -0 -0.7071
vn -0 -0.8057 -0.5924
vn 0.7072 -0 -0.7071
vn 0.8804 -0.4743 -0.0001
vn -0.8803 -0.4744 -0
vn -0 -0.8055 -0.5926
vn 0.8803 -0.4744 0.0001
vn -0.8802 -0.4745 -0
vn -0.7072 -0 -0.707
vn 0.7072 -0 -0.707
vn 0.4475 -0.8943 0.0006
vn -0.7069 -0.7073 -0
vn -0.7069 -0.7074 -0
vn -0 -0.7069 -0.7073
vn -0.7071 -0.7071 -0
vn -0.707 -0.7072 -0
vn -0.7073 -0 -0.7069
vn 0.7075 -0 -0.7068
vn -0.7073 -0.707 -0
vn -0 -0.7072 -0.707
vn -0.7072 -0.707 -0
vn 0.7072 -0.707 -0
vn 0.7073 -0.707 -0
vn 0.7071 -0 0.7071
vn -0.7073 -0 -0.707
vn 0.7072 0.7071 -0
vn 0.7071 0.7071 -0
vn -0.7073 0.7069 -0
vn -0 0.7071 -0.7071
vn -0.7073 0.707 -0
vn 0.7072 0.707 -0
vn 0.7073 0.7069 -0
vn 0.0128 -0.8918 0.4522
vn -0 0.7071 0.7071
vn -0 -0.728 -0.6856
vn 0.7073 -0 -0.7069
vn 0.719 -0.695 -0
vn 0.7189 -0.6951 -0
vn -0.7374 -0.6755 -0
vn -0.7373 -0.6756 -0
vn -0.7073 -0.7069 -0
vn 0.7374 -0.6755 -0
vn 0.7372 -0.6757 -0
vn -0 -0.7505 -0.6609
vn -0.7068 -0.7074 -0
vn -0.7069 -0 -0.7074
vn -0.7191 -0.6949 -0
vn -0.7193 -0.6948 -0
vn -0 -0.707 -0.7072
vn -0 -0.7277 -0.6859
vn -0 -1 -0
vn -0 -0 -1
vn -1 -0 -0
vn 1 -0 -0
vn -0 -0 1
vn -0 1 -0
vn -0.594 -0.5431 -0.5935
vn -0.3108 -0.8982 -0.3108
vn -0.5987 -0.5323 -0.5985
vn 0.5985 -0.5325 -0.5986
vn 0.3014 -0.9047 -0.3012
vn -0.3014 -0.9046 -0.3014
vn 0.5774 -0.5774 -0.5772
vn 0.5774 -0.5774 0.5772
vn -0.5775 -0.5775 -0.5771
vn 0.5774 0.5774 -0.5774
vn 0.577 0.5775 0.5776
vn 0.5722 -0.5876 -0.5722
vn -0.2992 -0.9061 -0.2992
vn -0 -0.8054 -0.5927
vn -0 -0.7072 -0.7071
vn 0.7073 -0 -0.707
vn 0.7074 -0 0.7068
vn -0.7074 -0 -0.7068
vn -0 0.7072 -0.707
vn -0.7072 0.707 -0
vn 0.7073 0.707 -0
vn 0.0128 -0.8918 0.4523
vn -0 0.7072 0.707
vn -0 -0.7504 -0.6609
vn 0.5481 -0.6319 -0.548
vn 0.3108 -0.8982 -0.311
vn 0.3016 -0.9046 -0.3013
vn -0.3017 -0.9045 -0.3014
vn 0.5774 0.5774 -0.5772
vn 0.5771 0.5776 0.5774
vn -0.5775 0.5775 -0.5771
vn 0.5774 -0.5774 -0.5774
vn 0.5725 -0.5874 -0.572
vn -0.5774 -0.5774 -0.5774
vn 0.5677 -0.5962 -0.5677
vn -0.5727 -0.5874 -0.5719
vn -0.5678 -0.5963 -0.5675
vn -0.7069 -0 -0.7073
vn 0.7069 -0 -0.7073
vn -0.7959 -0.6054 -0
vn -0 -0.8056 -0.5925
vn 0.8804 -0.4742 -0.0001
vn -0.8803 -0.4743 -0
vn -0.8802 -0.4746 -0
vn -0.707 -0 -0.7072
vn 0.707 -0 -0.7072
vn -0.7071 -0.7072 -0
vn 0.7072 -0.7071 -0
vn 0.707 -0.7072 -0
vn 0.0128 -0.8919 0.4521
vn 0.7191 -0.6949 -0
vn -0.7373 -0.6755 -0
vn -0.7074 -0.7069 -0
vn 0.7372 -0.6756 -0
vn -0 -0.7506 -0.6608
vn -0.7066 -0 -0.7076
vn -0.7192 -0.6948 -0
vn -0 -0.7276 -0.686
vn -0.3108 -0.8983 -0.3106
vn -0.5986 -0.5323 -0.5987
vn 0.5984 -0.5324 -0.5987
vn 0.3013 -0.9046 -0.3013
vn 0.5774 -0.5774 0.5774
vn 0.2994 -0.906 -0.2992
vn -0.2975 -0.9071 -0.2978
vn 0.5676 -0.5962 -0.5678
vn 0.2977 -0.9071 -0.2977
vn -0.2992 -0.9061 -0.299
vn -0.5726 -0.5873 -0.5721
vn -0.5677 -0.5962 -0.5677
vn -0 -0.8056 -0.5924
vn -0 -0.7071 -0.7071
vn -0 -0.7505 -0.6608
vn 0.5482 -0.632 -0.5478
vn -0.599 -0.5321 -0.5985
vn 0.5988 -0.5322 -0.5985
vn -0.2976 -0.9071 -0.2977
vn 0.5676 -0.5961 -0.5679
vn -0.5771 -0.5776 -0.5774
vn -0.5722 -0.5875 -0.5723
vn -0.5677 -0.5962 -0.5678
vn -0.7958 -0.6055 -0
vn -0 -0.8057 -0.5923
vn 0.8803 -0.4743 -0.0001
vn -0.8803 -0.4745 -0
vn 0.8803 -0.4743 0.0001
vn 0.4474 -0.8943 0.0006
vn 0.7073 -0.7069 -0
vn -0 0.7071 -0.7072
vn -0 -0.7279 -0.6857
vn 0.719 -0.6951 -0
vn -0.7374 -0.6754 -0
vn -0.7372 -0.6756 -0
vn 0.7374 -0.6754 -0
vn 0.7371 -0.6758 -0
vn -0.7191 -0.695 -0
vn -0.7193 -0.6947 -0
vn -0 -0.7071 -0.7072
vn -0 -0.7278 -0.6858
vn -0.3108 -0.8982 -0.3109
vn 0.3108 -0.8981 -0.3111
vn -0.599 -0.5321 -0.5984
vn 0.5989 -0.5322 -0.5984
vn -0.5723 -0.5875 -0.5721
vn -0 -0.7563 -0.6542
vn -0.7958 -0.6056 -0
vn 0.0128 -0.8917 0.4524
vn -0.7067 -0.7075 -0
vn -0.5775 -0.5775 -0.577
vn 0.5721 -0.5875 -0.5724
vn -0.5677 -0.5962 -0.5676
vn -0 -0.7561 -0.6544
vn -0 -0.7073 -0.707
vn 0.707 0.7072 -0
vn -0 0.7073 -0.707
vn -0 -0.728 -0.6855
vn -0 -0.7504 -0.661
vn -0.594 -0.5431 -0.5934
vn 0.3108 -0.8982 -0.3107
vn -0.5774 0.5774 -0.5774
vn 0.2977 -0.9072 -0.2971
vn -0.5676 -0.5962 -0.5678
vn -0 -0.8054 -0.5928
vn -0.5938 -0.543 -0.5938
vn 0.548 -0.6318 -0.5482
vn 0.3013 -0.9046 -0.3016
vn -0.3015 -0.9047 -0.3012
vn -0.5775 0.5775 -0.577
vn 0.5775 -0.5775 -0.577
vn -0.2975 -0.907 -0.298
vn -0.5721 -0.5874 -0.5725
vn -0 -0.7506 -0.6607
vn -0.3109 -0.8984 -0.3103
vn 0.3109 -0.8983 -0.3106
vn -0.5991 -0.5322 -0.5983
vn 0.5989 -0.5323 -0.5983
vn 0.3014 -0.9047 -0.3011
vn 0.2994 -0.9061 -0.2988
vn -0.2976 -0.9073 -0.2972
vn -0.2992 -0.9062 -0.2986
vn -0.5676 -0.5961 -0.5678
vn 0.0128 -0.892 0.4519
vn -1 -0 -0
vn -0 -0 -1
vn 1 -0 -0
#end 281 normals 

#begin 1904 faces
o Cube:006
s 1
f 1/1/1 2/2/1 4/4/1 3/3/1 
f 3/3/2 4/4/2 8/8/2 7/7/2 
f 7/7/3 8/8/3 6/6/3 5/5/3 
f 9/9/1 10/10/1 12/12/1 11/11/1 
f 11/11/2 12/12/2 16/16/2 15/15/2 
f 15/15/3 16/16/3 14/14/3 13/13/3 
o Cube:461
s 1
f 25/25/4 26/26/4 30/30/4 27/2483/4 
f 50/50/4 25/2486/4 27/27/4 51/51/4 
f 26/26/4 32/32/4 31/31/4 30/30/4 
f 36/36/4 35/35/4 33/33/4 24/24/4 
f 34/34/5 37/37/5 39/39/5 40/40/5 
f 24/24/4 33/33/4 32/32/4 26/26/4 
f 57/57/5 60/60/5 44/44/5 42/42/5 
f 28/28/4 46/46/4 47/47/4 29/29/4 
f 46/46/4 50/50/4 51/51/4 47/47/4 
f 37/37/5 34/34/5 54/54/5 55/55/5 
f 55/55/5 54/54/5 60/60/5 57/57/5 
f 67/67/6 68/68/6 69/69/6 
f 72/72/7 73/73/7 74/74/7 
f 77/77/8 78/78/8 79/79/8 
f 80/80/9 81/81/9 82/82/9 
f 83/83/10 84/84/10 85/85/10 
f 94/94/11 95/95/11 96/96/11 
f 103/103/12 104/104/12 105/105/12 
f 110/110/13 111/111/13 112/112/13 
f 145/145/14 146/146/14 147/147/14 
f 148/148/15 149/149/15 150/150/15 
f 155/155/16 156/156/16 157/157/16 
f 158/158/17 159/159/17 160/160/17 
f 161/161/18 162/162/18 163/163/18 
f 164/164/19 165/165/19 166/166/19 
f 167/167/20 168/168/20 169/169/20 
f 170/170/21 171/171/21 172/172/21 
f 130/130/22 67/2479/23 69/2490/23 129/129/22 
f 68/68/24 73/73/24 72/72/24 69/69/24 
f 67/67/25 65/65/26 66/66/26 68/68/25 
f 132/132/27 72/2494/27 74/2491/27 131/131/27 
f 80/80/28 74/74/28 73/73/28 81/81/28 
f 81/81/24 84/84/24 83/83/24 82/82/24 
f 134/134/29 80/2503/29 82/2499/29 133/133/29 
f 124/124/22 89/89/30 88/88/30 123/123/22 
f 126/126/31 91/91/31 90/90/31 125/125/31 
f 128/128/32 93/93/32 92/92/32 127/127/32 
f 98/98/33 95/95/34 94/94/34 97/97/33 
f 102/102/29 103/2518/29 105/2517/29 101/101/29 
f 99/99/29 102/102/29 101/101/29 100/100/29 
f 116/116/24 105/105/24 104/104/24 115/115/24 
f 103/103/33 98/98/33 97/97/33 104/104/33 
f 109/109/24 106/106/24 107/107/24 108/108/24 
f 112/112/24 109/109/24 108/108/24 110/110/24 
f 64/64/22 112/2521/22 111/2519/22 63/63/22 
f 65/65/26 111/111/26 110/110/26 66/66/26 
f 77/77/35 85/85/35 84/84/35 78/78/35 
f 61/61/22 64/64/22 63/63/22 62/62/22 
f 152/152/24 116/116/24 115/115/24 151/151/24 
f 154/154/24 113/113/24 114/114/24 153/153/24 
f 113/113/24 94/94/24 96/96/24 114/114/24 
f 70/70/23 117/117/23 118/118/23 71/71/23 
f 75/75/27 119/119/27 120/120/27 76/76/27 
f 86/86/29 121/121/29 122/122/29 87/87/29 
f 136/136/22 124/124/22 123/123/22 135/135/22 
f 138/138/36 126/126/31 125/125/31 137/137/36 
f 140/140/37 128/128/32 127/127/32 139/139/37 
f 117/117/23 130/130/22 129/129/22 118/118/23 
f 119/119/27 132/132/27 131/131/27 120/120/27 
f 121/121/29 134/134/29 133/133/29 122/122/29 
f 85/2507/30 136/136/22 135/135/22 83/2508/30 
f 79/2495/36 138/138/36 137/137/36 77/2489/36 
f 95/2512/27 140/140/37 139/139/37 96/2516/27 
f 106/106/24 141/141/24 142/142/24 107/107/24 
f 78/78/24 143/143/24 144/144/24 79/79/24 
f 148/148/38 145/145/38 147/147/38 149/149/38 
f 141/141/24 152/152/24 151/151/24 142/142/24 
f 143/143/24 154/154/24 153/153/24 144/144/24 
f 146/146/39 155/155/39 157/157/39 147/147/39 
f 149/149/40 159/159/40 158/158/40 150/150/40 
f 159/159/41 157/157/41 156/156/41 160/160/41 
f 163/163/32 165/165/32 164/164/32 161/161/32 
f 165/165/42 168/168/42 167/167/42 166/166/42 
f 162/162/43 170/170/43 172/172/43 163/163/43 
f 171/171/44 169/169/44 168/168/44 172/172/44 
f 160/2515/45 171/171/45 170/170/45 158/2531/45 
f 161/161/33 148/2527/33 150/2525/33 162/162/33 
f 155/2482/46 167/167/46 169/169/46 156/2528/46 
f 166/166/47 146/2497/47 145/2522/47 164/164/47 
f 18/18/48 17/17/48 62/62/48 63/63/48 
f 64/64/5 61/61/5 40/40/5 39/39/5 
f 65/2534/48 18/18/48 63/63/48 111/2519/48 
f 112/2521/5 64/64/5 39/39/5 109/2538/5 
f 67/2480/48 19/19/48 18/2496/48 65/2533/48 
f 110/110/49 108/108/49 23/23/49 66/66/49 
f 66/66/49 23/23/49 73/73/49 68/68/49 
f 21/21/48 20/20/48 19/19/48 67/2480/48 
f 49/49/48 21/2506/48 67/2479/48 130/130/48 
f 69/2490/5 72/2494/5 132/132/5 129/129/5 
f 22/22/48 45/45/48 117/117/48 70/70/48 
f 118/118/5 119/119/5 75/75/5 71/71/5 
f 73/73/49 78/78/49 84/84/49 81/81/49 
f 131/131/4 74/2491/4 80/2503/4 134/134/4 
f 23/23/49 38/38/49 78/78/49 73/73/49 
f 76/76/4 120/120/4 121/121/4 86/86/4 
f 77/2489/48 137/137/48 136/136/48 85/2507/48 
f 138/138/5 79/2495/5 144/2500/5 149/149/5 
f 38/38/49 53/53/49 143/143/49 78/78/49 
f 82/2499/5 83/2508/5 135/135/5 133/133/5 
f 122/122/5 123/123/5 88/88/5 87/87/5 
f 125/125/48 90/90/48 89/89/48 124/124/48 
f 91/91/5 126/126/5 147/147/5 56/56/5 
f 93/93/4 128/128/4 46/46/4 28/28/4 
f 127/127/5 92/92/5 41/41/5 48/48/5 
f 98/2535/4 36/36/4 24/24/4 95/2511/4 
f 95/2511/4 24/24/4 26/26/4 25/25/4 
f 140/140/4 95/2512/4 25/2486/4 50/50/4 
f 43/43/49 97/97/49 94/94/49 113/113/49 
f 96/2516/5 139/139/5 52/52/5 114/2543/5 
f 103/2518/4 102/102/4 36/36/4 98/2535/4 
f 115/115/49 104/104/49 97/97/49 43/43/49 
f 102/102/4 99/99/4 35/35/4 36/36/4 
f 42/42/5 44/44/5 100/100/5 101/101/5 
f 116/2537/5 42/42/5 101/101/5 105/2517/5 
f 37/37/5 106/2539/5 109/2538/5 39/39/5 
f 106/2539/5 37/37/5 55/55/5 141/2488/5 
f 108/108/49 107/107/49 38/38/49 23/23/49 
f 107/107/49 142/142/49 53/53/49 38/38/49 
f 59/59/49 43/43/49 113/113/49 154/154/49 
f 159/159/5 153/2485/5 114/2543/5 52/52/5 
f 152/2540/5 57/57/5 42/42/5 116/2537/5 
f 151/151/49 115/115/49 43/43/49 59/59/49 
f 45/45/48 49/49/48 130/130/48 117/117/48 
f 129/129/5 132/132/5 119/119/5 118/118/5 
f 120/120/4 131/131/4 134/134/4 121/121/4 
f 133/133/5 135/135/5 123/123/5 122/122/5 
f 137/137/48 125/125/48 124/124/48 136/136/48 
f 126/126/5 138/138/5 149/149/5 147/147/5 
f 128/128/4 140/140/4 50/50/4 46/46/4 
f 139/139/5 127/127/5 48/48/5 52/52/5 
f 142/142/49 151/151/49 59/59/49 53/53/49 
f 141/2488/5 55/55/5 57/57/5 152/2540/5 
f 53/53/49 59/59/49 154/154/49 143/143/49 
f 149/149/5 144/2500/5 153/2485/5 159/159/5 
f 56/56/5 147/147/5 157/157/5 58/58/5 
f 155/2482/50 146/2497/50 166/166/50 167/167/50 
f 145/2522/4 148/2527/4 161/161/4 164/164/4 
f 150/2525/49 158/2531/49 170/170/49 162/162/49 
f 157/157/5 159/159/5 52/52/5 48/48/5 
f 160/2515/51 156/2528/51 169/169/51 171/171/51 
f 58/58/5 157/157/5 48/48/5 41/41/5 
f 165/165/5 163/163/5 172/172/5 168/168/5 
o Cube:462
s 1
f 208/208/52 209/209/52 210/210/52 
f 211/211/53 212/212/53 213/213/53 
f 226/226/54 227/227/54 228/228/54 
f 229/229/55 230/230/55 231/231/55 
f 236/236/56 237/237/56 238/238/56 
f 239/239/57 240/240/57 241/241/57 
f 256/256/58 257/257/58 258/258/58 
f 263/263/59 264/264/59 265/265/59 
f 276/276/60 277/277/60 278/278/60 
f 281/281/61 282/282/61 283/283/61 
f 286/286/62 287/287/62 288/288/62 
f 307/307/63 308/308/63 309/309/63 
f 310/310/64 311/311/64 312/312/64 
f 313/313/65 314/314/65 315/315/65 
f 318/318/60 319/319/60 320/320/60 
f 327/327/66 328/328/66 329/329/66 
f 332/332/67 333/333/67 334/334/67 
f 341/341/68 342/342/68 343/343/68 
f 350/350/69 351/351/69 352/352/69 
f 357/357/70 358/358/70 359/359/70 
f 362/362/71 363/363/71 364/364/71 
f 371/371/60 372/372/60 373/373/60 
f 374/374/72 375/375/72 376/376/72 
f 383/383/73 384/384/73 385/385/73 
f 388/388/74 389/389/74 390/390/74 
f 395/395/75 396/396/75 397/397/75 
f 218/218/76 212/212/76 211/211/76 219/219/76 
f 210/210/77 213/213/77 212/212/77 208/208/77 
f 214/214/78 210/210/78 209/209/78 215/215/78 
f 216/216/79 211/211/79 213/213/79 217/217/79 
f 220/220/80 209/209/80 208/208/80 221/221/80 
f 228/228/81 223/223/81 222/222/81 226/226/81 
f 231/231/82 228/228/82 227/227/82 229/229/82 
f 230/230/83 225/225/83 224/224/83 231/231/83 
f 232/232/84 230/230/84 229/229/84 233/233/84 
f 226/226/85 235/235/85 234/234/85 227/227/85 
f 241/241/86 237/237/86 236/236/86 239/239/86 
f 242/242/87 241/241/87 240/240/87 243/243/87 
f 237/237/88 245/245/88 244/244/88 238/238/88 
f 246/246/89 236/236/89 238/238/89 247/247/89 
f 239/239/90 249/249/90 248/248/90 240/240/90 
f 260/260/91 254/254/91 255/255/91 259/259/91 
f 262/262/92 264/264/93 263/263/93 261/261/92 
f 264/264/94 257/257/94 256/256/94 265/265/94 
f 266/266/95 268/268/96 269/269/96 267/267/95 
f 271/271/76 272/272/76 273/273/76 270/270/76 
f 272/272/76 260/260/76 259/259/76 273/273/76 
f 268/268/96 262/2545/92 261/2544/92 269/269/96 
f 257/257/76 271/2526/76 270/2546/76 258/258/76 
f 265/265/97 251/251/97 250/250/97 263/263/97 
f 258/258/98 253/253/98 252/252/98 256/256/98 
f 280/280/76 282/282/76 281/281/76 279/279/76 
f 285/285/99 286/286/99 288/288/99 284/284/99 
f 287/287/100 276/276/100 278/278/100 288/288/100 
f 289/289/101 291/291/101 292/292/101 290/290/101 
f 294/294/102 295/295/102 296/296/102 293/293/102 
f 295/295/102 280/280/76 279/279/76 296/296/102 
f 307/307/79 277/277/79 276/276/79 308/308/79 
f 291/291/101 285/2529/99 284/2548/99 292/292/101 
f 277/277/103 294/2510/102 293/2549/102 278/278/103 
f 282/282/104 311/311/104 310/310/104 283/283/104 
f 313/313/105 287/287/105 286/286/105 314/314/105 
f 302/302/106 312/312/107 311/311/107 301/301/106 
f 317/317/108 315/315/108 314/314/108 316/316/108 
f 315/315/109 309/309/109 308/308/109 313/313/109 
f 299/299/110 305/305/108 306/306/108 300/300/110 
f 298/298/111 303/303/111 304/304/111 297/297/111 
f 303/303/111 302/302/106 301/301/106 304/304/111 
f 305/305/108 317/2552/108 316/2550/108 306/306/108 
f 309/309/112 298/2555/111 297/2553/111 307/307/112 
f 254/254/113 281/281/113 283/283/113 255/255/113 
f 312/312/114 275/275/114 274/274/114 310/310/114 
f 323/323/102 318/318/102 320/320/102 324/324/102 
f 321/321/90 320/320/90 319/319/90 322/322/90 
f 334/334/115 389/389/115 388/388/115 332/332/115 
f 329/329/116 326/326/116 325/325/116 327/327/116 
f 330/330/117 329/329/117 328/328/117 331/331/117 
f 335/335/118 334/334/118 333/333/118 336/336/118 
f 332/332/90 338/338/90 337/337/90 333/333/90 
f 398/398/119 395/395/119 397/397/119 399/399/119 
f 339/339/120 341/341/120 343/343/120 340/340/120 
f 342/342/97 345/345/97 344/344/97 343/343/97 
f 348/348/89 350/350/89 352/352/89 349/349/89 
f 346/346/121 352/352/121 351/351/121 347/347/121 
f 357/357/90 354/354/90 353/353/90 358/358/90 
f 355/355/122 359/359/122 358/358/122 356/356/122 
f 360/360/123 362/362/123 364/364/123 361/361/123 
f 362/362/90 366/366/90 365/365/90 363/363/90 
f 359/359/124 397/397/124 396/396/124 357/357/124 
f 369/369/90 372/372/90 371/371/90 370/370/90 
f 367/367/102 373/373/102 372/372/102 368/368/102 
f 379/379/125 375/375/125 374/374/125 380/380/125 
f 377/377/126 376/376/126 375/375/126 378/378/126 
f 383/383/97 382/382/97 381/381/97 384/384/97 
f 386/386/127 385/385/127 384/384/127 387/387/127 
f 391/391/128 390/390/128 389/389/128 392/392/128 
f 390/390/89 394/394/89 393/393/89 388/388/89 
f 318/318/129 374/374/129 376/376/129 319/319/129 
f 385/385/130 328/328/130 327/327/130 383/383/130 
f 395/395/97 401/401/97 400/400/97 396/396/97 
f 373/373/129 351/351/129 350/350/129 371/371/129 
f 341/341/124 364/364/124 363/363/124 342/342/124 
f 208/208/131 212/212/131 218/218/131 175/175/131 
f 213/213/132 210/210/132 214/214/132 217/217/132 
f 221/221/131 208/208/131 175/175/131 173/173/131 
f 209/209/133 220/220/133 176/176/133 215/215/133 
f 211/211/134 216/216/134 174/174/134 219/219/134 
f 224/224/132 223/223/132 228/228/132 231/231/132 
f 222/222/133 178/178/133 235/235/133 226/226/133 
f 225/225/134 230/230/134 232/232/134 177/177/134 
f 227/227/131 234/234/131 245/245/131 237/237/131 
f 229/229/131 227/227/131 237/237/131 241/241/131 
f 233/233/131 229/229/131 241/241/131 242/242/131 
f 239/239/132 236/236/132 246/246/132 249/249/132 
f 238/238/133 244/244/133 180/180/133 247/247/133 
f 243/243/134 240/240/134 248/248/134 179/179/134 
f 250/250/133 186/2558/133 261/261/133 263/263/133 
f 252/252/132 251/251/132 265/265/132 256/256/132 
f 187/187/134 253/253/134 258/258/134 270/2546/134 
f 254/254/131 260/260/131 279/279/131 281/281/131 
f 181/181/134 184/184/134 259/259/134 255/255/134 
f 274/274/135 255/255/135 283/283/135 310/310/135 
f 257/257/131 264/264/131 288/288/131 278/278/131 
f 271/2526/131 257/257/131 278/278/131 293/2549/131 
f 184/184/134 183/183/134 273/273/134 259/259/134 
f 260/260/131 272/272/131 296/296/131 279/279/131 
f 264/264/131 262/262/131 284/284/131 288/288/131 
f 186/186/133 182/182/133 269/269/133 261/2544/133 
f 262/2545/131 268/268/131 292/292/131 284/2548/131 
f 182/182/133 185/185/133 267/267/133 269/269/133 
f 268/268/131 266/266/131 290/290/131 292/292/131 
f 272/272/131 271/271/131 293/293/131 296/296/131 
f 183/183/134 187/2559/134 270/270/134 273/273/134 
f 189/189/136 275/275/136 312/312/136 302/302/136 
f 276/276/132 287/287/132 313/313/132 308/308/132 
f 294/2510/134 277/277/134 307/307/134 297/2553/134 
f 282/282/134 280/280/134 301/301/134 311/311/134 
f 280/280/134 295/295/134 304/304/134 301/301/134 
f 285/2529/133 291/291/133 306/306/133 316/2550/133 
f 286/286/133 285/285/133 316/316/133 314/314/133 
f 291/291/133 289/289/133 300/300/133 306/306/133 
f 295/295/134 294/294/134 297/297/134 304/304/134 
f 188/188/136 194/2560/136 298/2555/136 309/309/136 
f 194/194/136 195/195/136 303/303/136 298/298/136 
f 192/192/136 193/193/136 305/305/136 299/299/136 
f 195/195/136 189/189/136 302/302/136 303/303/136 
f 193/193/136 190/2562/136 317/2552/136 305/305/136 
f 188/188/136 309/309/136 315/315/136 191/191/136 
f 190/190/136 191/191/136 315/315/136 317/317/136 
f 318/318/131 323/323/131 380/380/131 374/374/131 
f 320/320/134 321/321/134 196/196/134 324/324/134 
f 376/376/132 377/377/132 322/322/132 319/319/132 
f 326/326/134 329/329/134 330/330/134 197/197/134 
f 382/382/132 383/383/132 327/327/132 325/325/132 
f 331/331/131 328/328/131 334/334/131 335/335/131 
f 334/334/131 328/328/131 385/385/131 389/389/131 
f 336/336/134 333/333/134 337/337/134 198/198/134 
f 388/388/132 393/393/132 338/338/132 332/332/132 
f 339/339/131 399/399/131 397/397/131 341/341/131 
f 344/344/133 206/206/133 340/340/133 343/343/133 
f 359/359/131 364/364/131 341/341/131 397/397/131 
f 345/345/132 342/342/132 363/363/132 365/365/132 
f 352/352/133 346/346/133 199/199/133 349/349/133 
f 373/373/131 367/367/131 347/347/131 351/351/131 
f 350/350/132 348/348/132 370/370/132 371/371/132 
f 396/396/132 400/400/132 354/354/132 357/357/132 
f 356/356/134 358/358/134 353/353/134 200/200/134 
f 361/361/131 364/364/131 359/359/131 355/355/131 
f 366/366/134 362/362/134 360/360/134 201/201/134 
f 372/372/134 369/369/134 202/202/134 368/368/134 
f 375/375/133 379/379/133 203/203/133 378/378/133 
f 381/381/133 204/204/133 387/387/133 384/384/133 
f 386/386/131 392/392/131 389/389/131 385/385/131 
f 391/391/133 205/205/133 394/394/133 390/390/133 
f 398/398/133 207/207/133 401/401/133 395/395/133 
f 437/437/137 438/438/137 439/439/137 
f 440/440/53 441/441/53 442/442/53 
f 455/455/138 456/456/138 457/457/138 
f 458/458/55 459/459/55 460/460/55 
f 465/465/139 466/466/139 467/467/139 
f 468/468/140 469/469/140 470/470/140 
f 485/485/141 486/486/141 487/487/141 
f 492/492/142 493/493/142 494/494/142 
f 505/505/143 506/506/143 507/507/143 
f 510/510/144 511/511/144 512/512/144 
f 515/515/145 516/516/145 517/517/145 
f 536/536/146 537/537/146 538/538/146 
f 539/539/147 540/540/147 541/541/147 
f 542/542/65 543/543/65 544/544/65 
f 547/547/60 548/548/60 549/549/60 
f 556/556/66 557/557/66 558/558/66 
f 561/561/148 562/562/148 563/563/148 
f 570/570/68 571/571/68 572/572/68 
f 579/579/69 580/580/69 581/581/69 
f 586/586/70 587/587/70 588/588/70 
f 591/591/71 592/592/71 593/593/71 
f 600/600/60 601/601/60 602/602/60 
f 603/603/72 604/604/72 605/605/72 
f 612/612/149 613/613/149 614/614/149 
f 617/617/74 618/618/74 619/619/74 
f 624/624/75 625/625/75 626/626/75 
f 447/447/76 441/441/76 440/440/76 448/448/76 
f 439/439/77 442/442/77 441/441/77 437/437/77 
f 443/443/78 439/439/78 438/438/78 444/444/78 
f 445/445/79 440/440/79 442/442/79 446/446/79 
f 449/449/80 438/438/80 437/437/80 450/450/80 
f 457/457/81 452/452/81 451/451/81 455/455/81 
f 460/460/82 457/457/82 456/456/82 458/458/82 
f 459/459/83 454/454/83 453/453/83 460/460/83 
f 461/461/84 459/459/84 458/458/84 462/462/84 
f 455/455/85 464/464/85 463/463/85 456/456/85 
f 470/470/150 466/466/150 465/465/150 468/468/150 
f 471/471/87 470/470/87 469/469/87 472/472/87 
f 466/466/88 474/474/88 473/473/88 467/467/88 
f 475/475/89 465/465/89 467/467/89 476/476/89 
f 468/468/90 478/478/90 477/477/90 469/469/90 
f 489/489/91 483/483/91 484/484/91 488/488/91 
f 491/491/92 493/493/93 492/492/93 490/490/92 
f 493/493/94 486/486/94 485/485/94 494/494/94 
f 495/495/95 497/497/96 498/498/96 496/496/95 
f 500/500/76 501/501/76 502/502/76 499/499/76 
f 501/501/76 489/489/76 488/488/76 502/502/76 
f 497/497/96 491/2541/92 490/2554/92 498/498/96 
f 486/486/76 500/2563/76 499/2556/76 487/487/76 
f 494/494/97 480/480/97 479/479/97 492/492/97 
f 487/487/98 482/482/98 481/481/98 485/485/98 
f 509/509/76 511/511/76 510/510/76 508/508/76 
f 514/514/99 515/515/99 517/517/99 513/513/99 
f 516/516/151 505/505/151 507/507/151 517/517/151 
f 518/518/101 520/520/101 521/521/101 519/519/101 
f 523/523/102 524/524/102 525/525/102 522/522/102 
f 524/524/102 509/509/76 508/508/76 525/525/102 
f 536/536/152 506/506/152 505/505/152 537/537/152 
f 520/520/101 514/2565/99 513/2564/99 521/521/101 
f 506/506/103 523/2532/102 522/2493/102 507/507/103 
f 511/511/153 540/540/153 539/539/153 512/512/153 
f 542/542/154 516/516/154 515/515/154 543/543/154 
f 531/531/107 541/541/107 540/540/107 530/530/107 
f 546/546/110 544/544/110 543/543/110 545/545/110 
f 544/544/155 538/538/155 537/537/155 542/542/155 
f 528/528/156 534/534/156 535/535/156 529/529/156 
f 527/527/111 532/532/111 533/533/111 526/526/111 
f 532/532/111 531/531/107 530/530/107 533/533/111 
f 534/534/156 546/2513/110 545/2566/110 535/535/156 
f 538/538/157 527/2568/111 526/2567/111 536/536/157 
f 483/483/158 510/510/158 512/512/158 484/484/158 
f 541/541/159 504/504/159 503/503/159 539/539/159 
f 552/552/102 547/547/102 549/549/102 553/553/102 
f 550/550/90 549/549/90 548/548/90 551/551/90 
f 563/563/115 618/618/115 617/617/115 561/561/115 
f 558/558/116 555/555/116 554/554/116 556/556/116 
f 559/559/117 558/558/117 557/557/117 560/560/117 
f 564/564/118 563/563/118 562/562/118 565/565/118 
f 561/561/90 567/567/90 566/566/90 562/562/90 
f 627/627/119 624/624/119 626/626/119 628/628/119 
f 568/568/120 570/570/120 572/572/120 569/569/120 
f 571/571/97 574/574/97 573/573/97 572/572/97 
f 577/577/89 579/579/89 581/581/89 578/578/89 
f 575/575/121 581/581/121 580/580/121 576/576/121 
f 586/586/90 583/583/90 582/582/90 587/587/90 
f 584/584/122 588/588/122 587/587/122 585/585/122 
f 589/589/123 591/591/123 593/593/123 590/590/123 
f 591/591/90 595/595/90 594/594/90 592/592/90 
f 588/588/124 626/626/124 625/625/124 586/586/124 
f 598/598/90 601/601/90 600/600/90 599/599/90 
f 596/596/102 602/602/102 601/601/102 597/597/102 
f 608/608/125 604/604/125 603/603/125 609/609/125 
f 606/606/126 605/605/126 604/604/126 607/607/126 
f 612/612/97 611/611/97 610/610/97 613/613/97 
f 615/615/127 614/614/127 613/613/127 616/616/127 
f 620/620/128 619/619/128 618/618/128 621/621/128 
f 619/619/89 623/623/89 622/622/89 617/617/89 
f 547/547/129 603/603/129 605/605/129 548/548/129 
f 614/614/130 557/557/130 556/556/130 612/612/130 
f 624/624/97 630/630/97 629/629/97 625/625/97 
f 602/602/129 580/580/129 579/579/129 600/600/129 
f 570/570/160 593/593/160 592/592/160 571/571/160 
f 437/437/131 441/441/131 447/447/131 404/404/131 
f 442/442/132 439/439/132 443/443/132 446/446/132 
f 450/450/131 437/437/131 404/404/131 402/402/131 
f 438/438/133 449/449/133 405/405/133 444/444/133 
f 440/440/134 445/445/134 403/403/134 448/448/134 
f 453/453/132 452/452/132 457/457/132 460/460/132 
f 451/451/133 407/407/133 464/464/133 455/455/133 
f 454/454/134 459/459/134 461/461/134 406/406/134 
f 456/456/131 463/463/131 474/474/131 466/466/131 
f 458/458/131 456/456/131 466/466/131 470/470/131 
f 462/462/131 458/458/131 470/470/131 471/471/131 
f 468/468/132 465/465/132 475/475/132 478/478/132 
f 467/467/133 473/473/133 409/409/133 476/476/133 
f 472/472/134 469/469/134 477/477/134 408/408/134 
f 479/479/133 415/2569/133 490/490/133 492/492/133 
f 481/481/132 480/480/132 494/494/132 485/485/132 
f 416/416/134 482/482/134 487/487/134 499/2556/134 
f 483/483/131 489/489/131 508/508/131 510/510/131 
f 410/410/134 413/413/134 488/488/134 484/484/134 
f 503/503/135 484/484/135 512/512/135 539/539/135 
f 486/486/131 493/493/131 517/517/131 507/507/131 
f 500/2563/131 486/486/131 507/507/131 522/2493/131 
f 413/413/134 412/412/134 502/502/134 488/488/134 
f 489/489/131 501/501/131 525/525/131 508/508/131 
f 493/493/131 491/491/131 513/513/131 517/517/131 
f 415/415/133 411/411/133 498/498/133 490/2554/133 
f 491/2541/131 497/497/131 521/521/131 513/2564/131 
f 411/411/133 414/414/133 496/496/133 498/498/133 
f 497/497/131 495/495/131 519/519/131 521/521/131 
f 501/501/131 500/500/131 522/522/131 525/525/131 
f 412/412/134 416/2570/134 499/499/134 502/502/134 
f 418/418/136 504/504/136 541/541/136 531/531/136 
f 505/505/132 516/516/132 542/542/132 537/537/132 
f 523/2532/134 506/506/134 536/536/134 526/2567/134 
f 511/511/134 509/509/134 530/530/134 540/540/134 
f 509/509/134 524/524/134 533/533/134 530/530/134 
f 514/2565/133 520/520/133 535/535/133 545/2566/133 
f 515/515/133 514/514/133 545/545/133 543/543/133 
f 520/520/133 518/518/133 529/529/133 535/535/133 
f 524/524/134 523/523/134 526/526/134 533/533/134 
f 417/417/136 423/2571/136 527/2568/136 538/538/136 
f 423/423/136 424/424/136 532/532/136 527/527/136 
f 421/421/136 422/422/136 534/534/136 528/528/136 
f 424/424/136 418/418/136 531/531/136 532/532/136 
f 422/422/136 419/2572/136 546/2513/136 534/534/136 
f 417/417/136 538/538/136 544/544/136 420/420/136 
f 419/419/136 420/420/136 544/544/136 546/546/136 
f 547/547/131 552/552/131 609/609/131 603/603/131 
f 549/549/134 550/550/134 425/425/134 553/553/134 
f 605/605/132 606/606/132 551/551/132 548/548/132 
f 555/555/134 558/558/134 559/559/134 426/426/134 
f 611/611/132 612/612/132 556/556/132 554/554/132 
f 560/560/131 557/557/131 563/563/131 564/564/131 
f 563/563/131 557/557/131 614/614/131 618/618/131 
f 565/565/134 562/562/134 566/566/134 427/427/134 
f 617/617/132 622/622/132 567/567/132 561/561/132 
f 568/568/131 628/628/131 626/626/131 570/570/131 
f 573/573/133 435/435/133 569/569/133 572/572/133 
f 588/588/131 593/593/131 570/570/131 626/626/131 
f 574/574/132 571/571/132 592/592/132 594/594/132 
f 581/581/133 575/575/133 428/428/133 578/578/133 
f 602/602/131 596/596/131 576/576/131 580/580/131 
f 579/579/132 577/577/132 599/599/132 600/600/132 
f 625/625/132 629/629/132 583/583/132 586/586/132 
f 585/585/134 587/587/134 582/582/134 429/429/134 
f 590/590/131 593/593/131 588/588/131 584/584/131 
f 595/595/134 591/591/134 589/589/134 430/430/134 
f 601/601/134 598/598/134 431/431/134 597/597/134 
f 604/604/133 608/608/133 432/432/133 607/607/133 
f 610/610/133 433/433/133 616/616/133 613/613/133 
f 615/615/131 621/621/131 618/618/131 614/614/131 
f 620/620/133 434/434/133 623/623/133 619/619/133 
f 627/627/133 436/436/133 630/630/133 624/624/133 
f 666/666/52 667/667/52 668/668/52 
f 669/669/161 670/670/161 671/671/161 
f 684/684/138 685/685/138 686/686/138 
f 687/687/162 688/688/162 689/689/162 
f 694/694/139 695/695/139 696/696/139 
f 697/697/140 698/698/140 699/699/140 
f 714/714/163 715/715/163 716/716/163 
f 721/721/164 722/722/164 723/723/164 
f 734/734/60 735/735/60 736/736/60 
f 739/739/61 740/740/61 741/741/61 
f 744/744/145 745/745/145 746/746/145 
f 765/765/165 766/766/165 767/767/165 
f 768/768/166 769/769/166 770/770/166 
f 771/771/167 772/772/167 773/773/167 
f 776/776/168 777/777/168 778/778/168 
f 785/785/66 786/786/66 787/787/66 
f 790/790/169 791/791/169 792/792/169 
f 799/799/68 800/800/68 801/801/68 
f 808/808/170 809/809/170 810/810/170 
f 815/815/171 816/816/171 817/817/171 
f 820/820/71 821/821/71 822/822/71 
f 829/829/168 830/830/168 831/831/168 
f 832/832/72 833/833/72 834/834/72 
f 841/841/149 842/842/149 843/843/149 
f 846/846/172 847/847/172 848/848/172 
f 853/853/173 854/854/173 855/855/173 
f 676/676/76 670/670/76 669/669/76 677/677/76 
f 668/668/77 671/671/77 670/670/77 666/666/77 
f 672/672/174 668/668/174 667/667/174 673/673/174 
f 674/674/175 669/669/175 671/671/175 675/675/175 
f 678/678/176 667/667/176 666/666/176 679/679/176 
f 686/686/81 681/681/81 680/680/81 684/684/81 
f 689/689/177 686/686/177 685/685/177 687/687/177 
f 688/688/83 683/683/83 682/682/83 689/689/83 
f 690/690/178 688/688/178 687/687/178 691/691/178 
f 684/684/179 693/693/179 692/692/179 685/685/179 
f 699/699/86 695/695/86 694/694/86 697/697/86 
f 700/700/87 699/699/87 698/698/87 701/701/87 
f 695/695/180 703/703/180 702/702/180 696/696/180 
f 704/704/181 694/694/181 696/696/181 705/705/181 
f 697/697/182 707/707/182 706/706/182 698/698/182 
f 718/718/91 712/712/91 713/713/91 717/717/91 
f 720/720/92 722/722/92 721/721/92 719/719/92 
f 722/722/94 715/715/94 714/714/94 723/723/94 
f 724/724/95 726/726/183 727/727/183 725/725/95 
f 729/729/184 730/730/76 731/731/76 728/728/184 
f 730/730/76 718/718/76 717/717/76 731/731/76 
f 726/726/183 720/2575/92 719/2574/92 727/727/183 
f 715/715/102 729/2577/184 728/2576/184 716/716/102 
f 723/723/97 709/709/97 708/708/97 721/721/97 
f 716/716/98 711/711/98 710/710/98 714/714/98 
f 738/738/76 740/740/185 739/739/185 737/737/76 
f 743/743/101 744/744/101 746/746/101 742/742/101 
f 745/745/100 734/734/100 736/736/100 746/746/100 
f 747/747/101 749/749/101 750/750/101 748/748/101 
f 752/752/184 753/753/76 754/754/76 751/751/184 
f 753/753/76 738/738/76 737/737/76 754/754/76 
f 765/765/152 735/735/152 734/734/152 766/766/152 
f 749/749/101 743/2547/101 742/2578/101 750/750/101 
f 735/735/102 752/2580/184 751/2579/184 736/736/102 
f 740/740/153 769/769/153 768/768/153 741/741/153 
f 771/771/154 745/745/154 744/744/154 772/772/154 
f 760/760/107 770/770/107 769/769/107 759/759/107 
f 775/775/110 773/773/110 772/772/110 774/774/110 
f 773/773/155 767/767/155 766/766/155 771/771/155 
f 757/757/156 763/763/156 764/764/156 758/758/156 
f 756/756/111 761/761/111 762/762/111 755/755/111 
f 761/761/111 760/760/107 759/759/107 762/762/111 
f 763/763/156 775/2583/110 774/2582/110 764/764/156 
f 767/767/157 756/2585/111 755/2584/111 765/765/157 
f 712/712/186 739/739/186 741/741/186 713/713/186 
f 770/770/159 733/733/159 732/732/159 768/768/159 
f 781/781/102 776/776/102 778/778/102 782/782/102 
f 779/779/182 778/778/182 777/777/182 780/780/182 
f 792/792/115 847/847/115 846/846/115 790/790/115 
f 787/787/116 784/784/116 783/783/116 785/785/116 
f 788/788/187 787/787/187 786/786/187 789/789/187 
f 793/793/118 792/792/118 791/791/118 794/794/118 
f 790/790/182 796/796/182 795/795/182 791/791/182 
f 856/856/119 853/853/119 855/855/119 857/857/119 
f 797/797/188 799/799/188 801/801/188 798/798/188 
f 800/800/97 803/803/97 802/802/97 801/801/97 
f 806/806/181 808/808/181 810/810/181 807/807/181 
f 804/804/189 810/810/189 809/809/189 805/805/189 
f 815/815/182 812/812/182 811/811/182 816/816/182 
f 813/813/122 817/817/122 816/816/122 814/814/122 
f 818/818/190 820/820/190 822/822/190 819/819/190 
f 820/820/90 824/824/90 823/823/90 821/821/90 
f 817/817/191 855/855/191 854/854/191 815/815/191 
f 827/827/182 830/830/182 829/829/182 828/828/182 
f 825/825/102 831/831/102 830/830/102 826/826/102 
f 837/837/125 833/833/125 832/832/125 838/838/125 
f 835/835/192 834/834/192 833/833/192 836/836/192 
f 841/841/97 840/840/97 839/839/97 842/842/97 
f 844/844/193 843/843/193 842/842/193 845/845/193 
f 849/849/193 848/848/193 847/847/193 850/850/193 
f 848/848/181 852/852/181 851/851/181 846/846/181 
f 776/776/129 832/832/129 834/834/129 777/777/129 
f 843/843/194 786/786/194 785/785/194 841/841/194 
f 853/853/78 859/859/78 858/858/78 854/854/78 
f 831/831/129 809/809/129 808/808/129 829/829/129 
f 799/799/124 822/822/124 821/821/124 800/800/124 
f 666/666/131 670/670/131 676/676/131 633/633/131 
f 671/671/132 668/668/132 672/672/132 675/675/132 
f 679/679/131 666/666/131 633/633/131 631/631/131 
f 667/667/133 678/678/133 634/634/133 673/673/133 
f 669/669/134 674/674/134 632/632/134 677/677/134 
f 682/682/132 681/681/132 686/686/132 689/689/132 
f 680/680/133 636/636/133 693/693/133 684/684/133 
f 683/683/134 688/688/134 690/690/134 635/635/134 
f 685/685/131 692/692/131 703/703/131 695/695/131 
f 687/687/131 685/685/131 695/695/131 699/699/131 
f 691/691/131 687/687/131 699/699/131 700/700/131 
f 697/697/132 694/694/132 704/704/132 707/707/132 
f 696/696/133 702/702/133 638/638/133 705/705/133 
f 701/701/134 698/698/134 706/706/134 637/637/134 
f 708/708/133 644/2586/133 719/719/133 721/721/133 
f 710/710/132 709/709/132 723/723/132 714/714/132 
f 645/645/134 711/711/134 716/716/134 728/2576/134 
f 712/712/131 718/718/131 737/737/131 739/739/131 
f 639/639/134 642/642/134 717/717/134 713/713/134 
f 732/732/135 713/713/135 741/741/135 768/768/135 
f 715/715/131 722/722/131 746/746/131 736/736/131 
f 729/2577/131 715/715/131 736/736/131 751/2579/131 
f 642/642/134 641/641/134 731/731/134 717/717/134 
f 718/718/131 730/730/131 754/754/131 737/737/131 
f 722/722/131 720/720/131 742/742/131 746/746/131 
f 644/644/133 640/640/133 727/727/133 719/2574/133 
f 720/2575/131 726/726/131 750/750/131 742/2578/131 
f 640/640/133 643/643/133 725/725/133 727/727/133 
f 726/726/131 724/724/131 748/748/131 750/750/131 
f 730/730/131 729/729/131 751/751/131 754/754/131 
f 641/641/134 645/2587/134 728/728/134 731/731/134 
f 647/647/136 733/733/136 770/770/136 760/760/136 
f 734/734/132 745/745/132 771/771/132 766/766/132 
f 752/2580/134 735/735/134 765/765/134 755/2584/134 
f 740/740/134 738/738/134 759/759/134 769/769/134 
f 738/738/134 753/753/134 762/762/134 759/759/134 
f 743/2547/133 749/749/133 764/764/133 774/2582/133 
f 744/744/133 743/743/133 774/774/133 772/772/133 
f 749/749/133 747/747/133 758/758/133 764/764/133 
f 753/753/134 752/752/134 755/755/134 762/762/134 
f 646/646/136 652/2588/136 756/2585/136 767/767/136 
f 652/652/136 653/653/136 761/761/136 756/756/136 
f 650/650/136 651/651/136 763/763/136 757/757/136 
f 653/653/136 647/647/136 760/760/136 761/761/136 
f 651/651/136 648/2589/136 775/2583/136 763/763/136 
f 646/646/136 767/767/136 773/773/136 649/649/136 
f 648/648/136 649/649/136 773/773/136 775/775/136 
f 776/776/131 781/781/131 838/838/131 832/832/131 
f 778/778/134 779/779/134 654/654/134 782/782/134 
f 834/834/132 835/835/132 780/780/132 777/777/132 
f 784/784/134 787/787/134 788/788/134 655/655/134 
f 840/840/132 841/841/132 785/785/132 783/783/132 
f 789/789/131 786/786/131 792/792/131 793/793/131 
f 792/792/131 786/786/131 843/843/131 847/847/131 
f 794/794/134 791/791/134 795/795/134 656/656/134 
f 846/846/132 851/851/132 796/796/132 790/790/132 
f 797/797/131 857/857/131 855/855/131 799/799/131 
f 802/802/133 664/664/133 798/798/133 801/801/133 
f 817/817/131 822/822/131 799/799/131 855/855/131 
f 803/803/132 800/800/132 821/821/132 823/823/132 
f 810/810/133 804/804/133 657/657/133 807/807/133 
f 831/831/131 825/825/131 805/805/131 809/809/131 
f 808/808/132 806/806/132 828/828/132 829/829/132 
f 854/854/132 858/858/132 812/812/132 815/815/132 
f 814/814/134 816/816/134 811/811/134 658/658/134 
f 819/819/131 822/822/131 817/817/131 813/813/131 
f 824/824/134 820/820/134 818/818/134 659/659/134 
f 830/830/134 827/827/134 660/660/134 826/826/134 
f 833/833/133 837/837/133 661/661/133 836/836/133 
f 839/839/133 662/662/133 845/845/133 842/842/133 
f 844/844/131 850/850/131 847/847/131 843/843/131 
f 849/849/133 663/663/133 852/852/133 848/848/133 
f 856/856/133 665/665/133 859/859/133 853/853/133 
f 895/895/137 896/896/137 897/897/137 
f 898/898/53 899/899/53 900/900/53 
f 913/913/195 914/914/195 915/915/195 
f 916/916/162 917/917/162 918/918/162 
f 923/923/196 924/924/196 925/925/196 
f 926/926/197 927/927/197 928/928/197 
f 943/943/198 944/944/198 945/945/198 
f 950/950/142 951/951/142 952/952/142 
f 963/963/168 964/964/168 965/965/168 
f 968/968/199 969/969/199 970/970/199 
f 973/973/62 974/974/62 975/975/62 
f 994/994/146 995/995/146 996/996/146 
f 997/997/147 998/998/147 999/999/147 
f 1000/1000/65 1001/1001/65 1002/1002/65 
f 1005/1005/168 1006/1006/168 1007/1007/168 
f 1014/1014/200 1015/1015/200 1016/1016/200 
f 1019/1019/169 1020/1020/169 1021/1021/169 
f 1028/1028/201 1029/1029/201 1030/1030/201 
f 1037/1037/170 1038/1038/170 1039/1039/170 
f 1044/1044/202 1045/1045/202 1046/1046/202 
f 1049/1049/203 1050/1050/203 1051/1051/203 
f 1058/1058/168 1059/1059/168 1060/1060/168 
f 1061/1061/72 1062/1062/72 1063/1063/72 
f 1070/1070/204 1071/1071/204 1072/1072/204 
f 1075/1075/205 1076/1076/205 1077/1077/205 
f 1082/1082/206 1083/1083/206 1084/1084/206 
f 905/905/76 899/899/76 898/898/76 906/906/76 
f 897/897/77 900/900/77 899/899/77 895/895/77 
f 901/901/174 897/897/174 896/896/174 902/902/174 
f 903/903/175 898/898/175 900/900/175 904/904/175 
f 907/907/176 896/896/176 895/895/176 908/908/176 
f 915/915/81 910/910/81 909/909/81 913/913/81 
f 918/918/207 915/915/207 914/914/207 916/916/207 
f 917/917/83 912/912/83 911/911/83 918/918/83 
f 919/919/84 917/917/84 916/916/84 920/920/84 
f 913/913/85 922/922/85 921/921/85 914/914/85 
f 928/928/86 924/924/86 923/923/86 926/926/86 
f 929/929/87 928/928/87 927/927/87 930/930/87 
f 924/924/180 932/932/180 931/931/180 925/925/180 
f 933/933/181 923/923/181 925/925/181 934/934/181 
f 926/926/182 936/936/182 935/935/182 927/927/182 
f 947/947/91 941/941/91 942/942/91 946/946/91 
f 949/949/92 951/951/93 950/950/93 948/948/92 
f 951/951/94 944/944/94 943/943/94 952/952/94 
f 953/953/95 955/955/96 956/956/96 954/954/95 
f 958/958/76 959/959/76 960/960/76 957/957/76 
f 959/959/76 947/947/76 946/946/76 960/960/76 
f 955/955/96 949/2591/92 948/2590/92 956/956/96 
f 944/944/76 958/2594/76 957/2592/76 945/945/76 
f 952/952/97 938/938/97 937/937/97 950/950/97 
f 945/945/98 940/940/98 939/939/98 943/943/98 
f 967/967/76 969/969/76 968/968/76 966/966/76 
f 972/972/99 973/973/99 975/975/99 971/971/99 
f 974/974/208 963/963/208 965/965/208 975/975/208 
f 976/976/101 978/978/101 979/979/101 977/977/101 
f 981/981/102 982/982/102 983/983/102 980/980/102 
f 982/982/102 967/967/76 966/966/76 983/983/102 
f 994/994/79 964/964/79 963/963/79 995/995/79 
f 978/978/101 972/2595/99 971/2502/99 979/979/101 
f 964/964/103 981/2596/102 980/2509/102 965/965/103 
f 969/969/104 998/998/104 997/997/104 970/970/104 
f 1000/1000/105 974/974/105 973/973/105 1001/1001/105 
f 989/989/111 999/999/111 998/998/111 988/988/111 
f 1004/1004/108 1002/1002/108 1001/1001/108 1003/1003/108 
f 1002/1002/109 996/996/109 995/995/109 1000/1000/109 
f 986/986/108 992/992/108 993/993/108 987/987/108 
f 985/985/112 990/990/111 991/991/111 984/984/112 
f 990/990/111 989/989/111 988/988/111 991/991/111 
f 992/992/108 1004/2597/108 1003/2520/108 993/993/108 
f 996/996/112 985/2599/112 984/2598/112 994/994/112 
f 941/941/113 968/968/113 970/970/113 942/942/113 
f 999/999/114 962/962/114 961/961/114 997/997/114 
f 1010/1010/102 1005/1005/102 1007/1007/102 1011/1011/102 
f 1008/1008/182 1007/1007/182 1006/1006/182 1009/1009/182 
f 1021/1021/115 1076/1076/115 1075/1075/115 1019/1019/115 
f 1016/1016/116 1013/1013/116 1012/1012/116 1014/1014/116 
f 1017/1017/117 1016/1016/117 1015/1015/117 1018/1018/117 
f 1022/1022/118 1021/1021/118 1020/1020/118 1023/1023/118 
f 1019/1019/182 1025/1025/182 1024/1024/182 1020/1020/182 
f 1085/1085/119 1082/1082/119 1084/1084/119 1086/1086/119 
f 1026/1026/120 1028/1028/120 1030/1030/120 1027/1027/120 
f 1029/1029/97 1032/1032/97 1031/1031/97 1030/1030/97 
f 1035/1035/181 1037/1037/181 1039/1039/181 1036/1036/181 
f 1033/1033/189 1039/1039/189 1038/1038/189 1034/1034/189 
f 1044/1044/182 1041/1041/182 1040/1040/182 1045/1045/182 
f 1042/1042/122 1046/1046/122 1045/1045/122 1043/1043/122 
f 1047/1047/123 1049/1049/123 1051/1051/123 1048/1048/123 
f 1049/1049/90 1053/1053/90 1052/1052/90 1050/1050/90 
f 1046/1046/124 1084/1084/124 1083/1083/124 1044/1044/124 
f 1056/1056/182 1059/1059/182 1058/1058/182 1057/1057/182 
f 1054/1054/102 1060/1060/102 1059/1059/102 1055/1055/102 
f 1066/1066/125 1062/1062/125 1061/1061/125 1067/1067/125 
f 1064/1064/192 1063/1063/192 1062/1062/192 1065/1065/192 
f 1070/1070/97 1069/1069/97 1068/1068/97 1071/1071/97 
f 1073/1073/127 1072/1072/127 1071/1071/127 1074/1074/127 
f 1078/1078/193 1077/1077/193 1076/1076/193 1079/1079/193 
f 1077/1077/181 1081/1081/181 1080/1080/181 1075/1075/181 
f 1005/1005/129 1061/1061/129 1063/1063/129 1006/1006/129 
f 1072/1072/194 1015/1015/194 1014/1014/194 1070/1070/194 
f 1082/1082/78 1088/1088/78 1087/1087/78 1083/1083/78 
f 1060/1060/129 1038/1038/129 1037/1037/129 1058/1058/129 
f 1028/1028/209 1051/1051/209 1050/1050/209 1029/1029/209 
f 895/895/131 899/899/131 905/905/131 862/862/131 
f 900/900/132 897/897/132 901/901/132 904/904/132 
f 908/908/131 895/895/131 862/862/131 860/860/131 
f 896/896/133 907/907/133 863/863/133 902/902/133 
f 898/898/134 903/903/134 861/861/134 906/906/134 
f 911/911/132 910/910/132 915/915/132 918/918/132 
f 909/909/133 865/865/133 922/922/133 913/913/133 
f 912/912/134 917/917/134 919/919/134 864/864/134 
f 914/914/131 921/921/131 932/932/131 924/924/131 
f 916/916/131 914/914/131 924/924/131 928/928/131 
f 920/920/131 916/916/131 928/928/131 929/929/131 
f 926/926/132 923/923/132 933/933/132 936/936/132 
f 925/925/133 931/931/133 867/867/133 934/934/133 
f 930/930/134 927/927/134 935/935/134 866/866/134 
f 937/937/133 873/2600/133 948/948/133 950/950/133 
f 939/939/132 938/938/132 952/952/132 943/943/132 
f 874/874/134 940/940/134 945/945/134 957/2592/134 
f 941/941/131 947/947/131 966/966/131 968/968/131 
f 868/868/134 871/871/134 946/946/134 942/942/134 
f 961/961/135 942/942/135 970/970/135 997/997/135 
f 944/944/131 951/951/131 975/975/131 965/965/131 
f 958/2594/131 944/944/131 965/965/131 980/2509/131 
f 871/871/134 870/870/134 960/960/134 946/946/134 
f 947/947/131 959/959/131 983/983/131 966/966/131 
f 951/951/131 949/949/131 971/971/131 975/975/131 
f 873/873/133 869/869/133 956/956/133 948/2590/133 
f 949/2591/131 955/955/131 979/979/131 971/2502/131 
f 869/869/133 872/872/133 954/954/133 956/956/133 
f 955/955/131 953/953/131 977/977/131 979/979/131 
f 959/959/131 958/958/131 980/980/131 983/983/131 
f 870/870/134 874/2484/134 957/957/134 960/960/134 
f 876/876/136 962/962/136 999/999/136 989/989/136 
f 963/963/132 974/974/132 1000/1000/132 995/995/132 
f 981/2596/134 964/964/134 994/994/134 984/2598/134 
f 969/969/134 967/967/134 988/988/134 998/998/134 
f 967/967/134 982/982/134 991/991/134 988/988/134 
f 972/2595/133 978/978/133 993/993/133 1003/2520/133 
f 973/973/133 972/972/133 1003/1003/133 1001/1001/133 
f 978/978/133 976/976/133 987/987/133 993/993/133 
f 982/982/134 981/981/134 984/984/134 991/991/134 
f 875/875/136 881/2601/136 985/2599/136 996/996/136 
f 881/881/136 882/882/136 990/990/136 985/985/136 
f 879/879/136 880/880/136 992/992/136 986/986/136 
f 882/882/136 876/876/136 989/989/136 990/990/136 
f 880/880/136 877/2602/136 1004/2597/136 992/992/136 
f 875/875/136 996/996/136 1002/1002/136 878/878/136 
f 877/877/136 878/878/136 1002/1002/136 1004/1004/136 
f 1005/1005/131 1010/1010/131 1067/1067/131 1061/1061/131 
f 1007/1007/134 1008/1008/134 883/883/134 1011/1011/134 
f 1063/1063/132 1064/1064/132 1009/1009/132 1006/1006/132 
f 1013/1013/134 1016/1016/134 1017/1017/134 884/884/134 
f 1069/1069/132 1070/1070/132 1014/1014/132 1012/1012/132 
f 1018/1018/131 1015/1015/131 1021/1021/131 1022/1022/131 
f 1021/1021/131 1015/1015/131 1072/1072/131 1076/1076/131 
f 1023/1023/134 1020/1020/134 1024/1024/134 885/885/134 
f 1075/1075/132 1080/1080/132 1025/1025/132 1019/1019/132 
f 1026/1026/131 1086/1086/131 1084/1084/131 1028/1028/131 
f 1031/1031/133 893/893/133 1027/1027/133 1030/1030/133 
f 1046/1046/131 1051/1051/131 1028/1028/131 1084/1084/131 
f 1032/1032/132 1029/1029/132 1050/1050/132 1052/1052/132 
f 1039/1039/133 1033/1033/133 886/886/133 1036/1036/133 
f 1060/1060/131 1054/1054/131 1034/1034/131 1038/1038/131 
f 1037/1037/132 1035/1035/132 1057/1057/132 1058/1058/132 
f 1083/1083/132 1087/1087/132 1041/1041/132 1044/1044/132 
f 1043/1043/134 1045/1045/134 1040/1040/134 887/887/134 
f 1048/1048/131 1051/1051/131 1046/1046/131 1042/1042/131 
f 1053/1053/134 1049/1049/134 1047/1047/134 888/888/134 
f 1059/1059/134 1056/1056/134 889/889/134 1055/1055/134 
f 1062/1062/133 1066/1066/133 890/890/133 1065/1065/133 
f 1068/1068/133 891/891/133 1074/1074/133 1071/1071/133 
f 1073/1073/131 1079/1079/131 1076/1076/131 1072/1072/131 
f 1078/1078/133 892/892/133 1081/1081/133 1077/1077/133 
f 1085/1085/133 894/894/133 1088/1088/133 1082/1082/133 
f 1124/1124/52 1125/1125/52 1126/1126/52 
f 1127/1127/210 1128/1128/210 1129/1129/210 
f 1142/1142/138 1143/1143/138 1144/1144/138 
f 1145/1145/162 1146/1146/162 1147/1147/162 
f 1152/1152/211 1153/1153/211 1154/1154/211 
f 1155/1155/212 1156/1156/212 1157/1157/212 
f 1172/1172/141 1173/1173/141 1174/1174/141 
f 1179/1179/142 1180/1180/142 1181/1181/142 
f 1192/1192/168 1193/1193/168 1194/1194/168 
f 1197/1197/199 1198/1198/199 1199/1199/199 
f 1202/1202/62 1203/1203/62 1204/1204/62 
f 1223/1223/146 1224/1224/146 1225/1225/146 
f 1226/1226/147 1227/1227/147 1228/1228/147 
f 1229/1229/65 1230/1230/65 1231/1231/65 
f 1234/1234/143 1235/1235/143 1236/1236/143 
f 1243/1243/66 1244/1244/66 1245/1245/66 
f 1248/1248/148 1249/1249/148 1250/1250/148 
f 1257/1257/213 1258/1258/213 1259/1259/213 
f 1266/1266/62 1267/1267/62 1268/1268/62 
f 1273/1273/214 1274/1274/214 1275/1275/214 
f 1278/1278/71 1279/1279/71 1280/1280/71 
f 1287/1287/143 1288/1288/143 1289/1289/143 
f 1290/1290/215 1291/1291/215 1292/1292/215 
f 1299/1299/149 1300/1300/149 1301/1301/149 
f 1304/1304/216 1305/1305/216 1306/1306/216 
f 1311/1311/217 1312/1312/217 1313/1313/217 
f 1134/1134/76 1128/1128/76 1127/1127/76 1135/1135/76 
f 1126/1126/77 1129/1129/77 1128/1128/77 1124/1124/77 
f 1130/1130/174 1126/1126/174 1125/1125/174 1131/1131/174 
f 1132/1132/175 1127/1127/175 1129/1129/175 1133/1133/175 
f 1136/1136/218 1125/1125/218 1124/1124/218 1137/1137/218 
f 1144/1144/81 1139/1139/81 1138/1138/81 1142/1142/81 
f 1147/1147/219 1144/1144/219 1143/1143/219 1145/1145/219 
f 1146/1146/83 1141/1141/83 1140/1140/83 1147/1147/83 
f 1148/1148/220 1146/1146/220 1145/1145/220 1149/1149/220 
f 1142/1142/221 1151/1151/221 1150/1150/221 1143/1143/221 
f 1157/1157/86 1153/1153/86 1152/1152/86 1155/1155/86 
f 1158/1158/222 1157/1157/222 1156/1156/222 1159/1159/222 
f 1153/1153/88 1161/1161/88 1160/1160/88 1154/1154/88 
f 1162/1162/181 1152/1152/181 1154/1154/181 1163/1163/181 
f 1155/1155/182 1165/1165/182 1164/1164/182 1156/1156/182 
f 1176/1176/223 1170/1170/223 1171/1171/223 1175/1175/223 
f 1178/1178/125 1180/1180/125 1179/1179/125 1177/1177/125 
f 1180/1180/129 1173/1173/129 1172/1172/129 1181/1181/129 
f 1182/1182/96 1184/1184/92 1185/1185/92 1183/1183/96 
f 1187/1187/185 1188/1188/185 1189/1189/185 1186/1186/185 
f 1188/1188/185 1176/1176/185 1175/1175/185 1189/1189/185 
f 1184/1184/92 1178/2604/125 1177/2603/125 1185/1185/92 
f 1173/1173/185 1187/2605/185 1186/2561/185 1174/1174/185 
f 1181/1181/97 1167/1167/97 1166/1166/97 1179/1179/97 
f 1174/1174/98 1169/1169/98 1168/1168/98 1172/1172/98 
f 1196/1196/102 1198/1198/102 1197/1197/102 1195/1195/102 
f 1201/1201/121 1202/1202/121 1204/1204/121 1200/1200/121 
f 1203/1203/208 1192/1192/208 1194/1194/208 1204/1204/208 
f 1205/1205/121 1207/1207/121 1208/1208/121 1206/1206/121 
f 1210/1210/224 1211/1211/102 1212/1212/102 1209/1209/224 
f 1211/1211/102 1196/1196/102 1195/1195/102 1212/1212/102 
f 1223/1223/79 1193/1193/79 1192/1192/79 1224/1224/79 
f 1207/1207/121 1201/2487/121 1200/2551/121 1208/1208/121 
f 1193/1193/224 1210/2524/224 1209/2606/224 1194/1194/224 
f 1198/1198/104 1227/1227/104 1226/1226/104 1199/1199/104 
f 1229/1229/105 1203/1203/105 1202/1202/105 1230/1230/105 
f 1218/1218/111 1228/1228/111 1227/1227/111 1217/1217/111 
f 1233/1233/108 1231/1231/108 1230/1230/108 1232/1232/108 
f 1231/1231/225 1225/1225/225 1224/1224/225 1229/1229/225 
f 1215/1215/108 1221/1221/108 1222/1222/108 1216/1216/108 
f 1214/1214/112 1219/1219/111 1220/1220/111 1213/1213/112 
f 1219/1219/111 1218/1218/111 1217/1217/111 1220/1220/111 
f 1221/1221/108 1233/2593/108 1232/2607/108 1222/1222/108 
f 1225/1225/112 1214/2610/112 1213/2608/112 1223/1223/112 
f 1170/1170/113 1197/1197/113 1199/1199/113 1171/1171/113 
f 1228/1228/114 1191/1191/114 1190/1190/114 1226/1226/114 
f 1239/1239/184 1234/1234/184 1236/1236/184 1240/1240/184 
f 1237/1237/182 1236/1236/182 1235/1235/182 1238/1238/182 
f 1250/1250/226 1305/1305/226 1304/1304/226 1248/1248/226 
f 1245/1245/116 1242/1242/116 1241/1241/116 1243/1243/116 
f 1246/1246/227 1245/1245/227 1244/1244/227 1247/1247/227 
f 1251/1251/117 1250/1250/117 1249/1249/117 1252/1252/117 
f 1248/1248/182 1254/1254/182 1253/1253/182 1249/1249/182 
f 1314/1314/228 1311/1311/228 1313/1313/228 1315/1315/228 
f 1255/1255/229 1257/1257/229 1259/1259/229 1256/1256/229 
f 1258/1258/97 1261/1261/97 1260/1260/97 1259/1259/97 
f 1264/1264/181 1266/1266/181 1268/1268/181 1265/1265/181 
f 1262/1262/121 1268/1268/121 1267/1267/121 1263/1263/121 
f 1273/1273/182 1270/1270/182 1269/1269/182 1274/1274/182 
f 1271/1271/230 1275/1275/230 1274/1274/230 1272/1272/230 
f 1276/1276/231 1278/1278/231 1280/1280/231 1277/1277/231 
f 1278/1278/90 1282/1282/90 1281/1281/90 1279/1279/90 
f 1275/1275/160 1313/1313/160 1312/1312/160 1273/1273/160 
f 1285/1285/182 1288/1288/182 1287/1287/182 1286/1286/182 
f 1283/1283/184 1289/1289/184 1288/1288/184 1284/1284/184 
f 1295/1295/125 1291/1291/125 1290/1290/125 1296/1296/125 
f 1293/1293/192 1292/1292/192 1291/1291/192 1294/1294/192 
f 1299/1299/97 1298/1298/97 1297/1297/97 1300/1300/97 
f 1302/1302/232 1301/1301/232 1300/1300/232 1303/1303/232 
f 1307/1307/233 1306/1306/233 1305/1305/233 1308/1308/233 
f 1306/1306/181 1310/1310/181 1309/1309/181 1304/1304/181 
f 1234/1234/234 1290/1290/234 1292/1292/234 1235/1235/234 
f 1301/1301/235 1244/1244/235 1243/1243/235 1299/1299/235 
f 1311/1311/78 1317/1317/78 1316/1316/78 1312/1312/78 
f 1289/1289/129 1267/1267/129 1266/1266/129 1287/1287/129 
f 1257/1257/209 1280/1280/209 1279/1279/209 1258/1258/209 
f 1124/1124/131 1128/1128/131 1134/1134/131 1091/1091/131 
f 1129/1129/132 1126/1126/132 1130/1130/132 1133/1133/132 
f 1137/1137/131 1124/1124/131 1091/1091/131 1089/1089/131 
f 1125/1125/133 1136/1136/133 1092/1092/133 1131/1131/133 
f 1127/1127/134 1132/1132/134 1090/1090/134 1135/1135/134 
f 1140/1140/132 1139/1139/132 1144/1144/132 1147/1147/132 
f 1138/1138/133 1094/1094/133 1151/1151/133 1142/1142/133 
f 1141/1141/134 1146/1146/134 1148/1148/134 1093/1093/134 
f 1143/1143/131 1150/1150/131 1161/1161/131 1153/1153/131 
f 1145/1145/131 1143/1143/131 1153/1153/131 1157/1157/131 
f 1149/1149/131 1145/1145/131 1157/1157/131 1158/1158/131 
f 1155/1155/132 1152/1152/132 1162/1162/132 1165/1165/132 
f 1154/1154/133 1160/1160/133 1096/1096/133 1163/1163/133 
f 1159/1159/134 1156/1156/134 1164/1164/134 1095/1095/134 
f 1166/1166/133 1102/2542/133 1177/1177/133 1179/1179/133 
f 1168/1168/132 1167/1167/132 1181/1181/132 1172/1172/132 
f 1103/1103/134 1169/1169/134 1174/1174/134 1186/2561/134 
f 1170/1170/131 1176/1176/131 1195/1195/131 1197/1197/131 
f 1097/1097/134 1100/1100/134 1175/1175/134 1171/1171/134 
f 1190/1190/135 1171/1171/135 1199/1199/135 1226/1226/135 
f 1173/1173/131 1180/1180/131 1204/1204/131 1194/1194/131 
f 1187/2605/131 1173/1173/131 1194/1194/131 1209/2606/131 
f 1100/1100/134 1099/1099/134 1189/1189/134 1175/1175/134 
f 1176/1176/131 1188/1188/131 1212/1212/131 1195/1195/131 
f 1180/1180/131 1178/1178/131 1200/1200/131 1204/1204/131 
f 1102/1102/133 1098/1098/133 1185/1185/133 1177/2603/133 
f 1178/2604/131 1184/1184/131 1208/1208/131 1200/2551/131 
f 1098/1098/133 1101/1101/133 1183/1183/133 1185/1185/133 
f 1184/1184/131 1182/1182/131 1206/1206/131 1208/1208/131 
f 1188/1188/131 1187/1187/131 1209/1209/131 1212/1212/131 
f 1099/1099/134 1103/2611/134 1186/1186/134 1189/1189/134 
f 1105/1105/136 1191/1191/136 1228/1228/136 1218/1218/136 
f 1192/1192/132 1203/1203/132 1229/1229/132 1224/1224/132 
f 1210/2524/134 1193/1193/134 1223/1223/134 1213/2608/134 
f 1198/1198/134 1196/1196/134 1217/1217/134 1227/1227/134 
f 1196/1196/134 1211/1211/134 1220/1220/134 1217/1217/134 
f 1201/2487/133 1207/1207/133 1222/1222/133 1232/2607/133 
f 1202/1202/133 1201/1201/133 1232/1232/133 1230/1230/133 
f 1207/1207/133 1205/1205/133 1216/1216/133 1222/1222/133 
f 1211/1211/134 1210/1210/134 1213/1213/134 1220/1220/134 
f 1104/1104/136 1110/2612/136 1214/2610/136 1225/1225/136 
f 1110/1110/136 1111/1111/136 1219/1219/136 1214/1214/136 
f 1108/1108/136 1109/1109/136 1221/1221/136 1215/1215/136 
f 1111/1111/136 1105/1105/136 1218/1218/136 1219/1219/136 
f 1109/1109/136 1106/2613/136 1233/2593/136 1221/1221/136 
f 1104/1104/136 1225/1225/136 1231/1231/136 1107/1107/136 
f 1106/1106/136 1107/1107/136 1231/1231/136 1233/1233/136 
f 1234/1234/131 1239/1239/131 1296/1296/131 1290/1290/131 
f 1236/1236/134 1237/1237/134 1112/1112/134 1240/1240/134 
f 1292/1292/132 1293/1293/132 1238/1238/132 1235/1235/132 
f 1242/1242/134 1245/1245/134 1246/1246/134 1113/1113/134 
f 1298/1298/132 1299/1299/132 1243/1243/132 1241/1241/132 
f 1247/1247/131 1244/1244/131 1250/1250/131 1251/1251/131 
f 1250/1250/131 1244/1244/131 1301/1301/131 1305/1305/131 
f 1252/1252/134 1249/1249/134 1253/1253/134 1114/1114/134 
f 1304/1304/132 1309/1309/132 1254/1254/132 1248/1248/132 
f 1255/1255/131 1315/1315/131 1313/1313/131 1257/1257/131 
f 1260/1260/133 1122/1122/133 1256/1256/133 1259/1259/133 
f 1275/1275/131 1280/1280/131 1257/1257/131 1313/1313/131 
f 1261/1261/132 1258/1258/132 1279/1279/132 1281/1281/132 
f 1268/1268/133 1262/1262/133 1115/1115/133 1265/1265/133 
f 1289/1289/131 1283/1283/131 1263/1263/131 1267/1267/131 
f 1266/1266/132 1264/1264/132 1286/1286/132 1287/1287/132 
f 1312/1312/132 1316/1316/132 1270/1270/132 1273/1273/132 
f 1272/1272/134 1274/1274/134 1269/1269/134 1116/1116/134 
f 1277/1277/131 1280/1280/131 1275/1275/131 1271/1271/131 
f 1282/1282/134 1278/1278/134 1276/1276/134 1117/1117/134 
f 1288/1288/134 1285/1285/134 1118/1118/134 1284/1284/134 
f 1291/1291/133 1295/1295/133 1119/1119/133 1294/1294/133 
f 1297/1297/133 1120/1120/133 1303/1303/133 1300/1300/133 
f 1302/1302/131 1308/1308/131 1305/1305/131 1301/1301/131 
f 1307/1307/133 1121/1121/133 1310/1310/133 1306/1306/133 
f 1314/1314/133 1123/1123/133 1317/1317/133 1311/1311/133 
f 1353/1353/52 1354/1354/52 1355/1355/52 
f 1356/1356/161 1357/1357/161 1358/1358/161 
f 1371/1371/236 1372/1372/236 1373/1373/236 
f 1374/1374/237 1375/1375/237 1376/1376/237 
f 1381/1381/238 1382/1382/238 1383/1383/238 
f 1384/1384/239 1385/1385/239 1386/1386/239 
f 1401/1401/198 1402/1402/198 1403/1403/198 
f 1408/1408/142 1409/1409/142 1410/1410/142 
f 1421/1421/168 1422/1422/168 1423/1423/168 
f 1426/1426/199 1427/1427/199 1428/1428/199 
f 1431/1431/62 1432/1432/62 1433/1433/62 
f 1452/1452/146 1453/1453/146 1454/1454/146 
f 1455/1455/147 1456/1456/147 1457/1457/147 
f 1458/1458/65 1459/1459/65 1460/1460/65 
f 1463/1463/168 1464/1464/168 1465/1465/168 
f 1472/1472/200 1473/1473/200 1474/1474/200 
f 1477/1477/148 1478/1478/148 1479/1479/148 
f 1486/1486/213 1487/1487/213 1488/1488/213 
f 1495/1495/170 1496/1496/170 1497/1497/170 
f 1502/1502/171 1503/1503/171 1504/1504/171 
f 1507/1507/71 1508/1508/71 1509/1509/71 
f 1516/1516/168 1517/1517/168 1518/1518/168 
f 1519/1519/72 1520/1520/72 1521/1521/72 
f 1528/1528/204 1529/1529/204 1530/1530/204 
f 1533/1533/240 1534/1534/240 1535/1535/240 
f 1540/1540/206 1541/1541/206 1542/1542/206 
f 1363/1363/185 1357/1357/185 1356/1356/185 1364/1364/185 
f 1355/1355/241 1358/1358/241 1357/1357/241 1353/1353/241 
f 1359/1359/174 1355/1355/174 1354/1354/174 1360/1360/174 
f 1361/1361/175 1356/1356/175 1358/1358/175 1362/1362/175 
f 1365/1365/242 1354/1354/242 1353/1353/242 1366/1366/242 
f 1373/1373/81 1368/1368/81 1367/1367/81 1371/1371/81 
f 1376/1376/219 1373/1373/219 1372/1372/219 1374/1374/219 
f 1375/1375/83 1370/1370/83 1369/1369/83 1376/1376/83 
f 1377/1377/220 1375/1375/220 1374/1374/220 1378/1378/220 
f 1371/1371/221 1380/1380/221 1379/1379/221 1372/1372/221 
f 1386/1386/86 1382/1382/86 1381/1381/86 1384/1384/86 
f 1387/1387/222 1386/1386/222 1385/1385/222 1388/1388/222 
f 1382/1382/88 1390/1390/88 1389/1389/88 1383/1383/88 
f 1391/1391/181 1381/1381/181 1383/1383/181 1392/1392/181 
f 1384/1384/182 1394/1394/182 1393/1393/182 1385/1385/182 
f 1405/1405/223 1399/1399/223 1400/1400/223 1404/1404/223 
f 1407/1407/125 1409/1409/125 1408/1408/125 1406/1406/125 
f 1409/1409/129 1402/1402/129 1401/1401/129 1410/1410/129 
f 1411/1411/96 1413/1413/92 1414/1414/92 1412/1412/96 
f 1416/1416/185 1417/1417/185 1418/1418/185 1415/1415/185 
f 1417/1417/185 1405/1405/185 1404/1404/185 1418/1418/185 
f 1413/1413/92 1407/2616/125 1406/2615/125 1414/1414/92 
f 1402/1402/185 1416/2505/185 1415/2617/185 1403/1403/185 
f 1410/1410/97 1396/1396/97 1395/1395/97 1408/1408/97 
f 1403/1403/98 1398/1398/98 1397/1397/98 1401/1401/98 
f 1425/1425/102 1427/1427/102 1426/1426/102 1424/1424/102 
f 1430/1430/121 1431/1431/121 1433/1433/121 1429/1429/121 
f 1432/1432/208 1421/1421/208 1423/1423/208 1433/1433/208 
f 1434/1434/121 1436/1436/121 1437/1437/121 1435/1435/121 
f 1439/1439/224 1440/1440/102 1441/1441/102 1438/1438/224 
f 1440/1440/102 1425/1425/102 1424/1424/102 1441/1441/102 
f 1452/1452/79 1422/1422/79 1421/1421/79 1453/1453/79 
f 1436/1436/121 1430/2618/121 1429/2492/121 1437/1437/121 
f 1422/1422/224 1439/2620/224 1438/2619/224 1423/1423/224 
f 1427/1427/104 1456/1456/104 1455/1455/104 1428/1428/104 
f 1458/1458/105 1432/1432/105 1431/1431/105 1459/1459/105 
f 1447/1447/111 1457/1457/111 1456/1456/111 1446/1446/111 
f 1462/1462/108 1460/1460/108 1459/1459/108 1461/1461/108 
f 1460/1460/109 1454/1454/109 1453/1453/109 1458/1458/109 
f 1444/1444/108 1450/1450/108 1451/1451/108 1445/1445/108 
f 1443/1443/112 1448/1448/111 1449/1449/111 1442/1442/112 
f 1448/1448/111 1447/1447/111 1446/1446/111 1449/1449/111 
f 1450/1450/108 1462/2622/108 1461/2621/108 1451/1451/108 
f 1454/1454/112 1443/2624/112 1442/2623/112 1452/1452/112 
f 1399/1399/243 1426/1426/243 1428/1428/243 1400/1400/243 
f 1457/1457/114 1420/1420/114 1419/1419/114 1455/1455/114 
f 1468/1468/76 1463/1463/76 1465/1465/76 1469/1469/76 
f 1466/1466/182 1465/1465/182 1464/1464/182 1467/1467/182 
f 1479/1479/226 1534/1534/226 1533/1533/226 1477/1477/226 
f 1474/1474/116 1471/1471/116 1470/1470/116 1472/1472/116 
f 1475/1475/227 1474/1474/227 1473/1473/227 1476/1476/227 
f 1480/1480/117 1479/1479/117 1478/1478/117 1481/1481/117 
f 1477/1477/182 1483/1483/182 1482/1482/182 1478/1478/182 
f 1543/1543/228 1540/1540/228 1542/1542/228 1544/1544/228 
f 1484/1484/229 1486/1486/229 1488/1488/229 1485/1485/229 
f 1487/1487/97 1490/1490/97 1489/1489/97 1488/1488/97 
f 1493/1493/181 1495/1495/181 1497/1497/181 1494/1494/181 
f 1491/1491/101 1497/1497/101 1496/1496/101 1492/1492/101 
f 1502/1502/182 1499/1499/182 1498/1498/182 1503/1503/182 
f 1500/1500/230 1504/1504/230 1503/1503/230 1501/1501/230 
f 1505/1505/231 1507/1507/231 1509/1509/231 1506/1506/231 
f 1507/1507/90 1511/1511/90 1510/1510/90 1508/1508/90 
f 1504/1504/124 1542/1542/124 1541/1541/124 1502/1502/124 
f 1514/1514/182 1517/1517/182 1516/1516/182 1515/1515/182 
f 1512/1512/76 1518/1518/76 1517/1517/76 1513/1513/76 
f 1524/1524/244 1520/1520/244 1519/1519/244 1525/1525/244 
f 1522/1522/192 1521/1521/192 1520/1520/192 1523/1523/192 
f 1528/1528/97 1527/1527/97 1526/1526/97 1529/1529/97 
f 1531/1531/232 1530/1530/232 1529/1529/232 1532/1532/232 
f 1536/1536/233 1535/1535/233 1534/1534/233 1537/1537/233 
f 1535/1535/181 1539/1539/181 1538/1538/181 1533/1533/181 
f 1463/1463/208 1519/1519/208 1521/1521/208 1464/1464/208 
f 1530/1530/130 1473/1473/130 1472/1472/130 1528/1528/130 
f 1540/1540/78 1546/1546/78 1545/1545/78 1541/1541/78 
f 1518/1518/208 1496/1496/208 1495/1495/208 1516/1516/208 
f 1486/1486/209 1509/1509/209 1508/1508/209 1487/1487/209 
f 1353/1353/131 1357/1357/131 1363/1363/131 1320/1320/131 
f 1358/1358/132 1355/1355/132 1359/1359/132 1362/1362/132 
f 1366/1366/131 1353/1353/131 1320/1320/131 1318/1318/131 
f 1354/1354/133 1365/1365/133 1321/1321/133 1360/1360/133 
f 1356/1356/134 1361/1361/134 1319/1319/134 1364/1364/134 
f 1369/1369/132 1368/1368/132 1373/1373/132 1376/1376/132 
f 1367/1367/133 1323/1323/133 1380/1380/133 1371/1371/133 
f 1370/1370/134 1375/1375/134 1377/1377/134 1322/1322/134 
f 1372/1372/131 1379/1379/131 1390/1390/131 1382/1382/131 
f 1374/1374/131 1372/1372/131 1382/1382/131 1386/1386/131 
f 1378/1378/131 1374/1374/131 1386/1386/131 1387/1387/131 
f 1384/1384/132 1381/1381/132 1391/1391/132 1394/1394/132 
f 1383/1383/133 1389/1389/133 1325/1325/133 1392/1392/133 
f 1388/1388/134 1385/1385/134 1393/1393/134 1324/1324/134 
f 1395/1395/133 1331/2523/133 1406/1406/133 1408/1408/133 
f 1397/1397/132 1396/1396/132 1410/1410/132 1401/1401/132 
f 1332/1332/134 1398/1398/134 1403/1403/134 1415/2617/134 
f 1399/1399/131 1405/1405/131 1424/1424/131 1426/1426/131 
f 1326/1326/134 1329/1329/134 1404/1404/134 1400/1400/134 
f 1419/1419/135 1400/1400/135 1428/1428/135 1455/1455/135 
f 1402/1402/131 1409/1409/131 1433/1433/131 1423/1423/131 
f 1416/2505/131 1402/1402/131 1423/1423/131 1438/2619/131 
f 1329/1329/134 1328/1328/134 1418/1418/134 1404/1404/134 
f 1405/1405/131 1417/1417/131 1441/1441/131 1424/1424/131 
f 1409/1409/131 1407/1407/131 1429/1429/131 1433/1433/131 
f 1331/1331/133 1327/1327/133 1414/1414/133 1406/2615/133 
f 1407/2616/131 1413/1413/131 1437/1437/131 1429/2492/131 
f 1327/1327/133 1330/1330/133 1412/1412/133 1414/1414/133 
f 1413/1413/131 1411/1411/131 1435/1435/131 1437/1437/131 
f 1417/1417/131 1416/1416/131 1438/1438/131 1441/1441/131 
f 1328/1328/134 1332/2625/134 1415/1415/134 1418/1418/134 
f 1334/1334/136 1420/1420/136 1457/1457/136 1447/1447/136 
f 1421/1421/132 1432/1432/132 1458/1458/132 1453/1453/132 
f 1439/2620/134 1422/1422/134 1452/1452/134 1442/2623/134 
f 1427/1427/134 1425/1425/134 1446/1446/134 1456/1456/134 
f 1425/1425/134 1440/1440/134 1449/1449/134 1446/1446/134 
f 1430/2618/133 1436/1436/133 1451/1451/133 1461/2621/133 
f 1431/1431/133 1430/1430/133 1461/1461/133 1459/1459/133 
f 1436/1436/133 1434/1434/133 1445/1445/133 1451/1451/133 
f 1440/1440/134 1439/1439/134 1442/1442/134 1449/1449/134 
f 1333/1333/136 1339/2530/136 1443/2624/136 1454/1454/136 
f 1339/1339/136 1340/1340/136 1448/1448/136 1443/1443/136 
f 1337/1337/136 1338/1338/136 1450/1450/136 1444/1444/136 
f 1340/1340/136 1334/1334/136 1447/1447/136 1448/1448/136 
f 1338/1338/136 1335/2609/136 1462/2622/136 1450/1450/136 
f 1333/1333/136 1454/1454/136 1460/1460/136 1336/1336/136 
f 1335/1335/136 1336/1336/136 1460/1460/136 1462/1462/136 
f 1463/1463/131 1468/1468/131 1525/1525/131 1519/1519/131 
f 1465/1465/134 1466/1466/134 1341/1341/134 1469/1469/134 
f 1521/1521/132 1522/1522/132 1467/1467/132 1464/1464/132 
f 1471/1471/134 1474/1474/134 1475/1475/134 1342/1342/134 
f 1527/1527/132 1528/1528/132 1472/1472/132 1470/1470/132 
f 1476/1476/131 1473/1473/131 1479/1479/131 1480/1480/131 
f 1479/1479/131 1473/1473/131 1530/1530/131 1534/1534/131 
f 1481/1481/134 1478/1478/134 1482/1482/134 1343/1343/134 
f 1533/1533/132 1538/1538/132 1483/1483/132 1477/1477/132 
f 1484/1484/131 1544/1544/131 1542/1542/131 1486/1486/131 
f 1489/1489/133 1351/1351/133 1485/1485/133 1488/1488/133 
f 1504/1504/131 1509/1509/131 1486/1486/131 1542/1542/131 
f 1490/1490/132 1487/1487/132 1508/1508/132 1510/1510/132 
f 1497/1497/133 1491/1491/133 1344/1344/133 1494/1494/133 
f 1518/1518/131 1512/1512/131 1492/1492/131 1496/1496/131 
f 1495/1495/132 1493/1493/132 1515/1515/132 1516/1516/132 
f 1541/1541/132 1545/1545/132 1499/1499/132 1502/1502/132 
f 1501/1501/134 1503/1503/134 1498/1498/134 1345/1345/134 
f 1506/1506/131 1509/1509/131 1504/1504/131 1500/1500/131 
f 1511/1511/134 1507/1507/134 1505/1505/134 1346/1346/134 
f 1517/1517/134 1514/1514/134 1347/1347/134 1513/1513/134 
f 1520/1520/133 1524/1524/133 1348/1348/133 1523/1523/133 
f 1526/1526/133 1349/1349/133 1532/1532/133 1529/1529/133 
f 1531/1531/131 1537/1537/131 1534/1534/131 1530/1530/131 
f 1536/1536/133 1350/1350/133 1539/1539/133 1535/1535/133 
f 1543/1543/133 1352/1352/133 1546/1546/133 1540/1540/133 
f 1582/1582/52 1583/1583/52 1584/1584/52 
f 1585/1585/210 1586/1586/210 1587/1587/210 
f 1600/1600/236 1601/1601/236 1602/1602/236 
f 1603/1603/162 1604/1604/162 1605/1605/162 
f 1610/1610/238 1611/1611/238 1612/1612/238 
f 1613/1613/239 1614/1614/239 1615/1615/239 
f 1630/1630/163 1631/1631/163 1632/1632/163 
f 1637/1637/164 1638/1638/164 1639/1639/164 
f 1650/1650/143 1651/1651/143 1652/1652/143 
f 1655/1655/144 1656/1656/144 1657/1657/144 
f 1660/1660/245 1661/1661/245 1662/1662/245 
f 1681/1681/146 1682/1682/146 1683/1683/146 
f 1684/1684/147 1685/1685/147 1686/1686/147 
f 1687/1687/65 1688/1688/65 1689/1689/65 
f 1692/1692/168 1693/1693/168 1694/1694/168 
f 1701/1701/66 1702/1702/66 1703/1703/66 
f 1706/1706/246 1707/1707/246 1708/1708/246 
f 1715/1715/213 1716/1716/213 1717/1717/213 
f 1724/1724/170 1725/1725/170 1726/1726/170 
f 1731/1731/171 1732/1732/171 1733/1733/171 
f 1736/1736/71 1737/1737/71 1738/1738/71 
f 1745/1745/168 1746/1746/168 1747/1747/168 
f 1748/1748/72 1749/1749/72 1750/1750/72 
f 1757/1757/149 1758/1758/149 1759/1759/149 
f 1762/1762/216 1763/1763/216 1764/1764/216 
f 1769/1769/247 1770/1770/247 1771/1771/247 
f 1592/1592/76 1586/1586/76 1585/1585/76 1593/1593/76 
f 1584/1584/248 1587/1587/248 1586/1586/248 1582/1582/248 
f 1588/1588/174 1584/1584/174 1583/1583/174 1589/1589/174 
f 1590/1590/175 1585/1585/175 1587/1587/175 1591/1591/175 
f 1594/1594/176 1583/1583/176 1582/1582/176 1595/1595/176 
f 1602/1602/81 1597/1597/81 1596/1596/81 1600/1600/81 
f 1605/1605/219 1602/1602/219 1601/1601/219 1603/1603/219 
f 1604/1604/83 1599/1599/83 1598/1598/83 1605/1605/83 
f 1606/1606/178 1604/1604/178 1603/1603/178 1607/1607/178 
f 1600/1600/179 1609/1609/179 1608/1608/179 1601/1601/179 
f 1615/1615/177 1611/1611/177 1610/1610/177 1613/1613/177 
f 1616/1616/222 1615/1615/222 1614/1614/222 1617/1617/222 
f 1611/1611/88 1619/1619/88 1618/1618/88 1612/1612/88 
f 1620/1620/181 1610/1610/181 1612/1612/181 1621/1621/181 
f 1613/1613/182 1623/1623/182 1622/1622/182 1614/1614/182 
f 1634/1634/91 1628/1628/91 1629/1629/91 1633/1633/91 
f 1636/1636/92 1638/1638/92 1637/1637/92 1635/1635/92 
f 1638/1638/94 1631/1631/94 1630/1630/94 1639/1639/94 
f 1640/1640/95 1642/1642/183 1643/1643/183 1641/1641/95 
f 1645/1645/184 1646/1646/76 1647/1647/76 1644/1644/184 
f 1646/1646/76 1634/1634/76 1633/1633/76 1647/1647/76 
f 1642/1642/183 1636/2628/92 1635/2627/92 1643/1643/183 
f 1631/1631/102 1645/2630/184 1644/2629/184 1632/1632/102 
f 1639/1639/97 1625/1625/97 1624/1624/97 1637/1637/97 
f 1632/1632/98 1627/1627/98 1626/1626/98 1630/1630/98 
f 1654/1654/76 1656/1656/185 1655/1655/185 1653/1653/76 
f 1659/1659/101 1660/1660/101 1662/1662/101 1658/1658/101 
f 1661/1661/249 1650/1650/249 1652/1652/249 1662/1662/249 
f 1663/1663/101 1665/1665/101 1666/1666/101 1664/1664/101 
f 1668/1668/184 1669/1669/76 1670/1670/76 1667/1667/184 
f 1669/1669/76 1654/1654/76 1653/1653/76 1670/1670/76 
f 1681/1681/152 1651/1651/152 1650/1650/152 1682/1682/152 
f 1665/1665/101 1659/2632/101 1658/2631/101 1666/1666/101 
f 1651/1651/102 1668/2635/184 1667/2633/184 1652/1652/102 
f 1656/1656/153 1685/1685/153 1684/1684/153 1657/1657/153 
f 1687/1687/154 1661/1661/154 1660/1660/154 1688/1688/154 
f 1676/1676/107 1686/1686/250 1685/1685/250 1675/1675/107 
f 1691/1691/156 1689/1689/156 1688/1688/156 1690/1690/156 
f 1689/1689/251 1683/1683/251 1682/1682/251 1687/1687/251 
f 1673/1673/156 1679/1679/156 1680/1680/156 1674/1674/156 
f 1672/1672/106 1677/1677/107 1678/1678/107 1671/1671/106 
f 1677/1677/107 1676/1676/107 1675/1675/107 1678/1678/107 
f 1679/1679/156 1691/2637/156 1690/2636/156 1680/1680/156 
f 1683/1683/111 1672/2639/106 1671/2638/106 1681/1681/111 
f 1628/1628/113 1655/1655/113 1657/1657/113 1629/1629/113 
f 1686/1686/159 1649/1649/159 1648/1648/159 1684/1684/159 
f 1697/1697/102 1692/1692/102 1694/1694/102 1698/1698/102 
f 1695/1695/182 1694/1694/182 1693/1693/182 1696/1696/182 
f 1708/1708/252 1763/1763/252 1762/1762/252 1706/1706/252 
f 1703/1703/116 1700/1700/116 1699/1699/116 1701/1701/116 
f 1704/1704/187 1703/1703/187 1702/1702/187 1705/1705/187 
f 1709/1709/117 1708/1708/117 1707/1707/117 1710/1710/117 
f 1706/1706/182 1712/1712/182 1711/1711/182 1707/1707/182 
f 1772/1772/228 1769/1769/228 1771/1771/228 1773/1773/228 
f 1713/1713/188 1715/1715/188 1717/1717/188 1714/1714/188 
f 1716/1716/97 1719/1719/97 1718/1718/97 1717/1717/97 
f 1722/1722/181 1724/1724/181 1726/1726/181 1723/1723/181 
f 1720/1720/189 1726/1726/189 1725/1725/189 1721/1721/189 
f 1731/1731/182 1728/1728/182 1727/1727/182 1732/1732/182 
f 1729/1729/230 1733/1733/230 1732/1732/230 1730/1730/230 
f 1734/1734/190 1736/1736/190 1738/1738/190 1735/1735/190 
f 1736/1736/90 1740/1740/90 1739/1739/90 1737/1737/90 
f 1733/1733/160 1771/1771/160 1770/1770/160 1731/1731/160 
f 1743/1743/182 1746/1746/182 1745/1745/182 1744/1744/182 
f 1741/1741/102 1747/1747/102 1746/1746/102 1742/1742/102 
f 1753/1753/125 1749/1749/125 1748/1748/125 1754/1754/125 
f 1751/1751/192 1750/1750/192 1749/1749/192 1752/1752/192 
f 1757/1757/97 1756/1756/97 1755/1755/97 1758/1758/97 
f 1760/1760/193 1759/1759/193 1758/1758/193 1761/1761/193 
f 1765/1765/233 1764/1764/233 1763/1763/233 1766/1766/233 
f 1764/1764/181 1768/1768/181 1767/1767/181 1762/1762/181 
f 1692/1692/129 1748/1748/129 1750/1750/129 1693/1693/129 
f 1759/1759/194 1702/1702/194 1701/1701/194 1757/1757/194 
f 1769/1769/78 1775/1775/78 1774/1774/78 1770/1770/78 
f 1747/1747/94 1725/1725/94 1724/1724/94 1745/1745/94 
f 1715/1715/253 1738/1738/253 1737/1737/253 1716/1716/253 
f 1582/1582/131 1586/1586/131 1592/1592/131 1549/1549/131 
f 1587/1587/132 1584/1584/132 1588/1588/132 1591/1591/132 
f 1595/1595/131 1582/1582/131 1549/1549/131 1547/1547/131 
f 1583/1583/133 1594/1594/133 1550/1550/133 1589/1589/133 
f 1585/1585/134 1590/1590/134 1548/1548/134 1593/1593/134 
f 1598/1598/132 1597/1597/132 1602/1602/132 1605/1605/132 
f 1596/1596/133 1552/1552/133 1609/1609/133 1600/1600/133 
f 1599/1599/134 1604/1604/134 1606/1606/134 1551/1551/134 
f 1601/1601/131 1608/1608/131 1619/1619/131 1611/1611/131 
f 1603/1603/131 1601/1601/131 1611/1611/131 1615/1615/131 
f 1607/1607/131 1603/1603/131 1615/1615/131 1616/1616/131 
f 1613/1613/132 1610/1610/132 1620/1620/132 1623/1623/132 
f 1612/1612/133 1618/1618/133 1554/1554/133 1621/1621/133 
f 1617/1617/134 1614/1614/134 1622/1622/134 1553/1553/134 
f 1624/1624/133 1560/2640/133 1635/1635/133 1637/1637/133 
f 1626/1626/132 1625/1625/132 1639/1639/132 1630/1630/132 
f 1561/1561/134 1627/1627/134 1632/1632/134 1644/2629/134 
f 1628/1628/131 1634/1634/131 1653/1653/131 1655/1655/131 
f 1555/1555/134 1558/1558/134 1633/1633/134 1629/1629/134 
f 1648/1648/135 1629/1629/135 1657/1657/135 1684/1684/135 
f 1631/1631/131 1638/1638/131 1662/1662/131 1652/1652/131 
f 1645/2630/131 1631/1631/131 1652/1652/131 1667/2633/131 
f 1558/1558/134 1557/1557/134 1647/1647/134 1633/1633/134 
f 1634/1634/131 1646/1646/131 1670/1670/131 1653/1653/131 
f 1638/1638/131 1636/1636/131 1658/1658/131 1662/1662/131 
f 1560/1560/133 1556/1556/133 1643/1643/133 1635/2627/133 
f 1636/2628/131 1642/1642/131 1666/1666/131 1658/2631/131 
f 1556/1556/133 1559/1559/133 1641/1641/133 1643/1643/133 
f 1642/1642/131 1640/1640/131 1664/1664/131 1666/1666/131 
f 1646/1646/131 1645/1645/131 1667/1667/131 1670/1670/131 
f 1557/1557/134 1561/2641/134 1644/1644/134 1647/1647/134 
f 1563/1563/136 1649/1649/136 1686/1686/136 1676/1676/136 
f 1650/1650/132 1661/1661/132 1687/1687/132 1682/1682/132 
f 1668/2635/134 1651/1651/134 1681/1681/134 1671/2638/134 
f 1656/1656/134 1654/1654/134 1675/1675/134 1685/1685/134 
f 1654/1654/134 1669/1669/134 1678/1678/134 1675/1675/134 
f 1659/2632/133 1665/1665/133 1680/1680/133 1690/2636/133 
f 1660/1660/133 1659/1659/133 1690/1690/133 1688/1688/133 
f 1665/1665/133 1663/1663/133 1674/1674/133 1680/1680/133 
f 1669/1669/134 1668/1668/134 1671/1671/134 1678/1678/134 
f 1562/1562/136 1568/2642/136 1672/2639/136 1683/1683/136 
f 1568/1568/136 1569/1569/136 1677/1677/136 1672/1672/136 
f 1566/1566/136 1567/1567/136 1679/1679/136 1673/1673/136 
f 1569/1569/136 1563/1563/136 1676/1676/136 1677/1677/136 
f 1567/1567/136 1564/2643/136 1691/2637/136 1679/1679/136 
f 1562/1562/136 1683/1683/136 1689/1689/136 1565/1565/136 
f 1564/1564/136 1565/1565/136 1689/1689/136 1691/1691/136 
f 1692/1692/131 1697/1697/131 1754/1754/131 1748/1748/131 
f 1694/1694/134 1695/1695/134 1570/1570/134 1698/1698/134 
f 1750/1750/132 1751/1751/132 1696/1696/132 1693/1693/132 
f 1700/1700/134 1703/1703/134 1704/1704/134 1571/1571/134 
f 1756/1756/132 1757/1757/132 1701/1701/132 1699/1699/132 
f 1705/1705/131 1702/1702/131 1708/1708/131 1709/1709/131 
f 1708/1708/131 1702/1702/131 1759/1759/131 1763/1763/131 
f 1710/1710/134 1707/1707/134 1711/1711/134 1572/1572/134 
f 1762/1762/132 1767/1767/132 1712/1712/132 1706/1706/132 
f 1713/1713/131 1773/1773/131 1771/1771/131 1715/1715/131 
f 1718/1718/133 1580/1580/133 1714/1714/133 1717/1717/133 
f 1733/1733/131 1738/1738/131 1715/1715/131 1771/1771/131 
f 1719/1719/132 1716/1716/132 1737/1737/132 1739/1739/132 
f 1726/1726/133 1720/1720/133 1573/1573/133 1723/1723/133 
f 1747/1747/131 1741/1741/131 1721/1721/131 1725/1725/131 
f 1724/1724/132 1722/1722/132 1744/1744/132 1745/1745/132 
f 1770/1770/132 1774/1774/132 1728/1728/132 1731/1731/132 
f 1730/1730/134 1732/1732/134 1727/1727/134 1574/1574/134 
f 1735/1735/131 1738/1738/131 1733/1733/131 1729/1729/131 
f 1740/1740/134 1736/1736/134 1734/1734/134 1575/1575/134 
f 1746/1746/134 1743/1743/134 1576/1576/134 1742/1742/134 
f 1749/1749/133 1753/1753/133 1577/1577/133 1752/1752/133 
f 1755/1755/133 1578/1578/133 1761/1761/133 1758/1758/133 
f 1760/1760/131 1766/1766/131 1763/1763/131 1759/1759/131 
f 1765/1765/133 1579/1579/133 1768/1768/133 1764/1764/133 
f 1772/1772/133 1581/1581/133 1775/1775/133 1769/1769/133 
f 1811/1811/254 1812/1812/254 1813/1813/254 
f 1814/1814/161 1815/1815/161 1816/1816/161 
f 1829/1829/195 1830/1830/195 1831/1831/195 
f 1832/1832/255 1833/1833/255 1834/1834/255 
f 1839/1839/211 1840/1840/211 1841/1841/211 
f 1842/1842/212 1843/1843/212 1844/1844/212 
f 1859/1859/141 1860/1860/141 1861/1861/141 
f 1866/1866/142 1867/1867/142 1868/1868/142 
f 1879/1879/168 1880/1880/168 1881/1881/168 
f 1884/1884/199 1885/1885/199 1886/1886/199 
f 1889/1889/62 1890/1890/62 1891/1891/62 
f 1910/1910/146 1911/1911/146 1912/1912/146 
f 1913/1913/147 1914/1914/147 1915/1915/147 
f 1916/1916/256 1917/1917/256 1918/1918/256 
f 1921/1921/168 1922/1922/168 1923/1923/168 
f 1930/1930/66 1931/1931/66 1932/1932/66 
f 1935/1935/246 1936/1936/246 1937/1937/246 
f 1944/1944/68 1945/1945/68 1946/1946/68 
f 1953/1953/170 1954/1954/170 1955/1955/170 
f 1960/1960/214 1961/1961/214 1962/1962/214 
f 1965/1965/257 1966/1966/257 1967/1967/257 
f 1974/1974/168 1975/1975/168 1976/1976/168 
f 1977/1977/72 1978/1978/72 1979/1979/72 
f 1986/1986/149 1987/1987/149 1988/1988/149 
f 1991/1991/240 1992/1992/240 1993/1993/240 
f 1998/1998/258 1999/1999/258 2000/2000/258 
f 1821/1821/76 1815/1815/76 1814/1814/76 1822/1822/76 
f 1813/1813/248 1816/1816/248 1815/1815/248 1811/1811/248 
f 1817/1817/174 1813/1813/174 1812/1812/174 1818/1818/174 
f 1819/1819/175 1814/1814/175 1816/1816/175 1820/1820/175 
f 1823/1823/176 1812/1812/176 1811/1811/176 1824/1824/176 
f 1831/1831/81 1826/1826/81 1825/1825/81 1829/1829/81 
f 1834/1834/219 1831/1831/219 1830/1830/219 1832/1832/219 
f 1833/1833/83 1828/1828/83 1827/1827/83 1834/1834/83 
f 1835/1835/220 1833/1833/220 1832/1832/220 1836/1836/220 
f 1829/1829/221 1838/1838/221 1837/1837/221 1830/1830/221 
f 1844/1844/259 1840/1840/259 1839/1839/259 1842/1842/259 
f 1845/1845/222 1844/1844/222 1843/1843/222 1846/1846/222 
f 1840/1840/88 1848/1848/88 1847/1847/88 1841/1841/88 
f 1849/1849/181 1839/1839/181 1841/1841/181 1850/1850/181 
f 1842/1842/182 1852/1852/182 1851/1851/182 1843/1843/182 
f 1863/1863/223 1857/1857/223 1858/1858/223 1862/1862/223 
f 1865/1865/125 1867/1867/125 1866/1866/125 1864/1864/125 
f 1867/1867/129 1860/1860/129 1859/1859/129 1868/1868/129 
f 1869/1869/96 1871/1871/92 1872/1872/92 1870/1870/96 
f 1874/1874/185 1875/1875/185 1876/1876/185 1873/1873/185 
f 1875/1875/185 1863/1863/185 1862/1862/185 1876/1876/185 
f 1871/1871/92 1865/2645/125 1864/2644/125 1872/1872/92 
f 1860/1860/185 1874/2647/185 1873/2646/185 1861/1861/185 
f 1868/1868/97 1854/1854/97 1853/1853/97 1866/1866/97 
f 1861/1861/98 1856/1856/98 1855/1855/98 1859/1859/98 
f 1883/1883/102 1885/1885/102 1884/1884/102 1882/1882/102 
f 1888/1888/121 1889/1889/121 1891/1891/121 1887/1887/121 
f 1890/1890/129 1879/1879/129 1881/1881/129 1891/1891/129 
f 1892/1892/121 1894/1894/121 1895/1895/121 1893/1893/121 
f 1897/1897/224 1898/1898/102 1899/1899/102 1896/1896/224 
f 1898/1898/102 1883/1883/102 1882/1882/102 1899/1899/102 
f 1910/1910/79 1880/1880/79 1879/1879/79 1911/1911/79 
f 1894/1894/121 1888/2649/121 1887/2648/121 1895/1895/121 
f 1880/1880/224 1897/2651/224 1896/2650/224 1881/1881/224 
f 1885/1885/104 1914/1914/104 1913/1913/104 1886/1886/104 
f 1916/1916/105 1890/1890/105 1889/1889/105 1917/1917/105 
f 1905/1905/111 1915/1915/111 1914/1914/111 1904/1904/111 
f 1920/1920/108 1918/1918/108 1917/1917/108 1919/1919/108 
f 1918/1918/109 1912/1912/109 1911/1911/109 1916/1916/109 
f 1902/1902/108 1908/1908/108 1909/1909/108 1903/1903/108 
f 1901/1901/112 1906/1906/111 1907/1907/111 1900/1900/112 
f 1906/1906/111 1905/1905/111 1904/1904/111 1907/1907/111 
f 1908/1908/108 1920/2653/108 1919/2652/108 1909/1909/108 
f 1912/1912/112 1901/2654/112 1900/2481/112 1910/1910/112 
f 1857/1857/113 1884/1884/113 1886/1886/113 1858/1858/113 
f 1915/1915/159 1878/1878/159 1877/1877/159 1913/1913/159 
f 1926/1926/102 1921/1921/102 1923/1923/102 1927/1927/102 
f 1924/1924/182 1923/1923/182 1922/1922/182 1925/1925/182 
f 1937/1937/226 1992/1992/226 1991/1991/226 1935/1935/226 
f 1932/1932/116 1929/1929/116 1928/1928/116 1930/1930/116 
f 1933/1933/227 1932/1932/227 1931/1931/227 1934/1934/227 
f 1938/1938/117 1937/1937/117 1936/1936/117 1939/1939/117 
f 1935/1935/182 1941/1941/182 1940/1940/182 1936/1936/182 
f 2001/2001/228 1998/1998/228 2000/2000/228 2002/2002/228 
f 1942/1942/229 1944/1944/229 1946/1946/229 1943/1943/229 
f 1945/1945/97 1948/1948/97 1947/1947/97 1946/1946/97 
f 1951/1951/181 1953/1953/181 1955/1955/181 1952/1952/181 
f 1949/1949/189 1955/1955/189 1954/1954/189 1950/1950/189 
f 1960/1960/182 1957/1957/182 1956/1956/182 1961/1961/182 
f 1958/1958/230 1962/1962/230 1961/1961/230 1959/1959/230 
f 1963/1963/231 1965/1965/231 1967/1967/231 1964/1964/231 
f 1965/1965/90 1969/1969/90 1968/1968/90 1966/1966/90 
f 1962/1962/191 2000/2000/191 1999/1999/191 1960/1960/191 
f 1972/1972/182 1975/1975/182 1974/1974/182 1973/1973/182 
f 1970/1970/102 1976/1976/102 1975/1975/102 1971/1971/102 
f 1982/1982/125 1978/1978/125 1977/1977/125 1983/1983/125 
f 1980/1980/192 1979/1979/192 1978/1978/192 1981/1981/192 
f 1986/1986/97 1985/1985/97 1984/1984/97 1987/1987/97 
f 1989/1989/232 1988/1988/232 1987/1987/232 1990/1990/232 
f 1994/1994/233 1993/1993/233 1992/1992/233 1995/1995/233 
f 1993/1993/181 1997/1997/181 1996/1996/181 1991/1991/181 
f 1921/1921/129 1977/1977/129 1979/1979/129 1922/1922/129 
f 1988/1988/235 1931/1931/235 1930/1930/235 1986/1986/235 
f 1998/1998/78 2004/2004/78 2003/2003/78 1999/1999/78 
f 1976/1976/94 1954/1954/94 1953/1953/94 1974/1974/94 
f 1944/1944/124 1967/1967/124 1966/1966/124 1945/1945/124 
f 1811/1811/131 1815/1815/131 1821/1821/131 1778/1778/131 
f 1816/1816/132 1813/1813/132 1817/1817/132 1820/1820/132 
f 1824/1824/131 1811/1811/131 1778/1778/131 1776/1776/131 
f 1812/1812/133 1823/1823/133 1779/1779/133 1818/1818/133 
f 1814/1814/134 1819/1819/134 1777/1777/134 1822/1822/134 
f 1827/1827/132 1826/1826/132 1831/1831/132 1834/1834/132 
f 1825/1825/133 1781/1781/133 1838/1838/133 1829/1829/133 
f 1828/1828/134 1833/1833/134 1835/1835/134 1780/1780/134 
f 1830/1830/131 1837/1837/131 1848/1848/131 1840/1840/131 
f 1832/1832/131 1830/1830/131 1840/1840/131 1844/1844/131 
f 1836/1836/131 1832/1832/131 1844/1844/131 1845/1845/131 
f 1842/1842/132 1839/1839/132 1849/1849/132 1852/1852/132 
f 1841/1841/133 1847/1847/133 1783/1783/133 1850/1850/133 
f 1846/1846/134 1843/1843/134 1851/1851/134 1782/1782/134 
f 1853/1853/133 1789/2655/133 1864/1864/133 1866/1866/133 
f 1855/1855/132 1854/1854/132 1868/1868/132 1859/1859/132 
f 1790/1790/134 1856/1856/134 1861/1861/134 1873/2646/134 
f 1857/1857/131 1863/1863/131 1882/1882/131 1884/1884/131 
f 1784/1784/134 1787/1787/134 1862/1862/134 1858/1858/134 
f 1877/1877/135 1858/1858/135 1886/1886/135 1913/1913/135 
f 1860/1860/131 1867/1867/131 1891/1891/131 1881/1881/131 
f 1874/2647/131 1860/1860/131 1881/1881/131 1896/2650/131 
f 1787/1787/134 1786/1786/134 1876/1876/134 1862/1862/134 
f 1863/1863/131 1875/1875/131 1899/1899/131 1882/1882/131 
f 1867/1867/131 1865/1865/131 1887/1887/131 1891/1891/131 
f 1789/1789/133 1785/1785/133 1872/1872/133 1864/2644/133 
f 1865/2645/131 1871/1871/131 1895/1895/131 1887/2648/131 
f 1785/1785/133 1788/1788/133 1870/1870/133 1872/1872/133 
f 1871/1871/131 1869/1869/131 1893/1893/131 1895/1895/131 
f 1875/1875/131 1874/1874/131 1896/1896/131 1899/1899/131 
f 1786/1786/134 1790/2656/134 1873/1873/134 1876/1876/134 
f 1792/1792/136 1878/1878/136 1915/1915/136 1905/1905/136 
f 1879/1879/132 1890/1890/132 1916/1916/132 1911/1911/132 
f 1897/2651/134 1880/1880/134 1910/1910/134 1900/2481/134 
f 1885/1885/134 1883/1883/134 1904/1904/134 1914/1914/134 
f 1883/1883/134 1898/1898/134 1907/1907/134 1904/1904/134 
f 1888/2649/133 1894/1894/133 1909/1909/133 1919/2652/133 
f 1889/1889/133 1888/1888/133 1919/1919/133 1917/1917/133 
f 1894/1894/133 1892/1892/133 1903/1903/133 1909/1909/133 
f 1898/1898/134 1897/1897/134 1900/1900/134 1907/1907/134 
f 1791/1791/136 1797/2634/136 1901/2654/136 1912/1912/136 
f 1797/1797/136 1798/1798/136 1906/1906/136 1901/1901/136 
f 1795/1795/136 1796/1796/136 1908/1908/136 1902/1902/136 
f 1798/1798/136 1792/1792/136 1905/1905/136 1906/1906/136 
f 1796/1796/136 1793/2657/136 1920/2653/136 1908/1908/136 
f 1791/1791/136 1912/1912/136 1918/1918/136 1794/1794/136 
f 1793/1793/136 1794/1794/136 1918/1918/136 1920/1920/136 
f 1921/1921/131 1926/1926/131 1983/1983/131 1977/1977/131 
f 1923/1923/134 1924/1924/134 1799/1799/134 1927/1927/134 
f 1979/1979/132 1980/1980/132 1925/1925/132 1922/1922/132 
f 1929/1929/134 1932/1932/134 1933/1933/134 1800/1800/134 
f 1985/1985/132 1986/1986/132 1930/1930/132 1928/1928/132 
f 1934/1934/131 1931/1931/131 1937/1937/131 1938/1938/131 
f 1937/1937/131 1931/1931/131 1988/1988/131 1992/1992/131 
f 1939/1939/134 1936/1936/134 1940/1940/134 1801/1801/134 
f 1991/1991/132 1996/1996/132 1941/1941/132 1935/1935/132 
f 1942/1942/131 2002/2002/131 2000/2000/131 1944/1944/131 
f 1947/1947/133 1809/1809/133 1943/1943/133 1946/1946/133 
f 1962/1962/131 1967/1967/131 1944/1944/131 2000/2000/131 
f 1948/1948/132 1945/1945/132 1966/1966/132 1968/1968/132 
f 1955/1955/133 1949/1949/133 1802/1802/133 1952/1952/133 
f 1976/1976/131 1970/1970/131 1950/1950/131 1954/1954/131 
f 1953/1953/132 1951/1951/132 1973/1973/132 1974/1974/132 
f 1999/1999/132 2003/2003/132 1957/1957/132 1960/1960/132 
f 1959/1959/134 1961/1961/134 1956/1956/134 1803/1803/134 
f 1964/1964/131 1967/1967/131 1962/1962/131 1958/1958/131 
f 1969/1969/134 1965/1965/134 1963/1963/134 1804/1804/134 
f 1975/1975/134 1972/1972/134 1805/1805/134 1971/1971/134 
f 1978/1978/133 1982/1982/133 1806/1806/133 1981/1981/133 
f 1984/1984/133 1807/1807/133 1990/1990/133 1987/1987/133 
f 1989/1989/131 1995/1995/131 1992/1992/131 1988/1988/131 
f 1994/1994/133 1808/1808/133 1997/1997/133 1993/1993/133 
f 2001/2001/133 1810/1810/133 2004/2004/133 1998/1998/133 
f 2040/2040/260 2041/2041/260 2042/2042/260 
f 2043/2043/261 2044/2044/261 2045/2045/261 
f 2058/2058/236 2059/2059/236 2060/2060/236 
f 2061/2061/237 2062/2062/237 2063/2063/237 
f 2068/2068/211 2069/2069/211 2070/2070/211 
f 2071/2071/212 2072/2072/212 2073/2073/212 
f 2088/2088/262 2089/2089/262 2090/2090/262 
f 2095/2095/263 2096/2096/263 2097/2097/263 
f 2108/2108/168 2109/2109/168 2110/2110/168 
f 2113/2113/199 2114/2114/199 2115/2115/199 
f 2118/2118/245 2119/2119/245 2120/2120/245 
f 2139/2139/146 2140/2140/146 2141/2141/146 
f 2142/2142/147 2143/2143/147 2144/2144/147 
f 2145/2145/264 2146/2146/264 2147/2147/264 
f 2150/2150/265 2151/2151/265 2152/2152/265 
f 2159/2159/66 2160/2160/66 2161/2161/66 
f 2164/2164/148 2165/2165/148 2166/2166/148 
f 2173/2173/266 2174/2174/266 2175/2175/266 
f 2182/2182/245 2183/2183/245 2184/2184/245 
f 2189/2189/214 2190/2190/214 2191/2191/214 
f 2194/2194/71 2195/2195/71 2196/2196/71 
f 2203/2203/265 2204/2204/265 2205/2205/265 
f 2206/2206/72 2207/2207/72 2208/2208/72 
f 2215/2215/149 2216/2216/149 2217/2217/149 
f 2220/2220/267 2221/2221/267 2222/2222/267 
f 2227/2227/173 2228/2228/173 2229/2229/173 
f 2050/2050/185 2044/2044/185 2043/2043/185 2051/2051/185 
f 2042/2042/241 2045/2045/241 2044/2044/241 2040/2040/241 
f 2046/2046/174 2042/2042/174 2041/2041/174 2047/2047/174 
f 2048/2048/175 2043/2043/175 2045/2045/175 2049/2049/175 
f 2052/2052/242 2041/2041/242 2040/2040/242 2053/2053/242 
f 2060/2060/81 2055/2055/81 2054/2054/81 2058/2058/81 
f 2063/2063/219 2060/2060/219 2059/2059/219 2061/2061/219 
f 2062/2062/83 2057/2057/83 2056/2056/83 2063/2063/83 
f 2064/2064/220 2062/2062/220 2061/2061/220 2065/2065/220 
f 2058/2058/221 2067/2067/221 2066/2066/221 2059/2059/221 
f 2073/2073/259 2069/2069/259 2068/2068/259 2071/2071/259 
f 2074/2074/222 2073/2073/222 2072/2072/222 2075/2075/222 
f 2069/2069/88 2077/2077/88 2076/2076/88 2070/2070/88 
f 2078/2078/181 2068/2068/181 2070/2070/181 2079/2079/181 
f 2071/2071/182 2081/2081/182 2080/2080/182 2072/2072/182 
f 2092/2092/223 2086/2086/223 2087/2087/223 2091/2091/223 
f 2094/2094/125 2096/2096/125 2095/2095/125 2093/2093/125 
f 2096/2096/129 2089/2089/129 2088/2088/129 2097/2097/129 
f 2098/2098/96 2100/2100/92 2101/2101/92 2099/2099/96 
f 2103/2103/185 2104/2104/185 2105/2105/185 2102/2102/185 
f 2104/2104/185 2092/2092/185 2091/2091/185 2105/2105/185 
f 2100/2100/92 2094/2658/125 2093/2504/125 2101/2101/92 
f 2089/2089/185 2103/2660/185 2102/2659/185 2090/2090/185 
f 2097/2097/97 2083/2083/97 2082/2082/97 2095/2095/97 
f 2090/2090/98 2085/2085/98 2084/2084/98 2088/2088/98 
f 2112/2112/102 2114/2114/102 2113/2113/102 2111/2111/102 
f 2117/2117/121 2118/2118/121 2120/2120/121 2116/2116/121 
f 2119/2119/208 2108/2108/208 2110/2110/208 2120/2120/208 
f 2121/2121/121 2123/2123/121 2124/2124/121 2122/2122/121 
f 2126/2126/224 2127/2127/102 2128/2128/102 2125/2125/224 
f 2127/2127/102 2112/2112/102 2111/2111/102 2128/2128/102 
f 2139/2139/79 2109/2109/79 2108/2108/79 2140/2140/79 
f 2123/2123/121 2117/2662/121 2116/2661/121 2124/2124/121 
f 2109/2109/224 2126/2663/224 2125/2581/224 2110/2110/224 
f 2114/2114/104 2143/2143/104 2142/2142/104 2115/2115/104 
f 2145/2145/105 2119/2119/105 2118/2118/105 2146/2146/105 
f 2134/2134/111 2144/2144/111 2143/2143/111 2133/2133/111 
f 2149/2149/108 2147/2147/108 2146/2146/108 2148/2148/108 
f 2147/2147/109 2141/2141/109 2140/2140/109 2145/2145/109 
f 2131/2131/108 2137/2137/108 2138/2138/108 2132/2132/108 
f 2130/2130/112 2135/2135/111 2136/2136/111 2129/2129/112 
f 2135/2135/111 2134/2134/111 2133/2133/111 2136/2136/111 
f 2137/2137/108 2149/2665/108 2148/2664/108 2138/2138/108 
f 2141/2141/112 2130/2557/112 2129/2666/112 2139/2139/112 
f 2086/2086/113 2113/2113/113 2115/2115/113 2087/2087/113 
f 2144/2144/159 2107/2107/159 2106/2106/159 2142/2142/159 
f 2155/2155/76 2150/2150/76 2152/2152/76 2156/2156/76 
f 2153/2153/182 2152/2152/182 2151/2151/182 2154/2154/182 
f 2166/2166/226 2221/2221/226 2220/2220/226 2164/2164/226 
f 2161/2161/116 2158/2158/116 2157/2157/116 2159/2159/116 
f 2162/2162/227 2161/2161/227 2160/2160/227 2163/2163/227 
f 2167/2167/117 2166/2166/117 2165/2165/117 2168/2168/117 
f 2164/2164/182 2170/2170/182 2169/2169/182 2165/2165/182 
f 2230/2230/228 2227/2227/228 2229/2229/228 2231/2231/228 
f 2171/2171/229 2173/2173/229 2175/2175/229 2172/2172/229 
f 2174/2174/97 2177/2177/97 2176/2176/97 2175/2175/97 
f 2180/2180/181 2182/2182/181 2184/2184/181 2181/2181/181 
f 2178/2178/101 2184/2184/101 2183/2183/101 2179/2179/101 
f 2189/2189/182 2186/2186/182 2185/2185/182 2190/2190/182 
f 2187/2187/230 2191/2191/230 2190/2190/230 2188/2188/230 
f 2192/2192/231 2194/2194/231 2196/2196/231 2193/2193/231 
f 2194/2194/90 2198/2198/90 2197/2197/90 2195/2195/90 
f 2191/2191/191 2229/2229/191 2228/2228/191 2189/2189/191 
f 2201/2201/182 2204/2204/182 2203/2203/182 2202/2202/182 
f 2199/2199/76 2205/2205/76 2204/2204/76 2200/2200/76 
f 2211/2211/244 2207/2207/244 2206/2206/244 2212/2212/244 
f 2209/2209/192 2208/2208/192 2207/2207/192 2210/2210/192 
f 2215/2215/97 2214/2214/97 2213/2213/97 2216/2216/97 
f 2218/2218/232 2217/2217/232 2216/2216/232 2219/2219/232 
f 2223/2223/233 2222/2222/233 2221/2221/233 2224/2224/233 
f 2222/2222/181 2226/2226/181 2225/2225/181 2220/2220/181 
f 2150/2150/208 2206/2206/208 2208/2208/208 2151/2151/208 
f 2217/2217/235 2160/2160/235 2159/2159/235 2215/2215/235 
f 2227/2227/78 2233/2233/78 2232/2232/78 2228/2228/78 
f 2205/2205/208 2183/2183/208 2182/2182/208 2203/2203/208 
f 2173/2173/268 2196/2196/268 2195/2195/268 2174/2174/268 
f 2040/2040/131 2044/2044/131 2050/2050/131 2007/2007/131 
f 2045/2045/132 2042/2042/132 2046/2046/132 2049/2049/132 
f 2053/2053/131 2040/2040/131 2007/2007/131 2005/2005/131 
f 2041/2041/133 2052/2052/133 2008/2008/133 2047/2047/133 
f 2043/2043/134 2048/2048/134 2006/2006/134 2051/2051/134 
f 2056/2056/132 2055/2055/132 2060/2060/132 2063/2063/132 
f 2054/2054/133 2010/2010/133 2067/2067/133 2058/2058/133 
f 2057/2057/134 2062/2062/134 2064/2064/134 2009/2009/134 
f 2059/2059/131 2066/2066/131 2077/2077/131 2069/2069/131 
f 2061/2061/131 2059/2059/131 2069/2069/131 2073/2073/131 
f 2065/2065/131 2061/2061/131 2073/2073/131 2074/2074/131 
f 2071/2071/132 2068/2068/132 2078/2078/132 2081/2081/132 
f 2070/2070/133 2076/2076/133 2012/2012/133 2079/2079/133 
f 2075/2075/134 2072/2072/134 2080/2080/134 2011/2011/134 
f 2082/2082/133 2018/2667/133 2093/2093/133 2095/2095/133 
f 2084/2084/132 2083/2083/132 2097/2097/132 2088/2088/132 
f 2019/2019/134 2085/2085/134 2090/2090/134 2102/2659/134 
f 2086/2086/131 2092/2092/131 2111/2111/131 2113/2113/131 
f 2013/2013/134 2016/2016/134 2091/2091/134 2087/2087/134 
f 2106/2106/135 2087/2087/135 2115/2115/135 2142/2142/135 
f 2089/2089/131 2096/2096/131 2120/2120/131 2110/2110/131 
f 2103/2660/131 2089/2089/131 2110/2110/131 2125/2581/131 
f 2016/2016/134 2015/2015/134 2105/2105/134 2091/2091/134 
f 2092/2092/131 2104/2104/131 2128/2128/131 2111/2111/131 
f 2096/2096/131 2094/2094/131 2116/2116/131 2120/2120/131 
f 2018/2018/133 2014/2014/133 2101/2101/133 2093/2504/133 
f 2094/2658/131 2100/2100/131 2124/2124/131 2116/2661/131 
f 2014/2014/133 2017/2017/133 2099/2099/133 2101/2101/133 
f 2100/2100/131 2098/2098/131 2122/2122/131 2124/2124/131 
f 2104/2104/131 2103/2103/131 2125/2125/131 2128/2128/131 
f 2015/2015/134 2019/2536/134 2102/2102/134 2105/2105/134 
f 2021/2021/136 2107/2107/136 2144/2144/136 2134/2134/136 
f 2108/2108/132 2119/2119/132 2145/2145/132 2140/2140/132 
f 2126/2663/134 2109/2109/134 2139/2139/134 2129/2666/134 
f 2114/2114/134 2112/2112/134 2133/2133/134 2143/2143/134 
f 2112/2112/134 2127/2127/134 2136/2136/134 2133/2133/134 
f 2117/2662/133 2123/2123/133 2138/2138/133 2148/2664/133 
f 2118/2118/133 2117/2117/133 2148/2148/133 2146/2146/133 
f 2123/2123/133 2121/2121/133 2132/2132/133 2138/2138/133 
f 2127/2127/134 2126/2126/134 2129/2129/134 2136/2136/134 
f 2020/2020/136 2026/2626/136 2130/2557/136 2141/2141/136 
f 2026/2026/136 2027/2027/136 2135/2135/136 2130/2130/136 
f 2024/2024/136 2025/2025/136 2137/2137/136 2131/2131/136 
f 2027/2027/136 2021/2021/136 2134/2134/136 2135/2135/136 
f 2025/2025/136 2022/2668/136 2149/2665/136 2137/2137/136 
f 2020/2020/136 2141/2141/136 2147/2147/136 2023/2023/136 
f 2022/2022/136 2023/2023/136 2147/2147/136 2149/2149/136 
f 2150/2150/131 2155/2155/131 2212/2212/131 2206/2206/131 
f 2152/2152/134 2153/2153/134 2028/2028/134 2156/2156/134 
f 2208/2208/132 2209/2209/132 2154/2154/132 2151/2151/132 
f 2158/2158/134 2161/2161/134 2162/2162/134 2029/2029/134 
f 2214/2214/132 2215/2215/132 2159/2159/132 2157/2157/132 
f 2163/2163/131 2160/2160/131 2166/2166/131 2167/2167/131 
f 2166/2166/131 2160/2160/131 2217/2217/131 2221/2221/131 
f 2168/2168/134 2165/2165/134 2169/2169/134 2030/2030/134 
f 2220/2220/132 2225/2225/132 2170/2170/132 2164/2164/132 
f 2171/2171/131 2231/2231/131 2229/2229/131 2173/2173/131 
f 2176/2176/133 2038/2038/133 2172/2172/133 2175/2175/133 
f 2191/2191/131 2196/2196/131 2173/2173/131 2229/2229/131 
f 2177/2177/132 2174/2174/132 2195/2195/132 2197/2197/132 
f 2184/2184/133 2178/2178/133 2031/2031/133 2181/2181/133 
f 2205/2205/131 2199/2199/131 2179/2179/131 2183/2183/131 
f 2182/2182/132 2180/2180/132 2202/2202/132 2203/2203/132 
f 2228/2228/132 2232/2232/132 2186/2186/132 2189/2189/132 
f 2188/2188/134 2190/2190/134 2185/2185/134 2032/2032/134 
f 2193/2193/131 2196/2196/131 2191/2191/131 2187/2187/131 
f 2198/2198/134 2194/2194/134 2192/2192/134 2033/2033/134 
f 2204/2204/134 2201/2201/134 2034/2034/134 2200/2200/134 
f 2207/2207/133 2211/2211/133 2035/2035/133 2210/2210/133 
f 2213/2213/133 2036/2036/133 2219/2219/133 2216/2216/133 
f 2218/2218/131 2224/2224/131 2221/2221/131 2217/2217/131 
f 2223/2223/133 2037/2037/133 2226/2226/133 2222/2222/133 
f 2230/2230/133 2039/2039/133 2233/2233/133 2227/2227/133 
f 2269/2269/254 2270/2270/254 2271/2271/254 
f 2272/2272/261 2273/2273/261 2274/2274/261 
f 2287/2287/269 2288/2288/269 2289/2289/269 
f 2290/2290/270 2291/2291/270 2292/2292/270 
f 2297/2297/271 2298/2298/271 2299/2299/271 
f 2300/2300/272 2301/2301/272 2302/2302/272 
f 2317/2317/273 2318/2318/273 2319/2319/273 
f 2324/2324/263 2325/2325/263 2326/2326/263 
f 2337/2337/168 2338/2338/168 2339/2339/168 
f 2342/2342/199 2343/2343/199 2344/2344/199 
f 2347/2347/170 2348/2348/170 2349/2349/170 
f 2368/2368/146 2369/2369/146 2370/2370/146 
f 2371/2371/147 2372/2372/147 2373/2373/147 
f 2374/2374/264 2375/2375/264 2376/2376/264 
f 2379/2379/168 2380/2380/168 2381/2381/168 
f 2388/2388/274 2389/2389/274 2390/2390/274 
f 2393/2393/148 2394/2394/148 2395/2395/148 
f 2402/2402/275 2403/2403/275 2404/2404/275 
f 2411/2411/170 2412/2412/170 2413/2413/170 
f 2418/2418/171 2419/2419/171 2420/2420/171 
f 2423/2423/71 2424/2424/71 2425/2425/71 
f 2432/2432/168 2433/2433/168 2434/2434/168 
f 2435/2435/72 2436/2436/72 2437/2437/72 
f 2444/2444/276 2445/2445/276 2446/2446/276 
f 2449/2449/240 2450/2450/240 2451/2451/240 
f 2456/2456/277 2457/2457/277 2458/2458/277 
f 2279/2279/76 2273/2273/76 2272/2272/76 2280/2280/76 
f 2271/2271/77 2274/2274/77 2273/2273/77 2269/2269/77 
f 2275/2275/174 2271/2271/174 2270/2270/174 2276/2276/174 
f 2277/2277/175 2272/2272/175 2274/2274/175 2278/2278/175 
f 2281/2281/176 2270/2270/176 2269/2269/176 2282/2282/176 
f 2289/2289/81 2284/2284/81 2283/2283/81 2287/2287/81 
f 2292/2292/177 2289/2289/177 2288/2288/177 2290/2290/177 
f 2291/2291/83 2286/2286/83 2285/2285/83 2292/2292/83 
f 2293/2293/220 2291/2291/220 2290/2290/220 2294/2294/220 
f 2287/2287/221 2296/2296/221 2295/2295/221 2288/2288/221 
f 2302/2302/177 2298/2298/177 2297/2297/177 2300/2300/177 
f 2303/2303/222 2302/2302/222 2301/2301/222 2304/2304/222 
f 2298/2298/88 2306/2306/88 2305/2305/88 2299/2299/88 
f 2307/2307/181 2297/2297/181 2299/2299/181 2308/2308/181 
f 2300/2300/182 2310/2310/182 2309/2309/182 2301/2301/182 
f 2321/2321/223 2315/2315/223 2316/2316/223 2320/2320/223 
f 2323/2323/125 2325/2325/125 2324/2324/125 2322/2322/125 
f 2325/2325/129 2318/2318/129 2317/2317/129 2326/2326/129 
f 2327/2327/96 2329/2329/92 2330/2330/92 2328/2328/96 
f 2332/2332/185 2333/2333/185 2334/2334/185 2331/2331/185 
f 2333/2333/185 2321/2321/185 2320/2320/185 2334/2334/185 
f 2329/2329/92 2323/2670/125 2322/2669/125 2330/2330/92 
f 2318/2318/185 2332/2573/185 2331/2671/185 2319/2319/185 
f 2326/2326/97 2312/2312/97 2311/2311/97 2324/2324/97 
f 2319/2319/98 2314/2314/98 2313/2313/98 2317/2317/98 
f 2341/2341/102 2343/2343/102 2342/2342/102 2340/2340/102 
f 2346/2346/121 2347/2347/121 2349/2349/121 2345/2345/121 
f 2348/2348/208 2337/2337/208 2339/2339/208 2349/2349/208 
f 2350/2350/121 2352/2352/121 2353/2353/121 2351/2351/121 
f 2355/2355/224 2356/2356/102 2357/2357/102 2354/2354/224 
f 2356/2356/102 2341/2341/102 2340/2340/102 2357/2357/102 
f 2368/2368/79 2338/2338/79 2337/2337/79 2369/2369/79 
f 2352/2352/121 2346/2672/121 2345/2501/121 2353/2353/121 
f 2338/2338/224 2355/2498/224 2354/2673/224 2339/2339/224 
f 2343/2343/104 2372/2372/104 2371/2371/104 2344/2344/104 
f 2374/2374/105 2348/2348/105 2347/2347/105 2375/2375/105 
f 2363/2363/111 2373/2373/111 2372/2372/111 2362/2362/111 
f 2378/2378/108 2376/2376/108 2375/2375/108 2377/2377/108 
f 2376/2376/109 2370/2370/109 2369/2369/109 2374/2374/109 
f 2360/2360/108 2366/2366/108 2367/2367/108 2361/2361/108 
f 2359/2359/112 2364/2364/111 2365/2365/111 2358/2358/112 
f 2364/2364/111 2363/2363/111 2362/2362/111 2365/2365/111 
f 2366/2366/108 2378/2614/108 2377/2674/108 2367/2367/108 
f 2370/2370/112 2359/2676/112 2358/2675/112 2368/2368/112 
f 2315/2315/278 2342/2342/278 2344/2344/278 2316/2316/278 
f 2373/2373/159 2336/2336/159 2335/2335/159 2371/2371/159 
f 2384/2384/102 2379/2379/102 2381/2381/102 2385/2385/102 
f 2382/2382/182 2381/2381/182 2380/2380/182 2383/2383/182 
f 2395/2395/226 2450/2450/226 2449/2449/226 2393/2393/226 
f 2390/2390/116 2387/2387/116 2386/2386/116 2388/2388/116 
f 2391/2391/227 2390/2390/227 2389/2389/227 2392/2392/227 
f 2396/2396/117 2395/2395/117 2394/2394/117 2397/2397/117 
f 2393/2393/182 2399/2399/182 2398/2398/182 2394/2394/182 
f 2459/2459/228 2456/2456/228 2458/2458/228 2460/2460/228 
f 2400/2400/229 2402/2402/229 2404/2404/229 2401/2401/229 
f 2403/2403/97 2406/2406/97 2405/2405/97 2404/2404/97 
f 2409/2409/181 2411/2411/181 2413/2413/181 2410/2410/181 
f 2407/2407/189 2413/2413/189 2412/2412/189 2408/2408/189 
f 2418/2418/182 2415/2415/182 2414/2414/182 2419/2419/182 
f 2416/2416/230 2420/2420/230 2419/2419/230 2417/2417/230 
f 2421/2421/231 2423/2423/231 2425/2425/231 2422/2422/231 
f 2423/2423/90 2427/2427/90 2426/2426/90 2424/2424/90 
f 2420/2420/160 2458/2458/160 2457/2457/160 2418/2418/160 
f 2430/2430/182 2433/2433/182 2432/2432/182 2431/2431/182 
f 2428/2428/102 2434/2434/102 2433/2433/102 2429/2429/102 
f 2440/2440/125 2436/2436/125 2435/2435/125 2441/2441/125 
f 2438/2438/192 2437/2437/192 2436/2436/192 2439/2439/192 
f 2444/2444/97 2443/2443/97 2442/2442/97 2445/2445/97 
f 2447/2447/232 2446/2446/232 2445/2445/232 2448/2448/232 
f 2452/2452/233 2451/2451/233 2450/2450/233 2453/2453/233 
f 2451/2451/181 2455/2455/181 2454/2454/181 2449/2449/181 
f 2379/2379/129 2435/2435/129 2437/2437/129 2380/2380/129 
f 2446/2446/235 2389/2389/235 2388/2388/235 2444/2444/235 
f 2456/2456/78 2462/2462/78 2461/2461/78 2457/2457/78 
f 2434/2434/94 2412/2412/94 2411/2411/94 2432/2432/94 
f 2402/2402/124 2425/2425/124 2424/2424/124 2403/2403/124 
f 2269/2269/131 2273/2273/131 2279/2279/131 2236/2236/131 
f 2274/2274/132 2271/2271/132 2275/2275/132 2278/2278/132 
f 2282/2282/131 2269/2269/131 2236/2236/131 2234/2234/131 
f 2270/2270/133 2281/2281/133 2237/2237/133 2276/2276/133 
f 2272/2272/134 2277/2277/134 2235/2235/134 2280/2280/134 
f 2285/2285/132 2284/2284/132 2289/2289/132 2292/2292/132 
f 2283/2283/133 2239/2239/133 2296/2296/133 2287/2287/133 
f 2286/2286/134 2291/2291/134 2293/2293/134 2238/2238/134 
f 2288/2288/131 2295/2295/131 2306/2306/131 2298/2298/131 
f 2290/2290/131 2288/2288/131 2298/2298/131 2302/2302/131 
f 2294/2294/131 2290/2290/131 2302/2302/131 2303/2303/131 
f 2300/2300/132 2297/2297/132 2307/2307/132 2310/2310/132 
f 2299/2299/133 2305/2305/133 2241/2241/133 2308/2308/133 
f 2304/2304/134 2301/2301/134 2309/2309/134 2240/2240/134 
f 2311/2311/133 2247/2677/133 2322/2322/133 2324/2324/133 
f 2313/2313/132 2312/2312/132 2326/2326/132 2317/2317/132 
f 2248/2248/134 2314/2314/134 2319/2319/134 2331/2671/134 
f 2315/2315/131 2321/2321/131 2340/2340/131 2342/2342/131 
f 2242/2242/134 2245/2245/134 2320/2320/134 2316/2316/134 
f 2335/2335/135 2316/2316/135 2344/2344/135 2371/2371/135 
f 2318/2318/131 2325/2325/131 2349/2349/131 2339/2339/131 
f 2332/2573/131 2318/2318/131 2339/2339/131 2354/2673/131 
f 2245/2245/134 2244/2244/134 2334/2334/134 2320/2320/134 
f 2321/2321/131 2333/2333/131 2357/2357/131 2340/2340/131 
f 2325/2325/131 2323/2323/131 2345/2345/131 2349/2349/131 
f 2247/2247/133 2243/2243/133 2330/2330/133 2322/2669/133 
f 2323/2670/131 2329/2329/131 2353/2353/131 2345/2501/131 
f 2243/2243/133 2246/2246/133 2328/2328/133 2330/2330/133 
f 2329/2329/131 2327/2327/131 2351/2351/131 2353/2353/131 
f 2333/2333/131 2332/2332/131 2354/2354/131 2357/2357/131 
f 2244/2244/134 2248/2514/134 2331/2331/134 2334/2334/134 
f 2250/2250/136 2336/2336/136 2373/2373/136 2363/2363/136 
f 2337/2337/132 2348/2348/132 2374/2374/132 2369/2369/132 
f 2355/2498/134 2338/2338/134 2368/2368/134 2358/2675/134 
f 2343/2343/134 2341/2341/134 2362/2362/134 2372/2372/134 
f 2341/2341/134 2356/2356/134 2365/2365/134 2362/2362/134 
f 2346/2672/133 2352/2352/133 2367/2367/133 2377/2674/133 
f 2347/2347/133 2346/2346/133 2377/2377/133 2375/2375/133 
f 2352/2352/133 2350/2350/133 2361/2361/133 2367/2367/133 
f 2356/2356/134 2355/2355/134 2358/2358/134 2365/2365/134 
f 2249/2249/136 2255/2678/136 2359/2676/136 2370/2370/136 
f 2255/2255/136 2256/2256/136 2364/2364/136 2359/2359/136 
f 2253/2253/136 2254/2254/136 2366/2366/136 2360/2360/136 
f 2256/2256/136 2250/2250/136 2363/2363/136 2364/2364/136 
f 2254/2254/136 2251/2679/136 2378/2614/136 2366/2366/136 
f 2249/2249/136 2370/2370/136 2376/2376/136 2252/2252/136 
f 2251/2251/136 2252/2252/136 2376/2376/136 2378/2378/136 
f 2379/2379/131 2384/2384/131 2441/2441/131 2435/2435/131 
f 2381/2381/134 2382/2382/134 2257/2257/134 2385/2385/134 
f 2437/2437/132 2438/2438/132 2383/2383/132 2380/2380/132 
f 2387/2387/134 2390/2390/134 2391/2391/134 2258/2258/134 
f 2443/2443/132 2444/2444/132 2388/2388/132 2386/2386/132 
f 2392/2392/131 2389/2389/131 2395/2395/131 2396/2396/131 
f 2395/2395/131 2389/2389/131 2446/2446/131 2450/2450/131 
f 2397/2397/134 2394/2394/134 2398/2398/134 2259/2259/134 
f 2449/2449/132 2454/2454/132 2399/2399/132 2393/2393/132 
f 2400/2400/131 2460/2460/131 2458/2458/131 2402/2402/131 
f 2405/2405/133 2267/2267/133 2401/2401/133 2404/2404/133 
f 2420/2420/131 2425/2425/131 2402/2402/131 2458/2458/131 
f 2406/2406/132 2403/2403/132 2424/2424/132 2426/2426/132 
f 2413/2413/133 2407/2407/133 2260/2260/133 2410/2410/133 
f 2434/2434/131 2428/2428/131 2408/2408/131 2412/2412/131 
f 2411/2411/132 2409/2409/132 2431/2431/132 2432/2432/132 
f 2457/2457/132 2461/2461/132 2415/2415/132 2418/2418/132 
f 2417/2417/134 2419/2419/134 2414/2414/134 2261/2261/134 
f 2422/2422/131 2425/2425/131 2420/2420/131 2416/2416/131 
f 2427/2427/134 2423/2423/134 2421/2421/134 2262/2262/134 
f 2433/2433/134 2430/2430/134 2263/2263/134 2429/2429/134 
f 2436/2436/133 2440/2440/133 2264/2264/133 2439/2439/133 
f 2442/2442/133 2265/2265/133 2448/2448/133 2445/2445/133 
f 2447/2447/131 2453/2453/131 2450/2450/131 2446/2446/131 
f 2452/2452/133 2266/2266/133 2455/2455/133 2451/2451/133 
f 2459/2459/133 2268/2268/133 2462/2462/133 2456/2456/133 
o Cube:463
s 1
f 2463/2463/279 2464/2464/279 2466/2466/279 2465/2465/279 
f 2465/2465/280 2466/2466/280 2470/2470/280 2469/2469/280 
f 2469/2469/281 2470/2470/281 2468/2468/281 2467/2467/281 
f 2471/2471/279 2472/2472/279 2474/2474/279 2473/2473/279 
f 2473/2473/280 2474/2474/280 2478/2478/280 2477/2477/280 
f 2477/2477/281 2478/2478/281 2476/2476/281 2475/2475/281 
#end 1904 faces

#ZOMPROPERTIES_04{
#ZOMPROPERTIES_04 table {Mesh table {SymPlane table {Point vector3d 0 0 0 Normal vector3d 1 0 0 Threshold double 0.01 
#ZOMPROPERTIES_04 Enabled bool false EdgeID int -1 SymEdgeID int -1 UPos double 0.5 LocalMode bool false } RootGroup C
#ZOMPROPERTIES_04 SubMeshGroup {Children table {Tile_0_0 CSubMeshGroup {Children table {} BBoxUV box3d 0 0 0 0 0 0 BBo
#ZOMPROPERTIES_04 x3D box3d 0 0 0 0 0 0 Area3D double 0 AreaUV double 0.536682 IsRoot bool false Properties table {Sel
#ZOMPROPERTIES_04 ected bool false Box box3d 0 1 0 1 0 1 U int 0 V int 0 NU int 0 NV int 0 Tiling vector3d 1 1 1 TileR
#ZOMPROPERTIES_04 atioMode string "1:1" Overflow string "Off" Pack table {BoxFrameEdit bool false Behavior string "Fre
#ZOMPROPERTIES_04 e" } } IsTile bool true PolyIDs ints { 89 92 1901 1902 1903 1898 1899 1900 3 4 5 0 1 2 1740 1824 188
#ZOMPROPERTIES_04 4 1810 1891 1809 1890 1808 1889 1807 1888 1822 1897 1802 1881 1748 1811 1742 1883 1743 1803 1882 180
#ZOMPROPERTIES_04 4 1215 1279 1359 1285 1366 1284 1365 1283 1364 1282 1363 1297 1372 1277 1356 1358 1223 1286 1217 121
#ZOMPROPERTIES_04 8 1299 1357 1278 515 579 659 585 666 584 665 583 664 582 663 597 672 577 656 658 523 586 517 518 599
#ZOMPROPERTIES_04  657 578 340 404 484 410 491 409 490 408 489 407 488 422 497 402 481 483 348 411 342 343 424 482 403
#ZOMPROPERTIES_04  165 229 309 235 316 234 315 233 314 232 313 247 322 227 306 308 173 236 167 168 249 307 228 690 774
#ZOMPROPERTIES_04  834 754 760 841 759 840 758 839 757 838 772 847 752 831 698 761 692 833 693 753 832 1565 1649 1709 
#ZOMPROPERTIES_04 1629 1635 1716 1634 1715 1633 1714 1632 1713 1647 1722 1627 1706 1573 1636 1567 1708 1568 1628 1707 
#ZOMPROPERTIES_04 1040 1104 1184 1110 1191 1109 1190 1108 1189 1107 1188 1122 1197 1102 1181 1183 1048 1111 1042 1043 
#ZOMPROPERTIES_04 1124 1182 1103 865 929 1009 935 1016 934 1015 933 1014 932 1013 947 1022 927 1006 1008 873 936 867 8
#ZOMPROPERTIES_04 68 949 1007 928 1390 1454 1534 1460 1541 1459 1540 1458 1539 1457 1538 1472 1547 1452 1531 1533 1398
#ZOMPROPERTIES_04  1461 1392 1393 1474 1532 1453 1725 1758 1831 1833 1761 1837 1762 1836 1759 1728 1763 1838 1760 1835
#ZOMPROPERTIES_04  1834 1755 1726 1756 1830 1754 1832 1757 1727 500 533 608 536 612 537 611 534 503 535 610 609 530 50
#ZOMPROPERTIES_04 1 531 605 607 532 613 538 502 606 529 325 355 430 356 432 357 435 360 438 363 436 362 327 361 433 43
#ZOMPROPERTIES_04 4 359 437 328 326 358 431 354 150 180 255 181 257 182 260 185 263 188 261 187 152 186 258 259 184 26
#ZOMPROPERTIES_04 2 153 151 183 256 179 1200 1233 1306 1229 1308 1236 1202 1234 1203 1235 1313 1310 1232 1201 1231 130
#ZOMPROPERTIES_04 5 1307 1230 1309 1238 1311 1237 1312 675 708 783 711 787 712 786 709 678 710 785 784 705 676 706 780
#ZOMPROPERTIES_04  782 707 788 713 677 781 704 1550 1583 1658 1586 1552 1584 1553 1585 1663 1660 1582 1657 1581 1655 1
#ZOMPROPERTIES_04 579 1551 1580 1659 1588 1661 1587 1662 1656 1025 1058 1131 1054 1133 1061 1027 1059 1028 1060 1138 1
#ZOMPROPERTIES_04 135 1057 1026 1056 1130 1132 1055 1134 1063 1136 1062 1137 850 883 956 879 958 886 852 884 853 885 9
#ZOMPROPERTIES_04 63 960 882 851 881 955 957 880 959 888 961 887 962 1375 1408 1481 1404 1483 1411 1377 1409 1378 1410
#ZOMPROPERTIES_04  1488 1485 1407 1376 1406 1480 1482 1405 1484 1413 1486 1412 1487 1738 1821 1878 1877 1800 1879 1801
#ZOMPROPERTIES_04  1880 1819 1896 1818 1747 1797 1739 1895 1817 1894 1816 1876 1746 1798 1875 1799 1213 1296 1353 1352
#ZOMPROPERTIES_04  1275 1354 1276 1355 1294 1371 1293 1222 1272 1214 1370 1292 1369 1291 1351 1221 1273 1350 1274 513 
#ZOMPROPERTIES_04 596 653 652 575 654 576 655 594 671 593 522 572 514 670 592 669 591 651 521 573 650 574 163 224 300 
#ZOMPROPERTIES_04 223 302 225 304 226 305 244 321 243 320 242 319 241 301 171 246 303 172 222 164 338 399 475 398 477 
#ZOMPROPERTIES_04 400 479 401 480 419 496 418 495 417 494 416 476 346 421 478 347 397 339 688 771 828 827 750 829 751 
#ZOMPROPERTIES_04 830 769 846 768 697 747 689 845 767 844 766 826 696 748 825 749 1563 1646 1703 1702 1625 1704 1626 1
#ZOMPROPERTIES_04 705 1644 1721 1643 1572 1622 1564 1720 1642 1719 1641 1701 1571 1623 1700 1624 1388 1471 1528 1527 1
#ZOMPROPERTIES_04 450 1529 1451 1530 1469 1546 1468 1397 1447 1389 1545 1467 1544 1466 1526 1396 1448 1525 1449 863 92
#ZOMPROPERTIES_04 4 1000 923 1002 925 1004 926 1005 944 1021 943 1020 942 1019 941 1001 871 946 1003 872 922 864 1038 
#ZOMPROPERTIES_04 1121 1178 1177 1100 1179 1101 1180 1119 1196 1118 1047 1097 1039 1195 1117 1194 1116 1176 1046 1098 
#ZOMPROPERTIES_04 1175 1099 1723 1751 1826 1750 1724 1749 1829 1752 1825 1827 1753 1828 673 701 776 700 674 699 779 77
#ZOMPROPERTIES_04 5 777 703 702 778 323 350 324 349 425 429 352 426 351 427 353 428 148 175 149 174 250 254 177 251 17
#ZOMPROPERTIES_04 6 252 178 253 1373 1401 1476 1400 1374 1399 1475 1477 1403 1479 1402 1478 1548 1576 1653 1651 1575 1
#ZOMPROPERTIES_04 549 1574 1654 1650 1652 1578 1577 848 875 950 874 954 877 951 849 952 878 876 953 1023 1051 1126 105
#ZOMPROPERTIES_04 0 1024 1049 1129 1125 1127 1053 1052 1128 498 526 601 525 499 524 604 600 602 528 527 603 1198 1226 
#ZOMPROPERTIES_04 1303 1301 1225 1199 1224 1300 1302 1228 1304 1227 1067 1070 1151 1081 1161 1091 1169 1167 1088 1163 
#ZOMPROPERTIES_04 1077 1153 1150 1152 542 545 625 627 626 556 636 566 644 642 563 638 552 628 192 195 275 277 276 206 
#ZOMPROPERTIES_04 286 216 294 292 213 288 202 278 717 802 800 720 801 731 811 741 819 817 738 813 727 803 1767 1770 18
#ZOMPROPERTIES_04 51 1781 1861 1791 1869 1867 1788 1863 1777 1853 1850 1852 1417 1420 1501 1431 1511 1441 1519 1517 14
#ZOMPROPERTIES_04 38 1513 1427 1503 1500 1502 892 895 976 906 986 916 994 992 913 988 902 978 975 977 1592 1595 1676 1
#ZOMPROPERTIES_04 606 1686 1616 1694 1692 1613 1688 1602 1678 1675 1677 367 452 450 370 451 381 461 391 469 467 388 46
#ZOMPROPERTIES_04 3 377 453 1242 1245 1325 1327 1326 1256 1336 1266 1344 1342 1263 1338 1252 1328 1741 1806 1885 1886 
#ZOMPROPERTIES_04 1813 1744 1812 1887 1805 1892 1823 691 756 836 763 694 762 842 837 773 835 755 166 231 310 230 311 2
#ZOMPROPERTIES_04 38 169 237 317 312 248 341 406 485 405 486 413 344 412 492 487 423 1391 1456 1535 1536 1463 1394 146
#ZOMPROPERTIES_04 2 1537 1455 1542 1473 1566 1631 1710 1630 1711 1638 1569 1637 1717 1712 1648 516 581 661 588 519 587
#ZOMPROPERTIES_04  667 662 598 660 580 866 931 1011 938 869 937 1017 1012 948 1010 930 1041 1106 1185 1105 1186 1113 1
#ZOMPROPERTIES_04 044 1112 1192 1187 1123 1216 1281 1360 1280 1361 1288 1219 1287 1367 1362 1298 1737 1796 1874 1815 1
#ZOMPROPERTIES_04 745 1814 1893 1872 1820 1873 1795 687 770 824 746 765 843 764 822 695 745 823 337 396 473 395 474 41
#ZOMPROPERTIES_04 5 345 414 493 472 420 162 221 298 220 299 240 170 239 318 297 245 1387 1446 1524 1465 1395 1464 1522
#ZOMPROPERTIES_04  1543 1470 1523 1445 1562 1621 1698 1620 1699 1640 1570 1639 1718 1697 1645 512 595 649 571 590 668 
#ZOMPROPERTIES_04 589 647 520 570 648 862 921 998 920 999 940 1018 939 997 870 945 1037 1096 1173 1095 1174 1115 1193 
#ZOMPROPERTIES_04 1114 1172 1045 1120 1212 1271 1348 1270 1349 1290 1220 1289 1347 1368 1295 507 558 619 569 631 643 6
#ZOMPROPERTIES_04 41 564 639 553 554 549 635 634 560 623 544 539 617 618 622 630 543 629 565 568 510 157 208 160 210 2
#ZOMPROPERTIES_04 81 293 291 214 215 285 204 273 194 189 267 268 272 280 193 218 279 203 199 289 219 284 269 1032 1083
#ZOMPROPERTIES_04  1035 1094 1144 1156 1168 1166 1089 1090 1160 1079 1074 1078 1154 1068 1069 1064 1142 1143 1147 1093
#ZOMPROPERTIES_04  1148 1155 1159 1164 1085 1557 1608 1560 1610 1681 1693 1691 1614 1689 1603 1604 1599 1685 1673 1594
#ZOMPROPERTIES_04  1589 1667 1668 1672 1680 1593 1618 1679 1615 1619 1684 1669 857 908 860 910 981 993 991 914 915 985
#ZOMPROPERTIES_04  904 899 903 979 893 894 889 967 968 972 918 973 980 989 984 919 969 1382 1433 1385 1444 1494 1506 1
#ZOMPROPERTIES_04 518 1516 1439 1440 1510 1429 1424 1428 1504 1418 1419 1414 1492 1493 1497 1443 1498 1505 1509 1514 1
#ZOMPROPERTIES_04 435 1732 1783 1844 1794 1856 1868 1866 1789 1864 1778 1779 1774 1860 1859 1785 1848 1769 1764 1842 1
#ZOMPROPERTIES_04 843 1847 1855 1768 1854 1790 1793 1735 682 733 685 744 794 806 818 816 739 814 728 804 718 805 797 7
#ZOMPROPERTIES_04 93 714 792 798 743 719 729 724 810 809 740 735 332 383 444 394 456 468 466 389 464 378 454 368 455 4
#ZOMPROPERTIES_04 47 443 364 442 448 369 379 374 460 459 385 390 393 335 1207 1258 1319 1269 1331 1343 1341 1264 1339 
#ZOMPROPERTIES_04 1253 1254 1323 1244 1239 1318 1322 1330 1243 1317 1329 1249 1335 1334 1260 1265 1268 1210 29 79 147 
#ZOMPROPERTIES_04 78 141 83 145 81 80 84 142 77 82 31 30 32 143 17 34 18 37 97 38 21 52 20 19 70 73 55 124 127 54 46 2
#ZOMPROPERTIES_04 3 47 43 113 56 22 116 72 69 48 49 24 51 35 91 90 122 99 123 103 136 138 6 8 11 9 117 45 118 12 16 15
#ZOMPROPERTIES_04  10 86 53 50 88 87 85 120 121 137 126 119 44 115 110 111 7 112 68 114 125 139 102 67 101 66 60 131 1
#ZOMPROPERTIES_04 04 39 98 36 94 33 93 128 95 57 96 58 100 59 65 130 64 129 63 105 40 106 41 107 140 146 109 42 108 13
#ZOMPROPERTIES_04  14 134 62 135 144 76 27 28 75 74 25 71 26 133 61 132 1029 1066 1145 1076 1157 1087 1170 1165 1092 1
#ZOMPROPERTIES_04 158 1082 1080 1171 1086 1162 1075 1149 1084 1036 1034 1033 1031 1065 1139 1072 1146 1030 1140 1073 1
#ZOMPROPERTIES_04 141 1071 504 541 620 551 632 562 645 640 567 633 557 555 646 561 637 550 624 559 511 509 508 506 540
#ZOMPROPERTIES_04  614 547 621 505 615 548 616 546 154 191 270 201 282 212 295 290 217 283 207 205 296 211 287 200 274
#ZOMPROPERTIES_04  209 161 159 158 156 190 264 197 271 155 265 198 266 196 679 721 796 732 808 742 815 820 821 736 812
#ZOMPROPERTIES_04  725 683 734 807 730 737 726 795 799 715 680 716 722 789 790 686 684 681 791 723 1729 1766 1845 1776
#ZOMPROPERTIES_04  1857 1787 1870 1865 1792 1858 1782 1780 1871 1786 1862 1775 1849 1784 1736 1734 1733 1731 1765 1839
#ZOMPROPERTIES_04  1772 1846 1730 1840 1773 1841 1771 854 891 970 901 982 912 995 990 917 983 907 905 996 911 987 900 
#ZOMPROPERTIES_04 974 909 861 859 858 856 890 964 897 971 855 965 898 966 896 1379 1416 1495 1426 1507 1437 1520 1515 
#ZOMPROPERTIES_04 1442 1508 1432 1430 1521 1436 1512 1425 1499 1434 1386 1384 1383 1381 1415 1489 1422 1496 1380 1490 
#ZOMPROPERTIES_04 1423 1491 1421 1554 1591 1670 1601 1682 1612 1695 1690 1617 1683 1607 1605 1696 1611 1687 1600 1674 
#ZOMPROPERTIES_04 1609 1561 1559 1558 1556 1590 1664 1597 1671 1555 1665 1598 1666 1596 329 371 446 382 458 392 465 47
#ZOMPROPERTIES_04 0 471 386 336 384 333 375 449 365 330 366 372 440 439 445 376 457 380 387 462 334 331 441 373 1204 1
#ZOMPROPERTIES_04 241 1320 1251 1332 1262 1345 1340 1267 1333 1257 1255 1346 1261 1337 1250 1324 1259 1211 1209 1208 1
#ZOMPROPERTIES_04 206 1240 1314 1247 1321 1205 1315 1248 1316 1246 } } } BBoxUV box3d 0 0 0 0 0 0 BBox3D box3d 0 0 0 0
#ZOMPROPERTIES_04  0 0 Area3D double 0 AreaUV double 0 IsRoot bool true Properties table {Selected bool false Box box3
#ZOMPROPERTIES_04 d 0 1 0 1 0 1 U int 0 V int 0 NU int 1 NV int 1 Tiling vector3d 1 1 1 TileRatioMode string "1:1" Ove
#ZOMPROPERTIES_04 rflow string "Off" Pack table {Rotate table {Mode int 0 Min double 0 Max double 90 Step double 0 } P
#ZOMPROPERTIES_04 addingSize double 0.0078125 MarginSize double 0.00390625 Resolution int 256 MapResolution int 2048 S
#ZOMPROPERTIES_04 caling table {TexelDensity double 1024 Mode int 2 } LayoutScalingMode int 2 MaxMutations int 1 } } I
#ZOMPROPERTIES_04 sTile bool false PolyIDs ints { } } Maps table {Density table {PrimType string "Polygon" Size int 1 
#ZOMPROPERTIES_04 DefaultValue double 1 ScaleType string "Log" MergeMode string "Average" MinValue double 0.1 MaxValue
#ZOMPROPERTIES_04  double 4 Data doubles { r 1904 1 } } Pin table {PrimType string "Vertex" Size int 1 DefaultValue do
#ZOMPROPERTIES_04 uble 0 ScaleType string "Normalized" MergeMode string "Max" MinValue double 0 MaxValue double 1 Data
#ZOMPROPERTIES_04  doubles { r 2679 0 } } Protect table {PrimType string "Vertex" Size int 1 DefaultValue double 0 Sca
#ZOMPROPERTIES_04 leType string "Normalized" MergeMode string "Average" MinValue double -1 MaxValue double 1 Data doub
#ZOMPROPERTIES_04 les { r 2679 0 } } } } }
#ZOMPROPERTIES_04}


#ZOMSCENE_01{
#ZOMSCENE_01 CScene {Settings table {AxisSystem table {UpVector string "y" } Unit string "cm" TexelDensityDisplay
#ZOMSCENE_01 Unit string "tx/cm" } }
#ZOMSCENE_01}

#begin 0 fatal error vertex (that RizomUV cannot handle)
#end 0 fatal error vertex (that RizomUV cannot handle)

#begin 0 error vertex
#end 0 error vertex
