#File written by RizomUV 2022.1.57.gfabcfb8. Compilation :Sep 28 2022,23:52:22
mtllib 22 Exterior.mtl
#begin vertices
v -59.26585 -0.068883 51.97879
v -59.25862 -0.068883 50.66515
v -59.25862 2.830001 50.66515
v -59.26585 2.830001 51.97879
v -59.25862 2.760299 50.66515
v -59.26585 2.760299 51.97879
v -59.26555 -0.068883 51.9237
v -59.25892 -0.068883 50.72025
v -59.31402 2.830001 51.92342
v -59.3074 2.830001 50.71998
v -59.30867 2.760299 51.97856
v -59.3143 2.760299 51.97287
v -59.30713 -0.068883 50.67054
v -59.30144 -0.068883 50.66491
v -59.30144 2.760299 50.66491
v -59.30713 2.760299 50.67054
v -59.25895 2.760299 50.72591
v -59.25892 2.754643 50.72025
v -59.26555 2.754643 51.92369
v -59.26551 2.760299 51.91804
v -59.3143 2.830001 51.97287
v -59.30867 2.830001 51.97856
v -59.30144 2.830001 50.66491
v -59.30713 2.830001 50.67054
v -59.30867 -0.068883 51.97856
v -59.3143 -0.068883 51.97287
v -59.30178 2.760299 50.72567
v -59.30737 2.765955 50.71433
v -59.30175 2.754643 50.72001
v -59.30837 2.754643 51.92346
v -59.31406 2.765955 51.92908
v -59.30834 2.760299 51.9178
v -59.31405 -0.068883 51.92908
v -59.30837 -0.068883 51.92346
v -59.30175 -0.068883 50.72001
v -59.30737 -0.068883 50.71433
v -59.29151 -0.068883 51.9237
v -59.28489 -0.068883 50.72025
v -59.28489 2.760299 50.72025
v -59.29151 2.760299 51.9237
v -56.11484 -1.362499 47.63703
v -56.11484 3.515851 47.63703
v -55.80689 -1.362499 47.65216
v -55.80689 3.515851 47.65216
v -55.50189 -1.362499 47.6974
v -55.50189 3.515851 47.6974
v -55.2028 -1.362499 47.77232
v -55.2028 3.515851 47.77232
v -54.91249 -1.362499 47.87619
v -54.91249 3.515851 47.87619
v -54.63377 -1.362499 48.00802
v -54.63377 3.515851 48.00802
v -54.3693 -1.362499 48.16653
v -54.3693 3.515851 48.16653
v -54.12165 -1.362499 48.3502
v -54.12165 3.515851 48.3502
v -53.89319 -1.362499 48.55727
v -53.89319 3.515851 48.55727
v -53.68613 -1.362499 48.78572
v -53.68613 3.515851 48.78572
v -53.50246 -1.362499 49.03338
v -53.50246 3.515851 49.03338
v -53.34395 -1.362499 49.29784
v -53.34395 3.515851 49.29784
v -53.21212 -1.362499 49.57657
v -53.21212 3.515851 49.57657
v -53.10825 -1.362499 49.86688
v -53.10825 3.515851 49.86688
v -53.03333 -1.362499 50.16597
v -53.03333 3.515851 50.16597
v -52.98809 -1.362499 50.47096
v -52.98809 3.515851 50.47096
v -52.97296 -1.362499 52.34987
v -52.97296 3.515851 52.34987
v -59.2416 -1.362499 52.34987
v -59.25673 3.515851 52.34987
v -59.2416 -1.362499 50.47096
v -59.2416 3.515851 50.47096
v -59.19635 -1.362499 50.16597
v -59.19635 3.515851 50.16597
v -59.12144 -1.362499 49.86688
v -59.12144 3.515851 49.86688
v -59.01756 -1.362499 49.57657
v -59.01756 3.515851 49.57657
v -58.88573 -1.362499 49.29784
v -58.88573 3.515851 49.29784
v -58.72722 -1.362499 49.03338
v -58.72722 3.515851 49.03338
v -58.54355 -1.362499 48.78572
v -58.54355 3.515851 48.78572
v -58.33649 -1.362499 48.55727
v -58.33649 3.515851 48.55727
v -58.10803 -1.362499 48.3502
v -58.10803 3.515851 48.3502
v -57.86038 -1.362499 48.16653
v -57.86038 3.515851 48.16653
v -57.59592 -1.362499 48.00802
v -57.59592 3.515851 48.00802
v -57.31719 -1.362499 47.87619
v -57.31719 3.515851 47.87619
v -57.02688 -1.362499 47.77232
v -57.02688 3.515851 47.77232
v -56.72779 -1.362499 47.6974
v -56.72779 3.515851 47.6974
v -56.4228 -1.362499 47.65216
v -56.4228 3.515851 47.65216
v -52.97296 1.533876 52.34987
v -59.2416 1.216217 52.34987
v -59.2416 1.533876 52.34987
v -59.2416 3.238651 52.34987
v -52.70036 3.238651 52.34767
v -59.25273 -1.362499 52.34987
v -59.2567 -1.362499 52.34586
v -55.50189 1.212217 47.6974
v -55.50111 1.216217 47.69347
v -55.20164 1.533876 47.76849
v -55.2028 1.537876 47.77232
v -54.36708 1.533876 48.1632
v -54.3693 1.537876 48.16653
v -54.12165 1.212217 48.3502
v -54.11911 1.216217 48.34711
v -53.89036 1.216217 48.55444
v -53.89319 1.212217 48.55727
v -53.89036 1.533876 48.55444
v -53.89319 1.537876 48.55727
v -53.50246 1.212217 49.03338
v -53.49913 1.216217 49.03115
v -53.34042 1.216217 49.29595
v -53.34395 1.212217 49.29784
v -53.34042 1.533876 49.29595
v -53.34395 1.537876 49.29784
v -53.20842 1.533876 49.57503
v -53.21212 1.537876 49.57657
v -53.10825 1.537876 49.86688
v -53.10441 1.533876 49.86571
v -52.98809 1.212217 50.47096
v -52.98409 1.216217 50.47065
v -52.97296 1.212217 52.34987
v -52.96896 1.216217 52.34983
v -59.2567 1.216217 52.34586
v -59.25273 1.216217 52.34987
v -59.25273 1.533876 52.34987
v -59.2567 1.533876 52.34586
v -59.24497 1.533876 50.46641
v -59.24555 1.529876 50.47037
v -59.24191 1.537876 50.47492
v -59.20028 1.533876 50.16518
v -59.19635 1.537876 50.16597
v -59.12144 1.537876 49.86688
v -59.12527 1.533876 49.86571
v -58.88573 1.212217 49.29784
v -58.88927 1.216217 49.29595
v -58.73055 1.533876 49.03115
v -58.72722 1.537876 49.03338
v -58.54355 1.212217 48.78572
v -58.54665 1.216217 48.78318
v -58.54665 1.533876 48.78318
v -58.54355 1.537876 48.78572
v -58.33649 1.537876 48.55727
v -58.33932 1.533876 48.55444
v -58.10803 1.212217 48.3502
v -58.11057 1.216217 48.34711
v -57.86038 1.212217 48.16653
v -57.8626 1.216217 48.1632
v -57.8626 1.533876 48.1632
v -57.86038 1.537876 48.16653
v -57.59592 1.212217 48.00802
v -57.59781 1.216217 48.00449
v -57.31719 1.212217 47.87619
v -57.31872 1.216217 47.87249
v -57.02805 1.216217 47.76849
v -57.02688 1.212217 47.77232
v -56.72857 1.533876 47.69347
v -56.72779 1.537876 47.6974
v -56.4228 1.212217 47.65216
v -56.42319 1.216217 47.64817
v -56.42319 1.533876 47.64817
v -56.4228 1.537876 47.65216
v -56.11484 1.537876 47.63703
v -56.11484 1.533876 47.63303
v -56.11484 1.212217 47.63703
v -56.11484 1.216217 47.63303
v -56.72779 1.212217 47.6974
v -56.72857 1.216217 47.69347
v -57.02688 1.537876 47.77232
v -57.02805 1.533876 47.76849
v -57.31872 1.533876 47.87249
v -57.31719 1.537876 47.87619
v -57.59781 1.533876 48.00449
v -57.59592 1.537876 48.00802
v -58.11057 1.533876 48.34711
v -58.10803 1.537876 48.3502
v -58.33649 1.212217 48.55727
v -58.33932 1.216217 48.55444
v -58.72722 1.212217 49.03338
v -58.73055 1.216217 49.03115
v -58.88573 1.537876 49.29784
v -58.88927 1.533876 49.29595
v -59.02126 1.216217 49.57503
v -59.01756 1.212217 49.57657
v -59.02126 1.533876 49.57503
v -59.01756 1.537876 49.57657
v -59.12144 1.212217 49.86688
v -59.12527 1.216217 49.86571
v -59.19635 1.212217 50.16597
v -59.20028 1.216217 50.16518
v -59.24191 1.212217 50.47492
v -59.24555 1.220217 50.47037
v -59.24497 1.216217 50.46641
v -52.98409 1.533876 50.47065
v -52.98809 1.537876 50.47096
v -52.98805 1.533876 50.47496
v -53.0294 1.216217 50.16518
v -53.03333 1.212217 50.16597
v -53.0294 1.533876 50.16518
v -53.03333 1.537876 50.16597
v -53.10825 1.212217 49.86688
v -53.10441 1.216217 49.86571
v -53.21212 1.212217 49.57657
v -53.20842 1.216217 49.57503
v -53.50246 1.537876 49.03338
v -53.49913 1.533876 49.03115
v -53.68613 1.212217 48.78572
v -53.68304 1.216217 48.78318
v -53.68304 1.533876 48.78318
v -53.68613 1.537876 48.78572
v -54.11911 1.533876 48.34711
v -54.12165 1.537876 48.3502
v -54.36708 1.216217 48.1632
v -54.3693 1.212217 48.16653
v -54.63377 1.212217 48.00802
v -54.63188 1.216217 48.00449
v -54.63377 1.537876 48.00802
v -54.63188 1.533876 48.00449
v -54.91249 1.212217 47.87619
v -54.91096 1.216217 47.87249
v -54.91096 1.533876 47.87249
v -54.91249 1.537876 47.87619
v -55.2028 1.212217 47.77232
v -55.20164 1.216217 47.76849
v -55.50189 1.537876 47.6974
v -55.50111 1.533876 47.69347
v -55.80649 1.216217 47.64817
v -55.80689 1.212217 47.65216
v -55.80649 1.533876 47.64817
v -55.80689 1.537876 47.65216
v -56.4228 3.234651 47.65216
v -56.42319 3.238651 47.64817
v -56.11484 3.238651 47.63303
v -56.11484 3.234651 47.63703
v -55.80649 3.238651 47.64817
v -55.80689 3.234651 47.65216
v -55.50111 3.238651 47.69347
v -55.50189 3.234651 47.6974
v -55.20164 3.238651 47.76849
v -55.2028 3.234651 47.77232
v -54.91096 3.238651 47.87249
v -54.91249 3.234651 47.87619
v -54.63188 3.238651 48.00449
v -54.63377 3.234651 48.00802
v -54.36708 3.238651 48.1632
v -54.3693 3.234651 48.16653
v -54.11911 3.238651 48.34711
v -54.12165 3.234651 48.3502
v -53.89036 3.238651 48.55444
v -53.89319 3.234651 48.55727
v -53.68304 3.238651 48.78318
v -53.68613 3.234651 48.78572
v -53.49913 3.238651 49.03115
v -53.50246 3.234651 49.03338
v -53.34042 3.238651 49.29595
v -53.34395 3.234651 49.29784
v -53.20842 3.238651 49.57503
v -53.21212 3.234651 49.57657
v -53.10441 3.238651 49.86571
v -53.10825 3.234651 49.86688
v -53.0294 3.238651 50.16518
v -53.03333 3.234651 50.16597
v -52.98809 3.234651 50.47096
v -52.98409 3.238651 50.47065
v -59.2567 3.234651 52.34586
v -59.25673 3.238651 52.34987
v -59.24559 3.238651 50.47065
v -59.2416 3.234651 50.47096
v -59.20028 3.238651 50.16518
v -59.19635 3.234651 50.16597
v -59.12527 3.238651 49.86571
v -59.12144 3.234651 49.86688
v -59.02126 3.238651 49.57503
v -59.01756 3.234651 49.57657
v -58.88927 3.238651 49.29595
v -58.88573 3.234651 49.29784
v -58.73055 3.238651 49.03115
v -58.72722 3.234651 49.03338
v -58.54665 3.238651 48.78318
v -58.54355 3.234651 48.78572
v -58.33932 3.238651 48.55444
v -58.33649 3.234651 48.55727
v -58.11057 3.238651 48.34711
v -58.10803 3.234651 48.3502
v -57.8626 3.238651 48.1632
v -57.86038 3.234651 48.16653
v -57.59781 3.238651 48.00449
v -57.59592 3.234651 48.00802
v -57.31872 3.238651 47.87249
v -57.31719 3.234651 47.87619
v -57.02805 3.238651 47.76849
v -57.02688 3.234651 47.77232
v -56.72857 3.238651 47.69347
v -56.72779 3.234651 47.6974
v -55.78052 3.515851 47.38452
v -55.78013 3.511851 47.38054
v -56.11484 3.511851 47.3641
v -56.11484 3.515851 47.3681
v -55.44942 3.515851 47.43364
v -55.44864 3.511851 47.42971
v -55.12473 3.515851 47.51497
v -55.12357 3.511851 47.51114
v -54.80958 3.515851 47.62774
v -54.80805 3.511851 47.62403
v -54.507 3.515851 47.77084
v -54.50511 3.511851 47.76732
v -54.21989 3.515851 47.94293
v -54.21767 3.511851 47.9396
v -53.95104 3.515851 48.14232
v -53.9485 3.511851 48.13923
v -53.70303 3.515851 48.3671
v -53.7002 3.511851 48.36427
v -53.47825 3.515851 48.61512
v -53.47515 3.511851 48.61258
v -53.27885 3.515851 48.88397
v -53.27552 3.511851 48.88174
v -53.10677 3.515851 49.17107
v -53.10324 3.511851 49.16918
v -52.96366 3.515851 49.47365
v -52.95996 3.511851 49.47212
v -52.8509 3.515851 49.78881
v -52.84706 3.511851 49.78765
v -52.76957 3.515851 50.1135
v -52.76564 3.511851 50.11272
v -52.71964 3.515851 50.45007
v -52.71564 3.511851 50.44976
v -52.70036 3.511851 52.34767
v -52.70436 3.515851 52.3477
v -59.51004 3.515851 50.45007
v -59.51404 3.511851 50.44976
v -59.52532 3.515851 52.3477
v -59.52932 3.511851 52.34767
v -59.46012 3.515851 50.1135
v -59.46405 3.511851 50.11272
v -59.37879 3.515851 49.78881
v -59.38262 3.511851 49.78765
v -59.26602 3.515851 49.47365
v -59.26972 3.511851 49.47212
v -59.12291 3.515851 49.17107
v -59.12644 3.511851 49.16918
v -58.95083 3.515851 48.88397
v -58.95416 3.511851 48.88174
v -58.75144 3.515851 48.61512
v -58.75453 3.511851 48.61258
v -58.52665 3.515851 48.3671
v -58.52948 3.511851 48.36427
v -58.27864 3.515851 48.14232
v -58.28118 3.511851 48.13923
v -58.00979 3.515851 47.94293
v -58.01201 3.511851 47.9396
v -57.72269 3.515851 47.77084
v -57.72458 3.511851 47.76732
v -57.4201 3.515851 47.62774
v -57.42164 3.511851 47.62403
v -57.10495 3.515851 47.51497
v -57.10611 3.511851 47.51114
v -56.78026 3.515851 47.43364
v -56.78104 3.511851 47.42971
v -56.44916 3.515851 47.38452
v -56.44955 3.511851 47.38054
v -56.44916 3.238651 47.38452
v -56.44955 3.242651 47.38054
v -56.44916 1.216217 47.38452
v -56.44955 1.220217 47.38054
v -56.44955 1.529876 47.38054
v -56.44916 1.533876 47.38452
v -56.11484 1.533876 47.3681
v -56.11484 1.529876 47.3641
v -56.11484 1.220217 47.3641
v -56.11484 1.216217 47.3681
v -56.78026 1.216217 47.43364
v -56.78104 1.220217 47.42971
v -56.78104 1.529876 47.42971
v -56.78026 1.533876 47.43364
v -57.10495 1.216217 47.51497
v -57.10611 1.220217 47.51114
v -57.10611 1.529876 47.51114
v -57.10495 1.533876 47.51497
v -57.4201 1.216217 47.62774
v -57.42164 1.220217 47.62403
v -57.42164 1.529876 47.62403
v -57.4201 1.533876 47.62774
v -57.72269 1.216217 47.77084
v -57.72458 1.220217 47.76732
v -57.72458 1.529876 47.76732
v -57.72269 1.533876 47.77084
v -58.00979 1.216217 47.94293
v -58.01201 1.220217 47.9396
v -58.01201 1.529876 47.9396
v -58.00979 1.533876 47.94293
v -58.27864 1.216217 48.14232
v -58.28118 1.220217 48.13923
v -58.28118 1.529876 48.13923
v -58.27864 1.533876 48.14232
v -58.52665 1.216217 48.3671
v -58.52948 1.220217 48.36427
v -58.52948 1.529876 48.36427
v -58.52665 1.533876 48.3671
v -58.75144 1.216217 48.61512
v -58.75453 1.220217 48.61258
v -58.75453 1.529876 48.61258
v -58.75144 1.533876 48.61512
v -58.95083 1.216217 48.88397
v -58.95416 1.220217 48.88174
v -58.95416 1.529876 48.88174
v -58.95083 1.533876 48.88397
v -59.12291 1.216217 49.17107
v -59.12644 1.220217 49.16918
v -59.12644 1.529876 49.16918
v -59.12291 1.533876 49.17107
v -59.26602 1.216217 49.47365
v -59.26972 1.220217 49.47212
v -59.26972 1.529876 49.47212
v -59.26602 1.533876 49.47365
v -59.37879 1.216217 49.78881
v -59.38262 1.220217 49.78765
v -59.38262 1.529876 49.78765
v -59.37879 1.533876 49.78881
v -59.46012 1.216217 50.1135
v -59.46405 1.220217 50.11272
v -59.46405 1.529876 50.11272
v -59.46012 1.533876 50.1135
v -59.5073 1.220217 50.43154
v -59.51067 1.220217 50.427
v -59.50671 1.216217 50.42759
v -59.5073 1.529876 50.43154
v -59.50671 1.533876 50.42759
v -59.51067 1.529876 50.427
v -52.70436 1.216217 52.3477
v -52.70036 1.220217 52.34767
v -52.70036 1.529876 52.34767
v -52.70436 1.533876 52.3477
v -52.71964 1.216217 50.45007
v -52.71564 1.220217 50.44976
v -52.71564 1.529876 50.44976
v -52.71964 1.533876 50.45007
v -52.76957 1.216217 50.1135
v -52.76564 1.220217 50.11272
v -52.76564 1.529876 50.11272
v -52.76957 1.533876 50.1135
v -52.8509 1.216217 49.78881
v -52.84706 1.220217 49.78765
v -52.84706 1.529876 49.78765
v -52.8509 1.533876 49.78881
v -52.96366 1.216217 49.47365
v -52.95996 1.220217 49.47212
v -52.95996 1.529876 49.47212
v -52.96366 1.533876 49.47365
v -53.10677 1.216217 49.17107
v -53.10324 1.220217 49.16918
v -53.10324 1.529876 49.16918
v -53.10677 1.533876 49.17107
v -53.27885 1.216217 48.88397
v -53.27552 1.220217 48.88174
v -53.27552 1.529876 48.88174
v -53.27885 1.533876 48.88397
v -53.47825 1.216217 48.61512
v -53.47515 1.220217 48.61258
v -53.47515 1.529876 48.61258
v -53.47825 1.533876 48.61512
v -53.70303 1.216217 48.3671
v -53.7002 1.220217 48.36427
v -53.7002 1.529876 48.36427
v -53.70303 1.533876 48.3671
v -53.95104 1.216217 48.14232
v -53.9485 1.220217 48.13923
v -53.9485 1.529876 48.13923
v -53.95104 1.533876 48.14232
v -54.21989 1.216217 47.94293
v -54.21767 1.220217 47.9396
v -54.21767 1.529876 47.9396
v -54.21989 1.533876 47.94293
v -54.507 1.216217 47.77084
v -54.50511 1.220217 47.76732
v -54.50511 1.529876 47.76732
v -54.507 1.533876 47.77084
v -54.80958 1.216217 47.62774
v -54.80805 1.220217 47.62403
v -54.80805 1.529876 47.62403
v -54.80958 1.533876 47.62774
v -55.12473 1.216217 47.51497
v -55.12357 1.220217 47.51114
v -55.12357 1.529876 47.51114
v -55.12473 1.533876 47.51497
v -55.44942 1.216217 47.43364
v -55.44864 1.220217 47.42971
v -55.44864 1.529876 47.42971
v -55.44942 1.533876 47.43364
v -55.78052 1.216217 47.38452
v -55.78013 1.220217 47.38054
v -55.78013 1.529876 47.38054
v -55.78052 1.533876 47.38452
v -56.11484 3.242651 47.3641
v -56.11484 3.238651 47.3681
v -55.78013 3.242651 47.38054
v -55.78052 3.238651 47.38452
v -55.44864 3.242651 47.42971
v -55.44942 3.238651 47.43364
v -55.12357 3.242651 47.51114
v -55.12473 3.238651 47.51497
v -54.80805 3.242651 47.62403
v -54.80958 3.238651 47.62774
v -54.50511 3.242651 47.76732
v -54.507 3.238651 47.77084
v -54.21767 3.242651 47.9396
v -54.21989 3.238651 47.94293
v -53.9485 3.242651 48.13923
v -53.95104 3.238651 48.14232
v -53.7002 3.242651 48.36427
v -53.70303 3.238651 48.3671
v -53.47515 3.242651 48.61258
v -53.47825 3.238651 48.61512
v -53.27552 3.242651 48.88174
v -53.27885 3.238651 48.88397
v -53.10324 3.242651 49.16918
v -53.10677 3.238651 49.17107
v -52.95996 3.242651 49.47212
v -52.96366 3.238651 49.47365
v -52.84706 3.242651 49.78765
v -52.8509 3.238651 49.78881
v -52.76564 3.242651 50.11272
v -52.76957 3.238651 50.1135
v -52.71964 3.238651 50.45007
v -52.71564 3.242651 50.44976
v -52.71561 3.238651 50.45376
v -59.52932 3.242651 52.34767
v -59.52532 3.238651 52.3477
v -59.51404 3.242651 50.44976
v -59.51004 3.238651 50.45007
v -59.46405 3.242651 50.11272
v -59.46012 3.238651 50.1135
v -59.38262 3.242651 49.78765
v -59.37879 3.238651 49.78881
v -59.26972 3.242651 49.47212
v -59.26602 3.238651 49.47365
v -59.12644 3.242651 49.16918
v -59.12291 3.238651 49.17107
v -58.95416 3.242651 48.88174
v -58.95083 3.238651 48.88397
v -58.75453 3.242651 48.61258
v -58.75144 3.238651 48.61512
v -58.52948 3.242651 48.36427
v -58.52665 3.238651 48.3671
v -58.28118 3.242651 48.13923
v -58.27864 3.238651 48.14232
v -58.01201 3.242651 47.9396
v -58.00979 3.238651 47.94293
v -57.72458 3.242651 47.76732
v -57.72269 3.238651 47.77084
v -57.42164 3.242651 47.62403
v -57.4201 3.238651 47.62774
v -57.10611 3.242651 47.51114
v -57.10495 3.238651 47.51497
v -56.78104 3.242651 47.42971
v -56.78026 3.238651 47.43364
v -56.01397 1.483119 47.64199
v -55.90775 1.483119 47.6472
v -56.01397 3.313267 47.64199
v -55.90775 3.313267 47.6472
v -54.54715 1.483119 48.05994
v -54.45593 1.483119 48.11462
v -54.54715 3.313267 48.05994
v -54.45593 3.313267 48.11462
v -53.45054 1.483119 49.12
v -53.39587 1.483119 49.21122
v -53.45054 3.313267 49.12
v -53.39587 3.313267 49.21122
v -59.22678 1.483119 50.37106
v -59.21117 1.483119 50.26586
v -59.22678 3.313267 50.37106
v -59.21117 3.313267 50.26586
v -58.66707 1.483119 48.95226
v -58.60371 1.483119 48.86684
v -58.66707 3.313267 48.95226
v -58.60371 3.313267 48.86684
v -57.50462 1.483119 47.96484
v -57.40848 1.483119 47.91937
v -57.50462 3.313267 47.96484
v -57.40848 3.313267 47.91937
v -56.01297 1.483119 47.62151
v -56.00878 1.483119 47.61771
v -55.91054 1.483119 47.62253
v -55.90675 1.483119 47.62672
v -56.00878 3.313267 47.61771
v -56.01297 3.313267 47.62151
v -55.90675 3.313267 47.62672
v -55.91054 3.313267 47.62253
v -54.5366 1.483119 48.04235
v -54.53112 1.483119 48.04098
v -54.44676 1.483119 48.09154
v -54.44539 1.483119 48.09703
v -54.53112 3.313267 48.04098
v -54.5366 3.313267 48.04235
v -54.44539 3.313267 48.09703
v -54.44676 3.313267 48.09154
v -53.43295 1.483119 49.10946
v -53.42746 1.483119 49.11083
v -53.3769 1.483119 49.19519
v -53.37828 1.483119 49.20068
v -53.42746 3.313267 49.11083
v -53.43295 3.313267 49.10946
v -53.37828 3.313267 49.20068
v -53.3769 3.313267 49.19519
v -59.24706 1.483119 50.36805
v -59.25044 1.483119 50.36351
v -59.236 1.483119 50.26622
v -59.23146 1.483119 50.26285
v -59.25044 3.313267 50.36351
v -59.24706 3.313267 50.36805
v -59.23146 3.313267 50.26285
v -59.236 3.313267 50.26622
v -58.68353 1.483119 48.94005
v -58.68436 1.483119 48.93445
v -58.62578 1.483119 48.85545
v -58.62018 1.483119 48.85463
v -58.68436 3.313267 48.93445
v -58.68353 3.313267 48.94005
v -58.62018 3.313267 48.85463
v -58.62578 3.313267 48.85545
v -57.51339 1.483119 47.9463
v -57.51148 1.483119 47.94098
v -57.42258 1.483119 47.89893
v -57.41725 1.483119 47.90083
v -57.51148 3.313267 47.94098
v -57.51339 3.313267 47.9463
v -57.41725 3.313267 47.90083
v -57.42258 3.313267 47.89893
v -65.33309 -0.0535 71.56311
v -61.77782 -0.0535 71.56311
v -65.32909 0.037291 71.56311
v -65.33309 0.033291 71.56311
v -61.77782 0.033291 71.56311
v -61.78182 0.037291 71.56311
v -65.33309 0.033291 53.82433
v -65.32909 0.037291 53.82433
v -65.32909 0.033291 53.82034
v -61.77782 0.033291 53.82433
v -61.78182 0.033291 53.82034
v -61.78182 0.037291 53.82433
v -65.33309 -0.0535 53.82433
v -65.32909 -0.0535 53.82034
v -61.78182 -0.0535 53.82034
v -61.77782 -0.0535 53.82433
v -69.67625 -1.03269 52.80026
v -69.67625 0.96731 52.80026
v -64.53424 -1.03269 52.80026
v -64.53424 0.96731 52.80026
v -69.05808 -1.03269 52.06234
v -65.15241 -1.03269 52.06234
v -69.67625 -1.03269 52.06734
v -69.67125 -1.03269 52.06234
v -69.67625 0.96731 52.06734
v -69.67125 0.96731 52.06234
v -64.53925 -1.03269 52.06234
v -64.53424 -1.03269 52.06734
v -64.53925 0.96731 52.06234
v -64.53424 0.96731 52.06734
v -64.53424 2.3013 52.80026
v -64.53925 2.3063 52.80026
v -64.53925 2.3063 52.06734
v -64.53424 2.3013 52.06734
v -64.53925 2.3013 52.06234
v -69.67125 2.823799 52.06234
v -69.67625 2.823799 52.06734
v -69.67125 2.828799 52.06734
v -69.67125 2.828799 52.80026
v -69.67625 2.823799 52.80026
v -65.15741 0.96731 52.06734
v -65.15241 0.97231 52.06734
v -65.14741 0.96231 52.06234
v -69.05808 0.97231 52.06734
v -69.05308 0.96731 52.06734
v -69.06308 0.96231 52.06234
v -69.05308 0.96731 52.80026
v -69.05808 0.97231 52.80026
v -65.15241 0.97231 52.80026
v -65.15741 0.96731 52.80026
v -69.06308 2.823799 52.06234
v -69.06308 2.828799 52.06734
v -69.05808 2.823799 52.06734
v -69.05808 2.823799 52.80026
v -69.06308 2.828799 52.80026
v -65.14741 2.3063 52.80026
v -65.15241 2.3013 52.80026
v -65.15241 2.3013 52.06734
v -65.14741 2.3063 52.06734
v -65.14741 2.3013 52.06234
v -62.58777 0.96731 52.80026
v -59.06176 -1.03269 52.80026
v -61.9696 -1.03269 52.80026
v -59.06176 0.96731 52.80026
v -62.58777 -1.02769 52.80026
v -62.58277 -1.03269 52.80026
v -62.58277 -1.03269 52.06734
v -62.58777 -1.02769 52.06734
v -62.58277 -1.02769 52.06234
v -62.58777 0.96731 52.06734
v -62.58277 0.96731 52.06234
v -62.58277 2.3013 52.06234
v -62.58777 2.3013 52.06734
v -62.58277 2.3063 52.06734
v -62.58277 2.3063 52.80026
v -62.58777 2.3013 52.80026
v -61.9696 -1.03269 52.06734
v -61.9696 -1.02769 52.06234
v -59.06176 -1.03269 52.06734
v -59.06176 -1.02769 52.06234
v -59.06176 0.96231 52.06234
v -59.06176 0.96731 52.06734
v -61.9696 0.97231 52.06734
v -61.9646 0.96731 52.06734
v -61.9746 0.96231 52.06234
v -61.9646 0.96731 52.80026
v -61.9696 0.97231 52.80026
v -61.9746 2.3013 52.06234
v -61.9746 2.3063 52.06734
v -61.9696 2.3013 52.06734
v -61.9696 2.3013 52.80026
v -61.9746 2.3063 52.80026
v -69.27611 0.589002 52.45329
v -64.93437 0.589002 52.45329
v -69.27611 2.589002 52.45329
v -64.93437 2.589002 52.45329
v -62.30408 0.589002 52.45329
v -59.18717 0.589002 52.45329
v -62.30408 2.589002 52.45329
v -59.18717 2.589002 52.45329
v -52.50966 -0.24438 51.26553
v -52.50966 3.617109 51.26553
v -51.89149 -0.24438 51.26553
v -51.89149 3.617109 51.26553
v -52.50966 -0.24438 50.5326
v -52.50465 -0.24438 50.5276
v -52.50465 3.617109 50.5276
v -52.50966 3.617109 50.5326
v -51.89649 -0.24438 50.5276
v -51.89149 -0.24438 50.5326
v -51.89149 3.617109 50.5326
v -51.89649 3.617109 50.5276
v -43.90805 -0.24438 51.26553
v -43.90805 3.617109 51.26553
v -43.28989 -0.24438 51.26553
v -43.28989 3.617109 51.26553
v -43.90805 -0.24438 50.5326
v -43.90305 -0.24438 50.5276
v -43.90305 3.617109 50.5276
v -43.90805 3.617109 50.5326
v -43.29489 -0.24438 50.5276
v -43.28989 -0.24438 50.5326
v -43.28989 3.617109 50.5326
v -43.29489 3.617109 50.5276
v -52.20774 -0.022411 50.9411
v -43.59181 -0.022411 50.9411
v -52.20774 3.441311 50.9411
v -43.59181 3.441311 50.9411
v -52.25002 -0.0317 50.66494
v -52.25002 -0.0317 56.43575
v -43.54952 -0.0317 56.43575
v -43.54952 -0.0317 50.66494
v -52.15392 -0.0317 57.67641
v -43.52786 -0.0317 56.54077
v -51.8967 -0.0317 58.89391
v -43.49266 -0.0317 56.64206
v -51.48277 -0.0317 60.06743
v -43.44455 -0.0317 56.73789
v -50.9192 -0.0317 61.17687
v -43.38435 -0.0317 56.82662
v -50.21565 -0.0317 62.20326
v -43.31307 -0.0317 56.90673
v -49.38414 -0.0317 63.12904
v -43.23195 -0.0317 56.97686
v -48.4389 -0.0317 63.93837
v -43.14237 -0.0317 57.03579
v -47.39612 -0.0317 64.61739
v -43.04587 -0.0317 57.08253
v -46.27362 -0.0317 65.15449
v -42.94408 -0.0317 57.11628
v -45.09063 -0.0317 65.54049
v -42.83877 -0.0317 57.13644
v -43.86737 -0.0317 65.76877
v -42.73172 -0.0317 57.14269
v -42.62478 -0.0317 65.83543
v -42.62478 -0.0317 57.13492
v -40.42486 -0.0317 65.83543
v -40.42486 -0.0317 57.13492
v -40.26227 -0.0317 65.84609
v -39.12662 -0.0317 57.22001
v -40.10246 -0.0317 65.87787
v -37.8506 -0.0317 57.47383
v -39.94817 -0.0317 65.93025
v -36.61863 -0.0317 57.89203
v -39.80203 -0.0317 66.00232
v -35.45178 -0.0317 58.46746
v -39.66655 -0.0317 66.09284
v -34.37002 -0.0317 59.19027
v -39.54405 -0.0317 66.20028
v -33.39186 -0.0317 60.04809
v -39.43662 -0.0317 66.32278
v -32.53404 -0.0317 61.02625
v -39.34609 -0.0317 66.45827
v -31.81123 -0.0317 62.10801
v -39.27403 -0.0317 66.6044
v -31.23581 -0.0317 63.27486
v -39.22165 -0.0317 66.7587
v -30.81761 -0.0317 64.50684
v -39.18986 -0.0317 66.91851
v -30.56379 -0.0317 65.78287
v -39.17921 -0.0317 67.0811
v -30.4787 -0.0317 67.0811
v -39.17921 -0.0317 76.75711
v -30.47871 -0.0317 76.75711
v -52.24558 0.059091 56.43575
v -52.25002 0.054676 56.43575
v -43.54952 0.054676 56.43575
v -43.55419 0.059091 56.43575
v -52.25002 0.054676 50.66494
v -52.24558 0.059091 50.66935
v -43.55418 0.059091 50.66935
v -43.54952 0.054676 50.66494
v -52.14952 0.059091 57.67583
v -52.15392 0.054676 57.67641
v -43.52786 0.054676 56.54077
v -43.53243 0.059091 56.54137
v -51.89242 0.059091 58.89276
v -51.8967 0.054676 58.89391
v -43.49266 0.054676 56.64206
v -43.49707 0.059091 56.64324
v -51.47868 0.059091 60.06573
v -51.48277 0.054676 60.06743
v -43.44455 0.054676 56.73789
v -43.44874 0.059091 56.73962
v -50.91537 0.059091 61.17466
v -50.9192 0.054676 61.17687
v -43.38435 0.054676 56.82662
v -43.38825 0.059091 56.82887
v -50.21214 0.059091 62.20057
v -50.21565 0.054676 62.20326
v -43.31307 0.054676 56.90673
v -43.31663 0.059091 56.90946
v -49.38101 0.059091 63.12591
v -49.38414 0.054676 63.12904
v -43.23195 0.054676 56.97686
v -43.23511 0.059091 56.98001
v -48.43621 0.059091 63.93486
v -48.4389 0.054676 63.93837
v -43.14237 0.054676 57.03579
v -43.14508 0.059091 57.03931
v -47.39391 0.059091 64.61356
v -47.39612 0.054676 64.61739
v -43.04587 0.054676 57.08253
v -43.04808 0.059091 57.08636
v -46.27193 0.059091 65.15041
v -46.27362 0.054676 65.15449
v -42.94408 0.054676 57.11628
v -42.94577 0.059091 57.12034
v -45.08949 0.059091 65.53622
v -45.09063 0.054676 65.54049
v -42.83877 0.054676 57.13644
v -42.83991 0.059091 57.14067
v -43.8668 0.059091 65.76439
v -43.86737 0.054676 65.76877
v -42.73172 0.054676 57.14269
v -42.73229 0.059091 57.147
v -42.62478 0.059091 65.83102
v -42.62478 0.054676 65.83543
v -42.62478 0.054676 57.13492
v -42.62478 0.059091 57.13922
v -40.42486 0.059091 65.83101
v -40.42486 0.054676 65.83543
v -40.42486 0.054676 57.13492
v -40.42486 0.059091 57.13925
v -40.2617 0.059091 65.84171
v -40.26227 0.054676 65.84609
v -39.12662 0.054676 57.22001
v -39.12719 0.059091 57.22433
v -40.10132 0.059091 65.8736
v -40.10246 0.054676 65.87787
v -37.8506 0.054676 57.47383
v -37.85173 0.059091 57.47805
v -39.94648 0.059091 65.92616
v -39.94817 0.054676 65.93025
v -36.61863 0.054676 57.89203
v -36.6203 0.059091 57.89608
v -39.79982 0.059091 65.99849
v -39.80203 0.054676 66.00232
v -35.45178 0.054676 58.46746
v -35.45398 0.059091 58.47126
v -39.66386 0.059091 66.08933
v -39.66655 0.054676 66.09284
v -34.37002 0.054676 59.19027
v -34.3727 0.059091 59.19376
v -39.54092 0.059091 66.19715
v -39.54405 0.054676 66.20028
v -33.39186 0.054676 60.04809
v -33.39498 0.059091 60.05121
v -39.4331 0.059091 66.32009
v -39.43662 0.054676 66.32278
v -32.53404 0.054676 61.02625
v -32.53754 0.059091 61.02894
v -39.34226 0.059091 66.45606
v -39.34609 0.054676 66.45827
v -31.81123 0.054676 62.10801
v -31.81505 0.059091 62.11022
v -39.26994 0.059091 66.60272
v -39.27403 0.054676 66.6044
v -31.23581 0.054676 63.27486
v -31.23989 0.059091 63.27655
v -39.21738 0.059091 66.75755
v -39.22165 0.054676 66.7587
v -30.81761 0.054676 64.50684
v -30.82187 0.059091 64.50798
v -39.18548 0.059091 66.91793
v -39.18986 0.054676 66.91851
v -30.56379 0.054676 65.78287
v -30.56817 0.059091 65.78344
v -39.17479 0.059091 67.0811
v -39.17921 0.054676 67.0811
v -30.4787 0.054676 67.0811
v -30.48312 0.059091 67.0811
v -39.17921 0.059091 108.1294
v -39.17479 0.059091 108.1338
v -30.48312 0.059091 108.1338
v -30.47871 0.059078 108.1294
v -72.05933 -0.167295 62.55638
v -69.78127 -0.167295 66.04953
v -72.05933 0.878001 66.04953
v -71.87918 0.869001 65.86039
v -71.88818 0.878001 65.87839
v -71.87018 0.869001 65.86938
v -71.87918 0.869001 62.74552
v -71.87018 0.869001 62.73652
v -71.88818 0.878001 62.72752
v -69.96141 0.869001 65.86039
v -69.97041 0.869001 65.86938
v -69.95242 0.878001 65.87839
v -69.79027 -0.167295 62.55638
v -69.78127 -0.167295 62.56538
v -69.97041 0.869001 62.73652
v -69.96141 0.869001 62.74552
v -69.95242 0.878001 62.72752
v -72.05032 0.878001 62.56538
v -72.05933 0.869001 62.55638
v -72.05933 0.878001 62.56538
v -69.79027 0.878001 62.56538
v -69.78127 0.869001 62.56538
v -69.79027 0.869001 62.55638
v -69.78127 0.869001 66.04953
v -69.79027 0.878001 66.04054
v -69.79027 0.878001 66.04953
v -71.87918 0.795344 65.86039
v -71.87018 0.795344 65.86938
v -71.87018 0.786344 65.86039
v -71.87918 0.795344 62.74552
v -71.87018 0.786344 62.74552
v -71.87018 0.795344 62.73652
v -69.97041 0.795344 62.73652
v -69.97041 0.786344 62.74552
v -69.96141 0.795344 62.74552
v -69.96141 0.795344 65.86039
v -69.97041 0.786344 65.86039
v -69.97041 0.795344 65.86938
v -72.05933 -0.167295 57.13199
v -69.78127 -0.167295 60.62514
v -72.05933 0.878001 60.62514
v -71.87918 0.869001 60.436
v -71.88818 0.878001 60.45399
v -71.87018 0.869001 60.445
v -71.87918 0.869001 57.32113
v -71.87018 0.869001 57.31213
v -71.88818 0.878001 57.30313
v -69.96141 0.869001 60.436
v -69.97041 0.869001 60.445
v -69.95242 0.878001 60.45399
v -69.79027 -0.167295 57.13199
v -69.78127 -0.167295 57.14098
v -69.97041 0.869001 57.31213
v -69.96141 0.869001 57.32113
v -69.95242 0.878001 57.30313
v -72.05032 0.878001 57.14098
v -72.05933 0.869001 57.13199
v -72.05933 0.878001 57.14098
v -69.79027 0.878001 57.14098
v -69.78127 0.869001 57.14098
v -69.79027 0.869001 57.13199
v -69.78127 0.869001 60.62514
v -69.79027 0.878001 60.61614
v -69.79027 0.878001 60.62514
v -71.87918 0.795344 60.436
v -71.87018 0.795344 60.445
v -71.87018 0.786344 60.436
v -71.87918 0.795344 57.32113
v -71.87018 0.786344 57.32113
v -71.87018 0.795344 57.31213
v -69.97041 0.795344 57.31213
v -69.97041 0.786344 57.32113
v -69.96141 0.795344 57.32113
v -69.96141 0.795344 60.436
v -69.97041 0.786344 60.436
v -69.97041 0.795344 60.445
v -58.381 0.155564 61.87062
v -58.37924 0.161564 61.88087
v -58.37075 0.155564 61.87487
v -58.65577 0.155564 61.59584
v -58.66002 0.155564 61.5856
v -58.66602 0.161564 61.59409
v -55.3936 0.155564 61.59584
v -55.38336 0.161564 61.59409
v -55.38936 0.155564 61.5856
v -55.66838 0.155564 61.87062
v -55.67862 0.155564 61.87487
v -55.67014 0.161564 61.88087
v -58.65577 0.155564 58.8497
v -58.66602 0.161564 58.85146
v -58.66002 0.155564 58.85994
v -58.381 0.155564 58.57492
v -58.37075 0.155564 58.57068
v -58.37924 0.161564 58.56467
v -55.66838 0.155564 58.57492
v -55.67014 0.161564 58.56467
v -55.67862 0.155564 58.57068
v -55.3936 0.155564 58.8497
v -55.38936 0.155564 58.85994
v -55.38336 0.161564 58.85146
v -58.43994 -0.0535 58.43261
v -58.4297 -0.0535 58.42837
v -58.80232 -0.0535 58.801
v -58.79808 -0.0535 58.79075
v -58.79808 -0.0535 61.65479
v -58.80232 -0.0535 61.64455
v -58.4297 -0.0535 62.01717
v -58.43994 -0.0535 62.01293
v -55.60944 -0.0535 62.01293
v -55.61968 -0.0535 62.01717
v -55.24706 -0.0535 61.64455
v -55.2513 -0.0535 61.65479
v -55.2513 -0.0535 58.79075
v -55.24706 -0.0535 58.801
v -55.61968 -0.0535 58.42837
v -55.60944 -0.0535 58.43261
v -58.43321 0.161564 58.43437
v -58.4297 0.155564 58.42837
v -58.43994 0.155564 58.43261
v -58.79808 0.155564 58.79075
v -58.80232 0.155564 58.801
v -58.79633 0.161564 58.79748
v -55.24706 0.155564 58.801
v -55.2513 0.155564 58.79075
v -55.25305 0.161564 58.79748
v -55.60944 0.155564 58.43261
v -55.61968 0.155564 58.42837
v -55.61617 0.161564 58.43437
v -55.61617 0.161564 62.01117
v -55.61968 0.155564 62.01717
v -55.60944 0.155564 62.01293
v -55.2513 0.155564 61.65479
v -55.24706 0.155564 61.64455
v -55.25305 0.161564 61.64806
v -58.80232 0.155564 61.64455
v -58.79808 0.155564 61.65479
v -58.79633 0.161564 61.64806
v -58.43994 0.155564 62.01293
v -58.4297 0.155564 62.01717
v -58.43321 0.161564 62.01117
v -58.381 0.119039 58.57492
v -58.37547 0.113039 58.57668
v -58.37075 0.119039 58.57068
v -58.65577 0.119039 58.8497
v -58.66002 0.119039 58.85994
v -58.65279 0.113039 58.85394
v -55.39659 0.113039 58.85394
v -55.38936 0.119039 58.85994
v -55.3936 0.119039 58.8497
v -55.66838 0.119039 58.57492
v -55.67862 0.119039 58.57068
v -55.6739 0.113039 58.57668
v -55.66838 0.119039 61.87062
v -55.6739 0.113039 61.86887
v -55.67862 0.119039 61.87487
v -55.3936 0.119039 61.59584
v -55.38936 0.119039 61.5856
v -55.39659 0.113039 61.5916
v -58.65279 0.113039 61.5916
v -58.66002 0.119039 61.5856
v -58.65577 0.119039 61.59584
v -58.381 0.119039 61.87062
v -58.37075 0.119039 61.87487
v -58.37547 0.113039 61.86887
v -42.95895 -0.24438 51.68543
v -42.95895 3.617109 51.68543
v -42.34078 -0.24438 51.68543
v -42.34078 3.617109 51.68543
v -42.95895 -0.24438 50.95251
v -42.95394 -0.24438 50.94751
v -42.95394 3.617109 50.94751
v -42.95895 3.617109 50.95251
v -42.34578 -0.24438 50.94751
v -42.34078 -0.24438 50.95251
v -42.34078 3.617109 50.95251
v -42.34578 3.617109 50.94751
v -62.58777 2.297513 52.80026
v -61.9696 2.297513 52.80026
v -61.9696 2.419045 52.80026
v -62.58777 2.419045 52.80026
v -61.98345 2.630211 52.80026
v -62.59633 2.549524 52.80026
v -62.02473 2.837763 52.80026
v -62.62184 2.67777 52.80026
v -62.09276 3.038151 52.80026
v -62.66387 2.801589 52.80026
v -62.18636 3.227945 52.80026
v -62.72171 2.918862 52.80026
v -62.30393 3.403898 52.80026
v -62.79435 3.027583 52.80026
v -62.44346 3.563 52.80026
v -62.88057 3.125891 52.80026
v -62.60257 3.702528 52.80026
v -62.97889 3.212104 52.80026
v -62.77853 3.820095 52.80026
v -63.08761 3.284748 52.80026
v -62.96832 3.913689 52.80026
v -63.20488 3.342579 52.80026
v -63.16871 3.981709 52.80026
v -63.3287 3.384607 52.80026
v -63.37627 4.022991 52.80026
v -63.45695 3.410114 52.80026
v -62.58777 2.297513 52.06734
v -62.58276 2.297513 52.06234
v -61.97461 2.297513 52.06234
v -61.9696 2.297513 52.06734
v -62.58777 2.419045 52.06734
v -62.58276 2.419045 52.06234
v -61.97461 2.419045 52.06234
v -61.9696 2.419045 52.06734
v -62.59633 2.549524 52.06734
v -62.59136 2.550178 52.06234
v -61.98842 2.629557 52.06234
v -61.98345 2.630211 52.06734
v -62.62184 2.67777 52.06734
v -62.617 2.679067 52.06234
v -62.02957 2.836466 52.06234
v -62.02473 2.837763 52.06734
v -62.66387 2.801589 52.06734
v -62.65924 2.803506 52.06234
v -62.09739 3.036233 52.06234
v -62.09276 3.038151 52.06734
v -62.72171 2.918862 52.06734
v -62.71737 2.921367 52.06234
v -62.1907 3.22544 52.06234
v -62.18636 3.227945 52.06734
v -62.79435 3.027583 52.06734
v -62.79038 3.030633 52.06234
v -62.30791 3.400848 52.06234
v -62.30393 3.403898 52.06734
v -62.88057 3.125891 52.06734
v -62.87703 3.129434 52.06234
v -62.44701 3.559457 52.06234
v -62.44346 3.563 52.06734
v -62.97889 3.212104 52.06734
v -62.97583 3.216079 52.06234
v -62.60562 3.698553 52.06234
v -62.60257 3.702528 52.06734
v -63.08761 3.284748 52.06734
v -63.0851 3.289087 52.06234
v -62.78103 3.815755 52.06234
v -62.77853 3.820094 52.06734
v -63.20488 3.342579 52.06734
v -63.20296 3.347208 52.06234
v -62.97024 3.909059 52.06234
v -62.96832 3.913688 52.06734
v -63.3287 3.384607 52.06734
v -63.32741 3.389447 52.06234
v -63.17001 3.976869 52.06234
v -63.16871 3.981709 52.06734
v -63.45695 3.410114 52.06734
v -63.4563 3.415082 52.06234
v -63.37692 4.018023 52.06234
v -63.37627 4.02299 52.06734
v -63.56101 4.035097 52.80026
v -63.56101 3.416932 52.80026
v -63.56101 4.030086 52.06234
v -63.56101 4.035096 52.06734
v -63.56101 3.416932 52.06734
v -63.56101 3.421942 52.06234
v -64.53424 2.297513 52.80026
v -65.15241 2.297513 52.80026
v -65.15241 2.419045 52.80026
v -64.53424 2.419045 52.80026
v -65.13856 2.630211 52.80026
v -64.52569 2.549524 52.80026
v -65.09727 2.837763 52.80026
v -64.50017 2.67777 52.80026
v -65.02925 3.038151 52.80026
v -64.45814 2.801589 52.80026
v -64.93565 3.227945 52.80026
v -64.40031 2.918862 52.80026
v -64.81808 3.403898 52.80026
v -64.32765 3.027583 52.80026
v -64.67854 3.563 52.80026
v -64.24144 3.125891 52.80026
v -64.51944 3.702528 52.80026
v -64.14313 3.212104 52.80026
v -64.34348 3.820095 52.80026
v -64.0344 3.284748 52.80026
v -64.15369 3.913689 52.80026
v -63.91713 3.342579 52.80026
v -63.9533 3.981709 52.80026
v -63.7933 3.384607 52.80026
v -63.74574 4.022991 52.80026
v -63.66506 3.410114 52.80026
v -64.53424 2.297513 52.06734
v -64.53925 2.297513 52.06234
v -65.1474 2.297513 52.06234
v -65.15241 2.297513 52.06734
v -64.53424 2.419045 52.06734
v -64.53925 2.419045 52.06234
v -65.1474 2.419045 52.06234
v -65.15241 2.419045 52.06734
v -64.52569 2.549524 52.06734
v -64.53065 2.550178 52.06234
v -65.1336 2.629557 52.06234
v -65.13856 2.630211 52.06734
v -64.50017 2.67777 52.06734
v -64.50501 2.679067 52.06234
v -65.09244 2.836466 52.06234
v -65.09727 2.837763 52.06734
v -64.45814 2.801589 52.06734
v -64.46277 2.803506 52.06234
v -65.02462 3.036233 52.06234
v -65.02925 3.038151 52.06734
v -64.40031 2.918862 52.06734
v -64.40464 2.921367 52.06234
v -64.93131 3.22544 52.06234
v -64.93565 3.227945 52.06734
v -64.32765 3.027583 52.06734
v -64.33163 3.030633 52.06234
v -64.8141 3.400848 52.06234
v -64.81808 3.403898 52.06734
v -64.24144 3.125891 52.06734
v -64.24498 3.129434 52.06234
v -64.675 3.559457 52.06234
v -64.67854 3.563 52.06734
v -64.14313 3.212104 52.06734
v -64.14617 3.216079 52.06234
v -64.51639 3.698553 52.06234
v -64.51944 3.702528 52.06734
v -64.0344 3.284748 52.06734
v -64.0369 3.289087 52.06234
v -64.34098 3.815755 52.06234
v -64.34348 3.820094 52.06734
v -63.91713 3.342579 52.06734
v -63.91904 3.347208 52.06234
v -64.15177 3.909059 52.06234
v -64.15369 3.913688 52.06734
v -63.7933 3.384607 52.06734
v -63.7946 3.389447 52.06234
v -63.952 3.976869 52.06234
v -63.9533 3.981709 52.06734
v -63.66506 3.410114 52.06734
v -63.66571 3.415082 52.06234
v -63.74509 4.018023 52.06234
v -63.74574 4.02299 52.06734
#end vertices

#begin 1277 textures vertices 
vt 0.6154215 0.004829344 0
vt 0.5039062 0.035553 0
vt 0.5595075 0.09255627 0
vt 0.5957759 0.08224398 0
vt 0.5585994 0.09112477 0
vt 0.5957813 0.08054252 0
vt 0.6115288 0.00390625 0
vt 0.5067644 0.03274402 0
vt 0.5934498 0.08188941 0
vt 0.5613072 0.091067 0
vt 0.59463 0.08028255 0
vt 0.5944142 0.08023446 0
vt 0.5049042 0.03457178 0
vt 0.5047472 0.0347262 0
vt 0.5594495 0.09030528 0
vt 0.559609 0.09015252 0
vt 0.5611109 0.08795557 0
vt 0.5610987 0.08794996 0
vt 0.5919787 0.07911585 0
vt 0.5919624 0.07912382 0
vt 0.5944659 0.08202371 0
vt 0.5946563 0.08206957 0
vt 0.5603653 0.0918528 0
vt 0.5605047 0.09171366 0
vt 0.6142744 0.004557279 0
vt 0.6140603 0.004506461 0
vt 0.5609051 0.08917679 0
vt 0.5605953 0.08942928 0
vt 0.5604988 0.08901399 0
vt 0.5930626 0.07972088 0
vt 0.5931917 0.08012629 0
vt 0.5928038 0.08007447 0
vt 0.6128882 0.004228161 0
vt 0.6126743 0.00417752 0
vt 0.505921 0.03357212 0
vt 0.5057639 0.03372642 0
vt 0.927147 0.00390625 0
vt 0.927147 0.02494134 0
vt 0.9765976 0.02494134 0
vt 0.9765976 0.00390625 0
vt 0.3868566 0.65149 0
vt 0.3818795 0.9884865 0
vt 0.3692367 0.6511551 0
vt 0.3639169 0.9884588 0
vt 0.351623 0.650819 0
vt 0.3459251 0.9883238 0
vt 0.3340151 0.6504795 0
vt 0.3279004 0.9881495 0
vt 0.3164124 0.6501353 0
vt 0.3098305 0.9880045 0
vt 0.2988242 0.6497824 0
vt 0.2917933 0.9873616 0
vt 0.2812504 0.6494173 0
vt 0.2738666 0.9867436 0
vt 0.2636903 0.6490369 0
vt 0.2559496 0.9865699 0
vt 0.2461342 0.6486414 0
vt 0.2379626 0.9863861 0
vt 0.2285934 0.6482278 0
vt 0.2199859 0.9857575 0
vt 0.211058 0.647796 0
vt 0.2020813 0.9851812 0
vt 0.1935395 0.6473441 0
vt 0.184235 0.9845618 0
vt 0.1760384 0.6468683 0
vt 0.166325 0.9844522 0
vt 0.1585455 0.6463685 0
vt 0.1484299 0.9838337 0
vt 0.1410613 0.6458451 0
vt 0.1306489 0.9833309 0
vt 0.123596 0.6452955 0
vt 0.1129461 0.9835384 0
vt 0.01749073 0.641615 0
vt 0.006917311 0.9937206 0
vt 0.7581446 0.6654778 0
vt 0.7620002 0.9730452 0
vt 0.6520325 0.6630411 0
vt 0.656363 0.9804721 0
vt 0.6348641 0.6615028 0
vt 0.6379151 0.9818824 0
vt 0.6172873 0.6599488 0
vt 0.6196016 0.9836534 0
vt 0.5995365 0.6585849 0
vt 0.6011799 0.9852524 0
vt 0.5817453 0.6574312 0
vt 0.5827012 0.9861503 0
vt 0.5639536 0.6564586 0
vt 0.5643049 0.986899 0
vt 0.5461663 0.6556361 0
vt 0.5459431 0.9878894 0
vt 0.5283911 0.6549371 0
vt 0.5275306 0.9886954 0
vt 0.5106411 0.6543353 0
vt 0.5091395 0.9888718 0
vt 0.4929066 0.6538104 0
vt 0.4908748 0.9889188 0
vt 0.4751976 0.6533439 0
vt 0.472647 0.9893236 0
vt 0.4575024 0.6529221 0
vt 0.4543599 0.9896671 0
vt 0.4398196 0.6525342 0
vt 0.4360966 0.9894391 0
vt 0.4221471 0.6521722 0
vt 0.4179367 0.9892036 0
vt 0.4044932 0.6518268 0
vt 0.3998649 0.9889041 0
vt 0.009341695 0.8356372 0
vt 0.7539936 0.8128892 0
vt 0.7544562 0.8306117 0
vt 0.7596408 0.9264462 0
vt 0.00390625 0.9628182 0
vt 0.7575143 0.6654682 0
vt 0.7571953 0.6654633 0
vt 0.3478575 0.7967896 0
vt 0.3478505 0.7971113 0
vt 0.3293911 0.8451835 0
vt 0.3293866 0.8455017 0
vt 0.2762486 0.8439644 0
vt 0.276242 0.8442889 0
vt 0.2596407 0.7950653 0
vt 0.2596325 0.795382 0
vt 0.2419701 0.7950554 0
vt 0.2419786 0.7947302 0
vt 0.2407863 0.8431967 0
vt 0.2407788 0.8435216 0
vt 0.2066433 0.7938688 0
vt 0.2066349 0.7941893 0
vt 0.1889612 0.7938099 0
vt 0.1889713 0.7934857 0
vt 0.1875264 0.841816 0
vt 0.187517 0.8421398 0
vt 0.1697603 0.841397 0
vt 0.1697518 0.8417172 0
vt 0.1519785 0.8412493 0
vt 0.1519888 0.8409332 0
vt 0.1182814 0.7913629 0
vt 0.1182662 0.7916842 0
vt 0.01164171 0.7868179 0
vt 0.01162524 0.7871371 0
vt 0.753044 0.8128848 0
vt 0.7533632 0.8128863 0
vt 0.7538262 0.8306361 0
vt 0.7535073 0.8306481 0
vt 0.6458276 0.8338747 0
vt 0.6460911 0.8335199 0
vt 0.6463584 0.8339952 0
vt 0.6284812 0.8409695 0
vt 0.628599 0.841157 0
vt 0.6107993 0.8446068 0
vt 0.6107582 0.8443452 0
vt 0.5754163 0.8003196 0
vt 0.5754144 0.8006287 0
vt 0.5582263 0.8469001 0
vt 0.5582337 0.8472113 0
vt 0.5406276 0.7994519 0
vt 0.5406254 0.7997628 0
vt 0.5407586 0.8471782 0
vt 0.5407638 0.8474889 0
vt 0.5232604 0.8474818 0
vt 0.5232576 0.8471608 0
vt 0.5057853 0.7990065 0
vt 0.5057827 0.7993207 0
vt 0.4883273 0.7988822 0
vt 0.4883248 0.7992054 0
vt 0.488181 0.8470721 0
vt 0.4881821 0.8473949 0
vt 0.4708385 0.7986241 0
vt 0.4708342 0.798944 0
vt 0.4533274 0.79836 0
vt 0.4533229 0.7986812 0
vt 0.4357914 0.7983914 0
vt 0.4357955 0.7980735 0
vt 0.4177753 0.8465045 0
vt 0.4177726 0.8468258 0
vt 0.4006746 0.797694 0
vt 0.4006708 0.7980148 0
vt 0.4001208 0.8462123 0
vt 0.4001173 0.8465328 0
vt 0.3824446 0.8462053 0
vt 0.382448 0.8458812 0
vt 0.3830835 0.7974868 0
vt 0.3830784 0.7978113 0
vt 0.418246 0.7978951 0
vt 0.4182426 0.7982167 0
vt 0.4354109 0.8471091 0
vt 0.4354115 0.8467913 0
vt 0.4530204 0.8469107 0
vt 0.4530213 0.8472317 0
vt 0.4706106 0.8470171 0
vt 0.4706123 0.8473368 0
vt 0.505737 0.8472408 0
vt 0.5057397 0.8475546 0
vt 0.5232225 0.7992851 0
vt 0.523221 0.7996066 0
vt 0.5580207 0.7998189 0
vt 0.5580179 0.80013 0
vt 0.5756945 0.8467173 0
vt 0.5756863 0.8464076 0
vt 0.5928274 0.8012261 0
vt 0.5928344 0.8009319 0
vt 0.5931733 0.8457214 0
vt 0.593189 0.8460175 0
vt 0.6103599 0.8020948 0
vt 0.6103338 0.8023514 0
vt 0.6281234 0.8050534 0
vt 0.6280373 0.805243 0
vt 0.6460871 0.8114168 0
vt 0.6458039 0.8119159 0
vt 0.6455614 0.8115619 0
vt 0.1162943 0.8399353 0
vt 0.1163674 0.8402699 0
vt 0.1160102 0.8401466 0
vt 0.135948 0.7922941 0
vt 0.1359591 0.7919692 0
vt 0.134192 0.8402576 0
vt 0.1341811 0.8405805 0
vt 0.153628 0.7924074 0
vt 0.1536172 0.7927243 0
vt 0.1712972 0.7929547 0
vt 0.1712856 0.7932751 0
vt 0.2052823 0.8426779 0
vt 0.2052918 0.8423576 0
vt 0.2243105 0.7942387 0
vt 0.2243016 0.7945557 0
vt 0.2230462 0.842871 0
vt 0.2230387 0.8431879 0
vt 0.2585252 0.8436818 0
vt 0.2585189 0.8439985 0
vt 0.2772941 0.795853 0
vt 0.2773018 0.7955283 0
vt 0.2949547 0.7958422 0
vt 0.2949484 0.7961632 0
vt 0.2939638 0.8447094 0
vt 0.2939706 0.8443886 0
vt 0.3125985 0.7961414 0
vt 0.3125926 0.7964632 0
vt 0.3116843 0.8447843 0
vt 0.311678 0.8451059 0
vt 0.3302314 0.7964129 0
vt 0.330225 0.7967311 0
vt 0.3470807 0.845749 0
vt 0.3470839 0.8454273 0
vt 0.3654684 0.7974626 0
vt 0.365475 0.7971418 0
vt 0.3647702 0.8456725 0
vt 0.3647677 0.8459931 0
vt 0.4000798 0.942643 0
vt 0.4000806 0.9429623 0
vt 0.3821272 0.9428074 0
vt 0.3821287 0.9424849 0
vt 0.364178 0.9425066 0
vt 0.3641812 0.9421871 0
vt 0.3462464 0.9422111 0
vt 0.3462503 0.9418901 0
vt 0.3283305 0.9418684 0
vt 0.328334 0.9415499 0
vt 0.3104366 0.9416094 0
vt 0.3104397 0.9412879 0
vt 0.2925457 0.941293 0
vt 0.2925493 0.9409726 0
vt 0.2746528 0.9409614 0
vt 0.2746583 0.9406377 0
vt 0.2567521 0.9404594 0
vt 0.2567581 0.9401429 0
vt 0.2388661 0.9401153 0
vt 0.2388725 0.9397911 0
vt 0.2209719 0.9395892 0
vt 0.2209779 0.9392722 0
vt 0.203084 0.9392112 0
vt 0.2030895 0.9388915 0
vt 0.185191 0.9388491 0
vt 0.1851984 0.9385264 0
vt 0.1672956 0.9383668 0
vt 0.1673047 0.9380478 0
vt 0.1494235 0.9379242 0
vt 0.1494349 0.9376072 0
vt 0.1316297 0.9376041 0
vt 0.131651 0.9372782 0
vt 0.1139899 0.9366101 0
vt 0.1139395 0.9369306 0
vt 0.7585459 0.926276 0
vt 0.7587851 0.9264876 0
vt 0.6533868 0.9342722 0
vt 0.6533645 0.9339473 0
vt 0.6353383 0.9362385 0
vt 0.6353226 0.9359171 0
vt 0.6171328 0.9378687 0
vt 0.6171152 0.9375569 0
vt 0.5989198 0.9393496 0
vt 0.5989022 0.9390352 0
vt 0.5807173 0.940555 0
vt 0.5807021 0.9402369 0
vt 0.5625223 0.9413876 0
vt 0.5625098 0.9410715 0
vt 0.5443587 0.9420164 0
vt 0.5443471 0.9417027 0
vt 0.5262415 0.9426158 0
vt 0.5262318 0.9422944 0
vt 0.5081396 0.9429072 0
vt 0.5081312 0.9425923 0
vt 0.4900765 0.9432381 0
vt 0.4900704 0.9429159 0
vt 0.4720287 0.9433157 0
vt 0.4720252 0.9429962 0
vt 0.4540106 0.9433076 0
vt 0.4540084 0.9429868 0
vt 0.4360149 0.9431882 0
vt 0.4360127 0.94287 0
vt 0.418043 0.9431108 0
vt 0.4180412 0.94279 0
vt 0.3639757 0.9732997 0
vt 0.3639776 0.9729801 0
vt 0.381975 0.973201 0
vt 0.3819731 0.9735221 0
vt 0.3459955 0.9731214 0
vt 0.3459973 0.972801 0
vt 0.328012 0.9729158 0
vt 0.3280155 0.9725952 0
vt 0.3100463 0.9725323 0
vt 0.3100507 0.9722125 0
vt 0.2920935 0.9721634 0
vt 0.2920976 0.9718431 0
vt 0.2741342 0.9717671 0
vt 0.2741397 0.9714456 0
vt 0.2561788 0.9713854 0
vt 0.2561853 0.9710658 0
vt 0.2382649 0.9709158 0
vt 0.2382713 0.9705955 0
vt 0.2203491 0.9705412 0
vt 0.2203554 0.9702213 0
vt 0.2024316 0.9700224 0
vt 0.2024384 0.9697028 0
vt 0.1845107 0.9695646 0
vt 0.1845181 0.9692432 0
vt 0.166586 0.9690692 0
vt 0.166592 0.9687511 0
vt 0.1486037 0.9686916 0
vt 0.148607 0.9683733 0
vt 0.1304958 0.9683134 0
vt 0.1304937 0.9679934 0
vt 0.1121358 0.9683112 0
vt 0.1121206 0.9679902 0
vt 0.005413141 0.978213 0
vt 0.005444047 0.978533 0
vt 0.6553762 0.9652347 0
vt 0.6553506 0.9649156 0
vt 0.761056 0.9578438 0
vt 0.7610366 0.957521 0
vt 0.6370287 0.966942 0
vt 0.6370104 0.9666213 0
vt 0.61877 0.9685238 0
vt 0.6187545 0.9682056 0
vt 0.6004558 0.9698457 0
vt 0.6004411 0.9695283 0
vt 0.5821222 0.9710002 0
vt 0.5821078 0.9706812 0
vt 0.5637616 0.971994 0
vt 0.5637495 0.9716747 0
vt 0.5454146 0.9727475 0
vt 0.5454051 0.9724293 0
vt 0.5271271 0.9732483 0
vt 0.5271186 0.9729292 0
vt 0.5088687 0.9737076 0
vt 0.5088609 0.9733887 0
vt 0.4906274 0.9739659 0
vt 0.4906219 0.9736449 0
vt 0.4724143 0.9741358 0
vt 0.4724113 0.9738157 0
vt 0.4542571 0.9741945 0
vt 0.4542548 0.9738749 0
vt 0.436131 0.9742092 0
vt 0.4361301 0.9738887 0
vt 0.4180362 0.9740051 0
vt 0.4180376 0.9736847 0
vt 0.399987 0.973747 0
vt 0.3999885 0.9734275 0
vt 0.4000585 0.9578941 0
vt 0.4000572 0.9582136 0
vt 0.4004604 0.8130087 0
vt 0.4004558 0.8133296 0
vt 0.4002591 0.8309074 0
vt 0.4002563 0.8312281 0
vt 0.3826075 0.8310206 0
vt 0.3826113 0.8306971 0
vt 0.3828449 0.8130113 0
vt 0.3828494 0.8126877 0
vt 0.4180574 0.8132589 0
vt 0.4180536 0.8135802 0
vt 0.4178846 0.831149 0
vt 0.4178823 0.8314702 0
vt 0.435626 0.8135431 0
vt 0.4356228 0.8138614 0
vt 0.4354918 0.8313216 0
vt 0.4354901 0.8316398 0
vt 0.4531745 0.8137043 0
vt 0.4531722 0.8140251 0
vt 0.4530623 0.831574 0
vt 0.4530609 0.8318948 0
vt 0.4707006 0.8138996 0
vt 0.4706989 0.8142195 0
vt 0.4706193 0.8317521 0
vt 0.4706184 0.8320719 0
vt 0.4882062 0.8140308 0
vt 0.4882044 0.814353 0
vt 0.4881471 0.8319455 0
vt 0.4881477 0.8322676 0
vt 0.5056756 0.8143042 0
vt 0.5056744 0.8146195 0
vt 0.5056661 0.8319474 0
vt 0.505667 0.8322625 0
vt 0.5231129 0.8143452 0
vt 0.5231129 0.8146655 0
vt 0.5231176 0.8321228 0
vt 0.5231192 0.832443 0
vt 0.54051 0.8145961 0
vt 0.5405098 0.8149081 0
vt 0.540561 0.8320319 0
vt 0.540564 0.8323437 0
vt 0.5578358 0.8146766 0
vt 0.5578376 0.8149881 0
vt 0.5579047 0.8320392 0
vt 0.5579077 0.8323508 0
vt 0.5750453 0.814749 0
vt 0.575047 0.8150585 0
vt 0.575115 0.8319685 0
vt 0.5751209 0.8322784 0
vt 0.5920549 0.8149638 0
vt 0.5920525 0.8152625 0
vt 0.5921196 0.8316293 0
vt 0.5921353 0.8319283 0
vt 0.6085142 0.815308 0
vt 0.6085018 0.8155854 0
vt 0.6085896 0.8309802 0
vt 0.6086302 0.8312571 0
vt 0.623694 0.8155477 0
vt 0.6236584 0.8158 0
vt 0.6240366 0.8300379 0
vt 0.6241093 0.8302891 0
vt 0.6383641 0.8169939 0
vt 0.6381195 0.816909 0
vt 0.6382648 0.8167705 0
vt 0.6365188 0.8281533 0
vt 0.6364461 0.8283865 0
vt 0.6363139 0.8282267 0
vt 0.01086234 0.8020836 0
vt 0.01084533 0.8024054 0
vt 0.009990799 0.8200356 0
vt 0.009977212 0.8203574 0
vt 0.1175406 0.8067419 0
vt 0.1175309 0.807062 0
vt 0.116937 0.8245829 0
vt 0.116925 0.824903 0
vt 0.135431 0.8072006 0
vt 0.1354183 0.8075235 0
vt 0.1347625 0.8251605 0
vt 0.1347498 0.8254834 0
vt 0.1530928 0.80782 0
vt 0.1530808 0.8081374 0
vt 0.1525027 0.8255486 0
vt 0.1524923 0.8258656 0
vt 0.1707962 0.8082585 0
vt 0.1707862 0.8085787 0
vt 0.1702374 0.8261068 0
vt 0.1702269 0.8264269 0
vt 0.188504 0.8086702 0
vt 0.1884942 0.8089934 0
vt 0.1879654 0.8266507 0
vt 0.187956 0.8269738 0
vt 0.2061999 0.8091836 0
vt 0.2061901 0.8095041 0
vt 0.2057054 0.8270514 0
vt 0.2056972 0.8273718 0
vt 0.2238908 0.8096703 0
vt 0.2238825 0.8099881 0
vt 0.2234387 0.8274386 0
vt 0.2234302 0.8277562 0
vt 0.2415856 0.8099745 0
vt 0.2415777 0.8102985 0
vt 0.2411393 0.8279654 0
vt 0.2411314 0.8282893 0
vt 0.2592608 0.8104811 0
vt 0.2592531 0.8107988 0
vt 0.2588635 0.8282642 0
vt 0.2588562 0.8285818 0
vt 0.2769456 0.8107511 0
vt 0.2769389 0.8110749 0
vt 0.2765524 0.8287537 0
vt 0.2765451 0.8290775 0
vt 0.2946199 0.8111649 0
vt 0.2946127 0.8114857 0
vt 0.2942597 0.829072 0
vt 0.2942537 0.8293927 0
vt 0.312288 0.8115144 0
vt 0.3122815 0.8118358 0
vt 0.3119528 0.8294165 0
vt 0.3119472 0.8297378 0
vt 0.329938 0.8118985 0
vt 0.3299322 0.8122171 0
vt 0.3296385 0.8296963 0
vt 0.3296332 0.8300148 0
vt 0.3475838 0.8121606 0
vt 0.3475787 0.8124821 0
vt 0.3473017 0.8300616 0
vt 0.3472966 0.830383 0
vt 0.3652196 0.8124587 0
vt 0.3652151 0.8127796 0
vt 0.364965 0.8303624 0
vt 0.3649602 0.8306833 0
vt 0.3820581 0.9579198 0
vt 0.3820597 0.9575981 0
vt 0.3640763 0.9577593 0
vt 0.3640779 0.9574398 0
vt 0.3461111 0.9575492 0
vt 0.3461135 0.9572284 0
vt 0.3281699 0.9573606 0
vt 0.3281732 0.9570413 0
vt 0.3102463 0.9569645 0
vt 0.3102505 0.9566437 0
vt 0.2923252 0.9565895 0
vt 0.2923298 0.9562693 0
vt 0.2743928 0.9561379 0
vt 0.2743977 0.9558152 0
vt 0.256472 0.9558653 0
vt 0.256478 0.9555475 0
vt 0.2385667 0.9553153 0
vt 0.2385729 0.9549927 0
vt 0.2206707 0.9550216 0
vt 0.2206765 0.9547035 0
vt 0.2027687 0.9544867 0
vt 0.2027759 0.954167 0
vt 0.1848489 0.9539585 0
vt 0.1848561 0.9536367 0
vt 0.166914 0.9535971 0
vt 0.1669207 0.9532786 0
vt 0.148907 0.9532905 0
vt 0.1489155 0.9529743 0
vt 0.1306327 0.952875 0
vt 0.1306447 0.9525559 0
vt 0.1113374 0.9523087 0
vt 0.1112842 0.9526438 0
vt 0.1110214 0.9524438 0
vt 0.7599582 0.9421571 0
vt 0.7599326 0.9418341 0
vt 0.6543885 0.9496705 0
vt 0.6543701 0.9493492 0
vt 0.6361321 0.9513625 0
vt 0.6361129 0.9510413 0
vt 0.6179606 0.9531105 0
vt 0.617943 0.9527952 0
vt 0.5997106 0.9544324 0
vt 0.5996953 0.9541158 0
vt 0.5814363 0.955517 0
vt 0.5814217 0.9551982 0
vt 0.5631588 0.9565248 0
vt 0.5631454 0.9562072 0
vt 0.5449074 0.9573109 0
vt 0.5448971 0.956995 0
vt 0.5266948 0.9577213 0
vt 0.5266857 0.9574005 0
vt 0.5085225 0.9582386 0
vt 0.5085147 0.9579219 0
vt 0.4903615 0.9583698 0
vt 0.4903563 0.9580481 0
vt 0.4722315 0.9585772 0
vt 0.4722274 0.9582575 0
vt 0.454144 0.9586397 0
vt 0.4541412 0.9583192 0
vt 0.4360929 0.9586661 0
vt 0.4360916 0.9583469 0
vt 0.4180666 0.9584433 0
vt 0.4180668 0.9581227 0
vt 0.8640955 0.006410969 0
vt 0.8632817 0.00390625 0
vt 0.8336724 0.01629604 0
vt 0.8328586 0.01379132 0
vt 0.4787323 0.006384254 0
vt 0.4754109 0.00390625 0
vt 0.4486339 0.0467273 0
vt 0.4453125 0.0442493 0
vt 0.4051917 0.006539867 0
vt 0.4051913 0.00390625 0
vt 0.373203 0.006544968 0
vt 0.3732025 0.00391135 0
vt 0.8249954 0.006043194 0
vt 0.823456 0.00390625 0
vt 0.7990398 0.02474047 0
vt 0.7975004 0.02260353 0
vt 0.7917926 0.03562314 0
vt 0.7896431 0.03714485 0
vt 0.8102756 0.0617317 0
vt 0.8081261 0.06325341 0
vt 0.5386113 0.00864704 0
vt 0.5386605 0.004503347 0
vt 0.4882812 0.008049943 0
vt 0.4883304 0.00390625 0
vt 0.8639848 0.006070095 0
vt 0.8639542 0.00597609 0
vt 0.863423 0.004341163 0
vt 0.8633924 0.00424712 0
vt 0.8335311 0.01586116 0
vt 0.8335617 0.01595516 0
vt 0.8329693 0.01413219 0
vt 0.8329999 0.01422623 0
vt 0.4782803 0.006046994 0
vt 0.4781556 0.005953985 0
vt 0.4759876 0.004336545 0
vt 0.4758629 0.004243476 0
vt 0.4480572 0.04629703 0
vt 0.4481819 0.04639004 0
vt 0.4457645 0.04458652 0
vt 0.4458893 0.04467959 0
vt 0.4051917 0.006181461 0
vt 0.4051916 0.006082564 0
vt 0.4051914 0.004363538 0
vt 0.4051914 0.004264692 0
vt 0.3732029 0.006087664 0
vt 0.3732029 0.006186561 0
vt 0.3732026 0.004269793 0
vt 0.3732026 0.004368639 0
vt 0.8247859 0.005752387 0
vt 0.8247281 0.005672138 0
vt 0.8237233 0.004277309 0
vt 0.8236655 0.004197058 0
vt 0.7987725 0.02436942 0
vt 0.7988303 0.02444967 0
vt 0.7977099 0.02289434 0
vt 0.7977677 0.02297459 0
vt 0.7915001 0.03583021 0
vt 0.7914194 0.03588734 0
vt 0.7900163 0.03688062 0
vt 0.7899356 0.03693775 0
vt 0.8099024 0.06199591 0
vt 0.8099831 0.06193877 0
vt 0.8084186 0.06304632 0
vt 0.8084993 0.06298919 0
vt 0.538618 0.00808305 0
vt 0.5386199 0.007927492 0
vt 0.538652 0.005222884 0
vt 0.5386538 0.005067373 0
vt 0.4882898 0.007330395 0
vt 0.4882879 0.007485952 0
vt 0.4883237 0.004470276 0
vt 0.4883219 0.004625787 0
vt 0.7689275 0.4801819 0
vt 0.7689275 0.641088 0
vt 0.7689275 0.4841679 0
vt 0.7689275 0.4839238 0
vt 0.7689275 0.6373461 0
vt 0.7689275 0.6371023 0
vt 0.004150105 0.4839238 0
vt 0.004150105 0.4841679 0
vt 0.00390625 0.4839238 0
vt 0.004150105 0.6373461 0
vt 0.00390625 0.6371023 0
vt 0.004150105 0.6371023 0
vt 0.004150105 0.4801819 0
vt 0.00390625 0.4801819 0
vt 0.00390625 0.641088 0
vt 0.004150105 0.641088 0
vt 0.7804288 0.6065139 0
vt 0.8732124 0.5986961 0
vt 0.7773438 0.9443241 0
vt 0.8714171 0.9576996 0
vt 0.7926993 0.6764415 0
vt 0.7911809 0.8764767 0
vt 0.7855453 0.6456859 0
vt 0.785613 0.6460446 0
vt 0.8873854 0.6367219 0
vt 0.8875514 0.6370977 0
vt 0.783643 0.9058451 0
vt 0.7835563 0.9062103 0
vt 0.88218 0.9183771 0
vt 0.8820008 0.9187513 0
vt 0.9277862 0.9864577 0
vt 0.928345 0.9863532 0
vt 0.9243763 0.9520862 0
vt 0.9241895 0.9521243 0
vt 0.9242183 0.9518381 0
vt 0.9518706 0.5770044 0
vt 0.9517774 0.5767825 0
vt 0.9520603 0.5767236 0
vt 0.9556076 0.5500503 0
vt 0.9549798 0.5497321 0
vt 0.9003733 0.8854409 0
vt 0.9005685 0.8860489 0
vt 0.8999441 0.8859511 0
vt 0.9050921 0.667981 0
vt 0.9048597 0.6685814 0
vt 0.9044598 0.6680477 0
vt 0.9445287 0.674649 0
vt 0.9446479 0.6744481 0
vt 0.9419692 0.8826046 0
vt 0.9417429 0.8823806 0
vt 0.9636363 0.5948321 0
vt 0.9638286 0.5946418 0
vt 0.9638924 0.5948423 0
vt 0.9952601 0.5884509 0
vt 0.9950228 0.5877792 0
vt 0.9646341 0.957454 0
vt 0.9649779 0.9569483 0
vt 0.9412279 0.9427256 0
vt 0.9412084 0.9430237 0
vt 0.9410064 0.9427594 0
vt 0.7980227 0.2587765 0
vt 0.8286653 0.5466951 0
vt 0.7370021 0.4024322 0
vt 0.9938011 0.4350889 0
vt 0.7227131 0.3556792 0
vt 0.7226562 0.3563569 0
vt 0.7579862 0.3631126 0
vt 0.7579959 0.3628568 0
vt 0.7582416 0.3630783 0
vt 0.8328267 0.2891914 0
vt 0.8331858 0.2894761 0
vt 0.864122 0.2305779 0
vt 0.8639374 0.230397 0
vt 0.8642229 0.2302336 0
vt 0.863061 0.2021831 0
vt 0.8623751 0.2021041 0
vt 0.7748925 0.3875078 0
vt 0.7752679 0.3873134 0
vt 0.8649566 0.5232255 0
vt 0.8653006 0.5229888 0
vt 0.95776 0.4578013 0
vt 0.9580952 0.4575917 0
vt 0.8651043 0.3125924 0
vt 0.8652074 0.3131833 0
vt 0.8645122 0.3129214 0
vt 0.9056878 0.2987496 0
vt 0.9057688 0.2985113 0
vt 0.8812789 0.2458873 0
vt 0.881515 0.2456867 0
vt 0.8815213 0.2459371 0
vt 0.9108281 0.2264522 0
vt 0.9104573 0.2259104 0
vt 0.5262321 0.2534697 0
vt 0.5262321 0.07780404 0
vt 0.4453125 0.2534697 0
vt 0.4453125 0.07780404 0
vt 0.6231531 0.2540585 0
vt 0.6231531 0.1055206 0
vt 0.527842 0.2540585 0
vt 0.527842 0.1055206 0
vt 0.9375 0.3282072 0
vt 0.9375 0.2271559 0
vt 0.9921448 0.3282072 0
vt 0.9921448 0.2271559 0
vt 0.9566798 0.3282072 0
vt 0.9568649 0.3282072 0
vt 0.9568649 0.2271559 0
vt 0.9566798 0.2271559 0
vt 0.9727799 0.3282072 0
vt 0.972965 0.3282072 0
vt 0.972965 0.2271559 0
vt 0.9727799 0.2271559 0
vt 0.9414062 0.2193434 0
vt 0.9414062 0.1184646 0
vt 0.9959578 0.2193434 0
vt 0.9959578 0.1184646 0
vt 0.9605533 0.2193434 0
vt 0.9607381 0.2193434 0
vt 0.9607381 0.1184646 0
vt 0.9605533 0.1184646 0
vt 0.9766259 0.2193434 0
vt 0.9768107 0.2193434 0
vt 0.9768107 0.1184646 0
vt 0.9766259 0.1184646 0
vt 0.4338827 0.01435745 0
vt 0.00390625 0.01435745 0
vt 0.4338827 0.1872137 0
vt 0.00390625 0.1872137 0
vt 0.265625 0.3814241 0
vt 0.3161789 0.3324548 0
vt 0.3928297 0.4119549 0
vt 0.3377891 0.4597412 0
vt 0.3278649 0.3227746 0
vt 0.3938456 0.4113032 0
vt 0.3406719 0.3146689 0
vt 0.394922 0.4107389 0
vt 0.3544005 0.3082373 0
vt 0.3960765 0.4103678 0
vt 0.3688405 0.3035817 0
vt 0.3972563 0.4100997 0
vt 0.3837681 0.3007818 0
vt 0.3984582 0.4099927 0
vt 0.398949 0.2998899 0
vt 0.399656 0.410022 0
vt 0.4141427 0.3009279 0
vt 0.4008303 0.4102457 0
vt 0.4291065 0.3038875 0
vt 0.4019695 0.4106163 0
vt 0.4435993 0.3087285 0
vt 0.4030666 0.4110933 0
vt 0.4573866 0.315378 0
vt 0.4040883 0.4117246 0
vt 0.4702472 0.3237284 0
vt 0.4050343 0.4124939 0
vt 0.4819657 0.3336126 0
vt 0.4059152 0.4134216 0
vt 0.5018616 0.3519981 0
vt 0.4257816 0.4317784 0
vt 0.5033356 0.3531876 0
vt 0.4381378 0.441947 0
vt 0.5049475 0.3541808 0
vt 0.4516593 0.4504945 0
vt 0.5066656 0.3549718 0
vt 0.4661258 0.4572576 0
vt 0.5084855 0.3554981 0
vt 0.4813078 0.4621255 0
vt 0.5103503 0.3558477 0
vt 0.496961 0.4650211 0
vt 0.5122486 0.3559169 0
vt 0.5128332 0.4658993 0
vt 0.5141477 0.3557613 0
vt 0.5286675 0.4647468 0
vt 0.516014 0.3553699 0
vt 0.5442064 0.4615818 0
vt 0.5178166 0.354738 0
vt 0.5591947 0.4564539 0
vt 0.5195464 0.3539254 0
vt 0.5733837 0.4494447 0
vt 0.5211383 0.3528603 0
vt 0.5865351 0.4406693 0
vt 0.5226214 0.3516379 0
vt 0.5984169 0.4303 0
vt 0.6089598 0.2696577 0
vt 0.6846182 0.3484761 0
vt 0.3169856 0.333259 0
vt 0.3169303 0.3332048 0
vt 0.3921846 0.4111029 0
vt 0.3921363 0.4110396 0
vt 0.2666002 0.3813053 0
vt 0.2666978 0.3813059 0
vt 0.3380313 0.4586908 0
vt 0.3380231 0.4587892 0
vt 0.3285425 0.3236909 0
vt 0.3284964 0.3236292 0
vt 0.3933132 0.4103652 0
vt 0.3932682 0.4103008 0
vt 0.3412248 0.3156645 0
vt 0.341187 0.3155975 0
vt 0.3945173 0.4097733 0
vt 0.3944797 0.4097038 0
vt 0.3548236 0.3092945 0
vt 0.3547945 0.3092233 0
vt 0.3957823 0.4093311 0
vt 0.3957536 0.409259 0
vt 0.3691278 0.3046836 0
vt 0.3691078 0.3046093 0
vt 0.3970911 0.409052 0
vt 0.3970717 0.4089768 0
vt 0.3839148 0.301911 0
vt 0.3839043 0.3018348 0
vt 0.3984226 0.4089379 0
vt 0.398413 0.4088616 0
vt 0.3989528 0.3010285 0
vt 0.3989519 0.3009516 0
vt 0.3997563 0.4089935 0
vt 0.3997563 0.4089164 0
vt 0.4140032 0.302058 0
vt 0.4140121 0.3019816 0
vt 0.4010704 0.4092161 0
vt 0.4010799 0.4091399 0
vt 0.4288258 0.304991 0
vt 0.4288442 0.3049163 0
vt 0.4023428 0.4096033 0
vt 0.4023621 0.4095293 0
vt 0.4431819 0.3097879 0
vt 0.4432096 0.3097161 0
vt 0.4035531 0.4101503 0
vt 0.4035816 0.4100788 0
vt 0.4568403 0.316377 0
vt 0.4568767 0.3163093 0
vt 0.4046819 0.4108457 0
vt 0.4047188 0.410778 0
vt 0.4695838 0.3246535 0
vt 0.469628 0.3245908 0
vt 0.4057103 0.4116792 0
vt 0.4057549 0.4116149 0
vt 0.4812224 0.3344763 0
vt 0.4812732 0.3344188 0
vt 0.406623 0.4126307 0
vt 0.4066732 0.4125742 0
vt 0.5011131 0.3528585 0
vt 0.5011638 0.3528008 0
vt 0.4264725 0.430971 0
vt 0.426523 0.4309141 0
vt 0.5026914 0.3541279 0
vt 0.502735 0.3540644 0
vt 0.438748 0.4410783 0
vt 0.4387919 0.4410159 0
vt 0.5044218 0.3551894 0
vt 0.5044572 0.3551212 0
vt 0.4521587 0.4495576 0
vt 0.4521947 0.4494902 0
vt 0.5062766 0.3560242 0
vt 0.5063033 0.355952 0
vt 0.466504 0.4562655 0
vt 0.4665313 0.456194 0
vt 0.5082251 0.3566192 0
vt 0.5082424 0.3565446 0
vt 0.4815577 0.4610936 0
vt 0.4815757 0.4610191 0
vt 0.5102363 0.3569632 0
vt 0.5102442 0.3568867 0
vt 0.497078 0.4639658 0
vt 0.4970865 0.4638895 0
vt 0.5122775 0.3570527 0
vt 0.5122758 0.3569759 0
vt 0.5128151 0.4648377 0
vt 0.5128138 0.464761 0
vt 0.5143162 0.3568858 0
vt 0.5143048 0.3568099 0
vt 0.5285142 0.4636962 0
vt 0.5285031 0.4636202 0
vt 0.5163203 0.3564662 0
vt 0.5162997 0.3563921 0
vt 0.5439199 0.4605594 0
vt 0.5438992 0.4604854 0
vt 0.518259 0.3558017 0
vt 0.5182294 0.355731 0
vt 0.5587796 0.4554766 0
vt 0.5587496 0.4554059 0
vt 0.5201023 0.3549027 0
vt 0.5200643 0.3548357 0
vt 0.5728473 0.4485286 0
vt 0.5728084 0.4484623 0
vt 0.5218239 0.3537862 0
vt 0.5217784 0.3537243 0
vt 0.5858885 0.4398279 0
vt 0.5858417 0.4397671 0
vt 0.5233989 0.3524701 0
vt 0.5233462 0.3524142 0
vt 0.5976909 0.4295246 0
vt 0.5976383 0.4294687 0
vt 0.8898954 0.004429898 0
vt 0.889972 0.004432112 0
vt 0.9633435 0.08229033 0
vt 0.9633415 0.08236719 0
vt 0.01132874 0.3108775 0
vt 0.1001644 0.208584 0
vt 0.01316948 0.1950109 0
vt 0.01721235 0.2003898 0
vt 0.01701419 0.1997807 0
vt 0.01763808 0.2000577 0
vt 0.008566486 0.2802543 0
vt 0.008877094 0.2806217 0
vt 0.008275344 0.2808583 0
vt 0.06793249 0.2057235 0
vt 0.06761398 0.2053384 0
vt 0.06829809 0.205228 0
vt 0.0742337 0.299236 0
vt 0.07467217 0.2988204 0
vt 0.05467691 0.2789167 0
vt 0.05508395 0.2785711 0
vt 0.05524181 0.2790973 0
vt 0.00428483 0.2852658 0
vt 0.004120181 0.2856399 0
vt 0.00390625 0.2851336 0
vt 0.05835705 0.2827166 0
vt 0.05860514 0.2828145 0
vt 0.05845732 0.2829302 0
vt 0.07355001 0.2019456 0
vt 0.07318073 0.2020793 0
vt 0.07320115 0.2017694 0
vt 0.01859489 0.201357 0
vt 0.01869066 0.2012741 0
vt 0.01884263 0.2014991 0
vt 0.009911273 0.2793161 0
vt 0.01015329 0.2791823 0
vt 0.009991535 0.279403 0
vt 0.053714 0.2778897 0
vt 0.05357681 0.2776939 0
vt 0.05380779 0.277798 0
vt 0.06629029 0.2062718 0
vt 0.06600114 0.2063385 0
vt 0.06621272 0.2061775 0
vt 0.2986212 0.3128656 0
vt 0.3692925 0.1972795 0
vt 0.28125 0.1982891 0
vt 0.2861274 0.2029254 0
vt 0.2858312 0.2023569 0
vt 0.2864917 0.2025263 0
vt 0.2908211 0.2831226 0
vt 0.2911882 0.2834333 0
vt 0.290634 0.2837664 0
vt 0.3370322 0.1997893 0
vt 0.3366528 0.1994637 0
vt 0.3373103 0.1992409 0
vt 0.3587244 0.290966 0
vt 0.3590879 0.2904836 0
vt 0.336073 0.2741656 0
vt 0.3364164 0.2737575 0
vt 0.3366594 0.2742505 0
vt 0.2874284 0.2887742 0
vt 0.2873282 0.2891704 0
vt 0.2870331 0.2887065 0
vt 0.3403307 0.2773039 0
vt 0.3405915 0.2773597 0
vt 0.3404645 0.277498 0
vt 0.3419468 0.1951345 0
vt 0.3416047 0.1953277 0
vt 0.3415736 0.1950185 0
vt 0.2876509 0.2036505 0
vt 0.287731 0.2035517 0
vt 0.2879188 0.2037495 0
vt 0.2919917 0.2819744 0
vt 0.2922082 0.2818023 0
vt 0.2920853 0.2820468 0
vt 0.3349531 0.273312 0
vt 0.3347852 0.2731417 0
vt 0.3350302 0.273206 0
vt 0.3355016 0.2006011 0
vt 0.3352281 0.2007147 0
vt 0.3354109 0.2005214 0
vt 0.7425493 0.1307695 0
vt 0.7424362 0.1312358 0
vt 0.7421081 0.1309572 0
vt 0.7524616 0.1207922 0
vt 0.7526421 0.1203481 0
vt 0.7529235 0.120678 0
vt 0.6388837 0.1206813 0
vt 0.6384199 0.1205657 0
vt 0.6386994 0.1202389 0
vt 0.6486915 0.1307698 0
vt 0.6491346 0.1309539 0
vt 0.6488034 0.1312344 0
vt 0.752464 0.02606303 0
vt 0.7529289 0.02617868 0
vt 0.7526494 0.0265055 0
vt 0.7426593 0.01597335 0
vt 0.7422161 0.01579028 0
vt 0.7425474 0.01550965 0
vt 0.6488034 0.01597117 0
vt 0.6489158 0.01550373 0
vt 0.6492438 0.0157824 0
vt 0.6388877 0.02594643 0
vt 0.6387082 0.02639134 0
vt 0.6384268 0.02606141 0
vt 0.7464905 0.004514463 0
vt 0.7457775 0.004111068 0
vt 0.7645376 0.02290639 0
vt 0.7642442 0.02213771 0
vt 0.76394 0.1245761 0
vt 0.7643367 0.1238642 0
vt 0.7457502 0.1428327 0
vt 0.7465244 0.1425397 0
vt 0.6448622 0.1422303 0
vt 0.6455752 0.1426336 0
vt 0.6268129 0.1238381 0
vt 0.6270978 0.1246096 0
vt 0.6274033 0.02216152 0
vt 0.6270153 0.02287499 0
vt 0.645604 0.00390625 0
vt 0.6448296 0.00419905 0
vt 0.744601 0.01114586 0
vt 0.7445069 0.0108675 0
vt 0.7448121 0.01097047 0
vt 0.7574348 0.02399197 0
vt 0.7575609 0.0242792 0
vt 0.757279 0.02418738 0
vt 0.633782 0.02412818 0
vt 0.6338852 0.02382188 0
vt 0.6340613 0.02403429 0
vt 0.6467096 0.01100402 0
vt 0.6469939 0.01087118 0
vt 0.6469022 0.01115317 0
vt 0.6467505 0.1355984 0
vt 0.6468446 0.1358768 0
vt 0.6465394 0.1357739 0
vt 0.6339175 0.1227525 0
vt 0.6337875 0.1224661 0
vt 0.6340699 0.1225576 0
vt 0.7575678 0.122611 0
vt 0.7574686 0.1229172 0
vt 0.7572891 0.122705 0
vt 0.7446434 0.1357353 0
vt 0.7443591 0.1358681 0
vt 0.7444507 0.1355861 0
vt 0.7422881 0.01710052 0
vt 0.7421328 0.01726966 0
vt 0.7420063 0.01698944 0
vt 0.7513578 0.02641631 0
vt 0.7514512 0.02670209 0
vt 0.7511423 0.02653267 0
vt 0.640223 0.02643371 0
vt 0.6399119 0.02659994 0
vt 0.6400129 0.0263188 0
vt 0.6491536 0.01707987 0
vt 0.6494402 0.01697658 0
vt 0.6493107 0.01725471 0
vt 0.6490622 0.1296448 0
vt 0.6492175 0.1294743 0
vt 0.6493441 0.1297543 0
vt 0.6399921 0.1203279 0
vt 0.6398972 0.1200421 0
vt 0.6402061 0.1202114 0
vt 0.7511273 0.1203058 0
vt 0.7514383 0.1201396 0
vt 0.7513372 0.1204206 0
vt 0.7421983 0.1296601 0
vt 0.7419115 0.1297631 0
vt 0.742041 0.129485 0
vt 0.00390625 0.9469082 0
vt 0.00390625 0.8458569 0
vt 0.05855107 0.9469082 0
vt 0.05855107 0.8458569 0
vt 0.02308608 0.9469082 0
vt 0.02327116 0.9469082 0
vt 0.02327116 0.8458569 0
vt 0.02308608 0.8458569 0
vt 0.03918616 0.9469082 0
vt 0.03937124 0.9469082 0
vt 0.03937124 0.8458569 0
vt 0.03918616 0.8458569 0
vt 0.2871747 0.3423135 0
vt 0.2580111 0.2263238 0
vt 0.2513477 0.2284877 0
vt 0.2807179 0.3449291 0
vt 0.2397259 0.2322237 0
vt 0.2737105 0.3477053 0
vt 0.2281408 0.2361653 0
vt 0.2668347 0.3505769 0
vt 0.2167002 0.2404288 0
vt 0.2599297 0.353495 0
vt 0.2054652 0.2450583 0
vt 0.2531677 0.3566607 0
vt 0.1944684 0.2500627 0
vt 0.24648 0.3600172 0
vt 0.1837245 0.2554345 0
vt 0.2397975 0.3634569 0
vt 0.1732373 0.2611598 0
vt 0.2333021 0.3672262 0
vt 0.163004 0.2672253 0
vt 0.2268291 0.3710803 0
vt 0.1530185 0.2736196 0
vt 0.2204808 0.3751428 0
vt 0.1432755 0.2803356 0
vt 0.2143788 0.3795519 0
vt 0.1337738 0.2873689 0
vt 0.2084385 0.3841811 0
vt 0.27243 0.3046497 0
vt 0.2723821 0.3043699 0
vt 0.2710164 0.268239 0
vt 0.2709355 0.2677486 0
vt 0.2655616 0.3066283 0
vt 0.2655037 0.3062272 0
vt 0.2642667 0.2698094 0
vt 0.2642052 0.2693998 0
vt 0.2580185 0.3089671 0
vt 0.2579237 0.3085499 0
vt 0.2530212 0.2728035 0
vt 0.2529348 0.2724107 0
vt 0.250293 0.3117083 0
vt 0.2501814 0.3113025 0
vt 0.2423235 0.2762495 0
vt 0.2422151 0.2758595 0
vt 0.2425412 0.3148568 0
vt 0.2424012 0.314454 0
vt 0.2320653 0.2800673 0
vt 0.2319363 0.2796804 0
vt 0.2347223 0.3182951 0
vt 0.2345678 0.3179039 0
vt 0.2221685 0.2842157 0
vt 0.2220204 0.283834 0
vt 0.2269204 0.3220372 0
vt 0.2267517 0.3216578 0
vt 0.2125774 0.2886742 0
vt 0.2124114 0.2882979 0
vt 0.2192069 0.3261235 0
vt 0.2190164 0.325744 0
vt 0.2032554 0.2934295 0
vt 0.2030733 0.2930596 0
vt 0.2115205 0.3304235 0
vt 0.2113226 0.330061 0
vt 0.1941805 0.2984693 0
vt 0.1939827 0.2981063 0
vt 0.2039728 0.3350458 0
vt 0.2037579 0.3346876 0
vt 0.1853389 0.3037886 0
vt 0.185127 0.3034328 0
vt 0.1965327 0.3399205 0
vt 0.1963024 0.339565 0
vt 0.1767291 0.3093806 0
vt 0.176503 0.3090326 0
vt 0.189159 0.3449662 0
vt 0.1889223 0.3446236 0
vt 0.1683541 0.3152436 0
vt 0.1681133 0.3149053 0
vt 0.1819122 0.3502293 0
vt 0.1816629 0.3498935 0
vt 0.1602244 0.3213901 0
vt 0.1599697 0.3210638 0
vt 0.1256609 0.2937877 0
vt 0.2037434 0.387938 0
vt 0.1533366 0.3270135 0
vt 0.1530706 0.3266938 0
vt 0.1762961 0.3546568 0
vt 0.176009 0.3543118 0
vt 0.1433421 0.4612136 0
vt 0.03515625 0.4116356 0
vt 0.03847422 0.4054645 0
vt 0.1471084 0.4553522 0
vt 0.04422744 0.3946975 0
vt 0.151144 0.4490712 0
vt 0.05019417 0.3840073 0
vt 0.1552346 0.4428365 0
vt 0.05646261 0.3735219 0
vt 0.1594335 0.43667 0
vt 0.06306274 0.3633096 0
vt 0.1637754 0.4305908 0
vt 0.06999512 0.3534035 0
vt 0.1682819 0.4246156 0
vt 0.07724767 0.3438174 0
vt 0.1729648 0.4187604 0
vt 0.08480481 0.3345524 0
vt 0.177831 0.4130395 0
vt 0.09265261 0.3256024 0
vt 0.182883 0.4074677 0
vt 0.1007806 0.3169601 0
vt 0.1881215 0.4020611 0
vt 0.1091821 0.3086187 0
vt 0.1935463 0.3968368 0
vt 0.1178519 0.3005759 0
vt 0.199157 0.3918143 0
vt 0.1092643 0.439865 0
vt 0.1090004 0.4397667 0
vt 0.07402076 0.4318918 0
vt 0.07355681 0.4317255 0
vt 0.1124847 0.4334872 0
vt 0.1120946 0.4333501 0
vt 0.07679721 0.4255388 0
vt 0.07640027 0.4254064 0
vt 0.1162678 0.4264762 0
vt 0.1158887 0.4263116 0
vt 0.08168934 0.4150161 0
vt 0.08132453 0.4148591 0
vt 0.1203987 0.4194074 0
vt 0.1200203 0.4192196 0
vt 0.08703231 0.4051222 0
vt 0.08666897 0.4049453 0
vt 0.1248999 0.4123377 0
vt 0.1245334 0.4121306 0
vt 0.09266194 0.3957319 0
vt 0.09230525 0.3955352 0
vt 0.1297354 0.4053102 0
vt 0.1293804 0.405086 0
vt 0.09855617 0.3867599 0
vt 0.09820756 0.3865454 0
vt 0.1348731 0.3983569 0
vt 0.1345288 0.3981176 0
vt 0.1047032 0.3781494 0
vt 0.1043635 0.3779184 0
vt 0.1402888 0.3915065 0
vt 0.1399553 0.3912534 0
vt 0.1110942 0.3698609 0
vt 0.1107637 0.3696147 0
vt 0.145964 0.3847803 0
vt 0.1456412 0.3845147 0
vt 0.1177224 0.3618692 0
vt 0.1174013 0.3616092 0
vt 0.1518812 0.3781949 0
vt 0.1515687 0.377918 0
vt 0.124582 0.354161 0
vt 0.1242709 0.3538879 0
vt 0.1580229 0.3717612 0
vt 0.1577203 0.3714738 0
vt 0.1316693 0.3467319 0
vt 0.1313686 0.3464462 0
vt 0.1643711 0.3654838 0
vt 0.1640789 0.3651873 0
vt 0.1389842 0.3395864 0
vt 0.1386952 0.3392882 0
vt 0.1709104 0.3593686 0
vt 0.170624 0.3590574 0
vt 0.1465332 0.3327378 0
vt 0.1462585 0.3324282 0
#end 1277 textures vertices 

#begin 605 normals 
vn -0.9062 -0.3015 0.2965
vn -0.9029 -0.3015 -0.3065
vn -0.7032 -0 -0.711
vn -0.7071 -0.7071 -0.0039
vn -0.711 -0 0.7032
vn -0.0039 -0.7071 0.7071
vn 0.0039 -0.7071 -0.7071
vn -0.0055 -0 1
vn -1 -0 -0.0055
vn 0.0055 -0 -1
vn -0 -1 -0
vn -1 -0 -0.0055
vn -0.6613 0.7134 0.232
vn -0.7103 0.3259 0.6239
vn -0.8839 0.3863 0.2635
vn -0.8839 -0.3863 0.2635
vn -0.7103 -0.3259 0.624
vn -0.6613 -0.7134 0.2321
vn 0.2838 0.9563 0.0699
vn 0.7034 0.6896 0.1725
vn 0.2023 0.9615 0.1861
vn -0.5669 -0.4606 0.683
vn -0.8182 -0.4606 0.3442
vn -0.5232 -0.7588 0.388
vn -0.5669 0.4606 0.683
vn -0.5232 0.7588 0.388
vn -0.8182 0.4606 0.3442
vn 0.6605 -0.6842 -0.3093
vn 0.9429 -0.2853 -0.1719
vn 0.9553 -0.2052 -0.2129
vn -0.2051 -0.7075 -0.6762
vn -0.2704 -0.7075 -0.6529
vn -0.3331 -0.7075 -0.6232
vn -0.3926 -0.7075 -0.5876
vn -0.4483 -0.7075 -0.5463
vn -0.5463 0.7075 -0.4483
vn -0.4997 0.7075 -0.4997
vn -0.5876 0.7075 -0.3926
vn -0.6872 0.7135 -0.1368
vn -0.6762 0.7075 -0.2051
vn -0.7099 -0 0.7043
vn -0.8141 -0.0005 0.5807
vn 0.7071 -0.7071 -0.0057
vn 0.7041 -0.708 -0.0548
vn 0.6529 0.7075 -0.2704
vn 0.6762 0.7075 -0.2051
vn 0.6232 0.7075 -0.3331
vn 0.6232 -0.7075 -0.3331
vn 0.5876 -0.7075 -0.3926
vn 0.4997 -0.7075 -0.4997
vn 0.4483 -0.7075 -0.5463
vn -0.9441 -0.2364 0.2296
vn -0.0693 0.7075 -0.7033
vn -0 0.7075 -0.7067
vn -0.2704 0.7075 -0.6529
vn -0.2051 0.7075 -0.6762
vn -0.3331 0.7075 -0.6232
vn -0.6529 0.7075 -0.2704
vn -0.6232 0.7075 -0.3331
vn -0.6529 -0.7075 -0.2704
vn -0.6762 -0.7075 -0.2051
vn -0.6872 -0.7135 -0.1368
vn 0.6931 0.7075 -0.1379
vn 0.6931 -0.7075 -0.1379
vn 0.6762 -0.7075 -0.2051
vn 0.6529 -0.7075 -0.2704
vn 0.5463 0.7075 -0.4483
vn 0.5876 0.7075 -0.3926
vn 0.3926 -0.7075 -0.5876
vn 0.3331 -0.7075 -0.6232
vn 0.2704 0.7075 -0.6529
vn 0.3331 0.7075 -0.6232
vn 0.2704 -0.7075 -0.6529
vn 0.2051 -0.7075 -0.6762
vn 0.0693 0.7075 -0.7033
vn 0.1379 0.7075 -0.6931
vn 0.0693 -0.7075 -0.7033
vn -0 -0.7075 -0.7067
vn -0.0693 -0.7075 -0.7033
vn 0.1379 -0.7075 -0.6931
vn 0.5463 -0.7075 -0.4483
vn 0.6763 -0.7075 -0.2051
vn 0.6994 -0.7071 -0.1038
vn -0.8085 -0.5859 -0.0558
vn -0.8085 -0.5858 -0.0558
vn -0.6931 -0.7075 -0.1379
vn -0.6763 -0.7075 -0.2051
vn -0.6232 -0.7075 -0.3331
vn -0.5876 -0.7075 -0.3926
vn -0.5463 -0.7075 -0.4483
vn -0.4997 -0.7075 -0.4997
vn -0.1379 -0.7075 -0.6931
vn 0.2051 0.7076 -0.6762
vn 0.2704 0.7076 -0.6529
vn 0.3926 0.7075 -0.5876
vn 0.4483 0.7075 -0.5463
vn 0.4997 0.7075 -0.4997
vn 0.6763 0.7075 -0.2051
vn 0.7041 0.708 -0.0548
vn 0.7071 0.7071 -0.0057
vn -0.7041 0.708 -0.0548
vn -0.7071 0.7071 -0.0057
vn -0.6931 0.7075 -0.1379
vn -0.6763 0.7075 -0.2051
vn -0.4483 0.7075 -0.5463
vn -0.3926 0.7075 -0.5876
vn -0.2704 0.7076 -0.6529
vn -0.2051 0.7076 -0.6762
vn -0.1379 0.7075 -0.6931
vn -0.2051 0.7075 -0.6763
vn -0.2051 -0.7075 -0.6763
vn 0.2051 0.7075 -0.6763
vn 0.2051 -0.7075 -0.6763
vn 0.2051 -0.7076 -0.6762
vn 0.2704 -0.7076 -0.6529
vn -0.7071 -0.7071 -0.0057
vn -0.7041 -0.708 -0.0548
vn -0.2704 -0.7076 -0.6529
vn -0.2051 -0.7076 -0.6762
vn 0.2051 0.7075 -0.6762
vn -0 -0 1
vn -1 -0.0001 -0.008
vn -0.997 -0 -0.0772
vn -0.997 -0 -0.0774
vn 0.098 -0 -0.9952
vn 0.1951 -0 -0.9808
vn 0.2903 -0 -0.9569
vn -0 -1 -0
vn 0.3827 -0 -0.9239
vn -0 1 -0
vn 0.5556 -0 -0.8315
vn 0.6344 -0 -0.773
vn 0.4714 -0 -0.8819
vn 0.7071 -0 -0.7071
vn 0.773 -0 -0.6344
vn 0.8315 -0 -0.5556
vn 0.8819 -0 -0.4714
vn 0.9239 -0 -0.3827
vn 0.9569 -0 -0.2903
vn 0.9808 -0 -0.1951
vn 0.997 -0 -0.0776
vn 1 -0 -0.0081
vn -1 -0 -0.0079
vn -1 0.0001 -0.008
vn -0.9808 -0 -0.1949
vn -0.1467 -0 0.9892
vn -0.9569 -0 -0.2903
vn -0.9239 -0 -0.3827
vn -0.8819 -0 -0.4714
vn -0.8315 -0 -0.5556
vn -0.773 -0 -0.6344
vn -0.7071 -0 -0.7071
vn -0.6344 -0 -0.773
vn -0.5556 -0 -0.8315
vn -0.4714 -0 -0.8819
vn -0.3827 -0 -0.9239
vn -0.2903 -0 -0.9569
vn -0.1951 -0 -0.9808
vn -0.098 -0 -0.9952
vn -0 -0 -1
vn 0.9892 -0 -0.1467
vn -0.997 -0 -0.0776
vn -0.9808 -0 -0.1951
vn -1 -0 -0.0081
vn -0.9892 -0 -0.1467
vn -0.6716 -0 -0.7409
vn 0.7409 -0 -0.6716
vn -0.243 -0 -0.97
vn 0.97 -0 -0.243
vn 0.243 -0 -0.97
vn 0.97 -0 0.243
vn -0.8032 -0 0.5957
vn -0.5957 -0 -0.8032
vn -0.9892 -0 0.1467
vn -0.1467 -0 -0.9892
vn -0.9415 -0 -0.3369
vn 0.3369 -0 -0.9415
vn 0.0491 -0 -0.9988
vn -0.9988 -0 -0.0491
vn 0.9988 -0 0.0491
vn 0.5141 -0 -0.8577
vn -0.8577 -0 -0.5141
vn 0.8577 -0 0.5141
vn 0.8577 -0 -0.5141
vn -0.5141 -0 -0.8577
vn 0.5141 -0 0.8577
vn -0.9892 -0 -0.1467
vn -0.1467 -0 0.9892
vn 0.1467 -0 -0.9892
vn -0.8032 -0 -0.5957
vn -0.5957 -0 0.8032
vn 0.5957 -0 -0.8032
vn -0.4276 -0 -0.904
vn -0.904 -0 0.4276
vn 0.904 -0 -0.4276
vn -0.5773 0.5775 -0.5773
vn 0.5773 0.5775 -0.5773
vn -0.7071 0.7071 -0
vn 0.7071 0.7071 -0
vn -0 0.7071 -0.7072
vn -0.7071 -0 -0.7071
vn 0.7071 -0 -0.7071
vn -1 -0 -0
vn -0 1 -0
vn 1 -0 -0
vn -0 -0 -1
vn 0.5774 0.5774 -0.5774
vn -0.5774 0.5773 -0.5774
vn -0.3015 0.3015 -0.9045
vn 0.3015 0.3015 -0.9045
vn 0.5774 0.5773 -0.5774
vn -0.5774 0.5774 -0.5774
vn -0.7071 -0 -0.7071
vn 0.7071 -0 -0.7071
vn -0 0.7071 -0.7071
vn 0.7071 0.7071 -0
vn -0.7071 0.7071 -0
vn -1 -0 -0
vn -0 -0 -1
vn 1 -0 -0
vn -0 1 -0
vn -0.5774 -0.5773 -0.5774
vn -0.5774 0.5773 -0.5774
vn 0.3015 0.3015 -0.9045
vn 0.5774 0.5773 -0.5774
vn -0.7071 -0.7071 -0
vn -0.7071 -0 -0.7071
vn -0 0.7071 -0.7071
vn -0.7071 0.7071 -0
vn 0.7071 0.7071 -0
vn 0.7071 -0 -0.7071
vn -0 -0.7071 -0.7071
vn -0 -1 -0
vn -1 -0 -0
vn -0 -0 -1
vn -0 1 -0
vn 1 -0 -0
vn -0 -0 -1
vn -0 -0 -1
vn 0.7071 -0 -0.7071
vn -0.7071 -0 -0.7071
vn -1 -0 -0
vn -0 -0 -1
vn 1 -0 -0
vn 0.7071 -0 -0.7071
vn -0.7071 -0 -0.7071
vn -1 -0 -0
vn -0 -0 -1
vn 1 -0 -0
vn -0 -0 -1
vn -0 1 -0
vn 0.9948 -0 -0.1016
vn 0.9641 -0 -0.2657
vn -0.9993 -0 0.0386
vn -0.9898 -0 0.1423
vn 0.9211 -0 -0.3893
vn 1 -0 -0
vn -0 -0 -1
vn -0.9628 -0 0.2703
vn -0.9193 -0 0.3936
vn 0.8624 -0 -0.5062
vn 0.789 -0 -0.6144
vn 0.7021 -0 -0.7121
vn -0.86 -0 0.5102
vn -0.7861 -0 0.6181
vn -0.6987 -0 0.7154
vn -0.5993 -0 0.8005
vn 0.6031 -0 -0.7977
vn 0.4938 -0 -0.8696
vn 0.3761 -0 -0.9266
vn -0.4897 -0 0.8719
vn 0.2519 -0 -0.9677
vn 0.1235 -0 -0.9924
vn -0.3717 -0 0.9284
vn -0.2473 -0 0.9689
vn -0.1188 -0 0.9929
vn -0.0071 -0 -1
vn -0.0363 -0 -0.9993
vn 0.0327 -0 -0.9995
vn -0.0268 -0 0.9996
vn -0.0327 -0 0.9995
vn -0.1305 -0 0.9914
vn 0.1305 -0 -0.9914
vn 0.2588 -0 -0.9659
vn 0.3827 -0 -0.9239
vn -0.2588 -0 0.9659
vn -0.3827 -0 0.9239
vn -0.5 -0 0.866
vn -0.6088 -0 0.7933
vn 0.5 -0 -0.866
vn 0.6088 -0 -0.7934
vn 0.7071 -0 -0.7071
vn -0.7071 -0 0.7071
vn 0.7934 -0 -0.6088
vn 0.866 -0 -0.5
vn -0.7934 -0 0.6088
vn -0.866 -0 0.5
vn -0.9239 -0 0.3827
vn 0.9239 -0 -0.3827
vn 0.9659 -0 -0.2588
vn 0.9914 -0 -0.1305
vn -0.9659 -0 0.2588
vn -0.9914 -0 0.1305
vn -0.9995 -0 0.0327
vn 0.9995 -0 -0.0327
vn -1 -0 -0
vn -0.4065 0.8172 -0.4085
vn -0.4078 0.8172 -0.4072
vn -0.7047 0.709 0.0268
vn -0.7047 0.709 0.0277
vn 0.6852 0.7253 -0.0667
vn 0.6848 0.725 -0.0733
vn 0.4031 0.824 -0.3982
vn 0.3916 0.8237 -0.4101
vn -0.6982 0.7088 0.1001
vn -0.6982 0.7088 0.1006
vn 0.6704 0.7194 -0.1817
vn 0.6691 0.7192 -0.1873
vn -0.6794 0.7086 0.1905
vn -0.6793 0.7086 0.1909
vn 0.6442 0.716 -0.269
vn 0.6422 0.7158 -0.2744
vn 0.6061 0.7132 -0.3522
vn 0.6033 0.7131 -0.3572
vn -0.649 0.7084 0.2776
vn -0.6488 0.7084 0.2781
vn 0.5567 0.711 -0.4296
vn 0.5532 0.7109 -0.4342
vn -0.6074 0.7082 0.36
vn -0.6071 0.7082 0.3605
vn -0.5553 0.708 0.4363
vn -0.555 0.708 0.4367
vn 0.4971 0.7092 -0.4999
vn 0.4931 0.7091 -0.504
vn 0.4287 0.7075 -0.5618
vn 0.4241 0.7074 -0.5654
vn -0.4937 0.7079 0.5052
vn -0.4933 0.7079 0.5055
vn 0.3524 0.706 -0.6143
vn 0.3475 0.7059 -0.6173
vn -0.4236 0.7078 0.5654
vn -0.4232 0.7078 0.5657
vn -0.3462 0.7076 0.6159
vn -0.3458 0.7076 0.6162
vn 0.2698 0.7043 -0.6566
vn 0.2645 0.7042 -0.6588
vn 0.1823 0.7025 -0.688
vn 0.1767 0.7024 -0.6895
vn -0.2629 0.7075 0.656
vn -0.2625 0.7075 0.6562
vn -0.1751 0.7073 0.6849
vn -0.1746 0.7073 0.685
vn 0.0912 0.7004 -0.7079
vn 0.0854 0.7003 -0.7088
vn -0.0021 0.6979 -0.7162
vn -0.0079 0.6977 -0.7164
vn -0.0842 0.7071 0.7021
vn -0.0837 0.7071 0.7022
vn -0.0264 0.6976 -0.716
vn -0.0256 0.6976 -0.716
vn -0.0187 0.7067 0.7073
vn -0.0192 0.7067 0.7073
vn -0.0235 0.7069 0.707
vn -0.0228 0.7069 0.707
vn 0.0237 0.7001 -0.7137
vn 0.023 0.7001 -0.7137
vn 0.0929 0.7022 -0.7059
vn -0.0923 0.7072 0.7009
vn 0.1839 0.7036 -0.6864
vn -0.1829 0.7074 0.6827
vn -0.2704 0.7075 0.6529
vn 0.2715 0.7046 -0.6556
vn 0.3544 0.7054 -0.6139
vn -0.3533 0.7076 0.612
vn 0.4311 0.706 -0.5619
vn -0.4301 0.7076 0.5606
vn -0.4996 0.7077 0.4996
vn 0.5005 0.7064 -0.5005
vn 0.5612 0.7068 -0.4307
vn -0.5605 0.7077 0.4301
vn -0.6118 0.7077 0.3532
vn 0.6124 0.707 -0.3536
vn 0.6532 0.7072 -0.2706
vn -0.6527 0.7077 0.2704
vn 0.6828 0.7073 -0.183
vn -0.6824 0.7077 0.1828
vn -0.7005 0.7077 0.0922
vn 0.7008 0.7073 -0.0923
vn 0.5866 0.8095 -0.0238
vn 0.5828 0.8123 -0.0231
vn -0.5858 0.8101 0.0238
vn -0.5819 0.8129 0.0231
vn 0.448 0.894 -0
vn -0.4467 0.8947 -0
vn 0.3015 0.9045 -0.3015
vn 0.3015 0.9045 0.3015
vn -0.3015 0.9045 -0.3015
vn -0.3015 0.9045 0.3015
vn -0 0.7071 -0.7071
vn 0.5774 0.5773 -0.5774
vn 0.7071 0.7071 -0
vn 0.5774 0.5773 0.5774
vn -0.5774 0.5773 0.5774
vn -0.5774 0.5773 -0.5774
vn 0.7071 -0 -0.7071
vn -0 0.7071 0.7071
vn -0.7071 0.7071 -0
vn -0.7071 -0 -0.7071
vn 0.7071 -0 0.7071
vn -0.7071 -0 0.7071
vn 1 -0 -0
vn -0 1 -0
vn -0 -0 -1
vn -0 -0 1
vn -1 -0 -0
vn 0.3015 0.9045 -0.3015
vn 0.3015 0.9045 0.3015
vn -0.3015 0.9045 -0.3015
vn -0.3015 0.9045 0.3015
vn -0 0.7071 -0.7071
vn 0.5774 0.5773 -0.5774
vn 0.7071 0.7071 -0
vn 0.5774 0.5773 0.5774
vn -0.5774 0.5773 0.5774
vn -0.5774 0.5773 -0.5774
vn 0.7071 -0 -0.7071
vn -0 0.7071 0.7071
vn -0.7071 0.7071 -0
vn -0.7071 -0 -0.7071
vn 0.7071 -0 0.7071
vn -0.7071 -0 0.7071
vn 1 -0 -0
vn -0 1 -0
vn -0 -0 -1
vn -0 -0 1
vn -1 -0 -0
vn 0.2157 0.8259 -0.5208
vn 0.5208 0.8259 -0.2157
vn -0.5208 0.8259 -0.2157
vn -0.2157 0.8259 -0.5208
vn 0.5208 0.8259 0.2157
vn 0.2157 0.8259 0.5208
vn -0.2157 0.8259 0.5208
vn -0.5208 0.8259 0.2157
vn -0.3136 0.5733 -0.757
vn -0.757 0.5733 -0.3136
vn 0.757 0.5733 -0.3136
vn 0.3135 0.5733 -0.757
vn 0.3136 0.5733 0.757
vn 0.757 0.5733 0.3136
vn -0.757 0.5733 0.3136
vn -0.3135 0.5733 0.757
vn 0.3248 0.5287 0.7842
vn 0.746 0.59 0.309
vn -0.746 0.59 0.309
vn -0.3248 0.5287 0.7842
vn -0.3248 0.5287 -0.7842
vn -0.746 0.59 -0.309
vn 0.746 0.59 -0.309
vn 0.3248 0.5287 -0.7842
vn -0.5 0.7071 -0.5
vn -0.9239 -0 -0.3827
vn -0.3827 -0 -0.9239
vn 0.9239 -0 -0.3827
vn 0.5 0.7071 -0.5
vn 0.3827 -0 -0.9239
vn 0.5 0.7071 0.5
vn 0.9239 -0 0.3827
vn 0.3827 -0 0.9239
vn -0.9239 -0 0.3827
vn -0.5 0.7071 0.5
vn -0.3827 -0 0.9239
vn -0.7071 0.7071 -0
vn -0 0.7071 0.7071
vn -0 0.7071 -0.7071
vn 0.7071 0.7071 -0
vn 0.5374 0.6498 0.5375
vn -0.5374 0.6498 0.5375
vn -0.5374 0.6498 -0.5375
vn 0.5374 0.6498 -0.5375
vn 0.6386 0.7696 -0
vn -0.6386 0.7696 -0
vn -0 1 -0
vn -0 -0 -1
vn 0.7071 -0 -0.7071
vn 1 -0 -0
vn -0.7071 -0 -0.7071
vn -1 -0 -0
vn 0.7071 -0 0.7071
vn -0 -0 1
vn -0.7071 -0 0.7071
vn 0.7071 -0 -0.7071
vn -0.7071 -0 -0.7071
vn -1 -0 -0
vn -0 -0 -1
vn 1 -0 -0
vn -0.7063 -0.0228 -0.7075
vn -0.7065 -0 -0.7077
vn -0.7063 -0.0235 -0.7075
vn 0.7065 -0 -0.7077
vn 0.7063 0.0235 -0.7075
vn 0.7063 0.0228 -0.7075
vn 0.7004 0.0922 -0.7077
vn -0.7004 -0.0922 -0.7077
vn -0.6824 -0.1829 -0.7078
vn 0.6824 0.1829 -0.7078
vn 0.6526 0.2703 -0.7078
vn -0.6526 -0.2703 -0.7078
vn -0.6118 -0.3532 -0.7078
vn 0.6118 0.3532 -0.7078
vn -0.5604 -0.43 -0.7078
vn 0.5604 0.43 -0.7078
vn 0.4995 0.4995 -0.7078
vn -0.4995 -0.4995 -0.7078
vn -0.43 -0.5604 -0.7078
vn 0.43 0.5604 -0.7078
vn -0.3532 -0.6117 -0.7078
vn 0.3532 0.6117 -0.7078
vn 0.2703 0.6526 -0.7079
vn -0.2703 -0.6526 -0.7079
vn -0.1828 -0.6823 -0.7079
vn 0.1828 0.6823 -0.7079
vn 0.0922 0.7003 -0.7079
vn -0.0922 -0.7003 -0.7079
vn -0 -0 -1
vn -1 -0 -0
vn -0.9995 -0.0327 -0
vn 1 -0 -0
vn 0.9995 0.0327 -0
vn -0.9914 -0.1305 -0
vn 0.9914 0.1305 -0
vn -0.9659 -0.2588 -0
vn 0.9659 0.2588 -0
vn -0.9239 -0.3827 -0
vn 0.9239 0.3827 -0
vn -0.866 -0.5 -0
vn 0.866 0.5 -0
vn -0.7933 -0.6088 -0
vn 0.7933 0.6088 -0
vn -0.7071 -0.7071 -0
vn 0.7071 0.7071 -0
vn -0.6087 -0.7934 -0
vn 0.6088 0.7934 -0
vn -0.5 -0.866 -0
vn 0.5 0.866 -0
vn -0.3827 -0.9239 -0
vn 0.3827 0.9239 -0
vn -0.2588 -0.9659 -0
vn 0.2588 0.9659 -0
vn -0.1305 -0.9914 -0
vn 0.1305 0.9914 -0
vn -0 -0.7064 -0.7079
vn -0 0.7064 -0.7079
vn -0 -1 -0
vn -0 1 -0
vn 0.7063 -0.0228 -0.7075
vn 0.7063 -0.0235 -0.7075
vn -0.7063 0.0228 -0.7075
vn -0.7063 0.0235 -0.7075
vn -0.7004 0.0922 -0.7077
vn 0.7004 -0.0922 -0.7077
vn 0.6824 -0.1829 -0.7078
vn -0.6824 0.1829 -0.7078
vn -0.6526 0.2703 -0.7078
vn 0.6526 -0.2703 -0.7078
vn 0.6118 -0.3532 -0.7078
vn -0.6118 0.3532 -0.7078
vn 0.5604 -0.43 -0.7078
vn -0.5604 0.43 -0.7078
vn -0.4995 0.4995 -0.7078
vn 0.4995 -0.4995 -0.7078
vn 0.43 -0.5604 -0.7078
vn -0.43 0.5604 -0.7078
vn 0.3532 -0.6117 -0.7078
vn -0.3532 0.6117 -0.7078
vn -0.2703 0.6526 -0.7079
vn 0.2703 -0.6526 -0.7079
vn 0.1828 -0.6823 -0.7079
vn -0.1828 0.6823 -0.7079
vn -0.0922 0.7003 -0.7079
vn 0.0922 -0.7003 -0.7079
vn 0.9995 -0.0327 -0
vn -0.9995 0.0327 -0
vn 0.9914 -0.1305 -0
vn -0.9914 0.1305 -0
vn 0.9659 -0.2588 -0
vn -0.9659 0.2588 -0
vn 0.9239 -0.3827 -0
vn -0.9239 0.3827 -0
vn 0.866 -0.5 -0
vn -0.866 0.5 -0
vn 0.7933 -0.6088 -0
vn -0.7933 0.6088 -0
vn 0.7071 -0.7071 -0
vn -0.7071 0.7071 -0
vn 0.6087 -0.7934 -0
vn -0.6088 0.7934 -0
vn 0.5 -0.866 -0
vn -0.5 0.866 -0
vn 0.3827 -0.9239 -0
vn -0.3827 0.9239 -0
vn 0.2588 -0.9659 -0
vn -0.2588 0.9659 -0
vn 0.1305 -0.9914 -0
vn -0.1305 0.9914 -0
#end 605 normals 

#begin 1061 faces
o Cube:477
s 0
f 27/27/1 28/28/1 29/29/1 
f 30/30/2 31/31/2 32/32/2 
f 33/33/3 31/31/3 30/30/3 34/34/3 
f 27/27/4 32/32/4 31/31/4 28/28/4 
f 25/25/5 11/11/5 12/12/5 26/26/5 
f 23/23/3 15/15/3 16/16/3 24/24/3 
f 11/11/5 22/22/5 21/21/5 12/12/5 
f 15/15/3 14/14/3 13/13/3 16/16/3 
f 28/28/5 36/36/5 35/35/5 29/29/5 
f 17/17/6 27/27/6 29/29/6 18/18/6 
f 19/19/7 30/30/7 32/32/7 20/20/7 
f 1/1/8 6/6/8 11/11/8 25/25/8 
f 9/9/9 31/31/9 12/12/9 21/21/9 
f 31/31/9 33/33/9 26/26/9 12/12/9 
f 6/6/8 4/4/8 22/22/8 11/11/8 
f 5/5/10 2/2/10 14/14/10 15/15/10 
f 16/16/9 13/13/9 36/36/9 28/28/9 
f 3/3/10 5/5/10 15/15/10 23/23/10 
f 24/24/9 16/16/9 28/28/9 10/10/9 
f 17/17/11 20/20/11 32/32/11 27/27/11 
f 8/8/8 18/18/8 29/29/8 35/35/8 
f 19/19/10 7/7/10 34/34/10 30/30/10 
f 31/31/9 9/9/9 10/10/9 28/28/9 
o Cube:478
s 0
f 39/39/12 38/38/12 37/37/12 40/40/12 
o Cylinder:039
s 1
f 144/144/13 145/145/14 146/146/15 
f 207/207/16 208/208/17 209/209/18 
f 210/210/19 211/211/20 212/212/21 
f 439/439/22 440/440/23 441/441/24 
f 442/442/25 443/443/26 444/444/27 
f 539/539/28 540/540/29 541/541/30 
f 172/172/31 169/169/32 170/170/32 171/171/31 
f 169/169/32 167/167/33 168/168/33 170/170/32 
f 167/167/33 163/163/34 164/164/34 168/168/33 
f 163/163/34 161/161/35 162/162/35 164/164/34 
f 158/158/36 159/159/37 160/160/37 157/157/36 
f 154/154/38 158/158/36 157/157/36 153/153/38 
f 148/148/39 149/149/40 150/150/40 147/147/39 
f 146/146/15 148/148/39 147/147/39 144/144/13 
f 141/141/41 142/142/42 143/143/42 140/140/41 
f 138/138/43 136/136/44 137/137/44 139/139/43 
f 133/133/45 134/134/46 135/135/46 132/132/45 
f 131/131/47 133/133/45 132/132/45 130/130/47 
f 129/129/48 126/126/49 127/127/49 128/128/48 
f 123/123/50 120/120/51 121/121/51 122/122/50 
f 140/140/41 113/113/41 112/112/41 141/141/41 
f 281/281/52 143/143/42 142/142/42 282/282/52 
f 178/178/53 179/179/54 180/180/54 177/177/53 
f 188/188/55 185/185/56 186/186/56 187/187/55 
f 190/190/57 188/188/55 187/187/55 189/189/57 
f 202/202/58 197/197/59 198/198/59 201/201/58 
f 200/200/60 203/203/61 204/204/61 199/199/60 
f 203/203/61 205/205/62 206/206/62 204/204/61 
f 205/205/62 207/207/16 209/209/18 206/206/62 
f 216/216/63 211/211/20 210/210/19 215/215/63 
f 214/214/64 217/217/65 218/218/65 213/213/64 
f 217/217/65 219/219/66 220/220/66 218/218/65 
f 226/226/67 221/221/68 222/222/68 225/225/67 
f 230/230/69 231/231/70 232/232/70 229/229/69 
f 238/238/71 233/233/72 234/234/72 237/237/71 
f 231/231/70 235/235/73 236/236/73 232/232/70 
f 235/235/73 239/239/74 240/240/74 236/236/73 
f 246/246/75 241/241/76 242/242/76 245/245/75 
f 179/179/54 246/246/75 245/245/75 180/180/54 
f 244/244/77 181/181/78 182/182/78 243/243/77 
f 248/248/79 249/249/78 250/250/78 247/247/79 
f 249/249/78 251/251/77 252/252/77 250/250/78 
f 251/251/77 253/253/80 254/254/80 252/252/77 
f 253/253/80 255/255/74 256/256/74 254/254/80 
f 255/255/74 257/257/73 258/258/73 256/256/74 
f 257/257/73 259/259/70 260/260/70 258/258/73 
f 259/259/70 261/261/69 262/262/69 260/260/70 
f 261/261/69 263/263/51 264/264/51 262/262/69 
f 263/263/51 265/265/50 266/266/50 264/264/51 
f 265/265/50 267/267/81 268/268/81 266/266/50 
f 267/267/81 269/269/49 270/270/49 268/268/81 
f 269/269/49 271/271/48 272/272/48 270/270/49 
f 271/271/48 273/273/66 274/274/66 272/272/48 
f 273/273/66 275/275/82 276/276/82 274/274/66 
f 275/275/82 277/277/64 278/278/64 276/276/82 
f 277/277/64 280/280/83 279/279/83 278/278/64 
f 282/282/52 283/283/84 284/284/85 281/281/52 
f 283/283/84 285/285/86 286/286/86 284/284/85 
f 285/285/86 287/287/87 288/288/87 286/286/86 
f 287/287/87 289/289/60 290/290/60 288/288/87 
f 289/289/60 291/291/88 292/292/88 290/290/60 
f 291/291/88 293/293/89 294/294/89 292/292/88 
f 293/293/89 295/295/90 296/296/90 294/294/89 
f 295/295/90 297/297/91 298/298/91 296/296/90 
f 297/297/91 299/299/35 300/300/35 298/298/91 
f 299/299/35 301/301/34 302/302/34 300/300/35 
f 301/301/34 303/303/33 304/304/33 302/302/34 
f 303/303/33 305/305/32 306/306/32 304/304/33 
f 305/305/32 307/307/31 308/308/31 306/306/32 
f 307/307/31 309/309/92 310/310/92 308/308/31 
f 309/309/92 248/248/79 247/247/79 310/310/92 
f 312/312/75 313/313/54 314/314/54 311/311/75 
f 316/316/76 312/312/75 311/311/75 315/315/76 
f 318/318/93 316/316/76 315/315/76 317/317/93 
f 320/320/94 318/318/93 317/317/93 319/319/94 
f 322/322/72 320/320/94 319/319/94 321/321/72 
f 324/324/95 322/322/72 321/321/72 323/323/95 
f 326/326/96 324/324/95 323/323/95 325/325/96 
f 328/328/97 326/326/96 325/325/96 327/327/97 
f 330/330/67 328/328/97 327/327/97 329/329/67 
f 332/332/68 330/330/67 329/329/67 331/331/68 
f 334/334/47 332/332/68 331/331/68 333/333/47 
f 336/336/45 334/334/47 333/333/47 335/335/45 
f 338/338/98 336/336/45 335/335/45 337/337/98 
f 340/340/63 338/338/98 337/337/98 339/339/63 
f 342/342/99 340/340/63 339/339/63 341/341/99 
f 343/343/100 342/342/99 341/341/99 344/344/100 
f 346/346/101 348/348/102 347/347/102 345/345/101 
f 350/350/103 346/346/101 345/345/101 349/349/103 
f 352/352/104 350/350/103 349/349/103 351/351/104 
f 354/354/58 352/352/104 351/351/104 353/353/58 
f 356/356/59 354/354/58 353/353/58 355/355/59 
f 358/358/38 356/356/59 355/355/59 357/357/38 
f 360/360/36 358/358/38 357/357/38 359/359/36 
f 362/362/37 360/360/36 359/359/36 361/361/37 
f 364/364/105 362/362/37 361/361/37 363/363/105 
f 366/366/106 364/364/105 363/363/105 365/365/106 
f 368/368/57 366/366/106 365/365/106 367/367/57 
f 370/370/107 368/368/57 367/367/57 369/369/107 
f 372/372/108 370/370/107 369/369/107 371/371/108 
f 374/374/109 372/372/108 371/371/108 373/373/109 
f 376/376/53 374/374/109 373/373/109 375/375/53 
f 313/313/54 376/376/53 375/375/53 314/314/54 
f 382/382/53 383/383/54 384/384/54 381/381/53 
f 386/386/78 379/379/79 380/380/79 385/385/78 
f 390/390/109 382/382/53 381/381/53 389/389/109 
f 379/379/79 387/387/92 388/388/92 380/380/79 
f 394/394/110 390/390/109 389/389/109 393/393/110 
f 387/387/92 391/391/111 392/392/111 388/388/92 
f 398/398/55 394/394/110 393/393/110 397/397/55 
f 391/391/111 395/395/32 396/396/32 392/392/111 
f 402/402/57 398/398/55 397/397/55 401/401/57 
f 395/395/32 399/399/33 400/400/33 396/396/32 
f 406/406/106 402/402/57 401/401/57 405/405/106 
f 399/399/33 403/403/34 404/404/34 400/400/33 
f 410/410/105 406/406/106 405/405/106 409/409/105 
f 403/403/34 407/407/35 408/408/35 404/404/34 
f 414/414/37 410/410/105 409/409/105 413/413/37 
f 407/407/35 411/411/91 412/412/91 408/408/35 
f 418/418/36 414/414/37 413/413/37 417/417/36 
f 411/411/91 415/415/90 416/416/90 412/412/91 
f 422/422/38 418/418/36 417/417/36 421/421/38 
f 415/415/90 419/419/89 420/420/89 416/416/90 
f 426/426/59 422/422/38 421/421/38 425/425/59 
f 419/419/89 423/423/88 424/424/88 420/420/89 
f 430/430/58 426/426/59 425/425/59 429/429/58 
f 423/423/88 427/427/60 428/428/60 424/424/88 
f 434/434/40 430/430/58 429/429/58 433/433/40 
f 427/427/60 431/431/87 432/432/87 428/428/60 
f 438/438/103 434/434/40 433/433/40 437/437/103 
f 431/431/87 435/435/86 436/436/86 432/432/87 
f 439/439/22 442/442/25 444/444/27 440/440/23 
f 443/443/26 438/438/103 437/437/103 444/444/27 
f 435/435/86 441/441/24 440/440/23 436/436/86 
f 452/452/99 448/448/100 447/447/100 451/451/99 
f 445/445/43 449/449/44 450/450/44 446/446/43 
f 456/456/63 452/452/99 451/451/99 455/455/63 
f 449/449/44 453/453/64 454/454/64 450/450/44 
f 460/460/46 456/456/63 455/455/63 459/459/46 
f 453/453/64 457/457/82 458/458/82 454/454/64 
f 464/464/45 460/460/46 459/459/46 463/463/45 
f 457/457/82 461/461/66 462/462/66 458/458/82 
f 468/468/47 464/464/45 463/463/45 467/467/47 
f 461/461/66 465/465/48 466/466/48 462/462/66 
f 472/472/68 468/468/47 467/467/47 471/471/68 
f 465/465/48 469/469/49 470/470/49 466/466/48 
f 476/476/67 472/472/68 471/471/68 475/475/67 
f 469/469/49 473/473/81 474/474/81 470/470/49 
f 480/480/97 476/476/67 475/475/67 479/479/97 
f 473/473/81 477/477/50 478/478/50 474/474/81 
f 484/484/96 480/480/97 479/479/97 483/483/96 
f 477/477/50 481/481/51 482/482/51 478/478/50 
f 488/488/95 484/484/96 483/483/96 487/487/95 
f 481/481/51 485/485/69 486/486/69 482/482/51 
f 492/492/72 488/488/95 487/487/95 491/491/72 
f 485/485/69 489/489/70 490/490/70 486/486/69 
f 496/496/71 492/492/72 491/491/72 495/495/71 
f 489/489/70 493/493/73 494/494/73 490/490/70 
f 500/500/112 496/496/71 495/495/71 499/499/112 
f 493/493/73 497/497/113 498/498/113 494/494/73 
f 504/504/76 500/500/112 499/499/112 503/503/76 
f 497/497/113 501/501/80 502/502/80 498/498/113 
f 508/508/75 504/504/76 503/503/76 507/507/75 
f 501/501/80 505/505/77 506/506/77 502/502/80 
f 383/383/54 508/508/75 507/507/75 384/384/54 
f 505/505/77 386/386/78 385/385/78 506/506/77 
f 378/378/79 509/509/78 510/510/78 377/377/79 
f 509/509/78 511/511/77 512/512/77 510/510/78 
f 511/511/77 513/513/80 514/514/80 512/512/77 
f 513/513/80 515/515/114 516/516/114 514/514/80 
f 515/515/114 517/517/115 518/518/115 516/516/114 
f 517/517/115 519/519/70 520/520/70 518/518/115 
f 519/519/70 521/521/69 522/522/69 520/520/70 
f 521/521/69 523/523/51 524/524/51 522/522/69 
f 523/523/51 525/525/50 526/526/50 524/524/51 
f 525/525/50 527/527/81 528/528/81 526/526/50 
f 527/527/81 529/529/49 530/530/49 528/528/81 
f 529/529/49 531/531/48 532/532/48 530/530/49 
f 531/531/48 533/533/66 534/534/66 532/532/48 
f 533/533/66 535/535/82 536/536/82 534/534/66 
f 535/535/82 537/537/64 538/538/64 536/536/82 
f 537/537/64 540/540/29 539/539/28 538/538/64 
f 542/542/116 544/544/117 545/545/117 543/543/116 
f 544/544/117 546/546/86 547/547/86 545/545/117 
f 546/546/86 548/548/87 549/549/87 547/547/86 
f 548/548/87 550/550/60 551/551/60 549/549/87 
f 550/550/60 552/552/88 553/553/88 551/551/60 
f 552/552/88 554/554/89 555/555/89 553/553/88 
f 554/554/89 556/556/90 557/557/90 555/555/89 
f 556/556/90 558/558/91 559/559/91 557/557/90 
f 558/558/91 560/560/35 561/561/35 559/559/91 
f 560/560/35 562/562/34 563/563/34 561/561/35 
f 562/562/34 564/564/33 565/565/33 563/563/34 
f 564/564/33 566/566/118 567/567/118 565/565/33 
f 566/566/118 568/568/119 569/569/119 567/567/118 
f 568/568/119 570/570/92 571/571/92 569/569/119 
f 570/570/92 378/378/79 377/377/79 571/571/92 
f 441/441/24 209/209/18 208/208/17 439/439/22 
f 181/181/78 175/175/79 176/176/79 182/182/78 
f 174/174/109 178/178/53 177/177/53 173/173/109 
f 175/175/79 183/183/92 184/184/92 176/176/79 
f 185/185/56 174/174/109 173/173/109 186/186/56 
f 183/183/92 172/172/31 171/171/31 184/184/92 
f 166/166/106 190/190/57 189/189/57 165/165/106 
f 192/192/105 166/166/106 165/165/106 191/191/105 
f 159/159/37 192/192/105 191/191/105 160/160/37 
f 161/161/35 193/193/91 194/194/91 162/162/35 
f 193/193/91 155/155/90 156/156/90 194/194/91 
f 155/155/90 195/195/89 196/196/89 156/156/90 
f 197/197/59 154/154/38 153/153/38 198/198/59 
f 195/195/89 151/151/88 152/152/88 196/196/89 
f 151/151/88 200/200/60 199/199/60 152/152/88 
f 149/149/40 202/202/58 201/201/58 150/150/40 
f 136/136/44 214/214/64 213/213/64 137/137/44 
f 134/134/46 216/216/63 215/215/63 135/135/46 
f 219/219/66 129/129/48 128/128/48 220/220/66 
f 221/221/68 131/131/47 130/130/47 222/222/68 
f 126/126/49 223/223/81 224/224/81 127/127/49 
f 125/125/97 226/226/67 225/225/67 124/124/97 
f 223/223/81 123/123/50 122/122/50 224/224/81 
f 228/228/96 125/125/97 124/124/97 227/227/96 
f 119/119/95 228/228/96 227/227/96 118/118/95 
f 120/120/51 230/230/69 229/229/69 121/121/51 
f 233/233/72 119/119/95 118/118/95 234/234/72 
f 117/117/120 238/238/71 237/237/71 116/116/120 
f 241/241/76 117/117/120 116/116/120 242/242/76 
f 239/239/74 114/114/80 115/115/80 240/240/74 
f 114/114/80 244/244/77 243/243/77 115/115/80 
f 207/207/16 146/146/15 145/145/14 208/208/17 
f 144/144/13 443/443/26 442/442/25 145/145/14 
f 75/75/121 108/108/121 141/141/121 112/112/121 
f 113/113/122 140/140/122 207/207/123 77/77/124 
f 43/43/125 244/244/125 114/114/126 45/45/126 
f 45/45/126 114/114/126 239/239/127 47/47/127 
f 115/115/128 243/243/128 505/505/128 501/501/128 
f 240/240/128 115/115/128 501/501/128 497/497/128 
f 117/117/127 256/256/127 258/258/129 238/238/129 
f 116/116/130 237/237/130 496/496/130 500/500/130 
f 241/241/126 254/254/126 256/256/127 117/117/127 
f 242/242/130 116/116/130 500/500/130 504/504/130 
f 119/119/131 262/262/131 264/264/132 228/228/132 
f 118/118/130 227/227/130 484/484/130 488/488/130 
f 233/233/133 260/260/133 262/262/131 119/119/131 
f 234/234/130 118/118/130 488/488/130 492/492/130 
f 122/122/128 121/121/128 481/481/128 477/477/128 
f 55/55/132 120/120/132 123/123/134 57/57/134 
f 53/53/131 230/230/131 120/120/132 55/55/132 
f 121/121/128 229/229/128 485/485/128 481/481/128 
f 57/57/134 123/123/134 223/223/135 59/59/135 
f 224/224/128 122/122/128 477/477/128 473/473/128 
f 125/125/134 266/266/134 268/268/135 226/226/135 
f 124/124/130 225/225/130 476/476/130 480/480/130 
f 228/228/132 264/264/132 266/266/134 125/125/134 
f 227/227/130 124/124/130 480/480/130 484/484/130 
f 128/128/128 127/127/128 469/469/128 465/465/128 
f 61/61/136 126/126/136 129/129/137 63/63/137 
f 59/59/135 223/223/135 126/126/136 61/61/136 
f 127/127/128 224/224/128 473/473/128 469/469/128 
f 63/63/137 129/129/137 219/219/138 65/65/138 
f 220/220/128 128/128/128 465/465/128 461/461/128 
f 130/130/130 132/132/130 464/464/130 468/468/130 
f 131/131/137 272/272/137 274/274/138 133/133/138 
f 221/221/136 270/270/136 272/272/137 131/131/137 
f 222/222/130 130/130/130 468/468/130 472/472/130 
f 132/132/130 135/135/130 460/460/130 464/464/130 
f 133/133/138 274/274/138 276/276/139 134/134/139 
f 134/134/139 276/276/139 278/278/140 216/216/140 
f 135/135/130 215/215/130 456/456/130 460/460/130 
f 139/139/128 137/137/128 449/449/128 445/445/128 
f 71/71/141 136/136/141 138/138/142 73/73/142 
f 69/69/140 214/214/140 136/136/141 71/71/141 
f 137/137/128 213/213/128 453/453/128 449/449/128 
f 143/143/143 146/146/143 207/207/143 140/140/143 
f 109/109/121 142/142/121 141/141/121 108/108/121 
f 109/109/121 110/110/121 282/282/121 142/142/121 
f 143/143/144 281/281/144 284/284/124 146/146/123 
f 146/146/123 284/284/124 286/286/145 148/148/145 
f 208/208/146 145/145/146 442/442/146 439/439/146 
f 144/144/130 147/147/130 438/438/130 443/443/130 
f 148/148/145 286/286/145 288/288/147 149/149/147 
f 147/147/130 150/150/130 434/434/130 438/438/130 
f 149/149/147 288/288/147 290/290/148 202/202/148 
f 150/150/130 201/201/130 430/430/130 434/434/130 
f 85/85/149 151/151/149 195/195/150 87/87/150 
f 152/152/128 199/199/128 427/427/128 423/423/128 
f 196/196/128 152/152/128 423/423/128 419/419/128 
f 83/83/148 200/200/148 151/151/149 85/85/149 
f 154/154/150 294/294/150 296/296/151 158/158/151 
f 197/197/149 292/292/149 294/294/150 154/154/150 
f 198/198/130 153/153/130 422/422/130 426/426/130 
f 153/153/130 157/157/130 418/418/130 422/422/130 
f 89/89/151 155/155/151 193/193/152 91/91/152 
f 156/156/128 196/196/128 419/419/128 415/415/128 
f 194/194/128 156/156/128 415/415/128 411/411/128 
f 87/87/150 195/195/150 155/155/151 89/89/151 
f 158/158/151 296/296/151 298/298/152 159/159/152 
f 157/157/130 160/160/130 414/414/130 418/418/130 
f 159/159/152 298/298/152 300/300/153 192/192/153 
f 160/160/130 191/191/130 410/410/130 414/414/130 
f 164/164/128 162/162/128 407/407/128 403/403/128 
f 93/93/153 161/161/153 163/163/154 95/95/154 
f 91/91/152 193/193/152 161/161/153 93/93/153 
f 162/162/128 194/194/128 411/411/128 407/407/128 
f 168/168/128 164/164/128 403/403/128 399/399/128 
f 95/95/154 163/163/154 167/167/155 97/97/155 
f 166/166/154 302/302/154 304/304/155 190/190/155 
f 165/165/130 189/189/130 402/402/130 406/406/130 
f 192/192/153 300/300/153 302/302/154 166/166/154 
f 191/191/130 165/165/130 406/406/130 410/410/130 
f 170/170/128 168/168/128 399/399/128 395/395/128 
f 97/97/155 167/167/155 169/169/156 99/99/156 
f 171/171/128 170/170/128 395/395/128 391/391/128 
f 99/99/156 169/169/156 172/172/157 101/101/157 
f 101/101/157 172/172/157 183/183/158 103/103/158 
f 184/184/128 171/171/128 391/391/128 387/387/128 
f 174/174/158 310/310/158 247/247/159 178/178/159 
f 173/173/130 177/177/130 382/382/130 390/390/130 
f 185/185/157 308/308/157 310/310/158 174/174/158 
f 186/186/130 173/173/130 390/390/130 394/394/130 
f 103/103/158 183/183/158 175/175/159 105/105/159 
f 105/105/159 175/175/159 181/181/160 41/41/160 
f 176/176/128 184/184/128 387/387/128 379/379/128 
f 182/182/128 176/176/128 379/379/128 386/386/128 
f 177/177/130 180/180/130 383/383/130 382/382/130 
f 178/178/159 247/247/159 250/250/160 179/179/160 
f 179/179/160 250/250/160 252/252/125 246/246/125 
f 180/180/130 245/245/130 508/508/130 383/383/130 
f 243/243/128 182/182/128 386/386/128 505/505/128 
f 41/41/160 181/181/160 244/244/125 43/43/125 
f 187/187/130 186/186/130 394/394/130 398/398/130 
f 188/188/156 306/306/156 308/308/157 185/185/157 
f 190/190/155 304/304/155 306/306/156 188/188/156 
f 189/189/130 187/187/130 398/398/130 402/402/130 
f 202/202/148 290/290/148 292/292/149 197/197/149 
f 201/201/130 198/198/130 426/426/130 430/430/130 
f 199/199/128 204/204/128 431/431/128 427/427/128 
f 81/81/147 203/203/147 200/200/148 83/83/148 
f 204/204/128 206/206/128 435/435/128 431/431/128 
f 79/79/145 205/205/145 203/203/147 81/81/147 
f 77/77/124 207/207/123 205/205/145 79/79/145 
f 206/206/128 209/209/128 441/441/128 435/435/128 
f 215/215/130 210/210/19 452/452/130 456/456/130 
f 210/210/19 212/212/21 107/107/130 448/448/130 452/452/130 
f 216/216/140 278/278/140 279/279/161 211/211/161 
f 213/213/128 218/218/128 457/457/128 453/453/128 
f 67/67/139 217/217/139 214/214/140 69/69/140 
f 65/65/138 219/219/138 217/217/139 67/67/139 
f 218/218/128 220/220/128 461/461/128 457/457/128 
f 225/225/130 222/222/130 472/472/130 476/476/130 
f 226/226/135 268/268/135 270/270/136 221/221/136 
f 229/229/128 232/232/128 489/489/128 485/485/128 
f 51/51/133 231/231/133 230/230/131 53/53/131 
f 49/49/129 235/235/129 231/231/133 51/51/133 
f 232/232/128 236/236/128 493/493/128 489/489/128 
f 238/238/129 258/258/129 260/260/133 233/233/133 
f 237/237/130 234/234/130 492/492/130 496/496/130 
f 236/236/128 240/240/128 497/497/128 493/493/128 
f 47/47/127 239/239/127 235/235/129 49/49/129 
f 245/245/130 242/242/130 504/504/130 508/508/130 
f 246/246/125 252/252/125 254/254/126 241/241/126 
f 248/248/128 309/309/128 571/571/128 377/377/128 
f 249/249/128 248/248/128 377/377/128 510/510/128 
f 251/251/128 249/249/128 510/510/128 512/512/128 
f 253/253/128 251/251/128 512/512/128 514/514/128 
f 255/255/128 253/253/128 514/514/128 516/516/128 
f 257/257/128 255/255/128 516/516/128 518/518/128 
f 259/259/128 257/257/128 518/518/128 520/520/128 
f 261/261/128 259/259/128 520/520/128 522/522/128 
f 263/263/128 261/261/128 522/522/128 524/524/128 
f 265/265/128 263/263/128 524/524/128 526/526/128 
f 267/267/128 265/265/128 526/526/128 528/528/128 
f 269/269/128 267/267/128 528/528/128 530/530/128 
f 271/271/128 269/269/128 530/530/128 532/532/128 
f 273/273/128 271/271/128 532/532/128 534/534/128 
f 275/275/128 273/273/128 534/534/128 536/536/128 
f 277/277/128 275/275/128 536/536/128 538/538/128 
f 280/280/128 277/277/128 538/538/128 539/539/128 
f 283/283/128 282/282/128 543/543/128 545/545/128 
f 285/285/128 283/283/128 545/545/128 547/547/128 
f 287/287/128 285/285/128 547/547/128 549/549/128 
f 289/289/128 287/287/128 549/549/128 551/551/128 
f 291/291/128 289/289/128 551/551/128 553/553/128 
f 293/293/128 291/291/128 553/553/128 555/555/128 
f 295/295/128 293/293/128 555/555/128 557/557/128 
f 297/297/128 295/295/128 557/557/128 559/559/128 
f 299/299/128 297/297/128 559/559/128 561/561/128 
f 301/301/128 299/299/128 561/561/128 563/563/128 
f 303/303/128 301/301/128 563/563/128 565/565/128 
f 305/305/128 303/303/128 565/565/128 567/567/128 
f 307/307/128 305/305/128 567/567/128 569/569/128 
f 309/309/128 307/307/128 569/569/128 571/571/128 
f 42/42/130 44/44/130 311/311/130 314/314/130 
f 511/511/125 312/312/125 316/316/126 513/513/126 
f 509/509/160 313/313/160 312/312/125 511/511/125 
f 44/44/130 46/46/130 315/315/130 311/311/130 
f 106/106/130 42/42/130 314/314/130 375/375/130 
f 378/378/159 376/376/159 313/313/160 509/509/160 
f 513/513/126 316/316/126 318/318/127 515/515/127 
f 46/46/130 48/48/130 317/317/130 315/315/130 
f 515/515/127 318/318/127 320/320/129 517/517/129 
f 48/48/130 50/50/130 319/319/130 317/317/130 
f 517/517/129 320/320/129 322/322/133 519/519/133 
f 50/50/130 52/52/130 321/321/130 319/319/130 
f 519/519/133 322/322/133 324/324/131 521/521/131 
f 52/52/130 54/54/130 323/323/130 321/321/130 
f 521/521/131 324/324/131 326/326/132 523/523/132 
f 54/54/130 56/56/130 325/325/130 323/323/130 
f 523/523/132 326/326/132 328/328/134 525/525/134 
f 56/56/130 58/58/130 327/327/130 325/325/130 
f 525/525/134 328/328/134 330/330/135 527/527/135 
f 58/58/130 60/60/130 329/329/130 327/327/130 
f 527/527/135 330/330/135 332/332/136 529/529/136 
f 60/60/130 62/62/130 331/331/130 329/329/130 
f 529/529/136 332/332/136 334/334/137 531/531/137 
f 62/62/130 64/64/130 333/333/130 331/331/130 
f 531/531/137 334/334/137 336/336/138 533/533/138 
f 64/64/130 66/66/130 335/335/130 333/333/130 
f 533/533/138 336/336/138 338/338/139 535/535/139 
f 66/66/130 68/68/130 337/337/130 335/335/130 
f 535/535/139 338/338/139 340/340/140 537/537/140 
f 68/68/130 70/70/130 339/339/130 337/337/130 
f 537/537/140 340/340/140 342/342/141 540/540/29 
f 70/70/130 72/72/130 341/341/130 339/339/130 
f 72/72/130 74/74/130 344/344/130 341/341/130 
f 541/541/30 540/540/29 342/342/141 343/343/142 111/111/142 
f 76/76/130 78/78/130 345/345/130 347/347/130 
f 544/544/162 346/346/162 350/350/163 546/546/163 
f 542/542/164 348/348/164 346/346/162 544/544/162 
f 78/78/130 80/80/130 349/349/130 345/345/130 
f 546/546/163 350/350/163 352/352/147 548/548/147 
f 80/80/130 82/82/130 351/351/130 349/349/130 
f 548/548/147 352/352/147 354/354/148 550/550/148 
f 82/82/130 84/84/130 353/353/130 351/351/130 
f 550/550/148 354/354/148 356/356/149 552/552/149 
f 84/84/130 86/86/130 355/355/130 353/353/130 
f 552/552/149 356/356/149 358/358/150 554/554/150 
f 86/86/130 88/88/130 357/357/130 355/355/130 
f 554/554/150 358/358/150 360/360/151 556/556/151 
f 88/88/130 90/90/130 359/359/130 357/357/130 
f 556/556/151 360/360/151 362/362/152 558/558/152 
f 90/90/130 92/92/130 361/361/130 359/359/130 
f 558/558/152 362/362/152 364/364/153 560/560/153 
f 92/92/130 94/94/130 363/363/130 361/361/130 
f 560/560/153 364/364/153 366/366/154 562/562/154 
f 94/94/130 96/96/130 365/365/130 363/363/130 
f 562/562/154 366/366/154 368/368/155 564/564/155 
f 96/96/130 98/98/130 367/367/130 365/365/130 
f 564/564/155 368/368/155 370/370/156 566/566/156 
f 98/98/130 100/100/130 369/369/130 367/367/130 
f 566/566/156 370/370/156 372/372/157 568/568/157 
f 100/100/130 102/102/130 371/371/130 369/369/130 
f 568/568/157 372/372/157 374/374/158 570/570/158 
f 102/102/130 104/104/130 373/373/130 371/371/130 
f 570/570/158 374/374/158 376/376/159 378/378/159 
f 104/104/130 106/106/130 375/375/130 373/373/130 
f 389/389/158 381/381/159 380/380/159 388/388/158 
f 381/381/159 384/384/160 385/385/160 380/380/159 
f 384/384/160 507/507/125 506/506/125 385/385/160 
f 393/393/157 389/389/158 388/388/158 392/392/157 
f 397/397/156 393/393/157 392/392/157 396/396/156 
f 401/401/155 397/397/156 396/396/156 400/400/155 
f 405/405/154 401/401/155 400/400/155 404/404/154 
f 409/409/153 405/405/154 404/404/154 408/408/153 
f 413/413/152 409/409/153 408/408/153 412/412/152 
f 417/417/151 413/413/152 412/412/152 416/416/151 
f 421/421/150 417/417/151 416/416/151 420/420/150 
f 425/425/149 421/421/150 420/420/150 424/424/149 
f 429/429/148 425/425/149 424/424/149 428/428/148 
f 433/433/147 429/429/148 428/428/148 432/432/147 
f 437/437/163 433/433/147 432/432/147 436/436/163 
f 444/444/165 437/437/163 436/436/163 440/440/165 
f 451/451/141 447/447/142 446/446/142 450/450/141 
f 455/455/140 451/451/141 450/450/141 454/454/140 
f 459/459/139 455/455/140 454/454/140 458/458/139 
f 463/463/138 459/459/139 458/458/139 462/462/138 
f 467/467/137 463/463/138 462/462/138 466/466/137 
f 471/471/136 467/467/137 466/466/137 470/470/136 
f 475/475/135 471/471/136 470/470/136 474/474/135 
f 479/479/134 475/475/135 474/474/135 478/478/134 
f 483/483/132 479/479/134 478/478/134 482/482/132 
f 487/487/131 483/483/132 482/482/132 486/486/131 
f 491/491/133 487/487/131 486/486/131 490/490/133 
f 495/495/129 491/491/133 490/490/133 494/494/129 
f 499/499/127 495/495/129 494/494/129 498/498/127 
f 503/503/126 499/499/127 498/498/127 502/502/126 
f 507/507/125 503/503/126 502/502/126 506/506/125 
o Cylinder:040
s 0
f 600/600/166 597/597/166 596/596/166 601/601/166 
f 602/602/167 599/599/167 598/598/167 603/603/167 
f 608/608/168 605/605/168 604/604/168 609/609/168 
f 610/610/169 607/607/169 606/606/169 611/611/169 
f 616/616/170 613/613/170 612/612/170 617/617/170 
f 618/618/171 615/615/171 614/614/171 619/619/171 
f 624/624/172 621/621/172 620/620/172 625/625/172 
f 626/626/173 623/623/173 622/622/173 627/627/173 
f 632/632/174 629/629/174 628/628/174 633/633/174 
f 634/634/175 631/631/175 630/630/175 635/635/175 
f 640/640/176 637/637/176 636/636/176 641/641/176 
f 642/642/177 639/639/177 638/638/177 643/643/177 
f 597/597/178 600/600/178 603/603/178 598/598/178 
f 572/572/179 574/574/179 601/601/179 596/596/179 
f 575/575/180 573/573/180 599/599/180 602/602/180 
f 605/605/181 608/608/181 611/611/181 606/606/181 
f 576/576/182 578/578/182 609/609/182 604/604/182 
f 579/579/183 577/577/183 607/607/183 610/610/183 
f 613/613/184 616/616/184 619/619/184 614/614/184 
f 580/580/185 582/582/185 617/617/185 612/612/185 
f 583/583/186 581/581/186 615/615/186 618/618/186 
f 621/621/187 624/624/187 627/627/187 622/622/187 
f 584/584/188 586/586/188 625/625/188 620/620/188 
f 587/587/189 585/585/189 623/623/189 626/626/189 
f 629/629/190 632/632/190 635/635/190 630/630/190 
f 588/588/191 590/590/191 633/633/191 628/628/191 
f 591/591/192 589/589/192 631/631/192 634/634/192 
f 637/637/193 640/640/193 643/643/193 638/638/193 
f 592/592/194 594/594/194 641/641/194 636/636/194 
f 595/595/195 593/593/195 639/639/195 642/642/195 
o Plane:062
s 0
f 650/650/196 651/651/196 652/652/196 
f 653/653/197 654/654/197 655/655/197 
f 650/650/198 647/647/198 646/646/198 651/651/198 
f 648/648/199 653/653/199 655/655/199 649/649/199 
f 654/654/200 652/652/200 651/651/200 655/655/200 
f 652/652/201 657/657/201 656/656/201 650/650/201 
f 658/658/202 654/654/202 653/653/202 659/659/202 
f 650/650/203 656/656/203 644/644/203 647/647/203 
f 646/646/204 649/649/204 655/655/204 651/651/204 
f 648/648/205 645/645/205 659/659/205 653/653/205 
f 654/654/206 658/658/206 657/657/206 652/652/206 
o Cube:457
s 0
f 676/676/207 677/677/207 678/678/207 
f 679/679/208 680/680/208 681/681/208 
f 684/684/209 685/685/209 686/686/209 
f 687/687/210 688/688/210 689/689/210 
f 694/694/211 695/695/211 696/696/211 
f 701/701/212 702/702/212 703/703/212 
f 669/669/213 667/667/213 666/666/213 668/668/213 
f 673/673/214 671/671/214 670/670/214 672/672/214 
f 681/681/215 695/695/215 694/694/215 679/679/215 
f 676/676/216 675/675/216 674/674/216 677/677/216 
f 672/672/214 678/678/214 677/677/214 673/673/214 
f 699/699/217 702/702/217 701/701/217 700/700/217 
f 682/682/217 681/681/217 680/680/217 683/683/217 
f 702/702/215 676/676/215 678/678/215 703/703/215 
f 695/695/216 698/698/216 697/697/216 696/696/216 
f 689/689/214 694/694/214 696/696/214 687/687/214 
f 686/686/215 689/689/215 688/688/215 684/684/215 
f 687/687/216 691/691/216 690/690/216 688/688/216 
f 692/692/217 685/685/217 684/684/217 693/693/217 
f 685/685/213 701/701/213 703/703/213 686/686/213 
f 679/679/213 669/669/213 668/668/213 680/680/213 
f 660/660/218 661/661/218 668/668/218 666/666/218 
f 667/667/219 669/669/219 689/689/219 664/664/219 
f 668/668/218 661/661/218 683/683/218 680/680/218 
f 689/689/219 669/669/219 679/679/219 694/694/219 
f 665/665/219 686/686/219 672/672/219 670/670/219 
f 671/671/220 673/673/220 663/663/220 662/662/220 
f 663/663/220 673/673/220 677/677/220 674/674/220 
f 672/672/219 686/686/219 703/703/219 678/678/219 
f 676/676/221 702/702/221 699/699/221 675/675/221 
f 695/695/221 681/681/221 682/682/221 698/698/221 
f 686/686/219 665/665/219 664/664/219 689/689/219 
f 688/688/221 690/690/221 693/693/221 684/684/221 
f 685/685/218 692/692/218 700/700/218 701/701/218 
f 691/691/220 687/687/220 696/696/220 697/697/220 
o Cube:459
s 0
f 710/710/222 711/711/222 712/712/222 
f 715/715/223 716/716/223 717/717/223 
f 726/726/224 727/727/224 728/728/224 
f 731/731/225 732/732/225 733/733/225 
f 710/710/226 709/709/226 708/708/226 711/711/226 
f 714/714/227 712/712/227 711/711/227 713/713/227 
f 717/717/228 732/732/228 731/731/228 715/715/228 
f 718/718/229 717/717/229 716/716/229 719/719/229 
f 732/732/230 735/735/230 734/734/230 733/733/230 
f 728/728/231 731/731/231 733/733/231 726/726/231 
f 724/724/228 728/728/228 727/727/228 725/725/228 
f 726/726/230 730/730/230 729/729/230 727/727/230 
f 721/721/232 723/723/232 722/722/232 720/720/232 
f 720/720/232 710/710/232 712/712/232 721/721/232 
f 715/715/227 714/714/227 713/713/227 716/716/227 
f 710/710/233 720/720/233 706/706/233 709/709/233 
f 708/708/234 704/704/234 713/713/234 711/711/234 
f 712/712/235 714/714/235 728/728/235 721/721/235 
f 713/713/234 704/704/234 719/719/234 716/716/234 
f 728/728/235 714/714/235 715/715/235 731/731/235 
f 732/732/236 717/717/236 718/718/236 735/735/236 
f 724/724/235 723/723/235 721/721/235 728/728/235 
f 722/722/233 705/705/233 706/706/233 720/720/233 
f 727/727/236 729/729/236 707/707/236 725/725/236 
f 730/730/237 726/726/237 733/733/237 734/734/237 
o Plane:063
s 0
f 736/736/238 738/738/238 739/739/238 737/737/238 
o Plane:064
s 0
f 740/740/239 742/742/239 743/743/239 741/741/239 
o Cube:458
s 0
f 752/752/240 755/755/240 754/754/240 753/753/240 
f 750/750/241 749/749/241 748/748/241 751/751/241 
f 744/744/242 745/745/242 751/751/242 748/748/242 
f 749/749/243 750/750/243 755/755/243 752/752/243 
f 747/747/244 746/746/244 753/753/244 754/754/244 
o Cube:460
s 0
f 764/764/245 767/767/245 766/766/245 765/765/245 
f 762/762/246 761/761/246 760/760/246 763/763/246 
f 756/756/247 757/757/247 763/763/247 760/760/247 
f 761/761/248 762/762/248 767/767/248 764/764/248 
f 759/759/249 758/758/249 765/765/249 766/766/249 
o Plane:065
s 0
f 768/768/250 770/770/250 771/771/250 769/769/250 
o Plane:066
s 1
f 828/828/251 836/836/251 839/839/251 831/831/251 
f 836/836/251 840/840/251 843/843/251 839/839/251 
f 828/828/251 831/831/251 834/834/251 833/833/251 
f 830/830/252 838/838/253 777/777/253 774/774/252 
f 773/773/254 776/776/255 837/837/255 829/829/254 
f 838/838/253 842/842/256 779/779/256 777/777/253 
f 830/830/252 774/774/252 775/775/257 835/835/257 
f 835/835/258 775/775/258 772/772/258 832/832/258 
f 844/844/251 848/848/251 851/851/251 847/847/251 
f 840/840/251 844/844/251 847/847/251 843/843/251 
f 776/776/255 778/778/259 841/841/259 837/837/255 
f 848/848/251 852/852/251 855/855/251 851/851/251 
f 778/778/259 780/780/260 845/845/260 841/841/259 
f 842/842/256 846/846/261 781/781/261 779/779/256 
f 850/850/262 854/854/263 785/785/263 783/783/262 
f 780/780/260 782/782/264 849/849/264 845/845/260 
f 846/846/261 850/850/262 783/783/262 781/781/261 
f 856/856/251 860/860/251 863/863/251 859/859/251 
f 852/852/251 856/856/251 859/859/251 855/855/251 
f 782/782/264 784/784/265 853/853/265 849/849/264 
f 786/786/266 788/788/267 861/861/267 857/857/266 
f 784/784/265 786/786/266 857/857/266 853/853/265 
f 854/854/263 858/858/268 787/787/268 785/785/263 
f 862/862/269 866/866/270 791/791/270 789/789/269 
f 858/858/268 862/862/269 789/789/269 787/787/268 
f 860/860/251 864/864/251 867/867/251 863/863/251 
f 868/868/251 872/872/251 875/875/251 871/871/251 
f 864/864/251 868/868/251 871/871/251 867/867/251 
f 788/788/267 790/790/271 865/865/271 861/861/267 
f 870/870/272 874/874/273 795/795/273 793/793/272 
f 790/790/271 792/792/274 869/869/274 865/865/271 
f 866/866/270 870/870/272 793/793/272 791/791/270 
f 872/872/251 876/876/251 879/879/251 875/875/251 
f 792/792/274 794/794/275 873/873/275 869/869/274 
f 880/880/251 884/884/251 887/887/251 883/883/251 
f 876/876/251 880/880/251 883/883/251 879/879/251 
f 794/794/275 796/796/276 877/877/276 873/873/275 
f 874/874/273 878/878/277 797/797/277 795/795/273 
f 882/882/278 886/886/279 801/801/279 799/799/278 
f 796/796/276 798/798/280 881/881/280 877/877/276 
f 878/878/277 882/882/278 799/799/278 797/797/277 
f 888/888/251 892/892/251 895/895/251 891/891/251 
f 884/884/251 888/888/251 891/891/251 887/887/251 
f 798/798/280 800/800/281 885/885/281 881/881/280 
f 892/892/251 896/896/251 899/899/251 895/895/251 
f 800/800/281 802/802/282 889/889/282 885/885/281 
f 886/886/279 890/890/283 803/803/283 801/801/279 
f 894/894/284 898/898/285 807/807/285 805/805/284 
f 802/802/282 804/804/286 893/893/286 889/889/282 
f 890/890/283 894/894/284 805/805/284 803/803/283 
f 900/900/251 904/904/251 907/907/251 903/903/251 
f 896/896/251 900/900/251 903/903/251 899/899/251 
f 804/804/286 806/806/287 897/897/287 893/893/286 
f 808/808/288 810/810/289 905/905/289 901/901/288 
f 806/806/287 808/808/288 901/901/288 897/897/287 
f 898/898/285 902/902/290 809/809/290 807/807/285 
f 906/906/291 910/910/292 813/813/292 811/811/291 
f 902/902/290 906/906/291 811/811/291 809/809/290 
f 904/904/251 908/908/251 911/911/251 907/907/251 
f 912/912/251 916/916/251 919/919/251 915/915/251 
f 908/908/251 912/912/251 915/915/251 911/911/251 
f 810/810/289 812/812/293 909/909/293 905/905/289 
f 914/914/294 918/918/295 817/817/295 815/815/294 
f 812/812/293 814/814/296 913/913/296 909/909/293 
f 910/910/292 914/914/294 815/815/294 813/813/292 
f 916/916/251 920/920/251 923/923/251 919/919/251 
f 814/814/296 816/816/297 917/917/297 913/913/296 
f 924/924/251 928/928/251 931/931/251 927/927/251 
f 920/920/251 924/924/251 927/927/251 923/923/251 
f 816/816/297 818/818/298 921/921/298 917/917/297 
f 918/918/295 922/922/299 819/819/299 817/817/295 
f 926/926/300 930/930/301 823/823/301 821/821/300 
f 818/818/298 820/820/302 925/925/302 921/921/298 
f 922/922/299 926/926/300 821/821/300 819/819/299 
f 932/932/251 937/937/251 938/938/251 935/935/251 
f 928/928/251 932/932/251 935/935/251 931/931/251 
f 820/820/302 822/822/303 929/929/303 925/925/302 
f 822/822/303 824/824/304 933/933/304 929/929/303 
f 930/930/301 934/934/305 825/825/305 823/823/301 
f 824/824/304 826/826/306 936/936/306 933/933/304 
f 934/934/305 939/939/257 827/827/257 825/825/305 
f 833/833/307 832/832/308 829/829/309 828/828/310 
f 831/831/311 830/830/312 835/835/313 834/834/314 
f 834/834/314 835/835/313 832/832/308 833/833/307 
f 828/828/310 829/829/309 837/837/315 836/836/316 
f 830/830/312 831/831/311 839/839/317 838/838/318 
f 836/836/316 837/837/315 841/841/319 840/840/320 
f 843/843/321 842/842/322 838/838/318 839/839/317 
f 847/847/323 846/846/324 842/842/322 843/843/321 
f 845/845/325 844/844/326 840/840/320 841/841/319 
f 851/851/327 850/850/328 846/846/324 847/847/323 
f 849/849/329 848/848/330 844/844/326 845/845/325 
f 848/848/330 849/849/329 853/853/331 852/852/332 
f 855/855/333 854/854/334 850/850/328 851/851/327 
f 859/859/335 858/858/336 854/854/334 855/855/333 
f 857/857/337 856/856/338 852/852/332 853/853/331 
f 858/858/336 859/859/335 863/863/339 862/862/340 
f 861/861/341 860/860/342 856/856/338 857/857/337 
f 860/860/342 861/861/341 865/865/343 864/864/344 
f 867/867/345 866/866/346 862/862/340 863/863/339 
f 871/871/347 870/870/348 866/866/346 867/867/345 
f 869/869/349 868/868/350 864/864/344 865/865/343 
f 868/868/350 869/869/349 873/873/351 872/872/352 
f 875/875/353 874/874/354 870/870/348 871/871/347 
f 879/879/355 878/878/356 874/874/354 875/875/353 
f 877/877/357 876/876/358 872/872/352 873/873/351 
f 883/883/359 882/882/360 878/878/356 879/879/355 
f 881/881/361 880/880/362 876/876/358 877/877/357 
f 880/880/362 881/881/361 885/885/363 884/884/364 
f 887/887/365 886/886/366 882/882/360 883/883/359 
f 891/891/367 890/890/367 886/886/366 887/887/365 
f 889/889/368 888/888/368 884/884/364 885/885/363 
f 895/895/369 894/894/369 890/890/367 891/891/367 
f 893/893/370 892/892/370 888/888/368 889/889/368 
f 892/892/370 893/893/370 897/897/371 896/896/371 
f 899/899/372 898/898/372 894/894/369 895/895/369 
f 903/903/373 902/902/373 898/898/372 899/899/372 
f 901/901/374 900/900/374 896/896/371 897/897/371 
f 902/902/373 903/903/373 907/907/375 906/906/375 
f 905/905/376 904/904/376 900/900/374 901/901/374 
f 904/904/376 905/905/376 909/909/377 908/908/377 
f 911/911/378 910/910/378 906/906/375 907/907/375 
f 915/915/379 914/914/379 910/910/378 911/911/378 
f 913/913/380 912/912/380 908/908/377 909/909/377 
f 912/912/380 913/913/380 917/917/381 916/916/381 
f 919/919/382 918/918/382 914/914/379 915/915/379 
f 923/923/383 922/922/383 918/918/382 919/919/382 
f 921/921/384 920/920/384 916/916/381 917/917/381 
f 927/927/385 926/926/385 922/922/383 923/923/383 
f 925/925/386 924/924/386 920/920/384 921/921/384 
f 924/924/386 925/925/386 929/929/387 928/928/387 
f 931/931/388 930/930/388 926/926/385 927/927/385 
f 935/935/389 934/934/390 930/930/388 931/931/388 
f 933/933/391 932/932/392 928/928/387 929/929/387 
f 938/938/393 939/939/393 934/934/390 935/935/389 
f 936/936/394 937/937/394 932/932/392 933/933/391 
f 832/832/306 772/772/306 773/773/254 829/829/254 
o Cube:464
s 0
f 943/943/395 944/944/395 945/945/395 
f 946/946/396 947/947/396 948/948/396 
f 949/949/397 950/950/397 951/951/397 
f 954/954/398 955/955/398 956/956/398 
f 957/957/399 958/958/399 959/959/399 
f 960/960/400 961/961/400 962/962/400 
f 963/963/401 964/964/401 965/965/401 
f 966/966/400 967/967/400 968/968/400 
f 969/969/402 970/970/402 971/971/402 
f 972/972/403 973/973/403 974/974/403 
f 975/975/404 976/976/404 977/977/404 
f 957/957/399 960/960/399 962/962/399 958/958/399 
f 961/961/405 953/953/405 952/952/405 962/962/405 
f 960/960/401 964/964/401 963/963/401 961/961/401 
f 943/943/401 946/946/401 948/948/401 944/944/401 
f 947/947/406 954/954/406 956/956/406 948/948/406 
f 955/955/407 949/949/407 951/951/407 956/956/407 
f 950/950/399 945/945/399 944/944/399 951/951/399 
f 968/968/401 970/970/401 969/969/401 966/966/401 
f 970/970/406 973/973/406 972/972/406 971/971/406 
f 973/973/407 976/976/407 975/975/407 974/974/407 
f 976/976/399 968/968/399 967/967/399 977/977/399 
f 949/949/408 975/975/408 977/977/408 950/950/408 
f 966/966/405 943/943/405 945/945/405 967/967/405 
f 946/946/409 969/969/409 971/971/409 947/947/409 
f 974/974/410 955/955/410 954/954/410 972/972/410 
f 946/946/411 943/943/411 966/966/411 969/969/411 
f 944/944/412 948/948/412 957/957/412 959/959/412 942/942/412 
f 945/945/413 950/950/413 977/977/413 967/967/413 
f 951/951/412 944/944/412 942/942/412 965/965/412 964/964/412 
f 948/948/412 956/956/412 960/960/412 957/957/412 
f 954/954/414 947/947/414 971/971/414 972/972/414 
f 949/949/415 955/955/415 974/974/415 975/975/415 
f 956/956/412 951/951/412 964/964/412 960/960/412 
f 940/940/413 958/958/413 962/962/413 952/952/413 
f 953/953/411 961/961/411 963/963/411 941/941/411 
f 973/973/412 970/970/412 968/968/412 976/976/412 
o Cube:465
s 0
f 981/981/416 982/982/416 983/983/416 
f 984/984/417 985/985/417 986/986/417 
f 987/987/418 988/988/418 989/989/418 
f 992/992/419 993/993/419 994/994/419 
f 995/995/420 996/996/420 997/997/420 
f 998/998/421 999/999/421 1000/1000/421 
f 1001/1001/422 1002/1002/422 1003/1003/422 
f 1004/1004/421 1005/1005/421 1006/1006/421 
f 1007/1007/423 1008/1008/423 1009/1009/423 
f 1010/1010/424 1011/1011/424 1012/1012/424 
f 1013/1013/425 1014/1014/425 1015/1015/425 
f 995/995/420 998/998/420 1000/1000/420 996/996/420 
f 999/999/426 991/991/426 990/990/426 1000/1000/426 
f 998/998/422 1002/1002/422 1001/1001/422 999/999/422 
f 981/981/422 984/984/422 986/986/422 982/982/422 
f 985/985/427 992/992/427 994/994/427 986/986/427 
f 993/993/428 987/987/428 989/989/428 994/994/428 
f 988/988/420 983/983/420 982/982/420 989/989/420 
f 1006/1006/422 1008/1008/422 1007/1007/422 1004/1004/422 
f 1008/1008/427 1011/1011/427 1010/1010/427 1009/1009/427 
f 1011/1011/428 1014/1014/428 1013/1013/428 1012/1012/428 
f 1014/1014/420 1006/1006/420 1005/1005/420 1015/1015/420 
f 987/987/429 1013/1013/429 1015/1015/429 988/988/429 
f 1004/1004/426 981/981/426 983/983/426 1005/1005/426 
f 984/984/430 1007/1007/430 1009/1009/430 985/985/430 
f 1012/1012/431 993/993/431 992/992/431 1010/1010/431 
f 984/984/432 981/981/432 1004/1004/432 1007/1007/432 
f 982/982/433 986/986/433 995/995/433 997/997/433 980/980/433 
f 983/983/434 988/988/434 1015/1015/434 1005/1005/434 
f 989/989/433 982/982/433 980/980/433 1003/1003/433 1002/1002/433 
f 986/986/433 994/994/433 998/998/433 995/995/433 
f 992/992/435 985/985/435 1009/1009/435 1010/1010/435 
f 987/987/436 993/993/436 1012/1012/436 1013/1013/436 
f 994/994/433 989/989/433 1002/1002/433 998/998/433 
f 978/978/434 996/996/434 1000/1000/434 990/990/434 
f 991/991/432 999/999/432 1001/1001/432 979/979/432 
f 1011/1011/433 1008/1008/433 1006/1006/433 1014/1014/433 
o Plane:067
s 0
f 1016/1016/437 1017/1017/437 1018/1018/437 
f 1019/1019/438 1020/1020/438 1021/1021/438 
f 1022/1022/439 1023/1023/439 1024/1024/439 
f 1025/1025/440 1026/1026/440 1027/1027/440 
f 1028/1028/441 1029/1029/441 1030/1030/441 
f 1031/1031/442 1032/1032/442 1033/1033/442 
f 1034/1034/443 1035/1035/443 1036/1036/443 
f 1037/1037/444 1038/1038/444 1039/1039/444 
f 1056/1056/445 1057/1057/445 1058/1058/445 
f 1059/1059/446 1060/1060/446 1061/1061/446 
f 1062/1062/447 1063/1063/447 1064/1064/447 
f 1065/1065/448 1066/1066/448 1067/1067/448 
f 1068/1068/449 1069/1069/449 1070/1070/449 
f 1071/1071/450 1072/1072/450 1073/1073/450 
f 1074/1074/451 1075/1075/451 1076/1076/451 
f 1077/1077/452 1078/1078/452 1079/1079/452 
f 1080/1080/453 1081/1081/453 1082/1082/453 
f 1083/1083/454 1084/1084/454 1085/1085/454 
f 1086/1086/455 1087/1087/455 1088/1088/455 
f 1089/1089/456 1090/1090/456 1091/1091/456 
f 1092/1092/457 1093/1093/457 1094/1094/457 
f 1095/1095/458 1096/1096/458 1097/1097/458 
f 1098/1098/459 1099/1099/459 1100/1100/459 
f 1101/1101/460 1102/1102/460 1103/1103/460 
f 1058/1058/461 1059/1059/461 1061/1061/461 1056/1056/461 
f 1059/1059/462 1043/1043/462 1042/1042/462 1060/1060/462 
f 1040/1040/463 1058/1058/463 1057/1057/463 1041/1041/463 
f 1052/1052/464 1063/1063/464 1062/1062/464 1053/1053/464 
f 1063/1063/465 1065/1065/465 1067/1067/465 1064/1064/465 
f 1065/1065/466 1055/1055/466 1054/1054/466 1066/1066/466 
f 1070/1070/467 1071/1071/467 1073/1073/467 1068/1068/467 
f 1071/1071/468 1051/1051/468 1050/1050/468 1072/1072/468 
f 1048/1048/469 1070/1070/469 1069/1069/469 1049/1049/469 
f 1044/1044/470 1075/1075/470 1074/1074/470 1045/1045/470 
f 1075/1075/471 1077/1077/471 1079/1079/471 1076/1076/471 
f 1077/1077/472 1047/1047/472 1046/1046/472 1078/1078/472 
f 1060/1060/473 1074/1074/473 1076/1076/473 1061/1061/473 
f 1068/1068/474 1079/1079/474 1078/1078/474 1069/1069/474 
f 1056/1056/475 1067/1067/475 1066/1066/475 1057/1057/475 
f 1064/1064/476 1073/1073/476 1072/1072/476 1062/1062/476 
f 1033/1033/467 1029/1029/467 1028/1028/467 1031/1031/467 
f 1039/1039/471 1035/1035/471 1034/1034/471 1037/1037/471 
f 1027/1027/461 1023/1023/461 1022/1022/461 1025/1025/461 
f 1021/1021/465 1017/1017/465 1016/1016/465 1019/1019/465 
f 1029/1029/476 1021/1021/476 1020/1020/476 1030/1030/476 
f 1026/1026/475 1018/1018/475 1017/1017/475 1027/1027/475 
f 1032/1032/474 1036/1036/474 1035/1035/474 1033/1033/474 
f 1038/1038/473 1024/1024/473 1023/1023/473 1039/1039/473 
f 1080/1080/477 1083/1083/477 1085/1085/477 1081/1081/477 
f 1088/1088/478 1089/1089/478 1091/1091/478 1086/1086/478 
f 1092/1092/479 1095/1095/479 1097/1097/479 1093/1093/479 
f 1100/1100/480 1101/1101/480 1103/1103/480 1098/1098/480 
f 1084/1084/481 1099/1099/481 1098/1098/481 1085/1085/481 
f 1093/1093/475 1103/1103/475 1102/1102/475 1094/1094/475 
f 1081/1081/474 1091/1091/474 1090/1090/474 1082/1082/474 
f 1086/1086/482 1097/1097/482 1096/1096/482 1087/1087/482 
f 1019/1019/464 1100/1100/464 1099/1099/464 1020/1020/464 
f 1101/1101/466 1016/1016/466 1018/1018/466 1102/1102/466 
f 1037/1037/470 1088/1088/470 1087/1087/470 1038/1038/470 
f 1089/1089/472 1034/1034/472 1036/1036/472 1090/1090/472 
f 1082/1082/469 1032/1032/469 1031/1031/469 1080/1080/469 
f 1030/1030/468 1084/1084/468 1083/1083/468 1028/1028/468 
f 1025/1025/463 1092/1092/463 1094/1094/463 1026/1026/463 
f 1095/1095/462 1022/1022/462 1024/1024/462 1096/1096/462 
f 1021/1021/483 1076/1076/483 1079/1079/483 1017/1017/483 
f 1026/1026/484 1094/1094/484 1102/1102/484 1018/1018/484 
f 1017/1017/483 1079/1079/483 1068/1068/483 1027/1027/483 
f 1016/1016/485 1101/1101/485 1100/1100/485 1019/1019/485 
f 1020/1020/486 1099/1099/486 1084/1084/486 1030/1030/486 
f 1029/1029/483 1061/1061/483 1076/1076/483 1021/1021/483 
f 1022/1022/487 1095/1095/487 1092/1092/487 1025/1025/487 
f 1027/1027/483 1068/1068/483 1073/1073/483 1023/1023/483 
f 1038/1038/488 1087/1087/488 1096/1096/488 1024/1024/488 
f 1023/1023/483 1073/1073/483 1064/1064/483 1039/1039/483 
f 1028/1028/489 1083/1083/489 1080/1080/489 1031/1031/489 
f 1033/1033/483 1056/1056/483 1061/1061/483 1029/1029/483 
f 1035/1035/483 1067/1067/483 1056/1056/483 1033/1033/483 
f 1032/1032/490 1082/1082/490 1090/1090/490 1036/1036/490 
f 1034/1034/491 1089/1089/491 1088/1088/491 1037/1037/491 
f 1039/1039/483 1064/1064/483 1067/1067/483 1035/1035/483 
f 1059/1059/487 1058/1058/487 1040/1040/487 1043/1043/487 
f 1066/1066/484 1054/1054/484 1041/1041/484 1057/1057/484 
f 1060/1060/488 1042/1042/488 1045/1045/488 1074/1074/488 
f 1044/1044/491 1047/1047/491 1077/1077/491 1075/1075/491 
f 1078/1078/490 1046/1046/490 1049/1049/490 1069/1069/490 
f 1071/1071/489 1070/1070/489 1048/1048/489 1051/1051/489 
f 1072/1072/486 1050/1050/486 1053/1053/486 1062/1062/486 
f 1052/1052/485 1055/1055/485 1065/1065/485 1063/1063/485 
f 1085/1085/483 1086/1086/483 1091/1091/483 1081/1081/483 
f 1098/1098/483 1097/1097/483 1086/1086/483 1085/1085/483 
f 1103/1103/483 1093/1093/483 1097/1097/483 1098/1098/483 
o Cube:475
s 0
f 1112/1112/492 1115/1115/492 1114/1114/492 1113/1113/492 
f 1110/1110/493 1109/1109/493 1108/1108/493 1111/1111/493 
f 1104/1104/494 1105/1105/494 1111/1111/494 1108/1108/494 
f 1109/1109/495 1110/1110/495 1115/1115/495 1112/1112/495 
f 1107/1107/496 1106/1106/496 1113/1113/496 1114/1114/496 
o Cube:476
s 1
f 1147/1147/497 1143/1143/498 1142/1142/498 1146/1146/499 
f 1144/1144/500 1148/1148/501 1149/1149/502 1145/1145/500 
f 1148/1148/501 1152/1152/503 1153/1153/503 1149/1149/502 
f 1146/1146/499 1150/1150/504 1151/1151/504 1147/1147/497 
f 1155/1155/505 1151/1151/504 1150/1150/504 1154/1154/505 
f 1152/1152/503 1156/1156/506 1157/1157/506 1153/1153/503 
f 1156/1156/506 1160/1160/507 1161/1161/507 1157/1157/506 
f 1154/1154/505 1158/1158/508 1159/1159/508 1155/1155/505 
f 1158/1158/508 1162/1162/509 1163/1163/509 1159/1159/508 
f 1165/1165/510 1161/1161/507 1160/1160/507 1164/1164/510 
f 1167/1167/511 1163/1163/509 1162/1162/509 1166/1166/511 
f 1164/1164/510 1168/1168/512 1169/1169/512 1165/1165/510 
f 1168/1168/512 1172/1172/513 1173/1173/513 1169/1169/512 
f 1166/1166/511 1170/1170/514 1171/1171/514 1167/1167/511 
f 1175/1175/515 1171/1171/514 1170/1170/514 1174/1174/515 
f 1172/1172/513 1176/1176/516 1177/1177/516 1173/1173/513 
f 1179/1179/517 1175/1175/515 1174/1174/515 1178/1178/517 
f 1176/1176/516 1180/1180/518 1181/1181/518 1177/1177/516 
f 1180/1180/518 1184/1184/519 1185/1185/519 1181/1181/518 
f 1178/1178/517 1182/1182/520 1183/1183/520 1179/1179/517 
f 1187/1187/521 1183/1183/520 1182/1182/520 1186/1186/521 
f 1184/1184/519 1188/1188/522 1189/1189/522 1185/1185/519 
f 1188/1188/522 1192/1192/523 1193/1193/523 1189/1189/522 
f 1186/1186/521 1190/1190/524 1191/1191/524 1187/1187/521 
f 1144/1144/525 1143/1143/525 1147/1147/525 1148/1148/525 
f 1142/1142/526 1116/1116/526 1119/1119/527 1146/1146/527 
f 1117/1117/528 1145/1145/528 1149/1149/529 1118/1118/529 
f 1148/1148/525 1147/1147/525 1151/1151/525 1152/1152/525 
f 1146/1146/527 1119/1119/527 1121/1121/530 1150/1150/530 
f 1118/1118/529 1149/1149/529 1153/1153/531 1120/1120/531 
f 1152/1152/525 1151/1151/525 1155/1155/525 1156/1156/525 
f 1150/1150/530 1121/1121/530 1123/1123/532 1154/1154/532 
f 1120/1120/531 1153/1153/531 1157/1157/533 1122/1122/533 
f 1156/1156/525 1155/1155/525 1159/1159/525 1160/1160/525 
f 1154/1154/532 1123/1123/532 1125/1125/534 1158/1158/534 
f 1122/1122/533 1157/1157/533 1161/1161/535 1124/1124/535 
f 1160/1160/525 1159/1159/525 1163/1163/525 1164/1164/525 
f 1158/1158/534 1125/1125/534 1127/1127/536 1162/1162/536 
f 1124/1124/535 1161/1161/535 1165/1165/537 1126/1126/537 
f 1164/1164/525 1163/1163/525 1167/1167/525 1168/1168/525 
f 1162/1162/536 1127/1127/536 1129/1129/538 1166/1166/538 
f 1126/1126/537 1165/1165/537 1169/1169/539 1128/1128/539 
f 1168/1168/525 1167/1167/525 1171/1171/525 1172/1172/525 
f 1166/1166/538 1129/1129/538 1131/1131/540 1170/1170/540 
f 1128/1128/539 1169/1169/539 1173/1173/541 1130/1130/541 
f 1172/1172/525 1171/1171/525 1175/1175/525 1176/1176/525 
f 1170/1170/540 1131/1131/540 1133/1133/542 1174/1174/542 
f 1130/1130/541 1173/1173/541 1177/1177/543 1132/1132/543 
f 1176/1176/525 1175/1175/525 1179/1179/525 1180/1180/525 
f 1174/1174/542 1133/1133/542 1135/1135/544 1178/1178/544 
f 1132/1132/543 1177/1177/543 1181/1181/545 1134/1134/545 
f 1180/1180/525 1179/1179/525 1183/1183/525 1184/1184/525 
f 1178/1178/544 1135/1135/544 1137/1137/546 1182/1182/546 
f 1134/1134/545 1181/1181/545 1185/1185/547 1136/1136/547 
f 1184/1184/525 1183/1183/525 1187/1187/525 1188/1188/525 
f 1182/1182/546 1137/1137/546 1139/1139/548 1186/1186/548 
f 1136/1136/547 1185/1185/547 1189/1189/549 1138/1138/549 
f 1188/1188/525 1187/1187/525 1191/1191/525 1192/1192/525 
f 1186/1186/548 1139/1139/548 1141/1141/550 1190/1190/550 
f 1138/1138/549 1189/1189/549 1193/1193/551 1140/1140/551 
f 1190/1190/524 1198/1198/552 1199/1199/552 1191/1191/524 
f 1192/1192/523 1196/1196/553 1197/1197/553 1193/1193/523 
f 1192/1192/525 1191/1191/525 1199/1199/525 1196/1196/525 
f 1190/1190/550 1141/1141/550 1195/1195/554 1198/1198/554 
f 1140/1140/551 1193/1193/551 1197/1197/555 1194/1194/555 
f 1231/1231/556 1230/1230/557 1226/1226/500 1227/1227/500 
f 1228/1228/498 1229/1229/498 1233/1233/558 1232/1232/559 
f 1232/1232/559 1233/1233/558 1237/1237/560 1236/1236/560 
f 1230/1230/557 1231/1231/556 1235/1235/561 1234/1234/561 
f 1239/1239/562 1238/1238/562 1234/1234/561 1235/1235/561 
f 1236/1236/560 1237/1237/560 1241/1241/563 1240/1240/563 
f 1240/1240/563 1241/1241/563 1245/1245/564 1244/1244/564 
f 1238/1238/562 1239/1239/562 1243/1243/565 1242/1242/565 
f 1242/1242/565 1243/1243/565 1247/1247/566 1246/1246/566 
f 1249/1249/567 1248/1248/567 1244/1244/564 1245/1245/564 
f 1251/1251/568 1250/1250/568 1246/1246/566 1247/1247/566 
f 1248/1248/567 1249/1249/567 1253/1253/569 1252/1252/569 
f 1252/1252/569 1253/1253/569 1257/1257/570 1256/1256/570 
f 1250/1250/568 1251/1251/568 1255/1255/571 1254/1254/571 
f 1259/1259/572 1258/1258/572 1254/1254/571 1255/1255/571 
f 1256/1256/570 1257/1257/570 1261/1261/573 1260/1260/573 
f 1263/1263/574 1262/1262/574 1258/1258/572 1259/1259/572 
f 1260/1260/573 1261/1261/573 1265/1265/575 1264/1264/575 
f 1264/1264/575 1265/1265/575 1269/1269/576 1268/1268/576 
f 1262/1262/574 1263/1263/574 1267/1267/577 1266/1266/577 
f 1271/1271/578 1270/1270/578 1266/1266/577 1267/1267/577 
f 1268/1268/576 1269/1269/576 1273/1273/579 1272/1272/579 
f 1272/1272/579 1273/1273/579 1277/1277/580 1276/1276/580 
f 1270/1270/578 1271/1271/578 1275/1275/581 1274/1274/581 
f 1228/1228/525 1232/1232/525 1231/1231/525 1227/1227/525 
f 1226/1226/528 1230/1230/582 1203/1203/582 1200/1200/528 
f 1201/1201/526 1202/1202/583 1233/1233/583 1229/1229/526 
f 1232/1232/525 1236/1236/525 1235/1235/525 1231/1231/525 
f 1230/1230/582 1234/1234/584 1205/1205/584 1203/1203/582 
f 1202/1202/583 1204/1204/585 1237/1237/585 1233/1233/583 
f 1236/1236/525 1240/1240/525 1239/1239/525 1235/1235/525 
f 1234/1234/584 1238/1238/586 1207/1207/586 1205/1205/584 
f 1204/1204/585 1206/1206/587 1241/1241/587 1237/1237/585 
f 1240/1240/525 1244/1244/525 1243/1243/525 1239/1239/525 
f 1238/1238/586 1242/1242/588 1209/1209/588 1207/1207/586 
f 1206/1206/587 1208/1208/589 1245/1245/589 1241/1241/587 
f 1244/1244/525 1248/1248/525 1247/1247/525 1243/1243/525 
f 1242/1242/588 1246/1246/590 1211/1211/590 1209/1209/588 
f 1208/1208/589 1210/1210/591 1249/1249/591 1245/1245/589 
f 1248/1248/525 1252/1252/525 1251/1251/525 1247/1247/525 
f 1246/1246/590 1250/1250/592 1213/1213/592 1211/1211/590 
f 1210/1210/591 1212/1212/593 1253/1253/593 1249/1249/591 
f 1252/1252/525 1256/1256/525 1255/1255/525 1251/1251/525 
f 1250/1250/592 1254/1254/594 1215/1215/594 1213/1213/592 
f 1212/1212/593 1214/1214/595 1257/1257/595 1253/1253/593 
f 1256/1256/525 1260/1260/525 1259/1259/525 1255/1255/525 
f 1254/1254/594 1258/1258/596 1217/1217/596 1215/1215/594 
f 1214/1214/595 1216/1216/597 1261/1261/597 1257/1257/595 
f 1260/1260/525 1264/1264/525 1263/1263/525 1259/1259/525 
f 1258/1258/596 1262/1262/598 1219/1219/598 1217/1217/596 
f 1216/1216/597 1218/1218/599 1265/1265/599 1261/1261/597 
f 1264/1264/525 1268/1268/525 1267/1267/525 1263/1263/525 
f 1262/1262/598 1266/1266/600 1221/1221/600 1219/1219/598 
f 1218/1218/599 1220/1220/601 1269/1269/601 1265/1265/599 
f 1268/1268/525 1272/1272/525 1271/1271/525 1267/1267/525 
f 1266/1266/600 1270/1270/602 1223/1223/602 1221/1221/600 
f 1220/1220/601 1222/1222/603 1273/1273/603 1269/1269/601 
f 1272/1272/525 1276/1276/525 1275/1275/525 1271/1271/525 
f 1270/1270/602 1274/1274/604 1225/1225/604 1223/1223/602 
f 1222/1222/603 1224/1224/605 1277/1277/605 1273/1273/603 
f 1274/1274/581 1275/1275/581 1199/1199/552 1198/1198/552 
f 1276/1276/580 1277/1277/580 1197/1197/553 1196/1196/553 
f 1276/1276/525 1196/1196/525 1199/1199/525 1275/1275/525 
f 1274/1274/604 1198/1198/554 1195/1195/554 1225/1225/604 
f 1224/1224/605 1194/1194/555 1197/1197/555 1277/1277/605 
#end 1061 faces

#ZOMPROPERTIES_04{
#ZOMPROPERTIES_04 table {Mesh table {SymPlane table {Point vector3d 0 0 0 Normal vector3d 1 0 0 Threshold double 0.01 
#ZOMPROPERTIES_04 Enabled bool false EdgeID int -1 SymEdgeID int -1 UPos double 0.5 LocalMode bool false } RootGroup C
#ZOMPROPERTIES_04 SubMeshGroup {Children table {Tile_0_0 CSubMeshGroup {Children table {} BBoxUV box3d 0 0 0 0 0 0 BBo
#ZOMPROPERTIES_04 x3D box3d 0 0 0 0 0 0 Area3D double 0 AreaUV double 0.745636 IsRoot bool false Properties table {Sel
#ZOMPROPERTIES_04 ected bool false Box box3d 0 1 0 1 0 1 U int 0 V int 0 NU int 0 NV int 0 Tiling vector3d 1 1 1 TileR
#ZOMPROPERTIES_04 atioMode string "1:1" Overflow string "Off" Pack table {BoxFrameEdit bool false Behavior string "Fre
#ZOMPROPERTIES_04 e" } } IsTile bool true PolyIDs ints { 510 522 511 524 523 514 528 515 530 529 518 534 519 536 535 5
#ZOMPROPERTIES_04 16 532 531 517 533 512 526 525 513 527 520 537 521 539 538 0 3 1 2 13 4 6 14 11 12 21 10 19 9 22 18 
#ZOMPROPERTIES_04 16 7 15 17 5 20 8 23 618 622 621 619 620 926 930 929 927 928 613 617 616 614 615 761 775 788 765 772
#ZOMPROPERTIES_04  766 773 796 774 767 790 778 763 783 789 784 768 779 769 780 770 781 793 786 764 776 792 777 794 797
#ZOMPROPERTIES_04  785 782 787 771 791 795 762 798 815 827 825 802 809 803 810 833 811 804 831 814 800 820 808 819 805
#ZOMPROPERTIES_04  821 826 816 806 817 807 818 830 823 801 813 829 799 822 834 824 828 832 812 612 611 835 878 899 901
#ZOMPROPERTIES_04  906 877 838 880 900 888 925 924 923 889 851 895 840 881 911 910 904 879 836 891 903 896 852 883 839
#ZOMPROPERTIES_04  875 909 887 857 886 902 892 859 915 861 916 864 922 862 845 863 874 908 914 876 913 893 907 898 837
#ZOMPROPERTIES_04  882 905 885 856 890 853 884 894 912 854 842 921 866 920 867 919 870 918 868 917 860 871 849 869 850
#ZOMPROPERTIES_04  872 847 865 848 846 873 843 844 841 855 858 897 931 956 959 934 935 961 958 933 932 957 960 955 963
#ZOMPROPERTIES_04  966 969 972 975 978 981 984 987 990 995 1060 1055 1052 1049 1046 1043 1040 1037 1034 1031 1028 1025
#ZOMPROPERTIES_04  1022 997 998 1023 1020 996 1021 1024 1027 1030 1033 1036 1039 1042 1045 1048 1051 1054 1059 994 989
#ZOMPROPERTIES_04  986 983 980 977 974 971 968 965 962 938 939 967 970 942 940 973 976 946 979 948 982 985 952 953 988
#ZOMPROPERTIES_04  993 992 1058 1056 1057 1053 1018 1050 1017 1047 1014 1044 1012 1013 1041 1010 1011 1038 1009 1008 1
#ZOMPROPERTIES_04 007 1035 1032 1004 1005 1029 1003 1000 1026 1002 1006 1015 1016 1019 991 954 951 950 949 947 945 944
#ZOMPROPERTIES_04  943 941 964 999 1001 937 936 586 590 601 608 598 607 596 588 597 609 610 594 606 593 587 600 604 60
#ZOMPROPERTIES_04 2 591 603 605 592 589 595 599 551 561 579 564 556 562 584 569 583 568 585 565 581 563 552 571 557 57
#ZOMPROPERTIES_04 2 573 582 576 567 575 566 574 559 555 554 553 580 570 558 577 578 560 623 624 709 706 707 705 708 62
#ZOMPROPERTIES_04 8 760 634 710 713 633 712 637 640 638 646 648 647 655 653 661 664 662 670 673 671 679 681 680 688 68
#ZOMPROPERTIES_04 6 694 697 695 702 704 758 698 759 703 701 700 696 753 751 693 690 687 685 677 743 741 678 676 738 73
#ZOMPROPERTIES_04 7 672 669 667 663 660 657 654 652 644 645 643 639 716 715 635 717 642 718 641 720 649 723 651 724 65
#ZOMPROPERTIES_04 0 727 656 728 659 730 658 733 734 666 735 732 731 729 726 725 722 721 719 632 665 736 668 739 675 74
#ZOMPROPERTIES_04 0 742 674 682 745 684 746 683 749 748 747 744 689 750 752 692 691 755 699 757 754 756 714 629 627 71
#ZOMPROPERTIES_04 1 625 636 631 630 626 540 544 548 542 543 549 546 550 545 541 547 24 37 302 156 28 253 301 155 27 15
#ZOMPROPERTIES_04 7 364 221 25 252 52 363 255 44 254 297 298 45 38 296 299 80 81 300 303 305 357 312 311 319 321 331 3
#ZOMPROPERTIES_04 29 355 354 341 339 348 349 383 262 260 378 266 264 276 274 373 286 285 289 290 367 79 400 205 29 448
#ZOMPROPERTIES_04  110 109 446 447 444 442 440 106 439 441 443 107 203 204 399 398 397 202 201 437 435 104 436 438 434
#ZOMPROPERTIES_04  432 102 431 433 199 198 393 72 73 394 395 74 396 75 76 200 392 391 70 69 390 195 425 427 429 101 19
#ZOMPROPERTIES_04 7 100 428 430 426 424 98 97 422 418 96 95 415 419 478 476 474 472 470 468 466 464 118 463 465 467 46
#ZOMPROPERTIES_04 9 471 473 475 477 420 417 416 192 191 386 385 190 384 220 414 219 413 412 217 411 410 89 215 214 409
#ZOMPROPERTIES_04  408 87 213 212 461 117 116 460 462 458 456 114 113 454 452 449 111 451 206 207 402 401 208 453 455 
#ZOMPROPERTIES_04 209 404 403 82 83 405 210 211 459 457 84 85 406 407 86 450 112 115 88 90 216 91 92 218 93 94 64 65 3
#ZOMPROPERTIES_04 87 66 388 67 389 193 421 423 194 126 125 124 123 122 121 120 119 99 196 68 71 103 105 77 108 445 78 
#ZOMPROPERTIES_04 53 365 160 496 161 163 165 498 164 162 291 288 40 284 166 499 500 501 170 372 287 240 41 56 275 242 
#ZOMPROPERTIES_04 244 277 265 245 267 247 58 379 180 182 261 263 184 186 382 61 350 188 481 189 351 346 128 130 132 13
#ZOMPROPERTIES_04 4 136 484 135 133 131 342 340 347 46 127 129 479 223 225 482 353 47 356 48 227 330 332 228 322 229 3
#ZOMPROPERTIES_04 4 320 314 35 313 233 49 358 306 236 304 153 493 154 361 359 152 150 491 149 492 490 148 309 308 235 
#ZOMPROPERTIES_04 50 51 362 360 310 307 318 315 325 324 328 334 336 337 343 344 352 256 257 381 376 375 270 269 272 28
#ZOMPROPERTIES_04 0 279 282 370 369 294 293 39 292 159 237 295 368 54 55 371 283 167 239 42 278 169 281 241 171 173 17
#ZOMPROPERTIES_04 5 503 174 172 504 176 178 505 506 181 183 507 508 185 187 258 259 250 380 60 377 59 57 374 271 246 2
#ZOMPROPERTIES_04 68 43 243 273 177 179 502 251 63 222 224 226 338 30 335 333 327 323 33 140 486 139 137 487 141 143 4
#ZOMPROPERTIES_04 88 489 144 317 231 230 326 316 146 142 485 32 138 31 232 234 145 147 494 151 483 345 480 509 62 249 
#ZOMPROPERTIES_04 248 168 497 495 158 366 238 26 36 } } } BBoxUV box3d 0 0 0 0 0 0 BBox3D box3d 0 0 0 0 0 0 Area3D dou
#ZOMPROPERTIES_04 ble 0 AreaUV double 0.375568 IsRoot bool true Properties table {Selected bool false Box box3d 0 1 0 
#ZOMPROPERTIES_04 1 0 1 U int 0 V int 0 NU int 1 NV int 1 Tiling vector3d 1 1 1 TileRatioMode string "1:1" Overflow st
#ZOMPROPERTIES_04 ring "Off" Pack table {Rotate table {Mode int 0 Min double 0 Max double 90 Step double 0 } PaddingSi
#ZOMPROPERTIES_04 ze double 0.0078125 MarginSize double 0.00390625 Resolution int 256 MapResolution int 2048 Scaling t
#ZOMPROPERTIES_04 able {TexelDensity double 1024 Mode int 2 } LayoutScalingMode int 2 MaxMutations int 1 } } IsTile bo
#ZOMPROPERTIES_04 ol false PolyIDs ints { } } Maps table {Density table {PrimType string "Polygon" Size int 1 DefaultV
#ZOMPROPERTIES_04 alue double 1 ScaleType string "Log" MergeMode string "Average" MinValue double 0.1 MaxValue double 
#ZOMPROPERTIES_04 4 Data doubles { r 1061 1 } } Pin table {PrimType string "Vertex" Size int 1 DefaultValue double 0 S
#ZOMPROPERTIES_04 caleType string "Normalized" MergeMode string "Max" MinValue double 0 MaxValue double 1 Data doubles
#ZOMPROPERTIES_04  { r 1277 0 } } Protect table {PrimType string "Vertex" Size int 1 DefaultValue double 0 ScaleType s
#ZOMPROPERTIES_04 tring "Normalized" MergeMode string "Average" MinValue double -1 MaxValue double 1 Data doubles { r 
#ZOMPROPERTIES_04 1277 0 } } } } }
#ZOMPROPERTIES_04}


#ZOMSCENE_01{
#ZOMSCENE_01 CScene {Settings table {AxisSystem table {UpVector string "y" } Unit string "cm" TexelDensityDisplay
#ZOMSCENE_01 Unit string "tx/cm" } }
#ZOMSCENE_01}

#begin 0 fatal error vertex (that RizomUV cannot handle)
#end 0 fatal error vertex (that RizomUV cannot handle)

#begin 0 error vertex
#end 0 error vertex
