#File written by RizomUV 2022.1.57.gfabcfb8. Compilation :Sep 28 2022,23:52:22
mtllib Arco Low.mtl
#begin vertices
v -93.03861 19.1633 16.77906
v -93.03861 19.1633 27.19122
v -66.22237 19.1633 27.19122
v -66.22237 19.1633 16.77906
v -66.22237 8.459459 33.10195
v -93.03861 8.459459 33.10195
v -93.03861 -0.006041 33.10195
v -93.03861 14.81641 33.10195
v -66.22237 -0.006041 33.10195
v -66.22237 14.81641 33.10195
v -66.22237 2.92616 33.10195
v -93.03861 2.92616 33.10195
v -93.03861 1.186668 33.10195
v -93.03861 8.459459 28.7106
v -93.03861 19.1633 28.7106
v -66.22237 19.1633 28.7106
v -93.03861 2.92616 28.7106
v -93.03861 1.186668 28.7106
v -66.22237 8.459459 28.7106
v -93.03861 -0.006041 28.7106
v -66.22237 -0.006041 28.7106
v -66.22237 2.92616 28.7106
v -67.48266 -0.006041 28.7174
v -73.51186 -0.006041 28.7174
v -73.51186 1.186668 28.7174
v -73.51186 2.898357 33.08905
v -73.51186 -0.006041 33.08905
v -73.51186 1.186668 33.08905
v -93.03861 2.898357 33.10195
v -93.03861 2.898357 28.7106
v -73.51186 2.898357 28.7174
v -67.48266 -0.006041 33.08905
v -66.22237 8.86282 17.61151
v -66.22237 8.86282 26.35878
v -66.22237 9.28126 18.69439
v -66.22237 9.28126 25.2759
v -93.03861 19.1633 26.38183
v -93.03861 19.1633 17.58845
v -93.03861 19.1633 25.12564
v -93.03861 19.1633 18.84465
v -66.22237 19.1633 17.58845
v -66.22237 19.1633 26.38183
v -66.22237 19.1633 18.84465
v -66.22237 19.1633 25.12564
v -67.48266 8.871509 17.62944
v -67.48266 8.871509 26.34085
v -73.05754 8.871509 26.34085
v -73.05754 8.871509 17.62944
v -66.22237 9.413493 27.19122
v -93.03861 9.413493 16.77906
v -66.22237 9.413493 16.77906
v -93.03861 9.413493 27.19122
v -93.03861 9.413493 33.10195
v -66.22237 9.413493 33.10195
v -66.22237 9.413493 28.7106
v -93.03861 9.413493 28.7106
v -66.22237 9.780902 17.60946
v -66.22237 10.16205 18.70779
v -66.22237 10.16205 25.2625
v -66.22237 9.780902 26.36083
v -93.03861 9.780902 26.36083
v -93.03861 10.16205 25.2625
v -93.03861 10.16205 18.70779
v -93.03861 9.780902 17.60946
v -76.09351 8.870534 26.34286
v -77.58214 8.869885 26.3442
v -77.58214 8.869885 17.62609
v -76.09351 8.870534 17.62743
v -76.09351 2.898357 28.04078
v -77.58214 2.898357 28.04078
v -76.09351 1.186668 28.04078
v -77.58214 1.186668 28.04078
v -76.09351 -0.006041 28.04078
v -77.58214 -0.006041 28.04078
v -76.09351 6.569609 31.25521
v -77.58213 6.569609 31.25521
v -76.09351 4.85792 31.25521
v -77.58213 4.85792 31.25521
v -76.09351 3.418424 31.25521
v -77.58213 3.418424 31.25521
v -89.77683 8.864311 17.61459
v -89.77683 -0.006041 16.77906
v -89.77683 8.864311 26.3557
v -89.77683 2.92616 27.19122
v -66.22237 9.474313 19.58761
v -66.22237 9.596624 20.30319
v -66.22237 9.676146 20.9318
v -66.22237 9.72179 21.65572
v -66.22237 9.72179 22.31457
v -66.22237 9.676146 23.03849
v -66.22237 9.596624 23.6671
v -66.22237 9.474313 24.38267
v -93.03861 19.148 23.50809
v -93.03861 19.14792 24.22631
v -93.03861 19.1633 22.25014
v -93.03861 19.15712 22.97475
v -93.03861 19.15712 20.99553
v -93.03861 19.1633 21.72015
v -93.03861 19.14792 19.74398
v -93.03861 19.148 20.4622
v -66.22237 19.148 20.46213
v -66.22237 19.14792 19.74395
v -66.22237 19.1633 21.72015
v -66.22237 19.15712 20.99559
v -66.22237 19.15712 22.9747
v -66.22237 19.1633 22.25014
v -66.22237 19.14792 24.22634
v -66.22237 19.148 23.50815
v -66.22237 10.44825 20.31809
v -66.22237 10.33597 19.59873
v -66.22237 10.56331 21.66146
v -66.22237 10.52088 20.93685
v -66.22237 10.52088 23.03344
v -66.22237 10.56331 22.30883
v -66.22237 10.33597 24.37156
v -66.22237 10.44825 23.65219
v -93.03861 10.33599 24.37147
v -93.03861 10.44828 23.652
v -93.03861 10.52086 23.03362
v -93.03861 10.56331 22.30883
v -93.03861 10.56331 21.66146
v -93.03861 10.52086 20.93667
v -93.03861 10.44828 20.31829
v -93.03861 10.33599 19.59882
v -73.05776 11.64859 24.3721
v -73.05776 11.80139 23.65882
v -73.05776 11.88027 23.03557
v -73.05776 11.92593 22.31173
v -73.05776 11.92593 21.65855
v -73.05776 11.88027 20.93472
v -73.05776 11.80139 20.31147
v -73.05776 11.64859 19.59819
v -76.09373 11.64799 19.59737
v -76.09373 11.80074 20.31057
v -77.58236 11.80032 20.31007
v -77.58236 11.64741 19.59622
v -76.09373 11.87969 20.93437
v -76.09373 11.92535 21.65824
v -77.58236 11.92496 21.65802
v -77.58236 11.87929 20.93404
v -76.09373 11.92535 22.31205
v -76.09373 11.87969 23.03592
v -77.58236 11.87929 23.03625
v -77.58236 11.92496 22.31226
v -76.09373 11.80074 23.65972
v -76.09373 11.64799 24.37292
v -77.58236 11.64741 24.37406
v -77.58236 11.80032 23.66022
v -89.77683 2.688204 12.29529
v -73.05754 -0.006041 12.31103
v -76.09351 -0.006041 12.31103
v -67.48266 -0.006041 15.99158
v -77.58214 -0.006041 15.99158
v -73.05754 2.688204 15.99158
v -67.48266 -0.006041 13.55888
v -77.58214 -0.006041 13.55888
v -73.05754 2.688204 13.55888
v -67.48266 5.032875 27.19122
v -73.33888 5.032875 27.19122
v -66.22237 5.032875 33.10195
v -93.03861 5.032875 33.10195
v -66.22237 5.032875 28.7106
v -93.03861 5.032875 28.7106
v -77.58214 5.032875 27.19122
v -76.09351 5.032875 27.19122
v -67.48266 8.048269 27.19122
v -73.0913 8.048269 27.19122
v -77.58214 8.048268 27.19122
v -66.22237 8.048269 33.10195
v -93.03861 8.048269 33.10195
v -66.22237 8.048269 28.7106
v -93.03861 8.048269 28.7106
v -76.09351 8.048268 27.19122
v -79.95266 -0.006041 16.77906
v -79.95266 8.868802 26.34643
v -79.95266 1.186668 27.19122
v -79.95266 8.868802 17.62386
v -79.95266 2.92616 27.19122
v -79.95266 -0.006041 27.19122
v -79.95266 2.898357 27.19122
v -79.95288 11.7996 23.66122
v -79.95288 11.64663 24.37535
v -79.95288 11.92431 22.31262
v -79.95288 11.87864 23.03664
v -79.95288 11.87864 20.93364
v -79.95288 11.92431 21.65767
v -79.95288 11.64663 19.59494
v -79.95288 11.7996 20.30907
v -79.95266 2.688204 16.77906
v -91.45731 8.863543 17.613
v -91.45731 2.92616 27.19122
v -91.45731 -0.006041 27.19122
v -91.45731 2.898357 27.19122
v -91.45731 -0.006041 16.77906
v -91.45731 8.863543 26.35729
v -91.45731 1.186668 27.19122
v -91.45731 9.28184 25.27477
v -91.45731 9.28184 18.69552
v -91.45731 9.59719 23.66574
v -91.45731 9.474485 24.38341
v -91.45731 9.72222 22.31433
v -91.45731 9.676497 23.03885
v -91.45731 9.676497 20.93144
v -91.45731 9.72222 21.65595
v -91.45731 9.474485 19.58687
v -91.45731 9.59719 20.30455
v -80.68004 8.868469 17.62317
v -80.68004 2.92616 27.19122
v -80.68026 11.64639 24.37574
v -80.68026 11.87844 23.03677
v -80.68026 11.92412 21.65756
v -80.68026 11.79938 20.30877
v -80.68004 2.688204 16.77906
v -80.68004 -0.006041 16.77906
v -80.68004 8.868469 26.34712
v -80.68026 11.79938 23.66152
v -80.68026 11.92412 22.31273
v -80.68026 11.87844 20.93352
v -80.68026 11.64639 19.59455
v -89.77683 -0.006041 34.32761
v -89.77683 1.186668 34.32761
v -80.68004 -0.006041 28.28219
v -80.68004 1.186668 28.28219
v -83.63035 8.867121 17.62039
v -83.63036 2.92616 27.19122
v -83.63057 11.64541 24.37734
v -83.63057 11.87764 23.03726
v -83.63057 11.92332 21.65712
v -83.63057 11.79849 20.30752
v -83.63035 -0.006041 16.77906
v -83.63035 8.867121 26.3499
v -83.63057 11.79849 23.66277
v -83.63057 11.92332 22.31317
v -83.63057 11.87764 20.93303
v -83.63057 11.64541 19.59295
v -83.63036 -0.006041 34.32761
v -83.63035 1.186668 34.32761
v -83.63036 2.898357 28.28219
v -92.13715 8.863232 17.61236
v -92.13715 2.92616 27.19122
v -92.13715 -0.006041 27.19122
v -92.13715 2.898357 27.19122
v -92.13715 9.474225 24.38396
v -92.13715 9.676308 23.03899
v -92.13715 9.722035 21.65585
v -92.13715 9.596989 20.3043
v -92.13715 5.032875 27.19122
v -92.13715 8.048269 27.19122
v -92.13715 -0.006041 16.77906
v -92.13715 8.863232 26.35793
v -92.13715 1.186668 27.19122
v -92.13715 9.281591 25.27526
v -92.13715 9.281591 18.69503
v -92.13715 9.596989 23.66599
v -92.13715 9.722035 22.31444
v -92.13715 9.676308 20.93129
v -92.13715 9.474225 19.58633
v -73.05754 0.868288 12.31103
v -76.09351 0.868289 12.31103
v -67.48266 0.868288 15.99158
v -77.58214 0.868289 15.99158
v -67.48266 0.868288 13.55888
v -77.58214 0.868289 13.55888
v -79.95266 0.868289 16.77906
v -80.68004 0.868289 16.77906
v -76.09351 3.582699 16.77906
v -67.48266 3.582699 16.77906
v -73.05754 3.582699 16.77906
v -77.58214 3.582699 16.77906
v -79.95266 3.582699 16.77906
v -80.68004 3.582699 16.77906
v -89.77683 3.582699 16.50929
v -91.45731 -0.008067 12.29529
v -91.45731 -0.008067 16.50929
v -91.45731 3.582699 16.50929
v -92.13715 2.688204 16.50929
v -83.63035 2.688204 12.29529
v -91.45731 2.688204 12.29529
v -89.77683 0.868288 12.29529
v -91.45731 0.868288 12.29529
v -83.63035 0.868288 12.29529
v -89.77683 -0.008067 16.50929
v -83.63035 -0.008066 16.50929
v -89.77683 -0.008067 12.29529
v -83.63035 -0.008066 12.29529
v -93.02861 -0.006041 34.62766
v -93.03861 -0.006041 34.61766
v -93.03861 14.81641 34.61766
v -93.02861 14.81641 34.62766
v -93.03861 -0.006041 11.86278
v -93.02861 -0.006041 11.85278
v -93.02861 15.05556 11.85278
v -93.03861 15.0639 11.86278
v -66.22237 -0.006041 34.61766
v -66.23237 -0.006041 34.62766
v -66.23237 14.81641 34.62766
v -66.22237 14.81641 34.61766
v -66.23237 -0.006041 11.85278
v -66.22237 -0.006041 11.86278
v -66.22237 15.0639 11.86278
v -66.23237 15.05556 11.85278
v -66.23237 8.459459 34.62766
v -66.22237 8.459459 34.61766
v -66.22237 8.459459 11.86278
v -66.23237 8.459459 11.85278
v -93.02861 8.459459 11.85278
v -93.03861 8.459459 11.86278
v -93.02861 8.459459 34.62766
v -93.03861 8.459459 34.61766
v -93.03861 -0.006041 27.20123
v -93.02861 -0.006041 27.19122
v -93.02861 -0.006041 16.77906
v -93.03861 -0.006041 16.76906
v -66.22237 -0.006041 16.76906
v -66.23237 -0.006041 16.77906
v -66.23237 -0.006041 27.19122
v -66.22237 -0.006041 27.20123
v -66.23237 8.449459 27.19122
v -66.22237 8.460092 27.18992
v -66.23237 8.449459 16.77906
v -66.22237 8.460093 16.78037
v -93.02861 8.46382 16.78806
v -93.03861 8.465068 16.76906
v -93.02861 8.449459 16.77906
v -93.02861 8.449459 27.19122
v -93.03861 8.465067 27.20123
v -93.02861 8.46382 27.18223
v -67.48266 8.46382 16.78806
v -67.48266 8.449459 16.77906
v -67.47266 -0.006041 16.77906
v -67.48266 -0.006041 16.76906
v -67.48266 8.449459 27.19122
v -67.48266 8.46382 27.18223
v -67.48266 -0.006041 27.20123
v -67.47266 -0.006041 27.19122
v -73.05754 8.46382 16.78806
v -73.05754 8.449459 16.77906
v -73.05836 8.449459 27.19122
v -73.05754 8.46382 27.18223
v -73.52185 -0.006041 27.19122
v -73.51186 -0.006041 27.20123
v -93.03861 2.92616 27.20123
v -93.02861 2.92616 27.19122
v -66.23237 2.92616 34.62766
v -66.22237 2.92616 34.61766
v -93.02861 2.92616 34.62766
v -93.03861 2.92616 34.61766
v -66.22237 2.92616 27.20123
v -66.23237 2.92616 27.19122
v -67.48266 2.91616 27.20123
v -67.49266 2.92616 27.20123
v -67.47266 2.93616 27.19122
v -73.52185 2.93616 27.19122
v -73.50185 2.92616 27.20123
v -73.51186 2.91616 27.20123
v -67.49266 -0.006041 33.98583
v -67.48266 -0.006041 33.97583
v -73.51186 -0.006041 33.97583
v -73.50185 -0.006041 33.98583
v -67.48266 2.91616 33.97583
v -67.49266 2.91616 33.98583
v -67.49266 2.92616 33.97583
v -73.51186 2.91616 33.97583
v -73.50185 2.92616 33.97583
v -73.50185 2.91616 33.98583
v -66.22237 1.186668 34.61766
v -66.23237 1.186668 34.62766
v -66.23237 1.186668 27.19122
v -66.22237 1.186668 27.20123
v -93.03861 1.186668 27.20123
v -93.02861 1.186668 27.19122
v -93.02861 1.186668 34.62766
v -93.03861 1.186668 34.61766
v -67.48266 1.186668 27.20123
v -67.47266 1.186668 27.19122
v -73.52185 1.186668 27.19122
v -73.51186 1.186668 27.20123
v -67.49266 1.186668 33.98583
v -67.48266 1.186668 33.97583
v -73.51186 1.186668 33.97583
v -73.50185 1.186668 33.98583
v -66.23237 1.196668 33.10185
v -66.22237 1.176668 33.11195
v -66.23237 1.186668 33.09185
v -66.23237 1.196668 28.71065
v -66.23237 1.186668 28.72065
v -66.22237 1.176668 28.7006
v -67.48266 2.91616 28.7174
v -67.49266 2.92616 28.7174
v -73.50185 2.92616 28.7174
v -73.51186 2.91616 28.7174
v -67.47266 1.186668 28.72734
v -67.47266 1.196668 28.71734
v -67.48266 1.176668 28.7074
v -67.47266 2.888357 33.08915
v -67.48266 2.908357 33.09905
v -67.47266 2.898357 33.07916
v -67.49266 2.92616 33.08905
v -67.48266 2.91616 33.08905
v -67.47266 1.196668 33.08915
v -67.47266 1.186668 33.07916
v -67.48266 1.176668 33.09905
v -93.02861 2.898357 27.19122
v -93.03861 2.898357 27.20123
v -93.03861 2.898357 34.61766
v -93.02861 2.898357 34.62766
v -67.47266 2.898357 27.19122
v -67.48266 2.898357 27.20123
v -73.51186 2.898357 27.20123
v -73.52185 2.898357 27.19122
v -67.48266 2.898357 33.97583
v -67.49266 2.898357 33.98583
v -73.50185 2.898357 33.98583
v -73.51186 2.898357 33.97583
v -66.22237 2.898357 34.61766
v -66.23237 2.898357 34.62766
v -66.23237 2.898357 27.19122
v -66.22237 2.898357 27.20123
v -66.23237 2.888357 33.10185
v -66.23237 2.898357 33.09185
v -66.22237 2.908357 33.11195
v -66.23237 2.888357 28.71065
v -66.22237 2.908357 28.7006
v -66.23237 2.898357 28.72065
v -67.47266 2.898357 28.72734
v -67.48266 2.908357 28.7074
v -67.47266 2.888357 28.71734
v -73.51186 2.91616 33.08905
v -73.50185 2.92616 33.08905
v -93.03861 8.873236 17.61149
v -93.02861 8.862824 17.61152
v -93.02861 8.862824 26.35877
v -93.03861 8.873236 26.3588
v -93.02861 9.281264 18.6944
v -93.03861 9.291685 18.69455
v -93.03861 9.291685 25.27574
v -93.02861 9.281264 25.27589
v -67.49266 9.298233 18.70789
v -67.47266 9.285373 18.6984
v -67.48267 9.300514 18.71788
v -67.49266 9.298233 25.2624
v -67.48267 9.300514 25.2524
v -67.47266 9.285373 25.27189
v -73.05754 9.284629 25.27173
v -73.05754 9.298233 25.2624
v -73.05754 9.298233 18.70789
v -73.05754 9.284629 18.69856
v -93.03861 9.413493 34.61766
v -93.02861 9.413493 34.62766
v -93.03861 9.413493 11.86278
v -93.02861 9.413493 11.85278
v -66.22237 9.413493 34.61766
v -66.23237 9.413493 34.62766
v -66.23237 9.413493 11.85278
v -66.22237 9.413493 11.86278
v -77.58214 8.463819 16.78806
v -77.58214 8.449458 16.77906
v -76.09351 8.449458 16.77906
v -76.09351 8.463819 16.78806
v -76.09351 8.463819 27.18223
v -76.09351 8.449458 27.19122
v -77.58214 8.449458 27.19122
v -77.58214 8.463819 27.18223
v -77.59214 -0.006041 27.19122
v -77.58214 -0.006041 27.20123
v -76.09351 -0.006041 27.20123
v -76.08351 -0.006041 27.19122
v -77.58214 -0.006041 16.76906
v -77.59214 -0.006041 16.77906
v -77.59214 2.93616 27.19122
v -77.57214 2.92616 27.20123
v -77.58214 2.915258 27.20123
v -76.10351 2.92616 27.20123
v -76.08351 2.93616 27.19122
v -76.09351 2.915258 27.20123
v -76.08351 1.186668 27.19122
v -76.09351 1.186668 27.20123
v -77.58214 1.186668 27.20123
v -77.59214 1.186668 27.19122
v -76.08351 2.898357 27.19122
v -76.09351 2.898357 27.20123
v -77.58214 2.898357 27.20123
v -77.59214 2.898357 27.19122
v -76.09351 9.297452 25.26392
v -76.09351 9.283848 25.27324
v -77.58214 9.283326 25.27425
v -77.58214 9.29693 25.26493
v -76.09351 9.283848 18.69704
v -76.09351 9.297452 18.70637
v -77.58214 9.29693 18.70536
v -77.58214 9.283326 18.69603
v -77.57214 2.92616 28.03078
v -77.57214 2.933684 28.04737
v -77.58214 2.915222 28.04078
v -76.10351 2.933684 28.04737
v -76.10351 2.92616 28.03078
v -76.09351 2.915222 28.04078
v -77.57214 6.597412 31.26521
v -77.58213 6.586473 31.25521
v -77.57214 6.589888 31.24862
v -76.1035 6.589888 31.24862
v -76.09351 6.586473 31.25521
v -76.1035 6.597412 31.26521
v -76.09351 6.569609 31.83462
v -76.1035 6.569609 31.84462
v -77.57214 6.569609 31.84462
v -77.58213 6.569609 31.83462
v -77.57214 6.597412 31.83462
v -77.57214 6.587412 31.84462
v -77.58213 6.586509 31.83462
v -76.09351 6.586509 31.83462
v -76.1035 6.587412 31.84462
v -76.1035 6.597412 31.83462
v -76.09351 4.85792 31.83462
v -76.1035 4.85792 31.84462
v -77.57214 4.85792 31.84462
v -77.58213 4.85792 31.83462
v -76.1035 3.418424 31.84462
v -76.09351 3.418424 31.83462
v -77.58213 3.418424 31.83462
v -77.57214 3.418424 31.84462
v -89.77683 8.449459 16.77906
v -89.77683 8.46382 16.78806
v -89.77683 8.449459 27.19122
v -89.77683 8.46382 27.18223
v -89.77683 1.186668 27.20123
v -89.78683 1.186668 27.19122
v -89.78683 -0.006041 27.19122
v -89.77683 -0.006041 27.20123
v -89.76683 2.898357 27.20123
v -89.77683 2.888357 27.20123
v -89.78683 2.908357 27.19122
v -89.76683 9.292461 25.27357
v -89.78683 9.279609 25.28308
v -89.77683 9.29474 25.26358
v -89.76683 9.292461 18.69671
v -89.77683 9.29474 18.70671
v -89.78683 9.279609 18.68721
v -73.05776 11.36799 25.2624
v -73.05776 11.3809 25.25284
v -67.48288 11.37083 25.2524
v -67.49288 11.36799 25.2624
v -67.49288 11.3809 25.25284
v -67.48288 11.37083 18.71788
v -67.49288 11.3809 18.71745
v -67.49288 11.36799 18.70789
v -73.05776 11.3809 18.71745
v -73.05776 11.36799 18.70789
v -76.09373 11.36721 18.70637
v -76.09373 11.38011 18.71594
v -77.58236 11.37959 18.71493
v -77.58235 11.36669 18.70536
v -76.09373 11.38011 25.25435
v -76.09373 11.36721 25.26392
v -77.58235 11.36669 25.26493
v -77.58236 11.37959 25.25536
v -89.76704 11.36222 25.27357
v -89.77705 11.36505 25.26358
v -89.76705 11.37512 25.26401
v -89.76704 11.36222 18.69671
v -89.76705 11.37512 18.70628
v -89.77705 11.36505 18.70671
v -93.03861 9.484243 19.58578
v -93.02861 9.473886 19.58563
v -93.02861 9.596725 20.30397
v -93.03861 9.607037 20.30414
v -93.03861 9.686322 20.93117
v -93.02861 9.676061 20.93111
v -93.02861 9.721793 21.65572
v -93.03861 9.732037 21.65579
v -93.03861 9.732037 22.3145
v -93.02861 9.721793 22.31457
v -93.02861 9.676061 23.03918
v -93.03861 9.686322 23.03911
v -93.03861 9.607037 23.66615
v -93.02861 9.596725 23.66632
v -93.02861 9.473886 24.38466
v -93.03861 9.484243 24.38451
v -67.47266 9.602381 20.3115
v -67.48267 9.612534 20.31157
v -67.48267 9.490349 19.59652
v -67.47266 9.480185 19.59645
v -67.47266 9.726915 21.65853
v -67.48267 9.737046 21.65855
v -67.48267 9.691383 20.93463
v -67.47266 9.681246 20.93461
v -67.47266 9.681246 23.03568
v -67.48267 9.691383 23.03566
v -67.48267 9.737046 22.31173
v -67.47266 9.726915 22.31176
v -67.47266 9.480185 24.37384
v -67.48267 9.490349 24.37377
v -67.48267 9.612534 23.65872
v -67.47266 9.602381 23.65879
v -89.77683 9.485244 24.38208
v -89.78683 9.475122 24.38209
v -89.78683 9.597685 23.66512
v -89.77683 9.607794 23.66512
v -89.77683 9.687061 23.03849
v -89.78683 9.676962 23.0385
v -89.78683 9.722673 22.31409
v -89.77683 9.732766 22.31408
v -89.77683 9.732766 21.6562
v -89.78683 9.722673 21.6562
v -89.78683 9.676962 20.93179
v -89.77683 9.687061 20.93179
v -89.77683 9.607794 20.30517
v -89.78683 9.597685 20.30517
v -89.78683 9.475122 19.5882
v -89.77683 9.485244 19.58821
v -67.48288 11.63815 24.37289
v -67.49288 11.64835 24.37289
v -67.49288 11.80139 23.65875
v -67.48288 11.79122 23.65875
v -67.48288 11.87011 23.03564
v -67.49288 11.88026 23.03564
v -67.49288 11.92593 22.31173
v -67.48288 11.91579 22.31173
v -67.48288 11.91579 21.65855
v -67.49288 11.92593 21.65855
v -67.49288 11.88026 20.93465
v -67.48288 11.87011 20.93465
v -67.48288 11.79122 20.31154
v -67.49288 11.80139 20.31154
v -67.49288 11.64835 19.5974
v -67.48288 11.63815 19.59739
v -89.77705 11.78646 23.66535
v -89.76705 11.79663 23.66535
v -89.76705 11.64339 24.38066
v -89.77705 11.6332 24.38067
v -89.77705 11.91151 22.31408
v -89.76705 11.92165 22.31408
v -89.76705 11.87597 23.03829
v -89.77705 11.86581 23.03829
v -89.77705 11.86581 20.932
v -89.76705 11.87597 20.932
v -89.76705 11.92165 21.6562
v -89.77705 11.91151 21.6562
v -89.77705 11.6332 19.58962
v -89.76705 11.64339 19.58963
v -89.76705 11.79663 20.30494
v -89.77705 11.78646 20.30494
v -93.02861 2.688204 11.85278
v -93.03861 2.688204 11.86278
v -66.22237 2.688204 11.86278
v -66.23237 2.688204 11.85278
v -66.22237 2.688204 16.76906
v -66.23237 2.688204 16.77906
v -93.03861 2.688204 16.76906
v -93.02861 2.688204 16.77906
v -67.49266 2.688204 16.76906
v -67.48266 2.678204 16.76906
v -67.47266 2.698204 16.77906
v -73.05754 2.698204 16.77906
v -73.05754 2.688204 16.76906
v -77.57214 2.688204 16.76906
v -77.59214 2.698204 16.77906
v -77.58214 2.678204 16.76906
v -76.09351 2.688204 16.76906
v -76.09351 2.698204 16.77906
v -67.48266 -0.006041 12.32103
v -67.49266 -0.006041 12.31103
v -67.49266 2.678204 12.31103
v -67.48266 2.678204 12.32103
v -67.49266 2.688204 12.32103
v -73.05754 2.688204 12.32103
v -73.05754 2.678204 12.31103
v -77.57214 2.678204 12.31103
v -77.57214 2.688204 12.32103
v -77.58214 2.678204 12.32103
v -77.57214 -0.006041 12.31103
v -77.58214 -0.006041 12.32103
v -76.09351 2.678204 12.31103
v -76.09351 2.688204 12.32103
v -77.58214 2.678204 15.98158
v -77.57214 2.698204 15.99158
v -77.57214 2.688204 16.00158
v -67.49266 2.688204 15.99158
v -67.48266 2.678204 15.99158
v -76.09351 2.698204 15.98158
v -76.08351 2.688204 16.00158
v -76.10351 2.698204 15.99158
v -77.57214 2.688204 13.54888
v -77.57214 2.698204 13.55888
v -77.58214 2.678204 13.56888
v -67.49266 2.688204 13.55888
v -67.48266 2.678204 13.55888
v -76.09351 2.698204 13.56888
v -76.10351 2.698204 13.55888
v -76.08351 2.688204 13.54888
v -77.58214 3.48928 13.56888
v -77.57214 3.48928 13.55888
v -77.57214 3.49928 13.56888
v -77.58214 3.48928 15.98158
v -77.57214 3.49928 15.98158
v -77.57214 3.48928 15.99158
v -76.09351 3.48928 13.56888
v -76.10351 3.49928 13.56888
v -76.10351 3.48928 13.55888
v -76.09351 3.48928 15.98158
v -76.10351 3.48928 15.99158
v -76.10351 3.49928 15.98158
v -93.03861 5.032875 27.20123
v -93.02861 5.032875 27.19122
v -93.02861 5.032875 34.62766
v -93.03861 5.032875 34.61766
v -66.22237 5.032875 34.61766
v -66.23237 5.032875 34.62766
v -66.23237 5.032875 27.19122
v -66.22237 5.032875 27.20123
v -89.77683 5.022875 27.19122
v -89.77683 5.032875 27.20123
v -93.02861 8.048269 27.19122
v -93.03861 8.048269 27.20123
v -93.03861 8.048269 34.61766
v -93.02861 8.048269 34.62766
v -89.77683 8.048269 27.20123
v -89.77683 8.05827 27.19122
v -66.22237 8.048269 34.61766
v -66.23237 8.048269 34.62766
v -66.23237 8.048269 27.19122
v -66.22237 8.048269 27.20123
v -79.95266 8.463819 16.78806
v -79.95266 8.449458 16.77906
v -79.95266 9.282456 25.27594
v -79.95266 9.296061 25.26661
v -79.95266 9.296061 18.70368
v -79.95266 9.282456 18.69435
v -79.95266 8.449458 27.19122
v -79.95266 8.463819 27.18223
v -79.95288 11.36582 25.26661
v -79.95288 11.37872 25.25704
v -79.95288 11.37872 18.71325
v -79.95288 11.36582 18.70368
v -79.95266 5.042874 27.20123
v -79.94266 5.022875 27.19122
v -79.96266 5.032875 27.20123
v -79.95266 8.038268 27.20123
v -79.96266 8.048268 27.20123
v -79.94266 8.058269 27.19122
v -91.45731 8.449459 27.19122
v -91.45731 8.46382 27.18223
v -91.45731 8.46382 16.78806
v -91.45731 8.449459 16.77906
v -89.77683 3.572699 12.29529
v -89.77683 3.582699 12.30529
v -91.44731 5.032875 27.20123
v -91.46732 5.022875 27.19122
v -91.45731 5.042874 27.20123
v -91.45731 8.038269 27.20123
v -91.46732 8.05827 27.19122
v -91.44731 8.048269 27.20123
v -79.96266 5.042874 29.56062
v -79.95266 5.042874 29.55062
v -79.96266 5.032875 29.55062
v -89.77683 5.032875 29.55062
v -89.77683 5.042874 29.56062
v -89.77683 8.038269 29.56062
v -89.77683 8.048269 29.55062
v -79.96266 8.038268 29.56062
v -79.96266 8.048268 29.55062
v -79.95266 8.038268 29.55062
v -91.44731 5.032875 29.55062
v -91.45731 5.042874 29.55062
v -91.44731 5.042874 29.56062
v -91.45731 8.038269 29.55062
v -91.44731 8.048269 29.55062
v -91.44731 8.038269 29.56062
v -80.68004 8.449458 27.19122
v -80.68004 8.463819 27.18223
v -80.68004 -0.006041 27.20123
v -80.67004 -0.006041 27.19122
v -80.68004 2.888357 27.20123
v -80.69004 2.898357 27.20123
v -80.67004 2.908357 27.19122
v -80.68004 5.022875 27.19122
v -80.68004 5.032875 27.20123
v -80.68004 8.048268 27.20123
v -80.68004 8.058269 27.19122
v -80.68004 8.463819 16.78806
v -80.68004 8.449458 16.77906
v -80.68004 1.186668 27.20123
v -80.67004 1.186668 27.19122
v -80.68004 9.282189 25.27645
v -80.68004 9.295794 25.26712
v -80.68004 9.295794 18.70316
v -80.68004 9.282189 18.69384
v -80.68026 11.36555 25.26712
v -80.68026 11.37846 25.25755
v -80.68026 11.37846 18.71273
v -80.68026 11.36555 18.70316
v -80.68004 5.032875 29.55062
v -80.68004 5.042874 29.56062
v -80.68004 8.038268 29.56062
v -80.68004 8.048268 29.55062
v -80.69004 -0.006041 34.32761
v -80.68004 -0.006041 34.3176
v -80.69004 2.888357 34.32761
v -80.69004 2.898357 34.3176
v -80.68004 2.888357 34.3176
v -89.77683 2.888357 34.32761
v -89.77683 2.898357 34.3176
v -80.69004 1.186668 34.32761
v -80.68004 1.186668 34.3176
v -80.68004 2.888357 28.28219
v -80.69004 2.898357 28.28219
v -89.77683 -0.006041 28.27219
v -89.78683 -0.006041 28.28219
v -89.77683 2.888357 28.27219
v -89.76683 2.898357 28.29219
v -89.78683 2.888357 28.28219
v -89.77683 1.186668 28.27219
v -89.78683 1.186668 28.28219
v -92.83946 1.186668 34.32761
v -92.84946 1.186668 34.3176
v -92.83946 2.888357 34.32761
v -92.84946 2.888357 34.3176
v -92.83946 2.898357 34.3176
v -92.84946 -0.006041 34.3176
v -92.83946 -0.006041 34.32761
v -92.83946 -0.006041 28.28219
v -92.84946 -0.006041 28.29219
v -92.83946 2.898357 28.29219
v -92.84946 2.888357 28.29219
v -92.83946 2.888357 28.28219
v -92.83946 1.186668 28.28219
v -92.84946 1.186668 28.29219
v -83.63036 8.463819 27.18223
v -83.63036 8.449458 27.19122
v -83.63036 2.908357 27.19122
v -83.63036 2.898357 27.20123
v -83.63035 2.688204 16.76906
v -83.62035 2.688204 16.77906
v -83.63036 5.032875 27.20123
v -83.63036 5.022875 27.19122
v -83.63036 8.058269 27.19122
v -83.63036 8.048268 27.20123
v -83.63036 5.042874 29.56062
v -83.63036 5.032875 29.55062
v -83.63036 8.048268 29.55062
v -83.63036 8.038268 29.56062
v -83.63035 8.463819 16.78806
v -83.63035 8.449458 16.77906
v -83.63035 9.281108 25.27855
v -83.63036 9.294712 25.26922
v -83.63036 9.294712 18.70107
v -83.63035 9.281108 18.69174
v -83.63057 11.36447 25.26922
v -83.63057 11.37738 25.25965
v -83.63057 11.37738 18.71064
v -83.63057 11.36447 18.70107
v -83.63036 2.898357 34.3176
v -83.63036 2.888357 34.32761
v -92.13715 8.46382 27.18223
v -92.13715 8.449459 27.19122
v -92.14715 2.688204 16.77906
v -92.13715 2.688204 16.76906
v -92.13715 8.46382 16.78806
v -92.13715 8.449459 16.77906
v -93.03861 0.868288 11.86278
v -93.02861 0.868288 11.85278
v -66.23237 0.868288 11.85278
v -66.22237 0.868288 11.86278
v -93.02861 0.868288 16.77906
v -93.03861 0.868288 16.76906
v -67.47266 0.868288 16.77906
v -67.48266 0.868288 16.76906
v -77.58214 0.868289 16.76906
v -77.59214 0.868289 16.77906
v -89.77683 0.858288 16.77906
v -89.77683 0.868288 16.76906
v -66.23237 0.868288 16.77906
v -66.22237 0.868288 16.76906
v -67.48266 0.868288 12.32103
v -67.49266 0.868288 12.31103
v -77.57214 0.868289 12.31103
v -77.58214 0.868289 12.32103
v -91.45731 0.858288 16.77906
v -91.45731 0.868288 16.76906
v -83.64035 0.868288 16.76906
v -83.62035 0.858288 16.77906
v -83.63035 0.878288 16.76906
v -92.12715 0.868288 16.76906
v -92.13715 0.878288 16.76906
v -92.14715 0.858288 16.77906
v -66.23237 3.582699 16.77906
v -66.22237 3.582699 16.76906
v -93.03861 3.582699 11.86278
v -93.02861 3.582699 11.85278
v -66.23237 3.582699 11.85278
v -66.22237 3.582699 11.86278
v -93.02861 3.582699 16.77906
v -93.03861 3.582699 16.76906
v -89.77683 3.582699 16.76906
v -89.77683 3.592699 16.77906
v -91.45731 3.582699 16.76906
v -91.45731 3.592699 16.77906
v -83.63035 3.572699 16.76906
v -83.62035 3.592699 16.77906
v -83.64035 3.582699 16.76906
v -92.13715 3.572699 16.76906
v -92.12715 3.582699 16.76906
v -92.14715 3.592699 16.77906
v -83.62035 2.688204 16.50929
v -83.63035 2.688204 16.51929
v -83.62035 3.572699 16.50929
v -83.63035 3.572699 16.51929
v -83.64035 3.582699 16.49929
v -92.13715 3.572699 16.50929
v -92.12715 3.582699 16.50929
v -89.77683 0.868288 16.51929
v -89.77683 0.858288 16.50929
v -91.45731 0.868288 16.51929
v -91.45731 0.858288 16.50929
v -83.64035 0.868288 16.51929
v -83.63035 0.878288 16.51929
v -83.62035 0.858288 16.50929
v -92.12715 0.868288 16.51929
v -92.12715 0.858288 16.50929
v -92.13715 0.878288 16.49929
v -91.45731 3.572699 12.29529
v -91.45731 3.582699 12.30529
v -83.63035 3.572699 12.29529
v -83.63035 3.582699 12.30529
v -92.13715 2.688204 12.30529
v -92.12715 2.688204 12.29529
v -92.12715 3.582699 12.30529
v -92.13715 3.572699 12.30529
v -92.12715 3.572699 12.29529
v -92.13715 0.868288 12.30529
v -92.12715 0.868288 12.29529
v -92.13715 -0.008067 16.49929
v -92.12715 -0.008067 16.50929
v -92.12715 -0.008067 12.29529
v -92.13715 -0.008067 12.30529
v -80.95127 -0.008066 16.50929
v -80.94127 -0.008066 16.49929
v -80.95127 0.868288 16.50929
v -80.94127 0.868288 16.49929
v -80.95127 2.688204 12.29529
v -80.94127 2.688204 12.30529
v -80.94127 2.688204 16.49929
v -80.95127 2.688204 16.50929
v -80.95127 3.572699 16.50929
v -80.95127 3.582699 16.49929
v -80.94127 3.572699 16.49929
v -80.95127 3.582699 12.30529
v -80.95127 3.572699 12.29529
v -80.94127 3.572699 12.30529
v -80.95127 0.868288 12.29529
v -80.94127 0.868288 12.30529
v -80.94127 -0.008066 12.30529
v -80.95127 -0.008066 12.29529
v -72.35541 7.137912 16.7545
v -67.13204 7.137912 16.7545
v -72.35242 5.193606 16.7545
v -72.35541 5.196606 16.7545
v -72.30262 5.249402 16.8441
v -72.30562 5.243402 16.8471
v -72.29962 5.246402 16.8441
v -72.35541 7.137912 16.8441
v -72.35242 7.134912 16.8471
v -72.35242 7.137912 16.8471
v -67.13204 5.196606 16.7545
v -67.13504 5.193606 16.7545
v -67.18784 5.246402 16.8441
v -67.18184 5.243402 16.8471
v -67.18484 5.249402 16.8441
v -67.13504 7.134912 16.8471
v -67.13204 7.137912 16.8441
v -67.13504 7.137912 16.8471
v -72.35242 5.193606 16.8441
v -72.35242 5.196606 16.8471
v -72.35541 5.196606 16.8441
v -72.29962 7.085116 16.8441
v -72.30562 7.088116 16.8471
v -72.30262 7.082116 16.8441
v -67.13504 5.193606 16.8441
v -67.13204 5.196606 16.8441
v -67.13504 5.196606 16.8471
v -67.18784 7.085116 16.8441
v -67.18484 7.082116 16.8441
v -67.18184 7.088116 16.8471
v -72.29962 7.085116 16.79743
v -72.30262 7.082116 16.79743
v -72.29962 7.082116 16.79443
v -67.18784 7.085116 16.79743
v -67.18784 7.082116 16.79443
v -67.18484 7.082116 16.79743
v -72.30262 5.249402 16.79743
v -72.29962 5.246402 16.79743
v -72.29962 5.249402 16.79443
v -67.18784 5.246402 16.79743
v -67.18484 5.249402 16.79743
v -67.18784 5.249402 16.79443
v -66.24551 7.137913 16.14338
v -66.24551 7.137913 12.48846
v -66.24551 5.193607 16.14038
v -66.24551 5.196607 16.14338
v -66.1559 5.249403 16.09059
v -66.1529 5.243403 16.09359
v -66.1559 5.246403 16.08759
v -66.1559 7.137913 16.14338
v -66.1529 7.134913 16.14038
v -66.1529 7.137913 16.14038
v -66.24551 5.196607 12.48846
v -66.24551 5.193607 12.49146
v -66.15591 5.246403 12.54426
v -66.1529 5.243403 12.53826
v -66.15591 5.249403 12.54126
v -66.1529 7.134913 12.49146
v -66.15591 7.137913 12.48846
v -66.1529 7.137913 12.49146
v -66.1559 5.193607 16.14038
v -66.1529 5.196607 16.14038
v -66.1559 5.196607 16.14338
v -66.1559 7.085117 16.08759
v -66.1529 7.088117 16.09359
v -66.1559 7.082117 16.09059
v -66.15591 5.193607 12.49146
v -66.15591 5.196607 12.48846
v -66.1529 5.196607 12.49146
v -66.15591 7.085117 12.54426
v -66.15591 7.082117 12.54126
v -66.1529 7.088117 12.53826
v -66.20258 7.085117 16.08759
v -66.20258 7.082117 16.09059
v -66.20557 7.082117 16.08759
v -66.20258 7.085117 12.54426
v -66.20557 7.082117 12.54426
v -66.20258 7.082117 12.54126
v -66.20258 5.249403 16.09059
v -66.20258 5.246403 16.08759
v -66.20557 5.249403 16.08759
v -66.20258 5.246403 12.54426
v -66.20258 5.249403 12.54126
v -66.20557 5.249403 12.54426
v -66.22237 8.86282 17.61151
v -66.22237 8.86282 26.35878
v -66.22237 9.28126 18.69439
v -66.22237 9.28126 25.27589
v -66.22237 9.780902 17.60946
v -66.22237 10.16205 18.70779
v -66.22237 10.16205 25.2625
v -66.22237 9.780902 26.36083
v -63.72255 10.16205 25.2625
v -63.72255 9.780902 26.36083
v -63.72255 9.28126 18.69439
v -63.72255 9.28126 25.27589
v -63.72255 9.780902 17.60946
v -63.72255 10.16205 18.70779
v -63.72255 8.86282 26.35878
v -63.72255 8.86282 17.61151
v -66.22237 9.474313 19.58761
v -66.22237 9.596624 20.30319
v -66.22237 9.676146 20.9318
v -66.22237 9.72179 21.65572
v -66.22237 9.72179 22.31457
v -66.22237 9.676146 23.03849
v -66.22237 9.596624 23.6671
v -66.22237 9.474313 24.38267
v -66.22237 10.44825 20.31809
v -66.22237 10.33597 19.59873
v -66.22237 10.56331 21.66146
v -66.22237 10.52088 20.93685
v -66.22237 10.52088 23.03344
v -66.22237 10.56331 22.30883
v -66.22237 10.33597 24.37156
v -66.22237 10.44825 23.65219
v -63.72255 9.474172 19.58696
v -63.72255 9.596637 20.30329
v -63.72255 9.474172 24.38332
v -63.72255 9.596637 23.667
v -63.72255 10.33609 24.37097
v -63.72255 10.44823 23.65242
v -63.72255 9.676135 23.03856
v -63.72255 9.72179 22.31457
v -63.72255 10.5209 23.03324
v -63.72255 10.56331 22.30883
v -63.72255 10.56331 21.66146
v -63.72255 10.5209 20.93705
v -63.72255 9.72179 21.65572
v -63.72255 9.676135 20.93172
v -63.72255 10.44823 20.31787
v -63.72255 10.33609 19.59932
v -66.22237 8.466872 27.17593
v -66.22237 8.47646 27.19122
v -66.22237 8.47646 16.77906
v -66.22237 8.466872 16.79436
v -66.22237 9.396493 27.19122
v -66.22237 9.420372 27.17568
v -66.22237 9.420372 16.79461
v -66.22237 9.396493 16.77906
v -62.89704 9.396493 27.19122
v -62.88005 9.40337 27.17422
v -62.89704 9.420372 27.17568
v -62.88005 8.485467 27.17422
v -62.89704 8.47646 27.19122
v -62.89704 8.466872 27.17593
v -62.88005 9.298982 25.27563
v -62.89704 9.28126 25.27589
v -62.88005 9.298982 18.69466
v -62.89704 9.28126 18.69439
v -62.89704 8.86282 17.61151
v -62.88005 8.880527 17.61147
v -62.89704 10.16205 18.70779
v -62.88005 10.14444 18.70752
v -62.88005 10.14444 25.26277
v -62.89704 10.16205 25.2625
v -62.89704 9.780902 26.36083
v -62.88005 9.763312 26.36079
v -62.89704 8.466872 16.79436
v -62.89704 8.47646 16.77906
v -62.88005 8.485467 16.79606
v -62.89704 9.396493 16.77906
v -62.89704 9.420372 16.79461
v -62.88005 9.40337 16.79606
v -62.88005 9.763312 17.6095
v -62.89704 9.780902 17.60946
v -63.72255 8.466872 27.17593
v -63.72255 8.47646 27.19122
v -63.72255 9.420372 16.79461
v -63.72255 9.396493 16.77906
v -63.72255 9.420372 27.17568
v -63.72255 9.396493 27.19122
v -62.88005 8.880527 26.35882
v -62.89704 8.86282 26.35878
v -63.72255 8.47646 16.77906
v -63.72255 8.466872 16.79436
v -62.89704 9.596662 23.66679
v -62.88005 9.614196 23.6665
v -62.88005 9.491611 24.38387
v -62.89704 9.473998 24.38413
v -62.88005 9.693563 23.03863
v -62.89704 9.676113 23.03874
v -62.89704 9.72179 22.31457
v -62.88005 9.739208 22.31445
v -62.88005 9.739208 21.65583
v -62.89704 9.72179 21.65572
v -62.89704 9.676113 20.93154
v -62.88005 9.693563 20.93166
v -62.88005 9.614196 20.30379
v -62.89704 9.596662 20.30349
v -62.89704 9.473998 19.58616
v -62.88005 9.491611 19.58642
v -62.88005 10.31865 19.59945
v -62.89704 10.33617 19.59972
v -62.89704 10.44821 20.31775
v -62.88005 10.43076 20.31745
v -62.88005 10.50353 20.93704
v -62.89704 10.52092 20.93716
v -62.89704 10.56331 21.66146
v -62.88005 10.54596 21.66134
v -62.88005 10.54596 22.30895
v -62.89704 10.56331 22.30883
v -62.89704 10.52092 23.03313
v -62.88005 10.50353 23.03325
v -62.88005 10.43076 23.65283
v -62.89704 10.44821 23.65254
v -62.89704 10.33617 24.37056
v -62.88005 10.31865 24.37083
v -63.61188 8.799836 26.48876
v -63.63831 8.787087 26.51507
v -62.96428 8.787087 26.51507
v -62.99071 8.799836 26.48876
v -62.96428 8.535192 16.93536
v -62.99071 8.522444 16.90905
v -62.99071 8.799836 17.48153
v -62.96428 8.787087 17.45521
v -62.99071 8.522444 27.06124
v -62.96428 8.535192 27.03493
v -63.63831 8.787087 17.45521
v -63.61188 8.799836 17.48153
v -63.63831 8.535192 27.03493
v -63.61188 8.522444 27.06124
v -63.61188 8.522444 16.90905
v -63.63831 8.535192 16.93536
v -63.67362 -0.014296 26.48509
v -63.64719 -0.014296 26.45877
v -62.9554 -0.014296 26.45877
v -62.92897 -0.014296 26.48509
v -62.9554 -0.014296 16.87906
v -62.92897 -0.014296 16.90537
v -62.92897 -0.014296 17.48521
v -62.9554 -0.014296 17.51152
v -62.92897 -0.014296 27.06492
v -62.9554 -0.014296 27.09123
v -63.64719 -0.014296 17.51152
v -63.67362 -0.014296 17.48521
v -63.64719 -0.014296 27.09123
v -63.67362 -0.014296 27.06492
v -63.67362 -0.014296 16.90537
v -63.64719 -0.014296 16.87906
v -63.67362 2.078264 27.0649
v -63.64717 2.078264 27.09123
v -63.61187 2.178909 27.06124
v -63.63831 2.178909 27.03492
v -62.96428 2.178909 27.03492
v -62.99073 2.178909 27.06124
v -62.95542 2.078264 27.09123
v -62.92897 2.078264 27.0649
v -62.99073 2.178909 26.48876
v -62.96428 2.178909 26.51508
v -62.92897 2.078264 26.4851
v -62.95542 2.078264 26.45877
v -63.63831 2.178909 26.51508
v -63.61187 2.178909 26.48876
v -63.64717 2.078264 26.45877
v -63.67362 2.078264 26.4851
v -63.64717 2.078264 16.87906
v -63.67362 2.078264 16.90538
v -63.63831 2.178909 16.93537
v -63.61187 2.178909 16.90905
v -63.61187 2.178909 17.48153
v -63.63831 2.178909 17.4552
v -63.67362 2.078264 17.48519
v -63.64717 2.078264 17.51152
v -62.92897 2.078264 16.90538
v -62.95542 2.078264 16.87906
v -62.99073 2.178909 16.90905
v -62.96428 2.178909 16.93537
v -62.96428 2.178909 17.4552
v -62.99073 2.178909 17.48153
v -62.95542 2.078264 17.51152
v -62.92897 2.078264 17.48519
v -91.96525 7.137912 16.7545
v -86.74187 7.137912 16.7545
v -91.96225 5.193606 16.7545
v -91.96525 5.196606 16.7545
v -91.91245 5.249402 16.8441
v -91.91545 5.243402 16.8471
v -91.90945 5.246402 16.8441
v -91.96525 7.137912 16.8441
v -91.96225 7.134912 16.8471
v -91.96225 7.137912 16.8471
v -86.74187 5.196606 16.7545
v -86.74487 5.193606 16.7545
v -86.79767 5.246402 16.8441
v -86.79167 5.243402 16.8471
v -86.79467 5.249402 16.8441
v -86.74487 7.134912 16.8471
v -86.74187 7.137912 16.8441
v -86.74487 7.137912 16.8471
v -91.96225 5.193606 16.8441
v -91.96225 5.196606 16.8471
v -91.96525 5.196606 16.8441
v -91.90945 7.085116 16.8441
v -91.91545 7.088116 16.8471
v -91.91245 7.082116 16.8441
v -86.74487 5.193606 16.8441
v -86.74187 5.196606 16.8441
v -86.74487 5.196606 16.8471
v -86.79767 7.085116 16.8441
v -86.79467 7.082116 16.8441
v -86.79167 7.088116 16.8471
v -91.90945 7.085116 16.79743
v -91.91245 7.082116 16.79743
v -91.90945 7.082116 16.79443
v -86.79767 7.085116 16.79743
v -86.79767 7.082116 16.79443
v -86.79467 7.082116 16.79743
v -91.91245 5.249402 16.79743
v -91.90945 5.246402 16.79743
v -91.90945 5.249402 16.79443
v -86.79767 5.246402 16.79743
v -86.79467 5.249402 16.79743
v -86.79767 5.249402 16.79443
v -86.08199 7.137912 16.7545
v -80.85862 7.137912 16.7545
v -86.079 5.193606 16.7545
v -86.08199 5.196606 16.7545
v -86.0292 5.249402 16.8441
v -86.0322 5.243402 16.8471
v -86.0262 5.246402 16.8441
v -86.08199 7.137912 16.8441
v -86.079 7.134912 16.8471
v -86.079 7.137912 16.8471
v -80.85862 5.196606 16.7545
v -80.86162 5.193606 16.7545
v -80.91441 5.246402 16.8441
v -80.90842 5.243402 16.8471
v -80.91142 5.249402 16.8441
v -80.86162 7.134912 16.8471
v -80.85862 7.137912 16.8441
v -80.86162 7.137912 16.8471
v -86.079 5.193606 16.8441
v -86.079 5.196606 16.8471
v -86.08199 5.196606 16.8441
v -86.0262 7.085116 16.8441
v -86.0322 7.088116 16.8471
v -86.0292 7.082116 16.8441
v -80.86162 5.193606 16.8441
v -80.85862 5.196606 16.8441
v -80.86162 5.196606 16.8471
v -80.91441 7.085116 16.8441
v -80.91142 7.082116 16.8441
v -80.90842 7.088116 16.8471
v -86.0262 7.085116 16.79743
v -86.0292 7.082116 16.79743
v -86.0262 7.082116 16.79443
v -80.91441 7.085116 16.79743
v -80.91441 7.082116 16.79443
v -80.91142 7.082116 16.79743
v -86.0292 5.249402 16.79743
v -86.0262 5.246402 16.79743
v -86.0262 5.249402 16.79443
v -80.91441 5.246402 16.79743
v -80.91142 5.249402 16.79743
v -80.91441 5.249402 16.79443
#end vertices

#begin 1637 textures vertices 
vt 0.1302322 0.983814 0
vt 0.361048 0.987162 0
vt 0.1765025 0.5469208 0
vt 0.4141852 0.5486239 0
vt 0.04331347 0.3016368 0
vt 0.4977665 0.752809 0
vt 0.5058084 0.5648009 0
vt 0.4938662 0.8935997 0
vt 0.04451905 0.1084336 0
vt 0.04228618 0.4467424 0
vt 0.04416756 0.1753586 0
vt 0.5029329 0.6299984 0
vt 0.5046374 0.5913301 0
vt 0.3996773 0.7492513 0
vt 0.394692 0.9877673 0
vt 0.141821 0.5466725 0
vt 0.4052552 0.6258699 0
vt 0.4069875 0.5871375 0
vt 0.1435669 0.3023162 0
vt 0.4081714 0.5605996 0
vt 0.1447835 0.1089915 0
vt 0.1443837 0.1759766 0
vt 0.7796982 0.1858993 0
vt 0.5442435 0.1112337 0
vt 0.5444512 0.08255407 0
vt 0.6498689 0.04215622 0
vt 0.6493633 0.1119947 0
vt 0.6495709 0.08331511 0
vt 0.5029602 0.6293805 0
vt 0.405283 0.6252506 0
vt 0.5447492 0.04139518 0
vt 0.6708558 0.1853764 0
vt 0.830824 0.9736611 0
vt 0.6025429 0.9788797 0
vt 0.8081295 0.9724597 0
vt 0.6283344 0.9765342 0
vt 0.3431154 0.9868577 0
vt 0.1481462 0.9840341 0
vt 0.3152671 0.9864143 0
vt 0.1759676 0.9843922 0
vt 0.3957088 0.5484916 0
vt 0.1949786 0.5470532 0
vt 0.3670329 0.5482861 0
vt 0.2236541 0.5472587 0
vt 0.8356059 0.9460588 0
vt 0.6002904 0.9498952 0
vt 0.5689576 0.8177666 0
vt 0.8632992 0.8158945 0
vt 0.1780905 0.3243554 0
vt 0.1322034 0.7662734 0
vt 0.4157795 0.3260585 0
vt 0.3649763 0.769559 0
vt 0.4970409 0.7739282 0
vt 0.04316278 0.323411 0
vt 0.1434076 0.3240997 0
vt 0.3988845 0.7704736 0
vt 0.3967634 0.3343097 0
vt 0.3716286 0.3428307 0
vt 0.2219977 0.3417585 0
vt 0.196987 0.3328783 0
vt 0.3462806 0.777572 0
vt 0.3216054 0.7858217 0
vt 0.1751535 0.783726 0
vt 0.1506892 0.7747931 0
vt 0.5624574 0.742992 0
vt 0.5615253 0.7063947 0
vt 0.8715516 0.7064778 0
vt 0.8699865 0.7426563 0
vt 0.8936884 0.1391746 0
vt 0.8624465 0.1392335 0
vt 0.9174496 0.1178824 0
vt 0.8379652 0.1180372 0
vt 0.9334955 0.1028782 0
vt 0.8217377 0.1031048 0
vt 0.8895556 0.2297954 0
vt 0.8640662 0.2288106 0
vt 0.9116978 0.2090302 0
vt 0.8432771 0.2078922 0
vt 0.9307744 0.190606 0
vt 0.8244123 0.1897768 0
vt 0.8319766 0.4107849 0
vt 1.12506 0.3110706 0
vt 0.5997209 0.4134663 0
vt 1.864671 0.7720216 0
vt 0.786533 0.9803002 0
vt 0.7670052 0.9851811 0
vt 0.7490349 0.9883081 0
vt 0.7280262 0.9900879 0
vt 0.7087636 0.9903277 0
vt 0.6876818 0.9888135 0
vt 0.669593 0.9860339 0
vt 0.6499935 0.9813541 0
vt 0.2793934 0.9855287 0
vt 0.2953259 0.9857663 0
vt 0.2514811 0.9854577 0
vt 0.2675585 0.9855562 0
vt 0.2236525 0.9849181 0
vt 0.2397238 0.9852868 0
vt 0.1959021 0.9843218 0
vt 0.2118267 0.9845467 0
vt 0.3301122 0.5476722 0
vt 0.3465065 0.547788 0
vt 0.3013924 0.5478158 0
vt 0.3179332 0.5477932 0
vt 0.2727553 0.5474695 0
vt 0.289294 0.5477291 0
vt 0.2441852 0.5470548 0
vt 0.2605794 0.5471739 0
vt 0.334822 0.3491007 0
vt 0.3512619 0.3466554 0
vt 0.304137 0.3515076 0
vt 0.3206853 0.3506574 0
vt 0.2728244 0.3503145 0
vt 0.2893589 0.3514017 0
vt 0.242308 0.3458747 0
vt 0.2587114 0.3485554 0
vt 0.3016404 0.789482 0
vt 0.2855313 0.7917803 0
vt 0.2716959 0.7932085 0
vt 0.2554948 0.7939258 0
vt 0.2410363 0.7937175 0
vt 0.2248598 0.7925336 0
vt 0.2110662 0.7907078 0
vt 0.1950212 0.7879479 0
vt 0.6616941 0.8014058 0
vt 0.6782561 0.800222 0
vt 0.6924678 0.7995205 0
vt 0.7089211 0.7990474 0
vt 0.7237034 0.798903 0
vt 0.7401924 0.7990639 0
vt 0.7544643 0.7995098 0
vt 0.7711529 0.8005065 0
vt 0.7738301 0.7354752 0
vt 0.7565387 0.7352316 0
vt 0.7567124 0.703489 0
vt 0.7740967 0.7034203 0
vt 0.7416027 0.7347413 0
vt 0.724393 0.7349007 0
vt 0.7242811 0.7034212 0
vt 0.74164 0.7032105 0
vt 0.7088519 0.734707 0
vt 0.6916754 0.7352186 0
vt 0.691208 0.7036056 0
vt 0.7085762 0.7032601 0
vt 0.6767474 0.7353377 0
vt 0.6595421 0.736232 0
vt 0.6587172 0.704058 0
vt 0.6761412 0.7035757 0
vt 1.148244 0.1017817 0
vt 0.2844201 0.1244281 0
vt 0.2162996 0.1244281 0
vt 0.3914075 0.06403292 0
vt 0.226235 0.06402113 0
vt 0.2854293 0.2735896 0
vt 0.336823 0.06403288 0
vt 0.2808196 0.06404092 0
vt 0.285929 0.2191715 0
vt 1.078368 0.840452 0
vt 1.283356 0.8242353 0
vt 0.04383956 0.2234369 0
vt 0.5008898 0.6768024 0
vt 0.1440792 0.2240831 0
vt 0.4031438 0.6728162 0
vt 1.432337 0.8213945 0
vt 1.379901 0.8213448 0
vt 1.086899 0.9458964 0
vt 1.279915 0.9304179 0
vt 1.432104 0.9268873 0
vt 0.04337755 0.2922525 0
vt 0.4981007 0.7437047 0
vt 0.1436363 0.2929279 0
vt 0.4000732 0.7400829 0
vt 1.381521 0.9268436 0
vt 1.476988 0.3119284 0
vt 0.5622629 0.6483542 0
vt 1.517683 0.6886985 0
vt 0.8722142 0.6487098 0
vt 1.517358 0.7498749 0
vt 1.51787 0.6468289 0
vt 1.517383 0.7489072 0
vt 0.6767044 0.6529126 0
vt 0.659289 0.6525939 0
vt 0.7091192 0.6531454 0
vt 0.6917241 0.6530712 0
vt 0.7421943 0.6529324 0
vt 0.7247881 0.6530961 0
vt 0.7747246 0.6522907 0
vt 0.7572436 0.6526797 0
vt 1.47941 0.4080915 0
vt 0.8257745 0.3714787 0
vt 1.923636 0.7805471 0
vt 1.940076 0.6792311 0
vt 1.923769 0.7795921 0
vt 1.063145 0.3125525 0
vt 0.6071214 0.3740646 0
vt 1.933245 0.7204322 0
vt 0.6330039 0.3765423 0
vt 0.7990641 0.3737013 0
vt 0.673354 0.3715248 0
vt 0.6552081 0.3737606 0
vt 0.7077008 0.3689453 0
vt 0.6892794 0.3699452 0
vt 0.7429865 0.3693586 0
vt 0.724469 0.368739 0
vt 0.7773337 0.372266 0
vt 0.7590726 0.3705028 0
vt 0.8721418 0.6307339 0
vt 1.543304 0.7501576 0
vt 0.6598265 0.6369826 0
vt 0.692252 0.6377321 0
vt 0.7251869 0.6377978 0
vt 0.7574535 0.6372249 0
vt 1.453163 0.4084316 0
vt 1.451348 0.3124021 0
vt 0.5633025 0.630489 0
vt 0.6772275 0.6374778 0
vt 0.7095616 0.6378506 0
vt 0.7424728 0.6375726 0
vt 0.7747868 0.6366437 0
vt 1.806727 0.1534376 0
vt 1.806727 0.1827983 0
vt 1.609057 0.00826165 0
vt 1.609057 0.03762241 0
vt 0.8666658 0.5575465 0
vt 1.647966 0.7564644 0
vt 0.6622233 0.5740413 0
vt 0.6935598 0.575632 0
vt 0.7252573 0.5757432 0
vt 0.7563226 0.574557 0
vt 1.346593 0.3131479 0
vt 0.5695027 0.5587675 0
vt 0.6790769 0.5751197 0
vt 0.7102263 0.5758602 0
vt 0.7418936 0.5752803 0
vt 0.7730652 0.5733366 0
vt 1.65542 0.1534376 0
vt 1.65542 0.1827983 0
vt 1.658036 0.3786645 0
vt 0.824219 0.3559193 0
vt 1.947378 0.7838667 0
vt 1.963516 0.6829331 0
vt 1.947516 0.7829148 0
vt 0.6562165 0.3585471 0
vt 0.6894721 0.3550932 0
vt 0.7244886 0.3539475 0
vt 0.7586637 0.3555002 0
vt 1.938641 0.8562389 0
vt 1.929908 0.9611987 0
vt 1.038283 0.3141207 0
vt 0.6095665 0.3585729 0
vt 1.956779 0.7240841 0
vt 0.6350545 0.3606007 0
vt 0.7978016 0.3576781 0
vt 0.6738048 0.3565369 0
vt 0.70777 0.3541224 0
vt 0.7428661 0.3545172 0
vt 0.7764239 0.3567849 0
vt 0.2844201 0.1440461 0
vt 0.2162996 0.1440461 0
vt 0.3914075 0.08365098 0
vt 0.2262279 0.0836392 0
vt 0.336823 0.08365093 0
vt 0.2808124 0.083659 0
vt 1.477925 0.3431227 0
vt 1.451958 0.3435497 0
vt 1.619784 0.4421714 0
vt 1.930593 0.4535486 0
vt 1.729511 0.4461961 0
vt 1.565876 0.4400166 0
vt 1.479617 0.4403359 0
vt 1.453339 0.4404661 0
vt 1.175149 0.3755049 0
vt 1.087902 0.004964488 0
vt 1.156788 0.3094103 0
vt 1.139297 0.375568 0
vt 1.105835 0.3756269 0
vt 1.36895 0.1017817 0
vt 1.087902 0.1017817 0
vt 1.148244 0.03643262 0
vt 1.087902 0.03643262 0
vt 1.36895 0.03643262 0
vt 1.193221 0.3094103 0
vt 1.326476 0.3094103 0
vt 1.148244 0.004964488 0
vt 1.36895 0.004964488 0
vt 0.1137757 0.9873007 1.148187
vt 0.5395208 0.5662653 0
vt 0.5275477 0.8946705 0
vt 0.5278624 0.8946802 0
vt 0.01158264 0.5611394 0
vt 0.1137787 0.9872943 0
vt 0.1137787 0.9808959 0
vt 0.1137727 0.9808959 0
vt 0.009941212 0.1082632 0
vt 0.009618312 0.1082616 0
vt 0.1251577 0.9935966 1.148187
vt 0.007686454 0.446499 0
vt 0.1251608 0.9872943 0
vt 0.5295648 0.1118451 0
vt 0.5270825 0.4558482 0
vt 0.5274068 0.4556602 0
vt 0.1251577 0.9908965 1.148187
vt 0.008712725 0.3013997 0
vt 0.5281608 0.3050835 0
vt 0.1251608 0.9836985 0
vt 0.1137787 0.9836985 0
vt 0.02207875 0.7471974 0
vt 0.1137757 0.9908965 1.148187
vt 0.5315195 0.7540446 0
vt 0.374613 0.559094 0
vt 0.3742985 0.5590798 0
vt 1.006355 0.3158027 0
vt 0.1202715 0.5543313 0
vt 0.4175657 0.1110248 0
vt 0.4172428 0.1110224 0
vt 1.00634 0.6742975 0
vt 0.1792639 0.1092378 0
vt 1.044611 0.9639067 0
vt 0.1782788 0.3025877 0
vt 1.966337 0.6297674 0
vt 0.8496042 0.9796763 0
vt 0.843413 0.3341295 0
vt 0.1320649 0.7447004 0
vt 1.009938 0.6174947 0
vt 1.959901 0.9776994 0
vt 0.3656412 0.7480313 0
vt 0.5942961 0.3335615 0
vt 0.8560042 0.9517607 0
vt 1.92196 0.6274981 0
vt 1.950854 0.3248065 0
vt 1.950355 0.3247152 0
vt 1.087997 0.9599061 0
vt 0.5793563 0.953886 0
vt 0.8174313 0.186101 0
vt 1.048825 0.6654488 0
vt 0.8837583 0.8208534 0
vt 1.723767 0.6201228 0
vt 1.279586 0.944525 0
vt 0.5482028 0.8214404 0
vt 1.283621 0.6479409 0
vt 1.283126 0.647956 0
vt 0.3716982 0.6243373 0
vt 1.978401 0.7882764 0
vt 0.1251577 0.9885461 1.148187
vt 0.009558955 0.1751266 0
vt 0.1137757 0.9885461 1.148187
vt 0.5366523 0.6314419 0
vt 0.1788314 0.1761876 0
vt 1.026822 0.774116 0
vt 0.8178561 0.1133712 0
vt 0.6488634 0.2170879 0
vt 1.069945 0.7670988 0
vt 1.285919 0.7505552 0
vt 0.6488634 0.1125485 0
vt 0.5082947 0.04070314 0
vt 0.8155225 0.1131977 0
vt 0.8158626 0.1132001 0
vt 0.6706866 0.1121491 0
vt 0.6710267 0.1121516 0
vt 0.6492423 0.1124774 0
vt 0.8160312 0.04293109 0
vt 0.5310084 0.2170879 0
vt 0.6711953 0.04188251 0
vt 0.5310084 0.1125485 0
vt 0.6715355 0.04188497 0
vt 0.009807166 0.135471 0
vt 0.1251577 0.9878073 1.148187
vt 1.014897 0.7151213 0
vt 0.17909 0.1364688 0
vt 0.3734247 0.5856275 0
vt 1.987648 0.7288938 0
vt 0.1137757 0.9878073 1.148187
vt 0.538354 0.5927905 0
vt 0.817587 0.1564186 0
vt 1.057378 0.7063908 0
vt 1.284963 0.689651 0
vt 0.5079936 0.08229012 0
vt 0.8157301 0.08451807 0
vt 0.6489363 0.1555409 0
vt 0.6708943 0.08346949 0
vt 0.6712344 0.08347195 0
vt 0.04441247 0.155601 0
vt 0.0441766 0.135433 0
vt 0.1369948 0.1745334 0
vt 0.07023178 0.1745334 0
vt 0.07044757 0.1745334 0
vt 0.1448609 0.1359939 0
vt 0.780106 0.1131365 0
vt 0.6224872 0.2170879 0
vt 0.6224872 0.1125485 0
vt 0.5447523 0.04096709 0
vt 0.07044757 0.1556086 0
vt 0.07023178 0.1556086 0
vt 0.7800876 0.1564535 0
vt 0.07022404 0.1366762 0
vt 0.671068 0.1128275 0
vt 0.07043983 0.1366762 0
vt 0.5464354 0.2170879 0
vt 0.671318 0.1126345 0
vt 0.04441247 0.1366762 0
vt 0.1369948 0.1556086 0
vt 0.6707592 0.1559341 0
vt 1.978528 0.7873403 0
vt 0.3717256 0.6237185 0
vt 0.5366792 0.6308246 0
vt 0.1137757 0.9885343 1.148187
vt 1.069639 0.7657505 0
vt 0.8178531 0.1138144 0
vt 0.5082916 0.04113123 0
vt 1.285965 0.7492343 0
vt 0.649239 0.1129206 0
vt 0.8160281 0.04335918 0
vt 0.6715324 0.04231306 0
vt 0.6711922 0.0423106 0
vt 0.009563201 0.1744925 0
vt 0.1251577 0.9885343 1.148187
vt 1.026649 0.773202 0
vt 0.1788356 0.1755525 0
vt 0.07022404 0.155601 0
vt 0.07043983 0.155601 0
vt 0.04394184 0.1749508 0
vt 0.04442021 0.1745334 0
vt 0.1446141 0.1755715 0
vt 0.1369871 0.155601 0
vt 0.1369871 0.1366762 0
vt 0.7803539 0.113332 0
vt 0.04442021 0.1556086 0
vt 0.649872 0.04172813 0
vt 0.5464354 0.1125485 0
vt 0.1510173 0.7545111 0
vt 0.8229572 0.3356329 0
vt 0.6129433 0.3388928 0
vt 0.3464969 0.7573463 0
vt 0.7969251 0.3371941 0
vt 0.1751651 0.764316 0
vt 0.3220918 0.7664363 0
vt 0.6362184 0.3401662 0
vt 0.8095334 0.9412783 0
vt 0.809761 0.9418386 0
vt 0.8091387 0.9416191 0
vt 0.6263789 0.9450316 0
vt 0.6267796 0.9453737 0
vt 0.6261572 0.9455981 0
vt 0.593625 0.8122895 0
vt 0.593982 0.8122235 0
vt 0.8376324 0.8112828 0
vt 0.8379906 0.8113596 0
vt 0.5307971 0.7750756 0
vt 0.1137757 0.9913017 1.148187
vt 0.02253818 0.7678629 0
vt 0.1137787 0.9832933 0
vt 0.008561917 0.3231709 0
vt 0.1251577 0.9913017 1.148187
vt 0.1251608 0.9832933 0
vt 0.5280054 0.326862 0
vt 0.8926999 0.7078031 0
vt 1.56298 0.6159755 0
vt 1.615839 0.6170229 0
vt 0.8910794 0.7453749 0
vt 0.5413694 0.7444885 0
vt 1.381812 0.940889 0
vt 1.431891 0.9409235 0
vt 0.5403222 0.7062944 0
vt 1.435911 0.6457706 0
vt 1.435415 0.6457595 0
vt 0.9237889 0.0911272 0
vt 1.373372 0.6447138 0
vt 0.20879 0.0640148 0
vt 1.560514 0.3087507 0
vt 1.433151 0.7480179 0
vt 0.8683922 0.1244726 0
vt 0.8682496 0.1244754 0
vt 0.8877201 0.125612 0
vt 1.378105 0.7480438 0
vt 0.8878141 0.1254915 0
vt 1.374979 0.6864895 0
vt 0.9080697 0.1060676 0
vt 0.8474857 0.105619 0
vt 1.435231 0.6873918 0
vt 1.37797 0.7467199 0
vt 0.8879225 0.125348 0
vt 0.8680866 0.1244676 0
vt 1.433267 0.7466979 0
vt 0.5892351 0.7407793 0
vt 0.5888566 0.7407956 0
vt 0.5877358 0.7056913 0
vt 0.5881189 0.7056908 0
vt 0.8439615 0.7402676 0
vt 0.8435819 0.7402439 0
vt 0.8446533 0.7053686 0
vt 0.8450334 0.7053748 0
vt 0.8630311 0.1394864 0
vt 0.8629574 0.139826 0
vt 0.8626912 0.1394773 0
vt 0.8931566 0.1397241 0
vt 0.8930693 0.1393714 0
vt 0.8934342 0.1393951 0
vt 0.8644304 0.2292373 0
vt 0.8642548 0.2289968 0
vt 0.8644571 0.2289301 0
vt 0.8891647 0.2299351 0
vt 0.8893635 0.2299938 0
vt 0.8891947 0.2302562 0
vt 0.892783 0.2394109 0
vt 0.8916911 0.2402572 0
vt 0.8618346 0.2397231 0
vt 0.8608908 0.2386581 0
vt 0.8617401 0.2391179 0
vt 0.8617823 0.2393856 0
vt 0.8613436 0.238895 0
vt 0.8922654 0.2395482 0
vt 0.8917435 0.2399269 0
vt 0.8918068 0.239666 0
vt 0.9186897 0.2173555 0
vt 0.8905844 0.2720792 0
vt 0.862812 0.2721864 0
vt 0.8359639 0.2163604 0
vt 0.8905796 0.2990897 0
vt 0.8908451 0.2990889 0
vt 0.8168532 0.1978785 0
vt 0.8166744 0.198075 0
vt 1.12659 0.6175351 0
vt 0.8524455 0.4065055 0
vt 1.848128 0.9703784 0
vt 0.5796633 0.4078961 0
vt 1.833919 0.1096689 0
vt 1.875473 0.7111956 0
vt 1.882421 0.6698519 0
vt 1.881934 0.6697676 0
vt 1.812397 0.4078449 0
vt 1.833919 0.1515592 0
vt 1.865084 0.7714264 0
vt 0.6257503 0.4193974 0
vt 0.6255357 0.4188036 0
vt 0.6261526 0.4190878 0
vt 0.8063034 0.4165898 0
vt 0.8058982 0.4162713 0
vt 0.8065112 0.4159998 0
vt 0.6405048 0.8036021 0
vt 0.6408717 0.8035644 0
vt 0.6555184 0.919422 0
vt 0.655307 0.9193482 0
vt 0.6555893 0.9192699 0
vt 0.7762707 0.9185302 0
vt 0.7761926 0.91829 0
vt 0.7764543 0.918402 0
vt 0.7922082 0.8027959 0
vt 0.7925736 0.8028571 0
vt 0.7958953 0.7366943 0
vt 0.7955158 0.7366833 0
vt 0.7960334 0.7039874 0
vt 0.796412 0.7039892 0
vt 0.6377383 0.737001 0
vt 0.6373612 0.7370097 0
vt 0.6364594 0.7042244 0
vt 0.6368418 0.704234 0
vt 0.6580968 0.4437876 0
vt 0.6582786 0.4436721 0
vt 0.6583549 0.443911 0
vt 0.7781975 0.4431435 0
vt 0.7779201 0.4432328 0
vt 0.7779888 0.4430805 0
vt 0.1950517 0.7689916 0
vt 0.776245 0.3366005 0
vt 0.758845 0.335498 0
vt 0.2110487 0.7719831 0
vt 0.2250175 0.7739548 0
vt 0.7431113 0.3345895 0
vt 0.7245542 0.3340289 0
vt 0.2411796 0.7752104 0
vt 0.2558842 0.7754242 0
vt 0.7075358 0.3341795 0
vt 0.688976 0.3351098 0
vt 0.2720701 0.7746379 0
vt 0.2860818 0.7730722 0
vt 0.6732679 0.3364764 0
vt 0.6560631 0.3383405 0
vt 0.302136 0.7705404 0
vt 0.7637298 0.9580947 0
vt 0.7636318 0.9578076 0
vt 0.7833875 0.9532679 0
vt 0.7835491 0.9534676 0
vt 0.7269527 0.9626323 0
vt 0.7269266 0.9623188 0
vt 0.7464718 0.9609642 0
vt 0.7465523 0.9612419 0
vt 0.6895129 0.9617227 0
vt 0.6895637 0.9614171 0
vt 0.7092998 0.9628606 0
vt 0.7092752 0.9631519 0
vt 0.6521154 0.9543143 0
vt 0.6522133 0.9540451 0
vt 0.6725643 0.9594906 0
vt 0.6724575 0.959744 0
vt 0.6522765 0.4099125 0
vt 0.6521337 0.4097119 0
vt 0.6719059 0.406594 0
vt 0.6719786 0.4068691 0
vt 0.6888181 0.404695 0
vt 0.6887534 0.4044368 0
vt 0.7076245 0.4035558 0
vt 0.7076574 0.4038462 0
vt 0.7246524 0.4033816 0
vt 0.7246623 0.4031119 0
vt 0.7436294 0.4039695 0
vt 0.7435945 0.4042574 0
vt 0.7601903 0.405394 0
vt 0.7602773 0.4051522 0
vt 0.7803601 0.409117 0
vt 0.7802871 0.4093868 0
vt 0.6723897 0.9196368 0
vt 0.6724302 0.9192801 0
vt 0.685626 0.9179282 0
vt 0.6855643 0.9182054 0
vt 0.6971572 0.9183993 0
vt 0.6971768 0.9180591 0
vt 0.7104121 0.9172884 0
vt 0.7104138 0.9175841 0
vt 0.7224202 0.9178998 0
vt 0.7223893 0.9175606 0
vt 0.735606 0.916918 0
vt 0.7356726 0.9172058 0
vt 0.747023 0.9176838 0
vt 0.7469624 0.917341 0
vt 0.7600546 0.9166726 0
vt 0.7601589 0.9169348 0
vt 0.6873541 0.446091 0
vt 0.6874129 0.4464256 0
vt 0.6744063 0.446435 0
vt 0.6743067 0.4461755 0
vt 0.711773 0.4464733 0
vt 0.7118055 0.4468007 0
vt 0.6987268 0.4471782 0
vt 0.6986619 0.4468992 0
vt 0.736813 0.4458277 0
vt 0.7367949 0.4461574 0
vt 0.7237222 0.4470651 0
vt 0.7237196 0.4467794 0
vt 0.7613196 0.4437749 0
vt 0.7612832 0.4441278 0
vt 0.7482588 0.4459435 0
vt 0.748318 0.4456726 0
vt 0.1137787 0.9861499 0
vt 0.01554722 0.6209275 0
vt 0.5291128 0.1733474 0
vt 0.1251608 0.9861499 0
vt 0.4171123 0.1725291 0
vt 1.977925 0.4268853 0
vt 0.1240508 0.6142815 0
vt 1.009648 0.4116204 0
vt 0.4106711 0.2920131 0
vt 0.4088525 0.1242616 0
vt 1.933181 0.4214008 0
vt 1.730682 0.4144196 0
vt 0.2854221 0.2910616 0
vt 0.1860328 0.2956581 0
vt 1.566212 0.4073428 0
vt 0.2087682 0.1242435 0
vt 0.2178623 0.2904635 0
vt 1.621247 0.4104882 0
vt 0.3090483 0.06403286 0
vt 0.4092837 0.124428 0
vt 0.4092837 0.1846565 0
vt 0.409601 0.1846565 0
vt 0.4109439 0.1921543 0
vt 0.2867481 0.18977 0
vt 0.2844201 0.1846566 0
vt 0.1831224 0.1846567 0
vt 0.1886488 0.1894736 0
vt 0.3085724 0.1242797 0
vt 0.1831224 0.1244281 0
vt 0.1828051 0.1244281 0
vt 0.2162996 0.1846566 0
vt 0.220235 0.1894248 0
vt 0.2264376 0.1242499 0
vt 0.2586626 0.3053949 0
vt 0.1828442 0.2789797 0
vt 0.4108108 0.2745261 0
vt 0.3914075 0.1242616 0
vt 0.2593124 0.3421679 0
vt 0.2167881 0.2731495 0
vt 0.2590043 0.3417232 0
vt 0.1869669 0.2181972 0
vt 0.3070005 0.3050269 0
vt 0.2805733 0.1242695 0
vt 0.4111977 0.219883 0
vt 0.3368229 0.1242615 0
vt 0.3072613 0.3417302 0
vt 0.3076597 0.3413703 0
vt 0.2177423 0.2170296 0
vt 0.3015876 0.3135504 0
vt 0.3017282 0.3135956 0
vt 0.3015474 0.3137145 0
vt 0.2658379 0.3127409 0
vt 0.2658993 0.3129239 0
vt 0.2657604 0.3128452 0
vt 0.3003444 0.3341594 0
vt 0.3002841 0.3339769 0
vt 0.3004258 0.3340567 0
vt 0.2645467 0.3333403 0
vt 0.2644044 0.333294 0
vt 0.2645858 0.3331757 0
vt 0.3695867 0.6712412 0
vt 1.969658 0.8596575 0
vt 0.1137757 0.989441 1.148187
vt 0.5346177 0.6781957 0
vt 0.009238771 0.2232012 0
vt 0.1251577 0.989441 1.148187
vt 1.034952 0.8456094 0
vt 0.178528 0.2242905 0
vt 1.857594 0.8452689 0
vt 0.07053853 0.9801904 0
vt 1.960915 0.9637566 0
vt 0.3663789 0.7385947 0
vt 0.5318525 0.7449773 0
vt 0.1137757 0.9907218 1.148187
vt 1.652331 0.8404232 0
vt 1.848863 0.9566956 0
vt 0.008776806 0.2920164 0
vt 0.1251577 0.9907218 1.148187
vt 1.043432 0.9499361 0
vt 0.1781096 0.2931797 0
vt 0.8933391 0.6488396 0
vt 1.478626 0.6154285 0
vt 0.5885004 0.6496246 0
vt 0.5888766 0.6496594 0
vt 0.8454362 0.6497753 0
vt 0.845821 0.6497564 0
vt 1.512871 0.9432174 0
vt 0.5413021 0.6467102 0
vt 0.6371418 0.6519575 0
vt 0.6375186 0.6519891 0
vt 0.79662 0.6516407 0
vt 0.7970019 0.6516219 0
vt 1.859656 0.9497349 0
vt 1.515211 0.823572 0
vt 0.098339 0.9801904 0
vt 1.863381 0.8970992 0
vt 1.824788 0.8526276 0
vt 1.513281 0.9294907 0
vt 1.905618 0.97335 0
vt 0.5869933 0.3688493 0
vt 0.8463152 0.3690608 0
vt 1.066197 0.6175779 0
vt 1.148244 0.1335416 0
vt 1.193221 0.1404829 0
vt 0.06580659 0.9801904 0
vt 1.915383 0.8533778 0
vt 1.574781 0.9295749 0
vt 1.578506 0.8769392 0
vt 1.906589 0.9596654 0
vt 1.622977 0.8383459 0
vt 1.818124 0.9467958 0
vt 1.818373 0.9468134 0
vt 0.098339 0.9735353 0
vt 0.07053853 0.9735353 0
vt 1.645667 0.9345914 0
vt 1.649392 0.8819557 0
vt 1.64941 0.8817072 0
vt 1.821849 0.8941601 0
vt 1.821867 0.8939116 0
vt 1.822098 0.8941777 0
vt 0.06580659 0.9735353 0
vt 1.616064 0.9324964 0
vt 1.616313 0.932514 0
vt 1.619789 0.8798608 0
vt 1.620055 0.8796298 0
vt 1.620038 0.8798784 0
vt 1.53749 0.9457085 0
vt 0.5422517 0.6280507 0
vt 1.582447 0.00826165 0
vt 1.542833 0.6466361 0
vt 1.582447 0.0795126 0
vt 1.583395 0.4044935 0
vt 1.542985 0.749514 0
vt 1.540545 0.8237117 0
vt 0.0963069 0.9801904 0
vt 1.812182 0.8517355 0
vt 1.538585 0.9320755 0
vt 0.8930723 0.6298933 0
vt 1.452688 0.6153878 0
vt 1.582447 0.03762241 0
vt 1.542751 0.6884322 0
vt 0.5894899 0.6325256 0
vt 0.5898687 0.6325699 0
vt 0.8454322 0.6326828 0
vt 0.8458103 0.6326533 0
vt 0.6376112 0.6360208 0
vt 0.6379909 0.6360557 0
vt 0.7965684 0.6356623 0
vt 0.7969457 0.635637 0
vt 0.0963069 0.9735353 0
vt 1.805518 0.9459037 0
vt 1.809243 0.893268 0
vt 1.809261 0.8930195 0
vt 1.583039 0.1534376 0
vt 1.75763 0.00826165 0
vt 1.583039 0.2246886 0
vt 1.585193 0.225941 0
vt 1.75763 0.0795126 0
vt 1.806727 0.2246886 0
vt 1.813368 0.2280151 0
vt 1.583039 0.1827983 0
vt 1.75763 0.03762241 0
vt 1.609057 0.0795126 0
vt 1.584109 0.3773387 0
vt 1.807556 0.08030815 0
vt 1.807208 0.08030815 0
vt 1.807556 0.1515592 0
vt 1.813306 0.3802803 0
vt 1.807208 0.1515592 0
vt 1.807556 0.1096689 0
vt 1.807208 0.1096689 0
vt 1.882119 0.1827983 0
vt 1.583387 0.1096689 0
vt 1.882119 0.2246886 0
vt 1.583387 0.1515592 0
vt 1.890832 0.2283834 0
vt 1.583387 0.08030815 0
vt 1.583039 0.08030815 0
vt 1.732062 0.08030815 0
vt 1.731714 0.08030815 0
vt 1.890356 0.3781766 0
vt 1.731714 0.1515592 0
vt 1.732062 0.1515592 0
vt 1.732062 0.1096689 0
vt 1.731714 0.1096689 0
vt 0.5491504 0.5541933 0
vt 1.638212 0.9544418 0
vt 1.64801 0.7558428 0
vt 1.657422 0.4058481 0
vt 1.082874 0.3957601 0
vt 1.347495 0.408906 0
vt 0.08794957 0.9801904 0
vt 1.643048 0.8296777 0
vt 1.639143 0.9407742 0
vt 1.760338 0.8480666 0
vt 1.753674 0.9422348 0
vt 0.08794957 0.9735353 0
vt 1.757417 0.8893506 0
vt 1.757399 0.8895991 0
vt 0.8872454 0.5540568 0
vt 1.34747 0.6157152 0
vt 0.594938 0.5631647 0
vt 0.595296 0.5632518 0
vt 0.841432 0.5630256 0
vt 0.8417883 0.562947 0
vt 0.6406122 0.5716621 0
vt 0.6409776 0.5717358 0
vt 0.7941292 0.5711704 0
vt 0.7944971 0.5711187 0
vt 1.659426 0.2262526 0
vt 1.65542 0.2246886 0
vt 0.5898087 0.353392 0
vt 1.928949 0.9751762 0
vt 1.041079 0.4109114 0
vt 1.105844 0.381169 0
vt 0.8448752 0.3540073 0
vt 1.041873 0.6175437 0
vt 0.01285164 0.5805596 0
vt 0.1137787 0.9869229 0
vt 0.1251608 0.9869229 0
vt 0.529418 0.1318039 0
vt 1.007941 0.3470887 0
vt 0.1215208 0.573768 0
vt 1.945185 0.3557547 0
vt 0.4088525 0.08365099 0
vt 0.2087829 0.08363288 0
vt 1.561967 0.3401672 0
vt 1.125413 0.342275 0
vt 1.255374 0.3957601 0
vt 1.988964 0.363506 0
vt 0.4174188 0.1309838 0
vt 0.3090483 0.08365091 0
vt 0.4092837 0.144046 0
vt 0.1831224 0.1440462 0
vt 0.3085871 0.08366907 0
vt 1.064615 0.3437731 0
vt 1.291744 0.3957601 0
vt 1.122459 0.3957601 0
vt 1.346998 0.3440937 0
vt 1.122153 0.3957601 0
vt 1.30624 0.3957601 0
vt 1.067231 0.3812369 0
vt 1.039716 0.3456425 0
vt 1.975008 0.4574369 0
vt 0.4169594 0.1929493 0
vt 0.01690187 0.6407267 0
vt 0.1137787 0.98577 0
vt 0.1251608 0.98577 0
vt 0.5289634 0.1937656 0
vt 1.010116 0.4432001 0
vt 0.1252655 0.6342355 0
vt 1.175159 0.3810471 0
vt 1.126427 0.4439163 0
vt 1.139307 0.3811101 0
vt 1.06631 0.4440171 0
vt 1.063732 0.3957601 0
vt 1.347601 0.4410132 0
vt 1.306077 0.3808167 0
vt 1.124714 0.3811358 0
vt 1.125016 0.3811353 0
vt 1.041652 0.4432466 0
vt 1.326476 0.2509985 0
vt 1.082874 0.3903235 0
vt 1.326476 0.2318226 0
vt 1.063732 0.3903235 0
vt 1.306067 0.3750612 0
vt 1.141925 0.2314986 0
vt 1.125006 0.3755931 0
vt 1.255374 0.3903235 0
vt 1.193221 0.2905624 0
vt 1.291744 0.3903235 0
vt 1.156788 0.2905624 0
vt 1.122459 0.3903235 0
vt 1.122153 0.3903235 0
vt 1.326476 0.2905624 0
vt 1.30624 0.3903235 0
vt 1.142266 0.2905624 0
vt 1.067221 0.3754815 0
vt 1.087902 0.1335416 0
vt 1.156788 0.1404829 0
vt 1.36895 0.1335416 0
vt 1.326476 0.1404829 0
vt 1.122749 0.1404829 0
vt 1.06385 0.1017817 0
vt 1.142266 0.1404829 0
vt 1.141925 0.1404829 0
vt 1.06385 0.1335416 0
vt 1.083402 0.1404829 0
vt 1.06385 0.03643262 0
vt 1.064294 0.2314986 0
vt 1.142266 0.3094103 0
vt 1.06385 0.004964488 0
vt 1.063342 0.004964488 0
vt 1.384472 0.3094103 0
vt 1.462409 0.2314986 0
vt 1.384472 0.2905624 0
vt 1.44341 0.2314986 0
vt 1.46515 0.1017817 0
vt 1.403954 0.1404829 0
vt 1.403954 0.2314986 0
vt 1.384472 0.2509985 0
vt 1.384472 0.2318226 0
vt 1.384472 0.2314986 0
vt 1.384779 0.2314986 0
vt 1.384472 0.1404829 0
vt 1.46515 0.1335416 0
vt 1.384779 0.1404829 0
vt 1.46515 0.03643262 0
vt 1.44341 0.1404829 0
vt 1.462409 0.1404829 0
vt 1.46515 0.004964488 0
vt 0.8855573 0.5120793 0
vt 0.9944024 0.5119529 0
vt 0.8875562 0.4702768 0
vt 0.8869116 0.4708037 0
vt 0.8889899 0.4730732 0
vt 0.8889508 0.4728903 0
vt 0.8890954 0.472965 0
vt 0.8873673 0.5121528 0
vt 0.887454 0.5120943 0
vt 0.887461 0.512154 0
vt 0.9930872 0.4709084 0
vt 0.9924323 0.470385 0
vt 0.9908793 0.4730615 0
vt 0.9910247 0.4729869 0
vt 0.9909863 0.4731683 0
vt 0.9925327 0.5119841 0
vt 0.9926194 0.5120424 0
vt 0.9925274 0.5120449 0
vt 0.8880159 0.4718761 0
vt 0.888034 0.4719522 0
vt 0.88798 0.4719049 0
vt 0.8885579 0.5110878 0
vt 0.8884088 0.5111618 0
vt 0.8884521 0.5109795 0
vt 0.9919617 0.4719742 0
vt 0.9919958 0.4720044 0
vt 0.9919428 0.4720506 0
vt 0.9914272 0.5109812 0
vt 0.9915316 0.5108723 0
vt 0.9915758 0.5110548 0
vt 0.8888956 0.5102875 0
vt 0.8888807 0.5102723 0
vt 0.8889225 0.5102137 0
vt 0.9910938 0.5101791 0
vt 0.9910671 0.5101055 0
vt 0.99111 0.5101647 0
vt 0.8893872 0.4737902 0
vt 0.8894031 0.4737762 0
vt 0.8894276 0.4738505 0
vt 0.9905649 0.4738719 0
vt 0.9905794 0.473887 0
vt 0.9905396 0.4739465 0
vt 0.9139278 0.5549623 0
vt 0.992056 0.5547895 0
vt 0.9158524 0.5131816 0
vt 0.9152629 0.5136938 0
vt 0.9174268 0.5159138 0
vt 0.9173813 0.5157344 0
vt 0.9175331 0.5158054 0
vt 0.915744 0.5550331 0
vt 0.915831 0.5549743 0
vt 0.9158353 0.5550356 0
vt 0.9907535 0.5138428 0
vt 0.9901573 0.5133356 0
vt 0.9884576 0.51594 0
vt 0.9886103 0.515869 0
vt 0.9885651 0.5160466 0
vt 0.9901783 0.5548168 0
vt 0.9902655 0.5548753 0
vt 0.9901771 0.5548793 0
vt 0.9164404 0.5147167 0
vt 0.9164637 0.5147899 0
vt 0.9164063 0.5147452 0
vt 0.9169488 0.5539685 0
vt 0.9167917 0.5540385 0
vt 0.9168421 0.5538601 0
vt 0.9895542 0.5148548 0
vt 0.9895872 0.5148832 0
vt 0.9895301 0.514928 0
vt 0.9890582 0.5538169 0
vt 0.9891633 0.5537081 0
vt 0.9892149 0.5538863 0
vt 0.9173666 0.5532179 0
vt 0.9173516 0.5532023 0
vt 0.9174004 0.5531482 0
vt 0.9886441 0.553063 0
vt 0.9886107 0.5529936 0
vt 0.9886604 0.5530484 0
vt 0.9179016 0.5165864 0
vt 0.9179178 0.5165721 0
vt 0.9179487 0.5166426 0
vt 0.9880644 0.5167039 0
vt 0.9880793 0.5167194 0
vt 0.9880325 0.5167748 0
vt 0.7956709 0.2293788 0
vt 0.5794465 0.2294815 0
vt 0.7673003 0.230253 0
vt 0.6087312 0.2295704 0
vt 0.2198999 0.9940062 0
vt 0.2170458 0.9940062 0
vt 0.2008008 0.9940062 0
vt 0.1979467 0.9940062 0
vt 0.2008008 0.9878689 0
vt 0.1979467 0.9878689 0
vt 0.7670667 0.2903286 0
vt 0.6094605 0.29028 0
vt 0.2198999 0.9878689 0
vt 0.2170458 0.9878689 0
vt 0.5831636 0.2874497 0
vt 0.7935483 0.2875519 0
vt 0.7453618 0.231121 0
vt 0.7280088 0.2317051 0
vt 0.7130173 0.2320455 0
vt 0.6958779 0.2322714 0
vt 0.6803434 0.2321849 0
vt 0.6632365 0.2318981 0
vt 0.6482096 0.2313778 0
vt 0.6309562 0.2305877 0
vt 0.2130303 0.9940062 0
vt 0.2148154 0.9940062 0
vt 0.209718 0.9940062 0
vt 0.2114995 0.9940062 0
vt 0.2063471 0.9940062 0
vt 0.2081286 0.9940062 0
vt 0.2030312 0.9940062 0
vt 0.2048163 0.9940062 0
vt 0.7457099 0.2916374 0
vt 0.7285159 0.2923834 0
vt 0.6305754 0.2917653 0
vt 0.6477418 0.2924353 0
vt 0.2030312 0.9878689 0
vt 0.2048163 0.9878689 0
vt 0.6628134 0.2928559 0
vt 0.6801857 0.2930636 0
vt 0.2063471 0.9878689 0
vt 0.2081286 0.9878689 0
vt 0.209718 0.9878689 0
vt 0.2114995 0.9878689 0
vt 0.6959925 0.2930441 0
vt 0.7133808 0.2927869 0
vt 0.2130303 0.9878689 0
vt 0.2148154 0.9878689 0
vt 0.5560923 0.2316155 0
vt 0.5556345 0.2316856 0
vt 0.8189407 0.2304012 0
vt 0.8184838 0.230348 0
vt 0.5338204 0.2352733 0
vt 0.1957597 0.9940062 0
vt 0.2220869 0.9940062 0
vt 0.2221568 0.9940062 0
vt 0.5565206 0.3149916 0
vt 0.5572561 0.3154623 0
vt 0.1957597 0.9858422 0
vt 0.5656743 0.3018403 0
vt 0.5654694 0.3015106 0
vt 0.5656842 0.3014212 0
vt 0.6066701 0.311251 0
vt 0.6066721 0.3106481 0
vt 0.7696653 0.3114055 0
vt 0.7696774 0.3107991 0
vt 0.796393 0.3067657 0
vt 0.7963967 0.307354 0
vt 0.2170458 0.9858422 0
vt 0.7669839 0.3312995 0
vt 0.6083059 0.3315182 0
vt 0.2008008 0.9858422 0
vt 0.1979467 0.9858422 0
vt 0.5792097 0.3263315 0
vt 0.8116813 0.3012574 0
vt 0.8119957 0.3013311 0
vt 0.8117202 0.3016681 0
vt 0.8205858 0.3152297 0
vt 0.2220869 0.9858422 0
vt 0.8199704 0.3157685 0
vt 0.7966891 0.3269703 0
vt 0.2198999 0.9858422 0
vt 0.5626307 0.2865121 0
vt 0.5621894 0.2865493 0
vt 0.2220869 0.9878689 0
vt 0.8352936 0.2949743 0
vt 0.1957597 0.9878689 0
vt 0.542823 0.2952563 0
vt 0.5813231 0.3067048 0
vt 0.5813764 0.306125 0
vt 0.8152058 0.2873195 0
vt 0.8147802 0.2872623 0
vt 0.6465542 0.3126772 0
vt 0.6465829 0.3132662 0
vt 0.6287386 0.3125365 0
vt 0.6287123 0.3119417 0
vt 0.6621062 0.313608 0
vt 0.6620862 0.3130149 0
vt 0.6799384 0.3132105 0
vt 0.6799473 0.3137992 0
vt 0.6961489 0.3137052 0
vt 0.6961593 0.3131146 0
vt 0.7139876 0.3128976 0
vt 0.7139653 0.3134855 0
vt 0.7295135 0.3130351 0
vt 0.729551 0.3124461 0
vt 0.7473719 0.3118976 0
vt 0.7473371 0.3124844 0
vt 0.7448233 0.332031 0
vt 0.2148154 0.9858422 0
vt 0.2130303 0.9858422 0
vt 0.7274938 0.332483 0
vt 0.7127759 0.3328747 0
vt 0.2114995 0.9858422 0
vt 0.209718 0.9858422 0
vt 0.6957178 0.3331167 0
vt 0.680487 0.3332007 0
vt 0.2081286 0.9858422 0
vt 0.2063471 0.9858422 0
vt 0.6633148 0.3331065 0
vt 0.648413 0.3328026 0
vt 0.2048163 0.9858422 0
vt 0.2030312 0.9858422 0
vt 0.6307921 0.3323319 0
vt 0.9933543 0.9999158 0
vt 0.9943026 0.9999158 0
vt 0.9758002 0.9999158 0
vt 0.9767485 0.9999158 0
vt 0.9617063 0.7791685 0
vt 0.9626547 0.7791685 0
vt 0.9467221 0.7791685 0
vt 0.9476704 0.7791685 0
vt 0.9606996 0.9999158 0
vt 0.9616479 0.9999158 0
vt 0.9942455 0.7791685 0
vt 0.9301155 0.7791685 0
vt 0.9431454 0.9999158 0
vt 0.9440937 0.9999158 0
vt 0.9792612 0.7791685 0
vt 0.9802096 0.7791685 0
vt 0.9291101 0.7802669 0
vt 0.9933543 0.7802669 0
vt 0.9767485 0.7802669 0
vt 0.9758002 0.7802669 0
vt 0.9626547 0.5595104 0
vt 0.9617063 0.5595104 0
vt 0.9476704 0.5595104 0
vt 0.9467221 0.5595104 0
vt 0.9616479 0.7802669 0
vt 0.9606996 0.7802669 0
vt 0.9301155 0.5595104 0
vt 0.9291672 0.5595104 0
vt 0.9440937 0.7802669 0
vt 0.9431454 0.7802669 0
vt 0.9802096 0.5595104 0
vt 0.9792612 0.5595104 0
vt 0.9431454 0.8332006 0
vt 0.9440937 0.8332006 0
vt 0.9440937 0.8359406 0
vt 0.9431454 0.8359406 0
vt 0.9616479 0.8359406 0
vt 0.9606996 0.8359406 0
vt 0.9606996 0.8332006 0
vt 0.9616479 0.8332006 0
vt 0.9767485 0.8359406 0
vt 0.9758002 0.8359406 0
vt 0.9758002 0.8332006 0
vt 0.9767485 0.8332006 0
vt 0.9291101 0.8359406 0
vt 0.9933543 0.8359406 0
vt 0.9933543 0.8332006 0
vt 0.9291101 0.8332006 0
vt 0.9792612 0.6124463 0
vt 0.9802096 0.6124463 0
vt 0.9802096 0.6151864 0
vt 0.9792612 0.6151864 0
vt 0.9301155 0.6151864 0
vt 0.9942455 0.6151864 0
vt 0.9942455 0.6124463 0
vt 0.9301155 0.6124463 0
vt 0.9617063 0.6124463 0
vt 0.9626547 0.6124463 0
vt 0.9626547 0.6151864 0
vt 0.9617063 0.6151864 0
vt 0.9476704 0.6151864 0
vt 0.9467221 0.6151864 0
vt 0.9467221 0.6124463 0
vt 0.9476704 0.6124463 0
vt 0.8855565 0.4268921 0
vt 0.9944033 0.4267652 0
vt 0.887557 0.3850894 0
vt 0.8869124 0.3856162 0
vt 0.8889905 0.387886 0
vt 0.8889514 0.3877029 0
vt 0.8890961 0.3877776 0
vt 0.8873665 0.4269659 0
vt 0.8874532 0.4269073 0
vt 0.8874602 0.4269671 0
vt 0.9930863 0.3857214 0
vt 0.9924314 0.385198 0
vt 0.9908785 0.3878746 0
vt 0.9910238 0.3877999 0
vt 0.9909854 0.3879814 0
vt 0.9925335 0.4267966 0
vt 0.9926203 0.4268549 0
vt 0.9925282 0.4268574 0
vt 0.8880166 0.3866887 0
vt 0.8880347 0.3867648 0
vt 0.8879807 0.3867175 0
vt 0.8885571 0.4259009 0
vt 0.888408 0.4259749 0
vt 0.8884513 0.4257926 0
vt 0.9919608 0.3867873 0
vt 0.9919949 0.3868174 0
vt 0.9919419 0.3868636 0
vt 0.991428 0.4257937 0
vt 0.9915324 0.4256849 0
vt 0.9915767 0.4258673 0
vt 0.8888947 0.4251007 0
vt 0.8888801 0.4250851 0
vt 0.8889217 0.4250269 0
vt 0.9910944 0.4249918 0
vt 0.9910678 0.4249181 0
vt 0.9911104 0.4249772 0
vt 0.8893875 0.3886026 0
vt 0.8894035 0.388589 0
vt 0.8894281 0.3886633 0
vt 0.990564 0.3886851 0
vt 0.9905787 0.3886998 0
vt 0.9905388 0.3887596 0
vt 0.8855565 0.4698452 0
vt 0.9944033 0.4697182 0
vt 0.8875569 0.4280424 0
vt 0.8869123 0.4285693 0
vt 0.8889904 0.430839 0
vt 0.8889514 0.4306559 0
vt 0.889096 0.4307307 0
vt 0.8873665 0.469919 0
vt 0.8874532 0.4698604 0
vt 0.8874602 0.4699202 0
vt 0.9930862 0.4286745 0
vt 0.9924314 0.4281511 0
vt 0.9908785 0.4308277 0
vt 0.9910238 0.430753 0
vt 0.9909853 0.4309345 0
vt 0.9925335 0.4697496 0
vt 0.9926202 0.469808 0
vt 0.9925282 0.4698104 0
vt 0.8880165 0.4296418 0
vt 0.8880346 0.4297178 0
vt 0.8879806 0.4296705 0
vt 0.8885571 0.468854 0
vt 0.888408 0.468928 0
vt 0.8884513 0.4687456 0
vt 0.9919607 0.4297404 0
vt 0.9919948 0.4297705 0
vt 0.9919418 0.4298167 0
vt 0.991428 0.4687467 0
vt 0.9915324 0.468638 0
vt 0.9915766 0.4688203 0
vt 0.8888946 0.4680536 0
vt 0.8888799 0.4680384 0
vt 0.8889216 0.4679799 0
vt 0.9910943 0.4679448 0
vt 0.9910677 0.4678712 0
vt 0.9911105 0.4679302 0
vt 0.8893876 0.4315559 0
vt 0.8894036 0.4315419 0
vt 0.8894282 0.4316163 0
vt 0.990564 0.4316382 0
vt 0.9905786 0.4316529 0
vt 0.9905387 0.4317127 0
vt 0.6487734 0.1852422 0
vt 0.02156367 0.892847 0
vt 0.5298877 0.1118475 0
vt 0.1443539 0.1363103 0
vt 0.1979467 0.9857824 0
vt 0.1137727 0.9832933 0
vt 0.5297409 0.1318062 0
vt 0.6714132 0.1133423 0
vt 1.615825 0.617629 0
vt 0.4088525 0.06403294 0
vt 0.5284837 0.3050858 0
vt 1.28547 0.7492306 0
vt 1.148244 0.1340496 0
vt 1.944684 0.3556604 0
vt 0.2221568 0.9878689 0
vt 0.5283282 0.3268643 0
vt 0.3731102 0.5856132 0
vt 0.1137727 0.9836985 0
vt 0.3714111 0.6237041 0
vt 0.3713837 0.6243225 0
vt 0.7795791 0.1560999 0
vt 1.921936 0.6281024 0
vt 0.5311118 0.7750859 0
vt 0.4159063 0.3042945 0
vt 1.966674 0.6301669 0
vt 0.1372106 0.1556086 0
vt 0.6711114 0.1554243 0
vt 1.723748 0.620728 0
vt 0.1784325 0.2931804 0
vt 0.121835 0.5737476 0
vt 1.285137 0.7501194 0
vt 1.070627 0.7665498 0
vt 0.1205856 0.554311 0
vt 1.478622 0.6160355 0
vt 0.009236055 0.1751245 0
vt 0.835791 0.2165619 0
vt 0.5464354 0.2173339 0
vt 1.639176 0.9402801 0
vt 0.008915873 0.223199 0
vt 0.5349323 0.6782089 0
vt 0.3660648 0.7385733 0
vt 0.5369668 0.6314554 0
vt 0.8160702 0.08452053 0
vt 0.1510626 0.7541928 0
vt 0.9943026 0.7802669 0
vt 0.009484267 0.1354691 0
vt 0.009240303 0.1744903 0
vt 0.5369938 0.6308383 0
vt 1.619807 0.8796122 0
vt 0.5386686 0.5928042 0
vt 0.1441121 0.175249 0
vt 0.2588914 0.3048502 0
vt 0.1824547 0.2786386 0
vt 0.007363556 0.4464967 0
vt 1.514068 0.9290773 0
vt 0.8163713 0.04293355 0
vt 0.5310084 0.2173339 0
vt 0.8163682 0.04336164 0
vt 0.5307624 0.1125485 0
vt 0.7798428 0.1136808 0
vt 0.5307624 0.2170879 0
vt 1.994326 0.6878206 0
vt 0.00823902 0.3231687 0
vt 0.1791585 0.1755546 0
vt 0.1137757 0.9935966 1.148187
vt 1.914831 0.8540951 0
vt 0.04449398 0.1359364 0
vt 0.1372106 0.1745334 0
vt 0.1865786 0.2185565 0
vt 0.3068203 0.3043634 0
vt 0.1785038 0.3023407 0
vt 0.1791543 0.1761898 0
vt 1.914587 0.8537636 0
vt 1.574763 0.9298234 0
vt 0.1794129 0.136471 0
vt 0.1795867 0.10924 0
vt 0.1751951 0.7639956 0
vt 1.284468 0.6896616 0
vt 0.04426566 0.1744502 0
vt 0.04444892 0.1746347 0
vt 0.6715752 0.1131811 0
vt 0.2558874 0.7751055 0
vt 0.6224872 0.1123024 0
vt 0.5464354 0.1123024 0
vt 1.616047 0.932745 0
vt 0.04467923 0.1357551 0
vt 0.6712696 0.1555853 0
vt 0.6224872 0.2173339 0
vt 0.1956898 0.9878689 0
vt 1.070121 0.7656403 0
vt 1.057862 0.7062881 0
vt 1.285461 0.7498076 0
vt 0.6488634 0.1123024 0
vt 1.848888 0.9562011 0
vt 1.070248 0.7662567 0
vt 0.6488634 0.2173339 0
vt 0.5310084 0.1123024 0
vt 1.864381 0.7708807 0
vt 0.1445379 0.1364961 0
vt 0.1442978 0.1750664 0
vt 0.1372029 0.155601 0
vt 0.1372029 0.1366762 0
vt 0.7800014 0.1138419 0
vt 0.7797411 0.1559392 0
vt 0.06580659 0.9734952 0
vt 1.049309 0.6653472 0
vt 0.098339 0.9734952 0
vt 0.1325531 0.7446095 0
vt 1.009937 0.6181017 0
vt 1.041872 0.6181505 0
vt 1.562972 0.6165821 0
vt 0.3464589 0.7570276 0
vt 0.3220703 0.7661154 0
vt 0.1950721 0.7686719 0
vt 1.044296 0.9643122 0
vt 0.5822358 0.9811526 0
vt 1.088044 0.9604978 0
vt 1.92891 0.9757684 0
vt 0.3651541 0.7479292 0
vt 1.959857 0.9782912 0
vt 0.008389828 0.3013975 0
vt 0.5318342 0.7540563 0
vt 0.1137727 0.98577 0
vt 0.008453908 0.2920142 0
vt 0.5321671 0.74499 0
vt 0.5292863 0.193768 0
vt 0.2250292 0.7736361 0
vt 0.2110635 0.7716636 0
vt 1.082874 0.3899899 0
vt 0.2411857 0.7748918 0
vt 0.2860759 0.7727525 0
vt 0.2720676 0.7743189 0
vt 0.3021242 0.7702203 0
vt 0.507786 0.1109697 0
vt 1.891188 0.2283671 0
vt 0.3692723 0.6712253 0
vt 0.3653578 0.7476328 0
vt 1.43188 0.9415167 0
vt 1.512839 0.9438101 0
vt 1.375474 0.686466 0
vt 1.373867 0.644694 0
vt 1.381825 0.9414824 0
vt 0.4115158 0.2198758 0
vt 1.540533 0.8242068 0
vt 0.41126 0.1921235 0
vt 0.1323553 0.7443071 0
vt 0.1255793 0.6342104 0
vt 1.432774 0.7466624 0
vt 0.9942455 0.5595104 0
vt 1.432742 0.7472065 0
vt 1.378463 0.7466823 0
vt 0.8420693 0.2329097 0
vt 0.8919567 0.2402532 0
vt 0.8919891 0.2399151 0
vt 0.8908499 0.2720793 0
vt 1.142266 0.2314986 0
vt 0.9382244 0.19863 0
vt 1.083402 0.2314986 0
vt 1.141925 0.2905624 0
vt 0.8629919 0.2992415 0
vt 0.86073 0.2388686 0
vt 0.8612302 0.2391156 0
vt 1.857542 0.8457613 0
vt 0.2162733 0.2729154 0
vt 1.378864 0.7475495 0
vt 1.757978 0.03762241 0
vt 0.9291101 0.9999158 0
vt 1.757978 0.00826165 0
vt 1.06465 0.3442851 0
vt 1.906163 0.9588655 0
vt 1.125412 0.3427856 0
vt 1.621274 0.4099778 0
vt 1.567022 0.4068761 0
vt 1.890406 0.378529 0
vt 0.4167894 0.1725267 0
vt 0.2030312 0.9857824 0
vt 0.4166366 0.1929467 0
vt 1.648045 0.7553488 0
vt 0.5294357 0.1733498 0
vt 0.4170959 0.1309814 0
vt 0.2202645 0.1891081 0
vt 0.1886914 0.1891588 0
vt 0.1883458 0.1893785 0
vt 0.2867579 0.1894519 0
vt 1.932817 0.4205535 0
vt 0.4109892 0.2920151 0
vt 0.4111288 0.2745261 0
vt 1.813377 0.2276589 0
vt 0.217417 0.2174953 0
vt 0.2164779 0.2726813 0
vt 0.18694 0.2185146 0
vt 0.2172301 0.2172651 0
vt 1.452689 0.615995 0
vt 0.1788509 0.2242924 0
vt 1.279593 0.9451194 0
vt 0.4156784 0.3040495 0
vt 1.638171 0.9550339 0
vt 1.326476 0.2314986 0
vt 1.063357 0.3903235 0
vt 1.848095 0.970971 0
vt 0.1857265 0.295742 0
vt 1.566673 0.4065287 0
vt 1.562477 0.3401333 0
vt 0.8314619 0.09110057 0
vt 1.434736 0.6873743 0
vt 1.378509 0.7472308 0
vt 1.4324 0.7475243 0
vt 1.905593 0.9739429 0
vt 1.291744 0.3899899 0
vt 1.126594 0.6181439 0
vt 1.347473 0.6163231 0
vt 1.066197 0.6181854 0
vt 1.874986 0.7111036 0
vt 1.087902 0.1340496 0
vt 1.864726 0.7705981 0
vt 1.812753 0.4078646 0
vt 1.813644 0.3808094 0
vt 1.063342 0.1335416 0
vt 1.833919 0.08030815 0
vt 0.07053853 0.9734952 0
vt 1.818355 0.9470619 0
vt 1.859639 0.9499834 0
vt 1.515955 0.8240661 0
vt 1.643018 0.8301721 0
vt 1.538626 0.931582 0
vt 0.08794957 0.9734952 0
vt 1.537444 0.9463003 0
vt 1.040545 0.3460911 0
vt 1.066929 0.3812374 0
vt 1.822115 0.8939292 0
vt 1.513788 0.9287604 0
vt 1.825037 0.8526452 0
vt 1.515686 0.824347 0
vt 0.1828128 0.2786629 0
vt 1.583752 0.3773302 0
vt 0.1137727 0.9861499 0
vt 1.583038 0.4044832 0
vt 1.543473 0.7487531 0
vt 1.543246 0.6884221 0
vt 1.543771 0.7490679 0
vt 1.583039 0.1515592 0
vt 1.890863 0.2280287 0
vt 1.583039 0.1096689 0
vt 1.659425 0.2258963 0
vt 1.882119 0.1534376 0
vt 1.346505 0.3449154 0
vt 1.346991 0.4089076 0
vt 1.890712 0.3781901 0
vt 1.813854 0.3806197 0
vt 1.585169 0.2255858 0
vt 1.757978 0.0795126 0
vt 1.584838 0.2259174 0
vt 1.905873 0.9591368 0
vt 1.578523 0.8766907 0
vt 1.041585 0.4109004 0
vt 1.040233 0.3464268 0
vt 1.122749 0.2314986 0
vt 0.0963069 0.9734952 0
vt 0.1243649 0.6142606 0
vt 1.543328 0.6466329 0
vt 1.06692 0.3759087 0
vt 1.126418 0.4434081 0
vt 1.066328 0.4435105 0
vt 1.156788 0.2314986 0
vt 1.932436 0.4208643 0
vt 1.193221 0.2314986 0
vt 1.346179 0.3445916 0
vt 1.561021 0.308725 0
vt 0.4109629 0.1918369 0
vt 0.1251608 0.9808959 0
vt 0.1137727 0.9869229 0
vt 0.1137727 0.9872943 0
vt 1.994611 0.3327774 0
vt 1.347099 0.4402027 0
vt 1.122153 0.3899899 0
vt 1.403954 0.2318226 0
vt 1.44341 0.2318226 0
vt 1.730699 0.4139102 0
vt 1.066734 0.3756711 0
vt 1.30624 0.3899899 0
vt 1.124705 0.3755937 0
vt 1.063342 0.1017817 0
vt 1.255374 0.3899899 0
vt 1.042136 0.4424415 0
vt 1.042465 0.4427676 0
vt 1.063357 0.3957601 0
vt 1.346783 0.4405207 0
vt 1.36895 0.1340496 0
vt 1.06385 0.1340496 0
vt 1.46515 0.1340496 0
vt 1.462409 0.2318226 0
vt 1.465657 0.03643262 0
vt 1.465657 0.004964488 0
vt 1.063342 0.03643262 0
vt 1.465657 0.1335416 0
vt 1.465657 0.1017817 0
vt 1.064294 0.1404829 0
vt 1.141925 0.3094103 0
vt 1.063732 0.3899899 0
vt 1.384779 0.2318226 0
vt 0.1251577 0.9873007 1.148187
vt 0.5398353 0.566279 0
vt 0.2114995 0.9857824 0
vt 0.209718 0.9857824 0
vt 0.2081286 0.9857824 0
vt 0.2063471 0.9857824 0
vt 0.2148154 0.9857824 0
vt 0.2130303 0.9857824 0
vt 0.2170458 0.9857824 0
vt 0.2198999 0.9857824 0
vt 0.2221568 0.9858422 0
vt 0.2008008 0.9857824 0
vt 0.1957597 0.9857824 0
vt 0.1956898 0.9858422 0
vt 0.2048163 0.9857824 0
vt 0.2220869 0.9857824 0
vt 0.1956898 0.9940062 0
vt 0.9943026 0.8359406 0
vt 0.9291672 0.6151864 0
vt 0.9291672 0.7791685 0
vt 0.9943026 0.8332006 0
vt 0.9291672 0.6124463 0
vt 0.3085942 0.064051 0
vt 0.1828051 0.1440462 0
vt 0.1828051 0.1846567 0
vt 0.409601 0.144046 0
vt 0.409601 0.124428 0
vt 0.3090483 0.1242615 0
#end 1637 textures vertices 

#begin 598 normals 
vn -1 -0 -0
vn -0 -0 -1
vn 1 -0 -0
vn -0 -0 1
vn -0 -0.8999 0.4361
vn -0.0008 -0.9169 0.3991
vn -0.0004 -0.9171 0.3985
vn -0 -0.9171 0.3987
vn -0 -1 -0
vn 0.0001 -0.958 0.2867
vn 0.0001 -0.958 0.2868
vn -0 -0.9171 0.3986
vn 0.0102 -0 -0.9999
vn -0 1 -0
vn 0.0054 -0 1
vn -0.0002 -0 -1
vn 0.0003 -0.9955 0.0943
vn 0.0002 -0.9891 0.1471
vn 0.0002 -0.9891 0.147
vn -0.0038 -0.9955 0.0942
vn -0.0038 -0.9955 0.0943
vn -0.004 -0.9995 0.0315
vn -0.004 -0.9995 0.0314
vn -0.0022 -0.9579 0.2872
vn -0.0015 -0.9502 0.3118
vn -1 -0.0001 -0
vn -0.0008 -0.9169 -0.3991
vn -0.0004 -0.9171 -0.3985
vn -0.0015 -0.9502 -0.3118
vn -0.0022 -0.9579 -0.2872
vn -0.0031 -0.9817 0.1902
vn -0.0031 -0.9818 0.19
vn -0.0036 -0.9891 0.1471
vn -0.0036 -0.9891 0.1469
vn -0.0006 -0 -1
vn 0.0003 -0.9995 -0.0315
vn 0.0003 -0.9995 0.0315
vn -0.0031 -0.9818 -0.19
vn -0.0031 -0.9817 -0.1902
vn 0.0002 -0.9891 -0.147
vn 0.0002 -0.9891 -0.1471
vn 0.0003 -0.9955 -0.0943
vn -0.0006 -0 1
vn -0.0002 -0 1
vn -0 -0.9171 -0.3986
vn 0.0001 -0.958 -0.2868
vn 0.0001 -0.958 -0.2867
vn 0.0002 -0.9818 0.1899
vn 0.0002 -0.9818 0.19
vn -0 -0.9171 -0.3987
vn 0.0001 -0.9171 -0.3987
vn 0.0001 -0.9501 -0.3121
vn 0.0001 -0.9327 -0.3606
vn -0 -0.8999 -0.4361
vn 0.0002 -0.9818 -0.19
vn 0.0002 -0.9818 -0.1899
vn 0.0001 -0.9327 0.3606
vn 0.0001 -0.9328 0.3604
vn 0.0001 -0.9328 -0.3604
vn 0.0001 -0.9818 -0.1901
vn -0.0007 -0 -1
vn -0 -0.6587 0.7524
vn -0.0007 -0 1
vn 0.0001 -0.9568 -0.2908
vn 0.0002 -0.9682 -0.2503
vn 0.0001 -0.9682 -0.2504
vn -0.004 -0.9995 -0.0314
vn -0.004 -0.9995 -0.0315
vn -0.0038 -0.9955 -0.0943
vn -0.0038 -0.9955 -0.0942
vn 0.0001 -0.9501 0.3121
vn 0.0001 -0.9171 0.3987
vn 0.0001 -0.9818 0.1901
vn 0.0001 -0.9995 -0.0315
vn -0 -0.9995 -0.0315
vn -0 -0.9955 -0.0943
vn 0.0001 -0.9955 -0.0943
vn -0 -0.9681 0.2504
vn 0.0001 -0.9682 0.2504
vn 0.0001 -0.9568 0.2908
vn -0 -0.9568 0.2908
vn 0.0002 -0.9995 -0.0315
vn 0.0002 -0.9995 0.0315
vn 0.0001 -0.9995 0.0315
vn 0.0001 -0.9955 0.0943
vn 0.0002 -0.9955 0.0943
vn 0.0002 -0.9858 0.1677
vn 0.0001 -0.9858 0.1677
vn 0.0002 -0.9682 0.2503
vn -0 -0.9955 0.0943
vn -0 -0.9995 0.0315
vn -0 -0.9858 0.1677
vn 0.0001 -0.9858 -0.1677
vn 0.0002 -0.9858 -0.1677
vn 0.0002 -0.9955 -0.0943
vn 0.0002 -0.9568 0.2907
vn 0.0002 -0.9568 0.2906
vn 0.0002 -0.9568 -0.2907
vn -0.0036 -0.9891 -0.1471
vn -0.0036 -0.9891 -0.1469
vn 1 0.0001 -0
vn -0 -0.9858 -0.1677
vn -0 -0.9681 -0.2504
vn 0.0002 -0.9568 -0.2906
vn -0 -0.9568 -0.2908
vn -0.5739 -0.5947 0.563
vn -0.7967 -0.3176 0.5143
vn -0.589 -0.2506 0.7683
vn -0.589 -0.2506 -0.7683
vn -0.7966 -0.3176 -0.5143
vn -0.5739 -0.5947 -0.563
vn -0.7051 -0.3214 -0.6321
vn -0.3214 -0.7051 -0.6321
vn -0.3717 -0.3717 -0.8507
vn 0.3717 -0.3717 -0.8507
vn 0.3214 -0.7051 -0.6321
vn 0.7051 -0.3214 -0.6321
vn -0.7588 -0.4606 -0.4606
vn -0.4606 -0.4606 -0.7588
vn -0.4606 -0.7588 -0.4606
vn 0.7588 -0.4606 -0.4606
vn 0.4606 -0.7588 -0.4606
vn 0.4606 -0.4606 -0.7588
vn 0.6367 0.3202 -0.7015
vn 0.8517 0.3702 -0.3709
vn 0.633 0.7044 -0.3213
vn 0.6345 0.3208 0.7032
vn 0.6325 0.7047 0.3213
vn 0.8512 0.3709 0.3713
vn -0.6316 0.7055 0.3215
vn -0.6296 0.322 0.7071
vn -0.8502 0.3725 0.3721
vn -0.6274 -0.3226 -0.7088
vn -0.8497 -0.3732 -0.3725
vn -0.6312 -0.7059 -0.3215
vn -0.6274 0.3226 -0.7088
vn -0.6312 0.7059 -0.3215
vn -0.8497 0.3732 -0.3725
vn 0.6367 -0.3202 -0.7015
vn 0.633 -0.7044 -0.3213
vn 0.8517 -0.3702 -0.3709
vn 0.6345 -0.3208 0.7032
vn 0.8512 -0.3709 0.3713
vn 0.6325 -0.7047 0.3213
vn -0.6316 -0.7055 0.3215
vn -0.8502 -0.3725 0.3721
vn -0.6296 -0.322 0.7071
vn -0.2997 -0.5443 0.7835
vn -0.3543 -0.756 0.5504
vn -0.6975 -0.56 0.4472
vn -0.2997 -0.5443 -0.7835
vn -0.6975 -0.56 -0.4472
vn -0.3543 -0.756 -0.5504
vn 0.3696 -0.3691 -0.8527
vn 0.3364 -0.6914 -0.6394
vn 0.7186 -0.3032 -0.6259
vn -0.3364 -0.6914 -0.6394
vn -0.3696 -0.3691 -0.8527
vn -0.7186 -0.3032 -0.6259
vn 0.5835 -0.7843 0.2106
vn 0.4801 -0.705 0.522
vn 0.7562 -0.6078 0.2423
vn -0.4801 -0.705 0.522
vn -0.5835 -0.7843 0.2106
vn -0.7562 -0.6078 0.2423
vn 0.4804 -0.8486 0.2217
vn 0.6232 -0.6859 0.3757
vn 0.3793 -0.7774 0.5018
vn -0.3793 -0.7774 0.5018
vn -0.6232 -0.6859 0.3757
vn -0.4804 -0.8486 0.2217
vn 0.4844 -0.7457 -0.4574
vn 0.4677 -0.4649 -0.7518
vn 0.7775 -0.432 -0.4571
vn -0.7775 -0.432 -0.4571
vn -0.4677 -0.4649 -0.7518
vn -0.4844 -0.7457 -0.4574
vn 0.2993 -0.5445 -0.7835
vn 0.3537 -0.7563 -0.5503
vn 0.697 -0.5604 -0.4473
vn 0.2993 -0.5445 0.7835
vn 0.697 -0.5604 0.4473
vn 0.3537 -0.7563 0.5503
vn -0.7063 -0.425 -0.5662
vn -0.4537 -0.3647 -0.8131
vn -0.4481 -0.6735 -0.5879
vn -0.7063 -0.425 0.5661
vn -0.4481 -0.6735 0.5879
vn -0.4537 -0.3646 0.8131
vn 0.4535 -0.3646 -0.8132
vn 0.7063 -0.4249 -0.5663
vn 0.448 -0.6736 -0.5879
vn 0.4535 -0.3646 0.8132
vn 0.448 -0.6736 0.5879
vn 0.7063 -0.4249 0.5662
vn -0.3214 -0.7051 0.6321
vn -0.7051 -0.3214 0.6321
vn -0.3717 -0.3717 0.8507
vn 0.3214 -0.7051 0.6321
vn 0.3717 -0.3717 0.8507
vn 0.7051 -0.3214 0.6321
vn -0.4606 -0.4606 0.7588
vn -0.7588 -0.4606 0.4606
vn -0.4606 -0.7588 0.4606
vn 0.4606 -0.4606 0.7588
vn 0.4606 -0.7588 0.4606
vn 0.7588 -0.4606 0.4606
vn 0.8507 -0.3717 -0.3717
vn 0.6321 -0.3214 -0.7051
vn 0.6321 -0.7051 -0.3214
vn -0.7051 -0.6321 -0.3214
vn -0.3717 -0.8507 -0.3717
vn -0.3214 -0.6321 -0.7051
vn 0.6321 -0.7051 0.3214
vn 0.6321 -0.3214 0.7051
vn 0.8507 -0.3717 0.3717
vn -0.7051 -0.6321 0.3214
vn -0.3214 -0.6321 0.7051
vn -0.3717 -0.8507 0.3717
vn -0.7051 0.3214 -0.6321
vn -0.3717 0.3717 -0.8507
vn -0.3214 0.7051 -0.632
vn 0.3214 0.7051 -0.6321
vn 0.3717 0.3717 -0.8507
vn 0.7051 0.3214 -0.6321
vn -0.4606 0.4606 -0.7588
vn -0.7588 0.4606 -0.4606
vn -0.4606 0.7588 -0.4605
vn 0.4606 0.7588 -0.4605
vn 0.7588 0.4606 -0.4605
vn 0.4606 0.4606 -0.7588
vn 0.7051 -0.6321 0.3214
vn 0.3717 -0.8507 0.3717
vn 0.3214 -0.6321 0.7051
vn 0.4605 -0.4606 -0.7588
vn 0.4605 -0.7588 -0.4606
vn 0.4605 -0.7588 0.4606
vn 0.4605 -0.4606 0.7588
vn -0.3214 0.7051 0.6321
vn -0.3717 0.3717 0.8507
vn -0.7051 0.3214 0.632
vn 0.3214 0.7051 0.6321
vn 0.7051 0.3214 0.6321
vn 0.3717 0.3717 0.8507
vn -0.3214 -0.632 -0.7051
vn -0.7051 -0.632 -0.3214
vn -0.3214 0.7051 -0.6321
vn -0.7051 0.3214 -0.632
vn 0.6321 0.7051 -0.3214
vn 0.632 0.3214 -0.7052
vn 0.8507 0.3717 -0.3717
vn -0.4606 -0.4605 -0.7588
vn -0.7071 -0 0.7071
vn -0.7071 -0 -0.7071
vn 0.7071 -0 -0.7071
vn 0.7071 -0 0.7071
vn 0.5631 -0.0005 0.8264
vn 0.2003 -0.2073 0.9576
vn 0.2114 -0.1966 0.9574
vn 0.563 -0.0005 0.8265
vn 0.0011 -0.4583 0.8888
vn 0.0011 -0.4581 0.8889
vn 0.214 -0.2026 -0.9556
vn 0.0011 -0.4581 -0.8889
vn 0.0011 -0.4582 -0.8888
vn 0.2023 -0.2133 -0.9558
vn -0 -0.531 0.8474
vn -0 -0.531 -0.8474
vn -0.7071 -0.7071 -0
vn 0.7071 -0.7071 -0
vn -0.0001 -0.5725 -0.8199
vn -0.0001 -0.5725 0.8199
vn -0.7038 -0.6782 -0.2113
vn -0.6897 -0.6618 -0.2938
vn -0.6918 -0.6644 -0.2829
vn -0.706 -0.6806 -0.196
vn -0.6897 -0.6618 0.2938
vn -0.7038 -0.6782 0.2113
vn -0.706 -0.6806 0.196
vn -0.6918 -0.6644 0.2829
vn -0.0003 -0.5655 0.8247
vn -0.0004 -0.5655 0.8247
vn -0.0003 -0.5655 -0.8248
vn -0.0004 -0.5655 -0.8247
vn -0 -0.7071 -0.7071
vn -0.0001 -0.5955 -0.8034
vn -0.0001 -0.5955 0.8034
vn -0.0003 -0.5955 0.8034
vn -0.0003 -0.5955 -0.8034
vn -0.0004 -0.5955 -0.8033
vn -0.0004 -0.5955 0.8033
vn -0.7119 -0.6898 -0.132
vn -0.7083 -0.6984 -0.1027
vn -0.7082 -0.6982 -0.1049
vn -0.7128 -0.6884 -0.1345
vn -0.7103 -0.7008 -0.0654
vn -0.7115 -0.7023 -0.0218
vn -0.7115 -0.7023 -0.0225
vn -0.7102 -0.7007 -0.0674
vn -0.7115 -0.7023 0.0218
vn -0.7103 -0.7008 0.0654
vn -0.7102 -0.7007 0.0674
vn -0.7115 -0.7023 0.0225
vn -0.7083 -0.6984 0.1027
vn -0.7118 -0.6898 0.132
vn -0.7128 -0.6884 0.1345
vn -0.7082 -0.6982 0.1049
vn -0.7133 -0.6931 -0.1042
vn -0.7121 -0.689 -0.1347
vn -0.7122 -0.6895 -0.1319
vn -0.7133 -0.6934 -0.1019
vn -0.7155 -0.6983 -0.0224
vn -0.7146 -0.6964 -0.067
vn -0.7146 -0.6965 -0.0649
vn -0.7155 -0.6983 -0.0216
vn -0.7145 -0.6964 0.067
vn -0.7154 -0.6983 0.0224
vn -0.7155 -0.6983 0.0216
vn -0.7146 -0.6965 0.0649
vn -0.7121 -0.689 0.1347
vn -0.7133 -0.6931 0.1042
vn -0.7133 -0.6934 0.1019
vn -0.7122 -0.6895 0.1319
vn 0.709 -0.702 -0.0675
vn 0.7103 -0.7036 -0.0225
vn 0.7103 -0.7036 -0.0219
vn 0.7091 -0.7021 -0.0656
vn 0.7121 -0.7017 -0.0218
vn 0.7111 -0.7001 -0.0654
vn 0.711 -0.7 -0.0673
vn 0.7121 -0.7017 -0.0224
vn 0.7119 -0.6892 -0.1347
vn 0.707 -0.6993 -0.105
vn 0.7072 -0.6995 -0.103
vn 0.711 -0.6907 -0.1323
vn 0.7084 -0.6962 -0.1161
vn 0.7028 -0.6896 -0.1748
vn 0.7019 -0.6887 -0.1817
vn 0.708 -0.6958 -0.1207
vn -0.7082 -0.6964 0.1162
vn -0.7026 -0.6897 0.1749
vn -0.7018 -0.6888 0.1818
vn -0.7079 -0.696 0.1208
vn -0.7026 -0.6897 -0.1749
vn -0.7082 -0.6964 -0.1162
vn -0.7079 -0.696 -0.1208
vn -0.7018 -0.6888 -0.1818
vn -0.7119 -0.7019 0.0218
vn -0.7109 -0.7003 0.0654
vn -0.7108 -0.7001 0.0673
vn -0.7119 -0.7019 0.0224
vn -0.7109 -0.7003 -0.0654
vn -0.7119 -0.7019 -0.0218
vn -0.7119 -0.7019 -0.0224
vn -0.7108 -0.7001 -0.0673
vn 0.7111 -0.7001 0.0654
vn 0.7121 -0.7017 0.0218
vn 0.7121 -0.7017 0.0224
vn 0.711 -0.7 0.0673
vn 0.7103 -0.7036 0.0225
vn 0.709 -0.7019 0.0674
vn 0.7091 -0.702 0.0656
vn 0.7103 -0.7036 0.0219
vn 0.707 -0.6994 0.105
vn 0.7119 -0.6892 0.1347
vn 0.711 -0.6907 0.1322
vn 0.7071 -0.6995 0.103
vn 0.7028 -0.6896 0.1748
vn 0.7083 -0.6962 0.1161
vn 0.708 -0.6958 0.1207
vn 0.7019 -0.6887 0.1817
vn -0 -0.7071 0.7071
vn 0.5663 -0.0064 -0.8242
vn 0.5653 -0.0065 -0.8249
vn -0 0.7071 -0.7071
vn -0.0004 -0.5655 -0.8248
vn -0.0004 -0.5726 -0.8198
vn -0.0004 -0.5726 0.8198
vn -0 0.7071 0.7071
vn 1 -0 -0
vn -0 -1 -0
vn -0 -0 1
vn -1 -0 -0
vn -0 1 -0
vn 0.3015 0.3015 0.9045
vn -0.7071 -0 0.7071
vn -0.3015 0.3015 0.9045
vn 0.7071 -0 0.7071
vn -0.5774 -0.5773 0.5774
vn 0.3015 -0.3015 0.9045
vn 0.5774 -0.5773 0.5774
vn -0.3015 -0.3015 0.9045
vn 0.5773 -0.5773 0.5774
vn -0.5773 -0.5773 0.5774
vn 0.5773 0.5773 0.5774
vn -0.5773 0.5773 0.5774
vn -0.7071 -0.7071 -0
vn -0 -0.7071 0.7071
vn 0.7071 -0.7071 -0
vn -0 0.7071 0.7071
vn -0.7071 0.7071 -0
vn 0.7071 0.7071 -0
vn -0 -0 -1
vn -0 -1 -0
vn 1 -0 -0
vn -0 -0 1
vn -0 1 -0
vn 0.9045 0.3015 -0.3015
vn 0.7071 -0 0.7071
vn 0.9045 0.3015 0.3015
vn 0.7071 -0 -0.7071
vn 0.5774 -0.5773 0.5774
vn 0.9045 -0.3015 -0.3015
vn 0.5774 -0.5773 -0.5774
vn 0.9045 -0.3015 0.3015
vn 0.5774 -0.5773 -0.5773
vn 0.5774 -0.5773 0.5773
vn 0.5774 0.5773 -0.5773
vn 0.5774 0.5773 0.5773
vn -0 -0.7071 0.7071
vn 0.7071 -0.7071 -0
vn -0 -0.7071 -0.7071
vn 0.7071 0.7071 -0
vn -0 0.7071 0.7071
vn -0 0.7071 -0.7071
vn -0 -0.8999 -0.4361
vn 1 -0 -0
vn -0 -0.958 -0.2867
vn -0 -0.9818 -0.1899
vn -0 -0.9891 -0.147
vn -0 -0.9955 -0.0943
vn -0 -0.9818 0.1899
vn -0 -0.958 0.2867
vn -0 0.9145 -0.4046
vn -0 0.9304 -0.3665
vn -0 -0.9891 -0.1471
vn -0 -0.9818 -0.19
vn -0 0.9849 0.1729
vn -0 0.9655 0.2604
vn -0 0.9962 -0.0875
vn -0 0.9996 -0.0292
vn -0 0.9304 0.3665
vn -0 0.9145 0.4046
vn -0 0.9655 -0.2604
vn -0 -0.9225 -0.3859
vn -0 -0.9328 -0.3604
vn -0 -0.9818 0.19
vn -0 -0.8999 0.4361
vn -0 -0 -1
vn -0 0.9908 0.1354
vn -0 -0.9995 -0.0315
vn -0 -0.9995 0.0315
vn -0 0.9996 0.0292
vn -0 0.9962 0.0875
vn -0 -0.9955 0.0943
vn -0 -0.9891 0.147
vn -0 -0.9891 0.1471
vn -0 0.9849 -0.1729
vn -0 -0.9171 -0.3986
vn -0 0.9962 0.0876
vn -0 -0.9171 0.3986
vn -0 -0.9225 0.3859
vn -0 -0 1
vn -0 -0.9328 0.3604
vn -0 0.9908 -0.1354
vn -0 0.9962 -0.0876
vn 0.4533 0.3252 0.8299
vn 0.6863 0.404 0.6047
vn 0.4409 0.6302 0.6391
vn 0.8489 -0.4556 0.2681
vn 0.4948 -0.6008 0.6278
vn 0.4866 -0.8308 0.2701
vn 0.4866 -0.8308 -0.2701
vn 0.4948 -0.6008 -0.6278
vn 0.8489 -0.4556 -0.2681
vn 0.4533 0.3252 -0.8299
vn 0.4409 0.6302 -0.6391
vn 0.6863 0.404 -0.6047
vn -0 -0.8474 0.531
vn 0.6918 -0.6644 0.2828
vn 0.706 -0.6806 0.1959
vn 0.7038 -0.6782 0.2113
vn 0.6897 -0.6618 0.2938
vn 0.7064 0.685 0.1784
vn 0.6944 0.6713 0.2592
vn 0.6927 0.6691 0.2692
vn 0.7048 0.6832 0.1911
vn 0.6944 0.6713 -0.2592
vn 0.7064 0.685 -0.1784
vn 0.7048 0.6832 -0.1911
vn 0.6927 0.6691 -0.2692
vn -0 0.5456 -0.838
vn -0 0.5456 0.838
vn 0.7134 -0.6933 -0.1019
vn 0.7123 -0.6894 -0.1319
vn 0.7121 -0.689 -0.1347
vn 0.7133 -0.693 -0.1042
vn 0.7115 0.6923 -0.1204
vn 0.7124 0.6954 -0.0941
vn 0.7123 0.6952 -0.096
vn 0.7114 0.6919 -0.1227
vn 0.7133 -0.693 0.1042
vn 0.7121 -0.689 0.1347
vn 0.7123 -0.6894 0.1319
vn 0.7134 -0.6933 0.1019
vn 0.7135 0.6981 -0.0605
vn 0.7143 0.6996 -0.0201
vn 0.7142 0.6996 -0.0208
vn 0.7134 0.698 -0.0622
vn 0.7155 -0.6982 0.0224
vn 0.7146 -0.6963 0.0669
vn 0.7147 -0.6964 0.0649
vn 0.7156 -0.6982 0.0216
vn 0.7143 0.6996 0.0201
vn 0.7135 0.6981 0.0605
vn 0.7134 0.698 0.0622
vn 0.7142 0.6996 0.0208
vn 0.7146 -0.6963 -0.0669
vn 0.7155 -0.6982 -0.0224
vn 0.7156 -0.6982 -0.0216
vn 0.7147 -0.6964 -0.0649
vn 0.7124 0.6954 0.0941
vn 0.7115 0.6923 0.1204
vn 0.7114 0.6919 0.1227
vn 0.7123 0.6952 0.096
vn 0.706 -0.6806 -0.1959
vn 0.7038 -0.6782 -0.2113
vn 0.6918 -0.6644 -0.2828
vn 0.6897 -0.6618 -0.2938
vn -0 -0.8474 -0.531
vn 1 -0 -0
vn -0 -0 1
vn -1 -0 -0
vn -0 -0 -1
vn -0.9436 0.331 -0
vn -0 0.2856 0.9584
vn -0 0.2856 -0.9584
vn 0.9436 0.331 -0
vn -0.6412 0.4169 -0.6442
vn -0.6412 0.4169 0.6442
vn 0.6412 0.4169 -0.6442
vn 0.6412 0.4169 0.6443
vn 0.6412 0.4169 0.6442
vn 0.6412 0.4169 -0.6443
vn -0.7055 -0 0.7088
vn -0.7055 -0 -0.7088
vn 0.7055 -0 0.7088
vn -0.7054 -0 -0.7088
vn 0.7054 -0 -0.7088
vn 0.7055 -0 -0.7088
vn -0.7054 -0 0.7088
vn 0.7054 -0 0.7088
vn 1 -0 -0
vn -0 -1 -0
vn -0 -0 1
vn -1 -0 -0
vn -0 1 -0
vn 0.3015 0.3015 0.9045
vn -0.7071 -0 0.7071
vn -0.3015 0.3015 0.9045
vn 0.7071 -0 0.7071
vn -0.5774 -0.5773 0.5774
vn 0.3015 -0.3015 0.9045
vn 0.5774 -0.5773 0.5774
vn -0.3015 -0.3015 0.9045
vn 0.5773 -0.5773 0.5774
vn -0.5773 -0.5773 0.5774
vn 0.5773 0.5773 0.5774
vn -0.5773 0.5773 0.5774
vn -0.7071 -0.7071 -0
vn -0 -0.7071 0.7071
vn 0.7071 -0.7071 -0
vn -0 0.7071 0.7071
vn -0.7071 0.7071 -0
vn 0.7071 0.7071 -0
vn 1 -0 -0
vn -0 -1 -0
vn -0 -0 1
vn -1 -0 -0
vn -0 1 -0
vn 0.3015 0.3015 0.9045
vn -0.7071 -0 0.7071
vn -0.3015 0.3015 0.9045
vn 0.7071 -0 0.7071
vn -0.5774 -0.5773 0.5774
vn 0.3015 -0.3015 0.9045
vn 0.5774 -0.5773 0.5774
vn -0.3015 -0.3015 0.9045
vn 0.5773 -0.5773 0.5774
vn -0.5773 -0.5773 0.5774
vn 0.5773 0.5773 0.5774
vn -0.5773 0.5773 0.5774
vn -0.7071 -0.7071 -0
vn -0 -0.7071 0.7071
vn 0.7071 -0.7071 -0
vn -0 0.7071 0.7071
vn -0.7071 0.7071 -0
vn 0.7071 0.7071 -0
#end 598 normals 

#begin 1230 faces
o Cube:023
s 1
f 50/50/1 1/1/1 293/1311/1 450/450/1 
f 14/14/1 56/56/1 52/52/1 326/326/1 
f 291/291/2 861/861/2 862/862/2 298/298/2 
f 9/9/3 383/383/3 366/366/3 294/294/3 
f 5/5/3 54/54/3 452/452/3 303/303/3 
f 299/299/3 863/863/3 873/873/3 314/314/3 
f 268/268/4 337/337/4 458/458/4 266/266/4 
f 331/1319/1 867/867/1 260/260/1 152/152/1 
f 56/56/1 15/15/1 2/2/1 52/52/1 
f 338/338/2 167/167/2 173/173/2 461/461/2 
f 722/722/3 319/319/3 19/19/3 171/171/3 
f 306/306/2 451/451/2 454/454/2 305/305/2 
f 323/323/1 50/50/1 450/450/1 307/307/1 
f 715/715/1 309/309/1 6/6/1 170/170/1 
f 169/169/3 5/5/3 303/303/3 719/719/3 
f 304/304/3 455/455/3 51/51/3 321/1333/3 
f 240/240/2 242/242/2 403/403/2 343/343/2 
f 319/319/3 49/49/3 55/55/3 19/19/3 
f 321/321/5 33/33/6 45/45/7 328/328/5 
f 267/267/4 329/329/4 337/337/4 268/268/4 
f 27/27/3 28/28/3 380/380/3 358/358/3 
f 328/328/5 45/45/7 48/48/8 336/336/5 
f 354/354/9 351/351/9 389/389/9 390/390/9 
f 418/418/3 348/348/3 22/22/3 423/423/3 
f 249/249/4 885/885/4 864/864/4 312/312/4 
f 405/405/1 347/347/1 12/12/1 29/29/1 
f 344/344/4 708/708/4 705/705/4 346/346/4 
f 17/17/1 163/163/1 703/703/1 342/342/1 
f 402/402/1 32/32/1 357/1310/1 379/379/1 
f 367/367/4 416/416/4 406/406/4 372/372/4 
f 399/399/1 396/396/1 411/411/1 360/360/1 
f 361/361/2 412/412/2 413/413/2 365/365/2 
f 396/396/1 402/402/1 379/379/1 411/411/1 
f 251/251/2 241/241/2 311/1371/2 371/371/2 
f 54/54/3 10/10/3 297/297/3 452/452/3 
f 287/287/1 373/373/1 13/13/1 7/7/1 
f 28/28/3 26/26/3 414/414/3 380/380/3 
f 18/18/1 30/30/1 404/404/1 370/370/1 
f 412/412/2 378/378/2 381/381/2 413/413/2 
f 29/29/1 12/12/1 17/17/1 30/30/1 
f 448/448/1 288/288/1 8/8/1 53/53/1 
f 347/347/1 706/706/1 161/161/1 12/12/1 
f 25/25/3 31/31/3 26/26/3 28/28/3 
f 390/390/9 389/389/9 398/398/9 429/429/9 
f 453/453/4 296/296/4 289/1374/4 449/449/4 
f 171/171/3 19/19/3 5/5/3 169/169/3 
f 55/55/3 16/16/3 10/10/3 54/54/3 
f 309/309/1 448/448/1 53/53/1 6/6/1 
f 49/49/3 3/3/3 16/16/3 55/55/3 
f 318/318/2 721/721/2 166/166/2 332/332/2 
f 349/349/2 417/417/2 407/407/2 352/352/2 
f 368/368/2 316/316/2 335/335/2 375/375/2 
f 253/253/10 434/434/11 431/431/12 239/239/12 
f 29/29/1 30/30/1 18/18/1 13/13/1 
f 53/53/1 8/8/1 15/15/1 56/56/1 
f 377/377/3 409/409/3 31/31/3 25/25/3 
f 376/376/2 340/340/2 467/467/2 476/476/2 
f 353/353/2 410/410/2 480/480/2 474/474/2 
f 159/159/2 353/353/2 474/474/2 165/165/2 
f 336/336/5 48/48/8 68/68/12 459/459/5 
f 419/419/13 382/382/13 400/400/13 395/395/13 
f 424/424/9 420/420/9 397/397/9 425/425/9 
f 394/394/1 23/23/1 32/32/1 402/402/1 
f 31/31/3 391/391/3 428/428/3 26/26/3 
f 24/24/3 25/25/3 28/28/3 27/27/3 
f 384/384/14 386/386/14 392/392/14 401/401/14 
f 7/7/1 13/13/1 18/18/1 20/20/1 
f 410/410/2 376/376/2 476/476/2 480/480/2 
f 158/158/2 352/352/2 353/353/2 159/159/2 
f 417/417/2 368/368/2 375/375/2 407/407/2 
f 388/388/1 426/426/1 396/396/1 399/399/1 
f 408/408/1 374/374/1 394/394/1 426/426/1 
f 409/409/3 355/355/3 391/391/3 31/31/3 
f 350/350/1 408/408/1 426/426/1 388/388/1 
f 26/26/3 428/428/3 363/363/3 414/414/3 
f 429/429/9 398/398/9 362/362/9 364/364/9 
f 21/21/3 387/387/3 383/383/3 9/9/3 
f 242/242/2 251/251/2 371/371/2 403/403/2 
f 369/369/3 418/418/3 423/423/3 387/387/3 
f 383/383/3 421/421/3 415/415/3 366/366/3 
f 170/170/1 6/6/1 14/14/1 172/172/1 
f 423/423/3 22/22/3 11/11/3 421/421/3 
f 385/385/15 422/422/15 427/427/15 393/393/15 
f 374/374/1 334/334/1 23/23/1 394/394/1 
f 378/378/2 356/356/2 359/359/2 381/381/2 
f 858/858/5 239/239/12 431/431/12 322/322/5 
f 441/441/2 445/445/16 539/539/16 542/542/2 
f 605/605/17 203/203/17 206/206/18 608/608/19 
f 586/586/20 87/87/21 88/88/22 583/583/23 
f 70/70/3 494/494/3 499/499/3 76/76/3 
f 35/35/24 439/439/25 45/45/7 33/33/6 
f 592/592/26 442/442/26 541/541/26 611/611/26 
f 122/122/1 567/567/1 570/570/1 121/121/1 
f 34/34/27 46/46/28 443/443/29 36/36/30 
f 85/85/31 582/582/32 439/439/25 35/35/24 
f 57/57/3 41/41/3 43/43/3 58/58/3 
f 109/109/3 101/101/3 104/104/3 112/112/3 
f 111/111/3 103/103/3 106/106/3 114/114/3 
f 113/113/3 105/105/3 108/108/3 116/116/3 
f 115/115/3 107/107/3 44/44/3 59/59/3 
f 582/582/32 85/85/31 86/86/33 579/579/34 
f 59/59/3 44/44/3 42/42/3 60/60/3 
f 61/61/1 37/37/1 39/39/1 62/62/1 
f 58/58/3 43/43/3 102/102/3 110/110/3 
f 63/63/1 40/40/1 38/38/1 64/64/1 
f 124/124/1 99/99/1 40/40/1 63/63/1 
f 122/122/1 97/97/1 100/100/1 123/123/1 
f 120/120/1 95/95/1 98/98/1 121/121/1 
f 62/62/1 39/39/1 94/94/1 117/117/1 
f 118/118/1 93/93/1 96/96/1 119/119/1 
f 445/445/16 484/484/35 554/554/35 539/539/16 
f 601/601/36 201/201/36 204/204/37 604/604/37 
f 456/456/5 67/67/12 177/177/12 723/723/5 
f 36/36/30 443/443/29 591/591/38 92/92/39 
f 597/597/40 199/199/41 202/202/42 600/600/42 
f 489/489/43 446/446/44 548/548/44 549/549/43 
f 50/50/1 323/323/1 430/430/1 64/64/1 
f 250/250/45 432/432/45 437/437/46 252/252/47 
f 436/436/1 62/62/1 117/117/1 578/578/1 
f 257/257/48 564/564/49 434/434/11 253/253/10 
f 118/118/1 575/575/1 578/578/1 117/117/1 
f 446/446/44 438/438/4 546/546/4 548/548/44 
f 563/563/1 124/124/1 63/63/1 435/435/1 
f 231/231/50 83/83/51 534/534/52 844/844/53 
f 1/1/1 50/50/1 64/64/1 38/38/1 
f 41/41/3 57/57/3 51/51/3 4/4/3 
f 3/3/3 49/49/3 60/60/3 42/42/3 
f 6/6/1 53/53/1 56/56/1 14/14/1 
f 34/34/27 319/1425/54 333/333/54 46/46/28 
f 19/19/3 55/55/3 54/54/3 5/5/3 
f 20/20/1 18/18/1 370/370/1 310/310/1 
f 37/37/1 61/61/1 52/52/1 2/2/1 
f 250/250/45 854/854/54 327/327/54 432/432/45 
f 302/302/4 453/453/4 449/449/4 308/308/4 
f 891/891/3 304/304/3 321/1333/3 887/887/3 
f 893/893/1 323/323/1 307/307/1 888/888/1 
f 720/720/4 302/302/4 308/308/4 716/716/4 
f 889/889/2 306/306/2 305/305/2 890/890/2 
f 622/622/26 585/585/26 584/584/26 619/619/26 
f 588/588/26 615/615/26 618/618/26 589/589/26 
f 46/46/28 47/47/50 444/444/53 443/443/29 
f 614/614/26 593/593/26 592/592/26 611/611/26 
f 435/435/1 63/63/1 64/64/1 430/430/1 
f 120/120/1 571/571/1 574/574/1 119/119/1 
f 256/256/17 568/568/17 565/565/18 246/246/18 
f 255/255/36 572/572/36 569/569/37 245/245/37 
f 254/254/41 576/576/41 573/573/42 244/244/42 
f 252/252/47 437/437/46 577/577/55 243/243/56 
f 439/439/25 447/447/57 48/48/8 45/45/7 
f 30/30/1 17/17/1 342/342/1 404/404/1 
f 373/373/1 405/405/1 29/29/1 13/13/1 
f 433/433/1 61/61/1 62/62/1 436/436/1 
f 341/1443/3 377/377/3 25/25/3 24/24/3 
f 247/247/2 240/240/2 343/343/2 704/704/2 
f 61/61/1 433/433/1 326/326/1 52/52/1 
f 855/855/2 248/248/2 713/713/2 325/325/2 
f 491/491/58 728/728/58 177/177/12 67/67/12 
f 447/447/57 488/488/58 68/68/12 48/48/8 
f 66/66/45 486/486/59 485/485/59 65/65/45 
f 534/534/52 197/197/46 200/200/55 596/596/60 
f 491/491/58 67/67/12 68/68/12 488/488/58 
f 487/487/61 726/726/61 731/731/61 555/555/61 
f 66/66/45 463/463/54 730/730/54 175/175/45 
f 483/483/2 479/479/2 176/176/2 180/180/2 
f 477/477/1 466/466/1 73/73/1 71/71/1 
f 463/463/54 66/66/45 65/65/45 460/460/54 
f 470/470/2 164/164/2 165/165/2 474/474/2 
f 269/269/4 457/457/4 724/724/4 270/270/4 
f 262/262/1 687/687/1 664/1637/1 874/874/1 
f 903/903/4 859/859/4 324/324/4 892/892/4 
f 497/497/1 69/69/1 75/75/1 502/502/1 
f 69/69/1 71/71/1 77/77/1 75/75/1 
f 74/74/3 72/72/3 78/78/3 80/80/3 
f 482/482/3 472/472/3 494/494/3 70/70/3 
f 469/469/4 869/869/4 264/264/4 174/174/4 
f 484/484/35 487/487/61 555/555/61 554/554/35 
f 481/481/1 477/477/1 71/71/1 69/69/1 
f 80/80/3 78/78/3 517/517/3 520/520/3 
f 502/502/1 75/75/1 504/504/1 511/511/1 
f 71/71/1 73/73/1 79/79/1 77/77/1 
f 72/72/3 70/70/3 76/76/3 78/78/3 
f 76/76/3 499/499/3 510/510/3 507/507/3 
f 493/493/62 495/495/62 501/501/62 500/500/62 
f 78/78/3 76/76/3 507/507/3 517/517/3 
f 75/75/1 77/77/1 514/514/1 504/504/1 
f 77/77/1 79/79/1 519/1466/1 514/514/1 
f 521/1469/2 516/516/2 515/515/2 518/518/2 
f 516/516/2 506/506/2 505/505/2 515/515/2 
f 498/498/9 503/503/9 513/513/9 508/508/9 
f 895/895/4 522/522/4 744/744/4 897/897/4 
f 506/506/2 509/509/2 512/512/2 505/505/2 
f 899/899/4 843/843/4 522/522/4 895/895/4 
f 829/829/2 836/836/2 718/718/2 524/524/2 
f 524/524/2 718/718/2 751/751/2 741/741/2 
f 84/84/2 532/532/2 193/193/2 191/191/2 
f 536/536/63 846/846/63 851/851/63 560/560/63 
f 238/238/9 806/806/9 799/799/9 852/852/9 
f 712/712/14 747/747/14 763/763/14 756/756/14 
f 540/540/64 553/553/64 146/146/65 125/125/66 
f 440/440/26 581/581/26 626/626/26 544/544/26 
f 47/47/50 65/65/45 485/485/59 444/444/53 
f 590/590/67 89/89/68 90/90/69 587/587/70 
f 538/538/71 198/198/11 190/190/72 81/81/72 
f 609/609/73 205/205/49 198/198/11 538/538/71 
f 803/803/2 796/796/2 236/236/2 237/237/2 
f 128/128/74 617/617/75 616/616/76 127/127/77 
f 625/625/78 132/132/79 547/547/80 545/545/81 
f 128/128/74 141/141/82 138/138/83 129/129/84 
f 130/130/85 137/137/86 134/134/87 131/131/88 
f 136/136/89 551/551/80 550/550/80 133/133/89 
f 130/130/85 621/621/90 620/620/91 129/129/84 
f 132/132/79 625/625/78 624/624/92 131/131/88 
f 132/132/79 133/133/89 550/550/80 547/547/80 
f 140/140/17 135/135/87 134/134/87 137/137/86 
f 126/126/93 145/145/94 142/142/95 127/127/77 
f 124/124/1 563/563/1 566/566/1 123/123/1 
f 136/136/89 187/187/89 733/733/96 551/551/80 
f 636/636/17 234/234/17 228/228/37 637/637/37 
f 632/632/36 233/233/36 227/227/42 633/633/42 
f 235/235/89 640/640/89 561/561/97 850/850/96 
f 556/556/64 732/732/98 182/182/65 147/147/65 
f 148/148/94 143/143/42 142/142/95 145/145/94 
f 144/144/36 139/139/37 138/138/83 141/141/82 
f 640/640/89 235/235/89 229/229/87 641/641/87 
f 199/199/41 597/597/40 596/596/60 200/200/55 
f 91/91/99 594/594/100 587/587/70 90/90/69 
f 89/89/68 590/590/67 583/583/23 88/88/22 
f 87/87/21 586/586/20 579/579/34 86/86/33 
f 576/576/41 254/254/41 243/243/56 577/577/55 
f 572/572/36 255/255/36 244/244/42 573/573/42 
f 568/568/17 256/256/17 245/245/37 569/569/37 
f 564/564/49 257/257/48 246/246/18 565/565/18 
f 101/101/3 109/109/3 110/110/3 102/102/3 
f 103/103/3 111/111/3 112/112/3 104/104/3 
f 105/105/3 113/113/3 114/114/3 106/106/3 
f 107/107/3 115/115/3 116/116/3 108/108/3 
f 93/93/1 118/118/1 117/117/1 94/94/1 
f 95/95/1 120/120/1 119/119/1 96/96/1 
f 97/97/1 122/122/1 121/121/1 98/98/1 
f 99/99/1 124/124/1 123/123/1 100/100/1 
f 602/602/101 603/603/101 638/638/101 631/631/101 
f 598/598/101 599/599/101 634/634/101 627/627/101 
f 580/580/26 585/585/26 622/622/26 623/623/26 
f 594/594/100 91/91/99 92/92/39 591/591/38 
f 584/584/26 589/589/26 618/618/26 619/619/26 
f 588/588/26 593/593/26 614/614/26 615/615/26 
f 203/203/17 605/605/17 604/604/37 204/204/37 
f 126/126/93 613/613/102 612/612/103 125/125/66 
f 598/598/101 627/627/101 630/630/101 595/595/101 
f 602/602/101 631/631/101 634/634/101 599/599/101 
f 606/606/101 607/607/101 642/642/101 635/635/101 
f 610/610/101 639/639/101 642/642/101 607/607/101 
f 613/613/102 126/126/93 127/127/77 616/616/76 
f 617/617/75 128/128/74 129/129/84 620/620/91 
f 621/621/90 130/130/85 131/131/88 624/624/92 
f 628/628/94 232/232/94 226/226/65 629/629/65 
f 134/134/87 135/135/87 136/136/89 133/133/89 
f 138/138/83 139/139/37 140/140/17 137/137/86 
f 142/142/95 143/143/42 144/144/36 141/141/82 
f 146/146/65 147/147/65 148/148/94 145/145/94 
f 145/145/94 126/126/93 125/125/66 146/146/65 
f 181/181/94 148/148/94 147/147/65 182/182/65 
f 141/141/82 128/128/74 127/127/77 142/142/95 
f 183/183/36 144/144/36 143/143/42 184/184/42 
f 137/137/86 130/130/85 129/129/84 138/138/83 
f 185/185/17 140/140/17 139/139/37 186/186/37 
f 133/133/89 132/132/79 131/131/88 134/134/87 
f 187/187/89 136/136/89 135/135/87 188/188/87 
f 879/879/14 871/871/14 911/911/14 913/913/14 
f 659/659/9 656/656/9 677/677/9 681/681/9 
f 653/653/4 267/267/4 268/268/4 654/654/4 
f 675/675/3 261/261/3 263/263/3 685/685/3 
f 648/648/4 886/886/4 267/267/4 653/653/4 
f 645/645/3 891/891/3 887/887/3 647/647/3 
f 643/643/2 889/889/2 890/890/2 646/646/2 
f 872/872/4 648/648/4 653/653/4 866/866/4 
f 263/263/3 156/156/3 672/1632/3 877/877/3 
f 686/686/9 157/157/9 666/666/9 665/665/9 
f 668/668/4 876/876/4 259/259/4 673/673/4 
f 685/685/3 263/263/3 877/877/3 670/670/3 
f 258/258/4 667/667/4 673/673/4 259/259/4 
f 157/157/9 690/690/9 674/674/9 666/666/9 
f 654/654/4 268/268/4 266/266/4 660/660/4 
f 657/657/4 269/269/4 270/270/4 189/189/4 
f 869/869/4 657/657/4 189/189/4 264/264/4 
f 470/470/2 483/483/2 180/180/2 178/178/2 
f 867/867/1 652/652/1 679/679/1 260/260/1 
f 688/688/1 680/680/1 700/700/1 697/697/1 
f 684/684/4 689/689/4 699/699/4 692/692/4 
f 678/678/9 154/154/9 157/157/9 686/686/9 
f 261/261/3 153/153/3 156/156/3 263/263/3 
f 260/260/1 679/679/1 687/687/1 262/262/1 
f 248/248/2 247/247/2 704/704/2 713/713/2 
f 154/154/9 681/681/9 690/690/9 157/157/9 
f 675/1361/3 685/1379/3 691/691/3 694/694/3 
f 702/702/9 695/695/9 693/693/9 698/698/9 
f 723/723/5 177/177/12 207/207/12 780/780/5 
f 164/164/2 470/470/2 178/178/2 736/736/2 
f 163/163/1 172/172/1 714/714/1 703/703/1 
f 167/167/2 159/159/2 165/165/2 173/173/2 
f 12/12/1 161/161/1 163/163/1 17/17/1 
f 709/709/2 349/349/2 352/352/2 158/158/2 
f 348/348/3 710/710/3 162/162/3 22/22/3 
f 22/22/3 162/162/3 160/160/3 11/11/3 
f 711/711/2 84/84/2 191/191/2 748/748/2 
f 166/166/2 158/158/2 159/159/2 167/167/2 
f 416/416/4 344/344/4 346/346/4 406/406/4 
f 421/421/3 11/11/3 345/345/3 415/415/3 
f 11/11/3 160/160/3 707/707/3 345/345/3 
f 46/46/28 333/333/54 339/339/54 47/47/50 
f 886/886/4 320/320/4 329/329/4 267/267/4 
f 47/47/50 339/339/54 460/460/54 65/65/45 
f 172/172/1 14/14/1 326/326/1 714/714/1 
f 231/231/50 828/828/54 525/525/54 83/83/51 
f 164/164/2 168/168/2 173/173/2 165/165/2 
f 161/161/1 170/170/1 172/172/1 163/163/1 
f 721/721/2 709/709/2 158/158/2 166/166/2 
f 708/708/4 720/720/4 716/716/4 705/705/4 
f 162/162/3 171/171/3 169/169/3 160/160/3 
f 160/160/3 169/169/3 719/719/3 707/707/3 
f 710/710/3 722/722/3 171/171/3 162/162/3 
f 706/706/1 715/715/1 170/170/1 161/161/1 
f 479/479/2 464/464/2 179/179/2 176/176/2 
f 736/736/2 178/178/2 208/208/2 776/776/2 
f 658/658/3 868/868/3 261/261/3 675/675/3 
f 219/219/89 187/187/89 188/188/87 212/212/87 
f 218/218/17 185/185/17 186/186/37 211/211/37 
f 217/217/36 183/183/36 184/184/42 210/210/42 
f 216/216/94 181/181/94 182/182/65 209/209/65 
f 140/140/17 185/185/17 188/188/87 135/135/87 
f 849/849/98 559/559/104 629/629/65 226/226/65 
f 148/148/94 181/181/94 184/184/42 143/143/42 
f 144/144/36 183/183/36 186/186/37 139/139/37 
f 556/556/64 147/147/65 146/146/65 553/553/64 
f 465/1513/3 478/478/3 72/72/3 74/74/3 
f 727/727/63 490/490/63 552/552/63 734/734/63 
f 475/475/1 481/481/1 69/69/1 497/497/1 
f 478/478/3 482/482/3 70/70/3 72/72/3 
f 490/490/63 489/489/43 549/549/43 552/552/63 
f 471/471/9 473/473/9 496/496/9 492/492/9 
f 462/462/2 168/168/2 740/740/2 729/729/2 
f 457/457/4 269/269/4 266/266/4 458/458/4 
f 67/67/12 456/456/5 459/459/5 68/68/12 
f 66/66/45 175/175/45 725/725/59 486/486/59 
f 729/729/2 740/740/2 779/779/2 769/769/2 
f 83/83/51 525/525/54 742/742/54 195/195/51 
f 748/748/2 191/191/2 240/240/2 247/247/2 
f 265/265/4 213/213/4 833/833/4 881/881/4 
f 257/257/48 205/205/49 206/206/18 246/246/18 
f 256/256/17 203/203/17 204/204/37 245/245/37 
f 255/255/36 201/201/36 202/202/42 244/244/42 
f 254/254/41 199/199/41 200/200/55 243/243/56 
f 842/842/5 224/224/8 81/81/72 523/523/5 
f 523/523/5 81/81/72 190/190/72 743/743/5 
f 527/527/2 528/528/2 192/192/2 196/196/2 
f 845/845/61 533/533/61 557/557/61 848/848/61 
f 535/535/101 595/595/101 630/630/101 558/558/101 
f 526/526/3 531/531/3 809/809/3 812/812/3 
f 835/835/2 225/225/2 84/84/2 711/711/2 
f 638/638/101 603/603/101 606/606/101 635/635/101 
f 847/847/57 538/538/71 81/81/72 224/224/8 
f 83/83/51 195/195/51 197/197/46 534/534/52 
f 201/201/36 601/601/36 600/600/42 202/202/42 
f 543/543/105 540/540/64 125/125/66 612/612/103 
f 205/205/49 609/609/73 608/608/19 206/206/18 
f 529/1528/3 526/526/3 812/812/3 807/807/3 
f 758/758/2 757/757/2 765/765/2 768/768/2 
f 769/769/2 779/779/2 836/836/2 829/829/2 
f 741/741/2 751/751/2 248/248/2 855/855/2 
f 717/717/9 837/837/9 840/840/9 759/759/9 
f 737/737/14 777/777/14 792/792/14 755/755/14 
f 834/834/14 712/712/14 756/756/14 839/839/14 
f 778/778/9 739/739/9 761/761/9 795/795/9 
f 780/780/5 207/207/12 224/224/8 842/842/5 
f 841/841/2 838/838/2 757/757/2 758/758/2 
f 789/789/98 849/849/98 226/226/65 209/209/65 
f 232/232/94 216/216/94 209/209/65 226/226/65 
f 233/233/36 217/217/36 210/210/42 227/227/42 
f 234/234/17 218/218/17 211/211/37 228/228/37 
f 235/235/89 219/219/89 212/212/87 229/229/87 
f 175/175/45 730/730/54 770/770/54 215/215/45 
f 264/264/4 189/189/4 213/213/4 265/265/4 
f 185/185/17 218/218/17 212/212/87 188/188/87 
f 187/187/89 219/219/89 790/790/96 733/733/96 
f 181/181/94 216/216/94 210/210/42 184/184/42 
f 183/183/36 217/217/36 211/211/37 186/186/37 
f 168/168/2 164/164/2 736/736/2 740/740/2 
f 178/178/2 180/180/2 775/775/2 208/208/2 
f 786/786/63 727/727/63 734/734/63 791/791/63 
f 738/738/1 735/735/1 754/754/1 762/762/1 
f 773/773/1 782/782/1 223/223/1 805/805/1 
f 728/728/58 787/787/58 207/207/12 177/177/12 
f 831/831/9 774/774/9 806/806/9 238/238/9 
f 732/732/98 789/789/98 209/209/65 182/182/65 
f 726/726/61 785/785/61 788/788/61 731/731/61 
f 270/270/4 724/724/4 781/781/4 271/271/4 
f 175/175/45 215/215/45 784/784/59 725/725/59 
f 801/801/2 221/221/2 814/814/2 816/816/2 
f 237/237/2 236/236/2 220/220/2 221/221/2 
f 532/532/2 527/527/2 196/196/2 193/193/2 
f 853/853/2 237/237/2 221/221/2 801/801/2 
f 810/810/9 238/238/9 852/852/9 802/802/9 
f 822/822/3 827/827/3 815/815/3 819/819/3 
f 208/208/2 775/775/2 830/830/2 225/225/2 
f 530/530/9 831/831/9 238/238/9 810/810/9 
f 176/176/2 179/179/2 772/772/2 783/783/2 
f 777/777/14 834/834/14 839/839/14 792/792/14 
f 221/221/2 220/220/2 820/1554/2 814/814/2 
f 882/882/1 832/832/1 905/905/1 916/916/1 
f 827/827/3 824/824/3 817/817/3 815/815/3 
f 813/813/4 811/811/4 825/825/4 826/826/4 
f 808/808/4 813/813/4 826/826/4 821/821/4 
f 225/225/2 830/830/2 532/532/2 84/84/2 
f 810/810/9 802/802/9 818/818/9 823/823/9 
f 798/798/2 803/803/2 237/237/2 853/853/2 
f 805/805/1 223/223/1 804/804/1 800/800/1 
f 649/649/1 893/893/1 888/888/1 644/644/1 
f 234/234/17 636/636/17 641/641/87 229/229/87 
f 233/233/36 632/632/36 637/637/37 228/228/37 
f 232/232/94 628/628/94 633/633/42 227/227/42 
f 610/610/101 537/537/101 562/562/101 639/639/101 
f 752/752/9 717/717/9 759/759/9 767/767/9 
f 776/776/2 208/208/2 225/225/2 835/835/2 
f 223/223/1 222/222/1 797/797/1 804/804/1 
f 215/215/45 770/770/54 828/828/54 231/231/50 
f 857/857/3 884/884/3 920/920/3 276/276/3 
f 218/218/17 234/234/17 229/229/87 212/212/87 
f 219/219/89 235/235/89 850/850/96 790/790/96 
f 216/216/94 232/232/94 227/227/42 210/210/42 
f 217/217/36 233/233/36 228/228/37 211/211/37 
f 794/794/2 793/793/2 838/838/2 841/841/2 
f 846/846/63 786/786/63 791/791/63 851/851/63 
f 837/837/9 778/778/9 795/795/9 840/840/9 
f 787/787/58 847/847/57 224/224/8 207/207/12 
f 180/180/2 176/176/2 783/783/2 775/775/2 
f 782/782/1 771/771/1 222/222/1 223/223/1 
f 785/785/61 845/845/61 848/848/61 788/788/61 
f 271/271/4 781/781/4 843/843/4 899/899/4 
f 215/215/45 231/231/50 844/844/53 784/784/59 
f 626/626/26 581/581/26 580/580/26 623/623/26 
f 575/575/1 118/118/1 119/119/1 574/574/1 
f 571/571/1 120/120/1 121/121/1 570/570/1 
f 567/567/1 122/122/1 123/123/1 566/566/1 
f 195/195/51 742/742/54 854/854/54 250/250/45 
f 749/749/3 750/750/3 766/766/3 764/764/3 
f 213/213/4 271/271/4 899/899/4 833/833/4 
f 277/277/4 923/923/4 745/745/4 149/149/4 
f 743/743/5 190/190/72 239/239/12 858/858/5 
f 897/897/4 744/744/4 859/859/4 903/903/4 
f 191/191/2 193/193/2 242/242/2 240/240/2 
f 195/195/51 250/250/45 252/252/47 197/197/46 
f 193/193/2 196/196/2 251/251/2 242/242/2 
f 760/760/2 753/753/2 793/793/2 794/794/2 
f 201/201/36 255/255/36 245/245/37 204/204/37 
f 198/198/11 253/253/10 239/239/12 190/190/72 
f 197/197/46 252/252/47 243/243/56 200/200/55 
f 199/199/41 254/254/41 244/244/42 202/202/42 
f 205/205/49 257/257/48 253/253/10 198/198/11 
f 203/203/17 256/256/17 246/246/18 206/206/18 
f 196/196/2 192/192/2 241/241/2 251/251/2 
f 883/883/14 879/879/14 913/913/14 918/918/14 
f 894/894/9 896/896/9 275/275/9 272/272/9 
f 174/174/4 264/264/4 265/265/4 214/214/4 
f 871/871/14 880/880/14 915/915/14 911/911/14 
f 868/868/3 468/468/3 153/153/3 261/261/3 
f 682/682/2 676/676/2 696/696/2 701/701/2 
f 152/152/1 260/260/1 262/262/1 155/155/1 
f 155/155/1 262/262/1 874/874/1 661/661/1 
f 332/332/2 166/166/2 167/167/2 338/338/2 
f 662/662/4 875/875/4 258/258/4 150/150/4 
f 150/150/4 258/258/4 259/259/4 151/151/4 
f 875/875/4 663/663/4 667/667/4 258/258/4 
f 690/690/9 683/683/9 669/669/9 674/674/9 
f 455/455/3 300/300/3 4/4/3 51/51/3 
f 451/451/2 292/292/2 301/1579/2 454/454/2 
f 313/313/1 865/865/1 860/860/1 290/290/1 
f 317/317/3 369/369/3 387/387/3 21/21/3 
f 876/876/4 671/671/4 151/151/4 259/259/4 
f 315/1582/4 872/872/4 866/866/4 330/330/4 
f 82/82/4 870/870/4 878/878/4 194/194/4 
f 230/230/4 881/881/4 870/870/4 82/82/4 
f 832/832/1 898/898/1 907/907/1 905/905/1 
f 189/189/4 270/270/4 271/271/4 213/213/4 
f 214/214/4 265/265/4 881/881/4 230/230/4 
f 269/269/4 657/657/4 660/660/4 266/266/4 
f 168/168/2 462/462/2 461/461/2 173/173/2 
f 917/917/2 904/904/2 943/943/2 938/938/2 
f 885/885/4 856/856/4 650/650/4 864/864/4 
f 651/651/9 655/655/9 154/154/9 678/678/9 
f 856/856/4 903/903/4 892/892/4 650/650/4 
f 861/861/2 643/643/2 646/646/2 862/862/2 
f 865/865/1 649/649/1 644/644/1 860/860/1 
f 863/863/3 645/645/3 647/647/3 873/873/3 
f 655/655/9 659/659/9 681/681/9 154/154/9 
f 281/281/4 279/279/4 284/284/4 285/285/4 
f 751/751/2 748/748/2 247/247/2 248/248/2 
f 919/919/2 914/914/2 274/274/2 933/933/2 
f 909/909/3 276/1566/3 925/925/3 928/928/3 
f 914/914/2 912/912/2 282/282/2 274/274/2 
f 278/278/4 921/921/4 929/929/4 926/926/4 
f 901/901/3 857/857/3 276/276/3 909/1590/3 
f 896/896/9 902/902/9 910/910/9 275/275/9 
f 194/194/4 878/878/4 885/885/4 249/249/4 
f 900/900/9 894/894/9 272/272/9 908/908/9 
f 281/281/4 277/277/4 149/149/4 279/279/4 
f 279/279/4 149/149/4 278/278/4 280/280/4 
f 280/280/4 931/931/4 934/934/4 273/273/4 
f 923/923/4 277/277/4 940/940/4 948/948/4 
f 908/1507/9 272/1575/9 746/746/9 924/924/9 
f 149/149/4 745/745/4 921/921/4 278/278/4 
f 280/280/4 278/278/4 926/926/4 931/931/4 
f 272/1575/9 275/1573/9 922/922/9 746/746/9 
f 275/1573/9 910/1465/9 927/927/9 922/922/9 
f 908/1507/9 924/924/9 947/947/9 945/945/9 
f 283/283/2 917/917/2 938/938/2 936/936/2 
f 939/939/1 951/951/1 952/952/1 937/937/1 
f 912/912/2 917/917/2 283/283/2 282/282/2 
f 279/279/4 280/280/4 273/273/4 284/284/4 
f 276/1566/3 920/1467/3 930/930/3 925/925/3 
f 277/277/4 281/281/4 950/950/4 940/940/4 
f 942/942/1 946/946/1 949/949/1 941/941/1 
f 939/939/1 942/942/1 941/941/1 951/951/1 
f 930/930/3 920/1467/3 932/932/3 935/1606/3 
f 904/904/2 906/906/2 944/944/2 943/943/2 
f 281/281/4 285/285/4 953/953/4 950/950/4 
f 322/1417/106 323/323/107 324/1455/108 
f 325/1446/109 326/326/110 327/1428/111 
f 350/1404/112 351/1341/113 352/352/114 
f 353/353/115 354/1340/116 355/1401/117 
f 360/1366/118 361/1370/119 362/362/120 
f 363/1406/121 364/364/122 365/1368/123 
f 382/1376/124 383/383/125 384/1395/126 
f 385/1408/127 386/1313/128 387/387/129 
f 392/1330/130 393/1413/131 394/394/132 
f 395/1317/133 396/396/134 397/1390/135 
f 400/1336/136 401/1396/137 402/402/138 
f 419/1388/139 420/1389/140 421/421/141 
f 422/1409/142 423/423/143 424/1360/144 
f 425/1369/145 426/426/146 427/1412/147 
f 438/438/148 439/439/149 440/440/150 
f 441/441/151 442/442/152 443/443/153 
f 470/470/154 471/1516/155 472/1459/156 
f 473/1474/157 474/474/158 475/1515/159 
f 492/492/160 493/493/161 494/494/162 
f 495/495/163 496/496/164 497/497/165 
f 498/498/166 499/499/167 500/500/168 
f 501/501/169 502/502/170 503/503/171 
f 508/508/172 509/1471/173 510/510/174 
f 511/1463/175 512/512/176 513/513/177 
f 530/1407/116 531/1524/117 532/532/115 
f 533/533/178 534/534/179 535/535/180 
f 536/536/181 537/537/182 538/538/183 
f 541/541/184 542/542/185 543/543/186 
f 544/544/187 545/545/188 546/546/189 
f 557/557/190 558/558/191 559/559/192 
f 560/560/193 561/561/194 562/562/195 
f 651/1574/196 652/1494/197 653/653/198 
f 656/1482/199 657/657/200 658/1511/201 
f 663/1578/202 664/1454/203 665/665/204 
f 668/1491/205 669/669/206 670/1492/207 
f 675/1362/208 676/1543/209 677/677/210 
f 680/1499/211 681/681/212 682/1473/213 
f 683/683/214 684/1500/215 685/1378/216 
f 688/1498/217 689/1501/218 690/690/219 
f 691/691/207 692/692/205 693/693/206 
f 694/694/121 695/695/122 696/696/123 
f 697/697/203 698/698/204 699/699/202 
f 700/700/118 701/701/119 702/702/120 
f 735/1542/220 736/736/221 737/1532/222 
f 738/1540/112 739/1364/113 740/740/114 
f 747/1382/223 748/748/224 749/1375/225 
f 750/1479/117 751/751/115 752/1562/116 
f 753/753/226 754/754/227 755/1530/228 
f 760/760/119 761/761/120 762/1539/118 
f 763/1394/229 764/764/230 765/765/231 
f 766/766/121 767/1358/122 768/768/123 
f 773/1547/112 774/1549/113 775/775/114 
f 798/1559/119 799/799/120 800/1561/118 
f 809/1526/232 810/810/233 811/1558/234 
f 816/1551/235 817/1444/121 818/818/236 
f 823/823/237 824/1557/207 825/1483/238 
f 880/1576/239 881/881/240 882/1555/241 
f 883/1537/242 884/1565/243 885/885/244 
f 898/1583/197 899/899/198 900/1596/196 
f 901/1593/201 902/1594/199 903/903/200 
f 906/1608/245 907/907/246 908/1508/212 
f 915/915/247 916/916/248 917/1584/221 
f 918/1570/249 919/1588/250 920/920/251 
f 927/1598/206 928/1527/207 929/929/238 
f 944/1609/252 945/945/120 946/946/118 
f 947/1599/204 948/948/202 949/1604/203 
f 449/1332/253 289/289/253 288/288/253 448/448/253 
f 714/714/254 326/326/110 325/1446/109 713/1350/254 
f 861/861/254 291/291/254 290/1581/254 860/1580/254 
f 863/863/255 299/299/255 298/1312/255 862/1316/255 
f 451/451/254 306/306/254 307/1327/254 450/1315/254 
f 367/1355/256 295/295/256 294/294/256 366/366/256 
f 453/1372/256 302/1430/256 303/303/256 452/452/256 
f 716/1434/253 308/1431/253 309/309/253 715/715/253 
f 887/887/257 321/1333/258 320/1505/259 886/1486/260 
f 455/455/255 304/304/255 305/1320/255 454/1325/255 
f 369/369/255 317/317/255 316/1385/255 368/1384/255 
f 865/865/253 313/313/253 312/1342/253 864/1339/253 
f 321/1334/258 328/1331/261 329/329/262 320/320/259 
f 318/318/263 332/332/264 333/1426/265 319/1424/266 
f 867/1323/253 331/331/253 330/330/253 866/866/253 
f 328/1331/261 336/1337/267 337/337/267 329/329/262 
f 332/332/264 338/338/268 339/1504/268 333/1426/265 
f 404/404/254 342/342/254 343/1329/254 403/1328/254 
f 708/1348/256 344/1344/256 345/345/256 707/707/256 
f 406/1357/253 346/1351/253 347/347/253 405/405/253 
f 710/710/255 348/348/255 349/1381/255 709/1503/255 
f 408/1399/254 350/1404/112 352/352/114 407/407/254 
f 410/410/255 353/353/115 355/1401/117 409/1321/255 
f 351/1341/113 354/1340/116 353/353/115 352/352/114 
f 412/412/254 361/361/119 360/1365/118 411/1367/254 
f 414/414/255 363/363/121 365/365/123 413/413/255 
f 361/1370/119 365/1368/123 364/364/122 362/362/120 
f 389/389/269 351/351/113 350/1405/112 388/1397/269 
f 429/429/270 364/364/122 363/1406/121 428/1393/270 
f 416/1356/256 367/1355/256 366/366/256 415/415/256 
f 418/418/255 369/369/255 368/1384/255 417/1373/255 
f 310/310/254 370/370/254 371/1326/254 311/311/254 
f 286/1611/253 372/1359/253 373/373/253 287/287/253 
f 334/1415/254 374/1400/254 375/375/254 335/335/254 
f 340/340/255 376/376/255 377/1387/255 341/341/255 
f 356/356/254 378/378/254 379/1352/254 357/357/254 
f 358/358/255 380/380/255 381/381/255 359/359/255 
f 402/402/138 396/396/134 395/1317/133 400/1336/136 
f 421/421/141 383/383/125 382/1376/124 419/1388/139 
f 425/1369/145 397/1390/135 396/396/134 426/426/146 
f 362/362/120 398/398/269 399/1346/269 360/1366/118 
f 394/394/132 402/402/138 401/1396/137 392/1330/130 
f 422/1409/142 385/1408/127 387/387/129 423/423/143 
f 398/398/269 389/389/269 388/1397/269 399/1346/269 
f 354/354/116 390/390/270 391/1392/270 355/1402/117 
f 386/1313/128 384/1395/126 383/383/125 387/387/129 
f 370/370/254 404/404/254 403/1328/254 371/1326/254 
f 372/1359/253 406/1357/253 405/405/253 373/373/253 
f 374/1400/254 408/1399/254 407/407/254 375/375/254 
f 376/376/255 410/410/255 409/1321/255 377/1387/255 
f 378/378/254 412/412/254 411/1367/254 379/1352/254 
f 380/380/255 414/414/255 413/413/255 381/381/255 
f 344/1344/256 416/1356/256 415/415/256 345/345/256 
f 348/348/255 418/418/255 417/1373/255 349/1381/255 
f 393/1413/131 427/1412/147 426/426/146 394/394/132 
f 390/390/270 429/429/270 428/1393/270 391/1392/270 
f 423/423/143 421/421/141 420/1389/140 424/1360/144 
f 400/1335/136 382/1377/124 384/384/126 401/401/137 
f 385/385/127 393/393/131 392/392/130 386/386/128 
f 424/424/144 425/425/145 427/1411/147 422/1410/142 
f 419/419/139 395/395/133 397/397/135 420/420/140 
f 445/445/271 441/441/151 443/443/153 444/444/271 
f 447/447/272 439/439/149 438/438/148 446/446/272 
f 437/1422/273 432/1421/274 433/433/275 436/436/276 
f 431/1353/277 434/1386/278 435/435/279 430/430/280 
f 432/1421/274 327/1428/111 326/326/110 433/433/275 
f 430/430/280 323/323/107 322/1417/106 431/1353/277 
f 308/1431/253 449/1332/253 448/448/253 309/309/253 
f 292/292/254 451/451/254 450/1315/254 293/293/254 
f 296/1363/256 453/1372/256 452/452/256 297/297/256 
f 300/300/255 455/455/255 454/1325/255 301/301/255 
f 489/489/281 490/490/282 491/491/282 488/488/281 
f 535/535/180 558/558/191 557/557/190 533/533/178 
f 485/485/283 486/486/284 487/487/284 484/484/283 
f 536/536/181 560/560/193 562/562/195 537/537/182 
f 461/461/268 462/462/268 463/1447/268 460/1451/268 
f 483/483/255 470/470/154 472/1459/156 482/1457/255 
f 470/470/154 474/474/158 473/1474/157 471/1516/155 
f 474/474/158 480/480/254 481/1460/254 475/1515/159 
f 471/471/155 492/492/160 494/494/162 472/472/156 
f 479/479/255 483/483/255 482/1457/255 478/1514/255 
f 480/480/254 476/476/254 477/1449/254 481/1460/254 
f 464/464/255 479/479/255 478/1514/255 465/465/255 
f 476/476/254 467/467/254 466/1450/254 477/1449/254 
f 457/457/267 458/458/267 459/1318/267 456/1420/267 
f 869/869/256 469/469/256 468/1577/256 868/1512/256 
f 724/724/267 457/457/267 456/1420/267 723/1343/267 
f 336/1337/267 459/1318/267 458/458/267 337/337/267 
f 855/855/268 325/325/109 327/1429/111 854/1427/268 
f 460/1451/268 339/1504/268 338/338/268 461/461/268 
f 726/726/284 487/487/284 486/486/284 725/725/284 
f 484/484/283 445/445/271 444/444/271 485/485/283 
f 440/440/150 544/544/187 546/546/189 438/438/148 
f 541/541/184 442/442/152 441/441/151 542/542/185 
f 488/488/281 447/447/272 446/446/272 489/489/281 
f 728/728/282 491/491/282 490/490/282 727/727/282 
f 492/492/160 496/496/164 495/495/163 493/493/161 
f 475/475/159 497/497/165 496/496/164 473/473/157 
f 510/510/174 499/499/167 498/498/166 508/508/172 
f 500/500/168 501/501/169 503/503/171 498/498/166 
f 502/502/170 511/511/175 513/513/177 503/503/171 
f 497/497/165 502/502/170 501/501/169 495/495/163 
f 499/499/167 494/494/162 493/493/161 500/500/168 
f 507/507/255 510/510/174 509/1471/173 506/1470/255 
f 508/508/172 513/513/177 512/512/176 509/509/173 
f 511/1463/175 504/1462/254 505/505/254 512/512/176 
f 517/517/255 507/507/255 506/1470/255 516/1345/255 
f 504/1462/254 514/1464/254 515/515/254 505/505/254 
f 520/520/255 517/517/255 516/1345/255 521/521/255 
f 514/1464/254 519/519/254 518/518/254 515/515/254 
f 744/744/267 522/522/267 523/1519/267 743/1521/267 
f 829/829/268 524/524/268 525/1509/268 828/1506/268 
f 831/1487/285 530/1407/116 532/532/115 830/830/285 
f 527/527/255 532/532/115 531/1524/117 526/1522/255 
f 528/528/255 527/527/255 526/1522/255 529/529/255 
f 540/540/286 543/543/186 542/542/185 539/539/286 
f 548/548/287 546/546/189 545/545/188 547/547/287 
f 550/550/288 551/551/288 552/552/288 549/549/288 
f 554/554/289 555/555/289 556/556/289 553/553/289 
f 732/732/290 556/556/289 555/555/289 731/731/290 
f 553/553/289 540/540/286 539/539/286 554/554/289 
f 549/549/288 548/548/287 547/547/287 550/550/288 
f 734/734/291 552/552/288 551/551/288 733/733/291 
f 592/592/292 593/593/293 594/594/294 591/591/295 
f 588/588/296 589/589/297 590/590/298 587/587/299 
f 584/584/300 585/585/301 586/586/302 583/583/303 
f 580/580/304 581/581/305 582/582/306 579/579/307 
f 576/1440/308 577/1442/309 578/578/310 575/575/311 
f 572/1391/312 573/1441/313 574/574/314 571/571/315 
f 568/1436/316 569/1439/317 570/570/318 567/567/319 
f 564/1423/320 565/1437/321 566/566/322 563/563/323 
f 600/600/324 601/601/325 602/602/326 599/599/327 
f 632/632/328 633/633/329 634/634/330 631/631/331 
f 596/596/332 597/597/333 598/598/334 595/595/335 
f 628/628/336 629/629/337 630/630/338 627/627/339 
f 624/624/340 625/625/341 626/626/342 623/623/343 
f 612/612/344 613/613/345 614/614/346 611/611/347 
f 620/620/348 621/621/349 622/622/350 619/619/351 
f 616/616/352 617/617/353 618/618/354 615/615/355 
f 636/636/356 637/637/357 638/638/358 635/635/359 
f 604/604/360 605/605/361 606/606/362 603/603/363 
f 608/608/364 609/609/365 610/610/366 607/607/367 
f 640/640/368 641/641/369 642/642/370 639/639/371 
f 585/585/301 580/580/304 579/579/307 586/586/302 
f 581/581/305 440/440/150 439/439/149 582/582/306 
f 589/589/297 584/584/300 583/583/303 590/590/298 
f 593/593/293 588/588/296 587/587/299 594/594/294 
f 442/442/152 592/592/292 591/591/295 443/443/153 
f 607/607/367 606/606/362 605/605/361 608/608/364 
f 567/567/319 566/566/322 565/1437/321 568/1436/316 
f 434/1386/278 564/1423/320 563/563/323 435/435/279 
f 537/537/182 610/610/366 609/609/365 538/538/183 
f 603/603/363 602/602/326 601/601/325 604/604/360 
f 571/571/315 570/570/318 569/1439/317 572/1391/312 
f 599/599/327 598/598/334 597/597/333 600/600/324 
f 575/575/311 574/574/314 573/1441/313 576/1440/308 
f 595/595/335 535/535/180 534/534/179 596/596/332 
f 436/436/276 578/578/310 577/1442/309 437/1422/273 
f 621/621/349 624/624/340 623/623/343 622/622/350 
f 625/625/341 545/545/188 544/544/187 626/626/342 
f 617/617/353 620/620/348 619/619/351 618/618/354 
f 613/613/345 616/616/352 615/615/355 614/614/346 
f 543/543/186 612/612/344 611/611/347 541/541/184 
f 629/629/337 559/559/192 558/558/191 630/630/338 
f 633/633/329 628/628/336 627/627/339 634/634/330 
f 637/637/357 632/632/328 631/631/331 638/638/358 
f 641/641/369 636/636/356 635/635/359 642/642/370 
f 561/561/194 640/640/368 639/639/371 562/562/195 
f 889/889/254 643/643/254 644/1545/254 888/1432/254 
f 891/891/255 645/645/255 646/1488/255 890/1435/255 
f 873/873/256 647/647/256 648/1484/256 872/1489/256 
f 893/893/253 649/649/253 650/1568/253 892/1456/253 
f 915/915/247 880/880/239 882/882/241 916/916/248 
f 656/1482/199 659/1481/372 660/660/372 657/657/200 
f 653/653/198 654/654/372 655/1587/372 651/1574/196 
f 654/654/372 660/660/372 659/1481/372 655/1587/372 
f 875/875/253 662/662/253 661/1636/253 874/1635/253 
f 877/1633/256 672/672/256 671/671/256 876/876/256 
f 668/1491/205 673/1490/372 674/674/372 669/669/206 
f 665/665/204 666/666/372 667/1493/372 663/1578/202 
f 666/666/372 674/674/372 673/1490/372 667/1493/372 
f 677/677/210 656/656/199 658/1510/201 675/1362/208 
f 679/1496/269 652/1495/197 651/651/196 678/678/269 
f 687/1452/269 679/1496/269 678/678/269 686/686/269 
f 690/690/219 681/681/212 680/1499/211 688/1498/217 
f 676/1543/209 682/1473/213 681/681/212 677/677/210 
f 669/669/206 683/683/214 685/1378/216 670/1492/207 
f 664/1454/203 687/1452/269 686/686/269 665/665/204 
f 683/683/214 690/690/219 689/1501/218 684/1500/215 
f 693/693/206 695/695/122 694/694/121 691/691/207 
f 697/697/203 700/700/118 702/702/120 698/698/204 
f 695/695/122 702/702/120 701/701/119 696/696/123 
f 692/692/205 699/699/202 698/698/204 693/693/206 
f 684/684/215 692/692/205 691/691/207 685/1379/216 
f 696/696/123 676/676/209 675/1361/208 694/694/121 
f 682/682/213 701/701/119 700/700/118 680/680/211 
f 699/699/202 689/689/218 688/688/217 697/697/203 
f 342/342/254 703/703/254 704/1445/254 343/1329/254 
f 346/1351/253 705/1349/253 706/706/253 347/347/253 
f 720/1433/256 708/1348/256 707/707/256 719/719/256 
f 722/722/373 710/710/255 709/1503/255 721/1338/374 
f 835/835/375 711/711/375 712/1472/375 834/1533/375 
f 703/703/254 714/714/254 713/1350/254 704/1445/254 
f 705/1349/253 716/1434/253 715/715/253 706/706/253 
f 752/1563/116 767/1358/122 766/766/121 750/750/117 
f 302/1430/256 720/1433/256 719/719/256 303/303/256 
f 319/319/266 722/722/373 721/1338/374 318/1380/263 
f 837/1347/285 717/1403/285 718/718/285 836/836/285 
f 781/781/267 724/724/267 723/1343/267 780/1502/267 
f 785/785/376 726/726/284 725/725/284 784/784/376 
f 787/787/282 728/728/282 727/727/282 786/786/282 
f 462/462/268 729/729/268 730/1448/268 463/1447/268 
f 789/789/290 732/732/290 731/731/290 788/788/290 
f 791/791/291 734/734/291 733/733/291 790/790/291 
f 735/1542/220 738/1540/112 740/740/114 736/736/221 
f 524/524/268 741/741/268 742/1517/268 525/1509/268 
f 859/859/267 744/744/267 743/1521/267 858/1419/267 
f 711/711/375 748/748/224 747/1382/223 712/1472/375 
f 717/1403/285 752/1562/116 751/751/115 718/718/285 
f 748/748/224 751/751/115 750/1479/117 749/1375/225 
f 920/920/251 884/884/243 883/1538/242 918/1570/249 
f 839/839/375 756/756/375 757/1529/375 838/1535/375 
f 841/841/285 758/758/285 759/759/285 840/840/285 
f 753/753/226 760/760/119 762/762/118 754/754/227 
f 756/756/375 763/763/229 765/1414/231 757/1529/375 
f 758/758/285 768/768/123 767/767/122 759/759/285 
f 764/764/230 766/766/121 768/768/123 765/765/231 
f 763/1394/229 747/1383/223 749/749/225 764/764/230 
f 738/1541/112 762/1539/118 761/761/120 739/739/113 
f 754/754/227 735/735/220 737/1531/222 755/1530/228 
f 729/729/268 769/769/268 770/1536/268 730/1448/268 
f 736/736/221 776/776/375 777/1453/375 737/1532/222 
f 739/1364/113 778/1534/285 779/779/285 740/740/114 
f 843/843/267 781/781/267 780/1502/267 842/1520/267 
f 845/845/377 785/785/376 784/784/376 844/844/377 
f 847/847/378 787/787/282 786/786/282 846/846/378 
f 849/849/290 789/789/290 788/788/290 848/848/290 
f 851/851/291 791/791/291 790/790/291 850/850/291 
f 755/755/228 792/792/375 793/1567/375 753/1416/226 
f 760/760/119 794/794/285 795/795/285 761/761/120 
f 771/1569/254 782/1548/254 783/783/254 772/772/254 
f 782/1548/254 773/1547/112 775/775/114 783/783/254 
f 853/1553/285 801/1497/285 802/802/285 852/852/285 
f 796/1477/254 803/1475/254 804/804/254 797/797/254 
f 803/1475/254 798/1560/119 800/800/118 804/804/254 
f 806/806/269 774/774/113 773/1546/112 805/1544/269 
f 799/799/120 806/806/269 805/1544/269 800/1561/118 
f 530/530/116 810/810/233 809/1526/232 531/1525/117 
f 813/813/256 808/808/256 807/807/256 812/812/256 
f 811/811/234 813/813/256 812/812/256 809/809/232 
f 815/815/255 817/817/121 816/1550/235 814/1552/255 
f 819/819/255 815/815/255 814/1552/255 820/820/255 
f 823/823/237 818/818/236 817/1444/121 824/1557/207 
f 827/827/256 822/822/256 821/821/256 826/826/256 
f 824/824/207 827/827/256 826/826/256 825/825/238 
f 801/1497/285 816/1551/235 818/818/236 802/802/285 
f 825/1483/238 811/1558/234 810/810/233 823/823/237 
f 769/769/268 829/829/268 828/1506/268 770/1536/268 
f 774/1549/113 831/1487/285 830/830/285 775/775/114 
f 776/776/375 835/835/375 834/1533/375 777/1453/375 
f 778/1534/285 837/1347/285 836/836/285 779/779/285 
f 792/792/375 839/839/375 838/1535/375 793/1567/375 
f 794/794/285 841/841/285 840/840/285 795/795/285 
f 522/522/267 843/843/267 842/1520/267 523/1519/267 
f 533/533/178 845/845/377 844/844/377 534/534/179 
f 538/538/183 847/847/378 846/846/378 536/536/181 
f 559/559/192 849/849/290 848/848/290 557/557/190 
f 560/560/193 851/851/291 850/850/291 561/561/194 
f 798/1559/119 853/1553/285 852/852/285 799/799/120 
f 898/1583/197 832/1556/253 833/833/253 899/899/198 
f 741/741/268 855/855/268 854/1427/268 742/1517/268 
f 324/324/108 859/859/267 858/1419/267 322/1418/106 
f 903/903/200 856/856/256 857/1564/256 901/1593/201 
f 643/643/254 861/861/254 860/1580/254 644/1545/254 
f 645/645/255 863/863/255 862/1316/255 646/1488/255 
f 649/649/253 865/865/253 864/1339/253 650/1568/253 
f 652/1494/197 867/1323/253 866/866/253 653/653/198 
f 657/657/200 869/869/256 868/1512/256 658/1511/201 
f 314/314/256 873/873/256 872/1489/256 315/315/256 
f 663/663/202 875/875/253 874/1635/253 664/664/203 
f 670/1634/207 877/1633/256 876/876/256 668/668/205 
f 901/901/201 909/1590/270 910/910/270 902/902/199 
f 832/1556/253 882/1555/241 881/881/240 833/833/253 
f 856/856/256 885/885/244 884/1565/243 857/1564/256 
f 879/1478/379 883/1537/242 885/885/244 878/878/379 
f 871/1480/379 879/1478/379 878/878/379 870/870/379 
f 880/1576/239 871/1480/379 870/870/379 881/881/240 
f 647/647/256 887/887/257 886/1486/260 648/1484/256 
f 306/306/254 889/889/254 888/1432/254 307/1327/254 
f 304/304/255 891/891/255 890/1435/255 305/1320/255 
f 323/323/107 893/893/253 892/1456/253 324/1455/108 
f 897/897/372 903/903/200 902/1594/199 896/1572/372 
f 895/895/372 897/897/372 896/1572/372 894/1571/372 
f 899/899/198 895/895/372 894/1571/372 900/1596/196 
f 906/1608/245 904/1438/254 905/905/254 907/907/246 
f 909/909/270 928/928/207 927/927/206 910/1465/270 
f 904/1438/254 917/1584/221 916/916/248 905/905/254 
f 914/1518/375 919/1589/250 918/918/249 913/913/375 
f 912/1592/375 914/1518/375 913/913/375 911/911/375 
f 917/1584/221 912/1592/375 911/911/375 915/915/247 
f 900/1595/196 908/1508/212 907/907/246 898/898/197 
f 928/1527/207 925/1591/256 926/926/256 929/929/238 
f 925/1591/256 930/1603/256 931/931/256 926/926/256 
f 922/1523/372 927/1598/206 929/929/238 921/921/372 
f 746/1322/372 922/1523/372 921/921/372 745/745/372 
f 924/1597/372 746/1322/372 745/745/372 923/923/372 
f 908/1507/212 945/945/120 944/944/252 906/906/245 
f 932/1607/255 920/1468/251 919/919/250 933/933/255 
f 930/1603/256 935/935/256 934/934/256 931/931/256 
f 936/1600/254 938/1586/254 939/939/254 937/937/254 
f 945/945/120 947/947/204 949/949/203 946/946/118 
f 946/946/118 942/942/254 943/1585/254 944/1609/252 
f 942/942/254 939/939/254 938/1586/254 943/1585/254 
f 948/948/202 940/940/253 941/1605/253 949/1604/203 
f 940/940/253 950/950/253 951/1601/253 941/1605/253 
f 950/950/253 953/953/253 952/1602/253 951/1601/253 
f 947/1599/204 924/1597/372 923/923/372 948/948/202 
f 295/1610/4 367/367/4 372/372/4 286/286/4 
o Cube:510
s 0
f 958/958/380 990/990/380 985/985/380 977/977/380 
f 975/975/381 984/984/381 987/987/381 981/981/381 
f 967/967/382 980/980/382 969/969/382 983/983/382 
f 957/957/383 974/974/383 961/961/383 954/954/383 
f 966/966/384 993/993/384 991/991/384 960/960/384 
f 983/983/382 969/969/382 971/971/382 963/963/382 962/962/382 976/976/382 
f 979/979/380 964/964/380 955/955/380 970/970/380 
f 982/982/383 989/989/383 994/994/383 968/968/383 
f 959/959/382 973/973/382 980/980/382 967/967/382 
f 976/976/382 962/962/382 973/973/382 959/959/382 
f 992/992/382 995/995/382 988/988/382 986/986/382 
f 958/958/385 959/959/385 960/960/385 
f 961/961/386 962/962/386 963/963/386 
f 966/966/387 967/967/387 968/968/387 
f 969/969/388 970/970/388 971/971/388 
f 972/972/389 973/973/389 974/974/389 
f 975/975/390 976/976/390 977/977/390 
f 978/978/391 979/979/391 980/980/391 
f 981/981/392 982/982/392 983/983/392 
f 984/984/393 985/985/393 986/986/393 
f 987/987/394 988/988/394 989/989/394 
f 990/990/395 991/991/395 992/992/395 
f 993/993/396 994/994/396 995/995/396 
f 974/974/397 957/957/397 956/956/397 972/972/397 
f 961/961/386 974/974/386 973/973/386 962/962/386 
f 980/980/398 973/973/398 972/972/398 978/978/398 
f 975/975/398 981/981/398 983/983/398 976/976/398 
f 969/969/388 980/980/388 979/979/388 970/970/388 
f 964/964/399 979/979/399 978/978/399 965/965/399 
f 976/976/388 959/959/388 958/958/388 977/977/388 
f 966/966/400 960/960/400 959/959/400 967/967/400 
f 982/982/386 968/968/386 967/967/386 983/983/386 
f 986/986/398 988/988/398 987/987/398 984/984/398 
f 985/985/388 990/990/388 992/992/388 986/986/388 
f 995/995/400 992/992/400 991/991/400 993/993/400 
f 988/988/386 995/995/386 994/994/386 989/989/386 
f 968/968/401 994/994/401 993/993/401 966/966/401 
f 989/989/397 982/982/397 981/981/397 987/987/397 
f 960/960/402 991/991/402 990/990/402 958/958/402 
f 977/977/399 985/985/399 984/984/399 975/975/399 
f 972/972/381 956/956/381 965/965/381 978/978/381 
o Cube:511
s 0
f 1000/1000/403 1032/1032/403 1027/1027/403 1019/1019/403 
f 1017/1017/404 1026/1026/404 1029/1029/404 1023/1023/404 
f 1009/1009/405 1022/1022/405 1011/1011/405 1025/1025/405 
f 999/999/406 1016/1016/406 1003/1003/406 996/996/406 
f 1008/1008/407 1035/1035/407 1033/1033/407 1002/1002/407 
f 1025/1025/405 1011/1011/405 1013/1013/405 1005/1005/405 1004/1004/405 1018/1018/405 
f 1021/1021/403 1006/1006/403 997/997/403 1012/1012/403 
f 1024/1024/406 1031/1031/406 1036/1036/406 1010/1010/406 
f 1001/1001/405 1015/1015/405 1022/1022/405 1009/1009/405 
f 1018/1018/405 1004/1004/405 1015/1015/405 1001/1001/405 
f 1034/1034/405 1037/1037/405 1030/1030/405 1028/1028/405 
f 1000/1000/408 1001/1001/408 1002/1002/408 
f 1003/1003/409 1004/1004/409 1005/1005/409 
f 1008/1008/410 1009/1009/410 1010/1010/410 
f 1011/1011/411 1012/1012/411 1013/1013/411 
f 1014/1014/412 1015/1015/412 1016/1016/412 
f 1017/1017/413 1018/1018/413 1019/1019/413 
f 1020/1020/414 1021/1021/414 1022/1022/414 
f 1023/1023/415 1024/1024/415 1025/1025/415 
f 1026/1026/416 1027/1027/416 1028/1028/416 
f 1029/1029/417 1030/1030/417 1031/1031/417 
f 1032/1032/418 1033/1033/418 1034/1034/418 
f 1035/1035/419 1036/1036/419 1037/1037/419 
f 1016/1016/420 999/999/420 998/998/420 1014/1014/420 
f 1003/1003/409 1016/1016/409 1015/1015/409 1004/1004/409 
f 1022/1022/421 1015/1015/421 1014/1014/421 1020/1020/421 
f 1017/1017/421 1023/1023/421 1025/1025/421 1018/1018/421 
f 1011/1011/411 1022/1022/411 1021/1021/411 1012/1012/411 
f 1006/1006/422 1021/1021/422 1020/1020/422 1007/1007/422 
f 1018/1018/411 1001/1001/411 1000/1000/411 1019/1019/411 
f 1008/1008/423 1002/1002/423 1001/1001/423 1009/1009/423 
f 1024/1024/409 1010/1010/409 1009/1009/409 1025/1025/409 
f 1028/1028/421 1030/1030/421 1029/1029/421 1026/1026/421 
f 1027/1027/411 1032/1032/411 1034/1034/411 1028/1028/411 
f 1037/1037/423 1034/1034/423 1033/1033/423 1035/1035/423 
f 1030/1030/409 1037/1037/409 1036/1036/409 1031/1031/409 
f 1010/1010/424 1036/1036/424 1035/1035/424 1008/1008/424 
f 1031/1031/420 1024/1024/420 1023/1023/420 1029/1029/420 
f 1002/1002/425 1033/1033/425 1032/1032/425 1000/1000/425 
f 1019/1019/422 1027/1027/422 1026/1026/422 1017/1017/422 
f 1014/1014/404 998/998/404 1007/1007/404 1020/1020/404 
o Cube:590
s 1
f 1099/1099/426 1120/1120/426 1052/1052/426 1127/1127/426 
f 1153/1153/427 1138/1138/427 1141/1141/427 1150/1150/427 
f 1041/1041/428 1061/1061/429 1072/1072/429 1049/1049/428 
f 1060/1060/430 1059/1059/431 1076/1076/431 1073/1073/430 
f 1054/1054/432 1040/1040/433 1048/1048/433 1070/1070/432 
f 1122/1122/434 1050/1050/435 1119/1119/435 1116/1116/434 
f 1073/1073/430 1130/1130/436 1133/1133/437 1072/1072/429 
f 1074/1074/438 1046/1046/439 1109/1109/439 1160/1160/438 
f 1151/1151/440 1081/1081/440 1080/1080/441 1152/1152/441 
f 1073/1073/430 1076/1076/431 1135/1135/431 1130/1130/436 
f 1047/1047/442 1124/1124/443 1096/1096/443 1110/1110/442 
f 1050/1050/435 1051/1051/444 1106/1106/444 1119/1119/435 
f 1049/1049/428 1072/1072/429 1133/1133/437 1101/1101/428 
f 1157/1157/427 1134/1134/427 1137/1137/427 1154/1154/427 
f 1052/1052/445 1049/1049/428 1101/1101/428 1127/1127/446 
f 1149/1149/427 1142/1142/427 1145/1145/427 1146/1146/427 
f 1070/1070/432 1048/1048/433 1103/1103/433 1144/1144/447 
f 1104/1104/448 1053/1053/448 1129/1129/448 1112/1112/448 
f 1102/1102/427 1107/1107/427 1146/1146/427 1145/1145/427 
f 1105/1105/427 1118/1118/427 1107/1107/427 1102/1102/427 
f 1128/1128/449 1123/1123/449 1115/1115/449 1113/1113/449 
f 1159/1159/450 1075/1075/450 1074/1074/438 1160/1160/438 
f 1077/1077/451 1082/1082/452 1139/1139/452 1136/1136/451 
f 1100/1100/427 1108/1108/427 1111/1111/427 1126/1126/427 
f 1046/1046/439 1047/1047/442 1110/1110/442 1109/1109/439 
f 1155/1155/453 1079/1079/453 1078/1078/454 1156/1156/454 
f 1083/1083/455 1071/1071/456 1143/1143/457 1140/1140/455 
f 1095/1095/427 1097/1097/427 1126/1126/427 1111/1111/427 
f 1051/1051/444 1085/1085/458 1147/1147/458 1106/1106/444 
f 1042/1042/435 1043/1043/444 1051/1051/444 1050/1050/435 
f 1086/1086/426 1039/1039/459 1052/1052/445 1120/1120/426 
f 1064/1064/441 1067/1067/453 1079/1079/453 1080/1080/441 
f 1088/1088/449 1093/1461/449 1123/1123/449 1128/1128/449 
f 1043/1043/444 1063/1063/458 1085/1085/458 1051/1051/444 
f 1039/1039/459 1041/1041/428 1049/1049/428 1052/1052/445 
f 1066/1066/460 1069/1069/450 1075/1075/450 1078/1078/454 
f 1068/1068/438 1044/1044/439 1046/1046/439 1074/1074/438 
f 1040/1040/433 1038/1038/461 1053/1053/462 1048/1048/433 
f 1058/1058/451 1057/1057/452 1082/1082/452 1077/1077/451 
f 1044/1044/439 1045/1045/442 1047/1047/442 1046/1046/439 
f 1038/1038/461 1089/1089/448 1129/1129/448 1053/1053/462 
f 1125/1125/463 1121/1121/463 1098/1098/463 1094/1094/463 
f 1045/1045/442 1091/1091/443 1124/1124/443 1047/1047/442 
f 1048/1048/433 1053/1053/462 1104/1104/464 1103/1103/433 
f 1092/1092/434 1042/1042/435 1050/1050/435 1122/1122/434 
f 1062/1062/465 1065/1065/466 1081/1081/440 1084/1084/465 
f 1071/1071/456 1055/1055/456 1054/1054/432 1070/1070/432 
f 1161/1161/427 1132/1132/427 1131/1131/427 1158/1158/427 
f 1143/1143/457 1071/1071/456 1070/1070/432 1144/1144/447 
f 1083/1083/455 1140/1140/455 1139/1139/452 1082/1082/452 
f 1077/1077/451 1136/1136/451 1135/1135/431 1076/1076/431 
f 1134/1134/427 1157/1157/427 1158/1158/427 1131/1131/427 
f 1075/1075/450 1069/1069/450 1068/1068/438 1074/1074/438 
f 1138/1138/427 1153/1153/427 1154/1154/427 1137/1137/427 
f 1079/1079/453 1067/1067/453 1066/1066/460 1078/1078/454 
f 1081/1081/440 1065/1065/466 1064/1064/441 1080/1080/441 
f 1142/1142/427 1149/1149/427 1150/1150/427 1141/1141/427 
f 1085/1085/458 1063/1063/458 1062/1062/465 1084/1084/465 
f 1147/1147/458 1085/1085/458 1084/1084/465 1148/1148/465 
f 1060/1060/430 1073/1073/430 1072/1072/429 1061/1061/429 
f 1058/1058/451 1077/1077/451 1076/1076/431 1059/1059/431 
f 1078/1078/454 1075/1075/450 1159/1159/450 1156/1156/454 
f 1080/1080/441 1079/1079/453 1155/1155/453 1152/1152/441 
f 1056/1056/455 1083/1083/455 1082/1082/452 1057/1057/452 
f 1084/1084/465 1081/1081/440 1151/1151/440 1148/1148/465 
f 1056/1056/455 1055/1055/456 1071/1071/456 1083/1083/455 
f 1118/1118/427 1105/1105/427 1114/1114/427 1117/1117/427 
f 1132/1132/427 1161/1161/427 1108/1108/427 1100/1100/427 
f 1094/1623/467 1095/1622/468 1096/1096/469 
f 1097/1097/470 1098/1098/471 1099/1099/472 
f 1112/1112/473 1113/1113/474 1114/1114/475 
f 1115/1620/476 1116/1116/477 1117/1625/478 
f 1121/1121/479 1087/1087/479 1086/1086/479 1120/1120/479 
f 1094/1094/467 1098/1098/471 1097/1097/470 1095/1095/468 
f 1105/1105/480 1102/1102/481 1103/1103/482 1104/1104/483 
f 1114/1114/475 1105/1105/480 1104/1104/483 1112/1112/473 
f 1113/1113/474 1115/1115/476 1117/1117/478 1114/1114/475 
f 1109/1109/484 1110/1110/485 1111/1314/486 1108/1621/487 
f 1119/1119/488 1106/1106/489 1107/1618/490 1118/1619/491 
f 1118/1619/491 1117/1625/478 1116/1116/477 1119/1119/488 
f 1095/1622/468 1111/1314/486 1110/1110/485 1096/1096/469 
f 1123/1324/492 1093/1093/492 1092/1092/492 1122/1122/492 
f 1125/1398/493 1094/1623/467 1096/1096/469 1124/1124/493 
f 1098/1098/471 1121/1121/479 1120/1120/479 1099/1099/472 
f 1115/1620/476 1123/1324/492 1122/1122/492 1116/1116/477 
f 1090/1626/493 1125/1398/493 1124/1124/493 1091/1091/493 
f 1131/1131/494 1132/1132/495 1133/1133/496 1130/1130/497 
f 1147/1147/498 1148/1148/499 1149/1617/500 1146/1616/501 
f 1143/1143/502 1144/1144/503 1145/1145/504 1142/1142/505 
f 1151/1151/506 1152/1152/507 1153/1613/508 1150/1612/509 
f 1139/1139/510 1140/1140/511 1141/1141/512 1138/1138/513 
f 1155/1155/514 1156/1156/515 1157/1615/516 1154/1614/517 
f 1135/1135/518 1136/1136/519 1137/1137/520 1134/1134/521 
f 1159/1159/522 1160/1160/523 1161/1485/524 1158/1624/525 
f 1132/1132/495 1100/1100/526 1101/1101/527 1133/1133/496 
f 1130/1130/497 1135/1135/518 1134/1134/521 1131/1131/494 
f 1156/1156/515 1159/1159/522 1158/1624/525 1157/1615/516 
f 1160/1160/523 1109/1109/484 1108/1621/487 1161/1485/524 
f 1138/1138/513 1137/1137/520 1136/1136/519 1139/1139/510 
f 1152/1152/507 1155/1155/514 1154/1614/517 1153/1613/508 
f 1142/1142/505 1141/1141/512 1140/1140/511 1143/1143/502 
f 1148/1148/499 1151/1151/506 1150/1612/509 1149/1617/500 
f 1144/1144/503 1103/1103/482 1102/1102/481 1145/1145/504 
f 1106/1106/489 1147/1147/498 1146/1616/501 1107/1618/490 
f 1100/1100/526 1126/1126/528 1127/1127/529 1101/1101/527 
f 1099/1099/472 1127/1127/529 1126/1126/528 1097/1097/470 
f 1129/1129/530 1089/1089/530 1088/1088/530 1128/1128/530 
f 1112/1112/473 1129/1129/530 1128/1128/530 1113/1113/474 
f 1090/1090/463 1087/1087/463 1121/1121/463 1125/1125/463 
o Cube:591
s 1
f 1164/1164/531 1171/1171/531 1198/1198/531 1203/1203/531 
f 1168/1168/532 1173/1173/532 1214/1214/532 1223/1223/532 
f 1174/1174/533 1163/1476/533 1206/1206/533 1197/1197/533 
f 1224/1224/532 1217/1217/532 1188/1188/532 1185/1185/532 
f 1172/1172/533 1177/1177/533 1212/1212/533 1215/1215/533 
f 1208/1208/534 1205/1205/534 1180/1180/534 1179/1179/534 
f 1210/1210/534 1219/1219/534 1182/1182/534 1193/1193/534 
f 1176/1176/534 1167/1167/534 1220/1220/534 1213/1213/534 
f 1166/1166/531 1169/1169/531 1222/1222/531 1221/1221/531 
f 1194/1194/533 1209/1209/533 1178/1178/533 1191/1191/533 
f 1218/1218/531 1225/1225/531 1184/1184/531 1183/1183/531 
f 1216/1216/533 1211/1211/533 1192/1192/533 1189/1458/533 
f 1200/1200/532 1195/1195/532 1190/1190/532 1187/1187/532 
f 1170/1170/532 1175/1175/532 1196/1196/532 1199/1199/532 
f 1209/1209/535 1194/1194/535 1197/1197/535 1206/1206/535 
f 1195/1195/536 1200/1200/536 1199/1199/536 1196/1196/536 
f 1219/1219/537 1210/1210/537 1213/1213/537 1220/1220/537 
f 1205/1205/537 1208/1208/537 1207/1207/537 1202/1202/537 
f 1201/1201/538 1204/1204/538 1203/1203/538 1198/1198/538 
f 1225/1225/538 1218/1218/538 1221/1221/538 1222/1222/538 
f 1211/1211/535 1216/1216/535 1215/1215/535 1212/1212/535 
f 1217/1217/536 1224/1224/536 1223/1223/536 1214/1214/536 
f 1204/1204/531 1201/1201/531 1186/1186/531 1181/1181/531 
f 1207/1207/539 1208/1208/539 1209/1630/539 1206/1627/539 
f 1195/1195/540 1196/1196/540 1197/1197/540 1194/1194/540 
f 1203/1203/541 1204/1204/541 1205/1205/541 1202/1202/541 
f 1199/1199/542 1200/1200/542 1201/1201/542 1198/1198/542 
f 1223/1223/543 1224/1224/543 1225/1225/543 1222/1222/543 
f 1219/1219/544 1220/1220/544 1221/1221/544 1218/1218/544 
f 1215/1628/540 1216/1631/540 1217/1217/540 1214/1214/540 
f 1211/1211/539 1212/1212/539 1213/1213/539 1210/1210/539 
f 1190/1190/545 1195/1195/545 1194/1194/545 1191/1191/545 
f 1208/1208/546 1179/1179/546 1178/1354/546 1209/1630/546 
f 1198/1198/547 1171/1171/547 1170/1170/547 1199/1199/547 
f 1174/1174/545 1197/1197/545 1196/1196/545 1175/1175/545 
f 1186/1186/547 1201/1201/547 1200/1200/547 1187/1187/547 
f 1162/1162/548 1207/1207/548 1206/1627/548 1163/1163/548 
f 1202/1202/549 1165/1165/549 1164/1164/549 1203/1203/549 
f 1180/1180/550 1205/1205/550 1204/1204/550 1181/1181/550 
f 1192/1192/546 1211/1211/546 1210/1210/546 1193/1193/546 
f 1218/1218/550 1183/1183/550 1182/1182/550 1219/1219/550 
f 1214/1214/551 1173/1173/551 1172/1629/551 1215/1628/551 
f 1176/1176/546 1213/1213/546 1212/1212/546 1177/1177/546 
f 1188/1188/545 1217/1217/545 1216/1631/545 1189/1189/545 
f 1166/1166/550 1221/1221/550 1220/1220/550 1167/1167/550 
f 1222/1222/552 1169/1169/552 1168/1168/552 1223/1223/552 
f 1184/1184/547 1225/1225/547 1224/1224/547 1185/1185/547 
f 1162/1162/534 1165/1165/534 1202/1202/534 1207/1207/534 
o Cube:660
s 0
f 1230/1230/553 1262/1262/553 1257/1257/553 1249/1249/553 
f 1247/1247/554 1256/1256/554 1259/1259/554 1253/1253/554 
f 1239/1239/555 1252/1252/555 1241/1241/555 1255/1255/555 
f 1229/1229/556 1246/1246/556 1233/1233/556 1226/1226/556 
f 1238/1238/557 1265/1265/557 1263/1263/557 1232/1232/557 
f 1255/1255/555 1241/1241/555 1243/1243/555 1235/1235/555 1234/1234/555 1248/1248/555 
f 1251/1251/553 1236/1236/553 1227/1227/553 1242/1242/553 
f 1254/1254/556 1261/1261/556 1266/1266/556 1240/1240/556 
f 1231/1231/555 1245/1245/555 1252/1252/555 1239/1239/555 
f 1248/1248/555 1234/1234/555 1245/1245/555 1231/1231/555 
f 1264/1264/555 1267/1267/555 1260/1260/555 1258/1258/555 
f 1230/1230/558 1231/1231/558 1232/1232/558 
f 1233/1233/559 1234/1234/559 1235/1235/559 
f 1238/1238/560 1239/1239/560 1240/1240/560 
f 1241/1241/561 1242/1242/561 1243/1243/561 
f 1244/1244/562 1245/1245/562 1246/1246/562 
f 1247/1247/563 1248/1248/563 1249/1249/563 
f 1250/1250/564 1251/1251/564 1252/1252/564 
f 1253/1253/565 1254/1254/565 1255/1255/565 
f 1256/1256/566 1257/1257/566 1258/1258/566 
f 1259/1259/567 1260/1260/567 1261/1261/567 
f 1262/1262/568 1263/1263/568 1264/1264/568 
f 1265/1265/569 1266/1266/569 1267/1267/569 
f 1246/1246/570 1229/1229/570 1228/1228/570 1244/1244/570 
f 1233/1233/559 1246/1246/559 1245/1245/559 1234/1234/559 
f 1252/1252/571 1245/1245/571 1244/1244/571 1250/1250/571 
f 1247/1247/571 1253/1253/571 1255/1255/571 1248/1248/571 
f 1241/1241/561 1252/1252/561 1251/1251/561 1242/1242/561 
f 1236/1236/572 1251/1251/572 1250/1250/572 1237/1237/572 
f 1248/1248/561 1231/1231/561 1230/1230/561 1249/1249/561 
f 1238/1238/573 1232/1232/573 1231/1231/573 1239/1239/573 
f 1254/1254/559 1240/1240/559 1239/1239/559 1255/1255/559 
f 1258/1258/571 1260/1260/571 1259/1259/571 1256/1256/571 
f 1257/1257/561 1262/1262/561 1264/1264/561 1258/1258/561 
f 1267/1267/573 1264/1264/573 1263/1263/573 1265/1265/573 
f 1260/1260/559 1267/1267/559 1266/1266/559 1261/1261/559 
f 1240/1240/574 1266/1266/574 1265/1265/574 1238/1238/574 
f 1261/1261/570 1254/1254/570 1253/1253/570 1259/1259/570 
f 1232/1232/575 1263/1263/575 1262/1262/575 1230/1230/575 
f 1249/1249/572 1257/1257/572 1256/1256/572 1247/1247/572 
f 1244/1244/554 1228/1228/554 1237/1237/554 1250/1250/554 
o Cube:661
s 0
f 1272/1272/576 1304/1304/576 1299/1299/576 1291/1291/576 
f 1289/1289/577 1298/1298/577 1301/1301/577 1295/1295/577 
f 1281/1281/578 1294/1294/578 1283/1283/578 1297/1297/578 
f 1271/1271/579 1288/1288/579 1275/1275/579 1268/1268/579 
f 1280/1280/580 1307/1307/580 1305/1305/580 1274/1274/580 
f 1297/1297/578 1283/1283/578 1285/1285/578 1277/1277/578 1276/1276/578 1290/1290/578 
f 1293/1293/576 1278/1278/576 1269/1269/576 1284/1284/576 
f 1296/1296/579 1303/1303/579 1308/1308/579 1282/1282/579 
f 1273/1273/578 1287/1287/578 1294/1294/578 1281/1281/578 
f 1290/1290/578 1276/1276/578 1287/1287/578 1273/1273/578 
f 1306/1306/578 1309/1309/578 1302/1302/578 1300/1300/578 
f 1272/1272/581 1273/1273/581 1274/1274/581 
f 1275/1275/582 1276/1276/582 1277/1277/582 
f 1280/1280/583 1281/1281/583 1282/1282/583 
f 1283/1283/584 1284/1284/584 1285/1285/584 
f 1286/1286/585 1287/1287/585 1288/1288/585 
f 1289/1289/586 1290/1290/586 1291/1291/586 
f 1292/1292/587 1293/1293/587 1294/1294/587 
f 1295/1295/588 1296/1296/588 1297/1297/588 
f 1298/1298/589 1299/1299/589 1300/1300/589 
f 1301/1301/590 1302/1302/590 1303/1303/590 
f 1304/1304/591 1305/1305/591 1306/1306/591 
f 1307/1307/592 1308/1308/592 1309/1309/592 
f 1288/1288/593 1271/1271/593 1270/1270/593 1286/1286/593 
f 1275/1275/582 1288/1288/582 1287/1287/582 1276/1276/582 
f 1294/1294/594 1287/1287/594 1286/1286/594 1292/1292/594 
f 1289/1289/594 1295/1295/594 1297/1297/594 1290/1290/594 
f 1283/1283/584 1294/1294/584 1293/1293/584 1284/1284/584 
f 1278/1278/595 1293/1293/595 1292/1292/595 1279/1279/595 
f 1290/1290/584 1273/1273/584 1272/1272/584 1291/1291/584 
f 1280/1280/596 1274/1274/596 1273/1273/596 1281/1281/596 
f 1296/1296/582 1282/1282/582 1281/1281/582 1297/1297/582 
f 1300/1300/594 1302/1302/594 1301/1301/594 1298/1298/594 
f 1299/1299/584 1304/1304/584 1306/1306/584 1300/1300/584 
f 1309/1309/596 1306/1306/596 1305/1305/596 1307/1307/596 
f 1302/1302/582 1309/1309/582 1308/1308/582 1303/1303/582 
f 1282/1282/597 1308/1308/597 1307/1307/597 1280/1280/597 
f 1303/1303/593 1296/1296/593 1295/1295/593 1301/1301/593 
f 1274/1274/598 1305/1305/598 1304/1304/598 1272/1272/598 
f 1291/1291/595 1299/1299/595 1298/1298/595 1289/1289/595 
f 1286/1286/577 1270/1270/577 1279/1279/577 1292/1292/577 
#end 1230 faces

#ZOMPROPERTIES_04{
#ZOMPROPERTIES_04 table {Mesh table {SymPlane table {Point vector3d 0 0 0 Normal vector3d 1 0 0 Threshold double 0.01 
#ZOMPROPERTIES_04 Enabled bool false EdgeID int -1 SymEdgeID int -1 UPos double 0.5 LocalMode bool false } RootGroup C
#ZOMPROPERTIES_04 SubMeshGroup {Children table {Tile_0_0 CSubMeshGroup {Children table {} BBoxUV box3d 0 0 0 0 0 0 BBo
#ZOMPROPERTIES_04 x3D box3d 0 0 0 0 0 0 Area3D double 0 AreaUV double 0.697261 IsRoot bool false Properties table {Sel
#ZOMPROPERTIES_04 ected bool false Box box3d 0 1 0 1 0 1 U int 0 V int 0 NU int 0 NV int 0 Tiling vector3d 1 1 1 TileR
#ZOMPROPERTIES_04 atioMode string "1:1" Overflow string "Off" Pack table {BoxFrameEdit bool false Behavior string "Fre
#ZOMPROPERTIES_04 e" } } IsTile bool true PolyIDs ints { 26 317 136 133 44 306 29 908 2 490 274 137 11 474 659 595 879
#ZOMPROPERTIES_04  759 864 593 996 1070 1062 1075 1069 1002 1019 1094 1078 1092 1080 1090 1082 1016 1052 1087 1084 108
#ZOMPROPERTIES_04 8 998 1027 1043 1030 1033 1001 1071 1059 1068 1073 1015 1076 1012 1026 1045 1022 1046 1036 1048 1049
#ZOMPROPERTIES_04  1055 999 1053 1024 1020 1035 1072 197 815 812 852 406 370 829 371 65 649 82 648 60 651 61 650 287 7
#ZOMPROPERTIES_04 81 295 783 288 784 294 785 465 786 782 565 780 787 564 567 566 950 989 969 983 960 982 970 985 957 9
#ZOMPROPERTIES_04 86 954 988 971 984 980 958 952 981 968 987 951 976 955 959 979 962 974 965 973 953 990 978 967 956 9
#ZOMPROPERTIES_04 77 964 975 966 961 972 963 1148 1187 1149 1185 1166 1179 1150 1153 1174 1157 1156 1178 1159 1186 115
#ZOMPROPERTIES_04 2 1182 1169 1181 1158 1180 1183 1155 1184 1170 1168 1172 1163 1173 1188 1176 1165 1154 1175 1171 115
#ZOMPROPERTIES_04 1 1177 1160 1162 1161 1167 1164 1189 1228 1190 1226 1207 1220 1191 1216 1206 1217 1195 1229 1212 119
#ZOMPROPERTIES_04 2 1213 1201 1194 1215 1198 1197 1219 1193 1227 1223 1210 1222 1199 1221 1224 1211 1209 1196 1225 120
#ZOMPROPERTIES_04 0 1218 1204 1214 1203 1202 1208 1205 909 948 910 946 927 940 911 914 935 918 917 939 920 947 913 943
#ZOMPROPERTIES_04  930 942 919 941 944 916 945 931 929 933 912 932 949 937 926 934 915 936 924 938 921 923 922 928 925
#ZOMPROPERTIES_04  271 279 276 290 464 324 7 466 467 168 291 286 28 62 83 71 73 70 30 32 628 534 630 535 632 538 645 5
#ZOMPROPERTIES_04 33 22 43 75 617 530 529 631 634 619 646 618 635 278 280 471 870 767 469 470 477 768 871 1101 1121 11
#ZOMPROPERTIES_04 27 1119 1128 1140 1106 1116 1107 1142 1104 1120 1111 1139 1130 1144 1108 1110 1146 1145 1103 1143 11
#ZOMPROPERTIES_04 29 1141 1100 1118 1125 1138 1105 1117 1147 1136 1137 1123 1132 1122 1135 1112 1131 1124 1134 1102 11
#ZOMPROPERTIES_04 14 1113 1133 1115 1109 1126 89 181 694 697 699 177 172 334 337 180 183 547 689 188 695 548 696 698 7
#ZOMPROPERTIES_04 00 186 187 190 691 178 184 185 179 164 176 336 170 688 544 687 182 690 545 692 693 339 670 173 543 1
#ZOMPROPERTIES_04 71 546 269 776 560 772 561 775 293 289 488 773 493 774 778 558 770 771 769 559 777 562 779 472 563 2
#ZOMPROPERTIES_04 81 277 20 627 84 626 641 615 31 616 74 63 72 55 152 64 42 36 642 38 991 1005 1095 1014 1018 1064 103
#ZOMPROPERTIES_04 2 1099 1063 1021 1074 1060 1058 1038 1042 1004 1044 992 1047 1006 1009 1010 1057 1067 1011 1023 1097
#ZOMPROPERTIES_04  1031 1028 995 1037 1056 1054 1029 1051 994 1050 993 997 1003 1077 1000 1086 1041 1083 1013 1089 104
#ZOMPROPERTIES_04 0 1081 1017 1091 1039 1079 1007 1093 1034 1065 1008 1066 1098 1061 1085 1096 1025 3 596 620 643 307 
#ZOMPROPERTIES_04 308 609 790 319 14 796 597 4 34 660 46 48 126 101 99 235 98 234 97 233 96 232 103 95 125 473 661 600
#ZOMPROPERTIES_04  880 760 865 594 5 869 761 878 599 134 273 492 15 17 10 797 791 611 644 621 601 476 76 78 633 532 63
#ZOMPROPERTIES_04 6 531 629 536 647 81 23 537 302 303 320 318 45 129 79 0 124 104 105 239 106 238 107 237 109 236 108 
#ZOMPROPERTIES_04 102 131 8 54 40 591 658 47 13 598 794 321 41 789 610 25 150 638 623 35 66 130 622 637 608 788 793 59
#ZOMPROPERTIES_04 2 526 656 654 151 748 718 120 746 719 744 720 92 740 442 721 741 122 655 142 657 525 881 762 866 602
#ZOMPROPERTIES_04  475 491 416 135 12 116 215 441 143 440 118 154 312 80 127 1 298 315 300 27 149 39 37 53 18 21 59 34
#ZOMPROPERTIES_04 2 112 296 373 352 353 447 85 52 119 231 144 230 145 229 146 228 147 117 132 443 345 313 424 380 162 
#ZOMPROPERTIES_04 165 311 309 128 93 113 243 225 201 226 88 227 100 94 90 735 199 750 206 707 121 653 685 115 338 662 
#ZOMPROPERTIES_04 160 156 686 801 391 826 433 856 195 858 219 223 417 217 418 218 419 255 330 857 827 803 394 800 681 
#ZOMPROPERTIES_04 343 161 175 664 682 200 158 652 86 706 552 684 91 738 141 245 737 139 244 736 716 138 242 734 439 71
#ZOMPROPERTIES_04 7 749 254 211 208 266 256 209 212 708 712 216 713 804 388 335 828 383 427 325 382 326 385 327 384 32
#ZOMPROPERTIES_04 8 393 220 710 333 198 363 247 252 205 253 210 728 207 264 222 332 258 221 331 259 214 263 257 213 32
#ZOMPROPERTIES_04 9 265 262 751 729 260 752 727 709 711 261 376 428 377 429 378 426 379 267 726 715 753 714 540 140 11
#ZOMPROPERTIES_04 0 825 855 355 663 554 754 356 248 241 755 249 240 756 359 250 757 251 420 758 665 742 551 203 202 45
#ZOMPROPERTIES_04 7 364 87 246 111 362 114 224 159 361 747 455 724 351 745 456 722 350 743 453 731 349 739 458 348 732
#ZOMPROPERTIES_04  733 730 723 725 550 123 438 396 436 375 431 555 360 157 148 683 553 539 450 454 } } Tile_1_0 CSubMe
#ZOMPROPERTIES_04 shGroup {Children table {} BBoxUV box3d 0 0 0 0 0 0 BBox3D box3d 0 0 0 0 0 0 Area3D double 0 AreaUV 
#ZOMPROPERTIES_04 double 0.631664 IsRoot bool false Properties table {Selected bool false Box box3d 1 2 0 1 0 1 U int 
#ZOMPROPERTIES_04 1 V int 0 NU int 0 NV int 0 Tiling vector3d 1 1 1 TileRatioMode string "1:1" Overflow string "Off" P
#ZOMPROPERTIES_04 ack table {BoxFrameEdit bool false Behavior string "Free" } } IsTile bool true PolyIDs ints { 425 81
#ZOMPROPERTIES_04 1 587 500 872 501 461 503 268 889 888 890 463 763 408 887 885 585 891 481 586 460 390 415 835 834 42
#ZOMPROPERTIES_04 3 435 357 840 839 411 844 402 842 841 409 845 410 365 204 398 407 397 400 414 366 817 575 795 444 81
#ZOMPROPERTIES_04 8 574 374 430 452 814 572 820 389 830 573 819 372 432 369 421 816 813 853 486 523 897 513 901 589 90
#ZOMPROPERTIES_04 2 903 900 515 521 520 508 511 512 886 497 518 522 514 516 498 496 898 446 509 499 892 893 899 506 51
#ZOMPROPERTIES_04 0 517 505 494 504 519 905 906 524 904 590 907 507 588 894 895 896 196 859 833 846 413 401 404 838 57
#ZOMPROPERTIES_04 8 392 847 580 843 579 577 837 836 9 485 340 344 367 192 193 368 155 292 153 16 77 33 459 354 705 704
#ZOMPROPERTIES_04  549 703 849 576 832 434 163 671 667 541 668 542 669 672 674 56 625 640 613 528 614 527 612 639 624 
#ZOMPROPERTIES_04 51 69 50 301 316 49 604 607 680 468 305 68 58 166 314 299 57 67 297 323 422 358 304 346 194 449 808 
#ZOMPROPERTIES_04 570 810 571 792 412 850 403 822 387 568 805 569 386 285 673 322 405 831 399 451 495 679 861 809 806 
#ZOMPROPERTIES_04 702 798 851 823 848 821 802 666 6 341 167 395 437 191 189 448 169 862 807 489 863 584 874 582 875 87
#ZOMPROPERTIES_04 6 877 581 873 347 381 284 868 557 764 484 766 282 270 272 275 478 605 867 556 310 603 606 678 765 19
#ZOMPROPERTIES_04  676 174 462 283 483 482 480 445 860 583 479 502 24 487 701 882 883 884 854 824 799 677 675 } } } BB
#ZOMPROPERTIES_04 oxUV box3d 0 0 0 0 0 0 BBox3D box3d 0 0 0 0 0 0 Area3D double 0 AreaUV double 0 IsRoot bool true Pro
#ZOMPROPERTIES_04 perties table {Selected bool false Box box3d 0 1 0 1 0 1 U int 0 V int 0 NU int 2 NV int 1 Tiling ve
#ZOMPROPERTIES_04 ctor3d 1 1 1 TileRatioMode string "1:1" Overflow string "Off" Pack table {Rotate table {Mode int 0 M
#ZOMPROPERTIES_04 in double 0 Max double 90 Step double 0 } PaddingSize double 0.0078125 MarginSize double 0.00390625 
#ZOMPROPERTIES_04 Resolution int 256 MapResolution int 2048 Scaling table {TexelDensity double 1024 Mode int 2 } Layou
#ZOMPROPERTIES_04 tScalingMode int 2 MaxMutations int 1 BoxFrameEdit bool false Behavior string "Free" } } IsTile bool
#ZOMPROPERTIES_04  false PolyIDs ints { } } Maps table {Density table {PrimType string "Polygon" Size int 1 DefaultVal
#ZOMPROPERTIES_04 ue double 1 ScaleType string "Log" MergeMode string "Average" MinValue double 0.1 MaxValue double 4 
#ZOMPROPERTIES_04 Data doubles { r 1230 1 } } Pin table {PrimType string "Vertex" Size int 1 DefaultValue double 0 Sca
#ZOMPROPERTIES_04 leType string "Normalized" MergeMode string "Max" MinValue double 0 MaxValue double 1 Data doubles {
#ZOMPROPERTIES_04  r 1637 0 } } Protect table {PrimType string "Vertex" Size int 1 DefaultValue double 0 ScaleType str
#ZOMPROPERTIES_04 ing "Normalized" MergeMode string "Average" MinValue double -1 MaxValue double 1 Data doubles { r 16
#ZOMPROPERTIES_04 37 0 } } } } }
#ZOMPROPERTIES_04}


#ZOMSCENE_01{
#ZOMSCENE_01 CScene {Settings table {AxisSystem table {UpVector string "y" } Unit string "cm" TexelDensityDisplay
#ZOMSCENE_01 Unit string "tx/cm" } }
#ZOMSCENE_01}

#begin 0 fatal error vertex (that RizomUV cannot handle)
#end 0 fatal error vertex (that RizomUV cannot handle)

#begin 0 error vertex
#end 0 error vertex
